"","location","age_group","forecast_date","target_end_date","horizon","type","quantile","value"
"1","DE","00+",2024-10-17,2024-10-20,1,"quantile",0.025,671106.474000701
"2","DE","00+",2024-10-17,2024-10-20,1,"quantile",0.1,1006987.92801345
"3","DE","00+",2024-10-17,2024-10-20,1,"quantile",0.25,1154631.86355693
"4","DE","00+",2024-10-17,2024-10-20,1,"quantile",0.5,1314564.07345062
"5","DE","00+",2024-10-17,2024-10-20,1,"quantile",0.75,1485990.10301266
"6","DE","00+",2024-10-17,2024-10-20,1,"quantile",0.9,1658571.64672235
"7","DE","00+",2024-10-17,2024-10-20,1,"quantile",0.975,1860896.64683668
"8","DE","00+",2024-10-17,2024-10-27,2,"quantile",0.025,577825.035936969
"9","DE","00+",2024-10-17,2024-10-27,2,"quantile",0.1,920116.833954497
"10","DE","00+",2024-10-17,2024-10-27,2,"quantile",0.25,1096986.61624466
"11","DE","00+",2024-10-17,2024-10-27,2,"quantile",0.5,1283059.86513133
"12","DE","00+",2024-10-17,2024-10-27,2,"quantile",0.75,1487617.84990029
"13","DE","00+",2024-10-17,2024-10-27,2,"quantile",0.9,1689774.25753524
"14","DE","00+",2024-10-17,2024-10-27,2,"quantile",0.975,1962337.63319229
"15","DE","00+",2024-10-17,2024-11-03,3,"quantile",0.025,584166.636811856
"16","DE","00+",2024-10-17,2024-11-03,3,"quantile",0.1,915452.911846105
"17","DE","00+",2024-10-17,2024-11-03,3,"quantile",0.25,1108986.99899708
"18","DE","00+",2024-10-17,2024-11-03,3,"quantile",0.5,1318641.38870103
"19","DE","00+",2024-10-17,2024-11-03,3,"quantile",0.75,1539067.4139522
"20","DE","00+",2024-10-17,2024-11-03,3,"quantile",0.9,1745218.16668199
"21","DE","00+",2024-10-17,2024-11-03,3,"quantile",0.975,2033934.34688888
"22","DE","00+",2024-10-17,2024-11-10,4,"quantile",0.025,602320.183734242
"23","DE","00+",2024-10-17,2024-11-10,4,"quantile",0.1,939383.951469299
"24","DE","00+",2024-10-17,2024-11-10,4,"quantile",0.25,1141581.27869216
"25","DE","00+",2024-10-17,2024-11-10,4,"quantile",0.5,1350802.53685186
"26","DE","00+",2024-10-17,2024-11-10,4,"quantile",0.75,1560432.13586971
"27","DE","00+",2024-10-17,2024-11-10,4,"quantile",0.9,1770859.7429573
"28","DE","00+",2024-10-17,2024-11-10,4,"quantile",0.975,2056776.33011813
"29","DE","00-04",2024-10-17,2024-10-20,1,"quantile",0.025,87310.3736884738
"30","DE","00-04",2024-10-17,2024-10-20,1,"quantile",0.1,122380.206092745
"31","DE","00-04",2024-10-17,2024-10-20,1,"quantile",0.25,143173.663391613
"32","DE","00-04",2024-10-17,2024-10-20,1,"quantile",0.5,169189.694931938
"33","DE","00-04",2024-10-17,2024-10-20,1,"quantile",0.75,200368.766874411
"34","DE","00-04",2024-10-17,2024-10-20,1,"quantile",0.9,230774.787168597
"35","DE","00-04",2024-10-17,2024-10-20,1,"quantile",0.975,269875.698626294
"36","DE","00-04",2024-10-17,2024-10-27,2,"quantile",0.025,84457.772914604
"37","DE","00-04",2024-10-17,2024-10-27,2,"quantile",0.1,124290.324435913
"38","DE","00-04",2024-10-17,2024-10-27,2,"quantile",0.25,147017.116348885
"39","DE","00-04",2024-10-17,2024-10-27,2,"quantile",0.5,173656.802635316
"40","DE","00-04",2024-10-17,2024-10-27,2,"quantile",0.75,204568.732603757
"41","DE","00-04",2024-10-17,2024-10-27,2,"quantile",0.9,240772.904314647
"42","DE","00-04",2024-10-17,2024-10-27,2,"quantile",0.975,287550.379076593
"43","DE","00-04",2024-10-17,2024-11-03,3,"quantile",0.025,81027.0194089009
"44","DE","00-04",2024-10-17,2024-11-03,3,"quantile",0.1,124056.125720414
"45","DE","00-04",2024-10-17,2024-11-03,3,"quantile",0.25,146564.194374053
"46","DE","00-04",2024-10-17,2024-11-03,3,"quantile",0.5,173815.14524675
"47","DE","00-04",2024-10-17,2024-11-03,3,"quantile",0.75,206452.004737232
"48","DE","00-04",2024-10-17,2024-11-03,3,"quantile",0.9,248231.918772425
"49","DE","00-04",2024-10-17,2024-11-03,3,"quantile",0.975,308695.00604189
"50","DE","00-04",2024-10-17,2024-11-10,4,"quantile",0.025,77621.6499559493
"51","DE","00-04",2024-10-17,2024-11-10,4,"quantile",0.1,127630.332645292
"52","DE","00-04",2024-10-17,2024-11-10,4,"quantile",0.25,152930.052512749
"53","DE","00-04",2024-10-17,2024-11-10,4,"quantile",0.5,181316.98149819
"54","DE","00-04",2024-10-17,2024-11-10,4,"quantile",0.75,214455.116342997
"55","DE","00-04",2024-10-17,2024-11-10,4,"quantile",0.9,249612.258309378
"56","DE","00-04",2024-10-17,2024-11-10,4,"quantile",0.975,320050.833000617
"57","DE","05-14",2024-10-17,2024-10-20,1,"quantile",0.025,60504.3211252722
"58","DE","05-14",2024-10-17,2024-10-20,1,"quantile",0.1,95545.9873803917
"59","DE","05-14",2024-10-17,2024-10-20,1,"quantile",0.25,116002.572354737
"60","DE","05-14",2024-10-17,2024-10-20,1,"quantile",0.5,142253.373601476
"61","DE","05-14",2024-10-17,2024-10-20,1,"quantile",0.75,175438.889260847
"62","DE","05-14",2024-10-17,2024-10-20,1,"quantile",0.9,205884.732050108
"63","DE","05-14",2024-10-17,2024-10-20,1,"quantile",0.975,246302.585756842
"64","DE","05-14",2024-10-17,2024-10-27,2,"quantile",0.025,57701.2184026454
"65","DE","05-14",2024-10-17,2024-10-27,2,"quantile",0.1,95274.406034896
"66","DE","05-14",2024-10-17,2024-10-27,2,"quantile",0.25,116541.229377386
"67","DE","05-14",2024-10-17,2024-10-27,2,"quantile",0.5,142140.157995585
"68","DE","05-14",2024-10-17,2024-10-27,2,"quantile",0.75,172660.866813568
"69","DE","05-14",2024-10-17,2024-10-27,2,"quantile",0.9,212689.945571732
"70","DE","05-14",2024-10-17,2024-10-27,2,"quantile",0.975,260627.719790971
"71","DE","05-14",2024-10-17,2024-11-03,3,"quantile",0.025,55652.1291283469
"72","DE","05-14",2024-10-17,2024-11-03,3,"quantile",0.1,94113.4048996199
"73","DE","05-14",2024-10-17,2024-11-03,3,"quantile",0.25,117071.958151981
"74","DE","05-14",2024-10-17,2024-11-03,3,"quantile",0.5,145081.953183933
"75","DE","05-14",2024-10-17,2024-11-03,3,"quantile",0.75,178695.28101241
"76","DE","05-14",2024-10-17,2024-11-03,3,"quantile",0.9,221985.515100191
"77","DE","05-14",2024-10-17,2024-11-03,3,"quantile",0.975,278989.078279058
"78","DE","05-14",2024-10-17,2024-11-10,4,"quantile",0.025,52357.5225190996
"79","DE","05-14",2024-10-17,2024-11-10,4,"quantile",0.1,95457.1422373448
"80","DE","05-14",2024-10-17,2024-11-10,4,"quantile",0.25,125439.218149202
"81","DE","05-14",2024-10-17,2024-11-10,4,"quantile",0.5,155711.67201614
"82","DE","05-14",2024-10-17,2024-11-10,4,"quantile",0.75,191523.592776776
"83","DE","05-14",2024-10-17,2024-11-10,4,"quantile",0.9,234112.551380988
"84","DE","05-14",2024-10-17,2024-11-10,4,"quantile",0.975,287133.177212472
"85","DE","15-34",2024-10-17,2024-10-20,1,"quantile",0.025,183562.186496143
"86","DE","15-34",2024-10-17,2024-10-20,1,"quantile",0.1,304113.694739823
"87","DE","15-34",2024-10-17,2024-10-20,1,"quantile",0.25,355356.201909372
"88","DE","15-34",2024-10-17,2024-10-20,1,"quantile",0.5,408228.994310413
"89","DE","15-34",2024-10-17,2024-10-20,1,"quantile",0.75,468737.97747117
"90","DE","15-34",2024-10-17,2024-10-20,1,"quantile",0.9,527834.466978591
"91","DE","15-34",2024-10-17,2024-10-20,1,"quantile",0.975,609540.329976347
"92","DE","15-34",2024-10-17,2024-10-27,2,"quantile",0.025,176546.6197519
"93","DE","15-34",2024-10-17,2024-10-27,2,"quantile",0.1,291019.598278451
"94","DE","15-34",2024-10-17,2024-10-27,2,"quantile",0.25,350864.162274431
"95","DE","15-34",2024-10-17,2024-10-27,2,"quantile",0.5,408865.681332661
"96","DE","15-34",2024-10-17,2024-10-27,2,"quantile",0.75,474744.398296042
"97","DE","15-34",2024-10-17,2024-10-27,2,"quantile",0.9,541077.28270617
"98","DE","15-34",2024-10-17,2024-10-27,2,"quantile",0.975,647681.479987832
"99","DE","15-34",2024-10-17,2024-11-03,3,"quantile",0.025,173203.579133495
"100","DE","15-34",2024-10-17,2024-11-03,3,"quantile",0.1,281503.789675433
"101","DE","15-34",2024-10-17,2024-11-03,3,"quantile",0.25,351642.042483154
"102","DE","15-34",2024-10-17,2024-11-03,3,"quantile",0.5,416054.44847862
"103","DE","15-34",2024-10-17,2024-11-03,3,"quantile",0.75,491539.639373958
"104","DE","15-34",2024-10-17,2024-11-03,3,"quantile",0.9,568101.459843718
"105","DE","15-34",2024-10-17,2024-11-03,3,"quantile",0.975,686826.512642495
"106","DE","15-34",2024-10-17,2024-11-10,4,"quantile",0.025,164854.878527943
"107","DE","15-34",2024-10-17,2024-11-10,4,"quantile",0.1,286213.360476212
"108","DE","15-34",2024-10-17,2024-11-10,4,"quantile",0.25,354418.49047223
"109","DE","15-34",2024-10-17,2024-11-10,4,"quantile",0.5,428037.101060235
"110","DE","15-34",2024-10-17,2024-11-10,4,"quantile",0.75,508212.604123333
"111","DE","15-34",2024-10-17,2024-11-10,4,"quantile",0.9,590706.60052969
"112","DE","15-34",2024-10-17,2024-11-10,4,"quantile",0.975,714454.168835522
"113","DE","35-59",2024-10-17,2024-10-20,1,"quantile",0.025,214941.771049347
"114","DE","35-59",2024-10-17,2024-10-20,1,"quantile",0.1,372952.992487502
"115","DE","35-59",2024-10-17,2024-10-20,1,"quantile",0.25,435777.754452181
"116","DE","35-59",2024-10-17,2024-10-20,1,"quantile",0.5,498911.59685599
"117","DE","35-59",2024-10-17,2024-10-20,1,"quantile",0.75,566622.288287363
"118","DE","35-59",2024-10-17,2024-10-20,1,"quantile",0.9,637041.389669779
"119","DE","35-59",2024-10-17,2024-10-20,1,"quantile",0.975,723584.983496076
"120","DE","35-59",2024-10-17,2024-10-27,2,"quantile",0.025,213173.812669867
"121","DE","35-59",2024-10-17,2024-10-27,2,"quantile",0.1,360559.677179548
"122","DE","35-59",2024-10-17,2024-10-27,2,"quantile",0.25,436866.332184892
"123","DE","35-59",2024-10-17,2024-10-27,2,"quantile",0.5,506746.995679296
"124","DE","35-59",2024-10-17,2024-10-27,2,"quantile",0.75,583878.0418238
"125","DE","35-59",2024-10-17,2024-10-27,2,"quantile",0.9,665286.907593893
"126","DE","35-59",2024-10-17,2024-10-27,2,"quantile",0.975,787185.338283404
"127","DE","35-59",2024-10-17,2024-11-03,3,"quantile",0.025,211245.809462578
"128","DE","35-59",2024-10-17,2024-11-03,3,"quantile",0.1,349036.129114147
"129","DE","35-59",2024-10-17,2024-11-03,3,"quantile",0.25,435012.506665739
"130","DE","35-59",2024-10-17,2024-11-03,3,"quantile",0.5,518732.350150729
"131","DE","35-59",2024-10-17,2024-11-03,3,"quantile",0.75,607437.901898244
"132","DE","35-59",2024-10-17,2024-11-03,3,"quantile",0.9,698183.277134765
"133","DE","35-59",2024-10-17,2024-11-03,3,"quantile",0.975,844348.687314766
"134","DE","35-59",2024-10-17,2024-11-10,4,"quantile",0.025,206812.756629206
"135","DE","35-59",2024-10-17,2024-11-10,4,"quantile",0.1,354713.10352536
"136","DE","35-59",2024-10-17,2024-11-10,4,"quantile",0.25,438845.614894215
"137","DE","35-59",2024-10-17,2024-11-10,4,"quantile",0.5,534442.712361384
"138","DE","35-59",2024-10-17,2024-11-10,4,"quantile",0.75,630643.316174454
"139","DE","35-59",2024-10-17,2024-11-10,4,"quantile",0.9,739119.429466949
"140","DE","35-59",2024-10-17,2024-11-10,4,"quantile",0.975,885689.794730514
"141","DE","60+",2024-10-17,2024-10-20,1,"quantile",0.025,74487.8059182229
"142","DE","60+",2024-10-17,2024-10-20,1,"quantile",0.1,121587.79305481
"143","DE","60+",2024-10-17,2024-10-20,1,"quantile",0.25,146858.009353562
"144","DE","60+",2024-10-17,2024-10-20,1,"quantile",0.5,172354.937583752
"145","DE","60+",2024-10-17,2024-10-20,1,"quantile",0.75,200067.026640764
"146","DE","60+",2024-10-17,2024-10-20,1,"quantile",0.9,226939.931384699
"147","DE","60+",2024-10-17,2024-10-20,1,"quantile",0.975,260667.139707603
"148","DE","60+",2024-10-17,2024-10-27,2,"quantile",0.025,74448.804856434
"149","DE","60+",2024-10-17,2024-10-27,2,"quantile",0.1,118075.690710499
"150","DE","60+",2024-10-17,2024-10-27,2,"quantile",0.25,145414.970321153
"151","DE","60+",2024-10-17,2024-10-27,2,"quantile",0.5,172694.556240754
"152","DE","60+",2024-10-17,2024-10-27,2,"quantile",0.75,202954.99865546
"153","DE","60+",2024-10-17,2024-10-27,2,"quantile",0.9,235220.222314395
"154","DE","60+",2024-10-17,2024-10-27,2,"quantile",0.975,272288.903356777
"155","DE","60+",2024-10-17,2024-11-03,3,"quantile",0.025,74918.9949809502
"156","DE","60+",2024-10-17,2024-11-03,3,"quantile",0.1,116544.225623946
"157","DE","60+",2024-10-17,2024-11-03,3,"quantile",0.25,143948.655419323
"158","DE","60+",2024-10-17,2024-11-03,3,"quantile",0.5,175040.646503281
"159","DE","60+",2024-10-17,2024-11-03,3,"quantile",0.75,210383.512665829
"160","DE","60+",2024-10-17,2024-11-03,3,"quantile",0.9,247589.378277641
"161","DE","60+",2024-10-17,2024-11-03,3,"quantile",0.975,292899.633102874
"162","DE","60+",2024-10-17,2024-11-10,4,"quantile",0.025,72680.3239043251
"163","DE","60+",2024-10-17,2024-11-10,4,"quantile",0.1,115198.625223743
"164","DE","60+",2024-10-17,2024-11-10,4,"quantile",0.25,141778.575737894
"165","DE","60+",2024-10-17,2024-11-10,4,"quantile",0.5,179279.93346503
"166","DE","60+",2024-10-17,2024-11-10,4,"quantile",0.75,216392.172147367
"167","DE","60+",2024-10-17,2024-11-10,4,"quantile",0.9,256597.229376978
"168","DE","60+",2024-10-17,2024-11-10,4,"quantile",0.975,307130.607032994
"169","DE","00+",2024-10-24,2024-10-27,1,"quantile",0.025,825535.896115107
"170","DE","00+",2024-10-24,2024-10-27,1,"quantile",0.1,1143513.5453101
"171","DE","00+",2024-10-24,2024-10-27,1,"quantile",0.25,1289650.97757607
"172","DE","00+",2024-10-24,2024-10-27,1,"quantile",0.5,1445936.70358815
"173","DE","00+",2024-10-24,2024-10-27,1,"quantile",0.75,1611127.69982594
"174","DE","00+",2024-10-24,2024-10-27,1,"quantile",0.9,1774910.35965202
"175","DE","00+",2024-10-24,2024-10-27,1,"quantile",0.975,1974355.49795567
"176","DE","00+",2024-10-24,2024-11-03,2,"quantile",0.025,797447.876684869
"177","DE","00+",2024-10-24,2024-11-03,2,"quantile",0.1,1114328.17894213
"178","DE","00+",2024-10-24,2024-11-03,2,"quantile",0.25,1286022.21943267
"179","DE","00+",2024-10-24,2024-11-03,2,"quantile",0.5,1455087.05533058
"180","DE","00+",2024-10-24,2024-11-03,2,"quantile",0.75,1641299.50509941
"181","DE","00+",2024-10-24,2024-11-03,2,"quantile",0.9,1824487.76019714
"182","DE","00+",2024-10-24,2024-11-03,2,"quantile",0.975,2083025.67740694
"183","DE","00+",2024-10-24,2024-11-10,3,"quantile",0.025,721730.705744129
"184","DE","00+",2024-10-24,2024-11-10,3,"quantile",0.1,1051675.40349593
"185","DE","00+",2024-10-24,2024-11-10,3,"quantile",0.25,1273771.85134865
"186","DE","00+",2024-10-24,2024-11-10,3,"quantile",0.5,1470517.47581175
"187","DE","00+",2024-10-24,2024-11-10,3,"quantile",0.75,1678118.33385707
"188","DE","00+",2024-10-24,2024-11-10,3,"quantile",0.9,1890186.14561727
"189","DE","00+",2024-10-24,2024-11-10,3,"quantile",0.975,2183846.32917625
"190","DE","00+",2024-10-24,2024-11-17,4,"quantile",0.025,685905.084767382
"191","DE","00+",2024-10-24,2024-11-17,4,"quantile",0.1,1040345.78587503
"192","DE","00+",2024-10-24,2024-11-17,4,"quantile",0.25,1262878.14455415
"193","DE","00+",2024-10-24,2024-11-17,4,"quantile",0.5,1485417.66768929
"194","DE","00+",2024-10-24,2024-11-17,4,"quantile",0.75,1720833.95751022
"195","DE","00+",2024-10-24,2024-11-17,4,"quantile",0.9,1949567.48295908
"196","DE","00+",2024-10-24,2024-11-17,4,"quantile",0.975,2247461.56306013
"197","DE","00-04",2024-10-24,2024-10-27,1,"quantile",0.025,95802.3734665596
"198","DE","00-04",2024-10-24,2024-10-27,1,"quantile",0.1,137999.010697892
"199","DE","00-04",2024-10-24,2024-10-27,1,"quantile",0.25,162342.021191809
"200","DE","00-04",2024-10-24,2024-10-27,1,"quantile",0.5,191741.896948343
"201","DE","00-04",2024-10-24,2024-10-27,1,"quantile",0.75,225371.322143779
"202","DE","00-04",2024-10-24,2024-10-27,1,"quantile",0.9,260165.429490441
"203","DE","00-04",2024-10-24,2024-10-27,1,"quantile",0.975,300926.051701991
"204","DE","00-04",2024-10-24,2024-11-03,2,"quantile",0.025,93137.4579093256
"205","DE","00-04",2024-10-24,2024-11-03,2,"quantile",0.1,139773.137033869
"206","DE","00-04",2024-10-24,2024-11-03,2,"quantile",0.25,165671.251449662
"207","DE","00-04",2024-10-24,2024-11-03,2,"quantile",0.5,195691.619269305
"208","DE","00-04",2024-10-24,2024-11-03,2,"quantile",0.75,230249.968564426
"209","DE","00-04",2024-10-24,2024-11-03,2,"quantile",0.9,269809.077962409
"210","DE","00-04",2024-10-24,2024-11-03,2,"quantile",0.975,317542.925590712
"211","DE","00-04",2024-10-24,2024-11-10,3,"quantile",0.025,88402.7785836297
"212","DE","00-04",2024-10-24,2024-11-10,3,"quantile",0.1,141274.882349015
"213","DE","00-04",2024-10-24,2024-11-10,3,"quantile",0.25,168338.911015204
"214","DE","00-04",2024-10-24,2024-11-10,3,"quantile",0.5,201144.158817444
"215","DE","00-04",2024-10-24,2024-11-10,3,"quantile",0.75,237322.07103706
"216","DE","00-04",2024-10-24,2024-11-10,3,"quantile",0.9,276565.80308347
"217","DE","00-04",2024-10-24,2024-11-10,3,"quantile",0.975,332786.699117617
"218","DE","00-04",2024-10-24,2024-11-17,4,"quantile",0.025,86496.4783930942
"219","DE","00-04",2024-10-24,2024-11-17,4,"quantile",0.1,143358.808645746
"220","DE","00-04",2024-10-24,2024-11-17,4,"quantile",0.25,173838.54041043
"221","DE","00-04",2024-10-24,2024-11-17,4,"quantile",0.5,206414.389285628
"222","DE","00-04",2024-10-24,2024-11-17,4,"quantile",0.75,246051.626279688
"223","DE","00-04",2024-10-24,2024-11-17,4,"quantile",0.9,286792.344947054
"224","DE","00-04",2024-10-24,2024-11-17,4,"quantile",0.975,350632.777669939
"225","DE","05-14",2024-10-24,2024-10-27,1,"quantile",0.025,59834.9287301498
"226","DE","05-14",2024-10-24,2024-10-27,1,"quantile",0.1,97088.0970721447
"227","DE","05-14",2024-10-24,2024-10-27,1,"quantile",0.25,118223.362853928
"228","DE","05-14",2024-10-24,2024-10-27,1,"quantile",0.5,144433.03481163
"229","DE","05-14",2024-10-24,2024-10-27,1,"quantile",0.75,174494.226744385
"230","DE","05-14",2024-10-24,2024-10-27,1,"quantile",0.9,209423.727289112
"231","DE","05-14",2024-10-24,2024-10-27,1,"quantile",0.975,252186.725623298
"232","DE","05-14",2024-10-24,2024-11-03,2,"quantile",0.025,56952.6815806858
"233","DE","05-14",2024-10-24,2024-11-03,2,"quantile",0.1,95347.7224126679
"234","DE","05-14",2024-10-24,2024-11-03,2,"quantile",0.25,121426.419221851
"235","DE","05-14",2024-10-24,2024-11-03,2,"quantile",0.5,150098.199645751
"236","DE","05-14",2024-10-24,2024-11-03,2,"quantile",0.75,183090.240772159
"237","DE","05-14",2024-10-24,2024-11-03,2,"quantile",0.9,223793.79923712
"238","DE","05-14",2024-10-24,2024-11-03,2,"quantile",0.975,276175.208655436
"239","DE","05-14",2024-10-24,2024-11-10,3,"quantile",0.025,54481.7483298201
"240","DE","05-14",2024-10-24,2024-11-10,3,"quantile",0.1,94890.4278577236
"241","DE","05-14",2024-10-24,2024-11-10,3,"quantile",0.25,127018.910423582
"242","DE","05-14",2024-10-24,2024-11-10,3,"quantile",0.5,157808.618885716
"243","DE","05-14",2024-10-24,2024-11-10,3,"quantile",0.75,194009.74127008
"244","DE","05-14",2024-10-24,2024-11-10,3,"quantile",0.9,232419.913828012
"245","DE","05-14",2024-10-24,2024-11-10,3,"quantile",0.975,288967.640945097
"246","DE","05-14",2024-10-24,2024-11-17,4,"quantile",0.025,52356.1513672075
"247","DE","05-14",2024-10-24,2024-11-17,4,"quantile",0.1,95807.5723453864
"248","DE","05-14",2024-10-24,2024-11-17,4,"quantile",0.25,129359.309510074
"249","DE","05-14",2024-10-24,2024-11-17,4,"quantile",0.5,162246.512482602
"250","DE","05-14",2024-10-24,2024-11-17,4,"quantile",0.75,201350.115632667
"251","DE","05-14",2024-10-24,2024-11-17,4,"quantile",0.9,245066.425852323
"252","DE","05-14",2024-10-24,2024-11-17,4,"quantile",0.975,300371.720194469
"253","DE","15-34",2024-10-24,2024-10-27,1,"quantile",0.025,198391.12434064
"254","DE","15-34",2024-10-24,2024-10-27,1,"quantile",0.1,317107.352264808
"255","DE","15-34",2024-10-24,2024-10-27,1,"quantile",0.25,371869.998829287
"256","DE","15-34",2024-10-24,2024-10-27,1,"quantile",0.5,426694.739918651
"257","DE","15-34",2024-10-24,2024-10-27,1,"quantile",0.75,490056.67315527
"258","DE","15-34",2024-10-24,2024-10-27,1,"quantile",0.9,555468.065361897
"259","DE","15-34",2024-10-24,2024-10-27,1,"quantile",0.975,642450.452908949
"260","DE","15-34",2024-10-24,2024-11-03,2,"quantile",0.025,191452.377494622
"261","DE","15-34",2024-10-24,2024-11-03,2,"quantile",0.1,306251.747455806
"262","DE","15-34",2024-10-24,2024-11-03,2,"quantile",0.25,372546.584716874
"263","DE","15-34",2024-10-24,2024-11-03,2,"quantile",0.5,435340.051045772
"264","DE","15-34",2024-10-24,2024-11-03,2,"quantile",0.75,505507.49070697
"265","DE","15-34",2024-10-24,2024-11-03,2,"quantile",0.9,579329.091839882
"266","DE","15-34",2024-10-24,2024-11-03,2,"quantile",0.975,688791.9997093
"267","DE","15-34",2024-10-24,2024-11-10,3,"quantile",0.025,185601.246416422
"268","DE","15-34",2024-10-24,2024-11-10,3,"quantile",0.1,299694.019659373
"269","DE","15-34",2024-10-24,2024-11-10,3,"quantile",0.25,377550.969075454
"270","DE","15-34",2024-10-24,2024-11-10,3,"quantile",0.5,445723.148413495
"271","DE","15-34",2024-10-24,2024-11-10,3,"quantile",0.75,523507.249732785
"272","DE","15-34",2024-10-24,2024-11-10,3,"quantile",0.9,604171.973202049
"273","DE","15-34",2024-10-24,2024-11-10,3,"quantile",0.975,724670.285605721
"274","DE","15-34",2024-10-24,2024-11-17,4,"quantile",0.025,178973.693898842
"275","DE","15-34",2024-10-24,2024-11-17,4,"quantile",0.1,301080.150451655
"276","DE","15-34",2024-10-24,2024-11-17,4,"quantile",0.25,373520.181371594
"277","DE","15-34",2024-10-24,2024-11-17,4,"quantile",0.5,454962.318552182
"278","DE","15-34",2024-10-24,2024-11-17,4,"quantile",0.75,542566.492023938
"279","DE","15-34",2024-10-24,2024-11-17,4,"quantile",0.9,635556.586103724
"280","DE","15-34",2024-10-24,2024-11-17,4,"quantile",0.975,757867.73890533
"281","DE","35-59",2024-10-24,2024-10-27,1,"quantile",0.025,233509.779439249
"282","DE","35-59",2024-10-24,2024-10-27,1,"quantile",0.1,383312.806698192
"283","DE","35-59",2024-10-24,2024-10-27,1,"quantile",0.25,453723.55475212
"284","DE","35-59",2024-10-24,2024-10-27,1,"quantile",0.5,520514.432499108
"285","DE","35-59",2024-10-24,2024-10-27,1,"quantile",0.75,598538.305715225
"286","DE","35-59",2024-10-24,2024-10-27,1,"quantile",0.9,678667.208063987
"287","DE","35-59",2024-10-24,2024-10-27,1,"quantile",0.975,777802.473442601
"288","DE","35-59",2024-10-24,2024-11-03,2,"quantile",0.025,231939.488871088
"289","DE","35-59",2024-10-24,2024-11-03,2,"quantile",0.1,378607.646059839
"290","DE","35-59",2024-10-24,2024-11-03,2,"quantile",0.25,460548.041363973
"291","DE","35-59",2024-10-24,2024-11-03,2,"quantile",0.5,534933.356425234
"292","DE","35-59",2024-10-24,2024-11-03,2,"quantile",0.75,619687.673832323
"293","DE","35-59",2024-10-24,2024-11-03,2,"quantile",0.9,710574.559399606
"294","DE","35-59",2024-10-24,2024-11-03,2,"quantile",0.975,841810.474465189
"295","DE","35-59",2024-10-24,2024-11-10,3,"quantile",0.025,225992.632204415
"296","DE","35-59",2024-10-24,2024-11-10,3,"quantile",0.1,368130.49493879
"297","DE","35-59",2024-10-24,2024-11-10,3,"quantile",0.25,463045.265190657
"298","DE","35-59",2024-10-24,2024-11-10,3,"quantile",0.5,553138.59247441
"299","DE","35-59",2024-10-24,2024-11-10,3,"quantile",0.75,646160.014784343
"300","DE","35-59",2024-10-24,2024-11-10,3,"quantile",0.9,747946.258726622
"301","DE","35-59",2024-10-24,2024-11-10,3,"quantile",0.975,894061.146522093
"302","DE","35-59",2024-10-24,2024-11-17,4,"quantile",0.025,224464.397498801
"303","DE","35-59",2024-10-24,2024-11-17,4,"quantile",0.1,367905.756856646
"304","DE","35-59",2024-10-24,2024-11-17,4,"quantile",0.25,461998.894367214
"305","DE","35-59",2024-10-24,2024-11-17,4,"quantile",0.5,562310.995839365
"306","DE","35-59",2024-10-24,2024-11-17,4,"quantile",0.75,675856.804008948
"307","DE","35-59",2024-10-24,2024-11-17,4,"quantile",0.9,792885.273574163
"308","DE","35-59",2024-10-24,2024-11-17,4,"quantile",0.975,942057.964091547
"309","DE","60+",2024-10-24,2024-10-27,1,"quantile",0.025,79749.274080901
"310","DE","60+",2024-10-24,2024-10-27,1,"quantile",0.1,127136.054002425
"311","DE","60+",2024-10-24,2024-10-27,1,"quantile",0.25,152534.572406747
"312","DE","60+",2024-10-24,2024-10-27,1,"quantile",0.5,178983.851776
"313","DE","60+",2024-10-24,2024-10-27,1,"quantile",0.75,209168.096928863
"314","DE","60+",2024-10-24,2024-10-27,1,"quantile",0.9,241642.582508548
"315","DE","60+",2024-10-24,2024-10-27,1,"quantile",0.975,281882.168796541
"316","DE","60+",2024-10-24,2024-11-03,2,"quantile",0.025,80031.4947233017
"317","DE","60+",2024-10-24,2024-11-03,2,"quantile",0.1,123414.100846551
"318","DE","60+",2024-10-24,2024-11-03,2,"quantile",0.25,153027.87402574
"319","DE","60+",2024-10-24,2024-11-03,2,"quantile",0.5,182319.820559126
"320","DE","60+",2024-10-24,2024-11-03,2,"quantile",0.75,216563.687590733
"321","DE","60+",2024-10-24,2024-11-03,2,"quantile",0.9,253538.098162239
"322","DE","60+",2024-10-24,2024-11-03,2,"quantile",0.975,296438.787726668
"323","DE","60+",2024-10-24,2024-11-10,3,"quantile",0.025,78950.7188586059
"324","DE","60+",2024-10-24,2024-11-10,3,"quantile",0.1,123416.585785506
"325","DE","60+",2024-10-24,2024-11-10,3,"quantile",0.25,153745.304242776
"326","DE","60+",2024-10-24,2024-11-10,3,"quantile",0.5,188438.578823692
"327","DE","60+",2024-10-24,2024-11-10,3,"quantile",0.75,223815.036311939
"328","DE","60+",2024-10-24,2024-11-10,3,"quantile",0.9,261980.062176964
"329","DE","60+",2024-10-24,2024-11-10,3,"quantile",0.975,311363.723004425
"330","DE","60+",2024-10-24,2024-11-17,4,"quantile",0.025,78235.2909462368
"331","DE","60+",2024-10-24,2024-11-17,4,"quantile",0.1,123443.247005789
"332","DE","60+",2024-10-24,2024-11-17,4,"quantile",0.25,152355.470676175
"333","DE","60+",2024-10-24,2024-11-17,4,"quantile",0.5,189969.45231239
"334","DE","60+",2024-10-24,2024-11-17,4,"quantile",0.75,229510.574411612
"335","DE","60+",2024-10-24,2024-11-17,4,"quantile",0.9,275003.869986229
"336","DE","60+",2024-10-24,2024-11-17,4,"quantile",0.975,335370.120781358
"337","DE","00+",2024-10-31,2024-11-03,1,"quantile",0.025,794729.757242894
"338","DE","00+",2024-10-31,2024-11-03,1,"quantile",0.1,1080074.02723573
"339","DE","00+",2024-10-31,2024-11-03,1,"quantile",0.25,1210973.82206365
"340","DE","00+",2024-10-31,2024-11-03,1,"quantile",0.5,1356187.56934566
"341","DE","00+",2024-10-31,2024-11-03,1,"quantile",0.75,1506531.675167
"342","DE","00+",2024-10-31,2024-11-03,1,"quantile",0.9,1652699.15047482
"343","DE","00+",2024-10-31,2024-11-03,1,"quantile",0.975,1846170.77957142
"344","DE","00+",2024-10-31,2024-11-10,2,"quantile",0.025,768548.222863667
"345","DE","00+",2024-10-31,2024-11-10,2,"quantile",0.1,1066660.36170559
"346","DE","00+",2024-10-31,2024-11-10,2,"quantile",0.25,1230002.38188186
"347","DE","00+",2024-10-31,2024-11-10,2,"quantile",0.5,1392417.16160157
"348","DE","00+",2024-10-31,2024-11-10,2,"quantile",0.75,1556664.31446007
"349","DE","00+",2024-10-31,2024-11-10,2,"quantile",0.9,1720011.61277814
"350","DE","00+",2024-10-31,2024-11-10,2,"quantile",0.975,1944556.27495655
"351","DE","00+",2024-10-31,2024-11-17,3,"quantile",0.025,705326.088224638
"352","DE","00+",2024-10-31,2024-11-17,3,"quantile",0.1,1015323.21679189
"353","DE","00+",2024-10-31,2024-11-17,3,"quantile",0.25,1218015.09114232
"354","DE","00+",2024-10-31,2024-11-17,3,"quantile",0.5,1399487.67654659
"355","DE","00+",2024-10-31,2024-11-17,3,"quantile",0.75,1597425.06096729
"356","DE","00+",2024-10-31,2024-11-17,3,"quantile",0.9,1789421.32995236
"357","DE","00+",2024-10-31,2024-11-17,3,"quantile",0.975,2061036.95485785
"358","DE","00+",2024-10-31,2024-11-24,4,"quantile",0.025,645311.879881415
"359","DE","00+",2024-10-31,2024-11-24,4,"quantile",0.1,988886.71378211
"360","DE","00+",2024-10-31,2024-11-24,4,"quantile",0.25,1200166.41334677
"361","DE","00+",2024-10-31,2024-11-24,4,"quantile",0.5,1443064.81105104
"362","DE","00+",2024-10-31,2024-11-24,4,"quantile",0.75,1662939.78846951
"363","DE","00+",2024-10-31,2024-11-24,4,"quantile",0.9,1873806.54244091
"364","DE","00+",2024-10-31,2024-11-24,4,"quantile",0.975,2121279.25055754
"365","DE","00-04",2024-10-31,2024-11-03,1,"quantile",0.025,86956.247174157
"366","DE","00-04",2024-10-31,2024-11-03,1,"quantile",0.1,120294.75461448
"367","DE","00-04",2024-10-31,2024-11-03,1,"quantile",0.25,145656.693869049
"368","DE","00-04",2024-10-31,2024-11-03,1,"quantile",0.5,174766.152120089
"369","DE","00-04",2024-10-31,2024-11-03,1,"quantile",0.75,207706.236877697
"370","DE","00-04",2024-10-31,2024-11-03,1,"quantile",0.9,241183.967729604
"371","DE","00-04",2024-10-31,2024-11-03,1,"quantile",0.975,280941.397296522
"372","DE","00-04",2024-10-31,2024-11-10,2,"quantile",0.025,83438.3284416685
"373","DE","00-04",2024-10-31,2024-11-10,2,"quantile",0.1,126002.529546329
"374","DE","00-04",2024-10-31,2024-11-10,2,"quantile",0.25,151959.220687369
"375","DE","00-04",2024-10-31,2024-11-10,2,"quantile",0.5,180988.483061381
"376","DE","00-04",2024-10-31,2024-11-10,2,"quantile",0.75,213493.046352059
"377","DE","00-04",2024-10-31,2024-11-10,2,"quantile",0.9,250664.31259498
"378","DE","00-04",2024-10-31,2024-11-10,2,"quantile",0.975,294298.483735759
"379","DE","00-04",2024-10-31,2024-11-17,3,"quantile",0.025,79221.0178439501
"380","DE","00-04",2024-10-31,2024-11-17,3,"quantile",0.1,127140.710868675
"381","DE","00-04",2024-10-31,2024-11-17,3,"quantile",0.25,155529.016567228
"382","DE","00-04",2024-10-31,2024-11-17,3,"quantile",0.5,187278.198539704
"383","DE","00-04",2024-10-31,2024-11-17,3,"quantile",0.75,223086.1186499
"384","DE","00-04",2024-10-31,2024-11-17,3,"quantile",0.9,260091.191910459
"385","DE","00-04",2024-10-31,2024-11-17,3,"quantile",0.975,314915.538275413
"386","DE","00-04",2024-10-31,2024-11-24,4,"quantile",0.025,76800.4081980092
"387","DE","00-04",2024-10-31,2024-11-24,4,"quantile",0.1,128688.673333573
"388","DE","00-04",2024-10-31,2024-11-24,4,"quantile",0.25,162720.63703298
"389","DE","00-04",2024-10-31,2024-11-24,4,"quantile",0.5,197329.299000405
"390","DE","00-04",2024-10-31,2024-11-24,4,"quantile",0.75,234183.164864918
"391","DE","00-04",2024-10-31,2024-11-24,4,"quantile",0.9,272028.926458572
"392","DE","00-04",2024-10-31,2024-11-24,4,"quantile",0.975,331885.229578217
"393","DE","05-14",2024-10-31,2024-11-03,1,"quantile",0.025,52999.4888709154
"394","DE","05-14",2024-10-31,2024-11-03,1,"quantile",0.1,87790.7192816203
"395","DE","05-14",2024-10-31,2024-11-03,1,"quantile",0.25,110585.006495287
"396","DE","05-14",2024-10-31,2024-11-03,1,"quantile",0.5,136038.338746652
"397","DE","05-14",2024-10-31,2024-11-03,1,"quantile",0.75,164879.212894515
"398","DE","05-14",2024-10-31,2024-11-03,1,"quantile",0.9,195718.703127261
"399","DE","05-14",2024-10-31,2024-11-03,1,"quantile",0.975,237264.233840469
"400","DE","05-14",2024-10-31,2024-11-10,2,"quantile",0.025,50320.6457146345
"401","DE","05-14",2024-10-31,2024-11-10,2,"quantile",0.1,90173.9919749165
"402","DE","05-14",2024-10-31,2024-11-10,2,"quantile",0.25,116110.837279134
"403","DE","05-14",2024-10-31,2024-11-10,2,"quantile",0.5,143741.00430264
"404","DE","05-14",2024-10-31,2024-11-10,2,"quantile",0.75,175164.770082844
"405","DE","05-14",2024-10-31,2024-11-10,2,"quantile",0.9,209089.396323984
"406","DE","05-14",2024-10-31,2024-11-10,2,"quantile",0.975,255305.472067467
"407","DE","05-14",2024-10-31,2024-11-17,3,"quantile",0.025,48465.8049615225
"408","DE","05-14",2024-10-31,2024-11-17,3,"quantile",0.1,88763.4057857496
"409","DE","05-14",2024-10-31,2024-11-17,3,"quantile",0.25,116845.944659882
"410","DE","05-14",2024-10-31,2024-11-17,3,"quantile",0.5,148342.558507128
"411","DE","05-14",2024-10-31,2024-11-17,3,"quantile",0.75,183466.601411535
"412","DE","05-14",2024-10-31,2024-11-17,3,"quantile",0.9,221779.866281323
"413","DE","05-14",2024-10-31,2024-11-17,3,"quantile",0.975,272005.657250634
"414","DE","05-14",2024-10-31,2024-11-24,4,"quantile",0.025,46054.6790954111
"415","DE","05-14",2024-10-31,2024-11-24,4,"quantile",0.1,89586.2745448429
"416","DE","05-14",2024-10-31,2024-11-24,4,"quantile",0.25,124032.466171177
"417","DE","05-14",2024-10-31,2024-11-24,4,"quantile",0.5,161063.024584614
"418","DE","05-14",2024-10-31,2024-11-24,4,"quantile",0.75,198144.793868233
"419","DE","05-14",2024-10-31,2024-11-24,4,"quantile",0.9,238414.439696209
"420","DE","05-14",2024-10-31,2024-11-24,4,"quantile",0.975,289348.310788567
"421","DE","15-34",2024-10-31,2024-11-03,1,"quantile",0.025,178505.19949394
"422","DE","15-34",2024-10-31,2024-11-03,1,"quantile",0.1,284638.480780888
"423","DE","15-34",2024-10-31,2024-11-03,1,"quantile",0.25,335390.583386496
"424","DE","15-34",2024-10-31,2024-11-03,1,"quantile",0.5,389219.039406751
"425","DE","15-34",2024-10-31,2024-11-03,1,"quantile",0.75,445880.840400599
"426","DE","15-34",2024-10-31,2024-11-03,1,"quantile",0.9,504078.001983159
"427","DE","15-34",2024-10-31,2024-11-03,1,"quantile",0.975,582368.563350475
"428","DE","15-34",2024-10-31,2024-11-10,2,"quantile",0.025,169820.737280467
"429","DE","15-34",2024-10-31,2024-11-10,2,"quantile",0.1,276813.255482523
"430","DE","15-34",2024-10-31,2024-11-10,2,"quantile",0.25,344177.795462787
"431","DE","15-34",2024-10-31,2024-11-10,2,"quantile",0.5,400980.188995613
"432","DE","15-34",2024-10-31,2024-11-10,2,"quantile",0.75,464367.033390228
"433","DE","15-34",2024-10-31,2024-11-10,2,"quantile",0.9,531569.237928044
"434","DE","15-34",2024-10-31,2024-11-10,2,"quantile",0.975,625863.481361435
"435","DE","15-34",2024-10-31,2024-11-17,3,"quantile",0.025,164667.362371872
"436","DE","15-34",2024-10-31,2024-11-17,3,"quantile",0.1,273688.907078101
"437","DE","15-34",2024-10-31,2024-11-17,3,"quantile",0.25,341174.829916287
"438","DE","15-34",2024-10-31,2024-11-17,3,"quantile",0.5,405219.398389708
"439","DE","15-34",2024-10-31,2024-11-17,3,"quantile",0.75,476544.579227731
"440","DE","15-34",2024-10-31,2024-11-17,3,"quantile",0.9,550558.666877011
"441","DE","15-34",2024-10-31,2024-11-17,3,"quantile",0.975,662025.939687587
"442","DE","15-34",2024-10-31,2024-11-24,4,"quantile",0.025,157941.678779417
"443","DE","15-34",2024-10-31,2024-11-24,4,"quantile",0.1,273355.654333605
"444","DE","15-34",2024-10-31,2024-11-24,4,"quantile",0.25,354970.211087662
"445","DE","15-34",2024-10-31,2024-11-24,4,"quantile",0.5,430227.499120267
"446","DE","15-34",2024-10-31,2024-11-24,4,"quantile",0.75,508809.053494855
"447","DE","15-34",2024-10-31,2024-11-24,4,"quantile",0.9,592439.452809507
"448","DE","15-34",2024-10-31,2024-11-24,4,"quantile",0.975,697662.700063422
"449","DE","35-59",2024-10-31,2024-11-03,1,"quantile",0.025,211506.332395765
"450","DE","35-59",2024-10-31,2024-11-03,1,"quantile",0.1,347539.045741228
"451","DE","35-59",2024-10-31,2024-11-03,1,"quantile",0.25,414179.196768306
"452","DE","35-59",2024-10-31,2024-11-03,1,"quantile",0.5,475063.225424293
"453","DE","35-59",2024-10-31,2024-11-03,1,"quantile",0.75,541139.226129708
"454","DE","35-59",2024-10-31,2024-11-03,1,"quantile",0.9,608677.970090461
"455","DE","35-59",2024-10-31,2024-11-03,1,"quantile",0.975,701836.787904713
"456","DE","35-59",2024-10-31,2024-11-10,2,"quantile",0.025,208009.007501461
"457","DE","35-59",2024-10-31,2024-11-10,2,"quantile",0.1,341643.445406052
"458","DE","35-59",2024-10-31,2024-11-10,2,"quantile",0.25,421031.669326714
"459","DE","35-59",2024-10-31,2024-11-10,2,"quantile",0.5,494428.712369338
"460","DE","35-59",2024-10-31,2024-11-10,2,"quantile",0.75,569441.472025512
"461","DE","35-59",2024-10-31,2024-11-10,2,"quantile",0.9,646194.30498231
"462","DE","35-59",2024-10-31,2024-11-10,2,"quantile",0.975,760102.666207752
"463","DE","35-59",2024-10-31,2024-11-17,3,"quantile",0.025,204082.855342032
"464","DE","35-59",2024-10-31,2024-11-17,3,"quantile",0.1,337087.449410171
"465","DE","35-59",2024-10-31,2024-11-17,3,"quantile",0.25,421325.698048032
"466","DE","35-59",2024-10-31,2024-11-17,3,"quantile",0.5,499643.188769279
"467","DE","35-59",2024-10-31,2024-11-17,3,"quantile",0.75,588564.437857721
"468","DE","35-59",2024-10-31,2024-11-17,3,"quantile",0.9,692774.683771898
"469","DE","35-59",2024-10-31,2024-11-17,3,"quantile",0.975,826979.881971724
"470","DE","35-59",2024-10-31,2024-11-24,4,"quantile",0.025,201308.929073662
"471","DE","35-59",2024-10-31,2024-11-24,4,"quantile",0.1,339752.771532609
"472","DE","35-59",2024-10-31,2024-11-24,4,"quantile",0.25,430812.908838786
"473","DE","35-59",2024-10-31,2024-11-24,4,"quantile",0.5,538559.420249936
"474","DE","35-59",2024-10-31,2024-11-24,4,"quantile",0.75,639681.391127018
"475","DE","35-59",2024-10-31,2024-11-24,4,"quantile",0.9,746616.048371049
"476","DE","35-59",2024-10-31,2024-11-24,4,"quantile",0.975,875235.098823809
"477","DE","60+",2024-10-31,2024-11-03,1,"quantile",0.025,72527.0232457458
"478","DE","60+",2024-10-31,2024-11-03,1,"quantile",0.1,115842.400815789
"479","DE","60+",2024-10-31,2024-11-03,1,"quantile",0.25,139136.43674825
"480","DE","60+",2024-10-31,2024-11-03,1,"quantile",0.5,164702.198946819
"481","DE","60+",2024-10-31,2024-11-03,1,"quantile",0.75,192421.799713519
"482","DE","60+",2024-10-31,2024-11-03,1,"quantile",0.9,223456.627953943
"483","DE","60+",2024-10-31,2024-11-03,1,"quantile",0.975,264886.785792865
"484","DE","60+",2024-10-31,2024-11-10,2,"quantile",0.025,72162.3788334677
"485","DE","60+",2024-10-31,2024-11-10,2,"quantile",0.1,113167.826518323
"486","DE","60+",2024-10-31,2024-11-10,2,"quantile",0.25,139950.115756481
"487","DE","60+",2024-10-31,2024-11-10,2,"quantile",0.5,170108.600041784
"488","DE","60+",2024-10-31,2024-11-10,2,"quantile",0.75,200728.034783582
"489","DE","60+",2024-10-31,2024-11-10,2,"quantile",0.9,231430.181956493
"490","DE","60+",2024-10-31,2024-11-10,2,"quantile",0.975,275642.768545309
"491","DE","60+",2024-10-31,2024-11-17,3,"quantile",0.025,71697.6694076749
"492","DE","60+",2024-10-31,2024-11-17,3,"quantile",0.1,112522.864632976
"493","DE","60+",2024-10-31,2024-11-17,3,"quantile",0.25,138780.817467684
"494","DE","60+",2024-10-31,2024-11-17,3,"quantile",0.5,170932.994623964
"495","DE","60+",2024-10-31,2024-11-17,3,"quantile",0.75,205242.399131792
"496","DE","60+",2024-10-31,2024-11-17,3,"quantile",0.9,244771.012710189
"497","DE","60+",2024-10-31,2024-11-17,3,"quantile",0.975,293314.085068088
"498","DE","60+",2024-10-31,2024-11-24,4,"quantile",0.025,70827.2297547745
"499","DE","60+",2024-10-31,2024-11-24,4,"quantile",0.1,113318.685828965
"500","DE","60+",2024-10-31,2024-11-24,4,"quantile",0.25,142476.642503671
"501","DE","60+",2024-10-31,2024-11-24,4,"quantile",0.5,179168.603599484
"502","DE","60+",2024-10-31,2024-11-24,4,"quantile",0.75,217449.638697581
"503","DE","60+",2024-10-31,2024-11-24,4,"quantile",0.9,257417.09038047
"504","DE","60+",2024-10-31,2024-11-24,4,"quantile",0.975,313664.826702939
"505","DE","00+",2024-11-07,2024-11-10,1,"quantile",0.025,731013.741594129
"506","DE","00+",2024-11-07,2024-11-10,1,"quantile",0.1,945915.392052723
"507","DE","00+",2024-11-07,2024-11-10,1,"quantile",0.25,1069935.23651758
"508","DE","00+",2024-11-07,2024-11-10,1,"quantile",0.5,1198514.23574642
"509","DE","00+",2024-11-07,2024-11-10,1,"quantile",0.75,1339986.66796135
"510","DE","00+",2024-11-07,2024-11-10,1,"quantile",0.9,1476395.16061145
"511","DE","00+",2024-11-07,2024-11-10,1,"quantile",0.975,1638609.28720725
"512","DE","00+",2024-11-07,2024-11-17,2,"quantile",0.025,655487.156746409
"513","DE","00+",2024-11-07,2024-11-17,2,"quantile",0.1,900904.248414957
"514","DE","00+",2024-11-07,2024-11-17,2,"quantile",0.25,1052179.82858771
"515","DE","00+",2024-11-07,2024-11-17,2,"quantile",0.5,1226873.61681353
"516","DE","00+",2024-11-07,2024-11-17,2,"quantile",0.75,1393219.55631177
"517","DE","00+",2024-11-07,2024-11-17,2,"quantile",0.9,1551908.42891625
"518","DE","00+",2024-11-07,2024-11-17,2,"quantile",0.975,1761644.57139702
"519","DE","00+",2024-11-07,2024-11-24,3,"quantile",0.025,613299.263408402
"520","DE","00+",2024-11-07,2024-11-24,3,"quantile",0.1,883064.496700472
"521","DE","00+",2024-11-07,2024-11-24,3,"quantile",0.25,1068024.00758125
"522","DE","00+",2024-11-07,2024-11-24,3,"quantile",0.5,1250746.72540662
"523","DE","00+",2024-11-07,2024-11-24,3,"quantile",0.75,1440359.19652821
"524","DE","00+",2024-11-07,2024-11-24,3,"quantile",0.9,1632546.37751605
"525","DE","00+",2024-11-07,2024-11-24,3,"quantile",0.975,1842251.33053597
"526","DE","00+",2024-11-07,2024-12-01,4,"quantile",0.025,597552.542167166
"527","DE","00+",2024-11-07,2024-12-01,4,"quantile",0.1,890493.080506199
"528","DE","00+",2024-11-07,2024-12-01,4,"quantile",0.25,1067905.35164491
"529","DE","00+",2024-11-07,2024-12-01,4,"quantile",0.5,1279634.76997827
"530","DE","00+",2024-11-07,2024-12-01,4,"quantile",0.75,1503647.09163208
"531","DE","00+",2024-11-07,2024-12-01,4,"quantile",0.9,1710792.06377235
"532","DE","00+",2024-11-07,2024-12-01,4,"quantile",0.975,1943451.8821542
"533","DE","00-04",2024-11-07,2024-11-10,1,"quantile",0.025,75573.6283421557
"534","DE","00-04",2024-11-07,2024-11-10,1,"quantile",0.1,109157.745320782
"535","DE","00-04",2024-11-07,2024-11-10,1,"quantile",0.25,132926.532612464
"536","DE","00-04",2024-11-07,2024-11-10,1,"quantile",0.5,160373.269602697
"537","DE","00-04",2024-11-07,2024-11-10,1,"quantile",0.75,191700.626701213
"538","DE","00-04",2024-11-07,2024-11-10,1,"quantile",0.9,223225.066007612
"539","DE","00-04",2024-11-07,2024-11-10,1,"quantile",0.975,260785.149887125
"540","DE","00-04",2024-11-07,2024-11-17,2,"quantile",0.025,72730.5547064998
"541","DE","00-04",2024-11-07,2024-11-17,2,"quantile",0.1,111768.166437569
"542","DE","00-04",2024-11-07,2024-11-17,2,"quantile",0.25,135486.822488211
"543","DE","00-04",2024-11-07,2024-11-17,2,"quantile",0.5,166539.564906473
"544","DE","00-04",2024-11-07,2024-11-17,2,"quantile",0.75,201800.323797196
"545","DE","00-04",2024-11-07,2024-11-17,2,"quantile",0.9,236453.911530783
"546","DE","00-04",2024-11-07,2024-11-17,2,"quantile",0.975,278382.569550762
"547","DE","00-04",2024-11-07,2024-11-24,3,"quantile",0.025,67454.7280715457
"548","DE","00-04",2024-11-07,2024-11-24,3,"quantile",0.1,111587.365769505
"549","DE","00-04",2024-11-07,2024-11-24,3,"quantile",0.25,143553.885214726
"550","DE","00-04",2024-11-07,2024-11-24,3,"quantile",0.5,176564.259717656
"551","DE","00-04",2024-11-07,2024-11-24,3,"quantile",0.75,213551.610396222
"552","DE","00-04",2024-11-07,2024-11-24,3,"quantile",0.9,247164.498023066
"553","DE","00-04",2024-11-07,2024-11-24,3,"quantile",0.975,295093.964869845
"554","DE","00-04",2024-11-07,2024-12-01,4,"quantile",0.025,66445.4817414792
"555","DE","00-04",2024-11-07,2024-12-01,4,"quantile",0.1,112729.947358024
"556","DE","00-04",2024-11-07,2024-12-01,4,"quantile",0.25,140915.31311716
"557","DE","00-04",2024-11-07,2024-12-01,4,"quantile",0.5,177526.340045244
"558","DE","00-04",2024-11-07,2024-12-01,4,"quantile",0.75,221769.221799698
"559","DE","00-04",2024-11-07,2024-12-01,4,"quantile",0.9,259585.377882688
"560","DE","00-04",2024-11-07,2024-12-01,4,"quantile",0.975,317235.017521895
"561","DE","05-14",2024-11-07,2024-11-10,1,"quantile",0.025,44568.046606552
"562","DE","05-14",2024-11-07,2024-11-10,1,"quantile",0.1,77104.4049912743
"563","DE","05-14",2024-11-07,2024-11-10,1,"quantile",0.25,100492.648919395
"564","DE","05-14",2024-11-07,2024-11-10,1,"quantile",0.5,126167.807272648
"565","DE","05-14",2024-11-07,2024-11-10,1,"quantile",0.75,154535.346487929
"566","DE","05-14",2024-11-07,2024-11-10,1,"quantile",0.9,183830.992665822
"567","DE","05-14",2024-11-07,2024-11-10,1,"quantile",0.975,220822.978889033
"568","DE","05-14",2024-11-07,2024-11-17,2,"quantile",0.025,42456.9398412165
"569","DE","05-14",2024-11-07,2024-11-17,2,"quantile",0.1,76868.5222118375
"570","DE","05-14",2024-11-07,2024-11-17,2,"quantile",0.25,99888.5548730584
"571","DE","05-14",2024-11-07,2024-11-17,2,"quantile",0.5,132903.466098442
"572","DE","05-14",2024-11-07,2024-11-17,2,"quantile",0.75,165145.788423104
"573","DE","05-14",2024-11-07,2024-11-17,2,"quantile",0.9,200384.902978886
"574","DE","05-14",2024-11-07,2024-11-17,2,"quantile",0.975,241636.623060517
"575","DE","05-14",2024-11-07,2024-11-24,3,"quantile",0.025,40518.5504838312
"576","DE","05-14",2024-11-07,2024-11-24,3,"quantile",0.1,79547.6387840391
"577","DE","05-14",2024-11-07,2024-11-24,3,"quantile",0.25,109297.666333837
"578","DE","05-14",2024-11-07,2024-11-24,3,"quantile",0.5,142012.147804368
"579","DE","05-14",2024-11-07,2024-11-24,3,"quantile",0.75,175947.138268118
"580","DE","05-14",2024-11-07,2024-11-24,3,"quantile",0.9,215808.463864238
"581","DE","05-14",2024-11-07,2024-11-24,3,"quantile",0.975,261242.791381216
"582","DE","05-14",2024-11-07,2024-12-01,4,"quantile",0.025,38850.0347495909
"583","DE","05-14",2024-11-07,2024-12-01,4,"quantile",0.1,79900.0225853241
"584","DE","05-14",2024-11-07,2024-12-01,4,"quantile",0.25,109299.80936518
"585","DE","05-14",2024-11-07,2024-12-01,4,"quantile",0.5,146093.064591856
"586","DE","05-14",2024-11-07,2024-12-01,4,"quantile",0.75,185731.830116338
"587","DE","05-14",2024-11-07,2024-12-01,4,"quantile",0.9,232231.678339044
"588","DE","05-14",2024-11-07,2024-12-01,4,"quantile",0.975,286112.032228168
"589","DE","15-34",2024-11-07,2024-11-10,1,"quantile",0.025,151907.747616757
"590","DE","15-34",2024-11-07,2024-11-10,1,"quantile",0.1,230580.484857431
"591","DE","15-34",2024-11-07,2024-11-10,1,"quantile",0.25,275289.74588143
"592","DE","15-34",2024-11-07,2024-11-10,1,"quantile",0.5,323579.237502963
"593","DE","15-34",2024-11-07,2024-11-10,1,"quantile",0.75,375992.161317069
"594","DE","15-34",2024-11-07,2024-11-10,1,"quantile",0.9,433501.661102297
"595","DE","15-34",2024-11-07,2024-11-10,1,"quantile",0.975,499729.441608076
"596","DE","15-34",2024-11-07,2024-11-17,2,"quantile",0.025,145106.801346568
"597","DE","15-34",2024-11-07,2024-11-17,2,"quantile",0.1,227628.892229796
"598","DE","15-34",2024-11-07,2024-11-17,2,"quantile",0.25,278769.308956603
"599","DE","15-34",2024-11-07,2024-11-17,2,"quantile",0.5,337755.427243226
"600","DE","15-34",2024-11-07,2024-11-17,2,"quantile",0.75,395021.085950503
"601","DE","15-34",2024-11-07,2024-11-17,2,"quantile",0.9,455295.98798482
"602","DE","15-34",2024-11-07,2024-11-17,2,"quantile",0.975,533633.858632406
"603","DE","15-34",2024-11-07,2024-11-24,3,"quantile",0.025,139987.374425196
"604","DE","15-34",2024-11-07,2024-11-24,3,"quantile",0.1,233785.859601537
"605","DE","15-34",2024-11-07,2024-11-24,3,"quantile",0.25,292782.781581372
"606","DE","15-34",2024-11-07,2024-11-24,3,"quantile",0.5,352424.447104847
"607","DE","15-34",2024-11-07,2024-11-24,3,"quantile",0.75,415932.666501642
"608","DE","15-34",2024-11-07,2024-11-24,3,"quantile",0.9,491563.378031442
"609","DE","15-34",2024-11-07,2024-11-24,3,"quantile",0.975,577568.661628845
"610","DE","15-34",2024-11-07,2024-12-01,4,"quantile",0.025,135644.590514932
"611","DE","15-34",2024-11-07,2024-12-01,4,"quantile",0.1,237372.560843341
"612","DE","15-34",2024-11-07,2024-12-01,4,"quantile",0.25,296336.443365046
"613","DE","15-34",2024-11-07,2024-12-01,4,"quantile",0.5,362170.124451985
"614","DE","15-34",2024-11-07,2024-12-01,4,"quantile",0.75,434390.650829797
"615","DE","15-34",2024-11-07,2024-12-01,4,"quantile",0.9,518248.742445164
"616","DE","15-34",2024-11-07,2024-12-01,4,"quantile",0.975,623542.30275207
"617","DE","35-59",2024-11-07,2024-11-10,1,"quantile",0.025,181388.366594319
"618","DE","35-59",2024-11-07,2024-11-10,1,"quantile",0.1,289436.225410854
"619","DE","35-59",2024-11-07,2024-11-10,1,"quantile",0.25,340244.977865525
"620","DE","35-59",2024-11-07,2024-11-10,1,"quantile",0.5,394722.582327264
"621","DE","35-59",2024-11-07,2024-11-10,1,"quantile",0.75,453611.088497063
"622","DE","35-59",2024-11-07,2024-11-10,1,"quantile",0.9,524665.593594749
"623","DE","35-59",2024-11-07,2024-11-10,1,"quantile",0.975,607862.210580098
"624","DE","35-59",2024-11-07,2024-11-17,2,"quantile",0.025,177670.799137708
"625","DE","35-59",2024-11-07,2024-11-17,2,"quantile",0.1,275468.744860529
"626","DE","35-59",2024-11-07,2024-11-17,2,"quantile",0.25,336362.874762944
"627","DE","35-59",2024-11-07,2024-11-17,2,"quantile",0.5,405903.832992028
"628","DE","35-59",2024-11-07,2024-11-17,2,"quantile",0.75,478803.243971037
"629","DE","35-59",2024-11-07,2024-11-17,2,"quantile",0.9,548101.514335496
"630","DE","35-59",2024-11-07,2024-11-17,2,"quantile",0.975,638507.504404627
"631","DE","35-59",2024-11-07,2024-11-24,3,"quantile",0.025,173332.17693794
"632","DE","35-59",2024-11-07,2024-11-24,3,"quantile",0.1,281922.075406622
"633","DE","35-59",2024-11-07,2024-11-24,3,"quantile",0.25,349731.798055754
"634","DE","35-59",2024-11-07,2024-11-24,3,"quantile",0.5,430835.071064619
"635","DE","35-59",2024-11-07,2024-11-24,3,"quantile",0.75,518970.399958957
"636","DE","35-59",2024-11-07,2024-11-24,3,"quantile",0.9,601137.731043296
"637","DE","35-59",2024-11-07,2024-11-24,3,"quantile",0.975,706187.449835958
"638","DE","35-59",2024-11-07,2024-12-01,4,"quantile",0.025,173150.622947329
"639","DE","35-59",2024-11-07,2024-12-01,4,"quantile",0.1,289215.651755543
"640","DE","35-59",2024-11-07,2024-12-01,4,"quantile",0.25,358065.193218551
"641","DE","35-59",2024-11-07,2024-12-01,4,"quantile",0.5,455797.494310698
"642","DE","35-59",2024-11-07,2024-12-01,4,"quantile",0.75,552034.060785303
"643","DE","35-59",2024-11-07,2024-12-01,4,"quantile",0.9,649841.708674734
"644","DE","35-59",2024-11-07,2024-12-01,4,"quantile",0.975,772919.709557815
"645","DE","60+",2024-11-07,2024-11-10,1,"quantile",0.025,59337.8040252648
"646","DE","60+",2024-11-07,2024-11-10,1,"quantile",0.1,93221.9216609455
"647","DE","60+",2024-11-07,2024-11-10,1,"quantile",0.25,114274.472212159
"648","DE","60+",2024-11-07,2024-11-10,1,"quantile",0.5,137777.442556759
"649","DE","60+",2024-11-07,2024-11-10,1,"quantile",0.75,166928.583058499
"650","DE","60+",2024-11-07,2024-11-10,1,"quantile",0.9,195649.587511966
"651","DE","60+",2024-11-07,2024-11-10,1,"quantile",0.975,232915.095583264
"652","DE","60+",2024-11-07,2024-11-17,2,"quantile",0.025,59373.5647015729
"653","DE","60+",2024-11-07,2024-11-17,2,"quantile",0.1,90025.0075012089
"654","DE","60+",2024-11-07,2024-11-17,2,"quantile",0.25,111326.830185879
"655","DE","60+",2024-11-07,2024-11-17,2,"quantile",0.5,137622.180264272
"656","DE","60+",2024-11-07,2024-11-17,2,"quantile",0.75,169967.544878812
"657","DE","60+",2024-11-07,2024-11-17,2,"quantile",0.9,203906.957369461
"658","DE","60+",2024-11-07,2024-11-17,2,"quantile",0.975,245334.24564182
"659","DE","60+",2024-11-07,2024-11-24,3,"quantile",0.025,59082.7993257982
"660","DE","60+",2024-11-07,2024-11-24,3,"quantile",0.1,91313.7762380757
"661","DE","60+",2024-11-07,2024-11-24,3,"quantile",0.25,116698.586066932
"662","DE","60+",2024-11-07,2024-11-24,3,"quantile",0.5,148210.182391826
"663","DE","60+",2024-11-07,2024-11-24,3,"quantile",0.75,182373.0560915
"664","DE","60+",2024-11-07,2024-11-24,3,"quantile",0.9,217803.767770466
"665","DE","60+",2024-11-07,2024-11-24,3,"quantile",0.975,260377.94080033
"666","DE","60+",2024-11-07,2024-12-01,4,"quantile",0.025,58771.0682153038
"667","DE","60+",2024-11-07,2024-12-01,4,"quantile",0.1,93071.7551991552
"668","DE","60+",2024-11-07,2024-12-01,4,"quantile",0.25,120192.604058309
"669","DE","60+",2024-11-07,2024-12-01,4,"quantile",0.5,156549.62056515
"670","DE","60+",2024-11-07,2024-12-01,4,"quantile",0.75,195475.192971473
"671","DE","60+",2024-11-07,2024-12-01,4,"quantile",0.9,233879.314645797
"672","DE","60+",2024-11-07,2024-12-01,4,"quantile",0.975,283823.642463043
"673","DE","00+",2024-11-14,2024-11-17,1,"quantile",0.025,646517.728140177
"674","DE","00+",2024-11-14,2024-11-17,1,"quantile",0.1,937829.85697379
"675","DE","00+",2024-11-14,2024-11-17,1,"quantile",0.25,1080035.00926617
"676","DE","00+",2024-11-14,2024-11-17,1,"quantile",0.5,1248685.5253646
"677","DE","00+",2024-11-14,2024-11-17,1,"quantile",0.75,1425691.76987493
"678","DE","00+",2024-11-14,2024-11-17,1,"quantile",0.9,1600125.39198735
"679","DE","00+",2024-11-14,2024-11-17,1,"quantile",0.975,1808321.97912414
"680","DE","00+",2024-11-14,2024-11-24,2,"quantile",0.025,559626.510181605
"681","DE","00+",2024-11-14,2024-11-24,2,"quantile",0.1,891220.247580599
"682","DE","00+",2024-11-14,2024-11-24,2,"quantile",0.25,1100511.77579572
"683","DE","00+",2024-11-14,2024-11-24,2,"quantile",0.5,1313771.19613013
"684","DE","00+",2024-11-14,2024-11-24,2,"quantile",0.75,1529524.55131057
"685","DE","00+",2024-11-14,2024-11-24,2,"quantile",0.9,1723259.92857629
"686","DE","00+",2024-11-14,2024-11-24,2,"quantile",0.975,1954431.71336865
"687","DE","00+",2024-11-14,2024-12-01,3,"quantile",0.025,487824.554921452
"688","DE","00+",2024-11-14,2024-12-01,3,"quantile",0.1,848078.495850166
"689","DE","00+",2024-11-14,2024-12-01,3,"quantile",0.25,1090834.60960746
"690","DE","00+",2024-11-14,2024-12-01,3,"quantile",0.5,1356103.88227184
"691","DE","00+",2024-11-14,2024-12-01,3,"quantile",0.75,1604549.12798721
"692","DE","00+",2024-11-14,2024-12-01,3,"quantile",0.9,1830434.31296642
"693","DE","00+",2024-11-14,2024-12-01,3,"quantile",0.975,2093934.08228134
"694","DE","00+",2024-11-14,2024-12-08,4,"quantile",0.025,446290.304731242
"695","DE","00+",2024-11-14,2024-12-08,4,"quantile",0.1,833410.055344303
"696","DE","00+",2024-11-14,2024-12-08,4,"quantile",0.25,1100585.8069385
"697","DE","00+",2024-11-14,2024-12-08,4,"quantile",0.5,1425806.8207361
"698","DE","00+",2024-11-14,2024-12-08,4,"quantile",0.75,1713924.97593288
"699","DE","00+",2024-11-14,2024-12-08,4,"quantile",0.9,1982067.47543491
"700","DE","00+",2024-11-14,2024-12-08,4,"quantile",0.975,2290427.5344583
"701","DE","00-04",2024-11-14,2024-11-17,1,"quantile",0.025,75272.1464087582
"702","DE","00-04",2024-11-14,2024-11-17,1,"quantile",0.1,112013.549243795
"703","DE","00-04",2024-11-14,2024-11-17,1,"quantile",0.25,137648.398811453
"704","DE","00-04",2024-11-14,2024-11-17,1,"quantile",0.5,165438.92554931
"705","DE","00-04",2024-11-14,2024-11-17,1,"quantile",0.75,197082.031830773
"706","DE","00-04",2024-11-14,2024-11-17,1,"quantile",0.9,228191.637689623
"707","DE","00-04",2024-11-14,2024-11-17,1,"quantile",0.975,268244.148299294
"708","DE","00-04",2024-11-14,2024-11-24,2,"quantile",0.025,71798.8061857365
"709","DE","00-04",2024-11-14,2024-11-24,2,"quantile",0.1,113708.196332709
"710","DE","00-04",2024-11-14,2024-11-24,2,"quantile",0.25,143205.822665842
"711","DE","00-04",2024-11-14,2024-11-24,2,"quantile",0.5,175165.630488369
"712","DE","00-04",2024-11-14,2024-11-24,2,"quantile",0.75,209927.673977117
"713","DE","00-04",2024-11-14,2024-11-24,2,"quantile",0.9,242563.657563552
"714","DE","00-04",2024-11-14,2024-11-24,2,"quantile",0.975,281941.258676366
"715","DE","00-04",2024-11-14,2024-12-01,3,"quantile",0.025,67166.9877594353
"716","DE","00-04",2024-11-14,2024-12-01,3,"quantile",0.1,114712.617814369
"717","DE","00-04",2024-11-14,2024-12-01,3,"quantile",0.25,144919.464368166
"718","DE","00-04",2024-11-14,2024-12-01,3,"quantile",0.5,178648.826788078
"719","DE","00-04",2024-11-14,2024-12-01,3,"quantile",0.75,219125.721843943
"720","DE","00-04",2024-11-14,2024-12-01,3,"quantile",0.9,256278.419167633
"721","DE","00-04",2024-11-14,2024-12-01,3,"quantile",0.975,303551.118582487
"722","DE","00-04",2024-11-14,2024-12-08,4,"quantile",0.025,66816.3714878783
"723","DE","00-04",2024-11-14,2024-12-08,4,"quantile",0.1,119714.887726573
"724","DE","00-04",2024-11-14,2024-12-08,4,"quantile",0.25,152377.26145468
"725","DE","00-04",2024-11-14,2024-12-08,4,"quantile",0.5,189008.75480427
"726","DE","00-04",2024-11-14,2024-12-08,4,"quantile",0.75,232898.073129356
"727","DE","00-04",2024-11-14,2024-12-08,4,"quantile",0.9,271718.193675592
"728","DE","00-04",2024-11-14,2024-12-08,4,"quantile",0.975,328326.920708417
"729","DE","05-14",2024-11-14,2024-11-17,1,"quantile",0.025,48600.3492794555
"730","DE","05-14",2024-11-14,2024-11-17,1,"quantile",0.1,86701.7845176164
"731","DE","05-14",2024-11-14,2024-11-17,1,"quantile",0.25,108407.818325751
"732","DE","05-14",2024-11-14,2024-11-17,1,"quantile",0.5,133163.562342384
"733","DE","05-14",2024-11-14,2024-11-17,1,"quantile",0.75,165886.057286162
"734","DE","05-14",2024-11-14,2024-11-17,1,"quantile",0.9,198988.627582313
"735","DE","05-14",2024-11-14,2024-11-17,1,"quantile",0.975,239251.747247705
"736","DE","05-14",2024-11-14,2024-11-24,2,"quantile",0.025,45818.0197820872
"737","DE","05-14",2024-11-14,2024-11-24,2,"quantile",0.1,85294.7920869412
"738","DE","05-14",2024-11-14,2024-11-24,2,"quantile",0.25,117524.707427754
"739","DE","05-14",2024-11-14,2024-11-24,2,"quantile",0.5,149905.618420328
"740","DE","05-14",2024-11-14,2024-11-24,2,"quantile",0.75,181744.206992536
"741","DE","05-14",2024-11-14,2024-11-24,2,"quantile",0.9,215394.626093226
"742","DE","05-14",2024-11-14,2024-11-24,2,"quantile",0.975,258599.886543964
"743","DE","05-14",2024-11-14,2024-12-01,3,"quantile",0.025,44393.4957220702
"744","DE","05-14",2024-11-14,2024-12-01,3,"quantile",0.1,86211.0244649717
"745","DE","05-14",2024-11-14,2024-12-01,3,"quantile",0.25,117549.050013093
"746","DE","05-14",2024-11-14,2024-12-01,3,"quantile",0.5,153858.147747775
"747","DE","05-14",2024-11-14,2024-12-01,3,"quantile",0.75,193185.158026883
"748","DE","05-14",2024-11-14,2024-12-01,3,"quantile",0.9,237354.908808805
"749","DE","05-14",2024-11-14,2024-12-01,3,"quantile",0.975,288864.670966309
"750","DE","05-14",2024-11-14,2024-12-08,4,"quantile",0.025,43243.5266068331
"751","DE","05-14",2024-11-14,2024-12-08,4,"quantile",0.1,90536.4112750734
"752","DE","05-14",2024-11-14,2024-12-08,4,"quantile",0.25,125447.46337757
"753","DE","05-14",2024-11-14,2024-12-08,4,"quantile",0.5,166921.130357028
"754","DE","05-14",2024-11-14,2024-12-08,4,"quantile",0.75,214184.891594162
"755","DE","05-14",2024-11-14,2024-12-08,4,"quantile",0.9,259794.383239405
"756","DE","05-14",2024-11-14,2024-12-08,4,"quantile",0.975,318594.889287357
"757","DE","15-34",2024-11-14,2024-11-17,1,"quantile",0.025,158849.503104206
"758","DE","15-34",2024-11-14,2024-11-17,1,"quantile",0.1,259076.914333569
"759","DE","15-34",2024-11-14,2024-11-17,1,"quantile",0.25,305148.982644169
"760","DE","15-34",2024-11-14,2024-11-17,1,"quantile",0.5,358605.874030811
"761","DE","15-34",2024-11-14,2024-11-17,1,"quantile",0.75,416385.631622001
"762","DE","15-34",2024-11-14,2024-11-17,1,"quantile",0.9,477491.564264685
"763","DE","15-34",2024-11-14,2024-11-17,1,"quantile",0.975,560350.768863077
"764","DE","15-34",2024-11-14,2024-11-24,2,"quantile",0.025,150789.177444
"765","DE","15-34",2024-11-14,2024-11-24,2,"quantile",0.1,260873.293147533
"766","DE","15-34",2024-11-14,2024-11-24,2,"quantile",0.25,325857.862886656
"767","DE","15-34",2024-11-14,2024-11-24,2,"quantile",0.5,384116.131497558
"768","DE","15-34",2024-11-14,2024-11-24,2,"quantile",0.75,449753.320134585
"769","DE","15-34",2024-11-14,2024-11-24,2,"quantile",0.9,515574.898400029
"770","DE","15-34",2024-11-14,2024-11-24,2,"quantile",0.975,598532.84300021
"771","DE","15-34",2024-11-14,2024-12-01,3,"quantile",0.025,146322.814885918
"772","DE","15-34",2024-11-14,2024-12-01,3,"quantile",0.1,255836.603869647
"773","DE","15-34",2024-11-14,2024-12-01,3,"quantile",0.25,332519.841063441
"774","DE","15-34",2024-11-14,2024-12-01,3,"quantile",0.5,404815.816393162
"775","DE","15-34",2024-11-14,2024-12-01,3,"quantile",0.75,475969.005175748
"776","DE","15-34",2024-11-14,2024-12-01,3,"quantile",0.9,548514.91714737
"777","DE","15-34",2024-11-14,2024-12-01,3,"quantile",0.975,637096.63579589
"778","DE","15-34",2024-11-14,2024-12-08,4,"quantile",0.025,143321.689760086
"779","DE","15-34",2024-11-14,2024-12-08,4,"quantile",0.1,263883.436877368
"780","DE","15-34",2024-11-14,2024-12-08,4,"quantile",0.25,340235.217090997
"781","DE","15-34",2024-11-14,2024-12-08,4,"quantile",0.5,425998.121050211
"782","DE","15-34",2024-11-14,2024-12-08,4,"quantile",0.75,509923.887995132
"783","DE","15-34",2024-11-14,2024-12-08,4,"quantile",0.9,593893.443750946
"784","DE","15-34",2024-11-14,2024-12-08,4,"quantile",0.975,695086.760841293
"785","DE","35-59",2024-11-14,2024-11-17,1,"quantile",0.025,187436.668436586
"786","DE","35-59",2024-11-14,2024-11-17,1,"quantile",0.1,315158.025568666
"787","DE","35-59",2024-11-14,2024-11-17,1,"quantile",0.25,369000.122227226
"788","DE","35-59",2024-11-14,2024-11-17,1,"quantile",0.5,431657.21246816
"789","DE","35-59",2024-11-14,2024-11-17,1,"quantile",0.75,500169.02431296
"790","DE","35-59",2024-11-14,2024-11-17,1,"quantile",0.9,574356.256884509
"791","DE","35-59",2024-11-14,2024-11-17,1,"quantile",0.975,664313.222176344
"792","DE","35-59",2024-11-14,2024-11-24,2,"quantile",0.025,183619.391410954
"793","DE","35-59",2024-11-14,2024-11-24,2,"quantile",0.1,314993.360915777
"794","DE","35-59",2024-11-14,2024-11-24,2,"quantile",0.25,394549.950663926
"795","DE","35-59",2024-11-14,2024-11-24,2,"quantile",0.5,469226.772262775
"796","DE","35-59",2024-11-14,2024-11-24,2,"quantile",0.75,550343.163454505
"797","DE","35-59",2024-11-14,2024-11-24,2,"quantile",0.9,631840.245023127
"798","DE","35-59",2024-11-14,2024-11-24,2,"quantile",0.975,731179.049988262
"799","DE","35-59",2024-11-14,2024-12-01,3,"quantile",0.025,179994.859634511
"800","DE","35-59",2024-11-14,2024-12-01,3,"quantile",0.1,312819.74265858
"801","DE","35-59",2024-11-14,2024-12-01,3,"quantile",0.25,410955.030484558
"802","DE","35-59",2024-11-14,2024-12-01,3,"quantile",0.5,503704.904437871
"803","DE","35-59",2024-11-14,2024-12-01,3,"quantile",0.75,594051.199724273
"804","DE","35-59",2024-11-14,2024-12-01,3,"quantile",0.9,681554.81380492
"805","DE","35-59",2024-11-14,2024-12-01,3,"quantile",0.975,789094.31836839
"806","DE","35-59",2024-11-14,2024-12-08,4,"quantile",0.025,180449.008574885
"807","DE","35-59",2024-11-14,2024-12-08,4,"quantile",0.1,321655.123032437
"808","DE","35-59",2024-11-14,2024-12-08,4,"quantile",0.25,419563.811456889
"809","DE","35-59",2024-11-14,2024-12-08,4,"quantile",0.5,542816.855618324
"810","DE","35-59",2024-11-14,2024-12-08,4,"quantile",0.75,651001.016008008
"811","DE","35-59",2024-11-14,2024-12-08,4,"quantile",0.9,754110.461270287
"812","DE","35-59",2024-11-14,2024-12-08,4,"quantile",0.975,879869.266427426
"813","DE","60+",2024-11-14,2024-11-17,1,"quantile",0.025,59099.6179516581
"814","DE","60+",2024-11-14,2024-11-17,1,"quantile",0.1,96978.3432253725
"815","DE","60+",2024-11-14,2024-11-17,1,"quantile",0.25,117916.029549916
"816","DE","60+",2024-11-14,2024-11-17,1,"quantile",0.5,142896.200557246
"817","DE","60+",2024-11-14,2024-11-17,1,"quantile",0.75,172347.803113453
"818","DE","60+",2024-11-14,2024-11-17,1,"quantile",0.9,203072.856210026
"819","DE","60+",2024-11-14,2024-11-17,1,"quantile",0.975,239058.232684637
"820","DE","60+",2024-11-14,2024-11-24,2,"quantile",0.025,58897.3215562129
"821","DE","60+",2024-11-14,2024-11-24,2,"quantile",0.1,98376.0790935734
"822","DE","60+",2024-11-14,2024-11-24,2,"quantile",0.25,121947.607915961
"823","DE","60+",2024-11-14,2024-11-24,2,"quantile",0.5,151437.131290446
"824","DE","60+",2024-11-14,2024-11-24,2,"quantile",0.75,182738.29440958
"825","DE","60+",2024-11-14,2024-11-24,2,"quantile",0.9,215698.360110877
"826","DE","60+",2024-11-14,2024-11-24,2,"quantile",0.975,254574.943718343
"827","DE","60+",2024-11-14,2024-12-01,3,"quantile",0.025,59076.579489841
"828","DE","60+",2024-11-14,2024-12-01,3,"quantile",0.1,99307.6432875459
"829","DE","60+",2024-11-14,2024-12-01,3,"quantile",0.25,128785.761950179
"830","DE","60+",2024-11-14,2024-12-01,3,"quantile",0.5,162882.78546704
"831","DE","60+",2024-11-14,2024-12-01,3,"quantile",0.75,196450.385631276
"832","DE","60+",2024-11-14,2024-12-01,3,"quantile",0.9,230522.858834615
"833","DE","60+",2024-11-14,2024-12-01,3,"quantile",0.975,273941.870721604
"834","DE","60+",2024-11-14,2024-12-08,4,"quantile",0.025,59327.7030262828
"835","DE","60+",2024-11-14,2024-12-08,4,"quantile",0.1,99239.857227233
"836","DE","60+",2024-11-14,2024-12-08,4,"quantile",0.25,130489.772837035
"837","DE","60+",2024-11-14,2024-12-08,4,"quantile",0.5,176040.275975739
"838","DE","60+",2024-11-14,2024-12-08,4,"quantile",0.75,216638.745236847
"839","DE","60+",2024-11-14,2024-12-08,4,"quantile",0.9,254547.114417663
"840","DE","60+",2024-11-14,2024-12-08,4,"quantile",0.975,305966.94073143
"841","DE","00+",2024-11-21,2024-11-24,1,"quantile",0.025,701126.614813433
"842","DE","00+",2024-11-21,2024-11-24,1,"quantile",0.1,1021615.49861676
"843","DE","00+",2024-11-21,2024-11-24,1,"quantile",0.25,1186564.7708393
"844","DE","00+",2024-11-21,2024-11-24,1,"quantile",0.5,1357779.99466708
"845","DE","00+",2024-11-21,2024-11-24,1,"quantile",0.75,1529670.75649979
"846","DE","00+",2024-11-21,2024-11-24,1,"quantile",0.9,1697126.14473377
"847","DE","00+",2024-11-21,2024-11-24,1,"quantile",0.975,1898727.26969708
"848","DE","00+",2024-11-21,2024-12-01,2,"quantile",0.025,603411.152081229
"849","DE","00+",2024-11-21,2024-12-01,2,"quantile",0.1,939926.438275079
"850","DE","00+",2024-11-21,2024-12-01,2,"quantile",0.25,1149934.79517587
"851","DE","00+",2024-11-21,2024-12-01,2,"quantile",0.5,1366894.83346894
"852","DE","00+",2024-11-21,2024-12-01,2,"quantile",0.75,1572050.34184535
"853","DE","00+",2024-11-21,2024-12-01,2,"quantile",0.9,1760605.96529324
"854","DE","00+",2024-11-21,2024-12-01,2,"quantile",0.975,1985243.67615254
"855","DE","00+",2024-11-21,2024-12-08,3,"quantile",0.025,506172.104717957
"856","DE","00+",2024-11-21,2024-12-08,3,"quantile",0.1,864902.624549404
"857","DE","00+",2024-11-21,2024-12-08,3,"quantile",0.25,1135073.78824265
"858","DE","00+",2024-11-21,2024-12-08,3,"quantile",0.5,1408430.39052724
"859","DE","00+",2024-11-21,2024-12-08,3,"quantile",0.75,1659148.78970316
"860","DE","00+",2024-11-21,2024-12-08,3,"quantile",0.9,1883106.05276381
"861","DE","00+",2024-11-21,2024-12-08,3,"quantile",0.975,2147006.36126212
"862","DE","00+",2024-11-21,2024-12-15,4,"quantile",0.025,430346.337692806
"863","DE","00+",2024-11-21,2024-12-15,4,"quantile",0.1,811258.224206399
"864","DE","00+",2024-11-21,2024-12-15,4,"quantile",0.25,1076142.41580147
"865","DE","00+",2024-11-21,2024-12-15,4,"quantile",0.5,1391505.45499651
"866","DE","00+",2024-11-21,2024-12-15,4,"quantile",0.75,1673510.83683327
"867","DE","00+",2024-11-21,2024-12-15,4,"quantile",0.9,1926566.44318443
"868","DE","00+",2024-11-21,2024-12-15,4,"quantile",0.975,2218145.62847148
"869","DE","00-04",2024-11-21,2024-11-24,1,"quantile",0.025,83766.0473033092
"870","DE","00-04",2024-11-21,2024-11-24,1,"quantile",0.1,129612.5726356
"871","DE","00-04",2024-11-21,2024-11-24,1,"quantile",0.25,155632.578194421
"872","DE","00-04",2024-11-21,2024-11-24,1,"quantile",0.5,185098.155454261
"873","DE","00-04",2024-11-21,2024-11-24,1,"quantile",0.75,217744.075458528
"874","DE","00-04",2024-11-21,2024-11-24,1,"quantile",0.9,249709.160350797
"875","DE","00-04",2024-11-21,2024-11-24,1,"quantile",0.975,289206.893385842
"876","DE","00-04",2024-11-21,2024-12-01,2,"quantile",0.025,80212.6332762096
"877","DE","00-04",2024-11-21,2024-12-01,2,"quantile",0.1,129246.182685528
"878","DE","00-04",2024-11-21,2024-12-01,2,"quantile",0.25,159336.376712213
"879","DE","00-04",2024-11-21,2024-12-01,2,"quantile",0.5,192042.2863439
"880","DE","00-04",2024-11-21,2024-12-01,2,"quantile",0.75,226801.834946906
"881","DE","00-04",2024-11-21,2024-12-01,2,"quantile",0.9,262108.994425986
"882","DE","00-04",2024-11-21,2024-12-01,2,"quantile",0.975,304632.304057838
"883","DE","00-04",2024-11-21,2024-12-08,3,"quantile",0.025,77736.6324126045
"884","DE","00-04",2024-11-21,2024-12-08,3,"quantile",0.1,133415.338035262
"885","DE","00-04",2024-11-21,2024-12-08,3,"quantile",0.25,167700.375453659
"886","DE","00-04",2024-11-21,2024-12-08,3,"quantile",0.5,201346.266023818
"887","DE","00-04",2024-11-21,2024-12-08,3,"quantile",0.75,242054.934057659
"888","DE","00-04",2024-11-21,2024-12-08,3,"quantile",0.9,279041.351751852
"889","DE","00-04",2024-11-21,2024-12-08,3,"quantile",0.975,325516.236816342
"890","DE","00-04",2024-11-21,2024-12-15,4,"quantile",0.025,74064.2665867493
"891","DE","00-04",2024-11-21,2024-12-15,4,"quantile",0.1,135013.597536584
"892","DE","00-04",2024-11-21,2024-12-15,4,"quantile",0.25,167086.633796323
"893","DE","00-04",2024-11-21,2024-12-15,4,"quantile",0.5,203105.883908262
"894","DE","00-04",2024-11-21,2024-12-15,4,"quantile",0.75,245477.089319354
"895","DE","00-04",2024-11-21,2024-12-15,4,"quantile",0.9,284785.306042561
"896","DE","00-04",2024-11-21,2024-12-15,4,"quantile",0.975,339892.345507458
"897","DE","05-14",2024-11-21,2024-11-24,1,"quantile",0.025,58334.737532865
"898","DE","05-14",2024-11-21,2024-11-24,1,"quantile",0.1,107659.212928653
"899","DE","05-14",2024-11-21,2024-11-24,1,"quantile",0.25,137533.727409003
"900","DE","05-14",2024-11-21,2024-11-24,1,"quantile",0.5,165967.950331066
"901","DE","05-14",2024-11-21,2024-11-24,1,"quantile",0.75,197057.766264562
"902","DE","05-14",2024-11-21,2024-11-24,1,"quantile",0.9,228721.10125209
"903","DE","05-14",2024-11-21,2024-11-24,1,"quantile",0.975,268964.887068041
"904","DE","05-14",2024-11-21,2024-12-01,2,"quantile",0.025,55363.0394387996
"905","DE","05-14",2024-11-21,2024-12-01,2,"quantile",0.1,103451.569945886
"906","DE","05-14",2024-11-21,2024-12-01,2,"quantile",0.25,135087.648572618
"907","DE","05-14",2024-11-21,2024-12-01,2,"quantile",0.5,170415.810002786
"908","DE","05-14",2024-11-21,2024-12-01,2,"quantile",0.75,205989.090668114
"909","DE","05-14",2024-11-21,2024-12-01,2,"quantile",0.9,242997.819231813
"910","DE","05-14",2024-11-21,2024-12-01,2,"quantile",0.975,290146.221526965
"911","DE","05-14",2024-11-21,2024-12-08,3,"quantile",0.025,54514.9761895872
"912","DE","05-14",2024-11-21,2024-12-08,3,"quantile",0.1,103741.753966335
"913","DE","05-14",2024-11-21,2024-12-08,3,"quantile",0.25,141940.428386882
"914","DE","05-14",2024-11-21,2024-12-08,3,"quantile",0.5,182479.781817004
"915","DE","05-14",2024-11-21,2024-12-08,3,"quantile",0.75,230866.32716782
"916","DE","05-14",2024-11-21,2024-12-08,3,"quantile",0.9,273016.615374135
"917","DE","05-14",2024-11-21,2024-12-08,3,"quantile",0.975,330894.064696033
"918","DE","05-14",2024-11-21,2024-12-15,4,"quantile",0.025,51650.4173329443
"919","DE","05-14",2024-11-21,2024-12-15,4,"quantile",0.1,102519.144033126
"920","DE","05-14",2024-11-21,2024-12-15,4,"quantile",0.25,141664.681421034
"921","DE","05-14",2024-11-21,2024-12-15,4,"quantile",0.5,184706.912624828
"922","DE","05-14",2024-11-21,2024-12-15,4,"quantile",0.75,236156.198452941
"923","DE","05-14",2024-11-21,2024-12-15,4,"quantile",0.9,282570.638682156
"924","DE","05-14",2024-11-21,2024-12-15,4,"quantile",0.975,343646.085299373
"925","DE","15-34",2024-11-21,2024-11-24,1,"quantile",0.025,164385.867817052
"926","DE","15-34",2024-11-21,2024-11-24,1,"quantile",0.1,271192.216165901
"927","DE","15-34",2024-11-21,2024-11-24,1,"quantile",0.25,326353.083874865
"928","DE","15-34",2024-11-21,2024-11-24,1,"quantile",0.5,382507.566679782
"929","DE","15-34",2024-11-21,2024-11-24,1,"quantile",0.75,438391.76121556
"930","DE","15-34",2024-11-21,2024-11-24,1,"quantile",0.9,494696.661994234
"931","DE","15-34",2024-11-21,2024-11-24,1,"quantile",0.975,565601.262062854
"932","DE","15-34",2024-11-21,2024-12-01,2,"quantile",0.025,157114.063240227
"933","DE","15-34",2024-11-21,2024-12-01,2,"quantile",0.1,269370.47349788
"934","DE","15-34",2024-11-21,2024-12-01,2,"quantile",0.25,337597.711591822
"935","DE","15-34",2024-11-21,2024-12-01,2,"quantile",0.5,404091.378604906
"936","DE","15-34",2024-11-21,2024-12-01,2,"quantile",0.75,467173.796336244
"937","DE","15-34",2024-11-21,2024-12-01,2,"quantile",0.9,531959.273356955
"938","DE","15-34",2024-11-21,2024-12-01,2,"quantile",0.975,613387.776712429
"939","DE","15-34",2024-11-21,2024-12-08,3,"quantile",0.025,154024.213101776
"940","DE","15-34",2024-11-21,2024-12-08,3,"quantile",0.1,266970.002451748
"941","DE","15-34",2024-11-21,2024-12-08,3,"quantile",0.25,347498.153036688
"942","DE","15-34",2024-11-21,2024-12-08,3,"quantile",0.5,429514.823106807
"943","DE","15-34",2024-11-21,2024-12-08,3,"quantile",0.75,504057.319541309
"944","DE","15-34",2024-11-21,2024-12-08,3,"quantile",0.9,574895.246069261
"945","DE","15-34",2024-11-21,2024-12-08,3,"quantile",0.975,664817.311319941
"946","DE","15-34",2024-11-21,2024-12-15,4,"quantile",0.025,146843.082443474
"947","DE","15-34",2024-11-21,2024-12-15,4,"quantile",0.1,262980.862112102
"948","DE","15-34",2024-11-21,2024-12-15,4,"quantile",0.25,345420.074339807
"949","DE","15-34",2024-11-21,2024-12-15,4,"quantile",0.5,433682.979756993
"950","DE","15-34",2024-11-21,2024-12-15,4,"quantile",0.75,520907.0994092
"951","DE","15-34",2024-11-21,2024-12-15,4,"quantile",0.9,601132.162456683
"952","DE","15-34",2024-11-21,2024-12-15,4,"quantile",0.975,699900.555420923
"953","DE","35-59",2024-11-21,2024-11-24,1,"quantile",0.025,194817.049094167
"954","DE","35-59",2024-11-21,2024-11-24,1,"quantile",0.1,326182.066425487
"955","DE","35-59",2024-11-21,2024-11-24,1,"quantile",0.25,394121.282044812
"956","DE","35-59",2024-11-21,2024-11-24,1,"quantile",0.5,459455.593890309
"957","DE","35-59",2024-11-21,2024-11-24,1,"quantile",0.75,526487.732613463
"958","DE","35-59",2024-11-21,2024-11-24,1,"quantile",0.9,594929.011724637
"959","DE","35-59",2024-11-21,2024-11-24,1,"quantile",0.975,680800.415372416
"960","DE","35-59",2024-11-21,2024-12-01,2,"quantile",0.025,190780.24322618
"961","DE","35-59",2024-11-21,2024-12-01,2,"quantile",0.1,325759.970258581
"962","DE","35-59",2024-11-21,2024-12-01,2,"quantile",0.25,406048.597460155
"963","DE","35-59",2024-11-21,2024-12-01,2,"quantile",0.5,494281.140233177
"964","DE","35-59",2024-11-21,2024-12-01,2,"quantile",0.75,571316.022975242
"965","DE","35-59",2024-11-21,2024-12-01,2,"quantile",0.9,647163.745639799
"966","DE","35-59",2024-11-21,2024-12-01,2,"quantile",0.975,745806.222369209
"967","DE","35-59",2024-11-21,2024-12-08,3,"quantile",0.025,189032.328802592
"968","DE","35-59",2024-11-21,2024-12-08,3,"quantile",0.1,324872.213092236
"969","DE","35-59",2024-11-21,2024-12-08,3,"quantile",0.25,425929.14507346
"970","DE","35-59",2024-11-21,2024-12-08,3,"quantile",0.5,541858.910766696
"971","DE","35-59",2024-11-21,2024-12-08,3,"quantile",0.75,632793.510674304
"972","DE","35-59",2024-11-21,2024-12-08,3,"quantile",0.9,719008.439618687
"973","DE","35-59",2024-11-21,2024-12-08,3,"quantile",0.975,828139.078135455
"974","DE","35-59",2024-11-21,2024-12-15,4,"quantile",0.025,184092.7733976
"975","DE","35-59",2024-11-21,2024-12-15,4,"quantile",0.1,318909.614571791
"976","DE","35-59",2024-11-21,2024-12-15,4,"quantile",0.25,426140.606022191
"977","DE","35-59",2024-11-21,2024-12-15,4,"quantile",0.5,549622.745443893
"978","DE","35-59",2024-11-21,2024-12-15,4,"quantile",0.75,662814.128996396
"979","DE","35-59",2024-11-21,2024-12-15,4,"quantile",0.9,762367.732629195
"980","DE","35-59",2024-11-21,2024-12-15,4,"quantile",0.975,884497.851033375
"981","DE","60+",2024-11-21,2024-11-24,1,"quantile",0.025,62963.5466176947
"982","DE","60+",2024-11-21,2024-11-24,1,"quantile",0.1,104239.091897009
"983","DE","60+",2024-11-21,2024-11-24,1,"quantile",0.25,126320.894630406
"984","DE","60+",2024-11-21,2024-11-24,1,"quantile",0.5,154001.651844859
"985","DE","60+",2024-11-21,2024-11-24,1,"quantile",0.75,181560.011053627
"986","DE","60+",2024-11-21,2024-11-24,1,"quantile",0.9,210547.033194974
"987","DE","60+",2024-11-21,2024-11-24,1,"quantile",0.975,246955.835008353
"988","DE","60+",2024-11-21,2024-12-01,2,"quantile",0.025,63277.6128199284
"989","DE","60+",2024-11-21,2024-12-01,2,"quantile",0.1,103634.835652689
"990","DE","60+",2024-11-21,2024-12-01,2,"quantile",0.25,130724.888806691
"991","DE","60+",2024-11-21,2024-12-01,2,"quantile",0.5,160447.511435668
"992","DE","60+",2024-11-21,2024-12-01,2,"quantile",0.75,191331.585489693
"993","DE","60+",2024-11-21,2024-12-01,2,"quantile",0.9,222937.561834534
"994","DE","60+",2024-11-21,2024-12-01,2,"quantile",0.975,265498.323972798
"995","DE","60+",2024-11-21,2024-12-08,3,"quantile",0.025,63916.5413329452
"996","DE","60+",2024-11-21,2024-12-08,3,"quantile",0.1,105779.861193104
"997","DE","60+",2024-11-21,2024-12-08,3,"quantile",0.25,138993.772617531
"998","DE","60+",2024-11-21,2024-12-08,3,"quantile",0.5,176981.807425565
"999","DE","60+",2024-11-21,2024-12-08,3,"quantile",0.75,211254.584936291
"1000","DE","60+",2024-11-21,2024-12-08,3,"quantile",0.9,246372.171612566
"1001","DE","60+",2024-11-21,2024-12-08,3,"quantile",0.975,291050.120082368
"1002","DE","60+",2024-11-21,2024-12-15,4,"quantile",0.025,62487.4393112899
"1003","DE","60+",2024-11-21,2024-12-15,4,"quantile",0.1,103760.185493501
"1004","DE","60+",2024-11-21,2024-12-15,4,"quantile",0.25,137378.761825335
"1005","DE","60+",2024-11-21,2024-12-15,4,"quantile",0.5,183262.86500584
"1006","DE","60+",2024-11-21,2024-12-15,4,"quantile",0.75,224223.778324185
"1007","DE","60+",2024-11-21,2024-12-15,4,"quantile",0.9,262594.989990699
"1008","DE","60+",2024-11-21,2024-12-15,4,"quantile",0.975,311490.83714185
"1009","DE","00+",2024-11-28,2024-12-01,1,"quantile",0.025,695341.335502052
"1010","DE","00+",2024-11-28,2024-12-01,1,"quantile",0.1,1025650.15790275
"1011","DE","00+",2024-11-28,2024-12-01,1,"quantile",0.25,1190893.15033986
"1012","DE","00+",2024-11-28,2024-12-01,1,"quantile",0.5,1352447.76864629
"1013","DE","00+",2024-11-28,2024-12-01,1,"quantile",0.75,1529719.6947839
"1014","DE","00+",2024-11-28,2024-12-01,1,"quantile",0.9,1699831.08954048
"1015","DE","00+",2024-11-28,2024-12-01,1,"quantile",0.975,1904696.34902137
"1016","DE","00+",2024-11-28,2024-12-08,2,"quantile",0.025,640882.072837772
"1017","DE","00+",2024-11-28,2024-12-08,2,"quantile",0.1,989143.713638215
"1018","DE","00+",2024-11-28,2024-12-08,2,"quantile",0.25,1207387.40283124
"1019","DE","00+",2024-11-28,2024-12-08,2,"quantile",0.5,1439452.35021995
"1020","DE","00+",2024-11-28,2024-12-08,2,"quantile",0.75,1652383.07167864
"1021","DE","00+",2024-11-28,2024-12-08,2,"quantile",0.9,1845876.51208363
"1022","DE","00+",2024-11-28,2024-12-08,2,"quantile",0.975,2073943.13463736
"1023","DE","00+",2024-11-28,2024-12-15,3,"quantile",0.025,570786.808423404
"1024","DE","00+",2024-11-28,2024-12-15,3,"quantile",0.1,930267.303219113
"1025","DE","00+",2024-11-28,2024-12-15,3,"quantile",0.25,1196194.91368445
"1026","DE","00+",2024-11-28,2024-12-15,3,"quantile",0.5,1481506.64976566
"1027","DE","00+",2024-11-28,2024-12-15,3,"quantile",0.75,1726418.19029529
"1028","DE","00+",2024-11-28,2024-12-15,3,"quantile",0.9,1951122.70853418
"1029","DE","00+",2024-11-28,2024-12-15,3,"quantile",0.975,2213484.78300481
"1030","DE","00+",2024-11-28,2024-12-22,4,"quantile",0.025,518312.145782315
"1031","DE","00+",2024-11-28,2024-12-22,4,"quantile",0.1,887046.472560254
"1032","DE","00+",2024-11-28,2024-12-22,4,"quantile",0.25,1137322.97547979
"1033","DE","00+",2024-11-28,2024-12-22,4,"quantile",0.5,1437751.07581726
"1034","DE","00+",2024-11-28,2024-12-22,4,"quantile",0.75,1713410.73850674
"1035","DE","00+",2024-11-28,2024-12-22,4,"quantile",0.9,1955057.26303441
"1036","DE","00+",2024-11-28,2024-12-22,4,"quantile",0.975,2234483.06853517
"1037","DE","00-04",2024-11-28,2024-12-01,1,"quantile",0.025,86619.6187527963
"1038","DE","00-04",2024-11-28,2024-12-01,1,"quantile",0.1,130233.802224924
"1039","DE","00-04",2024-11-28,2024-12-01,1,"quantile",0.25,154664.382595182
"1040","DE","00-04",2024-11-28,2024-12-01,1,"quantile",0.5,181711.074640305
"1041","DE","00-04",2024-11-28,2024-12-01,1,"quantile",0.75,213194.767040621
"1042","DE","00-04",2024-11-28,2024-12-01,1,"quantile",0.9,244836.894241875
"1043","DE","00-04",2024-11-28,2024-12-01,1,"quantile",0.975,283388.436189898
"1044","DE","00-04",2024-11-28,2024-12-08,2,"quantile",0.025,83447.6888247914
"1045","DE","00-04",2024-11-28,2024-12-08,2,"quantile",0.1,133844.038625167
"1046","DE","00-04",2024-11-28,2024-12-08,2,"quantile",0.25,160628.576905982
"1047","DE","00-04",2024-11-28,2024-12-08,2,"quantile",0.5,190718.43933839
"1048","DE","00-04",2024-11-28,2024-12-08,2,"quantile",0.75,224228.691205443
"1049","DE","00-04",2024-11-28,2024-12-08,2,"quantile",0.9,258220.203360034
"1050","DE","00-04",2024-11-28,2024-12-08,2,"quantile",0.975,299594.76421879
"1051","DE","00-04",2024-11-28,2024-12-15,3,"quantile",0.025,78786.2415543539
"1052","DE","00-04",2024-11-28,2024-12-15,3,"quantile",0.1,133652.076649376
"1053","DE","00-04",2024-11-28,2024-12-15,3,"quantile",0.25,165868.802871563
"1054","DE","00-04",2024-11-28,2024-12-15,3,"quantile",0.5,198795.549737107
"1055","DE","00-04",2024-11-28,2024-12-15,3,"quantile",0.75,236656.286909249
"1056","DE","00-04",2024-11-28,2024-12-15,3,"quantile",0.9,271526.239938671
"1057","DE","00-04",2024-11-28,2024-12-15,3,"quantile",0.975,316210.98021801
"1058","DE","00-04",2024-11-28,2024-12-22,4,"quantile",0.025,76605.1866781011
"1059","DE","00-04",2024-11-28,2024-12-22,4,"quantile",0.1,134161.239417697
"1060","DE","00-04",2024-11-28,2024-12-22,4,"quantile",0.25,165506.358372374
"1061","DE","00-04",2024-11-28,2024-12-22,4,"quantile",0.5,198813.195165778
"1062","DE","00-04",2024-11-28,2024-12-22,4,"quantile",0.75,236752.271702261
"1063","DE","00-04",2024-11-28,2024-12-22,4,"quantile",0.9,274323.374793781
"1064","DE","00-04",2024-11-28,2024-12-22,4,"quantile",0.975,334996.167171801
"1065","DE","05-14",2024-11-28,2024-12-01,1,"quantile",0.025,63103.4973428949
"1066","DE","05-14",2024-11-28,2024-12-01,1,"quantile",0.1,113055.025877866
"1067","DE","05-14",2024-11-28,2024-12-01,1,"quantile",0.25,140007.708085268
"1068","DE","05-14",2024-11-28,2024-12-01,1,"quantile",0.5,168502.264035381
"1069","DE","05-14",2024-11-28,2024-12-01,1,"quantile",0.75,198730.523214403
"1070","DE","05-14",2024-11-28,2024-12-01,1,"quantile",0.9,230069.998126566
"1071","DE","05-14",2024-11-28,2024-12-01,1,"quantile",0.975,270049.716736669
"1072","DE","05-14",2024-11-28,2024-12-08,2,"quantile",0.025,60150.3519006339
"1073","DE","05-14",2024-11-28,2024-12-08,2,"quantile",0.1,110061.756003825
"1074","DE","05-14",2024-11-28,2024-12-08,2,"quantile",0.25,143956.078521973
"1075","DE","05-14",2024-11-28,2024-12-08,2,"quantile",0.5,179239.478139924
"1076","DE","05-14",2024-11-28,2024-12-08,2,"quantile",0.75,217573.043614179
"1077","DE","05-14",2024-11-28,2024-12-08,2,"quantile",0.9,254298.66488452
"1078","DE","05-14",2024-11-28,2024-12-08,2,"quantile",0.975,299460.34709969
"1079","DE","05-14",2024-11-28,2024-12-15,3,"quantile",0.025,57794.490252781
"1080","DE","05-14",2024-11-28,2024-12-15,3,"quantile",0.1,105248.842374504
"1081","DE","05-14",2024-11-28,2024-12-15,3,"quantile",0.25,144354.487457033
"1082","DE","05-14",2024-11-28,2024-12-15,3,"quantile",0.5,185568.72828691
"1083","DE","05-14",2024-11-28,2024-12-15,3,"quantile",0.75,235223.446691344
"1084","DE","05-14",2024-11-28,2024-12-15,3,"quantile",0.9,277518.33532643
"1085","DE","05-14",2024-11-28,2024-12-15,3,"quantile",0.975,328001.834148071
"1086","DE","05-14",2024-11-28,2024-12-22,4,"quantile",0.025,55405.1960307999
"1087","DE","05-14",2024-11-28,2024-12-22,4,"quantile",0.1,102103.89098627
"1088","DE","05-14",2024-11-28,2024-12-22,4,"quantile",0.25,142037.261148965
"1089","DE","05-14",2024-11-28,2024-12-22,4,"quantile",0.5,185414.280338297
"1090","DE","05-14",2024-11-28,2024-12-22,4,"quantile",0.75,230216.702147893
"1091","DE","05-14",2024-11-28,2024-12-22,4,"quantile",0.9,274683.394611394
"1092","DE","05-14",2024-11-28,2024-12-22,4,"quantile",0.975,330711.712315709
"1093","DE","15-34",2024-11-28,2024-12-01,1,"quantile",0.025,171536.932123722
"1094","DE","15-34",2024-11-28,2024-12-01,1,"quantile",0.1,284631.939375788
"1095","DE","15-34",2024-11-28,2024-12-01,1,"quantile",0.25,339922.696325997
"1096","DE","15-34",2024-11-28,2024-12-01,1,"quantile",0.5,390099.244781034
"1097","DE","15-34",2024-11-28,2024-12-01,1,"quantile",0.75,445335.737579219
"1098","DE","15-34",2024-11-28,2024-12-01,1,"quantile",0.9,501594.394783063
"1099","DE","15-34",2024-11-28,2024-12-01,1,"quantile",0.975,574758.949864224
"1100","DE","15-34",2024-11-28,2024-12-08,2,"quantile",0.025,164208.15499954
"1101","DE","15-34",2024-11-28,2024-12-08,2,"quantile",0.1,279003.749386701
"1102","DE","15-34",2024-11-28,2024-12-08,2,"quantile",0.25,351203.953853191
"1103","DE","15-34",2024-11-28,2024-12-08,2,"quantile",0.5,423928.643676495
"1104","DE","15-34",2024-11-28,2024-12-08,2,"quantile",0.75,488024.27398837
"1105","DE","15-34",2024-11-28,2024-12-08,2,"quantile",0.9,553672.950744453
"1106","DE","15-34",2024-11-28,2024-12-08,2,"quantile",0.975,633208.148744962
"1107","DE","15-34",2024-11-28,2024-12-15,3,"quantile",0.025,157850.78394237
"1108","DE","15-34",2024-11-28,2024-12-15,3,"quantile",0.1,272117.578562534
"1109","DE","15-34",2024-11-28,2024-12-15,3,"quantile",0.25,356996.868177323
"1110","DE","15-34",2024-11-28,2024-12-15,3,"quantile",0.5,436502.316775835
"1111","DE","15-34",2024-11-28,2024-12-15,3,"quantile",0.75,508691.28480659
"1112","DE","15-34",2024-11-28,2024-12-15,3,"quantile",0.9,579279.684681428
"1113","DE","15-34",2024-11-28,2024-12-15,3,"quantile",0.975,667382.277724188
"1114","DE","15-34",2024-11-28,2024-12-22,4,"quantile",0.025,152876.37310469
"1115","DE","15-34",2024-11-28,2024-12-22,4,"quantile",0.1,265438.485253846
"1116","DE","15-34",2024-11-28,2024-12-22,4,"quantile",0.25,345152.662076198
"1117","DE","15-34",2024-11-28,2024-12-22,4,"quantile",0.5,435643.74524502
"1118","DE","15-34",2024-11-28,2024-12-22,4,"quantile",0.75,523253.467856642
"1119","DE","15-34",2024-11-28,2024-12-22,4,"quantile",0.9,602160.38026857
"1120","DE","15-34",2024-11-28,2024-12-22,4,"quantile",0.975,700073.95105151
"1121","DE","35-59",2024-11-28,2024-12-01,1,"quantile",0.025,202513.052546708
"1122","DE","35-59",2024-11-28,2024-12-01,1,"quantile",0.1,338153.235210063
"1123","DE","35-59",2024-11-28,2024-12-01,1,"quantile",0.25,409908.012049827
"1124","DE","35-59",2024-11-28,2024-12-01,1,"quantile",0.5,472453.210492339
"1125","DE","35-59",2024-11-28,2024-12-01,1,"quantile",0.75,540085.174546788
"1126","DE","35-59",2024-11-28,2024-12-01,1,"quantile",0.9,607365.132584861
"1127","DE","35-59",2024-11-28,2024-12-01,1,"quantile",0.975,695523.215582044
"1128","DE","35-59",2024-11-28,2024-12-08,2,"quantile",0.025,199554.528041698
"1129","DE","35-59",2024-11-28,2024-12-08,2,"quantile",0.1,338292.544966983
"1130","DE","35-59",2024-11-28,2024-12-08,2,"quantile",0.25,426523.924735959
"1131","DE","35-59",2024-11-28,2024-12-08,2,"quantile",0.5,519157.914712681
"1132","DE","35-59",2024-11-28,2024-12-08,2,"quantile",0.75,597630.116253711
"1133","DE","35-59",2024-11-28,2024-12-08,2,"quantile",0.9,676585.548477445
"1134","DE","35-59",2024-11-28,2024-12-08,2,"quantile",0.975,773220.068067581
"1135","DE","35-59",2024-11-28,2024-12-15,3,"quantile",0.025,194147.967006919
"1136","DE","35-59",2024-11-28,2024-12-15,3,"quantile",0.1,329318.355028764
"1137","DE","35-59",2024-11-28,2024-12-15,3,"quantile",0.25,433964.022428764
"1138","DE","35-59",2024-11-28,2024-12-15,3,"quantile",0.5,547982.327181708
"1139","DE","35-59",2024-11-28,2024-12-15,3,"quantile",0.75,640715.877388463
"1140","DE","35-59",2024-11-28,2024-12-15,3,"quantile",0.9,731315.378268581
"1141","DE","35-59",2024-11-28,2024-12-15,3,"quantile",0.975,840263.592785486
"1142","DE","35-59",2024-11-28,2024-12-22,4,"quantile",0.025,190983.137841309
"1143","DE","35-59",2024-11-28,2024-12-22,4,"quantile",0.1,321889.035083171
"1144","DE","35-59",2024-11-28,2024-12-22,4,"quantile",0.25,424598.396894626
"1145","DE","35-59",2024-11-28,2024-12-22,4,"quantile",0.5,562379.892350234
"1146","DE","35-59",2024-11-28,2024-12-22,4,"quantile",0.75,665515.863270676
"1147","DE","35-59",2024-11-28,2024-12-22,4,"quantile",0.9,763366.88057497
"1148","DE","35-59",2024-11-28,2024-12-22,4,"quantile",0.975,884440.322501985
"1149","DE","60+",2024-11-28,2024-12-01,1,"quantile",0.025,64340.9798772537
"1150","DE","60+",2024-11-28,2024-12-01,1,"quantile",0.1,104584.603996369
"1151","DE","60+",2024-11-28,2024-12-01,1,"quantile",0.25,124976.881415951
"1152","DE","60+",2024-11-28,2024-12-01,1,"quantile",0.5,150670.329814021
"1153","DE","60+",2024-11-28,2024-12-01,1,"quantile",0.75,177111.959002848
"1154","DE","60+",2024-11-28,2024-12-01,1,"quantile",0.9,203500.272991508
"1155","DE","60+",2024-11-28,2024-12-01,1,"quantile",0.975,239093.394880125
"1156","DE","60+",2024-11-28,2024-12-08,2,"quantile",0.025,64478.2438761095
"1157","DE","60+",2024-11-28,2024-12-08,2,"quantile",0.1,104742.456476816
"1158","DE","60+",2024-11-28,2024-12-08,2,"quantile",0.25,132187.71763564
"1159","DE","60+",2024-11-28,2024-12-08,2,"quantile",0.5,161549.862292297
"1160","DE","60+",2024-11-28,2024-12-08,2,"quantile",0.75,190482.169668028
"1161","DE","60+",2024-11-28,2024-12-08,2,"quantile",0.9,222163.092350355
"1162","DE","60+",2024-11-28,2024-12-08,2,"quantile",0.975,264546.287288801
"1163","DE","60+",2024-11-28,2024-12-15,3,"quantile",0.025,64068.4420990596
"1164","DE","60+",2024-11-28,2024-12-15,3,"quantile",0.1,104382.405006053
"1165","DE","60+",2024-11-28,2024-12-15,3,"quantile",0.25,135559.046657701
"1166","DE","60+",2024-11-28,2024-12-15,3,"quantile",0.5,173254.001386811
"1167","DE","60+",2024-11-28,2024-12-15,3,"quantile",0.75,204657.798518645
"1168","DE","60+",2024-11-28,2024-12-15,3,"quantile",0.9,239184.885068487
"1169","DE","60+",2024-11-28,2024-12-15,3,"quantile",0.975,280416.742065281
"1170","DE","60+",2024-11-28,2024-12-22,4,"quantile",0.025,63003.6389770734
"1171","DE","60+",2024-11-28,2024-12-22,4,"quantile",0.1,101810.67749789
"1172","DE","60+",2024-11-28,2024-12-22,4,"quantile",0.25,135241.623683839
"1173","DE","60+",2024-11-28,2024-12-22,4,"quantile",0.5,181393.607960436
"1174","DE","60+",2024-11-28,2024-12-22,4,"quantile",0.75,218831.638255132
"1175","DE","60+",2024-11-28,2024-12-22,4,"quantile",0.9,254391.231492606
"1176","DE","60+",2024-11-28,2024-12-22,4,"quantile",0.975,299812.868673652
"1177","DE","00+",2024-12-05,2024-12-08,1,"quantile",0.025,740376.274118264
"1178","DE","00+",2024-12-05,2024-12-08,1,"quantile",0.1,1053308.97957226
"1179","DE","00+",2024-12-05,2024-12-08,1,"quantile",0.25,1215258.8663406
"1180","DE","00+",2024-12-05,2024-12-08,1,"quantile",0.5,1380902.97871143
"1181","DE","00+",2024-12-05,2024-12-08,1,"quantile",0.75,1563628.13758565
"1182","DE","00+",2024-12-05,2024-12-08,1,"quantile",0.9,1732150.67530079
"1183","DE","00+",2024-12-05,2024-12-08,1,"quantile",0.975,1930575.08240235
"1184","DE","00+",2024-12-05,2024-12-15,2,"quantile",0.025,684755.038364464
"1185","DE","00+",2024-12-05,2024-12-15,2,"quantile",0.1,988174.227446179
"1186","DE","00+",2024-12-05,2024-12-15,2,"quantile",0.25,1204091.30568394
"1187","DE","00+",2024-12-05,2024-12-15,2,"quantile",0.5,1417954.35653751
"1188","DE","00+",2024-12-05,2024-12-15,2,"quantile",0.75,1634074.46199196
"1189","DE","00+",2024-12-05,2024-12-15,2,"quantile",0.9,1831160.01488831
"1190","DE","00+",2024-12-05,2024-12-15,2,"quantile",0.975,2047540.95202606
"1191","DE","00+",2024-12-05,2024-12-22,3,"quantile",0.025,633757.79839043
"1192","DE","00+",2024-12-05,2024-12-22,3,"quantile",0.1,931944.524644024
"1193","DE","00+",2024-12-05,2024-12-22,3,"quantile",0.25,1175607.99485225
"1194","DE","00+",2024-12-05,2024-12-22,3,"quantile",0.5,1432214.27436124
"1195","DE","00+",2024-12-05,2024-12-22,3,"quantile",0.75,1671894.99574579
"1196","DE","00+",2024-12-05,2024-12-22,3,"quantile",0.9,1879081.32484922
"1197","DE","00+",2024-12-05,2024-12-22,3,"quantile",0.975,2116898.52283881
"1198","DE","00+",2024-12-05,2024-12-29,4,"quantile",0.025,593494.624150376
"1199","DE","00+",2024-12-05,2024-12-29,4,"quantile",0.1,824564.228533675
"1200","DE","00+",2024-12-05,2024-12-29,4,"quantile",0.25,1044570.54340709
"1201","DE","00+",2024-12-05,2024-12-29,4,"quantile",0.5,1292494.83398895
"1202","DE","00+",2024-12-05,2024-12-29,4,"quantile",0.75,1547709.46412172
"1203","DE","00+",2024-12-05,2024-12-29,4,"quantile",0.9,1796215.0081502
"1204","DE","00+",2024-12-05,2024-12-29,4,"quantile",0.975,2073363.02629418
"1205","DE","00-04",2024-12-05,2024-12-08,1,"quantile",0.025,90444.7231024278
"1206","DE","00-04",2024-12-05,2024-12-08,1,"quantile",0.1,134317.855468704
"1207","DE","00-04",2024-12-05,2024-12-08,1,"quantile",0.25,159117.68960183
"1208","DE","00-04",2024-12-05,2024-12-08,1,"quantile",0.5,187741.390087015
"1209","DE","00-04",2024-12-05,2024-12-08,1,"quantile",0.75,218500.378001775
"1210","DE","00-04",2024-12-05,2024-12-08,1,"quantile",0.9,249949.332163378
"1211","DE","00-04",2024-12-05,2024-12-08,1,"quantile",0.975,288672.844126357
"1212","DE","00-04",2024-12-05,2024-12-15,2,"quantile",0.025,85248.9587862835
"1213","DE","00-04",2024-12-05,2024-12-15,2,"quantile",0.1,132974.825149532
"1214","DE","00-04",2024-12-05,2024-12-15,2,"quantile",0.25,159477.622975554
"1215","DE","00-04",2024-12-05,2024-12-15,2,"quantile",0.5,190370.357269951
"1216","DE","00-04",2024-12-05,2024-12-15,2,"quantile",0.75,224265.266071559
"1217","DE","00-04",2024-12-05,2024-12-15,2,"quantile",0.9,256194.764395122
"1218","DE","00-04",2024-12-05,2024-12-15,2,"quantile",0.975,297040.57099519
"1219","DE","00-04",2024-12-05,2024-12-22,3,"quantile",0.025,82150.2342934157
"1220","DE","00-04",2024-12-05,2024-12-22,3,"quantile",0.1,130892.177241061
"1221","DE","00-04",2024-12-05,2024-12-22,3,"quantile",0.25,162146.25343904
"1222","DE","00-04",2024-12-05,2024-12-22,3,"quantile",0.5,194740.670198497
"1223","DE","00-04",2024-12-05,2024-12-22,3,"quantile",0.75,231610.189360547
"1224","DE","00-04",2024-12-05,2024-12-22,3,"quantile",0.9,266310.321643712
"1225","DE","00-04",2024-12-05,2024-12-22,3,"quantile",0.975,314497.151079836
"1226","DE","00-04",2024-12-05,2024-12-29,4,"quantile",0.025,79881.2630858921
"1227","DE","00-04",2024-12-05,2024-12-29,4,"quantile",0.1,114462.786486512
"1228","DE","00-04",2024-12-05,2024-12-29,4,"quantile",0.25,141241.892891757
"1229","DE","00-04",2024-12-05,2024-12-29,4,"quantile",0.5,173694.790882907
"1230","DE","00-04",2024-12-05,2024-12-29,4,"quantile",0.75,213456.393147427
"1231","DE","00-04",2024-12-05,2024-12-29,4,"quantile",0.9,250500.899056799
"1232","DE","00-04",2024-12-05,2024-12-29,4,"quantile",0.975,327598.772305212
"1233","DE","05-14",2024-12-05,2024-12-08,1,"quantile",0.025,64840.780997651
"1234","DE","05-14",2024-12-05,2024-12-08,1,"quantile",0.1,113373.382989967
"1235","DE","05-14",2024-12-05,2024-12-08,1,"quantile",0.25,140794.882647826
"1236","DE","05-14",2024-12-05,2024-12-08,1,"quantile",0.5,172381.793857753
"1237","DE","05-14",2024-12-05,2024-12-08,1,"quantile",0.75,204444.649162376
"1238","DE","05-14",2024-12-05,2024-12-08,1,"quantile",0.9,235992.709870196
"1239","DE","05-14",2024-12-05,2024-12-08,1,"quantile",0.975,275793.262559073
"1240","DE","05-14",2024-12-05,2024-12-15,2,"quantile",0.025,60946.1129982476
"1241","DE","05-14",2024-12-05,2024-12-15,2,"quantile",0.1,106346.313812395
"1242","DE","05-14",2024-12-05,2024-12-15,2,"quantile",0.25,140848.257549956
"1243","DE","05-14",2024-12-05,2024-12-15,2,"quantile",0.5,176598.590421785
"1244","DE","05-14",2024-12-05,2024-12-15,2,"quantile",0.75,215435.749940748
"1245","DE","05-14",2024-12-05,2024-12-15,2,"quantile",0.9,251873.675085705
"1246","DE","05-14",2024-12-05,2024-12-15,2,"quantile",0.975,296772.70017736
"1247","DE","05-14",2024-12-05,2024-12-22,3,"quantile",0.025,58710.672704669
"1248","DE","05-14",2024-12-05,2024-12-22,3,"quantile",0.1,101814.960784388
"1249","DE","05-14",2024-12-05,2024-12-22,3,"quantile",0.25,136872.072280999
"1250","DE","05-14",2024-12-05,2024-12-22,3,"quantile",0.5,176768.84435684
"1251","DE","05-14",2024-12-05,2024-12-22,3,"quantile",0.75,218013.884709727
"1252","DE","05-14",2024-12-05,2024-12-22,3,"quantile",0.9,257468.597226849
"1253","DE","05-14",2024-12-05,2024-12-22,3,"quantile",0.975,307661.229766596
"1254","DE","05-14",2024-12-05,2024-12-29,4,"quantile",0.025,55305.9450436379
"1255","DE","05-14",2024-12-05,2024-12-29,4,"quantile",0.1,85618.6381546073
"1256","DE","05-14",2024-12-05,2024-12-29,4,"quantile",0.25,111600.265821652
"1257","DE","05-14",2024-12-05,2024-12-29,4,"quantile",0.5,145810.592710298
"1258","DE","05-14",2024-12-05,2024-12-29,4,"quantile",0.75,189946.82193234
"1259","DE","05-14",2024-12-05,2024-12-29,4,"quantile",0.9,239482.722757283
"1260","DE","05-14",2024-12-05,2024-12-29,4,"quantile",0.975,320403.04776269
"1261","DE","15-34",2024-12-05,2024-12-08,1,"quantile",0.025,171660.252552758
"1262","DE","15-34",2024-12-05,2024-12-08,1,"quantile",0.1,274413.976363403
"1263","DE","15-34",2024-12-05,2024-12-08,1,"quantile",0.25,328165.629517614
"1264","DE","15-34",2024-12-05,2024-12-08,1,"quantile",0.5,382566.790796541
"1265","DE","15-34",2024-12-05,2024-12-08,1,"quantile",0.75,450207.46936242
"1266","DE","15-34",2024-12-05,2024-12-08,1,"quantile",0.9,507736.81572384
"1267","DE","15-34",2024-12-05,2024-12-08,1,"quantile",0.975,582961.055519954
"1268","DE","15-34",2024-12-05,2024-12-15,2,"quantile",0.025,161039.268312849
"1269","DE","15-34",2024-12-05,2024-12-15,2,"quantile",0.1,262435.613259345
"1270","DE","15-34",2024-12-05,2024-12-15,2,"quantile",0.25,330465.703635202
"1271","DE","15-34",2024-12-05,2024-12-15,2,"quantile",0.5,398706.022380193
"1272","DE","15-34",2024-12-05,2024-12-15,2,"quantile",0.75,471323.008900369
"1273","DE","15-34",2024-12-05,2024-12-15,2,"quantile",0.9,542011.621286209
"1274","DE","15-34",2024-12-05,2024-12-15,2,"quantile",0.975,621610.039323575
"1275","DE","15-34",2024-12-05,2024-12-22,3,"quantile",0.025,156280.76871237
"1276","DE","15-34",2024-12-05,2024-12-22,3,"quantile",0.1,252831.276370779
"1277","DE","15-34",2024-12-05,2024-12-22,3,"quantile",0.25,327227.59604246
"1278","DE","15-34",2024-12-05,2024-12-22,3,"quantile",0.5,409649.244259038
"1279","DE","15-34",2024-12-05,2024-12-22,3,"quantile",0.75,492626.595443027
"1280","DE","15-34",2024-12-05,2024-12-22,3,"quantile",0.9,565145.763212822
"1281","DE","15-34",2024-12-05,2024-12-22,3,"quantile",0.975,652646.033904537
"1282","DE","15-34",2024-12-05,2024-12-29,4,"quantile",0.025,148459.084267183
"1283","DE","15-34",2024-12-05,2024-12-29,4,"quantile",0.1,212185.745779009
"1284","DE","15-34",2024-12-05,2024-12-29,4,"quantile",0.25,286999.875601891
"1285","DE","15-34",2024-12-05,2024-12-29,4,"quantile",0.5,368646.019387734
"1286","DE","15-34",2024-12-05,2024-12-29,4,"quantile",0.75,463448.825890866
"1287","DE","15-34",2024-12-05,2024-12-29,4,"quantile",0.9,547515.100243256
"1288","DE","15-34",2024-12-05,2024-12-29,4,"quantile",0.975,659902.324917091
"1289","DE","35-59",2024-12-05,2024-12-08,1,"quantile",0.025,205333.236179107
"1290","DE","35-59",2024-12-05,2024-12-08,1,"quantile",0.1,326382.957079118
"1291","DE","35-59",2024-12-05,2024-12-08,1,"quantile",0.25,394862.73327454
"1292","DE","35-59",2024-12-05,2024-12-08,1,"quantile",0.5,463458.077904201
"1293","DE","35-59",2024-12-05,2024-12-08,1,"quantile",0.75,540591.465186251
"1294","DE","35-59",2024-12-05,2024-12-08,1,"quantile",0.9,611441.014000005
"1295","DE","35-59",2024-12-05,2024-12-08,1,"quantile",0.975,697314.713247357
"1296","DE","35-59",2024-12-05,2024-12-15,2,"quantile",0.025,196590.567707247
"1297","DE","35-59",2024-12-05,2024-12-15,2,"quantile",0.1,314892.135926932
"1298","DE","35-59",2024-12-05,2024-12-15,2,"quantile",0.25,396104.392154381
"1299","DE","35-59",2024-12-05,2024-12-15,2,"quantile",0.5,478529.489685014
"1300","DE","35-59",2024-12-05,2024-12-15,2,"quantile",0.75,571466.514885506
"1301","DE","35-59",2024-12-05,2024-12-15,2,"quantile",0.9,649225.002987504
"1302","DE","35-59",2024-12-05,2024-12-15,2,"quantile",0.975,742052.08959037
"1303","DE","35-59",2024-12-05,2024-12-22,3,"quantile",0.025,192669.343031773
"1304","DE","35-59",2024-12-05,2024-12-22,3,"quantile",0.1,307235.539765326
"1305","DE","35-59",2024-12-05,2024-12-22,3,"quantile",0.25,400668.460146623
"1306","DE","35-59",2024-12-05,2024-12-22,3,"quantile",0.5,507363.171824851
"1307","DE","35-59",2024-12-05,2024-12-22,3,"quantile",0.75,618501.591830084
"1308","DE","35-59",2024-12-05,2024-12-22,3,"quantile",0.9,704805.442176252
"1309","DE","35-59",2024-12-05,2024-12-22,3,"quantile",0.975,810284.643101941
"1310","DE","35-59",2024-12-05,2024-12-29,4,"quantile",0.025,187020.053415624
"1311","DE","35-59",2024-12-05,2024-12-29,4,"quantile",0.1,272349.542672178
"1312","DE","35-59",2024-12-05,2024-12-29,4,"quantile",0.25,367262.16601058
"1313","DE","35-59",2024-12-05,2024-12-29,4,"quantile",0.5,479954.688267272
"1314","DE","35-59",2024-12-05,2024-12-29,4,"quantile",0.75,597981.592671701
"1315","DE","35-59",2024-12-05,2024-12-29,4,"quantile",0.9,700400.393553715
"1316","DE","35-59",2024-12-05,2024-12-29,4,"quantile",0.975,834875.475866988
"1317","DE","60+",2024-12-05,2024-12-08,1,"quantile",0.025,65863.4577724145
"1318","DE","60+",2024-12-05,2024-12-08,1,"quantile",0.1,102953.336844037
"1319","DE","60+",2024-12-05,2024-12-08,1,"quantile",0.25,123791.679574432
"1320","DE","60+",2024-12-05,2024-12-08,1,"quantile",0.5,146600.222033349
"1321","DE","60+",2024-12-05,2024-12-08,1,"quantile",0.75,175287.336227805
"1322","DE","60+",2024-12-05,2024-12-08,1,"quantile",0.9,204666.351086303
"1323","DE","60+",2024-12-05,2024-12-08,1,"quantile",0.975,245120.621261273
"1324","DE","60+",2024-12-05,2024-12-15,2,"quantile",0.025,64072.7730522973
"1325","DE","60+",2024-12-05,2024-12-15,2,"quantile",0.1,98406.9503266814
"1326","DE","60+",2024-12-05,2024-12-15,2,"quantile",0.25,122834.573169981
"1327","DE","60+",2024-12-05,2024-12-15,2,"quantile",0.5,152553.17184961
"1328","DE","60+",2024-12-05,2024-12-15,2,"quantile",0.75,184085.931568826
"1329","DE","60+",2024-12-05,2024-12-15,2,"quantile",0.9,216067.167786098
"1330","DE","60+",2024-12-05,2024-12-15,2,"quantile",0.975,253972.112933791
"1331","DE","60+",2024-12-05,2024-12-22,3,"quantile",0.025,64400.4387007279
"1332","DE","60+",2024-12-05,2024-12-22,3,"quantile",0.1,98271.797369321
"1333","DE","60+",2024-12-05,2024-12-22,3,"quantile",0.25,130725.02459379
"1334","DE","60+",2024-12-05,2024-12-22,3,"quantile",0.5,165157.238614322
"1335","DE","60+",2024-12-05,2024-12-22,3,"quantile",0.75,198874.422184809
"1336","DE","60+",2024-12-05,2024-12-22,3,"quantile",0.9,230761.7684454
"1337","DE","60+",2024-12-05,2024-12-22,3,"quantile",0.975,271212.090969203
"1338","DE","60+",2024-12-05,2024-12-29,4,"quantile",0.025,62275.5421599777
"1339","DE","60+",2024-12-05,2024-12-29,4,"quantile",0.1,89553.6483310253
"1340","DE","60+",2024-12-05,2024-12-29,4,"quantile",0.25,120399.998843404
"1341","DE","60+",2024-12-05,2024-12-29,4,"quantile",0.5,162365.222755033
"1342","DE","60+",2024-12-05,2024-12-29,4,"quantile",0.75,204882.157098842
"1343","DE","60+",2024-12-05,2024-12-29,4,"quantile",0.9,240112.906956897
"1344","DE","60+",2024-12-05,2024-12-29,4,"quantile",0.975,286169.123867778
"1345","DE","00+",2024-12-12,2024-12-15,1,"quantile",0.025,658389.620811572
"1346","DE","00+",2024-12-12,2024-12-15,1,"quantile",0.1,972543.429262837
"1347","DE","00+",2024-12-12,2024-12-15,1,"quantile",0.25,1140428.88476145
"1348","DE","00+",2024-12-12,2024-12-15,1,"quantile",0.5,1308746.53283889
"1349","DE","00+",2024-12-12,2024-12-15,1,"quantile",0.75,1481665.60029011
"1350","DE","00+",2024-12-12,2024-12-15,1,"quantile",0.9,1648162.97549291
"1351","DE","00+",2024-12-12,2024-12-15,1,"quantile",0.975,1840884.22251484
"1352","DE","00+",2024-12-12,2024-12-22,2,"quantile",0.025,574139.881802603
"1353","DE","00+",2024-12-12,2024-12-22,2,"quantile",0.1,871723.181658432
"1354","DE","00+",2024-12-12,2024-12-22,2,"quantile",0.25,1106990.66314168
"1355","DE","00+",2024-12-12,2024-12-22,2,"quantile",0.5,1323664.13966315
"1356","DE","00+",2024-12-12,2024-12-22,2,"quantile",0.75,1535337.22826502
"1357","DE","00+",2024-12-12,2024-12-22,2,"quantile",0.9,1725707.94547238
"1358","DE","00+",2024-12-12,2024-12-22,2,"quantile",0.975,1943439.5456345
"1359","DE","00+",2024-12-12,2024-12-29,3,"quantile",0.025,536965.738175897
"1360","DE","00+",2024-12-12,2024-12-29,3,"quantile",0.1,758883.291153907
"1361","DE","00+",2024-12-12,2024-12-29,3,"quantile",0.25,971194.269856986
"1362","DE","00+",2024-12-12,2024-12-29,3,"quantile",0.5,1222119.59402466
"1363","DE","00+",2024-12-12,2024-12-29,3,"quantile",0.75,1463254.98786847
"1364","DE","00+",2024-12-12,2024-12-29,3,"quantile",0.9,1703048.43260937
"1365","DE","00+",2024-12-12,2024-12-29,3,"quantile",0.975,1985731.45760588
"1366","DE","00+",2024-12-12,2025-01-05,4,"quantile",0.025,494377.496832021
"1367","DE","00+",2024-12-12,2025-01-05,4,"quantile",0.1,725675.600347953
"1368","DE","00+",2024-12-12,2025-01-05,4,"quantile",0.25,980265.946360416
"1369","DE","00+",2024-12-12,2025-01-05,4,"quantile",0.5,1231143.45502648
"1370","DE","00+",2024-12-12,2025-01-05,4,"quantile",0.75,1454440.57942579
"1371","DE","00+",2024-12-12,2025-01-05,4,"quantile",0.9,1660248.27784936
"1372","DE","00+",2024-12-12,2025-01-05,4,"quantile",0.975,1923562.43246753
"1373","DE","00-04",2024-12-12,2024-12-15,1,"quantile",0.025,87841.5787821885
"1374","DE","00-04",2024-12-12,2024-12-15,1,"quantile",0.1,131559.149464185
"1375","DE","00-04",2024-12-12,2024-12-15,1,"quantile",0.25,155551.507543097
"1376","DE","00-04",2024-12-12,2024-12-15,1,"quantile",0.5,181797.148739225
"1377","DE","00-04",2024-12-12,2024-12-15,1,"quantile",0.75,210395.663154518
"1378","DE","00-04",2024-12-12,2024-12-15,1,"quantile",0.9,237813.504950578
"1379","DE","00-04",2024-12-12,2024-12-15,1,"quantile",0.975,272788.718698365
"1380","DE","00-04",2024-12-12,2024-12-22,2,"quantile",0.025,83259.8350157393
"1381","DE","00-04",2024-12-12,2024-12-22,2,"quantile",0.1,127754.560743006
"1382","DE","00-04",2024-12-12,2024-12-22,2,"quantile",0.25,152793.080411082
"1383","DE","00-04",2024-12-12,2024-12-22,2,"quantile",0.5,183188.980794095
"1384","DE","00-04",2024-12-12,2024-12-22,2,"quantile",0.75,212985.966319953
"1385","DE","00-04",2024-12-12,2024-12-22,2,"quantile",0.9,242499.729847776
"1386","DE","00-04",2024-12-12,2024-12-22,2,"quantile",0.975,279635.783502996
"1387","DE","00-04",2024-12-12,2024-12-29,3,"quantile",0.025,76843.2434735484
"1388","DE","00-04",2024-12-12,2024-12-29,3,"quantile",0.1,109477.374456298
"1389","DE","00-04",2024-12-12,2024-12-29,3,"quantile",0.25,131225.925638423
"1390","DE","00-04",2024-12-12,2024-12-29,3,"quantile",0.5,160888.696752173
"1391","DE","00-04",2024-12-12,2024-12-29,3,"quantile",0.75,196567.658930233
"1392","DE","00-04",2024-12-12,2024-12-29,3,"quantile",0.9,230449.839427289
"1393","DE","00-04",2024-12-12,2024-12-29,3,"quantile",0.975,294172.404787652
"1394","DE","00-04",2024-12-12,2025-01-05,4,"quantile",0.025,70766.8091040453
"1395","DE","00-04",2024-12-12,2025-01-05,4,"quantile",0.1,109439.008747194
"1396","DE","00-04",2024-12-12,2025-01-05,4,"quantile",0.25,130052.009101094
"1397","DE","00-04",2024-12-12,2025-01-05,4,"quantile",0.5,157314.256950554
"1398","DE","00-04",2024-12-12,2025-01-05,4,"quantile",0.75,192069.248108566
"1399","DE","00-04",2024-12-12,2025-01-05,4,"quantile",0.9,223947.899486742
"1400","DE","00-04",2024-12-12,2025-01-05,4,"quantile",0.975,293311.584454457
"1401","DE","05-14",2024-12-12,2024-12-15,1,"quantile",0.025,64080.6631082568
"1402","DE","05-14",2024-12-12,2024-12-15,1,"quantile",0.1,113291.482882033
"1403","DE","05-14",2024-12-12,2024-12-15,1,"quantile",0.25,139076.541731753
"1404","DE","05-14",2024-12-12,2024-12-15,1,"quantile",0.5,166157.238240629
"1405","DE","05-14",2024-12-12,2024-12-15,1,"quantile",0.75,195002.625128516
"1406","DE","05-14",2024-12-12,2024-12-15,1,"quantile",0.9,224207.820527504
"1407","DE","05-14",2024-12-12,2024-12-15,1,"quantile",0.975,260474.432853924
"1408","DE","05-14",2024-12-12,2024-12-22,2,"quantile",0.025,59402.0662222186
"1409","DE","05-14",2024-12-12,2024-12-22,2,"quantile",0.1,103038.950482496
"1410","DE","05-14",2024-12-12,2024-12-22,2,"quantile",0.25,134546.275045477
"1411","DE","05-14",2024-12-12,2024-12-22,2,"quantile",0.5,167927.552062371
"1412","DE","05-14",2024-12-12,2024-12-22,2,"quantile",0.75,202079.173967584
"1413","DE","05-14",2024-12-12,2024-12-22,2,"quantile",0.9,234249.223244351
"1414","DE","05-14",2024-12-12,2024-12-22,2,"quantile",0.975,274153.078331228
"1415","DE","05-14",2024-12-12,2024-12-29,3,"quantile",0.025,55904.4861599287
"1416","DE","05-14",2024-12-12,2024-12-29,3,"quantile",0.1,82051.8635110412
"1417","DE","05-14",2024-12-12,2024-12-29,3,"quantile",0.25,107799.745074544
"1418","DE","05-14",2024-12-12,2024-12-29,3,"quantile",0.5,136503.028807386
"1419","DE","05-14",2024-12-12,2024-12-29,3,"quantile",0.75,174460.56676705
"1420","DE","05-14",2024-12-12,2024-12-29,3,"quantile",0.9,221816.661591166
"1421","DE","05-14",2024-12-12,2024-12-29,3,"quantile",0.975,288615.766194992
"1422","DE","05-14",2024-12-12,2025-01-05,4,"quantile",0.025,51313.2279080366
"1423","DE","05-14",2024-12-12,2025-01-05,4,"quantile",0.1,81526.556100482
"1424","DE","05-14",2024-12-12,2025-01-05,4,"quantile",0.25,111713.587932751
"1425","DE","05-14",2024-12-12,2025-01-05,4,"quantile",0.5,142321.365221331
"1426","DE","05-14",2024-12-12,2025-01-05,4,"quantile",0.75,181568.77559503
"1427","DE","05-14",2024-12-12,2025-01-05,4,"quantile",0.9,227212.237467253
"1428","DE","05-14",2024-12-12,2025-01-05,4,"quantile",0.975,290320.108292505
"1429","DE","15-34",2024-12-12,2024-12-15,1,"quantile",0.025,161607.828953353
"1430","DE","15-34",2024-12-12,2024-12-15,1,"quantile",0.1,265134.917533381
"1431","DE","15-34",2024-12-12,2024-12-15,1,"quantile",0.25,318139.258356307
"1432","DE","15-34",2024-12-12,2024-12-15,1,"quantile",0.5,372851.531829903
"1433","DE","15-34",2024-12-12,2024-12-15,1,"quantile",0.75,424389.238022604
"1434","DE","15-34",2024-12-12,2024-12-15,1,"quantile",0.9,476848.463297153
"1435","DE","15-34",2024-12-12,2024-12-15,1,"quantile",0.975,548599.056206274
"1436","DE","15-34",2024-12-12,2024-12-22,2,"quantile",0.025,150312.063156605
"1437","DE","15-34",2024-12-12,2024-12-22,2,"quantile",0.1,244759.813356122
"1438","DE","15-34",2024-12-12,2024-12-22,2,"quantile",0.25,313716.74866009
"1439","DE","15-34",2024-12-12,2024-12-22,2,"quantile",0.5,382473.934050162
"1440","DE","15-34",2024-12-12,2024-12-22,2,"quantile",0.75,444221.101077614
"1441","DE","15-34",2024-12-12,2024-12-22,2,"quantile",0.9,502476.282991191
"1442","DE","15-34",2024-12-12,2024-12-22,2,"quantile",0.975,573845.61483591
"1443","DE","15-34",2024-12-12,2024-12-29,3,"quantile",0.025,142555.523737476
"1444","DE","15-34",2024-12-12,2024-12-29,3,"quantile",0.1,196445.530994213
"1445","DE","15-34",2024-12-12,2024-12-29,3,"quantile",0.25,263957.117184955
"1446","DE","15-34",2024-12-12,2024-12-29,3,"quantile",0.5,338989.914734416
"1447","DE","15-34",2024-12-12,2024-12-29,3,"quantile",0.75,422148.855642247
"1448","DE","15-34",2024-12-12,2024-12-29,3,"quantile",0.9,499466.831926708
"1449","DE","15-34",2024-12-12,2024-12-29,3,"quantile",0.975,600235.921561301
"1450","DE","15-34",2024-12-12,2025-01-05,4,"quantile",0.025,130816.406860815
"1451","DE","15-34",2024-12-12,2025-01-05,4,"quantile",0.1,190669.901698075
"1452","DE","15-34",2024-12-12,2025-01-05,4,"quantile",0.25,282716.340453704
"1453","DE","15-34",2024-12-12,2025-01-05,4,"quantile",0.5,356367.682002675
"1454","DE","15-34",2024-12-12,2025-01-05,4,"quantile",0.75,430487.881422377
"1455","DE","15-34",2024-12-12,2025-01-05,4,"quantile",0.9,496476.141226125
"1456","DE","15-34",2024-12-12,2025-01-05,4,"quantile",0.975,598629.246973362
"1457","DE","35-59",2024-12-12,2024-12-15,1,"quantile",0.025,192510.89068878
"1458","DE","35-59",2024-12-12,2024-12-15,1,"quantile",0.1,319091.0751938
"1459","DE","35-59",2024-12-12,2024-12-15,1,"quantile",0.25,384684.997472626
"1460","DE","35-59",2024-12-12,2024-12-15,1,"quantile",0.5,450348.16756906
"1461","DE","35-59",2024-12-12,2024-12-15,1,"quantile",0.75,515242.690570765
"1462","DE","35-59",2024-12-12,2024-12-15,1,"quantile",0.9,581328.553673583
"1463","DE","35-59",2024-12-12,2024-12-15,1,"quantile",0.975,661319.391036534
"1464","DE","35-59",2024-12-12,2024-12-22,2,"quantile",0.025,182655.855718532
"1465","DE","35-59",2024-12-12,2024-12-22,2,"quantile",0.1,295354.398379331
"1466","DE","35-59",2024-12-12,2024-12-22,2,"quantile",0.25,381387.732257027
"1467","DE","35-59",2024-12-12,2024-12-22,2,"quantile",0.5,469706.36077221
"1468","DE","35-59",2024-12-12,2024-12-22,2,"quantile",0.75,540914.393758932
"1469","DE","35-59",2024-12-12,2024-12-22,2,"quantile",0.9,609180.043666594
"1470","DE","35-59",2024-12-12,2024-12-22,2,"quantile",0.975,696182.764400251
"1471","DE","35-59",2024-12-12,2024-12-29,3,"quantile",0.025,176609.925964999
"1472","DE","35-59",2024-12-12,2024-12-29,3,"quantile",0.1,245916.53128028
"1473","DE","35-59",2024-12-12,2024-12-29,3,"quantile",0.25,346523.052958952
"1474","DE","35-59",2024-12-12,2024-12-29,3,"quantile",0.5,454114.281918128
"1475","DE","35-59",2024-12-12,2024-12-29,3,"quantile",0.75,551721.488884592
"1476","DE","35-59",2024-12-12,2024-12-29,3,"quantile",0.9,641443.724900838
"1477","DE","35-59",2024-12-12,2024-12-29,3,"quantile",0.975,748202.830912509
"1478","DE","35-59",2024-12-12,2025-01-05,4,"quantile",0.025,165790.600831869
"1479","DE","35-59",2024-12-12,2025-01-05,4,"quantile",0.1,247366.919935185
"1480","DE","35-59",2024-12-12,2025-01-05,4,"quantile",0.25,365320.183609959
"1481","DE","35-59",2024-12-12,2025-01-05,4,"quantile",0.5,479820.692496426
"1482","DE","35-59",2024-12-12,2025-01-05,4,"quantile",0.75,569621.371860869
"1483","DE","35-59",2024-12-12,2025-01-05,4,"quantile",0.9,651345.200159247
"1484","DE","35-59",2024-12-12,2025-01-05,4,"quantile",0.975,767452.24506179
"1485","DE","60+",2024-12-12,2024-12-15,1,"quantile",0.025,62513.5528536657
"1486","DE","60+",2024-12-12,2024-12-15,1,"quantile",0.1,99571.8495891212
"1487","DE","60+",2024-12-12,2024-12-15,1,"quantile",0.25,119956.891754215
"1488","DE","60+",2024-12-12,2024-12-15,1,"quantile",0.5,143690.030391072
"1489","DE","60+",2024-12-12,2024-12-15,1,"quantile",0.75,169848.895123385
"1490","DE","60+",2024-12-12,2024-12-15,1,"quantile",0.9,197039.50560904
"1491","DE","60+",2024-12-12,2024-12-15,1,"quantile",0.975,233053.876631409
"1492","DE","60+",2024-12-12,2024-12-22,2,"quantile",0.025,60732.0929152782
"1493","DE","60+",2024-12-12,2024-12-22,2,"quantile",0.1,93263.0260369429
"1494","DE","60+",2024-12-12,2024-12-22,2,"quantile",0.25,118999.516340473
"1495","DE","60+",2024-12-12,2024-12-22,2,"quantile",0.5,147633.704229843
"1496","DE","60+",2024-12-12,2024-12-22,2,"quantile",0.75,175897.054641968
"1497","DE","60+",2024-12-12,2024-12-22,2,"quantile",0.9,205374.665195772
"1498","DE","60+",2024-12-12,2024-12-22,2,"quantile",0.975,243007.061308118
"1499","DE","60+",2024-12-12,2024-12-29,3,"quantile",0.025,60263.9890425845
"1500","DE","60+",2024-12-12,2024-12-29,3,"quantile",0.1,83570.8605530509
"1501","DE","60+",2024-12-12,2024-12-29,3,"quantile",0.25,113134.798152595
"1502","DE","60+",2024-12-12,2024-12-29,3,"quantile",0.5,148778.557003496
"1503","DE","60+",2024-12-12,2024-12-29,3,"quantile",0.75,180264.598295699
"1504","DE","60+",2024-12-12,2024-12-29,3,"quantile",0.9,218346.905075828
"1505","DE","60+",2024-12-12,2024-12-29,3,"quantile",0.975,256717.215643133
"1506","DE","60+",2024-12-12,2025-01-05,4,"quantile",0.025,57391.0895911841
"1507","DE","60+",2024-12-12,2025-01-05,4,"quantile",0.1,87156.906841666
"1508","DE","60+",2024-12-12,2025-01-05,4,"quantile",0.25,125190.800249267
"1509","DE","60+",2024-12-12,2025-01-05,4,"quantile",0.5,162366.274210074
"1510","DE","60+",2024-12-12,2025-01-05,4,"quantile",0.75,197013.400532534
"1511","DE","60+",2024-12-12,2025-01-05,4,"quantile",0.9,227914.024113518
"1512","DE","60+",2024-12-12,2025-01-05,4,"quantile",0.975,266732.006540081
"1513","DE","00+",2024-12-19,2024-12-22,1,"quantile",0.025,801009.713900278
"1514","DE","00+",2024-12-19,2024-12-22,1,"quantile",0.1,1070633.09689904
"1515","DE","00+",2024-12-19,2024-12-22,1,"quantile",0.25,1201782.67336878
"1516","DE","00+",2024-12-19,2024-12-22,1,"quantile",0.5,1380696.78511991
"1517","DE","00+",2024-12-19,2024-12-22,1,"quantile",0.75,1543490.50238483
"1518","DE","00+",2024-12-19,2024-12-22,1,"quantile",0.9,1697526.56278507
"1519","DE","00+",2024-12-19,2024-12-22,1,"quantile",0.975,1872946.33962494
"1520","DE","00+",2024-12-19,2024-12-29,2,"quantile",0.025,805499.227828002
"1521","DE","00+",2024-12-19,2024-12-29,2,"quantile",0.1,962642.641307038
"1522","DE","00+",2024-12-19,2024-12-29,2,"quantile",0.25,1119104.86814248
"1523","DE","00+",2024-12-19,2024-12-29,2,"quantile",0.5,1301505.85416976
"1524","DE","00+",2024-12-19,2024-12-29,2,"quantile",0.75,1515250.34124557
"1525","DE","00+",2024-12-19,2024-12-29,2,"quantile",0.9,1687821.49957647
"1526","DE","00+",2024-12-19,2024-12-29,2,"quantile",0.975,1914206.15606441
"1527","DE","00+",2024-12-19,2025-01-05,3,"quantile",0.025,727824.156294239
"1528","DE","00+",2024-12-19,2025-01-05,3,"quantile",0.1,906677.930945596
"1529","DE","00+",2024-12-19,2025-01-05,3,"quantile",0.25,1117026.61396463
"1530","DE","00+",2024-12-19,2025-01-05,3,"quantile",0.5,1353170.5791277
"1531","DE","00+",2024-12-19,2025-01-05,3,"quantile",0.75,1532948.24342611
"1532","DE","00+",2024-12-19,2025-01-05,3,"quantile",0.9,1721760.16009382
"1533","DE","00+",2024-12-19,2025-01-05,3,"quantile",0.975,1972405.04613641
"1534","DE","00+",2024-12-19,2025-01-12,4,"quantile",0.025,630501.730920723
"1535","DE","00+",2024-12-19,2025-01-12,4,"quantile",0.1,860991.784239028
"1536","DE","00+",2024-12-19,2025-01-12,4,"quantile",0.25,1116548.00313975
"1537","DE","00+",2024-12-19,2025-01-12,4,"quantile",0.5,1361048.30879812
"1538","DE","00+",2024-12-19,2025-01-12,4,"quantile",0.75,1576754.00094622
"1539","DE","00+",2024-12-19,2025-01-12,4,"quantile",0.9,1778055.44006796
"1540","DE","00+",2024-12-19,2025-01-12,4,"quantile",0.975,2058439.94758155
"1541","DE","00-04",2024-12-19,2024-12-22,1,"quantile",0.025,93618.8078986722
"1542","DE","00-04",2024-12-19,2024-12-22,1,"quantile",0.1,136406.684312941
"1543","DE","00-04",2024-12-19,2024-12-22,1,"quantile",0.25,159567.638050265
"1544","DE","00-04",2024-12-19,2024-12-22,1,"quantile",0.5,188691.419579121
"1545","DE","00-04",2024-12-19,2024-12-22,1,"quantile",0.75,217294.501561844
"1546","DE","00-04",2024-12-19,2024-12-22,1,"quantile",0.9,245772.896301238
"1547","DE","00-04",2024-12-19,2024-12-22,1,"quantile",0.975,283373.273051512
"1548","DE","00-04",2024-12-19,2024-12-29,2,"quantile",0.025,88773.5075577146
"1549","DE","00-04",2024-12-19,2024-12-29,2,"quantile",0.1,113349.444119429
"1550","DE","00-04",2024-12-19,2024-12-29,2,"quantile",0.25,135610.827740474
"1551","DE","00-04",2024-12-19,2024-12-29,2,"quantile",0.5,167994.889088395
"1552","DE","00-04",2024-12-19,2024-12-29,2,"quantile",0.75,203032.098894481
"1553","DE","00-04",2024-12-19,2024-12-29,2,"quantile",0.9,241271.841647198
"1554","DE","00-04",2024-12-19,2024-12-29,2,"quantile",0.975,293096.783334286
"1555","DE","00-04",2024-12-19,2025-01-05,3,"quantile",0.025,79996.6626399819
"1556","DE","00-04",2024-12-19,2025-01-05,3,"quantile",0.1,110484.933733763
"1557","DE","00-04",2024-12-19,2025-01-05,3,"quantile",0.25,134899.531194185
"1558","DE","00-04",2024-12-19,2025-01-05,3,"quantile",0.5,165096.708790043
"1559","DE","00-04",2024-12-19,2025-01-05,3,"quantile",0.75,199023.828649024
"1560","DE","00-04",2024-12-19,2025-01-05,3,"quantile",0.9,232429.532034654
"1561","DE","00-04",2024-12-19,2025-01-05,3,"quantile",0.975,295331.528201246
"1562","DE","00-04",2024-12-19,2025-01-12,4,"quantile",0.025,77679.0676874831
"1563","DE","00-04",2024-12-19,2025-01-12,4,"quantile",0.1,116347.211884223
"1564","DE","00-04",2024-12-19,2025-01-12,4,"quantile",0.25,142916.16637039
"1565","DE","00-04",2024-12-19,2025-01-12,4,"quantile",0.5,173426.685432668
"1566","DE","00-04",2024-12-19,2025-01-12,4,"quantile",0.75,206252.201433107
"1567","DE","00-04",2024-12-19,2025-01-12,4,"quantile",0.9,239484.920757452
"1568","DE","00-04",2024-12-19,2025-01-12,4,"quantile",0.975,309849.07547274
"1569","DE","05-14",2024-12-19,2024-12-22,1,"quantile",0.025,68002.5413140249
"1570","DE","05-14",2024-12-19,2024-12-22,1,"quantile",0.1,111543.326184316
"1571","DE","05-14",2024-12-19,2024-12-22,1,"quantile",0.25,141449.435303393
"1572","DE","05-14",2024-12-19,2024-12-22,1,"quantile",0.5,170619.510098712
"1573","DE","05-14",2024-12-19,2024-12-22,1,"quantile",0.75,199965.93256879
"1574","DE","05-14",2024-12-19,2024-12-22,1,"quantile",0.9,229121.588041404
"1575","DE","05-14",2024-12-19,2024-12-22,1,"quantile",0.975,265824.174166228
"1576","DE","05-14",2024-12-19,2024-12-29,2,"quantile",0.025,62210.5404346589
"1577","DE","05-14",2024-12-19,2024-12-29,2,"quantile",0.1,90265.3413966284
"1578","DE","05-14",2024-12-19,2024-12-29,2,"quantile",0.25,113350.217476345
"1579","DE","05-14",2024-12-19,2024-12-29,2,"quantile",0.5,145376.228516552
"1580","DE","05-14",2024-12-19,2024-12-29,2,"quantile",0.75,187039.347983224
"1581","DE","05-14",2024-12-19,2024-12-29,2,"quantile",0.9,224142.72979008
"1582","DE","05-14",2024-12-19,2024-12-29,2,"quantile",0.975,281062.061080463
"1583","DE","05-14",2024-12-19,2025-01-05,3,"quantile",0.025,58194.5451051802
"1584","DE","05-14",2024-12-19,2025-01-05,3,"quantile",0.1,84377.8146829258
"1585","DE","05-14",2024-12-19,2025-01-05,3,"quantile",0.25,114800.812786643
"1586","DE","05-14",2024-12-19,2025-01-05,3,"quantile",0.5,145798.168558923
"1587","DE","05-14",2024-12-19,2025-01-05,3,"quantile",0.75,186064.411514124
"1588","DE","05-14",2024-12-19,2025-01-05,3,"quantile",0.9,226450.60298611
"1589","DE","05-14",2024-12-19,2025-01-05,3,"quantile",0.975,288658.372584724
"1590","DE","05-14",2024-12-19,2025-01-12,4,"quantile",0.025,55847.7149301132
"1591","DE","05-14",2024-12-19,2025-01-12,4,"quantile",0.1,86142.7710266678
"1592","DE","05-14",2024-12-19,2025-01-12,4,"quantile",0.25,120158.444744829
"1593","DE","05-14",2024-12-19,2025-01-12,4,"quantile",0.5,156399.592414786
"1594","DE","05-14",2024-12-19,2025-01-12,4,"quantile",0.75,196094.698162383
"1595","DE","05-14",2024-12-19,2025-01-12,4,"quantile",0.9,238336.648316156
"1596","DE","05-14",2024-12-19,2025-01-12,4,"quantile",0.975,298654.757760287
"1597","DE","15-34",2024-12-19,2024-12-22,1,"quantile",0.025,171126.479989123
"1598","DE","15-34",2024-12-19,2024-12-22,1,"quantile",0.1,267918.452880923
"1599","DE","15-34",2024-12-19,2024-12-22,1,"quantile",0.25,317010.163382117
"1600","DE","15-34",2024-12-19,2024-12-22,1,"quantile",0.5,380679.120615116
"1601","DE","15-34",2024-12-19,2024-12-22,1,"quantile",0.75,439066.03996984
"1602","DE","15-34",2024-12-19,2024-12-22,1,"quantile",0.9,500931.728421964
"1603","DE","15-34",2024-12-19,2024-12-22,1,"quantile",0.975,578086.896405867
"1604","DE","15-34",2024-12-19,2024-12-29,2,"quantile",0.025,159986.403367712
"1605","DE","15-34",2024-12-19,2024-12-29,2,"quantile",0.1,214477.554076188
"1606","DE","15-34",2024-12-19,2024-12-29,2,"quantile",0.25,279758.602912328
"1607","DE","15-34",2024-12-19,2024-12-29,2,"quantile",0.5,346732.776543542
"1608","DE","15-34",2024-12-19,2024-12-29,2,"quantile",0.75,425952.017393681
"1609","DE","15-34",2024-12-19,2024-12-29,2,"quantile",0.9,499626.731745465
"1610","DE","15-34",2024-12-19,2024-12-29,2,"quantile",0.975,608192.38361267
"1611","DE","15-34",2024-12-19,2025-01-05,3,"quantile",0.025,147532.418860138
"1612","DE","15-34",2024-12-19,2025-01-05,3,"quantile",0.1,201232.923047283
"1613","DE","15-34",2024-12-19,2025-01-05,3,"quantile",0.25,283971.352015741
"1614","DE","15-34",2024-12-19,2025-01-05,3,"quantile",0.5,364909.825842593
"1615","DE","15-34",2024-12-19,2025-01-05,3,"quantile",0.75,441954.303984392
"1616","DE","15-34",2024-12-19,2025-01-05,3,"quantile",0.9,510481.637224136
"1617","DE","15-34",2024-12-19,2025-01-05,3,"quantile",0.975,614810.414472183
"1618","DE","15-34",2024-12-19,2025-01-12,4,"quantile",0.025,141701.012573665
"1619","DE","15-34",2024-12-19,2025-01-12,4,"quantile",0.1,207131.778502678
"1620","DE","15-34",2024-12-19,2025-01-12,4,"quantile",0.25,306547.388361959
"1621","DE","15-34",2024-12-19,2025-01-12,4,"quantile",0.5,380642.525520957
"1622","DE","15-34",2024-12-19,2025-01-12,4,"quantile",0.75,456759.238483784
"1623","DE","15-34",2024-12-19,2025-01-12,4,"quantile",0.9,527425.831386412
"1624","DE","15-34",2024-12-19,2025-01-12,4,"quantile",0.975,631401.76271061
"1625","DE","35-59",2024-12-19,2024-12-22,1,"quantile",0.025,198915.812790901
"1626","DE","35-59",2024-12-19,2024-12-22,1,"quantile",0.1,318490.490347821
"1627","DE","35-59",2024-12-19,2024-12-22,1,"quantile",0.25,384660.656093387
"1628","DE","35-59",2024-12-19,2024-12-22,1,"quantile",0.5,454564.496647083
"1629","DE","35-59",2024-12-19,2024-12-22,1,"quantile",0.75,521947.631606569
"1630","DE","35-59",2024-12-19,2024-12-22,1,"quantile",0.9,595701.25685098
"1631","DE","35-59",2024-12-19,2024-12-22,1,"quantile",0.975,679857.213866736
"1632","DE","35-59",2024-12-19,2024-12-29,2,"quantile",0.025,191104.871056059
"1633","DE","35-59",2024-12-19,2024-12-29,2,"quantile",0.1,268042.16628369
"1634","DE","35-59",2024-12-19,2024-12-29,2,"quantile",0.25,343195.163001392
"1635","DE","35-59",2024-12-19,2024-12-29,2,"quantile",0.5,440711.1532618
"1636","DE","35-59",2024-12-19,2024-12-29,2,"quantile",0.75,523121.066676
"1637","DE","35-59",2024-12-19,2024-12-29,2,"quantile",0.9,634891.293494406
"1638","DE","35-59",2024-12-19,2024-12-29,2,"quantile",0.975,731842.079415006
"1639","DE","35-59",2024-12-19,2025-01-05,3,"quantile",0.025,180470.929980598
"1640","DE","35-59",2024-12-19,2025-01-05,3,"quantile",0.1,255619.235133965
"1641","DE","35-59",2024-12-19,2025-01-05,3,"quantile",0.25,357749.056760551
"1642","DE","35-59",2024-12-19,2025-01-05,3,"quantile",0.5,481063.917276731
"1643","DE","35-59",2024-12-19,2025-01-05,3,"quantile",0.75,572398.103437531
"1644","DE","35-59",2024-12-19,2025-01-05,3,"quantile",0.9,650555.322827733
"1645","DE","35-59",2024-12-19,2025-01-05,3,"quantile",0.975,761606.201569767
"1646","DE","35-59",2024-12-19,2025-01-12,4,"quantile",0.025,175159.292481677
"1647","DE","35-59",2024-12-19,2025-01-12,4,"quantile",0.1,262714.249950281
"1648","DE","35-59",2024-12-19,2025-01-12,4,"quantile",0.25,383317.479030568
"1649","DE","35-59",2024-12-19,2025-01-12,4,"quantile",0.5,490232.042351276
"1650","DE","35-59",2024-12-19,2025-01-12,4,"quantile",0.75,583389.238932997
"1651","DE","35-59",2024-12-19,2025-01-12,4,"quantile",0.9,667816.956494133
"1652","DE","35-59",2024-12-19,2025-01-12,4,"quantile",0.975,807702.09172082
"1653","DE","60+",2024-12-19,2024-12-22,1,"quantile",0.025,68534.0913044493
"1654","DE","60+",2024-12-19,2024-12-22,1,"quantile",0.1,104335.78537906
"1655","DE","60+",2024-12-19,2024-12-22,1,"quantile",0.25,129428.094952012
"1656","DE","60+",2024-12-19,2024-12-22,1,"quantile",0.5,154170.458198952
"1657","DE","60+",2024-12-19,2024-12-22,1,"quantile",0.75,180514.155726851
"1658","DE","60+",2024-12-19,2024-12-22,1,"quantile",0.9,208733.742050121
"1659","DE","60+",2024-12-19,2024-12-22,1,"quantile",0.975,246165.531580817
"1660","DE","60+",2024-12-19,2024-12-29,2,"quantile",0.025,67247.5072412427
"1661","DE","60+",2024-12-19,2024-12-29,2,"quantile",0.1,90795.3171105452
"1662","DE","60+",2024-12-19,2024-12-29,2,"quantile",0.25,114682.364852648
"1663","DE","60+",2024-12-19,2024-12-29,2,"quantile",0.5,145424.582065745
"1664","DE","60+",2024-12-19,2024-12-29,2,"quantile",0.75,178713.002782699
"1665","DE","60+",2024-12-19,2024-12-29,2,"quantile",0.9,217978.583416101
"1666","DE","60+",2024-12-19,2024-12-29,2,"quantile",0.975,262323.367126233
"1667","DE","60+",2024-12-19,2025-01-05,3,"quantile",0.025,65687.7795044896
"1668","DE","60+",2024-12-19,2025-01-05,3,"quantile",0.1,91150.3807558946
"1669","DE","60+",2024-12-19,2025-01-05,3,"quantile",0.25,125554.051809468
"1670","DE","60+",2024-12-19,2025-01-05,3,"quantile",0.5,165193.702561323
"1671","DE","60+",2024-12-19,2025-01-05,3,"quantile",0.75,198762.976557574
"1672","DE","60+",2024-12-19,2025-01-05,3,"quantile",0.9,231199.390679847
"1673","DE","60+",2024-12-19,2025-01-05,3,"quantile",0.975,268585.534649397
"1674","DE","60+",2024-12-19,2025-01-12,4,"quantile",0.025,64143.58996867
"1675","DE","60+",2024-12-19,2025-01-12,4,"quantile",0.1,99226.4206178704
"1676","DE","60+",2024-12-19,2025-01-12,4,"quantile",0.25,134604.011215614
"1677","DE","60+",2024-12-19,2025-01-12,4,"quantile",0.5,174496.700154426
"1678","DE","60+",2024-12-19,2025-01-12,4,"quantile",0.75,208295.825773173
"1679","DE","60+",2024-12-19,2025-01-12,4,"quantile",0.9,241450.801266918
"1680","DE","60+",2024-12-19,2025-01-12,4,"quantile",0.975,283022.424032196
"1681","DE","00+",2025-01-09,2025-01-12,1,"quantile",0.025,488837.266908693
"1682","DE","00+",2025-01-09,2025-01-12,1,"quantile",0.1,693963.844360142
"1683","DE","00+",2025-01-09,2025-01-12,1,"quantile",0.25,854448.840215695
"1684","DE","00+",2025-01-09,2025-01-12,1,"quantile",0.5,999721.818113638
"1685","DE","00+",2025-01-09,2025-01-12,1,"quantile",0.75,1144530.39018912
"1686","DE","00+",2025-01-09,2025-01-12,1,"quantile",0.9,1282433.22475041
"1687","DE","00+",2025-01-09,2025-01-12,1,"quantile",0.975,1469743.33374399
"1688","DE","00+",2025-01-09,2025-01-19,2,"quantile",0.025,452407.939574134
"1689","DE","00+",2025-01-09,2025-01-19,2,"quantile",0.1,699271.216571457
"1690","DE","00+",2025-01-09,2025-01-19,2,"quantile",0.25,856115.390101882
"1691","DE","00+",2025-01-09,2025-01-19,2,"quantile",0.5,1001082.420307
"1692","DE","00+",2025-01-09,2025-01-19,2,"quantile",0.75,1153714.9519319
"1693","DE","00+",2025-01-09,2025-01-19,2,"quantile",0.9,1299262.55532735
"1694","DE","00+",2025-01-09,2025-01-19,2,"quantile",0.975,1502229.34830554
"1695","DE","00+",2025-01-09,2025-01-26,3,"quantile",0.025,406348.295986868
"1696","DE","00+",2025-01-09,2025-01-26,3,"quantile",0.1,722359.981894266
"1697","DE","00+",2025-01-09,2025-01-26,3,"quantile",0.25,899721.492826347
"1698","DE","00+",2025-01-09,2025-01-26,3,"quantile",0.5,1072603.64449081
"1699","DE","00+",2025-01-09,2025-01-26,3,"quantile",0.75,1249150.42014594
"1700","DE","00+",2025-01-09,2025-01-26,3,"quantile",0.9,1415008.72616932
"1701","DE","00+",2025-01-09,2025-01-26,3,"quantile",0.975,1613244.23689315
"1702","DE","00+",2025-01-09,2025-02-02,4,"quantile",0.025,365053.28081917
"1703","DE","00+",2025-01-09,2025-02-02,4,"quantile",0.1,704930.342668887
"1704","DE","00+",2025-01-09,2025-02-02,4,"quantile",0.25,925153.43885399
"1705","DE","00+",2025-01-09,2025-02-02,4,"quantile",0.5,1113211.66273736
"1706","DE","00+",2025-01-09,2025-02-02,4,"quantile",0.75,1312558.92302051
"1707","DE","00+",2025-01-09,2025-02-02,4,"quantile",0.9,1505125.94650705
"1708","DE","00+",2025-01-09,2025-02-02,4,"quantile",0.975,1764403.95896478
"1709","DE","00-04",2025-01-09,2025-01-12,1,"quantile",0.025,73060.3984049678
"1710","DE","00-04",2025-01-09,2025-01-12,1,"quantile",0.1,99377.9816974733
"1711","DE","00-04",2025-01-09,2025-01-12,1,"quantile",0.25,118912.591603282
"1712","DE","00-04",2025-01-09,2025-01-12,1,"quantile",0.5,139420.13273897
"1713","DE","00-04",2025-01-09,2025-01-12,1,"quantile",0.75,163498.277672484
"1714","DE","00-04",2025-01-09,2025-01-12,1,"quantile",0.9,187211.711832756
"1715","DE","00-04",2025-01-09,2025-01-12,1,"quantile",0.975,224536.676479452
"1716","DE","00-04",2025-01-09,2025-01-19,2,"quantile",0.025,68935.4872786843
"1717","DE","00-04",2025-01-09,2025-01-19,2,"quantile",0.1,102977.078418859
"1718","DE","00-04",2025-01-09,2025-01-19,2,"quantile",0.25,128112.838523659
"1719","DE","00-04",2025-01-09,2025-01-19,2,"quantile",0.5,152058.581988753
"1720","DE","00-04",2025-01-09,2025-01-19,2,"quantile",0.75,178663.720177811
"1721","DE","00-04",2025-01-09,2025-01-19,2,"quantile",0.9,205406.410377344
"1722","DE","00-04",2025-01-09,2025-01-19,2,"quantile",0.975,235588.758858585
"1723","DE","00-04",2025-01-09,2025-01-26,3,"quantile",0.025,62513.8095963514
"1724","DE","00-04",2025-01-09,2025-01-26,3,"quantile",0.1,105974.587055635
"1725","DE","00-04",2025-01-09,2025-01-26,3,"quantile",0.25,137050.936534299
"1726","DE","00-04",2025-01-09,2025-01-26,3,"quantile",0.5,164019.537444416
"1727","DE","00-04",2025-01-09,2025-01-26,3,"quantile",0.75,192330.523825417
"1728","DE","00-04",2025-01-09,2025-01-26,3,"quantile",0.9,219411.641970292
"1729","DE","00-04",2025-01-09,2025-01-26,3,"quantile",0.975,250657.98373476
"1730","DE","00-04",2025-01-09,2025-02-02,4,"quantile",0.025,59692.815131638
"1731","DE","00-04",2025-01-09,2025-02-02,4,"quantile",0.1,104852.483713711
"1732","DE","00-04",2025-01-09,2025-02-02,4,"quantile",0.25,138751.472679907
"1733","DE","00-04",2025-01-09,2025-02-02,4,"quantile",0.5,164525.814840849
"1734","DE","00-04",2025-01-09,2025-02-02,4,"quantile",0.75,196437.386036102
"1735","DE","00-04",2025-01-09,2025-02-02,4,"quantile",0.9,227993.952424749
"1736","DE","00-04",2025-01-09,2025-02-02,4,"quantile",0.975,259024.608852641
"1737","DE","05-14",2025-01-09,2025-01-12,1,"quantile",0.025,42980.3220741567
"1738","DE","05-14",2025-01-09,2025-01-12,1,"quantile",0.1,67018.6853325968
"1739","DE","05-14",2025-01-09,2025-01-12,1,"quantile",0.25,86915.9239280084
"1740","DE","05-14",2025-01-09,2025-01-12,1,"quantile",0.5,106023.187620305
"1741","DE","05-14",2025-01-09,2025-01-12,1,"quantile",0.75,127115.527101923
"1742","DE","05-14",2025-01-09,2025-01-12,1,"quantile",0.9,149630.809280393
"1743","DE","05-14",2025-01-09,2025-01-12,1,"quantile",0.975,188531.379840133
"1744","DE","05-14",2025-01-09,2025-01-19,2,"quantile",0.025,40237.7062479708
"1745","DE","05-14",2025-01-09,2025-01-19,2,"quantile",0.1,74054.1174813722
"1746","DE","05-14",2025-01-09,2025-01-19,2,"quantile",0.25,99148.2132905169
"1747","DE","05-14",2025-01-09,2025-01-19,2,"quantile",0.5,119818.478557232
"1748","DE","05-14",2025-01-09,2025-01-19,2,"quantile",0.75,142474.076787494
"1749","DE","05-14",2025-01-09,2025-01-19,2,"quantile",0.9,165804.109337832
"1750","DE","05-14",2025-01-09,2025-01-19,2,"quantile",0.975,202575.575736449
"1751","DE","05-14",2025-01-09,2025-01-26,3,"quantile",0.025,37694.8127159467
"1752","DE","05-14",2025-01-09,2025-01-26,3,"quantile",0.1,78275.8425223426
"1753","DE","05-14",2025-01-09,2025-01-26,3,"quantile",0.25,111719.722149126
"1754","DE","05-14",2025-01-09,2025-01-26,3,"quantile",0.5,134501.959681337
"1755","DE","05-14",2025-01-09,2025-01-26,3,"quantile",0.75,158627.224161847
"1756","DE","05-14",2025-01-09,2025-01-26,3,"quantile",0.9,183789.363005957
"1757","DE","05-14",2025-01-09,2025-01-26,3,"quantile",0.975,216180.592304402
"1758","DE","05-14",2025-01-09,2025-02-02,4,"quantile",0.025,35497.6725994267
"1759","DE","05-14",2025-01-09,2025-02-02,4,"quantile",0.1,82284.663414349
"1760","DE","05-14",2025-01-09,2025-02-02,4,"quantile",0.25,118191.803167811
"1761","DE","05-14",2025-01-09,2025-02-02,4,"quantile",0.5,141965.532566248
"1762","DE","05-14",2025-01-09,2025-02-02,4,"quantile",0.75,167390.196629681
"1763","DE","05-14",2025-01-09,2025-02-02,4,"quantile",0.9,197335.337901248
"1764","DE","05-14",2025-01-09,2025-02-02,4,"quantile",0.975,233144.302099194
"1765","DE","15-34",2025-01-09,2025-01-12,1,"quantile",0.025,122904.684155829
"1766","DE","15-34",2025-01-09,2025-01-12,1,"quantile",0.1,182405.084097668
"1767","DE","15-34",2025-01-09,2025-01-12,1,"quantile",0.25,227807.474114698
"1768","DE","15-34",2025-01-09,2025-01-12,1,"quantile",0.5,266740.544103899
"1769","DE","15-34",2025-01-09,2025-01-12,1,"quantile",0.75,306370.428430256
"1770","DE","15-34",2025-01-09,2025-01-12,1,"quantile",0.9,346467.962856146
"1771","DE","15-34",2025-01-09,2025-01-12,1,"quantile",0.975,400949.649658078
"1772","DE","15-34",2025-01-09,2025-01-19,2,"quantile",0.025,115724.912054823
"1773","DE","15-34",2025-01-09,2025-01-19,2,"quantile",0.1,187265.589443838
"1774","DE","15-34",2025-01-09,2025-01-19,2,"quantile",0.25,227983.271766428
"1775","DE","15-34",2025-01-09,2025-01-19,2,"quantile",0.5,266278.381439482
"1776","DE","15-34",2025-01-09,2025-01-19,2,"quantile",0.75,310144.190596232
"1777","DE","15-34",2025-01-09,2025-01-19,2,"quantile",0.9,352845.931008327
"1778","DE","15-34",2025-01-09,2025-01-19,2,"quantile",0.975,418889.837147084
"1779","DE","15-34",2025-01-09,2025-01-26,3,"quantile",0.025,108872.742474184
"1780","DE","15-34",2025-01-09,2025-01-26,3,"quantile",0.1,196270.207758949
"1781","DE","15-34",2025-01-09,2025-01-26,3,"quantile",0.25,238806.529832577
"1782","DE","15-34",2025-01-09,2025-01-26,3,"quantile",0.5,278305.334314739
"1783","DE","15-34",2025-01-09,2025-01-26,3,"quantile",0.75,322448.724201739
"1784","DE","15-34",2025-01-09,2025-01-26,3,"quantile",0.9,369599.393454192
"1785","DE","15-34",2025-01-09,2025-01-26,3,"quantile",0.975,440220.653919678
"1786","DE","15-34",2025-01-09,2025-02-02,4,"quantile",0.025,103681.06810998
"1787","DE","15-34",2025-01-09,2025-02-02,4,"quantile",0.1,186558.010198203
"1788","DE","15-34",2025-01-09,2025-02-02,4,"quantile",0.25,243365.215870838
"1789","DE","15-34",2025-01-09,2025-02-02,4,"quantile",0.5,283882.027781541
"1790","DE","15-34",2025-01-09,2025-02-02,4,"quantile",0.75,330635.502181567
"1791","DE","15-34",2025-01-09,2025-02-02,4,"quantile",0.9,382102.73110301
"1792","DE","15-34",2025-01-09,2025-02-02,4,"quantile",0.975,459288.162063981
"1793","DE","35-59",2025-01-09,2025-01-12,1,"quantile",0.025,156539.240895062
"1794","DE","35-59",2025-01-09,2025-01-12,1,"quantile",0.1,249354.636564157
"1795","DE","35-59",2025-01-09,2025-01-12,1,"quantile",0.25,301536.181808049
"1796","DE","35-59",2025-01-09,2025-01-12,1,"quantile",0.5,348223.714970029
"1797","DE","35-59",2025-01-09,2025-01-12,1,"quantile",0.75,396694.806528465
"1798","DE","35-59",2025-01-09,2025-01-12,1,"quantile",0.9,446248.398340227
"1799","DE","35-59",2025-01-09,2025-01-12,1,"quantile",0.975,510931.846689335
"1800","DE","35-59",2025-01-09,2025-01-19,2,"quantile",0.025,146579.010772877
"1801","DE","35-59",2025-01-09,2025-01-19,2,"quantile",0.1,240824.940606295
"1802","DE","35-59",2025-01-09,2025-01-19,2,"quantile",0.25,294619.346542231
"1803","DE","35-59",2025-01-09,2025-01-19,2,"quantile",0.5,341974.374825209
"1804","DE","35-59",2025-01-09,2025-01-19,2,"quantile",0.75,395265.521013073
"1805","DE","35-59",2025-01-09,2025-01-19,2,"quantile",0.9,449918.640720341
"1806","DE","35-59",2025-01-09,2025-01-19,2,"quantile",0.975,530690.095256835
"1807","DE","35-59",2025-01-09,2025-01-26,3,"quantile",0.025,142449.539566322
"1808","DE","35-59",2025-01-09,2025-01-26,3,"quantile",0.1,259720.511154776
"1809","DE","35-59",2025-01-09,2025-01-26,3,"quantile",0.25,309664.89531185
"1810","DE","35-59",2025-01-09,2025-01-26,3,"quantile",0.5,359864.664936065
"1811","DE","35-59",2025-01-09,2025-01-26,3,"quantile",0.75,415732.268428226
"1812","DE","35-59",2025-01-09,2025-01-26,3,"quantile",0.9,476116.019790802
"1813","DE","35-59",2025-01-09,2025-01-26,3,"quantile",0.975,561517.960207728
"1814","DE","35-59",2025-01-09,2025-02-02,4,"quantile",0.025,135239.782274501
"1815","DE","35-59",2025-01-09,2025-02-02,4,"quantile",0.1,246263.633314417
"1816","DE","35-59",2025-01-09,2025-02-02,4,"quantile",0.25,325734.275245964
"1817","DE","35-59",2025-01-09,2025-02-02,4,"quantile",0.5,377711.912410325
"1818","DE","35-59",2025-01-09,2025-02-02,4,"quantile",0.75,434732.604855799
"1819","DE","35-59",2025-01-09,2025-02-02,4,"quantile",0.9,497762.385776547
"1820","DE","35-59",2025-01-09,2025-02-02,4,"quantile",0.975,593818.030090267
"1821","DE","60+",2025-01-09,2025-01-12,1,"quantile",0.025,67823.3085568468
"1822","DE","60+",2025-01-09,2025-01-12,1,"quantile",0.1,105991.414231661
"1823","DE","60+",2025-01-09,2025-01-12,1,"quantile",0.25,130603.113612514
"1824","DE","60+",2025-01-09,2025-01-12,1,"quantile",0.5,152524.936318761
"1825","DE","60+",2025-01-09,2025-01-12,1,"quantile",0.75,175185.448099719
"1826","DE","60+",2025-01-09,2025-01-12,1,"quantile",0.9,198367.244101717
"1827","DE","60+",2025-01-09,2025-01-12,1,"quantile",0.975,229845.475764388
"1828","DE","60+",2025-01-09,2025-01-19,2,"quantile",0.025,64517.3500871313
"1829","DE","60+",2025-01-09,2025-01-19,2,"quantile",0.1,97766.0172784365
"1830","DE","60+",2025-01-09,2025-01-19,2,"quantile",0.25,120298.173665137
"1831","DE","60+",2025-01-09,2025-01-19,2,"quantile",0.5,141518.392412668
"1832","DE","60+",2025-01-09,2025-01-19,2,"quantile",0.75,164360.992513547
"1833","DE","60+",2025-01-09,2025-01-19,2,"quantile",0.9,188132.140274679
"1834","DE","60+",2025-01-09,2025-01-19,2,"quantile",0.975,224692.153957235
"1835","DE","60+",2025-01-09,2025-01-26,3,"quantile",0.025,63667.4124431009
"1836","DE","60+",2025-01-09,2025-01-26,3,"quantile",0.1,99913.6581009887
"1837","DE","60+",2025-01-09,2025-01-26,3,"quantile",0.25,119673.536469633
"1838","DE","60+",2025-01-09,2025-01-26,3,"quantile",0.5,141394.254547719
"1839","DE","60+",2025-01-09,2025-01-26,3,"quantile",0.75,165829.270215375
"1840","DE","60+",2025-01-09,2025-01-26,3,"quantile",0.9,192138.534906593
"1841","DE","60+",2025-01-09,2025-01-26,3,"quantile",0.975,233007.739013552
"1842","DE","60+",2025-01-09,2025-02-02,4,"quantile",0.025,60265.1534250094
"1843","DE","60+",2025-01-09,2025-02-02,4,"quantile",0.1,95713.0243609481
"1844","DE","60+",2025-01-09,2025-02-02,4,"quantile",0.25,120827.679569674
"1845","DE","60+",2025-01-09,2025-02-02,4,"quantile",0.5,143782.927264394
"1846","DE","60+",2025-01-09,2025-02-02,4,"quantile",0.75,170794.37771907
"1847","DE","60+",2025-01-09,2025-02-02,4,"quantile",0.9,198912.849529208
"1848","DE","60+",2025-01-09,2025-02-02,4,"quantile",0.975,247866.574254064
"1849","DE","00+",2025-01-16,2025-01-19,1,"quantile",0.025,613931.949680153
"1850","DE","00+",2025-01-16,2025-01-19,1,"quantile",0.1,971344.503917441
"1851","DE","00+",2025-01-16,2025-01-19,1,"quantile",0.25,1120246.82518841
"1852","DE","00+",2025-01-16,2025-01-19,1,"quantile",0.5,1283855.12772462
"1853","DE","00+",2025-01-16,2025-01-19,1,"quantile",0.75,1456884.64165592
"1854","DE","00+",2025-01-16,2025-01-19,1,"quantile",0.9,1630255.33103367
"1855","DE","00+",2025-01-16,2025-01-19,1,"quantile",0.975,1854790.19102465
"1856","DE","00+",2025-01-16,2025-01-26,2,"quantile",0.025,594838.832286667
"1857","DE","00+",2025-01-16,2025-01-26,2,"quantile",0.1,963594.571715007
"1858","DE","00+",2025-01-16,2025-01-26,2,"quantile",0.25,1123854.72903748
"1859","DE","00+",2025-01-16,2025-01-26,2,"quantile",0.5,1297265.13841574
"1860","DE","00+",2025-01-16,2025-01-26,2,"quantile",0.75,1493053.98766635
"1861","DE","00+",2025-01-16,2025-01-26,2,"quantile",0.9,1693343.48240555
"1862","DE","00+",2025-01-16,2025-01-26,2,"quantile",0.975,1950109.41464635
"1863","DE","00+",2025-01-16,2025-02-02,3,"quantile",0.025,550207.600369848
"1864","DE","00+",2025-01-16,2025-02-02,3,"quantile",0.1,931541.937270014
"1865","DE","00+",2025-01-16,2025-02-02,3,"quantile",0.25,1149198.74077631
"1866","DE","00+",2025-01-16,2025-02-02,3,"quantile",0.5,1332510.00767854
"1867","DE","00+",2025-01-16,2025-02-02,3,"quantile",0.75,1543482.53163465
"1868","DE","00+",2025-01-16,2025-02-02,3,"quantile",0.9,1751239.00098167
"1869","DE","00+",2025-01-16,2025-02-02,3,"quantile",0.975,1990460.45566876
"1870","DE","00+",2025-01-16,2025-02-09,4,"quantile",0.025,519587.185241989
"1871","DE","00+",2025-01-16,2025-02-09,4,"quantile",0.1,925637.646519737
"1872","DE","00+",2025-01-16,2025-02-09,4,"quantile",0.25,1157585.80854162
"1873","DE","00+",2025-01-16,2025-02-09,4,"quantile",0.5,1356609.14491283
"1874","DE","00+",2025-01-16,2025-02-09,4,"quantile",0.75,1573127.4221144
"1875","DE","00+",2025-01-16,2025-02-09,4,"quantile",0.9,1792262.84619928
"1876","DE","00+",2025-01-16,2025-02-09,4,"quantile",0.975,2053953.91035668
"1877","DE","00-04",2025-01-16,2025-01-19,1,"quantile",0.025,89347.8816742491
"1878","DE","00-04",2025-01-16,2025-01-19,1,"quantile",0.1,129729.348044828
"1879","DE","00-04",2025-01-16,2025-01-19,1,"quantile",0.25,156245.842743496
"1880","DE","00-04",2025-01-16,2025-01-19,1,"quantile",0.5,183032.807164593
"1881","DE","00-04",2025-01-16,2025-01-19,1,"quantile",0.75,212189.527133757
"1882","DE","00-04",2025-01-16,2025-01-19,1,"quantile",0.9,241561.162152767
"1883","DE","00-04",2025-01-16,2025-01-19,1,"quantile",0.975,278881.185708275
"1884","DE","00-04",2025-01-16,2025-01-26,2,"quantile",0.025,84268.8838357738
"1885","DE","00-04",2025-01-16,2025-01-26,2,"quantile",0.1,133029.128931934
"1886","DE","00-04",2025-01-16,2025-01-26,2,"quantile",0.25,162731.784274471
"1887","DE","00-04",2025-01-16,2025-01-26,2,"quantile",0.5,195299.747783535
"1888","DE","00-04",2025-01-16,2025-01-26,2,"quantile",0.75,227242.544002732
"1889","DE","00-04",2025-01-16,2025-01-26,2,"quantile",0.9,258491.780858314
"1890","DE","00-04",2025-01-16,2025-01-26,2,"quantile",0.975,295402.156173
"1891","DE","00-04",2025-01-16,2025-02-02,3,"quantile",0.025,77012.8215813945
"1892","DE","00-04",2025-01-16,2025-02-02,3,"quantile",0.1,131706.765504191
"1893","DE","00-04",2025-01-16,2025-02-02,3,"quantile",0.25,166676.714016382
"1894","DE","00-04",2025-01-16,2025-02-02,3,"quantile",0.5,195834.268750478
"1895","DE","00-04",2025-01-16,2025-02-02,3,"quantile",0.75,230783.552550155
"1896","DE","00-04",2025-01-16,2025-02-02,3,"quantile",0.9,263368.112962691
"1897","DE","00-04",2025-01-16,2025-02-02,3,"quantile",0.975,300366.401068785
"1898","DE","00-04",2025-01-16,2025-02-09,4,"quantile",0.025,74285.2398762394
"1899","DE","00-04",2025-01-16,2025-02-09,4,"quantile",0.1,131151.331701553
"1900","DE","00-04",2025-01-16,2025-02-09,4,"quantile",0.25,170330.981218739
"1901","DE","00-04",2025-01-16,2025-02-09,4,"quantile",0.5,198901.791416692
"1902","DE","00-04",2025-01-16,2025-02-09,4,"quantile",0.75,230561.830975904
"1903","DE","00-04",2025-01-16,2025-02-09,4,"quantile",0.9,267505.833348334
"1904","DE","00-04",2025-01-16,2025-02-09,4,"quantile",0.975,308382.799542573
"1905","DE","05-14",2025-01-16,2025-01-19,1,"quantile",0.025,61051.2281733721
"1906","DE","05-14",2025-01-16,2025-01-19,1,"quantile",0.1,105677.535912162
"1907","DE","05-14",2025-01-16,2025-01-19,1,"quantile",0.25,130199.024888391
"1908","DE","05-14",2025-01-16,2025-01-19,1,"quantile",0.5,158947.290355849
"1909","DE","05-14",2025-01-16,2025-01-19,1,"quantile",0.75,187699.42274173
"1910","DE","05-14",2025-01-16,2025-01-19,1,"quantile",0.9,215936.572565522
"1911","DE","05-14",2025-01-16,2025-01-19,1,"quantile",0.975,253570.976182005
"1912","DE","05-14",2025-01-16,2025-01-26,2,"quantile",0.025,56713.1950658002
"1913","DE","05-14",2025-01-16,2025-01-26,2,"quantile",0.1,108466.037156204
"1914","DE","05-14",2025-01-16,2025-01-26,2,"quantile",0.25,140176.897636075
"1915","DE","05-14",2025-01-16,2025-01-26,2,"quantile",0.5,167515.868584094
"1916","DE","05-14",2025-01-16,2025-01-26,2,"quantile",0.75,196479.533514879
"1917","DE","05-14",2025-01-16,2025-01-26,2,"quantile",0.9,228297.091581801
"1918","DE","05-14",2025-01-16,2025-01-26,2,"quantile",0.975,268577.080959072
"1919","DE","05-14",2025-01-16,2025-02-02,3,"quantile",0.025,52951.5561393866
"1920","DE","05-14",2025-01-16,2025-02-02,3,"quantile",0.1,104871.539922452
"1921","DE","05-14",2025-01-16,2025-02-02,3,"quantile",0.25,145557.535104243
"1922","DE","05-14",2025-01-16,2025-02-02,3,"quantile",0.5,174097.861223025
"1923","DE","05-14",2025-01-16,2025-02-02,3,"quantile",0.75,204201.872269363
"1924","DE","05-14",2025-01-16,2025-02-02,3,"quantile",0.9,236231.855872208
"1925","DE","05-14",2025-01-16,2025-02-02,3,"quantile",0.975,280052.426643391
"1926","DE","05-14",2025-01-16,2025-02-09,4,"quantile",0.025,50808.1194015925
"1927","DE","05-14",2025-01-16,2025-02-09,4,"quantile",0.1,106100.18637725
"1928","DE","05-14",2025-01-16,2025-02-09,4,"quantile",0.25,145428.648651614
"1929","DE","05-14",2025-01-16,2025-02-09,4,"quantile",0.5,172730.437082113
"1930","DE","05-14",2025-01-16,2025-02-09,4,"quantile",0.75,207458.584691602
"1931","DE","05-14",2025-01-16,2025-02-09,4,"quantile",0.9,242120.72723975
"1932","DE","05-14",2025-01-16,2025-02-09,4,"quantile",0.975,286758.50224066
"1933","DE","15-34",2025-01-16,2025-01-19,1,"quantile",0.025,168239.3035556
"1934","DE","15-34",2025-01-16,2025-01-19,1,"quantile",0.1,287361.012565912
"1935","DE","15-34",2025-01-16,2025-01-19,1,"quantile",0.25,334292.860178152
"1936","DE","15-34",2025-01-16,2025-01-19,1,"quantile",0.5,383987.133601249
"1937","DE","15-34",2025-01-16,2025-01-19,1,"quantile",0.75,438789.031644213
"1938","DE","15-34",2025-01-16,2025-01-19,1,"quantile",0.9,494806.090631709
"1939","DE","15-34",2025-01-16,2025-01-19,1,"quantile",0.975,575395.247322092
"1940","DE","15-34",2025-01-16,2025-01-26,2,"quantile",0.025,155721.147607336
"1941","DE","15-34",2025-01-16,2025-01-26,2,"quantile",0.1,274656.244977291
"1942","DE","15-34",2025-01-16,2025-01-26,2,"quantile",0.25,320963.543905237
"1943","DE","15-34",2025-01-16,2025-01-26,2,"quantile",0.5,372478.261196406
"1944","DE","15-34",2025-01-16,2025-01-26,2,"quantile",0.75,432257.592216875
"1945","DE","15-34",2025-01-16,2025-01-26,2,"quantile",0.9,500687.564776517
"1946","DE","15-34",2025-01-16,2025-01-26,2,"quantile",0.975,594608.356078875
"1947","DE","15-34",2025-01-16,2025-02-02,3,"quantile",0.025,146668.434202462
"1948","DE","15-34",2025-01-16,2025-02-02,3,"quantile",0.1,264503.262699604
"1949","DE","15-34",2025-01-16,2025-02-02,3,"quantile",0.25,322418.068716386
"1950","DE","15-34",2025-01-16,2025-02-02,3,"quantile",0.5,376042.323724066
"1951","DE","15-34",2025-01-16,2025-02-02,3,"quantile",0.75,437590.913736002
"1952","DE","15-34",2025-01-16,2025-02-02,3,"quantile",0.9,506330.210129041
"1953","DE","15-34",2025-01-16,2025-02-02,3,"quantile",0.975,596708.424001918
"1954","DE","15-34",2025-01-16,2025-02-09,4,"quantile",0.025,140802.623139448
"1955","DE","15-34",2025-01-16,2025-02-09,4,"quantile",0.1,265173.687432631
"1956","DE","15-34",2025-01-16,2025-02-09,4,"quantile",0.25,328944.610361422
"1957","DE","15-34",2025-01-16,2025-02-09,4,"quantile",0.5,384268.941180528
"1958","DE","15-34",2025-01-16,2025-02-09,4,"quantile",0.75,448207.211175898
"1959","DE","15-34",2025-01-16,2025-02-09,4,"quantile",0.9,514440.818537757
"1960","DE","15-34",2025-01-16,2025-02-09,4,"quantile",0.975,608645.913807354
"1961","DE","35-59",2025-01-16,2025-01-19,1,"quantile",0.025,207320.415626199
"1962","DE","35-59",2025-01-16,2025-01-19,1,"quantile",0.1,372937.99368408
"1963","DE","35-59",2025-01-16,2025-01-19,1,"quantile",0.25,429504.376675148
"1964","DE","35-59",2025-01-16,2025-01-19,1,"quantile",0.5,492069.377167563
"1965","DE","35-59",2025-01-16,2025-01-19,1,"quantile",0.75,562949.182058241
"1966","DE","35-59",2025-01-16,2025-01-19,1,"quantile",0.9,639352.631931989
"1967","DE","35-59",2025-01-16,2025-01-19,1,"quantile",0.975,739548.468214595
"1968","DE","35-59",2025-01-16,2025-01-26,2,"quantile",0.025,195576.830387991
"1969","DE","35-59",2025-01-16,2025-01-26,2,"quantile",0.1,349727.191481129
"1970","DE","35-59",2025-01-16,2025-01-26,2,"quantile",0.25,412279.774285428
"1971","DE","35-59",2025-01-16,2025-01-26,2,"quantile",0.5,480224.727081081
"1972","DE","35-59",2025-01-16,2025-01-26,2,"quantile",0.75,562667.744690559
"1973","DE","35-59",2025-01-16,2025-01-26,2,"quantile",0.9,650458.402530727
"1974","DE","35-59",2025-01-16,2025-01-26,2,"quantile",0.975,776939.383894671
"1975","DE","35-59",2025-01-16,2025-02-02,3,"quantile",0.025,184810.993933434
"1976","DE","35-59",2025-01-16,2025-02-02,3,"quantile",0.1,349670.117356952
"1977","DE","35-59",2025-01-16,2025-02-02,3,"quantile",0.25,421245.367680366
"1978","DE","35-59",2025-01-16,2025-02-02,3,"quantile",0.5,490101.110223255
"1979","DE","35-59",2025-01-16,2025-02-02,3,"quantile",0.75,569268.225451954
"1980","DE","35-59",2025-01-16,2025-02-02,3,"quantile",0.9,659637.424421018
"1981","DE","35-59",2025-01-16,2025-02-02,3,"quantile",0.975,762792.445927785
"1982","DE","35-59",2025-01-16,2025-02-09,4,"quantile",0.025,177753.301518911
"1983","DE","35-59",2025-01-16,2025-02-09,4,"quantile",0.1,338733.167328988
"1984","DE","35-59",2025-01-16,2025-02-09,4,"quantile",0.25,424702.30927965
"1985","DE","35-59",2025-01-16,2025-02-09,4,"quantile",0.5,496289.605102157
"1986","DE","35-59",2025-01-16,2025-02-09,4,"quantile",0.75,585860.379322216
"1987","DE","35-59",2025-01-16,2025-02-09,4,"quantile",0.9,671234.811534231
"1988","DE","35-59",2025-01-16,2025-02-09,4,"quantile",0.975,798448.861615918
"1989","DE","60+",2025-01-16,2025-01-19,1,"quantile",0.025,90124.393380005
"1990","DE","60+",2025-01-16,2025-01-19,1,"quantile",0.1,142829.051905415
"1991","DE","60+",2025-01-16,2025-01-19,1,"quantile",0.25,171260.041250282
"1992","DE","60+",2025-01-16,2025-01-19,1,"quantile",0.5,197156.991783084
"1993","DE","60+",2025-01-16,2025-01-19,1,"quantile",0.75,225393.338386833
"1994","DE","60+",2025-01-16,2025-01-19,1,"quantile",0.9,253887.118899608
"1995","DE","60+",2025-01-16,2025-01-19,1,"quantile",0.975,289713.033064602
"1996","DE","60+",2025-01-16,2025-01-26,2,"quantile",0.025,86906.9315306558
"1997","DE","60+",2025-01-16,2025-01-26,2,"quantile",0.1,135710.836179696
"1998","DE","60+",2025-01-16,2025-01-26,2,"quantile",0.25,160444.191546619
"1999","DE","60+",2025-01-16,2025-01-26,2,"quantile",0.5,187908.97679682
"2000","DE","60+",2025-01-16,2025-01-26,2,"quantile",0.75,218573.610942556
"2001","DE","60+",2025-01-16,2025-01-26,2,"quantile",0.9,250602.167130004
"2002","DE","60+",2025-01-16,2025-01-26,2,"quantile",0.975,296885.171510603
"2003","DE","60+",2025-01-16,2025-02-02,3,"quantile",0.025,81683.6150081349
"2004","DE","60+",2025-01-16,2025-02-02,3,"quantile",0.1,133214.902515979
"2005","DE","60+",2025-01-16,2025-02-02,3,"quantile",0.25,160558.09556107
"2006","DE","60+",2025-01-16,2025-02-02,3,"quantile",0.5,189303.422021812
"2007","DE","60+",2025-01-16,2025-02-02,3,"quantile",0.75,221990.360759668
"2008","DE","60+",2025-01-16,2025-02-02,3,"quantile",0.9,256725.518026878
"2009","DE","60+",2025-01-16,2025-02-02,3,"quantile",0.975,300902.115199538
"2010","DE","60+",2025-01-16,2025-02-09,4,"quantile",0.025,79326.4417411599
"2011","DE","60+",2025-01-16,2025-02-09,4,"quantile",0.1,134125.843017471
"2012","DE","60+",2025-01-16,2025-02-09,4,"quantile",0.25,161611.684037773
"2013","DE","60+",2025-01-16,2025-02-09,4,"quantile",0.5,192255.092663258
"2014","DE","60+",2025-01-16,2025-02-09,4,"quantile",0.75,229886.675531451
"2015","DE","60+",2025-01-16,2025-02-09,4,"quantile",0.9,264976.582648923
"2016","DE","60+",2025-01-16,2025-02-09,4,"quantile",0.975,315983.690661096
"2017","DE","00+",2025-01-23,2025-01-26,1,"quantile",0.025,762946.801829556
"2018","DE","00+",2025-01-23,2025-01-26,1,"quantile",0.1,1116124.5270884
"2019","DE","00+",2025-01-23,2025-01-26,1,"quantile",0.25,1278224.16324894
"2020","DE","00+",2025-01-23,2025-01-26,1,"quantile",0.5,1442185.45681661
"2021","DE","00+",2025-01-23,2025-01-26,1,"quantile",0.75,1621377.51727928
"2022","DE","00+",2025-01-23,2025-01-26,1,"quantile",0.9,1802341.34287453
"2023","DE","00+",2025-01-23,2025-01-26,1,"quantile",0.975,2012321.81912164
"2024","DE","00+",2025-01-23,2025-02-02,2,"quantile",0.025,741816.622994643
"2025","DE","00+",2025-01-23,2025-02-02,2,"quantile",0.1,1105405.38114604
"2026","DE","00+",2025-01-23,2025-02-02,2,"quantile",0.25,1306171.79749923
"2027","DE","00+",2025-01-23,2025-02-02,2,"quantile",0.5,1484442.5812538
"2028","DE","00+",2025-01-23,2025-02-02,2,"quantile",0.75,1692020.1139608
"2029","DE","00+",2025-01-23,2025-02-02,2,"quantile",0.9,1899759.69683329
"2030","DE","00+",2025-01-23,2025-02-02,2,"quantile",0.975,2134042.72530719
"2031","DE","00+",2025-01-23,2025-02-09,3,"quantile",0.025,695046.056309907
"2032","DE","00+",2025-01-23,2025-02-09,3,"quantile",0.1,1101184.78065024
"2033","DE","00+",2025-01-23,2025-02-09,3,"quantile",0.25,1333603.63938333
"2034","DE","00+",2025-01-23,2025-02-09,3,"quantile",0.5,1539097.03708653
"2035","DE","00+",2025-01-23,2025-02-09,3,"quantile",0.75,1761893.68280869
"2036","DE","00+",2025-01-23,2025-02-09,3,"quantile",0.9,2007175.1293895
"2037","DE","00+",2025-01-23,2025-02-09,3,"quantile",0.975,2276130.97562396
"2038","DE","00+",2025-01-23,2025-02-16,4,"quantile",0.025,652053.835406613
"2039","DE","00+",2025-01-23,2025-02-16,4,"quantile",0.1,1052292.02225552
"2040","DE","00+",2025-01-23,2025-02-16,4,"quantile",0.25,1268476.30210735
"2041","DE","00+",2025-01-23,2025-02-16,4,"quantile",0.5,1485862.84776853
"2042","DE","00+",2025-01-23,2025-02-16,4,"quantile",0.75,1724684.39626905
"2043","DE","00+",2025-01-23,2025-02-16,4,"quantile",0.9,1965178.22346102
"2044","DE","00+",2025-01-23,2025-02-16,4,"quantile",0.975,2285265.97994134
"2045","DE","00-04",2025-01-23,2025-01-26,1,"quantile",0.025,96167.4843439663
"2046","DE","00-04",2025-01-23,2025-01-26,1,"quantile",0.1,144634.688480066
"2047","DE","00-04",2025-01-23,2025-01-26,1,"quantile",0.25,174104.79406945
"2048","DE","00-04",2025-01-23,2025-01-26,1,"quantile",0.5,202194.114707094
"2049","DE","00-04",2025-01-23,2025-01-26,1,"quantile",0.75,234005.316545568
"2050","DE","00-04",2025-01-23,2025-01-26,1,"quantile",0.9,265420.542529168
"2051","DE","00-04",2025-01-23,2025-01-26,1,"quantile",0.975,304474.245115654
"2052","DE","00-04",2025-01-23,2025-02-02,2,"quantile",0.025,89768.0158296916
"2053","DE","00-04",2025-01-23,2025-02-02,2,"quantile",0.1,142255.02588636
"2054","DE","00-04",2025-01-23,2025-02-02,2,"quantile",0.25,170544.248639364
"2055","DE","00-04",2025-01-23,2025-02-02,2,"quantile",0.5,202915.266097389
"2056","DE","00-04",2025-01-23,2025-02-02,2,"quantile",0.75,236746.790512836
"2057","DE","00-04",2025-01-23,2025-02-02,2,"quantile",0.9,269810.170077824
"2058","DE","00-04",2025-01-23,2025-02-02,2,"quantile",0.975,311311.051226648
"2059","DE","00-04",2025-01-23,2025-02-09,3,"quantile",0.025,85126.2683075137
"2060","DE","00-04",2025-01-23,2025-02-09,3,"quantile",0.1,145167.075228709
"2061","DE","00-04",2025-01-23,2025-02-09,3,"quantile",0.25,179461.824992536
"2062","DE","00-04",2025-01-23,2025-02-09,3,"quantile",0.5,210019.785153404
"2063","DE","00-04",2025-01-23,2025-02-09,3,"quantile",0.75,244767.821586136
"2064","DE","00-04",2025-01-23,2025-02-09,3,"quantile",0.9,281570.430799048
"2065","DE","00-04",2025-01-23,2025-02-09,3,"quantile",0.975,329085.722748877
"2066","DE","00-04",2025-01-23,2025-02-16,4,"quantile",0.025,79008.7094430509
"2067","DE","00-04",2025-01-23,2025-02-16,4,"quantile",0.1,138093.494548841
"2068","DE","00-04",2025-01-23,2025-02-16,4,"quantile",0.25,172661.846582577
"2069","DE","00-04",2025-01-23,2025-02-16,4,"quantile",0.5,205084.750470167
"2070","DE","00-04",2025-01-23,2025-02-16,4,"quantile",0.75,238795.268206561
"2071","DE","00-04",2025-01-23,2025-02-16,4,"quantile",0.9,273325.016723982
"2072","DE","00-04",2025-01-23,2025-02-16,4,"quantile",0.975,319078.878448738
"2073","DE","05-14",2025-01-23,2025-01-26,1,"quantile",0.025,66658.7788259596
"2074","DE","05-14",2025-01-23,2025-01-26,1,"quantile",0.1,120071.319373179
"2075","DE","05-14",2025-01-23,2025-01-26,1,"quantile",0.25,149729.315751999
"2076","DE","05-14",2025-01-23,2025-01-26,1,"quantile",0.5,177003.12707591
"2077","DE","05-14",2025-01-23,2025-01-26,1,"quantile",0.75,206067.830044413
"2078","DE","05-14",2025-01-23,2025-01-26,1,"quantile",0.9,236573.610967275
"2079","DE","05-14",2025-01-23,2025-01-26,1,"quantile",0.975,274964.86788601
"2080","DE","05-14",2025-01-23,2025-02-02,2,"quantile",0.025,61348.841249161
"2081","DE","05-14",2025-01-23,2025-02-02,2,"quantile",0.1,116466.386713422
"2082","DE","05-14",2025-01-23,2025-02-02,2,"quantile",0.25,149171.996184904
"2083","DE","05-14",2025-01-23,2025-02-02,2,"quantile",0.5,180907.924632238
"2084","DE","05-14",2025-01-23,2025-02-02,2,"quantile",0.75,214832.735861675
"2085","DE","05-14",2025-01-23,2025-02-02,2,"quantile",0.9,249071.590871242
"2086","DE","05-14",2025-01-23,2025-02-02,2,"quantile",0.975,291929.683380177
"2087","DE","05-14",2025-01-23,2025-02-09,3,"quantile",0.025,59982.2298216218
"2088","DE","05-14",2025-01-23,2025-02-09,3,"quantile",0.1,113442.224242762
"2089","DE","05-14",2025-01-23,2025-02-09,3,"quantile",0.25,152739.387664681
"2090","DE","05-14",2025-01-23,2025-02-09,3,"quantile",0.5,184308.393741843
"2091","DE","05-14",2025-01-23,2025-02-09,3,"quantile",0.75,219698.010165836
"2092","DE","05-14",2025-01-23,2025-02-09,3,"quantile",0.9,257595.608007763
"2093","DE","05-14",2025-01-23,2025-02-09,3,"quantile",0.975,304705.970962828
"2094","DE","05-14",2025-01-23,2025-02-16,4,"quantile",0.025,53969.6427993049
"2095","DE","05-14",2025-01-23,2025-02-16,4,"quantile",0.1,110574.281212869
"2096","DE","05-14",2025-01-23,2025-02-16,4,"quantile",0.25,141326.490054142
"2097","DE","05-14",2025-01-23,2025-02-16,4,"quantile",0.5,171833.052950085
"2098","DE","05-14",2025-01-23,2025-02-16,4,"quantile",0.75,206380.432999739
"2099","DE","05-14",2025-01-23,2025-02-16,4,"quantile",0.9,242597.848302723
"2100","DE","05-14",2025-01-23,2025-02-16,4,"quantile",0.975,298265.089215685
"2101","DE","15-34",2025-01-23,2025-01-26,1,"quantile",0.025,172374.750902074
"2102","DE","15-34",2025-01-23,2025-01-26,1,"quantile",0.1,293184.426670014
"2103","DE","15-34",2025-01-23,2025-01-26,1,"quantile",0.25,341530.680565903
"2104","DE","15-34",2025-01-23,2025-01-26,1,"quantile",0.5,394425.752397769
"2105","DE","15-34",2025-01-23,2025-01-26,1,"quantile",0.75,453009.412976006
"2106","DE","15-34",2025-01-23,2025-01-26,1,"quantile",0.9,514140.609458715
"2107","DE","15-34",2025-01-23,2025-01-26,1,"quantile",0.975,595818.240938224
"2108","DE","15-34",2025-01-23,2025-02-02,2,"quantile",0.025,160229.76895898
"2109","DE","15-34",2025-01-23,2025-02-02,2,"quantile",0.1,274969.786367024
"2110","DE","15-34",2025-01-23,2025-02-02,2,"quantile",0.25,338023.116120309
"2111","DE","15-34",2025-01-23,2025-02-02,2,"quantile",0.5,390207.092708529
"2112","DE","15-34",2025-01-23,2025-02-02,2,"quantile",0.75,452754.209159789
"2113","DE","15-34",2025-01-23,2025-02-02,2,"quantile",0.9,520439.582877693
"2114","DE","15-34",2025-01-23,2025-02-02,2,"quantile",0.975,610985.321042511
"2115","DE","15-34",2025-01-23,2025-02-09,3,"quantile",0.025,154637.849046596
"2116","DE","15-34",2025-01-23,2025-02-09,3,"quantile",0.1,277381.707971647
"2117","DE","15-34",2025-01-23,2025-02-09,3,"quantile",0.25,340942.808509201
"2118","DE","15-34",2025-01-23,2025-02-09,3,"quantile",0.5,400104.557332004
"2119","DE","15-34",2025-01-23,2025-02-09,3,"quantile",0.75,465902.83102231
"2120","DE","15-34",2025-01-23,2025-02-09,3,"quantile",0.9,537113.633396977
"2121","DE","15-34",2025-01-23,2025-02-09,3,"quantile",0.975,633144.763936846
"2122","DE","15-34",2025-01-23,2025-02-16,4,"quantile",0.025,142466.431479416
"2123","DE","15-34",2025-01-23,2025-02-16,4,"quantile",0.1,262387.892038333
"2124","DE","15-34",2025-01-23,2025-02-16,4,"quantile",0.25,317816.736954191
"2125","DE","15-34",2025-01-23,2025-02-16,4,"quantile",0.5,376495.020655702
"2126","DE","15-34",2025-01-23,2025-02-16,4,"quantile",0.75,446353.809345366
"2127","DE","15-34",2025-01-23,2025-02-16,4,"quantile",0.9,520536.558035781
"2128","DE","15-34",2025-01-23,2025-02-16,4,"quantile",0.975,625613.212211178
"2129","DE","35-59",2025-01-23,2025-01-26,1,"quantile",0.025,214837.676911551
"2130","DE","35-59",2025-01-23,2025-01-26,1,"quantile",0.1,370746.349451042
"2131","DE","35-59",2025-01-23,2025-01-26,1,"quantile",0.25,434908.970887058
"2132","DE","35-59",2025-01-23,2025-01-26,1,"quantile",0.5,500988.596089413
"2133","DE","35-59",2025-01-23,2025-01-26,1,"quantile",0.75,577939.230246651
"2134","DE","35-59",2025-01-23,2025-01-26,1,"quantile",0.9,656467.116133526
"2135","DE","35-59",2025-01-23,2025-01-26,1,"quantile",0.975,749136.390894105
"2136","DE","35-59",2025-01-23,2025-02-02,2,"quantile",0.025,202144.596068937
"2137","DE","35-59",2025-01-23,2025-02-02,2,"quantile",0.1,356832.075909028
"2138","DE","35-59",2025-01-23,2025-02-02,2,"quantile",0.25,437481.811696943
"2139","DE","35-59",2025-01-23,2025-02-02,2,"quantile",0.5,507214.44467678
"2140","DE","35-59",2025-01-23,2025-02-02,2,"quantile",0.75,587767.821706006
"2141","DE","35-59",2025-01-23,2025-02-02,2,"quantile",0.9,677549.325058309
"2142","DE","35-59",2025-01-23,2025-02-02,2,"quantile",0.975,791210.845803342
"2143","DE","35-59",2025-01-23,2025-02-09,3,"quantile",0.025,197802.905218568
"2144","DE","35-59",2025-01-23,2025-02-09,3,"quantile",0.1,363064.77714722
"2145","DE","35-59",2025-01-23,2025-02-09,3,"quantile",0.25,450306.306270638
"2146","DE","35-59",2025-01-23,2025-02-09,3,"quantile",0.5,522848.915714999
"2147","DE","35-59",2025-01-23,2025-02-09,3,"quantile",0.75,606973.364527934
"2148","DE","35-59",2025-01-23,2025-02-09,3,"quantile",0.9,705429.150917003
"2149","DE","35-59",2025-01-23,2025-02-09,3,"quantile",0.975,823244.595322176
"2150","DE","35-59",2025-01-23,2025-02-16,4,"quantile",0.025,182987.296266115
"2151","DE","35-59",2025-01-23,2025-02-16,4,"quantile",0.1,335488.848141051
"2152","DE","35-59",2025-01-23,2025-02-16,4,"quantile",0.25,412752.469634328
"2153","DE","35-59",2025-01-23,2025-02-16,4,"quantile",0.5,488234.856314043
"2154","DE","35-59",2025-01-23,2025-02-16,4,"quantile",0.75,579586.465826074
"2155","DE","35-59",2025-01-23,2025-02-16,4,"quantile",0.9,672752.616444385
"2156","DE","35-59",2025-01-23,2025-02-16,4,"quantile",0.975,822493.710545577
"2157","DE","60+",2025-01-23,2025-01-26,1,"quantile",0.025,86174.5840371552
"2158","DE","60+",2025-01-23,2025-01-26,1,"quantile",0.1,134852.638252921
"2159","DE","60+",2025-01-23,2025-01-26,1,"quantile",0.25,159162.495982823
"2160","DE","60+",2025-01-23,2025-01-26,1,"quantile",0.5,184959.083471744
"2161","DE","60+",2025-01-23,2025-01-26,1,"quantile",0.75,216164.292725186
"2162","DE","60+",2025-01-23,2025-01-26,1,"quantile",0.9,248169.697085945
"2163","DE","60+",2025-01-23,2025-01-26,1,"quantile",0.975,288578.580715173
"2164","DE","60+",2025-01-23,2025-02-02,2,"quantile",0.025,82260.3618524071
"2165","DE","60+",2025-01-23,2025-02-02,2,"quantile",0.1,128731.978973774
"2166","DE","60+",2025-01-23,2025-02-02,2,"quantile",0.25,158560.643654087
"2167","DE","60+",2025-01-23,2025-02-02,2,"quantile",0.5,186266.968589861
"2168","DE","60+",2025-01-23,2025-02-02,2,"quantile",0.75,217408.02370641
"2169","DE","60+",2025-01-23,2025-02-02,2,"quantile",0.9,251677.238037818
"2170","DE","60+",2025-01-23,2025-02-02,2,"quantile",0.975,299879.988483443
"2171","DE","60+",2025-01-23,2025-02-09,3,"quantile",0.025,81575.0476702695
"2172","DE","60+",2025-01-23,2025-02-09,3,"quantile",0.1,130868.730151694
"2173","DE","60+",2025-01-23,2025-02-09,3,"quantile",0.25,159521.195686554
"2174","DE","60+",2025-01-23,2025-02-09,3,"quantile",0.5,190367.858499419
"2175","DE","60+",2025-01-23,2025-02-09,3,"quantile",0.75,224660.392062498
"2176","DE","60+",2025-01-23,2025-02-09,3,"quantile",0.9,259664.932089585
"2177","DE","60+",2025-01-23,2025-02-09,3,"quantile",0.975,308499.330488336
"2178","DE","60+",2025-01-23,2025-02-16,4,"quantile",0.025,75587.3086369497
"2179","DE","60+",2025-01-23,2025-02-16,4,"quantile",0.1,123881.531288437
"2180","DE","60+",2025-01-23,2025-02-16,4,"quantile",0.25,152392.98994459
"2181","DE","60+",2025-01-23,2025-02-16,4,"quantile",0.5,184207.54112332
"2182","DE","60+",2025-01-23,2025-02-16,4,"quantile",0.75,221446.122855434
"2183","DE","60+",2025-01-23,2025-02-16,4,"quantile",0.9,256399.543192303
"2184","DE","60+",2025-01-23,2025-02-16,4,"quantile",0.975,313336.807979436
"2185","DE","00+",2025-01-30,2025-02-02,1,"quantile",0.025,768952.072169211
"2186","DE","00+",2025-01-30,2025-02-02,1,"quantile",0.1,1211742.89353462
"2187","DE","00+",2025-01-30,2025-02-02,1,"quantile",0.25,1446307.93022072
"2188","DE","00+",2025-01-30,2025-02-02,1,"quantile",0.5,1704943.68902232
"2189","DE","00+",2025-01-30,2025-02-02,1,"quantile",0.75,1941344.46936778
"2190","DE","00+",2025-01-30,2025-02-02,1,"quantile",0.9,2180480.36741244
"2191","DE","00+",2025-01-30,2025-02-02,1,"quantile",0.975,2511796.62280478
"2192","DE","00+",2025-01-30,2025-02-09,2,"quantile",0.025,769495.17728674
"2193","DE","00+",2025-01-30,2025-02-09,2,"quantile",0.1,1207379.3258169
"2194","DE","00+",2025-01-30,2025-02-09,2,"quantile",0.25,1441020.17578981
"2195","DE","00+",2025-01-30,2025-02-09,2,"quantile",0.5,1706533.84235641
"2196","DE","00+",2025-01-30,2025-02-09,2,"quantile",0.75,1948297.69876772
"2197","DE","00+",2025-01-30,2025-02-09,2,"quantile",0.9,2203832.96042837
"2198","DE","00+",2025-01-30,2025-02-09,2,"quantile",0.975,2513876.11694887
"2199","DE","00+",2025-01-30,2025-02-16,3,"quantile",0.025,749383.472009384
"2200","DE","00+",2025-01-30,2025-02-16,3,"quantile",0.1,1172555.33963671
"2201","DE","00+",2025-01-30,2025-02-16,3,"quantile",0.25,1400355.55046298
"2202","DE","00+",2025-01-30,2025-02-16,3,"quantile",0.5,1649407.87430528
"2203","DE","00+",2025-01-30,2025-02-16,3,"quantile",0.75,1928888.66165751
"2204","DE","00+",2025-01-30,2025-02-16,3,"quantile",0.9,2203984.14488351
"2205","DE","00+",2025-01-30,2025-02-16,3,"quantile",0.975,2516441.80965865
"2206","DE","00+",2025-01-30,2025-02-23,4,"quantile",0.025,625450.285421226
"2207","DE","00+",2025-01-30,2025-02-23,4,"quantile",0.1,1068373.31134057
"2208","DE","00+",2025-01-30,2025-02-23,4,"quantile",0.25,1291646.19970224
"2209","DE","00+",2025-01-30,2025-02-23,4,"quantile",0.5,1538474.72126328
"2210","DE","00+",2025-01-30,2025-02-23,4,"quantile",0.75,1857661.43932169
"2211","DE","00+",2025-01-30,2025-02-23,4,"quantile",0.9,2132550.54251574
"2212","DE","00+",2025-01-30,2025-02-23,4,"quantile",0.975,2489494.01623835
"2213","DE","00-04",2025-01-30,2025-02-02,1,"quantile",0.025,115139.1079307
"2214","DE","00-04",2025-01-30,2025-02-02,1,"quantile",0.1,186937.8709494
"2215","DE","00-04",2025-01-30,2025-02-02,1,"quantile",0.25,224451.423667538
"2216","DE","00-04",2025-01-30,2025-02-02,1,"quantile",0.5,261421.162763798
"2217","DE","00-04",2025-01-30,2025-02-02,1,"quantile",0.75,300755.252018132
"2218","DE","00-04",2025-01-30,2025-02-02,1,"quantile",0.9,339064.883508826
"2219","DE","00-04",2025-01-30,2025-02-02,1,"quantile",0.975,397216.195212496
"2220","DE","00-04",2025-01-30,2025-02-09,2,"quantile",0.025,108195.477959263
"2221","DE","00-04",2025-01-30,2025-02-09,2,"quantile",0.1,177172.49846515
"2222","DE","00-04",2025-01-30,2025-02-09,2,"quantile",0.25,215036.581590284
"2223","DE","00-04",2025-01-30,2025-02-09,2,"quantile",0.5,252197.561154324
"2224","DE","00-04",2025-01-30,2025-02-09,2,"quantile",0.75,292864.713521788
"2225","DE","00-04",2025-01-30,2025-02-09,2,"quantile",0.9,332136.51468254
"2226","DE","00-04",2025-01-30,2025-02-09,2,"quantile",0.975,383914.295517054
"2227","DE","00-04",2025-01-30,2025-02-16,3,"quantile",0.025,99470.0210561398
"2228","DE","00-04",2025-01-30,2025-02-16,3,"quantile",0.1,167379.105974963
"2229","DE","00-04",2025-01-30,2025-02-16,3,"quantile",0.25,204550.516512392
"2230","DE","00-04",2025-01-30,2025-02-16,3,"quantile",0.5,243409.123271812
"2231","DE","00-04",2025-01-30,2025-02-16,3,"quantile",0.75,283948.845600043
"2232","DE","00-04",2025-01-30,2025-02-16,3,"quantile",0.9,326754.825590175
"2233","DE","00-04",2025-01-30,2025-02-16,3,"quantile",0.975,379411.867696035
"2234","DE","00-04",2025-01-30,2025-02-23,4,"quantile",0.025,92994.4125883889
"2235","DE","00-04",2025-01-30,2025-02-23,4,"quantile",0.1,163182.61064538
"2236","DE","00-04",2025-01-30,2025-02-23,4,"quantile",0.25,192546.220758021
"2237","DE","00-04",2025-01-30,2025-02-23,4,"quantile",0.5,228675.825012632
"2238","DE","00-04",2025-01-30,2025-02-23,4,"quantile",0.75,267734.684005803
"2239","DE","00-04",2025-01-30,2025-02-23,4,"quantile",0.9,313930.81653833
"2240","DE","00-04",2025-01-30,2025-02-23,4,"quantile",0.975,377129.934774209
"2241","DE","05-14",2025-01-30,2025-02-02,1,"quantile",0.025,89757.3944601672
"2242","DE","05-14",2025-01-30,2025-02-02,1,"quantile",0.1,151514.809619639
"2243","DE","05-14",2025-01-30,2025-02-02,1,"quantile",0.25,199027.131454256
"2244","DE","05-14",2025-01-30,2025-02-02,1,"quantile",0.5,242978.715825461
"2245","DE","05-14",2025-01-30,2025-02-02,1,"quantile",0.75,291897.412770479
"2246","DE","05-14",2025-01-30,2025-02-02,1,"quantile",0.9,339602.056690723
"2247","DE","05-14",2025-01-30,2025-02-02,1,"quantile",0.975,407966.839318995
"2248","DE","05-14",2025-01-30,2025-02-09,2,"quantile",0.025,83171.3677632874
"2249","DE","05-14",2025-01-30,2025-02-09,2,"quantile",0.1,148871.797919388
"2250","DE","05-14",2025-01-30,2025-02-09,2,"quantile",0.25,187696.648109236
"2251","DE","05-14",2025-01-30,2025-02-09,2,"quantile",0.5,233228.779359923
"2252","DE","05-14",2025-01-30,2025-02-09,2,"quantile",0.75,284461.027180581
"2253","DE","05-14",2025-01-30,2025-02-09,2,"quantile",0.9,339093.144531363
"2254","DE","05-14",2025-01-30,2025-02-09,2,"quantile",0.975,404073.407550017
"2255","DE","05-14",2025-01-30,2025-02-16,3,"quantile",0.025,77025.7074400953
"2256","DE","05-14",2025-01-30,2025-02-16,3,"quantile",0.1,137272.317443632
"2257","DE","05-14",2025-01-30,2025-02-16,3,"quantile",0.25,178078.60912965
"2258","DE","05-14",2025-01-30,2025-02-16,3,"quantile",0.5,218439.895992151
"2259","DE","05-14",2025-01-30,2025-02-16,3,"quantile",0.75,266586.04632118
"2260","DE","05-14",2025-01-30,2025-02-16,3,"quantile",0.9,320568.145679341
"2261","DE","05-14",2025-01-30,2025-02-16,3,"quantile",0.975,383474.202605729
"2262","DE","05-14",2025-01-30,2025-02-23,4,"quantile",0.025,69978.6305146949
"2263","DE","05-14",2025-01-30,2025-02-23,4,"quantile",0.1,131992.264032124
"2264","DE","05-14",2025-01-30,2025-02-23,4,"quantile",0.25,165080.995197148
"2265","DE","05-14",2025-01-30,2025-02-23,4,"quantile",0.5,203350.021623492
"2266","DE","05-14",2025-01-30,2025-02-23,4,"quantile",0.75,252092.372377916
"2267","DE","05-14",2025-01-30,2025-02-23,4,"quantile",0.9,303790.218223074
"2268","DE","05-14",2025-01-30,2025-02-23,4,"quantile",0.975,376219.011075375
"2269","DE","15-34",2025-01-30,2025-02-02,1,"quantile",0.025,203019.279445619
"2270","DE","15-34",2025-01-30,2025-02-02,1,"quantile",0.1,334363.994493611
"2271","DE","15-34",2025-01-30,2025-02-02,1,"quantile",0.25,402172.554152659
"2272","DE","15-34",2025-01-30,2025-02-02,1,"quantile",0.5,471574.896235231
"2273","DE","15-34",2025-01-30,2025-02-02,1,"quantile",0.75,542658.766874233
"2274","DE","15-34",2025-01-30,2025-02-02,1,"quantile",0.9,615821.609428449
"2275","DE","15-34",2025-01-30,2025-02-02,1,"quantile",0.975,717791.441957852
"2276","DE","15-34",2025-01-30,2025-02-09,2,"quantile",0.025,188382.535512966
"2277","DE","15-34",2025-01-30,2025-02-09,2,"quantile",0.1,319818.505262219
"2278","DE","15-34",2025-01-30,2025-02-09,2,"quantile",0.25,391307.234390227
"2279","DE","15-34",2025-01-30,2025-02-09,2,"quantile",0.5,467179.576438639
"2280","DE","15-34",2025-01-30,2025-02-09,2,"quantile",0.75,541896.655879361
"2281","DE","15-34",2025-01-30,2025-02-09,2,"quantile",0.9,620854.131489051
"2282","DE","15-34",2025-01-30,2025-02-09,2,"quantile",0.975,729873.118640889
"2283","DE","15-34",2025-01-30,2025-02-16,3,"quantile",0.025,174264.317600124
"2284","DE","15-34",2025-01-30,2025-02-16,3,"quantile",0.1,305375.64257378
"2285","DE","15-34",2025-01-30,2025-02-16,3,"quantile",0.25,373880.61464277
"2286","DE","15-34",2025-01-30,2025-02-16,3,"quantile",0.5,446538.751588799
"2287","DE","15-34",2025-01-30,2025-02-16,3,"quantile",0.75,532628.952983711
"2288","DE","15-34",2025-01-30,2025-02-16,3,"quantile",0.9,614521.808783759
"2289","DE","15-34",2025-01-30,2025-02-16,3,"quantile",0.975,727875.612872561
"2290","DE","15-34",2025-01-30,2025-02-23,4,"quantile",0.025,161679.942816118
"2291","DE","15-34",2025-01-30,2025-02-23,4,"quantile",0.1,293711.071931985
"2292","DE","15-34",2025-01-30,2025-02-23,4,"quantile",0.25,349348.856964529
"2293","DE","15-34",2025-01-30,2025-02-23,4,"quantile",0.5,419747.049499849
"2294","DE","15-34",2025-01-30,2025-02-23,4,"quantile",0.75,500961.570427542
"2295","DE","15-34",2025-01-30,2025-02-23,4,"quantile",0.9,586751.919992795
"2296","DE","15-34",2025-01-30,2025-02-23,4,"quantile",0.975,698462.394425829
"2297","DE","35-59",2025-01-30,2025-02-02,1,"quantile",0.025,262218.807181371
"2298","DE","35-59",2025-01-30,2025-02-02,1,"quantile",0.1,446642.66266144
"2299","DE","35-59",2025-01-30,2025-02-02,1,"quantile",0.25,544065.219999859
"2300","DE","35-59",2025-01-30,2025-02-02,1,"quantile",0.5,637212.658832639
"2301","DE","35-59",2025-01-30,2025-02-02,1,"quantile",0.75,725302.030681525
"2302","DE","35-59",2025-01-30,2025-02-02,1,"quantile",0.9,819597.815080681
"2303","DE","35-59",2025-01-30,2025-02-02,1,"quantile",0.975,946774.803985188
"2304","DE","35-59",2025-01-30,2025-02-09,2,"quantile",0.025,243833.303538522
"2305","DE","35-59",2025-01-30,2025-02-09,2,"quantile",0.1,415511.479137965
"2306","DE","35-59",2025-01-30,2025-02-09,2,"quantile",0.25,524020.506754952
"2307","DE","35-59",2025-01-30,2025-02-09,2,"quantile",0.5,615735.553375979
"2308","DE","35-59",2025-01-30,2025-02-09,2,"quantile",0.75,716565.087461056
"2309","DE","35-59",2025-01-30,2025-02-09,2,"quantile",0.9,815547.493584084
"2310","DE","35-59",2025-01-30,2025-02-09,2,"quantile",0.975,942145.061991601
"2311","DE","35-59",2025-01-30,2025-02-16,3,"quantile",0.025,228785.683659116
"2312","DE","35-59",2025-01-30,2025-02-16,3,"quantile",0.1,394434.861212272
"2313","DE","35-59",2025-01-30,2025-02-16,3,"quantile",0.25,489390.189769687
"2314","DE","35-59",2025-01-30,2025-02-16,3,"quantile",0.5,596369.641092347
"2315","DE","35-59",2025-01-30,2025-02-16,3,"quantile",0.75,708264.708425529
"2316","DE","35-59",2025-01-30,2025-02-16,3,"quantile",0.9,811480.992806974
"2317","DE","35-59",2025-01-30,2025-02-16,3,"quantile",0.975,940129.827269978
"2318","DE","35-59",2025-01-30,2025-02-23,4,"quantile",0.025,214389.456053624
"2319","DE","35-59",2025-01-30,2025-02-23,4,"quantile",0.1,368643.036062749
"2320","DE","35-59",2025-01-30,2025-02-23,4,"quantile",0.25,448463.67431373
"2321","DE","35-59",2025-01-30,2025-02-23,4,"quantile",0.5,540664.321629837
"2322","DE","35-59",2025-01-30,2025-02-23,4,"quantile",0.75,656437.44634954
"2323","DE","35-59",2025-01-30,2025-02-23,4,"quantile",0.9,786232.455089823
"2324","DE","35-59",2025-01-30,2025-02-23,4,"quantile",0.975,918268.771263392
"2325","DE","60+",2025-01-30,2025-02-02,1,"quantile",0.025,89020.25397554
"2326","DE","60+",2025-01-30,2025-02-02,1,"quantile",0.1,148713.967098202
"2327","DE","60+",2025-01-30,2025-02-02,1,"quantile",0.25,179918.951952119
"2328","DE","60+",2025-01-30,2025-02-02,1,"quantile",0.5,215938.863340791
"2329","DE","60+",2025-01-30,2025-02-02,1,"quantile",0.75,253598.81862832
"2330","DE","60+",2025-01-30,2025-02-02,1,"quantile",0.9,289995.660066466
"2331","DE","60+",2025-01-30,2025-02-02,1,"quantile",0.975,334444.42789097
"2332","DE","60+",2025-01-30,2025-02-09,2,"quantile",0.025,85508.3968103629
"2333","DE","60+",2025-01-30,2025-02-09,2,"quantile",0.1,141649.642381145
"2334","DE","60+",2025-01-30,2025-02-09,2,"quantile",0.25,178289.03396485
"2335","DE","60+",2025-01-30,2025-02-09,2,"quantile",0.5,214219.534294795
"2336","DE","60+",2025-01-30,2025-02-09,2,"quantile",0.75,251761.79556152
"2337","DE","60+",2025-01-30,2025-02-09,2,"quantile",0.9,288358.412670831
"2338","DE","60+",2025-01-30,2025-02-09,2,"quantile",0.975,344658.121666964
"2339","DE","60+",2025-01-30,2025-02-16,3,"quantile",0.025,82125.6089291571
"2340","DE","60+",2025-01-30,2025-02-16,3,"quantile",0.1,136028.713071221
"2341","DE","60+",2025-01-30,2025-02-16,3,"quantile",0.25,166491.365554781
"2342","DE","60+",2025-01-30,2025-02-16,3,"quantile",0.5,207343.356155345
"2343","DE","60+",2025-01-30,2025-02-16,3,"quantile",0.75,250848.931163415
"2344","DE","60+",2025-01-30,2025-02-16,3,"quantile",0.9,290765.201167534
"2345","DE","60+",2025-01-30,2025-02-16,3,"quantile",0.975,346503.609468789
"2346","DE","60+",2025-01-30,2025-02-23,4,"quantile",0.025,76051.513724649
"2347","DE","60+",2025-01-30,2025-02-23,4,"quantile",0.1,129282.195210517
"2348","DE","60+",2025-01-30,2025-02-23,4,"quantile",0.25,158379.47205908
"2349","DE","60+",2025-01-30,2025-02-23,4,"quantile",0.5,193736.186173389
"2350","DE","60+",2025-01-30,2025-02-23,4,"quantile",0.75,246111.22220493
"2351","DE","60+",2025-01-30,2025-02-23,4,"quantile",0.9,286405.678267436
"2352","DE","60+",2025-01-30,2025-02-23,4,"quantile",0.975,341117.675853175
"2353","DE","00+",2025-02-06,2025-02-09,1,"quantile",0.025,935046.010253335
"2354","DE","00+",2025-02-06,2025-02-09,1,"quantile",0.1,1399452.92503333
"2355","DE","00+",2025-02-06,2025-02-09,1,"quantile",0.25,1676914.62878999
"2356","DE","00+",2025-02-06,2025-02-09,1,"quantile",0.5,1965646.48717886
"2357","DE","00+",2025-02-06,2025-02-09,1,"quantile",0.75,2237704.93493702
"2358","DE","00+",2025-02-06,2025-02-09,1,"quantile",0.9,2511854.61668163
"2359","DE","00+",2025-02-06,2025-02-09,1,"quantile",0.975,2868330.49597452
"2360","DE","00+",2025-02-06,2025-02-16,2,"quantile",0.025,805048.973417436
"2361","DE","00+",2025-02-06,2025-02-16,2,"quantile",0.1,1290613.59857517
"2362","DE","00+",2025-02-06,2025-02-16,2,"quantile",0.25,1558132.82843377
"2363","DE","00+",2025-02-06,2025-02-16,2,"quantile",0.5,1895693.26485508
"2364","DE","00+",2025-02-06,2025-02-16,2,"quantile",0.75,2236081.68301471
"2365","DE","00+",2025-02-06,2025-02-16,2,"quantile",0.9,2534685.85446938
"2366","DE","00+",2025-02-06,2025-02-16,2,"quantile",0.975,2921233.73196305
"2367","DE","00+",2025-02-06,2025-02-23,3,"quantile",0.025,693727.814112103
"2368","DE","00+",2025-02-06,2025-02-23,3,"quantile",0.1,1150922.71957629
"2369","DE","00+",2025-02-06,2025-02-23,3,"quantile",0.25,1399263.46968918
"2370","DE","00+",2025-02-06,2025-02-23,3,"quantile",0.5,1683021.96373095
"2371","DE","00+",2025-02-06,2025-02-23,3,"quantile",0.75,2024688.62244244
"2372","DE","00+",2025-02-06,2025-02-23,3,"quantile",0.9,2329265.97831933
"2373","DE","00+",2025-02-06,2025-02-23,3,"quantile",0.975,2718274.15532067
"2374","DE","00+",2025-02-06,2025-03-02,4,"quantile",0.025,603677.04280304
"2375","DE","00+",2025-02-06,2025-03-02,4,"quantile",0.1,1030690.46572005
"2376","DE","00+",2025-02-06,2025-03-02,4,"quantile",0.25,1227455.59817605
"2377","DE","00+",2025-02-06,2025-03-02,4,"quantile",0.5,1465388.77209505
"2378","DE","00+",2025-02-06,2025-03-02,4,"quantile",0.75,1764485.53897862
"2379","DE","00+",2025-02-06,2025-03-02,4,"quantile",0.9,2050458.81864822
"2380","DE","00+",2025-02-06,2025-03-02,4,"quantile",0.975,2470899.34467158
"2381","DE","00-04",2025-02-06,2025-02-09,1,"quantile",0.025,125687.073830351
"2382","DE","00-04",2025-02-06,2025-02-09,1,"quantile",0.1,202435.795016695
"2383","DE","00-04",2025-02-06,2025-02-09,1,"quantile",0.25,240205.68173767
"2384","DE","00-04",2025-02-06,2025-02-09,1,"quantile",0.5,282269.850243005
"2385","DE","00-04",2025-02-06,2025-02-09,1,"quantile",0.75,323750.60044006
"2386","DE","00-04",2025-02-06,2025-02-09,1,"quantile",0.9,365539.044982915
"2387","DE","00-04",2025-02-06,2025-02-09,1,"quantile",0.975,427362.866981624
"2388","DE","00-04",2025-02-06,2025-02-16,2,"quantile",0.025,118474.471994091
"2389","DE","00-04",2025-02-06,2025-02-16,2,"quantile",0.1,190814.195597639
"2390","DE","00-04",2025-02-06,2025-02-16,2,"quantile",0.25,226835.026717737
"2391","DE","00-04",2025-02-06,2025-02-16,2,"quantile",0.5,269531.249951591
"2392","DE","00-04",2025-02-06,2025-02-16,2,"quantile",0.75,313849.217829556
"2393","DE","00-04",2025-02-06,2025-02-16,2,"quantile",0.9,358479.787226652
"2394","DE","00-04",2025-02-06,2025-02-16,2,"quantile",0.975,415092.500269604
"2395","DE","00-04",2025-02-06,2025-02-23,3,"quantile",0.025,105000.902509748
"2396","DE","00-04",2025-02-06,2025-02-23,3,"quantile",0.1,178073.891137967
"2397","DE","00-04",2025-02-06,2025-02-23,3,"quantile",0.25,207739.052130043
"2398","DE","00-04",2025-02-06,2025-02-23,3,"quantile",0.5,246693.953648325
"2399","DE","00-04",2025-02-06,2025-02-23,3,"quantile",0.75,288852.398593421
"2400","DE","00-04",2025-02-06,2025-02-23,3,"quantile",0.9,331020.186174885
"2401","DE","00-04",2025-02-06,2025-02-23,3,"quantile",0.975,397030.519278601
"2402","DE","00-04",2025-02-06,2025-03-02,4,"quantile",0.025,94865.1306382759
"2403","DE","00-04",2025-02-06,2025-03-02,4,"quantile",0.1,164718.482890696
"2404","DE","00-04",2025-02-06,2025-03-02,4,"quantile",0.25,190925.063750383
"2405","DE","00-04",2025-02-06,2025-03-02,4,"quantile",0.5,227889.114633815
"2406","DE","00-04",2025-02-06,2025-03-02,4,"quantile",0.75,267779.782502413
"2407","DE","00-04",2025-02-06,2025-03-02,4,"quantile",0.9,313056.615390623
"2408","DE","00-04",2025-02-06,2025-03-02,4,"quantile",0.975,385034.603561635
"2409","DE","05-14",2025-02-06,2025-02-09,1,"quantile",0.025,112797.39908763
"2410","DE","05-14",2025-02-06,2025-02-09,1,"quantile",0.1,181269.515508674
"2411","DE","05-14",2025-02-06,2025-02-09,1,"quantile",0.25,225532.941219115
"2412","DE","05-14",2025-02-06,2025-02-09,1,"quantile",0.5,282075.303015202
"2413","DE","05-14",2025-02-06,2025-02-09,1,"quantile",0.75,342844.728499778
"2414","DE","05-14",2025-02-06,2025-02-09,1,"quantile",0.9,402271.115876839
"2415","DE","05-14",2025-02-06,2025-02-09,1,"quantile",0.975,477839.302285714
"2416","DE","05-14",2025-02-06,2025-02-16,2,"quantile",0.025,104317.125326318
"2417","DE","05-14",2025-02-06,2025-02-16,2,"quantile",0.1,172496.058913562
"2418","DE","05-14",2025-02-06,2025-02-16,2,"quantile",0.25,215990.485511125
"2419","DE","05-14",2025-02-06,2025-02-16,2,"quantile",0.5,266478.737045157
"2420","DE","05-14",2025-02-06,2025-02-16,2,"quantile",0.75,322479.065216316
"2421","DE","05-14",2025-02-06,2025-02-16,2,"quantile",0.9,391038.270896202
"2422","DE","05-14",2025-02-06,2025-02-16,2,"quantile",0.975,472848.95789252
"2423","DE","05-14",2025-02-06,2025-02-23,3,"quantile",0.025,91986.3580910805
"2424","DE","05-14",2025-02-06,2025-02-23,3,"quantile",0.1,159529.095798327
"2425","DE","05-14",2025-02-06,2025-02-23,3,"quantile",0.25,197421.270005594
"2426","DE","05-14",2025-02-06,2025-02-23,3,"quantile",0.5,241037.153810157
"2427","DE","05-14",2025-02-06,2025-02-23,3,"quantile",0.75,295406.322891197
"2428","DE","05-14",2025-02-06,2025-02-23,3,"quantile",0.9,356324.982949557
"2429","DE","05-14",2025-02-06,2025-02-23,3,"quantile",0.975,432534.356762479
"2430","DE","05-14",2025-02-06,2025-03-02,4,"quantile",0.025,81327.14300909
"2431","DE","05-14",2025-02-06,2025-03-02,4,"quantile",0.1,144382.210436155
"2432","DE","05-14",2025-02-06,2025-03-02,4,"quantile",0.25,179526.82863295
"2433","DE","05-14",2025-02-06,2025-03-02,4,"quantile",0.5,224541.94025123
"2434","DE","05-14",2025-02-06,2025-03-02,4,"quantile",0.75,278713.341986306
"2435","DE","05-14",2025-02-06,2025-03-02,4,"quantile",0.9,342768.646397662
"2436","DE","05-14",2025-02-06,2025-03-02,4,"quantile",0.975,429107.418571611
"2437","DE","15-34",2025-02-06,2025-02-09,1,"quantile",0.025,219327.022899108
"2438","DE","15-34",2025-02-06,2025-02-09,1,"quantile",0.1,357289.535922169
"2439","DE","15-34",2025-02-06,2025-02-09,1,"quantile",0.25,437309.822560025
"2440","DE","15-34",2025-02-06,2025-02-09,1,"quantile",0.5,518094.89752582
"2441","DE","15-34",2025-02-06,2025-02-09,1,"quantile",0.75,595759.092695792
"2442","DE","15-34",2025-02-06,2025-02-09,1,"quantile",0.9,677071.161365578
"2443","DE","15-34",2025-02-06,2025-02-09,1,"quantile",0.975,793252.533239798
"2444","DE","15-34",2025-02-06,2025-02-16,2,"quantile",0.025,204530.249884149
"2445","DE","15-34",2025-02-06,2025-02-16,2,"quantile",0.1,339123.211474863
"2446","DE","15-34",2025-02-06,2025-02-16,2,"quantile",0.25,407180.302489403
"2447","DE","15-34",2025-02-06,2025-02-16,2,"quantile",0.5,496442.219553666
"2448","DE","15-34",2025-02-06,2025-02-16,2,"quantile",0.75,587664.549415291
"2449","DE","15-34",2025-02-06,2025-02-16,2,"quantile",0.9,673977.719394302
"2450","DE","15-34",2025-02-06,2025-02-16,2,"quantile",0.975,801965.489533717
"2451","DE","15-34",2025-02-06,2025-02-23,3,"quantile",0.025,181183.954426092
"2452","DE","15-34",2025-02-06,2025-02-23,3,"quantile",0.1,310418.769660681
"2453","DE","15-34",2025-02-06,2025-02-23,3,"quantile",0.25,373059.225829135
"2454","DE","15-34",2025-02-06,2025-02-23,3,"quantile",0.5,449371.499907192
"2455","DE","15-34",2025-02-06,2025-02-23,3,"quantile",0.75,547607.762032704
"2456","DE","15-34",2025-02-06,2025-02-23,3,"quantile",0.9,634922.209884266
"2457","DE","15-34",2025-02-06,2025-02-23,3,"quantile",0.975,762377.564176672
"2458","DE","15-34",2025-02-06,2025-03-02,4,"quantile",0.025,160545.346319365
"2459","DE","15-34",2025-02-06,2025-03-02,4,"quantile",0.1,284508.930535244
"2460","DE","15-34",2025-02-06,2025-03-02,4,"quantile",0.25,337150.582941672
"2461","DE","15-34",2025-02-06,2025-03-02,4,"quantile",0.5,407607.914025645
"2462","DE","15-34",2025-02-06,2025-03-02,4,"quantile",0.75,496888.858203152
"2463","DE","15-34",2025-02-06,2025-03-02,4,"quantile",0.9,585681.02570321
"2464","DE","15-34",2025-02-06,2025-03-02,4,"quantile",0.975,707333.312139993
"2465","DE","35-59",2025-02-06,2025-02-09,1,"quantile",0.025,291042.519616759
"2466","DE","35-59",2025-02-06,2025-02-09,1,"quantile",0.1,485287.84051927
"2467","DE","35-59",2025-02-06,2025-02-09,1,"quantile",0.25,592190.029773428
"2468","DE","35-59",2025-02-06,2025-02-09,1,"quantile",0.5,704112.490254314
"2469","DE","35-59",2025-02-06,2025-02-09,1,"quantile",0.75,803451.778250771
"2470","DE","35-59",2025-02-06,2025-02-09,1,"quantile",0.9,910946.45767899
"2471","DE","35-59",2025-02-06,2025-02-09,1,"quantile",0.975,1043901.70119991
"2472","DE","35-59",2025-02-06,2025-02-16,2,"quantile",0.025,271252.910716203
"2473","DE","35-59",2025-02-06,2025-02-16,2,"quantile",0.1,450462.347543724
"2474","DE","35-59",2025-02-06,2025-02-16,2,"quantile",0.25,556692.013500185
"2475","DE","35-59",2025-02-06,2025-02-16,2,"quantile",0.5,667518.92573037
"2476","DE","35-59",2025-02-06,2025-02-16,2,"quantile",0.75,792555.685130453
"2477","DE","35-59",2025-02-06,2025-02-16,2,"quantile",0.9,900628.307825816
"2478","DE","35-59",2025-02-06,2025-02-16,2,"quantile",0.975,1055201.51548353
"2479","DE","35-59",2025-02-06,2025-02-23,3,"quantile",0.025,241456.43778674
"2480","DE","35-59",2025-02-06,2025-02-23,3,"quantile",0.1,403645.12955029
"2481","DE","35-59",2025-02-06,2025-02-23,3,"quantile",0.25,497233.140086177
"2482","DE","35-59",2025-02-06,2025-02-23,3,"quantile",0.5,602280.096235313
"2483","DE","35-59",2025-02-06,2025-02-23,3,"quantile",0.75,736951.264129145
"2484","DE","35-59",2025-02-06,2025-02-23,3,"quantile",0.9,855007.379695629
"2485","DE","35-59",2025-02-06,2025-02-23,3,"quantile",0.975,987843.842691722
"2486","DE","35-59",2025-02-06,2025-03-02,4,"quantile",0.025,216438.179930369
"2487","DE","35-59",2025-02-06,2025-03-02,4,"quantile",0.1,373845.925178139
"2488","DE","35-59",2025-02-06,2025-03-02,4,"quantile",0.25,446988.325346394
"2489","DE","35-59",2025-02-06,2025-03-02,4,"quantile",0.5,535353.416906153
"2490","DE","35-59",2025-02-06,2025-03-02,4,"quantile",0.75,649810.960622814
"2491","DE","35-59",2025-02-06,2025-03-02,4,"quantile",0.9,787726.483862581
"2492","DE","35-59",2025-02-06,2025-03-02,4,"quantile",0.975,953992.865795593
"2493","DE","60+",2025-02-06,2025-02-09,1,"quantile",0.025,96228.4232980561
"2494","DE","60+",2025-02-06,2025-02-09,1,"quantile",0.1,160676.191629968
"2495","DE","60+",2025-02-06,2025-02-09,1,"quantile",0.25,197326.845806085
"2496","DE","60+",2025-02-06,2025-02-09,1,"quantile",0.5,240724.734563219
"2497","DE","60+",2025-02-06,2025-02-09,1,"quantile",0.75,279853.483423454
"2498","DE","60+",2025-02-06,2025-02-09,1,"quantile",0.9,318814.634406509
"2499","DE","60+",2025-02-06,2025-02-09,1,"quantile",0.975,370214.448851728
"2500","DE","60+",2025-02-06,2025-02-16,2,"quantile",0.025,92280.5516943509
"2501","DE","60+",2025-02-06,2025-02-16,2,"quantile",0.1,152714.800156895
"2502","DE","60+",2025-02-06,2025-02-16,2,"quantile",0.25,190010.562949546
"2503","DE","60+",2025-02-06,2025-02-16,2,"quantile",0.5,232705.316205634
"2504","DE","60+",2025-02-06,2025-02-16,2,"quantile",0.75,275143.875467557
"2505","DE","60+",2025-02-06,2025-02-16,2,"quantile",0.9,315245.970918689
"2506","DE","60+",2025-02-06,2025-02-16,2,"quantile",0.975,372174.813377591
"2507","DE","60+",2025-02-06,2025-02-23,3,"quantile",0.025,83841.7532076044
"2508","DE","60+",2025-02-06,2025-02-23,3,"quantile",0.1,137951.255373178
"2509","DE","60+",2025-02-06,2025-02-23,3,"quantile",0.25,173921.6273894
"2510","DE","60+",2025-02-06,2025-02-23,3,"quantile",0.5,211514.126377804
"2511","DE","60+",2025-02-06,2025-02-23,3,"quantile",0.75,265110.558436297
"2512","DE","60+",2025-02-06,2025-02-23,3,"quantile",0.9,305209.891724354
"2513","DE","60+",2025-02-06,2025-02-23,3,"quantile",0.975,356930.40181126
"2514","DE","60+",2025-02-06,2025-03-02,4,"quantile",0.025,75777.268328796
"2515","DE","60+",2025-02-06,2025-03-02,4,"quantile",0.1,127338.298047709
"2516","DE","60+",2025-02-06,2025-03-02,4,"quantile",0.25,155891.55878147
"2517","DE","60+",2025-02-06,2025-03-02,4,"quantile",0.5,190257.305208444
"2518","DE","60+",2025-02-06,2025-03-02,4,"quantile",0.75,241728.621253696
"2519","DE","60+",2025-02-06,2025-03-02,4,"quantile",0.9,286706.783711623
"2520","DE","60+",2025-02-06,2025-03-02,4,"quantile",0.975,341798.539419387
"2521","DE","00+",2025-02-13,2025-02-16,1,"quantile",0.025,910106.348796681
"2522","DE","00+",2025-02-13,2025-02-16,1,"quantile",0.1,1370363.61673855
"2523","DE","00+",2025-02-13,2025-02-16,1,"quantile",0.25,1657200.25693777
"2524","DE","00+",2025-02-13,2025-02-16,1,"quantile",0.5,1947800.03714262
"2525","DE","00+",2025-02-13,2025-02-16,1,"quantile",0.75,2243374.15893479
"2526","DE","00+",2025-02-13,2025-02-16,1,"quantile",0.9,2510081.03889111
"2527","DE","00+",2025-02-13,2025-02-16,1,"quantile",0.975,2878250.96932773
"2528","DE","00+",2025-02-13,2025-02-23,2,"quantile",0.025,826581.836362891
"2529","DE","00+",2025-02-13,2025-02-23,2,"quantile",0.1,1267791.10433963
"2530","DE","00+",2025-02-13,2025-02-23,2,"quantile",0.25,1510313.51099609
"2531","DE","00+",2025-02-13,2025-02-23,2,"quantile",0.5,1804459.09874827
"2532","DE","00+",2025-02-13,2025-02-23,2,"quantile",0.75,2126383.15512623
"2533","DE","00+",2025-02-13,2025-02-23,2,"quantile",0.9,2430762.58528053
"2534","DE","00+",2025-02-13,2025-02-23,2,"quantile",0.975,2770957.37821556
"2535","DE","00+",2025-02-13,2025-03-02,3,"quantile",0.025,824458.682074113
"2536","DE","00+",2025-02-13,2025-03-02,3,"quantile",0.1,1215386.9075949
"2537","DE","00+",2025-02-13,2025-03-02,3,"quantile",0.25,1404731.54193517
"2538","DE","00+",2025-02-13,2025-03-02,3,"quantile",0.5,1631716.32178714
"2539","DE","00+",2025-02-13,2025-03-02,3,"quantile",0.75,1932505.77558554
"2540","DE","00+",2025-02-13,2025-03-02,3,"quantile",0.9,2198273.60005839
"2541","DE","00+",2025-02-13,2025-03-02,3,"quantile",0.975,2582141.93772841
"2542","DE","00+",2025-02-13,2025-03-09,4,"quantile",0.025,698312.924272071
"2543","DE","00+",2025-02-13,2025-03-09,4,"quantile",0.1,1086400.51862167
"2544","DE","00+",2025-02-13,2025-03-09,4,"quantile",0.25,1292546.39257012
"2545","DE","00+",2025-02-13,2025-03-09,4,"quantile",0.5,1522004.82889092
"2546","DE","00+",2025-02-13,2025-03-09,4,"quantile",0.75,1789671.40089143
"2547","DE","00+",2025-02-13,2025-03-09,4,"quantile",0.9,2071707.55646164
"2548","DE","00+",2025-02-13,2025-03-09,4,"quantile",0.975,2497747.06666697
"2549","DE","00-04",2025-02-13,2025-02-16,1,"quantile",0.025,127422.893332099
"2550","DE","00-04",2025-02-13,2025-02-16,1,"quantile",0.1,200986.826170865
"2551","DE","00-04",2025-02-13,2025-02-16,1,"quantile",0.25,233653.338491139
"2552","DE","00-04",2025-02-13,2025-02-16,1,"quantile",0.5,275468.199700506
"2553","DE","00-04",2025-02-13,2025-02-16,1,"quantile",0.75,319191.478236799
"2554","DE","00-04",2025-02-13,2025-02-16,1,"quantile",0.9,360172.078030596
"2555","DE","00-04",2025-02-13,2025-02-16,1,"quantile",0.975,426270.908640011
"2556","DE","00-04",2025-02-13,2025-02-23,2,"quantile",0.025,118343.206236487
"2557","DE","00-04",2025-02-13,2025-02-23,2,"quantile",0.1,190768.64849666
"2558","DE","00-04",2025-02-13,2025-02-23,2,"quantile",0.25,223162.627807808
"2559","DE","00-04",2025-02-13,2025-02-23,2,"quantile",0.5,261822.081445891
"2560","DE","00-04",2025-02-13,2025-02-23,2,"quantile",0.75,306941.115088557
"2561","DE","00-04",2025-02-13,2025-02-23,2,"quantile",0.9,348297.697599218
"2562","DE","00-04",2025-02-13,2025-02-23,2,"quantile",0.975,411114.685760447
"2563","DE","00-04",2025-02-13,2025-03-02,3,"quantile",0.025,108908.312895005
"2564","DE","00-04",2025-02-13,2025-03-02,3,"quantile",0.1,180350.072738085
"2565","DE","00-04",2025-02-13,2025-03-02,3,"quantile",0.25,209535.440227558
"2566","DE","00-04",2025-02-13,2025-03-02,3,"quantile",0.5,245486.090712607
"2567","DE","00-04",2025-02-13,2025-03-02,3,"quantile",0.75,287256.997767228
"2568","DE","00-04",2025-02-13,2025-03-02,3,"quantile",0.9,331673.620921043
"2569","DE","00-04",2025-02-13,2025-03-02,3,"quantile",0.975,407548.80847401
"2570","DE","00-04",2025-02-13,2025-03-09,4,"quantile",0.025,99122.538411333
"2571","DE","00-04",2025-02-13,2025-03-09,4,"quantile",0.1,167922.845615259
"2572","DE","00-04",2025-02-13,2025-03-09,4,"quantile",0.25,197046.692371373
"2573","DE","00-04",2025-02-13,2025-03-09,4,"quantile",0.5,232303.968251799
"2574","DE","00-04",2025-02-13,2025-03-09,4,"quantile",0.75,273420.371994035
"2575","DE","00-04",2025-02-13,2025-03-09,4,"quantile",0.9,320547.768666682
"2576","DE","00-04",2025-02-13,2025-03-09,4,"quantile",0.975,395852.434933033
"2577","DE","05-14",2025-02-13,2025-02-16,1,"quantile",0.025,111664.570975577
"2578","DE","05-14",2025-02-13,2025-02-16,1,"quantile",0.1,180753.087235043
"2579","DE","05-14",2025-02-13,2025-02-16,1,"quantile",0.25,221127.307419702
"2580","DE","05-14",2025-02-13,2025-02-16,1,"quantile",0.5,267798.934150643
"2581","DE","05-14",2025-02-13,2025-02-16,1,"quantile",0.75,325660.732317202
"2582","DE","05-14",2025-02-13,2025-02-16,1,"quantile",0.9,388556.388505538
"2583","DE","05-14",2025-02-13,2025-02-16,1,"quantile",0.975,477914.05890205
"2584","DE","05-14",2025-02-13,2025-02-23,2,"quantile",0.025,101901.85657743
"2585","DE","05-14",2025-02-13,2025-02-23,2,"quantile",0.1,172098.403670429
"2586","DE","05-14",2025-02-13,2025-02-23,2,"quantile",0.25,208683.651626002
"2587","DE","05-14",2025-02-13,2025-02-23,2,"quantile",0.5,253990.230933224
"2588","DE","05-14",2025-02-13,2025-02-23,2,"quantile",0.75,311081.434829655
"2589","DE","05-14",2025-02-13,2025-02-23,2,"quantile",0.9,375206.53400868
"2590","DE","05-14",2025-02-13,2025-02-23,2,"quantile",0.975,463450.725893595
"2591","DE","05-14",2025-02-13,2025-03-02,3,"quantile",0.025,93236.419306698
"2592","DE","05-14",2025-02-13,2025-03-02,3,"quantile",0.1,156003.463583637
"2593","DE","05-14",2025-02-13,2025-03-02,3,"quantile",0.25,191340.499498815
"2594","DE","05-14",2025-02-13,2025-03-02,3,"quantile",0.5,235886.954325906
"2595","DE","05-14",2025-02-13,2025-03-02,3,"quantile",0.75,290346.263088811
"2596","DE","05-14",2025-02-13,2025-03-02,3,"quantile",0.9,357944.816306013
"2597","DE","05-14",2025-02-13,2025-03-02,3,"quantile",0.975,444138.766645295
"2598","DE","05-14",2025-02-13,2025-03-09,4,"quantile",0.025,82471.0453568909
"2599","DE","05-14",2025-02-13,2025-03-09,4,"quantile",0.1,143566.27882661
"2600","DE","05-14",2025-02-13,2025-03-09,4,"quantile",0.25,182489.221616065
"2601","DE","05-14",2025-02-13,2025-03-09,4,"quantile",0.5,229482.704275622
"2602","DE","05-14",2025-02-13,2025-03-09,4,"quantile",0.75,286370.509009046
"2603","DE","05-14",2025-02-13,2025-03-09,4,"quantile",0.9,343168.91400404
"2604","DE","05-14",2025-02-13,2025-03-09,4,"quantile",0.975,446100.28405844
"2605","DE","15-34",2025-02-13,2025-02-16,1,"quantile",0.025,224845.084740493
"2606","DE","15-34",2025-02-13,2025-02-16,1,"quantile",0.1,360208.435147952
"2607","DE","15-34",2025-02-13,2025-02-16,1,"quantile",0.25,436902.021901778
"2608","DE","15-34",2025-02-13,2025-02-16,1,"quantile",0.5,514715.445423582
"2609","DE","15-34",2025-02-13,2025-02-16,1,"quantile",0.75,598298.343832954
"2610","DE","15-34",2025-02-13,2025-02-16,1,"quantile",0.9,685427.489497303
"2611","DE","15-34",2025-02-13,2025-02-16,1,"quantile",0.975,804667.500180188
"2612","DE","15-34",2025-02-13,2025-02-23,2,"quantile",0.025,205828.675358347
"2613","DE","15-34",2025-02-13,2025-02-23,2,"quantile",0.1,337626.458934216
"2614","DE","15-34",2025-02-13,2025-02-23,2,"quantile",0.25,406345.064116397
"2615","DE","15-34",2025-02-13,2025-02-23,2,"quantile",0.5,493083.837592382
"2616","DE","15-34",2025-02-13,2025-02-23,2,"quantile",0.75,589730.005446747
"2617","DE","15-34",2025-02-13,2025-02-23,2,"quantile",0.9,679772.57036677
"2618","DE","15-34",2025-02-13,2025-02-23,2,"quantile",0.975,808088.457057951
"2619","DE","15-34",2025-02-13,2025-03-02,3,"quantile",0.025,190762.229021445
"2620","DE","15-34",2025-02-13,2025-03-02,3,"quantile",0.1,314820.420843041
"2621","DE","15-34",2025-02-13,2025-03-02,3,"quantile",0.25,376102.489798988
"2622","DE","15-34",2025-02-13,2025-03-02,3,"quantile",0.5,453512.61781055
"2623","DE","15-34",2025-02-13,2025-03-02,3,"quantile",0.75,546482.4056755
"2624","DE","15-34",2025-02-13,2025-03-02,3,"quantile",0.9,651319.333056233
"2625","DE","15-34",2025-02-13,2025-03-02,3,"quantile",0.975,793921.533391156
"2626","DE","15-34",2025-02-13,2025-03-09,4,"quantile",0.025,169448.530892718
"2627","DE","15-34",2025-02-13,2025-03-09,4,"quantile",0.1,284385.36609515
"2628","DE","15-34",2025-02-13,2025-03-09,4,"quantile",0.25,351118.182899916
"2629","DE","15-34",2025-02-13,2025-03-09,4,"quantile",0.5,424757.771983313
"2630","DE","15-34",2025-02-13,2025-03-09,4,"quantile",0.75,508369.099162591
"2631","DE","15-34",2025-02-13,2025-03-09,4,"quantile",0.9,600456.32482615
"2632","DE","15-34",2025-02-13,2025-03-09,4,"quantile",0.975,738023.210848715
"2633","DE","35-59",2025-02-13,2025-02-16,1,"quantile",0.025,302039.585709509
"2634","DE","35-59",2025-02-13,2025-02-16,1,"quantile",0.1,496876.326276555
"2635","DE","35-59",2025-02-13,2025-02-16,1,"quantile",0.25,604740.767519361
"2636","DE","35-59",2025-02-13,2025-02-16,1,"quantile",0.5,716399.94331183
"2637","DE","35-59",2025-02-13,2025-02-16,1,"quantile",0.75,835217.409493311
"2638","DE","35-59",2025-02-13,2025-02-16,1,"quantile",0.9,938536.749054401
"2639","DE","35-59",2025-02-13,2025-02-16,1,"quantile",0.975,1091285.66621971
"2640","DE","35-59",2025-02-13,2025-02-23,2,"quantile",0.025,277259.62769731
"2641","DE","35-59",2025-02-13,2025-02-23,2,"quantile",0.1,446359.657664702
"2642","DE","35-59",2025-02-13,2025-02-23,2,"quantile",0.25,554078.204070214
"2643","DE","35-59",2025-02-13,2025-02-23,2,"quantile",0.5,679284.587482589
"2644","DE","35-59",2025-02-13,2025-02-23,2,"quantile",0.75,792908.722815285
"2645","DE","35-59",2025-02-13,2025-02-23,2,"quantile",0.9,924328.329921342
"2646","DE","35-59",2025-02-13,2025-02-23,2,"quantile",0.975,1070268.30953922
"2647","DE","35-59",2025-02-13,2025-03-02,3,"quantile",0.025,257649.600926473
"2648","DE","35-59",2025-02-13,2025-03-02,3,"quantile",0.1,416719.428986312
"2649","DE","35-59",2025-02-13,2025-03-02,3,"quantile",0.25,497051.189209789
"2650","DE","35-59",2025-02-13,2025-03-02,3,"quantile",0.5,600148.055031262
"2651","DE","35-59",2025-02-13,2025-03-02,3,"quantile",0.75,735347.555693377
"2652","DE","35-59",2025-02-13,2025-03-02,3,"quantile",0.9,875967.403835293
"2653","DE","35-59",2025-02-13,2025-03-02,3,"quantile",0.975,1042358.44690982
"2654","DE","35-59",2025-02-13,2025-03-09,4,"quantile",0.025,227496.897203989
"2655","DE","35-59",2025-02-13,2025-03-09,4,"quantile",0.1,378267.429946967
"2656","DE","35-59",2025-02-13,2025-03-09,4,"quantile",0.25,458847.732956764
"2657","DE","35-59",2025-02-13,2025-03-09,4,"quantile",0.5,553377.2839175
"2658","DE","35-59",2025-02-13,2025-03-09,4,"quantile",0.75,671568.449894076
"2659","DE","35-59",2025-02-13,2025-03-09,4,"quantile",0.9,793461.437407047
"2660","DE","35-59",2025-02-13,2025-03-09,4,"quantile",0.975,986700.464652828
"2661","DE","60+",2025-02-13,2025-02-16,1,"quantile",0.025,97211.4648579327
"2662","DE","60+",2025-02-13,2025-02-16,1,"quantile",0.1,160710.336239878
"2663","DE","60+",2025-02-13,2025-02-16,1,"quantile",0.25,196428.210701222
"2664","DE","60+",2025-02-13,2025-02-16,1,"quantile",0.5,238571.260415781
"2665","DE","60+",2025-02-13,2025-02-16,1,"quantile",0.75,280833.86291328
"2666","DE","60+",2025-02-13,2025-02-16,1,"quantile",0.9,320335.930926064
"2667","DE","60+",2025-02-13,2025-02-16,1,"quantile",0.975,371765.002829685
"2668","DE","60+",2025-02-13,2025-02-23,2,"quantile",0.025,91414.7974673182
"2669","DE","60+",2025-02-13,2025-02-23,2,"quantile",0.1,151368.224953868
"2670","DE","60+",2025-02-13,2025-02-23,2,"quantile",0.25,188585.067126592
"2671","DE","60+",2025-02-13,2025-02-23,2,"quantile",0.5,229655.935490802
"2672","DE","60+",2025-02-13,2025-02-23,2,"quantile",0.75,275141.036682659
"2673","DE","60+",2025-02-13,2025-02-23,2,"quantile",0.9,313927.616008414
"2674","DE","60+",2025-02-13,2025-02-23,2,"quantile",0.975,365237.977839819
"2675","DE","60+",2025-02-13,2025-03-02,3,"quantile",0.025,87456.8364921508
"2676","DE","60+",2025-02-13,2025-03-02,3,"quantile",0.1,140921.943872454
"2677","DE","60+",2025-02-13,2025-03-02,3,"quantile",0.25,171351.754424169
"2678","DE","60+",2025-02-13,2025-03-02,3,"quantile",0.5,207665.443963737
"2679","DE","60+",2025-02-13,2025-03-02,3,"quantile",0.75,266305.241967863
"2680","DE","60+",2025-02-13,2025-03-02,3,"quantile",0.9,307732.386991485
"2681","DE","60+",2025-02-13,2025-03-02,3,"quantile",0.975,362922.945032459
"2682","DE","60+",2025-02-13,2025-03-09,4,"quantile",0.025,77648.2121917762
"2683","DE","60+",2025-02-13,2025-03-09,4,"quantile",0.1,127789.460121469
"2684","DE","60+",2025-02-13,2025-03-09,4,"quantile",0.25,155293.926195666
"2685","DE","60+",2025-02-13,2025-03-09,4,"quantile",0.5,187448.340403525
"2686","DE","60+",2025-02-13,2025-03-09,4,"quantile",0.75,233584.366543532
"2687","DE","60+",2025-02-13,2025-03-09,4,"quantile",0.9,280776.139711358
"2688","DE","60+",2025-02-13,2025-03-09,4,"quantile",0.975,344228.794204629
"2689","DE","00+",2025-02-20,2025-02-23,1,"quantile",0.025,808441.914285419
"2690","DE","00+",2025-02-20,2025-02-23,1,"quantile",0.1,1271628.00245817
"2691","DE","00+",2025-02-20,2025-02-23,1,"quantile",0.25,1525752.59495763
"2692","DE","00+",2025-02-20,2025-02-23,1,"quantile",0.5,1809948.58692214
"2693","DE","00+",2025-02-20,2025-02-23,1,"quantile",0.75,2118897.84276803
"2694","DE","00+",2025-02-20,2025-02-23,1,"quantile",0.9,2403231.0522485
"2695","DE","00+",2025-02-20,2025-02-23,1,"quantile",0.975,2770894.99205674
"2696","DE","00+",2025-02-20,2025-03-02,2,"quantile",0.025,771054.186788915
"2697","DE","00+",2025-02-20,2025-03-02,2,"quantile",0.1,1190191.41967692
"2698","DE","00+",2025-02-20,2025-03-02,2,"quantile",0.25,1399969.62070532
"2699","DE","00+",2025-02-20,2025-03-02,2,"quantile",0.5,1651552.18292946
"2700","DE","00+",2025-02-20,2025-03-02,2,"quantile",0.75,1919286.9356485
"2701","DE","00+",2025-02-20,2025-03-02,2,"quantile",0.9,2206418.70316504
"2702","DE","00+",2025-02-20,2025-03-02,2,"quantile",0.975,2607749.27958767
"2703","DE","00+",2025-02-20,2025-03-09,3,"quantile",0.025,738160.395856312
"2704","DE","00+",2025-02-20,2025-03-09,3,"quantile",0.1,1092197.69373218
"2705","DE","00+",2025-02-20,2025-03-09,3,"quantile",0.25,1281002.56632505
"2706","DE","00+",2025-02-20,2025-03-09,3,"quantile",0.5,1501346.07157234
"2707","DE","00+",2025-02-20,2025-03-09,3,"quantile",0.75,1764337.18595716
"2708","DE","00+",2025-02-20,2025-03-09,3,"quantile",0.9,2030679.36386812
"2709","DE","00+",2025-02-20,2025-03-09,3,"quantile",0.975,2417719.04734159
"2710","DE","00+",2025-02-20,2025-03-16,4,"quantile",0.025,611262.894143161
"2711","DE","00+",2025-02-20,2025-03-16,4,"quantile",0.1,968806.317112364
"2712","DE","00+",2025-02-20,2025-03-16,4,"quantile",0.25,1201754.41089333
"2713","DE","00+",2025-02-20,2025-03-16,4,"quantile",0.5,1435320.06491012
"2714","DE","00+",2025-02-20,2025-03-16,4,"quantile",0.75,1687806.09727823
"2715","DE","00+",2025-02-20,2025-03-16,4,"quantile",0.9,1978637.5498394
"2716","DE","00+",2025-02-20,2025-03-16,4,"quantile",0.975,2435124.234816
"2717","DE","00-04",2025-02-20,2025-02-23,1,"quantile",0.025,119839.228588665
"2718","DE","00-04",2025-02-20,2025-02-23,1,"quantile",0.1,190035.840569067
"2719","DE","00-04",2025-02-20,2025-02-23,1,"quantile",0.25,219680.706515793
"2720","DE","00-04",2025-02-20,2025-02-23,1,"quantile",0.5,254382.684350916
"2721","DE","00-04",2025-02-20,2025-02-23,1,"quantile",0.75,296005.345396906
"2722","DE","00-04",2025-02-20,2025-02-23,1,"quantile",0.9,336351.757254688
"2723","DE","00-04",2025-02-20,2025-02-23,1,"quantile",0.975,401948.144211286
"2724","DE","00-04",2025-02-20,2025-03-02,2,"quantile",0.025,110116.713969677
"2725","DE","00-04",2025-02-20,2025-03-02,2,"quantile",0.1,176153.818474392
"2726","DE","00-04",2025-02-20,2025-03-02,2,"quantile",0.25,204204.290469999
"2727","DE","00-04",2025-02-20,2025-03-02,2,"quantile",0.5,237598.740185552
"2728","DE","00-04",2025-02-20,2025-03-02,2,"quantile",0.75,276959.957702395
"2729","DE","00-04",2025-02-20,2025-03-02,2,"quantile",0.9,320448.188271185
"2730","DE","00-04",2025-02-20,2025-03-02,2,"quantile",0.975,396478.073937715
"2731","DE","00-04",2025-02-20,2025-03-09,3,"quantile",0.025,101098.589839489
"2732","DE","00-04",2025-02-20,2025-03-09,3,"quantile",0.1,165694.980582104
"2733","DE","00-04",2025-02-20,2025-03-09,3,"quantile",0.25,194212.809630327
"2734","DE","00-04",2025-02-20,2025-03-09,3,"quantile",0.5,229140.373311078
"2735","DE","00-04",2025-02-20,2025-03-09,3,"quantile",0.75,267562.362514608
"2736","DE","00-04",2025-02-20,2025-03-09,3,"quantile",0.9,310158.118649747
"2737","DE","00-04",2025-02-20,2025-03-09,3,"quantile",0.975,390409.167240441
"2738","DE","00-04",2025-02-20,2025-03-16,4,"quantile",0.025,92725.1094177817
"2739","DE","00-04",2025-02-20,2025-03-16,4,"quantile",0.1,155555.147020761
"2740","DE","00-04",2025-02-20,2025-03-16,4,"quantile",0.25,186694.507271659
"2741","DE","00-04",2025-02-20,2025-03-16,4,"quantile",0.5,220024.220079377
"2742","DE","00-04",2025-02-20,2025-03-16,4,"quantile",0.75,258487.310242617
"2743","DE","00-04",2025-02-20,2025-03-16,4,"quantile",0.9,299615.438103466
"2744","DE","00-04",2025-02-20,2025-03-16,4,"quantile",0.975,382636.717438775
"2745","DE","05-14",2025-02-20,2025-02-23,1,"quantile",0.025,103475.817060748
"2746","DE","05-14",2025-02-20,2025-02-23,1,"quantile",0.1,167448.84691523
"2747","DE","05-14",2025-02-20,2025-02-23,1,"quantile",0.25,201495.562182015
"2748","DE","05-14",2025-02-20,2025-02-23,1,"quantile",0.5,244362.819527727
"2749","DE","05-14",2025-02-20,2025-02-23,1,"quantile",0.75,297062.950497492
"2750","DE","05-14",2025-02-20,2025-02-23,1,"quantile",0.9,360441.903316842
"2751","DE","05-14",2025-02-20,2025-02-23,1,"quantile",0.975,440811.988932541
"2752","DE","05-14",2025-02-20,2025-03-02,2,"quantile",0.025,92938.7132250393
"2753","DE","05-14",2025-02-20,2025-03-02,2,"quantile",0.1,156283.500296274
"2754","DE","05-14",2025-02-20,2025-03-02,2,"quantile",0.25,186706.577028378
"2755","DE","05-14",2025-02-20,2025-03-02,2,"quantile",0.5,227015.591399406
"2756","DE","05-14",2025-02-20,2025-03-02,2,"quantile",0.75,278174.272556293
"2757","DE","05-14",2025-02-20,2025-03-02,2,"quantile",0.9,339873.708749908
"2758","DE","05-14",2025-02-20,2025-03-02,2,"quantile",0.975,418657.343821849
"2759","DE","05-14",2025-02-20,2025-03-09,3,"quantile",0.025,84181.4845598991
"2760","DE","05-14",2025-02-20,2025-03-09,3,"quantile",0.1,140189.502753306
"2761","DE","05-14",2025-02-20,2025-03-09,3,"quantile",0.25,173921.801921771
"2762","DE","05-14",2025-02-20,2025-03-09,3,"quantile",0.5,217059.446232062
"2763","DE","05-14",2025-02-20,2025-03-09,3,"quantile",0.75,268256.258661113
"2764","DE","05-14",2025-02-20,2025-03-09,3,"quantile",0.9,327901.869612962
"2765","DE","05-14",2025-02-20,2025-03-09,3,"quantile",0.975,416224.160327429
"2766","DE","05-14",2025-02-20,2025-03-16,4,"quantile",0.025,74933.7528007372
"2767","DE","05-14",2025-02-20,2025-03-16,4,"quantile",0.1,131277.068942502
"2768","DE","05-14",2025-02-20,2025-03-16,4,"quantile",0.25,169990.03527803
"2769","DE","05-14",2025-02-20,2025-03-16,4,"quantile",0.5,214463.742574444
"2770","DE","05-14",2025-02-20,2025-03-16,4,"quantile",0.75,265999.884143738
"2771","DE","05-14",2025-02-20,2025-03-16,4,"quantile",0.9,319865.994979134
"2772","DE","05-14",2025-02-20,2025-03-16,4,"quantile",0.975,418432.128623524
"2773","DE","15-34",2025-02-20,2025-02-23,1,"quantile",0.025,219240.358720201
"2774","DE","15-34",2025-02-20,2025-02-23,1,"quantile",0.1,351941.317571208
"2775","DE","15-34",2025-02-20,2025-02-23,1,"quantile",0.25,421284.996644775
"2776","DE","15-34",2025-02-20,2025-02-23,1,"quantile",0.5,497517.826466593
"2777","DE","15-34",2025-02-20,2025-02-23,1,"quantile",0.75,593664.847671222
"2778","DE","15-34",2025-02-20,2025-02-23,1,"quantile",0.9,687185.859686853
"2779","DE","15-34",2025-02-20,2025-02-23,1,"quantile",0.975,797152.053189966
"2780","DE","15-34",2025-02-20,2025-03-02,2,"quantile",0.025,200143.030663823
"2781","DE","15-34",2025-02-20,2025-03-02,2,"quantile",0.1,327334.272722922
"2782","DE","15-34",2025-02-20,2025-03-02,2,"quantile",0.25,385269.337497376
"2783","DE","15-34",2025-02-20,2025-03-02,2,"quantile",0.5,460806.958276819
"2784","DE","15-34",2025-02-20,2025-03-02,2,"quantile",0.75,549439.957922961
"2785","DE","15-34",2025-02-20,2025-03-02,2,"quantile",0.9,649991.191682715
"2786","DE","15-34",2025-02-20,2025-03-02,2,"quantile",0.975,781932.177698586
"2787","DE","15-34",2025-02-20,2025-03-09,3,"quantile",0.025,181699.693586609
"2788","DE","15-34",2025-02-20,2025-03-09,3,"quantile",0.1,293821.798346797
"2789","DE","15-34",2025-02-20,2025-03-09,3,"quantile",0.25,359619.074986481
"2790","DE","15-34",2025-02-20,2025-03-09,3,"quantile",0.5,435307.328369488
"2791","DE","15-34",2025-02-20,2025-03-09,3,"quantile",0.75,525576.212446525
"2792","DE","15-34",2025-02-20,2025-03-09,3,"quantile",0.9,620417.825284087
"2793","DE","15-34",2025-02-20,2025-03-09,3,"quantile",0.975,749630.125554578
"2794","DE","15-34",2025-02-20,2025-03-16,4,"quantile",0.025,165625.539506464
"2795","DE","15-34",2025-02-20,2025-03-16,4,"quantile",0.1,278152.606947919
"2796","DE","15-34",2025-02-20,2025-03-16,4,"quantile",0.25,343851.439671997
"2797","DE","15-34",2025-02-20,2025-03-16,4,"quantile",0.5,415645.465538355
"2798","DE","15-34",2025-02-20,2025-03-16,4,"quantile",0.75,497767.76749304
"2799","DE","15-34",2025-02-20,2025-03-16,4,"quantile",0.9,600740.567291604
"2800","DE","15-34",2025-02-20,2025-03-16,4,"quantile",0.975,737951.395341946
"2801","DE","35-59",2025-02-20,2025-02-23,1,"quantile",0.025,293468.142890786
"2802","DE","35-59",2025-02-20,2025-02-23,1,"quantile",0.1,482830.651738937
"2803","DE","35-59",2025-02-20,2025-02-23,1,"quantile",0.25,580307.342290526
"2804","DE","35-59",2025-02-20,2025-02-23,1,"quantile",0.5,691111.513253013
"2805","DE","35-59",2025-02-20,2025-02-23,1,"quantile",0.75,806185.267171086
"2806","DE","35-59",2025-02-20,2025-02-23,1,"quantile",0.9,913327.054802817
"2807","DE","35-59",2025-02-20,2025-02-23,1,"quantile",0.975,1065363.24264021
"2808","DE","35-59",2025-02-20,2025-03-02,2,"quantile",0.025,266544.71541218
"2809","DE","35-59",2025-02-20,2025-03-02,2,"quantile",0.1,430850.470613437
"2810","DE","35-59",2025-02-20,2025-03-02,2,"quantile",0.25,523172.298041193
"2811","DE","35-59",2025-02-20,2025-03-02,2,"quantile",0.5,625600.185308169
"2812","DE","35-59",2025-02-20,2025-03-02,2,"quantile",0.75,737552.68521941
"2813","DE","35-59",2025-02-20,2025-03-02,2,"quantile",0.9,865583.976297152
"2814","DE","35-59",2025-02-20,2025-03-02,2,"quantile",0.975,1023987.90313726
"2815","DE","35-59",2025-02-20,2025-03-09,3,"quantile",0.025,243136.045332576
"2816","DE","35-59",2025-02-20,2025-03-09,3,"quantile",0.1,385934.350785711
"2817","DE","35-59",2025-02-20,2025-03-09,3,"quantile",0.25,472470.335655736
"2818","DE","35-59",2025-02-20,2025-03-09,3,"quantile",0.5,575559.016080299
"2819","DE","35-59",2025-02-20,2025-03-09,3,"quantile",0.75,691872.491534867
"2820","DE","35-59",2025-02-20,2025-03-09,3,"quantile",0.9,816256.679797161
"2821","DE","35-59",2025-02-20,2025-03-09,3,"quantile",0.975,991148.613399436
"2822","DE","35-59",2025-02-20,2025-03-16,4,"quantile",0.025,222484.29144354
"2823","DE","35-59",2025-02-20,2025-03-16,4,"quantile",0.1,363477.072945416
"2824","DE","35-59",2025-02-20,2025-03-16,4,"quantile",0.25,444996.893666558
"2825","DE","35-59",2025-02-20,2025-03-16,4,"quantile",0.5,541124.476094932
"2826","DE","35-59",2025-02-20,2025-03-16,4,"quantile",0.75,647267.889316279
"2827","DE","35-59",2025-02-20,2025-03-16,4,"quantile",0.9,771820.587707042
"2828","DE","35-59",2025-02-20,2025-03-16,4,"quantile",0.975,981294.957667072
"2829","DE","60+",2025-02-20,2025-02-23,1,"quantile",0.025,92683.9776100346
"2830","DE","60+",2025-02-20,2025-02-23,1,"quantile",0.1,156386.46538053
"2831","DE","60+",2025-02-20,2025-02-23,1,"quantile",0.25,191454.923846692
"2832","DE","60+",2025-02-20,2025-02-23,1,"quantile",0.5,233724.398868659
"2833","DE","60+",2025-02-20,2025-02-23,1,"quantile",0.75,275522.722773169
"2834","DE","60+",2025-02-20,2025-02-23,1,"quantile",0.9,312223.072322897
"2835","DE","60+",2025-02-20,2025-02-23,1,"quantile",0.975,358439.107929047
"2836","DE","60+",2025-02-20,2025-03-02,2,"quantile",0.025,86946.4238872809
"2837","DE","60+",2025-02-20,2025-03-02,2,"quantile",0.1,145381.612010968
"2838","DE","60+",2025-02-20,2025-03-02,2,"quantile",0.25,175328.531150028
"2839","DE","60+",2025-02-20,2025-03-02,2,"quantile",0.5,217411.882491976
"2840","DE","60+",2025-02-20,2025-03-02,2,"quantile",0.75,263764.895079435
"2841","DE","60+",2025-02-20,2025-03-02,2,"quantile",0.9,300652.490116552
"2842","DE","60+",2025-02-20,2025-03-02,2,"quantile",0.975,352079.567850019
"2843","DE","60+",2025-02-20,2025-03-09,3,"quantile",0.025,81183.4062426671
"2844","DE","60+",2025-02-20,2025-03-09,3,"quantile",0.1,131579.914743753
"2845","DE","60+",2025-02-20,2025-03-09,3,"quantile",0.25,159112.304504879
"2846","DE","60+",2025-02-20,2025-03-09,3,"quantile",0.5,194683.323472647
"2847","DE","60+",2025-02-20,2025-03-09,3,"quantile",0.75,241159.23031125
"2848","DE","60+",2025-02-20,2025-03-09,3,"quantile",0.9,284647.331961961
"2849","DE","60+",2025-02-20,2025-03-09,3,"quantile",0.975,342377.916847689
"2850","DE","60+",2025-02-20,2025-03-16,4,"quantile",0.025,75772.1422055087
"2851","DE","60+",2025-02-20,2025-03-16,4,"quantile",0.1,121514.260883115
"2852","DE","60+",2025-02-20,2025-03-16,4,"quantile",0.25,149262.791389753
"2853","DE","60+",2025-02-20,2025-03-16,4,"quantile",0.5,181313.204466903
"2854","DE","60+",2025-02-20,2025-03-16,4,"quantile",0.75,224765.863891022
"2855","DE","60+",2025-02-20,2025-03-16,4,"quantile",0.9,273828.106781454
"2856","DE","60+",2025-02-20,2025-03-16,4,"quantile",0.975,329907.607000019
"2857","DE","00+",2025-02-27,2025-03-02,1,"quantile",0.025,874353.705061605
"2858","DE","00+",2025-02-27,2025-03-02,1,"quantile",0.1,1332881.5869862
"2859","DE","00+",2025-02-27,2025-03-02,1,"quantile",0.25,1588505.37888168
"2860","DE","00+",2025-02-27,2025-03-02,1,"quantile",0.5,1864475.51731241
"2861","DE","00+",2025-02-27,2025-03-02,1,"quantile",0.75,2170582.1622312
"2862","DE","00+",2025-02-27,2025-03-02,1,"quantile",0.9,2476134.73757205
"2863","DE","00+",2025-02-27,2025-03-02,1,"quantile",0.975,2837995.61659885
"2864","DE","00+",2025-02-27,2025-03-09,2,"quantile",0.025,822713.123545395
"2865","DE","00+",2025-02-27,2025-03-09,2,"quantile",0.1,1244223.63855192
"2866","DE","00+",2025-02-27,2025-03-09,2,"quantile",0.25,1444326.42075435
"2867","DE","00+",2025-02-27,2025-03-09,2,"quantile",0.5,1682252.55291823
"2868","DE","00+",2025-02-27,2025-03-09,2,"quantile",0.75,1952592.02807405
"2869","DE","00+",2025-02-27,2025-03-09,2,"quantile",0.9,2234756.1142307
"2870","DE","00+",2025-02-27,2025-03-09,2,"quantile",0.975,2655986.69439109
"2871","DE","00+",2025-02-27,2025-03-16,3,"quantile",0.025,766351.486914618
"2872","DE","00+",2025-02-27,2025-03-16,3,"quantile",0.1,1120147.91488722
"2873","DE","00+",2025-02-27,2025-03-16,3,"quantile",0.25,1297569.12474248
"2874","DE","00+",2025-02-27,2025-03-16,3,"quantile",0.5,1520036.06693189
"2875","DE","00+",2025-02-27,2025-03-16,3,"quantile",0.75,1776002.05329708
"2876","DE","00+",2025-02-27,2025-03-16,3,"quantile",0.9,2045236.6295789
"2877","DE","00+",2025-02-27,2025-03-16,3,"quantile",0.975,2441574.90706305
"2878","DE","00+",2025-02-27,2025-03-23,4,"quantile",0.025,635229.203197158
"2879","DE","00+",2025-02-27,2025-03-23,4,"quantile",0.1,964372.46596936
"2880","DE","00+",2025-02-27,2025-03-23,4,"quantile",0.25,1168792.95428208
"2881","DE","00+",2025-02-27,2025-03-23,4,"quantile",0.5,1397402.28358406
"2882","DE","00+",2025-02-27,2025-03-23,4,"quantile",0.75,1644100.91821737
"2883","DE","00+",2025-02-27,2025-03-23,4,"quantile",0.9,1903956.65377505
"2884","DE","00+",2025-02-27,2025-03-23,4,"quantile",0.975,2421903.36636281
"2885","DE","00-04",2025-02-27,2025-03-02,1,"quantile",0.025,121832.899294845
"2886","DE","00-04",2025-02-27,2025-03-02,1,"quantile",0.1,190272.255456771
"2887","DE","00-04",2025-02-27,2025-03-02,1,"quantile",0.25,218641.085165391
"2888","DE","00-04",2025-02-27,2025-03-02,1,"quantile",0.5,253376.489575811
"2889","DE","00-04",2025-02-27,2025-03-02,1,"quantile",0.75,294340.109639706
"2890","DE","00-04",2025-02-27,2025-03-02,1,"quantile",0.9,337920.374454765
"2891","DE","00-04",2025-02-27,2025-03-02,1,"quantile",0.975,406507.987767414
"2892","DE","00-04",2025-02-27,2025-03-09,2,"quantile",0.025,110100.049948238
"2893","DE","00-04",2025-02-27,2025-03-09,2,"quantile",0.1,175598.577807793
"2894","DE","00-04",2025-02-27,2025-03-09,2,"quantile",0.25,202457.431694271
"2895","DE","00-04",2025-02-27,2025-03-09,2,"quantile",0.5,236456.779702973
"2896","DE","00-04",2025-02-27,2025-03-09,2,"quantile",0.75,275705.908283104
"2897","DE","00-04",2025-02-27,2025-03-09,2,"quantile",0.9,320189.336174266
"2898","DE","00-04",2025-02-27,2025-03-09,2,"quantile",0.975,394858.934972602
"2899","DE","00-04",2025-02-27,2025-03-16,3,"quantile",0.025,99948.9222424811
"2900","DE","00-04",2025-02-27,2025-03-16,3,"quantile",0.1,163422.391614293
"2901","DE","00-04",2025-02-27,2025-03-16,3,"quantile",0.25,189534.681178072
"2902","DE","00-04",2025-02-27,2025-03-16,3,"quantile",0.5,222639.423229502
"2903","DE","00-04",2025-02-27,2025-03-16,3,"quantile",0.75,261002.988883204
"2904","DE","00-04",2025-02-27,2025-03-16,3,"quantile",0.9,303608.129433781
"2905","DE","00-04",2025-02-27,2025-03-16,3,"quantile",0.975,388577.759400134
"2906","DE","00-04",2025-02-27,2025-03-23,4,"quantile",0.025,91259.0557127674
"2907","DE","00-04",2025-02-27,2025-03-23,4,"quantile",0.1,146302.186943375
"2908","DE","00-04",2025-02-27,2025-03-23,4,"quantile",0.25,178694.393965854
"2909","DE","00-04",2025-02-27,2025-03-23,4,"quantile",0.5,212164.139977737
"2910","DE","00-04",2025-02-27,2025-03-23,4,"quantile",0.75,249640.702036641
"2911","DE","00-04",2025-02-27,2025-03-23,4,"quantile",0.9,289269.155489419
"2912","DE","00-04",2025-02-27,2025-03-23,4,"quantile",0.975,379108.762350938
"2913","DE","05-14",2025-02-27,2025-03-02,1,"quantile",0.025,103072.402198411
"2914","DE","05-14",2025-02-27,2025-03-02,1,"quantile",0.1,163161.210434715
"2915","DE","05-14",2025-02-27,2025-03-02,1,"quantile",0.25,198748.332451353
"2916","DE","05-14",2025-02-27,2025-03-02,1,"quantile",0.5,241945.306028859
"2917","DE","05-14",2025-02-27,2025-03-02,1,"quantile",0.75,297812.33676475
"2918","DE","05-14",2025-02-27,2025-03-02,1,"quantile",0.9,359873.197287539
"2919","DE","05-14",2025-02-27,2025-03-02,1,"quantile",0.975,441841.540072886
"2920","DE","05-14",2025-02-27,2025-03-09,2,"quantile",0.025,92469.858177196
"2921","DE","05-14",2025-02-27,2025-03-09,2,"quantile",0.1,151145.119934993
"2922","DE","05-14",2025-02-27,2025-03-09,2,"quantile",0.25,181261.993457231
"2923","DE","05-14",2025-02-27,2025-03-09,2,"quantile",0.5,223559.59715814
"2924","DE","05-14",2025-02-27,2025-03-09,2,"quantile",0.75,275411.795800288
"2925","DE","05-14",2025-02-27,2025-03-09,2,"quantile",0.9,337948.127374571
"2926","DE","05-14",2025-02-27,2025-03-09,2,"quantile",0.975,415921.53982041
"2927","DE","05-14",2025-02-27,2025-03-16,3,"quantile",0.025,82791.9045059783
"2928","DE","05-14",2025-02-27,2025-03-16,3,"quantile",0.1,136928.662724214
"2929","DE","05-14",2025-02-27,2025-03-16,3,"quantile",0.25,173674.590872891
"2930","DE","05-14",2025-02-27,2025-03-16,3,"quantile",0.5,214673.417560171
"2931","DE","05-14",2025-02-27,2025-03-16,3,"quantile",0.75,265749.447856425
"2932","DE","05-14",2025-02-27,2025-03-16,3,"quantile",0.9,320131.102705133
"2933","DE","05-14",2025-02-27,2025-03-16,3,"quantile",0.975,412339.287054544
"2934","DE","05-14",2025-02-27,2025-03-23,4,"quantile",0.025,73051.8873620397
"2935","DE","05-14",2025-02-27,2025-03-23,4,"quantile",0.1,121908.667988653
"2936","DE","05-14",2025-02-27,2025-03-23,4,"quantile",0.25,158843.354683832
"2937","DE","05-14",2025-02-27,2025-03-23,4,"quantile",0.5,198579.821174307
"2938","DE","05-14",2025-02-27,2025-03-23,4,"quantile",0.75,248786.800354051
"2939","DE","05-14",2025-02-27,2025-03-23,4,"quantile",0.9,305324.287856318
"2940","DE","05-14",2025-02-27,2025-03-23,4,"quantile",0.975,400881.404087455
"2941","DE","15-34",2025-02-27,2025-03-02,1,"quantile",0.025,227128.408137887
"2942","DE","15-34",2025-02-27,2025-03-02,1,"quantile",0.1,357858.597504606
"2943","DE","15-34",2025-02-27,2025-03-02,1,"quantile",0.25,423513.632127831
"2944","DE","15-34",2025-02-27,2025-03-02,1,"quantile",0.5,495134.567803436
"2945","DE","15-34",2025-02-27,2025-03-02,1,"quantile",0.75,588357.638390829
"2946","DE","15-34",2025-02-27,2025-03-02,1,"quantile",0.9,684036.039692439
"2947","DE","15-34",2025-02-27,2025-03-02,1,"quantile",0.975,804329.115334889
"2948","DE","15-34",2025-02-27,2025-03-09,2,"quantile",0.025,207647.360003212
"2949","DE","15-34",2025-02-27,2025-03-09,2,"quantile",0.1,331562.781217204
"2950","DE","15-34",2025-02-27,2025-03-09,2,"quantile",0.25,389842.76828175
"2951","DE","15-34",2025-02-27,2025-03-09,2,"quantile",0.5,467561.54677308
"2952","DE","15-34",2025-02-27,2025-03-09,2,"quantile",0.75,554680.537057127
"2953","DE","15-34",2025-02-27,2025-03-09,2,"quantile",0.9,650330.390843233
"2954","DE","15-34",2025-02-27,2025-03-09,2,"quantile",0.975,798074.398063907
"2955","DE","15-34",2025-02-27,2025-03-16,3,"quantile",0.025,185852.640974614
"2956","DE","15-34",2025-02-27,2025-03-16,3,"quantile",0.1,299352.895529351
"2957","DE","15-34",2025-02-27,2025-03-16,3,"quantile",0.25,362379.021705746
"2958","DE","15-34",2025-02-27,2025-03-16,3,"quantile",0.5,432876.486129904
"2959","DE","15-34",2025-02-27,2025-03-16,3,"quantile",0.75,522678.12609909
"2960","DE","15-34",2025-02-27,2025-03-16,3,"quantile",0.9,617219.449425531
"2961","DE","15-34",2025-02-27,2025-03-16,3,"quantile",0.975,751135.572021917
"2962","DE","15-34",2025-02-27,2025-03-23,4,"quantile",0.025,166744.75352954
"2963","DE","15-34",2025-02-27,2025-03-23,4,"quantile",0.1,269227.098484067
"2964","DE","15-34",2025-02-27,2025-03-23,4,"quantile",0.25,326886.667578975
"2965","DE","15-34",2025-02-27,2025-03-23,4,"quantile",0.5,399310.409640988
"2966","DE","15-34",2025-02-27,2025-03-23,4,"quantile",0.75,481926.661659563
"2967","DE","15-34",2025-02-27,2025-03-23,4,"quantile",0.9,575236.879106028
"2968","DE","15-34",2025-02-27,2025-03-23,4,"quantile",0.975,729220.681935451
"2969","DE","35-59",2025-02-27,2025-03-02,1,"quantile",0.025,294667.85690532
"2970","DE","35-59",2025-02-27,2025-03-02,1,"quantile",0.1,478960.497028029
"2971","DE","35-59",2025-02-27,2025-03-02,1,"quantile",0.25,574339.440209022
"2972","DE","35-59",2025-02-27,2025-03-02,1,"quantile",0.5,669157.327218184
"2973","DE","35-59",2025-02-27,2025-03-02,1,"quantile",0.75,791210.33808568
"2974","DE","35-59",2025-02-27,2025-03-02,1,"quantile",0.9,909913.183759489
"2975","DE","35-59",2025-02-27,2025-03-02,1,"quantile",0.975,1048007.00092114
"2976","DE","35-59",2025-02-27,2025-03-09,2,"quantile",0.025,269467.124292049
"2977","DE","35-59",2025-02-27,2025-03-09,2,"quantile",0.1,434763.242145413
"2978","DE","35-59",2025-02-27,2025-03-09,2,"quantile",0.25,528042.905099502
"2979","DE","35-59",2025-02-27,2025-03-09,2,"quantile",0.5,625428.972087575
"2980","DE","35-59",2025-02-27,2025-03-09,2,"quantile",0.75,739239.524304586
"2981","DE","35-59",2025-02-27,2025-03-09,2,"quantile",0.9,862119.511177124
"2982","DE","35-59",2025-02-27,2025-03-09,2,"quantile",0.975,1019788.3729351
"2983","DE","35-59",2025-02-27,2025-03-16,3,"quantile",0.025,241458.811681225
"2984","DE","35-59",2025-02-27,2025-03-16,3,"quantile",0.1,381119.855104354
"2985","DE","35-59",2025-02-27,2025-03-16,3,"quantile",0.25,463894.99786283
"2986","DE","35-59",2025-02-27,2025-03-16,3,"quantile",0.5,563690.870480251
"2987","DE","35-59",2025-02-27,2025-03-16,3,"quantile",0.75,680555.016196367
"2988","DE","35-59",2025-02-27,2025-03-16,3,"quantile",0.9,793661.019615799
"2989","DE","35-59",2025-02-27,2025-03-16,3,"quantile",0.975,977077.426845744
"2990","DE","35-59",2025-02-27,2025-03-23,4,"quantile",0.025,216268.357040858
"2991","DE","35-59",2025-02-27,2025-03-23,4,"quantile",0.1,340476.201306318
"2992","DE","35-59",2025-02-27,2025-03-23,4,"quantile",0.25,413862.053845185
"2993","DE","35-59",2025-02-27,2025-03-23,4,"quantile",0.5,506048.016231496
"2994","DE","35-59",2025-02-27,2025-03-23,4,"quantile",0.75,612693.811994249
"2995","DE","35-59",2025-02-27,2025-03-23,4,"quantile",0.9,735316.317252107
"2996","DE","35-59",2025-02-27,2025-03-23,4,"quantile",0.975,950502.584243671
"2997","DE","60+",2025-02-27,2025-03-02,1,"quantile",0.025,98149.0036689957
"2998","DE","60+",2025-02-27,2025-03-02,1,"quantile",0.1,161905.234375621
"2999","DE","60+",2025-02-27,2025-03-02,1,"quantile",0.25,195276.652708872
"3000","DE","60+",2025-02-27,2025-03-02,1,"quantile",0.5,238548.068433189
"3001","DE","60+",2025-02-27,2025-03-02,1,"quantile",0.75,280886.8302831
"3002","DE","60+",2025-02-27,2025-03-02,1,"quantile",0.9,319565.888715005
"3003","DE","60+",2025-02-27,2025-03-02,1,"quantile",0.975,367424.905057935
"3004","DE","60+",2025-02-27,2025-03-09,2,"quantile",0.025,91574.5568239555
"3005","DE","60+",2025-02-27,2025-03-09,2,"quantile",0.1,150759.971055358
"3006","DE","60+",2025-02-27,2025-03-09,2,"quantile",0.25,181402.984119636
"3007","DE","60+",2025-02-27,2025-03-09,2,"quantile",0.5,224649.894036117
"3008","DE","60+",2025-02-27,2025-03-09,2,"quantile",0.75,268352.758390834
"3009","DE","60+",2025-02-27,2025-03-09,2,"quantile",0.9,308286.573862549
"3010","DE","60+",2025-02-27,2025-03-09,2,"quantile",0.975,362009.972119095
"3011","DE","60+",2025-02-27,2025-03-16,3,"quantile",0.025,83807.3087399555
"3012","DE","60+",2025-02-27,2025-03-16,3,"quantile",0.1,135177.742871484
"3013","DE","60+",2025-02-27,2025-03-16,3,"quantile",0.25,161011.595659271
"3014","DE","60+",2025-02-27,2025-03-16,3,"quantile",0.5,198263.701688106
"3015","DE","60+",2025-02-27,2025-03-16,3,"quantile",0.75,241451.764087379
"3016","DE","60+",2025-02-27,2025-03-16,3,"quantile",0.9,284902.186490861
"3017","DE","60+",2025-02-27,2025-03-16,3,"quantile",0.975,347329.477832522
"3018","DE","60+",2025-02-27,2025-03-23,4,"quantile",0.025,75853.9264894939
"3019","DE","60+",2025-02-27,2025-03-23,4,"quantile",0.1,119260.455112709
"3020","DE","60+",2025-02-27,2025-03-23,4,"quantile",0.25,142930.897494002
"3021","DE","60+",2025-02-27,2025-03-23,4,"quantile",0.5,174252.713422854
"3022","DE","60+",2025-02-27,2025-03-23,4,"quantile",0.75,214714.973480412
"3023","DE","60+",2025-02-27,2025-03-23,4,"quantile",0.9,259207.56850691
"3024","DE","60+",2025-02-27,2025-03-23,4,"quantile",0.975,324585.746503326
"3025","DE","00+",2025-03-06,2025-03-09,1,"quantile",0.025,772115.77110135
"3026","DE","00+",2025-03-06,2025-03-09,1,"quantile",0.1,1196753.76207561
"3027","DE","00+",2025-03-06,2025-03-09,1,"quantile",0.25,1407825.19081045
"3028","DE","00+",2025-03-06,2025-03-09,1,"quantile",0.5,1664216.42944586
"3029","DE","00+",2025-03-06,2025-03-09,1,"quantile",0.75,1963113.82276818
"3030","DE","00+",2025-03-06,2025-03-09,1,"quantile",0.9,2243204.11699517
"3031","DE","00+",2025-03-06,2025-03-09,1,"quantile",0.975,2585442.82789745
"3032","DE","00+",2025-03-06,2025-03-16,2,"quantile",0.025,734298.22576115
"3033","DE","00+",2025-03-06,2025-03-16,2,"quantile",0.1,1129873.57773193
"3034","DE","00+",2025-03-06,2025-03-16,2,"quantile",0.25,1327683.12431418
"3035","DE","00+",2025-03-06,2025-03-16,2,"quantile",0.5,1548047.00590066
"3036","DE","00+",2025-03-06,2025-03-16,2,"quantile",0.75,1787576.91799839
"3037","DE","00+",2025-03-06,2025-03-16,2,"quantile",0.9,2046247.58448096
"3038","DE","00+",2025-03-06,2025-03-16,2,"quantile",0.975,2454103.5927361
"3039","DE","00+",2025-03-06,2025-03-23,3,"quantile",0.025,696802.691779999
"3040","DE","00+",2025-03-06,2025-03-23,3,"quantile",0.1,994042.608472021
"3041","DE","00+",2025-03-06,2025-03-23,3,"quantile",0.25,1173505.61539592
"3042","DE","00+",2025-03-06,2025-03-23,3,"quantile",0.5,1370813.45498742
"3043","DE","00+",2025-03-06,2025-03-23,3,"quantile",0.75,1596044.60218138
"3044","DE","00+",2025-03-06,2025-03-23,3,"quantile",0.9,1838429.29219246
"3045","DE","00+",2025-03-06,2025-03-23,3,"quantile",0.975,2255815.44806857
"3046","DE","00+",2025-03-06,2025-03-30,4,"quantile",0.025,559616.036050156
"3047","DE","00+",2025-03-06,2025-03-30,4,"quantile",0.1,843818.737399339
"3048","DE","00+",2025-03-06,2025-03-30,4,"quantile",0.25,1014105.54673366
"3049","DE","00+",2025-03-06,2025-03-30,4,"quantile",0.5,1214438.01745806
"3050","DE","00+",2025-03-06,2025-03-30,4,"quantile",0.75,1455214.99868735
"3051","DE","00+",2025-03-06,2025-03-30,4,"quantile",0.9,1734057.67623094
"3052","DE","00+",2025-03-06,2025-03-30,4,"quantile",0.975,2227174.12932863
"3053","DE","00-04",2025-03-06,2025-03-09,1,"quantile",0.025,110206.208017206
"3054","DE","00-04",2025-03-06,2025-03-09,1,"quantile",0.1,171512.2731151
"3055","DE","00-04",2025-03-06,2025-03-09,1,"quantile",0.25,198533.809967668
"3056","DE","00-04",2025-03-06,2025-03-09,1,"quantile",0.5,229234.945670094
"3057","DE","00-04",2025-03-06,2025-03-09,1,"quantile",0.75,265089.133469877
"3058","DE","00-04",2025-03-06,2025-03-09,1,"quantile",0.9,304311.357454156
"3059","DE","00-04",2025-03-06,2025-03-09,1,"quantile",0.975,368479.395271387
"3060","DE","00-04",2025-03-06,2025-03-16,2,"quantile",0.025,102141.701847501
"3061","DE","00-04",2025-03-06,2025-03-16,2,"quantile",0.1,161246.130826374
"3062","DE","00-04",2025-03-06,2025-03-16,2,"quantile",0.25,187343.863377114
"3063","DE","00-04",2025-03-06,2025-03-16,2,"quantile",0.5,217763.476088426
"3064","DE","00-04",2025-03-06,2025-03-16,2,"quantile",0.75,253600.468481464
"3065","DE","00-04",2025-03-06,2025-03-16,2,"quantile",0.9,295586.315976676
"3066","DE","00-04",2025-03-06,2025-03-16,2,"quantile",0.975,370150.01178209
"3067","DE","00-04",2025-03-06,2025-03-23,3,"quantile",0.025,92160.0120226645
"3068","DE","00-04",2025-03-06,2025-03-23,3,"quantile",0.1,142103.862064955
"3069","DE","00-04",2025-03-06,2025-03-23,3,"quantile",0.25,172640.074969907
"3070","DE","00-04",2025-03-06,2025-03-23,3,"quantile",0.5,203325.451887966
"3071","DE","00-04",2025-03-06,2025-03-23,3,"quantile",0.75,238625.88777238
"3072","DE","00-04",2025-03-06,2025-03-23,3,"quantile",0.9,279243.367275622
"3073","DE","00-04",2025-03-06,2025-03-23,3,"quantile",0.975,362004.191720686
"3074","DE","00-04",2025-03-06,2025-03-30,4,"quantile",0.025,82690.8277839818
"3075","DE","00-04",2025-03-06,2025-03-30,4,"quantile",0.1,118967.051694994
"3076","DE","00-04",2025-03-06,2025-03-30,4,"quantile",0.25,156326.031105432
"3077","DE","00-04",2025-03-06,2025-03-30,4,"quantile",0.5,186460.289362461
"3078","DE","00-04",2025-03-06,2025-03-30,4,"quantile",0.75,221886.899956281
"3079","DE","00-04",2025-03-06,2025-03-30,4,"quantile",0.9,263598.722992524
"3080","DE","00-04",2025-03-06,2025-03-30,4,"quantile",0.975,349281.053920135
"3081","DE","05-14",2025-03-06,2025-03-09,1,"quantile",0.025,90744.3618861146
"3082","DE","05-14",2025-03-06,2025-03-09,1,"quantile",0.1,144819.528891724
"3083","DE","05-14",2025-03-06,2025-03-09,1,"quantile",0.25,179631.894952018
"3084","DE","05-14",2025-03-06,2025-03-09,1,"quantile",0.5,217921.687359412
"3085","DE","05-14",2025-03-06,2025-03-09,1,"quantile",0.75,265079.926485691
"3086","DE","05-14",2025-03-06,2025-03-09,1,"quantile",0.9,319706.965432931
"3087","DE","05-14",2025-03-06,2025-03-09,1,"quantile",0.975,397001.569433514
"3088","DE","05-14",2025-03-06,2025-03-16,2,"quantile",0.025,82016.4378359215
"3089","DE","05-14",2025-03-06,2025-03-16,2,"quantile",0.1,134569.432307868
"3090","DE","05-14",2025-03-06,2025-03-16,2,"quantile",0.25,162830.393114487
"3091","DE","05-14",2025-03-06,2025-03-16,2,"quantile",0.5,206023.157892847
"3092","DE","05-14",2025-03-06,2025-03-16,2,"quantile",0.75,249327.286591832
"3093","DE","05-14",2025-03-06,2025-03-16,2,"quantile",0.9,301103.660789116
"3094","DE","05-14",2025-03-06,2025-03-16,2,"quantile",0.975,384697.448931848
"3095","DE","05-14",2025-03-06,2025-03-23,3,"quantile",0.025,74251.5932923436
"3096","DE","05-14",2025-03-06,2025-03-23,3,"quantile",0.1,117560.614429796
"3097","DE","05-14",2025-03-06,2025-03-23,3,"quantile",0.25,150472.573191392
"3098","DE","05-14",2025-03-06,2025-03-23,3,"quantile",0.5,189030.544486336
"3099","DE","05-14",2025-03-06,2025-03-23,3,"quantile",0.75,234172.053401787
"3100","DE","05-14",2025-03-06,2025-03-23,3,"quantile",0.9,285083.085098729
"3101","DE","05-14",2025-03-06,2025-03-23,3,"quantile",0.975,379525.459378848
"3102","DE","05-14",2025-03-06,2025-03-30,4,"quantile",0.025,64371.118678946
"3103","DE","05-14",2025-03-06,2025-03-30,4,"quantile",0.1,97951.4501252138
"3104","DE","05-14",2025-03-06,2025-03-30,4,"quantile",0.25,128989.792335069
"3105","DE","05-14",2025-03-06,2025-03-30,4,"quantile",0.5,166250.037716999
"3106","DE","05-14",2025-03-06,2025-03-30,4,"quantile",0.75,209477.507480175
"3107","DE","05-14",2025-03-06,2025-03-30,4,"quantile",0.9,271309.326991458
"3108","DE","05-14",2025-03-06,2025-03-30,4,"quantile",0.975,373271.908060214
"3109","DE","15-34",2025-03-06,2025-03-09,1,"quantile",0.025,206432.798716856
"3110","DE","15-34",2025-03-06,2025-03-09,1,"quantile",0.1,322987.152342656
"3111","DE","15-34",2025-03-06,2025-03-09,1,"quantile",0.25,378949.065099536
"3112","DE","15-34",2025-03-06,2025-03-09,1,"quantile",0.5,443298.475991755
"3113","DE","15-34",2025-03-06,2025-03-09,1,"quantile",0.75,521958.454772168
"3114","DE","15-34",2025-03-06,2025-03-09,1,"quantile",0.9,605725.356406966
"3115","DE","15-34",2025-03-06,2025-03-09,1,"quantile",0.975,722512.311854038
"3116","DE","15-34",2025-03-06,2025-03-16,2,"quantile",0.025,190962.818616279
"3117","DE","15-34",2025-03-06,2025-03-16,2,"quantile",0.1,305666.808609374
"3118","DE","15-34",2025-03-06,2025-03-16,2,"quantile",0.25,360400.926701599
"3119","DE","15-34",2025-03-06,2025-03-16,2,"quantile",0.5,425981.973170897
"3120","DE","15-34",2025-03-06,2025-03-16,2,"quantile",0.75,502125.484218864
"3121","DE","15-34",2025-03-06,2025-03-16,2,"quantile",0.9,587318.956192133
"3122","DE","15-34",2025-03-06,2025-03-16,2,"quantile",0.975,727627.880325507
"3123","DE","15-34",2025-03-06,2025-03-23,3,"quantile",0.025,171302.800329177
"3124","DE","15-34",2025-03-06,2025-03-23,3,"quantile",0.1,265881.088697753
"3125","DE","15-34",2025-03-06,2025-03-23,3,"quantile",0.25,319367.986991744
"3126","DE","15-34",2025-03-06,2025-03-23,3,"quantile",0.5,389815.370588513
"3127","DE","15-34",2025-03-06,2025-03-23,3,"quantile",0.75,467899.109946362
"3128","DE","15-34",2025-03-06,2025-03-23,3,"quantile",0.9,554605.883422358
"3129","DE","15-34",2025-03-06,2025-03-23,3,"quantile",0.975,698333.875254668
"3130","DE","15-34",2025-03-06,2025-03-30,4,"quantile",0.025,150680.623116935
"3131","DE","15-34",2025-03-06,2025-03-30,4,"quantile",0.1,231040.404425795
"3132","DE","15-34",2025-03-06,2025-03-30,4,"quantile",0.25,278165.922404384
"3133","DE","15-34",2025-03-06,2025-03-30,4,"quantile",0.5,338803.430873654
"3134","DE","15-34",2025-03-06,2025-03-30,4,"quantile",0.75,416761.641024568
"3135","DE","15-34",2025-03-06,2025-03-30,4,"quantile",0.9,508162.292673235
"3136","DE","15-34",2025-03-06,2025-03-30,4,"quantile",0.975,674558.013188382
"3137","DE","35-59",2025-03-06,2025-03-09,1,"quantile",0.025,263615.960426662
"3138","DE","35-59",2025-03-06,2025-03-09,1,"quantile",0.1,427779.100229713
"3139","DE","35-59",2025-03-06,2025-03-09,1,"quantile",0.25,507573.21019568
"3140","DE","35-59",2025-03-06,2025-03-09,1,"quantile",0.5,596908.582316174
"3141","DE","35-59",2025-03-06,2025-03-09,1,"quantile",0.75,704152.465786709
"3142","DE","35-59",2025-03-06,2025-03-09,1,"quantile",0.9,810595.568759782
"3143","DE","35-59",2025-03-06,2025-03-09,1,"quantile",0.975,940316.800727086
"3144","DE","35-59",2025-03-06,2025-03-16,2,"quantile",0.025,243464.791109681
"3145","DE","35-59",2025-03-06,2025-03-16,2,"quantile",0.1,391297.465495467
"3146","DE","35-59",2025-03-06,2025-03-16,2,"quantile",0.25,477906.696446262
"3147","DE","35-59",2025-03-06,2025-03-16,2,"quantile",0.5,562363.503565163
"3148","DE","35-59",2025-03-06,2025-03-16,2,"quantile",0.75,662140.281321423
"3149","DE","35-59",2025-03-06,2025-03-16,2,"quantile",0.9,764708.501096343
"3150","DE","35-59",2025-03-06,2025-03-16,2,"quantile",0.975,931808.528985295
"3151","DE","35-59",2025-03-06,2025-03-23,3,"quantile",0.025,219680.155383887
"3152","DE","35-59",2025-03-06,2025-03-23,3,"quantile",0.1,336143.153936717
"3153","DE","35-59",2025-03-06,2025-03-23,3,"quantile",0.25,411158.793985687
"3154","DE","35-59",2025-03-06,2025-03-23,3,"quantile",0.5,499707.062286675
"3155","DE","35-59",2025-03-06,2025-03-23,3,"quantile",0.75,601833.790830269
"3156","DE","35-59",2025-03-06,2025-03-23,3,"quantile",0.9,714309.664893169
"3157","DE","35-59",2025-03-06,2025-03-23,3,"quantile",0.975,891369.843620198
"3158","DE","35-59",2025-03-06,2025-03-30,4,"quantile",0.025,194218.234876511
"3159","DE","35-59",2025-03-06,2025-03-30,4,"quantile",0.1,295704.638928978
"3160","DE","35-59",2025-03-06,2025-03-30,4,"quantile",0.25,354607.434309031
"3161","DE","35-59",2025-03-06,2025-03-30,4,"quantile",0.5,429234.583044335
"3162","DE","35-59",2025-03-06,2025-03-30,4,"quantile",0.75,520201.550919467
"3163","DE","35-59",2025-03-06,2025-03-30,4,"quantile",0.9,633425.535794623
"3164","DE","35-59",2025-03-06,2025-03-30,4,"quantile",0.975,847475.090221587
"3165","DE","60+",2025-03-06,2025-03-09,1,"quantile",0.025,86728.1156695737
"3166","DE","60+",2025-03-06,2025-03-09,1,"quantile",0.1,145627.39843582
"3167","DE","60+",2025-03-06,2025-03-09,1,"quantile",0.25,174021.355909722
"3168","DE","60+",2025-03-06,2025-03-09,1,"quantile",0.5,212805.282364089
"3169","DE","60+",2025-03-06,2025-03-09,1,"quantile",0.75,253928.846222311
"3170","DE","60+",2025-03-06,2025-03-09,1,"quantile",0.9,290271.39185066
"3171","DE","60+",2025-03-06,2025-03-09,1,"quantile",0.975,333793.861743822
"3172","DE","60+",2025-03-06,2025-03-16,2,"quantile",0.025,83454.5625369731
"3173","DE","60+",2025-03-06,2025-03-16,2,"quantile",0.1,138745.31790445
"3174","DE","60+",2025-03-06,2025-03-16,2,"quantile",0.25,164829.126214297
"3175","DE","60+",2025-03-06,2025-03-16,2,"quantile",0.5,204434.805188715
"3176","DE","60+",2025-03-06,2025-03-16,2,"quantile",0.75,245211.977124491
"3177","DE","60+",2025-03-06,2025-03-16,2,"quantile",0.9,282011.34995543
"3178","DE","60+",2025-03-06,2025-03-16,2,"quantile",0.975,332821.878723393
"3179","DE","60+",2025-03-06,2025-03-23,3,"quantile",0.025,76790.5299317288
"3180","DE","60+",2025-03-06,2025-03-23,3,"quantile",0.1,122837.345796893
"3181","DE","60+",2025-03-06,2025-03-23,3,"quantile",0.25,146634.004056355
"3182","DE","60+",2025-03-06,2025-03-23,3,"quantile",0.5,178296.41126933
"3183","DE","60+",2025-03-06,2025-03-23,3,"quantile",0.75,217207.415245742
"3184","DE","60+",2025-03-06,2025-03-23,3,"quantile",0.9,259521.834576339
"3185","DE","60+",2025-03-06,2025-03-23,3,"quantile",0.975,323143.325022858
"3186","DE","60+",2025-03-06,2025-03-30,4,"quantile",0.025,68850.910617867
"3187","DE","60+",2025-03-06,2025-03-30,4,"quantile",0.1,106041.02744357
"3188","DE","60+",2025-03-06,2025-03-30,4,"quantile",0.25,127366.490845553
"3189","DE","60+",2025-03-06,2025-03-30,4,"quantile",0.5,154665.904825251
"3190","DE","60+",2025-03-06,2025-03-30,4,"quantile",0.75,190203.837595781
"3191","DE","60+",2025-03-06,2025-03-30,4,"quantile",0.9,230575.49125746
"3192","DE","60+",2025-03-06,2025-03-30,4,"quantile",0.975,304776.422075182
"3193","DE","00+",2025-03-13,2025-03-16,1,"quantile",0.025,701913.717685601
"3194","DE","00+",2025-03-13,2025-03-16,1,"quantile",0.1,1047743.86839485
"3195","DE","00+",2025-03-13,2025-03-16,1,"quantile",0.25,1235245.00542807
"3196","DE","00+",2025-03-13,2025-03-16,1,"quantile",0.5,1442012.22361698
"3197","DE","00+",2025-03-13,2025-03-16,1,"quantile",0.75,1683695.88040942
"3198","DE","00+",2025-03-13,2025-03-16,1,"quantile",0.9,1927169.53826208
"3199","DE","00+",2025-03-13,2025-03-16,1,"quantile",0.975,2238595.01642268
"3200","DE","00+",2025-03-13,2025-03-23,2,"quantile",0.025,658758.465248435
"3201","DE","00+",2025-03-13,2025-03-23,2,"quantile",0.1,955939.663255646
"3202","DE","00+",2025-03-13,2025-03-23,2,"quantile",0.25,1122150.39453896
"3203","DE","00+",2025-03-13,2025-03-23,2,"quantile",0.5,1315400.76041461
"3204","DE","00+",2025-03-13,2025-03-23,2,"quantile",0.75,1527993.61362272
"3205","DE","00+",2025-03-13,2025-03-23,2,"quantile",0.9,1757628.82267458
"3206","DE","00+",2025-03-13,2025-03-23,2,"quantile",0.975,2134985.78046481
"3207","DE","00+",2025-03-13,2025-03-30,3,"quantile",0.025,598806.558098531
"3208","DE","00+",2025-03-13,2025-03-30,3,"quantile",0.1,840776.481295399
"3209","DE","00+",2025-03-13,2025-03-30,3,"quantile",0.25,989079.751500049
"3210","DE","00+",2025-03-13,2025-03-30,3,"quantile",0.5,1172053.74434172
"3211","DE","00+",2025-03-13,2025-03-30,3,"quantile",0.75,1395001.07648876
"3212","DE","00+",2025-03-13,2025-03-30,3,"quantile",0.9,1644455.33459342
"3213","DE","00+",2025-03-13,2025-03-30,3,"quantile",0.975,2137908.41386926
"3214","DE","00+",2025-03-13,2025-04-06,4,"quantile",0.025,497475.703999435
"3215","DE","00+",2025-03-13,2025-04-06,4,"quantile",0.1,730961.410146218
"3216","DE","00+",2025-03-13,2025-04-06,4,"quantile",0.25,899519.151542494
"3217","DE","00+",2025-03-13,2025-04-06,4,"quantile",0.5,1101156.53729188
"3218","DE","00+",2025-03-13,2025-04-06,4,"quantile",0.75,1337153.81880756
"3219","DE","00+",2025-03-13,2025-04-06,4,"quantile",0.9,1600348.86433495
"3220","DE","00+",2025-03-13,2025-04-06,4,"quantile",0.975,2137941.78838053
"3221","DE","00-04",2025-03-13,2025-03-16,1,"quantile",0.025,96575.3968847728
"3222","DE","00-04",2025-03-13,2025-03-16,1,"quantile",0.1,147544.391749932
"3223","DE","00-04",2025-03-13,2025-03-16,1,"quantile",0.25,174643.214848278
"3224","DE","00-04",2025-03-13,2025-03-16,1,"quantile",0.5,205143.191349075
"3225","DE","00-04",2025-03-13,2025-03-16,1,"quantile",0.75,240299.85231574
"3226","DE","00-04",2025-03-13,2025-03-16,1,"quantile",0.9,277213.322004228
"3227","DE","00-04",2025-03-13,2025-03-16,1,"quantile",0.975,329010.163369053
"3228","DE","00-04",2025-03-13,2025-03-23,2,"quantile",0.025,86726.2416318965
"3229","DE","00-04",2025-03-13,2025-03-23,2,"quantile",0.1,135986.634857501
"3230","DE","00-04",2025-03-13,2025-03-23,2,"quantile",0.25,162334.079302612
"3231","DE","00-04",2025-03-13,2025-03-23,2,"quantile",0.5,191171.435878646
"3232","DE","00-04",2025-03-13,2025-03-23,2,"quantile",0.75,225319.397136789
"3233","DE","00-04",2025-03-13,2025-03-23,2,"quantile",0.9,267764.649371014
"3234","DE","00-04",2025-03-13,2025-03-23,2,"quantile",0.975,333769.78119261
"3235","DE","00-04",2025-03-13,2025-03-30,3,"quantile",0.025,80647.3498946085
"3236","DE","00-04",2025-03-13,2025-03-30,3,"quantile",0.1,113911.429437944
"3237","DE","00-04",2025-03-13,2025-03-30,3,"quantile",0.25,147688.476260085
"3238","DE","00-04",2025-03-13,2025-03-30,3,"quantile",0.5,179011.736118209
"3239","DE","00-04",2025-03-13,2025-03-30,3,"quantile",0.75,216139.482028727
"3240","DE","00-04",2025-03-13,2025-03-30,3,"quantile",0.9,259088.01859628
"3241","DE","00-04",2025-03-13,2025-03-30,3,"quantile",0.975,347662.726687043
"3242","DE","00-04",2025-03-13,2025-04-06,4,"quantile",0.025,72807.472838736
"3243","DE","00-04",2025-03-13,2025-04-06,4,"quantile",0.1,112581.769831513
"3244","DE","00-04",2025-03-13,2025-04-06,4,"quantile",0.25,143615.041017025
"3245","DE","00-04",2025-03-13,2025-04-06,4,"quantile",0.5,173825.586131613
"3246","DE","00-04",2025-03-13,2025-04-06,4,"quantile",0.75,208626.318450378
"3247","DE","00-04",2025-03-13,2025-04-06,4,"quantile",0.9,248684.512323082
"3248","DE","00-04",2025-03-13,2025-04-06,4,"quantile",0.975,340558.665704815
"3249","DE","05-14",2025-03-13,2025-03-16,1,"quantile",0.025,71153.758069338
"3250","DE","05-14",2025-03-13,2025-03-16,1,"quantile",0.1,116991.520571141
"3251","DE","05-14",2025-03-13,2025-03-16,1,"quantile",0.25,143777.112819411
"3252","DE","05-14",2025-03-13,2025-03-16,1,"quantile",0.5,176320.13391613
"3253","DE","05-14",2025-03-13,2025-03-16,1,"quantile",0.75,214241.769525514
"3254","DE","05-14",2025-03-13,2025-03-16,1,"quantile",0.9,256854.296818578
"3255","DE","05-14",2025-03-13,2025-03-16,1,"quantile",0.975,313393.856613462
"3256","DE","05-14",2025-03-13,2025-03-23,2,"quantile",0.025,63213.1092103567
"3257","DE","05-14",2025-03-13,2025-03-23,2,"quantile",0.1,103400.749442713
"3258","DE","05-14",2025-03-13,2025-03-23,2,"quantile",0.25,126903.489516722
"3259","DE","05-14",2025-03-13,2025-03-23,2,"quantile",0.5,159239.152498119
"3260","DE","05-14",2025-03-13,2025-03-23,2,"quantile",0.75,196886.910632591
"3261","DE","05-14",2025-03-13,2025-03-23,2,"quantile",0.9,245185.657567186
"3262","DE","05-14",2025-03-13,2025-03-23,2,"quantile",0.975,313614.371822659
"3263","DE","05-14",2025-03-13,2025-03-30,3,"quantile",0.025,57549.6247949078
"3264","DE","05-14",2025-03-13,2025-03-30,3,"quantile",0.1,85909.1087159789
"3265","DE","05-14",2025-03-13,2025-03-30,3,"quantile",0.25,111536.46415091
"3266","DE","05-14",2025-03-13,2025-03-30,3,"quantile",0.5,143636.441668742
"3267","DE","05-14",2025-03-13,2025-03-30,3,"quantile",0.75,187124.30546069
"3268","DE","05-14",2025-03-13,2025-03-30,3,"quantile",0.9,242119.587302131
"3269","DE","05-14",2025-03-13,2025-03-30,3,"quantile",0.975,341598.309064513
"3270","DE","05-14",2025-03-13,2025-04-06,4,"quantile",0.025,50667.3110212299
"3271","DE","05-14",2025-03-13,2025-04-06,4,"quantile",0.1,79262.6643882317
"3272","DE","05-14",2025-03-13,2025-04-06,4,"quantile",0.25,105551.729757766
"3273","DE","05-14",2025-03-13,2025-04-06,4,"quantile",0.5,135855.456709671
"3274","DE","05-14",2025-03-13,2025-04-06,4,"quantile",0.75,180393.194728288
"3275","DE","05-14",2025-03-13,2025-04-06,4,"quantile",0.9,241760.021719439
"3276","DE","05-14",2025-03-13,2025-04-06,4,"quantile",0.975,333341.939792697
"3277","DE","15-34",2025-03-13,2025-03-16,1,"quantile",0.025,177389.858877538
"3278","DE","15-34",2025-03-13,2025-03-16,1,"quantile",0.1,280832.635364682
"3279","DE","15-34",2025-03-13,2025-03-16,1,"quantile",0.25,330428.642699037
"3280","DE","15-34",2025-03-13,2025-03-16,1,"quantile",0.5,387358.920780138
"3281","DE","15-34",2025-03-13,2025-03-16,1,"quantile",0.75,457046.484800891
"3282","DE","15-34",2025-03-13,2025-03-16,1,"quantile",0.9,534017.164527589
"3283","DE","15-34",2025-03-13,2025-03-16,1,"quantile",0.975,641860.331166182
"3284","DE","15-34",2025-03-13,2025-03-23,2,"quantile",0.025,159807.192494086
"3285","DE","15-34",2025-03-13,2025-03-23,2,"quantile",0.1,249677.355669587
"3286","DE","15-34",2025-03-13,2025-03-23,2,"quantile",0.25,297025.321815004
"3287","DE","15-34",2025-03-13,2025-03-23,2,"quantile",0.5,354550.671018708
"3288","DE","15-34",2025-03-13,2025-03-23,2,"quantile",0.75,425415.639923372
"3289","DE","15-34",2025-03-13,2025-03-23,2,"quantile",0.9,497567.478050978
"3290","DE","15-34",2025-03-13,2025-03-23,2,"quantile",0.975,623733.151350002
"3291","DE","15-34",2025-03-13,2025-03-30,3,"quantile",0.025,146451.966606898
"3292","DE","15-34",2025-03-13,2025-03-30,3,"quantile",0.1,220507.210472926
"3293","DE","15-34",2025-03-13,2025-03-30,3,"quantile",0.25,263690.060758079
"3294","DE","15-34",2025-03-13,2025-03-30,3,"quantile",0.5,322655.404624472
"3295","DE","15-34",2025-03-13,2025-03-30,3,"quantile",0.75,401179.482983895
"3296","DE","15-34",2025-03-13,2025-03-30,3,"quantile",0.9,483934.651775822
"3297","DE","15-34",2025-03-13,2025-03-30,3,"quantile",0.975,631254.713945644
"3298","DE","15-34",2025-03-13,2025-04-06,4,"quantile",0.025,132370.505359772
"3299","DE","15-34",2025-03-13,2025-04-06,4,"quantile",0.1,193831.055365823
"3300","DE","15-34",2025-03-13,2025-04-06,4,"quantile",0.25,243102.066243032
"3301","DE","15-34",2025-03-13,2025-04-06,4,"quantile",0.5,303787.540402283
"3302","DE","15-34",2025-03-13,2025-04-06,4,"quantile",0.75,383188.058000827
"3303","DE","15-34",2025-03-13,2025-04-06,4,"quantile",0.9,467953.428565439
"3304","DE","15-34",2025-03-13,2025-04-06,4,"quantile",0.975,643209.001865321
"3305","DE","35-59",2025-03-13,2025-03-16,1,"quantile",0.025,219712.50115473
"3306","DE","35-59",2025-03-13,2025-03-16,1,"quantile",0.1,355843.733707137
"3307","DE","35-59",2025-03-13,2025-03-16,1,"quantile",0.25,421780.70530218
"3308","DE","35-59",2025-03-13,2025-03-16,1,"quantile",0.5,494786.98539081
"3309","DE","35-59",2025-03-13,2025-03-16,1,"quantile",0.75,597403.479102768
"3310","DE","35-59",2025-03-13,2025-03-16,1,"quantile",0.9,696810.537821772
"3311","DE","35-59",2025-03-13,2025-03-16,1,"quantile",0.975,827142.456845483
"3312","DE","35-59",2025-03-13,2025-03-23,2,"quantile",0.025,196117.89725838
"3313","DE","35-59",2025-03-13,2025-03-23,2,"quantile",0.1,314218.726993472
"3314","DE","35-59",2025-03-13,2025-03-23,2,"quantile",0.25,378124.9864558
"3315","DE","35-59",2025-03-13,2025-03-23,2,"quantile",0.5,457085.769886895
"3316","DE","35-59",2025-03-13,2025-03-23,2,"quantile",0.75,545609.005204064
"3317","DE","35-59",2025-03-13,2025-03-23,2,"quantile",0.9,640005.517817592
"3318","DE","35-59",2025-03-13,2025-03-23,2,"quantile",0.975,798627.931696904
"3319","DE","35-59",2025-03-13,2025-03-30,3,"quantile",0.025,182990.569371356
"3320","DE","35-59",2025-03-13,2025-03-30,3,"quantile",0.1,278104.6594821
"3321","DE","35-59",2025-03-13,2025-03-30,3,"quantile",0.25,334729.110791483
"3322","DE","35-59",2025-03-13,2025-03-30,3,"quantile",0.5,407916.37233526
"3323","DE","35-59",2025-03-13,2025-03-30,3,"quantile",0.75,496633.321710748
"3324","DE","35-59",2025-03-13,2025-03-30,3,"quantile",0.9,603752.80193628
"3325","DE","35-59",2025-03-13,2025-03-30,3,"quantile",0.975,799963.679344182
"3326","DE","35-59",2025-03-13,2025-04-06,4,"quantile",0.025,165623.715459131
"3327","DE","35-59",2025-03-13,2025-04-06,4,"quantile",0.1,245270.528895077
"3328","DE","35-59",2025-03-13,2025-04-06,4,"quantile",0.25,298531.44353681
"3329","DE","35-59",2025-03-13,2025-04-06,4,"quantile",0.5,370511.300249235
"3330","DE","35-59",2025-03-13,2025-04-06,4,"quantile",0.75,460404.510149678
"3331","DE","35-59",2025-03-13,2025-04-06,4,"quantile",0.9,561723.441158076
"3332","DE","35-59",2025-03-13,2025-04-06,4,"quantile",0.975,781693.46244883
"3333","DE","60+",2025-03-13,2025-03-16,1,"quantile",0.025,74529.3143385411
"3334","DE","60+",2025-03-13,2025-03-16,1,"quantile",0.1,121379.902995136
"3335","DE","60+",2025-03-13,2025-03-16,1,"quantile",0.25,147231.149114742
"3336","DE","60+",2025-03-13,2025-03-16,1,"quantile",0.5,177389.848457518
"3337","DE","60+",2025-03-13,2025-03-16,1,"quantile",0.75,217114.855160944
"3338","DE","60+",2025-03-13,2025-03-16,1,"quantile",0.9,257152.070315068
"3339","DE","60+",2025-03-13,2025-03-16,1,"quantile",0.975,303312.040364416
"3340","DE","60+",2025-03-13,2025-03-23,2,"quantile",0.025,69452.9198155264
"3341","DE","60+",2025-03-13,2025-03-23,2,"quantile",0.1,111137.245980912
"3342","DE","60+",2025-03-13,2025-03-23,2,"quantile",0.25,135419.659311202
"3343","DE","60+",2025-03-13,2025-03-23,2,"quantile",0.5,164854.243051312
"3344","DE","60+",2025-03-13,2025-03-23,2,"quantile",0.75,198350.995399128
"3345","DE","60+",2025-03-13,2025-03-23,2,"quantile",0.9,235438.568637833
"3346","DE","60+",2025-03-13,2025-03-23,2,"quantile",0.975,293116.504794542
"3347","DE","60+",2025-03-13,2025-03-30,3,"quantile",0.025,66301.055247407
"3348","DE","60+",2025-03-13,2025-03-30,3,"quantile",0.1,101976.220982549
"3349","DE","60+",2025-03-13,2025-03-30,3,"quantile",0.25,122271.149839259
"3350","DE","60+",2025-03-13,2025-03-30,3,"quantile",0.5,149209.859754993
"3351","DE","60+",2025-03-13,2025-03-30,3,"quantile",0.75,181811.048251278
"3352","DE","60+",2025-03-13,2025-03-30,3,"quantile",0.9,220159.577647614
"3353","DE","60+",2025-03-13,2025-03-30,3,"quantile",0.975,293487.482620537
"3354","DE","60+",2025-03-13,2025-04-06,4,"quantile",0.025,60969.2982466066
"3355","DE","60+",2025-03-13,2025-04-06,4,"quantile",0.1,91165.0013840241
"3356","DE","60+",2025-03-13,2025-04-06,4,"quantile",0.25,110033.019641383
"3357","DE","60+",2025-03-13,2025-04-06,4,"quantile",0.5,135000.552956704
"3358","DE","60+",2025-03-13,2025-04-06,4,"quantile",0.75,166073.295465375
"3359","DE","60+",2025-03-13,2025-04-06,4,"quantile",0.9,203860.290152954
"3360","DE","60+",2025-03-13,2025-04-06,4,"quantile",0.975,281579.678911317
"3361","DE","00+",2025-03-20,2025-03-23,1,"quantile",0.025,685149.553622717
"3362","DE","00+",2025-03-20,2025-03-23,1,"quantile",0.1,980420.067682423
"3363","DE","00+",2025-03-20,2025-03-23,1,"quantile",0.25,1143500.99731048
"3364","DE","00+",2025-03-20,2025-03-23,1,"quantile",0.5,1325177.25896105
"3365","DE","00+",2025-03-20,2025-03-23,1,"quantile",0.75,1535449.06270131
"3366","DE","00+",2025-03-20,2025-03-23,1,"quantile",0.9,1759531.69421852
"3367","DE","00+",2025-03-20,2025-03-23,1,"quantile",0.975,2052936.25209412
"3368","DE","00+",2025-03-20,2025-03-30,2,"quantile",0.025,605825.287811716
"3369","DE","00+",2025-03-20,2025-03-30,2,"quantile",0.1,859784.139351785
"3370","DE","00+",2025-03-20,2025-03-30,2,"quantile",0.25,1016687.6617175
"3371","DE","00+",2025-03-20,2025-03-30,2,"quantile",0.5,1201287.99860012
"3372","DE","00+",2025-03-20,2025-03-30,2,"quantile",0.75,1414892.42582485
"3373","DE","00+",2025-03-20,2025-03-30,2,"quantile",0.9,1648266.80229791
"3374","DE","00+",2025-03-20,2025-03-30,2,"quantile",0.975,2054327.78188541
"3375","DE","00+",2025-03-20,2025-04-06,3,"quantile",0.025,526807.822948102
"3376","DE","00+",2025-03-20,2025-04-06,3,"quantile",0.1,726889.928171967
"3377","DE","00+",2025-03-20,2025-04-06,3,"quantile",0.25,893282.737227306
"3378","DE","00+",2025-03-20,2025-04-06,3,"quantile",0.5,1079537.8645914
"3379","DE","00+",2025-03-20,2025-04-06,3,"quantile",0.75,1300385.93119103
"3380","DE","00+",2025-03-20,2025-04-06,3,"quantile",0.9,1519194.64589257
"3381","DE","00+",2025-03-20,2025-04-06,3,"quantile",0.975,1990798.51363194
"3382","DE","00+",2025-03-20,2025-04-13,4,"quantile",0.025,458130.259986772
"3383","DE","00+",2025-03-20,2025-04-13,4,"quantile",0.1,655227.44627983
"3384","DE","00+",2025-03-20,2025-04-13,4,"quantile",0.25,845936.120159401
"3385","DE","00+",2025-03-20,2025-04-13,4,"quantile",0.5,1052762.24899329
"3386","DE","00+",2025-03-20,2025-04-13,4,"quantile",0.75,1294470.64274274
"3387","DE","00+",2025-03-20,2025-04-13,4,"quantile",0.9,1561332.12291306
"3388","DE","00+",2025-03-20,2025-04-13,4,"quantile",0.975,2058568.22785939
"3389","DE","00-04",2025-03-20,2025-03-23,1,"quantile",0.025,92564.3209230433
"3390","DE","00-04",2025-03-20,2025-03-23,1,"quantile",0.1,129566.064016402
"3391","DE","00-04",2025-03-20,2025-03-23,1,"quantile",0.25,160879.812897506
"3392","DE","00-04",2025-03-20,2025-03-23,1,"quantile",0.5,190195.980032242
"3393","DE","00-04",2025-03-20,2025-03-23,1,"quantile",0.75,223491.262279947
"3394","DE","00-04",2025-03-20,2025-03-23,1,"quantile",0.9,260368.945442283
"3395","DE","00-04",2025-03-20,2025-03-23,1,"quantile",0.975,312207.993395383
"3396","DE","00-04",2025-03-20,2025-03-30,2,"quantile",0.025,84291.0150502121
"3397","DE","00-04",2025-03-20,2025-03-30,2,"quantile",0.1,112223.254374837
"3398","DE","00-04",2025-03-20,2025-03-30,2,"quantile",0.25,148722.862809167
"3399","DE","00-04",2025-03-20,2025-03-30,2,"quantile",0.5,179573.292113348
"3400","DE","00-04",2025-03-20,2025-03-30,2,"quantile",0.75,211019.77838933
"3401","DE","00-04",2025-03-20,2025-03-30,2,"quantile",0.9,255926.780912354
"3402","DE","00-04",2025-03-20,2025-03-30,2,"quantile",0.975,322026.349553972
"3403","DE","00-04",2025-03-20,2025-04-06,3,"quantile",0.025,76657.1090738868
"3404","DE","00-04",2025-03-20,2025-04-06,3,"quantile",0.1,106543.311558273
"3405","DE","00-04",2025-03-20,2025-04-06,3,"quantile",0.25,142563.660714256
"3406","DE","00-04",2025-03-20,2025-04-06,3,"quantile",0.5,170516.209816598
"3407","DE","00-04",2025-03-20,2025-04-06,3,"quantile",0.75,202823.513885394
"3408","DE","00-04",2025-03-20,2025-04-06,3,"quantile",0.9,242278.30260526
"3409","DE","00-04",2025-03-20,2025-04-06,3,"quantile",0.975,324786.621477733
"3410","DE","00-04",2025-03-20,2025-04-13,4,"quantile",0.025,66626.816256166
"3411","DE","00-04",2025-03-20,2025-04-13,4,"quantile",0.1,101851.693862955
"3412","DE","00-04",2025-03-20,2025-04-13,4,"quantile",0.25,137774.870007065
"3413","DE","00-04",2025-03-20,2025-04-13,4,"quantile",0.5,163743.782011238
"3414","DE","00-04",2025-03-20,2025-04-13,4,"quantile",0.75,196004.014283316
"3415","DE","00-04",2025-03-20,2025-04-13,4,"quantile",0.9,238747.399147645
"3416","DE","00-04",2025-03-20,2025-04-13,4,"quantile",0.975,320722.213338379
"3417","DE","05-14",2025-03-20,2025-03-23,1,"quantile",0.025,63957.7255127108
"3418","DE","05-14",2025-03-20,2025-03-23,1,"quantile",0.1,95589.4770697696
"3419","DE","05-14",2025-03-20,2025-03-23,1,"quantile",0.25,125484.471465154
"3420","DE","05-14",2025-03-20,2025-03-23,1,"quantile",0.5,156746.903346186
"3421","DE","05-14",2025-03-20,2025-03-23,1,"quantile",0.75,194668.288279162
"3422","DE","05-14",2025-03-20,2025-03-23,1,"quantile",0.9,234999.141756021
"3423","DE","05-14",2025-03-20,2025-03-23,1,"quantile",0.975,295510.262899547
"3424","DE","05-14",2025-03-20,2025-03-30,2,"quantile",0.025,56732.8596495951
"3425","DE","05-14",2025-03-20,2025-03-30,2,"quantile",0.1,85211.7032404726
"3426","DE","05-14",2025-03-20,2025-03-30,2,"quantile",0.25,108431.753252477
"3427","DE","05-14",2025-03-20,2025-03-30,2,"quantile",0.5,138986.268645374
"3428","DE","05-14",2025-03-20,2025-03-30,2,"quantile",0.75,176379.581243434
"3429","DE","05-14",2025-03-20,2025-03-30,2,"quantile",0.9,229328.496672754
"3430","DE","05-14",2025-03-20,2025-03-30,2,"quantile",0.975,325901.536261658
"3431","DE","05-14",2025-03-20,2025-04-06,3,"quantile",0.025,51550.3054660146
"3432","DE","05-14",2025-03-20,2025-04-06,3,"quantile",0.1,74842.4040826719
"3433","DE","05-14",2025-03-20,2025-04-06,3,"quantile",0.25,101360.237280281
"3434","DE","05-14",2025-03-20,2025-04-06,3,"quantile",0.5,130904.536169148
"3435","DE","05-14",2025-03-20,2025-04-06,3,"quantile",0.75,168352.15251195
"3436","DE","05-14",2025-03-20,2025-04-06,3,"quantile",0.9,226261.064022639
"3437","DE","05-14",2025-03-20,2025-04-06,3,"quantile",0.975,319761.645916226
"3438","DE","05-14",2025-03-20,2025-04-13,4,"quantile",0.025,45598.1749243223
"3439","DE","05-14",2025-03-20,2025-04-13,4,"quantile",0.1,71356.6163794603
"3440","DE","05-14",2025-03-20,2025-04-13,4,"quantile",0.25,96307.7601448569
"3441","DE","05-14",2025-03-20,2025-04-13,4,"quantile",0.5,126480.703626784
"3442","DE","05-14",2025-03-20,2025-04-13,4,"quantile",0.75,166626.43763822
"3443","DE","05-14",2025-03-20,2025-04-13,4,"quantile",0.9,226662.155308366
"3444","DE","05-14",2025-03-20,2025-04-13,4,"quantile",0.975,313231.36791624
"3445","DE","15-34",2025-03-20,2025-03-23,1,"quantile",0.025,168922.715476258
"3446","DE","15-34",2025-03-20,2025-03-23,1,"quantile",0.1,257182.806725681
"3447","DE","15-34",2025-03-20,2025-03-23,1,"quantile",0.25,303709.710429395
"3448","DE","15-34",2025-03-20,2025-03-23,1,"quantile",0.5,358088.550091541
"3449","DE","15-34",2025-03-20,2025-03-23,1,"quantile",0.75,426040.716291396
"3450","DE","15-34",2025-03-20,2025-03-23,1,"quantile",0.9,500410.387300046
"3451","DE","15-34",2025-03-20,2025-03-23,1,"quantile",0.975,609974.242213347
"3452","DE","15-34",2025-03-20,2025-03-30,2,"quantile",0.025,154607.080932454
"3453","DE","15-34",2025-03-20,2025-03-30,2,"quantile",0.1,228806.958784216
"3454","DE","15-34",2025-03-20,2025-03-30,2,"quantile",0.25,273078.010065908
"3455","DE","15-34",2025-03-20,2025-03-30,2,"quantile",0.5,328926.385499484
"3456","DE","15-34",2025-03-20,2025-03-30,2,"quantile",0.75,399833.87418557
"3457","DE","15-34",2025-03-20,2025-03-30,2,"quantile",0.9,475035.543549528
"3458","DE","15-34",2025-03-20,2025-03-30,2,"quantile",0.975,613832.309733617
"3459","DE","15-34",2025-03-20,2025-04-06,3,"quantile",0.025,140044.424547103
"3460","DE","15-34",2025-03-20,2025-04-06,3,"quantile",0.1,196569.413135311
"3461","DE","15-34",2025-03-20,2025-04-06,3,"quantile",0.25,245150.229471018
"3462","DE","15-34",2025-03-20,2025-04-06,3,"quantile",0.5,308542.130428587
"3463","DE","15-34",2025-03-20,2025-04-06,3,"quantile",0.75,382377.345959592
"3464","DE","15-34",2025-03-20,2025-04-06,3,"quantile",0.9,455345.58561754
"3465","DE","15-34",2025-03-20,2025-04-06,3,"quantile",0.975,607900.084332497
"3466","DE","15-34",2025-03-20,2025-04-13,4,"quantile",0.025,126566.854224429
"3467","DE","15-34",2025-03-20,2025-04-13,4,"quantile",0.1,177211.103762873
"3468","DE","15-34",2025-03-20,2025-04-13,4,"quantile",0.25,228030.402970575
"3469","DE","15-34",2025-03-20,2025-04-13,4,"quantile",0.5,290027.010804362
"3470","DE","15-34",2025-03-20,2025-04-13,4,"quantile",0.75,372776.873363944
"3471","DE","15-34",2025-03-20,2025-04-13,4,"quantile",0.9,454403.455787006
"3472","DE","15-34",2025-03-20,2025-04-13,4,"quantile",0.975,625519.102227856
"3473","DE","35-59",2025-03-20,2025-03-23,1,"quantile",0.025,210442.736125947
"3474","DE","35-59",2025-03-20,2025-03-23,1,"quantile",0.1,333613.858943752
"3475","DE","35-59",2025-03-20,2025-03-23,1,"quantile",0.25,396945.915193067
"3476","DE","35-59",2025-03-20,2025-03-23,1,"quantile",0.5,463051.956410488
"3477","DE","35-59",2025-03-20,2025-03-23,1,"quantile",0.75,552232.910302533
"3478","DE","35-59",2025-03-20,2025-03-23,1,"quantile",0.9,642199.234108588
"3479","DE","35-59",2025-03-20,2025-03-23,1,"quantile",0.975,775738.20724508
"3480","DE","35-59",2025-03-20,2025-03-30,2,"quantile",0.025,189398.351961644
"3481","DE","35-59",2025-03-20,2025-03-30,2,"quantile",0.1,290934.321149115
"3482","DE","35-59",2025-03-20,2025-03-30,2,"quantile",0.25,349660.745632673
"3483","DE","35-59",2025-03-20,2025-03-30,2,"quantile",0.5,423489.796557733
"3484","DE","35-59",2025-03-20,2025-03-30,2,"quantile",0.75,508300.109481277
"3485","DE","35-59",2025-03-20,2025-03-30,2,"quantile",0.9,604406.464916927
"3486","DE","35-59",2025-03-20,2025-03-30,2,"quantile",0.975,771080.492847854
"3487","DE","35-59",2025-03-20,2025-04-06,3,"quantile",0.025,172892.892145858
"3488","DE","35-59",2025-03-20,2025-04-06,3,"quantile",0.1,252226.78286014
"3489","DE","35-59",2025-03-20,2025-04-06,3,"quantile",0.25,311341.835247543
"3490","DE","35-59",2025-03-20,2025-04-06,3,"quantile",0.5,382448.469561251
"3491","DE","35-59",2025-03-20,2025-04-06,3,"quantile",0.75,465920.547235542
"3492","DE","35-59",2025-03-20,2025-04-06,3,"quantile",0.9,566343.55749559
"3493","DE","35-59",2025-03-20,2025-04-06,3,"quantile",0.975,760752.773399645
"3494","DE","35-59",2025-03-20,2025-04-13,4,"quantile",0.025,157367.801957558
"3495","DE","35-59",2025-03-20,2025-04-13,4,"quantile",0.1,220484.778928714
"3496","DE","35-59",2025-03-20,2025-04-13,4,"quantile",0.25,275429.326880159
"3497","DE","35-59",2025-03-20,2025-04-13,4,"quantile",0.5,345741.436203365
"3498","DE","35-59",2025-03-20,2025-04-13,4,"quantile",0.75,435483.432957256
"3499","DE","35-59",2025-03-20,2025-04-13,4,"quantile",0.9,528339.908188332
"3500","DE","35-59",2025-03-20,2025-04-13,4,"quantile",0.975,744729.778513046
"3501","DE","60+",2025-03-20,2025-03-23,1,"quantile",0.025,73400.1015469042
"3502","DE","60+",2025-03-20,2025-03-23,1,"quantile",0.1,117140.79326461
"3503","DE","60+",2025-03-20,2025-03-23,1,"quantile",0.25,140954.632624044
"3504","DE","60+",2025-03-20,2025-03-23,1,"quantile",0.5,169910.932029037
"3505","DE","60+",2025-03-20,2025-03-23,1,"quantile",0.75,205891.717810876
"3506","DE","60+",2025-03-20,2025-03-23,1,"quantile",0.9,240510.804032206
"3507","DE","60+",2025-03-20,2025-03-23,1,"quantile",0.975,291160.850953026
"3508","DE","60+",2025-03-20,2025-03-30,2,"quantile",0.025,69491.8893614969
"3509","DE","60+",2025-03-20,2025-03-30,2,"quantile",0.1,106402.26254195
"3510","DE","60+",2025-03-20,2025-03-30,2,"quantile",0.25,126713.664665534
"3511","DE","60+",2025-03-20,2025-03-30,2,"quantile",0.5,155126.89536074
"3512","DE","60+",2025-03-20,2025-03-30,2,"quantile",0.75,186550.624977907
"3513","DE","60+",2025-03-20,2025-03-30,2,"quantile",0.9,222587.37548179
"3514","DE","60+",2025-03-20,2025-03-30,2,"quantile",0.975,286399.158317127
"3515","DE","60+",2025-03-20,2025-04-06,3,"quantile",0.025,65104.0174370139
"3516","DE","60+",2025-03-20,2025-04-06,3,"quantile",0.1,96808.4037596228
"3517","DE","60+",2025-03-20,2025-04-06,3,"quantile",0.25,116419.589475416
"3518","DE","60+",2025-03-20,2025-04-06,3,"quantile",0.5,141826.509975909
"3519","DE","60+",2025-03-20,2025-04-06,3,"quantile",0.75,174141.762318402
"3520","DE","60+",2025-03-20,2025-04-06,3,"quantile",0.9,211602.349549232
"3521","DE","60+",2025-03-20,2025-04-06,3,"quantile",0.975,281814.552298181
"3522","DE","60+",2025-03-20,2025-04-13,4,"quantile",0.025,59854.6041814107
"3523","DE","60+",2025-03-20,2025-04-13,4,"quantile",0.1,84526.1801089706
"3524","DE","60+",2025-03-20,2025-04-13,4,"quantile",0.25,104816.703415446
"3525","DE","60+",2025-03-20,2025-04-13,4,"quantile",0.5,130165.842453439
"3526","DE","60+",2025-03-20,2025-04-13,4,"quantile",0.75,161637.288631248
"3527","DE","60+",2025-03-20,2025-04-13,4,"quantile",0.9,196382.61867937
"3528","DE","60+",2025-03-20,2025-04-13,4,"quantile",0.975,272417.854606102
"3529","DE","00+",2025-03-27,2025-03-30,1,"quantile",0.025,640868.331359612
"3530","DE","00+",2025-03-27,2025-03-30,1,"quantile",0.1,861842.882936894
"3531","DE","00+",2025-03-27,2025-03-30,1,"quantile",0.25,1001730.3186548
"3532","DE","00+",2025-03-27,2025-03-30,1,"quantile",0.5,1152351.40569667
"3533","DE","00+",2025-03-27,2025-03-30,1,"quantile",0.75,1317053.41676836
"3534","DE","00+",2025-03-27,2025-03-30,1,"quantile",0.9,1493781.97443682
"3535","DE","00+",2025-03-27,2025-03-30,1,"quantile",0.975,1728119.73862528
"3536","DE","00+",2025-03-27,2025-04-06,2,"quantile",0.025,595153.306838533
"3537","DE","00+",2025-03-27,2025-04-06,2,"quantile",0.1,796669.056987748
"3538","DE","00+",2025-03-27,2025-04-06,2,"quantile",0.25,914142.438967904
"3539","DE","00+",2025-03-27,2025-04-06,2,"quantile",0.5,1050771.2316811
"3540","DE","00+",2025-03-27,2025-04-06,2,"quantile",0.75,1230994.14303362
"3541","DE","00+",2025-03-27,2025-04-06,2,"quantile",0.9,1422653.59280839
"3542","DE","00+",2025-03-27,2025-04-06,2,"quantile",0.975,1686829.87170286
"3543","DE","00+",2025-03-27,2025-04-13,3,"quantile",0.025,504484.0139893
"3544","DE","00+",2025-03-27,2025-04-13,3,"quantile",0.1,669181.474831913
"3545","DE","00+",2025-03-27,2025-04-13,3,"quantile",0.25,833872.391907655
"3546","DE","00+",2025-03-27,2025-04-13,3,"quantile",0.5,999356.826443138
"3547","DE","00+",2025-03-27,2025-04-13,3,"quantile",0.75,1190057.02647521
"3548","DE","00+",2025-03-27,2025-04-13,3,"quantile",0.9,1386192.07707673
"3549","DE","00+",2025-03-27,2025-04-13,3,"quantile",0.975,1733585.00841774
"3550","DE","00+",2025-03-27,2025-04-20,4,"quantile",0.025,424184.939034179
"3551","DE","00+",2025-03-27,2025-04-20,4,"quantile",0.1,605906.432302435
"3552","DE","00+",2025-03-27,2025-04-20,4,"quantile",0.25,765502.606814153
"3553","DE","00+",2025-03-27,2025-04-20,4,"quantile",0.5,936031.265349004
"3554","DE","00+",2025-03-27,2025-04-20,4,"quantile",0.75,1164619.15013268
"3555","DE","00+",2025-03-27,2025-04-20,4,"quantile",0.9,1399523.94827136
"3556","DE","00+",2025-03-27,2025-04-20,4,"quantile",0.975,1826930.90383014
"3557","DE","00-04",2025-03-27,2025-03-30,1,"quantile",0.025,81559.2306226046
"3558","DE","00-04",2025-03-27,2025-03-30,1,"quantile",0.1,112915.466136051
"3559","DE","00-04",2025-03-27,2025-03-30,1,"quantile",0.25,138399.623236032
"3560","DE","00-04",2025-03-27,2025-03-30,1,"quantile",0.5,164947.466704039
"3561","DE","00-04",2025-03-27,2025-03-30,1,"quantile",0.75,194772.945576342
"3562","DE","00-04",2025-03-27,2025-03-30,1,"quantile",0.9,227687.814170983
"3563","DE","00-04",2025-03-27,2025-03-30,1,"quantile",0.975,269852.164311471
"3564","DE","00-04",2025-03-27,2025-04-06,2,"quantile",0.025,73328.7497571783
"3565","DE","00-04",2025-03-27,2025-04-06,2,"quantile",0.1,106877.929972345
"3566","DE","00-04",2025-03-27,2025-04-06,2,"quantile",0.25,132664.450073189
"3567","DE","00-04",2025-03-27,2025-04-06,2,"quantile",0.5,156186.13222964
"3568","DE","00-04",2025-03-27,2025-04-06,2,"quantile",0.75,183949.037533894
"3569","DE","00-04",2025-03-27,2025-04-06,2,"quantile",0.9,219468.230654756
"3570","DE","00-04",2025-03-27,2025-04-06,2,"quantile",0.975,272614.232552758
"3571","DE","00-04",2025-03-27,2025-04-13,3,"quantile",0.025,66097.8949363426
"3572","DE","00-04",2025-03-27,2025-04-13,3,"quantile",0.1,97719.7090582248
"3573","DE","00-04",2025-03-27,2025-04-13,3,"quantile",0.25,125426.478308489
"3574","DE","00-04",2025-03-27,2025-04-13,3,"quantile",0.5,149452.016969933
"3575","DE","00-04",2025-03-27,2025-04-13,3,"quantile",0.75,177293.393521264
"3576","DE","00-04",2025-03-27,2025-04-13,3,"quantile",0.9,209268.912478985
"3577","DE","00-04",2025-03-27,2025-04-13,3,"quantile",0.975,276891.316161801
"3578","DE","00-04",2025-03-27,2025-04-20,4,"quantile",0.025,60382.5198434585
"3579","DE","00-04",2025-03-27,2025-04-20,4,"quantile",0.1,95918.2067664874
"3580","DE","00-04",2025-03-27,2025-04-20,4,"quantile",0.25,123827.946072432
"3581","DE","00-04",2025-03-27,2025-04-20,4,"quantile",0.5,147181.199196196
"3582","DE","00-04",2025-03-27,2025-04-20,4,"quantile",0.75,175934.141155521
"3583","DE","00-04",2025-03-27,2025-04-20,4,"quantile",0.9,212684.935769508
"3584","DE","00-04",2025-03-27,2025-04-20,4,"quantile",0.975,285956.410282432
"3585","DE","05-14",2025-03-27,2025-03-30,1,"quantile",0.025,54104.4447885448
"3586","DE","05-14",2025-03-27,2025-03-30,1,"quantile",0.1,79824.0782884521
"3587","DE","05-14",2025-03-27,2025-03-30,1,"quantile",0.25,103357.422206836
"3588","DE","05-14",2025-03-27,2025-03-30,1,"quantile",0.5,129711.320065153
"3589","DE","05-14",2025-03-27,2025-03-30,1,"quantile",0.75,161749.560833714
"3590","DE","05-14",2025-03-27,2025-03-30,1,"quantile",0.9,197128.774468392
"3591","DE","05-14",2025-03-27,2025-03-30,1,"quantile",0.975,239046.289522621
"3592","DE","05-14",2025-03-27,2025-04-06,2,"quantile",0.025,47717.4142536241
"3593","DE","05-14",2025-03-27,2025-04-06,2,"quantile",0.1,72156.2040699498
"3594","DE","05-14",2025-03-27,2025-04-06,2,"quantile",0.25,93710.1714702209
"3595","DE","05-14",2025-03-27,2025-04-06,2,"quantile",0.5,118039.087777795
"3596","DE","05-14",2025-03-27,2025-04-06,2,"quantile",0.75,150131.672246408
"3597","DE","05-14",2025-03-27,2025-04-06,2,"quantile",0.9,195335.132029101
"3598","DE","05-14",2025-03-27,2025-04-06,2,"quantile",0.975,256492.667821379
"3599","DE","05-14",2025-03-27,2025-04-13,3,"quantile",0.025,42644.7132938491
"3600","DE","05-14",2025-03-27,2025-04-13,3,"quantile",0.1,66209.3602190851
"3601","DE","05-14",2025-03-27,2025-04-13,3,"quantile",0.25,89165.4969513222
"3602","DE","05-14",2025-03-27,2025-04-13,3,"quantile",0.5,113534.346688745
"3603","DE","05-14",2025-03-27,2025-04-13,3,"quantile",0.75,144656.982684327
"3604","DE","05-14",2025-03-27,2025-04-13,3,"quantile",0.9,194774.829175933
"3605","DE","05-14",2025-03-27,2025-04-13,3,"quantile",0.975,274096.77839726
"3606","DE","05-14",2025-03-27,2025-04-20,4,"quantile",0.025,39013.1119893268
"3607","DE","05-14",2025-03-27,2025-04-20,4,"quantile",0.1,64416.213259012
"3608","DE","05-14",2025-03-27,2025-04-20,4,"quantile",0.25,83118.0424787047
"3609","DE","05-14",2025-03-27,2025-04-20,4,"quantile",0.5,106879.456695632
"3610","DE","05-14",2025-03-27,2025-04-20,4,"quantile",0.75,151579.19828722
"3611","DE","05-14",2025-03-27,2025-04-20,4,"quantile",0.9,205633.514548142
"3612","DE","05-14",2025-03-27,2025-04-20,4,"quantile",0.975,271610.429331839
"3613","DE","15-34",2025-03-27,2025-03-30,1,"quantile",0.025,146942.535320252
"3614","DE","15-34",2025-03-27,2025-03-30,1,"quantile",0.1,212386.541140997
"3615","DE","15-34",2025-03-27,2025-03-30,1,"quantile",0.25,258073.075926492
"3616","DE","15-34",2025-03-27,2025-03-30,1,"quantile",0.5,307159.514902114
"3617","DE","15-34",2025-03-27,2025-03-30,1,"quantile",0.75,359072.876167187
"3618","DE","15-34",2025-03-27,2025-03-30,1,"quantile",0.9,419291.446088995
"3619","DE","15-34",2025-03-27,2025-03-30,1,"quantile",0.975,510799.236548351
"3620","DE","15-34",2025-03-27,2025-04-06,2,"quantile",0.025,131733.460791547
"3621","DE","15-34",2025-03-27,2025-04-06,2,"quantile",0.1,192470.393100355
"3622","DE","15-34",2025-03-27,2025-04-06,2,"quantile",0.25,227671.091694805
"3623","DE","15-34",2025-03-27,2025-04-06,2,"quantile",0.5,274167.334288131
"3624","DE","15-34",2025-03-27,2025-04-06,2,"quantile",0.75,340490.541032279
"3625","DE","15-34",2025-03-27,2025-04-06,2,"quantile",0.9,403691.907073064
"3626","DE","15-34",2025-03-27,2025-04-06,2,"quantile",0.975,501785.150962513
"3627","DE","15-34",2025-03-27,2025-04-13,3,"quantile",0.025,119080.246507392
"3628","DE","15-34",2025-03-27,2025-04-13,3,"quantile",0.1,166197.276421662
"3629","DE","15-34",2025-03-27,2025-04-13,3,"quantile",0.25,209910.375466417
"3630","DE","15-34",2025-03-27,2025-04-13,3,"quantile",0.5,268785.276511641
"3631","DE","15-34",2025-03-27,2025-04-13,3,"quantile",0.75,331908.260700078
"3632","DE","15-34",2025-03-27,2025-04-13,3,"quantile",0.9,390891.266155058
"3633","DE","15-34",2025-03-27,2025-04-13,3,"quantile",0.975,504882.909888937
"3634","DE","15-34",2025-03-27,2025-04-20,4,"quantile",0.025,111560.880309536
"3635","DE","15-34",2025-03-27,2025-04-20,4,"quantile",0.1,158338.865731223
"3636","DE","15-34",2025-03-27,2025-04-20,4,"quantile",0.25,199684.983478289
"3637","DE","15-34",2025-03-27,2025-04-20,4,"quantile",0.5,250414.127157824
"3638","DE","15-34",2025-03-27,2025-04-20,4,"quantile",0.75,328530.995930488
"3639","DE","15-34",2025-03-27,2025-04-20,4,"quantile",0.9,400957.74484847
"3640","DE","15-34",2025-03-27,2025-04-20,4,"quantile",0.975,535302.455498934
"3641","DE","35-59",2025-03-27,2025-03-30,1,"quantile",0.025,175882.07592311
"3642","DE","35-59",2025-03-27,2025-03-30,1,"quantile",0.1,264431.760673189
"3643","DE","35-59",2025-03-27,2025-03-30,1,"quantile",0.25,315395.88967707
"3644","DE","35-59",2025-03-27,2025-03-30,1,"quantile",0.5,373381.815765767
"3645","DE","35-59",2025-03-27,2025-03-30,1,"quantile",0.75,438785.450725751
"3646","DE","35-59",2025-03-27,2025-03-30,1,"quantile",0.9,516205.408769745
"3647","DE","35-59",2025-03-27,2025-03-30,1,"quantile",0.975,616234.906614033
"3648","DE","35-59",2025-03-27,2025-04-06,2,"quantile",0.025,155994.611683518
"3649","DE","35-59",2025-03-27,2025-04-06,2,"quantile",0.1,232802.260982393
"3650","DE","35-59",2025-03-27,2025-04-06,2,"quantile",0.25,277700.581735154
"3651","DE","35-59",2025-03-27,2025-04-06,2,"quantile",0.5,331481.014723136
"3652","DE","35-59",2025-03-27,2025-04-06,2,"quantile",0.75,398333.50142361
"3653","DE","35-59",2025-03-27,2025-04-06,2,"quantile",0.9,484919.384432792
"3654","DE","35-59",2025-03-27,2025-04-06,2,"quantile",0.975,603295.64815805
"3655","DE","35-59",2025-03-27,2025-04-13,3,"quantile",0.025,142304.50614629
"3656","DE","35-59",2025-03-27,2025-04-13,3,"quantile",0.1,197136.206844528
"3657","DE","35-59",2025-03-27,2025-04-13,3,"quantile",0.25,250445.919386231
"3658","DE","35-59",2025-03-27,2025-04-13,3,"quantile",0.5,314935.836909399
"3659","DE","35-59",2025-03-27,2025-04-13,3,"quantile",0.75,384786.994548097
"3660","DE","35-59",2025-03-27,2025-04-13,3,"quantile",0.9,457877.342971917
"3661","DE","35-59",2025-03-27,2025-04-13,3,"quantile",0.975,606534.973191392
"3662","DE","35-59",2025-03-27,2025-04-20,4,"quantile",0.025,132808.25002622
"3663","DE","35-59",2025-03-27,2025-04-20,4,"quantile",0.1,179762.962640228
"3664","DE","35-59",2025-03-27,2025-04-20,4,"quantile",0.25,226019.712697055
"3665","DE","35-59",2025-03-27,2025-04-20,4,"quantile",0.5,286633.968411261
"3666","DE","35-59",2025-03-27,2025-04-20,4,"quantile",0.75,366765.435776706
"3667","DE","35-59",2025-03-27,2025-04-20,4,"quantile",0.9,449493.852980252
"3668","DE","35-59",2025-03-27,2025-04-20,4,"quantile",0.975,627897.982015301
"3669","DE","60+",2025-03-27,2025-03-30,1,"quantile",0.025,63167.9054855851
"3670","DE","60+",2025-03-27,2025-03-30,1,"quantile",0.1,99190.9433216601
"3671","DE","60+",2025-03-27,2025-03-30,1,"quantile",0.25,116771.474588475
"3672","DE","60+",2025-03-27,2025-03-30,1,"quantile",0.5,138801.429374745
"3673","DE","60+",2025-03-27,2025-03-30,1,"quantile",0.75,165225.637317831
"3674","DE","60+",2025-03-27,2025-03-30,1,"quantile",0.9,195675.963389339
"3675","DE","60+",2025-03-27,2025-03-30,1,"quantile",0.975,244035.679411312
"3676","DE","60+",2025-03-27,2025-04-06,2,"quantile",0.025,58738.9134144418
"3677","DE","60+",2025-03-27,2025-04-06,2,"quantile",0.1,88754.9965474027
"3678","DE","60+",2025-03-27,2025-04-06,2,"quantile",0.25,105333.942546793
"3679","DE","60+",2025-03-27,2025-04-06,2,"quantile",0.5,125608.741329791
"3680","DE","60+",2025-03-27,2025-04-06,2,"quantile",0.75,149577.002013141
"3681","DE","60+",2025-03-27,2025-04-06,2,"quantile",0.9,182122.795663268
"3682","DE","60+",2025-03-27,2025-04-06,2,"quantile",0.975,233301.755519999
"3683","DE","60+",2025-03-27,2025-04-13,3,"quantile",0.025,54465.3471360473
"3684","DE","60+",2025-03-27,2025-04-13,3,"quantile",0.1,75364.8025498846
"3685","DE","60+",2025-03-27,2025-04-13,3,"quantile",0.25,95984.410160191
"3686","DE","60+",2025-03-27,2025-04-13,3,"quantile",0.5,117026.082376679
"3687","DE","60+",2025-03-27,2025-04-13,3,"quantile",0.75,141084.082851306
"3688","DE","60+",2025-03-27,2025-04-13,3,"quantile",0.9,172727.945683108
"3689","DE","60+",2025-03-27,2025-04-13,3,"quantile",0.975,219487.119973373
"3690","DE","60+",2025-03-27,2025-04-20,4,"quantile",0.025,51853.6035266391
"3691","DE","60+",2025-03-27,2025-04-20,4,"quantile",0.1,70787.0391894974
"3692","DE","60+",2025-03-27,2025-04-20,4,"quantile",0.25,87707.1881346589
"3693","DE","60+",2025-03-27,2025-04-20,4,"quantile",0.5,112032.790662548
"3694","DE","60+",2025-03-27,2025-04-20,4,"quantile",0.75,139879.292948988
"3695","DE","60+",2025-03-27,2025-04-20,4,"quantile",0.9,167016.077084662
"3696","DE","60+",2025-03-27,2025-04-20,4,"quantile",0.975,219350.861320632
