"","location","age_group","forecast_date","target_end_date","horizon","type","quantile","value"
"1","DE","00+",2024-10-17,2024-10-20,1,"mean",NA,1469027.19897642
"2","DE","00+",2024-10-17,2024-10-20,1,"quantile",0.025,1182699.08301461
"3","DE","00+",2024-10-17,2024-10-20,1,"quantile",0.1,1275083.82348443
"4","DE","00+",2024-10-17,2024-10-20,1,"quantile",0.25,1360685.22711375
"5","DE","00+",2024-10-17,2024-10-20,1,"quantile",0.5,1460420.86179286
"6","DE","00+",2024-10-17,2024-10-20,1,"quantile",0.75,1568377.4691236
"7","DE","00+",2024-10-17,2024-10-20,1,"quantile",0.9,1674436.6183803
"8","DE","00+",2024-10-17,2024-10-20,1,"quantile",0.975,1794274.90661524
"9","DE","00+",2024-10-17,2024-10-27,2,"mean",NA,1382993.78037126
"10","DE","00+",2024-10-17,2024-10-27,2,"quantile",0.025,1044390.47628575
"11","DE","00+",2024-10-17,2024-10-27,2,"quantile",0.1,1147818.64756422
"12","DE","00+",2024-10-17,2024-10-27,2,"quantile",0.25,1248980.16243956
"13","DE","00+",2024-10-17,2024-10-27,2,"quantile",0.5,1366888.58322464
"14","DE","00+",2024-10-17,2024-10-27,2,"quantile",0.75,1502613.9355392
"15","DE","00+",2024-10-17,2024-10-27,2,"quantile",0.9,1638456.82342526
"16","DE","00+",2024-10-17,2024-10-27,2,"quantile",0.975,1808013.26310957
"17","DE","00+",2024-10-17,2024-11-03,3,"mean",NA,1077054.24111777
"18","DE","00+",2024-10-17,2024-11-03,3,"quantile",0.025,768436.56722477
"19","DE","00+",2024-10-17,2024-11-03,3,"quantile",0.1,863068.820325822
"20","DE","00+",2024-10-17,2024-11-03,3,"quantile",0.25,953885.798704677
"21","DE","00+",2024-10-17,2024-11-03,3,"quantile",0.5,1061921.95474891
"22","DE","00+",2024-10-17,2024-11-03,3,"quantile",0.75,1183133.16891764
"23","DE","00+",2024-10-17,2024-11-03,3,"quantile",0.9,1313139.3705826
"24","DE","00+",2024-10-17,2024-11-03,3,"quantile",0.975,1465175.23222967
"25","DE","00+",2024-10-17,2024-11-10,4,"mean",NA,1286777.37993641
"26","DE","00+",2024-10-17,2024-11-10,4,"quantile",0.025,894525.635059583
"27","DE","00+",2024-10-17,2024-11-10,4,"quantile",0.1,1009000.30134246
"28","DE","00+",2024-10-17,2024-11-10,4,"quantile",0.25,1127743.37571193
"29","DE","00+",2024-10-17,2024-11-10,4,"quantile",0.5,1267938.18954298
"30","DE","00+",2024-10-17,2024-11-10,4,"quantile",0.75,1427974.94247859
"31","DE","00+",2024-10-17,2024-11-10,4,"quantile",0.9,1583725.12358894
"32","DE","00+",2024-10-17,2024-11-10,4,"quantile",0.975,1786619.179272
"33","DE","00-04",2024-10-17,2024-10-20,1,"mean",NA,188262.571815873
"34","DE","00-04",2024-10-17,2024-10-20,1,"quantile",0.025,161935.935562986
"35","DE","00-04",2024-10-17,2024-10-20,1,"quantile",0.1,170512.90310626
"36","DE","00-04",2024-10-17,2024-10-20,1,"quantile",0.25,178446.201333812
"37","DE","00-04",2024-10-17,2024-10-20,1,"quantile",0.5,187629.898823539
"38","DE","00-04",2024-10-17,2024-10-20,1,"quantile",0.75,197781.76293689
"39","DE","00-04",2024-10-17,2024-10-20,1,"quantile",0.9,206740.292078861
"40","DE","00-04",2024-10-17,2024-10-20,1,"quantile",0.975,217296.550935688
"41","DE","00-04",2024-10-17,2024-10-27,2,"mean",NA,191151.878066069
"42","DE","00-04",2024-10-17,2024-10-27,2,"quantile",0.025,158718.627314441
"43","DE","00-04",2024-10-17,2024-10-27,2,"quantile",0.1,168722.440440025
"44","DE","00-04",2024-10-17,2024-10-27,2,"quantile",0.25,178373.268193224
"45","DE","00-04",2024-10-17,2024-10-27,2,"quantile",0.5,190348.677693249
"46","DE","00-04",2024-10-17,2024-10-27,2,"quantile",0.75,202995.256630766
"47","DE","00-04",2024-10-17,2024-10-27,2,"quantile",0.9,214446.575525305
"48","DE","00-04",2024-10-17,2024-10-27,2,"quantile",0.975,228876.821705823
"49","DE","00-04",2024-10-17,2024-11-03,3,"mean",NA,159457.910857613
"50","DE","00-04",2024-10-17,2024-11-03,3,"quantile",0.025,128812.006569967
"51","DE","00-04",2024-10-17,2024-11-03,3,"quantile",0.1,138495.355918706
"52","DE","00-04",2024-10-17,2024-11-03,3,"quantile",0.25,147316.734469624
"53","DE","00-04",2024-10-17,2024-11-03,3,"quantile",0.5,158442.725956219
"54","DE","00-04",2024-10-17,2024-11-03,3,"quantile",0.75,170596.912274843
"55","DE","00-04",2024-10-17,2024-11-03,3,"quantile",0.9,181830.404451829
"56","DE","00-04",2024-10-17,2024-11-03,3,"quantile",0.975,195241.3956101
"57","DE","00-04",2024-10-17,2024-11-10,4,"mean",NA,178705.196959059
"58","DE","00-04",2024-10-17,2024-11-10,4,"quantile",0.025,141268.171562543
"59","DE","00-04",2024-10-17,2024-11-10,4,"quantile",0.1,153198.206779722
"60","DE","00-04",2024-10-17,2024-11-10,4,"quantile",0.25,164290.130565622
"61","DE","00-04",2024-10-17,2024-11-10,4,"quantile",0.5,177880.543910235
"62","DE","00-04",2024-10-17,2024-11-10,4,"quantile",0.75,191858.625589999
"63","DE","00-04",2024-10-17,2024-11-10,4,"quantile",0.9,204652.969428568
"64","DE","00-04",2024-10-17,2024-11-10,4,"quantile",0.975,220700.619023786
"65","DE","05-14",2024-10-17,2024-10-20,1,"mean",NA,143261.938077728
"66","DE","05-14",2024-10-17,2024-10-20,1,"quantile",0.025,112667.910094568
"67","DE","05-14",2024-10-17,2024-10-20,1,"quantile",0.1,122437.936025353
"68","DE","05-14",2024-10-17,2024-10-20,1,"quantile",0.25,131413.0001889
"69","DE","05-14",2024-10-17,2024-10-20,1,"quantile",0.5,142248.851772533
"70","DE","05-14",2024-10-17,2024-10-20,1,"quantile",0.75,154084.169037752
"71","DE","05-14",2024-10-17,2024-10-20,1,"quantile",0.9,165657.943399798
"72","DE","05-14",2024-10-17,2024-10-20,1,"quantile",0.975,179739.810240076
"73","DE","05-14",2024-10-17,2024-10-27,2,"mean",NA,139123.730599232
"74","DE","05-14",2024-10-17,2024-10-27,2,"quantile",0.025,101492.660448503
"75","DE","05-14",2024-10-17,2024-10-27,2,"quantile",0.1,112813.192724628
"76","DE","05-14",2024-10-17,2024-10-27,2,"quantile",0.25,124035.715091021
"77","DE","05-14",2024-10-17,2024-10-27,2,"quantile",0.5,137330.436921486
"78","DE","05-14",2024-10-17,2024-10-27,2,"quantile",0.75,152232.999982589
"79","DE","05-14",2024-10-17,2024-10-27,2,"quantile",0.9,167902.084665582
"80","DE","05-14",2024-10-17,2024-10-27,2,"quantile",0.975,187137.648015227
"81","DE","05-14",2024-10-17,2024-11-03,3,"mean",NA,112566.625654729
"82","DE","05-14",2024-10-17,2024-11-03,3,"quantile",0.025,77965.980714575
"83","DE","05-14",2024-10-17,2024-11-03,3,"quantile",0.1,88178.1757664816
"84","DE","05-14",2024-10-17,2024-11-03,3,"quantile",0.25,98441.6065793389
"85","DE","05-14",2024-10-17,2024-11-03,3,"quantile",0.5,110745.15148916
"86","DE","05-14",2024-10-17,2024-11-03,3,"quantile",0.75,124807.67890246
"87","DE","05-14",2024-10-17,2024-11-03,3,"quantile",0.9,139451.549223716
"88","DE","05-14",2024-10-17,2024-11-03,3,"quantile",0.975,157908.324964125
"89","DE","05-14",2024-10-17,2024-11-10,4,"mean",NA,142169.286482658
"90","DE","05-14",2024-10-17,2024-11-10,4,"quantile",0.025,95901.0750829731
"91","DE","05-14",2024-10-17,2024-11-10,4,"quantile",0.1,109116.234713291
"92","DE","05-14",2024-10-17,2024-11-10,4,"quantile",0.25,123029.385533704
"93","DE","05-14",2024-10-17,2024-11-10,4,"quantile",0.5,139733.16191566
"94","DE","05-14",2024-10-17,2024-11-10,4,"quantile",0.75,158710.984445404
"95","DE","05-14",2024-10-17,2024-11-10,4,"quantile",0.9,178239.079418439
"96","DE","05-14",2024-10-17,2024-11-10,4,"quantile",0.975,202505.375027057
"97","DE","15-34",2024-10-17,2024-10-20,1,"mean",NA,432609.968753322
"98","DE","15-34",2024-10-17,2024-10-20,1,"quantile",0.025,338694.869517327
"99","DE","15-34",2024-10-17,2024-10-20,1,"quantile",0.1,367819.248664459
"100","DE","15-34",2024-10-17,2024-10-20,1,"quantile",0.25,395970.715173188
"101","DE","15-34",2024-10-17,2024-10-20,1,"quantile",0.5,428660.439697211
"102","DE","15-34",2024-10-17,2024-10-20,1,"quantile",0.75,466479.300647103
"103","DE","15-34",2024-10-17,2024-10-20,1,"quantile",0.9,501957.640093284
"104","DE","15-34",2024-10-17,2024-10-20,1,"quantile",0.975,543904.420896363
"105","DE","15-34",2024-10-17,2024-10-27,2,"mean",NA,391405.355728135
"106","DE","15-34",2024-10-17,2024-10-27,2,"quantile",0.025,289641.671605731
"107","DE","15-34",2024-10-17,2024-10-27,2,"quantile",0.1,319778.783519344
"108","DE","15-34",2024-10-17,2024-10-27,2,"quantile",0.25,349220.582010762
"109","DE","15-34",2024-10-17,2024-10-27,2,"quantile",0.5,387238.582581623
"110","DE","15-34",2024-10-17,2024-10-27,2,"quantile",0.75,429354.357852146
"111","DE","15-34",2024-10-17,2024-10-27,2,"quantile",0.9,467854.258154302
"112","DE","15-34",2024-10-17,2024-10-27,2,"quantile",0.975,517641.403132239
"113","DE","15-34",2024-10-17,2024-11-03,3,"mean",NA,302872.302888684
"114","DE","15-34",2024-10-17,2024-11-03,3,"quantile",0.025,215448.495804297
"115","DE","15-34",2024-10-17,2024-11-03,3,"quantile",0.1,241356.894029036
"116","DE","15-34",2024-10-17,2024-11-03,3,"quantile",0.25,265434.023903517
"117","DE","15-34",2024-10-17,2024-11-03,3,"quantile",0.5,298369.196771087
"118","DE","15-34",2024-10-17,2024-11-03,3,"quantile",0.75,335281.880822007
"119","DE","15-34",2024-10-17,2024-11-03,3,"quantile",0.9,371110.531963456
"120","DE","15-34",2024-10-17,2024-11-03,3,"quantile",0.975,414304.225948988
"121","DE","15-34",2024-10-17,2024-11-10,4,"mean",NA,363606.219817394
"122","DE","15-34",2024-10-17,2024-11-10,4,"quantile",0.025,248415.145286644
"123","DE","15-34",2024-10-17,2024-11-10,4,"quantile",0.1,283756.892949049
"124","DE","15-34",2024-10-17,2024-11-10,4,"quantile",0.25,315948.670265837
"125","DE","15-34",2024-10-17,2024-11-10,4,"quantile",0.5,358616.949604237
"126","DE","15-34",2024-10-17,2024-11-10,4,"quantile",0.75,405017.042517265
"127","DE","15-34",2024-10-17,2024-11-10,4,"quantile",0.9,449009.701679219
"128","DE","15-34",2024-10-17,2024-11-10,4,"quantile",0.975,509213.783535247
"129","DE","35-59",2024-10-17,2024-10-20,1,"mean",NA,533686.987472247
"130","DE","35-59",2024-10-17,2024-10-20,1,"quantile",0.025,409283.650506499
"131","DE","35-59",2024-10-17,2024-10-20,1,"quantile",0.1,448219.950108301
"132","DE","35-59",2024-10-17,2024-10-20,1,"quantile",0.25,485214.967821414
"133","DE","35-59",2024-10-17,2024-10-20,1,"quantile",0.5,529093.335791496
"134","DE","35-59",2024-10-17,2024-10-20,1,"quantile",0.75,577099.473382915
"135","DE","35-59",2024-10-17,2024-10-20,1,"quantile",0.9,624960.828400317
"136","DE","35-59",2024-10-17,2024-10-20,1,"quantile",0.975,680547.025812009
"137","DE","35-59",2024-10-17,2024-10-27,2,"mean",NA,494272.679402832
"138","DE","35-59",2024-10-17,2024-10-27,2,"quantile",0.025,348461.493604402
"139","DE","35-59",2024-10-17,2024-10-27,2,"quantile",0.1,391780.331995889
"140","DE","35-59",2024-10-17,2024-10-27,2,"quantile",0.25,434691.431342175
"141","DE","35-59",2024-10-17,2024-10-27,2,"quantile",0.5,485418.177743262
"142","DE","35-59",2024-10-17,2024-10-27,2,"quantile",0.75,547286.538378209
"143","DE","35-59",2024-10-17,2024-10-27,2,"quantile",0.9,608107.658182144
"144","DE","35-59",2024-10-17,2024-10-27,2,"quantile",0.975,687218.648854682
"145","DE","35-59",2024-10-17,2024-11-03,3,"mean",NA,373690.734983837
"146","DE","35-59",2024-10-17,2024-11-03,3,"quantile",0.025,244472.519185414
"147","DE","35-59",2024-10-17,2024-11-03,3,"quantile",0.1,282551.54253515
"148","DE","35-59",2024-10-17,2024-11-03,3,"quantile",0.25,319723.302186567
"149","DE","35-59",2024-10-17,2024-11-03,3,"quantile",0.5,366096.039216967
"150","DE","35-59",2024-10-17,2024-11-03,3,"quantile",0.75,417970.952212539
"151","DE","35-59",2024-10-17,2024-11-03,3,"quantile",0.9,475500.422260083
"152","DE","35-59",2024-10-17,2024-11-03,3,"quantile",0.975,548801.683440542
"153","DE","35-59",2024-10-17,2024-11-10,4,"mean",NA,452012.706017303
"154","DE","35-59",2024-10-17,2024-11-10,4,"quantile",0.025,285053.288831785
"155","DE","35-59",2024-10-17,2024-11-10,4,"quantile",0.1,332059.522302727
"156","DE","35-59",2024-10-17,2024-11-10,4,"quantile",0.25,380873.507787848
"157","DE","35-59",2024-10-17,2024-11-10,4,"quantile",0.5,441298.914733312
"158","DE","35-59",2024-10-17,2024-11-10,4,"quantile",0.75,511773.822763874
"159","DE","35-59",2024-10-17,2024-11-10,4,"quantile",0.9,584266.824006662
"160","DE","35-59",2024-10-17,2024-11-10,4,"quantile",0.975,680897.977196716
"161","DE","60+",2024-10-17,2024-10-20,1,"mean",NA,179084.32598568
"162","DE","60+",2024-10-17,2024-10-20,1,"quantile",0.025,139092.151186745
"163","DE","60+",2024-10-17,2024-10-20,1,"quantile",0.1,151404.965180764
"164","DE","60+",2024-10-17,2024-10-20,1,"quantile",0.25,163184.70902732
"165","DE","60+",2024-10-17,2024-10-20,1,"quantile",0.5,177678.099776508
"166","DE","60+",2024-10-17,2024-10-20,1,"quantile",0.75,193313.344880715
"167","DE","60+",2024-10-17,2024-10-20,1,"quantile",0.9,208494.430102311
"168","DE","60+",2024-10-17,2024-10-20,1,"quantile",0.975,227419.777407433
"169","DE","60+",2024-10-17,2024-10-27,2,"mean",NA,167739.98756415
"170","DE","60+",2024-10-17,2024-10-27,2,"quantile",0.025,120213.324174868
"171","DE","60+",2024-10-17,2024-10-27,2,"quantile",0.1,134086.923699838
"172","DE","60+",2024-10-17,2024-10-27,2,"quantile",0.25,147576.838715217
"173","DE","60+",2024-10-17,2024-10-27,2,"quantile",0.5,165520.370545644
"174","DE","60+",2024-10-17,2024-10-27,2,"quantile",0.75,185391.8026805
"175","DE","60+",2024-10-17,2024-10-27,2,"quantile",0.9,204421.33819425
"176","DE","60+",2024-10-17,2024-10-27,2,"quantile",0.975,227588.861918253
"177","DE","60+",2024-10-17,2024-11-03,3,"mean",NA,124339.649186288
"178","DE","60+",2024-10-17,2024-11-03,3,"quantile",0.025,83741.2129552377
"179","DE","60+",2024-10-17,2024-11-03,3,"quantile",0.1,95795.1270512837
"180","DE","60+",2024-10-17,2024-11-03,3,"quantile",0.25,107355.789295464
"181","DE","60+",2024-10-17,2024-11-03,3,"quantile",0.5,122146.224997971
"182","DE","60+",2024-10-17,2024-11-03,3,"quantile",0.75,139181.06488364
"183","DE","60+",2024-10-17,2024-11-03,3,"quantile",0.9,155418.1879675
"184","DE","60+",2024-10-17,2024-11-03,3,"quantile",0.975,176944.778638639
"185","DE","60+",2024-10-17,2024-11-10,4,"mean",NA,146469.76722957
"186","DE","60+",2024-10-17,2024-11-10,4,"quantile",0.025,95457.7193404348
"187","DE","60+",2024-10-17,2024-11-10,4,"quantile",0.1,110024.358869909
"188","DE","60+",2024-10-17,2024-11-10,4,"quantile",0.25,125039.604879613
"189","DE","60+",2024-10-17,2024-11-10,4,"quantile",0.5,143881.226010138
"190","DE","60+",2024-10-17,2024-11-10,4,"quantile",0.75,164462.678807752
"191","DE","60+",2024-10-17,2024-11-10,4,"quantile",0.9,185394.487163135
"192","DE","60+",2024-10-17,2024-11-10,4,"quantile",0.975,212138.819725833
"193","DE","00+",2024-10-24,2024-10-27,1,"mean",NA,1366828.34114755
"194","DE","00+",2024-10-24,2024-10-27,1,"quantile",0.025,1107844.11195867
"195","DE","00+",2024-10-24,2024-10-27,1,"quantile",0.1,1191929.00324138
"196","DE","00+",2024-10-24,2024-10-27,1,"quantile",0.25,1268339.85934927
"197","DE","00+",2024-10-24,2024-10-27,1,"quantile",0.5,1358525.08927724
"198","DE","00+",2024-10-24,2024-10-27,1,"quantile",0.75,1460340.72559397
"199","DE","00+",2024-10-24,2024-10-27,1,"quantile",0.9,1555280.1139605
"200","DE","00+",2024-10-24,2024-10-27,1,"quantile",0.975,1664921.98042776
"201","DE","00+",2024-10-24,2024-11-03,2,"mean",NA,1063523.2498321
"202","DE","00+",2024-10-24,2024-11-03,2,"quantile",0.025,806072.471354868
"203","DE","00+",2024-10-24,2024-11-03,2,"quantile",0.1,883700.287008974
"204","DE","00+",2024-10-24,2024-11-03,2,"quantile",0.25,964089.800234431
"205","DE","00+",2024-10-24,2024-11-03,2,"quantile",0.5,1054221.46932615
"206","DE","00+",2024-10-24,2024-11-03,2,"quantile",0.75,1152679.67779591
"207","DE","00+",2024-10-24,2024-11-03,2,"quantile",0.9,1250481.78105411
"208","DE","00+",2024-10-24,2024-11-03,2,"quantile",0.975,1368737.85917462
"209","DE","00+",2024-10-24,2024-11-10,3,"mean",NA,1273895.12374596
"210","DE","00+",2024-10-24,2024-11-10,3,"quantile",0.025,919488.582307682
"211","DE","00+",2024-10-24,2024-11-10,3,"quantile",0.1,1025668.05072885
"212","DE","00+",2024-10-24,2024-11-10,3,"quantile",0.25,1131115.56020981
"213","DE","00+",2024-10-24,2024-11-10,3,"quantile",0.5,1260258.82847402
"214","DE","00+",2024-10-24,2024-11-10,3,"quantile",0.75,1400782.48927111
"215","DE","00+",2024-10-24,2024-11-10,3,"quantile",0.9,1535903.99887408
"216","DE","00+",2024-10-24,2024-11-10,3,"quantile",0.975,1726782.88911918
"217","DE","00+",2024-10-24,2024-11-17,4,"mean",NA,1240221.78979963
"218","DE","00+",2024-10-24,2024-11-17,4,"quantile",0.025,869105.496105813
"219","DE","00+",2024-10-24,2024-11-17,4,"quantile",0.1,984025.561046205
"220","DE","00+",2024-10-24,2024-11-17,4,"quantile",0.25,1090641.38708592
"221","DE","00+",2024-10-24,2024-11-17,4,"quantile",0.5,1222645.42743808
"222","DE","00+",2024-10-24,2024-11-17,4,"quantile",0.75,1371448.43509984
"223","DE","00+",2024-10-24,2024-11-17,4,"quantile",0.9,1520756.18836107
"224","DE","00+",2024-10-24,2024-11-17,4,"quantile",0.975,1715627.40267475
"225","DE","00-04",2024-10-24,2024-10-27,1,"mean",NA,200688.83050456
"226","DE","00-04",2024-10-24,2024-10-27,1,"quantile",0.025,173102.90374073
"227","DE","00-04",2024-10-24,2024-10-27,1,"quantile",0.1,181527.853171331
"228","DE","00-04",2024-10-24,2024-10-27,1,"quantile",0.25,190264.254350134
"229","DE","00-04",2024-10-24,2024-10-27,1,"quantile",0.5,200240.08395056
"230","DE","00-04",2024-10-24,2024-10-27,1,"quantile",0.75,210675.081556633
"231","DE","00-04",2024-10-24,2024-10-27,1,"quantile",0.9,220611.724337462
"232","DE","00-04",2024-10-24,2024-10-27,1,"quantile",0.975,231535.896356179
"233","DE","00-04",2024-10-24,2024-11-03,2,"mean",NA,167068.426451384
"234","DE","00-04",2024-10-24,2024-11-03,2,"quantile",0.025,138082.310350809
"235","DE","00-04",2024-10-24,2024-11-03,2,"quantile",0.1,147748.740472061
"236","DE","00-04",2024-10-24,2024-11-03,2,"quantile",0.25,156029.661659727
"237","DE","00-04",2024-10-24,2024-11-03,2,"quantile",0.5,165953.807884458
"238","DE","00-04",2024-10-24,2024-11-03,2,"quantile",0.75,177481.498162641
"239","DE","00-04",2024-10-24,2024-11-03,2,"quantile",0.9,187681.559983415
"240","DE","00-04",2024-10-24,2024-11-03,2,"quantile",0.975,199948.87407834
"241","DE","00-04",2024-10-24,2024-11-10,3,"mean",NA,185677.030155743
"242","DE","00-04",2024-10-24,2024-11-10,3,"quantile",0.025,148642.58593993
"243","DE","00-04",2024-10-24,2024-11-10,3,"quantile",0.1,160642.187032224
"244","DE","00-04",2024-10-24,2024-11-10,3,"quantile",0.25,171926.723943326
"245","DE","00-04",2024-10-24,2024-11-10,3,"quantile",0.5,184745.268118824
"246","DE","00-04",2024-10-24,2024-11-10,3,"quantile",0.75,198696.244935958
"247","DE","00-04",2024-10-24,2024-11-10,3,"quantile",0.9,211457.769792439
"248","DE","00-04",2024-10-24,2024-11-10,3,"quantile",0.975,226878.196768701
"249","DE","00-04",2024-10-24,2024-11-17,4,"mean",NA,187985.044661907
"250","DE","00-04",2024-10-24,2024-11-17,4,"quantile",0.025,148350.345166103
"251","DE","00-04",2024-10-24,2024-11-17,4,"quantile",0.1,160728.360396545
"252","DE","00-04",2024-10-24,2024-11-17,4,"quantile",0.25,173072.527698778
"253","DE","00-04",2024-10-24,2024-11-17,4,"quantile",0.5,187001.839427063
"254","DE","00-04",2024-10-24,2024-11-17,4,"quantile",0.75,201853.277850187
"255","DE","00-04",2024-10-24,2024-11-17,4,"quantile",0.9,216207.787746439
"256","DE","00-04",2024-10-24,2024-11-17,4,"quantile",0.975,233265.987619945
"257","DE","05-14",2024-10-24,2024-10-27,1,"mean",NA,140581.662260975
"258","DE","05-14",2024-10-24,2024-10-27,1,"quantile",0.025,110980.04434973
"259","DE","05-14",2024-10-24,2024-10-27,1,"quantile",0.1,120459.005606801
"260","DE","05-14",2024-10-24,2024-10-27,1,"quantile",0.25,129030.297755673
"261","DE","05-14",2024-10-24,2024-10-27,1,"quantile",0.5,139608.153917128
"262","DE","05-14",2024-10-24,2024-10-27,1,"quantile",0.75,151070.255526308
"263","DE","05-14",2024-10-24,2024-10-27,1,"quantile",0.9,162261.948636376
"264","DE","05-14",2024-10-24,2024-10-27,1,"quantile",0.975,175051.98190731
"265","DE","05-14",2024-10-24,2024-11-03,2,"mean",NA,113574.481114165
"266","DE","05-14",2024-10-24,2024-11-03,2,"quantile",0.025,83328.4683369538
"267","DE","05-14",2024-10-24,2024-11-03,2,"quantile",0.1,92352.1045043792
"268","DE","05-14",2024-10-24,2024-11-03,2,"quantile",0.25,101613.806459507
"269","DE","05-14",2024-10-24,2024-11-03,2,"quantile",0.5,112447.701262128
"270","DE","05-14",2024-10-24,2024-11-03,2,"quantile",0.75,124036.281394813
"271","DE","05-14",2024-10-24,2024-11-03,2,"quantile",0.9,135879.661647006
"272","DE","05-14",2024-10-24,2024-11-03,2,"quantile",0.975,150497.537891995
"273","DE","05-14",2024-10-24,2024-11-10,3,"mean",NA,143136.181030638
"274","DE","05-14",2024-10-24,2024-11-10,3,"quantile",0.025,100684.930230408
"275","DE","05-14",2024-10-24,2024-11-10,3,"quantile",0.1,112534.187461119
"276","DE","05-14",2024-10-24,2024-11-10,3,"quantile",0.25,125373.251934797
"277","DE","05-14",2024-10-24,2024-11-10,3,"quantile",0.5,141244.118129473
"278","DE","05-14",2024-10-24,2024-11-10,3,"quantile",0.75,158482.672507478
"279","DE","05-14",2024-10-24,2024-11-10,3,"quantile",0.9,175619.631252549
"280","DE","05-14",2024-10-24,2024-11-10,3,"quantile",0.975,199072.331642086
"281","DE","05-14",2024-10-24,2024-11-17,4,"mean",NA,154196.256198686
"282","DE","05-14",2024-10-24,2024-11-17,4,"quantile",0.025,105127.913781662
"283","DE","05-14",2024-10-24,2024-11-17,4,"quantile",0.1,120065.968591819
"284","DE","05-14",2024-10-24,2024-11-17,4,"quantile",0.25,134244.530329236
"285","DE","05-14",2024-10-24,2024-11-17,4,"quantile",0.5,151315.161183627
"286","DE","05-14",2024-10-24,2024-11-17,4,"quantile",0.75,171614.236879555
"287","DE","05-14",2024-10-24,2024-11-17,4,"quantile",0.9,192472.119724566
"288","DE","05-14",2024-10-24,2024-11-17,4,"quantile",0.975,218750.689122563
"289","DE","15-34",2024-10-24,2024-10-27,1,"mean",NA,399730.477222379
"290","DE","15-34",2024-10-24,2024-10-27,1,"quantile",0.025,315407.629126747
"291","DE","15-34",2024-10-24,2024-10-27,1,"quantile",0.1,339990.887496983
"292","DE","15-34",2024-10-24,2024-10-27,1,"quantile",0.25,366375.629563637
"293","DE","15-34",2024-10-24,2024-10-27,1,"quantile",0.5,397069.403955201
"294","DE","15-34",2024-10-24,2024-10-27,1,"quantile",0.75,430223.421857213
"295","DE","15-34",2024-10-24,2024-10-27,1,"quantile",0.9,463632.980746575
"296","DE","15-34",2024-10-24,2024-10-27,1,"quantile",0.975,500259.36018958
"297","DE","15-34",2024-10-24,2024-11-03,2,"mean",NA,309223.701382312
"298","DE","15-34",2024-10-24,2024-11-03,2,"quantile",0.025,227213.227840278
"299","DE","15-34",2024-10-24,2024-11-03,2,"quantile",0.1,253534.235353898
"300","DE","15-34",2024-10-24,2024-11-03,2,"quantile",0.25,276402.578069699
"301","DE","15-34",2024-10-24,2024-11-03,2,"quantile",0.5,305312.831278944
"302","DE","15-34",2024-10-24,2024-11-03,2,"quantile",0.75,338454.875999718
"303","DE","15-34",2024-10-24,2024-11-03,2,"quantile",0.9,370738.409290857
"304","DE","15-34",2024-10-24,2024-11-03,2,"quantile",0.975,408908.742931591
"305","DE","15-34",2024-10-24,2024-11-10,3,"mean",NA,370984.084972292
"306","DE","15-34",2024-10-24,2024-11-10,3,"quantile",0.025,260677.749829278
"307","DE","15-34",2024-10-24,2024-11-10,3,"quantile",0.1,293357.32969409
"308","DE","15-34",2024-10-24,2024-11-10,3,"quantile",0.25,326859.207023745
"309","DE","15-34",2024-10-24,2024-11-10,3,"quantile",0.5,366633.833436079
"310","DE","15-34",2024-10-24,2024-11-10,3,"quantile",0.75,410698.992722575
"311","DE","15-34",2024-10-24,2024-11-10,3,"quantile",0.9,454327.836580022
"312","DE","15-34",2024-10-24,2024-11-10,3,"quantile",0.975,507327.394190116
"313","DE","15-34",2024-10-24,2024-11-17,4,"mean",NA,356791.187611172
"314","DE","15-34",2024-10-24,2024-11-17,4,"quantile",0.025,245792.885466576
"315","DE","15-34",2024-10-24,2024-11-17,4,"quantile",0.1,277406.261167546
"316","DE","15-34",2024-10-24,2024-11-17,4,"quantile",0.25,311479.567946136
"317","DE","15-34",2024-10-24,2024-11-17,4,"quantile",0.5,351245.048516316
"318","DE","15-34",2024-10-24,2024-11-17,4,"quantile",0.75,396912.162358227
"319","DE","15-34",2024-10-24,2024-11-17,4,"quantile",0.9,442249.748989543
"320","DE","15-34",2024-10-24,2024-11-17,4,"quantile",0.975,499968.853912681
"321","DE","35-59",2024-10-24,2024-10-27,1,"mean",NA,474798.336356076
"322","DE","35-59",2024-10-24,2024-10-27,1,"quantile",0.025,366725.829688123
"323","DE","35-59",2024-10-24,2024-10-27,1,"quantile",0.1,401085.15094151
"324","DE","35-59",2024-10-24,2024-10-27,1,"quantile",0.25,432832.613692188
"325","DE","35-59",2024-10-24,2024-10-27,1,"quantile",0.5,470674.854698089
"326","DE","35-59",2024-10-24,2024-10-27,1,"quantile",0.75,514185.59813123
"327","DE","35-59",2024-10-24,2024-10-27,1,"quantile",0.9,555152.819151754
"328","DE","35-59",2024-10-24,2024-10-27,1,"quantile",0.975,602484.092495259
"329","DE","35-59",2024-10-24,2024-11-03,2,"mean",NA,358608.020769173
"330","DE","35-59",2024-10-24,2024-11-03,2,"quantile",0.025,254236.448302625
"331","DE","35-59",2024-10-24,2024-11-03,2,"quantile",0.1,284168.463697875
"332","DE","35-59",2024-10-24,2024-11-03,2,"quantile",0.25,317065.835548816
"333","DE","35-59",2024-10-24,2024-11-03,2,"quantile",0.5,354153.008639469
"334","DE","35-59",2024-10-24,2024-11-03,2,"quantile",0.75,394996.335441225
"335","DE","35-59",2024-10-24,2024-11-03,2,"quantile",0.9,436997.867138098
"336","DE","35-59",2024-10-24,2024-11-03,2,"quantile",0.975,489114.976462844
"337","DE","35-59",2024-10-24,2024-11-10,3,"mean",NA,437346.587251332
"338","DE","35-59",2024-10-24,2024-11-10,3,"quantile",0.025,290648.29116945
"339","DE","35-59",2024-10-24,2024-11-10,3,"quantile",0.1,332631.307246547
"340","DE","35-59",2024-10-24,2024-11-10,3,"quantile",0.25,375458.064434094
"341","DE","35-59",2024-10-24,2024-11-10,3,"quantile",0.5,429548.484955569
"342","DE","35-59",2024-10-24,2024-11-10,3,"quantile",0.75,489859.335928512
"343","DE","35-59",2024-10-24,2024-11-10,3,"quantile",0.9,548026.244631311
"344","DE","35-59",2024-10-24,2024-11-10,3,"quantile",0.975,635093.897349032
"345","DE","35-59",2024-10-24,2024-11-17,4,"mean",NA,413930.86709543
"346","DE","35-59",2024-10-24,2024-11-17,4,"quantile",0.025,263031.511431959
"347","DE","35-59",2024-10-24,2024-11-17,4,"quantile",0.1,307240.67001665
"348","DE","35-59",2024-10-24,2024-11-17,4,"quantile",0.25,350763.354117948
"349","DE","35-59",2024-10-24,2024-11-17,4,"quantile",0.5,404980.785213774
"350","DE","35-59",2024-10-24,2024-11-17,4,"quantile",0.75,466368.539321412
"351","DE","35-59",2024-10-24,2024-11-17,4,"quantile",0.9,531885.510043521
"352","DE","35-59",2024-10-24,2024-11-17,4,"quantile",0.975,617460.302152909
"353","DE","60+",2024-10-24,2024-10-27,1,"mean",NA,161519.754638011
"354","DE","60+",2024-10-24,2024-10-27,1,"quantile",0.025,125698.347734263
"355","DE","60+",2024-10-24,2024-10-27,1,"quantile",0.1,136563.258900854
"356","DE","60+",2024-10-24,2024-10-27,1,"quantile",0.25,147143.198619447
"357","DE","60+",2024-10-24,2024-10-27,1,"quantile",0.5,160482.216573622
"358","DE","60+",2024-10-24,2024-10-27,1,"quantile",0.75,174304.007174203
"359","DE","60+",2024-10-24,2024-10-27,1,"quantile",0.9,188243.098252545
"360","DE","60+",2024-10-24,2024-10-27,1,"quantile",0.975,203347.347192652
"361","DE","60+",2024-10-24,2024-11-03,2,"mean",NA,120045.711900691
"362","DE","60+",2024-10-24,2024-11-03,2,"quantile",0.025,86109.921668083
"363","DE","60+",2024-10-24,2024-11-03,2,"quantile",0.1,96225.9357502558
"364","DE","60+",2024-10-24,2024-11-03,2,"quantile",0.25,106280.838231074
"365","DE","60+",2024-10-24,2024-11-03,2,"quantile",0.5,118388.560361677
"366","DE","60+",2024-10-24,2024-11-03,2,"quantile",0.75,132553.511534881
"367","DE","60+",2024-10-24,2024-11-03,2,"quantile",0.9,145634.904167995
"368","DE","60+",2024-10-24,2024-11-03,2,"quantile",0.975,162532.320213912
"369","DE","60+",2024-10-24,2024-11-10,3,"mean",NA,143232.223496694
"370","DE","60+",2024-10-24,2024-11-10,3,"quantile",0.025,95182.9174213433
"371","DE","60+",2024-10-24,2024-11-10,3,"quantile",0.1,109853.116107569
"372","DE","60+",2024-10-24,2024-11-10,3,"quantile",0.25,123877.737031548
"373","DE","60+",2024-10-24,2024-11-10,3,"quantile",0.5,141326.064801664
"374","DE","60+",2024-10-24,2024-11-10,3,"quantile",0.75,160108.236361409
"375","DE","60+",2024-10-24,2024-11-10,3,"quantile",0.9,179476.019804358
"376","DE","60+",2024-10-24,2024-11-10,3,"quantile",0.975,203527.771556734
"377","DE","60+",2024-10-24,2024-11-17,4,"mean",NA,131817.225627517
"378","DE","60+",2024-10-24,2024-11-17,4,"quantile",0.025,85451.0678064593
"379","DE","60+",2024-10-24,2024-11-17,4,"quantile",0.1,98752.7298587862
"380","DE","60+",2024-10-24,2024-11-17,4,"quantile",0.25,112857.052852181
"381","DE","60+",2024-10-24,2024-11-17,4,"quantile",0.5,129621.141763316
"382","DE","60+",2024-10-24,2024-11-17,4,"quantile",0.75,148133.549722475
"383","DE","60+",2024-10-24,2024-11-17,4,"quantile",0.9,167599.564998358
"384","DE","60+",2024-10-24,2024-11-17,4,"quantile",0.975,192698.659063367
"385","DE","00+",2024-10-31,2024-11-03,1,"mean",NA,1091127.76573623
"386","DE","00+",2024-10-31,2024-11-03,1,"quantile",0.025,881007.175892332
"387","DE","00+",2024-10-31,2024-11-03,1,"quantile",0.1,948649.545365
"388","DE","00+",2024-10-31,2024-11-03,1,"quantile",0.25,1010131.45889607
"389","DE","00+",2024-10-31,2024-11-03,1,"quantile",0.5,1085265.5689781
"390","DE","00+",2024-10-31,2024-11-03,1,"quantile",0.75,1165872.98036905
"391","DE","00+",2024-10-31,2024-11-03,1,"quantile",0.9,1241473.41049689
"392","DE","00+",2024-10-31,2024-11-03,1,"quantile",0.975,1330114.51355634
"393","DE","00+",2024-10-31,2024-11-10,2,"mean",NA,1305042.43910575
"394","DE","00+",2024-10-31,2024-11-10,2,"quantile",0.025,988458.65411252
"395","DE","00+",2024-10-31,2024-11-10,2,"quantile",0.1,1087485.44180023
"396","DE","00+",2024-10-31,2024-11-10,2,"quantile",0.25,1177382.41727155
"397","DE","00+",2024-10-31,2024-11-10,2,"quantile",0.5,1293488.65540388
"398","DE","00+",2024-10-31,2024-11-10,2,"quantile",0.75,1420676.00212907
"399","DE","00+",2024-10-31,2024-11-10,2,"quantile",0.9,1538640.37503687
"400","DE","00+",2024-10-31,2024-11-10,2,"quantile",0.975,1683712.00039564
"401","DE","00+",2024-10-31,2024-11-17,3,"mean",NA,1266707.44216505
"402","DE","00+",2024-10-31,2024-11-17,3,"quantile",0.025,912788.636373154
"403","DE","00+",2024-10-31,2024-11-17,3,"quantile",0.1,1014981.43880014
"404","DE","00+",2024-10-31,2024-11-17,3,"quantile",0.25,1120261.78698752
"405","DE","00+",2024-10-31,2024-11-17,3,"quantile",0.5,1251066.9216996
"406","DE","00+",2024-10-31,2024-11-17,3,"quantile",0.75,1393150.99573473
"407","DE","00+",2024-10-31,2024-11-17,3,"quantile",0.9,1538932.27802471
"408","DE","00+",2024-10-31,2024-11-17,3,"quantile",0.975,1713010.45742349
"409","DE","00+",2024-10-31,2024-11-24,4,"mean",NA,1303013.63243979
"410","DE","00+",2024-10-31,2024-11-24,4,"quantile",0.025,923297.315497925
"411","DE","00+",2024-10-31,2024-11-24,4,"quantile",0.1,1027578.59567412
"412","DE","00+",2024-10-31,2024-11-24,4,"quantile",0.25,1140765.38739911
"413","DE","00+",2024-10-31,2024-11-24,4,"quantile",0.5,1284017.09077377
"414","DE","00+",2024-10-31,2024-11-24,4,"quantile",0.75,1444602.30895777
"415","DE","00+",2024-10-31,2024-11-24,4,"quantile",0.9,1606822.45609477
"416","DE","00+",2024-10-31,2024-11-24,4,"quantile",0.975,1792894.85212823
"417","DE","00-04",2024-10-31,2024-11-03,1,"mean",NA,161625.137090999
"418","DE","00-04",2024-10-31,2024-11-03,1,"quantile",0.025,139297.58881251
"419","DE","00-04",2024-10-31,2024-11-03,1,"quantile",0.1,146767.890331872
"420","DE","00-04",2024-10-31,2024-11-03,1,"quantile",0.25,153348.036739038
"421","DE","00-04",2024-10-31,2024-11-03,1,"quantile",0.5,161094.935665736
"422","DE","00-04",2024-10-31,2024-11-03,1,"quantile",0.75,169436.17233333
"423","DE","00-04",2024-10-31,2024-11-03,1,"quantile",0.9,177567.850995917
"424","DE","00-04",2024-10-31,2024-11-03,1,"quantile",0.975,186725.032445847
"425","DE","00-04",2024-10-31,2024-11-10,2,"mean",NA,179664.965447647
"426","DE","00-04",2024-10-31,2024-11-10,2,"quantile",0.025,149089.428483833
"427","DE","00-04",2024-10-31,2024-11-10,2,"quantile",0.1,158778.708081293
"428","DE","00-04",2024-10-31,2024-11-10,2,"quantile",0.25,167910.736971697
"429","DE","00-04",2024-10-31,2024-11-10,2,"quantile",0.5,178612.928534527
"430","DE","00-04",2024-10-31,2024-11-10,2,"quantile",0.75,190657.928916296
"431","DE","00-04",2024-10-31,2024-11-10,2,"quantile",0.9,202165.557284287
"432","DE","00-04",2024-10-31,2024-11-10,2,"quantile",0.975,215139.235231166
"433","DE","00-04",2024-10-31,2024-11-17,3,"mean",NA,183354.739525522
"434","DE","00-04",2024-10-31,2024-11-17,3,"quantile",0.025,147587.350221856
"435","DE","00-04",2024-10-31,2024-11-17,3,"quantile",0.1,158787.412711706
"436","DE","00-04",2024-10-31,2024-11-17,3,"quantile",0.25,169678.108001884
"437","DE","00-04",2024-10-31,2024-11-17,3,"quantile",0.5,182319.066422591
"438","DE","00-04",2024-10-31,2024-11-17,3,"quantile",0.75,195977.181129175
"439","DE","00-04",2024-10-31,2024-11-17,3,"quantile",0.9,209493.08582208
"440","DE","00-04",2024-10-31,2024-11-17,3,"quantile",0.975,224998.264823855
"441","DE","00-04",2024-10-31,2024-11-24,4,"mean",NA,201299.464845338
"442","DE","00-04",2024-10-31,2024-11-24,4,"quantile",0.025,159886.08957241
"443","DE","00-04",2024-10-31,2024-11-24,4,"quantile",0.1,172276.545022648
"444","DE","00-04",2024-10-31,2024-11-24,4,"quantile",0.25,185373.756609261
"445","DE","00-04",2024-10-31,2024-11-24,4,"quantile",0.5,200110.459482304
"446","DE","00-04",2024-10-31,2024-11-24,4,"quantile",0.75,215612.139204211
"447","DE","00-04",2024-10-31,2024-11-24,4,"quantile",0.9,231666.83502284
"448","DE","00-04",2024-10-31,2024-11-24,4,"quantile",0.975,249678.680762474
"449","DE","05-14",2024-10-31,2024-11-03,1,"mean",NA,112549.181180987
"450","DE","05-14",2024-10-31,2024-11-03,1,"quantile",0.025,88536.5373579361
"451","DE","05-14",2024-10-31,2024-11-03,1,"quantile",0.1,96158.9848082704
"452","DE","05-14",2024-10-31,2024-11-03,1,"quantile",0.25,103180.309134627
"453","DE","05-14",2024-10-31,2024-11-03,1,"quantile",0.5,111747.195938805
"454","DE","05-14",2024-10-31,2024-11-03,1,"quantile",0.75,121232.503059495
"455","DE","05-14",2024-10-31,2024-11-03,1,"quantile",0.9,129929.187358104
"456","DE","05-14",2024-10-31,2024-11-03,1,"quantile",0.975,140439.252339738
"457","DE","05-14",2024-10-31,2024-11-10,2,"mean",NA,141886.29631823
"458","DE","05-14",2024-10-31,2024-11-10,2,"quantile",0.025,103883.701634377
"459","DE","05-14",2024-10-31,2024-11-10,2,"quantile",0.1,115636.25982828
"460","DE","05-14",2024-10-31,2024-11-10,2,"quantile",0.25,126277.08734863
"461","DE","05-14",2024-10-31,2024-11-10,2,"quantile",0.5,140165.746006508
"462","DE","05-14",2024-10-31,2024-11-10,2,"quantile",0.75,155529.194941726
"463","DE","05-14",2024-10-31,2024-11-10,2,"quantile",0.9,170232.104582878
"464","DE","05-14",2024-10-31,2024-11-10,2,"quantile",0.975,188752.601596716
"465","DE","05-14",2024-10-31,2024-11-17,3,"mean",NA,153604.833340851
"466","DE","05-14",2024-10-31,2024-11-17,3,"quantile",0.025,107203.11395009
"467","DE","05-14",2024-10-31,2024-11-17,3,"quantile",0.1,120853.570052487
"468","DE","05-14",2024-10-31,2024-11-17,3,"quantile",0.25,134094.744770901
"469","DE","05-14",2024-10-31,2024-11-17,3,"quantile",0.5,151375.648732945
"470","DE","05-14",2024-10-31,2024-11-17,3,"quantile",0.75,170070.211839821
"471","DE","05-14",2024-10-31,2024-11-17,3,"quantile",0.9,189272.559872497
"472","DE","05-14",2024-10-31,2024-11-17,3,"quantile",0.975,214487.314948545
"473","DE","05-14",2024-10-31,2024-11-24,4,"mean",NA,166081.907719497
"474","DE","05-14",2024-10-31,2024-11-24,4,"quantile",0.025,114309.690661366
"475","DE","05-14",2024-10-31,2024-11-24,4,"quantile",0.1,128627.779001159
"476","DE","05-14",2024-10-31,2024-11-24,4,"quantile",0.25,143612.291886685
"477","DE","05-14",2024-10-31,2024-11-24,4,"quantile",0.5,163446.928443287
"478","DE","05-14",2024-10-31,2024-11-24,4,"quantile",0.75,185228.623994129
"479","DE","05-14",2024-10-31,2024-11-24,4,"quantile",0.9,207947.913776586
"480","DE","05-14",2024-10-31,2024-11-24,4,"quantile",0.975,233758.491154142
"481","DE","15-34",2024-10-31,2024-11-03,1,"mean",NA,318132.210588389
"482","DE","15-34",2024-10-31,2024-11-03,1,"quantile",0.025,250211.066158768
"483","DE","15-34",2024-10-31,2024-11-03,1,"quantile",0.1,271705.509844939
"484","DE","15-34",2024-10-31,2024-11-03,1,"quantile",0.25,291799.278388657
"485","DE","15-34",2024-10-31,2024-11-03,1,"quantile",0.5,315365.541802021
"486","DE","15-34",2024-10-31,2024-11-03,1,"quantile",0.75,341687.657255004
"487","DE","15-34",2024-10-31,2024-11-03,1,"quantile",0.9,368780.244747199
"488","DE","15-34",2024-10-31,2024-11-03,1,"quantile",0.975,399557.150607088
"489","DE","15-34",2024-10-31,2024-11-10,2,"mean",NA,380024.913422319
"490","DE","15-34",2024-10-31,2024-11-10,2,"quantile",0.025,278637.518440179
"491","DE","15-34",2024-10-31,2024-11-10,2,"quantile",0.1,310849.795177683
"492","DE","15-34",2024-10-31,2024-11-10,2,"quantile",0.25,339639.49280064
"493","DE","15-34",2024-10-31,2024-11-10,2,"quantile",0.5,375523.555979898
"494","DE","15-34",2024-10-31,2024-11-10,2,"quantile",0.75,415653.350625529
"495","DE","15-34",2024-10-31,2024-11-10,2,"quantile",0.9,456479.157201951
"496","DE","15-34",2024-10-31,2024-11-10,2,"quantile",0.975,503252.710353757
"497","DE","15-34",2024-10-31,2024-11-17,3,"mean",NA,363595.573872212
"498","DE","15-34",2024-10-31,2024-11-17,3,"quantile",0.025,255849.830911324
"499","DE","15-34",2024-10-31,2024-11-17,3,"quantile",0.1,287961.41800077
"500","DE","15-34",2024-10-31,2024-11-17,3,"quantile",0.25,319936.452584908
"501","DE","15-34",2024-10-31,2024-11-17,3,"quantile",0.5,357974.735194487
"502","DE","15-34",2024-10-31,2024-11-17,3,"quantile",0.75,401990.568207123
"503","DE","15-34",2024-10-31,2024-11-17,3,"quantile",0.9,445898.997857437
"504","DE","15-34",2024-10-31,2024-11-17,3,"quantile",0.975,498729.200821855
"505","DE","15-34",2024-10-31,2024-11-24,4,"mean",NA,368122.746305566
"506","DE","15-34",2024-10-31,2024-11-24,4,"quantile",0.025,254924.300791008
"507","DE","15-34",2024-10-31,2024-11-24,4,"quantile",0.1,287871.037901681
"508","DE","15-34",2024-10-31,2024-11-24,4,"quantile",0.25,321633.742639618
"509","DE","15-34",2024-10-31,2024-11-24,4,"quantile",0.5,362600.053880234
"510","DE","15-34",2024-10-31,2024-11-24,4,"quantile",0.75,408741.325792407
"511","DE","15-34",2024-10-31,2024-11-24,4,"quantile",0.9,455197.333287979
"512","DE","15-34",2024-10-31,2024-11-24,4,"quantile",0.975,514981.967088915
"513","DE","35-59",2024-10-31,2024-11-03,1,"mean",NA,382327.259895973
"514","DE","35-59",2024-10-31,2024-11-03,1,"quantile",0.025,292180.394792798
"515","DE","35-59",2024-10-31,2024-11-03,1,"quantile",0.1,321338.628520677
"516","DE","35-59",2024-10-31,2024-11-03,1,"quantile",0.25,347987.448369376
"517","DE","35-59",2024-10-31,2024-11-03,1,"quantile",0.5,379922.992281197
"518","DE","35-59",2024-10-31,2024-11-03,1,"quantile",0.75,412775.264110367
"519","DE","35-59",2024-10-31,2024-11-03,1,"quantile",0.9,446280.639510813
"520","DE","35-59",2024-10-31,2024-11-03,1,"quantile",0.975,489907.366113239
"521","DE","35-59",2024-10-31,2024-11-10,2,"mean",NA,465409.750831328
"522","DE","35-59",2024-10-31,2024-11-10,2,"quantile",0.025,329560.906937152
"523","DE","35-59",2024-10-31,2024-11-10,2,"quantile",0.1,369206.201942774
"524","DE","35-59",2024-10-31,2024-11-10,2,"quantile",0.25,410195.048582874
"525","DE","35-59",2024-10-31,2024-11-10,2,"quantile",0.5,458463.608349566
"526","DE","35-59",2024-10-31,2024-11-10,2,"quantile",0.75,513517.13092334
"527","DE","35-59",2024-10-31,2024-11-10,2,"quantile",0.9,568373.323756373
"528","DE","35-59",2024-10-31,2024-11-10,2,"quantile",0.975,636707.827320708
"529","DE","35-59",2024-10-31,2024-11-17,3,"mean",NA,437321.800914829
"530","DE","35-59",2024-10-31,2024-11-17,3,"quantile",0.025,288018.669892791
"531","DE","35-59",2024-10-31,2024-11-17,3,"quantile",0.1,331076.830275231
"532","DE","35-59",2024-10-31,2024-11-17,3,"quantile",0.25,374058.453381592
"533","DE","35-59",2024-10-31,2024-11-17,3,"quantile",0.5,428538.238447511
"534","DE","35-59",2024-10-31,2024-11-17,3,"quantile",0.75,491757.298720115
"535","DE","35-59",2024-10-31,2024-11-17,3,"quantile",0.9,555419.010589661
"536","DE","35-59",2024-10-31,2024-11-17,3,"quantile",0.975,636315.378305051
"537","DE","35-59",2024-10-31,2024-11-24,4,"mean",NA,439691.729366228
"538","DE","35-59",2024-10-31,2024-11-24,4,"quantile",0.025,281283.83196779
"539","DE","35-59",2024-10-31,2024-11-24,4,"quantile",0.1,324158.985118785
"540","DE","35-59",2024-10-31,2024-11-24,4,"quantile",0.25,371348.775450813
"541","DE","35-59",2024-10-31,2024-11-24,4,"quantile",0.5,430466.580627463
"542","DE","35-59",2024-10-31,2024-11-24,4,"quantile",0.75,496773.265459671
"543","DE","35-59",2024-10-31,2024-11-24,4,"quantile",0.9,566138.856003236
"544","DE","35-59",2024-10-31,2024-11-24,4,"quantile",0.975,656254.390048017
"545","DE","60+",2024-10-31,2024-11-03,1,"mean",NA,130569.037050341
"546","DE","60+",2024-10-31,2024-11-03,1,"quantile",0.025,102360.499763713
"547","DE","60+",2024-10-31,2024-11-03,1,"quantile",0.1,110713.110539255
"548","DE","60+",2024-10-31,2024-11-03,1,"quantile",0.25,119061.181991342
"549","DE","60+",2024-10-31,2024-11-03,1,"quantile",0.5,129538.502074612
"550","DE","60+",2024-10-31,2024-11-03,1,"quantile",0.75,140558.690080728
"551","DE","60+",2024-10-31,2024-11-03,1,"quantile",0.9,151929.419043121
"552","DE","60+",2024-10-31,2024-11-03,1,"quantile",0.975,164795.394820953
"553","DE","60+",2024-10-31,2024-11-10,2,"mean",NA,155080.568224726
"554","DE","60+",2024-10-31,2024-11-10,2,"quantile",0.025,110342.389606781
"555","DE","60+",2024-10-31,2024-11-10,2,"quantile",0.1,124515.460233075
"556","DE","60+",2024-10-31,2024-11-10,2,"quantile",0.25,136994.509531479
"557","DE","60+",2024-10-31,2024-11-10,2,"quantile",0.5,153012.578371996
"558","DE","60+",2024-10-31,2024-11-10,2,"quantile",0.75,170595.603675404
"559","DE","60+",2024-10-31,2024-11-10,2,"quantile",0.9,188767.9597173
"560","DE","60+",2024-10-31,2024-11-10,2,"quantile",0.975,211430.478244437
"561","DE","60+",2024-10-31,2024-11-17,3,"mean",NA,139868.816186322
"562","DE","60+",2024-10-31,2024-11-17,3,"quantile",0.025,94630.0134254094
"563","DE","60+",2024-10-31,2024-11-17,3,"quantile",0.1,107232.053539916
"564","DE","60+",2024-10-31,2024-11-17,3,"quantile",0.25,120234.186962642
"565","DE","60+",2024-10-31,2024-11-17,3,"quantile",0.5,137155.432340248
"566","DE","60+",2024-10-31,2024-11-17,3,"quantile",0.75,156863.826512478
"567","DE","60+",2024-10-31,2024-11-17,3,"quantile",0.9,176351.140341186
"568","DE","60+",2024-10-31,2024-11-17,3,"quantile",0.975,200215.54035782
"569","DE","60+",2024-10-31,2024-11-24,4,"mean",NA,134681.873308994
"570","DE","60+",2024-10-31,2024-11-24,4,"quantile",0.025,87353.0271830716
"571","DE","60+",2024-10-31,2024-11-24,4,"quantile",0.1,100530.936519929
"572","DE","60+",2024-10-31,2024-11-24,4,"quantile",0.25,114003.810800779
"573","DE","60+",2024-10-31,2024-11-24,4,"quantile",0.5,131718.344449593
"574","DE","60+",2024-10-31,2024-11-24,4,"quantile",0.75,152075.4008973
"575","DE","60+",2024-10-31,2024-11-24,4,"quantile",0.9,173196.471135937
"576","DE","60+",2024-10-31,2024-11-24,4,"quantile",0.975,198535.119102367
"577","DE","00+",2024-11-07,2024-11-10,1,"mean",NA,1312781.52316028
"578","DE","00+",2024-11-07,2024-11-10,1,"quantile",0.025,1064429.43222974
"579","DE","00+",2024-11-07,2024-11-10,1,"quantile",0.1,1145258.425724
"580","DE","00+",2024-11-07,2024-11-10,1,"quantile",0.25,1218347.11756246
"581","DE","00+",2024-11-07,2024-11-10,1,"quantile",0.5,1305550.48753139
"582","DE","00+",2024-11-07,2024-11-10,1,"quantile",0.75,1400733.61115264
"583","DE","00+",2024-11-07,2024-11-10,1,"quantile",0.9,1489510.14131019
"584","DE","00+",2024-11-07,2024-11-10,1,"quantile",0.975,1598908.00388276
"585","DE","00+",2024-11-07,2024-11-17,2,"mean",NA,1277676.43366559
"586","DE","00+",2024-11-07,2024-11-17,2,"quantile",0.025,969596.423805271
"587","DE","00+",2024-11-07,2024-11-17,2,"quantile",0.1,1066151.51642959
"588","DE","00+",2024-11-07,2024-11-17,2,"quantile",0.25,1156678.64003632
"589","DE","00+",2024-11-07,2024-11-17,2,"quantile",0.5,1267625.14712941
"590","DE","00+",2024-11-07,2024-11-17,2,"quantile",0.75,1386881.78310687
"591","DE","00+",2024-11-07,2024-11-17,2,"quantile",0.9,1508111.99923853
"592","DE","00+",2024-11-07,2024-11-17,2,"quantile",0.975,1644815.11980329
"593","DE","00+",2024-11-07,2024-11-24,3,"mean",NA,1314327.73025666
"594","DE","00+",2024-11-07,2024-11-24,3,"quantile",0.025,955794.25011907
"595","DE","00+",2024-11-07,2024-11-24,3,"quantile",0.1,1059317.65822403
"596","DE","00+",2024-11-07,2024-11-24,3,"quantile",0.25,1167969.96329985
"597","DE","00+",2024-11-07,2024-11-24,3,"quantile",0.5,1297239.04705542
"598","DE","00+",2024-11-07,2024-11-24,3,"quantile",0.75,1443169.60329642
"599","DE","00+",2024-11-07,2024-11-24,3,"quantile",0.9,1587275.65902602
"600","DE","00+",2024-11-07,2024-11-24,3,"quantile",0.975,1771233.97127025
"601","DE","00+",2024-11-07,2024-12-01,4,"mean",NA,1343684.54644043
"602","DE","00+",2024-11-07,2024-12-01,4,"quantile",0.025,953384.012660746
"603","DE","00+",2024-11-07,2024-12-01,4,"quantile",0.1,1061206.0388286
"604","DE","00+",2024-11-07,2024-12-01,4,"quantile",0.25,1180946.03488562
"605","DE","00+",2024-11-07,2024-12-01,4,"quantile",0.5,1325859.99224902
"606","DE","00+",2024-11-07,2024-12-01,4,"quantile",0.75,1489858.5744283
"607","DE","00+",2024-11-07,2024-12-01,4,"quantile",0.9,1642242.49456914
"608","DE","00+",2024-11-07,2024-12-01,4,"quantile",0.975,1831540.6661209
"609","DE","00-04",2024-11-07,2024-11-10,1,"mean",NA,175091.42427639
"610","DE","00-04",2024-11-07,2024-11-10,1,"quantile",0.025,150674.948662061
"611","DE","00-04",2024-11-07,2024-11-10,1,"quantile",0.1,158520.296128005
"612","DE","00-04",2024-11-07,2024-11-10,1,"quantile",0.25,166148.405510902
"613","DE","00-04",2024-11-07,2024-11-10,1,"quantile",0.5,174633.679106276
"614","DE","00-04",2024-11-07,2024-11-10,1,"quantile",0.75,183629.408899302
"615","DE","00-04",2024-11-07,2024-11-10,1,"quantile",0.9,191742.529243429
"616","DE","00-04",2024-11-07,2024-11-10,1,"quantile",0.975,202436.493267916
"617","DE","00-04",2024-11-07,2024-11-17,2,"mean",NA,178699.81418913
"618","DE","00-04",2024-11-07,2024-11-17,2,"quantile",0.025,148885.611315675
"619","DE","00-04",2024-11-07,2024-11-17,2,"quantile",0.1,157983.129553257
"620","DE","00-04",2024-11-07,2024-11-17,2,"quantile",0.25,167325.633122518
"621","DE","00-04",2024-11-07,2024-11-17,2,"quantile",0.5,177748.176019069
"622","DE","00-04",2024-11-07,2024-11-17,2,"quantile",0.75,189448.619091246
"623","DE","00-04",2024-11-07,2024-11-17,2,"quantile",0.9,200010.72227363
"624","DE","00-04",2024-11-07,2024-11-17,2,"quantile",0.975,213471.457284978
"625","DE","00-04",2024-11-07,2024-11-24,3,"mean",NA,197635.429531049
"626","DE","00-04",2024-11-07,2024-11-24,3,"quantile",0.025,158657.528271877
"627","DE","00-04",2024-11-07,2024-11-24,3,"quantile",0.1,171203.267262942
"628","DE","00-04",2024-11-07,2024-11-24,3,"quantile",0.25,182737.577928688
"629","DE","00-04",2024-11-07,2024-11-24,3,"quantile",0.5,196600.623125181
"630","DE","00-04",2024-11-07,2024-11-24,3,"quantile",0.75,211551.396648226
"631","DE","00-04",2024-11-07,2024-11-24,3,"quantile",0.9,225561.776017979
"632","DE","00-04",2024-11-07,2024-11-24,3,"quantile",0.975,241932.759322746
"633","DE","00-04",2024-11-07,2024-12-01,4,"mean",NA,202210.557705069
"634","DE","00-04",2024-11-07,2024-12-01,4,"quantile",0.025,160067.260551386
"635","DE","00-04",2024-11-07,2024-12-01,4,"quantile",0.1,173424.764306166
"636","DE","00-04",2024-11-07,2024-12-01,4,"quantile",0.25,185722.263200654
"637","DE","00-04",2024-11-07,2024-12-01,4,"quantile",0.5,200844.171870432
"638","DE","00-04",2024-11-07,2024-12-01,4,"quantile",0.75,217455.280631128
"639","DE","00-04",2024-11-07,2024-12-01,4,"quantile",0.9,232828.167928242
"640","DE","00-04",2024-11-07,2024-12-01,4,"quantile",0.975,250684.815698079
"641","DE","05-14",2024-11-07,2024-11-10,1,"mean",NA,147002.479439051
"642","DE","05-14",2024-11-07,2024-11-10,1,"quantile",0.025,116538.195735078
"643","DE","05-14",2024-11-07,2024-11-10,1,"quantile",0.1,125822.906475586
"644","DE","05-14",2024-11-07,2024-11-10,1,"quantile",0.25,135126.296860816
"645","DE","05-14",2024-11-07,2024-11-10,1,"quantile",0.5,145846.669108214
"646","DE","05-14",2024-11-07,2024-11-10,1,"quantile",0.75,157759.578242905
"647","DE","05-14",2024-11-07,2024-11-10,1,"quantile",0.9,169349.075212306
"648","DE","05-14",2024-11-07,2024-11-10,1,"quantile",0.975,183686.751327435
"649","DE","05-14",2024-11-07,2024-11-17,2,"mean",NA,159236.372808686
"650","DE","05-14",2024-11-07,2024-11-17,2,"quantile",0.025,116639.149579695
"651","DE","05-14",2024-11-07,2024-11-17,2,"quantile",0.1,129865.568164424
"652","DE","05-14",2024-11-07,2024-11-17,2,"quantile",0.25,142519.504545865
"653","DE","05-14",2024-11-07,2024-11-17,2,"quantile",0.5,157518.647468871
"654","DE","05-14",2024-11-07,2024-11-17,2,"quantile",0.75,174235.912144994
"655","DE","05-14",2024-11-07,2024-11-17,2,"quantile",0.9,191128.816915182
"656","DE","05-14",2024-11-07,2024-11-17,2,"quantile",0.975,210248.315192175
"657","DE","05-14",2024-11-07,2024-11-24,3,"mean",NA,170987.985801282
"658","DE","05-14",2024-11-07,2024-11-24,3,"quantile",0.025,120389.935939549
"659","DE","05-14",2024-11-07,2024-11-24,3,"quantile",0.1,134581.147216078
"660","DE","05-14",2024-11-07,2024-11-24,3,"quantile",0.25,150183.095587996
"661","DE","05-14",2024-11-07,2024-11-24,3,"quantile",0.5,168543.852193618
"662","DE","05-14",2024-11-07,2024-11-24,3,"quantile",0.75,189211.475323579
"663","DE","05-14",2024-11-07,2024-11-24,3,"quantile",0.9,210384.378177418
"664","DE","05-14",2024-11-07,2024-11-24,3,"quantile",0.975,236776.668669909
"665","DE","05-14",2024-11-07,2024-12-01,4,"mean",NA,174228.354760977
"666","DE","05-14",2024-11-07,2024-12-01,4,"quantile",0.025,120164.712229231
"667","DE","05-14",2024-11-07,2024-12-01,4,"quantile",0.1,135276.846239912
"668","DE","05-14",2024-11-07,2024-12-01,4,"quantile",0.25,151348.725412237
"669","DE","05-14",2024-11-07,2024-12-01,4,"quantile",0.5,171748.570708391
"670","DE","05-14",2024-11-07,2024-12-01,4,"quantile",0.75,194292.649029315
"671","DE","05-14",2024-11-07,2024-12-01,4,"quantile",0.9,215957.643326137
"672","DE","05-14",2024-11-07,2024-12-01,4,"quantile",0.975,243708.542867664
"673","DE","15-34",2024-11-07,2024-11-10,1,"mean",NA,375897.494325754
"674","DE","15-34",2024-11-07,2024-11-10,1,"quantile",0.025,294905.530096122
"675","DE","15-34",2024-11-07,2024-11-10,1,"quantile",0.1,320163.813032893
"676","DE","15-34",2024-11-07,2024-11-10,1,"quantile",0.25,344856.949413243
"677","DE","15-34",2024-11-07,2024-11-10,1,"quantile",0.5,373042.220122497
"678","DE","15-34",2024-11-07,2024-11-10,1,"quantile",0.75,404628.082701942
"679","DE","15-34",2024-11-07,2024-11-10,1,"quantile",0.9,433720.620026885
"680","DE","15-34",2024-11-07,2024-11-10,1,"quantile",0.975,471638.950366576
"681","DE","15-34",2024-11-07,2024-11-17,2,"mean",NA,359254.546650638
"682","DE","15-34",2024-11-07,2024-11-17,2,"quantile",0.025,266745.869801359
"683","DE","15-34",2024-11-07,2024-11-17,2,"quantile",0.1,294530.296073273
"684","DE","15-34",2024-11-07,2024-11-17,2,"quantile",0.25,322134.419801844
"685","DE","15-34",2024-11-07,2024-11-17,2,"quantile",0.5,355316.362198694
"686","DE","15-34",2024-11-07,2024-11-17,2,"quantile",0.75,392472.721147821
"687","DE","15-34",2024-11-07,2024-11-17,2,"quantile",0.9,428476.330103215
"688","DE","15-34",2024-11-07,2024-11-17,2,"quantile",0.975,475024.954181725
"689","DE","15-34",2024-11-07,2024-11-24,3,"mean",NA,365739.608982569
"690","DE","15-34",2024-11-07,2024-11-24,3,"quantile",0.025,256978.472564631
"691","DE","15-34",2024-11-07,2024-11-24,3,"quantile",0.1,291000.630640031
"692","DE","15-34",2024-11-07,2024-11-24,3,"quantile",0.25,321306.189691493
"693","DE","15-34",2024-11-07,2024-11-24,3,"quantile",0.5,361134.953470229
"694","DE","15-34",2024-11-07,2024-11-24,3,"quantile",0.75,404727.703440147
"695","DE","15-34",2024-11-07,2024-11-24,3,"quantile",0.9,447951.637444249
"696","DE","15-34",2024-11-07,2024-11-24,3,"quantile",0.975,500511.750969929
"697","DE","15-34",2024-11-07,2024-12-01,4,"mean",NA,375890.939821341
"698","DE","15-34",2024-11-07,2024-12-01,4,"quantile",0.025,260516.815002923
"699","DE","15-34",2024-11-07,2024-12-01,4,"quantile",0.1,294671.378946159
"700","DE","15-34",2024-11-07,2024-12-01,4,"quantile",0.25,327733.146260337
"701","DE","15-34",2024-11-07,2024-12-01,4,"quantile",0.5,369951.9156512
"702","DE","15-34",2024-11-07,2024-12-01,4,"quantile",0.75,419002.211995036
"703","DE","15-34",2024-11-07,2024-12-01,4,"quantile",0.9,464816.456644305
"704","DE","15-34",2024-11-07,2024-12-01,4,"quantile",0.975,521864.462103945
"705","DE","35-59",2024-11-07,2024-11-10,1,"mean",NA,477723.89509889
"706","DE","35-59",2024-11-07,2024-11-10,1,"quantile",0.025,368945.468037607
"707","DE","35-59",2024-11-07,2024-11-10,1,"quantile",0.1,403809.881695853
"708","DE","35-59",2024-11-07,2024-11-10,1,"quantile",0.25,435049.325209462
"709","DE","35-59",2024-11-07,2024-11-10,1,"quantile",0.5,473438.014064013
"710","DE","35-59",2024-11-07,2024-11-10,1,"quantile",0.75,516083.520763032
"711","DE","35-59",2024-11-07,2024-11-10,1,"quantile",0.9,556701.196011008
"712","DE","35-59",2024-11-07,2024-11-10,1,"quantile",0.975,606737.404828491
"713","DE","35-59",2024-11-07,2024-11-17,2,"mean",NA,449736.773061893
"714","DE","35-59",2024-11-07,2024-11-17,2,"quantile",0.025,319179.08168854
"715","DE","35-59",2024-11-07,2024-11-17,2,"quantile",0.1,358089.119138913
"716","DE","35-59",2024-11-07,2024-11-17,2,"quantile",0.25,396762.455071826
"717","DE","35-59",2024-11-07,2024-11-17,2,"quantile",0.5,444056.046671689
"718","DE","35-59",2024-11-07,2024-11-17,2,"quantile",0.75,495834.548792293
"719","DE","35-59",2024-11-07,2024-11-17,2,"quantile",0.9,550388.537571447
"720","DE","35-59",2024-11-07,2024-11-17,2,"quantile",0.975,610453.173060839
"721","DE","35-59",2024-11-07,2024-11-24,3,"mean",NA,449847.133969222
"722","DE","35-59",2024-11-07,2024-11-24,3,"quantile",0.025,301397.924095224
"723","DE","35-59",2024-11-07,2024-11-24,3,"quantile",0.1,342350.711911097
"724","DE","35-59",2024-11-07,2024-11-24,3,"quantile",0.25,386598.429087626
"725","DE","35-59",2024-11-07,2024-11-24,3,"quantile",0.5,440938.809955549
"726","DE","35-59",2024-11-07,2024-11-24,3,"quantile",0.75,504258.279523041
"727","DE","35-59",2024-11-07,2024-11-24,3,"quantile",0.9,566964.495208549
"728","DE","35-59",2024-11-07,2024-11-24,3,"quantile",0.975,651549.191401318
"729","DE","35-59",2024-11-07,2024-12-01,4,"mean",NA,459327.847229829
"730","DE","35-59",2024-11-07,2024-12-01,4,"quantile",0.025,298165.885235642
"731","DE","35-59",2024-11-07,2024-12-01,4,"quantile",0.1,340233.046604634
"732","DE","35-59",2024-11-07,2024-12-01,4,"quantile",0.25,388304.405806917
"733","DE","35-59",2024-11-07,2024-12-01,4,"quantile",0.5,450441.567899516
"734","DE","35-59",2024-11-07,2024-12-01,4,"quantile",0.75,520496.200570061
"735","DE","35-59",2024-11-07,2024-12-01,4,"quantile",0.9,590009.79660256
"736","DE","35-59",2024-11-07,2024-12-01,4,"quantile",0.975,673831.924077589
"737","DE","60+",2024-11-07,2024-11-10,1,"mean",NA,159934.561629993
"738","DE","60+",2024-11-07,2024-11-10,1,"quantile",0.025,124876.991567443
"739","DE","60+",2024-11-07,2024-11-10,1,"quantile",0.1,135373.856255051
"740","DE","60+",2024-11-07,2024-11-10,1,"quantile",0.25,146165.704376937
"741","DE","60+",2024-11-07,2024-11-10,1,"quantile",0.5,158766.832241535
"742","DE","60+",2024-11-07,2024-11-10,1,"quantile",0.75,172386.87341192
"743","DE","60+",2024-11-07,2024-11-10,1,"quantile",0.9,185055.681378439
"744","DE","60+",2024-11-07,2024-11-10,1,"quantile",0.975,202852.653737101
"745","DE","60+",2024-11-07,2024-11-17,2,"mean",NA,144389.603159352
"746","DE","60+",2024-11-07,2024-11-17,2,"quantile",0.025,104174.092708464
"747","DE","60+",2024-11-07,2024-11-17,2,"quantile",0.1,115976.180773642
"748","DE","60+",2024-11-07,2024-11-17,2,"quantile",0.25,127948.24483199
"749","DE","60+",2024-11-07,2024-11-17,2,"quantile",0.5,142551.86368477
"750","DE","60+",2024-11-07,2024-11-17,2,"quantile",0.75,159015.503198145
"751","DE","60+",2024-11-07,2024-11-17,2,"quantile",0.9,174451.280197709
"752","DE","60+",2024-11-07,2024-11-17,2,"quantile",0.975,195623.206996676
"753","DE","60+",2024-11-07,2024-11-24,3,"mean",NA,138663.765586214
"754","DE","60+",2024-11-07,2024-11-24,3,"quantile",0.025,92920.4011926834
"755","DE","60+",2024-11-07,2024-11-24,3,"quantile",0.1,106340.919861311
"756","DE","60+",2024-11-07,2024-11-24,3,"quantile",0.25,119508.673543818
"757","DE","60+",2024-11-07,2024-11-24,3,"quantile",0.5,136303.519010734
"758","DE","60+",2024-11-07,2024-11-24,3,"quantile",0.75,155474.990119204
"759","DE","60+",2024-11-07,2024-11-24,3,"quantile",0.9,173746.998679434
"760","DE","60+",2024-11-07,2024-11-24,3,"quantile",0.975,196749.219990779
"761","DE","60+",2024-11-07,2024-12-01,4,"mean",NA,138139.591331259
"762","DE","60+",2024-11-07,2024-12-01,4,"quantile",0.025,90120.7580376992
"763","DE","60+",2024-11-07,2024-12-01,4,"quantile",0.1,103958.448925163
"764","DE","60+",2024-11-07,2024-12-01,4,"quantile",0.25,117219.624500671
"765","DE","60+",2024-11-07,2024-12-01,4,"quantile",0.5,135074.718594552
"766","DE","60+",2024-11-07,2024-12-01,4,"quantile",0.75,155647.084261255
"767","DE","60+",2024-11-07,2024-12-01,4,"quantile",0.9,176570.575673242
"768","DE","60+",2024-11-07,2024-12-01,4,"quantile",0.975,201170.941667621
"769","DE","00+",2024-11-14,2024-11-17,1,"mean",NA,1394642.83124002
"770","DE","00+",2024-11-14,2024-11-17,1,"quantile",0.025,1136810.95982952
"771","DE","00+",2024-11-14,2024-11-17,1,"quantile",0.1,1216264.70467994
"772","DE","00+",2024-11-14,2024-11-17,1,"quantile",0.25,1293334.96194516
"773","DE","00+",2024-11-14,2024-11-17,1,"quantile",0.5,1388069.25556902
"774","DE","00+",2024-11-14,2024-11-17,1,"quantile",0.75,1487444.17300514
"775","DE","00+",2024-11-14,2024-11-17,1,"quantile",0.9,1578428.56167542
"776","DE","00+",2024-11-14,2024-11-17,1,"quantile",0.975,1692277.9016922
"777","DE","00+",2024-11-14,2024-11-24,2,"mean",NA,1434572.9206915
"778","DE","00+",2024-11-14,2024-11-24,2,"quantile",0.025,1094846.92444801
"779","DE","00+",2024-11-14,2024-11-24,2,"quantile",0.1,1199278.16546959
"780","DE","00+",2024-11-14,2024-11-24,2,"quantile",0.25,1304321.67948012
"781","DE","00+",2024-11-14,2024-11-24,2,"quantile",0.5,1424194.90724741
"782","DE","00+",2024-11-14,2024-11-24,2,"quantile",0.75,1554054.42172786
"783","DE","00+",2024-11-14,2024-11-24,2,"quantile",0.9,1678868.16130357
"784","DE","00+",2024-11-14,2024-11-24,2,"quantile",0.975,1842738.73892194
"785","DE","00+",2024-11-14,2024-12-01,3,"mean",NA,1439596.56164558
"786","DE","00+",2024-11-14,2024-12-01,3,"quantile",0.025,1054043.30792545
"787","DE","00+",2024-11-14,2024-12-01,3,"quantile",0.1,1168676.84475488
"788","DE","00+",2024-11-14,2024-12-01,3,"quantile",0.25,1279857.40150827
"789","DE","00+",2024-11-14,2024-12-01,3,"quantile",0.5,1426117.05539248
"790","DE","00+",2024-11-14,2024-12-01,3,"quantile",0.75,1576180.84084362
"791","DE","00+",2024-11-14,2024-12-01,3,"quantile",0.9,1725532.77700982
"792","DE","00+",2024-11-14,2024-12-01,3,"quantile",0.975,1922630.57692644
"793","DE","00+",2024-11-14,2024-12-08,4,"mean",NA,1483695.95369038
"794","DE","00+",2024-11-14,2024-12-08,4,"quantile",0.025,1056705.76424421
"795","DE","00+",2024-11-14,2024-12-08,4,"quantile",0.1,1184599.46119313
"796","DE","00+",2024-11-14,2024-12-08,4,"quantile",0.25,1311516.87885081
"797","DE","00+",2024-11-14,2024-12-08,4,"quantile",0.5,1463106.62266902
"798","DE","00+",2024-11-14,2024-12-08,4,"quantile",0.75,1634163.29962993
"799","DE","00+",2024-11-14,2024-12-08,4,"quantile",0.9,1808935.70413936
"800","DE","00+",2024-11-14,2024-12-08,4,"quantile",0.975,2035227.70778937
"801","DE","00-04",2024-11-14,2024-11-17,1,"mean",NA,184061.098698825
"802","DE","00-04",2024-11-14,2024-11-17,1,"quantile",0.025,158456.418788641
"803","DE","00-04",2024-11-14,2024-11-17,1,"quantile",0.1,167011.019476819
"804","DE","00-04",2024-11-14,2024-11-17,1,"quantile",0.25,174512.09988223
"805","DE","00-04",2024-11-14,2024-11-17,1,"quantile",0.5,183499.096870892
"806","DE","00-04",2024-11-14,2024-11-17,1,"quantile",0.75,193223.737421957
"807","DE","00-04",2024-11-14,2024-11-17,1,"quantile",0.9,202184.29560525
"808","DE","00-04",2024-11-14,2024-11-17,1,"quantile",0.975,212624.38246453
"809","DE","00-04",2024-11-14,2024-11-24,2,"mean",NA,203272.539276648
"810","DE","00-04",2024-11-14,2024-11-24,2,"quantile",0.025,169196.638305134
"811","DE","00-04",2024-11-14,2024-11-24,2,"quantile",0.1,179520.980564879
"812","DE","00-04",2024-11-14,2024-11-24,2,"quantile",0.25,189998.143211534
"813","DE","00-04",2024-11-14,2024-11-24,2,"quantile",0.5,202613.487332957
"814","DE","00-04",2024-11-14,2024-11-24,2,"quantile",0.75,215226.141141234
"815","DE","00-04",2024-11-14,2024-11-24,2,"quantile",0.9,227821.708527766
"816","DE","00-04",2024-11-14,2024-11-24,2,"quantile",0.975,242843.7058686
"817","DE","00-04",2024-11-14,2024-12-01,3,"mean",NA,206396.557605397
"818","DE","00-04",2024-11-14,2024-12-01,3,"quantile",0.025,167233.900844574
"819","DE","00-04",2024-11-14,2024-12-01,3,"quantile",0.1,179402.061217213
"820","DE","00-04",2024-11-14,2024-12-01,3,"quantile",0.25,191328.422154171
"821","DE","00-04",2024-11-14,2024-12-01,3,"quantile",0.5,205183.72717789
"822","DE","00-04",2024-11-14,2024-12-01,3,"quantile",0.75,220537.646062358
"823","DE","00-04",2024-11-14,2024-12-01,3,"quantile",0.9,235840.289980932
"824","DE","00-04",2024-11-14,2024-12-01,3,"quantile",0.975,251491.207765103
"825","DE","00-04",2024-11-14,2024-12-08,4,"mean",NA,209266.726285241
"826","DE","00-04",2024-11-14,2024-12-08,4,"quantile",0.025,165244.981784339
"827","DE","00-04",2024-11-14,2024-12-08,4,"quantile",0.1,179688.345567959
"828","DE","00-04",2024-11-14,2024-12-08,4,"quantile",0.25,193270.294357932
"829","DE","00-04",2024-11-14,2024-12-08,4,"quantile",0.5,208013.761814071
"830","DE","00-04",2024-11-14,2024-12-08,4,"quantile",0.75,224714.974656754
"831","DE","00-04",2024-11-14,2024-12-08,4,"quantile",0.9,240603.574983152
"832","DE","00-04",2024-11-14,2024-12-08,4,"quantile",0.975,258928.433916912
"833","DE","05-14",2024-11-14,2024-11-17,1,"mean",NA,174079.818686215
"834","DE","05-14",2024-11-14,2024-11-17,1,"quantile",0.025,138244.704770758
"835","DE","05-14",2024-11-14,2024-11-17,1,"quantile",0.1,149344.985258817
"836","DE","05-14",2024-11-14,2024-11-17,1,"quantile",0.25,159978.06583467
"837","DE","05-14",2024-11-14,2024-11-17,1,"quantile",0.5,172928.861705412
"838","DE","05-14",2024-11-14,2024-11-17,1,"quantile",0.75,186901.923881155
"839","DE","05-14",2024-11-14,2024-11-17,1,"quantile",0.9,199981.037503565
"840","DE","05-14",2024-11-14,2024-11-17,1,"quantile",0.975,216367.353388752
"841","DE","05-14",2024-11-14,2024-11-24,2,"mean",NA,186088.450956252
"842","DE","05-14",2024-11-14,2024-11-24,2,"quantile",0.025,137984.546395359
"843","DE","05-14",2024-11-14,2024-11-24,2,"quantile",0.1,152312.340287957
"844","DE","05-14",2024-11-14,2024-11-24,2,"quantile",0.25,167309.167803279
"845","DE","05-14",2024-11-14,2024-11-24,2,"quantile",0.5,184407.415730871
"846","DE","05-14",2024-11-14,2024-11-24,2,"quantile",0.75,203257.639724177
"847","DE","05-14",2024-11-14,2024-11-24,2,"quantile",0.9,221425.993634433
"848","DE","05-14",2024-11-14,2024-11-24,2,"quantile",0.975,245173.473179466
"849","DE","05-14",2024-11-14,2024-12-01,3,"mean",NA,185498.772176632
"850","DE","05-14",2024-11-14,2024-12-01,3,"quantile",0.025,131511.875165154
"851","DE","05-14",2024-11-14,2024-12-01,3,"quantile",0.1,147885.642963022
"852","DE","05-14",2024-11-14,2024-12-01,3,"quantile",0.25,163097.717942035
"853","DE","05-14",2024-11-14,2024-12-01,3,"quantile",0.5,183210.48887119
"854","DE","05-14",2024-11-14,2024-12-01,3,"quantile",0.75,204519.143975011
"855","DE","05-14",2024-11-14,2024-12-01,3,"quantile",0.9,226339.294660549
"856","DE","05-14",2024-11-14,2024-12-01,3,"quantile",0.975,253772.202548433
"857","DE","05-14",2024-11-14,2024-12-08,4,"mean",NA,183056.862508521
"858","DE","05-14",2024-11-14,2024-12-08,4,"quantile",0.025,127734.842600512
"859","DE","05-14",2024-11-14,2024-12-08,4,"quantile",0.1,143664.039617313
"860","DE","05-14",2024-11-14,2024-12-08,4,"quantile",0.25,160003.308477185
"861","DE","05-14",2024-11-14,2024-12-08,4,"quantile",0.5,180507.344482547
"862","DE","05-14",2024-11-14,2024-12-08,4,"quantile",0.75,202499.381645969
"863","DE","05-14",2024-11-14,2024-12-08,4,"quantile",0.9,225892.214248644
"864","DE","05-14",2024-11-14,2024-12-08,4,"quantile",0.975,256237.307970584
"865","DE","15-34",2024-11-14,2024-11-17,1,"mean",NA,408194.758213132
"866","DE","15-34",2024-11-14,2024-11-17,1,"quantile",0.025,320417.621098169
"867","DE","15-34",2024-11-14,2024-11-17,1,"quantile",0.1,349016.694995793
"868","DE","15-34",2024-11-14,2024-11-17,1,"quantile",0.25,374138.096241094
"869","DE","15-34",2024-11-14,2024-11-17,1,"quantile",0.5,405212.335406135
"870","DE","15-34",2024-11-14,2024-11-17,1,"quantile",0.75,439492.691626186
"871","DE","15-34",2024-11-14,2024-11-17,1,"quantile",0.9,472890.835919833
"872","DE","15-34",2024-11-14,2024-11-17,1,"quantile",0.975,511880.631635762
"873","DE","15-34",2024-11-14,2024-11-24,2,"mean",NA,412251.883599084
"874","DE","15-34",2024-11-14,2024-11-24,2,"quantile",0.025,307707.330463757
"875","DE","15-34",2024-11-14,2024-11-24,2,"quantile",0.1,336886.129332829
"876","DE","15-34",2024-11-14,2024-11-24,2,"quantile",0.25,369143.465623771
"877","DE","15-34",2024-11-14,2024-11-24,2,"quantile",0.5,408688.44415795
"878","DE","15-34",2024-11-14,2024-11-24,2,"quantile",0.75,449177.567673646
"879","DE","15-34",2024-11-14,2024-11-24,2,"quantile",0.9,492534.253078018
"880","DE","15-34",2024-11-14,2024-11-24,2,"quantile",0.975,545680.637395603
"881","DE","15-34",2024-11-14,2024-12-01,3,"mean",NA,411316.42535439
"882","DE","15-34",2024-11-14,2024-12-01,3,"quantile",0.025,293844.929594603
"883","DE","15-34",2024-11-14,2024-12-01,3,"quantile",0.1,328160.219205894
"884","DE","15-34",2024-11-14,2024-12-01,3,"quantile",0.25,363421.032569026
"885","DE","15-34",2024-11-14,2024-12-01,3,"quantile",0.5,405511.112642329
"886","DE","15-34",2024-11-14,2024-12-01,3,"quantile",0.75,454036.403547324
"887","DE","15-34",2024-11-14,2024-12-01,3,"quantile",0.9,503245.923151433
"888","DE","15-34",2024-11-14,2024-12-01,3,"quantile",0.975,555396.526222839
"889","DE","15-34",2024-11-14,2024-12-08,4,"mean",NA,427903.714116463
"890","DE","15-34",2024-11-14,2024-12-08,4,"quantile",0.025,294544.792201914
"891","DE","15-34",2024-11-14,2024-12-08,4,"quantile",0.1,335990.355252091
"892","DE","15-34",2024-11-14,2024-12-08,4,"quantile",0.25,376292.022517432
"893","DE","15-34",2024-11-14,2024-12-08,4,"quantile",0.5,420973.48312641
"894","DE","15-34",2024-11-14,2024-12-08,4,"quantile",0.75,474875.653902469
"895","DE","15-34",2024-11-14,2024-12-08,4,"quantile",0.9,528837.538709661
"896","DE","15-34",2024-11-14,2024-12-08,4,"quantile",0.975,590164.806086322
"897","DE","35-59",2024-11-14,2024-11-17,1,"mean",NA,485416.422147931
"898","DE","35-59",2024-11-14,2024-11-17,1,"quantile",0.025,377527.452458811
"899","DE","35-59",2024-11-14,2024-11-17,1,"quantile",0.1,411032.463354166
"900","DE","35-59",2024-11-14,2024-11-17,1,"quantile",0.25,442034.144702551
"901","DE","35-59",2024-11-14,2024-11-17,1,"quantile",0.5,482228.934171881
"902","DE","35-59",2024-11-14,2024-11-17,1,"quantile",0.75,524203.354436885
"903","DE","35-59",2024-11-14,2024-11-17,1,"quantile",0.9,563860.923903054
"904","DE","35-59",2024-11-14,2024-11-17,1,"quantile",0.975,612938.012768716
"905","DE","35-59",2024-11-14,2024-11-24,2,"mean",NA,486385.005298914
"906","DE","35-59",2024-11-14,2024-11-24,2,"quantile",0.025,347688.629132277
"907","DE","35-59",2024-11-14,2024-11-24,2,"quantile",0.1,388655.066608724
"908","DE","35-59",2024-11-14,2024-11-24,2,"quantile",0.25,431121.743366967
"909","DE","35-59",2024-11-14,2024-11-24,2,"quantile",0.5,481234.672017653
"910","DE","35-59",2024-11-14,2024-11-24,2,"quantile",0.75,536389.90569898
"911","DE","35-59",2024-11-14,2024-11-24,2,"quantile",0.9,589464.175232949
"912","DE","35-59",2024-11-14,2024-11-24,2,"quantile",0.975,659701.185144299
"913","DE","35-59",2024-11-14,2024-12-01,3,"mean",NA,488945.551972528
"914","DE","35-59",2024-11-14,2024-12-01,3,"quantile",0.025,330124.73122074
"915","DE","35-59",2024-11-14,2024-12-01,3,"quantile",0.1,375186.433549652
"916","DE","35-59",2024-11-14,2024-12-01,3,"quantile",0.25,420645.492522068
"917","DE","35-59",2024-11-14,2024-12-01,3,"quantile",0.5,481967.58336323
"918","DE","35-59",2024-11-14,2024-12-01,3,"quantile",0.75,545511.68865778
"919","DE","35-59",2024-11-14,2024-12-01,3,"quantile",0.9,610785.480354539
"920","DE","35-59",2024-11-14,2024-12-01,3,"quantile",0.975,697125.666431187
"921","DE","35-59",2024-11-14,2024-12-08,4,"mean",NA,509189.249840961
"922","DE","35-59",2024-11-14,2024-12-08,4,"quantile",0.025,331494.785116432
"923","DE","35-59",2024-11-14,2024-12-08,4,"quantile",0.1,382431.64293171
"924","DE","35-59",2024-11-14,2024-12-08,4,"quantile",0.25,434454.41340609
"925","DE","35-59",2024-11-14,2024-12-08,4,"quantile",0.5,498235.007091301
"926","DE","35-59",2024-11-14,2024-12-08,4,"quantile",0.75,571638.444616613
"927","DE","35-59",2024-11-14,2024-12-08,4,"quantile",0.9,649414.507155957
"928","DE","35-59",2024-11-14,2024-12-08,4,"quantile",0.975,754902.627324198
"929","DE","60+",2024-11-14,2024-11-17,1,"mean",NA,152528.65633331
"930","DE","60+",2024-11-14,2024-11-17,1,"quantile",0.025,119258.031910163
"931","DE","60+",2024-11-14,2024-11-17,1,"quantile",0.1,129462.057506865
"932","DE","60+",2024-11-14,2024-11-17,1,"quantile",0.25,139180.776731109
"933","DE","60+",2024-11-14,2024-11-17,1,"quantile",0.5,151223.165847975
"934","DE","60+",2024-11-14,2024-11-17,1,"quantile",0.75,164534.653820197
"935","DE","60+",2024-11-14,2024-11-17,1,"quantile",0.9,177279.188834922
"936","DE","60+",2024-11-14,2024-11-17,1,"quantile",0.975,192666.27655731
"937","DE","60+",2024-11-14,2024-11-24,2,"mean",NA,146222.712580066
"938","DE","60+",2024-11-14,2024-11-24,2,"quantile",0.025,105913.761323834
"939","DE","60+",2024-11-14,2024-11-24,2,"quantile",0.1,117318.222309713
"940","DE","60+",2024-11-14,2024-11-24,2,"quantile",0.25,129440.240979189
"941","DE","60+",2024-11-14,2024-11-24,2,"quantile",0.5,144336.090827713
"942","DE","60+",2024-11-14,2024-11-24,2,"quantile",0.75,160738.207208104
"943","DE","60+",2024-11-14,2024-11-24,2,"quantile",0.9,177298.988762535
"944","DE","60+",2024-11-14,2024-11-24,2,"quantile",0.975,197346.468337232
"945","DE","60+",2024-11-14,2024-12-01,3,"mean",NA,143750.00771905
"946","DE","60+",2024-11-14,2024-12-01,3,"quantile",0.025,98275.3223091525
"947","DE","60+",2024-11-14,2024-12-01,3,"quantile",0.1,110912.963849519
"948","DE","60+",2024-11-14,2024-12-01,3,"quantile",0.25,124669.926351196
"949","DE","60+",2024-11-14,2024-12-01,3,"quantile",0.5,141039.52033028
"950","DE","60+",2024-11-14,2024-12-01,3,"quantile",0.75,160423.942798917
"951","DE","60+",2024-11-14,2024-12-01,3,"quantile",0.9,180216.301357193
"952","DE","60+",2024-11-14,2024-12-01,3,"quantile",0.975,202604.233818058
"953","DE","60+",2024-11-14,2024-12-08,4,"mean",NA,153278.702617181
"954","DE","60+",2024-11-14,2024-12-08,4,"quantile",0.025,99371.0328620591
"955","DE","60+",2024-11-14,2024-12-08,4,"quantile",0.1,115526.458777304
"956","DE","60+",2024-11-14,2024-12-08,4,"quantile",0.25,131390.265080011
"957","DE","60+",2024-11-14,2024-12-08,4,"quantile",0.5,150467.984581684
"958","DE","60+",2024-11-14,2024-12-08,4,"quantile",0.75,172197.699173733
"959","DE","60+",2024-11-14,2024-12-08,4,"quantile",0.9,194757.452639573
"960","DE","60+",2024-11-14,2024-12-08,4,"quantile",0.975,222537.023052199
"961","DE","00+",2024-11-21,2024-11-24,1,"mean",NA,1411151.97974922
"962","DE","00+",2024-11-21,2024-11-24,1,"quantile",0.025,1143440.98929885
"963","DE","00+",2024-11-21,2024-11-24,1,"quantile",0.1,1228782.75736893
"964","DE","00+",2024-11-21,2024-11-24,1,"quantile",0.25,1308137.47911883
"965","DE","00+",2024-11-21,2024-11-24,1,"quantile",0.5,1402033.65398652
"966","DE","00+",2024-11-21,2024-11-24,1,"quantile",0.75,1505045.96824536
"967","DE","00+",2024-11-21,2024-11-24,1,"quantile",0.9,1601746.56979949
"968","DE","00+",2024-11-21,2024-11-24,1,"quantile",0.975,1721290.33380158
"969","DE","00+",2024-11-21,2024-12-01,2,"mean",NA,1413933.7889879
"970","DE","00+",2024-11-21,2024-12-01,2,"quantile",0.025,1081100.36398756
"971","DE","00+",2024-11-21,2024-12-01,2,"quantile",0.1,1180632.38329052
"972","DE","00+",2024-11-21,2024-12-01,2,"quantile",0.25,1280621.08984415
"973","DE","00+",2024-11-21,2024-12-01,2,"quantile",0.5,1405899.57102378
"974","DE","00+",2024-11-21,2024-12-01,2,"quantile",0.75,1531303.90516124
"975","DE","00+",2024-11-21,2024-12-01,2,"quantile",0.9,1663082.8048863
"976","DE","00+",2024-11-21,2024-12-01,2,"quantile",0.975,1818651.87186833
"977","DE","00+",2024-11-21,2024-12-08,3,"mean",NA,1463163.82847807
"978","DE","00+",2024-11-21,2024-12-08,3,"quantile",0.025,1063040.74667063
"979","DE","00+",2024-11-21,2024-12-08,3,"quantile",0.1,1185478.52479316
"980","DE","00+",2024-11-21,2024-12-08,3,"quantile",0.25,1304999.83005703
"981","DE","00+",2024-11-21,2024-12-08,3,"quantile",0.5,1446415.34410186
"982","DE","00+",2024-11-21,2024-12-08,3,"quantile",0.75,1603287.2670839
"983","DE","00+",2024-11-21,2024-12-08,3,"quantile",0.9,1761833.82620103
"984","DE","00+",2024-11-21,2024-12-08,3,"quantile",0.975,1950014.71919263
"985","DE","00+",2024-11-21,2024-12-15,4,"mean",NA,1525352.6181186
"986","DE","00+",2024-11-21,2024-12-15,4,"quantile",0.025,1089125.31886078
"987","DE","00+",2024-11-21,2024-12-15,4,"quantile",0.1,1213227.13416427
"988","DE","00+",2024-11-21,2024-12-15,4,"quantile",0.25,1342488.0959556
"989","DE","00+",2024-11-21,2024-12-15,4,"quantile",0.5,1502688.79888439
"990","DE","00+",2024-11-21,2024-12-15,4,"quantile",0.75,1685854.04337756
"991","DE","00+",2024-11-21,2024-12-15,4,"quantile",0.9,1869921.90410009
"992","DE","00+",2024-11-21,2024-12-15,4,"quantile",0.975,2074161.98792959
"993","DE","00-04",2024-11-21,2024-11-24,1,"mean",NA,210541.800669141
"994","DE","00-04",2024-11-21,2024-11-24,1,"quantile",0.025,181542.734083334
"995","DE","00-04",2024-11-21,2024-11-24,1,"quantile",0.1,191451.485713665
"996","DE","00-04",2024-11-21,2024-11-24,1,"quantile",0.25,200073.625453215
"997","DE","00-04",2024-11-21,2024-11-24,1,"quantile",0.5,209914.748501902
"998","DE","00-04",2024-11-21,2024-11-24,1,"quantile",0.75,220337.337775634
"999","DE","00-04",2024-11-21,2024-11-24,1,"quantile",0.9,230707.160948164
"1000","DE","00-04",2024-11-21,2024-11-24,1,"quantile",0.975,242486.704515963
"1001","DE","00-04",2024-11-21,2024-12-01,2,"mean",NA,213554.938981954
"1002","DE","00-04",2024-11-21,2024-12-01,2,"quantile",0.025,176363.691946675
"1003","DE","00-04",2024-11-21,2024-12-01,2,"quantile",0.1,188798.683279175
"1004","DE","00-04",2024-11-21,2024-12-01,2,"quantile",0.25,199939.047816267
"1005","DE","00-04",2024-11-21,2024-12-01,2,"quantile",0.5,212762.150280762
"1006","DE","00-04",2024-11-21,2024-12-01,2,"quantile",0.75,226289.491017819
"1007","DE","00-04",2024-11-21,2024-12-01,2,"quantile",0.9,239421.142144555
"1008","DE","00-04",2024-11-21,2024-12-01,2,"quantile",0.975,255304.67379323
"1009","DE","00-04",2024-11-21,2024-12-08,3,"mean",NA,214523.165112203
"1010","DE","00-04",2024-11-21,2024-12-08,3,"quantile",0.025,173230.004886083
"1011","DE","00-04",2024-11-21,2024-12-08,3,"quantile",0.1,186052.416405129
"1012","DE","00-04",2024-11-21,2024-12-08,3,"quantile",0.25,198828.499042362
"1013","DE","00-04",2024-11-21,2024-12-08,3,"quantile",0.5,213132.290846891
"1014","DE","00-04",2024-11-21,2024-12-08,3,"quantile",0.75,229160.937877669
"1015","DE","00-04",2024-11-21,2024-12-08,3,"quantile",0.9,244081.481536155
"1016","DE","00-04",2024-11-21,2024-12-08,3,"quantile",0.975,261938.783417805
"1017","DE","00-04",2024-11-21,2024-12-15,4,"mean",NA,232984.102699957
"1018","DE","00-04",2024-11-21,2024-12-15,4,"quantile",0.025,185564.783471572
"1019","DE","00-04",2024-11-21,2024-12-15,4,"quantile",0.1,199643.222604406
"1020","DE","00-04",2024-11-21,2024-12-15,4,"quantile",0.25,214239.971622472
"1021","DE","00-04",2024-11-21,2024-12-15,4,"quantile",0.5,231465.114697462
"1022","DE","00-04",2024-11-21,2024-12-15,4,"quantile",0.75,250242.624750453
"1023","DE","00-04",2024-11-21,2024-12-15,4,"quantile",0.9,267486.244460646
"1024","DE","00-04",2024-11-21,2024-12-15,4,"quantile",0.975,288610.683810602
"1025","DE","05-14",2024-11-21,2024-11-24,1,"mean",NA,191443.631875508
"1026","DE","05-14",2024-11-21,2024-11-24,1,"quantile",0.025,151380.730230946
"1027","DE","05-14",2024-11-21,2024-11-24,1,"quantile",0.1,164159.137780821
"1028","DE","05-14",2024-11-21,2024-11-24,1,"quantile",0.25,175837.369930766
"1029","DE","05-14",2024-11-21,2024-11-24,1,"quantile",0.5,189753.698803974
"1030","DE","05-14",2024-11-21,2024-11-24,1,"quantile",0.75,205698.482347018
"1031","DE","05-14",2024-11-21,2024-11-24,1,"quantile",0.9,220881.496130557
"1032","DE","05-14",2024-11-21,2024-11-24,1,"quantile",0.975,238903.726036135
"1033","DE","05-14",2024-11-21,2024-12-01,2,"mean",NA,189931.219728098
"1034","DE","05-14",2024-11-21,2024-12-01,2,"quantile",0.025,140835.479374655
"1035","DE","05-14",2024-11-21,2024-12-01,2,"quantile",0.1,155341.180691876
"1036","DE","05-14",2024-11-21,2024-12-01,2,"quantile",0.25,169957.147534623
"1037","DE","05-14",2024-11-21,2024-12-01,2,"quantile",0.5,188478.7592325
"1038","DE","05-14",2024-11-21,2024-12-01,2,"quantile",0.75,207489.111895565
"1039","DE","05-14",2024-11-21,2024-12-01,2,"quantile",0.9,227102.767571489
"1040","DE","05-14",2024-11-21,2024-12-01,2,"quantile",0.975,251419.698731963
"1041","DE","05-14",2024-11-21,2024-12-08,3,"mean",NA,186179.062703143
"1042","DE","05-14",2024-11-21,2024-12-08,3,"quantile",0.025,131372.039195018
"1043","DE","05-14",2024-11-21,2024-12-08,3,"quantile",0.1,147691.405021235
"1044","DE","05-14",2024-11-21,2024-12-08,3,"quantile",0.25,164264.697012756
"1045","DE","05-14",2024-11-21,2024-12-08,3,"quantile",0.5,183784.272385865
"1046","DE","05-14",2024-11-21,2024-12-08,3,"quantile",0.75,205531.645183569
"1047","DE","05-14",2024-11-21,2024-12-08,3,"quantile",0.9,227779.671259807
"1048","DE","05-14",2024-11-21,2024-12-08,3,"quantile",0.975,255941.590650451
"1049","DE","05-14",2024-11-21,2024-12-15,4,"mean",NA,201703.939540119
"1050","DE","05-14",2024-11-21,2024-12-15,4,"quantile",0.025,140527.114675011
"1051","DE","05-14",2024-11-21,2024-12-15,4,"quantile",0.1,157660.601964159
"1052","DE","05-14",2024-11-21,2024-12-15,4,"quantile",0.25,175747.353444586
"1053","DE","05-14",2024-11-21,2024-12-15,4,"quantile",0.5,198113.10549849
"1054","DE","05-14",2024-11-21,2024-12-15,4,"quantile",0.75,224278.092514607
"1055","DE","05-14",2024-11-21,2024-12-15,4,"quantile",0.9,250573.212915098
"1056","DE","05-14",2024-11-21,2024-12-15,4,"quantile",0.975,281465.718898792
"1057","DE","15-34",2024-11-21,2024-11-24,1,"mean",NA,405044.312150127
"1058","DE","15-34",2024-11-21,2024-11-24,1,"quantile",0.025,318621.082068314
"1059","DE","15-34",2024-11-21,2024-11-24,1,"quantile",0.1,347261.02415605
"1060","DE","15-34",2024-11-21,2024-11-24,1,"quantile",0.25,372451.545992142
"1061","DE","15-34",2024-11-21,2024-11-24,1,"quantile",0.5,402240.34749596
"1062","DE","15-34",2024-11-21,2024-11-24,1,"quantile",0.75,433892.714012172
"1063","DE","15-34",2024-11-21,2024-11-24,1,"quantile",0.9,467622.618011159
"1064","DE","15-34",2024-11-21,2024-11-24,1,"quantile",0.975,506363.284178001
"1065","DE","15-34",2024-11-21,2024-12-01,2,"mean",NA,405195.834294991
"1066","DE","15-34",2024-11-21,2024-12-01,2,"quantile",0.025,299221.827954066
"1067","DE","15-34",2024-11-21,2024-12-01,2,"quantile",0.1,332447.897509457
"1068","DE","15-34",2024-11-21,2024-12-01,2,"quantile",0.25,363459.80637456
"1069","DE","15-34",2024-11-21,2024-12-01,2,"quantile",0.5,401324.240796025
"1070","DE","15-34",2024-11-21,2024-12-01,2,"quantile",0.75,441960.826483933
"1071","DE","15-34",2024-11-21,2024-12-01,2,"quantile",0.9,483794.619827909
"1072","DE","15-34",2024-11-21,2024-12-01,2,"quantile",0.975,536700.879398828
"1073","DE","15-34",2024-11-21,2024-12-08,3,"mean",NA,422214.896556313
"1074","DE","15-34",2024-11-21,2024-12-08,3,"quantile",0.025,300781.356507336
"1075","DE","15-34",2024-11-21,2024-12-08,3,"quantile",0.1,336261.753104947
"1076","DE","15-34",2024-11-21,2024-12-08,3,"quantile",0.25,373255.430582848
"1077","DE","15-34",2024-11-21,2024-12-08,3,"quantile",0.5,415749.430774781
"1078","DE","15-34",2024-11-21,2024-12-08,3,"quantile",0.75,465491.794528138
"1079","DE","15-34",2024-11-21,2024-12-08,3,"quantile",0.9,514272.366911397
"1080","DE","15-34",2024-11-21,2024-12-08,3,"quantile",0.975,576385.739501843
"1081","DE","15-34",2024-11-21,2024-12-15,4,"mean",NA,414623.515074474
"1082","DE","15-34",2024-11-21,2024-12-15,4,"quantile",0.025,290343.819273022
"1083","DE","15-34",2024-11-21,2024-12-15,4,"quantile",0.1,325481.496924311
"1084","DE","15-34",2024-11-21,2024-12-15,4,"quantile",0.25,361793.854339339
"1085","DE","15-34",2024-11-21,2024-12-15,4,"quantile",0.5,408357.409995029
"1086","DE","15-34",2024-11-21,2024-12-15,4,"quantile",0.75,460620.596310898
"1087","DE","15-34",2024-11-21,2024-12-15,4,"quantile",0.9,510989.315542992
"1088","DE","15-34",2024-11-21,2024-12-15,4,"quantile",0.975,573927.666632548
"1089","DE","35-59",2024-11-21,2024-11-24,1,"mean",NA,468418.50187687
"1090","DE","35-59",2024-11-21,2024-11-24,1,"quantile",0.025,362719.778981569
"1091","DE","35-59",2024-11-21,2024-11-24,1,"quantile",0.1,395310.308004769
"1092","DE","35-59",2024-11-21,2024-11-24,1,"quantile",0.25,426624.375007582
"1093","DE","35-59",2024-11-21,2024-11-24,1,"quantile",0.5,464290.596500612
"1094","DE","35-59",2024-11-21,2024-11-24,1,"quantile",0.75,505854.662723553
"1095","DE","35-59",2024-11-21,2024-11-24,1,"quantile",0.9,545400.051461952
"1096","DE","35-59",2024-11-21,2024-11-24,1,"quantile",0.975,595909.559457269
"1097","DE","35-59",2024-11-21,2024-12-01,2,"mean",NA,470033.87604435
"1098","DE","35-59",2024-11-21,2024-12-01,2,"quantile",0.025,335526.348273066
"1099","DE","35-59",2024-11-21,2024-12-01,2,"quantile",0.1,375040.409186771
"1100","DE","35-59",2024-11-21,2024-12-01,2,"quantile",0.25,414999.313268924
"1101","DE","35-59",2024-11-21,2024-12-01,2,"quantile",0.5,465451.586696293
"1102","DE","35-59",2024-11-21,2024-12-01,2,"quantile",0.75,517427.92739871
"1103","DE","35-59",2024-11-21,2024-12-01,2,"quantile",0.9,572585.826014133
"1104","DE","35-59",2024-11-21,2024-12-01,2,"quantile",0.975,637169.437216596
"1105","DE","35-59",2024-11-21,2024-12-08,3,"mean",NA,493718.626826899
"1106","DE","35-59",2024-11-21,2024-12-08,3,"quantile",0.025,330237.223852763
"1107","DE","35-59",2024-11-21,2024-12-08,3,"quantile",0.1,378816.823874637
"1108","DE","35-59",2024-11-21,2024-12-08,3,"quantile",0.25,426992.364956076
"1109","DE","35-59",2024-11-21,2024-12-08,3,"quantile",0.5,485106.262595756
"1110","DE","35-59",2024-11-21,2024-12-08,3,"quantile",0.75,551579.013136341
"1111","DE","35-59",2024-11-21,2024-12-08,3,"quantile",0.9,620066.68854599
"1112","DE","35-59",2024-11-21,2024-12-08,3,"quantile",0.975,701665.601935461
"1113","DE","35-59",2024-11-21,2024-12-15,4,"mean",NA,508350.896895755
"1114","DE","35-59",2024-11-21,2024-12-15,4,"quantile",0.025,330683.093936975
"1115","DE","35-59",2024-11-21,2024-12-15,4,"quantile",0.1,380756.98118749
"1116","DE","35-59",2024-11-21,2024-12-15,4,"quantile",0.25,431984.57241977
"1117","DE","35-59",2024-11-21,2024-12-15,4,"quantile",0.5,497094.617837877
"1118","DE","35-59",2024-11-21,2024-12-15,4,"quantile",0.75,573573.72279781
"1119","DE","35-59",2024-11-21,2024-12-15,4,"quantile",0.9,654623.513866347
"1120","DE","35-59",2024-11-21,2024-12-15,4,"quantile",0.975,744794.604298651
"1121","DE","60+",2024-11-21,2024-11-24,1,"mean",NA,147601.437710213
"1122","DE","60+",2024-11-21,2024-11-24,1,"quantile",0.025,115375.700674534
"1123","DE","60+",2024-11-21,2024-11-24,1,"quantile",0.1,125874.565003389
"1124","DE","60+",2024-11-21,2024-11-24,1,"quantile",0.25,135264.914896733
"1125","DE","60+",2024-11-21,2024-11-24,1,"quantile",0.5,146533.278397638
"1126","DE","60+",2024-11-21,2024-11-24,1,"quantile",0.75,158853.840324827
"1127","DE","60+",2024-11-21,2024-11-24,1,"quantile",0.9,171049.224251418
"1128","DE","60+",2024-11-21,2024-11-24,1,"quantile",0.975,186223.711151314
"1129","DE","60+",2024-11-21,2024-12-01,2,"mean",NA,145156.220756727
"1130","DE","60+",2024-11-21,2024-12-01,2,"quantile",0.025,104066.556090283
"1131","DE","60+",2024-11-21,2024-12-01,2,"quantile",0.1,116647.579503707
"1132","DE","60+",2024-11-21,2024-12-01,2,"quantile",0.25,128699.937180642
"1133","DE","60+",2024-11-21,2024-12-01,2,"quantile",0.5,143406.75426321
"1134","DE","60+",2024-11-21,2024-12-01,2,"quantile",0.75,159437.478669356
"1135","DE","60+",2024-11-21,2024-12-01,2,"quantile",0.9,176323.34053403
"1136","DE","60+",2024-11-21,2024-12-01,2,"quantile",0.975,196111.161121458
"1137","DE","60+",2024-11-21,2024-12-08,3,"mean",NA,153987.970304513
"1138","DE","60+",2024-11-21,2024-12-08,3,"quantile",0.025,104478.178853208
"1139","DE","60+",2024-11-21,2024-12-08,3,"quantile",0.1,118425.585315464
"1140","DE","60+",2024-11-21,2024-12-08,3,"quantile",0.25,133464.292316576
"1141","DE","60+",2024-11-21,2024-12-08,3,"quantile",0.5,151261.017684703
"1142","DE","60+",2024-11-21,2024-12-08,3,"quantile",0.75,171827.674230271
"1143","DE","60+",2024-11-21,2024-12-08,3,"quantile",0.9,193026.630414881
"1144","DE","60+",2024-11-21,2024-12-08,3,"quantile",0.975,218352.355471404
"1145","DE","60+",2024-11-21,2024-12-15,4,"mean",NA,169190.662279698
"1146","DE","60+",2024-11-21,2024-12-15,4,"quantile",0.025,111080.430713885
"1147","DE","60+",2024-11-21,2024-12-15,4,"quantile",0.1,126961.289473011
"1148","DE","60+",2024-11-21,2024-12-15,4,"quantile",0.25,144410.419488358
"1149","DE","60+",2024-11-21,2024-12-15,4,"quantile",0.5,165599.149201452
"1150","DE","60+",2024-11-21,2024-12-15,4,"quantile",0.75,190873.60442316
"1151","DE","60+",2024-11-21,2024-12-15,4,"quantile",0.9,215574.537981275
"1152","DE","60+",2024-11-21,2024-12-15,4,"quantile",0.975,246424.251349844
"1153","DE","00+",2024-11-28,2024-12-01,1,"mean",NA,1419858.96599204
"1154","DE","00+",2024-11-28,2024-12-01,1,"quantile",0.025,1152275.75997308
"1155","DE","00+",2024-11-28,2024-12-01,1,"quantile",0.1,1241036.81497991
"1156","DE","00+",2024-11-28,2024-12-01,1,"quantile",0.25,1315782.98072772
"1157","DE","00+",2024-11-28,2024-12-01,1,"quantile",0.5,1411584.52336897
"1158","DE","00+",2024-11-28,2024-12-01,1,"quantile",0.75,1515454.26111994
"1159","DE","00+",2024-11-28,2024-12-01,1,"quantile",0.9,1609683.89939763
"1160","DE","00+",2024-11-28,2024-12-01,1,"quantile",0.975,1728484.6420253
"1161","DE","00+",2024-11-28,2024-12-08,2,"mean",NA,1468495.5834482
"1162","DE","00+",2024-11-28,2024-12-08,2,"quantile",0.025,1111968.17617116
"1163","DE","00+",2024-11-28,2024-12-08,2,"quantile",0.1,1226311.73867798
"1164","DE","00+",2024-11-28,2024-12-08,2,"quantile",0.25,1328611.57087678
"1165","DE","00+",2024-11-28,2024-12-08,2,"quantile",0.5,1457907.20908036
"1166","DE","00+",2024-11-28,2024-12-08,2,"quantile",0.75,1594527.93234057
"1167","DE","00+",2024-11-28,2024-12-08,2,"quantile",0.9,1726177.91193929
"1168","DE","00+",2024-11-28,2024-12-08,2,"quantile",0.975,1883634.34450145
"1169","DE","00+",2024-11-28,2024-12-15,3,"mean",NA,1533125.82726049
"1170","DE","00+",2024-11-28,2024-12-15,3,"quantile",0.025,1103545.63620247
"1171","DE","00+",2024-11-28,2024-12-15,3,"quantile",0.1,1231843.69529863
"1172","DE","00+",2024-11-28,2024-12-15,3,"quantile",0.25,1363582.79069009
"1173","DE","00+",2024-11-28,2024-12-15,3,"quantile",0.5,1518592.41321323
"1174","DE","00+",2024-11-28,2024-12-15,3,"quantile",0.75,1684364.48174301
"1175","DE","00+",2024-11-28,2024-12-15,3,"quantile",0.9,1852492.16582941
"1176","DE","00+",2024-11-28,2024-12-15,3,"quantile",0.975,2044450.26982407
"1177","DE","00+",2024-11-28,2024-12-22,4,"mean",NA,1362823.98637961
"1178","DE","00+",2024-11-28,2024-12-22,4,"quantile",0.025,971699.910711795
"1179","DE","00+",2024-11-28,2024-12-22,4,"quantile",0.1,1081239.52315352
"1180","DE","00+",2024-11-28,2024-12-22,4,"quantile",0.25,1197142.77171908
"1181","DE","00+",2024-11-28,2024-12-22,4,"quantile",0.5,1343677.20384248
"1182","DE","00+",2024-11-28,2024-12-22,4,"quantile",0.75,1505448.0626857
"1183","DE","00+",2024-11-28,2024-12-22,4,"quantile",0.9,1674846.82519218
"1184","DE","00+",2024-11-28,2024-12-22,4,"quantile",0.975,1863218.08300628
"1185","DE","00-04",2024-11-28,2024-12-01,1,"mean",NA,193693.492015772
"1186","DE","00-04",2024-11-28,2024-12-01,1,"quantile",0.025,167166.643352075
"1187","DE","00-04",2024-11-28,2024-12-01,1,"quantile",0.1,175379.252015861
"1188","DE","00-04",2024-11-28,2024-12-01,1,"quantile",0.25,183552.908105163
"1189","DE","00-04",2024-11-28,2024-12-01,1,"quantile",0.5,193193.63638209
"1190","DE","00-04",2024-11-28,2024-12-01,1,"quantile",0.75,203078.300543304
"1191","DE","00-04",2024-11-28,2024-12-01,1,"quantile",0.9,212368.749191827
"1192","DE","00-04",2024-11-28,2024-12-01,1,"quantile",0.975,224016.428848697
"1193","DE","00-04",2024-11-28,2024-12-08,2,"mean",NA,195593.003023129
"1194","DE","00-04",2024-11-28,2024-12-08,2,"quantile",0.025,162779.168706611
"1195","DE","00-04",2024-11-28,2024-12-08,2,"quantile",0.1,172887.515750567
"1196","DE","00-04",2024-11-28,2024-12-08,2,"quantile",0.25,183130.791978081
"1197","DE","00-04",2024-11-28,2024-12-08,2,"quantile",0.5,194871.801423184
"1198","DE","00-04",2024-11-28,2024-12-08,2,"quantile",0.75,207399.294424682
"1199","DE","00-04",2024-11-28,2024-12-08,2,"quantile",0.9,219572.380946931
"1200","DE","00-04",2024-11-28,2024-12-08,2,"quantile",0.975,232453.467197537
"1201","DE","00-04",2024-11-28,2024-12-15,3,"mean",NA,217329.984533617
"1202","DE","00-04",2024-11-28,2024-12-15,3,"quantile",0.025,174758.985493027
"1203","DE","00-04",2024-11-28,2024-12-15,3,"quantile",0.1,188751.386634602
"1204","DE","00-04",2024-11-28,2024-12-15,3,"quantile",0.25,201035.432513895
"1205","DE","00-04",2024-11-28,2024-12-15,3,"quantile",0.5,215957.3347753
"1206","DE","00-04",2024-11-28,2024-12-15,3,"quantile",0.75,232191.63568565
"1207","DE","00-04",2024-11-28,2024-12-15,3,"quantile",0.9,247748.222574577
"1208","DE","00-04",2024-11-28,2024-12-15,3,"quantile",0.975,267412.956334811
"1209","DE","00-04",2024-11-28,2024-12-22,4,"mean",NA,218736.519243151
"1210","DE","00-04",2024-11-28,2024-12-22,4,"quantile",0.025,173154.601510913
"1211","DE","00-04",2024-11-28,2024-12-22,4,"quantile",0.1,188066.006849876
"1212","DE","00-04",2024-11-28,2024-12-22,4,"quantile",0.25,201794.123805171
"1213","DE","00-04",2024-11-28,2024-12-22,4,"quantile",0.5,217508.966671091
"1214","DE","00-04",2024-11-28,2024-12-22,4,"quantile",0.75,234600.164380303
"1215","DE","00-04",2024-11-28,2024-12-22,4,"quantile",0.9,250807.794892851
"1216","DE","00-04",2024-11-28,2024-12-22,4,"quantile",0.975,269851.554955394
"1217","DE","05-14",2024-11-28,2024-12-01,1,"mean",NA,178875.719129897
"1218","DE","05-14",2024-11-28,2024-12-01,1,"quantile",0.025,141495.117649446
"1219","DE","05-14",2024-11-28,2024-12-01,1,"quantile",0.1,153674.506584666
"1220","DE","05-14",2024-11-28,2024-12-01,1,"quantile",0.25,164242.808448738
"1221","DE","05-14",2024-11-28,2024-12-01,1,"quantile",0.5,177721.544197322
"1222","DE","05-14",2024-11-28,2024-12-01,1,"quantile",0.75,192282.552326579
"1223","DE","05-14",2024-11-28,2024-12-01,1,"quantile",0.9,206182.169140293
"1224","DE","05-14",2024-11-28,2024-12-01,1,"quantile",0.975,222491.676477475
"1225","DE","05-14",2024-11-28,2024-12-08,2,"mean",NA,176290.195875496
"1226","DE","05-14",2024-11-28,2024-12-08,2,"quantile",0.025,129367.380400792
"1227","DE","05-14",2024-11-28,2024-12-08,2,"quantile",0.1,144143.172221458
"1228","DE","05-14",2024-11-28,2024-12-08,2,"quantile",0.25,157746.974982381
"1229","DE","05-14",2024-11-28,2024-12-08,2,"quantile",0.5,174872.743364386
"1230","DE","05-14",2024-11-28,2024-12-08,2,"quantile",0.75,192917.657884333
"1231","DE","05-14",2024-11-28,2024-12-08,2,"quantile",0.9,210867.342177466
"1232","DE","05-14",2024-11-28,2024-12-08,2,"quantile",0.975,232184.003901597
"1233","DE","05-14",2024-11-28,2024-12-15,3,"mean",NA,194441.111469434
"1234","DE","05-14",2024-11-28,2024-12-15,3,"quantile",0.025,135873.049013696
"1235","DE","05-14",2024-11-28,2024-12-15,3,"quantile",0.1,152970.05525813
"1236","DE","05-14",2024-11-28,2024-12-15,3,"quantile",0.25,171160.402530992
"1237","DE","05-14",2024-11-28,2024-12-15,3,"quantile",0.5,192145.568285001
"1238","DE","05-14",2024-11-28,2024-12-15,3,"quantile",0.75,215264.914567576
"1239","DE","05-14",2024-11-28,2024-12-15,3,"quantile",0.9,238223.330511248
"1240","DE","05-14",2024-11-28,2024-12-15,3,"quantile",0.975,266550.030131215
"1241","DE","05-14",2024-11-28,2024-12-22,4,"mean",NA,178007.516249066
"1242","DE","05-14",2024-11-28,2024-12-22,4,"quantile",0.025,122865.317147022
"1243","DE","05-14",2024-11-28,2024-12-22,4,"quantile",0.1,138604.095393972
"1244","DE","05-14",2024-11-28,2024-12-22,4,"quantile",0.25,154815.88751311
"1245","DE","05-14",2024-11-28,2024-12-22,4,"quantile",0.5,175084.101550639
"1246","DE","05-14",2024-11-28,2024-12-22,4,"quantile",0.75,197787.251040475
"1247","DE","05-14",2024-11-28,2024-12-22,4,"quantile",0.9,221865.362502083
"1248","DE","05-14",2024-11-28,2024-12-22,4,"quantile",0.975,249092.93141519
"1249","DE","15-34",2024-11-28,2024-12-01,1,"mean",NA,415257.712593474
"1250","DE","15-34",2024-11-28,2024-12-01,1,"quantile",0.025,328673.789260719
"1251","DE","15-34",2024-11-28,2024-12-01,1,"quantile",0.1,353893.685829857
"1252","DE","15-34",2024-11-28,2024-12-01,1,"quantile",0.25,380413.904299439
"1253","DE","15-34",2024-11-28,2024-12-01,1,"quantile",0.5,412214.933158023
"1254","DE","15-34",2024-11-28,2024-12-01,1,"quantile",0.75,446039.8072226
"1255","DE","15-34",2024-11-28,2024-12-01,1,"quantile",0.9,480174.610349278
"1256","DE","15-34",2024-11-28,2024-12-01,1,"quantile",0.975,521713.036201123
"1257","DE","15-34",2024-11-28,2024-12-08,2,"mean",NA,432243.635810137
"1258","DE","15-34",2024-11-28,2024-12-08,2,"quantile",0.025,323240.994928899
"1259","DE","15-34",2024-11-28,2024-12-08,2,"quantile",0.1,354262.141424213
"1260","DE","15-34",2024-11-28,2024-12-08,2,"quantile",0.25,387317.155915676
"1261","DE","15-34",2024-11-28,2024-12-08,2,"quantile",0.5,428336.253176465
"1262","DE","15-34",2024-11-28,2024-12-08,2,"quantile",0.75,471749.941315981
"1263","DE","15-34",2024-11-28,2024-12-08,2,"quantile",0.9,515129.049082422
"1264","DE","15-34",2024-11-28,2024-12-08,2,"quantile",0.975,565949.48653612
"1265","DE","15-34",2024-11-28,2024-12-15,3,"mean",NA,423085.877905761
"1266","DE","15-34",2024-11-28,2024-12-15,3,"quantile",0.025,300080.560760423
"1267","DE","15-34",2024-11-28,2024-12-15,3,"quantile",0.1,337638.072706919
"1268","DE","15-34",2024-11-28,2024-12-15,3,"quantile",0.25,372803.67152644
"1269","DE","15-34",2024-11-28,2024-12-15,3,"quantile",0.5,417344.950563396
"1270","DE","15-34",2024-11-28,2024-12-15,3,"quantile",0.75,466835.743495769
"1271","DE","15-34",2024-11-28,2024-12-15,3,"quantile",0.9,515418.389948882
"1272","DE","15-34",2024-11-28,2024-12-15,3,"quantile",0.975,578729.20333822
"1273","DE","15-34",2024-11-28,2024-12-22,4,"mean",NA,360056.578365091
"1274","DE","15-34",2024-11-28,2024-12-22,4,"quantile",0.025,249939.82117527
"1275","DE","15-34",2024-11-28,2024-12-22,4,"quantile",0.1,283444.282154519
"1276","DE","15-34",2024-11-28,2024-12-22,4,"quantile",0.25,316466.65971342
"1277","DE","15-34",2024-11-28,2024-12-22,4,"quantile",0.5,355099.082450771
"1278","DE","15-34",2024-11-28,2024-12-22,4,"quantile",0.75,398561.982903096
"1279","DE","15-34",2024-11-28,2024-12-22,4,"quantile",0.9,442490.045983759
"1280","DE","15-34",2024-11-28,2024-12-22,4,"quantile",0.975,494342.123906315
"1281","DE","35-59",2024-11-28,2024-12-01,1,"mean",NA,497544.325945598
"1282","DE","35-59",2024-11-28,2024-12-01,1,"quantile",0.025,384781.410233223
"1283","DE","35-59",2024-11-28,2024-12-01,1,"quantile",0.1,420956.85158456
"1284","DE","35-59",2024-11-28,2024-12-01,1,"quantile",0.25,452578.731815227
"1285","DE","35-59",2024-11-28,2024-12-01,1,"quantile",0.5,493199.778874223
"1286","DE","35-59",2024-11-28,2024-12-01,1,"quantile",0.75,537989.675908322
"1287","DE","35-59",2024-11-28,2024-12-01,1,"quantile",0.9,579616.750453404
"1288","DE","35-59",2024-11-28,2024-12-01,1,"quantile",0.975,633115.942593266
"1289","DE","35-59",2024-11-28,2024-12-08,2,"mean",NA,521789.349078097
"1290","DE","35-59",2024-11-28,2024-12-08,2,"quantile",0.025,369106.516781754
"1291","DE","35-59",2024-11-28,2024-12-08,2,"quantile",0.1,416854.405878555
"1292","DE","35-59",2024-11-28,2024-12-08,2,"quantile",0.25,460098.752482053
"1293","DE","35-59",2024-11-28,2024-12-08,2,"quantile",0.5,516122.324304599
"1294","DE","35-59",2024-11-28,2024-12-08,2,"quantile",0.75,575399.052904398
"1295","DE","35-59",2024-11-28,2024-12-08,2,"quantile",0.9,635660.372323905
"1296","DE","35-59",2024-11-28,2024-12-08,2,"quantile",0.975,708074.495634808
"1297","DE","35-59",2024-11-28,2024-12-15,3,"mean",NA,532569.385654923
"1298","DE","35-59",2024-11-28,2024-12-15,3,"quantile",0.025,352820.327051942
"1299","DE","35-59",2024-11-28,2024-12-15,3,"quantile",0.1,404015.970120513
"1300","DE","35-59",2024-11-28,2024-12-15,3,"quantile",0.25,457200.379200401
"1301","DE","35-59",2024-11-28,2024-12-15,3,"quantile",0.5,524112.206939288
"1302","DE","35-59",2024-11-28,2024-12-15,3,"quantile",0.75,596116.232462499
"1303","DE","35-59",2024-11-28,2024-12-15,3,"quantile",0.9,671701.660924383
"1304","DE","35-59",2024-11-28,2024-12-15,3,"quantile",0.975,761651.750634147
"1305","DE","35-59",2024-11-28,2024-12-22,4,"mean",NA,440266.825856544
"1306","DE","35-59",2024-11-28,2024-12-22,4,"quantile",0.025,287280.509704123
"1307","DE","35-59",2024-11-28,2024-12-22,4,"quantile",0.1,327126.177278087
"1308","DE","35-59",2024-11-28,2024-12-22,4,"quantile",0.25,372147.027728541
"1309","DE","35-59",2024-11-28,2024-12-22,4,"quantile",0.5,430699.324230115
"1310","DE","35-59",2024-11-28,2024-12-22,4,"quantile",0.75,496654.461881444
"1311","DE","35-59",2024-11-28,2024-12-22,4,"quantile",0.9,566689.672409794
"1312","DE","35-59",2024-11-28,2024-12-22,4,"quantile",0.975,650064.162553591
"1313","DE","60+",2024-11-28,2024-12-01,1,"mean",NA,150619.415620364
"1314","DE","60+",2024-11-28,2024-12-01,1,"quantile",0.025,117528.495528834
"1315","DE","60+",2024-11-28,2024-12-01,1,"quantile",0.1,127698.31482249
"1316","DE","60+",2024-11-28,2024-12-01,1,"quantile",0.25,137480.167972575
"1317","DE","60+",2024-11-28,2024-12-01,1,"quantile",0.5,149613.292806283
"1318","DE","60+",2024-11-28,2024-12-01,1,"quantile",0.75,162442.88089302
"1319","DE","60+",2024-11-28,2024-12-01,1,"quantile",0.9,175166.958747019
"1320","DE","60+",2024-11-28,2024-12-01,1,"quantile",0.975,190147.281006822
"1321","DE","60+",2024-11-28,2024-12-08,2,"mean",NA,159874.548347057
"1322","DE","60+",2024-11-28,2024-12-08,2,"quantile",0.025,115187.251639704
"1323","DE","60+",2024-11-28,2024-12-08,2,"quantile",0.1,128220.070770173
"1324","DE","60+",2024-11-28,2024-12-08,2,"quantile",0.25,141912.914829564
"1325","DE","60+",2024-11-28,2024-12-08,2,"quantile",0.5,157908.755539037
"1326","DE","60+",2024-11-28,2024-12-08,2,"quantile",0.75,176208.435799793
"1327","DE","60+",2024-11-28,2024-12-08,2,"quantile",0.9,193944.597903246
"1328","DE","60+",2024-11-28,2024-12-08,2,"quantile",0.975,214625.858332917
"1329","DE","60+",2024-11-28,2024-12-15,3,"mean",NA,174621.95824248
"1330","DE","60+",2024-11-28,2024-12-15,3,"quantile",0.025,117153.355288126
"1331","DE","60+",2024-11-28,2024-12-15,3,"quantile",0.1,134534.042978375
"1332","DE","60+",2024-11-28,2024-12-15,3,"quantile",0.25,150784.286570228
"1333","DE","60+",2024-11-28,2024-12-15,3,"quantile",0.5,171433.660422674
"1334","DE","60+",2024-11-28,2024-12-15,3,"quantile",0.75,194885.991104115
"1335","DE","60+",2024-11-28,2024-12-15,3,"quantile",0.9,219299.996293965
"1336","DE","60+",2024-11-28,2024-12-15,3,"quantile",0.975,249025.824937156
"1337","DE","60+",2024-11-28,2024-12-22,4,"mean",NA,165301.41462759
"1338","DE","60+",2024-11-28,2024-12-22,4,"quantile",0.025,107654.591788728
"1339","DE","60+",2024-11-28,2024-12-22,4,"quantile",0.1,124435.370254219
"1340","DE","60+",2024-11-28,2024-12-22,4,"quantile",0.25,141307.353937566
"1341","DE","60+",2024-11-28,2024-12-22,4,"quantile",0.5,161876.941330229
"1342","DE","60+",2024-11-28,2024-12-22,4,"quantile",0.75,185953.662735123
"1343","DE","60+",2024-11-28,2024-12-22,4,"quantile",0.9,210290.627329842
"1344","DE","60+",2024-11-28,2024-12-22,4,"quantile",0.975,239330.304288866
"1345","DE","00+",2024-12-05,2024-12-08,1,"mean",NA,1398239.14520334
"1346","DE","00+",2024-12-05,2024-12-08,1,"quantile",0.025,1134614.21743676
"1347","DE","00+",2024-12-05,2024-12-08,1,"quantile",0.1,1222685.30654797
"1348","DE","00+",2024-12-05,2024-12-08,1,"quantile",0.25,1299486.33386143
"1349","DE","00+",2024-12-05,2024-12-08,1,"quantile",0.5,1389479.17373676
"1350","DE","00+",2024-12-05,2024-12-08,1,"quantile",0.75,1488040.96020999
"1351","DE","00+",2024-12-05,2024-12-08,1,"quantile",0.9,1590849.22226854
"1352","DE","00+",2024-12-05,2024-12-08,1,"quantile",0.975,1701638.03030543
"1353","DE","00+",2024-12-05,2024-12-15,2,"mean",NA,1462045.05288216
"1354","DE","00+",2024-12-05,2024-12-15,2,"quantile",0.025,1116240.01124657
"1355","DE","00+",2024-12-05,2024-12-15,2,"quantile",0.1,1222420.1232321
"1356","DE","00+",2024-12-05,2024-12-15,2,"quantile",0.25,1327092.30496753
"1357","DE","00+",2024-12-05,2024-12-15,2,"quantile",0.5,1448501.05666961
"1358","DE","00+",2024-12-05,2024-12-15,2,"quantile",0.75,1584676.47591758
"1359","DE","00+",2024-12-05,2024-12-15,2,"quantile",0.9,1716927.37831356
"1360","DE","00+",2024-12-05,2024-12-15,2,"quantile",0.975,1875626.81660034
"1361","DE","00+",2024-12-05,2024-12-22,3,"mean",NA,1313139.43138079
"1362","DE","00+",2024-12-05,2024-12-22,3,"quantile",0.025,962353.255385862
"1363","DE","00+",2024-12-05,2024-12-22,3,"quantile",0.1,1070774.04044394
"1364","DE","00+",2024-12-05,2024-12-22,3,"quantile",0.25,1170434.14200198
"1365","DE","00+",2024-12-05,2024-12-22,3,"quantile",0.5,1294899.58853156
"1366","DE","00+",2024-12-05,2024-12-22,3,"quantile",0.75,1437687.6815008
"1367","DE","00+",2024-12-05,2024-12-22,3,"quantile",0.9,1580836.51719024
"1368","DE","00+",2024-12-05,2024-12-22,3,"quantile",0.975,1753566.9852225
"1369","DE","00+",2024-12-05,2024-12-29,4,"mean",NA,646660.283652283
"1370","DE","00+",2024-12-05,2024-12-29,4,"quantile",0.025,460536.821675169
"1371","DE","00+",2024-12-05,2024-12-29,4,"quantile",0.1,515035.465077573
"1372","DE","00+",2024-12-05,2024-12-29,4,"quantile",0.25,569054.252045164
"1373","DE","00+",2024-12-05,2024-12-29,4,"quantile",0.5,638925.787703519
"1374","DE","00+",2024-12-05,2024-12-29,4,"quantile",0.75,713083.722621904
"1375","DE","00+",2024-12-05,2024-12-29,4,"quantile",0.9,789059.648107893
"1376","DE","00+",2024-12-05,2024-12-29,4,"quantile",0.975,882598.08018404
"1377","DE","00-04",2024-12-05,2024-12-08,1,"mean",NA,190221.079172934
"1378","DE","00-04",2024-12-05,2024-12-08,1,"quantile",0.025,164270.958026345
"1379","DE","00-04",2024-12-05,2024-12-08,1,"quantile",0.1,172627.302995057
"1380","DE","00-04",2024-12-05,2024-12-08,1,"quantile",0.25,180497.822754293
"1381","DE","00-04",2024-12-05,2024-12-08,1,"quantile",0.5,189808.736210162
"1382","DE","00-04",2024-12-05,2024-12-08,1,"quantile",0.75,199186.514041606
"1383","DE","00-04",2024-12-05,2024-12-08,1,"quantile",0.9,208393.587503418
"1384","DE","00-04",2024-12-05,2024-12-08,1,"quantile",0.975,219565.121089346
"1385","DE","00-04",2024-12-05,2024-12-15,2,"mean",NA,211589.120262353
"1386","DE","00-04",2024-12-05,2024-12-15,2,"quantile",0.025,176176.905319755
"1387","DE","00-04",2024-12-05,2024-12-15,2,"quantile",0.1,187592.384945084
"1388","DE","00-04",2024-12-05,2024-12-15,2,"quantile",0.25,197703.278868293
"1389","DE","00-04",2024-12-05,2024-12-15,2,"quantile",0.5,210591.861930742
"1390","DE","00-04",2024-12-05,2024-12-15,2,"quantile",0.75,224391.699820857
"1391","DE","00-04",2024-12-05,2024-12-15,2,"quantile",0.9,237480.575713175
"1392","DE","00-04",2024-12-05,2024-12-15,2,"quantile",0.975,252119.178052848
"1393","DE","00-04",2024-12-05,2024-12-22,3,"mean",NA,214854.875048465
"1394","DE","00-04",2024-12-05,2024-12-22,3,"quantile",0.025,173755.212798308
"1395","DE","00-04",2024-12-05,2024-12-22,3,"quantile",0.1,186477.051311268
"1396","DE","00-04",2024-12-05,2024-12-22,3,"quantile",0.25,198478.069406314
"1397","DE","00-04",2024-12-05,2024-12-22,3,"quantile",0.5,213519.996167017
"1398","DE","00-04",2024-12-05,2024-12-22,3,"quantile",0.75,229492.925210854
"1399","DE","00-04",2024-12-05,2024-12-22,3,"quantile",0.9,245118.75620886
"1400","DE","00-04",2024-12-05,2024-12-22,3,"quantile",0.975,263911.738245409
"1401","DE","00-04",2024-12-05,2024-12-29,4,"mean",NA,123900.083805935
"1402","DE","00-04",2024-12-05,2024-12-29,4,"quantile",0.025,98981.162223039
"1403","DE","00-04",2024-12-05,2024-12-29,4,"quantile",0.1,106418.326679953
"1404","DE","00-04",2024-12-05,2024-12-29,4,"quantile",0.25,114226.743169096
"1405","DE","00-04",2024-12-05,2024-12-29,4,"quantile",0.5,123139.220015452
"1406","DE","00-04",2024-12-05,2024-12-29,4,"quantile",0.75,132622.318167012
"1407","DE","00-04",2024-12-05,2024-12-29,4,"quantile",0.9,142290.468353484
"1408","DE","00-04",2024-12-05,2024-12-29,4,"quantile",0.975,153831.751610354
"1409","DE","05-14",2024-12-05,2024-12-08,1,"mean",NA,173194.084820345
"1410","DE","05-14",2024-12-05,2024-12-08,1,"quantile",0.025,137166.582125267
"1411","DE","05-14",2024-12-05,2024-12-08,1,"quantile",0.1,148806.727795171
"1412","DE","05-14",2024-12-05,2024-12-08,1,"quantile",0.25,159530.579986778
"1413","DE","05-14",2024-12-05,2024-12-08,1,"quantile",0.5,172053.630768781
"1414","DE","05-14",2024-12-05,2024-12-08,1,"quantile",0.75,185692.446378897
"1415","DE","05-14",2024-12-05,2024-12-08,1,"quantile",0.9,199627.828253855
"1416","DE","05-14",2024-12-05,2024-12-08,1,"quantile",0.975,215723.579217469
"1417","DE","05-14",2024-12-05,2024-12-15,2,"mean",NA,191288.291386204
"1418","DE","05-14",2024-12-05,2024-12-15,2,"quantile",0.025,142176.562378191
"1419","DE","05-14",2024-12-05,2024-12-15,2,"quantile",0.1,156374.472023368
"1420","DE","05-14",2024-12-05,2024-12-15,2,"quantile",0.25,171460.142495825
"1421","DE","05-14",2024-12-05,2024-12-15,2,"quantile",0.5,189344.728733369
"1422","DE","05-14",2024-12-05,2024-12-15,2,"quantile",0.75,208916.521480366
"1423","DE","05-14",2024-12-05,2024-12-15,2,"quantile",0.9,228244.646482323
"1424","DE","05-14",2024-12-05,2024-12-15,2,"quantile",0.975,252054.424898815
"1425","DE","05-14",2024-12-05,2024-12-22,3,"mean",NA,175785.085669381
"1426","DE","05-14",2024-12-05,2024-12-22,3,"quantile",0.025,124582.460255452
"1427","DE","05-14",2024-12-05,2024-12-22,3,"quantile",0.1,140169.698810995
"1428","DE","05-14",2024-12-05,2024-12-22,3,"quantile",0.25,154815.975054858
"1429","DE","05-14",2024-12-05,2024-12-22,3,"quantile",0.5,173104.904080461
"1430","DE","05-14",2024-12-05,2024-12-22,3,"quantile",0.75,194106.768325408
"1431","DE","05-14",2024-12-05,2024-12-22,3,"quantile",0.9,214639.161314889
"1432","DE","05-14",2024-12-05,2024-12-22,3,"quantile",0.975,241160.509851798
"1433","DE","05-14",2024-12-05,2024-12-29,4,"mean",NA,75857.573055891
"1434","DE","05-14",2024-12-05,2024-12-29,4,"quantile",0.025,52693.9230015751
"1435","DE","05-14",2024-12-05,2024-12-29,4,"quantile",0.1,59301.6055072281
"1436","DE","05-14",2024-12-05,2024-12-29,4,"quantile",0.25,66180.6087490519
"1437","DE","05-14",2024-12-05,2024-12-29,4,"quantile",0.5,74697.2558011745
"1438","DE","05-14",2024-12-05,2024-12-29,4,"quantile",0.75,84087.4664833234
"1439","DE","05-14",2024-12-05,2024-12-29,4,"quantile",0.9,93971.9228567174
"1440","DE","05-14",2024-12-05,2024-12-29,4,"quantile",0.975,105775.328830941
"1441","DE","15-34",2024-12-05,2024-12-08,1,"mean",NA,414551.34645113
"1442","DE","15-34",2024-12-05,2024-12-08,1,"quantile",0.025,328039.749238066
"1443","DE","15-34",2024-12-05,2024-12-08,1,"quantile",0.1,354126.524697838
"1444","DE","15-34",2024-12-05,2024-12-08,1,"quantile",0.25,380515.1131408
"1445","DE","15-34",2024-12-05,2024-12-08,1,"quantile",0.5,411778.231438225
"1446","DE","15-34",2024-12-05,2024-12-08,1,"quantile",0.75,444647.864333581
"1447","DE","15-34",2024-12-05,2024-12-08,1,"quantile",0.9,478560.007015797
"1448","DE","15-34",2024-12-05,2024-12-08,1,"quantile",0.975,520026.714563695
"1449","DE","15-34",2024-12-05,2024-12-15,2,"mean",NA,406832.286995747
"1450","DE","15-34",2024-12-05,2024-12-15,2,"quantile",0.025,304791.639729104
"1451","DE","15-34",2024-12-05,2024-12-15,2,"quantile",0.1,335542.701660534
"1452","DE","15-34",2024-12-05,2024-12-15,2,"quantile",0.25,364057.802209296
"1453","DE","15-34",2024-12-05,2024-12-15,2,"quantile",0.5,401975.639082487
"1454","DE","15-34",2024-12-05,2024-12-15,2,"quantile",0.75,444560.480750236
"1455","DE","15-34",2024-12-05,2024-12-15,2,"quantile",0.9,485635.223198664
"1456","DE","15-34",2024-12-05,2024-12-15,2,"quantile",0.975,534674.117887129
"1457","DE","15-34",2024-12-05,2024-12-22,3,"mean",NA,351170.296077999
"1458","DE","15-34",2024-12-05,2024-12-22,3,"quantile",0.025,251626.918622376
"1459","DE","15-34",2024-12-05,2024-12-22,3,"quantile",0.1,280972.153510511
"1460","DE","15-34",2024-12-05,2024-12-22,3,"quantile",0.25,309206.107118473
"1461","DE","15-34",2024-12-05,2024-12-22,3,"quantile",0.5,345701.229453722
"1462","DE","15-34",2024-12-05,2024-12-22,3,"quantile",0.75,387341.245792836
"1463","DE","15-34",2024-12-05,2024-12-22,3,"quantile",0.9,429202.481056303
"1464","DE","15-34",2024-12-05,2024-12-22,3,"quantile",0.975,481106.030177939
"1465","DE","15-34",2024-12-05,2024-12-29,4,"mean",NA,147227.294865245
"1466","DE","15-34",2024-12-05,2024-12-29,4,"quantile",0.025,103964.782706326
"1467","DE","15-34",2024-12-05,2024-12-29,4,"quantile",0.1,115754.17264776
"1468","DE","15-34",2024-12-05,2024-12-29,4,"quantile",0.25,129097.916924674
"1469","DE","15-34",2024-12-05,2024-12-29,4,"quantile",0.5,145149.798962189
"1470","DE","15-34",2024-12-05,2024-12-29,4,"quantile",0.75,162597.803550373
"1471","DE","15-34",2024-12-05,2024-12-29,4,"quantile",0.9,180831.11369304
"1472","DE","15-34",2024-12-05,2024-12-29,4,"quantile",0.975,203213.081758917
"1473","DE","35-59",2024-12-05,2024-12-08,1,"mean",NA,495066.305242069
"1474","DE","35-59",2024-12-05,2024-12-08,1,"quantile",0.025,383609.137033822
"1475","DE","35-59",2024-12-05,2024-12-08,1,"quantile",0.1,418984.144227389
"1476","DE","35-59",2024-12-05,2024-12-08,1,"quantile",0.25,452053.636428322
"1477","DE","35-59",2024-12-05,2024-12-08,1,"quantile",0.5,490710.260651773
"1478","DE","35-59",2024-12-05,2024-12-08,1,"quantile",0.75,533306.656024233
"1479","DE","35-59",2024-12-05,2024-12-08,1,"quantile",0.9,577938.258300159
"1480","DE","35-59",2024-12-05,2024-12-08,1,"quantile",0.975,627817.677658184
"1481","DE","35-59",2024-12-05,2024-12-15,2,"mean",NA,505643.467817499
"1482","DE","35-59",2024-12-05,2024-12-15,2,"quantile",0.025,362152.599931119
"1483","DE","35-59",2024-12-05,2024-12-15,2,"quantile",0.1,404948.076746778
"1484","DE","35-59",2024-12-05,2024-12-15,2,"quantile",0.25,447781.243188918
"1485","DE","35-59",2024-12-05,2024-12-15,2,"quantile",0.5,498331.485196659
"1486","DE","35-59",2024-12-05,2024-12-15,2,"quantile",0.75,556126.436784044
"1487","DE","35-59",2024-12-05,2024-12-15,2,"quantile",0.9,615659.983938181
"1488","DE","35-59",2024-12-05,2024-12-15,2,"quantile",0.975,684015.940180934
"1489","DE","35-59",2024-12-05,2024-12-22,3,"mean",NA,422499.102978317
"1490","DE","35-59",2024-12-05,2024-12-22,3,"quantile",0.025,286282.618107063
"1491","DE","35-59",2024-12-05,2024-12-22,3,"quantile",0.1,325898.972423654
"1492","DE","35-59",2024-12-05,2024-12-22,3,"quantile",0.25,364839.921000657
"1493","DE","35-59",2024-12-05,2024-12-22,3,"quantile",0.5,413513.919249938
"1494","DE","35-59",2024-12-05,2024-12-22,3,"quantile",0.75,470784.310583992
"1495","DE","35-59",2024-12-05,2024-12-22,3,"quantile",0.9,529603.636073903
"1496","DE","35-59",2024-12-05,2024-12-22,3,"quantile",0.975,604353.509794955
"1497","DE","35-59",2024-12-05,2024-12-29,4,"mean",NA,210036.420733263
"1498","DE","35-59",2024-12-05,2024-12-29,4,"quantile",0.025,136305.577285025
"1499","DE","35-59",2024-12-05,2024-12-29,4,"quantile",0.1,157187.320360361
"1500","DE","35-59",2024-12-05,2024-12-29,4,"quantile",0.25,178087.992499704
"1501","DE","35-59",2024-12-05,2024-12-29,4,"quantile",0.5,205654.905329206
"1502","DE","35-59",2024-12-05,2024-12-29,4,"quantile",0.75,236154.569511901
"1503","DE","35-59",2024-12-05,2024-12-29,4,"quantile",0.9,268509.397876148
"1504","DE","35-59",2024-12-05,2024-12-29,4,"quantile",0.975,308178.00689689
"1505","DE","60+",2024-12-05,2024-12-08,1,"mean",NA,152255.339529334
"1506","DE","60+",2024-12-05,2024-12-08,1,"quantile",0.025,118994.746273036
"1507","DE","60+",2024-12-05,2024-12-08,1,"quantile",0.1,129446.156218971
"1508","DE","60+",2024-12-05,2024-12-08,1,"quantile",0.25,139363.112353959
"1509","DE","60+",2024-12-05,2024-12-08,1,"quantile",0.5,151183.53251686
"1510","DE","60+",2024-12-05,2024-12-08,1,"quantile",0.75,163952.69356762
"1511","DE","60+",2024-12-05,2024-12-08,1,"quantile",0.9,176394.864482209
"1512","DE","60+",2024-12-05,2024-12-08,1,"quantile",0.975,192558.174036861
"1513","DE","60+",2024-12-05,2024-12-15,2,"mean",NA,166386.572448294
"1514","DE","60+",2024-12-05,2024-12-15,2,"quantile",0.025,120478.271897391
"1515","DE","60+",2024-12-05,2024-12-15,2,"quantile",0.1,134221.293200366
"1516","DE","60+",2024-12-05,2024-12-15,2,"quantile",0.25,147276.508790886
"1517","DE","60+",2024-12-05,2024-12-15,2,"quantile",0.5,164184.268243173
"1518","DE","60+",2024-12-05,2024-12-15,2,"quantile",0.75,183376.840714756
"1519","DE","60+",2024-12-05,2024-12-15,2,"quantile",0.9,201917.121296643
"1520","DE","60+",2024-12-05,2024-12-15,2,"quantile",0.975,222716.740202008
"1521","DE","60+",2024-12-05,2024-12-22,3,"mean",NA,160094.616674535
"1522","DE","60+",2024-12-05,2024-12-22,3,"quantile",0.025,108750.697392391
"1523","DE","60+",2024-12-05,2024-12-22,3,"quantile",0.1,122993.134440484
"1524","DE","60+",2024-12-05,2024-12-22,3,"quantile",0.25,138401.468960724
"1525","DE","60+",2024-12-05,2024-12-22,3,"quantile",0.5,156971.139013234
"1526","DE","60+",2024-12-05,2024-12-22,3,"quantile",0.75,178755.389294527
"1527","DE","60+",2024-12-05,2024-12-22,3,"quantile",0.9,200994.838630186
"1528","DE","60+",2024-12-05,2024-12-22,3,"quantile",0.975,228752.056958572
"1529","DE","60+",2024-12-05,2024-12-29,4,"mean",NA,89980.6693885615
"1530","DE","60+",2024-12-05,2024-12-29,4,"quantile",0.025,59358.1130285652
"1531","DE","60+",2024-12-05,2024-12-29,4,"quantile",0.1,67794.5757481984
"1532","DE","60+",2024-12-05,2024-12-29,4,"quantile",0.25,76955.8814820826
"1533","DE","60+",2024-12-05,2024-12-29,4,"quantile",0.5,88207.1022462556
"1534","DE","60+",2024-12-05,2024-12-29,4,"quantile",0.75,100797.833082511
"1535","DE","60+",2024-12-05,2024-12-29,4,"quantile",0.9,114078.115620285
"1536","DE","60+",2024-12-05,2024-12-29,4,"quantile",0.975,131560.987284547
"1537","DE","00+",2024-12-12,2024-12-15,1,"mean",NA,1440776.27467525
"1538","DE","00+",2024-12-12,2024-12-15,1,"quantile",0.025,1174661.94290281
"1539","DE","00+",2024-12-12,2024-12-15,1,"quantile",0.1,1255874.87295634
"1540","DE","00+",2024-12-12,2024-12-15,1,"quantile",0.25,1337736.17637713
"1541","DE","00+",2024-12-12,2024-12-15,1,"quantile",0.5,1433259.66326884
"1542","DE","00+",2024-12-12,2024-12-15,1,"quantile",0.75,1535908.34476925
"1543","DE","00+",2024-12-12,2024-12-15,1,"quantile",0.9,1632321.71865568
"1544","DE","00+",2024-12-12,2024-12-15,1,"quantile",0.975,1752933.66369081
"1545","DE","00+",2024-12-12,2024-12-22,2,"mean",NA,1296625.70284065
"1546","DE","00+",2024-12-12,2024-12-22,2,"quantile",0.025,989940.893421797
"1547","DE","00+",2024-12-12,2024-12-22,2,"quantile",0.1,1083312.09874889
"1548","DE","00+",2024-12-12,2024-12-22,2,"quantile",0.25,1176658.94261978
"1549","DE","00+",2024-12-12,2024-12-22,2,"quantile",0.5,1285931.99981078
"1550","DE","00+",2024-12-12,2024-12-22,2,"quantile",0.75,1404553.94291633
"1551","DE","00+",2024-12-12,2024-12-22,2,"quantile",0.9,1525092.96428657
"1552","DE","00+",2024-12-12,2024-12-22,2,"quantile",0.975,1669990.32321963
"1553","DE","00+",2024-12-12,2024-12-29,3,"mean",NA,641533.32049306
"1554","DE","00+",2024-12-12,2024-12-29,3,"quantile",0.025,465590.544598296
"1555","DE","00+",2024-12-12,2024-12-29,3,"quantile",0.1,520442.813770832
"1556","DE","00+",2024-12-12,2024-12-29,3,"quantile",0.25,572834.105362421
"1557","DE","00+",2024-12-12,2024-12-29,3,"quantile",0.5,633433.461609075
"1558","DE","00+",2024-12-12,2024-12-29,3,"quantile",0.75,703386.222086741
"1559","DE","00+",2024-12-12,2024-12-29,3,"quantile",0.9,774474.117231667
"1560","DE","00+",2024-12-12,2024-12-29,3,"quantile",0.975,857926.985526156
"1561","DE","00+",2024-12-12,2025-01-05,4,"mean",NA,1134743.95667212
"1562","DE","00+",2024-12-12,2025-01-05,4,"quantile",0.025,804517.895470717
"1563","DE","00+",2024-12-12,2025-01-05,4,"quantile",0.1,909342.115386258
"1564","DE","00+",2024-12-12,2025-01-05,4,"quantile",0.25,1003191.12445333
"1565","DE","00+",2024-12-12,2025-01-05,4,"quantile",0.5,1120276.55961201
"1566","DE","00+",2024-12-12,2025-01-05,4,"quantile",0.75,1249527.48988772
"1567","DE","00+",2024-12-12,2025-01-05,4,"quantile",0.9,1385928.4317064
"1568","DE","00+",2024-12-12,2025-01-05,4,"quantile",0.975,1542258.1962318
"1569","DE","00-04",2024-12-12,2024-12-15,1,"mean",NA,215752.822109552
"1570","DE","00-04",2024-12-12,2024-12-15,1,"quantile",0.025,186143.816997447
"1571","DE","00-04",2024-12-12,2024-12-15,1,"quantile",0.1,195588.909837563
"1572","DE","00-04",2024-12-12,2024-12-15,1,"quantile",0.25,204595.217952962
"1573","DE","00-04",2024-12-12,2024-12-15,1,"quantile",0.5,215214.500801482
"1574","DE","00-04",2024-12-12,2024-12-15,1,"quantile",0.75,226287.910761949
"1575","DE","00-04",2024-12-12,2024-12-15,1,"quantile",0.9,236965.50711336
"1576","DE","00-04",2024-12-12,2024-12-15,1,"quantile",0.975,248796.067057916
"1577","DE","00-04",2024-12-12,2024-12-22,2,"mean",NA,218513.631151785
"1578","DE","00-04",2024-12-12,2024-12-22,2,"quantile",0.025,181426.289415042
"1579","DE","00-04",2024-12-12,2024-12-22,2,"quantile",0.1,193514.038737518
"1580","DE","00-04",2024-12-12,2024-12-22,2,"quantile",0.25,204600.840693237
"1581","DE","00-04",2024-12-12,2024-12-22,2,"quantile",0.5,217776.245497935
"1582","DE","00-04",2024-12-12,2024-12-22,2,"quantile",0.75,231286.19802802
"1583","DE","00-04",2024-12-12,2024-12-22,2,"quantile",0.9,244282.534274345
"1584","DE","00-04",2024-12-12,2024-12-22,2,"quantile",0.975,260210.812290786
"1585","DE","00-04",2024-12-12,2024-12-29,3,"mean",NA,125548.847767983
"1586","DE","00-04",2024-12-12,2024-12-29,3,"quantile",0.025,101454.188589164
"1587","DE","00-04",2024-12-12,2024-12-29,3,"quantile",0.1,108932.612150136
"1588","DE","00-04",2024-12-12,2024-12-29,3,"quantile",0.25,116337.111971949
"1589","DE","00-04",2024-12-12,2024-12-29,3,"quantile",0.5,125014.728944375
"1590","DE","00-04",2024-12-12,2024-12-29,3,"quantile",0.75,134211.576267697
"1591","DE","00-04",2024-12-12,2024-12-29,3,"quantile",0.9,142880.242358835
"1592","DE","00-04",2024-12-12,2024-12-29,3,"quantile",0.975,152674.936230584
"1593","DE","00-04",2024-12-12,2025-01-05,4,"mean",NA,144668.849156542
"1594","DE","00-04",2024-12-12,2025-01-05,4,"quantile",0.025,115676.783885505
"1595","DE","00-04",2024-12-12,2025-01-05,4,"quantile",0.1,124663.925025025
"1596","DE","00-04",2024-12-12,2025-01-05,4,"quantile",0.25,133277.992202875
"1597","DE","00-04",2024-12-12,2025-01-05,4,"quantile",0.5,143514.236776777
"1598","DE","00-04",2024-12-12,2025-01-05,4,"quantile",0.75,155542.616649957
"1599","DE","00-04",2024-12-12,2025-01-05,4,"quantile",0.9,166394.893770068
"1600","DE","00-04",2024-12-12,2025-01-05,4,"quantile",0.975,178294.91757023
"1601","DE","05-14",2024-12-12,2024-12-15,1,"mean",NA,197087.076863969
"1602","DE","05-14",2024-12-12,2024-12-15,1,"quantile",0.025,155933.468083667
"1603","DE","05-14",2024-12-12,2024-12-15,1,"quantile",0.1,169067.790913025
"1604","DE","05-14",2024-12-12,2024-12-15,1,"quantile",0.25,181279.954938213
"1605","DE","05-14",2024-12-12,2024-12-15,1,"quantile",0.5,195670.004634029
"1606","DE","05-14",2024-12-12,2024-12-15,1,"quantile",0.75,211429.038585668
"1607","DE","05-14",2024-12-12,2024-12-15,1,"quantile",0.9,226860.258195151
"1608","DE","05-14",2024-12-12,2024-12-15,1,"quantile",0.975,245473.785101902
"1609","DE","05-14",2024-12-12,2024-12-22,2,"mean",NA,181006.313280639
"1610","DE","05-14",2024-12-12,2024-12-22,2,"quantile",0.025,134053.106458143
"1611","DE","05-14",2024-12-12,2024-12-22,2,"quantile",0.1,147812.109840972
"1612","DE","05-14",2024-12-12,2024-12-22,2,"quantile",0.25,162349.111653898
"1613","DE","05-14",2024-12-12,2024-12-22,2,"quantile",0.5,179472.584354384
"1614","DE","05-14",2024-12-12,2024-12-22,2,"quantile",0.75,197633.106712093
"1615","DE","05-14",2024-12-12,2024-12-22,2,"quantile",0.9,215865.40421461
"1616","DE","05-14",2024-12-12,2024-12-22,2,"quantile",0.975,240096.564836159
"1617","DE","05-14",2024-12-12,2024-12-29,3,"mean",NA,77648.4778925098
"1618","DE","05-14",2024-12-12,2024-12-29,3,"quantile",0.025,54702.8001663643
"1619","DE","05-14",2024-12-12,2024-12-29,3,"quantile",0.1,61895.7570022071
"1620","DE","05-14",2024-12-12,2024-12-29,3,"quantile",0.25,68633.0417490872
"1621","DE","05-14",2024-12-12,2024-12-29,3,"quantile",0.5,76556.5682723575
"1622","DE","05-14",2024-12-12,2024-12-29,3,"quantile",0.75,85758.568389533
"1623","DE","05-14",2024-12-12,2024-12-29,3,"quantile",0.9,95310.1827720721
"1624","DE","05-14",2024-12-12,2024-12-29,3,"quantile",0.975,105910.990314856
"1625","DE","05-14",2024-12-12,2025-01-05,4,"mean",NA,101707.22210252
"1626","DE","05-14",2024-12-12,2025-01-05,4,"quantile",0.025,70401.3215566687
"1627","DE","05-14",2024-12-12,2025-01-05,4,"quantile",0.1,80109.7084998035
"1628","DE","05-14",2024-12-12,2025-01-05,4,"quantile",0.25,89038.8476375725
"1629","DE","05-14",2024-12-12,2025-01-05,4,"quantile",0.5,100037.644487257
"1630","DE","05-14",2024-12-12,2025-01-05,4,"quantile",0.75,112756.376723035
"1631","DE","05-14",2024-12-12,2025-01-05,4,"quantile",0.9,125426.878862797
"1632","DE","05-14",2024-12-12,2025-01-05,4,"quantile",0.975,141051.316484486
"1633","DE","15-34",2024-12-12,2024-12-15,1,"mean",NA,397742.759220502
"1634","DE","15-34",2024-12-12,2024-12-15,1,"quantile",0.025,313142.44054021
"1635","DE","15-34",2024-12-12,2024-12-15,1,"quantile",0.1,339407.251776267
"1636","DE","15-34",2024-12-12,2024-12-15,1,"quantile",0.25,364824.885654951
"1637","DE","15-34",2024-12-12,2024-12-15,1,"quantile",0.5,395332.3510471
"1638","DE","15-34",2024-12-12,2024-12-15,1,"quantile",0.75,427810.465514447
"1639","DE","15-34",2024-12-12,2024-12-15,1,"quantile",0.9,459876.571300801
"1640","DE","15-34",2024-12-12,2024-12-15,1,"quantile",0.975,497644.188347713
"1641","DE","15-34",2024-12-12,2024-12-22,2,"mean",NA,343073.665346473
"1642","DE","15-34",2024-12-12,2024-12-22,2,"quantile",0.025,254769.065280927
"1643","DE","15-34",2024-12-12,2024-12-22,2,"quantile",0.1,282130.842825428
"1644","DE","15-34",2024-12-12,2024-12-22,2,"quantile",0.25,307891.542440886
"1645","DE","15-34",2024-12-12,2024-12-22,2,"quantile",0.5,340151.111970588
"1646","DE","15-34",2024-12-12,2024-12-22,2,"quantile",0.75,373859.120748039
"1647","DE","15-34",2024-12-12,2024-12-22,2,"quantile",0.9,407467.65017905
"1648","DE","15-34",2024-12-12,2024-12-22,2,"quantile",0.975,449915.266077522
"1649","DE","15-34",2024-12-12,2024-12-29,3,"mean",NA,144855.672054223
"1650","DE","15-34",2024-12-12,2024-12-29,3,"quantile",0.025,103819.172936163
"1651","DE","15-34",2024-12-12,2024-12-29,3,"quantile",0.1,116155.440437407
"1652","DE","15-34",2024-12-12,2024-12-29,3,"quantile",0.25,128034.074619128
"1653","DE","15-34",2024-12-12,2024-12-29,3,"quantile",0.5,142856.917247905
"1654","DE","15-34",2024-12-12,2024-12-29,3,"quantile",0.75,159819.986891723
"1655","DE","15-34",2024-12-12,2024-12-29,3,"quantile",0.9,176126.374495838
"1656","DE","15-34",2024-12-12,2024-12-29,3,"quantile",0.975,196071.221944692
"1657","DE","15-34",2024-12-12,2025-01-05,4,"mean",NA,297798.462859022
"1658","DE","15-34",2024-12-12,2025-01-05,4,"quantile",0.025,210510.997019277
"1659","DE","15-34",2024-12-12,2025-01-05,4,"quantile",0.1,235680.811958962
"1660","DE","15-34",2024-12-12,2025-01-05,4,"quantile",0.25,260361.292450388
"1661","DE","15-34",2024-12-12,2025-01-05,4,"quantile",0.5,292960.50662665
"1662","DE","15-34",2024-12-12,2025-01-05,4,"quantile",0.75,331249.87130015
"1663","DE","15-34",2024-12-12,2025-01-05,4,"quantile",0.9,366563.220192285
"1664","DE","15-34",2024-12-12,2025-01-05,4,"quantile",0.975,411367.793368605
"1665","DE","35-59",2024-12-12,2024-12-15,1,"mean",NA,480579.384940468
"1666","DE","35-59",2024-12-12,2024-12-15,1,"quantile",0.025,373540.087997194
"1667","DE","35-59",2024-12-12,2024-12-15,1,"quantile",0.1,406201.902511964
"1668","DE","35-59",2024-12-12,2024-12-15,1,"quantile",0.25,437769.084075301
"1669","DE","35-59",2024-12-12,2024-12-15,1,"quantile",0.5,476938.069400204
"1670","DE","35-59",2024-12-12,2024-12-15,1,"quantile",0.75,518774.582595733
"1671","DE","35-59",2024-12-12,2024-12-15,1,"quantile",0.9,559184.616101392
"1672","DE","35-59",2024-12-12,2024-12-15,1,"quantile",0.975,610098.807448899
"1673","DE","35-59",2024-12-12,2024-12-22,2,"mean",NA,402678.993095247
"1674","DE","35-59",2024-12-12,2024-12-22,2,"quantile",0.025,288401.566434223
"1675","DE","35-59",2024-12-12,2024-12-22,2,"quantile",0.1,321712.595387614
"1676","DE","35-59",2024-12-12,2024-12-22,2,"quantile",0.25,356676.279509651
"1677","DE","35-59",2024-12-12,2024-12-22,2,"quantile",0.5,397664.584196207
"1678","DE","35-59",2024-12-12,2024-12-22,2,"quantile",0.75,443442.038436491
"1679","DE","35-59",2024-12-12,2024-12-22,2,"quantile",0.9,490849.580907298
"1680","DE","35-59",2024-12-12,2024-12-22,2,"quantile",0.975,548785.869695504
"1681","DE","35-59",2024-12-12,2024-12-29,3,"mean",NA,202760.941619967
"1682","DE","35-59",2024-12-12,2024-12-29,3,"quantile",0.025,135155.799652487
"1683","DE","35-59",2024-12-12,2024-12-29,3,"quantile",0.1,155510.325524532
"1684","DE","35-59",2024-12-12,2024-12-29,3,"quantile",0.25,175227.766526523
"1685","DE","35-59",2024-12-12,2024-12-29,3,"quantile",0.5,198759.106462333
"1686","DE","35-59",2024-12-12,2024-12-29,3,"quantile",0.75,226491.093481396
"1687","DE","35-59",2024-12-12,2024-12-29,3,"quantile",0.9,255189.183094498
"1688","DE","35-59",2024-12-12,2024-12-29,3,"quantile",0.975,289969.876364025
"1689","DE","35-59",2024-12-12,2025-01-05,4,"mean",NA,417098.954817404
"1690","DE","35-59",2024-12-12,2025-01-05,4,"quantile",0.025,269003.100605216
"1691","DE","35-59",2024-12-12,2025-01-05,4,"quantile",0.1,314503.740189477
"1692","DE","35-59",2024-12-12,2025-01-05,4,"quantile",0.25,355529.564202457
"1693","DE","35-59",2024-12-12,2025-01-05,4,"quantile",0.5,408190.253333324
"1694","DE","35-59",2024-12-12,2025-01-05,4,"quantile",0.75,468686.550176452
"1695","DE","35-59",2024-12-12,2025-01-05,4,"quantile",0.9,533618.256150734
"1696","DE","35-59",2024-12-12,2025-01-05,4,"quantile",0.975,612356.518057432
"1697","DE","60+",2024-12-12,2024-12-15,1,"mean",NA,165516.620477364
"1698","DE","60+",2024-12-12,2024-12-15,1,"quantile",0.025,129758.698395011
"1699","DE","60+",2024-12-12,2024-12-15,1,"quantile",0.1,140503.498876054
"1700","DE","60+",2024-12-12,2024-12-15,1,"quantile",0.25,151197.291323298
"1701","DE","60+",2024-12-12,2024-12-15,1,"quantile",0.5,164129.595429929
"1702","DE","60+",2024-12-12,2024-12-15,1,"quantile",0.75,178597.591783512
"1703","DE","60+",2024-12-12,2024-12-15,1,"quantile",0.9,192510.736675013
"1704","DE","60+",2024-12-12,2024-12-15,1,"quantile",0.975,208225.062727553
"1705","DE","60+",2024-12-12,2024-12-22,2,"mean",NA,158849.984250141
"1706","DE","60+",2024-12-12,2024-12-22,2,"quantile",0.025,114530.851640301
"1707","DE","60+",2024-12-12,2024-12-22,2,"quantile",0.1,127580.951049282
"1708","DE","60+",2024-12-12,2024-12-22,2,"quantile",0.25,141175.008381437
"1709","DE","60+",2024-12-12,2024-12-22,2,"quantile",0.5,157003.635734884
"1710","DE","60+",2024-12-12,2024-12-22,2,"quantile",0.75,174671.34312934
"1711","DE","60+",2024-12-12,2024-12-22,2,"quantile",0.9,192285.326160987
"1712","DE","60+",2024-12-12,2024-12-22,2,"quantile",0.975,213224.935455159
"1713","DE","60+",2024-12-12,2024-12-29,3,"mean",NA,89569.3090112681
"1714","DE","60+",2024-12-12,2024-12-29,3,"quantile",0.025,60594.0389606174
"1715","DE","60+",2024-12-12,2024-12-29,3,"quantile",0.1,69127.6967563067
"1716","DE","60+",2024-12-12,2024-12-29,3,"quantile",0.25,77543.5722374182
"1717","DE","60+",2024-12-12,2024-12-29,3,"quantile",0.5,88164.1673138432
"1718","DE","60+",2024-12-12,2024-12-29,3,"quantile",0.75,100076.243970867
"1719","DE","60+",2024-12-12,2024-12-29,3,"quantile",0.9,111679.312414845
"1720","DE","60+",2024-12-12,2024-12-29,3,"quantile",0.975,126462.138579557
"1721","DE","60+",2024-12-12,2025-01-05,4,"mean",NA,182943.264416275
"1722","DE","60+",2024-12-12,2025-01-05,4,"quantile",0.025,120252.83967388
"1723","DE","60+",2024-12-12,2025-01-05,4,"quantile",0.1,137970.477415997
"1724","DE","60+",2024-12-12,2025-01-05,4,"quantile",0.25,156086.353860973
"1725","DE","60+",2024-12-12,2025-01-05,4,"quantile",0.5,178861.189363117
"1726","DE","60+",2024-12-12,2025-01-05,4,"quantile",0.75,206595.918704057
"1727","DE","60+",2024-12-12,2025-01-05,4,"quantile",0.9,233397.311238091
"1728","DE","60+",2024-12-12,2025-01-05,4,"quantile",0.975,264816.581215273
"1729","DE","00+",2024-12-19,2024-12-22,1,"mean",NA,1305142.59835651
"1730","DE","00+",2024-12-19,2024-12-22,1,"quantile",0.025,1063411.27578219
"1731","DE","00+",2024-12-19,2024-12-22,1,"quantile",0.1,1138459.80844349
"1732","DE","00+",2024-12-19,2024-12-22,1,"quantile",0.25,1210298.86829708
"1733","DE","00+",2024-12-19,2024-12-22,1,"quantile",0.5,1298556.71986808
"1734","DE","00+",2024-12-19,2024-12-22,1,"quantile",0.75,1390447.10403959
"1735","DE","00+",2024-12-19,2024-12-22,1,"quantile",0.9,1478982.07788719
"1736","DE","00+",2024-12-19,2024-12-22,1,"quantile",0.975,1579983.99933493
"1737","DE","00+",2024-12-19,2024-12-29,2,"mean",NA,644365.242535635
"1738","DE","00+",2024-12-19,2024-12-29,2,"quantile",0.025,490118.601972046
"1739","DE","00+",2024-12-19,2024-12-29,2,"quantile",0.1,540135.879804017
"1740","DE","00+",2024-12-19,2024-12-29,2,"quantile",0.25,586682.488827088
"1741","DE","00+",2024-12-19,2024-12-29,2,"quantile",0.5,640025.622220998
"1742","DE","00+",2024-12-19,2024-12-29,2,"quantile",0.75,697635.184620983
"1743","DE","00+",2024-12-19,2024-12-29,2,"quantile",0.9,751237.738219183
"1744","DE","00+",2024-12-19,2024-12-29,2,"quantile",0.975,827035.833412562
"1745","DE","00+",2024-12-19,2025-01-05,3,"mean",NA,1139651.85690539
"1746","DE","00+",2024-12-19,2025-01-05,3,"quantile",0.025,831667.253795642
"1747","DE","00+",2024-12-19,2025-01-05,3,"quantile",0.1,925266.363033738
"1748","DE","00+",2024-12-19,2025-01-05,3,"quantile",0.25,1014102.60659222
"1749","DE","00+",2024-12-19,2025-01-05,3,"quantile",0.5,1128203.24974606
"1750","DE","00+",2024-12-19,2025-01-05,3,"quantile",0.75,1249855.82582236
"1751","DE","00+",2024-12-19,2025-01-05,3,"quantile",0.9,1369124.99279808
"1752","DE","00+",2024-12-19,2025-01-05,3,"quantile",0.975,1512964.88920686
"1753","DE","00+",2024-12-19,2025-01-12,4,"mean",NA,1468477.24143172
"1754","DE","00+",2024-12-19,2025-01-12,4,"quantile",0.025,1049064.69569121
"1755","DE","00+",2024-12-19,2025-01-12,4,"quantile",0.1,1173870.90444677
"1756","DE","00+",2024-12-19,2025-01-12,4,"quantile",0.25,1298080.67681343
"1757","DE","00+",2024-12-19,2025-01-12,4,"quantile",0.5,1446714.37268341
"1758","DE","00+",2024-12-19,2025-01-12,4,"quantile",0.75,1619814.86911286
"1759","DE","00+",2024-12-19,2025-01-12,4,"quantile",0.9,1787384.13709902
"1760","DE","00+",2024-12-19,2025-01-12,4,"quantile",0.975,2005938.14960298
"1761","DE","00-04",2024-12-19,2024-12-22,1,"mean",NA,218152.4255675
"1762","DE","00-04",2024-12-19,2024-12-22,1,"quantile",0.025,187740.240184868
"1763","DE","00-04",2024-12-19,2024-12-22,1,"quantile",0.1,198125.618083585
"1764","DE","00-04",2024-12-19,2024-12-22,1,"quantile",0.25,206854.262450397
"1765","DE","00-04",2024-12-19,2024-12-22,1,"quantile",0.5,217482.764235524
"1766","DE","00-04",2024-12-19,2024-12-22,1,"quantile",0.75,228717.720382373
"1767","DE","00-04",2024-12-19,2024-12-22,1,"quantile",0.9,239199.043850177
"1768","DE","00-04",2024-12-19,2024-12-22,1,"quantile",0.975,251968.33336389
"1769","DE","00-04",2024-12-19,2024-12-29,2,"mean",NA,125077.223966359
"1770","DE","00-04",2024-12-19,2024-12-29,2,"quantile",0.025,103637.962716192
"1771","DE","00-04",2024-12-19,2024-12-29,2,"quantile",0.1,110825.561679857
"1772","DE","00-04",2024-12-19,2024-12-29,2,"quantile",0.25,117159.799697132
"1773","DE","00-04",2024-12-19,2024-12-29,2,"quantile",0.5,124374.200443789
"1774","DE","00-04",2024-12-19,2024-12-29,2,"quantile",0.75,132466.890344384
"1775","DE","00-04",2024-12-19,2024-12-29,2,"quantile",0.9,140220.950901955
"1776","DE","00-04",2024-12-19,2024-12-29,2,"quantile",0.975,149810.836816788
"1777","DE","00-04",2024-12-19,2025-01-05,3,"mean",NA,144024.510195744
"1778","DE","00-04",2024-12-19,2025-01-05,3,"quantile",0.025,116251.740824384
"1779","DE","00-04",2024-12-19,2025-01-05,3,"quantile",0.1,124905.4137618
"1780","DE","00-04",2024-12-19,2025-01-05,3,"quantile",0.25,133144.496473666
"1781","DE","00-04",2024-12-19,2025-01-05,3,"quantile",0.5,143163.180132596
"1782","DE","00-04",2024-12-19,2025-01-05,3,"quantile",0.75,153865.885800178
"1783","DE","00-04",2024-12-19,2025-01-05,3,"quantile",0.9,163814.708886402
"1784","DE","00-04",2024-12-19,2025-01-05,3,"quantile",0.975,176782.187922944
"1785","DE","00-04",2024-12-19,2025-01-12,4,"mean",NA,170977.576929799
"1786","DE","00-04",2024-12-19,2025-01-12,4,"quantile",0.025,136450.951839842
"1787","DE","00-04",2024-12-19,2025-01-12,4,"quantile",0.1,147204.631325168
"1788","DE","00-04",2024-12-19,2025-01-12,4,"quantile",0.25,157694.529831632
"1789","DE","00-04",2024-12-19,2025-01-12,4,"quantile",0.5,169633.478264485
"1790","DE","00-04",2024-12-19,2025-01-12,4,"quantile",0.75,183120.613959604
"1791","DE","00-04",2024-12-19,2025-01-12,4,"quantile",0.9,196482.14983345
"1792","DE","00-04",2024-12-19,2025-01-12,4,"quantile",0.975,211975.647465731
"1793","DE","05-14",2024-12-19,2024-12-22,1,"mean",NA,177185.700073376
"1794","DE","05-14",2024-12-19,2024-12-22,1,"quantile",0.025,140784.907645798
"1795","DE","05-14",2024-12-19,2024-12-22,1,"quantile",0.1,152003.294609278
"1796","DE","05-14",2024-12-19,2024-12-22,1,"quantile",0.25,163058.253505999
"1797","DE","05-14",2024-12-19,2024-12-22,1,"quantile",0.5,175946.590899393
"1798","DE","05-14",2024-12-19,2024-12-22,1,"quantile",0.75,189952.067723406
"1799","DE","05-14",2024-12-19,2024-12-22,1,"quantile",0.9,203897.770885412
"1800","DE","05-14",2024-12-19,2024-12-22,1,"quantile",0.975,219173.118233307
"1801","DE","05-14",2024-12-19,2024-12-29,2,"mean",NA,76012.0585422026
"1802","DE","05-14",2024-12-19,2024-12-29,2,"quantile",0.025,56011.7624777208
"1803","DE","05-14",2024-12-19,2024-12-29,2,"quantile",0.1,62509.2291601773
"1804","DE","05-14",2024-12-19,2024-12-29,2,"quantile",0.25,68380.4388449606
"1805","DE","05-14",2024-12-19,2024-12-29,2,"quantile",0.5,75359.3715540997
"1806","DE","05-14",2024-12-19,2024-12-29,2,"quantile",0.75,82964.5859432362
"1807","DE","05-14",2024-12-19,2024-12-29,2,"quantile",0.9,90354.9409949854
"1808","DE","05-14",2024-12-19,2024-12-29,2,"quantile",0.975,99722.2731466964
"1809","DE","05-14",2024-12-19,2025-01-05,3,"mean",NA,100290.190177628
"1810","DE","05-14",2024-12-19,2025-01-05,3,"quantile",0.025,71523.6064373808
"1811","DE","05-14",2024-12-19,2025-01-05,3,"quantile",0.1,79727.8460163929
"1812","DE","05-14",2024-12-19,2025-01-05,3,"quantile",0.25,88310.1150865561
"1813","DE","05-14",2024-12-19,2025-01-05,3,"quantile",0.5,98938.909898844
"1814","DE","05-14",2024-12-19,2025-01-05,3,"quantile",0.75,110579.122842746
"1815","DE","05-14",2024-12-19,2025-01-05,3,"quantile",0.9,122142.797601771
"1816","DE","05-14",2024-12-19,2025-01-05,3,"quantile",0.975,136305.773636917
"1817","DE","05-14",2024-12-19,2025-01-12,4,"mean",NA,146346.704939104
"1818","DE","05-14",2024-12-19,2025-01-12,4,"quantile",0.025,102315.126450179
"1819","DE","05-14",2024-12-19,2025-01-12,4,"quantile",0.1,114982.744408639
"1820","DE","05-14",2024-12-19,2025-01-12,4,"quantile",0.25,127935.555586746
"1821","DE","05-14",2024-12-19,2025-01-12,4,"quantile",0.5,143712.299459731
"1822","DE","05-14",2024-12-19,2025-01-12,4,"quantile",0.75,162224.467548402
"1823","DE","05-14",2024-12-19,2025-01-12,4,"quantile",0.9,180702.452571524
"1824","DE","05-14",2024-12-19,2025-01-12,4,"quantile",0.975,204053.711327312
"1825","DE","15-34",2024-12-19,2024-12-22,1,"mean",NA,359162.465916914
"1826","DE","15-34",2024-12-19,2024-12-22,1,"quantile",0.025,283148.966836269
"1827","DE","15-34",2024-12-19,2024-12-22,1,"quantile",0.1,307532.099201569
"1828","DE","15-34",2024-12-19,2024-12-22,1,"quantile",0.25,329448.473412903
"1829","DE","15-34",2024-12-19,2024-12-22,1,"quantile",0.5,356298.472864636
"1830","DE","15-34",2024-12-19,2024-12-22,1,"quantile",0.75,385513.953828296
"1831","DE","15-34",2024-12-19,2024-12-22,1,"quantile",0.9,414961.360956088
"1832","DE","15-34",2024-12-19,2024-12-22,1,"quantile",0.975,451558.776136143
"1833","DE","15-34",2024-12-19,2024-12-29,2,"mean",NA,150548.939630483
"1834","DE","15-34",2024-12-19,2024-12-29,2,"quantile",0.025,111924.266349339
"1835","DE","15-34",2024-12-19,2024-12-29,2,"quantile",0.1,124263.76088174
"1836","DE","15-34",2024-12-19,2024-12-29,2,"quantile",0.25,135337.569900312
"1837","DE","15-34",2024-12-19,2024-12-29,2,"quantile",0.5,148632.805500367
"1838","DE","15-34",2024-12-19,2024-12-29,2,"quantile",0.75,164182.376579924
"1839","DE","15-34",2024-12-19,2024-12-29,2,"quantile",0.9,179188.989127719
"1840","DE","15-34",2024-12-19,2024-12-29,2,"quantile",0.975,199696.142571196
"1841","DE","15-34",2024-12-19,2025-01-05,3,"mean",NA,305647.44301287
"1842","DE","15-34",2024-12-19,2025-01-05,3,"quantile",0.025,218668.418190391
"1843","DE","15-34",2024-12-19,2025-01-05,3,"quantile",0.1,244338.237291134
"1844","DE","15-34",2024-12-19,2025-01-05,3,"quantile",0.25,269482.478969906
"1845","DE","15-34",2024-12-19,2025-01-05,3,"quantile",0.5,301085.146737957
"1846","DE","15-34",2024-12-19,2025-01-05,3,"quantile",0.75,336576.896158437
"1847","DE","15-34",2024-12-19,2025-01-05,3,"quantile",0.9,371756.075524918
"1848","DE","15-34",2024-12-19,2025-01-05,3,"quantile",0.975,417655.272452453
"1849","DE","15-34",2024-12-19,2025-01-12,4,"mean",NA,420382.430545169
"1850","DE","15-34",2024-12-19,2025-01-12,4,"quantile",0.025,295776.060202176
"1851","DE","15-34",2024-12-19,2025-01-12,4,"quantile",0.1,333310.886699849
"1852","DE","15-34",2024-12-19,2025-01-12,4,"quantile",0.25,368780.182064171
"1853","DE","15-34",2024-12-19,2025-01-12,4,"quantile",0.5,412730.48267612
"1854","DE","15-34",2024-12-19,2025-01-12,4,"quantile",0.75,465009.521663914
"1855","DE","15-34",2024-12-19,2025-01-12,4,"quantile",0.9,517102.028876462
"1856","DE","15-34",2024-12-19,2025-01-12,4,"quantile",0.975,581195.407324566
"1857","DE","35-59",2024-12-19,2024-12-22,1,"mean",NA,405543.335073031
"1858","DE","35-59",2024-12-19,2024-12-22,1,"quantile",0.025,315073.028491819
"1859","DE","35-59",2024-12-19,2024-12-22,1,"quantile",0.1,342804.603669164
"1860","DE","35-59",2024-12-19,2024-12-22,1,"quantile",0.25,368999.077778491
"1861","DE","35-59",2024-12-19,2024-12-22,1,"quantile",0.5,402027.180273565
"1862","DE","35-59",2024-12-19,2024-12-22,1,"quantile",0.75,437632.524911502
"1863","DE","35-59",2024-12-19,2024-12-22,1,"quantile",0.9,471932.28393903
"1864","DE","35-59",2024-12-19,2024-12-22,1,"quantile",0.975,512441.365393516
"1865","DE","35-59",2024-12-19,2024-12-29,2,"mean",NA,203675.892845726
"1866","DE","35-59",2024-12-19,2024-12-29,2,"quantile",0.025,145040.423566849
"1867","DE","35-59",2024-12-19,2024-12-29,2,"quantile",0.1,163339.297167504
"1868","DE","35-59",2024-12-19,2024-12-29,2,"quantile",0.25,180780.676968541
"1869","DE","35-59",2024-12-19,2024-12-29,2,"quantile",0.5,201379.893721291
"1870","DE","35-59",2024-12-19,2024-12-29,2,"quantile",0.75,224132.582409365
"1871","DE","35-59",2024-12-19,2024-12-29,2,"quantile",0.9,245826.331747056
"1872","DE","35-59",2024-12-19,2024-12-29,2,"quantile",0.975,276856.831599212
"1873","DE","35-59",2024-12-19,2025-01-05,3,"mean",NA,419122.722578047
"1874","DE","35-59",2024-12-19,2025-01-05,3,"quantile",0.025,282577.530082161
"1875","DE","35-59",2024-12-19,2025-01-05,3,"quantile",0.1,321144.610215793
"1876","DE","35-59",2024-12-19,2025-01-05,3,"quantile",0.25,361023.128791066
"1877","DE","35-59",2024-12-19,2025-01-05,3,"quantile",0.5,412651.08423249
"1878","DE","35-59",2024-12-19,2025-01-05,3,"quantile",0.75,469102.849121054
"1879","DE","35-59",2024-12-19,2025-01-05,3,"quantile",0.9,525949.661927826
"1880","DE","35-59",2024-12-19,2025-01-05,3,"quantile",0.975,592274.426999406
"1881","DE","35-59",2024-12-19,2025-01-12,4,"mean",NA,530594.125041655
"1882","DE","35-59",2024-12-19,2025-01-12,4,"quantile",0.025,345507.373339363
"1883","DE","35-59",2024-12-19,2025-01-12,4,"quantile",0.1,399335.276108907
"1884","DE","35-59",2024-12-19,2025-01-12,4,"quantile",0.25,452463.149761287
"1885","DE","35-59",2024-12-19,2025-01-12,4,"quantile",0.5,518778.396864359
"1886","DE","35-59",2024-12-19,2025-01-12,4,"quantile",0.75,596793.94109756
"1887","DE","35-59",2024-12-19,2025-01-12,4,"quantile",0.9,676246.919879806
"1888","DE","35-59",2024-12-19,2025-01-12,4,"quantile",0.975,778143.451574308
"1889","DE","60+",2024-12-19,2024-12-22,1,"mean",NA,153650.032901993
"1890","DE","60+",2024-12-19,2024-12-22,1,"quantile",0.025,120202.158690403
"1891","DE","60+",2024-12-19,2024-12-22,1,"quantile",0.1,130430.060807991
"1892","DE","60+",2024-12-19,2024-12-22,1,"quantile",0.25,140525.306389355
"1893","DE","60+",2024-12-19,2024-12-22,1,"quantile",0.5,152570.025756717
"1894","DE","60+",2024-12-19,2024-12-22,1,"quantile",0.75,165606.372316293
"1895","DE","60+",2024-12-19,2024-12-22,1,"quantile",0.9,178370.283339777
"1896","DE","60+",2024-12-19,2024-12-22,1,"quantile",0.975,194010.073911779
"1897","DE","60+",2024-12-19,2024-12-29,2,"mean",NA,86390.0920000967
"1898","DE","60+",2024-12-19,2024-12-29,2,"quantile",0.025,62056.4703784272
"1899","DE","60+",2024-12-19,2024-12-29,2,"quantile",0.1,69610.1554523609
"1900","DE","60+",2024-12-19,2024-12-29,2,"quantile",0.25,76632.4243772464
"1901","DE","60+",2024-12-19,2024-12-29,2,"quantile",0.5,85205.116088449
"1902","DE","60+",2024-12-19,2024-12-29,2,"quantile",0.75,94752.6056187534
"1903","DE","60+",2024-12-19,2024-12-29,2,"quantile",0.9,104420.635362604
"1904","DE","60+",2024-12-19,2024-12-29,2,"quantile",0.975,117291.987797803
"1905","DE","60+",2024-12-19,2025-01-05,3,"mean",NA,177560.021813556
"1906","DE","60+",2024-12-19,2025-01-05,3,"quantile",0.025,120514.108425083
"1907","DE","60+",2024-12-19,2025-01-05,3,"quantile",0.1,136982.847749228
"1908","DE","60+",2024-12-19,2025-01-05,3,"quantile",0.25,153266.00901888
"1909","DE","60+",2024-12-19,2025-01-05,3,"quantile",0.5,174369.811891121
"1910","DE","60+",2024-12-19,2025-01-05,3,"quantile",0.75,197971.729751742
"1911","DE","60+",2024-12-19,2025-01-05,3,"quantile",0.9,221478.117355288
"1912","DE","60+",2024-12-19,2025-01-05,3,"quantile",0.975,253764.525119285
"1913","DE","60+",2024-12-19,2025-01-12,4,"mean",NA,215228.837800272
"1914","DE","60+",2024-12-19,2025-01-12,4,"quantile",0.025,141460.99578746
"1915","DE","60+",2024-12-19,2025-01-12,4,"quantile",0.1,162931.646674101
"1916","DE","60+",2024-12-19,2025-01-12,4,"quantile",0.25,184692.790089785
"1917","DE","60+",2024-12-19,2025-01-12,4,"quantile",0.5,210686.940373471
"1918","DE","60+",2024-12-19,2025-01-12,4,"quantile",0.75,241085.502316468
"1919","DE","60+",2024-12-19,2025-01-12,4,"quantile",0.9,272658.05817215
"1920","DE","60+",2024-12-19,2025-01-12,4,"quantile",0.975,313050.463129977
"1921","DE","00+",2024-12-26,2024-12-29,1,"mean",NA,680161.504795919
"1922","DE","00+",2024-12-26,2024-12-29,1,"quantile",0.025,551837.48592906
"1923","DE","00+",2024-12-26,2024-12-29,1,"quantile",0.1,595006.961911207
"1924","DE","00+",2024-12-26,2024-12-29,1,"quantile",0.25,631460.769817758
"1925","DE","00+",2024-12-26,2024-12-29,1,"quantile",0.5,677361.738500128
"1926","DE","00+",2024-12-26,2024-12-29,1,"quantile",0.75,724952.352116667
"1927","DE","00+",2024-12-26,2024-12-29,1,"quantile",0.9,770362.030860666
"1928","DE","00+",2024-12-26,2024-12-29,1,"quantile",0.975,827815.836464092
"1929","DE","00+",2024-12-26,2025-01-05,2,"mean",NA,1195853.5405314
"1930","DE","00+",2024-12-26,2025-01-05,2,"quantile",0.025,911822.561822361
"1931","DE","00+",2024-12-26,2025-01-05,2,"quantile",0.1,1003042.47796428
"1932","DE","00+",2024-12-26,2025-01-05,2,"quantile",0.25,1085012.90139195
"1933","DE","00+",2024-12-26,2025-01-05,2,"quantile",0.5,1186870.13620793
"1934","DE","00+",2024-12-26,2025-01-05,2,"quantile",0.75,1296934.6234796
"1935","DE","00+",2024-12-26,2025-01-05,2,"quantile",0.9,1400895.73015025
"1936","DE","00+",2024-12-26,2025-01-05,2,"quantile",0.975,1530086.94222135
"1937","DE","00+",2024-12-26,2025-01-12,3,"mean",NA,1523195.22843345
"1938","DE","00+",2024-12-26,2025-01-12,3,"quantile",0.025,1125519.6504625
"1939","DE","00+",2024-12-26,2025-01-12,3,"quantile",0.1,1241671.17597724
"1940","DE","00+",2024-12-26,2025-01-12,3,"quantile",0.25,1356157.47819677
"1941","DE","00+",2024-12-26,2025-01-12,3,"quantile",0.5,1501955.14722661
"1942","DE","00+",2024-12-26,2025-01-12,3,"quantile",0.75,1668281.43458729
"1943","DE","00+",2024-12-26,2025-01-12,3,"quantile",0.9,1830971.32558612
"1944","DE","00+",2024-12-26,2025-01-12,3,"quantile",0.975,2042341.70690707
"1945","DE","00+",2024-12-26,2025-01-19,4,"mean",NA,1523116.83167849
"1946","DE","00+",2024-12-26,2025-01-19,4,"quantile",0.025,1095690.70240036
"1947","DE","00+",2024-12-26,2025-01-19,4,"quantile",0.1,1219637.35105551
"1948","DE","00+",2024-12-26,2025-01-19,4,"quantile",0.25,1345876.00796659
"1949","DE","00+",2024-12-26,2025-01-19,4,"quantile",0.5,1498054.64079271
"1950","DE","00+",2024-12-26,2025-01-19,4,"quantile",0.75,1677723.47338197
"1951","DE","00+",2024-12-26,2025-01-19,4,"quantile",0.9,1853182.6503328
"1952","DE","00+",2024-12-26,2025-01-19,4,"quantile",0.975,2080947.97566825
"1953","DE","00-04",2024-12-26,2024-12-29,1,"mean",NA,123907.309844279
"1954","DE","00-04",2024-12-26,2024-12-29,1,"quantile",0.025,107229.797816502
"1955","DE","00-04",2024-12-26,2024-12-29,1,"quantile",0.1,112405.50426092
"1956","DE","00-04",2024-12-26,2024-12-29,1,"quantile",0.25,117346.550733705
"1957","DE","00-04",2024-12-26,2024-12-29,1,"quantile",0.5,123462.995713659
"1958","DE","00-04",2024-12-26,2024-12-29,1,"quantile",0.75,130027.994476028
"1959","DE","00-04",2024-12-26,2024-12-29,1,"quantile",0.9,135845.166495502
"1960","DE","00-04",2024-12-26,2024-12-29,1,"quantile",0.975,142865.999236986
"1961","DE","00-04",2024-12-26,2025-01-05,2,"mean",NA,142795.891796834
"1962","DE","00-04",2024-12-26,2025-01-05,2,"quantile",0.025,118628.813195189
"1963","DE","00-04",2024-12-26,2025-01-05,2,"quantile",0.1,126651.485691699
"1964","DE","00-04",2024-12-26,2025-01-05,2,"quantile",0.25,133902.561737241
"1965","DE","00-04",2024-12-26,2025-01-05,2,"quantile",0.5,142265.80219546
"1966","DE","00-04",2024-12-26,2025-01-05,2,"quantile",0.75,151302.502842931
"1967","DE","00-04",2024-12-26,2025-01-05,2,"quantile",0.9,159809.558229077
"1968","DE","00-04",2024-12-26,2025-01-05,2,"quantile",0.975,169930.69372462
"1969","DE","00-04",2024-12-26,2025-01-12,3,"mean",NA,170159.821680079
"1970","DE","00-04",2024-12-26,2025-01-12,3,"quantile",0.025,138655.919849052
"1971","DE","00-04",2024-12-26,2025-01-12,3,"quantile",0.1,148167.877039429
"1972","DE","00-04",2024-12-26,2025-01-12,3,"quantile",0.25,157576.02863869
"1973","DE","00-04",2024-12-26,2025-01-12,3,"quantile",0.5,169191.924072768
"1974","DE","00-04",2024-12-26,2025-01-12,3,"quantile",0.75,181631.923119204
"1975","DE","00-04",2024-12-26,2025-01-12,3,"quantile",0.9,193640.141624401
"1976","DE","00-04",2024-12-26,2025-01-12,3,"quantile",0.975,208352.894501942
"1977","DE","00-04",2024-12-26,2025-01-19,4,"mean",NA,211338.930587345
"1978","DE","00-04",2024-12-26,2025-01-19,4,"quantile",0.025,169628.040724734
"1979","DE","00-04",2024-12-26,2025-01-19,4,"quantile",0.1,182346.011480703
"1980","DE","00-04",2024-12-26,2025-01-19,4,"quantile",0.25,194821.761334259
"1981","DE","00-04",2024-12-26,2025-01-19,4,"quantile",0.5,210150.645518285
"1982","DE","00-04",2024-12-26,2025-01-19,4,"quantile",0.75,225893.252935163
"1983","DE","00-04",2024-12-26,2025-01-19,4,"quantile",0.9,241931.42232492
"1984","DE","00-04",2024-12-26,2025-01-19,4,"quantile",0.975,262620.312089214
"1985","DE","05-14",2024-12-26,2024-12-29,1,"mean",NA,81866.1497680029
"1986","DE","05-14",2024-12-26,2024-12-29,1,"quantile",0.025,64643.6118818792
"1987","DE","05-14",2024-12-26,2024-12-29,1,"quantile",0.1,70438.3256871968
"1988","DE","05-14",2024-12-26,2024-12-29,1,"quantile",0.25,75283.6132752436
"1989","DE","05-14",2024-12-26,2024-12-29,1,"quantile",0.5,81386.256288141
"1990","DE","05-14",2024-12-26,2024-12-29,1,"quantile",0.75,87929.5189384509
"1991","DE","05-14",2024-12-26,2024-12-29,1,"quantile",0.9,94038.4790401769
"1992","DE","05-14",2024-12-26,2024-12-29,1,"quantile",0.975,101657.19656249
"1993","DE","05-14",2024-12-26,2025-01-05,2,"mean",NA,106833.054159541
"1994","DE","05-14",2024-12-26,2025-01-05,2,"quantile",0.025,79279.4333360632
"1995","DE","05-14",2024-12-26,2025-01-05,2,"quantile",0.1,87967.12707874
"1996","DE","05-14",2024-12-26,2025-01-05,2,"quantile",0.25,95708.5588205618
"1997","DE","05-14",2024-12-26,2025-01-05,2,"quantile",0.5,105890.68736669
"1998","DE","05-14",2024-12-26,2025-01-05,2,"quantile",0.75,116746.941376965
"1999","DE","05-14",2024-12-26,2025-01-05,2,"quantile",0.9,127275.485575745
"2000","DE","05-14",2024-12-26,2025-01-05,2,"quantile",0.975,140136.443385532
"2001","DE","05-14",2024-12-26,2025-01-12,3,"mean",NA,153000.983671009
"2002","DE","05-14",2024-12-26,2025-01-12,3,"quantile",0.025,108694.816302852
"2003","DE","05-14",2024-12-26,2025-01-12,3,"quantile",0.1,122241.722795875
"2004","DE","05-14",2024-12-26,2025-01-12,3,"quantile",0.25,134861.077069287
"2005","DE","05-14",2024-12-26,2025-01-12,3,"quantile",0.5,150512.116467223
"2006","DE","05-14",2024-12-26,2025-01-12,3,"quantile",0.75,168695.311344072
"2007","DE","05-14",2024-12-26,2025-01-12,3,"quantile",0.9,187063.655498286
"2008","DE","05-14",2024-12-26,2025-01-12,3,"quantile",0.975,209720.017097684
"2009","DE","05-14",2024-12-26,2025-01-19,4,"mean",NA,191946.7314142
"2010","DE","05-14",2024-12-26,2025-01-19,4,"quantile",0.025,134847.853740781
"2011","DE","05-14",2024-12-26,2025-01-19,4,"quantile",0.1,151221.311764369
"2012","DE","05-14",2024-12-26,2025-01-19,4,"quantile",0.25,167965.958206356
"2013","DE","05-14",2024-12-26,2025-01-19,4,"quantile",0.5,188347.414396454
"2014","DE","05-14",2024-12-26,2025-01-19,4,"quantile",0.75,213399.167769124
"2015","DE","05-14",2024-12-26,2025-01-19,4,"quantile",0.9,236915.914881529
"2016","DE","05-14",2024-12-26,2025-01-19,4,"quantile",0.975,267715.527981734
"2017","DE","15-34",2024-12-26,2024-12-29,1,"mean",NA,159205.869510576
"2018","DE","15-34",2024-12-26,2024-12-29,1,"quantile",0.025,126378.974721338
"2019","DE","15-34",2024-12-26,2024-12-29,1,"quantile",0.1,136100.347628093
"2020","DE","15-34",2024-12-26,2024-12-29,1,"quantile",0.25,145620.543318091
"2021","DE","15-34",2024-12-26,2024-12-29,1,"quantile",0.5,157997.954549326
"2022","DE","15-34",2024-12-26,2024-12-29,1,"quantile",0.75,171518.78378822
"2023","DE","15-34",2024-12-26,2024-12-29,1,"quantile",0.9,184040.390459106
"2024","DE","15-34",2024-12-26,2024-12-29,1,"quantile",0.975,199068.262828012
"2025","DE","15-34",2024-12-26,2025-01-05,2,"mean",NA,321770.640347383
"2026","DE","15-34",2024-12-26,2025-01-05,2,"quantile",0.025,240441.152738151
"2027","DE","15-34",2024-12-26,2025-01-05,2,"quantile",0.1,264821.253836962
"2028","DE","15-34",2024-12-26,2025-01-05,2,"quantile",0.25,289677.899838093
"2029","DE","15-34",2024-12-26,2025-01-05,2,"quantile",0.5,318868.412490704
"2030","DE","15-34",2024-12-26,2025-01-05,2,"quantile",0.75,350259.868896519
"2031","DE","15-34",2024-12-26,2025-01-05,2,"quantile",0.9,382619.018701912
"2032","DE","15-34",2024-12-26,2025-01-05,2,"quantile",0.975,421572.351141731
"2033","DE","15-34",2024-12-26,2025-01-12,3,"mean",NA,437684.874608869
"2034","DE","15-34",2024-12-26,2025-01-12,3,"quantile",0.025,317611.752452221
"2035","DE","15-34",2024-12-26,2025-01-12,3,"quantile",0.1,351555.662777072
"2036","DE","15-34",2024-12-26,2025-01-12,3,"quantile",0.25,386819.994262762
"2037","DE","15-34",2024-12-26,2025-01-12,3,"quantile",0.5,431954.741927981
"2038","DE","15-34",2024-12-26,2025-01-12,3,"quantile",0.75,482585.91845905
"2039","DE","15-34",2024-12-26,2025-01-12,3,"quantile",0.9,531337.836713441
"2040","DE","15-34",2024-12-26,2025-01-12,3,"quantile",0.975,595348.82599579
"2041","DE","15-34",2024-12-26,2025-01-19,4,"mean",NA,419532.689112837
"2042","DE","15-34",2024-12-26,2025-01-19,4,"quantile",0.025,295937.412920438
"2043","DE","15-34",2024-12-26,2025-01-19,4,"quantile",0.1,333174.903359158
"2044","DE","15-34",2024-12-26,2025-01-19,4,"quantile",0.25,369128.241468048
"2045","DE","15-34",2024-12-26,2025-01-19,4,"quantile",0.5,413990.156658954
"2046","DE","15-34",2024-12-26,2025-01-19,4,"quantile",0.75,461814.361670308
"2047","DE","15-34",2024-12-26,2025-01-19,4,"quantile",0.9,513340.347091018
"2048","DE","15-34",2024-12-26,2025-01-19,4,"quantile",0.975,579636.062461321
"2049","DE","35-59",2024-12-26,2024-12-29,1,"mean",NA,220508.783830733
"2050","DE","35-59",2024-12-26,2024-12-29,1,"quantile",0.025,170427.68763918
"2051","DE","35-59",2024-12-26,2024-12-29,1,"quantile",0.1,186908.760181454
"2052","DE","35-59",2024-12-26,2024-12-29,1,"quantile",0.25,201058.788872489
"2053","DE","35-59",2024-12-26,2024-12-29,1,"quantile",0.5,219069.147912361
"2054","DE","35-59",2024-12-26,2024-12-29,1,"quantile",0.75,238093.432406028
"2055","DE","35-59",2024-12-26,2024-12-29,1,"quantile",0.9,256568.87828265
"2056","DE","35-59",2024-12-26,2024-12-29,1,"quantile",0.975,279519.276057725
"2057","DE","35-59",2024-12-26,2025-01-05,2,"mean",NA,450697.947173663
"2058","DE","35-59",2024-12-26,2025-01-05,2,"quantile",0.025,321988.014775409
"2059","DE","35-59",2024-12-26,2025-01-05,2,"quantile",0.1,361854.117241848
"2060","DE","35-59",2024-12-26,2025-01-05,2,"quantile",0.25,398843.001824208
"2061","DE","35-59",2024-12-26,2025-01-05,2,"quantile",0.5,445615.298707965
"2062","DE","35-59",2024-12-26,2025-01-05,2,"quantile",0.75,497526.092242601
"2063","DE","35-59",2024-12-26,2025-01-05,2,"quantile",0.9,546213.721457217
"2064","DE","35-59",2024-12-26,2025-01-05,2,"quantile",0.975,609507.348957031
"2065","DE","35-59",2024-12-26,2025-01-12,3,"mean",NA,561344.653089449
"2066","DE","35-59",2024-12-26,2025-01-12,3,"quantile",0.025,382426.226421618
"2067","DE","35-59",2024-12-26,2025-01-12,3,"quantile",0.1,433988.596540898
"2068","DE","35-59",2024-12-26,2025-01-12,3,"quantile",0.25,484653.885056017
"2069","DE","35-59",2024-12-26,2025-01-12,3,"quantile",0.5,549445.898056003
"2070","DE","35-59",2024-12-26,2025-01-12,3,"quantile",0.75,627601.918554462
"2071","DE","35-59",2024-12-26,2025-01-12,3,"quantile",0.9,703992.853058183
"2072","DE","35-59",2024-12-26,2025-01-12,3,"quantile",0.975,807488.685923373
"2073","DE","35-59",2024-12-26,2025-01-19,4,"mean",NA,530581.498693119
"2074","DE","35-59",2024-12-26,2025-01-19,4,"quantile",0.025,350859.77407288
"2075","DE","35-59",2024-12-26,2025-01-19,4,"quantile",0.1,400461.205598787
"2076","DE","35-59",2024-12-26,2025-01-19,4,"quantile",0.25,452352.202262044
"2077","DE","35-59",2024-12-26,2025-01-19,4,"quantile",0.5,517539.945484649
"2078","DE","35-59",2024-12-26,2025-01-19,4,"quantile",0.75,596495.184154819
"2079","DE","35-59",2024-12-26,2025-01-19,4,"quantile",0.9,675777.586392655
"2080","DE","35-59",2024-12-26,2025-01-19,4,"quantile",0.975,781300.88850084
"2081","DE","60+",2024-12-26,2024-12-29,1,"mean",NA,94761.3854211471
"2082","DE","60+",2024-12-26,2024-12-29,1,"quantile",0.025,74253.5374898841
"2083","DE","60+",2024-12-26,2024-12-29,1,"quantile",0.1,80436.148362172
"2084","DE","60+",2024-12-26,2024-12-29,1,"quantile",0.25,86377.7853430083
"2085","DE","60+",2024-12-26,2024-12-29,1,"quantile",0.5,93926.243974876
"2086","DE","60+",2024-12-26,2024-12-29,1,"quantile",0.75,102299.933329352
"2087","DE","60+",2024-12-26,2024-12-29,1,"quantile",0.9,110076.200549683
"2088","DE","60+",2024-12-26,2024-12-29,1,"quantile",0.975,119180.612575679
"2089","DE","60+",2024-12-26,2025-01-05,2,"mean",NA,194300.861947627
"2090","DE","60+",2024-12-26,2025-01-05,2,"quantile",0.025,139983.537448186
"2091","DE","60+",2024-12-26,2025-01-05,2,"quantile",0.1,156988.859817835
"2092","DE","60+",2024-12-26,2025-01-05,2,"quantile",0.25,172526.469223854
"2093","DE","60+",2024-12-26,2025-01-05,2,"quantile",0.5,191819.125732236
"2094","DE","60+",2024-12-26,2025-01-05,2,"quantile",0.75,213629.026281828
"2095","DE","60+",2024-12-26,2025-01-05,2,"quantile",0.9,234983.576638764
"2096","DE","60+",2024-12-26,2025-01-05,2,"quantile",0.975,260149.41481061
"2097","DE","60+",2024-12-26,2025-01-12,3,"mean",NA,231434.90381066
"2098","DE","60+",2024-12-26,2025-01-12,3,"quantile",0.025,158330.219470549
"2099","DE","60+",2024-12-26,2025-01-12,3,"quantile",0.1,179714.997646381
"2100","DE","60+",2024-12-26,2025-01-12,3,"quantile",0.25,199802.948663701
"2101","DE","60+",2024-12-26,2025-01-12,3,"quantile",0.5,227088.613765945
"2102","DE","60+",2024-12-26,2025-01-12,3,"quantile",0.75,257493.423363412
"2103","DE","60+",2024-12-26,2025-01-12,3,"quantile",0.9,289607.571939936
"2104","DE","60+",2024-12-26,2025-01-12,3,"quantile",0.975,329591.918497568
"2105","DE","60+",2024-12-26,2025-01-19,4,"mean",NA,183818.720896931
"2106","DE","60+",2024-12-26,2025-01-19,4,"quantile",0.025,122048.885624746
"2107","DE","60+",2024-12-26,2025-01-19,4,"quantile",0.1,139718.261081564
"2108","DE","60+",2024-12-26,2025-01-19,4,"quantile",0.25,157432.825381829
"2109","DE","60+",2024-12-26,2025-01-19,4,"quantile",0.5,180007.567173703
"2110","DE","60+",2024-12-26,2025-01-19,4,"quantile",0.75,205531.204087785
"2111","DE","60+",2024-12-26,2025-01-19,4,"quantile",0.9,232620.117783127
"2112","DE","60+",2024-12-26,2025-01-19,4,"quantile",0.975,270808.400358931
"2113","DE","00+",2025-01-02,2025-01-05,1,"mean",NA,845377.579270503
"2114","DE","00+",2025-01-02,2025-01-05,1,"quantile",0.025,688652.221888624
"2115","DE","00+",2025-01-02,2025-01-05,1,"quantile",0.1,737399.745404904
"2116","DE","00+",2025-01-02,2025-01-05,1,"quantile",0.25,785339.449929489
"2117","DE","00+",2025-01-02,2025-01-05,1,"quantile",0.5,841827.941331548
"2118","DE","00+",2025-01-02,2025-01-05,1,"quantile",0.75,901370.964427904
"2119","DE","00+",2025-01-02,2025-01-05,1,"quantile",0.9,957233.99689693
"2120","DE","00+",2025-01-02,2025-01-05,1,"quantile",0.975,1021378.47438364
"2121","DE","00+",2025-01-02,2025-01-12,2,"mean",NA,1094275.47735787
"2122","DE","00+",2025-01-02,2025-01-12,2,"quantile",0.025,832118.389161046
"2123","DE","00+",2025-01-02,2025-01-12,2,"quantile",0.1,917677.015059931
"2124","DE","00+",2025-01-02,2025-01-12,2,"quantile",0.25,994255.817719304
"2125","DE","00+",2025-01-02,2025-01-12,2,"quantile",0.5,1081662.18600528
"2126","DE","00+",2025-01-02,2025-01-12,2,"quantile",0.75,1185841.53357025
"2127","DE","00+",2025-01-02,2025-01-12,2,"quantile",0.9,1288799.56377522
"2128","DE","00+",2025-01-02,2025-01-12,2,"quantile",0.975,1404248.86702899
"2129","DE","00+",2025-01-02,2025-01-19,3,"mean",NA,1182934.19197293
"2130","DE","00+",2025-01-02,2025-01-19,3,"quantile",0.025,862543.133837651
"2131","DE","00+",2025-01-02,2025-01-19,3,"quantile",0.1,962192.772621103
"2132","DE","00+",2025-01-02,2025-01-19,3,"quantile",0.25,1053253.91580989
"2133","DE","00+",2025-01-02,2025-01-19,3,"quantile",0.5,1169896.1386378
"2134","DE","00+",2025-01-02,2025-01-19,3,"quantile",0.75,1296116.69411539
"2135","DE","00+",2025-01-02,2025-01-19,3,"quantile",0.9,1422474.05340741
"2136","DE","00+",2025-01-02,2025-01-19,3,"quantile",0.975,1584721.33597335
"2137","DE","00+",2025-01-02,2025-01-26,4,"mean",NA,1458674.41466401
"2138","DE","00+",2025-01-02,2025-01-26,4,"quantile",0.025,1033807.2579819
"2139","DE","00+",2025-01-02,2025-01-26,4,"quantile",0.1,1162007.82077119
"2140","DE","00+",2025-01-02,2025-01-26,4,"quantile",0.25,1290951.81747229
"2141","DE","00+",2025-01-02,2025-01-26,4,"quantile",0.5,1441928.84385094
"2142","DE","00+",2025-01-02,2025-01-26,4,"quantile",0.75,1608052.65594167
"2143","DE","00+",2025-01-02,2025-01-26,4,"quantile",0.9,1771969.267011
"2144","DE","00+",2025-01-02,2025-01-26,4,"quantile",0.975,1982658.50016148
"2145","DE","00-04",2025-01-02,2025-01-05,1,"mean",NA,111224.126892072
"2146","DE","00-04",2025-01-02,2025-01-05,1,"quantile",0.025,95926.4420166046
"2147","DE","00-04",2025-01-02,2025-01-05,1,"quantile",0.1,101104.054822675
"2148","DE","00-04",2025-01-02,2025-01-05,1,"quantile",0.25,105647.989956836
"2149","DE","00-04",2025-01-02,2025-01-05,1,"quantile",0.5,110967.624343142
"2150","DE","00-04",2025-01-02,2025-01-05,1,"quantile",0.75,116627.374849071
"2151","DE","00-04",2025-01-02,2025-01-05,1,"quantile",0.9,121610.313115647
"2152","DE","00-04",2025-01-02,2025-01-05,1,"quantile",0.975,128035.380076452
"2153","DE","00-04",2025-01-02,2025-01-12,2,"mean",NA,134368.118083037
"2154","DE","00-04",2025-01-02,2025-01-12,2,"quantile",0.025,110962.840264415
"2155","DE","00-04",2025-01-02,2025-01-12,2,"quantile",0.1,118985.450336734
"2156","DE","00-04",2025-01-02,2025-01-12,2,"quantile",0.25,125802.702560824
"2157","DE","00-04",2025-01-02,2025-01-12,2,"quantile",0.5,133685.704506255
"2158","DE","00-04",2025-01-02,2025-01-12,2,"quantile",0.75,142334.83331934
"2159","DE","00-04",2025-01-02,2025-01-12,2,"quantile",0.9,150634.559556628
"2160","DE","00-04",2025-01-02,2025-01-12,2,"quantile",0.975,160183.092713427
"2161","DE","00-04",2025-01-02,2025-01-19,3,"mean",NA,177347.07543392
"2162","DE","00-04",2025-01-02,2025-01-19,3,"quantile",0.025,143217.708980053
"2163","DE","00-04",2025-01-02,2025-01-19,3,"quantile",0.1,154079.302011191
"2164","DE","00-04",2025-01-02,2025-01-19,3,"quantile",0.25,164610.791304352
"2165","DE","00-04",2025-01-02,2025-01-19,3,"quantile",0.5,176297.063928646
"2166","DE","00-04",2025-01-02,2025-01-19,3,"quantile",0.75,189278.738274246
"2167","DE","00-04",2025-01-02,2025-01-19,3,"quantile",0.9,201097.680228431
"2168","DE","00-04",2025-01-02,2025-01-19,3,"quantile",0.975,216191.00391122
"2169","DE","00-04",2025-01-02,2025-01-26,4,"mean",NA,234680.531619545
"2170","DE","00-04",2025-01-02,2025-01-26,4,"quantile",0.025,187406.573861066
"2171","DE","00-04",2025-01-02,2025-01-26,4,"quantile",0.1,202410.75485162
"2172","DE","00-04",2025-01-02,2025-01-26,4,"quantile",0.25,216526.261520641
"2173","DE","00-04",2025-01-02,2025-01-26,4,"quantile",0.5,233115.485361707
"2174","DE","00-04",2025-01-02,2025-01-26,4,"quantile",0.75,251598.095629276
"2175","DE","00-04",2025-01-02,2025-01-26,4,"quantile",0.9,268610.228686307
"2176","DE","00-04",2025-01-02,2025-01-26,4,"quantile",0.975,289834.681744022
"2177","DE","05-14",2025-01-02,2025-01-05,1,"mean",NA,78210.3744875861
"2178","DE","05-14",2025-01-02,2025-01-05,1,"quantile",0.025,61993.579601284
"2179","DE","05-14",2025-01-02,2025-01-05,1,"quantile",0.1,67023.3121542415
"2180","DE","05-14",2025-01-02,2025-01-05,1,"quantile",0.25,71978.4962578175
"2181","DE","05-14",2025-01-02,2025-01-05,1,"quantile",0.5,77759.8659692153
"2182","DE","05-14",2025-01-02,2025-01-05,1,"quantile",0.75,83940.4194609351
"2183","DE","05-14",2025-01-02,2025-01-05,1,"quantile",0.9,89771.3596742555
"2184","DE","05-14",2025-01-02,2025-01-05,1,"quantile",0.975,96752.8329339779
"2185","DE","05-14",2025-01-02,2025-01-12,2,"mean",NA,115615.988107738
"2186","DE","05-14",2025-01-02,2025-01-12,2,"quantile",0.025,85844.8469202569
"2187","DE","05-14",2025-01-02,2025-01-12,2,"quantile",0.1,95125.5391376431
"2188","DE","05-14",2025-01-02,2025-01-12,2,"quantile",0.25,103743.129839263
"2189","DE","05-14",2025-01-02,2025-01-12,2,"quantile",0.5,114178.184498752
"2190","DE","05-14",2025-01-02,2025-01-12,2,"quantile",0.75,126283.596590571
"2191","DE","05-14",2025-01-02,2025-01-12,2,"quantile",0.9,138616.903478164
"2192","DE","05-14",2025-01-02,2025-01-12,2,"quantile",0.975,152191.251142386
"2193","DE","05-14",2025-01-02,2025-01-19,3,"mean",NA,157328.38137157
"2194","DE","05-14",2025-01-02,2025-01-19,3,"quantile",0.025,111557.757536946
"2195","DE","05-14",2025-01-02,2025-01-19,3,"quantile",0.1,124847.517810176
"2196","DE","05-14",2025-01-02,2025-01-19,3,"quantile",0.25,138578.101997472
"2197","DE","05-14",2025-01-02,2025-01-19,3,"quantile",0.5,155149.080993573
"2198","DE","05-14",2025-01-02,2025-01-19,3,"quantile",0.75,173521.343985427
"2199","DE","05-14",2025-01-02,2025-01-19,3,"quantile",0.9,192256.212051824
"2200","DE","05-14",2025-01-02,2025-01-19,3,"quantile",0.975,216553.281157682
"2201","DE","05-14",2025-01-02,2025-01-26,4,"mean",NA,218750.772114699
"2202","DE","05-14",2025-01-02,2025-01-26,4,"quantile",0.025,150751.924680546
"2203","DE","05-14",2025-01-02,2025-01-26,4,"quantile",0.1,171332.674744872
"2204","DE","05-14",2025-01-02,2025-01-26,4,"quantile",0.25,191705.799801715
"2205","DE","05-14",2025-01-02,2025-01-26,4,"quantile",0.5,215589.608681803
"2206","DE","05-14",2025-01-02,2025-01-26,4,"quantile",0.75,242723.178943429
"2207","DE","05-14",2025-01-02,2025-01-26,4,"quantile",0.9,270150.316539292
"2208","DE","05-14",2025-01-02,2025-01-26,4,"quantile",0.975,304325.650213727
"2209","DE","15-34",2025-01-02,2025-01-05,1,"mean",NA,236413.194848387
"2210","DE","15-34",2025-01-02,2025-01-05,1,"quantile",0.025,186325.972095345
"2211","DE","15-34",2025-01-02,2025-01-05,1,"quantile",0.1,202416.037932826
"2212","DE","15-34",2025-01-02,2025-01-05,1,"quantile",0.25,217420.256530927
"2213","DE","15-34",2025-01-02,2025-01-05,1,"quantile",0.5,235096.931756865
"2214","DE","15-34",2025-01-02,2025-01-05,1,"quantile",0.75,253853.272786949
"2215","DE","15-34",2025-01-02,2025-01-05,1,"quantile",0.9,271516.980716462
"2216","DE","15-34",2025-01-02,2025-01-05,1,"quantile",0.975,294968.09600709
"2217","DE","15-34",2025-01-02,2025-01-12,2,"mean",NA,330476.25637973
"2218","DE","15-34",2025-01-02,2025-01-12,2,"quantile",0.025,243824.478764425
"2219","DE","15-34",2025-01-02,2025-01-12,2,"quantile",0.1,272125.396011757
"2220","DE","15-34",2025-01-02,2025-01-12,2,"quantile",0.25,296834.986923805
"2221","DE","15-34",2025-01-02,2025-01-12,2,"quantile",0.5,326553.879146187
"2222","DE","15-34",2025-01-02,2025-01-12,2,"quantile",0.75,360638.3593994
"2223","DE","15-34",2025-01-02,2025-01-12,2,"quantile",0.9,393934.003980418
"2224","DE","15-34",2025-01-02,2025-01-12,2,"quantile",0.975,434732.562720903
"2225","DE","15-34",2025-01-02,2025-01-19,3,"mean",NA,343633.003059325
"2226","DE","15-34",2025-01-02,2025-01-19,3,"quantile",0.025,246697.083315649
"2227","DE","15-34",2025-01-02,2025-01-19,3,"quantile",0.1,275710.896449595
"2228","DE","15-34",2025-01-02,2025-01-19,3,"quantile",0.25,304682.316057747
"2229","DE","15-34",2025-01-02,2025-01-19,3,"quantile",0.5,339131.631095408
"2230","DE","15-34",2025-01-02,2025-01-19,3,"quantile",0.75,377879.086809649
"2231","DE","15-34",2025-01-02,2025-01-19,3,"quantile",0.9,416032.030607087
"2232","DE","15-34",2025-01-02,2025-01-19,3,"quantile",0.975,466220.483223677
"2233","DE","15-34",2025-01-02,2025-01-26,4,"mean",NA,395226.896901051
"2234","DE","15-34",2025-01-02,2025-01-26,4,"quantile",0.025,278253.217872307
"2235","DE","15-34",2025-01-02,2025-01-26,4,"quantile",0.1,313554.471529203
"2236","DE","15-34",2025-01-02,2025-01-26,4,"quantile",0.25,348262.220712939
"2237","DE","15-34",2025-01-02,2025-01-26,4,"quantile",0.5,389613.565604199
"2238","DE","15-34",2025-01-02,2025-01-26,4,"quantile",0.75,436562.844047642
"2239","DE","15-34",2025-01-02,2025-01-26,4,"quantile",0.9,484518.520344559
"2240","DE","15-34",2025-01-02,2025-01-26,4,"quantile",0.975,542126.019016337
"2241","DE","35-59",2025-01-02,2025-01-05,1,"mean",NA,301197.078282116
"2242","DE","35-59",2025-01-02,2025-01-05,1,"quantile",0.025,234082.745222844
"2243","DE","35-59",2025-01-02,2025-01-05,1,"quantile",0.1,254801.098418625
"2244","DE","35-59",2025-01-02,2025-01-05,1,"quantile",0.25,274691.109033889
"2245","DE","35-59",2025-01-02,2025-01-05,1,"quantile",0.5,299283.7752841
"2246","DE","35-59",2025-01-02,2025-01-05,1,"quantile",0.75,325435.385611242
"2247","DE","35-59",2025-01-02,2025-01-05,1,"quantile",0.9,350200.766274787
"2248","DE","35-59",2025-01-02,2025-01-05,1,"quantile",0.975,378646.930443894
"2249","DE","35-59",2025-01-02,2025-01-12,2,"mean",NA,379756.488870834
"2250","DE","35-59",2025-01-02,2025-01-12,2,"quantile",0.025,270327.834405805
"2251","DE","35-59",2025-01-02,2025-01-12,2,"quantile",0.1,304372.051624813
"2252","DE","35-59",2025-01-02,2025-01-12,2,"quantile",0.25,336866.066761415
"2253","DE","35-59",2025-01-02,2025-01-12,2,"quantile",0.5,373540.735827766
"2254","DE","35-59",2025-01-02,2025-01-12,2,"quantile",0.75,418287.694489075
"2255","DE","35-59",2025-01-02,2025-01-12,2,"quantile",0.9,463023.445939197
"2256","DE","35-59",2025-01-02,2025-01-12,2,"quantile",0.975,514953.305867924
"2257","DE","35-59",2025-01-02,2025-01-19,3,"mean",NA,391534.480122422
"2258","DE","35-59",2025-01-02,2025-01-19,3,"quantile",0.025,263786.914491818
"2259","DE","35-59",2025-01-02,2025-01-19,3,"quantile",0.1,301654.271834853
"2260","DE","35-59",2025-01-02,2025-01-19,3,"quantile",0.25,337718.443015811
"2261","DE","35-59",2025-01-02,2025-01-19,3,"quantile",0.5,384727.560220348
"2262","DE","35-59",2025-01-02,2025-01-19,3,"quantile",0.75,436465.32966323
"2263","DE","35-59",2025-01-02,2025-01-19,3,"quantile",0.9,490063.78378319
"2264","DE","35-59",2025-01-02,2025-01-19,3,"quantile",0.975,562203.825840612
"2265","DE","35-59",2025-01-02,2025-01-26,4,"mean",NA,478386.3064173
"2266","DE","35-59",2025-01-02,2025-01-26,4,"quantile",0.025,309556.591534578
"2267","DE","35-59",2025-01-02,2025-01-26,4,"quantile",0.1,357948.988016788
"2268","DE","35-59",2025-01-02,2025-01-26,4,"quantile",0.25,408555.309749893
"2269","DE","35-59",2025-01-02,2025-01-26,4,"quantile",0.5,469371.589443336
"2270","DE","35-59",2025-01-02,2025-01-26,4,"quantile",0.75,538185.02037359
"2271","DE","35-59",2025-01-02,2025-01-26,4,"quantile",0.9,607338.615947647
"2272","DE","35-59",2025-01-02,2025-01-26,4,"quantile",0.975,700446.024318971
"2273","DE","60+",2025-01-02,2025-01-05,1,"mean",NA,143903.583162651
"2274","DE","60+",2025-01-02,2025-01-05,1,"quantile",0.025,112745.361354397
"2275","DE","60+",2025-01-02,2025-01-05,1,"quantile",0.1,122701.897760008
"2276","DE","60+",2025-01-02,2025-01-05,1,"quantile",0.25,131811.432991245
"2277","DE","60+",2025-01-02,2025-01-05,1,"quantile",0.5,143006.367463748
"2278","DE","60+",2025-01-02,2025-01-05,1,"quantile",0.75,155043.256396954
"2279","DE","60+",2025-01-02,2025-01-05,1,"quantile",0.9,166337.30548854
"2280","DE","60+",2025-01-02,2025-01-05,1,"quantile",0.975,181107.346318756
"2281","DE","60+",2025-01-02,2025-01-12,2,"mean",NA,172920.513056388
"2282","DE","60+",2025-01-02,2025-01-12,2,"quantile",0.025,123651.123608174
"2283","DE","60+",2025-01-02,2025-01-12,2,"quantile",0.1,139490.86305421
"2284","DE","60+",2025-01-02,2025-01-12,2,"quantile",0.25,153569.932464903
"2285","DE","60+",2025-01-02,2025-01-12,2,"quantile",0.5,170594.881440626
"2286","DE","60+",2025-01-02,2025-01-12,2,"quantile",0.75,190232.612280205
"2287","DE","60+",2025-01-02,2025-01-12,2,"quantile",0.9,209470.741846752
"2288","DE","60+",2025-01-02,2025-01-12,2,"quantile",0.975,233504.950373549
"2289","DE","60+",2025-01-02,2025-01-19,3,"mean",NA,147859.157617731
"2290","DE","60+",2025-01-02,2025-01-19,3,"quantile",0.025,100233.586752244
"2291","DE","60+",2025-01-02,2025-01-19,3,"quantile",0.1,114516.524607761
"2292","DE","60+",2025-01-02,2025-01-19,3,"quantile",0.25,128453.497637537
"2293","DE","60+",2025-01-02,2025-01-19,3,"quantile",0.5,145455.914523889
"2294","DE","60+",2025-01-02,2025-01-19,3,"quantile",0.75,165084.595724252
"2295","DE","60+",2025-01-02,2025-01-19,3,"quantile",0.9,184374.241870625
"2296","DE","60+",2025-01-02,2025-01-19,3,"quantile",0.975,208448.079948676
"2297","DE","60+",2025-01-02,2025-01-26,4,"mean",NA,160738.065747602
"2298","DE","60+",2025-01-02,2025-01-26,4,"quantile",0.025,105878.844068514
"2299","DE","60+",2025-01-02,2025-01-26,4,"quantile",0.1,122235.138997789
"2300","DE","60+",2025-01-02,2025-01-26,4,"quantile",0.25,137776.833200954
"2301","DE","60+",2025-01-02,2025-01-26,4,"quantile",0.5,157686.299203002
"2302","DE","60+",2025-01-02,2025-01-26,4,"quantile",0.75,180761.213506821
"2303","DE","60+",2025-01-02,2025-01-26,4,"quantile",0.9,202614.513055608
"2304","DE","60+",2025-01-02,2025-01-26,4,"quantile",0.975,232284.352491236
"2305","DE","00+",2025-01-09,2025-01-12,1,"mean",NA,1059683.53240296
"2306","DE","00+",2025-01-09,2025-01-12,1,"quantile",0.025,862907.055485859
"2307","DE","00+",2025-01-09,2025-01-12,1,"quantile",0.1,924850.217479308
"2308","DE","00+",2025-01-09,2025-01-12,1,"quantile",0.25,982872.761069047
"2309","DE","00+",2025-01-09,2025-01-12,1,"quantile",0.5,1054669.70770712
"2310","DE","00+",2025-01-09,2025-01-12,1,"quantile",0.75,1128363.10719154
"2311","DE","00+",2025-01-09,2025-01-12,1,"quantile",0.9,1204949.46258098
"2312","DE","00+",2025-01-09,2025-01-12,1,"quantile",0.975,1286827.25249759
"2313","DE","00+",2025-01-09,2025-01-19,2,"mean",NA,1147811.0748727
"2314","DE","00+",2025-01-09,2025-01-19,2,"quantile",0.025,880074.181819875
"2315","DE","00+",2025-01-09,2025-01-19,2,"quantile",0.1,967484.507128162
"2316","DE","00+",2025-01-09,2025-01-19,2,"quantile",0.25,1043769.05709908
"2317","DE","00+",2025-01-09,2025-01-19,2,"quantile",0.5,1138391.69235314
"2318","DE","00+",2025-01-09,2025-01-19,2,"quantile",0.75,1242180.29913822
"2319","DE","00+",2025-01-09,2025-01-19,2,"quantile",0.9,1343360.4976691
"2320","DE","00+",2025-01-09,2025-01-19,2,"quantile",0.975,1475136.75293474
"2321","DE","00+",2025-01-09,2025-01-26,3,"mean",NA,1425248.44602656
"2322","DE","00+",2025-01-09,2025-01-26,3,"quantile",0.025,1046992.33665034
"2323","DE","00+",2025-01-09,2025-01-26,3,"quantile",0.1,1161786.95130055
"2324","DE","00+",2025-01-09,2025-01-26,3,"quantile",0.25,1274787.36652517
"2325","DE","00+",2025-01-09,2025-01-26,3,"quantile",0.5,1409411.52149508
"2326","DE","00+",2025-01-09,2025-01-26,3,"quantile",0.75,1557115.37874822
"2327","DE","00+",2025-01-09,2025-01-26,3,"quantile",0.9,1708175.83280814
"2328","DE","00+",2025-01-09,2025-01-26,3,"quantile",0.975,1893766.33717383
"2329","DE","00+",2025-01-09,2025-02-02,4,"mean",NA,1700072.37498689
"2330","DE","00+",2025-01-09,2025-02-02,4,"quantile",0.025,1219851.46795014
"2331","DE","00+",2025-01-09,2025-02-02,4,"quantile",0.1,1361764.85635642
"2332","DE","00+",2025-01-09,2025-02-02,4,"quantile",0.25,1505562.7218823
"2333","DE","00+",2025-01-09,2025-02-02,4,"quantile",0.5,1674870.62487671
"2334","DE","00+",2025-01-09,2025-02-02,4,"quantile",0.75,1874646.97511366
"2335","DE","00+",2025-01-09,2025-02-02,4,"quantile",0.9,2066818.42892339
"2336","DE","00+",2025-01-09,2025-02-02,4,"quantile",0.975,2317522.99841235
"2337","DE","00-04",2025-01-09,2025-01-12,1,"mean",NA,129609.655202384
"2338","DE","00-04",2025-01-09,2025-01-12,1,"quantile",0.025,111614.004540313
"2339","DE","00-04",2025-01-09,2025-01-12,1,"quantile",0.1,117494.906093621
"2340","DE","00-04",2025-01-09,2025-01-12,1,"quantile",0.25,122908.852114107
"2341","DE","00-04",2025-01-09,2025-01-12,1,"quantile",0.5,129255.124926816
"2342","DE","00-04",2025-01-09,2025-01-12,1,"quantile",0.75,135957.151168918
"2343","DE","00-04",2025-01-09,2025-01-12,1,"quantile",0.9,142246.30092533
"2344","DE","00-04",2025-01-09,2025-01-12,1,"quantile",0.975,149566.532870834
"2345","DE","00-04",2025-01-09,2025-01-19,2,"mean",NA,171187.508463814
"2346","DE","00-04",2025-01-09,2025-01-19,2,"quantile",0.025,142252.48925351
"2347","DE","00-04",2025-01-09,2025-01-19,2,"quantile",0.1,151591.759709404
"2348","DE","00-04",2025-01-09,2025-01-19,2,"quantile",0.25,160308.44108296
"2349","DE","00-04",2025-01-09,2025-01-19,2,"quantile",0.5,170358.918311853
"2350","DE","00-04",2025-01-09,2025-01-19,2,"quantile",0.75,181623.5718689
"2351","DE","00-04",2025-01-09,2025-01-19,2,"quantile",0.9,191666.558785389
"2352","DE","00-04",2025-01-09,2025-01-19,2,"quantile",0.975,203701.868430395
"2353","DE","00-04",2025-01-09,2025-01-26,3,"mean",NA,228809.459715856
"2354","DE","00-04",2025-01-09,2025-01-26,3,"quantile",0.025,184991.516656911
"2355","DE","00-04",2025-01-09,2025-01-26,3,"quantile",0.1,199019.901720248
"2356","DE","00-04",2025-01-09,2025-01-26,3,"quantile",0.25,211946.880906201
"2357","DE","00-04",2025-01-09,2025-01-26,3,"quantile",0.5,227518.851509003
"2358","DE","00-04",2025-01-09,2025-01-26,3,"quantile",0.75,244363.875177228
"2359","DE","00-04",2025-01-09,2025-01-26,3,"quantile",0.9,260406.138281428
"2360","DE","00-04",2025-01-09,2025-01-26,3,"quantile",0.975,279525.929134406
"2361","DE","00-04",2025-01-09,2025-02-02,4,"mean",NA,255078.376442934
"2362","DE","00-04",2025-01-09,2025-02-02,4,"quantile",0.025,202603.704771324
"2363","DE","00-04",2025-01-09,2025-02-02,4,"quantile",0.1,219515.974817795
"2364","DE","00-04",2025-01-09,2025-02-02,4,"quantile",0.25,235244.433967484
"2365","DE","00-04",2025-01-09,2025-02-02,4,"quantile",0.5,254054.84694285
"2366","DE","00-04",2025-01-09,2025-02-02,4,"quantile",0.75,273179.495689068
"2367","DE","00-04",2025-01-09,2025-02-02,4,"quantile",0.9,292327.408683771
"2368","DE","00-04",2025-01-09,2025-02-02,4,"quantile",0.975,313975.33220796
"2369","DE","05-14",2025-01-09,2025-01-12,1,"mean",NA,109006.99521578
"2370","DE","05-14",2025-01-09,2025-01-12,1,"quantile",0.025,86383.4101017088
"2371","DE","05-14",2025-01-09,2025-01-12,1,"quantile",0.1,93391.6340112343
"2372","DE","05-14",2025-01-09,2025-01-12,1,"quantile",0.25,100143.227620059
"2373","DE","05-14",2025-01-09,2025-01-12,1,"quantile",0.5,108342.970270311
"2374","DE","05-14",2025-01-09,2025-01-12,1,"quantile",0.75,116750.67976044
"2375","DE","05-14",2025-01-09,2025-01-12,1,"quantile",0.9,125706.764001776
"2376","DE","05-14",2025-01-09,2025-01-12,1,"quantile",0.975,135132.076931116
"2377","DE","05-14",2025-01-09,2025-01-19,2,"mean",NA,149360.612089672
"2378","DE","05-14",2025-01-09,2025-01-19,2,"quantile",0.025,111699.903611335
"2379","DE","05-14",2025-01-09,2025-01-19,2,"quantile",0.1,123261.726296452
"2380","DE","05-14",2025-01-09,2025-01-19,2,"quantile",0.25,134108.429331045
"2381","DE","05-14",2025-01-09,2025-01-19,2,"quantile",0.5,147556.116161779
"2382","DE","05-14",2025-01-09,2025-01-19,2,"quantile",0.75,162792.787804678
"2383","DE","05-14",2025-01-09,2025-01-19,2,"quantile",0.9,177902.217608883
"2384","DE","05-14",2025-01-09,2025-01-19,2,"quantile",0.975,196865.747472524
"2385","DE","05-14",2025-01-09,2025-01-26,3,"mean",NA,210894.793213167
"2386","DE","05-14",2025-01-09,2025-01-26,3,"quantile",0.025,150718.736740953
"2387","DE","05-14",2025-01-09,2025-01-26,3,"quantile",0.1,168911.805988854
"2388","DE","05-14",2025-01-09,2025-01-26,3,"quantile",0.25,186232.952935281
"2389","DE","05-14",2025-01-09,2025-01-26,3,"quantile",0.5,208193.010886396
"2390","DE","05-14",2025-01-09,2025-01-26,3,"quantile",0.75,231835.038385397
"2391","DE","05-14",2025-01-09,2025-01-26,3,"quantile",0.9,256443.049676323
"2392","DE","05-14",2025-01-09,2025-01-26,3,"quantile",0.975,287062.998148454
"2393","DE","05-14",2025-01-09,2025-02-02,4,"mean",NA,254339.141644485
"2394","DE","05-14",2025-01-09,2025-02-02,4,"quantile",0.025,179203.045367609
"2395","DE","05-14",2025-01-09,2025-02-02,4,"quantile",0.1,199863.413252323
"2396","DE","05-14",2025-01-09,2025-02-02,4,"quantile",0.25,222235.310125647
"2397","DE","05-14",2025-01-09,2025-02-02,4,"quantile",0.5,250619.86051198
"2398","DE","05-14",2025-01-09,2025-02-02,4,"quantile",0.75,281693.946849207
"2399","DE","05-14",2025-01-09,2025-02-02,4,"quantile",0.9,313439.577473785
"2400","DE","05-14",2025-01-09,2025-02-02,4,"quantile",0.975,352326.982538696
"2401","DE","15-34",2025-01-09,2025-01-12,1,"mean",NA,300494.258375456
"2402","DE","15-34",2025-01-09,2025-01-12,1,"quantile",0.025,236570.005876966
"2403","DE","15-34",2025-01-09,2025-01-12,1,"quantile",0.1,256250.069745777
"2404","DE","15-34",2025-01-09,2025-01-12,1,"quantile",0.25,275769.958286647
"2405","DE","15-34",2025-01-09,2025-01-12,1,"quantile",0.5,298611.5890149
"2406","DE","15-34",2025-01-09,2025-01-12,1,"quantile",0.75,322799.729989911
"2407","DE","15-34",2025-01-09,2025-01-12,1,"quantile",0.9,347553.473499074
"2408","DE","15-34",2025-01-09,2025-01-12,1,"quantile",0.975,375581.971990572
"2409","DE","15-34",2025-01-09,2025-01-19,2,"mean",NA,314529.50816648
"2410","DE","15-34",2025-01-09,2025-01-19,2,"quantile",0.025,234652.464102827
"2411","DE","15-34",2025-01-09,2025-01-19,2,"quantile",0.1,259060.566755482
"2412","DE","15-34",2025-01-09,2025-01-19,2,"quantile",0.25,282280.485941177
"2413","DE","15-34",2025-01-09,2025-01-19,2,"quantile",0.5,311207.979806868
"2414","DE","15-34",2025-01-09,2025-01-19,2,"quantile",0.75,343763.527479941
"2415","DE","15-34",2025-01-09,2025-01-19,2,"quantile",0.9,373908.082580548
"2416","DE","15-34",2025-01-09,2025-01-19,2,"quantile",0.975,411561.513222164
"2417","DE","15-34",2025-01-09,2025-01-26,3,"mean",NA,371402.413312183
"2418","DE","15-34",2025-01-09,2025-01-26,3,"quantile",0.025,266463.398337731
"2419","DE","15-34",2025-01-09,2025-01-26,3,"quantile",0.1,297632.621670712
"2420","DE","15-34",2025-01-09,2025-01-26,3,"quantile",0.25,328090.909928695
"2421","DE","15-34",2025-01-09,2025-01-26,3,"quantile",0.5,366103.146544562
"2422","DE","15-34",2025-01-09,2025-01-26,3,"quantile",0.75,408487.715307851
"2423","DE","15-34",2025-01-09,2025-01-26,3,"quantile",0.9,451497.218923107
"2424","DE","15-34",2025-01-09,2025-01-26,3,"quantile",0.975,502684.435197396
"2425","DE","15-34",2025-01-09,2025-02-02,4,"mean",NA,442803.403391303
"2426","DE","15-34",2025-01-09,2025-02-02,4,"quantile",0.025,311616.055214818
"2427","DE","15-34",2025-01-09,2025-02-02,4,"quantile",0.1,350592.194015886
"2428","DE","15-34",2025-01-09,2025-02-02,4,"quantile",0.25,389786.847628571
"2429","DE","15-34",2025-01-09,2025-02-02,4,"quantile",0.5,437950.355544205
"2430","DE","15-34",2025-01-09,2025-02-02,4,"quantile",0.75,489496.497435672
"2431","DE","15-34",2025-01-09,2025-02-02,4,"quantile",0.9,542674.40294509
"2432","DE","15-34",2025-01-09,2025-02-02,4,"quantile",0.975,606595.189957882
"2433","DE","35-59",2025-01-09,2025-01-12,1,"mean",NA,369720.070661347
"2434","DE","35-59",2025-01-09,2025-01-12,1,"quantile",0.025,287790.084488095
"2435","DE","35-59",2025-01-09,2025-01-12,1,"quantile",0.1,312911.379979095
"2436","DE","35-59",2025-01-09,2025-01-12,1,"quantile",0.25,336851.512106006
"2437","DE","35-59",2025-01-09,2025-01-12,1,"quantile",0.5,367059.895860147
"2438","DE","35-59",2025-01-09,2025-01-12,1,"quantile",0.75,398624.318307605
"2439","DE","35-59",2025-01-09,2025-01-12,1,"quantile",0.9,431714.145366499
"2440","DE","35-59",2025-01-09,2025-01-12,1,"quantile",0.975,467557.993816112
"2441","DE","35-59",2025-01-09,2025-01-19,2,"mean",NA,381693.324397117
"2442","DE","35-59",2025-01-09,2025-01-19,2,"quantile",0.025,273646.217156008
"2443","DE","35-59",2025-01-09,2025-01-19,2,"quantile",0.1,308273.086880431
"2444","DE","35-59",2025-01-09,2025-01-19,2,"quantile",0.25,338586.30665166
"2445","DE","35-59",2025-01-09,2025-01-19,2,"quantile",0.5,376748.73233512
"2446","DE","35-59",2025-01-09,2025-01-19,2,"quantile",0.75,419461.943151407
"2447","DE","35-59",2025-01-09,2025-01-19,2,"quantile",0.9,462136.448094541
"2448","DE","35-59",2025-01-09,2025-01-19,2,"quantile",0.975,520549.983741437
"2449","DE","35-59",2025-01-09,2025-01-26,3,"mean",NA,468965.864887824
"2450","DE","35-59",2025-01-09,2025-01-26,3,"quantile",0.025,317871.266935816
"2451","DE","35-59",2025-01-09,2025-01-26,3,"quantile",0.1,362089.143142512
"2452","DE","35-59",2025-01-09,2025-01-26,3,"quantile",0.25,406132.976927938
"2453","DE","35-59",2025-01-09,2025-01-26,3,"quantile",0.5,461254.428463242
"2454","DE","35-59",2025-01-09,2025-01-26,3,"quantile",0.75,522361.211030483
"2455","DE","35-59",2025-01-09,2025-01-26,3,"quantile",0.9,585583.954988842
"2456","DE","35-59",2025-01-09,2025-01-26,3,"quantile",0.975,665497.592852735
"2457","DE","35-59",2025-01-09,2025-02-02,4,"mean",NA,580322.788792267
"2458","DE","35-59",2025-01-09,2025-02-02,4,"quantile",0.025,379915.50187058
"2459","DE","35-59",2025-01-09,2025-02-02,4,"quantile",0.1,437199.773624964
"2460","DE","35-59",2025-01-09,2025-02-02,4,"quantile",0.25,496351.260628564
"2461","DE","35-59",2025-01-09,2025-02-02,4,"quantile",0.5,567302.31517056
"2462","DE","35-59",2025-01-09,2025-02-02,4,"quantile",0.75,653601.447212002
"2463","DE","35-59",2025-01-09,2025-02-02,4,"quantile",0.9,739126.132798454
"2464","DE","35-59",2025-01-09,2025-02-02,4,"quantile",0.975,852482.111210823
"2465","DE","60+",2025-01-09,2025-01-12,1,"mean",NA,173682.348958635
"2466","DE","60+",2025-01-09,2025-01-12,1,"quantile",0.025,135423.198427124
"2467","DE","60+",2025-01-09,2025-01-12,1,"quantile",0.1,147519.31738057
"2468","DE","60+",2025-01-09,2025-01-12,1,"quantile",0.25,158873.509202817
"2469","DE","60+",2025-01-09,2025-01-12,1,"quantile",0.5,172426.853714613
"2470","DE","60+",2025-01-09,2025-01-12,1,"quantile",0.75,187183.53837184
"2471","DE","60+",2025-01-09,2025-01-12,1,"quantile",0.9,201680.374841395
"2472","DE","60+",2025-01-09,2025-01-12,1,"quantile",0.975,218247.403679563
"2473","DE","60+",2025-01-09,2025-01-19,2,"mean",NA,148226.923392929
"2474","DE","60+",2025-01-09,2025-01-19,2,"quantile",0.025,107201.843389999
"2475","DE","60+",2025-01-09,2025-01-19,2,"quantile",0.1,119211.949492508
"2476","DE","60+",2025-01-09,2025-01-19,2,"quantile",0.25,131673.414364648
"2477","DE","60+",2025-01-09,2025-01-19,2,"quantile",0.5,146405.562985489
"2478","DE","60+",2025-01-09,2025-01-19,2,"quantile",0.75,163060.831715383
"2479","DE","60+",2025-01-09,2025-01-19,2,"quantile",0.9,179312.504338362
"2480","DE","60+",2025-01-09,2025-01-19,2,"quantile",0.975,198807.381870105
"2481","DE","60+",2025-01-09,2025-01-26,3,"mean",NA,161495.288990869
"2482","DE","60+",2025-01-09,2025-01-26,3,"quantile",0.025,109530.152259511
"2483","DE","60+",2025-01-09,2025-01-26,3,"quantile",0.1,124880.576863531
"2484","DE","60+",2025-01-09,2025-01-26,3,"quantile",0.25,140012.415432441
"2485","DE","60+",2025-01-09,2025-01-26,3,"quantile",0.5,158830.27448127
"2486","DE","60+",2025-01-09,2025-01-26,3,"quantile",0.75,180232.798892735
"2487","DE","60+",2025-01-09,2025-01-26,3,"quantile",0.9,201763.517027933
"2488","DE","60+",2025-01-09,2025-01-26,3,"quantile",0.975,228829.826849327
"2489","DE","60+",2025-01-09,2025-02-02,4,"mean",NA,183879.227554759
"2490","DE","60+",2025-01-09,2025-02-02,4,"quantile",0.025,120341.628763867
"2491","DE","60+",2025-01-09,2025-02-02,4,"quantile",0.1,139044.226219549
"2492","DE","60+",2025-01-09,2025-02-02,4,"quantile",0.25,157421.901948262
"2493","DE","60+",2025-01-09,2025-02-02,4,"quantile",0.5,180884.279198215
"2494","DE","60+",2025-01-09,2025-02-02,4,"quantile",0.75,206623.16384333
"2495","DE","60+",2025-01-09,2025-02-02,4,"quantile",0.9,233251.759067997
"2496","DE","60+",2025-01-09,2025-02-02,4,"quantile",0.975,266377.664098567
"2497","DE","00+",2025-01-16,2025-01-19,1,"mean",NA,1465626.69498997
"2498","DE","00+",2025-01-16,2025-01-19,1,"quantile",0.025,1195407.57870618
"2499","DE","00+",2025-01-16,2025-01-19,1,"quantile",0.1,1283531.30308755
"2500","DE","00+",2025-01-16,2025-01-19,1,"quantile",0.25,1362299.20577381
"2501","DE","00+",2025-01-16,2025-01-19,1,"quantile",0.5,1456241.69721527
"2502","DE","00+",2025-01-16,2025-01-19,1,"quantile",0.75,1561107.8911372
"2503","DE","00+",2025-01-16,2025-01-19,1,"quantile",0.9,1661278.87056598
"2504","DE","00+",2025-01-16,2025-01-19,1,"quantile",0.975,1779588.98983348
"2505","DE","00+",2025-01-16,2025-01-26,2,"mean",NA,1797684.17048279
"2506","DE","00+",2025-01-16,2025-01-26,2,"quantile",0.025,1377209.6317199
"2507","DE","00+",2025-01-16,2025-01-26,2,"quantile",0.1,1508756.01304185
"2508","DE","00+",2025-01-16,2025-01-26,2,"quantile",0.25,1634594.65370388
"2509","DE","00+",2025-01-16,2025-01-26,2,"quantile",0.5,1782210.57907624
"2510","DE","00+",2025-01-16,2025-01-26,2,"quantile",0.75,1944337.23350684
"2511","DE","00+",2025-01-16,2025-01-26,2,"quantile",0.9,2105503.88690471
"2512","DE","00+",2025-01-16,2025-01-26,2,"quantile",0.975,2296868.88635578
"2513","DE","00+",2025-01-16,2025-02-02,3,"mean",NA,2022627.32688401
"2514","DE","00+",2025-01-16,2025-02-02,3,"quantile",0.025,1479202.14560365
"2515","DE","00+",2025-01-16,2025-02-02,3,"quantile",0.1,1640531.01244595
"2516","DE","00+",2025-01-16,2025-02-02,3,"quantile",0.25,1807988.56913852
"2517","DE","00+",2025-01-16,2025-02-02,3,"quantile",0.5,1998912.64124752
"2518","DE","00+",2025-01-16,2025-02-02,3,"quantile",0.75,2222318.36633475
"2519","DE","00+",2025-01-16,2025-02-02,3,"quantile",0.9,2430416.62502033
"2520","DE","00+",2025-01-16,2025-02-02,3,"quantile",0.975,2673139.46568596
"2521","DE","00+",2025-01-16,2025-02-09,4,"mean",NA,2043686.26346821
"2522","DE","00+",2025-01-16,2025-02-09,4,"quantile",0.025,1466277.81353402
"2523","DE","00+",2025-01-16,2025-02-09,4,"quantile",0.1,1636289.67690856
"2524","DE","00+",2025-01-16,2025-02-09,4,"quantile",0.25,1802301.74837712
"2525","DE","00+",2025-01-16,2025-02-09,4,"quantile",0.5,2019082.26901783
"2526","DE","00+",2025-01-16,2025-02-09,4,"quantile",0.75,2250818.31494393
"2527","DE","00+",2025-01-16,2025-02-09,4,"quantile",0.9,2485140.01813363
"2528","DE","00+",2025-01-16,2025-02-09,4,"quantile",0.975,2765043.88636232
"2529","DE","00-04",2025-01-16,2025-01-19,1,"mean",NA,201530.373244997
"2530","DE","00-04",2025-01-16,2025-01-19,1,"quantile",0.025,173043.909483695
"2531","DE","00-04",2025-01-16,2025-01-19,1,"quantile",0.1,182666.977052498
"2532","DE","00-04",2025-01-16,2025-01-19,1,"quantile",0.25,191384.005127769
"2533","DE","00-04",2025-01-16,2025-01-19,1,"quantile",0.5,201102.473669426
"2534","DE","00-04",2025-01-16,2025-01-19,1,"quantile",0.75,211211.276084321
"2535","DE","00-04",2025-01-16,2025-01-19,1,"quantile",0.9,220990.754724504
"2536","DE","00-04",2025-01-16,2025-01-19,1,"quantile",0.975,231664.835376186
"2537","DE","00-04",2025-01-16,2025-01-26,2,"mean",NA,266690.965039481
"2538","DE","00-04",2025-01-16,2025-01-26,2,"quantile",0.025,223079.31783764
"2539","DE","00-04",2025-01-16,2025-01-26,2,"quantile",0.1,236525.598628303
"2540","DE","00-04",2025-01-16,2025-01-26,2,"quantile",0.25,250441.68721148
"2541","DE","00-04",2025-01-16,2025-01-26,2,"quantile",0.5,265153.517541011
"2542","DE","00-04",2025-01-16,2025-01-26,2,"quantile",0.75,282211.488587114
"2543","DE","00-04",2025-01-16,2025-01-26,2,"quantile",0.9,298487.435870434
"2544","DE","00-04",2025-01-16,2025-01-26,2,"quantile",0.975,316613.505611335
"2545","DE","00-04",2025-01-16,2025-02-02,3,"mean",NA,286524.533788212
"2546","DE","00-04",2025-01-16,2025-02-02,3,"quantile",0.025,232764.186222285
"2547","DE","00-04",2025-01-16,2025-02-02,3,"quantile",0.1,249617.62431958
"2548","DE","00-04",2025-01-16,2025-02-02,3,"quantile",0.25,266219.757106701
"2549","DE","00-04",2025-01-16,2025-02-02,3,"quantile",0.5,285116.33825372
"2550","DE","00-04",2025-01-16,2025-02-02,3,"quantile",0.75,305338.91529773
"2551","DE","00-04",2025-01-16,2025-02-02,3,"quantile",0.9,324998.855438592
"2552","DE","00-04",2025-01-16,2025-02-02,3,"quantile",0.975,348892.506568162
"2553","DE","00-04",2025-01-16,2025-02-09,4,"mean",NA,286292.50605029
"2554","DE","00-04",2025-01-16,2025-02-09,4,"quantile",0.025,230333.379783446
"2555","DE","00-04",2025-01-16,2025-02-09,4,"quantile",0.1,247528.566899683
"2556","DE","00-04",2025-01-16,2025-02-09,4,"quantile",0.25,263402.910054067
"2557","DE","00-04",2025-01-16,2025-02-09,4,"quantile",0.5,284853.002586972
"2558","DE","00-04",2025-01-16,2025-02-09,4,"quantile",0.75,306529.6900253
"2559","DE","00-04",2025-01-16,2025-02-09,4,"quantile",0.9,327567.376852421
"2560","DE","00-04",2025-01-16,2025-02-09,4,"quantile",0.975,351557.386128904
"2561","DE","05-14",2025-01-16,2025-01-19,1,"mean",NA,179963.196535436
"2562","DE","05-14",2025-01-16,2025-01-19,1,"quantile",0.025,142773.687642435
"2563","DE","05-14",2025-01-16,2025-01-19,1,"quantile",0.1,155127.588036495
"2564","DE","05-14",2025-01-16,2025-01-19,1,"quantile",0.25,165700.753513341
"2565","DE","05-14",2025-01-16,2025-01-19,1,"quantile",0.5,178616.984463703
"2566","DE","05-14",2025-01-16,2025-01-19,1,"quantile",0.75,193237.34966619
"2567","DE","05-14",2025-01-16,2025-01-19,1,"quantile",0.9,206698.3265437
"2568","DE","05-14",2025-01-16,2025-01-19,1,"quantile",0.975,223826.636016391
"2569","DE","05-14",2025-01-16,2025-01-26,2,"mean",NA,249123.065946767
"2570","DE","05-14",2025-01-16,2025-01-26,2,"quantile",0.025,184914.693112842
"2571","DE","05-14",2025-01-16,2025-01-26,2,"quantile",0.1,205589.739060792
"2572","DE","05-14",2025-01-16,2025-01-26,2,"quantile",0.25,223744.332993145
"2573","DE","05-14",2025-01-16,2025-01-26,2,"quantile",0.5,246421.807164212
"2574","DE","05-14",2025-01-16,2025-01-26,2,"quantile",0.75,271286.010095049
"2575","DE","05-14",2025-01-16,2025-01-26,2,"quantile",0.9,296660.289582716
"2576","DE","05-14",2025-01-16,2025-01-26,2,"quantile",0.975,325605.302576777
"2577","DE","05-14",2025-01-16,2025-02-02,3,"mean",NA,285270.691508067
"2578","DE","05-14",2025-01-16,2025-02-02,3,"quantile",0.025,203323.085237547
"2579","DE","05-14",2025-01-16,2025-02-02,3,"quantile",0.1,227575.073131661
"2580","DE","05-14",2025-01-16,2025-02-02,3,"quantile",0.25,251424.142258806
"2581","DE","05-14",2025-01-16,2025-02-02,3,"quantile",0.5,281340.095854735
"2582","DE","05-14",2025-01-16,2025-02-02,3,"quantile",0.75,315525.94723528
"2583","DE","05-14",2025-01-16,2025-02-02,3,"quantile",0.9,347987.57911127
"2584","DE","05-14",2025-01-16,2025-02-02,3,"quantile",0.975,384827.97449144
"2585","DE","05-14",2025-01-16,2025-02-09,4,"mean",NA,270774.263763404
"2586","DE","05-14",2025-01-16,2025-02-09,4,"quantile",0.025,190152.395203534
"2587","DE","05-14",2025-01-16,2025-02-09,4,"quantile",0.1,213173.943129327
"2588","DE","05-14",2025-01-16,2025-02-09,4,"quantile",0.25,236362.736331358
"2589","DE","05-14",2025-01-16,2025-02-09,4,"quantile",0.5,266502.510186666
"2590","DE","05-14",2025-01-16,2025-02-09,4,"quantile",0.75,299816.722390939
"2591","DE","05-14",2025-01-16,2025-02-09,4,"quantile",0.9,333018.356599891
"2592","DE","05-14",2025-01-16,2025-02-09,4,"quantile",0.975,374564.412113981
"2593","DE","15-34",2025-01-16,2025-01-19,1,"mean",NA,396476.755213324
"2594","DE","15-34",2025-01-16,2025-01-19,1,"quantile",0.025,311260.819070053
"2595","DE","15-34",2025-01-16,2025-01-19,1,"quantile",0.1,338430.815730381
"2596","DE","15-34",2025-01-16,2025-01-19,1,"quantile",0.25,364122.407137051
"2597","DE","15-34",2025-01-16,2025-01-19,1,"quantile",0.5,394098.192101942
"2598","DE","15-34",2025-01-16,2025-01-19,1,"quantile",0.75,425503.52776192
"2599","DE","15-34",2025-01-16,2025-01-19,1,"quantile",0.9,458192.025895443
"2600","DE","15-34",2025-01-16,2025-01-19,1,"quantile",0.975,493683.622914495
"2601","DE","15-34",2025-01-16,2025-01-26,2,"mean",NA,457972.173423565
"2602","DE","15-34",2025-01-16,2025-01-26,2,"quantile",0.025,343640.38115066
"2603","DE","15-34",2025-01-16,2025-01-26,2,"quantile",0.1,379123.208765128
"2604","DE","15-34",2025-01-16,2025-01-26,2,"quantile",0.25,413298.312416826
"2605","DE","15-34",2025-01-16,2025-01-26,2,"quantile",0.5,452737.848663137
"2606","DE","15-34",2025-01-16,2025-01-26,2,"quantile",0.75,498124.165938081
"2607","DE","15-34",2025-01-16,2025-01-26,2,"quantile",0.9,544481.096078194
"2608","DE","15-34",2025-01-16,2025-01-26,2,"quantile",0.975,598469.820676147
"2609","DE","15-34",2025-01-16,2025-02-02,3,"mean",NA,516129.213493195
"2610","DE","15-34",2025-01-16,2025-02-02,3,"quantile",0.025,373983.658617633
"2611","DE","15-34",2025-01-16,2025-02-02,3,"quantile",0.1,415822.009426864
"2612","DE","15-34",2025-01-16,2025-02-02,3,"quantile",0.25,458501.365590449
"2613","DE","15-34",2025-01-16,2025-02-02,3,"quantile",0.5,510026.777332666
"2614","DE","15-34",2025-01-16,2025-02-02,3,"quantile",0.75,566554.163931453
"2615","DE","15-34",2025-01-16,2025-02-02,3,"quantile",0.9,623746.130253594
"2616","DE","15-34",2025-01-16,2025-02-02,3,"quantile",0.975,694709.214008439
"2617","DE","15-34",2025-01-16,2025-02-09,4,"mean",NA,533230.375584052
"2618","DE","15-34",2025-01-16,2025-02-09,4,"quantile",0.025,380933.555743816
"2619","DE","15-34",2025-01-16,2025-02-09,4,"quantile",0.1,425071.507268763
"2620","DE","15-34",2025-01-16,2025-02-09,4,"quantile",0.25,467625.866152027
"2621","DE","15-34",2025-01-16,2025-02-09,4,"quantile",0.5,526846.413737304
"2622","DE","15-34",2025-01-16,2025-02-09,4,"quantile",0.75,587633.1281963
"2623","DE","15-34",2025-01-16,2025-02-09,4,"quantile",0.9,652584.440434064
"2624","DE","15-34",2025-01-16,2025-02-09,4,"quantile",0.975,730772.467044421
"2625","DE","35-59",2025-01-16,2025-01-19,1,"mean",NA,497951.825153007
"2626","DE","35-59",2025-01-16,2025-01-19,1,"quantile",0.025,388078.729102759
"2627","DE","35-59",2025-01-16,2025-01-19,1,"quantile",0.1,423004.429918746
"2628","DE","35-59",2025-01-16,2025-01-19,1,"quantile",0.25,454723.805878383
"2629","DE","35-59",2025-01-16,2025-01-19,1,"quantile",0.5,493783.572355985
"2630","DE","35-59",2025-01-16,2025-01-19,1,"quantile",0.75,536877.519372647
"2631","DE","35-59",2025-01-16,2025-01-19,1,"quantile",0.9,579857.35719876
"2632","DE","35-59",2025-01-16,2025-01-19,1,"quantile",0.975,629800.522389455
"2633","DE","35-59",2025-01-16,2025-01-26,2,"mean",NA,606371.522698304
"2634","DE","35-59",2025-01-16,2025-01-26,2,"quantile",0.025,436780.878581494
"2635","DE","35-59",2025-01-16,2025-01-26,2,"quantile",0.1,486208.747910246
"2636","DE","35-59",2025-01-16,2025-01-26,2,"quantile",0.25,537845.368321489
"2637","DE","35-59",2025-01-16,2025-01-26,2,"quantile",0.5,598894.004032721
"2638","DE","35-59",2025-01-16,2025-01-26,2,"quantile",0.75,666611.474441755
"2639","DE","35-59",2025-01-16,2025-01-26,2,"quantile",0.9,736563.592723955
"2640","DE","35-59",2025-01-16,2025-01-26,2,"quantile",0.975,821768.809855664
"2641","DE","35-59",2025-01-16,2025-02-02,3,"mean",NA,705903.307356531
"2642","DE","35-59",2025-01-16,2025-02-02,3,"quantile",0.025,476867.74055826
"2643","DE","35-59",2025-01-16,2025-02-02,3,"quantile",0.1,541635.562978902
"2644","DE","35-59",2025-01-16,2025-02-02,3,"quantile",0.25,610806.322278925
"2645","DE","35-59",2025-01-16,2025-02-02,3,"quantile",0.5,694170.1823194
"2646","DE","35-59",2025-01-16,2025-02-02,3,"quantile",0.75,791411.302936694
"2647","DE","35-59",2025-01-16,2025-02-02,3,"quantile",0.9,885552.13838096
"2648","DE","35-59",2025-01-16,2025-02-02,3,"quantile",0.975,996435.195722245
"2649","DE","35-59",2025-01-16,2025-02-09,4,"mean",NA,725264.683345575
"2650","DE","35-59",2025-01-16,2025-02-09,4,"quantile",0.025,475966.248096502
"2651","DE","35-59",2025-01-16,2025-02-09,4,"quantile",0.1,545730.711231018
"2652","DE","35-59",2025-01-16,2025-02-09,4,"quantile",0.25,617110.779841689
"2653","DE","35-59",2025-01-16,2025-02-09,4,"quantile",0.5,710796.315776812
"2654","DE","35-59",2025-01-16,2025-02-09,4,"quantile",0.75,817235.348835914
"2655","DE","35-59",2025-01-16,2025-02-09,4,"quantile",0.9,922776.238896984
"2656","DE","35-59",2025-01-16,2025-02-09,4,"quantile",0.975,1054517.59389394
"2657","DE","60+",2025-01-16,2025-01-19,1,"mean",NA,189983.439471661
"2658","DE","60+",2025-01-16,2025-01-19,1,"quantile",0.025,147550.550980929
"2659","DE","60+",2025-01-16,2025-01-19,1,"quantile",0.1,161486.01786592
"2660","DE","60+",2025-01-16,2025-01-19,1,"quantile",0.25,174017.684515039
"2661","DE","60+",2025-01-16,2025-01-19,1,"quantile",0.5,188640.256486187
"2662","DE","60+",2025-01-16,2025-01-19,1,"quantile",0.75,204961.579203178
"2663","DE","60+",2025-01-16,2025-01-19,1,"quantile",0.9,220371.110430118
"2664","DE","60+",2025-01-16,2025-01-19,1,"quantile",0.975,238719.201947445
"2665","DE","60+",2025-01-16,2025-01-26,2,"mean",NA,205180.060302179
"2666","DE","60+",2025-01-16,2025-01-26,2,"quantile",0.025,149641.810037328
"2667","DE","60+",2025-01-16,2025-01-26,2,"quantile",0.1,165831.706167655
"2668","DE","60+",2025-01-16,2025-01-26,2,"quantile",0.25,182936.630950366
"2669","DE","60+",2025-01-16,2025-01-26,2,"quantile",0.5,201927.142026285
"2670","DE","60+",2025-01-16,2025-01-26,2,"quantile",0.75,225460.558612753
"2671","DE","60+",2025-01-16,2025-01-26,2,"quantile",0.9,248124.348638266
"2672","DE","60+",2025-01-16,2025-01-26,2,"quantile",0.975,274392.804624745
"2673","DE","60+",2025-01-16,2025-02-02,3,"mean",NA,221255.942821582
"2674","DE","60+",2025-01-16,2025-02-02,3,"quantile",0.025,151685.402051921
"2675","DE","60+",2025-01-16,2025-02-02,3,"quantile",0.1,171700.468896214
"2676","DE","60+",2025-01-16,2025-02-02,3,"quantile",0.25,192488.299785851
"2677","DE","60+",2025-01-16,2025-02-02,3,"quantile",0.5,217858.11111778
"2678","DE","60+",2025-01-16,2025-02-02,3,"quantile",0.75,245906.081596189
"2679","DE","60+",2025-01-16,2025-02-02,3,"quantile",0.9,275227.539231637
"2680","DE","60+",2025-01-16,2025-02-02,3,"quantile",0.975,311495.12467954
"2681","DE","60+",2025-01-16,2025-02-09,4,"mean",NA,233790.041506865
"2682","DE","60+",2025-01-16,2025-02-09,4,"quantile",0.025,155129.864631267
"2683","DE","60+",2025-01-16,2025-02-09,4,"quantile",0.1,177510.328865125
"2684","DE","60+",2025-01-16,2025-02-09,4,"quantile",0.25,199796.796461325
"2685","DE","60+",2025-01-16,2025-02-09,4,"quantile",0.5,229675.378198667
"2686","DE","60+",2025-01-16,2025-02-09,4,"quantile",0.75,261856.448104995
"2687","DE","60+",2025-01-16,2025-02-09,4,"quantile",0.9,295224.897198793
"2688","DE","60+",2025-01-16,2025-02-09,4,"quantile",0.975,337132.036092231
"2689","DE","00+",2025-01-23,2025-01-26,1,"mean",NA,1772796.62404408
"2690","DE","00+",2025-01-23,2025-01-26,1,"quantile",0.025,1446746.54462273
"2691","DE","00+",2025-01-23,2025-01-26,1,"quantile",0.1,1546903.20794563
"2692","DE","00+",2025-01-23,2025-01-26,1,"quantile",0.25,1646680.82450826
"2693","DE","00+",2025-01-23,2025-01-26,1,"quantile",0.5,1763188.28253227
"2694","DE","00+",2025-01-23,2025-01-26,1,"quantile",0.75,1888890.84430326
"2695","DE","00+",2025-01-23,2025-01-26,1,"quantile",0.9,2010677.69264359
"2696","DE","00+",2025-01-23,2025-01-26,1,"quantile",0.975,2153668.42325911
"2697","DE","00+",2025-01-23,2025-02-02,2,"mean",NA,1998586.0079608
"2698","DE","00+",2025-01-23,2025-02-02,2,"quantile",0.025,1536497.15975297
"2699","DE","00+",2025-01-23,2025-02-02,2,"quantile",0.1,1673006.53793514
"2700","DE","00+",2025-01-23,2025-02-02,2,"quantile",0.25,1813034.41804838
"2701","DE","00+",2025-01-23,2025-02-02,2,"quantile",0.5,1978306.81621024
"2702","DE","00+",2025-01-23,2025-02-02,2,"quantile",0.75,2162044.00961556
"2703","DE","00+",2025-01-23,2025-02-02,2,"quantile",0.9,2344448.99426442
"2704","DE","00+",2025-01-23,2025-02-02,2,"quantile",0.975,2563486.79100146
"2705","DE","00+",2025-01-23,2025-02-09,3,"mean",NA,2030676.82531734
"2706","DE","00+",2025-01-23,2025-02-09,3,"quantile",0.025,1496149.27289731
"2707","DE","00+",2025-01-23,2025-02-09,3,"quantile",0.1,1651323.64541058
"2708","DE","00+",2025-01-23,2025-02-09,3,"quantile",0.25,1811178.70671036
"2709","DE","00+",2025-01-23,2025-02-09,3,"quantile",0.5,2004540.8147572
"2710","DE","00+",2025-01-23,2025-02-09,3,"quantile",0.75,2224365.29301768
"2711","DE","00+",2025-01-23,2025-02-09,3,"quantile",0.9,2441428.06076042
"2712","DE","00+",2025-01-23,2025-02-09,3,"quantile",0.975,2696044.4711439
"2713","DE","00+",2025-01-23,2025-02-16,4,"mean",NA,2084406.42036567
"2714","DE","00+",2025-01-23,2025-02-16,4,"quantile",0.025,1499794.19237804
"2715","DE","00+",2025-01-23,2025-02-16,4,"quantile",0.1,1666806.61179974
"2716","DE","00+",2025-01-23,2025-02-16,4,"quantile",0.25,1842510.45043919
"2717","DE","00+",2025-01-23,2025-02-16,4,"quantile",0.5,2055825.9894099
"2718","DE","00+",2025-01-23,2025-02-16,4,"quantile",0.75,2292164.72816981
"2719","DE","00+",2025-01-23,2025-02-16,4,"quantile",0.9,2538003.08098507
"2720","DE","00+",2025-01-23,2025-02-16,4,"quantile",0.975,2837591.68517634
"2721","DE","00-04",2025-01-23,2025-01-26,1,"mean",NA,266894.311785977
"2722","DE","00-04",2025-01-23,2025-01-26,1,"quantile",0.025,230713.480829387
"2723","DE","00-04",2025-01-23,2025-01-26,1,"quantile",0.1,241949.292674275
"2724","DE","00-04",2025-01-23,2025-01-26,1,"quantile",0.25,253471.936946281
"2725","DE","00-04",2025-01-23,2025-01-26,1,"quantile",0.5,266344.48585314
"2726","DE","00-04",2025-01-23,2025-01-26,1,"quantile",0.75,279560.989734744
"2727","DE","00-04",2025-01-23,2025-01-26,1,"quantile",0.9,292382.225340669
"2728","DE","00-04",2025-01-23,2025-01-26,1,"quantile",0.975,306702.342219374
"2729","DE","00-04",2025-01-23,2025-02-02,2,"mean",NA,286778.401863345
"2730","DE","00-04",2025-01-23,2025-02-02,2,"quantile",0.025,238888.807334998
"2731","DE","00-04",2025-01-23,2025-02-02,2,"quantile",0.1,253889.510328613
"2732","DE","00-04",2025-01-23,2025-02-02,2,"quantile",0.25,269009.292991117
"2733","DE","00-04",2025-01-23,2025-02-02,2,"quantile",0.5,285962.226506017
"2734","DE","00-04",2025-01-23,2025-02-02,2,"quantile",0.75,303478.55120528
"2735","DE","00-04",2025-01-23,2025-02-02,2,"quantile",0.9,320374.436566847
"2736","DE","00-04",2025-01-23,2025-02-02,2,"quantile",0.975,339766.171836906
"2737","DE","00-04",2025-01-23,2025-02-09,3,"mean",NA,285933.467796746
"2738","DE","00-04",2025-01-23,2025-02-09,3,"quantile",0.025,231081.456945259
"2739","DE","00-04",2025-01-23,2025-02-09,3,"quantile",0.1,249430.352390802
"2740","DE","00-04",2025-01-23,2025-02-09,3,"quantile",0.25,264732.053853572
"2741","DE","00-04",2025-01-23,2025-02-09,3,"quantile",0.5,284450.890275105
"2742","DE","00-04",2025-01-23,2025-02-09,3,"quantile",0.75,304951.459194195
"2743","DE","00-04",2025-01-23,2025-02-09,3,"quantile",0.9,325246.833663384
"2744","DE","00-04",2025-01-23,2025-02-09,3,"quantile",0.975,349759.674758741
"2745","DE","00-04",2025-01-23,2025-02-16,4,"mean",NA,271332.482744254
"2746","DE","00-04",2025-01-23,2025-02-16,4,"quantile",0.025,216602.769134294
"2747","DE","00-04",2025-01-23,2025-02-16,4,"quantile",0.1,233550.073218236
"2748","DE","00-04",2025-01-23,2025-02-16,4,"quantile",0.25,249854.211709873
"2749","DE","00-04",2025-01-23,2025-02-16,4,"quantile",0.5,269289.24474115
"2750","DE","00-04",2025-01-23,2025-02-16,4,"quantile",0.75,291208.026212679
"2751","DE","00-04",2025-01-23,2025-02-16,4,"quantile",0.9,311459.249819153
"2752","DE","00-04",2025-01-23,2025-02-16,4,"quantile",0.975,334904.641994981
"2753","DE","05-14",2025-01-23,2025-01-26,1,"mean",NA,250987.372840348
"2754","DE","05-14",2025-01-23,2025-01-26,1,"quantile",0.025,199706.517244944
"2755","DE","05-14",2025-01-23,2025-01-26,1,"quantile",0.1,215282.389270208
"2756","DE","05-14",2025-01-23,2025-01-26,1,"quantile",0.25,231190.339925959
"2757","DE","05-14",2025-01-23,2025-01-26,1,"quantile",0.5,249343.826632092
"2758","DE","05-14",2025-01-23,2025-01-26,1,"quantile",0.75,269219.52987535
"2759","DE","05-14",2025-01-23,2025-01-26,1,"quantile",0.9,288999.975457396
"2760","DE","05-14",2025-01-23,2025-01-26,1,"quantile",0.975,312755.23942186
"2761","DE","05-14",2025-01-23,2025-02-02,2,"mean",NA,287710.424154084
"2762","DE","05-14",2025-01-23,2025-02-02,2,"quantile",0.025,214438.010219544
"2763","DE","05-14",2025-01-23,2025-02-02,2,"quantile",0.1,236602.777564911
"2764","DE","05-14",2025-01-23,2025-02-02,2,"quantile",0.25,257969.70103038
"2765","DE","05-14",2025-01-23,2025-02-02,2,"quantile",0.5,284482.814130997
"2766","DE","05-14",2025-01-23,2025-02-02,2,"quantile",0.75,314335.382508482
"2767","DE","05-14",2025-01-23,2025-02-02,2,"quantile",0.9,343472.23579013
"2768","DE","05-14",2025-01-23,2025-02-02,2,"quantile",0.975,378116.269740413
"2769","DE","05-14",2025-01-23,2025-02-09,3,"mean",NA,273292.551601286
"2770","DE","05-14",2025-01-23,2025-02-09,3,"quantile",0.025,195492.693456104
"2771","DE","05-14",2025-01-23,2025-02-09,3,"quantile",0.1,218856.5844242
"2772","DE","05-14",2025-01-23,2025-02-09,3,"quantile",0.25,241366.610551827
"2773","DE","05-14",2025-01-23,2025-02-09,3,"quantile",0.5,269784.671203545
"2774","DE","05-14",2025-01-23,2025-02-09,3,"quantile",0.75,301504.076822432
"2775","DE","05-14",2025-01-23,2025-02-09,3,"quantile",0.9,333344.063494988
"2776","DE","05-14",2025-01-23,2025-02-09,3,"quantile",0.975,370844.221998403
"2777","DE","05-14",2025-01-23,2025-02-16,4,"mean",NA,258086.316074133
"2778","DE","05-14",2025-01-23,2025-02-16,4,"quantile",0.025,181771.960926445
"2779","DE","05-14",2025-01-23,2025-02-16,4,"quantile",0.1,203078.490142668
"2780","DE","05-14",2025-01-23,2025-02-16,4,"quantile",0.25,225881.585237578
"2781","DE","05-14",2025-01-23,2025-02-16,4,"quantile",0.5,254226.250373989
"2782","DE","05-14",2025-01-23,2025-02-16,4,"quantile",0.75,285428.354412407
"2783","DE","05-14",2025-01-23,2025-02-16,4,"quantile",0.9,318300.131512544
"2784","DE","05-14",2025-01-23,2025-02-16,4,"quantile",0.975,357850.555646732
"2785","DE","15-34",2025-01-23,2025-01-26,1,"mean",NA,468316.712038167
"2786","DE","15-34",2025-01-23,2025-01-26,1,"quantile",0.025,371537.135188703
"2787","DE","15-34",2025-01-23,2025-01-26,1,"quantile",0.1,400017.043066337
"2788","DE","15-34",2025-01-23,2025-01-26,1,"quantile",0.25,430149.59098117
"2789","DE","15-34",2025-01-23,2025-01-26,1,"quantile",0.5,465428.382960122
"2790","DE","15-34",2025-01-23,2025-01-26,1,"quantile",0.75,503251.518881855
"2791","DE","15-34",2025-01-23,2025-01-26,1,"quantile",0.9,539451.685394279
"2792","DE","15-34",2025-01-23,2025-01-26,1,"quantile",0.975,582591.037754598
"2793","DE","15-34",2025-01-23,2025-02-02,2,"mean",NA,526793.797234754
"2794","DE","15-34",2025-01-23,2025-02-02,2,"quantile",0.025,392985.207234931
"2795","DE","15-34",2025-01-23,2025-02-02,2,"quantile",0.1,433343.660899873
"2796","DE","15-34",2025-01-23,2025-02-02,2,"quantile",0.25,475201.321122031
"2797","DE","15-34",2025-01-23,2025-02-02,2,"quantile",0.5,522189.824240079
"2798","DE","15-34",2025-01-23,2025-02-02,2,"quantile",0.75,572797.056543582
"2799","DE","15-34",2025-01-23,2025-02-02,2,"quantile",0.9,625220.824501206
"2800","DE","15-34",2025-01-23,2025-02-02,2,"quantile",0.975,685973.623365571
"2801","DE","15-34",2025-01-23,2025-02-09,3,"mean",NA,539433.769053188
"2802","DE","15-34",2025-01-23,2025-02-09,3,"quantile",0.025,387976.106362977
"2803","DE","15-34",2025-01-23,2025-02-09,3,"quantile",0.1,433796.262582054
"2804","DE","15-34",2025-01-23,2025-02-09,3,"quantile",0.25,476591.994751352
"2805","DE","15-34",2025-01-23,2025-02-09,3,"quantile",0.5,532876.016111389
"2806","DE","15-34",2025-01-23,2025-02-09,3,"quantile",0.75,593229.455318817
"2807","DE","15-34",2025-01-23,2025-02-09,3,"quantile",0.9,654405.910414741
"2808","DE","15-34",2025-01-23,2025-02-09,3,"quantile",0.975,731674.537049914
"2809","DE","15-34",2025-01-23,2025-02-16,4,"mean",NA,565822.931159103
"2810","DE","15-34",2025-01-23,2025-02-16,4,"quantile",0.025,397454.249837182
"2811","DE","15-34",2025-01-23,2025-02-16,4,"quantile",0.1,447603.58436119
"2812","DE","15-34",2025-01-23,2025-02-16,4,"quantile",0.25,497865.672580777
"2813","DE","15-34",2025-01-23,2025-02-16,4,"quantile",0.5,556411.440464052
"2814","DE","15-34",2025-01-23,2025-02-16,4,"quantile",0.75,625177.319749088
"2815","DE","15-34",2025-01-23,2025-02-16,4,"quantile",0.9,695751.904164401
"2816","DE","15-34",2025-01-23,2025-02-16,4,"quantile",0.975,777026.405480553
"2817","DE","35-59",2025-01-23,2025-01-26,1,"mean",NA,589728.867402596
"2818","DE","35-59",2025-01-23,2025-01-26,1,"quantile",0.025,459073.49388723
"2819","DE","35-59",2025-01-23,2025-01-26,1,"quantile",0.1,498947.070349701
"2820","DE","35-59",2025-01-23,2025-01-26,1,"quantile",0.25,538124.00559432
"2821","DE","35-59",2025-01-23,2025-01-26,1,"quantile",0.5,584848.969789138
"2822","DE","35-59",2025-01-23,2025-01-26,1,"quantile",0.75,636556.096682007
"2823","DE","35-59",2025-01-23,2025-01-26,1,"quantile",0.9,686165.470517765
"2824","DE","35-59",2025-01-23,2025-01-26,1,"quantile",0.975,746952.065132658
"2825","DE","35-59",2025-01-23,2025-02-02,2,"mean",NA,688207.270262653
"2826","DE","35-59",2025-01-23,2025-02-02,2,"quantile",0.025,497701.834797458
"2827","DE","35-59",2025-01-23,2025-02-02,2,"quantile",0.1,551658.719767874
"2828","DE","35-59",2025-01-23,2025-02-02,2,"quantile",0.25,608843.834211434
"2829","DE","35-59",2025-01-23,2025-02-02,2,"quantile",0.5,678519.993408813
"2830","DE","35-59",2025-01-23,2025-02-02,2,"quantile",0.75,755555.843105332
"2831","DE","35-59",2025-01-23,2025-02-02,2,"quantile",0.9,836129.750112438
"2832","DE","35-59",2025-01-23,2025-02-02,2,"quantile",0.975,936777.436687228
"2833","DE","35-59",2025-01-23,2025-02-09,3,"mean",NA,713672.066842749
"2834","DE","35-59",2025-01-23,2025-02-09,3,"quantile",0.025,485419.73069878
"2835","DE","35-59",2025-01-23,2025-02-09,3,"quantile",0.1,549457.704678122
"2836","DE","35-59",2025-01-23,2025-02-09,3,"quantile",0.25,617470.992276476
"2837","DE","35-59",2025-01-23,2025-02-09,3,"quantile",0.5,700199.065610746
"2838","DE","35-59",2025-01-23,2025-02-09,3,"quantile",0.75,795456.678620632
"2839","DE","35-59",2025-01-23,2025-02-09,3,"quantile",0.9,893598.487409974
"2840","DE","35-59",2025-01-23,2025-02-09,3,"quantile",0.975,1016917.17689461
"2841","DE","35-59",2025-01-23,2025-02-16,4,"mean",NA,760432.988387997
"2842","DE","35-59",2025-01-23,2025-02-16,4,"quantile",0.025,499436.734378135
"2843","DE","35-59",2025-01-23,2025-02-16,4,"quantile",0.1,571765.17562776
"2844","DE","35-59",2025-01-23,2025-02-16,4,"quantile",0.25,648628.699468559
"2845","DE","35-59",2025-01-23,2025-02-16,4,"quantile",0.5,743149.069301948
"2846","DE","35-59",2025-01-23,2025-02-16,4,"quantile",0.75,852664.934485242
"2847","DE","35-59",2025-01-23,2025-02-16,4,"quantile",0.9,970448.447821363
"2848","DE","35-59",2025-01-23,2025-02-16,4,"quantile",0.975,1113640.7368246
"2849","DE","60+",2025-01-23,2025-01-26,1,"mean",NA,197675.224836331
"2850","DE","60+",2025-01-23,2025-01-26,1,"quantile",0.025,155048.265479054
"2851","DE","60+",2025-01-23,2025-01-26,1,"quantile",0.1,167747.502506462
"2852","DE","60+",2025-01-23,2025-01-26,1,"quantile",0.25,181264.91857935
"2853","DE","60+",2025-01-23,2025-01-26,1,"quantile",0.5,196130.827217501
"2854","DE","60+",2025-01-23,2025-01-26,1,"quantile",0.75,212916.84622571
"2855","DE","60+",2025-01-23,2025-01-26,1,"quantile",0.9,228928.663736335
"2856","DE","60+",2025-01-23,2025-01-26,1,"quantile",0.975,248002.35349461
"2857","DE","60+",2025-01-23,2025-02-02,2,"mean",NA,213483.731776971
"2858","DE","60+",2025-01-23,2025-02-02,2,"quantile",0.025,154744.537276545
"2859","DE","60+",2025-01-23,2025-02-02,2,"quantile",0.1,172278.345819391
"2860","DE","60+",2025-01-23,2025-02-02,2,"quantile",0.25,190011.085210741
"2861","DE","60+",2025-01-23,2025-02-02,2,"quantile",0.5,211259.032570871
"2862","DE","60+",2025-01-23,2025-02-02,2,"quantile",0.75,234389.616699207
"2863","DE","60+",2025-01-23,2025-02-02,2,"quantile",0.9,257196.977215073
"2864","DE","60+",2025-01-23,2025-02-02,2,"quantile",0.975,285033.439588789
"2865","DE","60+",2025-01-23,2025-02-09,3,"mean",NA,227027.865684844
"2866","DE","60+",2025-01-23,2025-02-09,3,"quantile",0.025,153916.468195187
"2867","DE","60+",2025-01-23,2025-02-09,3,"quantile",0.1,176068.06351067
"2868","DE","60+",2025-01-23,2025-02-09,3,"quantile",0.25,196289.824846608
"2869","DE","60+",2025-01-23,2025-02-09,3,"quantile",0.5,223014.836468366
"2870","DE","60+",2025-01-23,2025-02-09,3,"quantile",0.75,252788.061896539
"2871","DE","60+",2025-01-23,2025-02-09,3,"quantile",0.9,283387.659252457
"2872","DE","60+",2025-01-23,2025-02-09,3,"quantile",0.975,322065.651184196
"2873","DE","60+",2025-01-23,2025-02-16,4,"mean",NA,243478.013265521
"2874","DE","60+",2025-01-23,2025-02-16,4,"quantile",0.025,160918.906280052
"2875","DE","60+",2025-01-23,2025-02-16,4,"quantile",0.1,184183.17028956
"2876","DE","60+",2025-01-23,2025-02-16,4,"quantile",0.25,207729.510272539
"2877","DE","60+",2025-01-23,2025-02-16,4,"quantile",0.5,238025.111116793
"2878","DE","60+",2025-01-23,2025-02-16,4,"quantile",0.75,274018.655976365
"2879","DE","60+",2025-01-23,2025-02-16,4,"quantile",0.9,310635.231017873
"2880","DE","60+",2025-01-23,2025-02-16,4,"quantile",0.975,354574.899895729
"2881","DE","00+",2025-01-30,2025-02-02,1,"mean",NA,2069090.02958818
"2882","DE","00+",2025-01-30,2025-02-02,1,"quantile",0.025,1680326.73842853
"2883","DE","00+",2025-01-30,2025-02-02,1,"quantile",0.1,1805073.98663629
"2884","DE","00+",2025-01-30,2025-02-02,1,"quantile",0.25,1923495.76185485
"2885","DE","00+",2025-01-30,2025-02-02,1,"quantile",0.5,2060628.53747512
"2886","DE","00+",2025-01-30,2025-02-02,1,"quantile",0.75,2203327.51402846
"2887","DE","00+",2025-01-30,2025-02-02,1,"quantile",0.9,2344268.14732123
"2888","DE","00+",2025-01-30,2025-02-02,1,"quantile",0.975,2512705.03365811
"2889","DE","00+",2025-01-30,2025-02-09,2,"mean",NA,2100542.51981078
"2890","DE","00+",2025-01-30,2025-02-09,2,"quantile",0.025,1612757.39698526
"2891","DE","00+",2025-01-30,2025-02-09,2,"quantile",0.1,1765722.94320739
"2892","DE","00+",2025-01-30,2025-02-09,2,"quantile",0.25,1906507.28624366
"2893","DE","00+",2025-01-30,2025-02-09,2,"quantile",0.5,2084105.0208371
"2894","DE","00+",2025-01-30,2025-02-09,2,"quantile",0.75,2272476.59902667
"2895","DE","00+",2025-01-30,2025-02-09,2,"quantile",0.9,2460376.36833708
"2896","DE","00+",2025-01-30,2025-02-09,2,"quantile",0.975,2680513.12816437
"2897","DE","00+",2025-01-30,2025-02-16,3,"mean",NA,2131894.90529016
"2898","DE","00+",2025-01-30,2025-02-16,3,"quantile",0.025,1570550.83430371
"2899","DE","00+",2025-01-30,2025-02-16,3,"quantile",0.1,1737754.43150116
"2900","DE","00+",2025-01-30,2025-02-16,3,"quantile",0.25,1907488.15222482
"2901","DE","00+",2025-01-30,2025-02-16,3,"quantile",0.5,2105981.85409886
"2902","DE","00+",2025-01-30,2025-02-16,3,"quantile",0.75,2333702.22989223
"2903","DE","00+",2025-01-30,2025-02-16,3,"quantile",0.9,2555696.44417718
"2904","DE","00+",2025-01-30,2025-02-16,3,"quantile",0.975,2836614.26211738
"2905","DE","00+",2025-01-30,2025-02-23,4,"mean",NA,2098912.11951667
"2906","DE","00+",2025-01-30,2025-02-23,4,"quantile",0.025,1508243.98700595
"2907","DE","00+",2025-01-30,2025-02-23,4,"quantile",0.1,1681734.01986257
"2908","DE","00+",2025-01-30,2025-02-23,4,"quantile",0.25,1855703.89502269
"2909","DE","00+",2025-01-30,2025-02-23,4,"quantile",0.5,2070159.19031758
"2910","DE","00+",2025-01-30,2025-02-23,4,"quantile",0.75,2312893.92529349
"2911","DE","00+",2025-01-30,2025-02-23,4,"quantile",0.9,2547734.76861358
"2912","DE","00+",2025-01-30,2025-02-23,4,"quantile",0.975,2849386.60728806
"2913","DE","00-04",2025-01-30,2025-02-02,1,"mean",NA,310185.744735251
"2914","DE","00-04",2025-01-30,2025-02-02,1,"quantile",0.025,267818.107052707
"2915","DE","00-04",2025-01-30,2025-02-02,1,"quantile",0.1,281723.669385887
"2916","DE","00-04",2025-01-30,2025-02-02,1,"quantile",0.25,294835.799099977
"2917","DE","00-04",2025-01-30,2025-02-02,1,"quantile",0.5,309463.455583423
"2918","DE","00-04",2025-01-30,2025-02-02,1,"quantile",0.75,325149.516249031
"2919","DE","00-04",2025-01-30,2025-02-02,1,"quantile",0.9,339349.024095015
"2920","DE","00-04",2025-01-30,2025-02-02,1,"quantile",0.975,355726.628686863
"2921","DE","00-04",2025-01-30,2025-02-09,2,"mean",NA,308234.690346503
"2922","DE","00-04",2025-01-30,2025-02-09,2,"quantile",0.025,257398.952044708
"2923","DE","00-04",2025-01-30,2025-02-09,2,"quantile",0.1,272793.375093069
"2924","DE","00-04",2025-01-30,2025-02-09,2,"quantile",0.25,289256.405111666
"2925","DE","00-04",2025-01-30,2025-02-09,2,"quantile",0.5,306678.86991788
"2926","DE","00-04",2025-01-30,2025-02-09,2,"quantile",0.75,326010.442579671
"2927","DE","00-04",2025-01-30,2025-02-09,2,"quantile",0.9,345059.364275669
"2928","DE","00-04",2025-01-30,2025-02-09,2,"quantile",0.975,367378.005974393
"2929","DE","00-04",2025-01-30,2025-02-16,3,"mean",NA,286077.960546438
"2930","DE","00-04",2025-01-30,2025-02-16,3,"quantile",0.025,233357.462337348
"2931","DE","00-04",2025-01-30,2025-02-16,3,"quantile",0.1,249830.411621187
"2932","DE","00-04",2025-01-30,2025-02-16,3,"quantile",0.25,265247.835837187
"2933","DE","00-04",2025-01-30,2025-02-16,3,"quantile",0.5,284289.601183919
"2934","DE","00-04",2025-01-30,2025-02-16,3,"quantile",0.75,305242.701513117
"2935","DE","00-04",2025-01-30,2025-02-16,3,"quantile",0.9,324120.772608038
"2936","DE","00-04",2025-01-30,2025-02-16,3,"quantile",0.975,348884.932143991
"2937","DE","00-04",2025-01-30,2025-02-23,4,"mean",NA,264209.437418397
"2938","DE","00-04",2025-01-30,2025-02-23,4,"quantile",0.025,210892.472317558
"2939","DE","00-04",2025-01-30,2025-02-23,4,"quantile",0.1,227122.538294607
"2940","DE","00-04",2025-01-30,2025-02-23,4,"quantile",0.25,243534.178113898
"2941","DE","00-04",2025-01-30,2025-02-23,4,"quantile",0.5,262582.419726256
"2942","DE","00-04",2025-01-30,2025-02-23,4,"quantile",0.75,283414.850866828
"2943","DE","00-04",2025-01-30,2025-02-23,4,"quantile",0.9,302989.294885592
"2944","DE","00-04",2025-01-30,2025-02-23,4,"quantile",0.975,326777.050936085
"2945","DE","05-14",2025-01-30,2025-02-02,1,"mean",NA,326498.960293489
"2946","DE","05-14",2025-01-30,2025-02-02,1,"quantile",0.025,258667.76378451
"2947","DE","05-14",2025-01-30,2025-02-02,1,"quantile",0.1,280477.538993491
"2948","DE","05-14",2025-01-30,2025-02-02,1,"quantile",0.25,300768.064727308
"2949","DE","05-14",2025-01-30,2025-02-02,1,"quantile",0.5,324795.276814248
"2950","DE","05-14",2025-01-30,2025-02-02,1,"quantile",0.75,350237.176941039
"2951","DE","05-14",2025-01-30,2025-02-02,1,"quantile",0.9,375144.575941025
"2952","DE","05-14",2025-01-30,2025-02-02,1,"quantile",0.975,404524.944910583
"2953","DE","05-14",2025-01-30,2025-02-09,2,"mean",NA,306173.587639639
"2954","DE","05-14",2025-01-30,2025-02-09,2,"quantile",0.025,229167.977256971
"2955","DE","05-14",2025-01-30,2025-02-09,2,"quantile",0.1,252864.7250143
"2956","DE","05-14",2025-01-30,2025-02-09,2,"quantile",0.25,274942.012327172
"2957","DE","05-14",2025-01-30,2025-02-09,2,"quantile",0.5,303146.528034381
"2958","DE","05-14",2025-01-30,2025-02-09,2,"quantile",0.75,333536.748705223
"2959","DE","05-14",2025-01-30,2025-02-09,2,"quantile",0.9,363911.171735873
"2960","DE","05-14",2025-01-30,2025-02-09,2,"quantile",0.975,400159.753831526
"2961","DE","05-14",2025-01-30,2025-02-16,3,"mean",NA,278272.921555895
"2962","DE","05-14",2025-01-30,2025-02-16,3,"quantile",0.025,200755.82465367
"2963","DE","05-14",2025-01-30,2025-02-16,3,"quantile",0.1,223086.399706177
"2964","DE","05-14",2025-01-30,2025-02-16,3,"quantile",0.25,246639.049286287
"2965","DE","05-14",2025-01-30,2025-02-16,3,"quantile",0.5,274089.033516549
"2966","DE","05-14",2025-01-30,2025-02-16,3,"quantile",0.75,306046.091098605
"2967","DE","05-14",2025-01-30,2025-02-16,3,"quantile",0.9,339660.905460124
"2968","DE","05-14",2025-01-30,2025-02-16,3,"quantile",0.975,379525.180845792
"2969","DE","05-14",2025-01-30,2025-02-23,4,"mean",NA,267211.195788455
"2970","DE","05-14",2025-01-30,2025-02-23,4,"quantile",0.025,188293.648587653
"2971","DE","05-14",2025-01-30,2025-02-23,4,"quantile",0.1,210630.21541565
"2972","DE","05-14",2025-01-30,2025-02-23,4,"quantile",0.25,234310.288615087
"2973","DE","05-14",2025-01-30,2025-02-23,4,"quantile",0.5,263230.058924745
"2974","DE","05-14",2025-01-30,2025-02-23,4,"quantile",0.75,295687.320029471
"2975","DE","05-14",2025-01-30,2025-02-23,4,"quantile",0.9,329208.487864752
"2976","DE","05-14",2025-01-30,2025-02-23,4,"quantile",0.975,370386.751872949
"2977","DE","15-34",2025-01-30,2025-02-02,1,"mean",NA,541827.209165035
"2978","DE","15-34",2025-01-30,2025-02-02,1,"quantile",0.025,428879.106078779
"2979","DE","15-34",2025-01-30,2025-02-02,1,"quantile",0.1,464768.527582578
"2980","DE","15-34",2025-01-30,2025-02-02,1,"quantile",0.25,498106.804345635
"2981","DE","15-34",2025-01-30,2025-02-02,1,"quantile",0.5,538709.362182815
"2982","DE","15-34",2025-01-30,2025-02-02,1,"quantile",0.75,582211.06033273
"2983","DE","15-34",2025-01-30,2025-02-02,1,"quantile",0.9,621884.40220092
"2984","DE","15-34",2025-01-30,2025-02-02,1,"quantile",0.975,670996.904866195
"2985","DE","15-34",2025-01-30,2025-02-09,2,"mean",NA,554646.383655142
"2986","DE","15-34",2025-01-30,2025-02-09,2,"quantile",0.025,416627.842540381
"2987","DE","15-34",2025-01-30,2025-02-09,2,"quantile",0.1,456874.469951936
"2988","DE","15-34",2025-01-30,2025-02-09,2,"quantile",0.25,500095.385803263
"2989","DE","15-34",2025-01-30,2025-02-09,2,"quantile",0.5,548463.261969849
"2990","DE","15-34",2025-01-30,2025-02-09,2,"quantile",0.75,604254.807971122
"2991","DE","15-34",2025-01-30,2025-02-09,2,"quantile",0.9,657516.593279846
"2992","DE","15-34",2025-01-30,2025-02-09,2,"quantile",0.975,724480.881565749
"2993","DE","15-34",2025-01-30,2025-02-16,3,"mean",NA,574419.044155054
"2994","DE","15-34",2025-01-30,2025-02-16,3,"quantile",0.025,418035.862442092
"2995","DE","15-34",2025-01-30,2025-02-16,3,"quantile",0.1,464267.593114589
"2996","DE","15-34",2025-01-30,2025-02-16,3,"quantile",0.25,509181.732325823
"2997","DE","15-34",2025-01-30,2025-02-16,3,"quantile",0.5,566638.67774974
"2998","DE","15-34",2025-01-30,2025-02-16,3,"quantile",0.75,631661.98496754
"2999","DE","15-34",2025-01-30,2025-02-16,3,"quantile",0.9,694259.02013553
"3000","DE","15-34",2025-01-30,2025-02-16,3,"quantile",0.975,774915.345749526
"3001","DE","15-34",2025-01-30,2025-02-23,4,"mean",NA,566081.922516761
"3002","DE","15-34",2025-01-30,2025-02-23,4,"quantile",0.025,400001.932856939
"3003","DE","15-34",2025-01-30,2025-02-23,4,"quantile",0.1,447306.305988392
"3004","DE","15-34",2025-01-30,2025-02-23,4,"quantile",0.25,497288.23525955
"3005","DE","15-34",2025-01-30,2025-02-23,4,"quantile",0.5,557596.6706199
"3006","DE","15-34",2025-01-30,2025-02-23,4,"quantile",0.75,626933.473052352
"3007","DE","15-34",2025-01-30,2025-02-23,4,"quantile",0.9,694488.651027624
"3008","DE","15-34",2025-01-30,2025-02-23,4,"quantile",0.975,777712.742256602
"3009","DE","35-59",2025-01-30,2025-02-02,1,"mean",NA,712204.666205363
"3010","DE","35-59",2025-01-30,2025-02-02,1,"quantile",0.025,552313.610601698
"3011","DE","35-59",2025-01-30,2025-02-02,1,"quantile",0.1,602011.715654573
"3012","DE","35-59",2025-01-30,2025-02-02,1,"quantile",0.25,650071.278532037
"3013","DE","35-59",2025-01-30,2025-02-02,1,"quantile",0.5,707946.362995519
"3014","DE","35-59",2025-01-30,2025-02-02,1,"quantile",0.75,767784.308537522
"3015","DE","35-59",2025-01-30,2025-02-02,1,"quantile",0.9,829039.044156051
"3016","DE","35-59",2025-01-30,2025-02-02,1,"quantile",0.975,900858.680440841
"3017","DE","35-59",2025-01-30,2025-02-09,2,"mean",NA,738458.465298433
"3018","DE","35-59",2025-01-30,2025-02-09,2,"quantile",0.025,533005.771102868
"3019","DE","35-59",2025-01-30,2025-02-09,2,"quantile",0.1,594433.343914382
"3020","DE","35-59",2025-01-30,2025-02-09,2,"quantile",0.25,653597.185112616
"3021","DE","35-59",2025-01-30,2025-02-09,2,"quantile",0.5,729401.302892643
"3022","DE","35-59",2025-01-30,2025-02-09,2,"quantile",0.75,811752.794805841
"3023","DE","35-59",2025-01-30,2025-02-09,2,"quantile",0.9,895448.833571132
"3024","DE","35-59",2025-01-30,2025-02-09,2,"quantile",0.975,994952.160587033
"3025","DE","35-59",2025-01-30,2025-02-16,3,"mean",NA,777821.015164687
"3026","DE","35-59",2025-01-30,2025-02-16,3,"quantile",0.025,529190.004297771
"3027","DE","35-59",2025-01-30,2025-02-16,3,"quantile",0.1,601262.142984504
"3028","DE","35-59",2025-01-30,2025-02-16,3,"quantile",0.25,674327.859926248
"3029","DE","35-59",2025-01-30,2025-02-16,3,"quantile",0.5,762940.934405796
"3030","DE","35-59",2025-01-30,2025-02-16,3,"quantile",0.75,868548.883995416
"3031","DE","35-59",2025-01-30,2025-02-16,3,"quantile",0.9,972389.529205673
"3032","DE","35-59",2025-01-30,2025-02-16,3,"quantile",0.975,1100734.06513659
"3033","DE","35-59",2025-01-30,2025-02-23,4,"mean",NA,770188.569717673
"3034","DE","35-59",2025-01-30,2025-02-23,4,"quantile",0.025,506978.639352739
"3035","DE","35-59",2025-01-30,2025-02-23,4,"quantile",0.1,580113.529401813
"3036","DE","35-59",2025-01-30,2025-02-23,4,"quantile",0.25,657719.808452572
"3037","DE","35-59",2025-01-30,2025-02-23,4,"quantile",0.5,753869.610380457
"3038","DE","35-59",2025-01-30,2025-02-23,4,"quantile",0.75,865938.137870236
"3039","DE","35-59",2025-01-30,2025-02-23,4,"quantile",0.9,977380.713365097
"3040","DE","35-59",2025-01-30,2025-02-23,4,"quantile",0.975,1125702.0915635
"3041","DE","60+",2025-01-30,2025-02-02,1,"mean",NA,200817.417301215
"3042","DE","60+",2025-01-30,2025-02-02,1,"quantile",0.025,156888.033224527
"3043","DE","60+",2025-01-30,2025-02-02,1,"quantile",0.1,170986.201219155
"3044","DE","60+",2025-01-30,2025-02-02,1,"quantile",0.25,183917.814795623
"3045","DE","60+",2025-01-30,2025-02-02,1,"quantile",0.5,199369.508919752
"3046","DE","60+",2025-01-30,2025-02-02,1,"quantile",0.75,216108.447841659
"3047","DE","60+",2025-01-30,2025-02-02,1,"quantile",0.9,232196.183733893
"3048","DE","60+",2025-01-30,2025-02-02,1,"quantile",0.975,251396.594179083
"3049","DE","60+",2025-01-30,2025-02-09,2,"mean",NA,214313.188586605
"3050","DE","60+",2025-01-30,2025-02-09,2,"quantile",0.025,155269.316386456
"3051","DE","60+",2025-01-30,2025-02-09,2,"quantile",0.1,172396.815888431
"3052","DE","60+",2025-01-30,2025-02-09,2,"quantile",0.25,190738.703656854
"3053","DE","60+",2025-01-30,2025-02-09,2,"quantile",0.5,211363.528814188
"3054","DE","60+",2025-01-30,2025-02-09,2,"quantile",0.75,235260.901677324
"3055","DE","60+",2025-01-30,2025-02-09,2,"quantile",0.9,259076.604581223
"3056","DE","60+",2025-01-30,2025-02-09,2,"quantile",0.975,288843.63136103
"3057","DE","60+",2025-01-30,2025-02-16,3,"mean",NA,231728.977816597
"3058","DE","60+",2025-01-30,2025-02-16,3,"quantile",0.025,159924.756496871
"3059","DE","60+",2025-01-30,2025-02-16,3,"quantile",0.1,179945.608122452
"3060","DE","60+",2025-01-30,2025-02-16,3,"quantile",0.25,200995.587099993
"3061","DE","60+",2025-01-30,2025-02-16,3,"quantile",0.5,227627.112287457
"3062","DE","60+",2025-01-30,2025-02-16,3,"quantile",0.75,258254.198487644
"3063","DE","60+",2025-01-30,2025-02-16,3,"quantile",0.9,288304.504722029
"3064","DE","60+",2025-01-30,2025-02-16,3,"quantile",0.975,327608.9401909
"3065","DE","60+",2025-01-30,2025-02-23,4,"mean",NA,243869.795178908
"3066","DE","60+",2025-01-30,2025-02-23,4,"quantile",0.025,160906.224515086
"3067","DE","60+",2025-01-30,2025-02-23,4,"quantile",0.1,183552.406456628
"3068","DE","60+",2025-01-30,2025-02-23,4,"quantile",0.25,208584.055327641
"3069","DE","60+",2025-01-30,2025-02-23,4,"quantile",0.5,239492.942919703
"3070","DE","60+",2025-01-30,2025-02-23,4,"quantile",0.75,274126.102304919
"3071","DE","60+",2025-01-30,2025-02-23,4,"quantile",0.9,308982.280159585
"3072","DE","60+",2025-01-30,2025-02-23,4,"quantile",0.975,354270.322407064
"3073","DE","00+",2025-02-06,2025-02-09,1,"mean",NA,2238401.00192743
"3074","DE","00+",2025-02-06,2025-02-09,1,"quantile",0.025,1824063.23240941
"3075","DE","00+",2025-02-06,2025-02-09,1,"quantile",0.1,1958594.39121659
"3076","DE","00+",2025-02-06,2025-02-09,1,"quantile",0.25,2079461.61191077
"3077","DE","00+",2025-02-06,2025-02-09,1,"quantile",0.5,2226567.82527549
"3078","DE","00+",2025-02-06,2025-02-09,1,"quantile",0.75,2382602.3907002
"3079","DE","00+",2025-02-06,2025-02-09,1,"quantile",0.9,2535932.25729933
"3080","DE","00+",2025-02-06,2025-02-09,1,"quantile",0.975,2712186.73639549
"3081","DE","00+",2025-02-06,2025-02-16,2,"mean",NA,2265100.58207951
"3082","DE","00+",2025-02-06,2025-02-16,2,"quantile",0.025,1736073.38334292
"3083","DE","00+",2025-02-06,2025-02-16,2,"quantile",0.1,1897321.25555156
"3084","DE","00+",2025-02-06,2025-02-16,2,"quantile",0.25,2052251.07373683
"3085","DE","00+",2025-02-06,2025-02-16,2,"quantile",0.5,2242829.51286475
"3086","DE","00+",2025-02-06,2025-02-16,2,"quantile",0.75,2454112.90798001
"3087","DE","00+",2025-02-06,2025-02-16,2,"quantile",0.9,2667589.34244845
"3088","DE","00+",2025-02-06,2025-02-16,2,"quantile",0.975,2910556.46105741
"3089","DE","00+",2025-02-06,2025-02-23,3,"mean",NA,2199066.09965045
"3090","DE","00+",2025-02-06,2025-02-23,3,"quantile",0.025,1613237.8535899
"3091","DE","00+",2025-02-06,2025-02-23,3,"quantile",0.1,1791974.22736931
"3092","DE","00+",2025-02-06,2025-02-23,3,"quantile",0.25,1959073.32217782
"3093","DE","00+",2025-02-06,2025-02-23,3,"quantile",0.5,2173864.7201388
"3094","DE","00+",2025-02-06,2025-02-23,3,"quantile",0.75,2407417.71097106
"3095","DE","00+",2025-02-06,2025-02-23,3,"quantile",0.9,2645326.11777543
"3096","DE","00+",2025-02-06,2025-02-23,3,"quantile",0.975,2928768.76409284
"3097","DE","00+",2025-02-06,2025-03-02,4,"mean",NA,1967651.8922491
"3098","DE","00+",2025-02-06,2025-03-02,4,"quantile",0.025,1410564.81415163
"3099","DE","00+",2025-02-06,2025-03-02,4,"quantile",0.1,1576432.33471141
"3100","DE","00+",2025-02-06,2025-03-02,4,"quantile",0.25,1740496.25602588
"3101","DE","00+",2025-02-06,2025-03-02,4,"quantile",0.5,1941195.04040129
"3102","DE","00+",2025-02-06,2025-03-02,4,"quantile",0.75,2166636.13025243
"3103","DE","00+",2025-02-06,2025-03-02,4,"quantile",0.9,2391859.28105945
"3104","DE","00+",2025-02-06,2025-03-02,4,"quantile",0.975,2684326.85254236
"3105","DE","00-04",2025-02-06,2025-02-09,1,"mean",NA,321292.613892704
"3106","DE","00-04",2025-02-06,2025-02-09,1,"quantile",0.025,277215.513400206
"3107","DE","00-04",2025-02-06,2025-02-09,1,"quantile",0.1,291976.982361633
"3108","DE","00-04",2025-02-06,2025-02-09,1,"quantile",0.25,305352.762467792
"3109","DE","00-04",2025-02-06,2025-02-09,1,"quantile",0.5,320588.315744927
"3110","DE","00-04",2025-02-06,2025-02-09,1,"quantile",0.75,336473.754423202
"3111","DE","00-04",2025-02-06,2025-02-09,1,"quantile",0.9,351535.887529757
"3112","DE","00-04",2025-02-06,2025-02-09,1,"quantile",0.975,370220.733046566
"3113","DE","00-04",2025-02-06,2025-02-16,2,"mean",NA,297669.77293115
"3114","DE","00-04",2025-02-06,2025-02-16,2,"quantile",0.025,246927.728968345
"3115","DE","00-04",2025-02-06,2025-02-16,2,"quantile",0.1,262995.148577773
"3116","DE","00-04",2025-02-06,2025-02-16,2,"quantile",0.25,278841.991286154
"3117","DE","00-04",2025-02-06,2025-02-16,2,"quantile",0.5,296386.408350182
"3118","DE","00-04",2025-02-06,2025-02-16,2,"quantile",0.75,315232.653158408
"3119","DE","00-04",2025-02-06,2025-02-16,2,"quantile",0.9,333500.061325634
"3120","DE","00-04",2025-02-06,2025-02-16,2,"quantile",0.975,354673.215066626
"3121","DE","00-04",2025-02-06,2025-02-23,3,"mean",NA,272287.86769858
"3122","DE","00-04",2025-02-06,2025-02-23,3,"quantile",0.025,220908.258037804
"3123","DE","00-04",2025-02-06,2025-02-23,3,"quantile",0.1,236959.392937739
"3124","DE","00-04",2025-02-06,2025-02-23,3,"quantile",0.25,252705.655765355
"3125","DE","00-04",2025-02-06,2025-02-23,3,"quantile",0.5,271143.953729152
"3126","DE","00-04",2025-02-06,2025-02-23,3,"quantile",0.75,290346.343685938
"3127","DE","00-04",2025-02-06,2025-02-23,3,"quantile",0.9,308629.175218308
"3128","DE","00-04",2025-02-06,2025-02-23,3,"quantile",0.975,332600.830079515
"3129","DE","00-04",2025-02-06,2025-03-02,4,"mean",NA,245553.075863121
"3130","DE","00-04",2025-02-06,2025-03-02,4,"quantile",0.025,196029.640442903
"3131","DE","00-04",2025-02-06,2025-03-02,4,"quantile",0.1,211598.517336632
"3132","DE","00-04",2025-02-06,2025-03-02,4,"quantile",0.25,226508.410402929
"3133","DE","00-04",2025-02-06,2025-03-02,4,"quantile",0.5,243702.462067278
"3134","DE","00-04",2025-02-06,2025-03-02,4,"quantile",0.75,263224.121111372
"3135","DE","00-04",2025-02-06,2025-03-02,4,"quantile",0.9,281231.20361808
"3136","DE","00-04",2025-02-06,2025-03-02,4,"quantile",0.975,302502.511943214
"3137","DE","05-14",2025-02-06,2025-02-09,1,"mean",NA,361150.134505284
"3138","DE","05-14",2025-02-06,2025-02-09,1,"quantile",0.025,287251.807527706
"3139","DE","05-14",2025-02-06,2025-02-09,1,"quantile",0.1,311279.998824339
"3140","DE","05-14",2025-02-06,2025-02-09,1,"quantile",0.25,332473.032665485
"3141","DE","05-14",2025-02-06,2025-02-09,1,"quantile",0.5,359091.468282012
"3142","DE","05-14",2025-02-06,2025-02-09,1,"quantile",0.75,387517.008492418
"3143","DE","05-14",2025-02-06,2025-02-09,1,"quantile",0.9,414721.300125795
"3144","DE","05-14",2025-02-06,2025-02-09,1,"quantile",0.975,448162.460602307
"3145","DE","05-14",2025-02-06,2025-02-16,2,"mean",NA,322511.690595289
"3146","DE","05-14",2025-02-06,2025-02-16,2,"quantile",0.025,240231.907996957
"3147","DE","05-14",2025-02-06,2025-02-16,2,"quantile",0.1,264301.794555677
"3148","DE","05-14",2025-02-06,2025-02-16,2,"quantile",0.25,288949.427986012
"3149","DE","05-14",2025-02-06,2025-02-16,2,"quantile",0.5,319069.135256716
"3150","DE","05-14",2025-02-06,2025-02-16,2,"quantile",0.75,352405.665689113
"3151","DE","05-14",2025-02-06,2025-02-16,2,"quantile",0.9,384183.535814069
"3152","DE","05-14",2025-02-06,2025-02-16,2,"quantile",0.975,425231.239725873
"3153","DE","05-14",2025-02-06,2025-02-23,3,"mean",NA,296064.309540144
"3154","DE","05-14",2025-02-06,2025-02-23,3,"quantile",0.025,210376.88914681
"3155","DE","05-14",2025-02-06,2025-02-23,3,"quantile",0.1,236105.177744533
"3156","DE","05-14",2025-02-06,2025-02-23,3,"quantile",0.25,261276.176434159
"3157","DE","05-14",2025-02-06,2025-02-23,3,"quantile",0.5,291997.934574752
"3158","DE","05-14",2025-02-06,2025-02-23,3,"quantile",0.75,326756.146396156
"3159","DE","05-14",2025-02-06,2025-02-23,3,"quantile",0.9,361178.92528582
"3160","DE","05-14",2025-02-06,2025-02-23,3,"quantile",0.975,403953.965269585
"3161","DE","05-14",2025-02-06,2025-03-02,4,"mean",NA,264648.889131895
"3162","DE","05-14",2025-02-06,2025-03-02,4,"quantile",0.025,185574.949568426
"3163","DE","05-14",2025-02-06,2025-03-02,4,"quantile",0.1,208400.502030342
"3164","DE","05-14",2025-02-06,2025-03-02,4,"quantile",0.25,231834.935368194
"3165","DE","05-14",2025-02-06,2025-03-02,4,"quantile",0.5,260542.298532723
"3166","DE","05-14",2025-02-06,2025-03-02,4,"quantile",0.75,293038.331147367
"3167","DE","05-14",2025-02-06,2025-03-02,4,"quantile",0.9,326314.115158326
"3168","DE","05-14",2025-02-06,2025-03-02,4,"quantile",0.975,369594.074872519
"3169","DE","15-34",2025-02-06,2025-02-09,1,"mean",NA,570923.954068811
"3170","DE","15-34",2025-02-06,2025-02-09,1,"quantile",0.025,450569.878363071
"3171","DE","15-34",2025-02-06,2025-02-09,1,"quantile",0.1,489050.847197366
"3172","DE","15-34",2025-02-06,2025-02-09,1,"quantile",0.25,525201.896137496
"3173","DE","15-34",2025-02-06,2025-02-09,1,"quantile",0.5,566620.387361915
"3174","DE","15-34",2025-02-06,2025-02-09,1,"quantile",0.75,612007.154094206
"3175","DE","15-34",2025-02-06,2025-02-09,1,"quantile",0.9,656884.004639125
"3176","DE","15-34",2025-02-06,2025-02-09,1,"quantile",0.975,713368.856438996
"3177","DE","15-34",2025-02-06,2025-02-16,2,"mean",NA,590591.272642882
"3178","DE","15-34",2025-02-06,2025-02-16,2,"quantile",0.025,439884.157052982
"3179","DE","15-34",2025-02-06,2025-02-16,2,"quantile",0.1,485811.761205949
"3180","DE","15-34",2025-02-06,2025-02-16,2,"quantile",0.25,530707.199384504
"3181","DE","15-34",2025-02-06,2025-02-16,2,"quantile",0.5,584442.118852439
"3182","DE","15-34",2025-02-06,2025-02-16,2,"quantile",0.75,644679.129926478
"3183","DE","15-34",2025-02-06,2025-02-16,2,"quantile",0.9,700975.458365428
"3184","DE","15-34",2025-02-06,2025-02-16,2,"quantile",0.975,773631.46243389
"3185","DE","15-34",2025-02-06,2025-02-23,3,"mean",NA,577834.493264709
"3186","DE","15-34",2025-02-06,2025-02-23,3,"quantile",0.025,416078.413705041
"3187","DE","15-34",2025-02-06,2025-02-23,3,"quantile",0.1,463226.028314866
"3188","DE","15-34",2025-02-06,2025-02-23,3,"quantile",0.25,513311.760844538
"3189","DE","15-34",2025-02-06,2025-02-23,3,"quantile",0.5,570597.171231087
"3190","DE","15-34",2025-02-06,2025-02-23,3,"quantile",0.75,636399.095906783
"3191","DE","15-34",2025-02-06,2025-02-23,3,"quantile",0.9,696499.040430997
"3192","DE","15-34",2025-02-06,2025-02-23,3,"quantile",0.975,779727.836663694
"3193","DE","15-34",2025-02-06,2025-03-02,4,"mean",NA,526134.111905714
"3194","DE","15-34",2025-02-06,2025-03-02,4,"quantile",0.025,372022.343444729
"3195","DE","15-34",2025-02-06,2025-03-02,4,"quantile",0.1,416555.916487448
"3196","DE","15-34",2025-02-06,2025-03-02,4,"quantile",0.25,462807.248556994
"3197","DE","15-34",2025-02-06,2025-03-02,4,"quantile",0.5,518174.274116392
"3198","DE","15-34",2025-02-06,2025-03-02,4,"quantile",0.75,581684.131807485
"3199","DE","15-34",2025-02-06,2025-03-02,4,"quantile",0.9,643600.770233965
"3200","DE","15-34",2025-02-06,2025-03-02,4,"quantile",0.975,721253.975017982
"3201","DE","35-59",2025-02-06,2025-02-09,1,"mean",NA,776378.000086846
"3202","DE","35-59",2025-02-06,2025-02-09,1,"quantile",0.025,604325.787821996
"3203","DE","35-59",2025-02-06,2025-02-09,1,"quantile",0.1,659175.441974402
"3204","DE","35-59",2025-02-06,2025-02-09,1,"quantile",0.25,708742.082585955
"3205","DE","35-59",2025-02-06,2025-02-09,1,"quantile",0.5,770315.904023468
"3206","DE","35-59",2025-02-06,2025-02-09,1,"quantile",0.75,836228.22729443
"3207","DE","35-59",2025-02-06,2025-02-09,1,"quantile",0.9,902534.856650968
"3208","DE","35-59",2025-02-06,2025-02-09,1,"quantile",0.975,982119.334199735
"3209","DE","35-59",2025-02-06,2025-02-16,2,"mean",NA,816735.943057971
"3210","DE","35-59",2025-02-06,2025-02-16,2,"quantile",0.025,585567.388520292
"3211","DE","35-59",2025-02-06,2025-02-16,2,"quantile",0.1,653810.251665383
"3212","DE","35-59",2025-02-06,2025-02-16,2,"quantile",0.25,721899.410032479
"3213","DE","35-59",2025-02-06,2025-02-16,2,"quantile",0.5,804335.553405763
"3214","DE","35-59",2025-02-06,2025-02-16,2,"quantile",0.75,898425.116204075
"3215","DE","35-59",2025-02-06,2025-02-16,2,"quantile",0.9,997162.827071369
"3216","DE","35-59",2025-02-06,2025-02-16,2,"quantile",0.975,1111116.22493913
"3217","DE","35-59",2025-02-06,2025-02-23,3,"mean",NA,800865.622093971
"3218","DE","35-59",2025-02-06,2025-02-23,3,"quantile",0.025,542797.928155103
"3219","DE","35-59",2025-02-06,2025-02-23,3,"quantile",0.1,618500.272377412
"3220","DE","35-59",2025-02-06,2025-02-23,3,"quantile",0.25,691102.557760224
"3221","DE","35-59",2025-02-06,2025-02-23,3,"quantile",0.5,785703.455297799
"3222","DE","35-59",2025-02-06,2025-02-23,3,"quantile",0.75,893071.753598022
"3223","DE","35-59",2025-02-06,2025-02-23,3,"quantile",0.9,1003240.25226136
"3224","DE","35-59",2025-02-06,2025-02-23,3,"quantile",0.975,1138708.93823648
"3225","DE","35-59",2025-02-06,2025-03-02,4,"mean",NA,707332.492418302
"3226","DE","35-59",2025-02-06,2025-03-02,4,"quantile",0.025,463961.634174376
"3227","DE","35-59",2025-02-06,2025-03-02,4,"quantile",0.1,532277.005562253
"3228","DE","35-59",2025-02-06,2025-03-02,4,"quantile",0.25,603684.428764616
"3229","DE","35-59",2025-02-06,2025-03-02,4,"quantile",0.5,692538.066282179
"3230","DE","35-59",2025-02-06,2025-03-02,4,"quantile",0.75,794446.522205432
"3231","DE","35-59",2025-02-06,2025-03-02,4,"quantile",0.9,899148.222702386
"3232","DE","35-59",2025-02-06,2025-03-02,4,"quantile",0.975,1040827.40354995
"3233","DE","60+",2025-02-06,2025-02-09,1,"mean",NA,226575.727027462
"3234","DE","60+",2025-02-06,2025-02-09,1,"quantile",0.025,177378.888624841
"3235","DE","60+",2025-02-06,2025-02-09,1,"quantile",0.1,192620.013988859
"3236","DE","60+",2025-02-06,2025-02-09,1,"quantile",0.25,207682.748452012
"3237","DE","60+",2025-02-06,2025-02-09,1,"quantile",0.5,225174.887504325
"3238","DE","60+",2025-02-06,2025-02-09,1,"quantile",0.75,243742.472616851
"3239","DE","60+",2025-02-06,2025-02-09,1,"quantile",0.9,261941.650119748
"3240","DE","60+",2025-02-06,2025-02-09,1,"quantile",0.975,285729.409711004
"3241","DE","60+",2025-02-06,2025-02-16,2,"mean",NA,244866.617034543
"3242","DE","60+",2025-02-06,2025-02-16,2,"quantile",0.025,176271.745637953
"3243","DE","60+",2025-02-06,2025-02-16,2,"quantile",0.1,196953.313085056
"3244","DE","60+",2025-02-06,2025-02-16,2,"quantile",0.25,217124.337192898
"3245","DE","60+",2025-02-06,2025-02-16,2,"quantile",0.5,241979.531183294
"3246","DE","60+",2025-02-06,2025-02-16,2,"quantile",0.75,268513.389298385
"3247","DE","60+",2025-02-06,2025-02-16,2,"quantile",0.9,296665.108517536
"3248","DE","60+",2025-02-06,2025-02-16,2,"quantile",0.975,329712.182086114
"3249","DE","60+",2025-02-06,2025-02-23,3,"mean",NA,254469.0937431
"3250","DE","60+",2025-02-06,2025-02-23,3,"quantile",0.025,172931.259286105
"3251","DE","60+",2025-02-06,2025-02-23,3,"quantile",0.1,197557.16605049
"3252","DE","60+",2025-02-06,2025-02-23,3,"quantile",0.25,220857.050065125
"3253","DE","60+",2025-02-06,2025-02-23,3,"quantile",0.5,250467.531459296
"3254","DE","60+",2025-02-06,2025-02-23,3,"quantile",0.75,283084.299683007
"3255","DE","60+",2025-02-06,2025-02-23,3,"quantile",0.9,316369.278182472
"3256","DE","60+",2025-02-06,2025-02-23,3,"quantile",0.975,359783.994639539
"3257","DE","60+",2025-02-06,2025-03-02,4,"mean",NA,228061.223861018
"3258","DE","60+",2025-02-06,2025-03-02,4,"quantile",0.025,150829.950572713
"3259","DE","60+",2025-02-06,2025-03-02,4,"quantile",0.1,173374.328780636
"3260","DE","60+",2025-02-06,2025-03-02,4,"quantile",0.25,195207.99842785
"3261","DE","60+",2025-02-06,2025-03-02,4,"quantile",0.5,223017.73921095
"3262","DE","60+",2025-02-06,2025-03-02,4,"quantile",0.75,255786.713771562
"3263","DE","60+",2025-02-06,2025-03-02,4,"quantile",0.9,289235.596468683
"3264","DE","60+",2025-02-06,2025-03-02,4,"quantile",0.975,329292.131534106
"3265","DE","00+",2025-02-13,2025-02-16,1,"mean",NA,2145716.29303494
"3266","DE","00+",2025-02-13,2025-02-16,1,"quantile",0.025,1745189.15860798
"3267","DE","00+",2025-02-13,2025-02-16,1,"quantile",0.1,1872579.66969745
"3268","DE","00+",2025-02-13,2025-02-16,1,"quantile",0.25,1995083.85042518
"3269","DE","00+",2025-02-13,2025-02-16,1,"quantile",0.5,2133308.89740518
"3270","DE","00+",2025-02-13,2025-02-16,1,"quantile",0.75,2282353.61454181
"3271","DE","00+",2025-02-13,2025-02-16,1,"quantile",0.9,2431738.96740998
"3272","DE","00+",2025-02-13,2025-02-16,1,"quantile",0.975,2610639.16489364
"3273","DE","00+",2025-02-13,2025-02-23,2,"mean",NA,2089010.29498333
"3274","DE","00+",2025-02-13,2025-02-23,2,"quantile",0.025,1607633.97881849
"3275","DE","00+",2025-02-13,2025-02-23,2,"quantile",0.1,1758907.71104403
"3276","DE","00+",2025-02-13,2025-02-23,2,"quantile",0.25,1899086.34160241
"3277","DE","00+",2025-02-13,2025-02-23,2,"quantile",0.5,2071244.18801291
"3278","DE","00+",2025-02-13,2025-02-23,2,"quantile",0.75,2265308.43958951
"3279","DE","00+",2025-02-13,2025-02-23,2,"quantile",0.9,2449611.89127005
"3280","DE","00+",2025-02-13,2025-02-23,2,"quantile",0.975,2675075.69046598
"3281","DE","00+",2025-02-13,2025-03-02,3,"mean",NA,1888674.96209274
"3282","DE","00+",2025-02-13,2025-03-02,3,"quantile",0.025,1397128.46187275
"3283","DE","00+",2025-02-13,2025-03-02,3,"quantile",0.1,1533539.46445327
"3284","DE","00+",2025-02-13,2025-03-02,3,"quantile",0.25,1680002.52338747
"3285","DE","00+",2025-02-13,2025-03-02,3,"quantile",0.5,1870451.41851545
"3286","DE","00+",2025-02-13,2025-03-02,3,"quantile",0.75,2068462.11369959
"3287","DE","00+",2025-02-13,2025-03-02,3,"quantile",0.9,2265315.5033458
"3288","DE","00+",2025-02-13,2025-03-02,3,"quantile",0.975,2511409.2964544
"3289","DE","00+",2025-02-13,2025-03-09,4,"mean",NA,1706769.24003422
"3290","DE","00+",2025-02-13,2025-03-09,4,"quantile",0.025,1224147.96392016
"3291","DE","00+",2025-02-13,2025-03-09,4,"quantile",0.1,1374309.72235
"3292","DE","00+",2025-02-13,2025-03-09,4,"quantile",0.25,1508919.80019677
"3293","DE","00+",2025-02-13,2025-03-09,4,"quantile",0.5,1688385.70748079
"3294","DE","00+",2025-02-13,2025-03-09,4,"quantile",0.75,1877936.59799979
"3295","DE","00+",2025-02-13,2025-03-09,4,"quantile",0.9,2068569.34447888
"3296","DE","00+",2025-02-13,2025-03-09,4,"quantile",0.975,2311966.53970686
"3297","DE","00-04",2025-02-13,2025-02-16,1,"mean",NA,285349.445300951
"3298","DE","00-04",2025-02-13,2025-02-16,1,"quantile",0.025,245753.875410453
"3299","DE","00-04",2025-02-13,2025-02-16,1,"quantile",0.1,259490.511683382
"3300","DE","00-04",2025-02-13,2025-02-16,1,"quantile",0.25,271005.201408223
"3301","DE","00-04",2025-02-13,2025-02-16,1,"quantile",0.5,284478.073137347
"3302","DE","00-04",2025-02-13,2025-02-16,1,"quantile",0.75,298625.956802636
"3303","DE","00-04",2025-02-13,2025-02-16,1,"quantile",0.9,312776.290822662
"3304","DE","00-04",2025-02-13,2025-02-16,1,"quantile",0.975,328356.455860639
"3305","DE","00-04",2025-02-13,2025-02-23,2,"mean",NA,261486.921538457
"3306","DE","00-04",2025-02-13,2025-02-23,2,"quantile",0.025,219036.88846772
"3307","DE","00-04",2025-02-13,2025-02-23,2,"quantile",0.1,232506.535236049
"3308","DE","00-04",2025-02-13,2025-02-23,2,"quantile",0.25,244852.989447666
"3309","DE","00-04",2025-02-13,2025-02-23,2,"quantile",0.5,260371.666705389
"3310","DE","00-04",2025-02-13,2025-02-23,2,"quantile",0.75,276828.316308176
"3311","DE","00-04",2025-02-13,2025-02-23,2,"quantile",0.9,292523.356249968
"3312","DE","00-04",2025-02-13,2025-02-23,2,"quantile",0.975,309590.232568941
"3313","DE","00-04",2025-02-13,2025-03-02,3,"mean",NA,238257.047760597
"3314","DE","00-04",2025-02-13,2025-03-02,3,"quantile",0.025,194068.570810987
"3315","DE","00-04",2025-02-13,2025-03-02,3,"quantile",0.1,207428.788610002
"3316","DE","00-04",2025-02-13,2025-03-02,3,"quantile",0.25,221146.783314868
"3317","DE","00-04",2025-02-13,2025-03-02,3,"quantile",0.5,237047.990830494
"3318","DE","00-04",2025-02-13,2025-03-02,3,"quantile",0.75,254007.754805178
"3319","DE","00-04",2025-02-13,2025-03-02,3,"quantile",0.9,269958.462527468
"3320","DE","00-04",2025-02-13,2025-03-02,3,"quantile",0.975,290381.547098906
"3321","DE","00-04",2025-02-13,2025-03-09,4,"mean",NA,224563.516521962
"3322","DE","00-04",2025-02-13,2025-03-09,4,"quantile",0.025,180518.261734337
"3323","DE","00-04",2025-02-13,2025-03-09,4,"quantile",0.1,193823.474394636
"3324","DE","00-04",2025-02-13,2025-03-09,4,"quantile",0.25,207105.995803976
"3325","DE","00-04",2025-02-13,2025-03-09,4,"quantile",0.5,223382.884272166
"3326","DE","00-04",2025-02-13,2025-03-09,4,"quantile",0.75,240533.636483212
"3327","DE","00-04",2025-02-13,2025-03-09,4,"quantile",0.9,256553.568042881
"3328","DE","00-04",2025-02-13,2025-03-09,4,"quantile",0.975,275606.159760803
"3329","DE","05-14",2025-02-13,2025-02-16,1,"mean",NA,308136.325538636
"3330","DE","05-14",2025-02-13,2025-02-16,1,"quantile",0.025,244375.99803181
"3331","DE","05-14",2025-02-13,2025-02-16,1,"quantile",0.1,264362.507848349
"3332","DE","05-14",2025-02-13,2025-02-16,1,"quantile",0.25,283888.3679523
"3333","DE","05-14",2025-02-13,2025-02-16,1,"quantile",0.5,306334.573688759
"3334","DE","05-14",2025-02-13,2025-02-16,1,"quantile",0.75,330321.009175015
"3335","DE","05-14",2025-02-13,2025-02-16,1,"quantile",0.9,354101.536097933
"3336","DE","05-14",2025-02-13,2025-02-16,1,"quantile",0.975,383009.387263134
"3337","DE","05-14",2025-02-13,2025-02-23,2,"mean",NA,284324.05146338
"3338","DE","05-14",2025-02-13,2025-02-23,2,"quantile",0.025,211794.817918006
"3339","DE","05-14",2025-02-13,2025-02-23,2,"quantile",0.1,234446.745521013
"3340","DE","05-14",2025-02-13,2025-02-23,2,"quantile",0.25,255366.754735952
"3341","DE","05-14",2025-02-13,2025-02-23,2,"quantile",0.5,281289.131992997
"3342","DE","05-14",2025-02-13,2025-02-23,2,"quantile",0.75,309706.721598407
"3343","DE","05-14",2025-02-13,2025-02-23,2,"quantile",0.9,338378.70739223
"3344","DE","05-14",2025-02-13,2025-02-23,2,"quantile",0.975,373745.802706596
"3345","DE","05-14",2025-02-13,2025-03-02,3,"mean",NA,256691.85596006
"3346","DE","05-14",2025-02-13,2025-03-02,3,"quantile",0.025,184056.864406865
"3347","DE","05-14",2025-02-13,2025-03-02,3,"quantile",0.1,204972.266786772
"3348","DE","05-14",2025-02-13,2025-03-02,3,"quantile",0.25,226322.788675314
"3349","DE","05-14",2025-02-13,2025-03-02,3,"quantile",0.5,253926.851381718
"3350","DE","05-14",2025-02-13,2025-03-02,3,"quantile",0.75,282918.922510783
"3351","DE","05-14",2025-02-13,2025-03-02,3,"quantile",0.9,312276.98540005
"3352","DE","05-14",2025-02-13,2025-03-02,3,"quantile",0.975,350981.813509807
"3353","DE","05-14",2025-02-13,2025-03-09,4,"mean",NA,233655.849478278
"3354","DE","05-14",2025-02-13,2025-03-09,4,"quantile",0.025,163841.225120873
"3355","DE","05-14",2025-02-13,2025-03-09,4,"quantile",0.1,185112.185125949
"3356","DE","05-14",2025-02-13,2025-03-09,4,"quantile",0.25,204400.242378545
"3357","DE","05-14",2025-02-13,2025-03-09,4,"quantile",0.5,230594.076950471
"3358","DE","05-14",2025-02-13,2025-03-09,4,"quantile",0.75,258439.009211829
"3359","DE","05-14",2025-02-13,2025-03-09,4,"quantile",0.9,287297.077018089
"3360","DE","05-14",2025-02-13,2025-03-09,4,"quantile",0.975,323041.835581471
"3361","DE","15-34",2025-02-13,2025-02-16,1,"mean",NA,578315.130420045
"3362","DE","15-34",2025-02-13,2025-02-16,1,"quantile",0.025,457599.065588864
"3363","DE","15-34",2025-02-13,2025-02-16,1,"quantile",0.1,495798.940492154
"3364","DE","15-34",2025-02-13,2025-02-16,1,"quantile",0.25,531235.217329132
"3365","DE","15-34",2025-02-13,2025-02-16,1,"quantile",0.5,574274.735430016
"3366","DE","15-34",2025-02-13,2025-02-16,1,"quantile",0.75,619984.129792311
"3367","DE","15-34",2025-02-13,2025-02-16,1,"quantile",0.9,666696.450499638
"3368","DE","15-34",2025-02-13,2025-02-16,1,"quantile",0.975,720368.670028764
"3369","DE","15-34",2025-02-13,2025-02-23,2,"mean",NA,566471.11152572
"3370","DE","15-34",2025-02-13,2025-02-23,2,"quantile",0.025,428222.73381187
"3371","DE","15-34",2025-02-13,2025-02-23,2,"quantile",0.1,470479.706960875
"3372","DE","15-34",2025-02-13,2025-02-23,2,"quantile",0.25,510026.677919698
"3373","DE","15-34",2025-02-13,2025-02-23,2,"quantile",0.5,560237.13587725
"3374","DE","15-34",2025-02-13,2025-02-23,2,"quantile",0.75,617116.370628865
"3375","DE","15-34",2025-02-13,2025-02-23,2,"quantile",0.9,672807.807081298
"3376","DE","15-34",2025-02-13,2025-02-23,2,"quantile",0.975,735365.524995147
"3377","DE","15-34",2025-02-13,2025-03-02,3,"mean",NA,518884.884828566
"3378","DE","15-34",2025-02-13,2025-03-02,3,"quantile",0.025,378715.855218691
"3379","DE","15-34",2025-02-13,2025-03-02,3,"quantile",0.1,418178.226937881
"3380","DE","15-34",2025-02-13,2025-03-02,3,"quantile",0.25,461179.021472661
"3381","DE","15-34",2025-02-13,2025-03-02,3,"quantile",0.5,512941.077676007
"3382","DE","15-34",2025-02-13,2025-03-02,3,"quantile",0.75,569571.149737697
"3383","DE","15-34",2025-02-13,2025-03-02,3,"quantile",0.9,625451.991827085
"3384","DE","15-34",2025-02-13,2025-03-02,3,"quantile",0.975,699470.933904169
"3385","DE","15-34",2025-02-13,2025-03-09,4,"mean",NA,463128.963537752
"3386","DE","15-34",2025-02-13,2025-03-09,4,"quantile",0.025,331659.913871798
"3387","DE","15-34",2025-02-13,2025-03-09,4,"quantile",0.1,369278.06100448
"3388","DE","15-34",2025-02-13,2025-03-09,4,"quantile",0.25,407549.917916275
"3389","DE","15-34",2025-02-13,2025-03-09,4,"quantile",0.5,457785.509471027
"3390","DE","15-34",2025-02-13,2025-03-09,4,"quantile",0.75,511884.022465585
"3391","DE","15-34",2025-02-13,2025-03-09,4,"quantile",0.9,564853.942345948
"3392","DE","15-34",2025-02-13,2025-03-09,4,"quantile",0.975,628954.39415087
"3393","DE","35-59",2025-02-13,2025-02-16,1,"mean",NA,778065.012286855
"3394","DE","35-59",2025-02-13,2025-02-16,1,"quantile",0.025,604125.762845209
"3395","DE","35-59",2025-02-13,2025-02-16,1,"quantile",0.1,657507.012225847
"3396","DE","35-59",2025-02-13,2025-02-16,1,"quantile",0.25,709778.331749921
"3397","DE","35-59",2025-02-13,2025-02-16,1,"quantile",0.5,771591.995327516
"3398","DE","35-59",2025-02-13,2025-02-16,1,"quantile",0.75,838344.917470577
"3399","DE","35-59",2025-02-13,2025-02-16,1,"quantile",0.9,906954.773519204
"3400","DE","35-59",2025-02-13,2025-02-16,1,"quantile",0.975,985890.251643148
"3401","DE","35-59",2025-02-13,2025-02-23,2,"mean",NA,764045.365448462
"3402","DE","35-59",2025-02-13,2025-02-23,2,"quantile",0.025,550687.809331778
"3403","DE","35-59",2025-02-13,2025-02-23,2,"quantile",0.1,616083.870630486
"3404","DE","35-59",2025-02-13,2025-02-23,2,"quantile",0.25,677111.290130089
"3405","DE","35-59",2025-02-13,2025-02-23,2,"quantile",0.5,753431.646446387
"3406","DE","35-59",2025-02-13,2025-02-23,2,"quantile",0.75,841826.174866133
"3407","DE","35-59",2025-02-13,2025-02-23,2,"quantile",0.9,928520.25062645
"3408","DE","35-59",2025-02-13,2025-02-23,2,"quantile",0.975,1031721.41775648
"3409","DE","35-59",2025-02-13,2025-03-02,3,"mean",NA,680208.586117242
"3410","DE","35-59",2025-02-13,2025-03-02,3,"quantile",0.025,465997.944484507
"3411","DE","35-59",2025-02-13,2025-03-02,3,"quantile",0.1,522683.792513489
"3412","DE","35-59",2025-02-13,2025-03-02,3,"quantile",0.25,585755.479985019
"3413","DE","35-59",2025-02-13,2025-03-02,3,"quantile",0.5,669671.335820219
"3414","DE","35-59",2025-02-13,2025-03-02,3,"quantile",0.75,759278.324417514
"3415","DE","35-59",2025-02-13,2025-03-02,3,"quantile",0.9,849227.420625426
"3416","DE","35-59",2025-02-13,2025-03-02,3,"quantile",0.975,964877.814384258
"3417","DE","35-59",2025-02-13,2025-03-09,4,"mean",NA,604145.65780291
"3418","DE","35-59",2025-02-13,2025-03-09,4,"quantile",0.025,396197.520652391
"3419","DE","35-59",2025-02-13,2025-03-09,4,"quantile",0.1,458602.307706563
"3420","DE","35-59",2025-02-13,2025-03-09,4,"quantile",0.25,515830.984511103
"3421","DE","35-59",2025-02-13,2025-03-09,4,"quantile",0.5,592739.935157424
"3422","DE","35-59",2025-02-13,2025-03-09,4,"quantile",0.75,678625.071681039
"3423","DE","35-59",2025-02-13,2025-03-09,4,"quantile",0.9,765225.207056839
"3424","DE","35-59",2025-02-13,2025-03-09,4,"quantile",0.975,877872.142521503
"3425","DE","60+",2025-02-13,2025-02-16,1,"mean",NA,218052.370456577
"3426","DE","60+",2025-02-13,2025-02-16,1,"quantile",0.025,170101.426366433
"3427","DE","60+",2025-02-13,2025-02-16,1,"quantile",0.1,185710.131856203
"3428","DE","60+",2025-02-13,2025-02-16,1,"quantile",0.25,199682.107488791
"3429","DE","60+",2025-02-13,2025-02-16,1,"quantile",0.5,216290.891306459
"3430","DE","60+",2025-02-13,2025-02-16,1,"quantile",0.75,234414.237624176
"3431","DE","60+",2025-02-13,2025-02-16,1,"quantile",0.9,252751.838291169
"3432","DE","60+",2025-02-13,2025-02-16,1,"quantile",0.975,274421.347437419
"3433","DE","60+",2025-02-13,2025-02-23,2,"mean",NA,227209.385231712
"3434","DE","60+",2025-02-13,2025-02-23,2,"quantile",0.025,166019.493942213
"3435","DE","60+",2025-02-13,2025-02-23,2,"quantile",0.1,183904.436713058
"3436","DE","60+",2025-02-13,2025-02-23,2,"quantile",0.25,201645.725998035
"3437","DE","60+",2025-02-13,2025-02-23,2,"quantile",0.5,224437.785537617
"3438","DE","60+",2025-02-13,2025-02-23,2,"quantile",0.75,249772.497805429
"3439","DE","60+",2025-02-13,2025-02-23,2,"quantile",0.9,274308.798187238
"3440","DE","60+",2025-02-13,2025-02-23,2,"quantile",0.975,303107.620374925
"3441","DE","60+",2025-02-13,2025-03-02,3,"mean",NA,209418.229268494
"3442","DE","60+",2025-02-13,2025-03-02,3,"quantile",0.025,144196.209597934
"3443","DE","60+",2025-02-13,2025-03-02,3,"quantile",0.1,162287.047929061
"3444","DE","60+",2025-02-13,2025-03-02,3,"quantile",0.25,181993.811448139
"3445","DE","60+",2025-02-13,2025-03-02,3,"quantile",0.5,205989.204155576
"3446","DE","60+",2025-02-13,2025-03-02,3,"quantile",0.75,233210.172191433
"3447","DE","60+",2025-02-13,2025-03-02,3,"quantile",0.9,260608.483894396
"3448","DE","60+",2025-02-13,2025-03-02,3,"quantile",0.975,294802.63946256
"3449","DE","60+",2025-02-13,2025-03-09,4,"mean",NA,194584.574808036
"3450","DE","60+",2025-02-13,2025-03-09,4,"quantile",0.025,129821.406386175
"3451","DE","60+",2025-02-13,2025-03-09,4,"quantile",0.1,147662.992744748
"3452","DE","60+",2025-02-13,2025-03-09,4,"quantile",0.25,166522.609402083
"3453","DE","60+",2025-02-13,2025-03-09,4,"quantile",0.5,190870.346228106
"3454","DE","60+",2025-02-13,2025-03-09,4,"quantile",0.75,218881.671681375
"3455","DE","60+",2025-02-13,2025-03-09,4,"quantile",0.9,245606.896737886
"3456","DE","60+",2025-02-13,2025-03-09,4,"quantile",0.975,279957.592087461
"3457","DE","00+",2025-02-20,2025-02-23,1,"mean",NA,2164078.92951508
"3458","DE","00+",2025-02-20,2025-02-23,1,"quantile",0.025,1759316.45470936
"3459","DE","00+",2025-02-20,2025-02-23,1,"quantile",0.1,1890489.90118811
"3460","DE","00+",2025-02-20,2025-02-23,1,"quantile",0.25,2009183.38021297
"3461","DE","00+",2025-02-20,2025-02-23,1,"quantile",0.5,2149879.33284341
"3462","DE","00+",2025-02-20,2025-02-23,1,"quantile",0.75,2307218.35982546
"3463","DE","00+",2025-02-20,2025-02-23,1,"quantile",0.9,2460374.76299172
"3464","DE","00+",2025-02-20,2025-02-23,1,"quantile",0.975,2631848.32592143
"3465","DE","00+",2025-02-20,2025-03-02,2,"mean",NA,1959287.89272397
"3466","DE","00+",2025-02-20,2025-03-02,2,"quantile",0.025,1500823.39484562
"3467","DE","00+",2025-02-20,2025-03-02,2,"quantile",0.1,1641883.47699603
"3468","DE","00+",2025-02-20,2025-03-02,2,"quantile",0.25,1775322.96229418
"3469","DE","00+",2025-02-20,2025-03-02,2,"quantile",0.5,1938620.82309647
"3470","DE","00+",2025-02-20,2025-03-02,2,"quantile",0.75,2123564.08191544
"3471","DE","00+",2025-02-20,2025-03-02,2,"quantile",0.9,2304471.55050095
"3472","DE","00+",2025-02-20,2025-03-02,2,"quantile",0.975,2526121.89665119
"3473","DE","00+",2025-02-20,2025-03-09,3,"mean",NA,1758284.99934309
"3474","DE","00+",2025-02-20,2025-03-09,3,"quantile",0.025,1287403.50821723
"3475","DE","00+",2025-02-20,2025-03-09,3,"quantile",0.1,1430506.14362308
"3476","DE","00+",2025-02-20,2025-03-09,3,"quantile",0.25,1567788.93933857
"3477","DE","00+",2025-02-20,2025-03-09,3,"quantile",0.5,1737272.67021353
"3478","DE","00+",2025-02-20,2025-03-09,3,"quantile",0.75,1927647.27190245
"3479","DE","00+",2025-02-20,2025-03-09,3,"quantile",0.9,2119551.3207176
"3480","DE","00+",2025-02-20,2025-03-09,3,"quantile",0.975,2336800.51757555
"3481","DE","00+",2025-02-20,2025-03-16,4,"mean",NA,1611740.89758108
"3482","DE","00+",2025-02-20,2025-03-16,4,"quantile",0.025,1155704.18045507
"3483","DE","00+",2025-02-20,2025-03-16,4,"quantile",0.1,1288956.54357666
"3484","DE","00+",2025-02-20,2025-03-16,4,"quantile",0.25,1422309.29013144
"3485","DE","00+",2025-02-20,2025-03-16,4,"quantile",0.5,1592721.34356698
"3486","DE","00+",2025-02-20,2025-03-16,4,"quantile",0.75,1779800.27022229
"3487","DE","00+",2025-02-20,2025-03-16,4,"quantile",0.9,1956160.28823846
"3488","DE","00+",2025-02-20,2025-03-16,4,"quantile",0.975,2181414.60004203
"3489","DE","00-04",2025-02-20,2025-02-23,1,"mean",NA,271287.732695324
"3490","DE","00-04",2025-02-20,2025-02-23,1,"quantile",0.025,233768.811385079
"3491","DE","00-04",2025-02-20,2025-02-23,1,"quantile",0.1,246104.038253362
"3492","DE","00-04",2025-02-20,2025-02-23,1,"quantile",0.25,257749.603787474
"3493","DE","00-04",2025-02-20,2025-02-23,1,"quantile",0.5,270493.656212184
"3494","DE","00-04",2025-02-20,2025-02-23,1,"quantile",0.75,284223.02995424
"3495","DE","00-04",2025-02-20,2025-02-23,1,"quantile",0.9,297385.906668639
"3496","DE","00-04",2025-02-20,2025-02-23,1,"quantile",0.975,312529.558544126
"3497","DE","00-04",2025-02-20,2025-03-02,2,"mean",NA,246307.030356565
"3498","DE","00-04",2025-02-20,2025-03-02,2,"quantile",0.025,205239.795613192
"3499","DE","00-04",2025-02-20,2025-03-02,2,"quantile",0.1,218450.503164288
"3500","DE","00-04",2025-02-20,2025-03-02,2,"quantile",0.25,230627.190980084
"3501","DE","00-04",2025-02-20,2025-03-02,2,"quantile",0.5,245180.731484564
"3502","DE","00-04",2025-02-20,2025-03-02,2,"quantile",0.75,261006.496318042
"3503","DE","00-04",2025-02-20,2025-03-02,2,"quantile",0.9,275246.49703776
"3504","DE","00-04",2025-02-20,2025-03-02,2,"quantile",0.975,293758.868971959
"3505","DE","00-04",2025-02-20,2025-03-09,3,"mean",NA,230533.378679168
"3506","DE","00-04",2025-02-20,2025-03-09,3,"quantile",0.025,188221.380535925
"3507","DE","00-04",2025-02-20,2025-03-09,3,"quantile",0.1,200826.006385418
"3508","DE","00-04",2025-02-20,2025-03-09,3,"quantile",0.25,213533.447673913
"3509","DE","00-04",2025-02-20,2025-03-09,3,"quantile",0.5,229415.964033199
"3510","DE","00-04",2025-02-20,2025-03-09,3,"quantile",0.75,245937.684148979
"3511","DE","00-04",2025-02-20,2025-03-09,3,"quantile",0.9,262430.992538997
"3512","DE","00-04",2025-02-20,2025-03-09,3,"quantile",0.975,280510.877451056
"3513","DE","00-04",2025-02-20,2025-03-16,4,"mean",NA,214577.18300353
"3514","DE","00-04",2025-02-20,2025-03-16,4,"quantile",0.025,172419.334807039
"3515","DE","00-04",2025-02-20,2025-03-16,4,"quantile",0.1,185304.138369663
"3516","DE","00-04",2025-02-20,2025-03-16,4,"quantile",0.25,198023.663797635
"3517","DE","00-04",2025-02-20,2025-03-16,4,"quantile",0.5,213407.27260718
"3518","DE","00-04",2025-02-20,2025-03-16,4,"quantile",0.75,229324.823015575
"3519","DE","00-04",2025-02-20,2025-03-16,4,"quantile",0.9,245092.568469388
"3520","DE","00-04",2025-02-20,2025-03-16,4,"quantile",0.975,265082.528654888
"3521","DE","05-14",2025-02-20,2025-02-23,1,"mean",NA,305181.888053959
"3522","DE","05-14",2025-02-20,2025-02-23,1,"quantile",0.025,242662.334096494
"3523","DE","05-14",2025-02-20,2025-02-23,1,"quantile",0.1,261973.46062033
"3524","DE","05-14",2025-02-20,2025-02-23,1,"quantile",0.25,280515.860420589
"3525","DE","05-14",2025-02-20,2025-02-23,1,"quantile",0.5,302800.636850571
"3526","DE","05-14",2025-02-20,2025-02-23,1,"quantile",0.75,327987.250863803
"3527","DE","05-14",2025-02-20,2025-02-23,1,"quantile",0.9,352096.517083644
"3528","DE","05-14",2025-02-20,2025-02-23,1,"quantile",0.975,379004.242838163
"3529","DE","05-14",2025-02-20,2025-03-02,2,"mean",NA,274295.791101006
"3530","DE","05-14",2025-02-20,2025-03-02,2,"quantile",0.025,204382.820615725
"3531","DE","05-14",2025-02-20,2025-03-02,2,"quantile",0.1,224930.768778814
"3532","DE","05-14",2025-02-20,2025-03-02,2,"quantile",0.25,245902.529772234
"3533","DE","05-14",2025-02-20,2025-03-02,2,"quantile",0.5,271080.952077077
"3534","DE","05-14",2025-02-20,2025-03-02,2,"quantile",0.75,299501.376071447
"3535","DE","05-14",2025-02-20,2025-03-02,2,"quantile",0.9,328387.904822335
"3536","DE","05-14",2025-02-20,2025-03-02,2,"quantile",0.975,362105.551030305
"3537","DE","05-14",2025-02-20,2025-03-09,3,"mean",NA,245088.210966213
"3538","DE","05-14",2025-02-20,2025-03-09,3,"quantile",0.025,174634.333934839
"3539","DE","05-14",2025-02-20,2025-03-09,3,"quantile",0.1,195354.636037988
"3540","DE","05-14",2025-02-20,2025-03-09,3,"quantile",0.25,215833.502299543
"3541","DE","05-14",2025-02-20,2025-03-09,3,"quantile",0.5,242031.936202892
"3542","DE","05-14",2025-02-20,2025-03-09,3,"quantile",0.75,270343.16981648
"3543","DE","05-14",2025-02-20,2025-03-09,3,"quantile",0.9,300013.518240211
"3544","DE","05-14",2025-02-20,2025-03-09,3,"quantile",0.975,334526.30120754
"3545","DE","05-14",2025-02-20,2025-03-16,4,"mean",NA,221140.792524658
"3546","DE","05-14",2025-02-20,2025-03-16,4,"quantile",0.025,154736.972906789
"3547","DE","05-14",2025-02-20,2025-03-16,4,"quantile",0.1,174166.318848946
"3548","DE","05-14",2025-02-20,2025-03-16,4,"quantile",0.25,193234.87883599
"3549","DE","05-14",2025-02-20,2025-03-16,4,"quantile",0.5,218239.78282177
"3550","DE","05-14",2025-02-20,2025-03-16,4,"quantile",0.75,245179.480734832
"3551","DE","05-14",2025-02-20,2025-03-16,4,"quantile",0.9,271569.397201694
"3552","DE","05-14",2025-02-20,2025-03-16,4,"quantile",0.975,306300.606623445
"3553","DE","15-34",2025-02-20,2025-02-23,1,"mean",NA,602086.61425379
"3554","DE","15-34",2025-02-20,2025-02-23,1,"quantile",0.025,475220.160388411
"3555","DE","15-34",2025-02-20,2025-02-23,1,"quantile",0.1,515800.336701289
"3556","DE","15-34",2025-02-20,2025-02-23,1,"quantile",0.25,553846.307651981
"3557","DE","15-34",2025-02-20,2025-02-23,1,"quantile",0.5,597908.78396598
"3558","DE","15-34",2025-02-20,2025-02-23,1,"quantile",0.75,645484.948382407
"3559","DE","15-34",2025-02-20,2025-02-23,1,"quantile",0.9,694377.8458843
"3560","DE","15-34",2025-02-20,2025-02-23,1,"quantile",0.975,748916.992793995
"3561","DE","15-34",2025-02-20,2025-03-02,2,"mean",NA,547111.059830853
"3562","DE","15-34",2025-02-20,2025-03-02,2,"quantile",0.025,410126.471677579
"3563","DE","15-34",2025-02-20,2025-03-02,2,"quantile",0.1,453411.451013917
"3564","DE","15-34",2025-02-20,2025-03-02,2,"quantile",0.25,492753.786361468
"3565","DE","15-34",2025-02-20,2025-03-02,2,"quantile",0.5,541116.904796656
"3566","DE","15-34",2025-02-20,2025-03-02,2,"quantile",0.75,596833.947985706
"3567","DE","15-34",2025-02-20,2025-03-02,2,"quantile",0.9,648240.531116709
"3568","DE","15-34",2025-02-20,2025-03-02,2,"quantile",0.975,717011.723455411
"3569","DE","15-34",2025-02-20,2025-03-09,3,"mean",NA,482025.577339681
"3570","DE","15-34",2025-02-20,2025-03-09,3,"quantile",0.025,351882.070882558
"3571","DE","15-34",2025-02-20,2025-03-09,3,"quantile",0.1,388843.488427742
"3572","DE","15-34",2025-02-20,2025-03-09,3,"quantile",0.25,426131.35759464
"3573","DE","15-34",2025-02-20,2025-03-09,3,"quantile",0.5,475580.695708574
"3574","DE","15-34",2025-02-20,2025-03-09,3,"quantile",0.75,529749.418797792
"3575","DE","15-34",2025-02-20,2025-03-09,3,"quantile",0.9,586068.153756426
"3576","DE","15-34",2025-02-20,2025-03-09,3,"quantile",0.975,648877.769141423
"3577","DE","15-34",2025-02-20,2025-03-16,4,"mean",NA,442495.758760633
"3578","DE","15-34",2025-02-20,2025-03-16,4,"quantile",0.025,315585.19731215
"3579","DE","15-34",2025-02-20,2025-03-16,4,"quantile",0.1,352471.934843328
"3580","DE","15-34",2025-02-20,2025-03-16,4,"quantile",0.25,389728.201214182
"3581","DE","15-34",2025-02-20,2025-03-16,4,"quantile",0.5,437092.137285498
"3582","DE","15-34",2025-02-20,2025-03-16,4,"quantile",0.75,487856.240731605
"3583","DE","15-34",2025-02-20,2025-03-16,4,"quantile",0.9,539220.343600866
"3584","DE","15-34",2025-02-20,2025-03-16,4,"quantile",0.975,606146.756820387
"3585","DE","35-59",2025-02-20,2025-02-23,1,"mean",NA,776092.313151987
"3586","DE","35-59",2025-02-20,2025-02-23,1,"quantile",0.025,603529.399850502
"3587","DE","35-59",2025-02-20,2025-02-23,1,"quantile",0.1,657649.45227664
"3588","DE","35-59",2025-02-20,2025-02-23,1,"quantile",0.25,707898.384253883
"3589","DE","35-59",2025-02-20,2025-02-23,1,"quantile",0.5,768929.551873551
"3590","DE","35-59",2025-02-20,2025-02-23,1,"quantile",0.75,837885.733005112
"3591","DE","35-59",2025-02-20,2025-02-23,1,"quantile",0.9,904930.61224301
"3592","DE","35-59",2025-02-20,2025-02-23,1,"quantile",0.975,982696.163080103
"3593","DE","35-59",2025-02-20,2025-03-02,2,"mean",NA,693558.723089019
"3594","DE","35-59",2025-02-20,2025-03-02,2,"quantile",0.025,499216.423395548
"3595","DE","35-59",2025-02-20,2025-03-02,2,"quantile",0.1,556171.569509452
"3596","DE","35-59",2025-02-20,2025-03-02,2,"quantile",0.25,612624.165484708
"3597","DE","35-59",2025-02-20,2025-03-02,2,"quantile",0.5,682696.251047745
"3598","DE","35-59",2025-02-20,2025-03-02,2,"quantile",0.75,764515.82756434
"3599","DE","35-59",2025-02-20,2025-03-02,2,"quantile",0.9,844692.017248072
"3600","DE","35-59",2025-02-20,2025-03-02,2,"quantile",0.975,946826.603119933
"3601","DE","35-59",2025-02-20,2025-03-09,3,"mean",NA,615257.907129247
"3602","DE","35-59",2025-02-20,2025-03-09,3,"quantile",0.025,417886.981427703
"3603","DE","35-59",2025-02-20,2025-03-09,3,"quantile",0.1,473363.219824626
"3604","DE","35-59",2025-02-20,2025-03-09,3,"quantile",0.25,531798.098904692
"3605","DE","35-59",2025-02-20,2025-03-09,3,"quantile",0.5,603323.614586148
"3606","DE","35-59",2025-02-20,2025-03-09,3,"quantile",0.75,687586.228231983
"3607","DE","35-59",2025-02-20,2025-03-09,3,"quantile",0.9,773099.386631987
"3608","DE","35-59",2025-02-20,2025-03-09,3,"quantile",0.975,875576.065635813
"3609","DE","35-59",2025-02-20,2025-03-16,4,"mean",NA,554475.566574294
"3610","DE","35-59",2025-02-20,2025-03-16,4,"quantile",0.025,363747.853455384
"3611","DE","35-59",2025-02-20,2025-03-16,4,"quantile",0.1,417210.784087854
"3612","DE","35-59",2025-02-20,2025-03-16,4,"quantile",0.25,472729.911257371
"3613","DE","35-59",2025-02-20,2025-03-16,4,"quantile",0.5,543477.92246003
"3614","DE","35-59",2025-02-20,2025-03-16,4,"quantile",0.75,625738.294402986
"3615","DE","35-59",2025-02-20,2025-03-16,4,"quantile",0.9,703099.319554109
"3616","DE","35-59",2025-02-20,2025-03-16,4,"quantile",0.975,806631.395983422
"3617","DE","60+",2025-02-20,2025-02-23,1,"mean",NA,230972.605656187
"3618","DE","60+",2025-02-20,2025-02-23,1,"quantile",0.025,180468.636211005
"3619","DE","60+",2025-02-20,2025-02-23,1,"quantile",0.1,196750.20707772
"3620","DE","60+",2025-02-20,2025-02-23,1,"quantile",0.25,211657.626674636
"3621","DE","60+",2025-02-20,2025-02-23,1,"quantile",0.5,229084.081928011
"3622","DE","60+",2025-02-20,2025-02-23,1,"quantile",0.75,248288.97330437
"3623","DE","60+",2025-02-20,2025-02-23,1,"quantile",0.9,267837.94610678
"3624","DE","60+",2025-02-20,2025-02-23,1,"quantile",0.975,290799.768798377
"3625","DE","60+",2025-02-20,2025-03-02,2,"mean",NA,212376.921017372
"3626","DE","60+",2025-02-20,2025-03-02,2,"quantile",0.025,154357.912477337
"3627","DE","60+",2025-02-20,2025-03-02,2,"quantile",0.1,171829.07816025
"3628","DE","60+",2025-02-20,2025-03-02,2,"quantile",0.25,188963.886955953
"3629","DE","60+",2025-02-20,2025-03-02,2,"quantile",0.5,209165.678230824
"3630","DE","60+",2025-02-20,2025-03-02,2,"quantile",0.75,233542.949152636
"3631","DE","60+",2025-02-20,2025-03-02,2,"quantile",0.9,256510.216429012
"3632","DE","60+",2025-02-20,2025-03-02,2,"quantile",0.975,285106.384153536
"3633","DE","60+",2025-02-20,2025-03-09,3,"mean",NA,197272.945549015
"3634","DE","60+",2025-02-20,2025-03-09,3,"quantile",0.025,136026.392336258
"3635","DE","60+",2025-02-20,2025-03-09,3,"quantile",0.1,153296.996864255
"3636","DE","60+",2025-02-20,2025-03-09,3,"quantile",0.25,170692.877823693
"3637","DE","60+",2025-02-20,2025-03-09,3,"quantile",0.5,193898.155038505
"3638","DE","60+",2025-02-20,2025-03-09,3,"quantile",0.75,219176.82908008
"3639","DE","60+",2025-02-20,2025-03-09,3,"quantile",0.9,246396.868191783
"3640","DE","60+",2025-02-20,2025-03-09,3,"quantile",0.975,277660.880062086
"3641","DE","60+",2025-02-20,2025-03-16,4,"mean",NA,190725.889836763
"3642","DE","60+",2025-02-20,2025-03-16,4,"quantile",0.025,127363.944941041
"3643","DE","60+",2025-02-20,2025-03-16,4,"quantile",0.1,145021.545981379
"3644","DE","60+",2025-02-20,2025-03-16,4,"quantile",0.25,163651.294826938
"3645","DE","60+",2025-02-20,2025-03-16,4,"quantile",0.5,187072.232454934
"3646","DE","60+",2025-02-20,2025-03-16,4,"quantile",0.75,213174.74288893
"3647","DE","60+",2025-02-20,2025-03-16,4,"quantile",0.9,239944.13938152
"3648","DE","60+",2025-02-20,2025-03-16,4,"quantile",0.975,276539.41301846
"3649","DE","00+",2025-02-27,2025-03-02,1,"mean",NA,1952579.98854561
"3650","DE","00+",2025-02-27,2025-03-02,1,"quantile",0.025,1588603.83354337
"3651","DE","00+",2025-02-27,2025-03-02,1,"quantile",0.1,1698839.26645559
"3652","DE","00+",2025-02-27,2025-03-02,1,"quantile",0.25,1811089.8080154
"3653","DE","00+",2025-02-27,2025-03-02,1,"quantile",0.5,1942625.62440227
"3654","DE","00+",2025-02-27,2025-03-02,1,"quantile",0.75,2084145.72759727
"3655","DE","00+",2025-02-27,2025-03-02,1,"quantile",0.9,2216651.7826103
"3656","DE","00+",2025-02-27,2025-03-02,1,"quantile",0.975,2375580.85644879
"3657","DE","00+",2025-02-27,2025-03-09,2,"mean",NA,1752289.60328844
"3658","DE","00+",2025-02-27,2025-03-09,2,"quantile",0.025,1344149.21061315
"3659","DE","00+",2025-02-27,2025-03-09,2,"quantile",0.1,1470127.82038354
"3660","DE","00+",2025-02-27,2025-03-09,2,"quantile",0.25,1589509.27893509
"3661","DE","00+",2025-02-27,2025-03-09,2,"quantile",0.5,1734115.37998426
"3662","DE","00+",2025-02-27,2025-03-09,2,"quantile",0.75,1897636.5180498
"3663","DE","00+",2025-02-27,2025-03-09,2,"quantile",0.9,2052196.85108753
"3664","DE","00+",2025-02-27,2025-03-09,2,"quantile",0.975,2248834.57194057
"3665","DE","00+",2025-02-27,2025-03-16,3,"mean",NA,1604615.4027138
"3666","DE","00+",2025-02-27,2025-03-16,3,"quantile",0.025,1183184.34329956
"3667","DE","00+",2025-02-27,2025-03-16,3,"quantile",0.1,1315045.45112802
"3668","DE","00+",2025-02-27,2025-03-16,3,"quantile",0.25,1436484.36682422
"3669","DE","00+",2025-02-27,2025-03-16,3,"quantile",0.5,1583252.75374771
"3670","DE","00+",2025-02-27,2025-03-16,3,"quantile",0.75,1752358.29023882
"3671","DE","00+",2025-02-27,2025-03-16,3,"quantile",0.9,1922438.03643148
"3672","DE","00+",2025-02-27,2025-03-16,3,"quantile",0.975,2130717.032507
"3673","DE","00+",2025-02-27,2025-03-23,4,"mean",NA,1391135.63479569
"3674","DE","00+",2025-02-27,2025-03-23,4,"quantile",0.025,1006980.98827981
"3675","DE","00+",2025-02-27,2025-03-23,4,"quantile",0.1,1119827.43691401
"3676","DE","00+",2025-02-27,2025-03-23,4,"quantile",0.25,1234388.33527593
"3677","DE","00+",2025-02-27,2025-03-23,4,"quantile",0.5,1371970.80029054
"3678","DE","00+",2025-02-27,2025-03-23,4,"quantile",0.75,1530921.36684756
"3679","DE","00+",2025-02-27,2025-03-23,4,"quantile",0.9,1686135.57247993
"3680","DE","00+",2025-02-27,2025-03-23,4,"quantile",0.975,1881695.5546411
"3681","DE","00-04",2025-02-27,2025-03-02,1,"mean",NA,257543.444052773
"3682","DE","00-04",2025-02-27,2025-03-02,1,"quantile",0.025,221759.04619102
"3683","DE","00-04",2025-02-27,2025-03-02,1,"quantile",0.1,232998.923490675
"3684","DE","00-04",2025-02-27,2025-03-02,1,"quantile",0.25,244018.447392095
"3685","DE","00-04",2025-02-27,2025-03-02,1,"quantile",0.5,256765.881001526
"3686","DE","00-04",2025-02-27,2025-03-02,1,"quantile",0.75,270141.323773269
"3687","DE","00-04",2025-02-27,2025-03-02,1,"quantile",0.9,282714.557494778
"3688","DE","00-04",2025-02-27,2025-03-02,1,"quantile",0.975,297111.580933878
"3689","DE","00-04",2025-02-27,2025-03-09,2,"mean",NA,240172.196353295
"3690","DE","00-04",2025-02-27,2025-03-09,2,"quantile",0.025,199882.482872499
"3691","DE","00-04",2025-02-27,2025-03-09,2,"quantile",0.1,212335.381076614
"3692","DE","00-04",2025-02-27,2025-03-09,2,"quantile",0.25,224792.671528123
"3693","DE","00-04",2025-02-27,2025-03-09,2,"quantile",0.5,239263.743529578
"3694","DE","00-04",2025-02-27,2025-03-09,2,"quantile",0.75,254507.091392257
"3695","DE","00-04",2025-02-27,2025-03-09,2,"quantile",0.9,268598.869813207
"3696","DE","00-04",2025-02-27,2025-03-09,2,"quantile",0.975,285593.663891063
"3697","DE","00-04",2025-02-27,2025-03-16,3,"mean",NA,221083.297757432
"3698","DE","00-04",2025-02-27,2025-03-16,3,"quantile",0.025,178618.012627387
"3699","DE","00-04",2025-02-27,2025-03-16,3,"quantile",0.1,192288.357919014
"3700","DE","00-04",2025-02-27,2025-03-16,3,"quantile",0.25,204965.860329975
"3701","DE","00-04",2025-02-27,2025-03-16,3,"quantile",0.5,220106.880266765
"3702","DE","00-04",2025-02-27,2025-03-16,3,"quantile",0.75,236253.993803343
"3703","DE","00-04",2025-02-27,2025-03-16,3,"quantile",0.9,250895.960325509
"3704","DE","00-04",2025-02-27,2025-03-16,3,"quantile",0.975,270071.734292948
"3705","DE","00-04",2025-02-27,2025-03-23,4,"mean",NA,200596.127718922
"3706","DE","00-04",2025-02-27,2025-03-23,4,"quantile",0.025,161049.848087828
"3707","DE","00-04",2025-02-27,2025-03-23,4,"quantile",0.1,173514.202074291
"3708","DE","00-04",2025-02-27,2025-03-23,4,"quantile",0.25,185320.631894465
"3709","DE","00-04",2025-02-27,2025-03-23,4,"quantile",0.5,199542.41702729
"3710","DE","00-04",2025-02-27,2025-03-23,4,"quantile",0.75,214552.124520092
"3711","DE","00-04",2025-02-27,2025-03-23,4,"quantile",0.9,229468.223460379
"3712","DE","00-04",2025-02-27,2025-03-23,4,"quantile",0.975,246510.087094461
"3713","DE","05-14",2025-02-27,2025-03-02,1,"mean",NA,283971.261719616
"3714","DE","05-14",2025-02-27,2025-03-02,1,"quantile",0.025,225066.889726177
"3715","DE","05-14",2025-02-27,2025-03-02,1,"quantile",0.1,242690.078191507
"3716","DE","05-14",2025-02-27,2025-03-02,1,"quantile",0.25,260604.015060368
"3717","DE","05-14",2025-02-27,2025-03-02,1,"quantile",0.5,281976.137645467
"3718","DE","05-14",2025-02-27,2025-03-02,1,"quantile",0.75,305124.856723627
"3719","DE","05-14",2025-02-27,2025-03-02,1,"quantile",0.9,326856.856581652
"3720","DE","05-14",2025-02-27,2025-03-02,1,"quantile",0.975,354434.410027848
"3721","DE","05-14",2025-02-27,2025-03-09,2,"mean",NA,252854.773427282
"3722","DE","05-14",2025-02-27,2025-03-09,2,"quantile",0.025,187841.507347371
"3723","DE","05-14",2025-02-27,2025-03-09,2,"quantile",0.1,208539.054981089
"3724","DE","05-14",2025-02-27,2025-03-09,2,"quantile",0.25,227229.980574439
"3725","DE","05-14",2025-02-27,2025-03-09,2,"quantile",0.5,249231.697695348
"3726","DE","05-14",2025-02-27,2025-03-09,2,"quantile",0.75,275890.535208396
"3727","DE","05-14",2025-02-27,2025-03-09,2,"quantile",0.9,301663.598462469
"3728","DE","05-14",2025-02-27,2025-03-09,2,"quantile",0.975,334497.440422269
"3729","DE","05-14",2025-02-27,2025-03-16,3,"mean",NA,225523.150592862
"3730","DE","05-14",2025-02-27,2025-03-16,3,"quantile",0.025,160754.788015815
"3731","DE","05-14",2025-02-27,2025-03-16,3,"quantile",0.1,181213.483104163
"3732","DE","05-14",2025-02-27,2025-03-16,3,"quantile",0.25,200040.745380833
"3733","DE","05-14",2025-02-27,2025-03-16,3,"quantile",0.5,221883.406111521
"3734","DE","05-14",2025-02-27,2025-03-16,3,"quantile",0.75,248079.552672129
"3735","DE","05-14",2025-02-27,2025-03-16,3,"quantile",0.9,274393.546075804
"3736","DE","05-14",2025-02-27,2025-03-16,3,"quantile",0.975,307498.026350987
"3737","DE","05-14",2025-02-27,2025-03-23,4,"mean",NA,192200.654575365
"3738","DE","05-14",2025-02-27,2025-03-23,4,"quantile",0.025,135915.334386536
"3739","DE","05-14",2025-02-27,2025-03-23,4,"quantile",0.1,152106.946457603
"3740","DE","05-14",2025-02-27,2025-03-23,4,"quantile",0.25,168945.322533092
"3741","DE","05-14",2025-02-27,2025-03-23,4,"quantile",0.5,189378.796365748
"3742","DE","05-14",2025-02-27,2025-03-23,4,"quantile",0.75,212621.030486222
"3743","DE","05-14",2025-02-27,2025-03-23,4,"quantile",0.9,236369.618454169
"3744","DE","05-14",2025-02-27,2025-03-23,4,"quantile",0.975,264564.608443456
"3745","DE","15-34",2025-02-27,2025-03-02,1,"mean",NA,552606.457424535
"3746","DE","15-34",2025-02-27,2025-03-02,1,"quantile",0.025,435907.738737818
"3747","DE","15-34",2025-02-27,2025-03-02,1,"quantile",0.1,470847.827208969
"3748","DE","15-34",2025-02-27,2025-03-02,1,"quantile",0.25,505979.055258481
"3749","DE","15-34",2025-02-27,2025-03-02,1,"quantile",0.5,548791.812305717
"3750","DE","15-34",2025-02-27,2025-03-02,1,"quantile",0.75,594765.365819543
"3751","DE","15-34",2025-02-27,2025-03-02,1,"quantile",0.9,638050.476781431
"3752","DE","15-34",2025-02-27,2025-03-02,1,"quantile",0.975,690398.24187658
"3753","DE","15-34",2025-02-27,2025-03-09,2,"mean",NA,485768.517350063
"3754","DE","15-34",2025-02-27,2025-03-09,2,"quantile",0.025,363755.412289465
"3755","DE","15-34",2025-02-27,2025-03-09,2,"quantile",0.1,400562.71895581
"3756","DE","15-34",2025-02-27,2025-03-09,2,"quantile",0.25,437415.830677174
"3757","DE","15-34",2025-02-27,2025-03-09,2,"quantile",0.5,480774.00890834
"3758","DE","15-34",2025-02-27,2025-03-09,2,"quantile",0.75,529537.101915739
"3759","DE","15-34",2025-02-27,2025-03-09,2,"quantile",0.9,576124.163744992
"3760","DE","15-34",2025-02-27,2025-03-09,2,"quantile",0.975,632010.633796953
"3761","DE","15-34",2025-02-27,2025-03-16,3,"mean",NA,444581.174825469
"3762","DE","15-34",2025-02-27,2025-03-16,3,"quantile",0.025,320263.897896738
"3763","DE","15-34",2025-02-27,2025-03-16,3,"quantile",0.1,357396.318989079
"3764","DE","15-34",2025-02-27,2025-03-16,3,"quantile",0.25,393666.58287648
"3765","DE","15-34",2025-02-27,2025-03-16,3,"quantile",0.5,440323.955380922
"3766","DE","15-34",2025-02-27,2025-03-16,3,"quantile",0.75,489785.676719516
"3767","DE","15-34",2025-02-27,2025-03-16,3,"quantile",0.9,536549.556982271
"3768","DE","15-34",2025-02-27,2025-03-16,3,"quantile",0.975,599475.688280556
"3769","DE","15-34",2025-02-27,2025-03-23,4,"mean",NA,380173.792055629
"3770","DE","15-34",2025-02-27,2025-03-23,4,"quantile",0.025,270510.986211231
"3771","DE","15-34",2025-02-27,2025-03-23,4,"quantile",0.1,303113.053372962
"3772","DE","15-34",2025-02-27,2025-03-23,4,"quantile",0.25,335394.717117717
"3773","DE","15-34",2025-02-27,2025-03-23,4,"quantile",0.5,375161.240165585
"3774","DE","15-34",2025-02-27,2025-03-23,4,"quantile",0.75,419234.212857296
"3775","DE","15-34",2025-02-27,2025-03-23,4,"quantile",0.9,463357.930004809
"3776","DE","15-34",2025-02-27,2025-03-23,4,"quantile",0.975,516415.753425431
"3777","DE","35-59",2025-02-27,2025-03-02,1,"mean",NA,660994.897844767
"3778","DE","35-59",2025-02-27,2025-03-02,1,"quantile",0.025,512918.38591443
"3779","DE","35-59",2025-02-27,2025-03-02,1,"quantile",0.1,556656.675355815
"3780","DE","35-59",2025-02-27,2025-03-02,1,"quantile",0.25,602640.921856491
"3781","DE","35-59",2025-02-27,2025-03-02,1,"quantile",0.5,656257.828554283
"3782","DE","35-59",2025-02-27,2025-03-02,1,"quantile",0.75,714657.061508845
"3783","DE","35-59",2025-02-27,2025-03-02,1,"quantile",0.9,771223.032513601
"3784","DE","35-59",2025-02-27,2025-03-02,1,"quantile",0.975,837077.581903248
"3785","DE","35-59",2025-02-27,2025-03-09,2,"mean",NA,587275.201973525
"3786","DE","35-59",2025-02-27,2025-03-09,2,"quantile",0.025,421974.557127957
"3787","DE","35-59",2025-02-27,2025-03-09,2,"quantile",0.1,471188.338879144
"3788","DE","35-59",2025-02-27,2025-03-09,2,"quantile",0.25,519641.841241124
"3789","DE","35-59",2025-02-27,2025-03-09,2,"quantile",0.5,578996.120440731
"3790","DE","35-59",2025-02-27,2025-03-09,2,"quantile",0.75,647342.873196471
"3791","DE","35-59",2025-02-27,2025-03-09,2,"quantile",0.9,712632.415822826
"3792","DE","35-59",2025-02-27,2025-03-09,2,"quantile",0.975,794976.996297989
"3793","DE","35-59",2025-02-27,2025-03-16,3,"mean",NA,534033.192389005
"3794","DE","35-59",2025-02-27,2025-03-16,3,"quantile",0.025,363238.818888135
"3795","DE","35-59",2025-02-27,2025-03-16,3,"quantile",0.1,415613.848117884
"3796","DE","35-59",2025-02-27,2025-03-16,3,"quantile",0.25,463172.727771219
"3797","DE","35-59",2025-02-27,2025-03-16,3,"quantile",0.5,523661.888362266
"3798","DE","35-59",2025-02-27,2025-03-16,3,"quantile",0.75,593901.205526229
"3799","DE","35-59",2025-02-27,2025-03-16,3,"quantile",0.9,666351.188328704
"3800","DE","35-59",2025-02-27,2025-03-16,3,"quantile",0.975,758447.712050293
"3801","DE","35-59",2025-02-27,2025-03-23,4,"mean",NA,457475.449094077
"3802","DE","35-59",2025-02-27,2025-03-23,4,"quantile",0.025,303682.986572237
"3803","DE","35-59",2025-02-27,2025-03-23,4,"quantile",0.1,346287.535057137
"3804","DE","35-59",2025-02-27,2025-03-23,4,"quantile",0.25,392314.574152047
"3805","DE","35-59",2025-02-27,2025-03-23,4,"quantile",0.5,447275.042482134
"3806","DE","35-59",2025-02-27,2025-03-23,4,"quantile",0.75,513127.373834105
"3807","DE","35-59",2025-02-27,2025-03-23,4,"quantile",0.9,580112.812499582
"3808","DE","35-59",2025-02-27,2025-03-23,4,"quantile",0.975,665381.919975868
"3809","DE","60+",2025-02-27,2025-03-02,1,"mean",NA,212988.231087231
"3810","DE","60+",2025-02-27,2025-03-02,1,"quantile",0.025,165560.895235502
"3811","DE","60+",2025-02-27,2025-03-02,1,"quantile",0.1,179773.793643001
"3812","DE","60+",2025-02-27,2025-03-02,1,"quantile",0.25,194259.554605371
"3813","DE","60+",2025-02-27,2025-03-02,1,"quantile",0.5,211401.724716798
"3814","DE","60+",2025-02-27,2025-03-02,1,"quantile",0.75,229641.18162819
"3815","DE","60+",2025-02-27,2025-03-02,1,"quantile",0.9,248007.792894717
"3816","DE","60+",2025-02-27,2025-03-02,1,"quantile",0.975,268801.838336297
"3817","DE","60+",2025-02-27,2025-03-09,2,"mean",NA,197613.182797525
"3818","DE","60+",2025-02-27,2025-03-09,2,"quantile",0.025,143318.800876858
"3819","DE","60+",2025-02-27,2025-03-09,2,"quantile",0.1,159057.358466105
"3820","DE","60+",2025-02-27,2025-03-09,2,"quantile",0.25,175211.389047189
"3821","DE","60+",2025-02-27,2025-03-09,2,"quantile",0.5,195261.756719806
"3822","DE","60+",2025-02-27,2025-03-09,2,"quantile",0.75,217566.262075452
"3823","DE","60+",2025-02-27,2025-03-09,2,"quantile",0.9,238878.656786867
"3824","DE","60+",2025-02-27,2025-03-09,2,"quantile",0.975,264664.804710512
"3825","DE","60+",2025-02-27,2025-03-16,3,"mean",NA,191054.272147545
"3826","DE","60+",2025-02-27,2025-03-16,3,"quantile",0.025,129641.05087364
"3827","DE","60+",2025-02-27,2025-03-16,3,"quantile",0.1,148237.907072254
"3828","DE","60+",2025-02-27,2025-03-16,3,"quantile",0.25,165393.082417158
"3829","DE","60+",2025-02-27,2025-03-16,3,"quantile",0.5,188272.316148035
"3830","DE","60+",2025-02-27,2025-03-16,3,"quantile",0.75,213636.531081714
"3831","DE","60+",2025-02-27,2025-03-16,3,"quantile",0.9,238318.47367029
"3832","DE","60+",2025-02-27,2025-03-16,3,"quantile",0.975,271130.287453316
"3833","DE","60+",2025-02-27,2025-03-23,4,"mean",NA,169379.80651615
"3834","DE","60+",2025-02-27,2025-03-23,4,"quantile",0.025,112934.004356262
"3835","DE","60+",2025-02-27,2025-03-23,4,"quantile",0.1,129438.83758145
"3836","DE","60+",2025-02-27,2025-03-23,4,"quantile",0.25,145349.852448553
"3837","DE","60+",2025-02-27,2025-03-23,4,"quantile",0.5,165924.63592882
"3838","DE","60+",2025-02-27,2025-03-23,4,"quantile",0.75,189415.715486551
"3839","DE","60+",2025-02-27,2025-03-23,4,"quantile",0.9,213662.027062798
"3840","DE","60+",2025-02-27,2025-03-23,4,"quantile",0.975,244319.689377173
"3841","DE","00+",2025-03-06,2025-03-09,1,"mean",NA,1754395.91038001
"3842","DE","00+",2025-03-06,2025-03-09,1,"quantile",0.025,1431109.17568042
"3843","DE","00+",2025-03-06,2025-03-09,1,"quantile",0.1,1530466.84574944
"3844","DE","00+",2025-03-06,2025-03-09,1,"quantile",0.25,1632780.599983
"3845","DE","00+",2025-03-06,2025-03-09,1,"quantile",0.5,1749382.67590838
"3846","DE","00+",2025-03-06,2025-03-09,1,"quantile",0.75,1869567.94684404
"3847","DE","00+",2025-03-06,2025-03-09,1,"quantile",0.9,1979405.25634182
"3848","DE","00+",2025-03-06,2025-03-09,1,"quantile",0.975,2116506.59485866
"3849","DE","00+",2025-03-06,2025-03-16,2,"mean",NA,1614210.21129484
"3850","DE","00+",2025-03-06,2025-03-16,2,"quantile",0.025,1243727.73416666
"3851","DE","00+",2025-03-06,2025-03-16,2,"quantile",0.1,1357525.3996423
"3852","DE","00+",2025-03-06,2025-03-16,2,"quantile",0.25,1467741.97184691
"3853","DE","00+",2025-03-06,2025-03-16,2,"quantile",0.5,1602018.71365815
"3854","DE","00+",2025-03-06,2025-03-16,2,"quantile",0.75,1745572.74651624
"3855","DE","00+",2025-03-06,2025-03-16,2,"quantile",0.9,1892921.89655651
"3856","DE","00+",2025-03-06,2025-03-16,2,"quantile",0.975,2065395.28885662
"3857","DE","00+",2025-03-06,2025-03-23,3,"mean",NA,1395916.57434911
"3858","DE","00+",2025-03-06,2025-03-23,3,"quantile",0.025,1030853.82326282
"3859","DE","00+",2025-03-06,2025-03-23,3,"quantile",0.1,1139362.77264167
"3860","DE","00+",2025-03-06,2025-03-23,3,"quantile",0.25,1247224.89364523
"3861","DE","00+",2025-03-06,2025-03-23,3,"quantile",0.5,1382206.25865736
"3862","DE","00+",2025-03-06,2025-03-23,3,"quantile",0.75,1528595.93904569
"3863","DE","00+",2025-03-06,2025-03-23,3,"quantile",0.9,1673869.47908029
"3864","DE","00+",2025-03-06,2025-03-23,3,"quantile",0.975,1855137.96009248
"3865","DE","00+",2025-03-06,2025-03-30,4,"mean",NA,1173988.08164116
"3866","DE","00+",2025-03-06,2025-03-30,4,"quantile",0.025,849922.623859951
"3867","DE","00+",2025-03-06,2025-03-30,4,"quantile",0.1,944099.919283657
"3868","DE","00+",2025-03-06,2025-03-30,4,"quantile",0.25,1036881.47652081
"3869","DE","00+",2025-03-06,2025-03-30,4,"quantile",0.5,1162024.09278047
"3870","DE","00+",2025-03-06,2025-03-30,4,"quantile",0.75,1290859.37133502
"3871","DE","00+",2025-03-06,2025-03-30,4,"quantile",0.9,1423767.73396593
"3872","DE","00+",2025-03-06,2025-03-30,4,"quantile",0.975,1583901.29570006
"3873","DE","00-04",2025-03-06,2025-03-09,1,"mean",NA,242017.607933564
"3874","DE","00-04",2025-03-06,2025-03-09,1,"quantile",0.025,208883.859145472
"3875","DE","00-04",2025-03-06,2025-03-09,1,"quantile",0.1,219581.678090613
"3876","DE","00-04",2025-03-06,2025-03-09,1,"quantile",0.25,229545.744967414
"3877","DE","00-04",2025-03-06,2025-03-09,1,"quantile",0.5,241285.915282428
"3878","DE","00-04",2025-03-06,2025-03-09,1,"quantile",0.75,254110.461221554
"3879","DE","00-04",2025-03-06,2025-03-09,1,"quantile",0.9,265345.075334474
"3880","DE","00-04",2025-03-06,2025-03-09,1,"quantile",0.975,276711.046135011
"3881","DE","00-04",2025-03-06,2025-03-16,2,"mean",NA,222593.219578221
"3882","DE","00-04",2025-03-06,2025-03-16,2,"quantile",0.025,185754.365080032
"3883","DE","00-04",2025-03-06,2025-03-16,2,"quantile",0.1,197190.254761382
"3884","DE","00-04",2025-03-06,2025-03-16,2,"quantile",0.25,208969.080464006
"3885","DE","00-04",2025-03-06,2025-03-16,2,"quantile",0.5,221596.17919922
"3886","DE","00-04",2025-03-06,2025-03-16,2,"quantile",0.75,235519.794956783
"3887","DE","00-04",2025-03-06,2025-03-16,2,"quantile",0.9,248452.940103418
"3888","DE","00-04",2025-03-06,2025-03-16,2,"quantile",0.975,264499.636746375
"3889","DE","00-04",2025-03-06,2025-03-23,3,"mean",NA,201700.759602983
"3890","DE","00-04",2025-03-06,2025-03-23,3,"quantile",0.025,163421.478109042
"3891","DE","00-04",2025-03-06,2025-03-23,3,"quantile",0.1,174832.607063458
"3892","DE","00-04",2025-03-06,2025-03-23,3,"quantile",0.25,187190.683184032
"3893","DE","00-04",2025-03-06,2025-03-23,3,"quantile",0.5,200548.899477982
"3894","DE","00-04",2025-03-06,2025-03-23,3,"quantile",0.75,215333.025277479
"3895","DE","00-04",2025-03-06,2025-03-23,3,"quantile",0.9,228870.488660455
"3896","DE","00-04",2025-03-06,2025-03-23,3,"quantile",0.975,246817.364742421
"3897","DE","00-04",2025-03-06,2025-03-30,4,"mean",NA,177195.020559007
"3898","DE","00-04",2025-03-06,2025-03-30,4,"quantile",0.025,142361.120730929
"3899","DE","00-04",2025-03-06,2025-03-30,4,"quantile",0.1,153386.790996766
"3900","DE","00-04",2025-03-06,2025-03-30,4,"quantile",0.25,163609.143885809
"3901","DE","00-04",2025-03-06,2025-03-30,4,"quantile",0.5,175975.472512987
"3902","DE","00-04",2025-03-06,2025-03-30,4,"quantile",0.75,189567.609194067
"3903","DE","00-04",2025-03-06,2025-03-30,4,"quantile",0.9,202427.686441701
"3904","DE","00-04",2025-03-06,2025-03-30,4,"quantile",0.975,218422.13618879
"3905","DE","05-14",2025-03-06,2025-03-09,1,"mean",NA,239265.626629779
"3906","DE","05-14",2025-03-06,2025-03-09,1,"quantile",0.025,190177.336668723
"3907","DE","05-14",2025-03-06,2025-03-09,1,"quantile",0.1,205590.139818941
"3908","DE","05-14",2025-03-06,2025-03-09,1,"quantile",0.25,220313.42231613
"3909","DE","05-14",2025-03-06,2025-03-09,1,"quantile",0.5,238506.661910377
"3910","DE","05-14",2025-03-06,2025-03-09,1,"quantile",0.75,256746.571066872
"3911","DE","05-14",2025-03-06,2025-03-09,1,"quantile",0.9,273973.078124616
"3912","DE","05-14",2025-03-06,2025-03-09,1,"quantile",0.975,295067.771189908
"3913","DE","05-14",2025-03-06,2025-03-16,2,"mean",NA,215968.730973285
"3914","DE","05-14",2025-03-06,2025-03-16,2,"quantile",0.025,161464.062057722
"3915","DE","05-14",2025-03-06,2025-03-16,2,"quantile",0.1,178268.196917539
"3916","DE","05-14",2025-03-06,2025-03-16,2,"quantile",0.25,193725.826535958
"3917","DE","05-14",2025-03-06,2025-03-16,2,"quantile",0.5,213856.03271744
"3918","DE","05-14",2025-03-06,2025-03-16,2,"quantile",0.75,235271.693147159
"3919","DE","05-14",2025-03-06,2025-03-16,2,"quantile",0.9,257465.945221139
"3920","DE","05-14",2025-03-06,2025-03-16,2,"quantile",0.975,283929.460077204
"3921","DE","05-14",2025-03-06,2025-03-23,3,"mean",NA,186464.209105288
"3922","DE","05-14",2025-03-06,2025-03-23,3,"quantile",0.025,133954.024283071
"3923","DE","05-14",2025-03-06,2025-03-23,3,"quantile",0.1,149301.078614259
"3924","DE","05-14",2025-03-06,2025-03-23,3,"quantile",0.25,165147.750984561
"3925","DE","05-14",2025-03-06,2025-03-23,3,"quantile",0.5,183970.74394026
"3926","DE","05-14",2025-03-06,2025-03-23,3,"quantile",0.75,204976.552433332
"3927","DE","05-14",2025-03-06,2025-03-23,3,"quantile",0.9,227108.493579217
"3928","DE","05-14",2025-03-06,2025-03-23,3,"quantile",0.975,253043.008471334
"3929","DE","05-14",2025-03-06,2025-03-30,4,"mean",NA,144959.04376428
"3930","DE","05-14",2025-03-06,2025-03-30,4,"quantile",0.025,102552.619961087
"3931","DE","05-14",2025-03-06,2025-03-30,4,"quantile",0.1,114724.18672012
"3932","DE","05-14",2025-03-06,2025-03-30,4,"quantile",0.25,126694.74499981
"3933","DE","05-14",2025-03-06,2025-03-30,4,"quantile",0.5,142720.508548737
"3934","DE","05-14",2025-03-06,2025-03-30,4,"quantile",0.75,160383.74736181
"3935","DE","05-14",2025-03-06,2025-03-30,4,"quantile",0.9,177669.099568354
"3936","DE","05-14",2025-03-06,2025-03-30,4,"quantile",0.975,199545.167329969
"3937","DE","15-34",2025-03-06,2025-03-09,1,"mean",NA,480183.064937762
"3938","DE","15-34",2025-03-06,2025-03-09,1,"quantile",0.025,379329.665427379
"3939","DE","15-34",2025-03-06,2025-03-09,1,"quantile",0.1,411136.579778397
"3940","DE","15-34",2025-03-06,2025-03-09,1,"quantile",0.25,440972.193050535
"3941","DE","15-34",2025-03-06,2025-03-09,1,"quantile",0.5,477209.624625491
"3942","DE","15-34",2025-03-06,2025-03-09,1,"quantile",0.75,517732.077620609
"3943","DE","15-34",2025-03-06,2025-03-09,1,"quantile",0.9,553417.709790252
"3944","DE","15-34",2025-03-06,2025-03-09,1,"quantile",0.975,593805.075056553
"3945","DE","15-34",2025-03-06,2025-03-16,2,"mean",NA,439861.533931064
"3946","DE","15-34",2025-03-06,2025-03-16,2,"quantile",0.025,330215.742354308
"3947","DE","15-34",2025-03-06,2025-03-16,2,"quantile",0.1,363124.506408276
"3948","DE","15-34",2025-03-06,2025-03-16,2,"quantile",0.25,396852.171879064
"3949","DE","15-34",2025-03-06,2025-03-16,2,"quantile",0.5,435494.210887256
"3950","DE","15-34",2025-03-06,2025-03-16,2,"quantile",0.75,478777.975406854
"3951","DE","15-34",2025-03-06,2025-03-16,2,"quantile",0.9,520669.513302949
"3952","DE","15-34",2025-03-06,2025-03-16,2,"quantile",0.975,572355.056101757
"3953","DE","15-34",2025-03-06,2025-03-23,3,"mean",NA,377796.250888836
"3954","DE","15-34",2025-03-06,2025-03-23,3,"quantile",0.025,272535.468506819
"3955","DE","15-34",2025-03-06,2025-03-23,3,"quantile",0.1,301803.128786472
"3956","DE","15-34",2025-03-06,2025-03-23,3,"quantile",0.25,335698.373508064
"3957","DE","15-34",2025-03-06,2025-03-23,3,"quantile",0.5,372827.033919035
"3958","DE","15-34",2025-03-06,2025-03-23,3,"quantile",0.75,415633.392342995
"3959","DE","15-34",2025-03-06,2025-03-23,3,"quantile",0.9,456013.1424953
"3960","DE","15-34",2025-03-06,2025-03-23,3,"quantile",0.975,508815.853508427
"3961","DE","15-34",2025-03-06,2025-03-30,4,"mean",NA,316686.483167382
"3962","DE","15-34",2025-03-06,2025-03-30,4,"quantile",0.025,226834.998401134
"3963","DE","15-34",2025-03-06,2025-03-30,4,"quantile",0.1,252650.91277345
"3964","DE","15-34",2025-03-06,2025-03-30,4,"quantile",0.25,279659.849600159
"3965","DE","15-34",2025-03-06,2025-03-30,4,"quantile",0.5,312213.131132529
"3966","DE","15-34",2025-03-06,2025-03-30,4,"quantile",0.75,348753.642273395
"3967","DE","15-34",2025-03-06,2025-03-30,4,"quantile",0.9,386477.691794932
"3968","DE","15-34",2025-03-06,2025-03-30,4,"quantile",0.975,433418.187051251
"3969","DE","35-59",2025-03-06,2025-03-09,1,"mean",NA,606907.430929943
"3970","DE","35-59",2025-03-06,2025-03-09,1,"quantile",0.025,473245.004667883
"3971","DE","35-59",2025-03-06,2025-03-09,1,"quantile",0.1,513056.401669864
"3972","DE","35-59",2025-03-06,2025-03-09,1,"quantile",0.25,555185.797085573
"3973","DE","35-59",2025-03-06,2025-03-09,1,"quantile",0.5,603668.930170618
"3974","DE","35-59",2025-03-06,2025-03-09,1,"quantile",0.75,654312.23480216
"3975","DE","35-59",2025-03-06,2025-03-09,1,"quantile",0.9,702467.121447668
"3976","DE","35-59",2025-03-06,2025-03-09,1,"quantile",0.975,763188.873688217
"3977","DE","35-59",2025-03-06,2025-03-16,2,"mean",NA,554420.72003215
"3978","DE","35-59",2025-03-06,2025-03-16,2,"quantile",0.025,399289.177884162
"3979","DE","35-59",2025-03-06,2025-03-16,2,"quantile",0.1,446755.10552432
"3980","DE","35-59",2025-03-06,2025-03-16,2,"quantile",0.25,491461.106518252
"3981","DE","35-59",2025-03-06,2025-03-16,2,"quantile",0.5,548243.436865319
"3982","DE","35-59",2025-03-06,2025-03-16,2,"quantile",0.75,609388.392810739
"3983","DE","35-59",2025-03-06,2025-03-16,2,"quantile",0.9,673335.561686823
"3984","DE","35-59",2025-03-06,2025-03-16,2,"quantile",0.975,752047.277137201
"3985","DE","35-59",2025-03-06,2025-03-23,3,"mean",NA,470129.080676665
"3986","DE","35-59",2025-03-06,2025-03-23,3,"quantile",0.025,320640.622462367
"3987","DE","35-59",2025-03-06,2025-03-23,3,"quantile",0.1,364139.547037802
"3988","DE","35-59",2025-03-06,2025-03-23,3,"quantile",0.25,406512.481214203
"3989","DE","35-59",2025-03-06,2025-03-23,3,"quantile",0.5,462136.812562352
"3990","DE","35-59",2025-03-06,2025-03-23,3,"quantile",0.75,524698.723885498
"3991","DE","35-59",2025-03-06,2025-03-23,3,"quantile",0.9,588106.92632943
"3992","DE","35-59",2025-03-06,2025-03-23,3,"quantile",0.975,669744.116655312
"3993","DE","35-59",2025-03-06,2025-03-30,4,"mean",NA,396546.621870537
"3994","DE","35-59",2025-03-06,2025-03-30,4,"quantile",0.025,263637.561704685
"3995","DE","35-59",2025-03-06,2025-03-30,4,"quantile",0.1,300271.777584886
"3996","DE","35-59",2025-03-06,2025-03-30,4,"quantile",0.25,338406.661975067
"3997","DE","35-59",2025-03-06,2025-03-30,4,"quantile",0.5,390176.830961155
"3998","DE","35-59",2025-03-06,2025-03-30,4,"quantile",0.75,444954.592003827
"3999","DE","35-59",2025-03-06,2025-03-30,4,"quantile",0.9,503390.901647016
"4000","DE","35-59",2025-03-06,2025-03-30,4,"quantile",0.975,575772.126818182
"4001","DE","60+",2025-03-06,2025-03-09,1,"mean",NA,208014.654032568
"4002","DE","60+",2025-03-06,2025-03-09,1,"quantile",0.025,162484.735059616
"4003","DE","60+",2025-03-06,2025-03-09,1,"quantile",0.1,177007.594340156
"4004","DE","60+",2025-03-06,2025-03-09,1,"quantile",0.25,190271.861099716
"4005","DE","60+",2025-03-06,2025-03-09,1,"quantile",0.5,206630.358527148
"4006","DE","60+",2025-03-06,2025-03-09,1,"quantile",0.75,224410.670227941
"4007","DE","60+",2025-03-06,2025-03-09,1,"quantile",0.9,241499.743114529
"4008","DE","60+",2025-03-06,2025-03-09,1,"quantile",0.975,259513.694803201
"4009","DE","60+",2025-03-06,2025-03-16,2,"mean",NA,200458.452129145
"4010","DE","60+",2025-03-06,2025-03-16,2,"quantile",0.025,145689.45501024
"4011","DE","60+",2025-03-06,2025-03-16,2,"quantile",0.1,161640.877940165
"4012","DE","60+",2025-03-06,2025-03-16,2,"quantile",0.25,178317.351492086
"4013","DE","60+",2025-03-06,2025-03-16,2,"quantile",0.5,198308.394534537
"4014","DE","60+",2025-03-06,2025-03-16,2,"quantile",0.75,220005.012825069
"4015","DE","60+",2025-03-06,2025-03-16,2,"quantile",0.9,241710.039774603
"4016","DE","60+",2025-03-06,2025-03-16,2,"quantile",0.975,269289.568665223
"4017","DE","60+",2025-03-06,2025-03-23,3,"mean",NA,175852.826589012
"4018","DE","60+",2025-03-06,2025-03-23,3,"quantile",0.025,119547.763156475
"4019","DE","60+",2025-03-06,2025-03-23,3,"quantile",0.1,135737.570552591
"4020","DE","60+",2025-03-06,2025-03-23,3,"quantile",0.25,152972.413040473
"4021","DE","60+",2025-03-06,2025-03-23,3,"quantile",0.5,172703.751083194
"4022","DE","60+",2025-03-06,2025-03-23,3,"quantile",0.75,195929.712981202
"4023","DE","60+",2025-03-06,2025-03-23,3,"quantile",0.9,219029.208359221
"4024","DE","60+",2025-03-06,2025-03-23,3,"quantile",0.975,248941.370534393
"4025","DE","60+",2025-03-06,2025-03-30,4,"mean",NA,150119.491843199
"4026","DE","60+",2025-03-06,2025-03-30,4,"quantile",0.025,100102.794227078
"4027","DE","60+",2025-03-06,2025-03-30,4,"quantile",0.1,114483.500841545
"4028","DE","60+",2025-03-06,2025-03-30,4,"quantile",0.25,128714.098777977
"4029","DE","60+",2025-03-06,2025-03-30,4,"quantile",0.5,146789.138753069
"4030","DE","60+",2025-03-06,2025-03-30,4,"quantile",0.75,167973.136074267
"4031","DE","60+",2025-03-06,2025-03-30,4,"quantile",0.9,188825.888806374
"4032","DE","60+",2025-03-06,2025-03-30,4,"quantile",0.975,217632.790809246
"4033","DE","00+",2025-03-13,2025-03-16,1,"mean",NA,1472266.31797577
"4034","DE","00+",2025-03-13,2025-03-16,1,"quantile",0.025,1198922.75321748
"4035","DE","00+",2025-03-13,2025-03-16,1,"quantile",0.1,1286437.0836342
"4036","DE","00+",2025-03-13,2025-03-16,1,"quantile",0.25,1365421.36630311
"4037","DE","00+",2025-03-13,2025-03-16,1,"quantile",0.5,1466013.93852344
"4038","DE","00+",2025-03-13,2025-03-16,1,"quantile",0.75,1570917.1872577
"4039","DE","00+",2025-03-13,2025-03-16,1,"quantile",0.9,1670807.82761303
"4040","DE","00+",2025-03-13,2025-03-16,1,"quantile",0.975,1789423.92522236
"4041","DE","00+",2025-03-13,2025-03-23,2,"mean",NA,1284489.59030504
"4042","DE","00+",2025-03-13,2025-03-23,2,"quantile",0.025,988423.288643539
"4043","DE","00+",2025-03-13,2025-03-23,2,"quantile",0.1,1076271.27875519
"4044","DE","00+",2025-03-13,2025-03-23,2,"quantile",0.25,1167338.64180949
"4045","DE","00+",2025-03-13,2025-03-23,2,"quantile",0.5,1278001.8650468
"4046","DE","00+",2025-03-13,2025-03-23,2,"quantile",0.75,1391204.39706692
"4047","DE","00+",2025-03-13,2025-03-23,2,"quantile",0.9,1499082.14392496
"4048","DE","00+",2025-03-13,2025-03-23,2,"quantile",0.975,1641526.48698991
"4049","DE","00+",2025-03-13,2025-03-30,3,"mean",NA,1105333.08209643
"4050","DE","00+",2025-03-13,2025-03-30,3,"quantile",0.025,817526.737418115
"4051","DE","00+",2025-03-13,2025-03-30,3,"quantile",0.1,902429.13268889
"4052","DE","00+",2025-03-13,2025-03-30,3,"quantile",0.25,989410.791784666
"4053","DE","00+",2025-03-13,2025-03-30,3,"quantile",0.5,1093332.08687515
"4054","DE","00+",2025-03-13,2025-03-30,3,"quantile",0.75,1208987.85365903
"4055","DE","00+",2025-03-13,2025-03-30,3,"quantile",0.9,1323242.35503014
"4056","DE","00+",2025-03-13,2025-03-30,3,"quantile",0.975,1452860.78602546
"4057","DE","00+",2025-03-13,2025-04-06,4,"mean",NA,1084972.41000211
"4058","DE","00+",2025-03-13,2025-04-06,4,"quantile",0.025,777104.686225693
"4059","DE","00+",2025-03-13,2025-04-06,4,"quantile",0.1,874080.995258719
"4060","DE","00+",2025-03-13,2025-04-06,4,"quantile",0.25,963307.462914451
"4061","DE","00+",2025-03-13,2025-04-06,4,"quantile",0.5,1072388.90162931
"4062","DE","00+",2025-03-13,2025-04-06,4,"quantile",0.75,1191711.03394273
"4063","DE","00+",2025-03-13,2025-04-06,4,"quantile",0.9,1312811.0701133
"4064","DE","00+",2025-03-13,2025-04-06,4,"quantile",0.975,1460300.81687708
"4065","DE","00-04",2025-03-13,2025-03-16,1,"mean",NA,212140.504150334
"4066","DE","00-04",2025-03-13,2025-03-16,1,"quantile",0.025,183274.700115959
"4067","DE","00-04",2025-03-13,2025-03-16,1,"quantile",0.1,192459.047738181
"4068","DE","00-04",2025-03-13,2025-03-16,1,"quantile",0.25,201190.614252362
"4069","DE","00-04",2025-03-13,2025-03-16,1,"quantile",0.5,211849.587335661
"4070","DE","00-04",2025-03-13,2025-03-16,1,"quantile",0.75,222487.703383691
"4071","DE","00-04",2025-03-13,2025-03-16,1,"quantile",0.9,232196.394133709
"4072","DE","00-04",2025-03-13,2025-03-16,1,"quantile",0.975,244194.721582136
"4073","DE","00-04",2025-03-13,2025-03-23,2,"mean",NA,192812.094743698
"4074","DE","00-04",2025-03-13,2025-03-23,2,"quantile",0.025,160944.520604731
"4075","DE","00-04",2025-03-13,2025-03-23,2,"quantile",0.1,170988.812107516
"4076","DE","00-04",2025-03-13,2025-03-23,2,"quantile",0.25,180964.188102559
"4077","DE","00-04",2025-03-13,2025-03-23,2,"quantile",0.5,192197.172721634
"4078","DE","00-04",2025-03-13,2025-03-23,2,"quantile",0.75,204028.20383177
"4079","DE","00-04",2025-03-13,2025-03-23,2,"quantile",0.9,215666.915337905
"4080","DE","00-04",2025-03-13,2025-03-23,2,"quantile",0.975,228778.45799098
"4081","DE","00-04",2025-03-13,2025-03-30,3,"mean",NA,170979.075484795
"4082","DE","00-04",2025-03-13,2025-03-30,3,"quantile",0.025,138845.450214368
"4083","DE","00-04",2025-03-13,2025-03-30,3,"quantile",0.1,148676.358705929
"4084","DE","00-04",2025-03-13,2025-03-30,3,"quantile",0.25,158695.671418817
"4085","DE","00-04",2025-03-13,2025-03-30,3,"quantile",0.5,170252.575919296
"4086","DE","00-04",2025-03-13,2025-03-30,3,"quantile",0.75,182308.640878709
"4087","DE","00-04",2025-03-13,2025-03-30,3,"quantile",0.9,194049.775868256
"4088","DE","00-04",2025-03-13,2025-03-30,3,"quantile",0.975,208133.801027459
"4089","DE","00-04",2025-03-13,2025-04-06,4,"mean",NA,165926.201196681
"4090","DE","00-04",2025-03-13,2025-04-06,4,"quantile",0.025,133199.958594429
"4091","DE","00-04",2025-03-13,2025-04-06,4,"quantile",0.1,143176.345354031
"4092","DE","00-04",2025-03-13,2025-04-06,4,"quantile",0.25,153213.134757041
"4093","DE","00-04",2025-03-13,2025-04-06,4,"quantile",0.5,165166.629569742
"4094","DE","00-04",2025-03-13,2025-04-06,4,"quantile",0.75,177425.57052374
"4095","DE","00-04",2025-03-13,2025-04-06,4,"quantile",0.9,189553.56695358
"4096","DE","00-04",2025-03-13,2025-04-06,4,"quantile",0.975,203833.966642303
"4097","DE","05-14",2025-03-13,2025-03-16,1,"mean",NA,180638.557943799
"4098","DE","05-14",2025-03-13,2025-03-16,1,"quantile",0.025,143697.32159136
"4099","DE","05-14",2025-03-13,2025-03-16,1,"quantile",0.1,155180.718785271
"4100","DE","05-14",2025-03-13,2025-03-16,1,"quantile",0.25,165876.69342489
"4101","DE","05-14",2025-03-13,2025-03-16,1,"quantile",0.5,179563.307041715
"4102","DE","05-14",2025-03-13,2025-03-16,1,"quantile",0.75,193999.943235495
"4103","DE","05-14",2025-03-13,2025-03-16,1,"quantile",0.9,208305.67646508
"4104","DE","05-14",2025-03-13,2025-03-16,1,"quantile",0.975,223530.311459452
"4105","DE","05-14",2025-03-13,2025-03-23,2,"mean",NA,159915.041149068
"4106","DE","05-14",2025-03-13,2025-03-23,2,"quantile",0.025,119594.732770821
"4107","DE","05-14",2025-03-13,2025-03-23,2,"quantile",0.1,131393.577992299
"4108","DE","05-14",2025-03-13,2025-03-23,2,"quantile",0.25,143868.343847677
"4109","DE","05-14",2025-03-13,2025-03-23,2,"quantile",0.5,158714.626201111
"4110","DE","05-14",2025-03-13,2025-03-23,2,"quantile",0.75,174493.359014992
"4111","DE","05-14",2025-03-13,2025-03-23,2,"quantile",0.9,189175.183670981
"4112","DE","05-14",2025-03-13,2025-03-23,2,"quantile",0.975,209515.325936171
"4113","DE","05-14",2025-03-13,2025-03-30,3,"mean",NA,130806.145078564
"4114","DE","05-14",2025-03-13,2025-03-30,3,"quantile",0.025,94003.5485058869
"4115","DE","05-14",2025-03-13,2025-03-30,3,"quantile",0.1,104878.189276879
"4116","DE","05-14",2025-03-13,2025-03-30,3,"quantile",0.25,115741.471420402
"4117","DE","05-14",2025-03-13,2025-03-30,3,"quantile",0.5,128941.40483516
"4118","DE","05-14",2025-03-13,2025-03-30,3,"quantile",0.75,144311.064059962
"4119","DE","05-14",2025-03-13,2025-03-30,3,"quantile",0.9,159020.753649183
"4120","DE","05-14",2025-03-13,2025-03-30,3,"quantile",0.975,176066.289279013
"4121","DE","05-14",2025-03-13,2025-04-06,4,"mean",NA,119698.811069142
"4122","DE","05-14",2025-03-13,2025-04-06,4,"quantile",0.025,83808.3217173414
"4123","DE","05-14",2025-03-13,2025-04-06,4,"quantile",0.1,95021.0147986454
"4124","DE","05-14",2025-03-13,2025-04-06,4,"quantile",0.25,105367.822748677
"4125","DE","05-14",2025-03-13,2025-04-06,4,"quantile",0.5,117944.761664503
"4126","DE","05-14",2025-03-13,2025-04-06,4,"quantile",0.75,132150.898238227
"4127","DE","05-14",2025-03-13,2025-04-06,4,"quantile",0.9,146334.762130958
"4128","DE","05-14",2025-03-13,2025-04-06,4,"quantile",0.975,163942.048597263
"4129","DE","15-34",2025-03-13,2025-03-16,1,"mean",NA,423192.761647501
"4130","DE","15-34",2025-03-13,2025-03-16,1,"quantile",0.025,333957.966435489
"4131","DE","15-34",2025-03-13,2025-03-16,1,"quantile",0.1,361378.322917584
"4132","DE","15-34",2025-03-13,2025-03-16,1,"quantile",0.25,388173.860175593
"4133","DE","15-34",2025-03-13,2025-03-16,1,"quantile",0.5,421094.774470541
"4134","DE","15-34",2025-03-13,2025-03-16,1,"quantile",0.75,455247.043511814
"4135","DE","15-34",2025-03-13,2025-03-16,1,"quantile",0.9,486794.438264593
"4136","DE","15-34",2025-03-13,2025-03-16,1,"quantile",0.975,527286.337289988
"4137","DE","15-34",2025-03-13,2025-03-23,2,"mean",NA,365007.873103149
"4138","DE","15-34",2025-03-13,2025-03-23,2,"quantile",0.025,274361.036194208
"4139","DE","15-34",2025-03-13,2025-03-23,2,"quantile",0.1,300900.165303054
"4140","DE","15-34",2025-03-13,2025-03-23,2,"quantile",0.25,329159.371891016
"4141","DE","15-34",2025-03-13,2025-03-23,2,"quantile",0.5,361085.228811398
"4142","DE","15-34",2025-03-13,2025-03-23,2,"quantile",0.75,397629.137452632
"4143","DE","15-34",2025-03-13,2025-03-23,2,"quantile",0.9,433282.560562071
"4144","DE","15-34",2025-03-13,2025-03-23,2,"quantile",0.975,474901.638263811
"4145","DE","15-34",2025-03-13,2025-03-30,3,"mean",NA,308072.267766443
"4146","DE","15-34",2025-03-13,2025-03-30,3,"quantile",0.025,223059.086907777
"4147","DE","15-34",2025-03-13,2025-03-30,3,"quantile",0.1,247897.045135605
"4148","DE","15-34",2025-03-13,2025-03-30,3,"quantile",0.25,274124.190643442
"4149","DE","15-34",2025-03-13,2025-03-30,3,"quantile",0.5,304941.225581026
"4150","DE","15-34",2025-03-13,2025-03-30,3,"quantile",0.75,338305.195413502
"4151","DE","15-34",2025-03-13,2025-03-30,3,"quantile",0.9,371692.9761082
"4152","DE","15-34",2025-03-13,2025-03-30,3,"quantile",0.975,415591.37644762
"4153","DE","15-34",2025-03-13,2025-04-06,4,"mean",NA,294429.990448796
"4154","DE","15-34",2025-03-13,2025-04-06,4,"quantile",0.025,209623.755840458
"4155","DE","15-34",2025-03-13,2025-04-06,4,"quantile",0.1,234620.249802217
"4156","DE","15-34",2025-03-13,2025-04-06,4,"quantile",0.25,259647.350563731
"4157","DE","15-34",2025-03-13,2025-04-06,4,"quantile",0.5,290424.465483779
"4158","DE","15-34",2025-03-13,2025-04-06,4,"quantile",0.75,324587.237327978
"4159","DE","15-34",2025-03-13,2025-04-06,4,"quantile",0.9,358810.446252896
"4160","DE","15-34",2025-03-13,2025-04-06,4,"quantile",0.975,399869.998815256
"4161","DE","35-59",2025-03-13,2025-03-16,1,"mean",NA,495403.120839111
"4162","DE","35-59",2025-03-13,2025-03-16,1,"quantile",0.025,384932.875104694
"4163","DE","35-59",2025-03-13,2025-03-16,1,"quantile",0.1,419168.465879899
"4164","DE","35-59",2025-03-13,2025-03-16,1,"quantile",0.25,450934.960614114
"4165","DE","35-59",2025-03-13,2025-03-16,1,"quantile",0.5,492030.835405026
"4166","DE","35-59",2025-03-13,2025-03-16,1,"quantile",0.75,535431.549443155
"4167","DE","35-59",2025-03-13,2025-03-16,1,"quantile",0.9,577443.811608155
"4168","DE","35-59",2025-03-13,2025-03-16,1,"quantile",0.975,628175.601320341
"4169","DE","35-59",2025-03-13,2025-03-23,2,"mean",NA,423838.219149831
"4170","DE","35-59",2025-03-13,2025-03-23,2,"quantile",0.025,305533.296355858
"4171","DE","35-59",2025-03-13,2025-03-23,2,"quantile",0.1,339710.550073904
"4172","DE","35-59",2025-03-13,2025-03-23,2,"quantile",0.25,375432.352524096
"4173","DE","35-59",2025-03-13,2025-03-23,2,"quantile",0.5,420462.251142744
"4174","DE","35-59",2025-03-13,2025-03-23,2,"quantile",0.75,466483.988656942
"4175","DE","35-59",2025-03-13,2025-03-23,2,"quantile",0.9,511684.13045613
"4176","DE","35-59",2025-03-13,2025-03-23,2,"quantile",0.975,571317.767944419
"4177","DE","35-59",2025-03-13,2025-03-30,3,"mean",NA,367406.468320119
"4178","DE","35-59",2025-03-13,2025-03-30,3,"quantile",0.025,249695.18493619
"4179","DE","35-59",2025-03-13,2025-03-30,3,"quantile",0.1,284652.352133289
"4180","DE","35-59",2025-03-13,2025-03-30,3,"quantile",0.25,318810.442015283
"4181","DE","35-59",2025-03-13,2025-03-30,3,"quantile",0.5,360868.301488713
"4182","DE","35-59",2025-03-13,2025-03-30,3,"quantile",0.75,409576.157467706
"4183","DE","35-59",2025-03-13,2025-03-30,3,"quantile",0.9,459161.341433722
"4184","DE","35-59",2025-03-13,2025-03-30,3,"quantile",0.975,515002.268030349
"4185","DE","35-59",2025-03-13,2025-04-06,4,"mean",NA,365504.555198896
"4186","DE","35-59",2025-03-13,2025-04-06,4,"quantile",0.025,239870.686489967
"4187","DE","35-59",2025-03-13,2025-04-06,4,"quantile",0.1,277088.851656898
"4188","DE","35-59",2025-03-13,2025-04-06,4,"quantile",0.25,313874.579907985
"4189","DE","35-59",2025-03-13,2025-04-06,4,"quantile",0.5,358826.807178341
"4190","DE","35-59",2025-03-13,2025-04-06,4,"quantile",0.75,409827.036759088
"4191","DE","35-59",2025-03-13,2025-04-06,4,"quantile",0.9,462772.121052738
"4192","DE","35-59",2025-03-13,2025-04-06,4,"quantile",0.975,532289.441770825
"4193","DE","60+",2025-03-13,2025-03-16,1,"mean",NA,186342.999244239
"4194","DE","60+",2025-03-13,2025-03-16,1,"quantile",0.025,145877.543265751
"4195","DE","60+",2025-03-13,2025-03-16,1,"quantile",0.1,158352.092853926
"4196","DE","60+",2025-03-13,2025-03-16,1,"quantile",0.25,170321.91715821
"4197","DE","60+",2025-03-13,2025-03-16,1,"quantile",0.5,185391.005084992
"4198","DE","60+",2025-03-13,2025-03-16,1,"quantile",0.75,200607.513285862
"4199","DE","60+",2025-03-13,2025-03-16,1,"quantile",0.9,216069.195773036
"4200","DE","60+",2025-03-13,2025-03-16,1,"quantile",0.975,233675.791443003
"4201","DE","60+",2025-03-13,2025-03-23,2,"mean",NA,163820.726589514
"4202","DE","60+",2025-03-13,2025-03-23,2,"quantile",0.025,118724.615511728
"4203","DE","60+",2025-03-13,2025-03-23,2,"quantile",0.1,131740.821844121
"4204","DE","60+",2025-03-13,2025-03-23,2,"quantile",0.25,145929.990926565
"4205","DE","60+",2025-03-13,2025-03-23,2,"quantile",0.5,161852.444823346
"4206","DE","60+",2025-03-13,2025-03-23,2,"quantile",0.75,179989.722441308
"4207","DE","60+",2025-03-13,2025-03-23,2,"quantile",0.9,197361.749738876
"4208","DE","60+",2025-03-13,2025-03-23,2,"quantile",0.975,219203.126832688
"4209","DE","60+",2025-03-13,2025-03-30,3,"mean",NA,141829.495193973
"4210","DE","60+",2025-03-13,2025-03-30,3,"quantile",0.025,97134.7961166491
"4211","DE","60+",2025-03-13,2025-03-30,3,"quantile",0.1,109706.802629779
"4212","DE","60+",2025-03-13,2025-03-30,3,"quantile",0.25,123286.445562604
"4213","DE","60+",2025-03-13,2025-03-30,3,"quantile",0.5,139525.365995392
"4214","DE","60+",2025-03-13,2025-03-30,3,"quantile",0.75,157898.396490903
"4215","DE","60+",2025-03-13,2025-03-30,3,"quantile",0.9,176562.433765661
"4216","DE","60+",2025-03-13,2025-03-30,3,"quantile",0.975,199340.896300966
"4217","DE","60+",2025-03-13,2025-04-06,4,"mean",NA,147721.178319603
"4218","DE","60+",2025-03-13,2025-04-06,4,"quantile",0.025,98036.8055252587
"4219","DE","60+",2025-03-13,2025-04-06,4,"quantile",0.1,112011.278401878
"4220","DE","60+",2025-03-13,2025-04-06,4,"quantile",0.25,126777.111181505
"4221","DE","60+",2025-03-13,2025-04-06,4,"quantile",0.5,145435.902310661
"4222","DE","60+",2025-03-13,2025-04-06,4,"quantile",0.75,165369.708892928
"4223","DE","60+",2025-03-13,2025-04-06,4,"quantile",0.9,185961.941785165
"4224","DE","60+",2025-03-13,2025-04-06,4,"quantile",0.975,214016.436027828
"4225","DE","00+",2025-03-20,2025-03-23,1,"mean",NA,1345662.41112094
"4226","DE","00+",2025-03-20,2025-03-23,1,"quantile",0.025,1104998.93703746
"4227","DE","00+",2025-03-20,2025-03-23,1,"quantile",0.1,1176464.7812731
"4228","DE","00+",2025-03-20,2025-03-23,1,"quantile",0.25,1248390.62241662
"4229","DE","00+",2025-03-20,2025-03-23,1,"quantile",0.5,1338768.46176621
"4230","DE","00+",2025-03-20,2025-03-23,1,"quantile",0.75,1433210.22358157
"4231","DE","00+",2025-03-20,2025-03-23,1,"quantile",0.9,1525739.19382448
"4232","DE","00+",2025-03-20,2025-03-23,1,"quantile",0.975,1624988.07068677
"4233","DE","00+",2025-03-20,2025-03-30,2,"mean",NA,1155465.58052266
"4234","DE","00+",2025-03-20,2025-03-30,2,"quantile",0.025,888191.153970519
"4235","DE","00+",2025-03-20,2025-03-30,2,"quantile",0.1,967479.747868223
"4236","DE","00+",2025-03-20,2025-03-30,2,"quantile",0.25,1048945.58775238
"4237","DE","00+",2025-03-20,2025-03-30,2,"quantile",0.5,1147142.90364303
"4238","DE","00+",2025-03-20,2025-03-30,2,"quantile",0.75,1251694.70254893
"4239","DE","00+",2025-03-20,2025-03-30,2,"quantile",0.9,1350265.45400881
"4240","DE","00+",2025-03-20,2025-03-30,2,"quantile",0.975,1479232.1458848
"4241","DE","00+",2025-03-20,2025-04-06,3,"mean",NA,1116579.83703748
"4242","DE","00+",2025-03-20,2025-04-06,3,"quantile",0.025,823251.243215754
"4243","DE","00+",2025-03-20,2025-04-06,3,"quantile",0.1,910748.625888686
"4244","DE","00+",2025-03-20,2025-04-06,3,"quantile",0.25,995916.827039886
"4245","DE","00+",2025-03-20,2025-04-06,3,"quantile",0.5,1101040.39763636
"4246","DE","00+",2025-03-20,2025-04-06,3,"quantile",0.75,1223758.2231513
"4247","DE","00+",2025-03-20,2025-04-06,3,"quantile",0.9,1341795.73200132
"4248","DE","00+",2025-03-20,2025-04-06,3,"quantile",0.975,1487216.4197612
"4249","DE","00+",2025-03-20,2025-04-13,4,"mean",NA,995897.481902317
"4250","DE","00+",2025-03-20,2025-04-13,4,"quantile",0.025,721342.236421529
"4251","DE","00+",2025-03-20,2025-04-13,4,"quantile",0.1,799528.871572078
"4252","DE","00+",2025-03-20,2025-04-13,4,"quantile",0.25,880326.489521817
"4253","DE","00+",2025-03-20,2025-04-13,4,"quantile",0.5,983437.556592205
"4254","DE","00+",2025-03-20,2025-04-13,4,"quantile",0.75,1095368.90282074
"4255","DE","00+",2025-03-20,2025-04-13,4,"quantile",0.9,1207755.92314985
"4256","DE","00+",2025-03-20,2025-04-13,4,"quantile",0.975,1357031.33463478
"4257","DE","00-04",2025-03-20,2025-03-23,1,"mean",NA,189795.322068942
"4258","DE","00-04",2025-03-20,2025-03-23,1,"quantile",0.025,164677.808884888
"4259","DE","00-04",2025-03-20,2025-03-23,1,"quantile",0.1,172525.055026513
"4260","DE","00-04",2025-03-20,2025-03-23,1,"quantile",0.25,180102.065225886
"4261","DE","00-04",2025-03-20,2025-03-23,1,"quantile",0.5,189458.071333307
"4262","DE","00-04",2025-03-20,2025-03-23,1,"quantile",0.75,198674.537990739
"4263","DE","00-04",2025-03-20,2025-03-23,1,"quantile",0.9,207468.396630033
"4264","DE","00-04",2025-03-20,2025-03-23,1,"quantile",0.975,218351.459952601
"4265","DE","00-04",2025-03-20,2025-03-30,2,"mean",NA,168604.20481101
"4266","DE","00-04",2025-03-20,2025-03-30,2,"quantile",0.025,140765.156835261
"4267","DE","00-04",2025-03-20,2025-03-30,2,"quantile",0.1,149037.76424808
"4268","DE","00-04",2025-03-20,2025-03-30,2,"quantile",0.25,157898.84448868
"4269","DE","00-04",2025-03-20,2025-03-30,2,"quantile",0.5,168063.047594545
"4270","DE","00-04",2025-03-20,2025-03-30,2,"quantile",0.75,178582.574302221
"4271","DE","00-04",2025-03-20,2025-03-30,2,"quantile",0.9,188602.012931184
"4272","DE","00-04",2025-03-20,2025-03-30,2,"quantile",0.975,199621.622778529
"4273","DE","00-04",2025-03-20,2025-04-06,3,"mean",NA,164087.341028027
"4274","DE","00-04",2025-03-20,2025-04-06,3,"quantile",0.025,133300.683223097
"4275","DE","00-04",2025-03-20,2025-04-06,3,"quantile",0.1,143412.524486657
"4276","DE","00-04",2025-03-20,2025-04-06,3,"quantile",0.25,152218.332777912
"4277","DE","00-04",2025-03-20,2025-04-06,3,"quantile",0.5,163186.173126996
"4278","DE","00-04",2025-03-20,2025-04-06,3,"quantile",0.75,175120.813140314
"4279","DE","00-04",2025-03-20,2025-04-06,3,"quantile",0.9,186169.835924468
"4280","DE","00-04",2025-03-20,2025-04-06,3,"quantile",0.975,199777.670876851
"4281","DE","00-04",2025-03-20,2025-04-13,4,"mean",NA,153491.033621105
"4282","DE","00-04",2025-03-20,2025-04-13,4,"quantile",0.025,123315.1303716
"4283","DE","00-04",2025-03-20,2025-04-13,4,"quantile",0.1,132427.271978803
"4284","DE","00-04",2025-03-20,2025-04-13,4,"quantile",0.25,141623.447114382
"4285","DE","00-04",2025-03-20,2025-04-13,4,"quantile",0.5,152703.433958673
"4286","DE","00-04",2025-03-20,2025-04-13,4,"quantile",0.75,164351.609270325
"4287","DE","00-04",2025-03-20,2025-04-13,4,"quantile",0.9,175798.568405695
"4288","DE","00-04",2025-03-20,2025-04-13,4,"quantile",0.975,188770.3964062
"4289","DE","05-14",2025-03-20,2025-03-23,1,"mean",NA,156141.328488214
"4290","DE","05-14",2025-03-20,2025-03-23,1,"quantile",0.025,124828.050221254
"4291","DE","05-14",2025-03-20,2025-03-23,1,"quantile",0.1,134059.519205753
"4292","DE","05-14",2025-03-20,2025-03-23,1,"quantile",0.25,143380.943751913
"4293","DE","05-14",2025-03-20,2025-03-23,1,"quantile",0.5,155086.923796414
"4294","DE","05-14",2025-03-20,2025-03-23,1,"quantile",0.75,167530.100489164
"4295","DE","05-14",2025-03-20,2025-03-23,1,"quantile",0.9,179703.751965782
"4296","DE","05-14",2025-03-20,2025-03-23,1,"quantile",0.975,193398.478753077
"4297","DE","05-14",2025-03-20,2025-03-30,2,"mean",NA,128201.775125946
"4298","DE","05-14",2025-03-20,2025-03-30,2,"quantile",0.025,95905.8168995147
"4299","DE","05-14",2025-03-20,2025-03-30,2,"quantile",0.1,105448.618170547
"4300","DE","05-14",2025-03-20,2025-03-30,2,"quantile",0.25,115038.143850989
"4301","DE","05-14",2025-03-20,2025-03-30,2,"quantile",0.5,127032.655011881
"4302","DE","05-14",2025-03-20,2025-03-30,2,"quantile",0.75,139834.335487959
"4303","DE","05-14",2025-03-20,2025-03-30,2,"quantile",0.9,152087.787004216
"4304","DE","05-14",2025-03-20,2025-03-30,2,"quantile",0.975,168402.742832926
"4305","DE","05-14",2025-03-20,2025-04-06,3,"mean",NA,117583.617866819
"4306","DE","05-14",2025-03-20,2025-04-06,3,"quantile",0.025,84544.6272226387
"4307","DE","05-14",2025-03-20,2025-04-06,3,"quantile",0.1,94281.5762847245
"4308","DE","05-14",2025-03-20,2025-04-06,3,"quantile",0.25,103720.463774548
"4309","DE","05-14",2025-03-20,2025-04-06,3,"quantile",0.5,115575.532641284
"4310","DE","05-14",2025-03-20,2025-04-06,3,"quantile",0.75,129862.249176773
"4311","DE","05-14",2025-03-20,2025-04-06,3,"quantile",0.9,143071.929981782
"4312","DE","05-14",2025-03-20,2025-04-06,3,"quantile",0.975,160283.768543749
"4313","DE","05-14",2025-03-20,2025-04-13,4,"mean",NA,114752.830514597
"4314","DE","05-14",2025-03-20,2025-04-13,4,"quantile",0.025,81451.0166937483
"4315","DE","05-14",2025-03-20,2025-04-13,4,"quantile",0.1,90660.4838408521
"4316","DE","05-14",2025-03-20,2025-04-13,4,"quantile",0.25,100632.732519788
"4317","DE","05-14",2025-03-20,2025-04-13,4,"quantile",0.5,113011.244176538
"4318","DE","05-14",2025-03-20,2025-04-13,4,"quantile",0.75,126879.527946974
"4319","DE","05-14",2025-03-20,2025-04-13,4,"quantile",0.9,141399.767981426
"4320","DE","05-14",2025-03-20,2025-04-13,4,"quantile",0.975,159547.233731247
"4321","DE","15-34",2025-03-20,2025-03-23,1,"mean",NA,380429.838757998
"4322","DE","15-34",2025-03-20,2025-03-23,1,"quantile",0.025,303566.812136115
"4323","DE","15-34",2025-03-20,2025-03-23,1,"quantile",0.1,326150.703287487
"4324","DE","15-34",2025-03-20,2025-03-23,1,"quantile",0.25,349309.677570442
"4325","DE","15-34",2025-03-20,2025-03-23,1,"quantile",0.5,378406.450281702
"4326","DE","15-34",2025-03-20,2025-03-23,1,"quantile",0.75,407865.300089864
"4327","DE","15-34",2025-03-20,2025-03-23,1,"quantile",0.9,436657.268575277
"4328","DE","15-34",2025-03-20,2025-03-23,1,"quantile",0.975,474774.278858923
"4329","DE","15-34",2025-03-20,2025-03-30,2,"mean",NA,320066.727591117
"4330","DE","15-34",2025-03-20,2025-03-30,2,"quantile",0.025,239884.094703677
"4331","DE","15-34",2025-03-20,2025-03-30,2,"quantile",0.1,264492.12737059
"4332","DE","15-34",2025-03-20,2025-03-30,2,"quantile",0.25,287897.791041349
"4333","DE","15-34",2025-03-20,2025-03-30,2,"quantile",0.5,317466.133891289
"4334","DE","15-34",2025-03-20,2025-03-30,2,"quantile",0.75,348743.568239211
"4335","DE","15-34",2025-03-20,2025-03-30,2,"quantile",0.9,380061.296537029
"4336","DE","15-34",2025-03-20,2025-03-30,2,"quantile",0.975,416074.609465084
"4337","DE","15-34",2025-03-20,2025-04-06,3,"mean",NA,302097.106454275
"4338","DE","15-34",2025-03-20,2025-04-06,3,"quantile",0.025,219132.878758607
"4339","DE","15-34",2025-03-20,2025-04-06,3,"quantile",0.1,244133.073036934
"4340","DE","15-34",2025-03-20,2025-04-06,3,"quantile",0.25,268081.693697088
"4341","DE","15-34",2025-03-20,2025-04-06,3,"quantile",0.5,298386.320191438
"4342","DE","15-34",2025-03-20,2025-04-06,3,"quantile",0.75,332483.22868228
"4343","DE","15-34",2025-03-20,2025-04-06,3,"quantile",0.9,364875.234595975
"4344","DE","15-34",2025-03-20,2025-04-06,3,"quantile",0.975,406798.363875062
"4345","DE","15-34",2025-03-20,2025-04-13,4,"mean",NA,271351.51685835
"4346","DE","15-34",2025-03-20,2025-04-13,4,"quantile",0.025,193651.279163922
"4347","DE","15-34",2025-03-20,2025-04-13,4,"quantile",0.1,215829.029263398
"4348","DE","15-34",2025-03-20,2025-04-13,4,"quantile",0.25,239277.884516486
"4349","DE","15-34",2025-03-20,2025-04-13,4,"quantile",0.5,267924.701208272
"4350","DE","15-34",2025-03-20,2025-04-13,4,"quantile",0.75,299645.953862909
"4351","DE","15-34",2025-03-20,2025-04-13,4,"quantile",0.9,331396.943937352
"4352","DE","15-34",2025-03-20,2025-04-13,4,"quantile",0.975,369788.260376622
"4353","DE","35-59",2025-03-20,2025-03-23,1,"mean",NA,464285.422568435
"4354","DE","35-59",2025-03-20,2025-03-23,1,"quantile",0.025,364247.861440249
"4355","DE","35-59",2025-03-20,2025-03-23,1,"quantile",0.1,393267.20806257
"4356","DE","35-59",2025-03-20,2025-03-23,1,"quantile",0.25,423254.597843044
"4357","DE","35-59",2025-03-20,2025-03-23,1,"quantile",0.5,460377.99599325
"4358","DE","35-59",2025-03-20,2025-03-23,1,"quantile",0.75,501108.85435231
"4359","DE","35-59",2025-03-20,2025-03-23,1,"quantile",0.9,541076.016835593
"4360","DE","35-59",2025-03-20,2025-03-23,1,"quantile",0.975,584390.78576655
"4361","DE","35-59",2025-03-20,2025-03-30,2,"mean",NA,401138.704042886
"4362","DE","35-59",2025-03-20,2025-03-30,2,"quantile",0.025,289488.91418892
"4363","DE","35-59",2025-03-20,2025-03-30,2,"quantile",0.1,320954.594745797
"4364","DE","35-59",2025-03-20,2025-03-30,2,"quantile",0.25,355039.115035165
"4365","DE","35-59",2025-03-20,2025-03-30,2,"quantile",0.5,396526.29018703
"4366","DE","35-59",2025-03-20,2025-03-30,2,"quantile",0.75,441586.256444248
"4367","DE","35-59",2025-03-20,2025-03-30,2,"quantile",0.9,485523.149416921
"4368","DE","35-59",2025-03-20,2025-03-30,2,"quantile",0.975,542593.632150951
"4369","DE","35-59",2025-03-20,2025-04-06,3,"mean",NA,388636.948507772
"4370","DE","35-59",2025-03-20,2025-04-06,3,"quantile",0.025,265277.469365172
"4371","DE","35-59",2025-03-20,2025-04-06,3,"quantile",0.1,300078.544000405
"4372","DE","35-59",2025-03-20,2025-04-06,3,"quantile",0.25,335581.548348361
"4373","DE","35-59",2025-03-20,2025-04-06,3,"quantile",0.5,380603.306030295
"4374","DE","35-59",2025-03-20,2025-04-06,3,"quantile",0.75,434370.053188299
"4375","DE","35-59",2025-03-20,2025-04-06,3,"quantile",0.9,487402.287900664
"4376","DE","35-59",2025-03-20,2025-04-06,3,"quantile",0.975,554611.915664096
"4377","DE","35-59",2025-03-20,2025-04-13,4,"mean",NA,327804.744884692
"4378","DE","35-59",2025-03-20,2025-04-13,4,"quantile",0.025,217975.849558036
"4379","DE","35-59",2025-03-20,2025-04-13,4,"quantile",0.1,247376.482321126
"4380","DE","35-59",2025-03-20,2025-04-13,4,"quantile",0.25,279149.508752902
"4381","DE","35-59",2025-03-20,2025-04-13,4,"quantile",0.5,321375.222116138
"4382","DE","35-59",2025-03-20,2025-04-13,4,"quantile",0.75,368113.868517338
"4383","DE","35-59",2025-03-20,2025-04-13,4,"quantile",0.9,416186.51780976
"4384","DE","35-59",2025-03-20,2025-04-13,4,"quantile",0.975,479023.125386381
"4385","DE","60+",2025-03-20,2025-03-23,1,"mean",NA,174158.890952233
"4386","DE","60+",2025-03-20,2025-03-23,1,"quantile",0.025,137038.877702773
"4387","DE","60+",2025-03-20,2025-03-23,1,"quantile",0.1,148631.930093472
"4388","DE","60+",2025-03-20,2025-03-23,1,"quantile",0.25,159448.901795724
"4389","DE","60+",2025-03-20,2025-03-23,1,"quantile",0.5,173091.075333087
"4390","DE","60+",2025-03-20,2025-03-23,1,"quantile",0.75,187709.864727655
"4391","DE","60+",2025-03-20,2025-03-23,1,"quantile",0.9,201134.429720443
"4392","DE","60+",2025-03-20,2025-03-23,1,"quantile",0.975,218671.598537669
"4393","DE","60+",2025-03-20,2025-03-30,2,"mean",NA,150592.413867578
"4394","DE","60+",2025-03-20,2025-03-30,2,"quantile",0.025,109810.6589982
"4395","DE","60+",2025-03-20,2025-03-30,2,"quantile",0.1,121313.609527017
"4396","DE","60+",2025-03-20,2025-03-30,2,"quantile",0.25,133636.083983406
"4397","DE","60+",2025-03-20,2025-03-30,2,"quantile",0.5,148985.890875517
"4398","DE","60+",2025-03-20,2025-03-30,2,"quantile",0.75,165884.505115582
"4399","DE","60+",2025-03-20,2025-03-30,2,"quantile",0.9,181835.029973009
"4400","DE","60+",2025-03-20,2025-03-30,2,"quantile",0.975,200848.767866849
"4401","DE","60+",2025-03-20,2025-04-06,3,"mean",NA,154386.58731005
"4402","DE","60+",2025-03-20,2025-04-06,3,"quantile",0.025,106338.641868739
"4403","DE","60+",2025-03-20,2025-04-06,3,"quantile",0.1,120104.577025513
"4404","DE","60+",2025-03-20,2025-04-06,3,"quantile",0.25,133848.228306857
"4405","DE","60+",2025-03-20,2025-04-06,3,"quantile",0.5,151615.164361661
"4406","DE","60+",2025-03-20,2025-04-06,3,"quantile",0.75,172138.712571214
"4407","DE","60+",2025-03-20,2025-04-06,3,"quantile",0.9,192190.90480355
"4408","DE","60+",2025-03-20,2025-04-06,3,"quantile",0.975,218246.688158106
"4409","DE","60+",2025-03-20,2025-04-13,4,"mean",NA,133948.680411271
"4410","DE","60+",2025-03-20,2025-04-13,4,"quantile",0.025,89214.6861889047
"4411","DE","60+",2025-03-20,2025-04-13,4,"quantile",0.1,101982.060581128
"4412","DE","60+",2025-03-20,2025-04-13,4,"quantile",0.25,114628.27075747
"4413","DE","60+",2025-03-20,2025-04-13,4,"quantile",0.5,131547.910223603
"4414","DE","60+",2025-03-20,2025-04-13,4,"quantile",0.75,150426.303643709
"4415","DE","60+",2025-03-20,2025-04-13,4,"quantile",0.9,168906.186441536
"4416","DE","60+",2025-03-20,2025-04-13,4,"quantile",0.975,193449.406955247
"4417","DE","00+",2025-03-27,2025-03-30,1,"mean",NA,1104175.82993612
"4418","DE","00+",2025-03-27,2025-03-30,1,"quantile",0.025,898477.296296985
"4419","DE","00+",2025-03-27,2025-03-30,1,"quantile",0.1,964606.206068467
"4420","DE","00+",2025-03-27,2025-03-30,1,"quantile",0.25,1027781.6604056
"4421","DE","00+",2025-03-27,2025-03-30,1,"quantile",0.5,1096838.66280038
"4422","DE","00+",2025-03-27,2025-03-30,1,"quantile",0.75,1176723.08218508
"4423","DE","00+",2025-03-27,2025-03-30,1,"quantile",0.9,1250621.25365015
"4424","DE","00+",2025-03-27,2025-03-30,1,"quantile",0.975,1345859.34713575
"4425","DE","00+",2025-03-27,2025-04-06,2,"mean",NA,1068075.7124532
"4426","DE","00+",2025-03-27,2025-04-06,2,"quantile",0.025,822264.621923319
"4427","DE","00+",2025-03-27,2025-04-06,2,"quantile",0.1,896660.827021897
"4428","DE","00+",2025-03-27,2025-04-06,2,"quantile",0.25,970513.418382057
"4429","DE","00+",2025-03-27,2025-04-06,2,"quantile",0.5,1058105.46659584
"4430","DE","00+",2025-03-27,2025-04-06,2,"quantile",0.75,1155935.62121316
"4431","DE","00+",2025-03-27,2025-04-06,2,"quantile",0.9,1246164.05431784
"4432","DE","00+",2025-03-27,2025-04-06,2,"quantile",0.975,1375695.33342024
"4433","DE","00+",2025-03-27,2025-04-13,3,"mean",NA,965386.23219875
"4434","DE","00+",2025-03-27,2025-04-13,3,"quantile",0.025,709071.381887357
"4435","DE","00+",2025-03-27,2025-04-13,3,"quantile",0.1,786575.065071108
"4436","DE","00+",2025-03-27,2025-04-13,3,"quantile",0.25,862014.413914432
"4437","DE","00+",2025-03-27,2025-04-13,3,"quantile",0.5,952597.120387279
"4438","DE","00+",2025-03-27,2025-04-13,3,"quantile",0.75,1055805.70603787
"4439","DE","00+",2025-03-27,2025-04-13,3,"quantile",0.9,1157590.60954399
"4440","DE","00+",2025-03-27,2025-04-13,3,"quantile",0.975,1287935.17883537
"4441","DE","00+",2025-03-27,2025-04-20,4,"mean",NA,847363.702443691
"4442","DE","00+",2025-03-27,2025-04-20,4,"quantile",0.025,610004.008716683
"4443","DE","00+",2025-03-27,2025-04-20,4,"quantile",0.1,680641.512416586
"4444","DE","00+",2025-03-27,2025-04-20,4,"quantile",0.25,750091.586191638
"4445","DE","00+",2025-03-27,2025-04-20,4,"quantile",0.5,835823.970750215
"4446","DE","00+",2025-03-27,2025-04-20,4,"quantile",0.75,935673.607852028
"4447","DE","00+",2025-03-27,2025-04-20,4,"quantile",0.9,1026882.50372145
"4448","DE","00+",2025-03-27,2025-04-20,4,"quantile",0.975,1147264.77450034
"4449","DE","00-04",2025-03-27,2025-03-30,1,"mean",NA,171610.750726084
"4450","DE","00-04",2025-03-27,2025-03-30,1,"quantile",0.025,148518.326952614
"4451","DE","00-04",2025-03-27,2025-03-30,1,"quantile",0.1,155813.326445851
"4452","DE","00-04",2025-03-27,2025-03-30,1,"quantile",0.25,162952.23381327
"4453","DE","00-04",2025-03-27,2025-03-30,1,"quantile",0.5,171025.057701319
"4454","DE","00-04",2025-03-27,2025-03-30,1,"quantile",0.75,179912.897526281
"4455","DE","00-04",2025-03-27,2025-03-30,1,"quantile",0.9,187772.850555451
"4456","DE","00-04",2025-03-27,2025-03-30,1,"quantile",0.975,197539.558291676
"4457","DE","00-04",2025-03-27,2025-04-06,2,"mean",NA,166849.917998628
"4458","DE","00-04",2025-03-27,2025-04-06,2,"quantile",0.025,139234.592017763
"4459","DE","00-04",2025-03-27,2025-04-06,2,"quantile",0.1,148351.961127371
"4460","DE","00-04",2025-03-27,2025-04-06,2,"quantile",0.25,156423.819293761
"4461","DE","00-04",2025-03-27,2025-04-06,2,"quantile",0.5,165878.03116915
"4462","DE","00-04",2025-03-27,2025-04-06,2,"quantile",0.75,176430.124848844
"4463","DE","00-04",2025-03-27,2025-04-06,2,"quantile",0.9,186638.557917718
"4464","DE","00-04",2025-03-27,2025-04-06,2,"quantile",0.975,198252.269904816
"4465","DE","00-04",2025-03-27,2025-04-13,3,"mean",NA,155439.804496789
"4466","DE","00-04",2025-03-27,2025-04-13,3,"quantile",0.025,126646.034726412
"4467","DE","00-04",2025-03-27,2025-04-13,3,"quantile",0.1,135796.801996781
"4468","DE","00-04",2025-03-27,2025-04-13,3,"quantile",0.25,144568.390538586
"4469","DE","00-04",2025-03-27,2025-04-13,3,"quantile",0.5,154377.020814744
"4470","DE","00-04",2025-03-27,2025-04-13,3,"quantile",0.75,165439.438409313
"4471","DE","00-04",2025-03-27,2025-04-13,3,"quantile",0.9,176494.563103634
"4472","DE","00-04",2025-03-27,2025-04-13,3,"quantile",0.975,189204.190403885
"4473","DE","00-04",2025-03-27,2025-04-20,4,"mean",NA,141149.517930373
"4474","DE","00-04",2025-03-27,2025-04-20,4,"quantile",0.025,113783.261845412
"4475","DE","00-04",2025-03-27,2025-04-20,4,"quantile",0.1,121942.332414381
"4476","DE","00-04",2025-03-27,2025-04-20,4,"quantile",0.25,130560.631040084
"4477","DE","00-04",2025-03-27,2025-04-20,4,"quantile",0.5,140279.264561551
"4478","DE","00-04",2025-03-27,2025-04-20,4,"quantile",0.75,151221.848647385
"4479","DE","00-04",2025-03-27,2025-04-20,4,"quantile",0.9,160876.893923403
"4480","DE","00-04",2025-03-27,2025-04-20,4,"quantile",0.975,173479.701172876
"4481","DE","05-14",2025-03-27,2025-03-30,1,"mean",NA,129633.297057812
"4482","DE","05-14",2025-03-27,2025-03-30,1,"quantile",0.025,103009.160136416
"4483","DE","05-14",2025-03-27,2025-03-30,1,"quantile",0.1,111260.052126755
"4484","DE","05-14",2025-03-27,2025-03-30,1,"quantile",0.25,119438.829374773
"4485","DE","05-14",2025-03-27,2025-03-30,1,"quantile",0.5,128666.147607562
"4486","DE","05-14",2025-03-27,2025-03-30,1,"quantile",0.75,139101.380555491
"4487","DE","05-14",2025-03-27,2025-03-30,1,"quantile",0.9,148833.39041596
"4488","DE","05-14",2025-03-27,2025-03-30,1,"quantile",0.975,161800.426268031
"4489","DE","05-14",2025-03-27,2025-04-06,2,"mean",NA,118497.483323952
"4490","DE","05-14",2025-03-27,2025-04-06,2,"quantile",0.025,88826.1416618218
"4491","DE","05-14",2025-03-27,2025-04-06,2,"quantile",0.1,97436.8000723085
"4492","DE","05-14",2025-03-27,2025-04-06,2,"quantile",0.25,106561.409249758
"4493","DE","05-14",2025-03-27,2025-04-06,2,"quantile",0.5,116987.094680685
"4494","DE","05-14",2025-03-27,2025-04-06,2,"quantile",0.75,129163.301561443
"4495","DE","05-14",2025-03-27,2025-04-06,2,"quantile",0.9,140847.528769439
"4496","DE","05-14",2025-03-27,2025-04-06,2,"quantile",0.975,156871.921287873
"4497","DE","05-14",2025-03-27,2025-04-13,3,"mean",NA,115510.782341632
"4498","DE","05-14",2025-03-27,2025-04-13,3,"quantile",0.025,82240.7777987513
"4499","DE","05-14",2025-03-27,2025-04-13,3,"quantile",0.1,92471.2785259021
"4500","DE","05-14",2025-03-27,2025-04-13,3,"quantile",0.25,102099.442716416
"4501","DE","05-14",2025-03-27,2025-04-13,3,"quantile",0.5,113743.346770184
"4502","DE","05-14",2025-03-27,2025-04-13,3,"quantile",0.75,127029.571626041
"4503","DE","05-14",2025-03-27,2025-04-13,3,"quantile",0.9,140754.445365074
"4504","DE","05-14",2025-03-27,2025-04-13,3,"quantile",0.975,158375.669693187
"4505","DE","05-14",2025-03-27,2025-04-20,4,"mean",NA,106514.847907807
"4506","DE","05-14",2025-03-27,2025-04-20,4,"quantile",0.025,75516.649307221
"4507","DE","05-14",2025-03-27,2025-04-20,4,"quantile",0.1,84382.5679376398
"4508","DE","05-14",2025-03-27,2025-04-20,4,"quantile",0.25,93423.7181795165
"4509","DE","05-14",2025-03-27,2025-04-20,4,"quantile",0.5,104792.615783302
"4510","DE","05-14",2025-03-27,2025-04-20,4,"quantile",0.75,118054.696860787
"4511","DE","05-14",2025-03-27,2025-04-20,4,"quantile",0.9,130767.261759748
"4512","DE","05-14",2025-03-27,2025-04-20,4,"quantile",0.975,146977.970526119
"4513","DE","15-34",2025-03-27,2025-03-30,1,"mean",NA,302195.649868974
"4514","DE","15-34",2025-03-27,2025-03-30,1,"quantile",0.025,239125.486714668
"4515","DE","15-34",2025-03-27,2025-03-30,1,"quantile",0.1,258966.919392824
"4516","DE","15-34",2025-03-27,2025-03-30,1,"quantile",0.25,277785.266096463
"4517","DE","15-34",2025-03-27,2025-03-30,1,"quantile",0.5,299940.787788175
"4518","DE","15-34",2025-03-27,2025-03-30,1,"quantile",0.75,324423.298421588
"4519","DE","15-34",2025-03-27,2025-03-30,1,"quantile",0.9,348142.722733531
"4520","DE","15-34",2025-03-27,2025-03-30,1,"quantile",0.975,376726.21362401
"4521","DE","15-34",2025-03-27,2025-04-06,2,"mean",NA,287222.231614763
"4522","DE","15-34",2025-03-27,2025-04-06,2,"quantile",0.025,215584.256433333
"4523","DE","15-34",2025-03-27,2025-04-06,2,"quantile",0.1,238173.703093614
"4524","DE","15-34",2025-03-27,2025-04-06,2,"quantile",0.25,259265.261679834
"4525","DE","15-34",2025-03-27,2025-04-06,2,"quantile",0.5,283821.642994452
"4526","DE","15-34",2025-03-27,2025-04-06,2,"quantile",0.75,312478.975529128
"4527","DE","15-34",2025-03-27,2025-04-06,2,"quantile",0.9,340765.278670129
"4528","DE","15-34",2025-03-27,2025-04-06,2,"quantile",0.975,375851.505504889
"4529","DE","15-34",2025-03-27,2025-04-13,3,"mean",NA,262124.207146926
"4530","DE","15-34",2025-03-27,2025-04-13,3,"quantile",0.025,189935.941704686
"4531","DE","15-34",2025-03-27,2025-04-13,3,"quantile",0.1,211826.205653025
"4532","DE","15-34",2025-03-27,2025-04-13,3,"quantile",0.25,234179.887396152
"4533","DE","15-34",2025-03-27,2025-04-13,3,"quantile",0.5,258189.009519238
"4534","DE","15-34",2025-03-27,2025-04-13,3,"quantile",0.75,288325.797018971
"4535","DE","15-34",2025-03-27,2025-04-13,3,"quantile",0.9,317030.136933102
"4536","DE","15-34",2025-03-27,2025-04-13,3,"quantile",0.975,351575.740974077
"4537","DE","15-34",2025-03-27,2025-04-20,4,"mean",NA,230050.932520515
"4538","DE","15-34",2025-03-27,2025-04-20,4,"quantile",0.025,164783.774991834
"4539","DE","15-34",2025-03-27,2025-04-20,4,"quantile",0.1,183726.802943374
"4540","DE","15-34",2025-03-27,2025-04-20,4,"quantile",0.25,203529.607583603
"4541","DE","15-34",2025-03-27,2025-04-20,4,"quantile",0.5,226655.390797028
"4542","DE","15-34",2025-03-27,2025-04-20,4,"quantile",0.75,253924.225962473
"4543","DE","15-34",2025-03-27,2025-04-20,4,"quantile",0.9,279109.723253902
"4544","DE","15-34",2025-03-27,2025-04-20,4,"quantile",0.975,312518.830659886
"4545","DE","35-59",2025-03-27,2025-03-30,1,"mean",NA,368807.512179662
"4546","DE","35-59",2025-03-27,2025-03-30,1,"quantile",0.025,286557.2583466
"4547","DE","35-59",2025-03-27,2025-03-30,1,"quantile",0.1,311996.204019417
"4548","DE","35-59",2025-03-27,2025-03-30,1,"quantile",0.25,337421.734527334
"4549","DE","35-59",2025-03-27,2025-03-30,1,"quantile",0.5,365013.445114287
"4550","DE","35-59",2025-03-27,2025-03-30,1,"quantile",0.75,398106.514025087
"4551","DE","35-59",2025-03-27,2025-03-30,1,"quantile",0.9,428752.586611135
"4552","DE","35-59",2025-03-27,2025-03-30,1,"quantile",0.975,468830.755665704
"4553","DE","35-59",2025-03-27,2025-04-06,2,"mean",NA,357888.367794267
"4554","DE","35-59",2025-03-27,2025-04-06,2,"quantile",0.025,258533.475624509
"4555","DE","35-59",2025-03-27,2025-04-06,2,"quantile",0.1,287425.059397867
"4556","DE","35-59",2025-03-27,2025-04-06,2,"quantile",0.25,317143.887006801
"4557","DE","35-59",2025-03-27,2025-04-06,2,"quantile",0.5,353316.219850452
"4558","DE","35-59",2025-03-27,2025-04-06,2,"quantile",0.75,393885.354933051
"4559","DE","35-59",2025-03-27,2025-04-06,2,"quantile",0.9,431692.734494836
"4560","DE","35-59",2025-03-27,2025-04-06,2,"quantile",0.975,487498.084493244
"4561","DE","35-59",2025-03-27,2025-04-13,3,"mean",NA,308800.567133679
"4562","DE","35-59",2025-03-27,2025-04-13,3,"quantile",0.025,210078.355147043
"4563","DE","35-59",2025-03-27,2025-04-13,3,"quantile",0.1,237826.560226698
"4564","DE","35-59",2025-03-27,2025-04-13,3,"quantile",0.25,267110.199504893
"4565","DE","35-59",2025-03-27,2025-04-13,3,"quantile",0.5,302530.368547166
"4566","DE","35-59",2025-03-27,2025-04-13,3,"quantile",0.75,344418.455321594
"4567","DE","35-59",2025-03-27,2025-04-13,3,"quantile",0.9,385231.410644945
"4568","DE","35-59",2025-03-27,2025-04-13,3,"quantile",0.975,440671.432630385
"4569","DE","35-59",2025-03-27,2025-04-20,4,"mean",NA,262825.542146025
"4570","DE","35-59",2025-03-27,2025-04-20,4,"quantile",0.025,172964.586406575
"4571","DE","35-59",2025-03-27,2025-04-20,4,"quantile",0.1,198473.70229037
"4572","DE","35-59",2025-03-27,2025-04-20,4,"quantile",0.25,224917.826977506
"4573","DE","35-59",2025-03-27,2025-04-20,4,"quantile",0.5,257336.904349482
"4574","DE","35-59",2025-03-27,2025-04-20,4,"quantile",0.75,296234.713434557
"4575","DE","35-59",2025-03-27,2025-04-20,4,"quantile",0.9,333112.835654285
"4576","DE","35-59",2025-03-27,2025-04-20,4,"quantile",0.975,381385.790759743
"4577","DE","60+",2025-03-27,2025-03-30,1,"mean",NA,145925.416711223
"4578","DE","60+",2025-03-27,2025-03-30,1,"quantile",0.025,114648.670598741
"4579","DE","60+",2025-03-27,2025-03-30,1,"quantile",0.1,124087.250366043
"4580","DE","60+",2025-03-27,2025-03-30,1,"quantile",0.25,133628.188712477
"4581","DE","60+",2025-03-27,2025-03-30,1,"quantile",0.5,144703.924789109
"4582","DE","60+",2025-03-27,2025-03-30,1,"quantile",0.75,157195.367127912
"4583","DE","60+",2025-03-27,2025-03-30,1,"quantile",0.9,168646.054911583
"4584","DE","60+",2025-03-27,2025-03-30,1,"quantile",0.975,182656.485119529
"4585","DE","60+",2025-03-27,2025-04-06,2,"mean",NA,149873.211285349
"4586","DE","60+",2025-03-27,2025-04-06,2,"quantile",0.025,109038.26127042
"4587","DE","60+",2025-03-27,2025-04-06,2,"quantile",0.1,121702.51908492
"4588","DE","60+",2025-03-27,2025-04-06,2,"quantile",0.25,133015.085820882
"4589","DE","60+",2025-03-27,2025-04-06,2,"quantile",0.5,147787.026940788
"4590","DE","60+",2025-03-27,2025-04-06,2,"quantile",0.75,164491.023668744
"4591","DE","60+",2025-03-27,2025-04-06,2,"quantile",0.9,181446.388727908
"4592","DE","60+",2025-03-27,2025-04-06,2,"quantile",0.975,201360.154840916
"4593","DE","60+",2025-03-27,2025-04-13,3,"mean",NA,131127.216225692
"4594","DE","60+",2025-03-27,2025-04-13,3,"quantile",0.025,90698.9547437712
"4595","DE","60+",2025-03-27,2025-04-13,3,"quantile",0.1,102517.245527191
"4596","DE","60+",2025-03-27,2025-04-13,3,"quantile",0.25,114254.022700984
"4597","DE","60+",2025-03-27,2025-04-13,3,"quantile",0.5,128691.547365169
"4598","DE","60+",2025-03-27,2025-04-13,3,"quantile",0.75,145422.174025084
"4599","DE","60+",2025-03-27,2025-04-13,3,"quantile",0.9,163318.508747882
"4600","DE","60+",2025-03-27,2025-04-13,3,"quantile",0.975,185218.624442269
"4601","DE","60+",2025-03-27,2025-04-20,4,"mean",NA,112135.175276636
"4602","DE","60+",2025-03-27,2025-04-20,4,"quantile",0.025,75464.2603071533
"4603","DE","60+",2025-03-27,2025-04-20,4,"quantile",0.1,85431.9714306922
"4604","DE","60+",2025-03-27,2025-04-20,4,"quantile",0.25,96350.846247466
"4605","DE","60+",2025-03-27,2025-04-20,4,"quantile",0.5,110001.323072209
"4606","DE","60+",2025-03-27,2025-04-20,4,"quantile",0.75,125974.67487556
"4607","DE","60+",2025-03-27,2025-04-20,4,"quantile",0.9,140946.040694889
"4608","DE","60+",2025-03-27,2025-04-20,4,"quantile",0.975,161701.946911344
"4609","DE","00+",2025-04-03,2025-04-06,1,"mean",NA,1115976.4001254
"4610","DE","00+",2025-04-03,2025-04-06,1,"quantile",0.025,909000.526661899
"4611","DE","00+",2025-04-03,2025-04-06,1,"quantile",0.1,975226.402286955
"4612","DE","00+",2025-04-03,2025-04-06,1,"quantile",0.25,1035608.22831125
"4613","DE","00+",2025-04-03,2025-04-06,1,"quantile",0.5,1111122.83621111
"4614","DE","00+",2025-04-03,2025-04-06,1,"quantile",0.75,1189381.94262435
"4615","DE","00+",2025-04-03,2025-04-06,1,"quantile",0.9,1265273.14967951
"4616","DE","00+",2025-04-03,2025-04-06,1,"quantile",0.975,1351855.88979232
"4617","DE","00+",2025-04-03,2025-04-13,2,"mean",NA,1006703.14633442
"4618","DE","00+",2025-04-03,2025-04-13,2,"quantile",0.025,772768.800208458
"4619","DE","00+",2025-04-03,2025-04-13,2,"quantile",0.1,844457.170953246
"4620","DE","00+",2025-04-03,2025-04-13,2,"quantile",0.25,913868.021611932
"4621","DE","00+",2025-04-03,2025-04-13,2,"quantile",0.5,998622.294986756
"4622","DE","00+",2025-04-03,2025-04-13,2,"quantile",0.75,1090184.16089538
"4623","DE","00+",2025-04-03,2025-04-13,2,"quantile",0.9,1177911.87511611
"4624","DE","00+",2025-04-03,2025-04-13,2,"quantile",0.975,1285139.02692558
"4625","DE","00+",2025-04-03,2025-04-20,3,"mean",NA,874421.808977918
"4626","DE","00+",2025-04-03,2025-04-20,3,"quantile",0.025,644872.071231901
"4627","DE","00+",2025-04-03,2025-04-20,3,"quantile",0.1,713559.634448197
"4628","DE","00+",2025-04-03,2025-04-20,3,"quantile",0.25,782552.817208127
"4629","DE","00+",2025-04-03,2025-04-20,3,"quantile",0.5,864970.252445932
"4630","DE","00+",2025-04-03,2025-04-20,3,"quantile",0.75,955898.35956844
"4631","DE","00+",2025-04-03,2025-04-20,3,"quantile",0.9,1046610.78555122
"4632","DE","00+",2025-04-03,2025-04-20,3,"quantile",0.975,1153217.92490719
"4633","DE","00+",2025-04-03,2025-04-27,4,"mean",NA,849615.552936843
"4634","DE","00+",2025-04-03,2025-04-27,4,"quantile",0.025,614732.379596391
"4635","DE","00+",2025-04-03,2025-04-27,4,"quantile",0.1,679890.429615267
"4636","DE","00+",2025-04-03,2025-04-27,4,"quantile",0.25,753462.624840562
"4637","DE","00+",2025-04-03,2025-04-27,4,"quantile",0.5,842663.941749951
"4638","DE","00+",2025-04-03,2025-04-27,4,"quantile",0.75,935145.578016351
"4639","DE","00+",2025-04-03,2025-04-27,4,"quantile",0.9,1029582.54311838
"4640","DE","00+",2025-04-03,2025-04-27,4,"quantile",0.975,1134919.03563922
"4641","DE","00-04",2025-04-03,2025-04-06,1,"mean",NA,171291.17981813
"4642","DE","00-04",2025-04-03,2025-04-06,1,"quantile",0.025,147942.127942533
"4643","DE","00-04",2025-04-03,2025-04-06,1,"quantile",0.1,155402.178738045
"4644","DE","00-04",2025-04-03,2025-04-06,1,"quantile",0.25,162609.352211091
"4645","DE","00-04",2025-04-03,2025-04-06,1,"quantile",0.5,170913.365244479
"4646","DE","00-04",2025-04-03,2025-04-06,1,"quantile",0.75,179664.157740897
"4647","DE","00-04",2025-04-03,2025-04-06,1,"quantile",0.9,187225.743388267
"4648","DE","00-04",2025-04-03,2025-04-06,1,"quantile",0.975,197172.24633869
"4649","DE","00-04",2025-04-03,2025-04-13,2,"mean",NA,159509.820272428
"4650","DE","00-04",2025-04-03,2025-04-13,2,"quantile",0.025,132807.127837799
"4651","DE","00-04",2025-04-03,2025-04-13,2,"quantile",0.1,142220.325904186
"4652","DE","00-04",2025-04-03,2025-04-13,2,"quantile",0.25,149328.216387821
"4653","DE","00-04",2025-04-03,2025-04-13,2,"quantile",0.5,158768.046261117
"4654","DE","00-04",2025-04-03,2025-04-13,2,"quantile",0.75,168918.171756424
"4655","DE","00-04",2025-04-03,2025-04-13,2,"quantile",0.9,178212.46284805
"4656","DE","00-04",2025-04-03,2025-04-13,2,"quantile",0.975,189901.927639749
"4657","DE","00-04",2025-04-03,2025-04-20,3,"mean",NA,143823.169041869
"4658","DE","00-04",2025-04-03,2025-04-20,3,"quantile",0.025,117267.865400925
"4659","DE","00-04",2025-04-03,2025-04-20,3,"quantile",0.1,125388.583270198
"4660","DE","00-04",2025-04-03,2025-04-20,3,"quantile",0.25,133391.944742389
"4661","DE","00-04",2025-04-03,2025-04-20,3,"quantile",0.5,143002.979920549
"4662","DE","00-04",2025-04-03,2025-04-20,3,"quantile",0.75,153309.883018447
"4663","DE","00-04",2025-04-03,2025-04-20,3,"quantile",0.9,163088.54171485
"4664","DE","00-04",2025-04-03,2025-04-20,3,"quantile",0.975,176066.640875359
"4665","DE","00-04",2025-04-03,2025-04-27,4,"mean",NA,145557.356543679
"4666","DE","00-04",2025-04-03,2025-04-27,4,"quantile",0.025,116939.088486308
"4667","DE","00-04",2025-04-03,2025-04-27,4,"quantile",0.1,125749.338085179
"4668","DE","00-04",2025-04-03,2025-04-27,4,"quantile",0.25,134109.90618498
"4669","DE","00-04",2025-04-03,2025-04-27,4,"quantile",0.5,144847.311316966
"4670","DE","00-04",2025-04-03,2025-04-27,4,"quantile",0.75,155547.534307632
"4671","DE","00-04",2025-04-03,2025-04-27,4,"quantile",0.9,166213.152985547
"4672","DE","00-04",2025-04-03,2025-04-27,4,"quantile",0.975,179101.978224277
"4673","DE","05-14",2025-04-03,2025-04-06,1,"mean",NA,130150.110961455
"4674","DE","05-14",2025-04-03,2025-04-06,1,"quantile",0.025,103730.362039548
"4675","DE","05-14",2025-04-03,2025-04-06,1,"quantile",0.1,112010.230425245
"4676","DE","05-14",2025-04-03,2025-04-06,1,"quantile",0.25,119787.675961148
"4677","DE","05-14",2025-04-03,2025-04-06,1,"quantile",0.5,129282.927003126
"4678","DE","05-14",2025-04-03,2025-04-06,1,"quantile",0.75,139793.218721168
"4679","DE","05-14",2025-04-03,2025-04-06,1,"quantile",0.9,149458.248338383
"4680","DE","05-14",2025-04-03,2025-04-06,1,"quantile",0.975,161311.491489556
"4681","DE","05-14",2025-04-03,2025-04-13,2,"mean",NA,125582.229794684
"4682","DE","05-14",2025-04-03,2025-04-13,2,"quantile",0.025,93800.4147083873
"4683","DE","05-14",2025-04-03,2025-04-13,2,"quantile",0.1,103063.931297629
"4684","DE","05-14",2025-04-03,2025-04-13,2,"quantile",0.25,112812.304938141
"4685","DE","05-14",2025-04-03,2025-04-13,2,"quantile",0.5,124365.454581541
"4686","DE","05-14",2025-04-03,2025-04-13,2,"quantile",0.75,136977.809836822
"4687","DE","05-14",2025-04-03,2025-04-13,2,"quantile",0.9,149334.368861462
"4688","DE","05-14",2025-04-03,2025-04-13,2,"quantile",0.975,164705.674480146
"4689","DE","05-14",2025-04-03,2025-04-20,3,"mean",NA,112753.14380242
"4690","DE","05-14",2025-04-03,2025-04-20,3,"quantile",0.025,80905.8457822737
"4691","DE","05-14",2025-04-03,2025-04-20,3,"quantile",0.1,90199.5131510855
"4692","DE","05-14",2025-04-03,2025-04-20,3,"quantile",0.25,99896.5837465649
"4693","DE","05-14",2025-04-03,2025-04-20,3,"quantile",0.5,111441.891841221
"4694","DE","05-14",2025-04-03,2025-04-20,3,"quantile",0.75,124463.446852108
"4695","DE","05-14",2025-04-03,2025-04-20,3,"quantile",0.9,136516.541932579
"4696","DE","05-14",2025-04-03,2025-04-20,3,"quantile",0.975,152440.12064423
"4697","DE","05-14",2025-04-03,2025-04-27,4,"mean",NA,111842.650808057
"4698","DE","05-14",2025-04-03,2025-04-27,4,"quantile",0.025,79319.5470598855
"4699","DE","05-14",2025-04-03,2025-04-27,4,"quantile",0.1,88145.375868548
"4700","DE","05-14",2025-04-03,2025-04-27,4,"quantile",0.25,98325.6989490868
"4701","DE","05-14",2025-04-03,2025-04-27,4,"quantile",0.5,110618.010759133
"4702","DE","05-14",2025-04-03,2025-04-27,4,"quantile",0.75,123908.971342723
"4703","DE","05-14",2025-04-03,2025-04-27,4,"quantile",0.9,136827.1298371
"4704","DE","05-14",2025-04-03,2025-04-27,4,"quantile",0.975,152629.416446463
"4705","DE","15-34",2025-04-03,2025-04-06,1,"mean",NA,297959.18016007
"4706","DE","15-34",2025-04-03,2025-04-06,1,"quantile",0.025,235762.043095528
"4707","DE","15-34",2025-04-03,2025-04-06,1,"quantile",0.1,254788.490721527
"4708","DE","15-34",2025-04-03,2025-04-06,1,"quantile",0.25,273730.570955815
"4709","DE","15-34",2025-04-03,2025-04-06,1,"quantile",0.5,296697.212633378
"4710","DE","15-34",2025-04-03,2025-04-06,1,"quantile",0.75,320144.565229047
"4711","DE","15-34",2025-04-03,2025-04-06,1,"quantile",0.9,342033.723220804
"4712","DE","15-34",2025-04-03,2025-04-06,1,"quantile",0.975,371203.590135913
"4713","DE","15-34",2025-04-03,2025-04-13,2,"mean",NA,271478.938786562
"4714","DE","15-34",2025-04-03,2025-04-13,2,"quantile",0.025,204385.991313989
"4715","DE","15-34",2025-04-03,2025-04-13,2,"quantile",0.1,225743.910203777
"4716","DE","15-34",2025-04-03,2025-04-13,2,"quantile",0.25,244445.428941502
"4717","DE","15-34",2025-04-03,2025-04-13,2,"quantile",0.5,268425.41346715
"4718","DE","15-34",2025-04-03,2025-04-13,2,"quantile",0.75,295456.225653521
"4719","DE","15-34",2025-04-03,2025-04-13,2,"quantile",0.9,320851.359040922
"4720","DE","15-34",2025-04-03,2025-04-13,2,"quantile",0.975,354704.229741965
"4721","DE","15-34",2025-04-03,2025-04-20,3,"mean",NA,235713.694038141
"4722","DE","15-34",2025-04-03,2025-04-20,3,"quantile",0.025,171186.921420086
"4723","DE","15-34",2025-04-03,2025-04-20,3,"quantile",0.1,190261.0119163
"4724","DE","15-34",2025-04-03,2025-04-20,3,"quantile",0.25,208922.668080382
"4725","DE","15-34",2025-04-03,2025-04-20,3,"quantile",0.5,232355.527630458
"4726","DE","15-34",2025-04-03,2025-04-20,3,"quantile",0.75,259138.053958063
"4727","DE","15-34",2025-04-03,2025-04-20,3,"quantile",0.9,284057.700420966
"4728","DE","15-34",2025-04-03,2025-04-20,3,"quantile",0.975,321171.669046496
"4729","DE","15-34",2025-04-03,2025-04-27,4,"mean",NA,233151.408646358
"4730","DE","15-34",2025-04-03,2025-04-27,4,"quantile",0.025,166262.960726533
"4731","DE","15-34",2025-04-03,2025-04-27,4,"quantile",0.1,185623.854284737
"4732","DE","15-34",2025-04-03,2025-04-27,4,"quantile",0.25,205239.501382164
"4733","DE","15-34",2025-04-03,2025-04-27,4,"quantile",0.5,230260.025288071
"4734","DE","15-34",2025-04-03,2025-04-27,4,"quantile",0.75,257188.688872277
"4735","DE","15-34",2025-04-03,2025-04-27,4,"quantile",0.9,283641.526459493
"4736","DE","15-34",2025-04-03,2025-04-27,4,"quantile",0.975,318670.375541258
"4737","DE","35-59",2025-04-03,2025-04-06,1,"mean",NA,364490.503413095
"4738","DE","35-59",2025-04-03,2025-04-06,1,"quantile",0.025,283726.432031112
"4739","DE","35-59",2025-04-03,2025-04-06,1,"quantile",0.1,309070.687202995
"4740","DE","35-59",2025-04-03,2025-04-06,1,"quantile",0.25,332197.416746145
"4741","DE","35-59",2025-04-03,2025-04-06,1,"quantile",0.5,362013.777238279
"4742","DE","35-59",2025-04-03,2025-04-06,1,"quantile",0.75,393058.850597042
"4743","DE","35-59",2025-04-03,2025-04-06,1,"quantile",0.9,424004.843512225
"4744","DE","35-59",2025-04-03,2025-04-06,1,"quantile",0.975,460924.868402546
"4745","DE","35-59",2025-04-03,2025-04-13,2,"mean",NA,314539.112737326
"4746","DE","35-59",2025-04-03,2025-04-13,2,"quantile",0.025,226393.474906075
"4747","DE","35-59",2025-04-03,2025-04-13,2,"quantile",0.1,252391.203238395
"4748","DE","35-59",2025-04-03,2025-04-13,2,"quantile",0.25,277786.215647506
"4749","DE","35-59",2025-04-03,2025-04-13,2,"quantile",0.5,310738.203023464
"4750","DE","35-59",2025-04-03,2025-04-13,2,"quantile",0.75,346878.581589131
"4751","DE","35-59",2025-04-03,2025-04-13,2,"quantile",0.9,380935.916229836
"4752","DE","35-59",2025-04-03,2025-04-13,2,"quantile",0.975,424792.519991376
"4753","DE","35-59",2025-04-03,2025-04-20,3,"mean",NA,266755.730943
"4754","DE","35-59",2025-04-03,2025-04-20,3,"quantile",0.025,181412.84199677
"4755","DE","35-59",2025-04-03,2025-04-20,3,"quantile",0.1,206027.621503058
"4756","DE","35-59",2025-04-03,2025-04-20,3,"quantile",0.25,231331.199307312
"4757","DE","35-59",2025-04-03,2025-04-20,3,"quantile",0.5,262445.232089851
"4758","DE","35-59",2025-04-03,2025-04-20,3,"quantile",0.75,296552.736753611
"4759","DE","35-59",2025-04-03,2025-04-20,3,"quantile",0.9,333548.130795034
"4760","DE","35-59",2025-04-03,2025-04-20,3,"quantile",0.975,376089.858945984
"4761","DE","35-59",2025-04-03,2025-04-27,4,"mean",NA,255520.56923359
"4762","DE","35-59",2025-04-03,2025-04-27,4,"quantile",0.025,169018.695356372
"4763","DE","35-59",2025-04-03,2025-04-27,4,"quantile",0.1,192695.369488175
"4764","DE","35-59",2025-04-03,2025-04-27,4,"quantile",0.25,218927.623715113
"4765","DE","35-59",2025-04-03,2025-04-27,4,"quantile",0.5,251953.143202348
"4766","DE","35-59",2025-04-03,2025-04-27,4,"quantile",0.75,287313.654368936
"4767","DE","35-59",2025-04-03,2025-04-27,4,"quantile",0.9,324178.841399894
"4768","DE","35-59",2025-04-03,2025-04-27,4,"quantile",0.975,365913.579135568
"4769","DE","60+",2025-04-03,2025-04-06,1,"mean",NA,164258.353614753
"4770","DE","60+",2025-04-03,2025-04-06,1,"quantile",0.025,128433.239817561
"4771","DE","60+",2025-04-03,2025-04-06,1,"quantile",0.1,139263.02860926
"4772","DE","60+",2025-04-03,2025-04-06,1,"quantile",0.25,150514.600179912
"4773","DE","60+",2025-04-03,2025-04-06,1,"quantile",0.5,163167.751121087
"4774","DE","60+",2025-04-03,2025-04-06,1,"quantile",0.75,176811.129771294
"4775","DE","60+",2025-04-03,2025-04-06,1,"quantile",0.9,189871.086671081
"4776","DE","60+",2025-04-03,2025-04-06,1,"quantile",0.975,206802.824946945
"4777","DE","60+",2025-04-03,2025-04-13,2,"mean",NA,143410.393263783
"4778","DE","60+",2025-04-03,2025-04-13,2,"quantile",0.025,103910.536081964
"4779","DE","60+",2025-04-03,2025-04-13,2,"quantile",0.1,116514.047993089
"4780","DE","60+",2025-04-03,2025-04-13,2,"quantile",0.25,127367.700124097
"4781","DE","60+",2025-04-03,2025-04-13,2,"quantile",0.5,141553.788592986
"4782","DE","60+",2025-04-03,2025-04-13,2,"quantile",0.75,157363.752948557
"4783","DE","60+",2025-04-03,2025-04-13,2,"quantile",0.9,172873.598106058
"4784","DE","60+",2025-04-03,2025-04-13,2,"quantile",0.975,192662.641654577
"4785","DE","60+",2025-04-03,2025-04-20,3,"mean",NA,119870.165067011
"4786","DE","60+",2025-04-03,2025-04-20,3,"quantile",0.025,83100.3684972619
"4787","DE","60+",2025-04-03,2025-04-20,3,"quantile",0.1,93213.4141531436
"4788","DE","60+",2025-04-03,2025-04-20,3,"quantile",0.25,104024.037610568
"4789","DE","60+",2025-04-03,2025-04-20,3,"quantile",0.5,117848.866114692
"4790","DE","60+",2025-04-03,2025-04-20,3,"quantile",0.75,133339.448642183
"4791","DE","60+",2025-04-03,2025-04-20,3,"quantile",0.9,149084.967681173
"4792","DE","60+",2025-04-03,2025-04-20,3,"quantile",0.975,170246.917370458
"4793","DE","60+",2025-04-03,2025-04-27,4,"mean",NA,104802.476889945
"4794","DE","60+",2025-04-03,2025-04-27,4,"quantile",0.025,70158.6462467242
"4795","DE","60+",2025-04-03,2025-04-27,4,"quantile",0.1,79941.8694597641
"4796","DE","60+",2025-04-03,2025-04-27,4,"quantile",0.25,89651.4285708162
"4797","DE","60+",2025-04-03,2025-04-27,4,"quantile",0.5,102880.444722289
"4798","DE","60+",2025-04-03,2025-04-27,4,"quantile",0.75,117324.008217791
"4799","DE","60+",2025-04-03,2025-04-27,4,"quantile",0.9,131929.53574578
"4800","DE","60+",2025-04-03,2025-04-27,4,"quantile",0.975,151468.423619606
"4801","DE","00+",2025-04-10,2025-04-13,1,"mean",NA,1052469.61841557
"4802","DE","00+",2025-04-10,2025-04-13,1,"quantile",0.025,857694.939005532
"4803","DE","00+",2025-04-10,2025-04-13,1,"quantile",0.1,919726.250257065
"4804","DE","00+",2025-04-10,2025-04-13,1,"quantile",0.25,977721.203705144
"4805","DE","00+",2025-04-10,2025-04-13,1,"quantile",0.5,1048744.44398558
"4806","DE","00+",2025-04-10,2025-04-13,1,"quantile",0.75,1119641.58429509
"4807","DE","00+",2025-04-10,2025-04-13,1,"quantile",0.9,1194390.31159336
"4808","DE","00+",2025-04-10,2025-04-13,1,"quantile",0.975,1274518.7249108
"4809","DE","00+",2025-04-10,2025-04-20,2,"mean",NA,912181.341732133
"4810","DE","00+",2025-04-10,2025-04-20,2,"quantile",0.025,705357.597733407
"4811","DE","00+",2025-04-10,2025-04-20,2,"quantile",0.1,764285.080033954
"4812","DE","00+",2025-04-10,2025-04-20,2,"quantile",0.25,829126.312752757
"4813","DE","00+",2025-04-10,2025-04-20,2,"quantile",0.5,905648.735889502
"4814","DE","00+",2025-04-10,2025-04-20,2,"quantile",0.75,986822.642008077
"4815","DE","00+",2025-04-10,2025-04-20,2,"quantile",0.9,1066395.17517162
"4816","DE","00+",2025-04-10,2025-04-20,2,"quantile",0.975,1164687.5469627
"4817","DE","00+",2025-04-10,2025-04-27,3,"mean",NA,874983.82498685
"4818","DE","00+",2025-04-10,2025-04-27,3,"quantile",0.025,650930.087485514
"4819","DE","00+",2025-04-10,2025-04-27,3,"quantile",0.1,716352.087132496
"4820","DE","00+",2025-04-10,2025-04-27,3,"quantile",0.25,783759.136610085
"4821","DE","00+",2025-04-10,2025-04-27,3,"quantile",0.5,865069.154716763
"4822","DE","00+",2025-04-10,2025-04-27,3,"quantile",0.75,955432.787667131
"4823","DE","00+",2025-04-10,2025-04-27,3,"quantile",0.9,1047448.45951864
"4824","DE","00+",2025-04-10,2025-04-27,3,"quantile",0.975,1151888.32747787
"4825","DE","00+",2025-04-10,2025-05-04,4,"mean",NA,716970.020157788
"4826","DE","00+",2025-04-10,2025-05-04,4,"quantile",0.025,521296.053170365
"4827","DE","00+",2025-04-10,2025-05-04,4,"quantile",0.1,578631.920522582
"4828","DE","00+",2025-04-10,2025-05-04,4,"quantile",0.25,635067.191981537
"4829","DE","00+",2025-04-10,2025-05-04,4,"quantile",0.5,705913.3694906
"4830","DE","00+",2025-04-10,2025-05-04,4,"quantile",0.75,788193.621722611
"4831","DE","00+",2025-04-10,2025-05-04,4,"quantile",0.9,867247.228500779
"4832","DE","00+",2025-04-10,2025-05-04,4,"quantile",0.975,970983.31079564
"4833","DE","00-04",2025-04-10,2025-04-13,1,"mean",NA,160583.33297875
"4834","DE","00-04",2025-04-10,2025-04-13,1,"quantile",0.025,138890.982081423
"4835","DE","00-04",2025-04-10,2025-04-13,1,"quantile",0.1,146022.698965227
"4836","DE","00-04",2025-04-10,2025-04-13,1,"quantile",0.25,152639.296247427
"4837","DE","00-04",2025-04-10,2025-04-13,1,"quantile",0.5,160002.612573581
"4838","DE","00-04",2025-04-10,2025-04-13,1,"quantile",0.75,168287.161208708
"4839","DE","00-04",2025-04-10,2025-04-13,1,"quantile",0.9,175468.150433154
"4840","DE","00-04",2025-04-10,2025-04-13,1,"quantile",0.975,184577.923706119
"4841","DE","00-04",2025-04-10,2025-04-20,2,"mean",NA,144765.442043371
"4842","DE","00-04",2025-04-10,2025-04-20,2,"quantile",0.025,120907.581159036
"4843","DE","00-04",2025-04-10,2025-04-20,2,"quantile",0.1,128480.564761068
"4844","DE","00-04",2025-04-10,2025-04-20,2,"quantile",0.25,135650.921969494
"4845","DE","00-04",2025-04-10,2025-04-20,2,"quantile",0.5,144106.062952723
"4846","DE","00-04",2025-04-10,2025-04-20,2,"quantile",0.75,153184.157360894
"4847","DE","00-04",2025-04-10,2025-04-20,2,"quantile",0.9,162034.813301662
"4848","DE","00-04",2025-04-10,2025-04-20,2,"quantile",0.975,171605.176543185
"4849","DE","00-04",2025-04-10,2025-04-27,3,"mean",NA,146533.380098022
"4850","DE","00-04",2025-04-10,2025-04-27,3,"quantile",0.025,119375.388882358
"4851","DE","00-04",2025-04-10,2025-04-27,3,"quantile",0.1,127908.660666145
"4852","DE","00-04",2025-04-10,2025-04-27,3,"quantile",0.25,136243.493666503
"4853","DE","00-04",2025-04-10,2025-04-27,3,"quantile",0.5,145719.854713355
"4854","DE","00-04",2025-04-10,2025-04-27,3,"quantile",0.75,156103.762193807
"4855","DE","00-04",2025-04-10,2025-04-27,3,"quantile",0.9,166066.656866263
"4856","DE","00-04",2025-04-10,2025-04-27,3,"quantile",0.975,178343.728295456
"4857","DE","00-04",2025-04-10,2025-05-04,4,"mean",NA,118173.42001644
"4858","DE","00-04",2025-04-10,2025-05-04,4,"quantile",0.025,95139.6012484685
"4859","DE","00-04",2025-04-10,2025-05-04,4,"quantile",0.1,102099.453295785
"4860","DE","00-04",2025-04-10,2025-05-04,4,"quantile",0.25,109134.537193135
"4861","DE","00-04",2025-04-10,2025-05-04,4,"quantile",0.5,117468.582254079
"4862","DE","00-04",2025-04-10,2025-05-04,4,"quantile",0.75,126308.025720258
"4863","DE","00-04",2025-04-10,2025-05-04,4,"quantile",0.9,135036.609293938
"4864","DE","00-04",2025-04-10,2025-05-04,4,"quantile",0.975,145213.683493034
"4865","DE","05-14",2025-04-10,2025-04-13,1,"mean",NA,137244.979062568
"4866","DE","05-14",2025-04-10,2025-04-13,1,"quantile",0.025,108889.638157809
"4867","DE","05-14",2025-04-10,2025-04-13,1,"quantile",0.1,117853.628638082
"4868","DE","05-14",2025-04-10,2025-04-13,1,"quantile",0.25,126226.349235356
"4869","DE","05-14",2025-04-10,2025-04-13,1,"quantile",0.5,136641.708616919
"4870","DE","05-14",2025-04-10,2025-04-13,1,"quantile",0.75,147017.675594789
"4871","DE","05-14",2025-04-10,2025-04-13,1,"quantile",0.9,157885.195380294
"4872","DE","05-14",2025-04-10,2025-04-13,1,"quantile",0.975,169432.464841727
"4873","DE","05-14",2025-04-10,2025-04-20,2,"mean",NA,121973.084206082
"4874","DE","05-14",2025-04-10,2025-04-20,2,"quantile",0.025,91573.9413225698
"4875","DE","05-14",2025-04-10,2025-04-20,2,"quantile",0.1,100382.269625161
"4876","DE","05-14",2025-04-10,2025-04-20,2,"quantile",0.25,109575.029068703
"4877","DE","05-14",2025-04-10,2025-04-20,2,"quantile",0.5,120953.35738642
"4878","DE","05-14",2025-04-10,2025-04-20,2,"quantile",0.75,132699.645147463
"4879","DE","05-14",2025-04-10,2025-04-20,2,"quantile",0.9,144864.93923383
"4880","DE","05-14",2025-04-10,2025-04-20,2,"quantile",0.975,159987.949279731
"4881","DE","05-14",2025-04-10,2025-04-27,3,"mean",NA,117619.36562327
"4882","DE","05-14",2025-04-10,2025-04-27,3,"quantile",0.025,85240.3829193473
"4883","DE","05-14",2025-04-10,2025-04-27,3,"quantile",0.1,94596.3082172919
"4884","DE","05-14",2025-04-10,2025-04-27,3,"quantile",0.25,104022.19434363
"4885","DE","05-14",2025-04-10,2025-04-27,3,"quantile",0.5,116092.954346548
"4886","DE","05-14",2025-04-10,2025-04-27,3,"quantile",0.75,129100.350085132
"4887","DE","05-14",2025-04-10,2025-04-27,3,"quantile",0.9,142890.805569146
"4888","DE","05-14",2025-04-10,2025-04-27,3,"quantile",0.975,158334.914748287
"4889","DE","05-14",2025-04-10,2025-05-04,4,"mean",NA,100082.362269759
"4890","DE","05-14",2025-04-10,2025-05-04,4,"quantile",0.025,71352.4183084959
"4891","DE","05-14",2025-04-10,2025-05-04,4,"quantile",0.1,79746.9564052489
"4892","DE","05-14",2025-04-10,2025-05-04,4,"quantile",0.25,87817.8899686162
"4893","DE","05-14",2025-04-10,2025-05-04,4,"quantile",0.5,98437.4304803713
"4894","DE","05-14",2025-04-10,2025-05-04,4,"quantile",0.75,110492.945394095
"4895","DE","05-14",2025-04-10,2025-05-04,4,"quantile",0.9,122555.815124134
"4896","DE","05-14",2025-04-10,2025-05-04,4,"quantile",0.975,138157.201647377
"4897","DE","15-34",2025-04-10,2025-04-13,1,"mean",NA,296532.25051094
"4898","DE","15-34",2025-04-10,2025-04-13,1,"quantile",0.025,235916.969712381
"4899","DE","15-34",2025-04-10,2025-04-13,1,"quantile",0.1,254534.310232264
"4900","DE","15-34",2025-04-10,2025-04-13,1,"quantile",0.25,273133.236407137
"4901","DE","15-34",2025-04-10,2025-04-13,1,"quantile",0.5,294146.864399258
"4902","DE","15-34",2025-04-10,2025-04-13,1,"quantile",0.75,318563.609165254
"4903","DE","15-34",2025-04-10,2025-04-13,1,"quantile",0.9,340644.912206182
"4904","DE","15-34",2025-04-10,2025-04-13,1,"quantile",0.975,368818.62640631
"4905","DE","15-34",2025-04-10,2025-04-20,2,"mean",NA,255097.742518902
"4906","DE","15-34",2025-04-10,2025-04-20,2,"quantile",0.025,191622.630723725
"4907","DE","15-34",2025-04-10,2025-04-20,2,"quantile",0.1,211661.712966323
"4908","DE","15-34",2025-04-10,2025-04-20,2,"quantile",0.25,229820.055969932
"4909","DE","15-34",2025-04-10,2025-04-20,2,"quantile",0.5,252158.854875359
"4910","DE","15-34",2025-04-10,2025-04-20,2,"quantile",0.75,277689.682546403
"4911","DE","15-34",2025-04-10,2025-04-20,2,"quantile",0.9,302999.786293297
"4912","DE","15-34",2025-04-10,2025-04-20,2,"quantile",0.975,331214.204445456
"4913","DE","15-34",2025-04-10,2025-04-27,3,"mean",NA,247089.14300587
"4914","DE","15-34",2025-04-10,2025-04-27,3,"quantile",0.025,180272.094063934
"4915","DE","15-34",2025-04-10,2025-04-27,3,"quantile",0.1,199994.593273119
"4916","DE","15-34",2025-04-10,2025-04-27,3,"quantile",0.25,220066.291975426
"4917","DE","15-34",2025-04-10,2025-04-27,3,"quantile",0.5,244093.47394519
"4918","DE","15-34",2025-04-10,2025-04-27,3,"quantile",0.75,270831.918833645
"4919","DE","15-34",2025-04-10,2025-04-27,3,"quantile",0.9,297841.459289129
"4920","DE","15-34",2025-04-10,2025-04-27,3,"quantile",0.975,331031.591896439
"4921","DE","15-34",2025-04-10,2025-05-04,4,"mean",NA,204683.045457444
"4922","DE","15-34",2025-04-10,2025-05-04,4,"quantile",0.025,147104.003506494
"4923","DE","15-34",2025-04-10,2025-05-04,4,"quantile",0.1,163343.294302929
"4924","DE","15-34",2025-04-10,2025-05-04,4,"quantile",0.25,180557.733809405
"4925","DE","15-34",2025-04-10,2025-05-04,4,"quantile",0.5,201927.633262704
"4926","DE","15-34",2025-04-10,2025-05-04,4,"quantile",0.75,225569.541650866
"4927","DE","15-34",2025-04-10,2025-05-04,4,"quantile",0.9,249088.422201749
"4928","DE","15-34",2025-04-10,2025-05-04,4,"quantile",0.975,278022.071669266
"4929","DE","35-59",2025-04-10,2025-04-13,1,"mean",NA,322218.655029631
"4930","DE","35-59",2025-04-10,2025-04-13,1,"quantile",0.025,250439.31341921
"4931","DE","35-59",2025-04-10,2025-04-13,1,"quantile",0.1,272889.299585731
"4932","DE","35-59",2025-04-10,2025-04-13,1,"quantile",0.25,293951.139872102
"4933","DE","35-59",2025-04-10,2025-04-13,1,"quantile",0.5,320598.167650567
"4934","DE","35-59",2025-04-10,2025-04-13,1,"quantile",0.75,347565.042580117
"4935","DE","35-59",2025-04-10,2025-04-13,1,"quantile",0.9,374984.513341194
"4936","DE","35-59",2025-04-10,2025-04-13,1,"quantile",0.975,406095.046421423
"4937","DE","35-59",2025-04-10,2025-04-20,2,"mean",NA,273223.426484102
"4938","DE","35-59",2025-04-10,2025-04-20,2,"quantile",0.025,198891.281446323
"4939","DE","35-59",2025-04-10,2025-04-20,2,"quantile",0.1,219539.371177597
"4940","DE","35-59",2025-04-10,2025-04-20,2,"quantile",0.25,242372.344340396
"4941","DE","35-59",2025-04-10,2025-04-20,2,"quantile",0.5,269764.226124301
"4942","DE","35-59",2025-04-10,2025-04-20,2,"quantile",0.75,300350.382847473
"4943","DE","35-59",2025-04-10,2025-04-20,2,"quantile",0.9,330408.501515392
"4944","DE","35-59",2025-04-10,2025-04-20,2,"quantile",0.975,368731.822691954
"4945","DE","35-59",2025-04-10,2025-04-27,3,"mean",NA,259747.021024363
"4946","DE","35-59",2025-04-10,2025-04-27,3,"quantile",0.025,178500.489727252
"4947","DE","35-59",2025-04-10,2025-04-27,3,"quantile",0.1,201553.626433194
"4948","DE","35-59",2025-04-10,2025-04-27,3,"quantile",0.25,225552.290870469
"4949","DE","35-59",2025-04-10,2025-04-27,3,"quantile",0.5,255082.237235602
"4950","DE","35-59",2025-04-10,2025-04-27,3,"quantile",0.75,288573.73773709
"4951","DE","35-59",2025-04-10,2025-04-27,3,"quantile",0.9,324359.618168551
"4952","DE","35-59",2025-04-10,2025-04-27,3,"quantile",0.975,365454.206138674
"4953","DE","35-59",2025-04-10,2025-05-04,4,"mean",NA,213600.553438979
"4954","DE","35-59",2025-04-10,2025-05-04,4,"quantile",0.025,142764.485024308
"4955","DE","35-59",2025-04-10,2025-05-04,4,"quantile",0.1,162739.288459919
"4956","DE","35-59",2025-04-10,2025-05-04,4,"quantile",0.25,182730.797146647
"4957","DE","35-59",2025-04-10,2025-05-04,4,"quantile",0.5,208724.651250566
"4958","DE","35-59",2025-04-10,2025-05-04,4,"quantile",0.75,239590.411489682
"4959","DE","35-59",2025-04-10,2025-05-04,4,"quantile",0.9,270315.493078722
"4960","DE","35-59",2025-04-10,2025-05-04,4,"quantile",0.975,310515.613440446
"4961","DE","60+",2025-04-10,2025-04-13,1,"mean",NA,144606.087993892
"4962","DE","60+",2025-04-10,2025-04-13,1,"quantile",0.025,113833.529340992
"4963","DE","60+",2025-04-10,2025-04-13,1,"quantile",0.1,123447.49740122
"4964","DE","60+",2025-04-10,2025-04-13,1,"quantile",0.25,132467.785162078
"4965","DE","60+",2025-04-10,2025-04-13,1,"quantile",0.5,143333.333415055
"4966","DE","60+",2025-04-10,2025-04-13,1,"quantile",0.75,155628.991093025
"4967","DE","60+",2025-04-10,2025-04-13,1,"quantile",0.9,167074.235726934
"4968","DE","60+",2025-04-10,2025-04-13,1,"quantile",0.975,181810.399272006
"4969","DE","60+",2025-04-10,2025-04-20,2,"mean",NA,120868.296013918
"4970","DE","60+",2025-04-10,2025-04-20,2,"quantile",0.025,88222.6739221883
"4971","DE","60+",2025-04-10,2025-04-20,2,"quantile",0.1,97709.8111477986
"4972","DE","60+",2025-04-10,2025-04-20,2,"quantile",0.25,107439.023269447
"4973","DE","60+",2025-04-10,2025-04-20,2,"quantile",0.5,119188.388571798
"4974","DE","60+",2025-04-10,2025-04-20,2,"quantile",0.75,132870.00675227
"4975","DE","60+",2025-04-10,2025-04-20,2,"quantile",0.9,146348.234002376
"4976","DE","60+",2025-04-10,2025-04-20,2,"quantile",0.975,161734.284367767
"4977","DE","60+",2025-04-10,2025-04-27,3,"mean",NA,105853.740799786
"4978","DE","60+",2025-04-10,2025-04-27,3,"quantile",0.025,72816.2648456679
"4979","DE","60+",2025-04-10,2025-04-27,3,"quantile",0.1,82251.4321189445
"4980","DE","60+",2025-04-10,2025-04-27,3,"quantile",0.25,92257.7484328797
"4981","DE","60+",2025-04-10,2025-04-27,3,"quantile",0.5,104006.757649177
"4982","DE","60+",2025-04-10,2025-04-27,3,"quantile",0.75,117571.087966466
"4983","DE","60+",2025-04-10,2025-04-27,3,"quantile",0.9,131720.052235559
"4984","DE","60+",2025-04-10,2025-04-27,3,"quantile",0.975,149236.777334094
"4985","DE","60+",2025-04-10,2025-05-04,4,"mean",NA,84708.9843474636
"4986","DE","60+",2025-04-10,2025-05-04,4,"quantile",0.025,56798.3490301073
"4987","DE","60+",2025-04-10,2025-05-04,4,"quantile",0.1,64337.506499744
"4988","DE","60+",2025-04-10,2025-05-04,4,"quantile",0.25,72724.7743691724
"4989","DE","60+",2025-04-10,2025-05-04,4,"quantile",0.5,83117.3421896623
"4990","DE","60+",2025-04-10,2025-05-04,4,"quantile",0.75,94813.9034973595
"4991","DE","60+",2025-04-10,2025-05-04,4,"quantile",0.9,106830.917812411
"4992","DE","60+",2025-04-10,2025-05-04,4,"quantile",0.975,121961.636531511
"4993","DE","00+",2025-04-17,2025-04-20,1,"mean",NA,883072.172471056
"4994","DE","00+",2025-04-17,2025-04-20,1,"quantile",0.025,722800.206979643
"4995","DE","00+",2025-04-17,2025-04-20,1,"quantile",0.1,769356.283684346
"4996","DE","00+",2025-04-17,2025-04-20,1,"quantile",0.25,820148.612404109
"4997","DE","00+",2025-04-17,2025-04-20,1,"quantile",0.5,878880.471142914
"4998","DE","00+",2025-04-17,2025-04-20,1,"quantile",0.75,942641.408088096
"4999","DE","00+",2025-04-17,2025-04-20,1,"quantile",0.9,999596.190338155
"5000","DE","00+",2025-04-17,2025-04-20,1,"quantile",0.975,1069971.46773741
"5001","DE","00+",2025-04-17,2025-04-27,2,"mean",NA,850721.425845197
"5002","DE","00+",2025-04-17,2025-04-27,2,"quantile",0.025,658277.235746125
"5003","DE","00+",2025-04-17,2025-04-27,2,"quantile",0.1,716359.12891278
"5004","DE","00+",2025-04-17,2025-04-27,2,"quantile",0.25,774039.375669758
"5005","DE","00+",2025-04-17,2025-04-27,2,"quantile",0.5,843481.556290417
"5006","DE","00+",2025-04-17,2025-04-27,2,"quantile",0.75,920283.676549125
"5007","DE","00+",2025-04-17,2025-04-27,2,"quantile",0.9,994367.117811552
"5008","DE","00+",2025-04-17,2025-04-27,2,"quantile",0.975,1089390.23945983
"5009","DE","00+",2025-04-17,2025-05-04,3,"mean",NA,702090.5455355
"5010","DE","00+",2025-04-17,2025-05-04,3,"quantile",0.025,515179.637742905
"5011","DE","00+",2025-04-17,2025-05-04,3,"quantile",0.1,572602.813793816
"5012","DE","00+",2025-04-17,2025-05-04,3,"quantile",0.25,628433.847192285
"5013","DE","00+",2025-04-17,2025-05-04,3,"quantile",0.5,693921.291380346
"5014","DE","00+",2025-04-17,2025-05-04,3,"quantile",0.75,768687.285484641
"5015","DE","00+",2025-04-17,2025-05-04,3,"quantile",0.9,839894.887545595
"5016","DE","00+",2025-04-17,2025-05-04,3,"quantile",0.975,928924.750696136
"5017","DE","00+",2025-04-17,NA,4,"mean",NA,701847.112801311
"5018","DE","00+",2025-04-17,NA,4,"quantile",0.025,506762.477196274
"5019","DE","00+",2025-04-17,NA,4,"quantile",0.1,563190.11374571
"5020","DE","00+",2025-04-17,NA,4,"quantile",0.25,622681.107522585
"5021","DE","00+",2025-04-17,NA,4,"quantile",0.5,694048.065615868
"5022","DE","00+",2025-04-17,NA,4,"quantile",0.75,771096.211710484
"5023","DE","00+",2025-04-17,NA,4,"quantile",0.9,853018.307920235
"5024","DE","00+",2025-04-17,NA,4,"quantile",0.975,948351.144166973
"5025","DE","00-04",2025-04-17,2025-04-20,1,"mean",NA,137246.020508946
"5026","DE","00-04",2025-04-17,2025-04-20,1,"quantile",0.025,118291.740392251
"5027","DE","00-04",2025-04-17,2025-04-20,1,"quantile",0.1,124545.11904456
"5028","DE","00-04",2025-04-17,2025-04-20,1,"quantile",0.25,130438.117190084
"5029","DE","00-04",2025-04-17,2025-04-20,1,"quantile",0.5,136840.986911482
"5030","DE","00-04",2025-04-17,2025-04-20,1,"quantile",0.75,143959.0721438
"5031","DE","00-04",2025-04-17,2025-04-20,1,"quantile",0.9,150277.190874506
"5032","DE","00-04",2025-04-17,2025-04-20,1,"quantile",0.975,157658.759596193
"5033","DE","00-04",2025-04-17,2025-04-27,2,"mean",NA,139667.105418941
"5034","DE","00-04",2025-04-17,2025-04-27,2,"quantile",0.025,117094.806138255
"5035","DE","00-04",2025-04-17,2025-04-27,2,"quantile",0.1,123972.709127101
"5036","DE","00-04",2025-04-17,2025-04-27,2,"quantile",0.25,130850.592240927
"5037","DE","00-04",2025-04-17,2025-04-27,2,"quantile",0.5,139037.322093882
"5038","DE","00-04",2025-04-17,2025-04-27,2,"quantile",0.75,147875.799403844
"5039","DE","00-04",2025-04-17,2025-04-27,2,"quantile",0.9,156170.381102007
"5040","DE","00-04",2025-04-17,2025-04-27,2,"quantile",0.975,166596.492429191
"5041","DE","00-04",2025-04-17,2025-05-04,3,"mean",NA,113837.573293704
"5042","DE","00-04",2025-04-17,2025-05-04,3,"quantile",0.025,92676.099846628
"5043","DE","00-04",2025-04-17,2025-05-04,3,"quantile",0.1,99281.1919307236
"5044","DE","00-04",2025-04-17,2025-05-04,3,"quantile",0.25,105580.299862878
"5045","DE","00-04",2025-04-17,2025-05-04,3,"quantile",0.5,113280.345410893
"5046","DE","00-04",2025-04-17,2025-05-04,3,"quantile",0.75,121423.623917498
"5047","DE","00-04",2025-04-17,2025-05-04,3,"quantile",0.9,129017.589858541
"5048","DE","00-04",2025-04-17,2025-05-04,3,"quantile",0.975,138589.032631662
"5049","DE","00-04",2025-04-17,NA,4,"mean",NA,114831.38832758
"5050","DE","00-04",2025-04-17,NA,4,"quantile",0.025,92807.74245972
"5051","DE","00-04",2025-04-17,NA,4,"quantile",0.1,99184.1536843589
"5052","DE","00-04",2025-04-17,NA,4,"quantile",0.25,106202.169342837
"5053","DE","00-04",2025-04-17,NA,4,"quantile",0.5,114076.402170393
"5054","DE","00-04",2025-04-17,NA,4,"quantile",0.75,122756.067790196
"5055","DE","00-04",2025-04-17,NA,4,"quantile",0.9,131591.582518673
"5056","DE","00-04",2025-04-17,NA,4,"quantile",0.975,141773.869233
"5057","DE","05-14",2025-04-17,2025-04-20,1,"mean",NA,105825.474099856
"5058","DE","05-14",2025-04-17,2025-04-20,1,"quantile",0.025,84360.2459569489
"5059","DE","05-14",2025-04-17,2025-04-20,1,"quantile",0.1,90700.2057746272
"5060","DE","05-14",2025-04-17,2025-04-20,1,"quantile",0.25,97505.9919955997
"5061","DE","05-14",2025-04-17,2025-04-20,1,"quantile",0.5,105244.764364221
"5062","DE","05-14",2025-04-17,2025-04-20,1,"quantile",0.75,113597.667808154
"5063","DE","05-14",2025-04-17,2025-04-20,1,"quantile",0.9,121502.526118993
"5064","DE","05-14",2025-04-17,2025-04-20,1,"quantile",0.975,130897.057785221
"5065","DE","05-14",2025-04-17,2025-04-27,2,"mean",NA,104168.210893023
"5066","DE","05-14",2025-04-17,2025-04-27,2,"quantile",0.025,78202.4114518851
"5067","DE","05-14",2025-04-17,2025-04-27,2,"quantile",0.1,86094.8791089441
"5068","DE","05-14",2025-04-17,2025-04-27,2,"quantile",0.25,93806.7138582304
"5069","DE","05-14",2025-04-17,2025-04-27,2,"quantile",0.5,103120.25807722
"5070","DE","05-14",2025-04-17,2025-04-27,2,"quantile",0.75,113304.501158552
"5071","DE","05-14",2025-04-17,2025-04-27,2,"quantile",0.9,123630.12520051
"5072","DE","05-14",2025-04-17,2025-04-27,2,"quantile",0.975,137159.493371178
"5073","DE","05-14",2025-04-17,2025-05-04,3,"mean",NA,92287.7220449796
"5074","DE","05-14",2025-04-17,2025-05-04,3,"quantile",0.025,65852.5759908862
"5075","DE","05-14",2025-04-17,2025-05-04,3,"quantile",0.1,73992.8721617501
"5076","DE","05-14",2025-04-17,2025-05-04,3,"quantile",0.25,81712.3589573885
"5077","DE","05-14",2025-04-17,2025-05-04,3,"quantile",0.5,91168.3082559877
"5078","DE","05-14",2025-04-17,2025-05-04,3,"quantile",0.75,101688.953349255
"5079","DE","05-14",2025-04-17,2025-05-04,3,"quantile",0.9,111875.835970681
"5080","DE","05-14",2025-04-17,2025-05-04,3,"quantile",0.975,125081.82989116
"5081","DE","05-14",2025-04-17,NA,4,"mean",NA,94159.9384839147
"5082","DE","05-14",2025-04-17,NA,4,"quantile",0.025,66263.0220365789
"5083","DE","05-14",2025-04-17,NA,4,"quantile",0.1,74287.9123244676
"5084","DE","05-14",2025-04-17,NA,4,"quantile",0.25,82689.6336779676
"5085","DE","05-14",2025-04-17,NA,4,"quantile",0.5,92974.426893253
"5086","DE","05-14",2025-04-17,NA,4,"quantile",0.75,103891.213145075
"5087","DE","05-14",2025-04-17,NA,4,"quantile",0.9,115839.294187521
"5088","DE","05-14",2025-04-17,NA,4,"quantile",0.975,129531.581129904
"5089","DE","15-34",2025-04-17,2025-04-20,1,"mean",NA,254810.78717852
"5090","DE","15-34",2025-04-17,2025-04-20,1,"quantile",0.025,201231.781093541
"5091","DE","15-34",2025-04-17,2025-04-20,1,"quantile",0.1,218154.118698243
"5092","DE","15-34",2025-04-17,2025-04-20,1,"quantile",0.25,234242.289218418
"5093","DE","15-34",2025-04-17,2025-04-20,1,"quantile",0.5,253133.227235709
"5094","DE","15-34",2025-04-17,2025-04-20,1,"quantile",0.75,274010.567047987
"5095","DE","15-34",2025-04-17,2025-04-20,1,"quantile",0.9,293293.22291718
"5096","DE","15-34",2025-04-17,2025-04-20,1,"quantile",0.975,316920.944683017
"5097","DE","15-34",2025-04-17,2025-04-27,2,"mean",NA,247448.421589355
"5098","DE","15-34",2025-04-17,2025-04-27,2,"quantile",0.025,187140.858432523
"5099","DE","15-34",2025-04-17,2025-04-27,2,"quantile",0.1,205216.376550823
"5100","DE","15-34",2025-04-17,2025-04-27,2,"quantile",0.25,222662.811606238
"5101","DE","15-34",2025-04-17,2025-04-27,2,"quantile",0.5,244617.580605127
"5102","DE","15-34",2025-04-17,2025-04-27,2,"quantile",0.75,269293.560415972
"5103","DE","15-34",2025-04-17,2025-04-27,2,"quantile",0.9,293058.614039516
"5104","DE","15-34",2025-04-17,2025-04-27,2,"quantile",0.975,324555.169206231
"5105","DE","15-34",2025-04-17,2025-05-04,3,"mean",NA,204167.963308391
"5106","DE","15-34",2025-04-17,2025-05-04,3,"quantile",0.025,148503.623294004
"5107","DE","15-34",2025-04-17,2025-05-04,3,"quantile",0.1,165120.200064606
"5108","DE","15-34",2025-04-17,2025-05-04,3,"quantile",0.25,181551.968833487
"5109","DE","15-34",2025-04-17,2025-05-04,3,"quantile",0.5,201290.341999668
"5110","DE","15-34",2025-04-17,2025-05-04,3,"quantile",0.75,224367.119297522
"5111","DE","15-34",2025-04-17,2025-05-04,3,"quantile",0.9,246664.277119893
"5112","DE","15-34",2025-04-17,2025-05-04,3,"quantile",0.975,275463.413755828
"5113","DE","15-34",2025-04-17,NA,4,"mean",NA,200802.859827063
"5114","DE","15-34",2025-04-17,NA,4,"quantile",0.025,144938.253706551
"5115","DE","15-34",2025-04-17,NA,4,"quantile",0.1,160121.65271248
"5116","DE","15-34",2025-04-17,NA,4,"quantile",0.25,177659.23864334
"5117","DE","15-34",2025-04-17,NA,4,"quantile",0.5,197751.874506516
"5118","DE","15-34",2025-04-17,NA,4,"quantile",0.75,221270.52328024
"5119","DE","15-34",2025-04-17,NA,4,"quantile",0.9,244497.582325751
"5120","DE","15-34",2025-04-17,NA,4,"quantile",0.975,273916.129016212
"5121","DE","35-59",2025-04-17,2025-04-20,1,"mean",NA,281389.224480798
"5122","DE","35-59",2025-04-17,2025-04-20,1,"quantile",0.025,220145.578121185
"5123","DE","35-59",2025-04-17,2025-04-20,1,"quantile",0.1,237835.284371324
"5124","DE","35-59",2025-04-17,2025-04-20,1,"quantile",0.25,257089.297452746
"5125","DE","35-59",2025-04-17,2025-04-20,1,"quantile",0.5,279168.652322636
"5126","DE","35-59",2025-04-17,2025-04-20,1,"quantile",0.75,303853.566538017
"5127","DE","35-59",2025-04-17,2025-04-20,1,"quantile",0.9,327012.076026331
"5128","DE","35-59",2025-04-17,2025-04-20,1,"quantile",0.975,354822.292287417
"5129","DE","35-59",2025-04-17,2025-04-27,2,"mean",NA,267824.45303289
"5130","DE","35-59",2025-04-17,2025-04-27,2,"quantile",0.025,194742.72996606
"5131","DE","35-59",2025-04-17,2025-04-27,2,"quantile",0.1,216164.623974061
"5132","DE","35-59",2025-04-17,2025-04-27,2,"quantile",0.25,237635.885875637
"5133","DE","35-59",2025-04-17,2025-04-27,2,"quantile",0.5,264344.422795342
"5134","DE","35-59",2025-04-17,2025-04-27,2,"quantile",0.75,294283.401472787
"5135","DE","35-59",2025-04-17,2025-04-27,2,"quantile",0.9,324076.926560324
"5136","DE","35-59",2025-04-17,2025-04-27,2,"quantile",0.975,362559.551492254
"5137","DE","35-59",2025-04-17,2025-05-04,3,"mean",NA,218456.690525459
"5138","DE","35-59",2025-04-17,2025-05-04,3,"quantile",0.025,148155.823330892
"5139","DE","35-59",2025-04-17,2025-05-04,3,"quantile",0.1,169144.516666561
"5140","DE","35-59",2025-04-17,2025-05-04,3,"quantile",0.25,189480.987330718
"5141","DE","35-59",2025-04-17,2025-05-04,3,"quantile",0.5,214425.209505343
"5142","DE","35-59",2025-04-17,2025-05-04,3,"quantile",0.75,243765.679465241
"5143","DE","35-59",2025-04-17,2025-05-04,3,"quantile",0.9,272544.498020019
"5144","DE","35-59",2025-04-17,2025-05-04,3,"quantile",0.975,309120.289210341
"5145","DE","35-59",2025-04-17,NA,4,"mean",NA,216277.482047269
"5146","DE","35-59",2025-04-17,NA,4,"quantile",0.025,142917.32481662
"5147","DE","35-59",2025-04-17,NA,4,"quantile",0.1,163278.172664802
"5148","DE","35-59",2025-04-17,NA,4,"quantile",0.25,185268.013666352
"5149","DE","35-59",2025-04-17,NA,4,"quantile",0.5,212437.367238726
"5150","DE","35-59",2025-04-17,NA,4,"quantile",0.75,242678.304403809
"5151","DE","35-59",2025-04-17,NA,4,"quantile",0.9,274929.679837
"5152","DE","35-59",2025-04-17,NA,4,"quantile",0.975,313760.620276071
"5153","DE","60+",2025-04-17,2025-04-20,1,"mean",NA,113027.567635087
"5154","DE","60+",2025-04-17,2025-04-20,1,"quantile",0.025,88442.5317976835
"5155","DE","60+",2025-04-17,2025-04-20,1,"quantile",0.1,95827.4724282392
"5156","DE","60+",2025-04-17,2025-04-20,1,"quantile",0.25,103632.288210598
"5157","DE","60+",2025-04-17,2025-04-20,1,"quantile",0.5,112074.665673087
"5158","DE","60+",2025-04-17,2025-04-20,1,"quantile",0.75,121922.507081982
"5159","DE","60+",2025-04-17,2025-04-20,1,"quantile",0.9,131077.566915169
"5160","DE","60+",2025-04-17,2025-04-20,1,"quantile",0.975,141948.263658647
"5161","DE","60+",2025-04-17,2025-04-27,2,"mean",NA,99503.5176655245
"5162","DE","60+",2025-04-17,2025-04-27,2,"quantile",0.025,73105.7704477817
"5163","DE","60+",2025-04-17,2025-04-27,2,"quantile",0.1,80520.4536824823
"5164","DE","60+",2025-04-17,2025-04-27,2,"quantile",0.25,88324.6843186363
"5165","DE","60+",2025-04-17,2025-04-27,2,"quantile",0.5,98263.568546974
"5166","DE","60+",2025-04-17,2025-04-27,2,"quantile",0.75,109276.285999813
"5167","DE","60+",2025-04-17,2025-04-27,2,"quantile",0.9,120239.429983086
"5168","DE","60+",2025-04-17,2025-04-27,2,"quantile",0.975,133899.736793122
"5169","DE","60+",2025-04-17,2025-05-04,3,"mean",NA,80617.0202175969
"5170","DE","60+",2025-04-17,2025-05-04,3,"quantile",0.025,55447.9550657085
"5171","DE","60+",2025-04-17,2025-05-04,3,"quantile",0.1,62626.2078009042
"5172","DE","60+",2025-04-17,2025-05-04,3,"quantile",0.25,69940.5816290675
"5173","DE","60+",2025-04-17,2025-05-04,3,"quantile",0.5,79327.7294554723
"5174","DE","60+",2025-04-17,2025-05-04,3,"quantile",0.75,89673.2131711783
"5175","DE","60+",2025-04-17,2025-05-04,3,"quantile",0.9,100101.558863207
"5176","DE","60+",2025-04-17,2025-05-04,3,"quantile",0.975,113538.401590012
"5177","DE","60+",2025-04-17,NA,4,"mean",NA,81081.7120649777
"5178","DE","60+",2025-04-17,NA,4,"quantile",0.025,54825.7891847843
"5179","DE","60+",2025-04-17,NA,4,"quantile",0.1,61627.7215935578
"5180","DE","60+",2025-04-17,NA,4,"quantile",0.25,69704.6444727728
"5181","DE","60+",2025-04-17,NA,4,"quantile",0.5,79459.7864088165
"5182","DE","60+",2025-04-17,NA,4,"quantile",0.75,90616.1307522231
"5183","DE","60+",2025-04-17,NA,4,"quantile",0.9,102997.371681715
"5184","DE","60+",2025-04-17,NA,4,"quantile",0.975,117242.208692259
"5185","DE","00+",2025-04-24,2025-04-27,1,"mean",NA,714083.44964896
"5186","DE","00+",2025-04-24,2025-04-27,1,"quantile",0.025,582518.251328284
"5187","DE","00+",2025-04-24,2025-04-27,1,"quantile",0.1,624096.610350024
"5188","DE","00+",2025-04-24,2025-04-27,1,"quantile",0.25,663663.808792071
"5189","DE","00+",2025-04-24,2025-04-27,1,"quantile",0.5,710618.524625817
"5190","DE","00+",2025-04-24,2025-04-27,1,"quantile",0.75,760617.205373385
"5191","DE","00+",2025-04-24,2025-04-27,1,"quantile",0.9,807588.662265537
"5192","DE","00+",2025-04-24,2025-04-27,1,"quantile",0.975,865239.722918834
"5193","DE","00+",2025-04-24,2025-05-04,2,"mean",NA,596802.200788401
"5194","DE","00+",2025-04-24,2025-05-04,2,"quantile",0.025,461825.419286173
"5195","DE","00+",2025-04-24,2025-05-04,2,"quantile",0.1,504326.995540354
"5196","DE","00+",2025-04-24,2025-05-04,2,"quantile",0.25,542273.737745938
"5197","DE","00+",2025-04-24,2025-05-04,2,"quantile",0.5,590705.98358256
"5198","DE","00+",2025-04-24,2025-05-04,2,"quantile",0.75,644887.648871801
"5199","DE","00+",2025-04-24,2025-05-04,2,"quantile",0.9,697827.047670731
"5200","DE","00+",2025-04-24,2025-05-04,2,"quantile",0.975,760496.754122689
"5201","DE","00+",2025-04-24,NA,3,"mean",NA,621053.784905558
"5202","DE","00+",2025-04-24,NA,3,"quantile",0.025,458812.52438848
"5203","DE","00+",2025-04-24,NA,3,"quantile",0.1,508743.003178656
"5204","DE","00+",2025-04-24,NA,3,"quantile",0.25,555309.894997189
"5205","DE","00+",2025-04-24,NA,3,"quantile",0.5,613855.100265323
"5206","DE","00+",2025-04-24,NA,3,"quantile",0.75,679012.001186388
"5207","DE","00+",2025-04-24,NA,3,"quantile",0.9,741348.793629129
"5208","DE","00+",2025-04-24,NA,3,"quantile",0.975,821132.577644505
"5209","DE","00+",2025-04-24,NA,4,"mean",NA,650796.361064616
"5210","DE","00+",2025-04-24,NA,4,"quantile",0.025,471491.101781043
"5211","DE","00+",2025-04-24,NA,4,"quantile",0.1,523054.946287185
"5212","DE","00+",2025-04-24,NA,4,"quantile",0.25,578972.629581862
"5213","DE","00+",2025-04-24,NA,4,"quantile",0.5,642059.829841233
"5214","DE","00+",2025-04-24,NA,4,"quantile",0.75,715948.80113734
"5215","DE","00+",2025-04-24,NA,4,"quantile",0.9,786801.341347158
"5216","DE","00+",2025-04-24,NA,4,"quantile",0.975,874755.279939142
"5217","DE","00-04",2025-04-24,2025-04-27,1,"mean",NA,129573.83338414
"5218","DE","00-04",2025-04-24,2025-04-27,1,"quantile",0.025,112137.466567483
"5219","DE","00-04",2025-04-24,2025-04-27,1,"quantile",0.1,117807.858296071
"5220","DE","00-04",2025-04-24,2025-04-27,1,"quantile",0.25,123131.164091465
"5221","DE","00-04",2025-04-24,2025-04-27,1,"quantile",0.5,129160.04329365
"5222","DE","00-04",2025-04-24,2025-04-27,1,"quantile",0.75,135503.735148754
"5223","DE","00-04",2025-04-24,2025-04-27,1,"quantile",0.9,141917.492541484
"5224","DE","00-04",2025-04-24,2025-04-27,1,"quantile",0.975,149266.543972042
"5225","DE","00-04",2025-04-24,2025-05-04,2,"mean",NA,106250.572084169
"5226","DE","00-04",2025-04-24,2025-05-04,2,"quantile",0.025,88663.1556512094
"5227","DE","00-04",2025-04-24,2025-05-04,2,"quantile",0.1,94219.408919159
"5228","DE","00-04",2025-04-24,2025-05-04,2,"quantile",0.25,99505.875180845
"5229","DE","00-04",2025-04-24,2025-05-04,2,"quantile",0.5,105759.931637629
"5230","DE","00-04",2025-04-24,2025-05-04,2,"quantile",0.75,112572.016831019
"5231","DE","00-04",2025-04-24,2025-05-04,2,"quantile",0.9,118747.736602435
"5232","DE","00-04",2025-04-24,2025-05-04,2,"quantile",0.975,126442.317298313
"5233","DE","00-04",2025-04-24,NA,3,"mean",NA,109580.357379563
"5234","DE","00-04",2025-04-24,NA,3,"quantile",0.025,88891.7738554563
"5235","DE","00-04",2025-04-24,NA,3,"quantile",0.1,95380.0726601663
"5236","DE","00-04",2025-04-24,NA,3,"quantile",0.25,101516.964675795
"5237","DE","00-04",2025-04-24,NA,3,"quantile",0.5,108981.108463934
"5238","DE","00-04",2025-04-24,NA,3,"quantile",0.75,117007.378845802
"5239","DE","00-04",2025-04-24,NA,3,"quantile",0.9,124546.19223037
"5240","DE","00-04",2025-04-24,NA,3,"quantile",0.975,133737.550735664
"5241","DE","00-04",2025-04-24,NA,4,"mean",NA,112430.870240795
"5242","DE","00-04",2025-04-24,NA,4,"quantile",0.025,89756.8635817438
"5243","DE","00-04",2025-04-24,NA,4,"quantile",0.1,97114.7470960933
"5244","DE","00-04",2025-04-24,NA,4,"quantile",0.25,103581.532270351
"5245","DE","00-04",2025-04-24,NA,4,"quantile",0.5,111679.35576726
"5246","DE","00-04",2025-04-24,NA,4,"quantile",0.75,120631.370526377
"5247","DE","00-04",2025-04-24,NA,4,"quantile",0.9,128740.393689369
"5248","DE","00-04",2025-04-24,NA,4,"quantile",0.975,138451.362244827
"5249","DE","05-14",2025-04-24,2025-04-27,1,"mean",NA,76290.50566351
"5250","DE","05-14",2025-04-24,2025-04-27,1,"quantile",0.025,60767.5325856393
"5251","DE","05-14",2025-04-24,2025-04-27,1,"quantile",0.1,65475.2038845655
"5252","DE","05-14",2025-04-24,2025-04-27,1,"quantile",0.25,70334.1250124862
"5253","DE","05-14",2025-04-24,2025-04-27,1,"quantile",0.5,75790.5347105253
"5254","DE","05-14",2025-04-24,2025-04-27,1,"quantile",0.75,81823.2606391316
"5255","DE","05-14",2025-04-24,2025-04-27,1,"quantile",0.9,87593.3510602361
"5256","DE","05-14",2025-04-24,2025-04-27,1,"quantile",0.975,94816.627174756
"5257","DE","05-14",2025-04-24,2025-05-04,2,"mean",NA,70394.0865705104
"5258","DE","05-14",2025-04-24,2025-05-04,2,"quantile",0.025,52934.7277980658
"5259","DE","05-14",2025-04-24,2025-05-04,2,"quantile",0.1,58438.9118341953
"5260","DE","05-14",2025-04-24,2025-05-04,2,"quantile",0.25,63258.1382379775
"5261","DE","05-14",2025-04-24,2025-05-04,2,"quantile",0.5,69557.7741941986
"5262","DE","05-14",2025-04-24,2025-05-04,2,"quantile",0.75,76674.3943225607
"5263","DE","05-14",2025-04-24,2025-05-04,2,"quantile",0.9,83519.3243526276
"5264","DE","05-14",2025-04-24,2025-05-04,2,"quantile",0.975,92111.4470809339
"5265","DE","05-14",2025-04-24,NA,3,"mean",NA,78341.2469466003
"5266","DE","05-14",2025-04-24,NA,3,"quantile",0.025,56385.2072569203
"5267","DE","05-14",2025-04-24,NA,3,"quantile",0.1,63039.907628768
"5268","DE","05-14",2025-04-24,NA,3,"quantile",0.25,69306.5395428204
"5269","DE","05-14",2025-04-24,NA,3,"quantile",0.5,77316.0389738703
"5270","DE","05-14",2025-04-24,NA,3,"quantile",0.75,86195.9863615285
"5271","DE","05-14",2025-04-24,NA,3,"quantile",0.9,94863.7947021827
"5272","DE","05-14",2025-04-24,NA,3,"quantile",0.975,106482.446444388
"5273","DE","05-14",2025-04-24,NA,4,"mean",NA,85975.500130519
"5274","DE","05-14",2025-04-24,NA,4,"quantile",0.025,61068.0614342971
"5275","DE","05-14",2025-04-24,NA,4,"quantile",0.1,68094.6574915311
"5276","DE","05-14",2025-04-24,NA,4,"quantile",0.25,75738.0664180002
"5277","DE","05-14",2025-04-24,NA,4,"quantile",0.5,84688.1717763231
"5278","DE","05-14",2025-04-24,NA,4,"quantile",0.75,95043.5352705728
"5279","DE","05-14",2025-04-24,NA,4,"quantile",0.9,105188.883738325
"5280","DE","05-14",2025-04-24,NA,4,"quantile",0.975,117539.051962911
"5281","DE","15-34",2025-04-24,2025-04-27,1,"mean",NA,202890.710777275
"5282","DE","15-34",2025-04-24,2025-04-27,1,"quantile",0.025,161125.784815688
"5283","DE","15-34",2025-04-24,2025-04-27,1,"quantile",0.1,174358.570913868
"5284","DE","15-34",2025-04-24,2025-04-27,1,"quantile",0.25,186723.012210081
"5285","DE","15-34",2025-04-24,2025-04-27,1,"quantile",0.5,201633.432047312
"5286","DE","15-34",2025-04-24,2025-04-27,1,"quantile",0.75,217245.114159862
"5287","DE","15-34",2025-04-24,2025-04-27,1,"quantile",0.9,233697.412331953
"5288","DE","15-34",2025-04-24,2025-04-27,1,"quantile",0.975,253284.903192608
"5289","DE","15-34",2025-04-24,2025-05-04,2,"mean",NA,171396.610547599
"5290","DE","15-34",2025-04-24,2025-05-04,2,"quantile",0.025,128992.970377331
"5291","DE","15-34",2025-04-24,2025-05-04,2,"quantile",0.1,142043.761868993
"5292","DE","15-34",2025-04-24,2025-05-04,2,"quantile",0.25,154142.489241848
"5293","DE","15-34",2025-04-24,2025-05-04,2,"quantile",0.5,169634.637104472
"5294","DE","15-34",2025-04-24,2025-05-04,2,"quantile",0.75,187130.593151378
"5295","DE","15-34",2025-04-24,2025-05-04,2,"quantile",0.9,202711.12046625
"5296","DE","15-34",2025-04-24,2025-05-04,2,"quantile",0.975,223832.462176202
"5297","DE","15-34",2025-04-24,NA,3,"mean",NA,178986.583205858
"5298","DE","15-34",2025-04-24,NA,3,"quantile",0.025,129898.006886438
"5299","DE","15-34",2025-04-24,NA,3,"quantile",0.1,144210.315265384
"5300","DE","15-34",2025-04-24,NA,3,"quantile",0.25,158590.324626691
"5301","DE","15-34",2025-04-24,NA,3,"quantile",0.5,176361.511054995
"5302","DE","15-34",2025-04-24,NA,3,"quantile",0.75,196780.354712147
"5303","DE","15-34",2025-04-24,NA,3,"quantile",0.9,216919.954614951
"5304","DE","15-34",2025-04-24,NA,3,"quantile",0.975,243346.244824227
"5305","DE","15-34",2025-04-24,NA,4,"mean",NA,186510.029942597
"5306","DE","15-34",2025-04-24,NA,4,"quantile",0.025,131988.65826646
"5307","DE","15-34",2025-04-24,NA,4,"quantile",0.1,148960.574522659
"5308","DE","15-34",2025-04-24,NA,4,"quantile",0.25,163737.211205783
"5309","DE","15-34",2025-04-24,NA,4,"quantile",0.5,183640.320033023
"5310","DE","15-34",2025-04-24,NA,4,"quantile",0.75,206339.825698796
"5311","DE","15-34",2025-04-24,NA,4,"quantile",0.9,227692.162592878
"5312","DE","15-34",2025-04-24,NA,4,"quantile",0.975,254987.882475001
"5313","DE","35-59",2025-04-24,2025-04-27,1,"mean",NA,222654.342549933
"5314","DE","35-59",2025-04-24,2025-04-27,1,"quantile",0.025,173440.528300839
"5315","DE","35-59",2025-04-24,2025-04-27,1,"quantile",0.1,188538.595030742
"5316","DE","35-59",2025-04-24,2025-04-27,1,"quantile",0.25,203238.72673865
"5317","DE","35-59",2025-04-24,2025-04-27,1,"quantile",0.5,220914.554626043
"5318","DE","35-59",2025-04-24,2025-04-27,1,"quantile",0.75,240235.457182771
"5319","DE","35-59",2025-04-24,2025-04-27,1,"quantile",0.9,258426.718823812
"5320","DE","35-59",2025-04-24,2025-04-27,1,"quantile",0.975,281076.920650991
"5321","DE","35-59",2025-04-24,2025-05-04,2,"mean",NA,183441.208266058
"5322","DE","35-59",2025-04-24,2025-05-04,2,"quantile",0.025,133303.738076665
"5323","DE","35-59",2025-04-24,2025-05-04,2,"quantile",0.1,148548.459462917
"5324","DE","35-59",2025-04-24,2025-05-04,2,"quantile",0.25,162697.666125651
"5325","DE","35-59",2025-04-24,2025-05-04,2,"quantile",0.5,180847.799692153
"5326","DE","35-59",2025-04-24,2025-05-04,2,"quantile",0.75,201334.211692706
"5327","DE","35-59",2025-04-24,2025-05-04,2,"quantile",0.9,221468.111540403
"5328","DE","35-59",2025-04-24,2025-05-04,2,"quantile",0.975,247103.432000551
"5329","DE","35-59",2025-04-24,NA,3,"mean",NA,188974.787409314
"5330","DE","35-59",2025-04-24,NA,3,"quantile",0.025,129182.052713873
"5331","DE","35-59",2025-04-24,NA,3,"quantile",0.1,146662.144907952
"5332","DE","35-59",2025-04-24,NA,3,"quantile",0.25,163910.990232219
"5333","DE","35-59",2025-04-24,NA,3,"quantile",0.5,185733.2405851
"5334","DE","35-59",2025-04-24,NA,3,"quantile",0.75,210258.46135965
"5335","DE","35-59",2025-04-24,NA,3,"quantile",0.9,234741.03956739
"5336","DE","35-59",2025-04-24,NA,3,"quantile",0.975,266026.735972291
"5337","DE","35-59",2025-04-24,NA,4,"mean",NA,196856.51079936
"5338","DE","35-59",2025-04-24,NA,4,"quantile",0.025,131316.410988387
"5339","DE","35-59",2025-04-24,NA,4,"quantile",0.1,149090.611434588
"5340","DE","35-59",2025-04-24,NA,4,"quantile",0.25,169436.491399913
"5341","DE","35-59",2025-04-24,NA,4,"quantile",0.5,192708.74201324
"5342","DE","35-59",2025-04-24,NA,4,"quantile",0.75,220986.809041906
"5343","DE","35-59",2025-04-24,NA,4,"quantile",0.9,248877.75796235
"5344","DE","35-59",2025-04-24,NA,4,"quantile",0.975,284075.642520353
"5345","DE","60+",2025-04-24,2025-04-27,1,"mean",NA,95179.3884639806
"5346","DE","60+",2025-04-24,2025-04-27,1,"quantile",0.025,74524.7466935048
"5347","DE","60+",2025-04-24,2025-04-27,1,"quantile",0.1,81179.6539189862
"5348","DE","60+",2025-04-24,2025-04-27,1,"quantile",0.25,87197.9880337302
"5349","DE","60+",2025-04-24,2025-04-27,1,"quantile",0.5,94381.1812147249
"5350","DE","60+",2025-04-24,2025-04-27,1,"quantile",0.75,102170.159665283
"5351","DE","60+",2025-04-24,2025-04-27,1,"quantile",0.9,110169.46009562
"5352","DE","60+",2025-04-24,2025-04-27,1,"quantile",0.975,119858.705130829
"5353","DE","60+",2025-04-24,2025-05-04,2,"mean",NA,77411.0512616362
"5354","DE","60+",2025-04-24,2025-05-04,2,"quantile",0.025,56353.600133639
"5355","DE","60+",2025-04-24,2025-05-04,2,"quantile",0.1,62411.4832040878
"5356","DE","60+",2025-04-24,2025-05-04,2,"quantile",0.25,68696.2550372636
"5357","DE","60+",2025-04-24,2025-05-04,2,"quantile",0.5,76450.0070005444
"5358","DE","60+",2025-04-24,2025-05-04,2,"quantile",0.75,85065.5979201254
"5359","DE","60+",2025-04-24,2025-05-04,2,"quantile",0.9,93416.9757119058
"5360","DE","60+",2025-04-24,2025-05-04,2,"quantile",0.975,103996.746254593
"5361","DE","60+",2025-04-24,NA,3,"mean",NA,79240.4295598914
"5362","DE","60+",2025-04-24,NA,3,"quantile",0.025,54083.1234956914
"5363","DE","60+",2025-04-24,NA,3,"quantile",0.1,61336.7714667346
"5364","DE","60+",2025-04-24,NA,3,"quantile",0.25,68674.4100142091
"5365","DE","60+",2025-04-24,NA,3,"quantile",0.5,77884.27241633
"5366","DE","60+",2025-04-24,NA,3,"quantile",0.75,88457.4721066946
"5367","DE","60+",2025-04-24,NA,3,"quantile",0.9,98722.0713481471
"5368","DE","60+",2025-04-24,NA,3,"quantile",0.975,111872.4996426
"5369","DE","60+",2025-04-24,NA,4,"mean",NA,80668.4897287293
"5370","DE","60+",2025-04-24,NA,4,"quantile",0.025,53321.8442986988
"5371","DE","60+",2025-04-24,NA,4,"quantile",0.1,61326.8905869961
"5372","DE","60+",2025-04-24,NA,4,"quantile",0.25,68978.3441989311
"5373","DE","60+",2025-04-24,NA,4,"quantile",0.5,79061.2767466056
"5374","DE","60+",2025-04-24,NA,4,"quantile",0.75,90733.1424658679
"5375","DE","60+",2025-04-24,NA,4,"quantile",0.9,102153.090589299
"5376","DE","60+",2025-04-24,NA,4,"quantile",0.975,116578.225580958
"5377","DE","00+",2025-05-01,2025-05-04,1,"mean",NA,554075.322540988
"5378","DE","00+",2025-05-01,2025-05-04,1,"quantile",0.025,452617.196068199
"5379","DE","00+",2025-05-01,2025-05-04,1,"quantile",0.1,484823.974551247
"5380","DE","00+",2025-05-01,2025-05-04,1,"quantile",0.25,514965.143348672
"5381","DE","00+",2025-05-01,2025-05-04,1,"quantile",0.5,551217.117940358
"5382","DE","00+",2025-05-01,2025-05-04,1,"quantile",0.75,589139.066526022
"5383","DE","00+",2025-05-01,2025-05-04,1,"quantile",0.9,628473.737791857
"5384","DE","00+",2025-05-01,2025-05-04,1,"quantile",0.975,672583.726181725
"5385","DE","00+",2025-05-01,NA,2,"mean",NA,580099.988312126
"5386","DE","00+",2025-05-01,NA,2,"quantile",0.025,447145.013076512
"5387","DE","00+",2025-05-01,NA,2,"quantile",0.1,487391.907104193
"5388","DE","00+",2025-05-01,NA,2,"quantile",0.25,526531.529207468
"5389","DE","00+",2025-05-01,NA,2,"quantile",0.5,575854.522836784
"5390","DE","00+",2025-05-01,NA,2,"quantile",0.75,627791.537103895
"5391","DE","00+",2025-05-01,NA,2,"quantile",0.9,679060.897240895
"5392","DE","00+",2025-05-01,NA,2,"quantile",0.975,739044.429294694
"5393","DE","00+",2025-05-01,NA,3,"mean",NA,619961.834625891
"5394","DE","00+",2025-05-01,NA,3,"quantile",0.025,460554.165645505
"5395","DE","00+",2025-05-01,NA,3,"quantile",0.1,508452.979464688
"5396","DE","00+",2025-05-01,NA,3,"quantile",0.25,555113.752476824
"5397","DE","00+",2025-05-01,NA,3,"quantile",0.5,612030.005297481
"5398","DE","00+",2025-05-01,NA,3,"quantile",0.75,678942.883850432
"5399","DE","00+",2025-05-01,NA,3,"quantile",0.9,741514.0721639
"5400","DE","00+",2025-05-01,NA,3,"quantile",0.975,822841.113526596
"5401","DE","00+",2025-05-01,NA,4,"mean",NA,652717.782328561
"5402","DE","00+",2025-05-01,NA,4,"quantile",0.025,476841.555824152
"5403","DE","00+",2025-05-01,NA,4,"quantile",0.1,525703.311797718
"5404","DE","00+",2025-05-01,NA,4,"quantile",0.25,577733.949839655
"5405","DE","00+",2025-05-01,NA,4,"quantile",0.5,643711.096089506
"5406","DE","00+",2025-05-01,NA,4,"quantile",0.75,718523.712159661
"5407","DE","00+",2025-05-01,NA,4,"quantile",0.9,792559.527081564
"5408","DE","00+",2025-05-01,NA,4,"quantile",0.975,880926.762413531
"5409","DE","00-04",2025-05-01,2025-05-04,1,"mean",NA,81815.3623731239
"5410","DE","00-04",2025-05-01,2025-05-04,1,"quantile",0.025,70767.8026866489
"5411","DE","00-04",2025-05-01,2025-05-04,1,"quantile",0.1,74283.0361901856
"5412","DE","00-04",2025-05-01,2025-05-04,1,"quantile",0.25,77704.4768539
"5413","DE","00-04",2025-05-01,2025-05-04,1,"quantile",0.5,81523.3596807301
"5414","DE","00-04",2025-05-01,2025-05-04,1,"quantile",0.75,85776.6617070159
"5415","DE","00-04",2025-05-01,2025-05-04,1,"quantile",0.9,89565.1631551974
"5416","DE","00-04",2025-05-01,2025-05-04,1,"quantile",0.975,94595.3326641112
"5417","DE","00-04",2025-05-01,NA,2,"mean",NA,85848.5720536881
"5418","DE","00-04",2025-05-01,NA,2,"quantile",0.025,71739.9789301433
"5419","DE","00-04",2025-05-01,NA,2,"quantile",0.1,76132.3899879354
"5420","DE","00-04",2025-05-01,NA,2,"quantile",0.25,80403.9056277677
"5421","DE","00-04",2025-05-01,NA,2,"quantile",0.5,85631.8090632905
"5422","DE","00-04",2025-05-01,NA,2,"quantile",0.75,90869.9760631474
"5423","DE","00-04",2025-05-01,NA,2,"quantile",0.9,96007.7880856184
"5424","DE","00-04",2025-05-01,NA,2,"quantile",0.975,101527.928613223
"5425","DE","00-04",2025-05-01,NA,3,"mean",NA,94006.624697946
"5426","DE","00-04",2025-05-01,NA,3,"quantile",0.025,76416.1247844397
"5427","DE","00-04",2025-05-01,NA,3,"quantile",0.1,81969.2681457988
"5428","DE","00-04",2025-05-01,NA,3,"quantile",0.25,87299.8259829337
"5429","DE","00-04",2025-05-01,NA,3,"quantile",0.5,93554.3442799162
"5430","DE","00-04",2025-05-01,NA,3,"quantile",0.75,100207.354192451
"5431","DE","00-04",2025-05-01,NA,3,"quantile",0.9,106415.233076613
"5432","DE","00-04",2025-05-01,NA,3,"quantile",0.975,114187.530033408
"5433","DE","00-04",2025-05-01,NA,4,"mean",NA,102404.403532729
"5434","DE","00-04",2025-05-01,NA,4,"quantile",0.025,82501.8367031913
"5435","DE","00-04",2025-05-01,NA,4,"quantile",0.1,88547.7216424047
"5436","DE","00-04",2025-05-01,NA,4,"quantile",0.25,94498.0989757294
"5437","DE","00-04",2025-05-01,NA,4,"quantile",0.5,101762.436862791
"5438","DE","00-04",2025-05-01,NA,4,"quantile",0.75,109650.186394157
"5439","DE","00-04",2025-05-01,NA,4,"quantile",0.9,116899.174020443
"5440","DE","00-04",2025-05-01,NA,4,"quantile",0.975,125678.056180581
"5441","DE","05-14",2025-05-01,2025-05-04,1,"mean",NA,48110.66598925
"5442","DE","05-14",2025-05-01,2025-05-04,1,"quantile",0.025,38187.0409287751
"5443","DE","05-14",2025-05-01,2025-05-04,1,"quantile",0.1,41409.210385055
"5444","DE","05-14",2025-05-01,2025-05-04,1,"quantile",0.25,44307.972937414
"5445","DE","05-14",2025-05-01,2025-05-04,1,"quantile",0.5,47804.4575931687
"5446","DE","05-14",2025-05-01,2025-05-04,1,"quantile",0.75,51576.5940755286
"5447","DE","05-14",2025-05-01,2025-05-04,1,"quantile",0.9,55416.7915291673
"5448","DE","05-14",2025-05-01,2025-05-04,1,"quantile",0.975,59718.5073539159
"5449","DE","05-14",2025-05-01,NA,2,"mean",NA,56228.0659185053
"5450","DE","05-14",2025-05-01,NA,2,"quantile",0.025,41972.6230197326
"5451","DE","05-14",2025-05-01,NA,2,"quantile",0.1,46310.8107451601
"5452","DE","05-14",2025-05-01,NA,2,"quantile",0.25,50491.0674988147
"5453","DE","05-14",2025-05-01,NA,2,"quantile",0.5,55659.2981977611
"5454","DE","05-14",2025-05-01,NA,2,"quantile",0.75,61389.0870416141
"5455","DE","05-14",2025-05-01,NA,2,"quantile",0.9,66821.1576853908
"5456","DE","05-14",2025-05-01,NA,2,"quantile",0.975,73715.1188224001
"5457","DE","05-14",2025-05-01,NA,3,"mean",NA,69043.8213922002
"5458","DE","05-14",2025-05-01,NA,3,"quantile",0.025,50003.1301932753
"5459","DE","05-14",2025-05-01,NA,3,"quantile",0.1,55477.003945751
"5460","DE","05-14",2025-05-01,NA,3,"quantile",0.25,61125.1727573364
"5461","DE","05-14",2025-05-01,NA,3,"quantile",0.5,68062.1182377845
"5462","DE","05-14",2025-05-01,NA,3,"quantile",0.75,76001.7491839442
"5463","DE","05-14",2025-05-01,NA,3,"quantile",0.9,83732.138665704
"5464","DE","05-14",2025-05-01,NA,3,"quantile",0.975,93891.303968212
"5465","DE","05-14",2025-05-01,NA,4,"mean",NA,80085.6650375137
"5466","DE","05-14",2025-05-01,NA,4,"quantile",0.025,57075.0749159023
"5467","DE","05-14",2025-05-01,NA,4,"quantile",0.1,63574.4674222834
"5468","DE","05-14",2025-05-01,NA,4,"quantile",0.25,70137.38830701
"5469","DE","05-14",2025-05-01,NA,4,"quantile",0.5,78812.577988868
"5470","DE","05-14",2025-05-01,NA,4,"quantile",0.75,88523.4990194674
"5471","DE","05-14",2025-05-01,NA,4,"quantile",0.9,98676.7319620513
"5472","DE","05-14",2025-05-01,NA,4,"quantile",0.975,109863.103022433
"5473","DE","15-34",2025-05-01,2025-05-04,1,"mean",NA,168812.210865576
"5474","DE","15-34",2025-05-01,2025-05-04,1,"quantile",0.025,133963.850897996
"5475","DE","15-34",2025-05-01,2025-05-04,1,"quantile",0.1,144394.29331198
"5476","DE","15-34",2025-05-01,2025-05-04,1,"quantile",0.25,155417.990677193
"5477","DE","15-34",2025-05-01,2025-05-04,1,"quantile",0.5,167480.100498362
"5478","DE","15-34",2025-05-01,2025-05-04,1,"quantile",0.75,181292.279636303
"5479","DE","15-34",2025-05-01,2025-05-04,1,"quantile",0.9,194500.995657634
"5480","DE","15-34",2025-05-01,2025-05-04,1,"quantile",0.975,211303.196347528
"5481","DE","15-34",2025-05-01,NA,2,"mean",NA,176155.448051831
"5482","DE","15-34",2025-05-01,NA,2,"quantile",0.025,132905.494036486
"5483","DE","15-34",2025-05-01,NA,2,"quantile",0.1,145601.959042343
"5484","DE","15-34",2025-05-01,NA,2,"quantile",0.25,158358.515045306
"5485","DE","15-34",2025-05-01,NA,2,"quantile",0.5,174713.579295165
"5486","DE","15-34",2025-05-01,NA,2,"quantile",0.75,191617.961429596
"5487","DE","15-34",2025-05-01,NA,2,"quantile",0.9,208795.476744627
"5488","DE","15-34",2025-05-01,NA,2,"quantile",0.975,228091.175820307
"5489","DE","15-34",2025-05-01,NA,3,"mean",NA,184353.129599426
"5490","DE","15-34",2025-05-01,NA,3,"quantile",0.025,133546.302334111
"5491","DE","15-34",2025-05-01,NA,3,"quantile",0.1,148658.178127299
"5492","DE","15-34",2025-05-01,NA,3,"quantile",0.25,163955.318820729
"5493","DE","15-34",2025-05-01,NA,3,"quantile",0.5,182495.175929407
"5494","DE","15-34",2025-05-01,NA,3,"quantile",0.75,202222.718924429
"5495","DE","15-34",2025-05-01,NA,3,"quantile",0.9,222561.995386683
"5496","DE","15-34",2025-05-01,NA,3,"quantile",0.975,247496.171674779
"5497","DE","15-34",2025-05-01,NA,4,"mean",NA,190185.305363479
"5498","DE","15-34",2025-05-01,NA,4,"quantile",0.025,136723.665793531
"5499","DE","15-34",2025-05-01,NA,4,"quantile",0.1,152089.250836276
"5500","DE","15-34",2025-05-01,NA,4,"quantile",0.25,167649.79124872
"5501","DE","15-34",2025-05-01,NA,4,"quantile",0.5,187446.460695723
"5502","DE","15-34",2025-05-01,NA,4,"quantile",0.75,209921.929882574
"5503","DE","15-34",2025-05-01,NA,4,"quantile",0.9,231503.565139763
"5504","DE","15-34",2025-05-01,NA,4,"quantile",0.975,259153.592804697
"5505","DE","35-59",2025-05-01,2025-05-04,1,"mean",NA,183255.742207804
"5506","DE","35-59",2025-05-01,2025-05-04,1,"quantile",0.025,142980.910758562
"5507","DE","35-59",2025-05-01,2025-05-04,1,"quantile",0.1,155650.433228886
"5508","DE","35-59",2025-05-01,2025-05-04,1,"quantile",0.25,167311.493516301
"5509","DE","35-59",2025-05-01,2025-05-04,1,"quantile",0.5,181901.311494512
"5510","DE","35-59",2025-05-01,2025-05-04,1,"quantile",0.75,197169.193566984
"5511","DE","35-59",2025-05-01,2025-05-04,1,"quantile",0.9,213506.300150521
"5512","DE","35-59",2025-05-01,2025-05-04,1,"quantile",0.975,232016.453047108
"5513","DE","35-59",2025-05-01,NA,2,"mean",NA,189063.016299393
"5514","DE","35-59",2025-05-01,NA,2,"quantile",0.025,136750.176907822
"5515","DE","35-59",2025-05-01,NA,2,"quantile",0.1,152056.401326366
"5516","DE","35-59",2025-05-01,NA,2,"quantile",0.25,167442.214578011
"5517","DE","35-59",2025-05-01,NA,2,"quantile",0.5,187097.188995097
"5518","DE","35-59",2025-05-01,NA,2,"quantile",0.75,208189.358048039
"5519","DE","35-59",2025-05-01,NA,2,"quantile",0.9,228896.072888896
"5520","DE","35-59",2025-05-01,NA,2,"quantile",0.975,254365.12792969
"5521","DE","35-59",2025-05-01,NA,3,"mean",NA,197233.897388489
"5522","DE","35-59",2025-05-01,NA,3,"quantile",0.025,135696.877967007
"5523","DE","35-59",2025-05-01,NA,3,"quantile",0.1,153531.207005745
"5524","DE","35-59",2025-05-01,NA,3,"quantile",0.25,171264.301171234
"5525","DE","35-59",2025-05-01,NA,3,"quantile",0.5,193421.851500378
"5526","DE","35-59",2025-05-01,NA,3,"quantile",0.75,220113.726308619
"5527","DE","35-59",2025-05-01,NA,3,"quantile",0.9,246029.408123319
"5528","DE","35-59",2025-05-01,NA,3,"quantile",0.975,278514.366161192
"5529","DE","35-59",2025-05-01,NA,4,"mean",NA,203352.872333121
"5530","DE","35-59",2025-05-01,NA,4,"quantile",0.025,136178.401949306
"5531","DE","35-59",2025-05-01,NA,4,"quantile",0.1,154517.674534211
"5532","DE","35-59",2025-05-01,NA,4,"quantile",0.25,173622.704565149
"5533","DE","35-59",2025-05-01,NA,4,"quantile",0.5,199277.858691068
"5534","DE","35-59",2025-05-01,NA,4,"quantile",0.75,228560.408811952
"5535","DE","35-59",2025-05-01,NA,4,"quantile",0.9,257897.510494988
"5536","DE","35-59",2025-05-01,NA,4,"quantile",0.975,294753.846110896
"5537","DE","60+",2025-05-01,2025-05-04,1,"mean",NA,82906.5912890962
"5538","DE","60+",2025-05-01,2025-05-04,1,"quantile",0.025,65149.8537651087
"5539","DE","60+",2025-05-01,2025-05-04,1,"quantile",0.1,70464.7790393424
"5540","DE","60+",2025-05-01,2025-05-04,1,"quantile",0.25,75846.5980670568
"5541","DE","60+",2025-05-01,2025-05-04,1,"quantile",0.5,82117.8968402613
"5542","DE","60+",2025-05-01,2025-05-04,1,"quantile",0.75,89342.1024010032
"5543","DE","60+",2025-05-01,2025-05-04,1,"quantile",0.9,96115.9649116032
"5544","DE","60+",2025-05-01,2025-05-04,1,"quantile",0.975,105006.451660685
"5545","DE","60+",2025-05-01,NA,2,"mean",NA,84347.7890426895
"5546","DE","60+",2025-05-01,NA,2,"quantile",0.025,61513.0804333687
"5547","DE","60+",2025-05-01,NA,2,"quantile",0.1,68035.3234383206
"5548","DE","60+",2025-05-01,NA,2,"quantile",0.25,74840.3714251087
"5549","DE","60+",2025-05-01,NA,2,"quantile",0.5,83415.6241153511
"5550","DE","60+",2025-05-01,NA,2,"quantile",0.75,92723.4271767795
"5551","DE","60+",2025-05-01,NA,2,"quantile",0.9,101843.261701091
"5552","DE","60+",2025-05-01,NA,2,"quantile",0.975,112877.226967052
"5553","DE","60+",2025-05-01,NA,3,"mean",NA,84422.5206489152
"5554","DE","60+",2025-05-01,NA,3,"quantile",0.025,58020.4247446124
"5555","DE","60+",2025-05-01,NA,3,"quantile",0.1,65640.9619240086
"5556","DE","60+",2025-05-01,NA,3,"quantile",0.25,73446.0915782236
"5557","DE","60+",2025-05-01,NA,3,"quantile",0.5,83106.6712037829
"5558","DE","60+",2025-05-01,NA,3,"quantile",0.75,93897.8623783323
"5559","DE","60+",2025-05-01,NA,3,"quantile",0.9,104667.27211275
"5560","DE","60+",2025-05-01,NA,3,"quantile",0.975,118662.573359472
"5561","DE","60+",2025-05-01,NA,4,"mean",NA,83834.4912020368
"5562","DE","60+",2025-05-01,NA,4,"quantile",0.025,56174.0656013043
"5563","DE","60+",2025-05-01,NA,4,"quantile",0.1,63789.4559938802
"5564","DE","60+",2025-05-01,NA,4,"quantile",0.25,72053.8266288836
"5565","DE","60+",2025-05-01,NA,4,"quantile",0.5,82236.98689369
"5566","DE","60+",2025-05-01,NA,4,"quantile",0.75,94125.3869850666
"5567","DE","60+",2025-05-01,NA,4,"quantile",0.9,105909.522470988
"5568","DE","60+",2025-05-01,NA,4,"quantile",0.975,119888.667563591
"5569","DE","00+",2025-05-08,NA,1,"mean",NA,569274.539328277
"5570","DE","00+",2025-05-08,NA,1,"quantile",0.025,464042.501557623
"5571","DE","00+",2025-05-08,NA,1,"quantile",0.1,497895.93305163
"5572","DE","00+",2025-05-08,NA,1,"quantile",0.25,528920.908764661
"5573","DE","00+",2025-05-08,NA,1,"quantile",0.5,566816.188535423
"5574","DE","00+",2025-05-08,NA,1,"quantile",0.75,605811.236394051
"5575","DE","00+",2025-05-08,NA,1,"quantile",0.9,645347.08825947
"5576","DE","00+",2025-05-08,NA,1,"quantile",0.975,688623.172822821
"5577","DE","00+",2025-05-08,NA,2,"mean",NA,610437.715935748
"5578","DE","00+",2025-05-08,NA,2,"quantile",0.025,470482.468388259
"5579","DE","00+",2025-05-08,NA,2,"quantile",0.1,513964.979370828
"5580","DE","00+",2025-05-08,NA,2,"quantile",0.25,554918.95746114
"5581","DE","00+",2025-05-08,NA,2,"quantile",0.5,605025.7773628
"5582","DE","00+",2025-05-08,NA,2,"quantile",0.75,660622.374154048
"5583","DE","00+",2025-05-08,NA,2,"quantile",0.9,713890.725814212
"5584","DE","00+",2025-05-08,NA,2,"quantile",0.975,778773.352485653
"5585","DE","00+",2025-05-08,NA,3,"mean",NA,645235.084832627
"5586","DE","00+",2025-05-08,NA,3,"quantile",0.025,476297.302998144
"5587","DE","00+",2025-05-08,NA,3,"quantile",0.1,528255.136978469
"5588","DE","00+",2025-05-08,NA,3,"quantile",0.25,576695.241519471
"5589","DE","00+",2025-05-08,NA,3,"quantile",0.5,638491.134628327
"5590","DE","00+",2025-05-08,NA,3,"quantile",0.75,705741.898668716
"5591","DE","00+",2025-05-08,NA,3,"quantile",0.9,770529.085013183
"5592","DE","00+",2025-05-08,NA,3,"quantile",0.975,853641.9942168
"5593","DE","00+",2025-05-08,NA,4,"mean",NA,667174.092586017
"5594","DE","00+",2025-05-08,NA,4,"quantile",0.025,483852.775475695
"5595","DE","00+",2025-05-08,NA,4,"quantile",0.1,538272.471210528
"5596","DE","00+",2025-05-08,NA,4,"quantile",0.25,594788.977396509
"5597","DE","00+",2025-05-08,NA,4,"quantile",0.5,659549.472074784
"5598","DE","00+",2025-05-08,NA,4,"quantile",0.75,732074.216778544
"5599","DE","00+",2025-05-08,NA,4,"quantile",0.9,805557.685293685
"5600","DE","00+",2025-05-08,NA,4,"quantile",0.975,896940.909879326
"5601","DE","00-04",2025-05-08,NA,1,"mean",NA,92316.7545592134
"5602","DE","00-04",2025-05-08,NA,1,"quantile",0.025,79863.1273942461
"5603","DE","00-04",2025-05-08,NA,1,"quantile",0.1,83786.0424658369
"5604","DE","00-04",2025-05-08,NA,1,"quantile",0.25,87637.4832344599
"5605","DE","00-04",2025-05-08,NA,1,"quantile",0.5,92085.3351270247
"5606","DE","00-04",2025-05-08,NA,1,"quantile",0.75,96698.0451796855
"5607","DE","00-04",2025-05-08,NA,1,"quantile",0.9,101056.278196508
"5608","DE","00-04",2025-05-08,NA,1,"quantile",0.975,106085.218924346
"5609","DE","00-04",2025-05-08,NA,2,"mean",NA,100595.582263699
"5610","DE","00-04",2025-05-08,NA,2,"quantile",0.025,84262.9075934822
"5611","DE","00-04",2025-05-08,NA,2,"quantile",0.1,89306.6524399254
"5612","DE","00-04",2025-05-08,NA,2,"quantile",0.25,94348.8200564614
"5613","DE","00-04",2025-05-08,NA,2,"quantile",0.5,100029.472270085
"5614","DE","00-04",2025-05-08,NA,2,"quantile",0.75,106392.722169021
"5615","DE","00-04",2025-05-08,NA,2,"quantile",0.9,112481.910575616
"5616","DE","00-04",2025-05-08,NA,2,"quantile",0.975,119472.91085862
"5617","DE","00-04",2025-05-08,NA,3,"mean",NA,107551.965239566
"5618","DE","00-04",2025-05-08,NA,3,"quantile",0.025,87513.7193088244
"5619","DE","00-04",2025-05-08,NA,3,"quantile",0.1,93854.0319254472
"5620","DE","00-04",2025-05-08,NA,3,"quantile",0.25,100017.929444211
"5621","DE","00-04",2025-05-08,NA,3,"quantile",0.5,107089.109315996
"5622","DE","00-04",2025-05-08,NA,3,"quantile",0.75,114469.824329434
"5623","DE","00-04",2025-05-08,NA,3,"quantile",0.9,121801.462636863
"5624","DE","00-04",2025-05-08,NA,3,"quantile",0.975,130635.327788806
"5625","DE","00-04",2025-05-08,NA,4,"mean",NA,111498.31623165
"5626","DE","00-04",2025-05-08,NA,4,"quantile",0.025,89807.9152769117
"5627","DE","00-04",2025-05-08,NA,4,"quantile",0.1,96728.8705899086
"5628","DE","00-04",2025-05-08,NA,4,"quantile",0.25,103172.924014717
"5629","DE","00-04",2025-05-08,NA,4,"quantile",0.5,110884.863260969
"5630","DE","00-04",2025-05-08,NA,4,"quantile",0.75,119170.681018581
"5631","DE","00-04",2025-05-08,NA,4,"quantile",0.9,126962.426177901
"5632","DE","00-04",2025-05-08,NA,4,"quantile",0.975,136889.876392593
"5633","DE","05-14",2025-05-08,NA,1,"mean",NA,60421.20168676
"5634","DE","05-14",2025-05-08,NA,1,"quantile",0.025,48195.2428983368
"5635","DE","05-14",2025-05-08,NA,1,"quantile",0.1,51983.6611688451
"5636","DE","05-14",2025-05-08,NA,1,"quantile",0.25,55551.3923757547
"5637","DE","05-14",2025-05-08,NA,1,"quantile",0.5,60039.3363078379
"5638","DE","05-14",2025-05-08,NA,1,"quantile",0.75,64754.5249546986
"5639","DE","05-14",2025-05-08,NA,1,"quantile",0.9,69499.3230395225
"5640","DE","05-14",2025-05-08,NA,1,"quantile",0.975,74754.8186540392
"5641","DE","05-14",2025-05-08,NA,2,"mean",NA,73698.5261198313
"5642","DE","05-14",2025-05-08,NA,2,"quantile",0.025,55318.4327863108
"5643","DE","05-14",2025-05-08,NA,2,"quantile",0.1,60744.1598892819
"5644","DE","05-14",2025-05-08,NA,2,"quantile",0.25,66210.837780302
"5645","DE","05-14",2025-05-08,NA,2,"quantile",0.5,72899.7707781034
"5646","DE","05-14",2025-05-08,NA,2,"quantile",0.75,80338.4362920346
"5647","DE","05-14",2025-05-08,NA,2,"quantile",0.9,87384.7395942966
"5648","DE","05-14",2025-05-08,NA,2,"quantile",0.975,96037.9926575163
"5649","DE","05-14",2025-05-08,NA,3,"mean",NA,83599.2128923094
"5650","DE","05-14",2025-05-08,NA,3,"quantile",0.025,60246.5913613576
"5651","DE","05-14",2025-05-08,NA,3,"quantile",0.1,67111.5962107883
"5652","DE","05-14",2025-05-08,NA,3,"quantile",0.25,73904.2784768164
"5653","DE","05-14",2025-05-08,NA,3,"quantile",0.5,82611.3802914222
"5654","DE","05-14",2025-05-08,NA,3,"quantile",0.75,92107.1153501999
"5655","DE","05-14",2025-05-08,NA,3,"quantile",0.9,101310.475837149
"5656","DE","05-14",2025-05-08,NA,3,"quantile",0.975,113221.412621052
"5657","DE","05-14",2025-05-08,NA,4,"mean",NA,88305.4084970977
"5658","DE","05-14",2025-05-08,NA,4,"quantile",0.025,62803.8122250931
"5659","DE","05-14",2025-05-08,NA,4,"quantile",0.1,70235.3254895123
"5660","DE","05-14",2025-05-08,NA,4,"quantile",0.25,77911.6867970085
"5661","DE","05-14",2025-05-08,NA,4,"quantile",0.5,87214.5314915437
"5662","DE","05-14",2025-05-08,NA,4,"quantile",0.75,97604.5168098169
"5663","DE","05-14",2025-05-08,NA,4,"quantile",0.9,107665.373996794
"5664","DE","05-14",2025-05-08,NA,4,"quantile",0.975,121046.517373882
"5665","DE","15-34",2025-05-08,NA,1,"mean",NA,170615.671282717
"5666","DE","15-34",2025-05-08,NA,1,"quantile",0.025,135465.849687155
"5667","DE","15-34",2025-05-08,NA,1,"quantile",0.1,145827.430718801
"5668","DE","15-34",2025-05-08,NA,1,"quantile",0.25,156988.947588746
"5669","DE","15-34",2025-05-08,NA,1,"quantile",0.5,169434.026267697
"5670","DE","15-34",2025-05-08,NA,1,"quantile",0.75,183224.993153465
"5671","DE","15-34",2025-05-08,NA,1,"quantile",0.9,196170.16573439
"5672","DE","15-34",2025-05-08,NA,1,"quantile",0.975,213129.02431765
"5673","DE","15-34",2025-05-08,NA,2,"mean",NA,179394.662078653
"5674","DE","15-34",2025-05-08,NA,2,"quantile",0.025,135684.392470079
"5675","DE","15-34",2025-05-08,NA,2,"quantile",0.1,148619.219132414
"5676","DE","15-34",2025-05-08,NA,2,"quantile",0.25,161696.271587375
"5677","DE","15-34",2025-05-08,NA,2,"quantile",0.5,177214.590555869
"5678","DE","15-34",2025-05-08,NA,2,"quantile",0.75,195372.243079304
"5679","DE","15-34",2025-05-08,NA,2,"quantile",0.9,213335.32717247
"5680","DE","15-34",2025-05-08,NA,2,"quantile",0.975,233528.722193303
"5681","DE","15-34",2025-05-08,NA,3,"mean",NA,186526.219390301
"5682","DE","15-34",2025-05-08,NA,3,"quantile",0.025,135448.041818904
"5683","DE","15-34",2025-05-08,NA,3,"quantile",0.1,150613.139603553
"5684","DE","15-34",2025-05-08,NA,3,"quantile",0.25,165985.442109474
"5685","DE","15-34",2025-05-08,NA,3,"quantile",0.5,184474.956461908
"5686","DE","15-34",2025-05-08,NA,3,"quantile",0.75,204117.092998655
"5687","DE","15-34",2025-05-08,NA,3,"quantile",0.9,224923.078689258
"5688","DE","15-34",2025-05-08,NA,3,"quantile",0.975,249688.564049373
"5689","DE","15-34",2025-05-08,NA,4,"mean",NA,190819.776808917
"5690","DE","15-34",2025-05-08,NA,4,"quantile",0.025,136856.013728624
"5691","DE","15-34",2025-05-08,NA,4,"quantile",0.1,153383.548742747
"5692","DE","15-34",2025-05-08,NA,4,"quantile",0.25,168998.233670103
"5693","DE","15-34",2025-05-08,NA,4,"quantile",0.5,188462.786539905
"5694","DE","15-34",2025-05-08,NA,4,"quantile",0.75,209935.090107549
"5695","DE","15-34",2025-05-08,NA,4,"quantile",0.9,231302.570222004
"5696","DE","15-34",2025-05-08,NA,4,"quantile",0.975,259822.527705135
"5697","DE","35-59",2025-05-08,NA,1,"mean",NA,172745.558730685
"5698","DE","35-59",2025-05-08,NA,1,"quantile",0.025,134664.225798736
"5699","DE","35-59",2025-05-08,NA,1,"quantile",0.1,146601.802989714
"5700","DE","35-59",2025-05-08,NA,1,"quantile",0.25,157738.692392367
"5701","DE","35-59",2025-05-08,NA,1,"quantile",0.5,171673.450142794
"5702","DE","35-59",2025-05-08,NA,1,"quantile",0.75,186363.810436775
"5703","DE","35-59",2025-05-08,NA,1,"quantile",0.9,201121.208622257
"5704","DE","35-59",2025-05-08,NA,1,"quantile",0.975,217933.955762694
"5705","DE","35-59",2025-05-08,NA,2,"mean",NA,181530.580583247
"5706","DE","35-59",2025-05-08,NA,2,"quantile",0.025,131301.734786846
"5707","DE","35-59",2025-05-08,NA,2,"quantile",0.1,146564.057410478
"5708","DE","35-59",2025-05-08,NA,2,"quantile",0.25,160888.588702167
"5709","DE","35-59",2025-05-08,NA,2,"quantile",0.5,179195.071158014
"5710","DE","35-59",2025-05-08,NA,2,"quantile",0.75,199602.431340151
"5711","DE","35-59",2025-05-08,NA,2,"quantile",0.9,219672.442120759
"5712","DE","35-59",2025-05-08,NA,2,"quantile",0.975,245025.326530646
"5713","DE","35-59",2025-05-08,NA,3,"mean",NA,191171.517046083
"5714","DE","35-59",2025-05-08,NA,3,"quantile",0.025,130447.826192523
"5715","DE","35-59",2025-05-08,NA,3,"quantile",0.1,148286.109137391
"5716","DE","35-59",2025-05-08,NA,3,"quantile",0.25,165602.145608858
"5717","DE","35-59",2025-05-08,NA,3,"quantile",0.5,187973.980668055
"5718","DE","35-59",2025-05-08,NA,3,"quantile",0.75,213002.079780255
"5719","DE","35-59",2025-05-08,NA,3,"quantile",0.9,237576.799504907
"5720","DE","35-59",2025-05-08,NA,3,"quantile",0.975,269905.143709355
"5721","DE","35-59",2025-05-08,NA,4,"mean",NA,199001.674948339
"5722","DE","35-59",2025-05-08,NA,4,"quantile",0.025,132054.475505083
"5723","DE","35-59",2025-05-08,NA,4,"quantile",0.1,151487.600535834
"5724","DE","35-59",2025-05-08,NA,4,"quantile",0.25,171585.531658355
"5725","DE","35-59",2025-05-08,NA,4,"quantile",0.5,195234.573959558
"5726","DE","35-59",2025-05-08,NA,4,"quantile",0.75,222291.420374686
"5727","DE","35-59",2025-05-08,NA,4,"quantile",0.9,251211.762299869
"5728","DE","35-59",2025-05-08,NA,4,"quantile",0.975,287364.810068225
"5729","DE","60+",2025-05-08,NA,1,"mean",NA,82315.0528407829
"5730","DE","60+",2025-05-08,NA,1,"quantile",0.025,64658.6029171098
"5731","DE","60+",2025-05-08,NA,1,"quantile",0.1,69870.3827850416
"5732","DE","60+",2025-05-08,NA,1,"quantile",0.25,75431.0286261307
"5733","DE","60+",2025-05-08,NA,1,"quantile",0.5,81724.0899791288
"5734","DE","60+",2025-05-08,NA,1,"quantile",0.75,88522.4461791098
"5735","DE","60+",2025-05-08,NA,1,"quantile",0.9,95371.0321734615
"5736","DE","60+",2025-05-08,NA,1,"quantile",0.975,103197.274343336
"5737","DE","60+",2025-05-08,NA,2,"mean",NA,82493.109627729
"5738","DE","60+",2025-05-08,NA,2,"quantile",0.025,60499.0254385177
"5739","DE","60+",2025-05-08,NA,2,"quantile",0.1,66651.6613843509
"5740","DE","60+",2025-05-08,NA,2,"quantile",0.25,73384.6476658956
"5741","DE","60+",2025-05-08,NA,2,"quantile",0.5,81451.5666199856
"5742","DE","60+",2025-05-08,NA,2,"quantile",0.75,90413.7457591356
"5743","DE","60+",2025-05-08,NA,2,"quantile",0.9,99421.4341272316
"5744","DE","60+",2025-05-08,NA,2,"quantile",0.975,110896.519386075
"5745","DE","60+",2025-05-08,NA,3,"mean",NA,82405.8294403173
"5746","DE","60+",2025-05-08,NA,3,"quantile",0.025,56989.6092726388
"5747","DE","60+",2025-05-08,NA,3,"quantile",0.1,64227.5628119533
"5748","DE","60+",2025-05-08,NA,3,"quantile",0.25,71885.9327777217
"5749","DE","60+",2025-05-08,NA,3,"quantile",0.5,81087.814652449
"5750","DE","60+",2025-05-08,NA,3,"quantile",0.75,91281.7073378756
"5751","DE","60+",2025-05-08,NA,3,"quantile",0.9,102185.695154146
"5752","DE","60+",2025-05-08,NA,3,"quantile",0.975,115979.240675017
"5753","DE","60+",2025-05-08,NA,4,"mean",NA,82391.0131197697
"5754","DE","60+",2025-05-08,NA,4,"quantile",0.025,55040.184638358
"5755","DE","60+",2025-05-08,NA,4,"quantile",0.1,63167.5941996448
"5756","DE","60+",2025-05-08,NA,4,"quantile",0.25,70919.5861307655
"5757","DE","60+",2025-05-08,NA,4,"quantile",0.5,80909.8480494992
"5758","DE","60+",2025-05-08,NA,4,"quantile",0.75,92011.9605782881
"5759","DE","60+",2025-05-08,NA,4,"quantile",0.9,103050.707211987
"5760","DE","60+",2025-05-08,NA,4,"quantile",0.975,118699.960989057
