"","location","age_group","forecast_date","target_end_date","horizon","type","quantile","value"
"1","DE","00+",2024-10-17,2024-10-20,1,"quantile",0.025,1194533.425
"2","DE","00+",2024-10-17,2024-10-20,1,"quantile",0.1,1284353.3
"3","DE","00+",2024-10-17,2024-10-20,1,"quantile",0.25,1366784.75
"4","DE","00+",2024-10-17,2024-10-20,1,"quantile",0.5,1469076.5
"5","DE","00+",2024-10-17,2024-10-20,1,"quantile",0.75,1569704.5
"6","DE","00+",2024-10-17,2024-10-20,1,"quantile",0.9,1669562.9
"7","DE","00+",2024-10-17,2024-10-20,1,"quantile",0.975,1793028.425
"8","DE","00+",2024-10-17,2024-10-27,2,"quantile",0.025,1057317.275
"9","DE","00+",2024-10-17,2024-10-27,2,"quantile",0.1,1162280.4
"10","DE","00+",2024-10-17,2024-10-27,2,"quantile",0.25,1255626
"11","DE","00+",2024-10-17,2024-10-27,2,"quantile",0.5,1376602.5
"12","DE","00+",2024-10-17,2024-10-27,2,"quantile",0.75,1507340.5
"13","DE","00+",2024-10-17,2024-10-27,2,"quantile",0.9,1640892.3
"14","DE","00+",2024-10-17,2024-10-27,2,"quantile",0.975,1798650.5
"15","DE","00+",2024-10-17,2024-11-03,3,"quantile",0.025,781583.475
"16","DE","00+",2024-10-17,2024-11-03,3,"quantile",0.1,873655.6
"17","DE","00+",2024-10-17,2024-11-03,3,"quantile",0.25,962689.5
"18","DE","00+",2024-10-17,2024-11-03,3,"quantile",0.5,1071962
"19","DE","00+",2024-10-17,2024-11-03,3,"quantile",0.75,1192307.75
"20","DE","00+",2024-10-17,2024-11-03,3,"quantile",0.9,1321279.3
"21","DE","00+",2024-10-17,2024-11-03,3,"quantile",0.975,1457935.3
"22","DE","00+",2024-10-17,2024-11-10,4,"quantile",0.025,910840.75
"23","DE","00+",2024-10-17,2024-11-10,4,"quantile",0.1,1019276.4
"24","DE","00+",2024-10-17,2024-11-10,4,"quantile",0.25,1133466.75
"25","DE","00+",2024-10-17,2024-11-10,4,"quantile",0.5,1276527
"26","DE","00+",2024-10-17,2024-11-10,4,"quantile",0.75,1433316.75
"27","DE","00+",2024-10-17,2024-11-10,4,"quantile",0.9,1594906.2
"28","DE","00+",2024-10-17,2024-11-10,4,"quantile",0.975,1771990.175
"29","DE","00-04",2024-10-17,2024-10-20,1,"quantile",0.025,161975.075
"30","DE","00-04",2024-10-17,2024-10-20,1,"quantile",0.1,170272.7
"31","DE","00-04",2024-10-17,2024-10-20,1,"quantile",0.25,178207
"32","DE","00-04",2024-10-17,2024-10-20,1,"quantile",0.5,187584
"33","DE","00-04",2024-10-17,2024-10-20,1,"quantile",0.75,197232
"34","DE","00-04",2024-10-17,2024-10-20,1,"quantile",0.9,206587.9
"35","DE","00-04",2024-10-17,2024-10-20,1,"quantile",0.975,217981.375
"36","DE","00-04",2024-10-17,2024-10-27,2,"quantile",0.025,158331.125
"37","DE","00-04",2024-10-17,2024-10-27,2,"quantile",0.1,169211.3
"38","DE","00-04",2024-10-17,2024-10-27,2,"quantile",0.25,178935.25
"39","DE","00-04",2024-10-17,2024-10-27,2,"quantile",0.5,190403
"40","DE","00-04",2024-10-17,2024-10-27,2,"quantile",0.75,202724
"41","DE","00-04",2024-10-17,2024-10-27,2,"quantile",0.9,214766.5
"42","DE","00-04",2024-10-17,2024-10-27,2,"quantile",0.975,229799.95
"43","DE","00-04",2024-10-17,2024-11-03,3,"quantile",0.025,128634.85
"44","DE","00-04",2024-10-17,2024-11-03,3,"quantile",0.1,138582.6
"45","DE","00-04",2024-10-17,2024-11-03,3,"quantile",0.25,147948
"46","DE","00-04",2024-10-17,2024-11-03,3,"quantile",0.5,158940
"47","DE","00-04",2024-10-17,2024-11-03,3,"quantile",0.75,170682.5
"48","DE","00-04",2024-10-17,2024-11-03,3,"quantile",0.9,181814.7
"49","DE","00-04",2024-10-17,2024-11-03,3,"quantile",0.975,196016.625
"50","DE","00-04",2024-10-17,2024-11-10,4,"quantile",0.025,142203.875
"51","DE","00-04",2024-10-17,2024-11-10,4,"quantile",0.1,153550.9
"52","DE","00-04",2024-10-17,2024-11-10,4,"quantile",0.25,164731
"53","DE","00-04",2024-10-17,2024-11-10,4,"quantile",0.5,178673
"54","DE","00-04",2024-10-17,2024-11-10,4,"quantile",0.75,193340.25
"55","DE","00-04",2024-10-17,2024-11-10,4,"quantile",0.9,207711.1
"56","DE","00-04",2024-10-17,2024-11-10,4,"quantile",0.975,222854.65
"57","DE","05-14",2024-10-17,2024-10-20,1,"quantile",0.025,113892.575
"58","DE","05-14",2024-10-17,2024-10-20,1,"quantile",0.1,123221.4
"59","DE","05-14",2024-10-17,2024-10-20,1,"quantile",0.25,131642.75
"60","DE","05-14",2024-10-17,2024-10-20,1,"quantile",0.5,141676.5
"61","DE","05-14",2024-10-17,2024-10-20,1,"quantile",0.75,153547.5
"62","DE","05-14",2024-10-17,2024-10-20,1,"quantile",0.9,164755.4
"63","DE","05-14",2024-10-17,2024-10-20,1,"quantile",0.975,178360.75
"64","DE","05-14",2024-10-17,2024-10-27,2,"quantile",0.025,103724.55
"65","DE","05-14",2024-10-17,2024-10-27,2,"quantile",0.1,113698.3
"66","DE","05-14",2024-10-17,2024-10-27,2,"quantile",0.25,124175.75
"67","DE","05-14",2024-10-17,2024-10-27,2,"quantile",0.5,137309
"68","DE","05-14",2024-10-17,2024-10-27,2,"quantile",0.75,152711.5
"69","DE","05-14",2024-10-17,2024-10-27,2,"quantile",0.9,167512.6
"70","DE","05-14",2024-10-17,2024-10-27,2,"quantile",0.975,184498.1
"71","DE","05-14",2024-10-17,2024-11-03,3,"quantile",0.025,78686.15
"72","DE","05-14",2024-10-17,2024-11-03,3,"quantile",0.1,88647.5
"73","DE","05-14",2024-10-17,2024-11-03,3,"quantile",0.25,98439
"74","DE","05-14",2024-10-17,2024-11-03,3,"quantile",0.5,110842.5
"75","DE","05-14",2024-10-17,2024-11-03,3,"quantile",0.75,125314.5
"76","DE","05-14",2024-10-17,2024-11-03,3,"quantile",0.9,139203.1
"77","DE","05-14",2024-10-17,2024-11-03,3,"quantile",0.975,157507.975
"78","DE","05-14",2024-10-17,2024-11-10,4,"quantile",0.025,95553.075
"79","DE","05-14",2024-10-17,2024-11-10,4,"quantile",0.1,109645.1
"80","DE","05-14",2024-10-17,2024-11-10,4,"quantile",0.25,123070.5
"81","DE","05-14",2024-10-17,2024-11-10,4,"quantile",0.5,140070.5
"82","DE","05-14",2024-10-17,2024-11-10,4,"quantile",0.75,158214.25
"83","DE","05-14",2024-10-17,2024-11-10,4,"quantile",0.9,175973.5
"84","DE","05-14",2024-10-17,2024-11-10,4,"quantile",0.975,201302.25
"85","DE","15-34",2024-10-17,2024-10-20,1,"quantile",0.025,341272.075
"86","DE","15-34",2024-10-17,2024-10-20,1,"quantile",0.1,369330.3
"87","DE","15-34",2024-10-17,2024-10-20,1,"quantile",0.25,397333.75
"88","DE","15-34",2024-10-17,2024-10-20,1,"quantile",0.5,429665.5
"89","DE","15-34",2024-10-17,2024-10-20,1,"quantile",0.75,465904
"90","DE","15-34",2024-10-17,2024-10-20,1,"quantile",0.9,500089
"91","DE","15-34",2024-10-17,2024-10-20,1,"quantile",0.975,543164.8
"92","DE","15-34",2024-10-17,2024-10-27,2,"quantile",0.025,289316
"93","DE","15-34",2024-10-17,2024-10-27,2,"quantile",0.1,318472.9
"94","DE","15-34",2024-10-17,2024-10-27,2,"quantile",0.25,350338.5
"95","DE","15-34",2024-10-17,2024-10-27,2,"quantile",0.5,387631
"96","DE","15-34",2024-10-17,2024-10-27,2,"quantile",0.75,429752.25
"97","DE","15-34",2024-10-17,2024-10-27,2,"quantile",0.9,470125.5
"98","DE","15-34",2024-10-17,2024-10-27,2,"quantile",0.975,516923.175
"99","DE","15-34",2024-10-17,2024-11-03,3,"quantile",0.025,213513.075
"100","DE","15-34",2024-10-17,2024-11-03,3,"quantile",0.1,239914.2
"101","DE","15-34",2024-10-17,2024-11-03,3,"quantile",0.25,265846.25
"102","DE","15-34",2024-10-17,2024-11-03,3,"quantile",0.5,298634
"103","DE","15-34",2024-10-17,2024-11-03,3,"quantile",0.75,334900.25
"104","DE","15-34",2024-10-17,2024-11-03,3,"quantile",0.9,371400
"105","DE","15-34",2024-10-17,2024-11-03,3,"quantile",0.975,417904.675
"106","DE","15-34",2024-10-17,2024-11-10,4,"quantile",0.025,248981.15
"107","DE","15-34",2024-10-17,2024-11-10,4,"quantile",0.1,284188.7
"108","DE","15-34",2024-10-17,2024-11-10,4,"quantile",0.25,316678.25
"109","DE","15-34",2024-10-17,2024-11-10,4,"quantile",0.5,358309
"110","DE","15-34",2024-10-17,2024-11-10,4,"quantile",0.75,404602.5
"111","DE","15-34",2024-10-17,2024-11-10,4,"quantile",0.9,450304.2
"112","DE","15-34",2024-10-17,2024-11-10,4,"quantile",0.975,508386.5
"113","DE","35-59",2024-10-17,2024-10-20,1,"quantile",0.025,414056.925
"114","DE","35-59",2024-10-17,2024-10-20,1,"quantile",0.1,454558.2
"115","DE","35-59",2024-10-17,2024-10-20,1,"quantile",0.25,487923.75
"116","DE","35-59",2024-10-17,2024-10-20,1,"quantile",0.5,529015
"117","DE","35-59",2024-10-17,2024-10-20,1,"quantile",0.75,574924
"118","DE","35-59",2024-10-17,2024-10-20,1,"quantile",0.9,621089.4
"119","DE","35-59",2024-10-17,2024-10-20,1,"quantile",0.975,677374.325
"120","DE","35-59",2024-10-17,2024-10-27,2,"quantile",0.025,352756.55
"121","DE","35-59",2024-10-17,2024-10-27,2,"quantile",0.1,395892.1
"122","DE","35-59",2024-10-17,2024-10-27,2,"quantile",0.25,435799.5
"123","DE","35-59",2024-10-17,2024-10-27,2,"quantile",0.5,487225
"124","DE","35-59",2024-10-17,2024-10-27,2,"quantile",0.75,546646.75
"125","DE","35-59",2024-10-17,2024-10-27,2,"quantile",0.9,605131.7
"126","DE","35-59",2024-10-17,2024-10-27,2,"quantile",0.975,681016.975
"127","DE","35-59",2024-10-17,2024-11-03,3,"quantile",0.025,250145.975
"128","DE","35-59",2024-10-17,2024-11-03,3,"quantile",0.1,284735.5
"129","DE","35-59",2024-10-17,2024-11-03,3,"quantile",0.25,320331
"130","DE","35-59",2024-10-17,2024-11-03,3,"quantile",0.5,365493.5
"131","DE","35-59",2024-10-17,2024-11-03,3,"quantile",0.75,418831.25
"132","DE","35-59",2024-10-17,2024-11-03,3,"quantile",0.9,469741.7
"133","DE","35-59",2024-10-17,2024-11-03,3,"quantile",0.975,543456.175
"134","DE","35-59",2024-10-17,2024-11-10,4,"quantile",0.025,288499.85
"135","DE","35-59",2024-10-17,2024-11-10,4,"quantile",0.1,331067
"136","DE","35-59",2024-10-17,2024-11-10,4,"quantile",0.25,381661.5
"137","DE","35-59",2024-10-17,2024-11-10,4,"quantile",0.5,443148
"138","DE","35-59",2024-10-17,2024-11-10,4,"quantile",0.75,510969
"139","DE","35-59",2024-10-17,2024-11-10,4,"quantile",0.9,581287.9
"140","DE","35-59",2024-10-17,2024-11-10,4,"quantile",0.975,668375.325
"141","DE","60+",2024-10-17,2024-10-20,1,"quantile",0.025,139520.325
"142","DE","60+",2024-10-17,2024-10-20,1,"quantile",0.1,152272.5
"143","DE","60+",2024-10-17,2024-10-20,1,"quantile",0.25,163924
"144","DE","60+",2024-10-17,2024-10-20,1,"quantile",0.5,177785
"145","DE","60+",2024-10-17,2024-10-20,1,"quantile",0.75,193039
"146","DE","60+",2024-10-17,2024-10-20,1,"quantile",0.9,207731.9
"147","DE","60+",2024-10-17,2024-10-20,1,"quantile",0.975,224476.275
"148","DE","60+",2024-10-17,2024-10-27,2,"quantile",0.025,121285.275
"149","DE","60+",2024-10-17,2024-10-27,2,"quantile",0.1,134674.4
"150","DE","60+",2024-10-17,2024-10-27,2,"quantile",0.25,148860.25
"151","DE","60+",2024-10-17,2024-10-27,2,"quantile",0.5,165906.5
"152","DE","60+",2024-10-17,2024-10-27,2,"quantile",0.75,184930.25
"153","DE","60+",2024-10-17,2024-10-27,2,"quantile",0.9,203378.1
"154","DE","60+",2024-10-17,2024-10-27,2,"quantile",0.975,226625.175
"155","DE","60+",2024-10-17,2024-11-03,3,"quantile",0.025,84827.975
"156","DE","60+",2024-10-17,2024-11-03,3,"quantile",0.1,96295.7
"157","DE","60+",2024-10-17,2024-11-03,3,"quantile",0.25,107781.5
"158","DE","60+",2024-10-17,2024-11-03,3,"quantile",0.5,122476
"159","DE","60+",2024-10-17,2024-11-03,3,"quantile",0.75,139561.75
"160","DE","60+",2024-10-17,2024-11-03,3,"quantile",0.9,156353.7
"161","DE","60+",2024-10-17,2024-11-03,3,"quantile",0.975,177212.575
"162","DE","60+",2024-10-17,2024-11-10,4,"quantile",0.025,97393.5
"163","DE","60+",2024-10-17,2024-11-10,4,"quantile",0.1,112162.6
"164","DE","60+",2024-10-17,2024-11-10,4,"quantile",0.25,126300.75
"165","DE","60+",2024-10-17,2024-11-10,4,"quantile",0.5,144189
"166","DE","60+",2024-10-17,2024-11-10,4,"quantile",0.75,165897
"167","DE","60+",2024-10-17,2024-11-10,4,"quantile",0.9,188640.3
"168","DE","60+",2024-10-17,2024-11-10,4,"quantile",0.975,215513.325
"169","DE","00+",2024-10-24,2024-10-27,1,"quantile",0.025,1112454.375
"170","DE","00+",2024-10-24,2024-10-27,1,"quantile",0.1,1186241.7
"171","DE","00+",2024-10-24,2024-10-27,1,"quantile",0.25,1267500
"172","DE","00+",2024-10-24,2024-10-27,1,"quantile",0.5,1360376.5
"173","DE","00+",2024-10-24,2024-10-27,1,"quantile",0.75,1460291.75
"174","DE","00+",2024-10-24,2024-10-27,1,"quantile",0.9,1557516.6
"175","DE","00+",2024-10-24,2024-10-27,1,"quantile",0.975,1666096.75
"176","DE","00+",2024-10-24,2024-11-03,2,"quantile",0.025,805578.725
"177","DE","00+",2024-10-24,2024-11-03,2,"quantile",0.1,888156.3
"178","DE","00+",2024-10-24,2024-11-03,2,"quantile",0.25,961793
"179","DE","00+",2024-10-24,2024-11-03,2,"quantile",0.5,1056477
"180","DE","00+",2024-10-24,2024-11-03,2,"quantile",0.75,1162919.75
"181","DE","00+",2024-10-24,2024-11-03,2,"quantile",0.9,1260442.5
"182","DE","00+",2024-10-24,2024-11-03,2,"quantile",0.975,1376479.25
"183","DE","00+",2024-10-24,2024-11-10,3,"quantile",0.025,923470.025
"184","DE","00+",2024-10-24,2024-11-10,3,"quantile",0.1,1028224.2
"185","DE","00+",2024-10-24,2024-11-10,3,"quantile",0.25,1132821.25
"186","DE","00+",2024-10-24,2024-11-10,3,"quantile",0.5,1262422.5
"187","DE","00+",2024-10-24,2024-11-10,3,"quantile",0.75,1411555.5
"188","DE","00+",2024-10-24,2024-11-10,3,"quantile",0.9,1551370.8
"189","DE","00+",2024-10-24,2024-11-10,3,"quantile",0.975,1719612.85
"190","DE","00+",2024-10-24,2024-11-17,4,"quantile",0.025,873007.225
"191","DE","00+",2024-10-24,2024-11-17,4,"quantile",0.1,985678.8
"192","DE","00+",2024-10-24,2024-11-17,4,"quantile",0.25,1092687.75
"193","DE","00+",2024-10-24,2024-11-17,4,"quantile",0.5,1227615
"194","DE","00+",2024-10-24,2024-11-17,4,"quantile",0.75,1384014.5
"195","DE","00+",2024-10-24,2024-11-17,4,"quantile",0.9,1530822.7
"196","DE","00+",2024-10-24,2024-11-17,4,"quantile",0.975,1717445.15
"197","DE","00-04",2024-10-24,2024-10-27,1,"quantile",0.025,173217.85
"198","DE","00-04",2024-10-24,2024-10-27,1,"quantile",0.1,181627.8
"199","DE","00-04",2024-10-24,2024-10-27,1,"quantile",0.25,190370.25
"200","DE","00-04",2024-10-24,2024-10-27,1,"quantile",0.5,200057.5
"201","DE","00-04",2024-10-24,2024-10-27,1,"quantile",0.75,210340.75
"202","DE","00-04",2024-10-24,2024-10-27,1,"quantile",0.9,219997.7
"203","DE","00-04",2024-10-24,2024-10-27,1,"quantile",0.975,230758.925
"204","DE","00-04",2024-10-24,2024-11-03,2,"quantile",0.025,138185.375
"205","DE","00-04",2024-10-24,2024-11-03,2,"quantile",0.1,147299.8
"206","DE","00-04",2024-10-24,2024-11-03,2,"quantile",0.25,155653.75
"207","DE","00-04",2024-10-24,2024-11-03,2,"quantile",0.5,165789.5
"208","DE","00-04",2024-10-24,2024-11-03,2,"quantile",0.75,176554.75
"209","DE","00-04",2024-10-24,2024-11-03,2,"quantile",0.9,187224.1
"210","DE","00-04",2024-10-24,2024-11-03,2,"quantile",0.975,199366.1
"211","DE","00-04",2024-10-24,2024-11-10,3,"quantile",0.025,150276.075
"212","DE","00-04",2024-10-24,2024-11-10,3,"quantile",0.1,161135.9
"213","DE","00-04",2024-10-24,2024-11-10,3,"quantile",0.25,171394
"214","DE","00-04",2024-10-24,2024-11-10,3,"quantile",0.5,184528.5
"215","DE","00-04",2024-10-24,2024-11-10,3,"quantile",0.75,197932.75
"216","DE","00-04",2024-10-24,2024-11-10,3,"quantile",0.9,211876.4
"217","DE","00-04",2024-10-24,2024-11-10,3,"quantile",0.975,229184.375
"218","DE","00-04",2024-10-24,2024-11-17,4,"quantile",0.025,149664.675
"219","DE","00-04",2024-10-24,2024-11-17,4,"quantile",0.1,160994.8
"220","DE","00-04",2024-10-24,2024-11-17,4,"quantile",0.25,172186
"221","DE","00-04",2024-10-24,2024-11-17,4,"quantile",0.5,186577.5
"222","DE","00-04",2024-10-24,2024-11-17,4,"quantile",0.75,201148.75
"223","DE","00-04",2024-10-24,2024-11-17,4,"quantile",0.9,215845.1
"224","DE","00-04",2024-10-24,2024-11-17,4,"quantile",0.975,234384.875
"225","DE","05-14",2024-10-24,2024-10-27,1,"quantile",0.025,110616.375
"226","DE","05-14",2024-10-24,2024-10-27,1,"quantile",0.1,120142
"227","DE","05-14",2024-10-24,2024-10-27,1,"quantile",0.25,128830.5
"228","DE","05-14",2024-10-24,2024-10-27,1,"quantile",0.5,139603.5
"229","DE","05-14",2024-10-24,2024-10-27,1,"quantile",0.75,151120.5
"230","DE","05-14",2024-10-24,2024-10-27,1,"quantile",0.9,162294.8
"231","DE","05-14",2024-10-24,2024-10-27,1,"quantile",0.975,174384.425
"232","DE","05-14",2024-10-24,2024-11-03,2,"quantile",0.025,84152.8
"233","DE","05-14",2024-10-24,2024-11-03,2,"quantile",0.1,92963.5
"234","DE","05-14",2024-10-24,2024-11-03,2,"quantile",0.25,101931
"235","DE","05-14",2024-10-24,2024-11-03,2,"quantile",0.5,112861
"236","DE","05-14",2024-10-24,2024-11-03,2,"quantile",0.75,124967
"237","DE","05-14",2024-10-24,2024-11-03,2,"quantile",0.9,136268.8
"238","DE","05-14",2024-10-24,2024-11-03,2,"quantile",0.975,151366.325
"239","DE","05-14",2024-10-24,2024-11-10,3,"quantile",0.025,101106.575
"240","DE","05-14",2024-10-24,2024-11-10,3,"quantile",0.1,113134.6
"241","DE","05-14",2024-10-24,2024-11-10,3,"quantile",0.25,125668
"242","DE","05-14",2024-10-24,2024-11-10,3,"quantile",0.5,141439.5
"243","DE","05-14",2024-10-24,2024-11-10,3,"quantile",0.75,158898.5
"244","DE","05-14",2024-10-24,2024-11-10,3,"quantile",0.9,177164.1
"245","DE","05-14",2024-10-24,2024-11-10,3,"quantile",0.975,199636.675
"246","DE","05-14",2024-10-24,2024-11-17,4,"quantile",0.025,106810.85
"247","DE","05-14",2024-10-24,2024-11-17,4,"quantile",0.1,120155.3
"248","DE","05-14",2024-10-24,2024-11-17,4,"quantile",0.25,134525.75
"249","DE","05-14",2024-10-24,2024-11-17,4,"quantile",0.5,152431.5
"250","DE","05-14",2024-10-24,2024-11-17,4,"quantile",0.75,173523
"251","DE","05-14",2024-10-24,2024-11-17,4,"quantile",0.9,193769.4
"252","DE","05-14",2024-10-24,2024-11-17,4,"quantile",0.975,221823.95
"253","DE","15-34",2024-10-24,2024-10-27,1,"quantile",0.025,313517.475
"254","DE","15-34",2024-10-24,2024-10-27,1,"quantile",0.1,340447.3
"255","DE","15-34",2024-10-24,2024-10-27,1,"quantile",0.25,366740
"256","DE","15-34",2024-10-24,2024-10-27,1,"quantile",0.5,396251
"257","DE","15-34",2024-10-24,2024-10-27,1,"quantile",0.75,429783.5
"258","DE","15-34",2024-10-24,2024-10-27,1,"quantile",0.9,460797.6
"259","DE","15-34",2024-10-24,2024-10-27,1,"quantile",0.975,497765.4
"260","DE","15-34",2024-10-24,2024-11-03,2,"quantile",0.025,227369.3
"261","DE","15-34",2024-10-24,2024-11-03,2,"quantile",0.1,252296.2
"262","DE","15-34",2024-10-24,2024-11-03,2,"quantile",0.25,276204
"263","DE","15-34",2024-10-24,2024-11-03,2,"quantile",0.5,304225
"264","DE","15-34",2024-10-24,2024-11-03,2,"quantile",0.75,337401.25
"265","DE","15-34",2024-10-24,2024-11-03,2,"quantile",0.9,369453.9
"266","DE","15-34",2024-10-24,2024-11-03,2,"quantile",0.975,407613.3
"267","DE","15-34",2024-10-24,2024-11-10,3,"quantile",0.025,260193.825
"268","DE","15-34",2024-10-24,2024-11-10,3,"quantile",0.1,292686.7
"269","DE","15-34",2024-10-24,2024-11-10,3,"quantile",0.25,324173
"270","DE","15-34",2024-10-24,2024-11-10,3,"quantile",0.5,362527.5
"271","DE","15-34",2024-10-24,2024-11-10,3,"quantile",0.75,407582.75
"272","DE","15-34",2024-10-24,2024-11-10,3,"quantile",0.9,452105.1
"273","DE","15-34",2024-10-24,2024-11-10,3,"quantile",0.975,509576.425
"274","DE","15-34",2024-10-24,2024-11-17,4,"quantile",0.025,245055.3
"275","DE","15-34",2024-10-24,2024-11-17,4,"quantile",0.1,278406.1
"276","DE","15-34",2024-10-24,2024-11-17,4,"quantile",0.25,309816.75
"277","DE","15-34",2024-10-24,2024-11-17,4,"quantile",0.5,349130.5
"278","DE","15-34",2024-10-24,2024-11-17,4,"quantile",0.75,393748
"279","DE","15-34",2024-10-24,2024-11-17,4,"quantile",0.9,438595
"280","DE","15-34",2024-10-24,2024-11-17,4,"quantile",0.975,496029.725
"281","DE","35-59",2024-10-24,2024-10-27,1,"quantile",0.025,364147.775
"282","DE","35-59",2024-10-24,2024-10-27,1,"quantile",0.1,398397.3
"283","DE","35-59",2024-10-24,2024-10-27,1,"quantile",0.25,431830
"284","DE","35-59",2024-10-24,2024-10-27,1,"quantile",0.5,469673
"285","DE","35-59",2024-10-24,2024-10-27,1,"quantile",0.75,512537.5
"286","DE","35-59",2024-10-24,2024-10-27,1,"quantile",0.9,554035.7
"287","DE","35-59",2024-10-24,2024-10-27,1,"quantile",0.975,600443.525
"288","DE","35-59",2024-10-24,2024-11-03,2,"quantile",0.025,253553.975
"289","DE","35-59",2024-10-24,2024-11-03,2,"quantile",0.1,282987.1
"290","DE","35-59",2024-10-24,2024-11-03,2,"quantile",0.25,314990.75
"291","DE","35-59",2024-10-24,2024-11-03,2,"quantile",0.5,353481
"292","DE","35-59",2024-10-24,2024-11-03,2,"quantile",0.75,395359.5
"293","DE","35-59",2024-10-24,2024-11-03,2,"quantile",0.9,439292.2
"294","DE","35-59",2024-10-24,2024-11-03,2,"quantile",0.975,496472.7
"295","DE","35-59",2024-10-24,2024-11-10,3,"quantile",0.025,288218.975
"296","DE","35-59",2024-10-24,2024-11-10,3,"quantile",0.1,329166.9
"297","DE","35-59",2024-10-24,2024-11-10,3,"quantile",0.25,374772.75
"298","DE","35-59",2024-10-24,2024-11-10,3,"quantile",0.5,427391.5
"299","DE","35-59",2024-10-24,2024-11-10,3,"quantile",0.75,489303.25
"300","DE","35-59",2024-10-24,2024-11-10,3,"quantile",0.9,558352.7
"301","DE","35-59",2024-10-24,2024-11-10,3,"quantile",0.975,637322.7
"302","DE","35-59",2024-10-24,2024-11-17,4,"quantile",0.025,261307.975
"303","DE","35-59",2024-10-24,2024-11-17,4,"quantile",0.1,303450.4
"304","DE","35-59",2024-10-24,2024-11-17,4,"quantile",0.25,350428.25
"305","DE","35-59",2024-10-24,2024-11-17,4,"quantile",0.5,404275
"306","DE","35-59",2024-10-24,2024-11-17,4,"quantile",0.75,470849.5
"307","DE","35-59",2024-10-24,2024-11-17,4,"quantile",0.9,539777.2
"308","DE","35-59",2024-10-24,2024-11-17,4,"quantile",0.975,622705.225
"309","DE","60+",2024-10-24,2024-10-27,1,"quantile",0.025,125593.075
"310","DE","60+",2024-10-24,2024-10-27,1,"quantile",0.1,136745
"311","DE","60+",2024-10-24,2024-10-27,1,"quantile",0.25,147679.75
"312","DE","60+",2024-10-24,2024-10-27,1,"quantile",0.5,160486.5
"313","DE","60+",2024-10-24,2024-10-27,1,"quantile",0.75,174326.75
"314","DE","60+",2024-10-24,2024-10-27,1,"quantile",0.9,188139.1
"315","DE","60+",2024-10-24,2024-10-27,1,"quantile",0.975,205625.025
"316","DE","60+",2024-10-24,2024-11-03,2,"quantile",0.025,86234.525
"317","DE","60+",2024-10-24,2024-11-03,2,"quantile",0.1,96438.7
"318","DE","60+",2024-10-24,2024-11-03,2,"quantile",0.25,106233.25
"319","DE","60+",2024-10-24,2024-11-03,2,"quantile",0.5,118447.5
"320","DE","60+",2024-10-24,2024-11-03,2,"quantile",0.75,132368.5
"321","DE","60+",2024-10-24,2024-11-03,2,"quantile",0.9,146107.3
"322","DE","60+",2024-10-24,2024-11-03,2,"quantile",0.975,163810.15
"323","DE","60+",2024-10-24,2024-11-10,3,"quantile",0.025,96474.125
"324","DE","60+",2024-10-24,2024-11-10,3,"quantile",0.1,110282.7
"325","DE","60+",2024-10-24,2024-11-10,3,"quantile",0.25,123277.75
"326","DE","60+",2024-10-24,2024-11-10,3,"quantile",0.5,140594.5
"327","DE","60+",2024-10-24,2024-11-10,3,"quantile",0.75,160059.25
"328","DE","60+",2024-10-24,2024-11-10,3,"quantile",0.9,178806.7
"329","DE","60+",2024-10-24,2024-11-10,3,"quantile",0.975,204651.5
"330","DE","60+",2024-10-24,2024-11-17,4,"quantile",0.025,85849.525
"331","DE","60+",2024-10-24,2024-11-17,4,"quantile",0.1,99213.1
"332","DE","60+",2024-10-24,2024-11-17,4,"quantile",0.25,112388.5
"333","DE","60+",2024-10-24,2024-11-17,4,"quantile",0.5,128971.5
"334","DE","60+",2024-10-24,2024-11-17,4,"quantile",0.75,148970.75
"335","DE","60+",2024-10-24,2024-11-17,4,"quantile",0.9,168631
"336","DE","60+",2024-10-24,2024-11-17,4,"quantile",0.975,195541.1
"337","DE","00+",2024-10-31,2024-11-03,1,"quantile",0.025,888184.225
"338","DE","00+",2024-10-31,2024-11-03,1,"quantile",0.1,950658.2
"339","DE","00+",2024-10-31,2024-11-03,1,"quantile",0.25,1014100
"340","DE","00+",2024-10-31,2024-11-03,1,"quantile",0.5,1085821.5
"341","DE","00+",2024-10-31,2024-11-03,1,"quantile",0.75,1165067
"342","DE","00+",2024-10-31,2024-11-03,1,"quantile",0.9,1242808.7
"343","DE","00+",2024-10-31,2024-11-03,1,"quantile",0.975,1336790.025
"344","DE","00+",2024-10-31,2024-11-10,2,"quantile",0.025,988468.2
"345","DE","00+",2024-10-31,2024-11-10,2,"quantile",0.1,1082442.9
"346","DE","00+",2024-10-31,2024-11-10,2,"quantile",0.25,1176655
"347","DE","00+",2024-10-31,2024-11-10,2,"quantile",0.5,1289029
"348","DE","00+",2024-10-31,2024-11-10,2,"quantile",0.75,1417448.75
"349","DE","00+",2024-10-31,2024-11-10,2,"quantile",0.9,1543331
"350","DE","00+",2024-10-31,2024-11-10,2,"quantile",0.975,1693664.225
"351","DE","00+",2024-10-31,2024-11-17,3,"quantile",0.025,912830.475
"352","DE","00+",2024-10-31,2024-11-17,3,"quantile",0.1,1017319.4
"353","DE","00+",2024-10-31,2024-11-17,3,"quantile",0.25,1120584.5
"354","DE","00+",2024-10-31,2024-11-17,3,"quantile",0.5,1250367
"355","DE","00+",2024-10-31,2024-11-17,3,"quantile",0.75,1394053.5
"356","DE","00+",2024-10-31,2024-11-17,3,"quantile",0.9,1539537.5
"357","DE","00+",2024-10-31,2024-11-17,3,"quantile",0.975,1714156.475
"358","DE","00+",2024-10-31,2024-11-24,4,"quantile",0.025,921170.575
"359","DE","00+",2024-10-31,2024-11-24,4,"quantile",0.1,1030919.5
"360","DE","00+",2024-10-31,2024-11-24,4,"quantile",0.25,1140700
"361","DE","00+",2024-10-31,2024-11-24,4,"quantile",0.5,1280372.5
"362","DE","00+",2024-10-31,2024-11-24,4,"quantile",0.75,1439151.5
"363","DE","00+",2024-10-31,2024-11-24,4,"quantile",0.9,1598195.5
"364","DE","00+",2024-10-31,2024-11-24,4,"quantile",0.975,1791573.125
"365","DE","00-04",2024-10-31,2024-11-03,1,"quantile",0.025,139490.225
"366","DE","00-04",2024-10-31,2024-11-03,1,"quantile",0.1,146416.2
"367","DE","00-04",2024-10-31,2024-11-03,1,"quantile",0.25,153262.25
"368","DE","00-04",2024-10-31,2024-11-03,1,"quantile",0.5,161176.5
"369","DE","00-04",2024-10-31,2024-11-03,1,"quantile",0.75,169634.5
"370","DE","00-04",2024-10-31,2024-11-03,1,"quantile",0.9,177267.3
"371","DE","00-04",2024-10-31,2024-11-03,1,"quantile",0.975,186895.875
"372","DE","00-04",2024-10-31,2024-11-10,2,"quantile",0.025,149118.775
"373","DE","00-04",2024-10-31,2024-11-10,2,"quantile",0.1,158173.6
"374","DE","00-04",2024-10-31,2024-11-10,2,"quantile",0.25,167683.75
"375","DE","00-04",2024-10-31,2024-11-10,2,"quantile",0.5,178623.5
"376","DE","00-04",2024-10-31,2024-11-10,2,"quantile",0.75,190394.75
"377","DE","00-04",2024-10-31,2024-11-10,2,"quantile",0.9,201763.5
"378","DE","00-04",2024-10-31,2024-11-10,2,"quantile",0.975,215271
"379","DE","00-04",2024-10-31,2024-11-17,3,"quantile",0.025,147345.8
"380","DE","00-04",2024-10-31,2024-11-17,3,"quantile",0.1,158497.1
"381","DE","00-04",2024-10-31,2024-11-17,3,"quantile",0.25,168732.25
"382","DE","00-04",2024-10-31,2024-11-17,3,"quantile",0.5,181849
"383","DE","00-04",2024-10-31,2024-11-17,3,"quantile",0.75,195340.5
"384","DE","00-04",2024-10-31,2024-11-17,3,"quantile",0.9,209498.1
"385","DE","00-04",2024-10-31,2024-11-17,3,"quantile",0.975,224870.15
"386","DE","00-04",2024-10-31,2024-11-24,4,"quantile",0.025,159282.725
"387","DE","00-04",2024-10-31,2024-11-24,4,"quantile",0.1,171679.8
"388","DE","00-04",2024-10-31,2024-11-24,4,"quantile",0.25,184540.75
"389","DE","00-04",2024-10-31,2024-11-24,4,"quantile",0.5,199832
"390","DE","00-04",2024-10-31,2024-11-24,4,"quantile",0.75,215644.75
"391","DE","00-04",2024-10-31,2024-11-24,4,"quantile",0.9,231828.2
"392","DE","00-04",2024-10-31,2024-11-24,4,"quantile",0.975,251021.175
"393","DE","05-14",2024-10-31,2024-11-03,1,"quantile",0.025,89248.675
"394","DE","05-14",2024-10-31,2024-11-03,1,"quantile",0.1,96278.6
"395","DE","05-14",2024-10-31,2024-11-03,1,"quantile",0.25,103351.25
"396","DE","05-14",2024-10-31,2024-11-03,1,"quantile",0.5,111470.5
"397","DE","05-14",2024-10-31,2024-11-03,1,"quantile",0.75,120456.5
"398","DE","05-14",2024-10-31,2024-11-03,1,"quantile",0.9,129512.4
"399","DE","05-14",2024-10-31,2024-11-03,1,"quantile",0.975,139604.55
"400","DE","05-14",2024-10-31,2024-11-10,2,"quantile",0.025,104041.85
"401","DE","05-14",2024-10-31,2024-11-10,2,"quantile",0.1,115541.8
"402","DE","05-14",2024-10-31,2024-11-10,2,"quantile",0.25,126621.75
"403","DE","05-14",2024-10-31,2024-11-10,2,"quantile",0.5,140276
"404","DE","05-14",2024-10-31,2024-11-10,2,"quantile",0.75,154937.5
"405","DE","05-14",2024-10-31,2024-11-10,2,"quantile",0.9,169028.4
"406","DE","05-14",2024-10-31,2024-11-10,2,"quantile",0.975,186340
"407","DE","05-14",2024-10-31,2024-11-17,3,"quantile",0.025,106905.35
"408","DE","05-14",2024-10-31,2024-11-17,3,"quantile",0.1,120084.3
"409","DE","05-14",2024-10-31,2024-11-17,3,"quantile",0.25,134056.5
"410","DE","05-14",2024-10-31,2024-11-17,3,"quantile",0.5,151275.5
"411","DE","05-14",2024-10-31,2024-11-17,3,"quantile",0.75,169447
"412","DE","05-14",2024-10-31,2024-11-17,3,"quantile",0.9,188684.5
"413","DE","05-14",2024-10-31,2024-11-17,3,"quantile",0.975,210437.75
"414","DE","05-14",2024-10-31,2024-11-24,4,"quantile",0.025,113989.65
"415","DE","05-14",2024-10-31,2024-11-24,4,"quantile",0.1,128618.3
"416","DE","05-14",2024-10-31,2024-11-24,4,"quantile",0.25,143387.5
"417","DE","05-14",2024-10-31,2024-11-24,4,"quantile",0.5,163073.5
"418","DE","05-14",2024-10-31,2024-11-24,4,"quantile",0.75,184604.5
"419","DE","05-14",2024-10-31,2024-11-24,4,"quantile",0.9,207436.8
"420","DE","05-14",2024-10-31,2024-11-24,4,"quantile",0.975,234367.15
"421","DE","15-34",2024-10-31,2024-11-03,1,"quantile",0.025,250467
"422","DE","15-34",2024-10-31,2024-11-03,1,"quantile",0.1,269844.2
"423","DE","15-34",2024-10-31,2024-11-03,1,"quantile",0.25,289688.5
"424","DE","15-34",2024-10-31,2024-11-03,1,"quantile",0.5,314865.5
"425","DE","15-34",2024-10-31,2024-11-03,1,"quantile",0.75,340500.25
"426","DE","15-34",2024-10-31,2024-11-03,1,"quantile",0.9,365420.7
"427","DE","15-34",2024-10-31,2024-11-03,1,"quantile",0.975,396421.3
"428","DE","15-34",2024-10-31,2024-11-10,2,"quantile",0.025,281174.625
"429","DE","15-34",2024-10-31,2024-11-10,2,"quantile",0.1,309864.2
"430","DE","15-34",2024-10-31,2024-11-10,2,"quantile",0.25,338180
"431","DE","15-34",2024-10-31,2024-11-10,2,"quantile",0.5,372676.5
"432","DE","15-34",2024-10-31,2024-11-10,2,"quantile",0.75,412315.25
"433","DE","15-34",2024-10-31,2024-11-10,2,"quantile",0.9,453317.6
"434","DE","15-34",2024-10-31,2024-11-10,2,"quantile",0.975,500407.975
"435","DE","15-34",2024-10-31,2024-11-17,3,"quantile",0.025,257424.2
"436","DE","15-34",2024-10-31,2024-11-17,3,"quantile",0.1,286909.4
"437","DE","15-34",2024-10-31,2024-11-17,3,"quantile",0.25,317138.75
"438","DE","15-34",2024-10-31,2024-11-17,3,"quantile",0.5,356233.5
"439","DE","15-34",2024-10-31,2024-11-17,3,"quantile",0.75,398240
"440","DE","15-34",2024-10-31,2024-11-17,3,"quantile",0.9,441818.4
"441","DE","15-34",2024-10-31,2024-11-17,3,"quantile",0.975,492777.875
"442","DE","15-34",2024-10-31,2024-11-24,4,"quantile",0.025,252723.825
"443","DE","15-34",2024-10-31,2024-11-24,4,"quantile",0.1,284836
"444","DE","15-34",2024-10-31,2024-11-24,4,"quantile",0.25,319228.25
"445","DE","15-34",2024-10-31,2024-11-24,4,"quantile",0.5,358536.5
"446","DE","15-34",2024-10-31,2024-11-24,4,"quantile",0.75,404617.5
"447","DE","15-34",2024-10-31,2024-11-24,4,"quantile",0.9,452965.8
"448","DE","15-34",2024-10-31,2024-11-24,4,"quantile",0.975,512366.625
"449","DE","35-59",2024-10-31,2024-11-03,1,"quantile",0.025,295980.175
"450","DE","35-59",2024-10-31,2024-11-03,1,"quantile",0.1,322341.9
"451","DE","35-59",2024-10-31,2024-11-03,1,"quantile",0.25,348241
"452","DE","35-59",2024-10-31,2024-11-03,1,"quantile",0.5,378541.5
"453","DE","35-59",2024-10-31,2024-11-03,1,"quantile",0.75,411973
"454","DE","35-59",2024-10-31,2024-11-03,1,"quantile",0.9,444790.7
"455","DE","35-59",2024-10-31,2024-11-03,1,"quantile",0.975,481426.75
"456","DE","35-59",2024-10-31,2024-11-10,2,"quantile",0.025,333413.875
"457","DE","35-59",2024-10-31,2024-11-10,2,"quantile",0.1,372901.3
"458","DE","35-59",2024-10-31,2024-11-10,2,"quantile",0.25,410957.25
"459","DE","35-59",2024-10-31,2024-11-10,2,"quantile",0.5,459425.5
"460","DE","35-59",2024-10-31,2024-11-10,2,"quantile",0.75,512917.5
"461","DE","35-59",2024-10-31,2024-11-10,2,"quantile",0.9,568551.2
"462","DE","35-59",2024-10-31,2024-11-10,2,"quantile",0.975,635626.675
"463","DE","35-59",2024-10-31,2024-11-17,3,"quantile",0.025,294386.875
"464","DE","35-59",2024-10-31,2024-11-17,3,"quantile",0.1,334913
"465","DE","35-59",2024-10-31,2024-11-17,3,"quantile",0.25,376762.5
"466","DE","35-59",2024-10-31,2024-11-17,3,"quantile",0.5,430472
"467","DE","35-59",2024-10-31,2024-11-17,3,"quantile",0.75,489993.75
"468","DE","35-59",2024-10-31,2024-11-17,3,"quantile",0.9,555379.8
"469","DE","35-59",2024-10-31,2024-11-17,3,"quantile",0.975,632234.5
"470","DE","35-59",2024-10-31,2024-11-24,4,"quantile",0.025,283795.6
"471","DE","35-59",2024-10-31,2024-11-24,4,"quantile",0.1,326802.1
"472","DE","35-59",2024-10-31,2024-11-24,4,"quantile",0.25,373942.25
"473","DE","35-59",2024-10-31,2024-11-24,4,"quantile",0.5,430271
"474","DE","35-59",2024-10-31,2024-11-24,4,"quantile",0.75,498202.5
"475","DE","35-59",2024-10-31,2024-11-24,4,"quantile",0.9,567930
"476","DE","35-59",2024-10-31,2024-11-24,4,"quantile",0.975,649913.1
"477","DE","60+",2024-10-31,2024-11-03,1,"quantile",0.025,102064.625
"478","DE","60+",2024-10-31,2024-11-03,1,"quantile",0.1,110026.9
"479","DE","60+",2024-10-31,2024-11-03,1,"quantile",0.25,119204.25
"480","DE","60+",2024-10-31,2024-11-03,1,"quantile",0.5,129392.5
"481","DE","60+",2024-10-31,2024-11-03,1,"quantile",0.75,140666.5
"482","DE","60+",2024-10-31,2024-11-03,1,"quantile",0.9,151230.3
"483","DE","60+",2024-10-31,2024-11-03,1,"quantile",0.975,164111.15
"484","DE","60+",2024-10-31,2024-11-10,2,"quantile",0.025,111664.15
"485","DE","60+",2024-10-31,2024-11-10,2,"quantile",0.1,124439.3
"486","DE","60+",2024-10-31,2024-11-10,2,"quantile",0.25,136865.75
"487","DE","60+",2024-10-31,2024-11-10,2,"quantile",0.5,153476
"488","DE","60+",2024-10-31,2024-11-10,2,"quantile",0.75,171190.5
"489","DE","60+",2024-10-31,2024-11-10,2,"quantile",0.9,188691.4
"490","DE","60+",2024-10-31,2024-11-10,2,"quantile",0.975,211658.85
"491","DE","60+",2024-10-31,2024-11-17,3,"quantile",0.025,95720.9
"492","DE","60+",2024-10-31,2024-11-17,3,"quantile",0.1,108063.7
"493","DE","60+",2024-10-31,2024-11-17,3,"quantile",0.25,121056.25
"494","DE","60+",2024-10-31,2024-11-17,3,"quantile",0.5,137796
"495","DE","60+",2024-10-31,2024-11-17,3,"quantile",0.75,156980
"496","DE","60+",2024-10-31,2024-11-17,3,"quantile",0.9,177566.1
"497","DE","60+",2024-10-31,2024-11-17,3,"quantile",0.975,201087.825
"498","DE","60+",2024-10-31,2024-11-24,4,"quantile",0.025,88657.575
"499","DE","60+",2024-10-31,2024-11-24,4,"quantile",0.1,101526.3
"500","DE","60+",2024-10-31,2024-11-24,4,"quantile",0.25,114700.5
"501","DE","60+",2024-10-31,2024-11-24,4,"quantile",0.5,131573
"502","DE","60+",2024-10-31,2024-11-24,4,"quantile",0.75,151737
"503","DE","60+",2024-10-31,2024-11-24,4,"quantile",0.9,173228.2
"504","DE","60+",2024-10-31,2024-11-24,4,"quantile",0.975,199847.75
"505","DE","00+",2024-11-07,2024-11-10,1,"quantile",0.025,1069462.4
"506","DE","00+",2024-11-07,2024-11-10,1,"quantile",0.1,1149586.4
"507","DE","00+",2024-11-07,2024-11-10,1,"quantile",0.25,1223127
"508","DE","00+",2024-11-07,2024-11-10,1,"quantile",0.5,1311097
"509","DE","00+",2024-11-07,2024-11-10,1,"quantile",0.75,1406126.75
"510","DE","00+",2024-11-07,2024-11-10,1,"quantile",0.9,1493117.5
"511","DE","00+",2024-11-07,2024-11-10,1,"quantile",0.975,1602990.3
"512","DE","00+",2024-11-07,2024-11-17,2,"quantile",0.025,977698.65
"513","DE","00+",2024-11-07,2024-11-17,2,"quantile",0.1,1067716.8
"514","DE","00+",2024-11-07,2024-11-17,2,"quantile",0.25,1159702.25
"515","DE","00+",2024-11-07,2024-11-17,2,"quantile",0.5,1269063
"516","DE","00+",2024-11-07,2024-11-17,2,"quantile",0.75,1390323.75
"517","DE","00+",2024-11-07,2024-11-17,2,"quantile",0.9,1502060.8
"518","DE","00+",2024-11-07,2024-11-17,2,"quantile",0.975,1641235.05
"519","DE","00+",2024-11-07,2024-11-24,3,"quantile",0.025,949772.15
"520","DE","00+",2024-11-07,2024-11-24,3,"quantile",0.1,1064432.1
"521","DE","00+",2024-11-07,2024-11-24,3,"quantile",0.25,1172318.5
"522","DE","00+",2024-11-07,2024-11-24,3,"quantile",0.5,1304110.5
"523","DE","00+",2024-11-07,2024-11-24,3,"quantile",0.75,1447183.75
"524","DE","00+",2024-11-07,2024-11-24,3,"quantile",0.9,1588813
"525","DE","00+",2024-11-07,2024-11-24,3,"quantile",0.975,1771697.85
"526","DE","00+",2024-11-07,2024-12-01,4,"quantile",0.025,954545.75
"527","DE","00+",2024-11-07,2024-12-01,4,"quantile",0.1,1068522.3
"528","DE","00+",2024-11-07,2024-12-01,4,"quantile",0.25,1182748.5
"529","DE","00+",2024-11-07,2024-12-01,4,"quantile",0.5,1326901.5
"530","DE","00+",2024-11-07,2024-12-01,4,"quantile",0.75,1491365.25
"531","DE","00+",2024-11-07,2024-12-01,4,"quantile",0.9,1652353.6
"532","DE","00+",2024-11-07,2024-12-01,4,"quantile",0.975,1847876.825
"533","DE","00-04",2024-11-07,2024-11-10,1,"quantile",0.025,150993.225
"534","DE","00-04",2024-11-07,2024-11-10,1,"quantile",0.1,158295.4
"535","DE","00-04",2024-11-07,2024-11-10,1,"quantile",0.25,165572.25
"536","DE","00-04",2024-11-07,2024-11-10,1,"quantile",0.5,174112
"537","DE","00-04",2024-11-07,2024-11-10,1,"quantile",0.75,183251.25
"538","DE","00-04",2024-11-07,2024-11-10,1,"quantile",0.9,191519.1
"539","DE","00-04",2024-11-07,2024-11-10,1,"quantile",0.975,201311.875
"540","DE","00-04",2024-11-07,2024-11-17,2,"quantile",0.025,148341.875
"541","DE","00-04",2024-11-07,2024-11-17,2,"quantile",0.1,157513.8
"542","DE","00-04",2024-11-07,2024-11-17,2,"quantile",0.25,166574
"543","DE","00-04",2024-11-07,2024-11-17,2,"quantile",0.5,177610
"544","DE","00-04",2024-11-07,2024-11-17,2,"quantile",0.75,189157.25
"545","DE","00-04",2024-11-07,2024-11-17,2,"quantile",0.9,200187.9
"546","DE","00-04",2024-11-07,2024-11-17,2,"quantile",0.975,213459.325
"547","DE","00-04",2024-11-07,2024-11-24,3,"quantile",0.025,158361
"548","DE","00-04",2024-11-07,2024-11-24,3,"quantile",0.1,171061.7
"549","DE","00-04",2024-11-07,2024-11-24,3,"quantile",0.25,182727
"550","DE","00-04",2024-11-07,2024-11-24,3,"quantile",0.5,195610.5
"551","DE","00-04",2024-11-07,2024-11-24,3,"quantile",0.75,210369.75
"552","DE","00-04",2024-11-07,2024-11-24,3,"quantile",0.9,224539.4
"553","DE","00-04",2024-11-07,2024-11-24,3,"quantile",0.975,241549.875
"554","DE","00-04",2024-11-07,2024-12-01,4,"quantile",0.025,161064.225
"555","DE","00-04",2024-11-07,2024-12-01,4,"quantile",0.1,172840.6
"556","DE","00-04",2024-11-07,2024-12-01,4,"quantile",0.25,185759
"557","DE","00-04",2024-11-07,2024-12-01,4,"quantile",0.5,200215
"558","DE","00-04",2024-11-07,2024-12-01,4,"quantile",0.75,216008.5
"559","DE","00-04",2024-11-07,2024-12-01,4,"quantile",0.9,231812.6
"560","DE","00-04",2024-11-07,2024-12-01,4,"quantile",0.975,250163.825
"561","DE","05-14",2024-11-07,2024-11-10,1,"quantile",0.025,116981.425
"562","DE","05-14",2024-11-07,2024-11-10,1,"quantile",0.1,125783.7
"563","DE","05-14",2024-11-07,2024-11-10,1,"quantile",0.25,135197.5
"564","DE","05-14",2024-11-07,2024-11-10,1,"quantile",0.5,145938
"565","DE","05-14",2024-11-07,2024-11-10,1,"quantile",0.75,158278.25
"566","DE","05-14",2024-11-07,2024-11-10,1,"quantile",0.9,170022.2
"567","DE","05-14",2024-11-07,2024-11-10,1,"quantile",0.975,184069.2
"568","DE","05-14",2024-11-07,2024-11-17,2,"quantile",0.025,117277.325
"569","DE","05-14",2024-11-07,2024-11-17,2,"quantile",0.1,130121.7
"570","DE","05-14",2024-11-07,2024-11-17,2,"quantile",0.25,142483
"571","DE","05-14",2024-11-07,2024-11-17,2,"quantile",0.5,157270
"572","DE","05-14",2024-11-07,2024-11-17,2,"quantile",0.75,173977.25
"573","DE","05-14",2024-11-07,2024-11-17,2,"quantile",0.9,190138.6
"574","DE","05-14",2024-11-07,2024-11-17,2,"quantile",0.975,211440.725
"575","DE","05-14",2024-11-07,2024-11-24,3,"quantile",0.025,119659.725
"576","DE","05-14",2024-11-07,2024-11-24,3,"quantile",0.1,135158.8
"577","DE","05-14",2024-11-07,2024-11-24,3,"quantile",0.25,150356.25
"578","DE","05-14",2024-11-07,2024-11-24,3,"quantile",0.5,168842.5
"579","DE","05-14",2024-11-07,2024-11-24,3,"quantile",0.75,189688.25
"580","DE","05-14",2024-11-07,2024-11-24,3,"quantile",0.9,211935
"581","DE","05-14",2024-11-07,2024-11-24,3,"quantile",0.975,237640.725
"582","DE","05-14",2024-11-07,2024-12-01,4,"quantile",0.025,119845.675
"583","DE","05-14",2024-11-07,2024-12-01,4,"quantile",0.1,135206.6
"584","DE","05-14",2024-11-07,2024-12-01,4,"quantile",0.25,151085.75
"585","DE","05-14",2024-11-07,2024-12-01,4,"quantile",0.5,170925
"586","DE","05-14",2024-11-07,2024-12-01,4,"quantile",0.75,193491.5
"587","DE","05-14",2024-11-07,2024-12-01,4,"quantile",0.9,218258
"588","DE","05-14",2024-11-07,2024-12-01,4,"quantile",0.975,248002.025
"589","DE","15-34",2024-11-07,2024-11-10,1,"quantile",0.025,296141.45
"590","DE","15-34",2024-11-07,2024-11-10,1,"quantile",0.1,320441
"591","DE","15-34",2024-11-07,2024-11-10,1,"quantile",0.25,343846.25
"592","DE","15-34",2024-11-07,2024-11-10,1,"quantile",0.5,372986.5
"593","DE","15-34",2024-11-07,2024-11-10,1,"quantile",0.75,403800.25
"594","DE","15-34",2024-11-07,2024-11-10,1,"quantile",0.9,433502.4
"595","DE","15-34",2024-11-07,2024-11-10,1,"quantile",0.975,469254.575
"596","DE","15-34",2024-11-07,2024-11-17,2,"quantile",0.025,265956.225
"597","DE","15-34",2024-11-07,2024-11-17,2,"quantile",0.1,295114.4
"598","DE","15-34",2024-11-07,2024-11-17,2,"quantile",0.25,321644
"599","DE","15-34",2024-11-07,2024-11-17,2,"quantile",0.5,355609.5
"600","DE","15-34",2024-11-07,2024-11-17,2,"quantile",0.75,394410
"601","DE","15-34",2024-11-07,2024-11-17,2,"quantile",0.9,430881.7
"602","DE","15-34",2024-11-07,2024-11-17,2,"quantile",0.975,476690.625
"603","DE","15-34",2024-11-07,2024-11-24,3,"quantile",0.025,261724.8
"604","DE","15-34",2024-11-07,2024-11-24,3,"quantile",0.1,291613.5
"605","DE","15-34",2024-11-07,2024-11-24,3,"quantile",0.25,323099
"606","DE","15-34",2024-11-07,2024-11-24,3,"quantile",0.5,362053.5
"607","DE","15-34",2024-11-07,2024-11-24,3,"quantile",0.75,406082.25
"608","DE","15-34",2024-11-07,2024-11-24,3,"quantile",0.9,449412.4
"609","DE","15-34",2024-11-07,2024-11-24,3,"quantile",0.975,504792.175
"610","DE","15-34",2024-11-07,2024-12-01,4,"quantile",0.025,259100.275
"611","DE","15-34",2024-11-07,2024-12-01,4,"quantile",0.1,293107.3
"612","DE","15-34",2024-11-07,2024-12-01,4,"quantile",0.25,328712.5
"613","DE","15-34",2024-11-07,2024-12-01,4,"quantile",0.5,369869.5
"614","DE","15-34",2024-11-07,2024-12-01,4,"quantile",0.75,415767.5
"615","DE","15-34",2024-11-07,2024-12-01,4,"quantile",0.9,464372
"616","DE","15-34",2024-11-07,2024-12-01,4,"quantile",0.975,528536.1
"617","DE","35-59",2024-11-07,2024-11-10,1,"quantile",0.025,371879.1
"618","DE","35-59",2024-11-07,2024-11-10,1,"quantile",0.1,404806.7
"619","DE","35-59",2024-11-07,2024-11-10,1,"quantile",0.25,435645
"620","DE","35-59",2024-11-07,2024-11-10,1,"quantile",0.5,473912
"621","DE","35-59",2024-11-07,2024-11-10,1,"quantile",0.75,517306.25
"622","DE","35-59",2024-11-07,2024-11-10,1,"quantile",0.9,559545.3
"623","DE","35-59",2024-11-07,2024-11-10,1,"quantile",0.975,606551.575
"624","DE","35-59",2024-11-07,2024-11-17,2,"quantile",0.025,320122.5
"625","DE","35-59",2024-11-07,2024-11-17,2,"quantile",0.1,357809.8
"626","DE","35-59",2024-11-07,2024-11-17,2,"quantile",0.25,396429.75
"627","DE","35-59",2024-11-07,2024-11-17,2,"quantile",0.5,443625.5
"628","DE","35-59",2024-11-07,2024-11-17,2,"quantile",0.75,494134.5
"629","DE","35-59",2024-11-07,2024-11-17,2,"quantile",0.9,546883.5
"630","DE","35-59",2024-11-07,2024-11-17,2,"quantile",0.975,609171.525
"631","DE","35-59",2024-11-07,2024-11-24,3,"quantile",0.025,301722.4
"632","DE","35-59",2024-11-07,2024-11-24,3,"quantile",0.1,343084.3
"633","DE","35-59",2024-11-07,2024-11-24,3,"quantile",0.25,386246.25
"634","DE","35-59",2024-11-07,2024-11-24,3,"quantile",0.5,441819
"635","DE","35-59",2024-11-07,2024-11-24,3,"quantile",0.75,504692.5
"636","DE","35-59",2024-11-07,2024-11-24,3,"quantile",0.9,566837.3
"637","DE","35-59",2024-11-07,2024-11-24,3,"quantile",0.975,643894.075
"638","DE","35-59",2024-11-07,2024-12-01,4,"quantile",0.025,293043.2
"639","DE","35-59",2024-11-07,2024-12-01,4,"quantile",0.1,340828.2
"640","DE","35-59",2024-11-07,2024-12-01,4,"quantile",0.25,387966
"641","DE","35-59",2024-11-07,2024-12-01,4,"quantile",0.5,447636
"642","DE","35-59",2024-11-07,2024-12-01,4,"quantile",0.75,518432.5
"643","DE","35-59",2024-11-07,2024-12-01,4,"quantile",0.9,588093.6
"644","DE","35-59",2024-11-07,2024-12-01,4,"quantile",0.975,679273.15
"645","DE","60+",2024-11-07,2024-11-10,1,"quantile",0.025,125413.325
"646","DE","60+",2024-11-07,2024-11-10,1,"quantile",0.1,135809.7
"647","DE","60+",2024-11-07,2024-11-10,1,"quantile",0.25,146041
"648","DE","60+",2024-11-07,2024-11-10,1,"quantile",0.5,158013
"649","DE","60+",2024-11-07,2024-11-10,1,"quantile",0.75,170964.75
"650","DE","60+",2024-11-07,2024-11-10,1,"quantile",0.9,184008.6
"651","DE","60+",2024-11-07,2024-11-10,1,"quantile",0.975,201254.025
"652","DE","60+",2024-11-07,2024-11-17,2,"quantile",0.025,105466.225
"653","DE","60+",2024-11-07,2024-11-17,2,"quantile",0.1,116555.5
"654","DE","60+",2024-11-07,2024-11-17,2,"quantile",0.25,128040.25
"655","DE","60+",2024-11-07,2024-11-17,2,"quantile",0.5,142508.5
"656","DE","60+",2024-11-07,2024-11-17,2,"quantile",0.75,157610.25
"657","DE","60+",2024-11-07,2024-11-17,2,"quantile",0.9,174076.2
"658","DE","60+",2024-11-07,2024-11-17,2,"quantile",0.975,193113.05
"659","DE","60+",2024-11-07,2024-11-24,3,"quantile",0.025,94102.975
"660","DE","60+",2024-11-07,2024-11-24,3,"quantile",0.1,106955.7
"661","DE","60+",2024-11-07,2024-11-24,3,"quantile",0.25,119528.75
"662","DE","60+",2024-11-07,2024-11-24,3,"quantile",0.5,135599
"663","DE","60+",2024-11-07,2024-11-24,3,"quantile",0.75,153663
"664","DE","60+",2024-11-07,2024-11-24,3,"quantile",0.9,171503.4
"665","DE","60+",2024-11-07,2024-11-24,3,"quantile",0.975,195598.475
"666","DE","60+",2024-11-07,2024-12-01,4,"quantile",0.025,90946.875
"667","DE","60+",2024-11-07,2024-12-01,4,"quantile",0.1,103826.5
"668","DE","60+",2024-11-07,2024-12-01,4,"quantile",0.25,116940
"669","DE","60+",2024-11-07,2024-12-01,4,"quantile",0.5,135043.5
"670","DE","60+",2024-11-07,2024-12-01,4,"quantile",0.75,154468
"671","DE","60+",2024-11-07,2024-12-01,4,"quantile",0.9,174519.1
"672","DE","60+",2024-11-07,2024-12-01,4,"quantile",0.975,200169.55
"673","DE","00+",2024-11-14,2024-11-17,1,"quantile",0.025,1134827.8
"674","DE","00+",2024-11-14,2024-11-17,1,"quantile",0.1,1214529.9
"675","DE","00+",2024-11-14,2024-11-17,1,"quantile",0.25,1295179
"676","DE","00+",2024-11-14,2024-11-17,1,"quantile",0.5,1389149.5
"677","DE","00+",2024-11-14,2024-11-17,1,"quantile",0.75,1491020.5
"678","DE","00+",2024-11-14,2024-11-17,1,"quantile",0.9,1588008.8
"679","DE","00+",2024-11-14,2024-11-17,1,"quantile",0.975,1689481.25
"680","DE","00+",2024-11-14,2024-11-24,2,"quantile",0.025,1099249.875
"681","DE","00+",2024-11-14,2024-11-24,2,"quantile",0.1,1205357.1
"682","DE","00+",2024-11-14,2024-11-24,2,"quantile",0.25,1302300.5
"683","DE","00+",2024-11-14,2024-11-24,2,"quantile",0.5,1424968.5
"684","DE","00+",2024-11-14,2024-11-24,2,"quantile",0.75,1555857.5
"685","DE","00+",2024-11-14,2024-11-24,2,"quantile",0.9,1681027.4
"686","DE","00+",2024-11-14,2024-11-24,2,"quantile",0.975,1834693.925
"687","DE","00+",2024-11-14,2024-12-01,3,"quantile",0.025,1043870.025
"688","DE","00+",2024-11-14,2024-12-01,3,"quantile",0.1,1170004.6
"689","DE","00+",2024-11-14,2024-12-01,3,"quantile",0.25,1281817
"690","DE","00+",2024-11-14,2024-12-01,3,"quantile",0.5,1419271.5
"691","DE","00+",2024-11-14,2024-12-01,3,"quantile",0.75,1575223
"692","DE","00+",2024-11-14,2024-12-01,3,"quantile",0.9,1732640.7
"693","DE","00+",2024-11-14,2024-12-01,3,"quantile",0.975,1916625.975
"694","DE","00+",2024-11-14,2024-12-08,4,"quantile",0.025,1053297.15
"695","DE","00+",2024-11-14,2024-12-08,4,"quantile",0.1,1175722.9
"696","DE","00+",2024-11-14,2024-12-08,4,"quantile",0.25,1301761.25
"697","DE","00+",2024-11-14,2024-12-08,4,"quantile",0.5,1457973.5
"698","DE","00+",2024-11-14,2024-12-08,4,"quantile",0.75,1635759
"699","DE","00+",2024-11-14,2024-12-08,4,"quantile",0.9,1810495.5
"700","DE","00+",2024-11-14,2024-12-08,4,"quantile",0.975,2020167.025
"701","DE","00-04",2024-11-14,2024-11-17,1,"quantile",0.025,159100.675
"702","DE","00-04",2024-11-14,2024-11-17,1,"quantile",0.1,166587.9
"703","DE","00-04",2024-11-14,2024-11-17,1,"quantile",0.25,174482.25
"704","DE","00-04",2024-11-14,2024-11-17,1,"quantile",0.5,183522
"705","DE","00-04",2024-11-14,2024-11-17,1,"quantile",0.75,192872.5
"706","DE","00-04",2024-11-14,2024-11-17,1,"quantile",0.9,201809.3
"707","DE","00-04",2024-11-14,2024-11-17,1,"quantile",0.975,212267.55
"708","DE","00-04",2024-11-14,2024-11-24,2,"quantile",0.025,169607.275
"709","DE","00-04",2024-11-14,2024-11-24,2,"quantile",0.1,179740.7
"710","DE","00-04",2024-11-14,2024-11-24,2,"quantile",0.25,189866.25
"711","DE","00-04",2024-11-14,2024-11-24,2,"quantile",0.5,202407.5
"712","DE","00-04",2024-11-14,2024-11-24,2,"quantile",0.75,215249.5
"713","DE","00-04",2024-11-14,2024-11-24,2,"quantile",0.9,226960.4
"714","DE","00-04",2024-11-14,2024-11-24,2,"quantile",0.975,241641.2
"715","DE","00-04",2024-11-14,2024-12-01,3,"quantile",0.025,166555.425
"716","DE","00-04",2024-11-14,2024-12-01,3,"quantile",0.1,179283.6
"717","DE","00-04",2024-11-14,2024-12-01,3,"quantile",0.25,191027.25
"718","DE","00-04",2024-11-14,2024-12-01,3,"quantile",0.5,205555
"719","DE","00-04",2024-11-14,2024-12-01,3,"quantile",0.75,220745.25
"720","DE","00-04",2024-11-14,2024-12-01,3,"quantile",0.9,234843.9
"721","DE","00-04",2024-11-14,2024-12-01,3,"quantile",0.975,251651.975
"722","DE","00-04",2024-11-14,2024-12-08,4,"quantile",0.025,166586.475
"723","DE","00-04",2024-11-14,2024-12-08,4,"quantile",0.1,180101
"724","DE","00-04",2024-11-14,2024-12-08,4,"quantile",0.25,192367
"725","DE","00-04",2024-11-14,2024-12-08,4,"quantile",0.5,208112.5
"726","DE","00-04",2024-11-14,2024-12-08,4,"quantile",0.75,223900
"727","DE","00-04",2024-11-14,2024-12-08,4,"quantile",0.9,240234.2
"728","DE","00-04",2024-11-14,2024-12-08,4,"quantile",0.975,258954.525
"729","DE","05-14",2024-11-14,2024-11-17,1,"quantile",0.025,137030.575
"730","DE","05-14",2024-11-14,2024-11-17,1,"quantile",0.1,149081.4
"731","DE","05-14",2024-11-14,2024-11-17,1,"quantile",0.25,160031.5
"732","DE","05-14",2024-11-14,2024-11-17,1,"quantile",0.5,173272
"733","DE","05-14",2024-11-14,2024-11-17,1,"quantile",0.75,186880.25
"734","DE","05-14",2024-11-14,2024-11-17,1,"quantile",0.9,200333.3
"735","DE","05-14",2024-11-14,2024-11-17,1,"quantile",0.975,217450.05
"736","DE","05-14",2024-11-14,2024-11-24,2,"quantile",0.025,136791.25
"737","DE","05-14",2024-11-14,2024-11-24,2,"quantile",0.1,152132.4
"738","DE","05-14",2024-11-14,2024-11-24,2,"quantile",0.25,165679.5
"739","DE","05-14",2024-11-14,2024-11-24,2,"quantile",0.5,184125
"740","DE","05-14",2024-11-14,2024-11-24,2,"quantile",0.75,203534.25
"741","DE","05-14",2024-11-14,2024-11-24,2,"quantile",0.9,222799.2
"742","DE","05-14",2024-11-14,2024-11-24,2,"quantile",0.975,247146.45
"743","DE","05-14",2024-11-14,2024-12-01,3,"quantile",0.025,130840.775
"744","DE","05-14",2024-11-14,2024-12-01,3,"quantile",0.1,146369.2
"745","DE","05-14",2024-11-14,2024-12-01,3,"quantile",0.25,162618.25
"746","DE","05-14",2024-11-14,2024-12-01,3,"quantile",0.5,182258.5
"747","DE","05-14",2024-11-14,2024-12-01,3,"quantile",0.75,205233.5
"748","DE","05-14",2024-11-14,2024-12-01,3,"quantile",0.9,227871.2
"749","DE","05-14",2024-11-14,2024-12-01,3,"quantile",0.975,258117.15
"750","DE","05-14",2024-11-14,2024-12-08,4,"quantile",0.025,126174.5
"751","DE","05-14",2024-11-14,2024-12-08,4,"quantile",0.1,142421.8
"752","DE","05-14",2024-11-14,2024-12-08,4,"quantile",0.25,158669.75
"753","DE","05-14",2024-11-14,2024-12-08,4,"quantile",0.5,180102.5
"754","DE","05-14",2024-11-14,2024-12-08,4,"quantile",0.75,203398
"755","DE","05-14",2024-11-14,2024-12-08,4,"quantile",0.9,226836.3
"756","DE","05-14",2024-11-14,2024-12-08,4,"quantile",0.975,257137.2
"757","DE","15-34",2024-11-14,2024-11-17,1,"quantile",0.025,320466.575
"758","DE","15-34",2024-11-14,2024-11-17,1,"quantile",0.1,346841.4
"759","DE","15-34",2024-11-14,2024-11-17,1,"quantile",0.25,373190.75
"760","DE","15-34",2024-11-14,2024-11-17,1,"quantile",0.5,405684
"761","DE","15-34",2024-11-14,2024-11-17,1,"quantile",0.75,438612
"762","DE","15-34",2024-11-14,2024-11-17,1,"quantile",0.9,472261.1
"763","DE","15-34",2024-11-14,2024-11-17,1,"quantile",0.975,513793.5
"764","DE","15-34",2024-11-14,2024-11-24,2,"quantile",0.025,306844.925
"765","DE","15-34",2024-11-14,2024-11-24,2,"quantile",0.1,337132.2
"766","DE","15-34",2024-11-14,2024-11-24,2,"quantile",0.25,368230.25
"767","DE","15-34",2024-11-14,2024-11-24,2,"quantile",0.5,406697.5
"768","DE","15-34",2024-11-14,2024-11-24,2,"quantile",0.75,449763.5
"769","DE","15-34",2024-11-14,2024-11-24,2,"quantile",0.9,491265.4
"770","DE","15-34",2024-11-14,2024-11-24,2,"quantile",0.975,542414.225
"771","DE","15-34",2024-11-14,2024-12-01,3,"quantile",0.025,289968.125
"772","DE","15-34",2024-11-14,2024-12-01,3,"quantile",0.1,325148.2
"773","DE","15-34",2024-11-14,2024-12-01,3,"quantile",0.25,360336
"774","DE","15-34",2024-11-14,2024-12-01,3,"quantile",0.5,405281
"775","DE","15-34",2024-11-14,2024-12-01,3,"quantile",0.75,453985
"776","DE","15-34",2024-11-14,2024-12-01,3,"quantile",0.9,500780.1
"777","DE","15-34",2024-11-14,2024-12-01,3,"quantile",0.975,566494.675
"778","DE","15-34",2024-11-14,2024-12-08,4,"quantile",0.025,296805.35
"779","DE","15-34",2024-11-14,2024-12-08,4,"quantile",0.1,336451.6
"780","DE","15-34",2024-11-14,2024-12-08,4,"quantile",0.25,372999
"781","DE","15-34",2024-11-14,2024-12-08,4,"quantile",0.5,419672
"782","DE","15-34",2024-11-14,2024-12-08,4,"quantile",0.75,472856.75
"783","DE","15-34",2024-11-14,2024-12-08,4,"quantile",0.9,526080.3
"784","DE","15-34",2024-11-14,2024-12-08,4,"quantile",0.975,593166.6
"785","DE","35-59",2024-11-14,2024-11-17,1,"quantile",0.025,379041.425
"786","DE","35-59",2024-11-14,2024-11-17,1,"quantile",0.1,410384.7
"787","DE","35-59",2024-11-14,2024-11-17,1,"quantile",0.25,441622
"788","DE","35-59",2024-11-14,2024-11-17,1,"quantile",0.5,481393.5
"789","DE","35-59",2024-11-14,2024-11-17,1,"quantile",0.75,522941
"790","DE","35-59",2024-11-14,2024-11-17,1,"quantile",0.9,564895.4
"791","DE","35-59",2024-11-14,2024-11-17,1,"quantile",0.975,613905.525
"792","DE","35-59",2024-11-14,2024-11-24,2,"quantile",0.025,347275.075
"793","DE","35-59",2024-11-14,2024-11-24,2,"quantile",0.1,389284.5
"794","DE","35-59",2024-11-14,2024-11-24,2,"quantile",0.25,429125.5
"795","DE","35-59",2024-11-14,2024-11-24,2,"quantile",0.5,477815
"796","DE","35-59",2024-11-14,2024-11-24,2,"quantile",0.75,535336.5
"797","DE","35-59",2024-11-14,2024-11-24,2,"quantile",0.9,590606.9
"798","DE","35-59",2024-11-14,2024-11-24,2,"quantile",0.975,661052.925
"799","DE","35-59",2024-11-14,2024-12-01,3,"quantile",0.025,325434.15
"800","DE","35-59",2024-11-14,2024-12-01,3,"quantile",0.1,372812.2
"801","DE","35-59",2024-11-14,2024-12-01,3,"quantile",0.25,420314.75
"802","DE","35-59",2024-11-14,2024-12-01,3,"quantile",0.5,479002
"803","DE","35-59",2024-11-14,2024-12-01,3,"quantile",0.75,548277.25
"804","DE","35-59",2024-11-14,2024-12-01,3,"quantile",0.9,611075.2
"805","DE","35-59",2024-11-14,2024-12-01,3,"quantile",0.975,703362.025
"806","DE","35-59",2024-11-14,2024-12-08,4,"quantile",0.025,329790.1
"807","DE","35-59",2024-11-14,2024-12-08,4,"quantile",0.1,380443.3
"808","DE","35-59",2024-11-14,2024-12-08,4,"quantile",0.25,430453.25
"809","DE","35-59",2024-11-14,2024-12-08,4,"quantile",0.5,499173.5
"810","DE","35-59",2024-11-14,2024-12-08,4,"quantile",0.75,570676.25
"811","DE","35-59",2024-11-14,2024-12-08,4,"quantile",0.9,652290.4
"812","DE","35-59",2024-11-14,2024-12-08,4,"quantile",0.975,755194.575
"813","DE","60+",2024-11-14,2024-11-17,1,"quantile",0.025,118173.35
"814","DE","60+",2024-11-14,2024-11-17,1,"quantile",0.1,129118.7
"815","DE","60+",2024-11-14,2024-11-17,1,"quantile",0.25,138982.5
"816","DE","60+",2024-11-14,2024-11-17,1,"quantile",0.5,151029.5
"817","DE","60+",2024-11-14,2024-11-17,1,"quantile",0.75,163844
"818","DE","60+",2024-11-14,2024-11-17,1,"quantile",0.9,176681.1
"819","DE","60+",2024-11-14,2024-11-17,1,"quantile",0.975,190903.05
"820","DE","60+",2024-11-14,2024-11-24,2,"quantile",0.025,105270.25
"821","DE","60+",2024-11-14,2024-11-24,2,"quantile",0.1,117562.3
"822","DE","60+",2024-11-14,2024-11-24,2,"quantile",0.25,128846.25
"823","DE","60+",2024-11-14,2024-11-24,2,"quantile",0.5,143198
"824","DE","60+",2024-11-14,2024-11-24,2,"quantile",0.75,159498.75
"825","DE","60+",2024-11-14,2024-11-24,2,"quantile",0.9,175647.7
"826","DE","60+",2024-11-14,2024-11-24,2,"quantile",0.975,196783.275
"827","DE","60+",2024-11-14,2024-12-01,3,"quantile",0.025,97453.825
"828","DE","60+",2024-11-14,2024-12-01,3,"quantile",0.1,110826.7
"829","DE","60+",2024-11-14,2024-12-01,3,"quantile",0.25,123498.5
"830","DE","60+",2024-11-14,2024-12-01,3,"quantile",0.5,140580
"831","DE","60+",2024-11-14,2024-12-01,3,"quantile",0.75,159766.25
"832","DE","60+",2024-11-14,2024-12-01,3,"quantile",0.9,179819.1
"833","DE","60+",2024-11-14,2024-12-01,3,"quantile",0.975,203994.525
"834","DE","60+",2024-11-14,2024-12-08,4,"quantile",0.025,101410.475
"835","DE","60+",2024-11-14,2024-12-08,4,"quantile",0.1,114994.9
"836","DE","60+",2024-11-14,2024-12-08,4,"quantile",0.25,130138.25
"837","DE","60+",2024-11-14,2024-12-08,4,"quantile",0.5,148815
"838","DE","60+",2024-11-14,2024-12-08,4,"quantile",0.75,171643.75
"839","DE","60+",2024-11-14,2024-12-08,4,"quantile",0.9,195568.4
"840","DE","60+",2024-11-14,2024-12-08,4,"quantile",0.975,223574.375
"841","DE","00+",2024-11-21,2024-11-24,1,"quantile",0.025,1153773.1
"842","DE","00+",2024-11-21,2024-11-24,1,"quantile",0.1,1232487.7
"843","DE","00+",2024-11-21,2024-11-24,1,"quantile",0.25,1313423.75
"844","DE","00+",2024-11-21,2024-11-24,1,"quantile",0.5,1411237
"845","DE","00+",2024-11-21,2024-11-24,1,"quantile",0.75,1509762.25
"846","DE","00+",2024-11-21,2024-11-24,1,"quantile",0.9,1608273.1
"847","DE","00+",2024-11-21,2024-11-24,1,"quantile",0.975,1721585.75
"848","DE","00+",2024-11-21,2024-12-01,2,"quantile",0.025,1081544.675
"849","DE","00+",2024-11-21,2024-12-01,2,"quantile",0.1,1188563.8
"850","DE","00+",2024-11-21,2024-12-01,2,"quantile",0.25,1291223.75
"851","DE","00+",2024-11-21,2024-12-01,2,"quantile",0.5,1412262
"852","DE","00+",2024-11-21,2024-12-01,2,"quantile",0.75,1547406.75
"853","DE","00+",2024-11-21,2024-12-01,2,"quantile",0.9,1674350.9
"854","DE","00+",2024-11-21,2024-12-01,2,"quantile",0.975,1821896.375
"855","DE","00+",2024-11-21,2024-12-08,3,"quantile",0.025,1064062.95
"856","DE","00+",2024-11-21,2024-12-08,3,"quantile",0.1,1184698.2
"857","DE","00+",2024-11-21,2024-12-08,3,"quantile",0.25,1306575.25
"858","DE","00+",2024-11-21,2024-12-08,3,"quantile",0.5,1457326.5
"859","DE","00+",2024-11-21,2024-12-08,3,"quantile",0.75,1617026.25
"860","DE","00+",2024-11-21,2024-12-08,3,"quantile",0.9,1784950.3
"861","DE","00+",2024-11-21,2024-12-08,3,"quantile",0.975,1995019.175
"862","DE","00+",2024-11-21,2024-12-15,4,"quantile",0.025,1090693.85
"863","DE","00+",2024-11-21,2024-12-15,4,"quantile",0.1,1220051.7
"864","DE","00+",2024-11-21,2024-12-15,4,"quantile",0.25,1352291.25
"865","DE","00+",2024-11-21,2024-12-15,4,"quantile",0.5,1512274.5
"866","DE","00+",2024-11-21,2024-12-15,4,"quantile",0.75,1692455.75
"867","DE","00+",2024-11-21,2024-12-15,4,"quantile",0.9,1876296.4
"868","DE","00+",2024-11-21,2024-12-15,4,"quantile",0.975,2111431.225
"869","DE","00-04",2024-11-21,2024-11-24,1,"quantile",0.025,181638.3
"870","DE","00-04",2024-11-21,2024-11-24,1,"quantile",0.1,190656.9
"871","DE","00-04",2024-11-21,2024-11-24,1,"quantile",0.25,199803
"872","DE","00-04",2024-11-21,2024-11-24,1,"quantile",0.5,210058.5
"873","DE","00-04",2024-11-21,2024-11-24,1,"quantile",0.75,220427.5
"874","DE","00-04",2024-11-21,2024-11-24,1,"quantile",0.9,230392.7
"875","DE","00-04",2024-11-21,2024-11-24,1,"quantile",0.975,242324.75
"876","DE","00-04",2024-11-21,2024-12-01,2,"quantile",0.025,176726.8
"877","DE","00-04",2024-11-21,2024-12-01,2,"quantile",0.1,188388.5
"878","DE","00-04",2024-11-21,2024-12-01,2,"quantile",0.25,199366.5
"879","DE","00-04",2024-11-21,2024-12-01,2,"quantile",0.5,212244
"880","DE","00-04",2024-11-21,2024-12-01,2,"quantile",0.75,226204.5
"881","DE","00-04",2024-11-21,2024-12-01,2,"quantile",0.9,239386.7
"882","DE","00-04",2024-11-21,2024-12-01,2,"quantile",0.975,255432.175
"883","DE","00-04",2024-11-21,2024-12-08,3,"quantile",0.025,173128.8
"884","DE","00-04",2024-11-21,2024-12-08,3,"quantile",0.1,185626.7
"885","DE","00-04",2024-11-21,2024-12-08,3,"quantile",0.25,198297
"886","DE","00-04",2024-11-21,2024-12-08,3,"quantile",0.5,213489.5
"887","DE","00-04",2024-11-21,2024-12-08,3,"quantile",0.75,229121.75
"888","DE","00-04",2024-11-21,2024-12-08,3,"quantile",0.9,244338.1
"889","DE","00-04",2024-11-21,2024-12-08,3,"quantile",0.975,263439.85
"890","DE","00-04",2024-11-21,2024-12-15,4,"quantile",0.025,186434.9
"891","DE","00-04",2024-11-21,2024-12-15,4,"quantile",0.1,200322
"892","DE","00-04",2024-11-21,2024-12-15,4,"quantile",0.25,214461.5
"893","DE","00-04",2024-11-21,2024-12-15,4,"quantile",0.5,231687.5
"894","DE","00-04",2024-11-21,2024-12-15,4,"quantile",0.75,250469.25
"895","DE","00-04",2024-11-21,2024-12-15,4,"quantile",0.9,268178.1
"896","DE","00-04",2024-11-21,2024-12-15,4,"quantile",0.975,288736.55
"897","DE","05-14",2024-11-21,2024-11-24,1,"quantile",0.025,151382.65
"898","DE","05-14",2024-11-21,2024-11-24,1,"quantile",0.1,164099.7
"899","DE","05-14",2024-11-21,2024-11-24,1,"quantile",0.25,176228
"900","DE","05-14",2024-11-21,2024-11-24,1,"quantile",0.5,190500
"901","DE","05-14",2024-11-21,2024-11-24,1,"quantile",0.75,205116.5
"902","DE","05-14",2024-11-21,2024-11-24,1,"quantile",0.9,220132
"903","DE","05-14",2024-11-21,2024-11-24,1,"quantile",0.975,238632.05
"904","DE","05-14",2024-11-21,2024-12-01,2,"quantile",0.025,140788.75
"905","DE","05-14",2024-11-21,2024-12-01,2,"quantile",0.1,156187.9
"906","DE","05-14",2024-11-21,2024-12-01,2,"quantile",0.25,170882.5
"907","DE","05-14",2024-11-21,2024-12-01,2,"quantile",0.5,188266.5
"908","DE","05-14",2024-11-21,2024-12-01,2,"quantile",0.75,208416.75
"909","DE","05-14",2024-11-21,2024-12-01,2,"quantile",0.9,226908.4
"910","DE","05-14",2024-11-21,2024-12-01,2,"quantile",0.975,251422.475
"911","DE","05-14",2024-11-21,2024-12-08,3,"quantile",0.025,131554.125
"912","DE","05-14",2024-11-21,2024-12-08,3,"quantile",0.1,147847.7
"913","DE","05-14",2024-11-21,2024-12-08,3,"quantile",0.25,163410.25
"914","DE","05-14",2024-11-21,2024-12-08,3,"quantile",0.5,182875
"915","DE","05-14",2024-11-21,2024-12-08,3,"quantile",0.75,205152.5
"916","DE","05-14",2024-11-21,2024-12-08,3,"quantile",0.9,226063.1
"917","DE","05-14",2024-11-21,2024-12-08,3,"quantile",0.975,253120.9
"918","DE","05-14",2024-11-21,2024-12-15,4,"quantile",0.025,140454.4
"919","DE","05-14",2024-11-21,2024-12-15,4,"quantile",0.1,157157.5
"920","DE","05-14",2024-11-21,2024-12-15,4,"quantile",0.25,175538.75
"921","DE","05-14",2024-11-21,2024-12-15,4,"quantile",0.5,197784.5
"922","DE","05-14",2024-11-21,2024-12-15,4,"quantile",0.75,223403.25
"923","DE","05-14",2024-11-21,2024-12-15,4,"quantile",0.9,249369.2
"924","DE","05-14",2024-11-21,2024-12-15,4,"quantile",0.975,280321.65
"925","DE","15-34",2024-11-21,2024-11-24,1,"quantile",0.025,319547.7
"926","DE","15-34",2024-11-21,2024-11-24,1,"quantile",0.1,346610.8
"927","DE","15-34",2024-11-21,2024-11-24,1,"quantile",0.25,371225.75
"928","DE","15-34",2024-11-21,2024-11-24,1,"quantile",0.5,401517.5
"929","DE","15-34",2024-11-21,2024-11-24,1,"quantile",0.75,433807.75
"930","DE","15-34",2024-11-21,2024-11-24,1,"quantile",0.9,465472.7
"931","DE","15-34",2024-11-21,2024-11-24,1,"quantile",0.975,504094.55
"932","DE","15-34",2024-11-21,2024-12-01,2,"quantile",0.025,301909
"933","DE","15-34",2024-11-21,2024-12-01,2,"quantile",0.1,331772.1
"934","DE","15-34",2024-11-21,2024-12-01,2,"quantile",0.25,363427.5
"935","DE","15-34",2024-11-21,2024-12-01,2,"quantile",0.5,401068.5
"936","DE","15-34",2024-11-21,2024-12-01,2,"quantile",0.75,443069.25
"937","DE","15-34",2024-11-21,2024-12-01,2,"quantile",0.9,483978.6
"938","DE","15-34",2024-11-21,2024-12-01,2,"quantile",0.975,534498.15
"939","DE","15-34",2024-11-21,2024-12-08,3,"quantile",0.025,301681.325
"940","DE","15-34",2024-11-21,2024-12-08,3,"quantile",0.1,338347.7
"941","DE","15-34",2024-11-21,2024-12-08,3,"quantile",0.25,372864.75
"942","DE","15-34",2024-11-21,2024-12-08,3,"quantile",0.5,417149.5
"943","DE","15-34",2024-11-21,2024-12-08,3,"quantile",0.75,465274.5
"944","DE","15-34",2024-11-21,2024-12-08,3,"quantile",0.9,514876.7
"945","DE","15-34",2024-11-21,2024-12-08,3,"quantile",0.975,571393.95
"946","DE","15-34",2024-11-21,2024-12-15,4,"quantile",0.025,290970.125
"947","DE","15-34",2024-11-21,2024-12-15,4,"quantile",0.1,328235.3
"948","DE","15-34",2024-11-21,2024-12-15,4,"quantile",0.25,363618
"949","DE","15-34",2024-11-21,2024-12-15,4,"quantile",0.5,408520.5
"950","DE","15-34",2024-11-21,2024-12-15,4,"quantile",0.75,459211.5
"951","DE","15-34",2024-11-21,2024-12-15,4,"quantile",0.9,507605.9
"952","DE","15-34",2024-11-21,2024-12-15,4,"quantile",0.975,565944.225
"953","DE","35-59",2024-11-21,2024-11-24,1,"quantile",0.025,367271.975
"954","DE","35-59",2024-11-21,2024-11-24,1,"quantile",0.1,395810.7
"955","DE","35-59",2024-11-21,2024-11-24,1,"quantile",0.25,426843.5
"956","DE","35-59",2024-11-21,2024-11-24,1,"quantile",0.5,464678
"957","DE","35-59",2024-11-21,2024-11-24,1,"quantile",0.75,506221.25
"958","DE","35-59",2024-11-21,2024-11-24,1,"quantile",0.9,546318
"959","DE","35-59",2024-11-21,2024-11-24,1,"quantile",0.975,598829.8
"960","DE","35-59",2024-11-21,2024-12-01,2,"quantile",0.025,334746.525
"961","DE","35-59",2024-11-21,2024-12-01,2,"quantile",0.1,376847.9
"962","DE","35-59",2024-11-21,2024-12-01,2,"quantile",0.25,417683.25
"963","DE","35-59",2024-11-21,2024-12-01,2,"quantile",0.5,465424
"964","DE","35-59",2024-11-21,2024-12-01,2,"quantile",0.75,519538.25
"965","DE","35-59",2024-11-21,2024-12-01,2,"quantile",0.9,572221.5
"966","DE","35-59",2024-11-21,2024-12-01,2,"quantile",0.975,641526.65
"967","DE","35-59",2024-11-21,2024-12-08,3,"quantile",0.025,327455.8
"968","DE","35-59",2024-11-21,2024-12-08,3,"quantile",0.1,377582.7
"969","DE","35-59",2024-11-21,2024-12-08,3,"quantile",0.25,424834.25
"970","DE","35-59",2024-11-21,2024-12-08,3,"quantile",0.5,484529.5
"971","DE","35-59",2024-11-21,2024-12-08,3,"quantile",0.75,553009.25
"972","DE","35-59",2024-11-21,2024-12-08,3,"quantile",0.9,619307.3
"973","DE","35-59",2024-11-21,2024-12-08,3,"quantile",0.975,705771.925
"974","DE","35-59",2024-11-21,2024-12-15,4,"quantile",0.025,329236.65
"975","DE","35-59",2024-11-21,2024-12-15,4,"quantile",0.1,379449.9
"976","DE","35-59",2024-11-21,2024-12-15,4,"quantile",0.25,430358.75
"977","DE","35-59",2024-11-21,2024-12-15,4,"quantile",0.5,495954.5
"978","DE","35-59",2024-11-21,2024-12-15,4,"quantile",0.75,573604
"979","DE","35-59",2024-11-21,2024-12-15,4,"quantile",0.9,650765.1
"980","DE","35-59",2024-11-21,2024-12-15,4,"quantile",0.975,752680.35
"981","DE","60+",2024-11-21,2024-11-24,1,"quantile",0.025,115835.7
"982","DE","60+",2024-11-21,2024-11-24,1,"quantile",0.1,125264
"983","DE","60+",2024-11-21,2024-11-24,1,"quantile",0.25,134297.75
"984","DE","60+",2024-11-21,2024-11-24,1,"quantile",0.5,145914.5
"985","DE","60+",2024-11-21,2024-11-24,1,"quantile",0.75,158346.25
"986","DE","60+",2024-11-21,2024-11-24,1,"quantile",0.9,170676.7
"987","DE","60+",2024-11-21,2024-11-24,1,"quantile",0.975,184958.375
"988","DE","60+",2024-11-21,2024-12-01,2,"quantile",0.025,104578.975
"989","DE","60+",2024-11-21,2024-12-01,2,"quantile",0.1,116985.9
"990","DE","60+",2024-11-21,2024-12-01,2,"quantile",0.25,128553.5
"991","DE","60+",2024-11-21,2024-12-01,2,"quantile",0.5,143108.5
"992","DE","60+",2024-11-21,2024-12-01,2,"quantile",0.75,159101
"993","DE","60+",2024-11-21,2024-12-01,2,"quantile",0.9,175753.5
"994","DE","60+",2024-11-21,2024-12-01,2,"quantile",0.975,196415.625
"995","DE","60+",2024-11-21,2024-12-08,3,"quantile",0.025,104662.225
"996","DE","60+",2024-11-21,2024-12-08,3,"quantile",0.1,118751.2
"997","DE","60+",2024-11-21,2024-12-08,3,"quantile",0.25,133388
"998","DE","60+",2024-11-21,2024-12-08,3,"quantile",0.5,151090.5
"999","DE","60+",2024-11-21,2024-12-08,3,"quantile",0.75,172390.75
"1000","DE","60+",2024-11-21,2024-12-08,3,"quantile",0.9,193029
"1001","DE","60+",2024-11-21,2024-12-08,3,"quantile",0.975,217732.6
"1002","DE","60+",2024-11-21,2024-12-15,4,"quantile",0.025,111339.725
"1003","DE","60+",2024-11-21,2024-12-15,4,"quantile",0.1,127682.5
"1004","DE","60+",2024-11-21,2024-12-15,4,"quantile",0.25,143483.5
"1005","DE","60+",2024-11-21,2024-12-15,4,"quantile",0.5,165861
"1006","DE","60+",2024-11-21,2024-12-15,4,"quantile",0.75,190879.25
"1007","DE","60+",2024-11-21,2024-12-15,4,"quantile",0.9,215587.3
"1008","DE","60+",2024-11-21,2024-12-15,4,"quantile",0.975,246237.575
"1009","DE","00+",2024-11-28,2024-12-01,1,"quantile",0.025,1165428.975
"1010","DE","00+",2024-11-28,2024-12-01,1,"quantile",0.1,1237799.2
"1011","DE","00+",2024-11-28,2024-12-01,1,"quantile",0.25,1315740.25
"1012","DE","00+",2024-11-28,2024-12-01,1,"quantile",0.5,1411214
"1013","DE","00+",2024-11-28,2024-12-01,1,"quantile",0.75,1509079
"1014","DE","00+",2024-11-28,2024-12-01,1,"quantile",0.9,1608802.6
"1015","DE","00+",2024-11-28,2024-12-01,1,"quantile",0.975,1718393.575
"1016","DE","00+",2024-11-28,2024-12-08,2,"quantile",0.025,1128193.125
"1017","DE","00+",2024-11-28,2024-12-08,2,"quantile",0.1,1230369.4
"1018","DE","00+",2024-11-28,2024-12-08,2,"quantile",0.25,1328409.5
"1019","DE","00+",2024-11-28,2024-12-08,2,"quantile",0.5,1453626.5
"1020","DE","00+",2024-11-28,2024-12-08,2,"quantile",0.75,1588125.75
"1021","DE","00+",2024-11-28,2024-12-08,2,"quantile",0.9,1728463.8
"1022","DE","00+",2024-11-28,2024-12-08,2,"quantile",0.975,1898025.2
"1023","DE","00+",2024-11-28,2024-12-15,3,"quantile",0.025,1113356.3
"1024","DE","00+",2024-11-28,2024-12-15,3,"quantile",0.1,1235796.1
"1025","DE","00+",2024-11-28,2024-12-15,3,"quantile",0.25,1358554
"1026","DE","00+",2024-11-28,2024-12-15,3,"quantile",0.5,1508930.5
"1027","DE","00+",2024-11-28,2024-12-15,3,"quantile",0.75,1673572.25
"1028","DE","00+",2024-11-28,2024-12-15,3,"quantile",0.9,1843609.3
"1029","DE","00+",2024-11-28,2024-12-15,3,"quantile",0.975,2044001.775
"1030","DE","00+",2024-11-28,2024-12-22,4,"quantile",0.025,976457.875
"1031","DE","00+",2024-11-28,2024-12-22,4,"quantile",0.1,1084748.6
"1032","DE","00+",2024-11-28,2024-12-22,4,"quantile",0.25,1197846
"1033","DE","00+",2024-11-28,2024-12-22,4,"quantile",0.5,1339818
"1034","DE","00+",2024-11-28,2024-12-22,4,"quantile",0.75,1504664.75
"1035","DE","00+",2024-11-28,2024-12-22,4,"quantile",0.9,1659766.1
"1036","DE","00+",2024-11-28,2024-12-22,4,"quantile",0.975,1850669.7
"1037","DE","00-04",2024-11-28,2024-12-01,1,"quantile",0.025,167025.375
"1038","DE","00-04",2024-11-28,2024-12-01,1,"quantile",0.1,175674.8
"1039","DE","00-04",2024-11-28,2024-12-01,1,"quantile",0.25,183829
"1040","DE","00-04",2024-11-28,2024-12-01,1,"quantile",0.5,193171
"1041","DE","00-04",2024-11-28,2024-12-01,1,"quantile",0.75,203385.75
"1042","DE","00-04",2024-11-28,2024-12-01,1,"quantile",0.9,212890.9
"1043","DE","00-04",2024-11-28,2024-12-01,1,"quantile",0.975,223898.2
"1044","DE","00-04",2024-11-28,2024-12-08,2,"quantile",0.025,162089.75
"1045","DE","00-04",2024-11-28,2024-12-08,2,"quantile",0.1,172358.9
"1046","DE","00-04",2024-11-28,2024-12-08,2,"quantile",0.25,182504
"1047","DE","00-04",2024-11-28,2024-12-08,2,"quantile",0.5,194703.5
"1048","DE","00-04",2024-11-28,2024-12-08,2,"quantile",0.75,207509.75
"1049","DE","00-04",2024-11-28,2024-12-08,2,"quantile",0.9,220097.4
"1050","DE","00-04",2024-11-28,2024-12-08,2,"quantile",0.975,234893.325
"1051","DE","00-04",2024-11-28,2024-12-15,3,"quantile",0.025,174252.575
"1052","DE","00-04",2024-11-28,2024-12-15,3,"quantile",0.1,187857.2
"1053","DE","00-04",2024-11-28,2024-12-15,3,"quantile",0.25,200422.5
"1054","DE","00-04",2024-11-28,2024-12-15,3,"quantile",0.5,215952.5
"1055","DE","00-04",2024-11-28,2024-12-15,3,"quantile",0.75,231780
"1056","DE","00-04",2024-11-28,2024-12-15,3,"quantile",0.9,247648.3
"1057","DE","00-04",2024-11-28,2024-12-15,3,"quantile",0.975,266636.2
"1058","DE","00-04",2024-11-28,2024-12-22,4,"quantile",0.025,171727.375
"1059","DE","00-04",2024-11-28,2024-12-22,4,"quantile",0.1,187461
"1060","DE","00-04",2024-11-28,2024-12-22,4,"quantile",0.25,200529.75
"1061","DE","00-04",2024-11-28,2024-12-22,4,"quantile",0.5,216569
"1062","DE","00-04",2024-11-28,2024-12-22,4,"quantile",0.75,234188
"1063","DE","00-04",2024-11-28,2024-12-22,4,"quantile",0.9,250494.5
"1064","DE","00-04",2024-11-28,2024-12-22,4,"quantile",0.975,270449.075
"1065","DE","05-14",2024-11-28,2024-12-01,1,"quantile",0.025,140581.775
"1066","DE","05-14",2024-11-28,2024-12-01,1,"quantile",0.1,153043.6
"1067","DE","05-14",2024-11-28,2024-12-01,1,"quantile",0.25,164539.25
"1068","DE","05-14",2024-11-28,2024-12-01,1,"quantile",0.5,177817
"1069","DE","05-14",2024-11-28,2024-12-01,1,"quantile",0.75,191686.75
"1070","DE","05-14",2024-11-28,2024-12-01,1,"quantile",0.9,204892.8
"1071","DE","05-14",2024-11-28,2024-12-01,1,"quantile",0.975,223191.9
"1072","DE","05-14",2024-11-28,2024-12-08,2,"quantile",0.025,130315
"1073","DE","05-14",2024-11-28,2024-12-08,2,"quantile",0.1,144225.1
"1074","DE","05-14",2024-11-28,2024-12-08,2,"quantile",0.25,157829.75
"1075","DE","05-14",2024-11-28,2024-12-08,2,"quantile",0.5,174112
"1076","DE","05-14",2024-11-28,2024-12-08,2,"quantile",0.75,192571.5
"1077","DE","05-14",2024-11-28,2024-12-08,2,"quantile",0.9,211269.1
"1078","DE","05-14",2024-11-28,2024-12-08,2,"quantile",0.975,233781.45
"1079","DE","05-14",2024-11-28,2024-12-15,3,"quantile",0.025,137426.9
"1080","DE","05-14",2024-11-28,2024-12-15,3,"quantile",0.1,154111.1
"1081","DE","05-14",2024-11-28,2024-12-15,3,"quantile",0.25,170581
"1082","DE","05-14",2024-11-28,2024-12-15,3,"quantile",0.5,191510
"1083","DE","05-14",2024-11-28,2024-12-15,3,"quantile",0.75,214104.5
"1084","DE","05-14",2024-11-28,2024-12-15,3,"quantile",0.9,238074
"1085","DE","05-14",2024-11-28,2024-12-15,3,"quantile",0.975,266340.125
"1086","DE","05-14",2024-11-28,2024-12-22,4,"quantile",0.025,122937.175
"1087","DE","05-14",2024-11-28,2024-12-22,4,"quantile",0.1,138675
"1088","DE","05-14",2024-11-28,2024-12-22,4,"quantile",0.25,155413.25
"1089","DE","05-14",2024-11-28,2024-12-22,4,"quantile",0.5,175960
"1090","DE","05-14",2024-11-28,2024-12-22,4,"quantile",0.75,197610.75
"1091","DE","05-14",2024-11-28,2024-12-22,4,"quantile",0.9,219900.5
"1092","DE","05-14",2024-11-28,2024-12-22,4,"quantile",0.975,248641.25
"1093","DE","15-34",2024-11-28,2024-12-01,1,"quantile",0.025,326504.75
"1094","DE","15-34",2024-11-28,2024-12-01,1,"quantile",0.1,354285.8
"1095","DE","15-34",2024-11-28,2024-12-01,1,"quantile",0.25,380760.75
"1096","DE","15-34",2024-11-28,2024-12-01,1,"quantile",0.5,412491.5
"1097","DE","15-34",2024-11-28,2024-12-01,1,"quantile",0.75,446607.25
"1098","DE","15-34",2024-11-28,2024-12-01,1,"quantile",0.9,477845.7
"1099","DE","15-34",2024-11-28,2024-12-01,1,"quantile",0.975,516839.975
"1100","DE","15-34",2024-11-28,2024-12-08,2,"quantile",0.025,321398.825
"1101","DE","15-34",2024-11-28,2024-12-08,2,"quantile",0.1,355221.6
"1102","DE","15-34",2024-11-28,2024-12-08,2,"quantile",0.25,388300
"1103","DE","15-34",2024-11-28,2024-12-08,2,"quantile",0.5,427948.5
"1104","DE","15-34",2024-11-28,2024-12-08,2,"quantile",0.75,471070.5
"1105","DE","15-34",2024-11-28,2024-12-08,2,"quantile",0.9,514249.8
"1106","DE","15-34",2024-11-28,2024-12-08,2,"quantile",0.975,565861.3
"1107","DE","15-34",2024-11-28,2024-12-15,3,"quantile",0.025,302080.925
"1108","DE","15-34",2024-11-28,2024-12-15,3,"quantile",0.1,338663.3
"1109","DE","15-34",2024-11-28,2024-12-15,3,"quantile",0.25,373634.5
"1110","DE","15-34",2024-11-28,2024-12-15,3,"quantile",0.5,418264
"1111","DE","15-34",2024-11-28,2024-12-15,3,"quantile",0.75,466507.25
"1112","DE","15-34",2024-11-28,2024-12-15,3,"quantile",0.9,516459.4
"1113","DE","15-34",2024-11-28,2024-12-15,3,"quantile",0.975,575792.925
"1114","DE","15-34",2024-11-28,2024-12-22,4,"quantile",0.025,252857.225
"1115","DE","15-34",2024-11-28,2024-12-22,4,"quantile",0.1,284877
"1116","DE","15-34",2024-11-28,2024-12-22,4,"quantile",0.25,315824.75
"1117","DE","15-34",2024-11-28,2024-12-22,4,"quantile",0.5,355930
"1118","DE","15-34",2024-11-28,2024-12-22,4,"quantile",0.75,399933.75
"1119","DE","15-34",2024-11-28,2024-12-22,4,"quantile",0.9,443113
"1120","DE","15-34",2024-11-28,2024-12-22,4,"quantile",0.975,497590.825
"1121","DE","35-59",2024-11-28,2024-12-01,1,"quantile",0.025,386421.45
"1122","DE","35-59",2024-11-28,2024-12-01,1,"quantile",0.1,421480.8
"1123","DE","35-59",2024-11-28,2024-12-01,1,"quantile",0.25,454748.5
"1124","DE","35-59",2024-11-28,2024-12-01,1,"quantile",0.5,494265
"1125","DE","35-59",2024-11-28,2024-12-01,1,"quantile",0.75,535811.25
"1126","DE","35-59",2024-11-28,2024-12-01,1,"quantile",0.9,575635.6
"1127","DE","35-59",2024-11-28,2024-12-01,1,"quantile",0.975,631985.475
"1128","DE","35-59",2024-11-28,2024-12-08,2,"quantile",0.025,371888.2
"1129","DE","35-59",2024-11-28,2024-12-08,2,"quantile",0.1,418097.6
"1130","DE","35-59",2024-11-28,2024-12-08,2,"quantile",0.25,460428.25
"1131","DE","35-59",2024-11-28,2024-12-08,2,"quantile",0.5,514444.5
"1132","DE","35-59",2024-11-28,2024-12-08,2,"quantile",0.75,571984.5
"1133","DE","35-59",2024-11-28,2024-12-08,2,"quantile",0.9,634864.7
"1134","DE","35-59",2024-11-28,2024-12-08,2,"quantile",0.975,708970.275
"1135","DE","35-59",2024-11-28,2024-12-15,3,"quantile",0.025,358139
"1136","DE","35-59",2024-11-28,2024-12-15,3,"quantile",0.1,409889.8
"1137","DE","35-59",2024-11-28,2024-12-15,3,"quantile",0.25,458036.5
"1138","DE","35-59",2024-11-28,2024-12-15,3,"quantile",0.5,521454
"1139","DE","35-59",2024-11-28,2024-12-15,3,"quantile",0.75,593216.5
"1140","DE","35-59",2024-11-28,2024-12-15,3,"quantile",0.9,667273.1
"1141","DE","35-59",2024-11-28,2024-12-15,3,"quantile",0.975,756890.5
"1142","DE","35-59",2024-11-28,2024-12-22,4,"quantile",0.025,291238.525
"1143","DE","35-59",2024-11-28,2024-12-22,4,"quantile",0.1,330089.1
"1144","DE","35-59",2024-11-28,2024-12-22,4,"quantile",0.25,374826.25
"1145","DE","35-59",2024-11-28,2024-12-22,4,"quantile",0.5,429809
"1146","DE","35-59",2024-11-28,2024-12-22,4,"quantile",0.75,494595
"1147","DE","35-59",2024-11-28,2024-12-22,4,"quantile",0.9,563301
"1148","DE","35-59",2024-11-28,2024-12-22,4,"quantile",0.975,644517.5
"1149","DE","60+",2024-11-28,2024-12-01,1,"quantile",0.025,117468.125
"1150","DE","60+",2024-11-28,2024-12-01,1,"quantile",0.1,127858.4
"1151","DE","60+",2024-11-28,2024-12-01,1,"quantile",0.25,137526
"1152","DE","60+",2024-11-28,2024-12-01,1,"quantile",0.5,149397
"1153","DE","60+",2024-11-28,2024-12-01,1,"quantile",0.75,162428
"1154","DE","60+",2024-11-28,2024-12-01,1,"quantile",0.9,175520
"1155","DE","60+",2024-11-28,2024-12-01,1,"quantile",0.975,190207.625
"1156","DE","60+",2024-11-28,2024-12-08,2,"quantile",0.025,115741.95
"1157","DE","60+",2024-11-28,2024-12-08,2,"quantile",0.1,128960.8
"1158","DE","60+",2024-11-28,2024-12-08,2,"quantile",0.25,141614.5
"1159","DE","60+",2024-11-28,2024-12-08,2,"quantile",0.5,158007.5
"1160","DE","60+",2024-11-28,2024-12-08,2,"quantile",0.75,176136.5
"1161","DE","60+",2024-11-28,2024-12-08,2,"quantile",0.9,194835.1
"1162","DE","60+",2024-11-28,2024-12-08,2,"quantile",0.975,217326.35
"1163","DE","60+",2024-11-28,2024-12-15,3,"quantile",0.025,118634.4
"1164","DE","60+",2024-11-28,2024-12-15,3,"quantile",0.1,134413.4
"1165","DE","60+",2024-11-28,2024-12-15,3,"quantile",0.25,150995.25
"1166","DE","60+",2024-11-28,2024-12-15,3,"quantile",0.5,171901.5
"1167","DE","60+",2024-11-28,2024-12-15,3,"quantile",0.75,195651
"1168","DE","60+",2024-11-28,2024-12-15,3,"quantile",0.9,219225.5
"1169","DE","60+",2024-11-28,2024-12-15,3,"quantile",0.975,249764.875
"1170","DE","60+",2024-11-28,2024-12-22,4,"quantile",0.025,108574.725
"1171","DE","60+",2024-11-28,2024-12-22,4,"quantile",0.1,123926.4
"1172","DE","60+",2024-11-28,2024-12-22,4,"quantile",0.25,141659.25
"1173","DE","60+",2024-11-28,2024-12-22,4,"quantile",0.5,162007
"1174","DE","60+",2024-11-28,2024-12-22,4,"quantile",0.75,185982
"1175","DE","60+",2024-11-28,2024-12-22,4,"quantile",0.9,211025.8
"1176","DE","60+",2024-11-28,2024-12-22,4,"quantile",0.975,242661.125
"1177","DE","00+",2024-12-05,2024-12-08,1,"quantile",0.025,1141459.175
"1178","DE","00+",2024-12-05,2024-12-08,1,"quantile",0.1,1224738.6
"1179","DE","00+",2024-12-05,2024-12-08,1,"quantile",0.25,1304237.25
"1180","DE","00+",2024-12-05,2024-12-08,1,"quantile",0.5,1399284
"1181","DE","00+",2024-12-05,2024-12-08,1,"quantile",0.75,1500817
"1182","DE","00+",2024-12-05,2024-12-08,1,"quantile",0.9,1601147.5
"1183","DE","00+",2024-12-05,2024-12-08,1,"quantile",0.975,1709830.775
"1184","DE","00+",2024-12-05,2024-12-15,2,"quantile",0.025,1121418.125
"1185","DE","00+",2024-12-05,2024-12-15,2,"quantile",0.1,1226392.9
"1186","DE","00+",2024-12-05,2024-12-15,2,"quantile",0.25,1332542.5
"1187","DE","00+",2024-12-05,2024-12-15,2,"quantile",0.5,1456467.5
"1188","DE","00+",2024-12-05,2024-12-15,2,"quantile",0.75,1590595.25
"1189","DE","00+",2024-12-05,2024-12-15,2,"quantile",0.9,1730841.1
"1190","DE","00+",2024-12-05,2024-12-15,2,"quantile",0.975,1893648.375
"1191","DE","00+",2024-12-05,2024-12-22,3,"quantile",0.025,968323.275
"1192","DE","00+",2024-12-05,2024-12-22,3,"quantile",0.1,1072945.4
"1193","DE","00+",2024-12-05,2024-12-22,3,"quantile",0.25,1177597.5
"1194","DE","00+",2024-12-05,2024-12-22,3,"quantile",0.5,1304946
"1195","DE","00+",2024-12-05,2024-12-22,3,"quantile",0.75,1445274
"1196","DE","00+",2024-12-05,2024-12-22,3,"quantile",0.9,1585167.9
"1197","DE","00+",2024-12-05,2024-12-22,3,"quantile",0.975,1775199.7
"1198","DE","00+",2024-12-05,2024-12-29,4,"quantile",0.025,466337.75
"1199","DE","00+",2024-12-05,2024-12-29,4,"quantile",0.1,518912.4
"1200","DE","00+",2024-12-05,2024-12-29,4,"quantile",0.25,574954.25
"1201","DE","00+",2024-12-05,2024-12-29,4,"quantile",0.5,639047
"1202","DE","00+",2024-12-05,2024-12-29,4,"quantile",0.75,714630
"1203","DE","00+",2024-12-05,2024-12-29,4,"quantile",0.9,790708.6
"1204","DE","00+",2024-12-05,2024-12-29,4,"quantile",0.975,890525.4
"1205","DE","00-04",2024-12-05,2024-12-08,1,"quantile",0.025,164391.275
"1206","DE","00-04",2024-12-05,2024-12-08,1,"quantile",0.1,172349.9
"1207","DE","00-04",2024-12-05,2024-12-08,1,"quantile",0.25,180368
"1208","DE","00-04",2024-12-05,2024-12-08,1,"quantile",0.5,189483
"1209","DE","00-04",2024-12-05,2024-12-08,1,"quantile",0.75,199299.5
"1210","DE","00-04",2024-12-05,2024-12-08,1,"quantile",0.9,208245.3
"1211","DE","00-04",2024-12-05,2024-12-08,1,"quantile",0.975,219162.525
"1212","DE","00-04",2024-12-05,2024-12-15,2,"quantile",0.025,175550.45
"1213","DE","00-04",2024-12-05,2024-12-15,2,"quantile",0.1,186758.2
"1214","DE","00-04",2024-12-05,2024-12-15,2,"quantile",0.25,197605.75
"1215","DE","00-04",2024-12-05,2024-12-15,2,"quantile",0.5,210302
"1216","DE","00-04",2024-12-05,2024-12-15,2,"quantile",0.75,223798
"1217","DE","00-04",2024-12-05,2024-12-15,2,"quantile",0.9,235665.4
"1218","DE","00-04",2024-12-05,2024-12-15,2,"quantile",0.975,251180.55
"1219","DE","00-04",2024-12-05,2024-12-22,3,"quantile",0.025,171830
"1220","DE","00-04",2024-12-05,2024-12-22,3,"quantile",0.1,185798.5
"1221","DE","00-04",2024-12-05,2024-12-22,3,"quantile",0.25,198055
"1222","DE","00-04",2024-12-05,2024-12-22,3,"quantile",0.5,212890.5
"1223","DE","00-04",2024-12-05,2024-12-22,3,"quantile",0.75,228614
"1224","DE","00-04",2024-12-05,2024-12-22,3,"quantile",0.9,243055.9
"1225","DE","00-04",2024-12-05,2024-12-22,3,"quantile",0.975,260381.2
"1226","DE","00-04",2024-12-05,2024-12-29,4,"quantile",0.025,97609.35
"1227","DE","00-04",2024-12-05,2024-12-29,4,"quantile",0.1,105724.8
"1228","DE","00-04",2024-12-05,2024-12-29,4,"quantile",0.25,113579.75
"1229","DE","00-04",2024-12-05,2024-12-29,4,"quantile",0.5,122332.5
"1230","DE","00-04",2024-12-05,2024-12-29,4,"quantile",0.75,131848.75
"1231","DE","00-04",2024-12-05,2024-12-29,4,"quantile",0.9,141287.7
"1232","DE","00-04",2024-12-05,2024-12-29,4,"quantile",0.975,151716.625
"1233","DE","05-14",2024-12-05,2024-12-08,1,"quantile",0.025,137142.425
"1234","DE","05-14",2024-12-05,2024-12-08,1,"quantile",0.1,148860.1
"1235","DE","05-14",2024-12-05,2024-12-08,1,"quantile",0.25,159714
"1236","DE","05-14",2024-12-05,2024-12-08,1,"quantile",0.5,173102
"1237","DE","05-14",2024-12-05,2024-12-08,1,"quantile",0.75,186495.25
"1238","DE","05-14",2024-12-05,2024-12-08,1,"quantile",0.9,200124.5
"1239","DE","05-14",2024-12-05,2024-12-08,1,"quantile",0.975,216847.925
"1240","DE","05-14",2024-12-05,2024-12-15,2,"quantile",0.025,142167.175
"1241","DE","05-14",2024-12-05,2024-12-15,2,"quantile",0.1,157390.5
"1242","DE","05-14",2024-12-05,2024-12-15,2,"quantile",0.25,171996.5
"1243","DE","05-14",2024-12-05,2024-12-15,2,"quantile",0.5,189900
"1244","DE","05-14",2024-12-05,2024-12-15,2,"quantile",0.75,210122.5
"1245","DE","05-14",2024-12-05,2024-12-15,2,"quantile",0.9,229424.1
"1246","DE","05-14",2024-12-05,2024-12-15,2,"quantile",0.975,253667.3
"1247","DE","05-14",2024-12-05,2024-12-22,3,"quantile",0.025,125491
"1248","DE","05-14",2024-12-05,2024-12-22,3,"quantile",0.1,140052.7
"1249","DE","05-14",2024-12-05,2024-12-22,3,"quantile",0.25,155542.25
"1250","DE","05-14",2024-12-05,2024-12-22,3,"quantile",0.5,174252
"1251","DE","05-14",2024-12-05,2024-12-22,3,"quantile",0.75,195640
"1252","DE","05-14",2024-12-05,2024-12-22,3,"quantile",0.9,216309.4
"1253","DE","05-14",2024-12-05,2024-12-22,3,"quantile",0.975,242302.775
"1254","DE","05-14",2024-12-05,2024-12-29,4,"quantile",0.025,52406.05
"1255","DE","05-14",2024-12-05,2024-12-29,4,"quantile",0.1,59624.8
"1256","DE","05-14",2024-12-05,2024-12-29,4,"quantile",0.25,66474.25
"1257","DE","05-14",2024-12-05,2024-12-29,4,"quantile",0.5,75020.5
"1258","DE","05-14",2024-12-05,2024-12-29,4,"quantile",0.75,84610.75
"1259","DE","05-14",2024-12-05,2024-12-29,4,"quantile",0.9,94168.5
"1260","DE","05-14",2024-12-05,2024-12-29,4,"quantile",0.975,105751.975
"1261","DE","15-34",2024-12-05,2024-12-08,1,"quantile",0.025,325848.25
"1262","DE","15-34",2024-12-05,2024-12-08,1,"quantile",0.1,351907.2
"1263","DE","15-34",2024-12-05,2024-12-08,1,"quantile",0.25,378807.75
"1264","DE","15-34",2024-12-05,2024-12-08,1,"quantile",0.5,410627
"1265","DE","15-34",2024-12-05,2024-12-08,1,"quantile",0.75,445333.25
"1266","DE","15-34",2024-12-05,2024-12-08,1,"quantile",0.9,477334.7
"1267","DE","15-34",2024-12-05,2024-12-08,1,"quantile",0.975,516740.95
"1268","DE","15-34",2024-12-05,2024-12-15,2,"quantile",0.025,299209.225
"1269","DE","15-34",2024-12-05,2024-12-15,2,"quantile",0.1,331285.8
"1270","DE","15-34",2024-12-05,2024-12-15,2,"quantile",0.25,364824
"1271","DE","15-34",2024-12-05,2024-12-15,2,"quantile",0.5,402186
"1272","DE","15-34",2024-12-05,2024-12-15,2,"quantile",0.75,444334.25
"1273","DE","15-34",2024-12-05,2024-12-15,2,"quantile",0.9,485596
"1274","DE","15-34",2024-12-05,2024-12-15,2,"quantile",0.975,531841.125
"1275","DE","15-34",2024-12-05,2024-12-22,3,"quantile",0.025,248814.825
"1276","DE","15-34",2024-12-05,2024-12-22,3,"quantile",0.1,278544.3
"1277","DE","15-34",2024-12-05,2024-12-22,3,"quantile",0.25,307499
"1278","DE","15-34",2024-12-05,2024-12-22,3,"quantile",0.5,345919.5
"1279","DE","15-34",2024-12-05,2024-12-22,3,"quantile",0.75,385735
"1280","DE","15-34",2024-12-05,2024-12-22,3,"quantile",0.9,427014.2
"1281","DE","15-34",2024-12-05,2024-12-22,3,"quantile",0.975,477866.125
"1282","DE","15-34",2024-12-05,2024-12-29,4,"quantile",0.025,101672.05
"1283","DE","15-34",2024-12-05,2024-12-29,4,"quantile",0.1,114713.6
"1284","DE","15-34",2024-12-05,2024-12-29,4,"quantile",0.25,127634.75
"1285","DE","15-34",2024-12-05,2024-12-29,4,"quantile",0.5,144327
"1286","DE","15-34",2024-12-05,2024-12-29,4,"quantile",0.75,162224
"1287","DE","15-34",2024-12-05,2024-12-29,4,"quantile",0.9,180494.1
"1288","DE","15-34",2024-12-05,2024-12-29,4,"quantile",0.975,202603.2
"1289","DE","35-59",2024-12-05,2024-12-08,1,"quantile",0.025,388048.8
"1290","DE","35-59",2024-12-05,2024-12-08,1,"quantile",0.1,422557.9
"1291","DE","35-59",2024-12-05,2024-12-08,1,"quantile",0.25,454174.75
"1292","DE","35-59",2024-12-05,2024-12-08,1,"quantile",0.5,494293
"1293","DE","35-59",2024-12-05,2024-12-08,1,"quantile",0.75,537174
"1294","DE","35-59",2024-12-05,2024-12-08,1,"quantile",0.9,581400.1
"1295","DE","35-59",2024-12-05,2024-12-08,1,"quantile",0.975,630586.9
"1296","DE","35-59",2024-12-05,2024-12-15,2,"quantile",0.025,365004.525
"1297","DE","35-59",2024-12-05,2024-12-15,2,"quantile",0.1,407066.3
"1298","DE","35-59",2024-12-05,2024-12-15,2,"quantile",0.25,450409.75
"1299","DE","35-59",2024-12-05,2024-12-15,2,"quantile",0.5,502099.5
"1300","DE","35-59",2024-12-05,2024-12-15,2,"quantile",0.75,560783.5
"1301","DE","35-59",2024-12-05,2024-12-15,2,"quantile",0.9,618253.4
"1302","DE","35-59",2024-12-05,2024-12-15,2,"quantile",0.975,690606.675
"1303","DE","35-59",2024-12-05,2024-12-22,3,"quantile",0.025,285533.575
"1304","DE","35-59",2024-12-05,2024-12-22,3,"quantile",0.1,326853.2
"1305","DE","35-59",2024-12-05,2024-12-22,3,"quantile",0.25,365259
"1306","DE","35-59",2024-12-05,2024-12-22,3,"quantile",0.5,417548
"1307","DE","35-59",2024-12-05,2024-12-22,3,"quantile",0.75,474163
"1308","DE","35-59",2024-12-05,2024-12-22,3,"quantile",0.9,535058.4
"1309","DE","35-59",2024-12-05,2024-12-22,3,"quantile",0.975,609741.275
"1310","DE","35-59",2024-12-05,2024-12-29,4,"quantile",0.025,135859.825
"1311","DE","35-59",2024-12-05,2024-12-29,4,"quantile",0.1,158679.8
"1312","DE","35-59",2024-12-05,2024-12-29,4,"quantile",0.25,180170.75
"1313","DE","35-59",2024-12-05,2024-12-29,4,"quantile",0.5,207040
"1314","DE","35-59",2024-12-05,2024-12-29,4,"quantile",0.75,237686
"1315","DE","35-59",2024-12-05,2024-12-29,4,"quantile",0.9,269638.5
"1316","DE","35-59",2024-12-05,2024-12-29,4,"quantile",0.975,308553
"1317","DE","60+",2024-12-05,2024-12-08,1,"quantile",0.025,118658.975
"1318","DE","60+",2024-12-05,2024-12-08,1,"quantile",0.1,129103.9
"1319","DE","60+",2024-12-05,2024-12-08,1,"quantile",0.25,138938.75
"1320","DE","60+",2024-12-05,2024-12-08,1,"quantile",0.5,151013.5
"1321","DE","60+",2024-12-05,2024-12-08,1,"quantile",0.75,163710.75
"1322","DE","60+",2024-12-05,2024-12-08,1,"quantile",0.9,176122.5
"1323","DE","60+",2024-12-05,2024-12-08,1,"quantile",0.975,190789.8
"1324","DE","60+",2024-12-05,2024-12-15,2,"quantile",0.025,120277.75
"1325","DE","60+",2024-12-05,2024-12-15,2,"quantile",0.1,133540.7
"1326","DE","60+",2024-12-05,2024-12-15,2,"quantile",0.25,147026.5
"1327","DE","60+",2024-12-05,2024-12-15,2,"quantile",0.5,163336
"1328","DE","60+",2024-12-05,2024-12-15,2,"quantile",0.75,182051
"1329","DE","60+",2024-12-05,2024-12-15,2,"quantile",0.9,200459.5
"1330","DE","60+",2024-12-05,2024-12-15,2,"quantile",0.975,221621.125
"1331","DE","60+",2024-12-05,2024-12-22,3,"quantile",0.025,108395.55
"1332","DE","60+",2024-12-05,2024-12-22,3,"quantile",0.1,123351.9
"1333","DE","60+",2024-12-05,2024-12-22,3,"quantile",0.25,137753
"1334","DE","60+",2024-12-05,2024-12-22,3,"quantile",0.5,156023
"1335","DE","60+",2024-12-05,2024-12-22,3,"quantile",0.75,177203
"1336","DE","60+",2024-12-05,2024-12-22,3,"quantile",0.9,197944.6
"1337","DE","60+",2024-12-05,2024-12-22,3,"quantile",0.975,223677.475
"1338","DE","60+",2024-12-05,2024-12-29,4,"quantile",0.025,59086.15
"1339","DE","60+",2024-12-05,2024-12-29,4,"quantile",0.1,67614.3
"1340","DE","60+",2024-12-05,2024-12-29,4,"quantile",0.25,76444.5
"1341","DE","60+",2024-12-05,2024-12-29,4,"quantile",0.5,87209
"1342","DE","60+",2024-12-05,2024-12-29,4,"quantile",0.75,99733
"1343","DE","60+",2024-12-05,2024-12-29,4,"quantile",0.9,112294.7
"1344","DE","60+",2024-12-05,2024-12-29,4,"quantile",0.975,129554
"1345","DE","00+",2024-12-12,2024-12-15,1,"quantile",0.025,1170969.775
"1346","DE","00+",2024-12-12,2024-12-15,1,"quantile",0.1,1255616
"1347","DE","00+",2024-12-12,2024-12-15,1,"quantile",0.25,1339440.5
"1348","DE","00+",2024-12-12,2024-12-15,1,"quantile",0.5,1432379.5
"1349","DE","00+",2024-12-12,2024-12-15,1,"quantile",0.75,1534082.5
"1350","DE","00+",2024-12-12,2024-12-15,1,"quantile",0.9,1634359.1
"1351","DE","00+",2024-12-12,2024-12-15,1,"quantile",0.975,1758939.8
"1352","DE","00+",2024-12-12,2024-12-22,2,"quantile",0.025,992232
"1353","DE","00+",2024-12-12,2024-12-22,2,"quantile",0.1,1087521.9
"1354","DE","00+",2024-12-12,2024-12-22,2,"quantile",0.25,1179736
"1355","DE","00+",2024-12-12,2024-12-22,2,"quantile",0.5,1286410
"1356","DE","00+",2024-12-12,2024-12-22,2,"quantile",0.75,1406406
"1357","DE","00+",2024-12-12,2024-12-22,2,"quantile",0.9,1533186.5
"1358","DE","00+",2024-12-12,2024-12-22,2,"quantile",0.975,1656415.075
"1359","DE","00+",2024-12-12,2024-12-29,3,"quantile",0.025,467940.775
"1360","DE","00+",2024-12-12,2024-12-29,3,"quantile",0.1,519701.9
"1361","DE","00+",2024-12-12,2024-12-29,3,"quantile",0.25,572285.75
"1362","DE","00+",2024-12-12,2024-12-29,3,"quantile",0.5,636039
"1363","DE","00+",2024-12-12,2024-12-29,3,"quantile",0.75,706760.75
"1364","DE","00+",2024-12-12,2024-12-29,3,"quantile",0.9,775054.6
"1365","DE","00+",2024-12-12,2024-12-29,3,"quantile",0.975,860924.55
"1366","DE","00+",2024-12-12,2025-01-05,4,"quantile",0.025,809135.175
"1367","DE","00+",2024-12-12,2025-01-05,4,"quantile",0.1,906314
"1368","DE","00+",2024-12-12,2025-01-05,4,"quantile",0.25,1004781
"1369","DE","00+",2024-12-12,2025-01-05,4,"quantile",0.5,1123555
"1370","DE","00+",2024-12-12,2025-01-05,4,"quantile",0.75,1256589
"1371","DE","00+",2024-12-12,2025-01-05,4,"quantile",0.9,1385559
"1372","DE","00+",2024-12-12,2025-01-05,4,"quantile",0.975,1541327.225
"1373","DE","00-04",2024-12-12,2024-12-15,1,"quantile",0.025,185423
"1374","DE","00-04",2024-12-12,2024-12-15,1,"quantile",0.1,195467.6
"1375","DE","00-04",2024-12-12,2024-12-15,1,"quantile",0.25,204743
"1376","DE","00-04",2024-12-12,2024-12-15,1,"quantile",0.5,215151
"1377","DE","00-04",2024-12-12,2024-12-15,1,"quantile",0.75,226002.5
"1378","DE","00-04",2024-12-12,2024-12-15,1,"quantile",0.9,235933.9
"1379","DE","00-04",2024-12-12,2024-12-15,1,"quantile",0.975,248385.825
"1380","DE","00-04",2024-12-12,2024-12-22,2,"quantile",0.025,182006.375
"1381","DE","00-04",2024-12-12,2024-12-22,2,"quantile",0.1,193544.7
"1382","DE","00-04",2024-12-12,2024-12-22,2,"quantile",0.25,204947.5
"1383","DE","00-04",2024-12-12,2024-12-22,2,"quantile",0.5,217848
"1384","DE","00-04",2024-12-12,2024-12-22,2,"quantile",0.75,232287
"1385","DE","00-04",2024-12-12,2024-12-22,2,"quantile",0.9,245044.7
"1386","DE","00-04",2024-12-12,2024-12-22,2,"quantile",0.975,259611.7
"1387","DE","00-04",2024-12-12,2024-12-29,3,"quantile",0.025,101268.825
"1388","DE","00-04",2024-12-12,2024-12-29,3,"quantile",0.1,108725.9
"1389","DE","00-04",2024-12-12,2024-12-29,3,"quantile",0.25,116337.25
"1390","DE","00-04",2024-12-12,2024-12-29,3,"quantile",0.5,124874
"1391","DE","00-04",2024-12-12,2024-12-29,3,"quantile",0.75,134070.75
"1392","DE","00-04",2024-12-12,2024-12-29,3,"quantile",0.9,143018.3
"1393","DE","00-04",2024-12-12,2024-12-29,3,"quantile",0.975,153235.125
"1394","DE","00-04",2024-12-12,2025-01-05,4,"quantile",0.025,115345.9
"1395","DE","00-04",2024-12-12,2025-01-05,4,"quantile",0.1,124602.9
"1396","DE","00-04",2024-12-12,2025-01-05,4,"quantile",0.25,133285.5
"1397","DE","00-04",2024-12-12,2025-01-05,4,"quantile",0.5,143332
"1398","DE","00-04",2024-12-12,2025-01-05,4,"quantile",0.75,154855
"1399","DE","00-04",2024-12-12,2025-01-05,4,"quantile",0.9,166464.5
"1400","DE","00-04",2024-12-12,2025-01-05,4,"quantile",0.975,179232.225
"1401","DE","05-14",2024-12-12,2024-12-15,1,"quantile",0.025,156001.05
"1402","DE","05-14",2024-12-12,2024-12-15,1,"quantile",0.1,168567.2
"1403","DE","05-14",2024-12-12,2024-12-15,1,"quantile",0.25,180819.75
"1404","DE","05-14",2024-12-12,2024-12-15,1,"quantile",0.5,195289.5
"1405","DE","05-14",2024-12-12,2024-12-15,1,"quantile",0.75,210949.75
"1406","DE","05-14",2024-12-12,2024-12-15,1,"quantile",0.9,226141.2
"1407","DE","05-14",2024-12-12,2024-12-15,1,"quantile",0.975,244190.325
"1408","DE","05-14",2024-12-12,2024-12-22,2,"quantile",0.025,134202.25
"1409","DE","05-14",2024-12-12,2024-12-22,2,"quantile",0.1,147953.3
"1410","DE","05-14",2024-12-12,2024-12-22,2,"quantile",0.25,161552.75
"1411","DE","05-14",2024-12-12,2024-12-22,2,"quantile",0.5,177879
"1412","DE","05-14",2024-12-12,2024-12-22,2,"quantile",0.75,197585
"1413","DE","05-14",2024-12-12,2024-12-22,2,"quantile",0.9,216161.7
"1414","DE","05-14",2024-12-12,2024-12-22,2,"quantile",0.975,237732.325
"1415","DE","05-14",2024-12-12,2024-12-29,3,"quantile",0.025,54902.65
"1416","DE","05-14",2024-12-12,2024-12-29,3,"quantile",0.1,61168.5
"1417","DE","05-14",2024-12-12,2024-12-29,3,"quantile",0.25,68078.5
"1418","DE","05-14",2024-12-12,2024-12-29,3,"quantile",0.5,76208
"1419","DE","05-14",2024-12-12,2024-12-29,3,"quantile",0.75,85371
"1420","DE","05-14",2024-12-12,2024-12-29,3,"quantile",0.9,94227.4
"1421","DE","05-14",2024-12-12,2024-12-29,3,"quantile",0.975,105496.975
"1422","DE","05-14",2024-12-12,2025-01-05,4,"quantile",0.025,71023.35
"1423","DE","05-14",2024-12-12,2025-01-05,4,"quantile",0.1,79475
"1424","DE","05-14",2024-12-12,2025-01-05,4,"quantile",0.25,88753.5
"1425","DE","05-14",2024-12-12,2025-01-05,4,"quantile",0.5,99596.5
"1426","DE","05-14",2024-12-12,2025-01-05,4,"quantile",0.75,112680.5
"1427","DE","05-14",2024-12-12,2025-01-05,4,"quantile",0.9,125493.1
"1428","DE","05-14",2024-12-12,2025-01-05,4,"quantile",0.975,140402.225
"1429","DE","15-34",2024-12-12,2024-12-15,1,"quantile",0.025,317163.25
"1430","DE","15-34",2024-12-12,2024-12-15,1,"quantile",0.1,341311.8
"1431","DE","15-34",2024-12-12,2024-12-15,1,"quantile",0.25,366020.5
"1432","DE","15-34",2024-12-12,2024-12-15,1,"quantile",0.5,396394
"1433","DE","15-34",2024-12-12,2024-12-15,1,"quantile",0.75,428435.75
"1434","DE","15-34",2024-12-12,2024-12-15,1,"quantile",0.9,461112.8
"1435","DE","15-34",2024-12-12,2024-12-15,1,"quantile",0.975,499729.075
"1436","DE","15-34",2024-12-12,2024-12-22,2,"quantile",0.025,256881.25
"1437","DE","15-34",2024-12-12,2024-12-22,2,"quantile",0.1,282912.1
"1438","DE","15-34",2024-12-12,2024-12-22,2,"quantile",0.25,309349.75
"1439","DE","15-34",2024-12-12,2024-12-22,2,"quantile",0.5,340556
"1440","DE","15-34",2024-12-12,2024-12-22,2,"quantile",0.75,375162.25
"1441","DE","15-34",2024-12-12,2024-12-22,2,"quantile",0.9,406771.8
"1442","DE","15-34",2024-12-12,2024-12-22,2,"quantile",0.975,452754.1
"1443","DE","15-34",2024-12-12,2024-12-29,3,"quantile",0.025,104245.125
"1444","DE","15-34",2024-12-12,2024-12-29,3,"quantile",0.1,115864.9
"1445","DE","15-34",2024-12-12,2024-12-29,3,"quantile",0.25,127697.5
"1446","DE","15-34",2024-12-12,2024-12-29,3,"quantile",0.5,142866
"1447","DE","15-34",2024-12-12,2024-12-29,3,"quantile",0.75,159009
"1448","DE","15-34",2024-12-12,2024-12-29,3,"quantile",0.9,175837.7
"1449","DE","15-34",2024-12-12,2024-12-29,3,"quantile",0.975,196295.325
"1450","DE","15-34",2024-12-12,2025-01-05,4,"quantile",0.025,207817.55
"1451","DE","15-34",2024-12-12,2025-01-05,4,"quantile",0.1,235099.9
"1452","DE","15-34",2024-12-12,2025-01-05,4,"quantile",0.25,261242
"1453","DE","15-34",2024-12-12,2025-01-05,4,"quantile",0.5,293589
"1454","DE","15-34",2024-12-12,2025-01-05,4,"quantile",0.75,330570.75
"1455","DE","15-34",2024-12-12,2025-01-05,4,"quantile",0.9,367410.4
"1456","DE","15-34",2024-12-12,2025-01-05,4,"quantile",0.975,415261.975
"1457","DE","35-59",2024-12-12,2024-12-15,1,"quantile",0.025,373842.275
"1458","DE","35-59",2024-12-12,2024-12-15,1,"quantile",0.1,406391.5
"1459","DE","35-59",2024-12-12,2024-12-15,1,"quantile",0.25,438327.5
"1460","DE","35-59",2024-12-12,2024-12-15,1,"quantile",0.5,477076.5
"1461","DE","35-59",2024-12-12,2024-12-15,1,"quantile",0.75,520194.5
"1462","DE","35-59",2024-12-12,2024-12-15,1,"quantile",0.9,559991.2
"1463","DE","35-59",2024-12-12,2024-12-15,1,"quantile",0.975,609092.625
"1464","DE","35-59",2024-12-12,2024-12-22,2,"quantile",0.025,291398.925
"1465","DE","35-59",2024-12-12,2024-12-22,2,"quantile",0.1,323605.3
"1466","DE","35-59",2024-12-12,2024-12-22,2,"quantile",0.25,357481.25
"1467","DE","35-59",2024-12-12,2024-12-22,2,"quantile",0.5,398255.5
"1468","DE","35-59",2024-12-12,2024-12-22,2,"quantile",0.75,444863.5
"1469","DE","35-59",2024-12-12,2024-12-22,2,"quantile",0.9,489198.6
"1470","DE","35-59",2024-12-12,2024-12-22,2,"quantile",0.975,549611.25
"1471","DE","35-59",2024-12-12,2024-12-29,3,"quantile",0.025,138024.25
"1472","DE","35-59",2024-12-12,2024-12-29,3,"quantile",0.1,156280.4
"1473","DE","35-59",2024-12-12,2024-12-29,3,"quantile",0.25,175299.25
"1474","DE","35-59",2024-12-12,2024-12-29,3,"quantile",0.5,199993.5
"1475","DE","35-59",2024-12-12,2024-12-29,3,"quantile",0.75,227359.5
"1476","DE","35-59",2024-12-12,2024-12-29,3,"quantile",0.9,257190
"1477","DE","35-59",2024-12-12,2024-12-29,3,"quantile",0.975,291670.2
"1478","DE","35-59",2024-12-12,2025-01-05,4,"quantile",0.025,273034.4
"1479","DE","35-59",2024-12-12,2025-01-05,4,"quantile",0.1,315835.7
"1480","DE","35-59",2024-12-12,2025-01-05,4,"quantile",0.25,355317.75
"1481","DE","35-59",2024-12-12,2025-01-05,4,"quantile",0.5,409416
"1482","DE","35-59",2024-12-12,2025-01-05,4,"quantile",0.75,471432.25
"1483","DE","35-59",2024-12-12,2025-01-05,4,"quantile",0.9,534019.1
"1484","DE","35-59",2024-12-12,2025-01-05,4,"quantile",0.975,612279.475
"1485","DE","60+",2024-12-12,2024-12-15,1,"quantile",0.025,129555.875
"1486","DE","60+",2024-12-12,2024-12-15,1,"quantile",0.1,140811.7
"1487","DE","60+",2024-12-12,2024-12-15,1,"quantile",0.25,151816.5
"1488","DE","60+",2024-12-12,2024-12-15,1,"quantile",0.5,164409.5
"1489","DE","60+",2024-12-12,2024-12-15,1,"quantile",0.75,178589.75
"1490","DE","60+",2024-12-12,2024-12-15,1,"quantile",0.9,192349.3
"1491","DE","60+",2024-12-12,2024-12-15,1,"quantile",0.975,209821.4
"1492","DE","60+",2024-12-12,2024-12-22,2,"quantile",0.025,115465.625
"1493","DE","60+",2024-12-12,2024-12-22,2,"quantile",0.1,127974.7
"1494","DE","60+",2024-12-12,2024-12-22,2,"quantile",0.25,141105.75
"1495","DE","60+",2024-12-12,2024-12-22,2,"quantile",0.5,156998.5
"1496","DE","60+",2024-12-12,2024-12-22,2,"quantile",0.75,174843.5
"1497","DE","60+",2024-12-12,2024-12-22,2,"quantile",0.9,191408
"1498","DE","60+",2024-12-12,2024-12-22,2,"quantile",0.975,212860.4
"1499","DE","60+",2024-12-12,2024-12-29,3,"quantile",0.025,60282.575
"1500","DE","60+",2024-12-12,2024-12-29,3,"quantile",0.1,68897.5
"1501","DE","60+",2024-12-12,2024-12-29,3,"quantile",0.25,77325.25
"1502","DE","60+",2024-12-12,2024-12-29,3,"quantile",0.5,87748
"1503","DE","60+",2024-12-12,2024-12-29,3,"quantile",0.75,99462.5
"1504","DE","60+",2024-12-12,2024-12-29,3,"quantile",0.9,111169.6
"1505","DE","60+",2024-12-12,2024-12-29,3,"quantile",0.975,124748.975
"1506","DE","60+",2024-12-12,2025-01-05,4,"quantile",0.025,119408.425
"1507","DE","60+",2024-12-12,2025-01-05,4,"quantile",0.1,137504.7
"1508","DE","60+",2024-12-12,2025-01-05,4,"quantile",0.25,155978
"1509","DE","60+",2024-12-12,2025-01-05,4,"quantile",0.5,178448
"1510","DE","60+",2024-12-12,2025-01-05,4,"quantile",0.75,203607
"1511","DE","60+",2024-12-12,2025-01-05,4,"quantile",0.9,230760.3
"1512","DE","60+",2024-12-12,2025-01-05,4,"quantile",0.975,261798.3
"1513","DE","00+",2024-12-19,2024-12-22,1,"quantile",0.025,1061328.425
"1514","DE","00+",2024-12-19,2024-12-22,1,"quantile",0.1,1133959.3
"1515","DE","00+",2024-12-19,2024-12-22,1,"quantile",0.25,1204140.5
"1516","DE","00+",2024-12-19,2024-12-22,1,"quantile",0.5,1289217
"1517","DE","00+",2024-12-19,2024-12-22,1,"quantile",0.75,1381401.25
"1518","DE","00+",2024-12-19,2024-12-22,1,"quantile",0.9,1471537.8
"1519","DE","00+",2024-12-19,2024-12-22,1,"quantile",0.975,1576545.375
"1520","DE","00+",2024-12-19,2024-12-29,2,"quantile",0.025,492107.775
"1521","DE","00+",2024-12-19,2024-12-29,2,"quantile",0.1,537266.5
"1522","DE","00+",2024-12-19,2024-12-29,2,"quantile",0.25,580966.25
"1523","DE","00+",2024-12-19,2024-12-29,2,"quantile",0.5,634572.5
"1524","DE","00+",2024-12-19,2024-12-29,2,"quantile",0.75,693107.5
"1525","DE","00+",2024-12-19,2024-12-29,2,"quantile",0.9,751590.8
"1526","DE","00+",2024-12-19,2024-12-29,2,"quantile",0.975,817899.525
"1527","DE","00+",2024-12-19,2025-01-05,3,"quantile",0.025,829693.975
"1528","DE","00+",2024-12-19,2025-01-05,3,"quantile",0.1,917655.7
"1529","DE","00+",2024-12-19,2025-01-05,3,"quantile",0.25,1003769.5
"1530","DE","00+",2024-12-19,2025-01-05,3,"quantile",0.5,1116339.5
"1531","DE","00+",2024-12-19,2025-01-05,3,"quantile",0.75,1235374
"1532","DE","00+",2024-12-19,2025-01-05,3,"quantile",0.9,1356660.7
"1533","DE","00+",2024-12-19,2025-01-05,3,"quantile",0.975,1505592.275
"1534","DE","00+",2024-12-19,2025-01-12,4,"quantile",0.025,1034799.85
"1535","DE","00+",2024-12-19,2025-01-12,4,"quantile",0.1,1158666.6
"1536","DE","00+",2024-12-19,2025-01-12,4,"quantile",0.25,1280096.5
"1537","DE","00+",2024-12-19,2025-01-12,4,"quantile",0.5,1432881.5
"1538","DE","00+",2024-12-19,2025-01-12,4,"quantile",0.75,1603788
"1539","DE","00+",2024-12-19,2025-01-12,4,"quantile",0.9,1770735.6
"1540","DE","00+",2024-12-19,2025-01-12,4,"quantile",0.975,1973948.4
"1541","DE","00-04",2024-12-19,2024-12-22,1,"quantile",0.025,188076.825
"1542","DE","00-04",2024-12-19,2024-12-22,1,"quantile",0.1,197799.6
"1543","DE","00-04",2024-12-19,2024-12-22,1,"quantile",0.25,206811
"1544","DE","00-04",2024-12-19,2024-12-22,1,"quantile",0.5,217171
"1545","DE","00-04",2024-12-19,2024-12-22,1,"quantile",0.75,228750.5
"1546","DE","00-04",2024-12-19,2024-12-22,1,"quantile",0.9,239465.9
"1547","DE","00-04",2024-12-19,2024-12-22,1,"quantile",0.975,251666.2
"1548","DE","00-04",2024-12-19,2024-12-29,2,"quantile",0.025,103842.7
"1549","DE","00-04",2024-12-19,2024-12-29,2,"quantile",0.1,110918.1
"1550","DE","00-04",2024-12-19,2024-12-29,2,"quantile",0.25,117072.5
"1551","DE","00-04",2024-12-19,2024-12-29,2,"quantile",0.5,124174.5
"1552","DE","00-04",2024-12-19,2024-12-29,2,"quantile",0.75,132277.75
"1553","DE","00-04",2024-12-19,2024-12-29,2,"quantile",0.9,139948.3
"1554","DE","00-04",2024-12-19,2024-12-29,2,"quantile",0.975,148557.825
"1555","DE","00-04",2024-12-19,2025-01-05,3,"quantile",0.025,116874.8
"1556","DE","00-04",2024-12-19,2025-01-05,3,"quantile",0.1,125560.3
"1557","DE","00-04",2024-12-19,2025-01-05,3,"quantile",0.25,133760.25
"1558","DE","00-04",2024-12-19,2025-01-05,3,"quantile",0.5,143112
"1559","DE","00-04",2024-12-19,2025-01-05,3,"quantile",0.75,153564.75
"1560","DE","00-04",2024-12-19,2025-01-05,3,"quantile",0.9,163638.4
"1561","DE","00-04",2024-12-19,2025-01-05,3,"quantile",0.975,175822.775
"1562","DE","00-04",2024-12-19,2025-01-12,4,"quantile",0.025,137022.6
"1563","DE","00-04",2024-12-19,2025-01-12,4,"quantile",0.1,147642
"1564","DE","00-04",2024-12-19,2025-01-12,4,"quantile",0.25,157866.75
"1565","DE","00-04",2024-12-19,2025-01-12,4,"quantile",0.5,169910
"1566","DE","00-04",2024-12-19,2025-01-12,4,"quantile",0.75,182565.5
"1567","DE","00-04",2024-12-19,2025-01-12,4,"quantile",0.9,195395
"1568","DE","00-04",2024-12-19,2025-01-12,4,"quantile",0.975,211661.025
"1569","DE","05-14",2024-12-19,2024-12-22,1,"quantile",0.025,139886.925
"1570","DE","05-14",2024-12-19,2024-12-22,1,"quantile",0.1,151133.6
"1571","DE","05-14",2024-12-19,2024-12-22,1,"quantile",0.25,162039
"1572","DE","05-14",2024-12-19,2024-12-22,1,"quantile",0.5,175694
"1573","DE","05-14",2024-12-19,2024-12-22,1,"quantile",0.75,189636.75
"1574","DE","05-14",2024-12-19,2024-12-22,1,"quantile",0.9,203770.9
"1575","DE","05-14",2024-12-19,2024-12-22,1,"quantile",0.975,220282.75
"1576","DE","05-14",2024-12-19,2024-12-29,2,"quantile",0.025,56131.175
"1577","DE","05-14",2024-12-19,2024-12-29,2,"quantile",0.1,62215.5
"1578","DE","05-14",2024-12-19,2024-12-29,2,"quantile",0.25,68000.5
"1579","DE","05-14",2024-12-19,2024-12-29,2,"quantile",0.5,75178
"1580","DE","05-14",2024-12-19,2024-12-29,2,"quantile",0.75,82840.5
"1581","DE","05-14",2024-12-19,2024-12-29,2,"quantile",0.9,90891.9
"1582","DE","05-14",2024-12-19,2024-12-29,2,"quantile",0.975,100380.85
"1583","DE","05-14",2024-12-19,2025-01-05,3,"quantile",0.025,71136.7
"1584","DE","05-14",2024-12-19,2025-01-05,3,"quantile",0.1,79490
"1585","DE","05-14",2024-12-19,2025-01-05,3,"quantile",0.25,87917.25
"1586","DE","05-14",2024-12-19,2025-01-05,3,"quantile",0.5,98665
"1587","DE","05-14",2024-12-19,2025-01-05,3,"quantile",0.75,110328.75
"1588","DE","05-14",2024-12-19,2025-01-05,3,"quantile",0.9,121850.3
"1589","DE","05-14",2024-12-19,2025-01-05,3,"quantile",0.975,135040.05
"1590","DE","05-14",2024-12-19,2025-01-12,4,"quantile",0.025,100974.675
"1591","DE","05-14",2024-12-19,2025-01-12,4,"quantile",0.1,114219.6
"1592","DE","05-14",2024-12-19,2025-01-12,4,"quantile",0.25,126957.75
"1593","DE","05-14",2024-12-19,2025-01-12,4,"quantile",0.5,143177
"1594","DE","05-14",2024-12-19,2025-01-12,4,"quantile",0.75,161014
"1595","DE","05-14",2024-12-19,2025-01-12,4,"quantile",0.9,179823.8
"1596","DE","05-14",2024-12-19,2025-01-12,4,"quantile",0.975,202267.1
"1597","DE","15-34",2024-12-19,2024-12-22,1,"quantile",0.025,281848.65
"1598","DE","15-34",2024-12-19,2024-12-22,1,"quantile",0.1,305787.9
"1599","DE","15-34",2024-12-19,2024-12-22,1,"quantile",0.25,328721.25
"1600","DE","15-34",2024-12-19,2024-12-22,1,"quantile",0.5,355228.5
"1601","DE","15-34",2024-12-19,2024-12-22,1,"quantile",0.75,385119.75
"1602","DE","15-34",2024-12-19,2024-12-22,1,"quantile",0.9,412068.6
"1603","DE","15-34",2024-12-19,2024-12-22,1,"quantile",0.975,446209.05
"1604","DE","15-34",2024-12-19,2024-12-29,2,"quantile",0.025,112197.25
"1605","DE","15-34",2024-12-19,2024-12-29,2,"quantile",0.1,123479.6
"1606","DE","15-34",2024-12-19,2024-12-29,2,"quantile",0.25,135150
"1607","DE","15-34",2024-12-19,2024-12-29,2,"quantile",0.5,148910
"1608","DE","15-34",2024-12-19,2024-12-29,2,"quantile",0.75,164172.5
"1609","DE","15-34",2024-12-19,2024-12-29,2,"quantile",0.9,178612.7
"1610","DE","15-34",2024-12-19,2024-12-29,2,"quantile",0.975,198077.6
"1611","DE","15-34",2024-12-19,2025-01-05,3,"quantile",0.025,219470.9
"1612","DE","15-34",2024-12-19,2025-01-05,3,"quantile",0.1,244095
"1613","DE","15-34",2024-12-19,2025-01-05,3,"quantile",0.25,269879
"1614","DE","15-34",2024-12-19,2025-01-05,3,"quantile",0.5,302013
"1615","DE","15-34",2024-12-19,2025-01-05,3,"quantile",0.75,337023.25
"1616","DE","15-34",2024-12-19,2025-01-05,3,"quantile",0.9,371109.6
"1617","DE","15-34",2024-12-19,2025-01-05,3,"quantile",0.975,412679.3
"1618","DE","15-34",2024-12-19,2025-01-12,4,"quantile",0.025,295632.55
"1619","DE","15-34",2024-12-19,2025-01-12,4,"quantile",0.1,332506.2
"1620","DE","15-34",2024-12-19,2025-01-12,4,"quantile",0.25,368267.5
"1621","DE","15-34",2024-12-19,2025-01-12,4,"quantile",0.5,414132
"1622","DE","15-34",2024-12-19,2025-01-12,4,"quantile",0.75,465155.75
"1623","DE","15-34",2024-12-19,2025-01-12,4,"quantile",0.9,515671.2
"1624","DE","15-34",2024-12-19,2025-01-12,4,"quantile",0.975,576458.8
"1625","DE","35-59",2024-12-19,2024-12-22,1,"quantile",0.025,315773.85
"1626","DE","35-59",2024-12-19,2024-12-22,1,"quantile",0.1,343126.6
"1627","DE","35-59",2024-12-19,2024-12-22,1,"quantile",0.25,368754.75
"1628","DE","35-59",2024-12-19,2024-12-22,1,"quantile",0.5,401974.5
"1629","DE","35-59",2024-12-19,2024-12-22,1,"quantile",0.75,436022
"1630","DE","35-59",2024-12-19,2024-12-22,1,"quantile",0.9,471164.8
"1631","DE","35-59",2024-12-19,2024-12-22,1,"quantile",0.975,512499.125
"1632","DE","35-59",2024-12-19,2024-12-29,2,"quantile",0.025,146103.5
"1633","DE","35-59",2024-12-19,2024-12-29,2,"quantile",0.1,163472.2
"1634","DE","35-59",2024-12-19,2024-12-29,2,"quantile",0.25,180657
"1635","DE","35-59",2024-12-19,2024-12-29,2,"quantile",0.5,201059
"1636","DE","35-59",2024-12-19,2024-12-29,2,"quantile",0.75,224336.75
"1637","DE","35-59",2024-12-19,2024-12-29,2,"quantile",0.9,248848.3
"1638","DE","35-59",2024-12-19,2024-12-29,2,"quantile",0.975,278180.65
"1639","DE","35-59",2024-12-19,2025-01-05,3,"quantile",0.025,281780.05
"1640","DE","35-59",2024-12-19,2025-01-05,3,"quantile",0.1,323288
"1641","DE","35-59",2024-12-19,2025-01-05,3,"quantile",0.25,360374
"1642","DE","35-59",2024-12-19,2025-01-05,3,"quantile",0.5,409606.5
"1643","DE","35-59",2024-12-19,2025-01-05,3,"quantile",0.75,467734.75
"1644","DE","35-59",2024-12-19,2025-01-05,3,"quantile",0.9,527000.2
"1645","DE","35-59",2024-12-19,2025-01-05,3,"quantile",0.975,600302.725
"1646","DE","35-59",2024-12-19,2025-01-12,4,"quantile",0.025,341951.9
"1647","DE","35-59",2024-12-19,2025-01-12,4,"quantile",0.1,393838.5
"1648","DE","35-59",2024-12-19,2025-01-12,4,"quantile",0.25,446946.75
"1649","DE","35-59",2024-12-19,2025-01-12,4,"quantile",0.5,517720
"1650","DE","35-59",2024-12-19,2025-01-12,4,"quantile",0.75,595749.75
"1651","DE","35-59",2024-12-19,2025-01-12,4,"quantile",0.9,677691.9
"1652","DE","35-59",2024-12-19,2025-01-12,4,"quantile",0.975,775840.175
"1653","DE","60+",2024-12-19,2024-12-22,1,"quantile",0.025,121112.35
"1654","DE","60+",2024-12-19,2024-12-22,1,"quantile",0.1,130656.6
"1655","DE","60+",2024-12-19,2024-12-22,1,"quantile",0.25,140554.5
"1656","DE","60+",2024-12-19,2024-12-22,1,"quantile",0.5,152461.5
"1657","DE","60+",2024-12-19,2024-12-22,1,"quantile",0.75,164774.25
"1658","DE","60+",2024-12-19,2024-12-22,1,"quantile",0.9,177882.9
"1659","DE","60+",2024-12-19,2024-12-22,1,"quantile",0.975,193766.025
"1660","DE","60+",2024-12-19,2024-12-29,2,"quantile",0.025,62567.625
"1661","DE","60+",2024-12-19,2024-12-29,2,"quantile",0.1,69712
"1662","DE","60+",2024-12-19,2024-12-29,2,"quantile",0.25,76424.25
"1663","DE","60+",2024-12-19,2024-12-29,2,"quantile",0.5,85306
"1664","DE","60+",2024-12-19,2024-12-29,2,"quantile",0.75,94777.25
"1665","DE","60+",2024-12-19,2024-12-29,2,"quantile",0.9,104704
"1666","DE","60+",2024-12-19,2024-12-29,2,"quantile",0.975,117020.7
"1667","DE","60+",2024-12-19,2025-01-05,3,"quantile",0.025,121376.5
"1668","DE","60+",2024-12-19,2025-01-05,3,"quantile",0.1,137649.6
"1669","DE","60+",2024-12-19,2025-01-05,3,"quantile",0.25,153565
"1670","DE","60+",2024-12-19,2025-01-05,3,"quantile",0.5,174436.5
"1671","DE","60+",2024-12-19,2025-01-05,3,"quantile",0.75,198134.5
"1672","DE","60+",2024-12-19,2025-01-05,3,"quantile",0.9,221927.9
"1673","DE","60+",2024-12-19,2025-01-05,3,"quantile",0.975,252473.025
"1674","DE","60+",2024-12-19,2025-01-12,4,"quantile",0.025,142582.475
"1675","DE","60+",2024-12-19,2025-01-12,4,"quantile",0.1,161352.2
"1676","DE","60+",2024-12-19,2025-01-12,4,"quantile",0.25,183224.25
"1677","DE","60+",2024-12-19,2025-01-12,4,"quantile",0.5,210264
"1678","DE","60+",2024-12-19,2025-01-12,4,"quantile",0.75,240179.25
"1679","DE","60+",2024-12-19,2025-01-12,4,"quantile",0.9,271699.2
"1680","DE","60+",2024-12-19,2025-01-12,4,"quantile",0.975,310728.175
"1681","DE","00+",2025-01-09,2025-01-12,1,"quantile",0.025,859164.525
"1682","DE","00+",2025-01-09,2025-01-12,1,"quantile",0.1,926496.4
"1683","DE","00+",2025-01-09,2025-01-12,1,"quantile",0.25,984905.75
"1684","DE","00+",2025-01-09,2025-01-12,1,"quantile",0.5,1055054.5
"1685","DE","00+",2025-01-09,2025-01-12,1,"quantile",0.75,1126368
"1686","DE","00+",2025-01-09,2025-01-12,1,"quantile",0.9,1198944.7
"1687","DE","00+",2025-01-09,2025-01-12,1,"quantile",0.975,1287537.475
"1688","DE","00+",2025-01-09,2025-01-19,2,"quantile",0.025,870915.025
"1689","DE","00+",2025-01-09,2025-01-19,2,"quantile",0.1,958906.1
"1690","DE","00+",2025-01-09,2025-01-19,2,"quantile",0.25,1039264.25
"1691","DE","00+",2025-01-09,2025-01-19,2,"quantile",0.5,1137335.5
"1692","DE","00+",2025-01-09,2025-01-19,2,"quantile",0.75,1244909.25
"1693","DE","00+",2025-01-09,2025-01-19,2,"quantile",0.9,1343359.6
"1694","DE","00+",2025-01-09,2025-01-19,2,"quantile",0.975,1468728.95
"1695","DE","00+",2025-01-09,2025-01-26,3,"quantile",0.025,1033698.275
"1696","DE","00+",2025-01-09,2025-01-26,3,"quantile",0.1,1155949.3
"1697","DE","00+",2025-01-09,2025-01-26,3,"quantile",0.25,1266526.5
"1698","DE","00+",2025-01-09,2025-01-26,3,"quantile",0.5,1407407
"1699","DE","00+",2025-01-09,2025-01-26,3,"quantile",0.75,1562294
"1700","DE","00+",2025-01-09,2025-01-26,3,"quantile",0.9,1707226.7
"1701","DE","00+",2025-01-09,2025-01-26,3,"quantile",0.975,1885832.1
"1702","DE","00+",2025-01-09,2025-02-02,4,"quantile",0.025,1212515.3
"1703","DE","00+",2025-01-09,2025-02-02,4,"quantile",0.1,1358333.8
"1704","DE","00+",2025-01-09,2025-02-02,4,"quantile",0.25,1500257
"1705","DE","00+",2025-01-09,2025-02-02,4,"quantile",0.5,1671650
"1706","DE","00+",2025-01-09,2025-02-02,4,"quantile",0.75,1859641
"1707","DE","00+",2025-01-09,2025-02-02,4,"quantile",0.9,2070560.3
"1708","DE","00+",2025-01-09,2025-02-02,4,"quantile",0.975,2289897.1
"1709","DE","00-04",2025-01-09,2025-01-12,1,"quantile",0.025,111491.35
"1710","DE","00-04",2025-01-09,2025-01-12,1,"quantile",0.1,117631
"1711","DE","00-04",2025-01-09,2025-01-12,1,"quantile",0.25,122993.25
"1712","DE","00-04",2025-01-09,2025-01-12,1,"quantile",0.5,129312.5
"1713","DE","00-04",2025-01-09,2025-01-12,1,"quantile",0.75,135943.75
"1714","DE","00-04",2025-01-09,2025-01-12,1,"quantile",0.9,142074.5
"1715","DE","00-04",2025-01-09,2025-01-12,1,"quantile",0.975,150027.3
"1716","DE","00-04",2025-01-09,2025-01-19,2,"quantile",0.025,142354.05
"1717","DE","00-04",2025-01-09,2025-01-19,2,"quantile",0.1,151832.6
"1718","DE","00-04",2025-01-09,2025-01-19,2,"quantile",0.25,160324.5
"1719","DE","00-04",2025-01-09,2025-01-19,2,"quantile",0.5,170348
"1720","DE","00-04",2025-01-09,2025-01-19,2,"quantile",0.75,181234
"1721","DE","00-04",2025-01-09,2025-01-19,2,"quantile",0.9,191797.2
"1722","DE","00-04",2025-01-09,2025-01-19,2,"quantile",0.975,203589.525
"1723","DE","00-04",2025-01-09,2025-01-26,3,"quantile",0.025,185401.375
"1724","DE","00-04",2025-01-09,2025-01-26,3,"quantile",0.1,199484.5
"1725","DE","00-04",2025-01-09,2025-01-26,3,"quantile",0.25,211874.75
"1726","DE","00-04",2025-01-09,2025-01-26,3,"quantile",0.5,227471
"1727","DE","00-04",2025-01-09,2025-01-26,3,"quantile",0.75,244111
"1728","DE","00-04",2025-01-09,2025-01-26,3,"quantile",0.9,260511.4
"1729","DE","00-04",2025-01-09,2025-01-26,3,"quantile",0.975,277874.35
"1730","DE","00-04",2025-01-09,2025-02-02,4,"quantile",0.025,203714.925
"1731","DE","00-04",2025-01-09,2025-02-02,4,"quantile",0.1,220691.8
"1732","DE","00-04",2025-01-09,2025-02-02,4,"quantile",0.25,235722
"1733","DE","00-04",2025-01-09,2025-02-02,4,"quantile",0.5,254254.5
"1734","DE","00-04",2025-01-09,2025-02-02,4,"quantile",0.75,273170.5
"1735","DE","00-04",2025-01-09,2025-02-02,4,"quantile",0.9,292706.9
"1736","DE","00-04",2025-01-09,2025-02-02,4,"quantile",0.975,315192.225
"1737","DE","05-14",2025-01-09,2025-01-12,1,"quantile",0.025,86718.825
"1738","DE","05-14",2025-01-09,2025-01-12,1,"quantile",0.1,93171.7
"1739","DE","05-14",2025-01-09,2025-01-12,1,"quantile",0.25,100168
"1740","DE","05-14",2025-01-09,2025-01-12,1,"quantile",0.5,108393.5
"1741","DE","05-14",2025-01-09,2025-01-12,1,"quantile",0.75,116846.25
"1742","DE","05-14",2025-01-09,2025-01-12,1,"quantile",0.9,124704.4
"1743","DE","05-14",2025-01-09,2025-01-12,1,"quantile",0.975,134285.275
"1744","DE","05-14",2025-01-09,2025-01-19,2,"quantile",0.025,111525.375
"1745","DE","05-14",2025-01-09,2025-01-19,2,"quantile",0.1,122515.4
"1746","DE","05-14",2025-01-09,2025-01-19,2,"quantile",0.25,133501.5
"1747","DE","05-14",2025-01-09,2025-01-19,2,"quantile",0.5,147259
"1748","DE","05-14",2025-01-09,2025-01-19,2,"quantile",0.75,162109.5
"1749","DE","05-14",2025-01-09,2025-01-19,2,"quantile",0.9,177189.1
"1750","DE","05-14",2025-01-09,2025-01-19,2,"quantile",0.975,194808.425
"1751","DE","05-14",2025-01-09,2025-01-26,3,"quantile",0.025,150979.1
"1752","DE","05-14",2025-01-09,2025-01-26,3,"quantile",0.1,167984.3
"1753","DE","05-14",2025-01-09,2025-01-26,3,"quantile",0.25,185430.75
"1754","DE","05-14",2025-01-09,2025-01-26,3,"quantile",0.5,206980.5
"1755","DE","05-14",2025-01-09,2025-01-26,3,"quantile",0.75,231240.75
"1756","DE","05-14",2025-01-09,2025-01-26,3,"quantile",0.9,255428.7
"1757","DE","05-14",2025-01-09,2025-01-26,3,"quantile",0.975,285989.225
"1758","DE","05-14",2025-01-09,2025-02-02,4,"quantile",0.025,178055.6
"1759","DE","05-14",2025-01-09,2025-02-02,4,"quantile",0.1,199539.6
"1760","DE","05-14",2025-01-09,2025-02-02,4,"quantile",0.25,222295.5
"1761","DE","05-14",2025-01-09,2025-02-02,4,"quantile",0.5,249276.5
"1762","DE","05-14",2025-01-09,2025-02-02,4,"quantile",0.75,279823.75
"1763","DE","05-14",2025-01-09,2025-02-02,4,"quantile",0.9,311009
"1764","DE","05-14",2025-01-09,2025-02-02,4,"quantile",0.975,349610.05
"1765","DE","15-34",2025-01-09,2025-01-12,1,"quantile",0.025,239202.35
"1766","DE","15-34",2025-01-09,2025-01-12,1,"quantile",0.1,257191.3
"1767","DE","15-34",2025-01-09,2025-01-12,1,"quantile",0.25,276708.25
"1768","DE","15-34",2025-01-09,2025-01-12,1,"quantile",0.5,299243
"1769","DE","15-34",2025-01-09,2025-01-12,1,"quantile",0.75,323627.5
"1770","DE","15-34",2025-01-09,2025-01-12,1,"quantile",0.9,346678
"1771","DE","15-34",2025-01-09,2025-01-12,1,"quantile",0.975,375373.475
"1772","DE","15-34",2025-01-09,2025-01-19,2,"quantile",0.025,235853.875
"1773","DE","15-34",2025-01-09,2025-01-19,2,"quantile",0.1,260162.4
"1774","DE","15-34",2025-01-09,2025-01-19,2,"quantile",0.25,283216
"1775","DE","15-34",2025-01-09,2025-01-19,2,"quantile",0.5,310604
"1776","DE","15-34",2025-01-09,2025-01-19,2,"quantile",0.75,342646.75
"1777","DE","15-34",2025-01-09,2025-01-19,2,"quantile",0.9,373139
"1778","DE","15-34",2025-01-09,2025-01-19,2,"quantile",0.975,410715.75
"1779","DE","15-34",2025-01-09,2025-01-26,3,"quantile",0.025,268506.05
"1780","DE","15-34",2025-01-09,2025-01-26,3,"quantile",0.1,298987.6
"1781","DE","15-34",2025-01-09,2025-01-26,3,"quantile",0.25,328180.25
"1782","DE","15-34",2025-01-09,2025-01-26,3,"quantile",0.5,366962
"1783","DE","15-34",2025-01-09,2025-01-26,3,"quantile",0.75,408118.5
"1784","DE","15-34",2025-01-09,2025-01-26,3,"quantile",0.9,450691
"1785","DE","15-34",2025-01-09,2025-01-26,3,"quantile",0.975,502899.425
"1786","DE","15-34",2025-01-09,2025-02-02,4,"quantile",0.025,314601.375
"1787","DE","15-34",2025-01-09,2025-02-02,4,"quantile",0.1,350043.4
"1788","DE","15-34",2025-01-09,2025-02-02,4,"quantile",0.25,388457.5
"1789","DE","15-34",2025-01-09,2025-02-02,4,"quantile",0.5,434782
"1790","DE","15-34",2025-01-09,2025-02-02,4,"quantile",0.75,489581
"1791","DE","15-34",2025-01-09,2025-02-02,4,"quantile",0.9,541928
"1792","DE","15-34",2025-01-09,2025-02-02,4,"quantile",0.975,610191.6
"1793","DE","35-59",2025-01-09,2025-01-12,1,"quantile",0.025,284844.05
"1794","DE","35-59",2025-01-09,2025-01-12,1,"quantile",0.1,310611.8
"1795","DE","35-59",2025-01-09,2025-01-12,1,"quantile",0.25,335873.75
"1796","DE","35-59",2025-01-09,2025-01-12,1,"quantile",0.5,365174
"1797","DE","35-59",2025-01-09,2025-01-12,1,"quantile",0.75,397292.25
"1798","DE","35-59",2025-01-09,2025-01-12,1,"quantile",0.9,427478.2
"1799","DE","35-59",2025-01-09,2025-01-12,1,"quantile",0.975,462626.175
"1800","DE","35-59",2025-01-09,2025-01-19,2,"quantile",0.025,272087.725
"1801","DE","35-59",2025-01-09,2025-01-19,2,"quantile",0.1,304573.7
"1802","DE","35-59",2025-01-09,2025-01-19,2,"quantile",0.25,335917
"1803","DE","35-59",2025-01-09,2025-01-19,2,"quantile",0.5,374214
"1804","DE","35-59",2025-01-09,2025-01-19,2,"quantile",0.75,417704
"1805","DE","35-59",2025-01-09,2025-01-19,2,"quantile",0.9,460251
"1806","DE","35-59",2025-01-09,2025-01-19,2,"quantile",0.975,513561.45
"1807","DE","35-59",2025-01-09,2025-01-26,3,"quantile",0.025,314748.15
"1808","DE","35-59",2025-01-09,2025-01-26,3,"quantile",0.1,359456.3
"1809","DE","35-59",2025-01-09,2025-01-26,3,"quantile",0.25,403678.25
"1810","DE","35-59",2025-01-09,2025-01-26,3,"quantile",0.5,459447
"1811","DE","35-59",2025-01-09,2025-01-26,3,"quantile",0.75,521708.75
"1812","DE","35-59",2025-01-09,2025-01-26,3,"quantile",0.9,587152.8
"1813","DE","35-59",2025-01-09,2025-01-26,3,"quantile",0.975,676248.625
"1814","DE","35-59",2025-01-09,2025-02-02,4,"quantile",0.025,379449.075
"1815","DE","35-59",2025-01-09,2025-02-02,4,"quantile",0.1,435186.4
"1816","DE","35-59",2025-01-09,2025-02-02,4,"quantile",0.25,492169.5
"1817","DE","35-59",2025-01-09,2025-02-02,4,"quantile",0.5,563797.5
"1818","DE","35-59",2025-01-09,2025-02-02,4,"quantile",0.75,646838.5
"1819","DE","35-59",2025-01-09,2025-02-02,4,"quantile",0.9,731487.8
"1820","DE","35-59",2025-01-09,2025-02-02,4,"quantile",0.975,845237.05
"1821","DE","60+",2025-01-09,2025-01-12,1,"quantile",0.025,136333.85
"1822","DE","60+",2025-01-09,2025-01-12,1,"quantile",0.1,148084.8
"1823","DE","60+",2025-01-09,2025-01-12,1,"quantile",0.25,159116.5
"1824","DE","60+",2025-01-09,2025-01-12,1,"quantile",0.5,172960.5
"1825","DE","60+",2025-01-09,2025-01-12,1,"quantile",0.75,186851.25
"1826","DE","60+",2025-01-09,2025-01-12,1,"quantile",0.9,200600.7
"1827","DE","60+",2025-01-09,2025-01-12,1,"quantile",0.975,216890.025
"1828","DE","60+",2025-01-09,2025-01-19,2,"quantile",0.025,108376.125
"1829","DE","60+",2025-01-09,2025-01-19,2,"quantile",0.1,120436
"1830","DE","60+",2025-01-09,2025-01-19,2,"quantile",0.25,131989.5
"1831","DE","60+",2025-01-09,2025-01-19,2,"quantile",0.5,146070
"1832","DE","60+",2025-01-09,2025-01-19,2,"quantile",0.75,162197.25
"1833","DE","60+",2025-01-09,2025-01-19,2,"quantile",0.9,177703.3
"1834","DE","60+",2025-01-09,2025-01-19,2,"quantile",0.975,196222.6
"1835","DE","60+",2025-01-09,2025-01-26,3,"quantile",0.025,110091.15
"1836","DE","60+",2025-01-09,2025-01-26,3,"quantile",0.1,125051.6
"1837","DE","60+",2025-01-09,2025-01-26,3,"quantile",0.25,140080.25
"1838","DE","60+",2025-01-09,2025-01-26,3,"quantile",0.5,158336
"1839","DE","60+",2025-01-09,2025-01-26,3,"quantile",0.75,179438.75
"1840","DE","60+",2025-01-09,2025-01-26,3,"quantile",0.9,199700.4
"1841","DE","60+",2025-01-09,2025-01-26,3,"quantile",0.975,228841.2
"1842","DE","60+",2025-01-09,2025-02-02,4,"quantile",0.025,123023.5
"1843","DE","60+",2025-01-09,2025-02-02,4,"quantile",0.1,139497.1
"1844","DE","60+",2025-01-09,2025-02-02,4,"quantile",0.25,157026.5
"1845","DE","60+",2025-01-09,2025-02-02,4,"quantile",0.5,180231.5
"1846","DE","60+",2025-01-09,2025-02-02,4,"quantile",0.75,205977.25
"1847","DE","60+",2025-01-09,2025-02-02,4,"quantile",0.9,234604
"1848","DE","60+",2025-01-09,2025-02-02,4,"quantile",0.975,269110.05
"1849","DE","00+",2025-01-16,2025-01-19,1,"quantile",0.025,1199215.9
"1850","DE","00+",2025-01-16,2025-01-19,1,"quantile",0.1,1287235.5
"1851","DE","00+",2025-01-16,2025-01-19,1,"quantile",0.25,1370592.5
"1852","DE","00+",2025-01-16,2025-01-19,1,"quantile",0.5,1468155.5
"1853","DE","00+",2025-01-16,2025-01-19,1,"quantile",0.75,1569065.75
"1854","DE","00+",2025-01-16,2025-01-19,1,"quantile",0.9,1666897.7
"1855","DE","00+",2025-01-16,2025-01-19,1,"quantile",0.975,1791294.425
"1856","DE","00+",2025-01-16,2025-01-26,2,"quantile",0.025,1387560.175
"1857","DE","00+",2025-01-16,2025-01-26,2,"quantile",0.1,1517845.8
"1858","DE","00+",2025-01-16,2025-01-26,2,"quantile",0.25,1640093.25
"1859","DE","00+",2025-01-16,2025-01-26,2,"quantile",0.5,1790000
"1860","DE","00+",2025-01-16,2025-01-26,2,"quantile",0.75,1951507.5
"1861","DE","00+",2025-01-16,2025-01-26,2,"quantile",0.9,2118918
"1862","DE","00+",2025-01-16,2025-01-26,2,"quantile",0.975,2304323.275
"1863","DE","00+",2025-01-16,2025-02-02,3,"quantile",0.025,1502790.4
"1864","DE","00+",2025-01-16,2025-02-02,3,"quantile",0.1,1662892.8
"1865","DE","00+",2025-01-16,2025-02-02,3,"quantile",0.25,1814144.25
"1866","DE","00+",2025-01-16,2025-02-02,3,"quantile",0.5,2009674.5
"1867","DE","00+",2025-01-16,2025-02-02,3,"quantile",0.75,2228198.5
"1868","DE","00+",2025-01-16,2025-02-02,3,"quantile",0.9,2447301.8
"1869","DE","00+",2025-01-16,2025-02-02,3,"quantile",0.975,2685985.55
"1870","DE","00+",2025-01-16,2025-02-09,4,"quantile",0.025,1493318.15
"1871","DE","00+",2025-01-16,2025-02-09,4,"quantile",0.1,1659495.9
"1872","DE","00+",2025-01-16,2025-02-09,4,"quantile",0.25,1826459.5
"1873","DE","00+",2025-01-16,2025-02-09,4,"quantile",0.5,2029006.5
"1874","DE","00+",2025-01-16,2025-02-09,4,"quantile",0.75,2259925.75
"1875","DE","00+",2025-01-16,2025-02-09,4,"quantile",0.9,2501063.1
"1876","DE","00+",2025-01-16,2025-02-09,4,"quantile",0.975,2785144.9
"1877","DE","00-04",2025-01-16,2025-01-19,1,"quantile",0.025,174864.15
"1878","DE","00-04",2025-01-16,2025-01-19,1,"quantile",0.1,183490.9
"1879","DE","00-04",2025-01-16,2025-01-19,1,"quantile",0.25,191713.75
"1880","DE","00-04",2025-01-16,2025-01-19,1,"quantile",0.5,201269.5
"1881","DE","00-04",2025-01-16,2025-01-19,1,"quantile",0.75,211331.25
"1882","DE","00-04",2025-01-16,2025-01-19,1,"quantile",0.9,221246.3
"1883","DE","00-04",2025-01-16,2025-01-19,1,"quantile",0.975,232310.3
"1884","DE","00-04",2025-01-16,2025-01-26,2,"quantile",0.025,222791.25
"1885","DE","00-04",2025-01-16,2025-01-26,2,"quantile",0.1,236561.3
"1886","DE","00-04",2025-01-16,2025-01-26,2,"quantile",0.25,250314
"1887","DE","00-04",2025-01-16,2025-01-26,2,"quantile",0.5,266250.5
"1888","DE","00-04",2025-01-16,2025-01-26,2,"quantile",0.75,283076.75
"1889","DE","00-04",2025-01-16,2025-01-26,2,"quantile",0.9,297973.5
"1890","DE","00-04",2025-01-16,2025-01-26,2,"quantile",0.975,316192.875
"1891","DE","00-04",2025-01-16,2025-02-02,3,"quantile",0.025,233453.35
"1892","DE","00-04",2025-01-16,2025-02-02,3,"quantile",0.1,249815.5
"1893","DE","00-04",2025-01-16,2025-02-02,3,"quantile",0.25,265442.25
"1894","DE","00-04",2025-01-16,2025-02-02,3,"quantile",0.5,284430.5
"1895","DE","00-04",2025-01-16,2025-02-02,3,"quantile",0.75,305575.75
"1896","DE","00-04",2025-01-16,2025-02-02,3,"quantile",0.9,325109.4
"1897","DE","00-04",2025-01-16,2025-02-02,3,"quantile",0.975,348784.875
"1898","DE","00-04",2025-01-16,2025-02-09,4,"quantile",0.025,229205.25
"1899","DE","00-04",2025-01-16,2025-02-09,4,"quantile",0.1,247231.5
"1900","DE","00-04",2025-01-16,2025-02-09,4,"quantile",0.25,264421.75
"1901","DE","00-04",2025-01-16,2025-02-09,4,"quantile",0.5,284129.5
"1902","DE","00-04",2025-01-16,2025-02-09,4,"quantile",0.75,305701.75
"1903","DE","00-04",2025-01-16,2025-02-09,4,"quantile",0.9,326564.6
"1904","DE","00-04",2025-01-16,2025-02-09,4,"quantile",0.975,352410.8
"1905","DE","05-14",2025-01-16,2025-01-19,1,"quantile",0.025,143807.125
"1906","DE","05-14",2025-01-16,2025-01-19,1,"quantile",0.1,155051.7
"1907","DE","05-14",2025-01-16,2025-01-19,1,"quantile",0.25,165974
"1908","DE","05-14",2025-01-16,2025-01-19,1,"quantile",0.5,179733.5
"1909","DE","05-14",2025-01-16,2025-01-19,1,"quantile",0.75,193715.75
"1910","DE","05-14",2025-01-16,2025-01-19,1,"quantile",0.9,207177.7
"1911","DE","05-14",2025-01-16,2025-01-19,1,"quantile",0.975,223551.075
"1912","DE","05-14",2025-01-16,2025-01-26,2,"quantile",0.025,187068.575
"1913","DE","05-14",2025-01-16,2025-01-26,2,"quantile",0.1,205476.3
"1914","DE","05-14",2025-01-16,2025-01-26,2,"quantile",0.25,224170.75
"1915","DE","05-14",2025-01-16,2025-01-26,2,"quantile",0.5,247730.5
"1916","DE","05-14",2025-01-16,2025-01-26,2,"quantile",0.75,273188
"1917","DE","05-14",2025-01-16,2025-01-26,2,"quantile",0.9,296946.9
"1918","DE","05-14",2025-01-16,2025-01-26,2,"quantile",0.975,328058.625
"1919","DE","05-14",2025-01-16,2025-02-02,3,"quantile",0.025,204760.825
"1920","DE","05-14",2025-01-16,2025-02-02,3,"quantile",0.1,229042.4
"1921","DE","05-14",2025-01-16,2025-02-02,3,"quantile",0.25,253770.25
"1922","DE","05-14",2025-01-16,2025-02-02,3,"quantile",0.5,282789.5
"1923","DE","05-14",2025-01-16,2025-02-02,3,"quantile",0.75,315975
"1924","DE","05-14",2025-01-16,2025-02-02,3,"quantile",0.9,348385.7
"1925","DE","05-14",2025-01-16,2025-02-02,3,"quantile",0.975,388370.75
"1926","DE","05-14",2025-01-16,2025-02-09,4,"quantile",0.025,191718.4
"1927","DE","05-14",2025-01-16,2025-02-09,4,"quantile",0.1,215350.9
"1928","DE","05-14",2025-01-16,2025-02-09,4,"quantile",0.25,240009.75
"1929","DE","05-14",2025-01-16,2025-02-09,4,"quantile",0.5,270601
"1930","DE","05-14",2025-01-16,2025-02-09,4,"quantile",0.75,302518.75
"1931","DE","05-14",2025-01-16,2025-02-09,4,"quantile",0.9,337326.4
"1932","DE","05-14",2025-01-16,2025-02-09,4,"quantile",0.975,380235.375
"1933","DE","15-34",2025-01-16,2025-01-19,1,"quantile",0.025,315715.85
"1934","DE","15-34",2025-01-16,2025-01-19,1,"quantile",0.1,340685.8
"1935","DE","15-34",2025-01-16,2025-01-19,1,"quantile",0.25,365970.75
"1936","DE","15-34",2025-01-16,2025-01-19,1,"quantile",0.5,395231
"1937","DE","15-34",2025-01-16,2025-01-19,1,"quantile",0.75,427380.5
"1938","DE","15-34",2025-01-16,2025-01-19,1,"quantile",0.9,457561
"1939","DE","15-34",2025-01-16,2025-01-19,1,"quantile",0.975,494048.625
"1940","DE","15-34",2025-01-16,2025-01-26,2,"quantile",0.025,344041.1
"1941","DE","15-34",2025-01-16,2025-01-26,2,"quantile",0.1,378441.2
"1942","DE","15-34",2025-01-16,2025-01-26,2,"quantile",0.25,413247.5
"1943","DE","15-34",2025-01-16,2025-01-26,2,"quantile",0.5,453423.5
"1944","DE","15-34",2025-01-16,2025-01-26,2,"quantile",0.75,498740.25
"1945","DE","15-34",2025-01-16,2025-01-26,2,"quantile",0.9,543876.1
"1946","DE","15-34",2025-01-16,2025-01-26,2,"quantile",0.975,598673
"1947","DE","15-34",2025-01-16,2025-02-02,3,"quantile",0.025,367057.925
"1948","DE","15-34",2025-01-16,2025-02-02,3,"quantile",0.1,415274.5
"1949","DE","15-34",2025-01-16,2025-02-02,3,"quantile",0.25,456857.25
"1950","DE","15-34",2025-01-16,2025-02-02,3,"quantile",0.5,508296
"1951","DE","15-34",2025-01-16,2025-02-02,3,"quantile",0.75,564491.25
"1952","DE","15-34",2025-01-16,2025-02-02,3,"quantile",0.9,622601.3
"1953","DE","15-34",2025-01-16,2025-02-02,3,"quantile",0.975,689898.425
"1954","DE","15-34",2025-01-16,2025-02-09,4,"quantile",0.025,372022.475
"1955","DE","15-34",2025-01-16,2025-02-09,4,"quantile",0.1,420410.3
"1956","DE","15-34",2025-01-16,2025-02-09,4,"quantile",0.25,467091.5
"1957","DE","15-34",2025-01-16,2025-02-09,4,"quantile",0.5,523788.5
"1958","DE","15-34",2025-01-16,2025-02-09,4,"quantile",0.75,586712.5
"1959","DE","15-34",2025-01-16,2025-02-09,4,"quantile",0.9,649343.5
"1960","DE","15-34",2025-01-16,2025-02-09,4,"quantile",0.975,730657.575
"1961","DE","35-59",2025-01-16,2025-01-19,1,"quantile",0.025,389619
"1962","DE","35-59",2025-01-16,2025-01-19,1,"quantile",0.1,424563.7
"1963","DE","35-59",2025-01-16,2025-01-19,1,"quantile",0.25,457787.25
"1964","DE","35-59",2025-01-16,2025-01-19,1,"quantile",0.5,497172.5
"1965","DE","35-59",2025-01-16,2025-01-19,1,"quantile",0.75,540746.5
"1966","DE","35-59",2025-01-16,2025-01-19,1,"quantile",0.9,582891.1
"1967","DE","35-59",2025-01-16,2025-01-19,1,"quantile",0.975,635959.5
"1968","DE","35-59",2025-01-16,2025-01-26,2,"quantile",0.025,446137.6
"1969","DE","35-59",2025-01-16,2025-01-26,2,"quantile",0.1,491625
"1970","DE","35-59",2025-01-16,2025-01-26,2,"quantile",0.25,539772
"1971","DE","35-59",2025-01-16,2025-01-26,2,"quantile",0.5,602567.5
"1972","DE","35-59",2025-01-16,2025-01-26,2,"quantile",0.75,671344.25
"1973","DE","35-59",2025-01-16,2025-01-26,2,"quantile",0.9,741576.1
"1974","DE","35-59",2025-01-16,2025-01-26,2,"quantile",0.975,826236.025
"1975","DE","35-59",2025-01-16,2025-02-02,3,"quantile",0.025,488055.3
"1976","DE","35-59",2025-01-16,2025-02-02,3,"quantile",0.1,550097.5
"1977","DE","35-59",2025-01-16,2025-02-02,3,"quantile",0.25,612805.25
"1978","DE","35-59",2025-01-16,2025-02-02,3,"quantile",0.5,695898
"1979","DE","35-59",2025-01-16,2025-02-02,3,"quantile",0.75,796452.5
"1980","DE","35-59",2025-01-16,2025-02-02,3,"quantile",0.9,892495
"1981","DE","35-59",2025-01-16,2025-02-02,3,"quantile",0.975,1015859.9
"1982","DE","35-59",2025-01-16,2025-02-09,4,"quantile",0.025,488041.8
"1983","DE","35-59",2025-01-16,2025-02-09,4,"quantile",0.1,553256.1
"1984","DE","35-59",2025-01-16,2025-02-09,4,"quantile",0.25,623129.25
"1985","DE","35-59",2025-01-16,2025-02-09,4,"quantile",0.5,715863.5
"1986","DE","35-59",2025-01-16,2025-02-09,4,"quantile",0.75,822981.5
"1987","DE","35-59",2025-01-16,2025-02-09,4,"quantile",0.9,929867.8
"1988","DE","35-59",2025-01-16,2025-02-09,4,"quantile",0.975,1065690.7
"1989","DE","60+",2025-01-16,2025-01-19,1,"quantile",0.025,149661.125
"1990","DE","60+",2025-01-16,2025-01-19,1,"quantile",0.1,162212.8
"1991","DE","60+",2025-01-16,2025-01-19,1,"quantile",0.25,174417.5
"1992","DE","60+",2025-01-16,2025-01-19,1,"quantile",0.5,189262
"1993","DE","60+",2025-01-16,2025-01-19,1,"quantile",0.75,204105.25
"1994","DE","60+",2025-01-16,2025-01-19,1,"quantile",0.9,219231
"1995","DE","60+",2025-01-16,2025-01-19,1,"quantile",0.975,236107
"1996","DE","60+",2025-01-16,2025-01-26,2,"quantile",0.025,148089.05
"1997","DE","60+",2025-01-16,2025-01-26,2,"quantile",0.1,165689.4
"1998","DE","60+",2025-01-16,2025-01-26,2,"quantile",0.25,181672.75
"1999","DE","60+",2025-01-16,2025-01-26,2,"quantile",0.5,202734
"2000","DE","60+",2025-01-16,2025-01-26,2,"quantile",0.75,225276.75
"2001","DE","60+",2025-01-16,2025-01-26,2,"quantile",0.9,248874.2
"2002","DE","60+",2025-01-16,2025-01-26,2,"quantile",0.975,276446
"2003","DE","60+",2025-01-16,2025-02-02,3,"quantile",0.025,151830.075
"2004","DE","60+",2025-01-16,2025-02-02,3,"quantile",0.1,171770.7
"2005","DE","60+",2025-01-16,2025-02-02,3,"quantile",0.25,191613.5
"2006","DE","60+",2025-01-16,2025-02-02,3,"quantile",0.5,217134
"2007","DE","60+",2025-01-16,2025-02-02,3,"quantile",0.75,247060.25
"2008","DE","60+",2025-01-16,2025-02-02,3,"quantile",0.9,275110.5
"2009","DE","60+",2025-01-16,2025-02-02,3,"quantile",0.975,312490.95
"2010","DE","60+",2025-01-16,2025-02-09,4,"quantile",0.025,153748.775
"2011","DE","60+",2025-01-16,2025-02-09,4,"quantile",0.1,177469.4
"2012","DE","60+",2025-01-16,2025-02-09,4,"quantile",0.25,199340.25
"2013","DE","60+",2025-01-16,2025-02-09,4,"quantile",0.5,227290
"2014","DE","60+",2025-01-16,2025-02-09,4,"quantile",0.75,260605
"2015","DE","60+",2025-01-16,2025-02-09,4,"quantile",0.9,297037.1
"2016","DE","60+",2025-01-16,2025-02-09,4,"quantile",0.975,337507.55
"2017","DE","00+",2025-01-23,2025-01-26,1,"quantile",0.025,1443224.275
"2018","DE","00+",2025-01-23,2025-01-26,1,"quantile",0.1,1548141.4
"2019","DE","00+",2025-01-23,2025-01-26,1,"quantile",0.25,1645256.75
"2020","DE","00+",2025-01-23,2025-01-26,1,"quantile",0.5,1761511.5
"2021","DE","00+",2025-01-23,2025-01-26,1,"quantile",0.75,1887022.25
"2022","DE","00+",2025-01-23,2025-01-26,1,"quantile",0.9,2003520.3
"2023","DE","00+",2025-01-23,2025-01-26,1,"quantile",0.975,2141250.3
"2024","DE","00+",2025-01-23,2025-02-02,2,"quantile",0.025,1528217.65
"2025","DE","00+",2025-01-23,2025-02-02,2,"quantile",0.1,1668628.7
"2026","DE","00+",2025-01-23,2025-02-02,2,"quantile",0.25,1813948
"2027","DE","00+",2025-01-23,2025-02-02,2,"quantile",0.5,1977996.5
"2028","DE","00+",2025-01-23,2025-02-02,2,"quantile",0.75,2160877.25
"2029","DE","00+",2025-01-23,2025-02-02,2,"quantile",0.9,2337381
"2030","DE","00+",2025-01-23,2025-02-02,2,"quantile",0.975,2562439.45
"2031","DE","00+",2025-01-23,2025-02-09,3,"quantile",0.025,1492069.35
"2032","DE","00+",2025-01-23,2025-02-09,3,"quantile",0.1,1652943.5
"2033","DE","00+",2025-01-23,2025-02-09,3,"quantile",0.25,1812875.5
"2034","DE","00+",2025-01-23,2025-02-09,3,"quantile",0.5,2012797
"2035","DE","00+",2025-01-23,2025-02-09,3,"quantile",0.75,2232302.5
"2036","DE","00+",2025-01-23,2025-02-09,3,"quantile",0.9,2442823.5
"2037","DE","00+",2025-01-23,2025-02-09,3,"quantile",0.975,2703799.625
"2038","DE","00+",2025-01-23,2025-02-16,4,"quantile",0.025,1495718.875
"2039","DE","00+",2025-01-23,2025-02-16,4,"quantile",0.1,1667879.8
"2040","DE","00+",2025-01-23,2025-02-16,4,"quantile",0.25,1845649.5
"2041","DE","00+",2025-01-23,2025-02-16,4,"quantile",0.5,2061504.5
"2042","DE","00+",2025-01-23,2025-02-16,4,"quantile",0.75,2298863.25
"2043","DE","00+",2025-01-23,2025-02-16,4,"quantile",0.9,2534245.6
"2044","DE","00+",2025-01-23,2025-02-16,4,"quantile",0.975,2839507.125
"2045","DE","00-04",2025-01-23,2025-01-26,1,"quantile",0.025,231358.525
"2046","DE","00-04",2025-01-23,2025-01-26,1,"quantile",0.1,242634.9
"2047","DE","00-04",2025-01-23,2025-01-26,1,"quantile",0.25,253796.25
"2048","DE","00-04",2025-01-23,2025-01-26,1,"quantile",0.5,266377
"2049","DE","00-04",2025-01-23,2025-01-26,1,"quantile",0.75,279909
"2050","DE","00-04",2025-01-23,2025-01-26,1,"quantile",0.9,292122.2
"2051","DE","00-04",2025-01-23,2025-01-26,1,"quantile",0.975,307770.875
"2052","DE","00-04",2025-01-23,2025-02-02,2,"quantile",0.025,239665.5
"2053","DE","00-04",2025-01-23,2025-02-02,2,"quantile",0.1,254665.6
"2054","DE","00-04",2025-01-23,2025-02-02,2,"quantile",0.25,269450.75
"2055","DE","00-04",2025-01-23,2025-02-02,2,"quantile",0.5,286038.5
"2056","DE","00-04",2025-01-23,2025-02-02,2,"quantile",0.75,304250.75
"2057","DE","00-04",2025-01-23,2025-02-02,2,"quantile",0.9,321520.7
"2058","DE","00-04",2025-01-23,2025-02-02,2,"quantile",0.975,341184.175
"2059","DE","00-04",2025-01-23,2025-02-09,3,"quantile",0.025,233747.6
"2060","DE","00-04",2025-01-23,2025-02-09,3,"quantile",0.1,248703
"2061","DE","00-04",2025-01-23,2025-02-09,3,"quantile",0.25,265163.25
"2062","DE","00-04",2025-01-23,2025-02-09,3,"quantile",0.5,285062.5
"2063","DE","00-04",2025-01-23,2025-02-09,3,"quantile",0.75,306275.75
"2064","DE","00-04",2025-01-23,2025-02-09,3,"quantile",0.9,325595.5
"2065","DE","00-04",2025-01-23,2025-02-09,3,"quantile",0.975,349276.725
"2066","DE","00-04",2025-01-23,2025-02-16,4,"quantile",0.025,216948.025
"2067","DE","00-04",2025-01-23,2025-02-16,4,"quantile",0.1,234565.5
"2068","DE","00-04",2025-01-23,2025-02-16,4,"quantile",0.25,250734.5
"2069","DE","00-04",2025-01-23,2025-02-16,4,"quantile",0.5,270332.5
"2070","DE","00-04",2025-01-23,2025-02-16,4,"quantile",0.75,291191
"2071","DE","00-04",2025-01-23,2025-02-16,4,"quantile",0.9,311043.4
"2072","DE","00-04",2025-01-23,2025-02-16,4,"quantile",0.975,335195.95
"2073","DE","05-14",2025-01-23,2025-01-26,1,"quantile",0.025,198719.375
"2074","DE","05-14",2025-01-23,2025-01-26,1,"quantile",0.1,214630.3
"2075","DE","05-14",2025-01-23,2025-01-26,1,"quantile",0.25,229822.25
"2076","DE","05-14",2025-01-23,2025-01-26,1,"quantile",0.5,248111.5
"2077","DE","05-14",2025-01-23,2025-01-26,1,"quantile",0.75,267843.25
"2078","DE","05-14",2025-01-23,2025-01-26,1,"quantile",0.9,287389.9
"2079","DE","05-14",2025-01-23,2025-01-26,1,"quantile",0.975,308192.6
"2080","DE","05-14",2025-01-23,2025-02-02,2,"quantile",0.025,213476.725
"2081","DE","05-14",2025-01-23,2025-02-02,2,"quantile",0.1,235440.1
"2082","DE","05-14",2025-01-23,2025-02-02,2,"quantile",0.25,256514.5
"2083","DE","05-14",2025-01-23,2025-02-02,2,"quantile",0.5,282475.5
"2084","DE","05-14",2025-01-23,2025-02-02,2,"quantile",0.75,312272.25
"2085","DE","05-14",2025-01-23,2025-02-02,2,"quantile",0.9,339563.2
"2086","DE","05-14",2025-01-23,2025-02-02,2,"quantile",0.975,372407.275
"2087","DE","05-14",2025-01-23,2025-02-09,3,"quantile",0.025,193091.75
"2088","DE","05-14",2025-01-23,2025-02-09,3,"quantile",0.1,215569.7
"2089","DE","05-14",2025-01-23,2025-02-09,3,"quantile",0.25,239199.5
"2090","DE","05-14",2025-01-23,2025-02-09,3,"quantile",0.5,268772
"2091","DE","05-14",2025-01-23,2025-02-09,3,"quantile",0.75,300990.25
"2092","DE","05-14",2025-01-23,2025-02-09,3,"quantile",0.9,331759.3
"2093","DE","05-14",2025-01-23,2025-02-09,3,"quantile",0.975,370528.1
"2094","DE","05-14",2025-01-23,2025-02-16,4,"quantile",0.025,178223.55
"2095","DE","05-14",2025-01-23,2025-02-16,4,"quantile",0.1,201681.9
"2096","DE","05-14",2025-01-23,2025-02-16,4,"quantile",0.25,224835.5
"2097","DE","05-14",2025-01-23,2025-02-16,4,"quantile",0.5,253295.5
"2098","DE","05-14",2025-01-23,2025-02-16,4,"quantile",0.75,285011.25
"2099","DE","05-14",2025-01-23,2025-02-16,4,"quantile",0.9,316292.6
"2100","DE","05-14",2025-01-23,2025-02-16,4,"quantile",0.975,350822.675
"2101","DE","15-34",2025-01-23,2025-01-26,1,"quantile",0.025,371287.875
"2102","DE","15-34",2025-01-23,2025-01-26,1,"quantile",0.1,399447.3
"2103","DE","15-34",2025-01-23,2025-01-26,1,"quantile",0.25,429808.25
"2104","DE","15-34",2025-01-23,2025-01-26,1,"quantile",0.5,465669.5
"2105","DE","15-34",2025-01-23,2025-01-26,1,"quantile",0.75,502325.5
"2106","DE","15-34",2025-01-23,2025-01-26,1,"quantile",0.9,538580.8
"2107","DE","15-34",2025-01-23,2025-01-26,1,"quantile",0.975,583752.575
"2108","DE","15-34",2025-01-23,2025-02-02,2,"quantile",0.025,392144.6
"2109","DE","15-34",2025-01-23,2025-02-02,2,"quantile",0.1,432808.2
"2110","DE","15-34",2025-01-23,2025-02-02,2,"quantile",0.25,471898.5
"2111","DE","15-34",2025-01-23,2025-02-02,2,"quantile",0.5,520461.5
"2112","DE","15-34",2025-01-23,2025-02-02,2,"quantile",0.75,572321.25
"2113","DE","15-34",2025-01-23,2025-02-02,2,"quantile",0.9,622812.4
"2114","DE","15-34",2025-01-23,2025-02-02,2,"quantile",0.975,689172.35
"2115","DE","15-34",2025-01-23,2025-02-09,3,"quantile",0.025,387172.875
"2116","DE","15-34",2025-01-23,2025-02-09,3,"quantile",0.1,434270.2
"2117","DE","15-34",2025-01-23,2025-02-09,3,"quantile",0.25,478742.75
"2118","DE","15-34",2025-01-23,2025-02-09,3,"quantile",0.5,532407.5
"2119","DE","15-34",2025-01-23,2025-02-09,3,"quantile",0.75,592819.25
"2120","DE","15-34",2025-01-23,2025-02-09,3,"quantile",0.9,654471.5
"2121","DE","15-34",2025-01-23,2025-02-09,3,"quantile",0.975,729611.075
"2122","DE","15-34",2025-01-23,2025-02-16,4,"quantile",0.025,402959.85
"2123","DE","15-34",2025-01-23,2025-02-16,4,"quantile",0.1,446014.2
"2124","DE","15-34",2025-01-23,2025-02-16,4,"quantile",0.25,494847.75
"2125","DE","15-34",2025-01-23,2025-02-16,4,"quantile",0.5,555366.5
"2126","DE","15-34",2025-01-23,2025-02-16,4,"quantile",0.75,623344
"2127","DE","15-34",2025-01-23,2025-02-16,4,"quantile",0.9,689472.3
"2128","DE","15-34",2025-01-23,2025-02-16,4,"quantile",0.975,771291.3
"2129","DE","35-59",2025-01-23,2025-01-26,1,"quantile",0.025,461983.95
"2130","DE","35-59",2025-01-23,2025-01-26,1,"quantile",0.1,499451.8
"2131","DE","35-59",2025-01-23,2025-01-26,1,"quantile",0.25,537043.75
"2132","DE","35-59",2025-01-23,2025-01-26,1,"quantile",0.5,583706
"2133","DE","35-59",2025-01-23,2025-01-26,1,"quantile",0.75,632884.5
"2134","DE","35-59",2025-01-23,2025-01-26,1,"quantile",0.9,684403.4
"2135","DE","35-59",2025-01-23,2025-01-26,1,"quantile",0.975,740781.475
"2136","DE","35-59",2025-01-23,2025-02-02,2,"quantile",0.025,497755
"2137","DE","35-59",2025-01-23,2025-02-02,2,"quantile",0.1,553947.6
"2138","DE","35-59",2025-01-23,2025-02-02,2,"quantile",0.25,607932
"2139","DE","35-59",2025-01-23,2025-02-02,2,"quantile",0.5,677297
"2140","DE","35-59",2025-01-23,2025-02-02,2,"quantile",0.75,751769.75
"2141","DE","35-59",2025-01-23,2025-02-02,2,"quantile",0.9,827925
"2142","DE","35-59",2025-01-23,2025-02-02,2,"quantile",0.975,924327.2
"2143","DE","35-59",2025-01-23,2025-02-09,3,"quantile",0.025,488479.475
"2144","DE","35-59",2025-01-23,2025-02-09,3,"quantile",0.1,552532.8
"2145","DE","35-59",2025-01-23,2025-02-09,3,"quantile",0.25,616752.5
"2146","DE","35-59",2025-01-23,2025-02-09,3,"quantile",0.5,697972
"2147","DE","35-59",2025-01-23,2025-02-09,3,"quantile",0.75,791899.75
"2148","DE","35-59",2025-01-23,2025-02-09,3,"quantile",0.9,883740.2
"2149","DE","35-59",2025-01-23,2025-02-09,3,"quantile",0.975,1013250.05
"2150","DE","35-59",2025-01-23,2025-02-16,4,"quantile",0.025,505736.225
"2151","DE","35-59",2025-01-23,2025-02-16,4,"quantile",0.1,571282.4
"2152","DE","35-59",2025-01-23,2025-02-16,4,"quantile",0.25,648121.75
"2153","DE","35-59",2025-01-23,2025-02-16,4,"quantile",0.5,740450
"2154","DE","35-59",2025-01-23,2025-02-16,4,"quantile",0.75,853177.5
"2155","DE","35-59",2025-01-23,2025-02-16,4,"quantile",0.9,959640.3
"2156","DE","35-59",2025-01-23,2025-02-16,4,"quantile",0.975,1090150.45
"2157","DE","60+",2025-01-23,2025-01-26,1,"quantile",0.025,155566.275
"2158","DE","60+",2025-01-23,2025-01-26,1,"quantile",0.1,168368.3
"2159","DE","60+",2025-01-23,2025-01-26,1,"quantile",0.25,181124.25
"2160","DE","60+",2025-01-23,2025-01-26,1,"quantile",0.5,196709.5
"2161","DE","60+",2025-01-23,2025-01-26,1,"quantile",0.75,212538.75
"2162","DE","60+",2025-01-23,2025-01-26,1,"quantile",0.9,228649.7
"2163","DE","60+",2025-01-23,2025-01-26,1,"quantile",0.975,247432.675
"2164","DE","60+",2025-01-23,2025-02-02,2,"quantile",0.025,155742.975
"2165","DE","60+",2025-01-23,2025-02-02,2,"quantile",0.1,172381.1
"2166","DE","60+",2025-01-23,2025-02-02,2,"quantile",0.25,189024.25
"2167","DE","60+",2025-01-23,2025-02-02,2,"quantile",0.5,209706.5
"2168","DE","60+",2025-01-23,2025-02-02,2,"quantile",0.75,233224.5
"2169","DE","60+",2025-01-23,2025-02-02,2,"quantile",0.9,257390.6
"2170","DE","60+",2025-01-23,2025-02-02,2,"quantile",0.975,286794.525
"2171","DE","60+",2025-01-23,2025-02-09,3,"quantile",0.025,156398.35
"2172","DE","60+",2025-01-23,2025-02-09,3,"quantile",0.1,177256.8
"2173","DE","60+",2025-01-23,2025-02-09,3,"quantile",0.25,196944.5
"2174","DE","60+",2025-01-23,2025-02-09,3,"quantile",0.5,222401
"2175","DE","60+",2025-01-23,2025-02-09,3,"quantile",0.75,252431
"2176","DE","60+",2025-01-23,2025-02-09,3,"quantile",0.9,282462
"2177","DE","60+",2025-01-23,2025-02-09,3,"quantile",0.975,320333.775
"2178","DE","60+",2025-01-23,2025-02-16,4,"quantile",0.025,163176.45
"2179","DE","60+",2025-01-23,2025-02-16,4,"quantile",0.1,184429.9
"2180","DE","60+",2025-01-23,2025-02-16,4,"quantile",0.25,208639.75
"2181","DE","60+",2025-01-23,2025-02-16,4,"quantile",0.5,237735.5
"2182","DE","60+",2025-01-23,2025-02-16,4,"quantile",0.75,271490
"2183","DE","60+",2025-01-23,2025-02-16,4,"quantile",0.9,304318.1
"2184","DE","60+",2025-01-23,2025-02-16,4,"quantile",0.975,350571.05
"2185","DE","00+",2025-01-30,2025-02-02,1,"quantile",0.025,1681316.85
"2186","DE","00+",2025-01-30,2025-02-02,1,"quantile",0.1,1804063.9
"2187","DE","00+",2025-01-30,2025-02-02,1,"quantile",0.25,1916590.75
"2188","DE","00+",2025-01-30,2025-02-02,1,"quantile",0.5,2052122.5
"2189","DE","00+",2025-01-30,2025-02-02,1,"quantile",0.75,2197687.25
"2190","DE","00+",2025-01-30,2025-02-02,1,"quantile",0.9,2336297
"2191","DE","00+",2025-01-30,2025-02-02,1,"quantile",0.975,2508125.925
"2192","DE","00+",2025-01-30,2025-02-09,2,"quantile",0.025,1614471.65
"2193","DE","00+",2025-01-30,2025-02-09,2,"quantile",0.1,1760228
"2194","DE","00+",2025-01-30,2025-02-09,2,"quantile",0.25,1900486.25
"2195","DE","00+",2025-01-30,2025-02-09,2,"quantile",0.5,2069408.5
"2196","DE","00+",2025-01-30,2025-02-09,2,"quantile",0.75,2255588
"2197","DE","00+",2025-01-30,2025-02-09,2,"quantile",0.9,2438336
"2198","DE","00+",2025-01-30,2025-02-09,2,"quantile",0.975,2676756.575
"2199","DE","00+",2025-01-30,2025-02-16,3,"quantile",0.025,1565526.6
"2200","DE","00+",2025-01-30,2025-02-16,3,"quantile",0.1,1731848.1
"2201","DE","00+",2025-01-30,2025-02-16,3,"quantile",0.25,1893508.25
"2202","DE","00+",2025-01-30,2025-02-16,3,"quantile",0.5,2093050
"2203","DE","00+",2025-01-30,2025-02-16,3,"quantile",0.75,2316651.5
"2204","DE","00+",2025-01-30,2025-02-16,3,"quantile",0.9,2534273.4
"2205","DE","00+",2025-01-30,2025-02-16,3,"quantile",0.975,2812882.675
"2206","DE","00+",2025-01-30,2025-02-23,4,"quantile",0.025,1522486.9
"2207","DE","00+",2025-01-30,2025-02-23,4,"quantile",0.1,1678479
"2208","DE","00+",2025-01-30,2025-02-23,4,"quantile",0.25,1848127.25
"2209","DE","00+",2025-01-30,2025-02-23,4,"quantile",0.5,2054173
"2210","DE","00+",2025-01-30,2025-02-23,4,"quantile",0.75,2285178
"2211","DE","00+",2025-01-30,2025-02-23,4,"quantile",0.9,2524996.5
"2212","DE","00+",2025-01-30,2025-02-23,4,"quantile",0.975,2816117.625
"2213","DE","00-04",2025-01-30,2025-02-02,1,"quantile",0.025,269711.8
"2214","DE","00-04",2025-01-30,2025-02-02,1,"quantile",0.1,282690.2
"2215","DE","00-04",2025-01-30,2025-02-02,1,"quantile",0.25,295332
"2216","DE","00-04",2025-01-30,2025-02-02,1,"quantile",0.5,310216
"2217","DE","00-04",2025-01-30,2025-02-02,1,"quantile",0.75,325799.75
"2218","DE","00-04",2025-01-30,2025-02-02,1,"quantile",0.9,340701.7
"2219","DE","00-04",2025-01-30,2025-02-02,1,"quantile",0.975,357668.425
"2220","DE","00-04",2025-01-30,2025-02-09,2,"quantile",0.025,257601.225
"2221","DE","00-04",2025-01-30,2025-02-09,2,"quantile",0.1,275216.9
"2222","DE","00-04",2025-01-30,2025-02-09,2,"quantile",0.25,289806
"2223","DE","00-04",2025-01-30,2025-02-09,2,"quantile",0.5,307486.5
"2224","DE","00-04",2025-01-30,2025-02-09,2,"quantile",0.75,326652
"2225","DE","00-04",2025-01-30,2025-02-09,2,"quantile",0.9,344203.7
"2226","DE","00-04",2025-01-30,2025-02-09,2,"quantile",0.975,368267.175
"2227","DE","00-04",2025-01-30,2025-02-16,3,"quantile",0.025,233481.7
"2228","DE","00-04",2025-01-30,2025-02-16,3,"quantile",0.1,250040.9
"2229","DE","00-04",2025-01-30,2025-02-16,3,"quantile",0.25,265770.75
"2230","DE","00-04",2025-01-30,2025-02-16,3,"quantile",0.5,285057
"2231","DE","00-04",2025-01-30,2025-02-16,3,"quantile",0.75,305952.25
"2232","DE","00-04",2025-01-30,2025-02-16,3,"quantile",0.9,326078.4
"2233","DE","00-04",2025-01-30,2025-02-16,3,"quantile",0.975,350507.775
"2234","DE","00-04",2025-01-30,2025-02-23,4,"quantile",0.025,212587.775
"2235","DE","00-04",2025-01-30,2025-02-23,4,"quantile",0.1,229596.9
"2236","DE","00-04",2025-01-30,2025-02-23,4,"quantile",0.25,244700.75
"2237","DE","00-04",2025-01-30,2025-02-23,4,"quantile",0.5,263107.5
"2238","DE","00-04",2025-01-30,2025-02-23,4,"quantile",0.75,283210
"2239","DE","00-04",2025-01-30,2025-02-23,4,"quantile",0.9,302949.1
"2240","DE","00-04",2025-01-30,2025-02-23,4,"quantile",0.975,329098.625
"2241","DE","05-14",2025-01-30,2025-02-02,1,"quantile",0.025,260226.325
"2242","DE","05-14",2025-01-30,2025-02-02,1,"quantile",0.1,280918.2
"2243","DE","05-14",2025-01-30,2025-02-02,1,"quantile",0.25,301806.5
"2244","DE","05-14",2025-01-30,2025-02-02,1,"quantile",0.5,326111.5
"2245","DE","05-14",2025-01-30,2025-02-02,1,"quantile",0.75,350981.75
"2246","DE","05-14",2025-01-30,2025-02-02,1,"quantile",0.9,377331.3
"2247","DE","05-14",2025-01-30,2025-02-02,1,"quantile",0.975,406945.325
"2248","DE","05-14",2025-01-30,2025-02-09,2,"quantile",0.025,227499.675
"2249","DE","05-14",2025-01-30,2025-02-09,2,"quantile",0.1,252277.1
"2250","DE","05-14",2025-01-30,2025-02-09,2,"quantile",0.25,276104.75
"2251","DE","05-14",2025-01-30,2025-02-09,2,"quantile",0.5,305388
"2252","DE","05-14",2025-01-30,2025-02-09,2,"quantile",0.75,336621.25
"2253","DE","05-14",2025-01-30,2025-02-09,2,"quantile",0.9,367285.7
"2254","DE","05-14",2025-01-30,2025-02-09,2,"quantile",0.975,404799.925
"2255","DE","05-14",2025-01-30,2025-02-16,3,"quantile",0.025,200284
"2256","DE","05-14",2025-01-30,2025-02-16,3,"quantile",0.1,222773.6
"2257","DE","05-14",2025-01-30,2025-02-16,3,"quantile",0.25,245962.25
"2258","DE","05-14",2025-01-30,2025-02-16,3,"quantile",0.5,275693.5
"2259","DE","05-14",2025-01-30,2025-02-16,3,"quantile",0.75,308829
"2260","DE","05-14",2025-01-30,2025-02-16,3,"quantile",0.9,342281.7
"2261","DE","05-14",2025-01-30,2025-02-16,3,"quantile",0.975,380736.275
"2262","DE","05-14",2025-01-30,2025-02-23,4,"quantile",0.025,185712.85
"2263","DE","05-14",2025-01-30,2025-02-23,4,"quantile",0.1,210688.5
"2264","DE","05-14",2025-01-30,2025-02-23,4,"quantile",0.25,235122.25
"2265","DE","05-14",2025-01-30,2025-02-23,4,"quantile",0.5,264243
"2266","DE","05-14",2025-01-30,2025-02-23,4,"quantile",0.75,297848.75
"2267","DE","05-14",2025-01-30,2025-02-23,4,"quantile",0.9,330592
"2268","DE","05-14",2025-01-30,2025-02-23,4,"quantile",0.975,372313.975
"2269","DE","15-34",2025-01-30,2025-02-02,1,"quantile",0.025,429372.5
"2270","DE","15-34",2025-01-30,2025-02-02,1,"quantile",0.1,465339
"2271","DE","15-34",2025-01-30,2025-02-02,1,"quantile",0.25,499257
"2272","DE","15-34",2025-01-30,2025-02-02,1,"quantile",0.5,539374
"2273","DE","15-34",2025-01-30,2025-02-02,1,"quantile",0.75,583089
"2274","DE","15-34",2025-01-30,2025-02-02,1,"quantile",0.9,627241.7
"2275","DE","15-34",2025-01-30,2025-02-02,1,"quantile",0.975,679011.125
"2276","DE","15-34",2025-01-30,2025-02-09,2,"quantile",0.025,417989.25
"2277","DE","15-34",2025-01-30,2025-02-09,2,"quantile",0.1,458217.5
"2278","DE","15-34",2025-01-30,2025-02-09,2,"quantile",0.25,499848.25
"2279","DE","15-34",2025-01-30,2025-02-09,2,"quantile",0.5,550392.5
"2280","DE","15-34",2025-01-30,2025-02-09,2,"quantile",0.75,605348.75
"2281","DE","15-34",2025-01-30,2025-02-09,2,"quantile",0.9,659376.4
"2282","DE","15-34",2025-01-30,2025-02-09,2,"quantile",0.975,725506.25
"2283","DE","15-34",2025-01-30,2025-02-16,3,"quantile",0.025,416715.025
"2284","DE","15-34",2025-01-30,2025-02-16,3,"quantile",0.1,465759.9
"2285","DE","15-34",2025-01-30,2025-02-16,3,"quantile",0.25,510781.5
"2286","DE","15-34",2025-01-30,2025-02-16,3,"quantile",0.5,571485.5
"2287","DE","15-34",2025-01-30,2025-02-16,3,"quantile",0.75,634879
"2288","DE","15-34",2025-01-30,2025-02-16,3,"quantile",0.9,697049
"2289","DE","15-34",2025-01-30,2025-02-16,3,"quantile",0.975,781831.925
"2290","DE","15-34",2025-01-30,2025-02-23,4,"quantile",0.025,403502.6
"2291","DE","15-34",2025-01-30,2025-02-23,4,"quantile",0.1,451065.7
"2292","DE","15-34",2025-01-30,2025-02-23,4,"quantile",0.25,502364.75
"2293","DE","15-34",2025-01-30,2025-02-23,4,"quantile",0.5,562077.5
"2294","DE","15-34",2025-01-30,2025-02-23,4,"quantile",0.75,629176
"2295","DE","15-34",2025-01-30,2025-02-23,4,"quantile",0.9,698522.7
"2296","DE","15-34",2025-01-30,2025-02-23,4,"quantile",0.975,785982.05
"2297","DE","35-59",2025-01-30,2025-02-02,1,"quantile",0.025,552720.025
"2298","DE","35-59",2025-01-30,2025-02-02,1,"quantile",0.1,606073.5
"2299","DE","35-59",2025-01-30,2025-02-02,1,"quantile",0.25,651565
"2300","DE","35-59",2025-01-30,2025-02-02,1,"quantile",0.5,706330
"2301","DE","35-59",2025-01-30,2025-02-02,1,"quantile",0.75,767527.75
"2302","DE","35-59",2025-01-30,2025-02-02,1,"quantile",0.9,825913.6
"2303","DE","35-59",2025-01-30,2025-02-02,1,"quantile",0.975,893143.025
"2304","DE","35-59",2025-01-30,2025-02-09,2,"quantile",0.025,535434.925
"2305","DE","35-59",2025-01-30,2025-02-09,2,"quantile",0.1,592468.2
"2306","DE","35-59",2025-01-30,2025-02-09,2,"quantile",0.25,657654.5
"2307","DE","35-59",2025-01-30,2025-02-09,2,"quantile",0.5,729847.5
"2308","DE","35-59",2025-01-30,2025-02-09,2,"quantile",0.75,810219.25
"2309","DE","35-59",2025-01-30,2025-02-09,2,"quantile",0.9,894159.2
"2310","DE","35-59",2025-01-30,2025-02-09,2,"quantile",0.975,991122.5
"2311","DE","35-59",2025-01-30,2025-02-16,3,"quantile",0.025,525563.625
"2312","DE","35-59",2025-01-30,2025-02-16,3,"quantile",0.1,603008
"2313","DE","35-59",2025-01-30,2025-02-16,3,"quantile",0.25,673537.25
"2314","DE","35-59",2025-01-30,2025-02-16,3,"quantile",0.5,767318.5
"2315","DE","35-59",2025-01-30,2025-02-16,3,"quantile",0.75,869306.75
"2316","DE","35-59",2025-01-30,2025-02-16,3,"quantile",0.9,968907.2
"2317","DE","35-59",2025-01-30,2025-02-16,3,"quantile",0.975,1098534.775
"2318","DE","35-59",2025-01-30,2025-02-23,4,"quantile",0.025,504273.575
"2319","DE","35-59",2025-01-30,2025-02-23,4,"quantile",0.1,586047.4
"2320","DE","35-59",2025-01-30,2025-02-23,4,"quantile",0.25,661245.75
"2321","DE","35-59",2025-01-30,2025-02-23,4,"quantile",0.5,756800.5
"2322","DE","35-59",2025-01-30,2025-02-23,4,"quantile",0.75,865837.25
"2323","DE","35-59",2025-01-30,2025-02-23,4,"quantile",0.9,975308.4
"2324","DE","35-59",2025-01-30,2025-02-23,4,"quantile",0.975,1112057.95
"2325","DE","60+",2025-01-30,2025-02-02,1,"quantile",0.025,157381.15
"2326","DE","60+",2025-01-30,2025-02-02,1,"quantile",0.1,170943.2
"2327","DE","60+",2025-01-30,2025-02-02,1,"quantile",0.25,184486.25
"2328","DE","60+",2025-01-30,2025-02-02,1,"quantile",0.5,200017
"2329","DE","60+",2025-01-30,2025-02-02,1,"quantile",0.75,217078.75
"2330","DE","60+",2025-01-30,2025-02-02,1,"quantile",0.9,233221.2
"2331","DE","60+",2025-01-30,2025-02-02,1,"quantile",0.975,253648.125
"2332","DE","60+",2025-01-30,2025-02-09,2,"quantile",0.025,154645.2
"2333","DE","60+",2025-01-30,2025-02-09,2,"quantile",0.1,172647.4
"2334","DE","60+",2025-01-30,2025-02-09,2,"quantile",0.25,189975.75
"2335","DE","60+",2025-01-30,2025-02-09,2,"quantile",0.5,211688.5
"2336","DE","60+",2025-01-30,2025-02-09,2,"quantile",0.75,235099.25
"2337","DE","60+",2025-01-30,2025-02-09,2,"quantile",0.9,259196.1
"2338","DE","60+",2025-01-30,2025-02-09,2,"quantile",0.975,286135.075
"2339","DE","60+",2025-01-30,2025-02-16,3,"quantile",0.025,157717.525
"2340","DE","60+",2025-01-30,2025-02-16,3,"quantile",0.1,178904.9
"2341","DE","60+",2025-01-30,2025-02-16,3,"quantile",0.25,201879.75
"2342","DE","60+",2025-01-30,2025-02-16,3,"quantile",0.5,228589
"2343","DE","60+",2025-01-30,2025-02-16,3,"quantile",0.75,258944.5
"2344","DE","60+",2025-01-30,2025-02-16,3,"quantile",0.9,290893.6
"2345","DE","60+",2025-01-30,2025-02-16,3,"quantile",0.975,327668.75
"2346","DE","60+",2025-01-30,2025-02-23,4,"quantile",0.025,161360.225
"2347","DE","60+",2025-01-30,2025-02-23,4,"quantile",0.1,184792.7
"2348","DE","60+",2025-01-30,2025-02-23,4,"quantile",0.25,208981.5
"2349","DE","60+",2025-01-30,2025-02-23,4,"quantile",0.5,239100.5
"2350","DE","60+",2025-01-30,2025-02-23,4,"quantile",0.75,273549.5
"2351","DE","60+",2025-01-30,2025-02-23,4,"quantile",0.9,308731.9
"2352","DE","60+",2025-01-30,2025-02-23,4,"quantile",0.975,354680.2
"2353","DE","00+",2025-02-06,2025-02-09,1,"quantile",0.025,1813054.225
"2354","DE","00+",2025-02-06,2025-02-09,1,"quantile",0.1,1943176.5
"2355","DE","00+",2025-02-06,2025-02-09,1,"quantile",0.25,2078706.75
"2356","DE","00+",2025-02-06,2025-02-09,1,"quantile",0.5,2225742
"2357","DE","00+",2025-02-06,2025-02-09,1,"quantile",0.75,2384117
"2358","DE","00+",2025-02-06,2025-02-09,1,"quantile",0.9,2534466.6
"2359","DE","00+",2025-02-06,2025-02-09,1,"quantile",0.975,2712604.675
"2360","DE","00+",2025-02-06,2025-02-16,2,"quantile",0.025,1729013.2
"2361","DE","00+",2025-02-06,2025-02-16,2,"quantile",0.1,1888974.9
"2362","DE","00+",2025-02-06,2025-02-16,2,"quantile",0.25,2050916.25
"2363","DE","00+",2025-02-06,2025-02-16,2,"quantile",0.5,2243207.5
"2364","DE","00+",2025-02-06,2025-02-16,2,"quantile",0.75,2456524.5
"2365","DE","00+",2025-02-06,2025-02-16,2,"quantile",0.9,2651977.3
"2366","DE","00+",2025-02-06,2025-02-16,2,"quantile",0.975,2906662.1
"2367","DE","00+",2025-02-06,2025-02-23,3,"quantile",0.025,1599777.8
"2368","DE","00+",2025-02-06,2025-02-23,3,"quantile",0.1,1771720.6
"2369","DE","00+",2025-02-06,2025-02-23,3,"quantile",0.25,1950350.75
"2370","DE","00+",2025-02-06,2025-02-23,3,"quantile",0.5,2163490.5
"2371","DE","00+",2025-02-06,2025-02-23,3,"quantile",0.75,2407654
"2372","DE","00+",2025-02-06,2025-02-23,3,"quantile",0.9,2634952.5
"2373","DE","00+",2025-02-06,2025-02-23,3,"quantile",0.975,2909808.475
"2374","DE","00+",2025-02-06,2025-03-02,4,"quantile",0.025,1397072.2
"2375","DE","00+",2025-02-06,2025-03-02,4,"quantile",0.1,1572765.3
"2376","DE","00+",2025-02-06,2025-03-02,4,"quantile",0.25,1744564.25
"2377","DE","00+",2025-02-06,2025-03-02,4,"quantile",0.5,1948284
"2378","DE","00+",2025-02-06,2025-03-02,4,"quantile",0.75,2167800
"2379","DE","00+",2025-02-06,2025-03-02,4,"quantile",0.9,2383358.8
"2380","DE","00+",2025-02-06,2025-03-02,4,"quantile",0.975,2626588.3
"2381","DE","00-04",2025-02-06,2025-02-09,1,"quantile",0.025,277710.05
"2382","DE","00-04",2025-02-06,2025-02-09,1,"quantile",0.1,291682.6
"2383","DE","00-04",2025-02-06,2025-02-09,1,"quantile",0.25,305346.5
"2384","DE","00-04",2025-02-06,2025-02-09,1,"quantile",0.5,320879.5
"2385","DE","00-04",2025-02-06,2025-02-09,1,"quantile",0.75,337063.25
"2386","DE","00-04",2025-02-06,2025-02-09,1,"quantile",0.9,352033.7
"2387","DE","00-04",2025-02-06,2025-02-09,1,"quantile",0.975,370632.45
"2388","DE","00-04",2025-02-06,2025-02-16,2,"quantile",0.025,247642.9
"2389","DE","00-04",2025-02-06,2025-02-16,2,"quantile",0.1,263166.7
"2390","DE","00-04",2025-02-06,2025-02-16,2,"quantile",0.25,278303.75
"2391","DE","00-04",2025-02-06,2025-02-16,2,"quantile",0.5,296666
"2392","DE","00-04",2025-02-06,2025-02-16,2,"quantile",0.75,316030.25
"2393","DE","00-04",2025-02-06,2025-02-16,2,"quantile",0.9,333258.3
"2394","DE","00-04",2025-02-06,2025-02-16,2,"quantile",0.975,354943.6
"2395","DE","00-04",2025-02-06,2025-02-23,3,"quantile",0.025,220741.725
"2396","DE","00-04",2025-02-06,2025-02-23,3,"quantile",0.1,236552.7
"2397","DE","00-04",2025-02-06,2025-02-23,3,"quantile",0.25,251985.75
"2398","DE","00-04",2025-02-06,2025-02-23,3,"quantile",0.5,270566
"2399","DE","00-04",2025-02-06,2025-02-23,3,"quantile",0.75,290093.75
"2400","DE","00-04",2025-02-06,2025-02-23,3,"quantile",0.9,309246.4
"2401","DE","00-04",2025-02-06,2025-02-23,3,"quantile",0.975,334825.05
"2402","DE","00-04",2025-02-06,2025-03-02,4,"quantile",0.025,196532.9
"2403","DE","00-04",2025-02-06,2025-03-02,4,"quantile",0.1,211548.2
"2404","DE","00-04",2025-02-06,2025-03-02,4,"quantile",0.25,225451
"2405","DE","00-04",2025-02-06,2025-03-02,4,"quantile",0.5,243184
"2406","DE","00-04",2025-02-06,2025-03-02,4,"quantile",0.75,261788.25
"2407","DE","00-04",2025-02-06,2025-03-02,4,"quantile",0.9,279959.6
"2408","DE","00-04",2025-02-06,2025-03-02,4,"quantile",0.975,301618.525
"2409","DE","05-14",2025-02-06,2025-02-09,1,"quantile",0.025,288214.125
"2410","DE","05-14",2025-02-06,2025-02-09,1,"quantile",0.1,310955.4
"2411","DE","05-14",2025-02-06,2025-02-09,1,"quantile",0.25,334145.75
"2412","DE","05-14",2025-02-06,2025-02-09,1,"quantile",0.5,359915
"2413","DE","05-14",2025-02-06,2025-02-09,1,"quantile",0.75,388845.5
"2414","DE","05-14",2025-02-06,2025-02-09,1,"quantile",0.9,416856.4
"2415","DE","05-14",2025-02-06,2025-02-09,1,"quantile",0.975,447419.45
"2416","DE","05-14",2025-02-06,2025-02-16,2,"quantile",0.025,240664.975
"2417","DE","05-14",2025-02-06,2025-02-16,2,"quantile",0.1,265986.8
"2418","DE","05-14",2025-02-06,2025-02-16,2,"quantile",0.25,290976
"2419","DE","05-14",2025-02-06,2025-02-16,2,"quantile",0.5,320886
"2420","DE","05-14",2025-02-06,2025-02-16,2,"quantile",0.75,353487
"2421","DE","05-14",2025-02-06,2025-02-16,2,"quantile",0.9,385804.7
"2422","DE","05-14",2025-02-06,2025-02-16,2,"quantile",0.975,426245.025
"2423","DE","05-14",2025-02-06,2025-02-23,3,"quantile",0.025,210895.45
"2424","DE","05-14",2025-02-06,2025-02-23,3,"quantile",0.1,237812.2
"2425","DE","05-14",2025-02-06,2025-02-23,3,"quantile",0.25,262690
"2426","DE","05-14",2025-02-06,2025-02-23,3,"quantile",0.5,294065.5
"2427","DE","05-14",2025-02-06,2025-02-23,3,"quantile",0.75,327827.5
"2428","DE","05-14",2025-02-06,2025-02-23,3,"quantile",0.9,358988.4
"2429","DE","05-14",2025-02-06,2025-02-23,3,"quantile",0.975,403574.025
"2430","DE","05-14",2025-02-06,2025-03-02,4,"quantile",0.025,186712.325
"2431","DE","05-14",2025-02-06,2025-03-02,4,"quantile",0.1,210157.5
"2432","DE","05-14",2025-02-06,2025-03-02,4,"quantile",0.25,234176
"2433","DE","05-14",2025-02-06,2025-03-02,4,"quantile",0.5,262412
"2434","DE","05-14",2025-02-06,2025-03-02,4,"quantile",0.75,294974.75
"2435","DE","05-14",2025-02-06,2025-03-02,4,"quantile",0.9,327365.6
"2436","DE","05-14",2025-02-06,2025-03-02,4,"quantile",0.975,367231.55
"2437","DE","15-34",2025-02-06,2025-02-09,1,"quantile",0.025,451251.95
"2438","DE","15-34",2025-02-06,2025-02-09,1,"quantile",0.1,489935.7
"2439","DE","15-34",2025-02-06,2025-02-09,1,"quantile",0.25,524242.5
"2440","DE","15-34",2025-02-06,2025-02-09,1,"quantile",0.5,567778
"2441","DE","15-34",2025-02-06,2025-02-09,1,"quantile",0.75,611586
"2442","DE","15-34",2025-02-06,2025-02-09,1,"quantile",0.9,655338.7
"2443","DE","15-34",2025-02-06,2025-02-09,1,"quantile",0.975,709115.65
"2444","DE","15-34",2025-02-06,2025-02-16,2,"quantile",0.025,442124.9
"2445","DE","15-34",2025-02-06,2025-02-16,2,"quantile",0.1,488556.1
"2446","DE","15-34",2025-02-06,2025-02-16,2,"quantile",0.25,532747.75
"2447","DE","15-34",2025-02-06,2025-02-16,2,"quantile",0.5,582894.5
"2448","DE","15-34",2025-02-06,2025-02-16,2,"quantile",0.75,641630.5
"2449","DE","15-34",2025-02-06,2025-02-16,2,"quantile",0.9,698700.6
"2450","DE","15-34",2025-02-06,2025-02-16,2,"quantile",0.975,766539.1
"2451","DE","15-34",2025-02-06,2025-02-23,3,"quantile",0.025,421221.25
"2452","DE","15-34",2025-02-06,2025-02-23,3,"quantile",0.1,464528.1
"2453","DE","15-34",2025-02-06,2025-02-23,3,"quantile",0.25,512118
"2454","DE","15-34",2025-02-06,2025-02-23,3,"quantile",0.5,570972
"2455","DE","15-34",2025-02-06,2025-02-23,3,"quantile",0.75,637381
"2456","DE","15-34",2025-02-06,2025-02-23,3,"quantile",0.9,697028.2
"2457","DE","15-34",2025-02-06,2025-02-23,3,"quantile",0.975,779690.725
"2458","DE","15-34",2025-02-06,2025-03-02,4,"quantile",0.025,374256.9
"2459","DE","15-34",2025-02-06,2025-03-02,4,"quantile",0.1,419671.1
"2460","DE","15-34",2025-02-06,2025-03-02,4,"quantile",0.25,464116
"2461","DE","15-34",2025-02-06,2025-03-02,4,"quantile",0.5,518370
"2462","DE","15-34",2025-02-06,2025-03-02,4,"quantile",0.75,577839.75
"2463","DE","15-34",2025-02-06,2025-03-02,4,"quantile",0.9,640685.2
"2464","DE","15-34",2025-02-06,2025-03-02,4,"quantile",0.975,712951.75
"2465","DE","35-59",2025-02-06,2025-02-09,1,"quantile",0.025,603025.475
"2466","DE","35-59",2025-02-06,2025-02-09,1,"quantile",0.1,656131.7
"2467","DE","35-59",2025-02-06,2025-02-09,1,"quantile",0.25,708315.5
"2468","DE","35-59",2025-02-06,2025-02-09,1,"quantile",0.5,771067.5
"2469","DE","35-59",2025-02-06,2025-02-09,1,"quantile",0.75,837710.25
"2470","DE","35-59",2025-02-06,2025-02-09,1,"quantile",0.9,901458.8
"2471","DE","35-59",2025-02-06,2025-02-09,1,"quantile",0.975,977476.15
"2472","DE","35-59",2025-02-06,2025-02-16,2,"quantile",0.025,590861.95
"2473","DE","35-59",2025-02-06,2025-02-16,2,"quantile",0.1,655991.9
"2474","DE","35-59",2025-02-06,2025-02-16,2,"quantile",0.25,720581.25
"2475","DE","35-59",2025-02-06,2025-02-16,2,"quantile",0.5,802834
"2476","DE","35-59",2025-02-06,2025-02-16,2,"quantile",0.75,897445.25
"2477","DE","35-59",2025-02-06,2025-02-16,2,"quantile",0.9,985977.6
"2478","DE","35-59",2025-02-06,2025-02-16,2,"quantile",0.975,1102854.5
"2479","DE","35-59",2025-02-06,2025-02-23,3,"quantile",0.025,537686.275
"2480","DE","35-59",2025-02-06,2025-02-23,3,"quantile",0.1,614832
"2481","DE","35-59",2025-02-06,2025-02-23,3,"quantile",0.25,691194
"2482","DE","35-59",2025-02-06,2025-02-23,3,"quantile",0.5,783139
"2483","DE","35-59",2025-02-06,2025-02-23,3,"quantile",0.75,886121.25
"2484","DE","35-59",2025-02-06,2025-02-23,3,"quantile",0.9,993756.5
"2485","DE","35-59",2025-02-06,2025-02-23,3,"quantile",0.975,1128475.4
"2486","DE","35-59",2025-02-06,2025-03-02,4,"quantile",0.025,464801.125
"2487","DE","35-59",2025-02-06,2025-03-02,4,"quantile",0.1,535099.1
"2488","DE","35-59",2025-02-06,2025-03-02,4,"quantile",0.25,601335.5
"2489","DE","35-59",2025-02-06,2025-03-02,4,"quantile",0.5,690450
"2490","DE","35-59",2025-02-06,2025-03-02,4,"quantile",0.75,793513.5
"2491","DE","35-59",2025-02-06,2025-03-02,4,"quantile",0.9,891802.8
"2492","DE","35-59",2025-02-06,2025-03-02,4,"quantile",0.975,1025197.7
"2493","DE","60+",2025-02-06,2025-02-09,1,"quantile",0.025,178030.65
"2494","DE","60+",2025-02-06,2025-02-09,1,"quantile",0.1,192770.7
"2495","DE","60+",2025-02-06,2025-02-09,1,"quantile",0.25,207192
"2496","DE","60+",2025-02-06,2025-02-09,1,"quantile",0.5,224402
"2497","DE","60+",2025-02-06,2025-02-09,1,"quantile",0.75,242645.5
"2498","DE","60+",2025-02-06,2025-02-09,1,"quantile",0.9,261745.1
"2499","DE","60+",2025-02-06,2025-02-09,1,"quantile",0.975,284642.45
"2500","DE","60+",2025-02-06,2025-02-16,2,"quantile",0.025,177661.275
"2501","DE","60+",2025-02-06,2025-02-16,2,"quantile",0.1,197606.1
"2502","DE","60+",2025-02-06,2025-02-16,2,"quantile",0.25,216989.25
"2503","DE","60+",2025-02-06,2025-02-16,2,"quantile",0.5,241790
"2504","DE","60+",2025-02-06,2025-02-16,2,"quantile",0.75,269415
"2505","DE","60+",2025-02-06,2025-02-16,2,"quantile",0.9,295815.2
"2506","DE","60+",2025-02-06,2025-02-16,2,"quantile",0.975,329264.875
"2507","DE","60+",2025-02-06,2025-02-23,3,"quantile",0.025,174524.05
"2508","DE","60+",2025-02-06,2025-02-23,3,"quantile",0.1,197277.6
"2509","DE","60+",2025-02-06,2025-02-23,3,"quantile",0.25,219214.25
"2510","DE","60+",2025-02-06,2025-02-23,3,"quantile",0.5,250149.5
"2511","DE","60+",2025-02-06,2025-02-23,3,"quantile",0.75,284402.25
"2512","DE","60+",2025-02-06,2025-02-23,3,"quantile",0.9,317407.7
"2513","DE","60+",2025-02-06,2025-02-23,3,"quantile",0.975,359968.025
"2514","DE","60+",2025-02-06,2025-03-02,4,"quantile",0.025,152390.25
"2515","DE","60+",2025-02-06,2025-03-02,4,"quantile",0.1,172823.4
"2516","DE","60+",2025-02-06,2025-03-02,4,"quantile",0.25,195309.25
"2517","DE","60+",2025-02-06,2025-03-02,4,"quantile",0.5,222656.5
"2518","DE","60+",2025-02-06,2025-03-02,4,"quantile",0.75,255393.75
"2519","DE","60+",2025-02-06,2025-03-02,4,"quantile",0.9,287286.6
"2520","DE","60+",2025-02-06,2025-03-02,4,"quantile",0.975,327595.8
"2521","DE","00+",2025-02-13,2025-02-16,1,"quantile",0.025,1751319.375
"2522","DE","00+",2025-02-13,2025-02-16,1,"quantile",0.1,1873580.5
"2523","DE","00+",2025-02-13,2025-02-16,1,"quantile",0.25,1990997.75
"2524","DE","00+",2025-02-13,2025-02-16,1,"quantile",0.5,2132528
"2525","DE","00+",2025-02-13,2025-02-16,1,"quantile",0.75,2281274.5
"2526","DE","00+",2025-02-13,2025-02-16,1,"quantile",0.9,2428415.4
"2527","DE","00+",2025-02-13,2025-02-16,1,"quantile",0.975,2601764.7
"2528","DE","00+",2025-02-13,2025-02-23,2,"quantile",0.025,1608232.65
"2529","DE","00+",2025-02-13,2025-02-23,2,"quantile",0.1,1753705
"2530","DE","00+",2025-02-13,2025-02-23,2,"quantile",0.25,1899443.5
"2531","DE","00+",2025-02-13,2025-02-23,2,"quantile",0.5,2069067.5
"2532","DE","00+",2025-02-13,2025-02-23,2,"quantile",0.75,2258286.5
"2533","DE","00+",2025-02-13,2025-02-23,2,"quantile",0.9,2443554.5
"2534","DE","00+",2025-02-13,2025-02-23,2,"quantile",0.975,2661035.025
"2535","DE","00+",2025-02-13,2025-03-02,3,"quantile",0.025,1406673.65
"2536","DE","00+",2025-02-13,2025-03-02,3,"quantile",0.1,1552378.5
"2537","DE","00+",2025-02-13,2025-03-02,3,"quantile",0.25,1699757.75
"2538","DE","00+",2025-02-13,2025-03-02,3,"quantile",0.5,1875608
"2539","DE","00+",2025-02-13,2025-03-02,3,"quantile",0.75,2080888.25
"2540","DE","00+",2025-02-13,2025-03-02,3,"quantile",0.9,2280567.2
"2541","DE","00+",2025-02-13,2025-03-02,3,"quantile",0.975,2522712.975
"2542","DE","00+",2025-02-13,2025-03-09,4,"quantile",0.025,1238700.85
"2543","DE","00+",2025-02-13,2025-03-09,4,"quantile",0.1,1377227.4
"2544","DE","00+",2025-02-13,2025-03-09,4,"quantile",0.25,1520248.25
"2545","DE","00+",2025-02-13,2025-03-09,4,"quantile",0.5,1697478.5
"2546","DE","00+",2025-02-13,2025-03-09,4,"quantile",0.75,1888551
"2547","DE","00+",2025-02-13,2025-03-09,4,"quantile",0.9,2084975
"2548","DE","00+",2025-02-13,2025-03-09,4,"quantile",0.975,2327072.325
"2549","DE","00-04",2025-02-13,2025-02-16,1,"quantile",0.025,245667.8
"2550","DE","00-04",2025-02-13,2025-02-16,1,"quantile",0.1,259178.6
"2551","DE","00-04",2025-02-13,2025-02-16,1,"quantile",0.25,270844
"2552","DE","00-04",2025-02-13,2025-02-16,1,"quantile",0.5,284540
"2553","DE","00-04",2025-02-13,2025-02-16,1,"quantile",0.75,298804
"2554","DE","00-04",2025-02-13,2025-02-16,1,"quantile",0.9,313224
"2555","DE","00-04",2025-02-13,2025-02-16,1,"quantile",0.975,329173.5
"2556","DE","00-04",2025-02-13,2025-02-23,2,"quantile",0.025,218577.025
"2557","DE","00-04",2025-02-13,2025-02-23,2,"quantile",0.1,232650.7
"2558","DE","00-04",2025-02-13,2025-02-23,2,"quantile",0.25,245449.5
"2559","DE","00-04",2025-02-13,2025-02-23,2,"quantile",0.5,261193
"2560","DE","00-04",2025-02-13,2025-02-23,2,"quantile",0.75,277372.25
"2561","DE","00-04",2025-02-13,2025-02-23,2,"quantile",0.9,293979.9
"2562","DE","00-04",2025-02-13,2025-02-23,2,"quantile",0.975,311846.2
"2563","DE","00-04",2025-02-13,2025-03-02,3,"quantile",0.025,193236.9
"2564","DE","00-04",2025-02-13,2025-03-02,3,"quantile",0.1,207860.6
"2565","DE","00-04",2025-02-13,2025-03-02,3,"quantile",0.25,221539.5
"2566","DE","00-04",2025-02-13,2025-03-02,3,"quantile",0.5,237865.5
"2567","DE","00-04",2025-02-13,2025-03-02,3,"quantile",0.75,255225.75
"2568","DE","00-04",2025-02-13,2025-03-02,3,"quantile",0.9,271406
"2569","DE","00-04",2025-02-13,2025-03-02,3,"quantile",0.975,290886.525
"2570","DE","00-04",2025-02-13,2025-03-09,4,"quantile",0.025,180302.725
"2571","DE","00-04",2025-02-13,2025-03-09,4,"quantile",0.1,194238.1
"2572","DE","00-04",2025-02-13,2025-03-09,4,"quantile",0.25,207157.75
"2573","DE","00-04",2025-02-13,2025-03-09,4,"quantile",0.5,223189
"2574","DE","00-04",2025-02-13,2025-03-09,4,"quantile",0.75,240790.5
"2575","DE","00-04",2025-02-13,2025-03-09,4,"quantile",0.9,257091
"2576","DE","00-04",2025-02-13,2025-03-09,4,"quantile",0.975,278106.15
"2577","DE","05-14",2025-02-13,2025-02-16,1,"quantile",0.025,247093.125
"2578","DE","05-14",2025-02-13,2025-02-16,1,"quantile",0.1,264991.9
"2579","DE","05-14",2025-02-13,2025-02-16,1,"quantile",0.25,284034.5
"2580","DE","05-14",2025-02-13,2025-02-16,1,"quantile",0.5,307170.5
"2581","DE","05-14",2025-02-13,2025-02-16,1,"quantile",0.75,332052.75
"2582","DE","05-14",2025-02-13,2025-02-16,1,"quantile",0.9,357142.1
"2583","DE","05-14",2025-02-13,2025-02-16,1,"quantile",0.975,384998.925
"2584","DE","05-14",2025-02-13,2025-02-23,2,"quantile",0.025,212303.175
"2585","DE","05-14",2025-02-13,2025-02-23,2,"quantile",0.1,234793
"2586","DE","05-14",2025-02-13,2025-02-23,2,"quantile",0.25,256524.25
"2587","DE","05-14",2025-02-13,2025-02-23,2,"quantile",0.5,283052.5
"2588","DE","05-14",2025-02-13,2025-02-23,2,"quantile",0.75,312411.75
"2589","DE","05-14",2025-02-13,2025-02-23,2,"quantile",0.9,341137.6
"2590","DE","05-14",2025-02-13,2025-02-23,2,"quantile",0.975,375827.825
"2591","DE","05-14",2025-02-13,2025-03-02,3,"quantile",0.025,184956.6
"2592","DE","05-14",2025-02-13,2025-03-02,3,"quantile",0.1,207063.9
"2593","DE","05-14",2025-02-13,2025-03-02,3,"quantile",0.25,228535.25
"2594","DE","05-14",2025-02-13,2025-03-02,3,"quantile",0.5,254999
"2595","DE","05-14",2025-02-13,2025-03-02,3,"quantile",0.75,286042
"2596","DE","05-14",2025-02-13,2025-03-02,3,"quantile",0.9,315131.8
"2597","DE","05-14",2025-02-13,2025-03-02,3,"quantile",0.975,350802.3
"2598","DE","05-14",2025-02-13,2025-03-09,4,"quantile",0.025,165188.25
"2599","DE","05-14",2025-02-13,2025-03-09,4,"quantile",0.1,185585.7
"2600","DE","05-14",2025-02-13,2025-03-09,4,"quantile",0.25,206579
"2601","DE","05-14",2025-02-13,2025-03-09,4,"quantile",0.5,231500
"2602","DE","05-14",2025-02-13,2025-03-09,4,"quantile",0.75,261082
"2603","DE","05-14",2025-02-13,2025-03-09,4,"quantile",0.9,290676.5
"2604","DE","05-14",2025-02-13,2025-03-09,4,"quantile",0.975,327181.425
"2605","DE","15-34",2025-02-13,2025-02-16,1,"quantile",0.025,458003.825
"2606","DE","15-34",2025-02-13,2025-02-16,1,"quantile",0.1,494059.2
"2607","DE","15-34",2025-02-13,2025-02-16,1,"quantile",0.25,531011.25
"2608","DE","15-34",2025-02-13,2025-02-16,1,"quantile",0.5,572806.5
"2609","DE","15-34",2025-02-13,2025-02-16,1,"quantile",0.75,620460.5
"2610","DE","15-34",2025-02-13,2025-02-16,1,"quantile",0.9,668115.8
"2611","DE","15-34",2025-02-13,2025-02-16,1,"quantile",0.975,726512.575
"2612","DE","15-34",2025-02-13,2025-02-23,2,"quantile",0.025,424439.725
"2613","DE","15-34",2025-02-13,2025-02-23,2,"quantile",0.1,466075.2
"2614","DE","15-34",2025-02-13,2025-02-23,2,"quantile",0.25,507250.75
"2615","DE","15-34",2025-02-13,2025-02-23,2,"quantile",0.5,559061
"2616","DE","15-34",2025-02-13,2025-02-23,2,"quantile",0.75,616989
"2617","DE","15-34",2025-02-13,2025-02-23,2,"quantile",0.9,673300.5
"2618","DE","15-34",2025-02-13,2025-02-23,2,"quantile",0.975,739100.325
"2619","DE","15-34",2025-02-13,2025-03-02,3,"quantile",0.025,375162.125
"2620","DE","15-34",2025-02-13,2025-03-02,3,"quantile",0.1,416024.4
"2621","DE","15-34",2025-02-13,2025-03-02,3,"quantile",0.25,457582.25
"2622","DE","15-34",2025-02-13,2025-03-02,3,"quantile",0.5,508150.5
"2623","DE","15-34",2025-02-13,2025-03-02,3,"quantile",0.75,568297.25
"2624","DE","15-34",2025-02-13,2025-03-02,3,"quantile",0.9,626365.7
"2625","DE","15-34",2025-02-13,2025-03-02,3,"quantile",0.975,700147.2
"2626","DE","15-34",2025-02-13,2025-03-09,4,"quantile",0.025,327093.625
"2627","DE","15-34",2025-02-13,2025-03-09,4,"quantile",0.1,366542.3
"2628","DE","15-34",2025-02-13,2025-03-09,4,"quantile",0.25,406386
"2629","DE","15-34",2025-02-13,2025-03-09,4,"quantile",0.5,455629
"2630","DE","15-34",2025-02-13,2025-03-09,4,"quantile",0.75,510910
"2631","DE","15-34",2025-02-13,2025-03-09,4,"quantile",0.9,565897.8
"2632","DE","15-34",2025-02-13,2025-03-09,4,"quantile",0.975,638518.375
"2633","DE","35-59",2025-02-13,2025-02-16,1,"quantile",0.025,604928.45
"2634","DE","35-59",2025-02-13,2025-02-16,1,"quantile",0.1,659546.7
"2635","DE","35-59",2025-02-13,2025-02-16,1,"quantile",0.25,712998.5
"2636","DE","35-59",2025-02-13,2025-02-16,1,"quantile",0.5,774668.5
"2637","DE","35-59",2025-02-13,2025-02-16,1,"quantile",0.75,839211.25
"2638","DE","35-59",2025-02-13,2025-02-16,1,"quantile",0.9,903570
"2639","DE","35-59",2025-02-13,2025-02-16,1,"quantile",0.975,982214.55
"2640","DE","35-59",2025-02-13,2025-02-23,2,"quantile",0.025,557103.175
"2641","DE","35-59",2025-02-13,2025-02-23,2,"quantile",0.1,617645.8
"2642","DE","35-59",2025-02-13,2025-02-23,2,"quantile",0.25,682140.75
"2643","DE","35-59",2025-02-13,2025-02-23,2,"quantile",0.5,755969.5
"2644","DE","35-59",2025-02-13,2025-02-23,2,"quantile",0.75,842379.5
"2645","DE","35-59",2025-02-13,2025-02-23,2,"quantile",0.9,927876.2
"2646","DE","35-59",2025-02-13,2025-02-23,2,"quantile",0.975,1035433.525
"2647","DE","35-59",2025-02-13,2025-03-02,3,"quantile",0.025,467984.15
"2648","DE","35-59",2025-02-13,2025-03-02,3,"quantile",0.1,530788.7
"2649","DE","35-59",2025-02-13,2025-03-02,3,"quantile",0.25,594761.5
"2650","DE","35-59",2025-02-13,2025-03-02,3,"quantile",0.5,674465
"2651","DE","35-59",2025-02-13,2025-03-02,3,"quantile",0.75,764073.75
"2652","DE","35-59",2025-02-13,2025-03-02,3,"quantile",0.9,853984.6
"2653","DE","35-59",2025-02-13,2025-03-02,3,"quantile",0.975,971153.3
"2654","DE","35-59",2025-02-13,2025-03-09,4,"quantile",0.025,401054.15
"2655","DE","35-59",2025-02-13,2025-03-09,4,"quantile",0.1,459065.4
"2656","DE","35-59",2025-02-13,2025-03-09,4,"quantile",0.25,521403.25
"2657","DE","35-59",2025-02-13,2025-03-09,4,"quantile",0.5,596540.5
"2658","DE","35-59",2025-02-13,2025-03-09,4,"quantile",0.75,682224.25
"2659","DE","35-59",2025-02-13,2025-03-09,4,"quantile",0.9,768178.2
"2660","DE","35-59",2025-02-13,2025-03-09,4,"quantile",0.975,879704.475
"2661","DE","60+",2025-02-13,2025-02-16,1,"quantile",0.025,171312.7
"2662","DE","60+",2025-02-13,2025-02-16,1,"quantile",0.1,186120.6
"2663","DE","60+",2025-02-13,2025-02-16,1,"quantile",0.25,200455.25
"2664","DE","60+",2025-02-13,2025-02-16,1,"quantile",0.5,217798
"2665","DE","60+",2025-02-13,2025-02-16,1,"quantile",0.75,236155.5
"2666","DE","60+",2025-02-13,2025-02-16,1,"quantile",0.9,253393
"2667","DE","60+",2025-02-13,2025-02-16,1,"quantile",0.975,276359.25
"2668","DE","60+",2025-02-13,2025-02-23,2,"quantile",0.025,167190.6
"2669","DE","60+",2025-02-13,2025-02-23,2,"quantile",0.1,185449.4
"2670","DE","60+",2025-02-13,2025-02-23,2,"quantile",0.25,203630.75
"2671","DE","60+",2025-02-13,2025-02-23,2,"quantile",0.5,226476.5
"2672","DE","60+",2025-02-13,2025-02-23,2,"quantile",0.75,251931
"2673","DE","60+",2025-02-13,2025-02-23,2,"quantile",0.9,277314.1
"2674","DE","60+",2025-02-13,2025-02-23,2,"quantile",0.975,307067.925
"2675","DE","60+",2025-02-13,2025-03-02,3,"quantile",0.025,145004.6
"2676","DE","60+",2025-02-13,2025-03-02,3,"quantile",0.1,164203.9
"2677","DE","60+",2025-02-13,2025-03-02,3,"quantile",0.25,183672.5
"2678","DE","60+",2025-02-13,2025-03-02,3,"quantile",0.5,208797.5
"2679","DE","60+",2025-02-13,2025-03-02,3,"quantile",0.75,235595.75
"2680","DE","60+",2025-02-13,2025-03-02,3,"quantile",0.9,263424.1
"2681","DE","60+",2025-02-13,2025-03-02,3,"quantile",0.975,296229.325
"2682","DE","60+",2025-02-13,2025-03-09,4,"quantile",0.025,128652
"2683","DE","60+",2025-02-13,2025-03-09,4,"quantile",0.1,149165.5
"2684","DE","60+",2025-02-13,2025-03-09,4,"quantile",0.25,169024.75
"2685","DE","60+",2025-02-13,2025-03-09,4,"quantile",0.5,193141.5
"2686","DE","60+",2025-02-13,2025-03-09,4,"quantile",0.75,219536.25
"2687","DE","60+",2025-02-13,2025-03-09,4,"quantile",0.9,247567.1
"2688","DE","60+",2025-02-13,2025-03-09,4,"quantile",0.975,283965.175
"2689","DE","00+",2025-02-20,2025-02-23,1,"quantile",0.025,1774163.8
"2690","DE","00+",2025-02-20,2025-02-23,1,"quantile",0.1,1893995
"2691","DE","00+",2025-02-20,2025-02-23,1,"quantile",0.25,2015611.75
"2692","DE","00+",2025-02-20,2025-02-23,1,"quantile",0.5,2160108.5
"2693","DE","00+",2025-02-20,2025-02-23,1,"quantile",0.75,2310629.5
"2694","DE","00+",2025-02-20,2025-02-23,1,"quantile",0.9,2447581.3
"2695","DE","00+",2025-02-20,2025-02-23,1,"quantile",0.975,2613532.375
"2696","DE","00+",2025-02-20,2025-03-02,2,"quantile",0.025,1516348.875
"2697","DE","00+",2025-02-20,2025-03-02,2,"quantile",0.1,1654748.3
"2698","DE","00+",2025-02-20,2025-03-02,2,"quantile",0.25,1785905.75
"2699","DE","00+",2025-02-20,2025-03-02,2,"quantile",0.5,1947357
"2700","DE","00+",2025-02-20,2025-03-02,2,"quantile",0.75,2122767
"2701","DE","00+",2025-02-20,2025-03-02,2,"quantile",0.9,2297266.2
"2702","DE","00+",2025-02-20,2025-03-02,2,"quantile",0.975,2531427.575
"2703","DE","00+",2025-02-20,2025-03-09,3,"quantile",0.025,1296249.175
"2704","DE","00+",2025-02-20,2025-03-09,3,"quantile",0.1,1441539.8
"2705","DE","00+",2025-02-20,2025-03-09,3,"quantile",0.25,1574115.75
"2706","DE","00+",2025-02-20,2025-03-09,3,"quantile",0.5,1740377
"2707","DE","00+",2025-02-20,2025-03-09,3,"quantile",0.75,1922125.5
"2708","DE","00+",2025-02-20,2025-03-09,3,"quantile",0.9,2103575.6
"2709","DE","00+",2025-02-20,2025-03-09,3,"quantile",0.975,2345350.125
"2710","DE","00+",2025-02-20,2025-03-16,4,"quantile",0.025,1163612.875
"2711","DE","00+",2025-02-20,2025-03-16,4,"quantile",0.1,1299945.4
"2712","DE","00+",2025-02-20,2025-03-16,4,"quantile",0.25,1425323.25
"2713","DE","00+",2025-02-20,2025-03-16,4,"quantile",0.5,1591844.5
"2714","DE","00+",2025-02-20,2025-03-16,4,"quantile",0.75,1772608
"2715","DE","00+",2025-02-20,2025-03-16,4,"quantile",0.9,1958472.2
"2716","DE","00+",2025-02-20,2025-03-16,4,"quantile",0.975,2172434.45
"2717","DE","00-04",2025-02-20,2025-02-23,1,"quantile",0.025,233725.4
"2718","DE","00-04",2025-02-20,2025-02-23,1,"quantile",0.1,246138.1
"2719","DE","00-04",2025-02-20,2025-02-23,1,"quantile",0.25,257083.5
"2720","DE","00-04",2025-02-20,2025-02-23,1,"quantile",0.5,270119
"2721","DE","00-04",2025-02-20,2025-02-23,1,"quantile",0.75,283401
"2722","DE","00-04",2025-02-20,2025-02-23,1,"quantile",0.9,296764
"2723","DE","00-04",2025-02-20,2025-02-23,1,"quantile",0.975,312385.45
"2724","DE","00-04",2025-02-20,2025-03-02,2,"quantile",0.025,205406.3
"2725","DE","00-04",2025-02-20,2025-03-02,2,"quantile",0.1,218073.3
"2726","DE","00-04",2025-02-20,2025-03-02,2,"quantile",0.25,230721
"2727","DE","00-04",2025-02-20,2025-03-02,2,"quantile",0.5,244990.5
"2728","DE","00-04",2025-02-20,2025-03-02,2,"quantile",0.75,259532.5
"2729","DE","00-04",2025-02-20,2025-03-02,2,"quantile",0.9,274019
"2730","DE","00-04",2025-02-20,2025-03-02,2,"quantile",0.975,291357.55
"2731","DE","00-04",2025-02-20,2025-03-09,3,"quantile",0.025,186481.3
"2732","DE","00-04",2025-02-20,2025-03-09,3,"quantile",0.1,199576.2
"2733","DE","00-04",2025-02-20,2025-03-09,3,"quantile",0.25,213018.5
"2734","DE","00-04",2025-02-20,2025-03-09,3,"quantile",0.5,228350
"2735","DE","00-04",2025-02-20,2025-03-09,3,"quantile",0.75,244716
"2736","DE","00-04",2025-02-20,2025-03-09,3,"quantile",0.9,260913.5
"2737","DE","00-04",2025-02-20,2025-03-09,3,"quantile",0.975,279098.1
"2738","DE","00-04",2025-02-20,2025-03-16,4,"quantile",0.025,170551.35
"2739","DE","00-04",2025-02-20,2025-03-16,4,"quantile",0.1,184075.4
"2740","DE","00-04",2025-02-20,2025-03-16,4,"quantile",0.25,197098.5
"2741","DE","00-04",2025-02-20,2025-03-16,4,"quantile",0.5,212292
"2742","DE","00-04",2025-02-20,2025-03-16,4,"quantile",0.75,227850.5
"2743","DE","00-04",2025-02-20,2025-03-16,4,"quantile",0.9,243518.3
"2744","DE","00-04",2025-02-20,2025-03-16,4,"quantile",0.975,261533.4
"2745","DE","05-14",2025-02-20,2025-02-23,1,"quantile",0.025,244365.9
"2746","DE","05-14",2025-02-20,2025-02-23,1,"quantile",0.1,263975.7
"2747","DE","05-14",2025-02-20,2025-02-23,1,"quantile",0.25,282756
"2748","DE","05-14",2025-02-20,2025-02-23,1,"quantile",0.5,304357
"2749","DE","05-14",2025-02-20,2025-02-23,1,"quantile",0.75,329753
"2750","DE","05-14",2025-02-20,2025-02-23,1,"quantile",0.9,354021.7
"2751","DE","05-14",2025-02-20,2025-02-23,1,"quantile",0.975,380373.5
"2752","DE","05-14",2025-02-20,2025-03-02,2,"quantile",0.025,206342.475
"2753","DE","05-14",2025-02-20,2025-03-02,2,"quantile",0.1,227388.4
"2754","DE","05-14",2025-02-20,2025-03-02,2,"quantile",0.25,247737
"2755","DE","05-14",2025-02-20,2025-03-02,2,"quantile",0.5,272819
"2756","DE","05-14",2025-02-20,2025-03-02,2,"quantile",0.75,301043.75
"2757","DE","05-14",2025-02-20,2025-03-02,2,"quantile",0.9,329441.2
"2758","DE","05-14",2025-02-20,2025-03-02,2,"quantile",0.975,361822.575
"2759","DE","05-14",2025-02-20,2025-03-09,3,"quantile",0.025,175525.15
"2760","DE","05-14",2025-02-20,2025-03-09,3,"quantile",0.1,197108.2
"2761","DE","05-14",2025-02-20,2025-03-09,3,"quantile",0.25,218406.25
"2762","DE","05-14",2025-02-20,2025-03-09,3,"quantile",0.5,242689
"2763","DE","05-14",2025-02-20,2025-03-09,3,"quantile",0.75,271209.5
"2764","DE","05-14",2025-02-20,2025-03-09,3,"quantile",0.9,299678.2
"2765","DE","05-14",2025-02-20,2025-03-09,3,"quantile",0.975,337117.525
"2766","DE","05-14",2025-02-20,2025-03-16,4,"quantile",0.025,155663.925
"2767","DE","05-14",2025-02-20,2025-03-16,4,"quantile",0.1,175196.4
"2768","DE","05-14",2025-02-20,2025-03-16,4,"quantile",0.25,194510
"2769","DE","05-14",2025-02-20,2025-03-16,4,"quantile",0.5,218469
"2770","DE","05-14",2025-02-20,2025-03-16,4,"quantile",0.75,244888.75
"2771","DE","05-14",2025-02-20,2025-03-16,4,"quantile",0.9,272495.3
"2772","DE","05-14",2025-02-20,2025-03-16,4,"quantile",0.975,308322.45
"2773","DE","15-34",2025-02-20,2025-02-23,1,"quantile",0.025,474843.6
"2774","DE","15-34",2025-02-20,2025-02-23,1,"quantile",0.1,516317.2
"2775","DE","15-34",2025-02-20,2025-02-23,1,"quantile",0.25,551888.5
"2776","DE","15-34",2025-02-20,2025-02-23,1,"quantile",0.5,598686
"2777","DE","15-34",2025-02-20,2025-02-23,1,"quantile",0.75,646993
"2778","DE","15-34",2025-02-20,2025-02-23,1,"quantile",0.9,693422.1
"2779","DE","15-34",2025-02-20,2025-02-23,1,"quantile",0.975,751101.45
"2780","DE","15-34",2025-02-20,2025-03-02,2,"quantile",0.025,410267.15
"2781","DE","15-34",2025-02-20,2025-03-02,2,"quantile",0.1,452626.9
"2782","DE","15-34",2025-02-20,2025-03-02,2,"quantile",0.25,491856.25
"2783","DE","15-34",2025-02-20,2025-03-02,2,"quantile",0.5,541361.5
"2784","DE","15-34",2025-02-20,2025-03-02,2,"quantile",0.75,595266.5
"2785","DE","15-34",2025-02-20,2025-03-02,2,"quantile",0.9,650077
"2786","DE","15-34",2025-02-20,2025-03-02,2,"quantile",0.975,711657.525
"2787","DE","15-34",2025-02-20,2025-03-09,3,"quantile",0.025,347891.525
"2788","DE","15-34",2025-02-20,2025-03-09,3,"quantile",0.1,387600.3
"2789","DE","15-34",2025-02-20,2025-03-09,3,"quantile",0.25,427440.25
"2790","DE","15-34",2025-02-20,2025-03-09,3,"quantile",0.5,475263.5
"2791","DE","15-34",2025-02-20,2025-03-09,3,"quantile",0.75,527150
"2792","DE","15-34",2025-02-20,2025-03-09,3,"quantile",0.9,579816.5
"2793","DE","15-34",2025-02-20,2025-03-09,3,"quantile",0.975,646267.6
"2794","DE","15-34",2025-02-20,2025-03-16,4,"quantile",0.025,313992.15
"2795","DE","15-34",2025-02-20,2025-03-16,4,"quantile",0.1,350951.4
"2796","DE","15-34",2025-02-20,2025-03-16,4,"quantile",0.25,388340.75
"2797","DE","15-34",2025-02-20,2025-03-16,4,"quantile",0.5,434285
"2798","DE","15-34",2025-02-20,2025-03-16,4,"quantile",0.75,486110
"2799","DE","15-34",2025-02-20,2025-03-16,4,"quantile",0.9,536808.4
"2800","DE","15-34",2025-02-20,2025-03-16,4,"quantile",0.975,599740.325
"2801","DE","35-59",2025-02-20,2025-02-23,1,"quantile",0.025,609912.175
"2802","DE","35-59",2025-02-20,2025-02-23,1,"quantile",0.1,660154.4
"2803","DE","35-59",2025-02-20,2025-02-23,1,"quantile",0.25,709354
"2804","DE","35-59",2025-02-20,2025-02-23,1,"quantile",0.5,772360.5
"2805","DE","35-59",2025-02-20,2025-02-23,1,"quantile",0.75,837982.25
"2806","DE","35-59",2025-02-20,2025-02-23,1,"quantile",0.9,899039.8
"2807","DE","35-59",2025-02-20,2025-02-23,1,"quantile",0.975,980796.875
"2808","DE","35-59",2025-02-20,2025-03-02,2,"quantile",0.025,502374.95
"2809","DE","35-59",2025-02-20,2025-03-02,2,"quantile",0.1,562228.2
"2810","DE","35-59",2025-02-20,2025-03-02,2,"quantile",0.25,615893.75
"2811","DE","35-59",2025-02-20,2025-03-02,2,"quantile",0.5,685484.5
"2812","DE","35-59",2025-02-20,2025-03-02,2,"quantile",0.75,762595
"2813","DE","35-59",2025-02-20,2025-03-02,2,"quantile",0.9,839264.2
"2814","DE","35-59",2025-02-20,2025-03-02,2,"quantile",0.975,933123.475
"2815","DE","35-59",2025-02-20,2025-03-09,3,"quantile",0.025,422924.95
"2816","DE","35-59",2025-02-20,2025-03-09,3,"quantile",0.1,479166.2
"2817","DE","35-59",2025-02-20,2025-03-09,3,"quantile",0.25,533326.75
"2818","DE","35-59",2025-02-20,2025-03-09,3,"quantile",0.5,606966.5
"2819","DE","35-59",2025-02-20,2025-03-09,3,"quantile",0.75,686385.25
"2820","DE","35-59",2025-02-20,2025-03-09,3,"quantile",0.9,767917
"2821","DE","35-59",2025-02-20,2025-03-09,3,"quantile",0.975,870454.65
"2822","DE","35-59",2025-02-20,2025-03-16,4,"quantile",0.025,369195.975
"2823","DE","35-59",2025-02-20,2025-03-16,4,"quantile",0.1,422406.7
"2824","DE","35-59",2025-02-20,2025-03-16,4,"quantile",0.25,477114
"2825","DE","35-59",2025-02-20,2025-03-16,4,"quantile",0.5,544962.5
"2826","DE","35-59",2025-02-20,2025-03-16,4,"quantile",0.75,626114.25
"2827","DE","35-59",2025-02-20,2025-03-16,4,"quantile",0.9,705906.1
"2828","DE","35-59",2025-02-20,2025-03-16,4,"quantile",0.975,807612.475
"2829","DE","60+",2025-02-20,2025-02-23,1,"quantile",0.025,180291.85
"2830","DE","60+",2025-02-20,2025-02-23,1,"quantile",0.1,196072.2
"2831","DE","60+",2025-02-20,2025-02-23,1,"quantile",0.25,210864
"2832","DE","60+",2025-02-20,2025-02-23,1,"quantile",0.5,228687
"2833","DE","60+",2025-02-20,2025-02-23,1,"quantile",0.75,247746.25
"2834","DE","60+",2025-02-20,2025-02-23,1,"quantile",0.9,266064.5
"2835","DE","60+",2025-02-20,2025-02-23,1,"quantile",0.975,288681.575
"2836","DE","60+",2025-02-20,2025-03-02,2,"quantile",0.025,154017.125
"2837","DE","60+",2025-02-20,2025-03-02,2,"quantile",0.1,170553.4
"2838","DE","60+",2025-02-20,2025-03-02,2,"quantile",0.25,188184.25
"2839","DE","60+",2025-02-20,2025-03-02,2,"quantile",0.5,209741.5
"2840","DE","60+",2025-02-20,2025-03-02,2,"quantile",0.75,233199.75
"2841","DE","60+",2025-02-20,2025-03-02,2,"quantile",0.9,256142.2
"2842","DE","60+",2025-02-20,2025-03-02,2,"quantile",0.975,285961.775
"2843","DE","60+",2025-02-20,2025-03-09,3,"quantile",0.025,133060.475
"2844","DE","60+",2025-02-20,2025-03-09,3,"quantile",0.1,151837.4
"2845","DE","60+",2025-02-20,2025-03-09,3,"quantile",0.25,170505
"2846","DE","60+",2025-02-20,2025-03-09,3,"quantile",0.5,193178.5
"2847","DE","60+",2025-02-20,2025-03-09,3,"quantile",0.75,218761.75
"2848","DE","60+",2025-02-20,2025-03-09,3,"quantile",0.9,245078.7
"2849","DE","60+",2025-02-20,2025-03-09,3,"quantile",0.975,277402.9
"2850","DE","60+",2025-02-20,2025-03-16,4,"quantile",0.025,126589.35
"2851","DE","60+",2025-02-20,2025-03-16,4,"quantile",0.1,144914.8
"2852","DE","60+",2025-02-20,2025-03-16,4,"quantile",0.25,162905.25
"2853","DE","60+",2025-02-20,2025-03-16,4,"quantile",0.5,186093
"2854","DE","60+",2025-02-20,2025-03-16,4,"quantile",0.75,213139.5
"2855","DE","60+",2025-02-20,2025-03-16,4,"quantile",0.9,240648.4
"2856","DE","60+",2025-02-20,2025-03-16,4,"quantile",0.975,274460.15
"2857","DE","00+",2025-02-27,2025-03-02,1,"quantile",0.025,1594549.425
"2858","DE","00+",2025-02-27,2025-03-02,1,"quantile",0.1,1708264.2
"2859","DE","00+",2025-02-27,2025-03-02,1,"quantile",0.25,1809551.75
"2860","DE","00+",2025-02-27,2025-03-02,1,"quantile",0.5,1940348.5
"2861","DE","00+",2025-02-27,2025-03-02,1,"quantile",0.75,2075706.75
"2862","DE","00+",2025-02-27,2025-03-02,1,"quantile",0.9,2207438.2
"2863","DE","00+",2025-02-27,2025-03-02,1,"quantile",0.975,2365520.3
"2864","DE","00+",2025-02-27,2025-03-09,2,"quantile",0.025,1349891.7
"2865","DE","00+",2025-02-27,2025-03-09,2,"quantile",0.1,1473430.4
"2866","DE","00+",2025-02-27,2025-03-09,2,"quantile",0.25,1591275.75
"2867","DE","00+",2025-02-27,2025-03-09,2,"quantile",0.5,1733851
"2868","DE","00+",2025-02-27,2025-03-09,2,"quantile",0.75,1892528
"2869","DE","00+",2025-02-27,2025-03-09,2,"quantile",0.9,2043989.8
"2870","DE","00+",2025-02-27,2025-03-09,2,"quantile",0.975,2232954.9
"2871","DE","00+",2025-02-27,2025-03-16,3,"quantile",0.025,1190338.925
"2872","DE","00+",2025-02-27,2025-03-16,3,"quantile",0.1,1313811.8
"2873","DE","00+",2025-02-27,2025-03-16,3,"quantile",0.25,1439011.25
"2874","DE","00+",2025-02-27,2025-03-16,3,"quantile",0.5,1591032
"2875","DE","00+",2025-02-27,2025-03-16,3,"quantile",0.75,1758139.5
"2876","DE","00+",2025-02-27,2025-03-16,3,"quantile",0.9,1927561.8
"2877","DE","00+",2025-02-27,2025-03-16,3,"quantile",0.975,2122951.175
"2878","DE","00+",2025-02-27,2025-03-23,4,"quantile",0.025,1003654.925
"2879","DE","00+",2025-02-27,2025-03-23,4,"quantile",0.1,1119819.4
"2880","DE","00+",2025-02-27,2025-03-23,4,"quantile",0.25,1231521.75
"2881","DE","00+",2025-02-27,2025-03-23,4,"quantile",0.5,1372286.5
"2882","DE","00+",2025-02-27,2025-03-23,4,"quantile",0.75,1530827
"2883","DE","00+",2025-02-27,2025-03-23,4,"quantile",0.9,1688753.8
"2884","DE","00+",2025-02-27,2025-03-23,4,"quantile",0.975,1874131.025
"2885","DE","00-04",2025-02-27,2025-03-02,1,"quantile",0.025,223383.025
"2886","DE","00-04",2025-02-27,2025-03-02,1,"quantile",0.1,234020.9
"2887","DE","00-04",2025-02-27,2025-03-02,1,"quantile",0.25,244880.25
"2888","DE","00-04",2025-02-27,2025-03-02,1,"quantile",0.5,257173.5
"2889","DE","00-04",2025-02-27,2025-03-02,1,"quantile",0.75,269755.5
"2890","DE","00-04",2025-02-27,2025-03-02,1,"quantile",0.9,282252.2
"2891","DE","00-04",2025-02-27,2025-03-02,1,"quantile",0.975,296950.2
"2892","DE","00-04",2025-02-27,2025-03-09,2,"quantile",0.025,200707.225
"2893","DE","00-04",2025-02-27,2025-03-09,2,"quantile",0.1,213002.2
"2894","DE","00-04",2025-02-27,2025-03-09,2,"quantile",0.25,225489.25
"2895","DE","00-04",2025-02-27,2025-03-09,2,"quantile",0.5,239548
"2896","DE","00-04",2025-02-27,2025-03-09,2,"quantile",0.75,254658.75
"2897","DE","00-04",2025-02-27,2025-03-09,2,"quantile",0.9,268752.2
"2898","DE","00-04",2025-02-27,2025-03-09,2,"quantile",0.975,285130.5
"2899","DE","00-04",2025-02-27,2025-03-16,3,"quantile",0.025,178652.225
"2900","DE","00-04",2025-02-27,2025-03-16,3,"quantile",0.1,192469.3
"2901","DE","00-04",2025-02-27,2025-03-16,3,"quantile",0.25,204907
"2902","DE","00-04",2025-02-27,2025-03-16,3,"quantile",0.5,219897.5
"2903","DE","00-04",2025-02-27,2025-03-16,3,"quantile",0.75,236089.75
"2904","DE","00-04",2025-02-27,2025-03-16,3,"quantile",0.9,251047.8
"2905","DE","00-04",2025-02-27,2025-03-16,3,"quantile",0.975,268942.6
"2906","DE","00-04",2025-02-27,2025-03-23,4,"quantile",0.025,161480.2
"2907","DE","00-04",2025-02-27,2025-03-23,4,"quantile",0.1,172956.9
"2908","DE","00-04",2025-02-27,2025-03-23,4,"quantile",0.25,184791
"2909","DE","00-04",2025-02-27,2025-03-23,4,"quantile",0.5,199268
"2910","DE","00-04",2025-02-27,2025-03-23,4,"quantile",0.75,215040.5
"2911","DE","00-04",2025-02-27,2025-03-23,4,"quantile",0.9,230390
"2912","DE","00-04",2025-02-27,2025-03-23,4,"quantile",0.975,247306
"2913","DE","05-14",2025-02-27,2025-03-02,1,"quantile",0.025,224211.275
"2914","DE","05-14",2025-02-27,2025-03-02,1,"quantile",0.1,242148.5
"2915","DE","05-14",2025-02-27,2025-03-02,1,"quantile",0.25,259688.75
"2916","DE","05-14",2025-02-27,2025-03-02,1,"quantile",0.5,280420
"2917","DE","05-14",2025-02-27,2025-03-02,1,"quantile",0.75,302750.25
"2918","DE","05-14",2025-02-27,2025-03-02,1,"quantile",0.9,323886.1
"2919","DE","05-14",2025-02-27,2025-03-02,1,"quantile",0.975,349407.675
"2920","DE","05-14",2025-02-27,2025-03-09,2,"quantile",0.025,187479.225
"2921","DE","05-14",2025-02-27,2025-03-09,2,"quantile",0.1,206412
"2922","DE","05-14",2025-02-27,2025-03-09,2,"quantile",0.25,224586
"2923","DE","05-14",2025-02-27,2025-03-09,2,"quantile",0.5,247546
"2924","DE","05-14",2025-02-27,2025-03-09,2,"quantile",0.75,274136.5
"2925","DE","05-14",2025-02-27,2025-03-09,2,"quantile",0.9,299519.8
"2926","DE","05-14",2025-02-27,2025-03-09,2,"quantile",0.975,330482.875
"2927","DE","05-14",2025-02-27,2025-03-16,3,"quantile",0.025,160595.9
"2928","DE","05-14",2025-02-27,2025-03-16,3,"quantile",0.1,179536.4
"2929","DE","05-14",2025-02-27,2025-03-16,3,"quantile",0.25,197627
"2930","DE","05-14",2025-02-27,2025-03-16,3,"quantile",0.5,220710.5
"2931","DE","05-14",2025-02-27,2025-03-16,3,"quantile",0.75,246760.75
"2932","DE","05-14",2025-02-27,2025-03-16,3,"quantile",0.9,273598.1
"2933","DE","05-14",2025-02-27,2025-03-16,3,"quantile",0.975,303190.8
"2934","DE","05-14",2025-02-27,2025-03-23,4,"quantile",0.025,134597
"2935","DE","05-14",2025-02-27,2025-03-23,4,"quantile",0.1,150680.3
"2936","DE","05-14",2025-02-27,2025-03-23,4,"quantile",0.25,167403.75
"2937","DE","05-14",2025-02-27,2025-03-23,4,"quantile",0.5,187969.5
"2938","DE","05-14",2025-02-27,2025-03-23,4,"quantile",0.75,211279
"2939","DE","05-14",2025-02-27,2025-03-23,4,"quantile",0.9,232916.5
"2940","DE","05-14",2025-02-27,2025-03-23,4,"quantile",0.975,260372.2
"2941","DE","15-34",2025-02-27,2025-03-02,1,"quantile",0.025,439827.725
"2942","DE","15-34",2025-02-27,2025-03-02,1,"quantile",0.1,474298.1
"2943","DE","15-34",2025-02-27,2025-03-02,1,"quantile",0.25,508511.25
"2944","DE","15-34",2025-02-27,2025-03-02,1,"quantile",0.5,549425.5
"2945","DE","15-34",2025-02-27,2025-03-02,1,"quantile",0.75,593890.25
"2946","DE","15-34",2025-02-27,2025-03-02,1,"quantile",0.9,635862.3
"2947","DE","15-34",2025-02-27,2025-03-02,1,"quantile",0.975,692293.075
"2948","DE","15-34",2025-02-27,2025-03-09,2,"quantile",0.025,365561
"2949","DE","15-34",2025-02-27,2025-03-09,2,"quantile",0.1,402732.5
"2950","DE","15-34",2025-02-27,2025-03-09,2,"quantile",0.25,438791.75
"2951","DE","15-34",2025-02-27,2025-03-09,2,"quantile",0.5,482692.5
"2952","DE","15-34",2025-02-27,2025-03-09,2,"quantile",0.75,528467
"2953","DE","15-34",2025-02-27,2025-03-09,2,"quantile",0.9,576450.5
"2954","DE","15-34",2025-02-27,2025-03-09,2,"quantile",0.975,630246.15
"2955","DE","15-34",2025-02-27,2025-03-16,3,"quantile",0.025,322511.9
"2956","DE","15-34",2025-02-27,2025-03-16,3,"quantile",0.1,357388.2
"2957","DE","15-34",2025-02-27,2025-03-16,3,"quantile",0.25,393282.75
"2958","DE","15-34",2025-02-27,2025-03-16,3,"quantile",0.5,439628
"2959","DE","15-34",2025-02-27,2025-03-16,3,"quantile",0.75,487562
"2960","DE","15-34",2025-02-27,2025-03-16,3,"quantile",0.9,536313.5
"2961","DE","15-34",2025-02-27,2025-03-16,3,"quantile",0.975,593838.025
"2962","DE","15-34",2025-02-27,2025-03-23,4,"quantile",0.025,273205.475
"2963","DE","15-34",2025-02-27,2025-03-23,4,"quantile",0.1,303672.2
"2964","DE","15-34",2025-02-27,2025-03-23,4,"quantile",0.25,335031.75
"2965","DE","15-34",2025-02-27,2025-03-23,4,"quantile",0.5,374138
"2966","DE","15-34",2025-02-27,2025-03-23,4,"quantile",0.75,419333.25
"2967","DE","15-34",2025-02-27,2025-03-23,4,"quantile",0.9,466189.9
"2968","DE","15-34",2025-02-27,2025-03-23,4,"quantile",0.975,516121.15
"2969","DE","35-59",2025-02-27,2025-03-02,1,"quantile",0.025,515303.375
"2970","DE","35-59",2025-02-27,2025-03-02,1,"quantile",0.1,558843.3
"2971","DE","35-59",2025-02-27,2025-03-02,1,"quantile",0.25,603747
"2972","DE","35-59",2025-02-27,2025-03-02,1,"quantile",0.5,654998.5
"2973","DE","35-59",2025-02-27,2025-03-02,1,"quantile",0.75,710628.25
"2974","DE","35-59",2025-02-27,2025-03-02,1,"quantile",0.9,764693.1
"2975","DE","35-59",2025-02-27,2025-03-02,1,"quantile",0.975,835111.25
"2976","DE","35-59",2025-02-27,2025-03-09,2,"quantile",0.025,424174.9
"2977","DE","35-59",2025-02-27,2025-03-09,2,"quantile",0.1,470680.8
"2978","DE","35-59",2025-02-27,2025-03-09,2,"quantile",0.25,516608.75
"2979","DE","35-59",2025-02-27,2025-03-09,2,"quantile",0.5,575375
"2980","DE","35-59",2025-02-27,2025-03-09,2,"quantile",0.75,640336.5
"2981","DE","35-59",2025-02-27,2025-03-09,2,"quantile",0.9,709403.9
"2982","DE","35-59",2025-02-27,2025-03-09,2,"quantile",0.975,791697.975
"2983","DE","35-59",2025-02-27,2025-03-16,3,"quantile",0.025,361425.375
"2984","DE","35-59",2025-02-27,2025-03-16,3,"quantile",0.1,409890.2
"2985","DE","35-59",2025-02-27,2025-03-16,3,"quantile",0.25,459909.25
"2986","DE","35-59",2025-02-27,2025-03-16,3,"quantile",0.5,519820
"2987","DE","35-59",2025-02-27,2025-03-16,3,"quantile",0.75,590313
"2988","DE","35-59",2025-02-27,2025-03-16,3,"quantile",0.9,663255.8
"2989","DE","35-59",2025-02-27,2025-03-16,3,"quantile",0.975,756792.5
"2990","DE","35-59",2025-02-27,2025-03-23,4,"quantile",0.025,301039.625
"2991","DE","35-59",2025-02-27,2025-03-23,4,"quantile",0.1,344089.8
"2992","DE","35-59",2025-02-27,2025-03-23,4,"quantile",0.25,389145
"2993","DE","35-59",2025-02-27,2025-03-23,4,"quantile",0.5,444115
"2994","DE","35-59",2025-02-27,2025-03-23,4,"quantile",0.75,507552
"2995","DE","35-59",2025-02-27,2025-03-23,4,"quantile",0.9,574937.9
"2996","DE","35-59",2025-02-27,2025-03-23,4,"quantile",0.975,664721.8
"2997","DE","60+",2025-02-27,2025-03-02,1,"quantile",0.025,167270.25
"2998","DE","60+",2025-02-27,2025-03-02,1,"quantile",0.1,181154.3
"2999","DE","60+",2025-02-27,2025-03-02,1,"quantile",0.25,194901
"3000","DE","60+",2025-02-27,2025-03-02,1,"quantile",0.5,211491
"3001","DE","60+",2025-02-27,2025-03-02,1,"quantile",0.75,228773.25
"3002","DE","60+",2025-02-27,2025-03-02,1,"quantile",0.9,247034.5
"3003","DE","60+",2025-02-27,2025-03-02,1,"quantile",0.975,266906.575
"3004","DE","60+",2025-02-27,2025-03-09,2,"quantile",0.025,143946.175
"3005","DE","60+",2025-02-27,2025-03-09,2,"quantile",0.1,159171.2
"3006","DE","60+",2025-02-27,2025-03-09,2,"quantile",0.25,175066
"3007","DE","60+",2025-02-27,2025-03-09,2,"quantile",0.5,194655
"3008","DE","60+",2025-02-27,2025-03-09,2,"quantile",0.75,216719.25
"3009","DE","60+",2025-02-27,2025-03-09,2,"quantile",0.9,238921.4
"3010","DE","60+",2025-02-27,2025-03-09,2,"quantile",0.975,265638.325
"3011","DE","60+",2025-02-27,2025-03-16,3,"quantile",0.025,131331.35
"3012","DE","60+",2025-02-27,2025-03-16,3,"quantile",0.1,147222.9
"3013","DE","60+",2025-02-27,2025-03-16,3,"quantile",0.25,164702
"3014","DE","60+",2025-02-27,2025-03-16,3,"quantile",0.5,186856.5
"3015","DE","60+",2025-02-27,2025-03-16,3,"quantile",0.75,212792.75
"3016","DE","60+",2025-02-27,2025-03-16,3,"quantile",0.9,237601.2
"3017","DE","60+",2025-02-27,2025-03-16,3,"quantile",0.975,271597.275
"3018","DE","60+",2025-02-27,2025-03-23,4,"quantile",0.025,113259.275
"3019","DE","60+",2025-02-27,2025-03-23,4,"quantile",0.1,127832.3
"3020","DE","60+",2025-02-27,2025-03-23,4,"quantile",0.25,144673.5
"3021","DE","60+",2025-02-27,2025-03-23,4,"quantile",0.5,165241
"3022","DE","60+",2025-02-27,2025-03-23,4,"quantile",0.75,189506
"3023","DE","60+",2025-02-27,2025-03-23,4,"quantile",0.9,214491.4
"3024","DE","60+",2025-02-27,2025-03-23,4,"quantile",0.975,246589.5
"3025","DE","00+",2025-03-06,2025-03-09,1,"quantile",0.025,1435605.875
"3026","DE","00+",2025-03-06,2025-03-09,1,"quantile",0.1,1533719.7
"3027","DE","00+",2025-03-06,2025-03-09,1,"quantile",0.25,1635972.25
"3028","DE","00+",2025-03-06,2025-03-09,1,"quantile",0.5,1752831.5
"3029","DE","00+",2025-03-06,2025-03-09,1,"quantile",0.75,1876012.75
"3030","DE","00+",2025-03-06,2025-03-09,1,"quantile",0.9,1999713.8
"3031","DE","00+",2025-03-06,2025-03-09,1,"quantile",0.975,2137760.425
"3032","DE","00+",2025-03-06,2025-03-16,2,"quantile",0.025,1247063.7
"3033","DE","00+",2025-03-06,2025-03-16,2,"quantile",0.1,1358843
"3034","DE","00+",2025-03-06,2025-03-16,2,"quantile",0.25,1463512
"3035","DE","00+",2025-03-06,2025-03-16,2,"quantile",0.5,1601144
"3036","DE","00+",2025-03-06,2025-03-16,2,"quantile",0.75,1750605
"3037","DE","00+",2025-03-06,2025-03-16,2,"quantile",0.9,1903106.9
"3038","DE","00+",2025-03-06,2025-03-16,2,"quantile",0.975,2069265.875
"3039","DE","00+",2025-03-06,2025-03-23,3,"quantile",0.025,1035156.05
"3040","DE","00+",2025-03-06,2025-03-23,3,"quantile",0.1,1140350.2
"3041","DE","00+",2025-03-06,2025-03-23,3,"quantile",0.25,1248202.25
"3042","DE","00+",2025-03-06,2025-03-23,3,"quantile",0.5,1381075.5
"3043","DE","00+",2025-03-06,2025-03-23,3,"quantile",0.75,1534191.75
"3044","DE","00+",2025-03-06,2025-03-23,3,"quantile",0.9,1679813.1
"3045","DE","00+",2025-03-06,2025-03-23,3,"quantile",0.975,1841067.675
"3046","DE","00+",2025-03-06,2025-03-30,4,"quantile",0.025,853487.225
"3047","DE","00+",2025-03-06,2025-03-30,4,"quantile",0.1,951578.5
"3048","DE","00+",2025-03-06,2025-03-30,4,"quantile",0.25,1049173.25
"3049","DE","00+",2025-03-06,2025-03-30,4,"quantile",0.5,1166312
"3050","DE","00+",2025-03-06,2025-03-30,4,"quantile",0.75,1296138
"3051","DE","00+",2025-03-06,2025-03-30,4,"quantile",0.9,1423992.9
"3052","DE","00+",2025-03-06,2025-03-30,4,"quantile",0.975,1582925.625
"3053","DE","00-04",2025-03-06,2025-03-09,1,"quantile",0.025,209096.3
"3054","DE","00-04",2025-03-06,2025-03-09,1,"quantile",0.1,219599.3
"3055","DE","00-04",2025-03-06,2025-03-09,1,"quantile",0.25,229503
"3056","DE","00-04",2025-03-06,2025-03-09,1,"quantile",0.5,240806
"3057","DE","00-04",2025-03-06,2025-03-09,1,"quantile",0.75,253075
"3058","DE","00-04",2025-03-06,2025-03-09,1,"quantile",0.9,264910.8
"3059","DE","00-04",2025-03-06,2025-03-09,1,"quantile",0.975,278231.525
"3060","DE","00-04",2025-03-06,2025-03-16,2,"quantile",0.025,184462.8
"3061","DE","00-04",2025-03-06,2025-03-16,2,"quantile",0.1,196871.9
"3062","DE","00-04",2025-03-06,2025-03-16,2,"quantile",0.25,207799.75
"3063","DE","00-04",2025-03-06,2025-03-16,2,"quantile",0.5,221019.5
"3064","DE","00-04",2025-03-06,2025-03-16,2,"quantile",0.75,235238
"3065","DE","00-04",2025-03-06,2025-03-16,2,"quantile",0.9,248610.3
"3066","DE","00-04",2025-03-06,2025-03-16,2,"quantile",0.975,264705.35
"3067","DE","00-04",2025-03-06,2025-03-23,3,"quantile",0.025,163145.875
"3068","DE","00-04",2025-03-06,2025-03-23,3,"quantile",0.1,175195.3
"3069","DE","00-04",2025-03-06,2025-03-23,3,"quantile",0.25,186123.25
"3070","DE","00-04",2025-03-06,2025-03-23,3,"quantile",0.5,199999
"3071","DE","00-04",2025-03-06,2025-03-23,3,"quantile",0.75,214004
"3072","DE","00-04",2025-03-06,2025-03-23,3,"quantile",0.9,228269.1
"3073","DE","00-04",2025-03-06,2025-03-23,3,"quantile",0.975,246043.775
"3074","DE","00-04",2025-03-06,2025-03-30,4,"quantile",0.025,141570.675
"3075","DE","00-04",2025-03-06,2025-03-30,4,"quantile",0.1,152041.1
"3076","DE","00-04",2025-03-06,2025-03-30,4,"quantile",0.25,163121.75
"3077","DE","00-04",2025-03-06,2025-03-30,4,"quantile",0.5,175122.5
"3078","DE","00-04",2025-03-06,2025-03-30,4,"quantile",0.75,188362
"3079","DE","00-04",2025-03-06,2025-03-30,4,"quantile",0.9,201263.2
"3080","DE","00-04",2025-03-06,2025-03-30,4,"quantile",0.975,217398.175
"3081","DE","05-14",2025-03-06,2025-03-09,1,"quantile",0.025,190947.575
"3082","DE","05-14",2025-03-06,2025-03-09,1,"quantile",0.1,205328.9
"3083","DE","05-14",2025-03-06,2025-03-09,1,"quantile",0.25,219627.25
"3084","DE","05-14",2025-03-06,2025-03-09,1,"quantile",0.5,236741
"3085","DE","05-14",2025-03-06,2025-03-09,1,"quantile",0.75,255329.25
"3086","DE","05-14",2025-03-06,2025-03-09,1,"quantile",0.9,274369.8
"3087","DE","05-14",2025-03-06,2025-03-09,1,"quantile",0.975,296531.4
"3088","DE","05-14",2025-03-06,2025-03-16,2,"quantile",0.025,160814.15
"3089","DE","05-14",2025-03-06,2025-03-16,2,"quantile",0.1,177388.7
"3090","DE","05-14",2025-03-06,2025-03-16,2,"quantile",0.25,192386.75
"3091","DE","05-14",2025-03-06,2025-03-16,2,"quantile",0.5,211753.5
"3092","DE","05-14",2025-03-06,2025-03-16,2,"quantile",0.75,233168.5
"3093","DE","05-14",2025-03-06,2025-03-16,2,"quantile",0.9,255439.4
"3094","DE","05-14",2025-03-06,2025-03-16,2,"quantile",0.975,283558.85
"3095","DE","05-14",2025-03-06,2025-03-23,3,"quantile",0.025,133110.025
"3096","DE","05-14",2025-03-06,2025-03-23,3,"quantile",0.1,148558.2
"3097","DE","05-14",2025-03-06,2025-03-23,3,"quantile",0.25,163752.5
"3098","DE","05-14",2025-03-06,2025-03-23,3,"quantile",0.5,182504
"3099","DE","05-14",2025-03-06,2025-03-23,3,"quantile",0.75,203944.5
"3100","DE","05-14",2025-03-06,2025-03-23,3,"quantile",0.9,226337.5
"3101","DE","05-14",2025-03-06,2025-03-23,3,"quantile",0.975,253731.275
"3102","DE","05-14",2025-03-06,2025-03-30,4,"quantile",0.025,100957.95
"3103","DE","05-14",2025-03-06,2025-03-30,4,"quantile",0.1,113594.9
"3104","DE","05-14",2025-03-06,2025-03-30,4,"quantile",0.25,126466
"3105","DE","05-14",2025-03-06,2025-03-30,4,"quantile",0.5,142271.5
"3106","DE","05-14",2025-03-06,2025-03-30,4,"quantile",0.75,159271
"3107","DE","05-14",2025-03-06,2025-03-30,4,"quantile",0.9,177349.4
"3108","DE","05-14",2025-03-06,2025-03-30,4,"quantile",0.975,199974.225
"3109","DE","15-34",2025-03-06,2025-03-09,1,"quantile",0.025,381451.075
"3110","DE","15-34",2025-03-06,2025-03-09,1,"quantile",0.1,412537.7
"3111","DE","15-34",2025-03-06,2025-03-09,1,"quantile",0.25,442883.75
"3112","DE","15-34",2025-03-06,2025-03-09,1,"quantile",0.5,479838.5
"3113","DE","15-34",2025-03-06,2025-03-09,1,"quantile",0.75,518804.75
"3114","DE","15-34",2025-03-06,2025-03-09,1,"quantile",0.9,555113.5
"3115","DE","15-34",2025-03-06,2025-03-09,1,"quantile",0.975,596757.625
"3116","DE","15-34",2025-03-06,2025-03-16,2,"quantile",0.025,330478.375
"3117","DE","15-34",2025-03-06,2025-03-16,2,"quantile",0.1,363441.9
"3118","DE","15-34",2025-03-06,2025-03-16,2,"quantile",0.25,397486.75
"3119","DE","15-34",2025-03-06,2025-03-16,2,"quantile",0.5,437000
"3120","DE","15-34",2025-03-06,2025-03-16,2,"quantile",0.75,480328
"3121","DE","15-34",2025-03-06,2025-03-16,2,"quantile",0.9,523552.4
"3122","DE","15-34",2025-03-06,2025-03-16,2,"quantile",0.975,575018.1
"3123","DE","15-34",2025-03-06,2025-03-23,3,"quantile",0.025,275861.975
"3124","DE","15-34",2025-03-06,2025-03-23,3,"quantile",0.1,307281.3
"3125","DE","15-34",2025-03-06,2025-03-23,3,"quantile",0.25,337724
"3126","DE","15-34",2025-03-06,2025-03-23,3,"quantile",0.5,375403.5
"3127","DE","15-34",2025-03-06,2025-03-23,3,"quantile",0.75,417527.25
"3128","DE","15-34",2025-03-06,2025-03-23,3,"quantile",0.9,459819
"3129","DE","15-34",2025-03-06,2025-03-23,3,"quantile",0.975,508847.3
"3130","DE","15-34",2025-03-06,2025-03-30,4,"quantile",0.025,226442.975
"3131","DE","15-34",2025-03-06,2025-03-30,4,"quantile",0.1,252749.3
"3132","DE","15-34",2025-03-06,2025-03-30,4,"quantile",0.25,280236.5
"3133","DE","15-34",2025-03-06,2025-03-30,4,"quantile",0.5,313042
"3134","DE","15-34",2025-03-06,2025-03-30,4,"quantile",0.75,349769.75
"3135","DE","15-34",2025-03-06,2025-03-30,4,"quantile",0.9,388035
"3136","DE","15-34",2025-03-06,2025-03-30,4,"quantile",0.975,433744.6
"3137","DE","35-59",2025-03-06,2025-03-09,1,"quantile",0.025,472099.025
"3138","DE","35-59",2025-03-06,2025-03-09,1,"quantile",0.1,514108.2
"3139","DE","35-59",2025-03-06,2025-03-09,1,"quantile",0.25,555010.5
"3140","DE","35-59",2025-03-06,2025-03-09,1,"quantile",0.5,602259.5
"3141","DE","35-59",2025-03-06,2025-03-09,1,"quantile",0.75,653361.75
"3142","DE","35-59",2025-03-06,2025-03-09,1,"quantile",0.9,702115
"3143","DE","35-59",2025-03-06,2025-03-09,1,"quantile",0.975,761243.475
"3144","DE","35-59",2025-03-06,2025-03-16,2,"quantile",0.025,400027.975
"3145","DE","35-59",2025-03-06,2025-03-16,2,"quantile",0.1,444639.3
"3146","DE","35-59",2025-03-06,2025-03-16,2,"quantile",0.25,490248.25
"3147","DE","35-59",2025-03-06,2025-03-16,2,"quantile",0.5,545263.5
"3148","DE","35-59",2025-03-06,2025-03-16,2,"quantile",0.75,608654
"3149","DE","35-59",2025-03-06,2025-03-16,2,"quantile",0.9,672013.9
"3150","DE","35-59",2025-03-06,2025-03-16,2,"quantile",0.975,750805.75
"3151","DE","35-59",2025-03-06,2025-03-23,3,"quantile",0.025,321943.6
"3152","DE","35-59",2025-03-06,2025-03-23,3,"quantile",0.1,361733.8
"3153","DE","35-59",2025-03-06,2025-03-23,3,"quantile",0.25,406498.75
"3154","DE","35-59",2025-03-06,2025-03-23,3,"quantile",0.5,462587
"3155","DE","35-59",2025-03-06,2025-03-23,3,"quantile",0.75,523811
"3156","DE","35-59",2025-03-06,2025-03-23,3,"quantile",0.9,587120.2
"3157","DE","35-59",2025-03-06,2025-03-23,3,"quantile",0.975,671949.175
"3158","DE","35-59",2025-03-06,2025-03-30,4,"quantile",0.025,261640.675
"3159","DE","35-59",2025-03-06,2025-03-30,4,"quantile",0.1,297557.2
"3160","DE","35-59",2025-03-06,2025-03-30,4,"quantile",0.25,337858.75
"3161","DE","35-59",2025-03-06,2025-03-30,4,"quantile",0.5,388153
"3162","DE","35-59",2025-03-06,2025-03-30,4,"quantile",0.75,443628.5
"3163","DE","35-59",2025-03-06,2025-03-30,4,"quantile",0.9,502962.8
"3164","DE","35-59",2025-03-06,2025-03-30,4,"quantile",0.975,584711.875
"3165","DE","60+",2025-03-06,2025-03-09,1,"quantile",0.025,163365.225
"3166","DE","60+",2025-03-06,2025-03-09,1,"quantile",0.1,177440.4
"3167","DE","60+",2025-03-06,2025-03-09,1,"quantile",0.25,190648.75
"3168","DE","60+",2025-03-06,2025-03-09,1,"quantile",0.5,206986
"3169","DE","60+",2025-03-06,2025-03-09,1,"quantile",0.75,223921
"3170","DE","60+",2025-03-06,2025-03-09,1,"quantile",0.9,239490.2
"3171","DE","60+",2025-03-06,2025-03-09,1,"quantile",0.975,260456.05
"3172","DE","60+",2025-03-06,2025-03-16,2,"quantile",0.025,145942.25
"3173","DE","60+",2025-03-06,2025-03-16,2,"quantile",0.1,162697.8
"3174","DE","60+",2025-03-06,2025-03-16,2,"quantile",0.25,179116.75
"3175","DE","60+",2025-03-06,2025-03-16,2,"quantile",0.5,199056
"3176","DE","60+",2025-03-06,2025-03-16,2,"quantile",0.75,220589.5
"3177","DE","60+",2025-03-06,2025-03-16,2,"quantile",0.9,242273.9
"3178","DE","60+",2025-03-06,2025-03-16,2,"quantile",0.975,270391.625
"3179","DE","60+",2025-03-06,2025-03-23,3,"quantile",0.025,120797.8
"3180","DE","60+",2025-03-06,2025-03-23,3,"quantile",0.1,136266.1
"3181","DE","60+",2025-03-06,2025-03-23,3,"quantile",0.25,152857.5
"3182","DE","60+",2025-03-06,2025-03-23,3,"quantile",0.5,173702.5
"3183","DE","60+",2025-03-06,2025-03-23,3,"quantile",0.75,196112.75
"3184","DE","60+",2025-03-06,2025-03-23,3,"quantile",0.9,218563.7
"3185","DE","60+",2025-03-06,2025-03-23,3,"quantile",0.975,248456.35
"3186","DE","60+",2025-03-06,2025-03-30,4,"quantile",0.025,100180.025
"3187","DE","60+",2025-03-06,2025-03-30,4,"quantile",0.1,113874.6
"3188","DE","60+",2025-03-06,2025-03-30,4,"quantile",0.25,128666.25
"3189","DE","60+",2025-03-06,2025-03-30,4,"quantile",0.5,147001.5
"3190","DE","60+",2025-03-06,2025-03-30,4,"quantile",0.75,167363
"3191","DE","60+",2025-03-06,2025-03-30,4,"quantile",0.9,187518
"3192","DE","60+",2025-03-06,2025-03-30,4,"quantile",0.975,215635.25
"3193","DE","00+",2025-03-13,2025-03-16,1,"quantile",0.025,1206579.525
"3194","DE","00+",2025-03-13,2025-03-16,1,"quantile",0.1,1285192.2
"3195","DE","00+",2025-03-13,2025-03-16,1,"quantile",0.25,1364099.75
"3196","DE","00+",2025-03-13,2025-03-16,1,"quantile",0.5,1461089.5
"3197","DE","00+",2025-03-13,2025-03-16,1,"quantile",0.75,1566084.5
"3198","DE","00+",2025-03-13,2025-03-16,1,"quantile",0.9,1663060.9
"3199","DE","00+",2025-03-13,2025-03-16,1,"quantile",0.975,1784523.35
"3200","DE","00+",2025-03-13,2025-03-23,2,"quantile",0.025,983515.95
"3201","DE","00+",2025-03-13,2025-03-23,2,"quantile",0.1,1074147.7
"3202","DE","00+",2025-03-13,2025-03-23,2,"quantile",0.25,1158521.5
"3203","DE","00+",2025-03-13,2025-03-23,2,"quantile",0.5,1267237
"3204","DE","00+",2025-03-13,2025-03-23,2,"quantile",0.75,1381655.75
"3205","DE","00+",2025-03-13,2025-03-23,2,"quantile",0.9,1492117
"3206","DE","00+",2025-03-13,2025-03-23,2,"quantile",0.975,1631676.425
"3207","DE","00+",2025-03-13,2025-03-30,3,"quantile",0.025,817257.525
"3208","DE","00+",2025-03-13,2025-03-30,3,"quantile",0.1,894252.3
"3209","DE","00+",2025-03-13,2025-03-30,3,"quantile",0.25,979417.75
"3210","DE","00+",2025-03-13,2025-03-30,3,"quantile",0.5,1087293
"3211","DE","00+",2025-03-13,2025-03-30,3,"quantile",0.75,1207122.75
"3212","DE","00+",2025-03-13,2025-03-30,3,"quantile",0.9,1320501.2
"3213","DE","00+",2025-03-13,2025-03-30,3,"quantile",0.975,1445737.95
"3214","DE","00+",2025-03-13,2025-04-06,4,"quantile",0.025,772426.625
"3215","DE","00+",2025-03-13,2025-04-06,4,"quantile",0.1,859562
"3216","DE","00+",2025-03-13,2025-04-06,4,"quantile",0.25,948844
"3217","DE","00+",2025-03-13,2025-04-06,4,"quantile",0.5,1060303.5
"3218","DE","00+",2025-03-13,2025-04-06,4,"quantile",0.75,1178946
"3219","DE","00+",2025-03-13,2025-04-06,4,"quantile",0.9,1298623.7
"3220","DE","00+",2025-03-13,2025-04-06,4,"quantile",0.975,1443232.625
"3221","DE","00-04",2025-03-13,2025-03-16,1,"quantile",0.025,182419.6
"3222","DE","00-04",2025-03-13,2025-03-16,1,"quantile",0.1,192045.4
"3223","DE","00-04",2025-03-13,2025-03-16,1,"quantile",0.25,200747
"3224","DE","00-04",2025-03-13,2025-03-16,1,"quantile",0.5,210942.5
"3225","DE","00-04",2025-03-13,2025-03-16,1,"quantile",0.75,222036.5
"3226","DE","00-04",2025-03-13,2025-03-16,1,"quantile",0.9,231686
"3227","DE","00-04",2025-03-13,2025-03-16,1,"quantile",0.975,243293.775
"3228","DE","00-04",2025-03-13,2025-03-23,2,"quantile",0.025,159414.925
"3229","DE","00-04",2025-03-13,2025-03-23,2,"quantile",0.1,170229.2
"3230","DE","00-04",2025-03-13,2025-03-23,2,"quantile",0.25,179932.5
"3231","DE","00-04",2025-03-13,2025-03-23,2,"quantile",0.5,191189.5
"3232","DE","00-04",2025-03-13,2025-03-23,2,"quantile",0.75,203240.5
"3233","DE","00-04",2025-03-13,2025-03-23,2,"quantile",0.9,214417.2
"3234","DE","00-04",2025-03-13,2025-03-23,2,"quantile",0.975,227690.45
"3235","DE","00-04",2025-03-13,2025-03-30,3,"quantile",0.025,138539.425
"3236","DE","00-04",2025-03-13,2025-03-30,3,"quantile",0.1,148025.9
"3237","DE","00-04",2025-03-13,2025-03-30,3,"quantile",0.25,157782.25
"3238","DE","00-04",2025-03-13,2025-03-30,3,"quantile",0.5,169318
"3239","DE","00-04",2025-03-13,2025-03-30,3,"quantile",0.75,181504.5
"3240","DE","00-04",2025-03-13,2025-03-30,3,"quantile",0.9,193430.5
"3241","DE","00-04",2025-03-13,2025-03-30,3,"quantile",0.975,207952.625
"3242","DE","00-04",2025-03-13,2025-04-06,4,"quantile",0.025,131797.8
"3243","DE","00-04",2025-03-13,2025-04-06,4,"quantile",0.1,142025
"3244","DE","00-04",2025-03-13,2025-04-06,4,"quantile",0.25,152233.75
"3245","DE","00-04",2025-03-13,2025-04-06,4,"quantile",0.5,164045.5
"3246","DE","00-04",2025-03-13,2025-04-06,4,"quantile",0.75,176156
"3247","DE","00-04",2025-03-13,2025-04-06,4,"quantile",0.9,188560.6
"3248","DE","00-04",2025-03-13,2025-04-06,4,"quantile",0.975,203826.25
"3249","DE","05-14",2025-03-13,2025-03-16,1,"quantile",0.025,142232.175
"3250","DE","05-14",2025-03-13,2025-03-16,1,"quantile",0.1,154183.9
"3251","DE","05-14",2025-03-13,2025-03-16,1,"quantile",0.25,165627.75
"3252","DE","05-14",2025-03-13,2025-03-16,1,"quantile",0.5,179298
"3253","DE","05-14",2025-03-13,2025-03-16,1,"quantile",0.75,194072.75
"3254","DE","05-14",2025-03-13,2025-03-16,1,"quantile",0.9,207535
"3255","DE","05-14",2025-03-13,2025-03-16,1,"quantile",0.975,225445.8
"3256","DE","05-14",2025-03-13,2025-03-23,2,"quantile",0.025,118959.1
"3257","DE","05-14",2025-03-13,2025-03-23,2,"quantile",0.1,131421.5
"3258","DE","05-14",2025-03-13,2025-03-23,2,"quantile",0.25,142959.75
"3259","DE","05-14",2025-03-13,2025-03-23,2,"quantile",0.5,157788
"3260","DE","05-14",2025-03-13,2025-03-23,2,"quantile",0.75,174155.75
"3261","DE","05-14",2025-03-13,2025-03-23,2,"quantile",0.9,189930.8
"3262","DE","05-14",2025-03-13,2025-03-23,2,"quantile",0.975,210896.725
"3263","DE","05-14",2025-03-13,2025-03-30,3,"quantile",0.025,93190.575
"3264","DE","05-14",2025-03-13,2025-03-30,3,"quantile",0.1,104297.8
"3265","DE","05-14",2025-03-13,2025-03-30,3,"quantile",0.25,115260
"3266","DE","05-14",2025-03-13,2025-03-30,3,"quantile",0.5,128771.5
"3267","DE","05-14",2025-03-13,2025-03-30,3,"quantile",0.75,143579.5
"3268","DE","05-14",2025-03-13,2025-03-30,3,"quantile",0.9,158949.8
"3269","DE","05-14",2025-03-13,2025-03-30,3,"quantile",0.975,178455.925
"3270","DE","05-14",2025-03-13,2025-04-06,4,"quantile",0.025,84018.325
"3271","DE","05-14",2025-03-13,2025-04-06,4,"quantile",0.1,93840.1
"3272","DE","05-14",2025-03-13,2025-04-06,4,"quantile",0.25,103897.5
"3273","DE","05-14",2025-03-13,2025-04-06,4,"quantile",0.5,116721.5
"3274","DE","05-14",2025-03-13,2025-04-06,4,"quantile",0.75,130659.25
"3275","DE","05-14",2025-03-13,2025-04-06,4,"quantile",0.9,145455.2
"3276","DE","05-14",2025-03-13,2025-04-06,4,"quantile",0.975,164329
"3277","DE","15-34",2025-03-13,2025-03-16,1,"quantile",0.025,334057.95
"3278","DE","15-34",2025-03-13,2025-03-16,1,"quantile",0.1,361576.1
"3279","DE","15-34",2025-03-13,2025-03-16,1,"quantile",0.25,387294.25
"3280","DE","15-34",2025-03-13,2025-03-16,1,"quantile",0.5,418261.5
"3281","DE","15-34",2025-03-13,2025-03-16,1,"quantile",0.75,453051.25
"3282","DE","15-34",2025-03-13,2025-03-16,1,"quantile",0.9,487197.7
"3283","DE","15-34",2025-03-13,2025-03-16,1,"quantile",0.975,525105.4
"3284","DE","15-34",2025-03-13,2025-03-23,2,"quantile",0.025,275060.875
"3285","DE","15-34",2025-03-13,2025-03-23,2,"quantile",0.1,300026.3
"3286","DE","15-34",2025-03-13,2025-03-23,2,"quantile",0.25,326758.75
"3287","DE","15-34",2025-03-13,2025-03-23,2,"quantile",0.5,359878.5
"3288","DE","15-34",2025-03-13,2025-03-23,2,"quantile",0.75,396211.25
"3289","DE","15-34",2025-03-13,2025-03-23,2,"quantile",0.9,431473.2
"3290","DE","15-34",2025-03-13,2025-03-23,2,"quantile",0.975,473134.425
"3291","DE","15-34",2025-03-13,2025-03-30,3,"quantile",0.025,225517.1
"3292","DE","15-34",2025-03-13,2025-03-30,3,"quantile",0.1,249640
"3293","DE","15-34",2025-03-13,2025-03-30,3,"quantile",0.25,273177.75
"3294","DE","15-34",2025-03-13,2025-03-30,3,"quantile",0.5,303221
"3295","DE","15-34",2025-03-13,2025-03-30,3,"quantile",0.75,338396
"3296","DE","15-34",2025-03-13,2025-03-30,3,"quantile",0.9,370730.1
"3297","DE","15-34",2025-03-13,2025-03-30,3,"quantile",0.975,409125.7
"3298","DE","15-34",2025-03-13,2025-04-06,4,"quantile",0.025,210614.225
"3299","DE","15-34",2025-03-13,2025-04-06,4,"quantile",0.1,235030.3
"3300","DE","15-34",2025-03-13,2025-04-06,4,"quantile",0.25,259374.25
"3301","DE","15-34",2025-03-13,2025-04-06,4,"quantile",0.5,290740
"3302","DE","15-34",2025-03-13,2025-04-06,4,"quantile",0.75,324121
"3303","DE","15-34",2025-03-13,2025-04-06,4,"quantile",0.9,358438.1
"3304","DE","15-34",2025-03-13,2025-04-06,4,"quantile",0.975,398470.825
"3305","DE","35-59",2025-03-13,2025-03-16,1,"quantile",0.025,383569.95
"3306","DE","35-59",2025-03-13,2025-03-16,1,"quantile",0.1,417357.4
"3307","DE","35-59",2025-03-13,2025-03-16,1,"quantile",0.25,451526
"3308","DE","35-59",2025-03-13,2025-03-16,1,"quantile",0.5,490471
"3309","DE","35-59",2025-03-13,2025-03-16,1,"quantile",0.75,533166.25
"3310","DE","35-59",2025-03-13,2025-03-16,1,"quantile",0.9,576316.8
"3311","DE","35-59",2025-03-13,2025-03-16,1,"quantile",0.975,625805.1
"3312","DE","35-59",2025-03-13,2025-03-23,2,"quantile",0.025,303593.65
"3313","DE","35-59",2025-03-13,2025-03-23,2,"quantile",0.1,337982.8
"3314","DE","35-59",2025-03-13,2025-03-23,2,"quantile",0.25,373502
"3315","DE","35-59",2025-03-13,2025-03-23,2,"quantile",0.5,416291.5
"3316","DE","35-59",2025-03-13,2025-03-23,2,"quantile",0.75,464296.5
"3317","DE","35-59",2025-03-13,2025-03-23,2,"quantile",0.9,510245.1
"3318","DE","35-59",2025-03-13,2025-03-23,2,"quantile",0.975,567178.325
"3319","DE","35-59",2025-03-13,2025-03-30,3,"quantile",0.025,249524.4
"3320","DE","35-59",2025-03-13,2025-03-30,3,"quantile",0.1,281962.5
"3321","DE","35-59",2025-03-13,2025-03-30,3,"quantile",0.25,315606.5
"3322","DE","35-59",2025-03-13,2025-03-30,3,"quantile",0.5,358598.5
"3323","DE","35-59",2025-03-13,2025-03-30,3,"quantile",0.75,407694.25
"3324","DE","35-59",2025-03-13,2025-03-30,3,"quantile",0.9,456177.7
"3325","DE","35-59",2025-03-13,2025-03-30,3,"quantile",0.975,517737.7
"3326","DE","35-59",2025-03-13,2025-04-06,4,"quantile",0.025,238548.85
"3327","DE","35-59",2025-03-13,2025-04-06,4,"quantile",0.1,272775.3
"3328","DE","35-59",2025-03-13,2025-04-06,4,"quantile",0.25,308904
"3329","DE","35-59",2025-03-13,2025-04-06,4,"quantile",0.5,355254
"3330","DE","35-59",2025-03-13,2025-04-06,4,"quantile",0.75,407314.5
"3331","DE","35-59",2025-03-13,2025-04-06,4,"quantile",0.9,457991.8
"3332","DE","35-59",2025-03-13,2025-04-06,4,"quantile",0.975,532099.675
"3333","DE","60+",2025-03-13,2025-03-16,1,"quantile",0.025,146503.375
"3334","DE","60+",2025-03-13,2025-03-16,1,"quantile",0.1,158067.8
"3335","DE","60+",2025-03-13,2025-03-16,1,"quantile",0.25,169692
"3336","DE","60+",2025-03-13,2025-03-16,1,"quantile",0.5,183760.5
"3337","DE","60+",2025-03-13,2025-03-16,1,"quantile",0.75,199537.25
"3338","DE","60+",2025-03-13,2025-03-16,1,"quantile",0.9,215069.1
"3339","DE","60+",2025-03-13,2025-03-16,1,"quantile",0.975,232807.825
"3340","DE","60+",2025-03-13,2025-03-23,2,"quantile",0.025,119000.25
"3341","DE","60+",2025-03-13,2025-03-23,2,"quantile",0.1,131607.4
"3342","DE","60+",2025-03-13,2025-03-23,2,"quantile",0.25,144829.5
"3343","DE","60+",2025-03-13,2025-03-23,2,"quantile",0.5,160887.5
"3344","DE","60+",2025-03-13,2025-03-23,2,"quantile",0.75,178858.5
"3345","DE","60+",2025-03-13,2025-03-23,2,"quantile",0.9,197214.7
"3346","DE","60+",2025-03-13,2025-03-23,2,"quantile",0.975,218192.125
"3347","DE","60+",2025-03-13,2025-03-30,3,"quantile",0.025,97180.975
"3348","DE","60+",2025-03-13,2025-03-30,3,"quantile",0.1,110160.6
"3349","DE","60+",2025-03-13,2025-03-30,3,"quantile",0.25,122717.25
"3350","DE","60+",2025-03-13,2025-03-30,3,"quantile",0.5,139238
"3351","DE","60+",2025-03-13,2025-03-30,3,"quantile",0.75,157338.5
"3352","DE","60+",2025-03-13,2025-03-30,3,"quantile",0.9,176352.1
"3353","DE","60+",2025-03-13,2025-03-30,3,"quantile",0.975,201444.6
"3354","DE","60+",2025-03-13,2025-04-06,4,"quantile",0.025,98783.9
"3355","DE","60+",2025-03-13,2025-04-06,4,"quantile",0.1,111892.4
"3356","DE","60+",2025-03-13,2025-04-06,4,"quantile",0.25,125837.25
"3357","DE","60+",2025-03-13,2025-04-06,4,"quantile",0.5,143968
"3358","DE","60+",2025-03-13,2025-04-06,4,"quantile",0.75,164915
"3359","DE","60+",2025-03-13,2025-04-06,4,"quantile",0.9,185996.1
"3360","DE","60+",2025-03-13,2025-04-06,4,"quantile",0.975,213947.4
"3361","DE","00+",2025-03-20,2025-03-23,1,"quantile",0.025,1100084.7
"3362","DE","00+",2025-03-20,2025-03-23,1,"quantile",0.1,1179087
"3363","DE","00+",2025-03-20,2025-03-23,1,"quantile",0.25,1252850.75
"3364","DE","00+",2025-03-20,2025-03-23,1,"quantile",0.5,1339381
"3365","DE","00+",2025-03-20,2025-03-23,1,"quantile",0.75,1435046
"3366","DE","00+",2025-03-20,2025-03-23,1,"quantile",0.9,1523347
"3367","DE","00+",2025-03-20,2025-03-23,1,"quantile",0.975,1631247.5
"3368","DE","00+",2025-03-20,2025-03-30,2,"quantile",0.025,894324.25
"3369","DE","00+",2025-03-20,2025-03-30,2,"quantile",0.1,975501.8
"3370","DE","00+",2025-03-20,2025-03-30,2,"quantile",0.25,1050366.25
"3371","DE","00+",2025-03-20,2025-03-30,2,"quantile",0.5,1143368
"3372","DE","00+",2025-03-20,2025-03-30,2,"quantile",0.75,1246942.75
"3373","DE","00+",2025-03-20,2025-03-30,2,"quantile",0.9,1343802.1
"3374","DE","00+",2025-03-20,2025-03-30,2,"quantile",0.975,1469671.9
"3375","DE","00+",2025-03-20,2025-04-06,3,"quantile",0.025,823770.3
"3376","DE","00+",2025-03-20,2025-04-06,3,"quantile",0.1,910781.4
"3377","DE","00+",2025-03-20,2025-04-06,3,"quantile",0.25,993242.75
"3378","DE","00+",2025-03-20,2025-04-06,3,"quantile",0.5,1098194.5
"3379","DE","00+",2025-03-20,2025-04-06,3,"quantile",0.75,1218564.25
"3380","DE","00+",2025-03-20,2025-04-06,3,"quantile",0.9,1323969.1
"3381","DE","00+",2025-03-20,2025-04-06,3,"quantile",0.975,1467213.375
"3382","DE","00+",2025-03-20,2025-04-13,4,"quantile",0.025,717899.2
"3383","DE","00+",2025-03-20,2025-04-13,4,"quantile",0.1,797350.3
"3384","DE","00+",2025-03-20,2025-04-13,4,"quantile",0.25,875249
"3385","DE","00+",2025-03-20,2025-04-13,4,"quantile",0.5,976804.5
"3386","DE","00+",2025-03-20,2025-04-13,4,"quantile",0.75,1090301.25
"3387","DE","00+",2025-03-20,2025-04-13,4,"quantile",0.9,1199669.5
"3388","DE","00+",2025-03-20,2025-04-13,4,"quantile",0.975,1325460.175
"3389","DE","00-04",2025-03-20,2025-03-23,1,"quantile",0.025,164021.75
"3390","DE","00-04",2025-03-20,2025-03-23,1,"quantile",0.1,171966.9
"3391","DE","00-04",2025-03-20,2025-03-23,1,"quantile",0.25,180131
"3392","DE","00-04",2025-03-20,2025-03-23,1,"quantile",0.5,189250.5
"3393","DE","00-04",2025-03-20,2025-03-23,1,"quantile",0.75,198880
"3394","DE","00-04",2025-03-20,2025-03-23,1,"quantile",0.9,207859.2
"3395","DE","00-04",2025-03-20,2025-03-23,1,"quantile",0.975,218607.65
"3396","DE","00-04",2025-03-20,2025-03-30,2,"quantile",0.025,140817.525
"3397","DE","00-04",2025-03-20,2025-03-30,2,"quantile",0.1,149774.1
"3398","DE","00-04",2025-03-20,2025-03-30,2,"quantile",0.25,158120.25
"3399","DE","00-04",2025-03-20,2025-03-30,2,"quantile",0.5,168032.5
"3400","DE","00-04",2025-03-20,2025-03-30,2,"quantile",0.75,178776
"3401","DE","00-04",2025-03-20,2025-03-30,2,"quantile",0.9,189299.6
"3402","DE","00-04",2025-03-20,2025-03-30,2,"quantile",0.975,199850.15
"3403","DE","00-04",2025-03-20,2025-04-06,3,"quantile",0.025,133520.8
"3404","DE","00-04",2025-03-20,2025-04-06,3,"quantile",0.1,143256.7
"3405","DE","00-04",2025-03-20,2025-04-06,3,"quantile",0.25,152342
"3406","DE","00-04",2025-03-20,2025-04-06,3,"quantile",0.5,163219.5
"3407","DE","00-04",2025-03-20,2025-04-06,3,"quantile",0.75,175107
"3408","DE","00-04",2025-03-20,2025-04-06,3,"quantile",0.9,186192.8
"3409","DE","00-04",2025-03-20,2025-04-06,3,"quantile",0.975,198879.975
"3410","DE","00-04",2025-03-20,2025-04-13,4,"quantile",0.025,123499.15
"3411","DE","00-04",2025-03-20,2025-04-13,4,"quantile",0.1,132515.8
"3412","DE","00-04",2025-03-20,2025-04-13,4,"quantile",0.25,141984.5
"3413","DE","00-04",2025-03-20,2025-04-13,4,"quantile",0.5,152635.5
"3414","DE","00-04",2025-03-20,2025-04-13,4,"quantile",0.75,164378
"3415","DE","00-04",2025-03-20,2025-04-13,4,"quantile",0.9,176511.4
"3416","DE","00-04",2025-03-20,2025-04-13,4,"quantile",0.975,189670.775
"3417","DE","05-14",2025-03-20,2025-03-23,1,"quantile",0.025,124033.025
"3418","DE","05-14",2025-03-20,2025-03-23,1,"quantile",0.1,133708.1
"3419","DE","05-14",2025-03-20,2025-03-23,1,"quantile",0.25,143482
"3420","DE","05-14",2025-03-20,2025-03-23,1,"quantile",0.5,155048
"3421","DE","05-14",2025-03-20,2025-03-23,1,"quantile",0.75,167300
"3422","DE","05-14",2025-03-20,2025-03-23,1,"quantile",0.9,179064.7
"3423","DE","05-14",2025-03-20,2025-03-23,1,"quantile",0.975,193248.525
"3424","DE","05-14",2025-03-20,2025-03-30,2,"quantile",0.025,95281.1
"3425","DE","05-14",2025-03-20,2025-03-30,2,"quantile",0.1,105026.8
"3426","DE","05-14",2025-03-20,2025-03-30,2,"quantile",0.25,114723.25
"3427","DE","05-14",2025-03-20,2025-03-30,2,"quantile",0.5,126378.5
"3428","DE","05-14",2025-03-20,2025-03-30,2,"quantile",0.75,139145
"3429","DE","05-14",2025-03-20,2025-03-30,2,"quantile",0.9,152303.6
"3430","DE","05-14",2025-03-20,2025-03-30,2,"quantile",0.975,167904.85
"3431","DE","05-14",2025-03-20,2025-04-06,3,"quantile",0.025,84049.45
"3432","DE","05-14",2025-03-20,2025-04-06,3,"quantile",0.1,93622
"3433","DE","05-14",2025-03-20,2025-04-06,3,"quantile",0.25,103555.75
"3434","DE","05-14",2025-03-20,2025-04-06,3,"quantile",0.5,115190.5
"3435","DE","05-14",2025-03-20,2025-04-06,3,"quantile",0.75,128619.75
"3436","DE","05-14",2025-03-20,2025-04-06,3,"quantile",0.9,142085.2
"3437","DE","05-14",2025-03-20,2025-04-06,3,"quantile",0.975,158627.35
"3438","DE","05-14",2025-03-20,2025-04-13,4,"quantile",0.025,79808
"3439","DE","05-14",2025-03-20,2025-04-13,4,"quantile",0.1,90161.3
"3440","DE","05-14",2025-03-20,2025-04-13,4,"quantile",0.25,100144
"3441","DE","05-14",2025-03-20,2025-04-13,4,"quantile",0.5,112211
"3442","DE","05-14",2025-03-20,2025-04-13,4,"quantile",0.75,126060.75
"3443","DE","05-14",2025-03-20,2025-04-13,4,"quantile",0.9,139501.1
"3444","DE","05-14",2025-03-20,2025-04-13,4,"quantile",0.975,158206.425
"3445","DE","15-34",2025-03-20,2025-03-23,1,"quantile",0.025,299926.425
"3446","DE","15-34",2025-03-20,2025-03-23,1,"quantile",0.1,324291.4
"3447","DE","15-34",2025-03-20,2025-03-23,1,"quantile",0.25,348816.25
"3448","DE","15-34",2025-03-20,2025-03-23,1,"quantile",0.5,377373.5
"3449","DE","15-34",2025-03-20,2025-03-23,1,"quantile",0.75,407951.25
"3450","DE","15-34",2025-03-20,2025-03-23,1,"quantile",0.9,436524.3
"3451","DE","15-34",2025-03-20,2025-03-23,1,"quantile",0.975,470440.725
"3452","DE","15-34",2025-03-20,2025-03-30,2,"quantile",0.025,239336.725
"3453","DE","15-34",2025-03-20,2025-03-30,2,"quantile",0.1,264303.2
"3454","DE","15-34",2025-03-20,2025-03-30,2,"quantile",0.25,288094.25
"3455","DE","15-34",2025-03-20,2025-03-30,2,"quantile",0.5,316624.5
"3456","DE","15-34",2025-03-20,2025-03-30,2,"quantile",0.75,347793.5
"3457","DE","15-34",2025-03-20,2025-03-30,2,"quantile",0.9,379118.8
"3458","DE","15-34",2025-03-20,2025-03-30,2,"quantile",0.975,418080.95
"3459","DE","15-34",2025-03-20,2025-04-06,3,"quantile",0.025,219310.15
"3460","DE","15-34",2025-03-20,2025-04-06,3,"quantile",0.1,244335
"3461","DE","15-34",2025-03-20,2025-04-06,3,"quantile",0.25,268985
"3462","DE","15-34",2025-03-20,2025-04-06,3,"quantile",0.5,298921.5
"3463","DE","15-34",2025-03-20,2025-04-06,3,"quantile",0.75,331838
"3464","DE","15-34",2025-03-20,2025-04-06,3,"quantile",0.9,365318.7
"3465","DE","15-34",2025-03-20,2025-04-06,3,"quantile",0.975,405149.6
"3466","DE","15-34",2025-03-20,2025-04-13,4,"quantile",0.025,194851.55
"3467","DE","15-34",2025-03-20,2025-04-13,4,"quantile",0.1,218567.4
"3468","DE","15-34",2025-03-20,2025-04-13,4,"quantile",0.25,241137.5
"3469","DE","15-34",2025-03-20,2025-04-13,4,"quantile",0.5,268561.5
"3470","DE","15-34",2025-03-20,2025-04-13,4,"quantile",0.75,298061.5
"3471","DE","15-34",2025-03-20,2025-04-13,4,"quantile",0.9,330350.1
"3472","DE","15-34",2025-03-20,2025-04-13,4,"quantile",0.975,368673.05
"3473","DE","35-59",2025-03-20,2025-03-23,1,"quantile",0.025,361549.625
"3474","DE","35-59",2025-03-20,2025-03-23,1,"quantile",0.1,394477.6
"3475","DE","35-59",2025-03-20,2025-03-23,1,"quantile",0.25,426824
"3476","DE","35-59",2025-03-20,2025-03-23,1,"quantile",0.5,462871
"3477","DE","35-59",2025-03-20,2025-03-23,1,"quantile",0.75,503504.5
"3478","DE","35-59",2025-03-20,2025-03-23,1,"quantile",0.9,541587
"3479","DE","35-59",2025-03-20,2025-03-23,1,"quantile",0.975,588849.65
"3480","DE","35-59",2025-03-20,2025-03-30,2,"quantile",0.025,290115.475
"3481","DE","35-59",2025-03-20,2025-03-30,2,"quantile",0.1,324583.9
"3482","DE","35-59",2025-03-20,2025-03-30,2,"quantile",0.25,357186.75
"3483","DE","35-59",2025-03-20,2025-03-30,2,"quantile",0.5,398011
"3484","DE","35-59",2025-03-20,2025-03-30,2,"quantile",0.75,443192.75
"3485","DE","35-59",2025-03-20,2025-03-30,2,"quantile",0.9,489108.8
"3486","DE","35-59",2025-03-20,2025-03-30,2,"quantile",0.975,546836.05
"3487","DE","35-59",2025-03-20,2025-04-06,3,"quantile",0.025,263574.625
"3488","DE","35-59",2025-03-20,2025-04-06,3,"quantile",0.1,301947.4
"3489","DE","35-59",2025-03-20,2025-04-06,3,"quantile",0.25,336793.75
"3490","DE","35-59",2025-03-20,2025-04-06,3,"quantile",0.5,381342
"3491","DE","35-59",2025-03-20,2025-04-06,3,"quantile",0.75,433895.5
"3492","DE","35-59",2025-03-20,2025-04-06,3,"quantile",0.9,486913.3
"3493","DE","35-59",2025-03-20,2025-04-06,3,"quantile",0.975,558066.275
"3494","DE","35-59",2025-03-20,2025-04-13,4,"quantile",0.025,219394.1
"3495","DE","35-59",2025-03-20,2025-04-13,4,"quantile",0.1,250804.4
"3496","DE","35-59",2025-03-20,2025-04-13,4,"quantile",0.25,281736
"3497","DE","35-59",2025-03-20,2025-04-13,4,"quantile",0.5,321934.5
"3498","DE","35-59",2025-03-20,2025-04-13,4,"quantile",0.75,368479.75
"3499","DE","35-59",2025-03-20,2025-04-13,4,"quantile",0.9,415870.3
"3500","DE","35-59",2025-03-20,2025-04-13,4,"quantile",0.975,479144.65
"3501","DE","60+",2025-03-20,2025-03-23,1,"quantile",0.025,135265.7
"3502","DE","60+",2025-03-20,2025-03-23,1,"quantile",0.1,147298.6
"3503","DE","60+",2025-03-20,2025-03-23,1,"quantile",0.25,159091.25
"3504","DE","60+",2025-03-20,2025-03-23,1,"quantile",0.5,172640
"3505","DE","60+",2025-03-20,2025-03-23,1,"quantile",0.75,186777.75
"3506","DE","60+",2025-03-20,2025-03-23,1,"quantile",0.9,201043.5
"3507","DE","60+",2025-03-20,2025-03-23,1,"quantile",0.975,219153.95
"3508","DE","60+",2025-03-20,2025-03-30,2,"quantile",0.025,109470.8
"3509","DE","60+",2025-03-20,2025-03-30,2,"quantile",0.1,120985.8
"3510","DE","60+",2025-03-20,2025-03-30,2,"quantile",0.25,132861.25
"3511","DE","60+",2025-03-20,2025-03-30,2,"quantile",0.5,148056
"3512","DE","60+",2025-03-20,2025-03-30,2,"quantile",0.75,164978
"3513","DE","60+",2025-03-20,2025-03-30,2,"quantile",0.9,182556.2
"3514","DE","60+",2025-03-20,2025-03-30,2,"quantile",0.975,202827.725
"3515","DE","60+",2025-03-20,2025-04-06,3,"quantile",0.025,106303.575
"3516","DE","60+",2025-03-20,2025-04-06,3,"quantile",0.1,119920.8
"3517","DE","60+",2025-03-20,2025-04-06,3,"quantile",0.25,133284
"3518","DE","60+",2025-03-20,2025-04-06,3,"quantile",0.5,150749.5
"3519","DE","60+",2025-03-20,2025-04-06,3,"quantile",0.75,171553.5
"3520","DE","60+",2025-03-20,2025-04-06,3,"quantile",0.9,191488
"3521","DE","60+",2025-03-20,2025-04-06,3,"quantile",0.975,215931.65
"3522","DE","60+",2025-03-20,2025-04-13,4,"quantile",0.025,90360.75
"3523","DE","60+",2025-03-20,2025-04-13,4,"quantile",0.1,101972.4
"3524","DE","60+",2025-03-20,2025-04-13,4,"quantile",0.25,114995.5
"3525","DE","60+",2025-03-20,2025-04-13,4,"quantile",0.5,130704.5
"3526","DE","60+",2025-03-20,2025-04-13,4,"quantile",0.75,150308.25
"3527","DE","60+",2025-03-20,2025-04-13,4,"quantile",0.9,170028.7
"3528","DE","60+",2025-03-20,2025-04-13,4,"quantile",0.975,193363.725
"3529","DE","00+",2025-03-27,2025-03-30,1,"quantile",0.025,899218.9
"3530","DE","00+",2025-03-27,2025-03-30,1,"quantile",0.1,962551.1
"3531","DE","00+",2025-03-27,2025-03-30,1,"quantile",0.25,1025294.75
"3532","DE","00+",2025-03-27,2025-03-30,1,"quantile",0.5,1097479.5
"3533","DE","00+",2025-03-27,2025-03-30,1,"quantile",0.75,1176164
"3534","DE","00+",2025-03-27,2025-03-30,1,"quantile",0.9,1248904.5
"3535","DE","00+",2025-03-27,2025-03-30,1,"quantile",0.975,1336382.2
"3536","DE","00+",2025-03-27,2025-04-06,2,"quantile",0.025,825503.825
"3537","DE","00+",2025-03-27,2025-04-06,2,"quantile",0.1,901285.1
"3538","DE","00+",2025-03-27,2025-04-06,2,"quantile",0.25,972925.5
"3539","DE","00+",2025-03-27,2025-04-06,2,"quantile",0.5,1063758.5
"3540","DE","00+",2025-03-27,2025-04-06,2,"quantile",0.75,1156801
"3541","DE","00+",2025-03-27,2025-04-06,2,"quantile",0.9,1249458.6
"3542","DE","00+",2025-03-27,2025-04-06,2,"quantile",0.975,1358501.325
"3543","DE","00+",2025-03-27,2025-04-13,3,"quantile",0.025,715392.225
"3544","DE","00+",2025-03-27,2025-04-13,3,"quantile",0.1,790410.6
"3545","DE","00+",2025-03-27,2025-04-13,3,"quantile",0.25,865456.5
"3546","DE","00+",2025-03-27,2025-04-13,3,"quantile",0.5,959881
"3547","DE","00+",2025-03-27,2025-04-13,3,"quantile",0.75,1061923.25
"3548","DE","00+",2025-03-27,2025-04-13,3,"quantile",0.9,1160598.5
"3549","DE","00+",2025-03-27,2025-04-13,3,"quantile",0.975,1280462.275
"3550","DE","00+",2025-03-27,2025-04-20,4,"quantile",0.025,615024.375
"3551","DE","00+",2025-03-27,2025-04-20,4,"quantile",0.1,682947.7
"3552","DE","00+",2025-03-27,2025-04-20,4,"quantile",0.25,750418
"3553","DE","00+",2025-03-27,2025-04-20,4,"quantile",0.5,837878.5
"3554","DE","00+",2025-03-27,2025-04-20,4,"quantile",0.75,936473.75
"3555","DE","00+",2025-03-27,2025-04-20,4,"quantile",0.9,1031444.7
"3556","DE","00+",2025-03-27,2025-04-20,4,"quantile",0.975,1146516.675
"3557","DE","00-04",2025-03-27,2025-03-30,1,"quantile",0.025,148679.475
"3558","DE","00-04",2025-03-27,2025-03-30,1,"quantile",0.1,156368.9
"3559","DE","00-04",2025-03-27,2025-03-30,1,"quantile",0.25,163399
"3560","DE","00-04",2025-03-27,2025-03-30,1,"quantile",0.5,171366
"3561","DE","00-04",2025-03-27,2025-03-30,1,"quantile",0.75,180069.25
"3562","DE","00-04",2025-03-27,2025-03-30,1,"quantile",0.9,188419.5
"3563","DE","00-04",2025-03-27,2025-03-30,1,"quantile",0.975,198064.175
"3564","DE","00-04",2025-03-27,2025-04-06,2,"quantile",0.025,139623.45
"3565","DE","00-04",2025-03-27,2025-04-06,2,"quantile",0.1,148200.1
"3566","DE","00-04",2025-03-27,2025-04-06,2,"quantile",0.25,156575.25
"3567","DE","00-04",2025-03-27,2025-04-06,2,"quantile",0.5,166279
"3568","DE","00-04",2025-03-27,2025-04-06,2,"quantile",0.75,176276.75
"3569","DE","00-04",2025-03-27,2025-04-06,2,"quantile",0.9,186181.8
"3570","DE","00-04",2025-03-27,2025-04-06,2,"quantile",0.975,198520.225
"3571","DE","00-04",2025-03-27,2025-04-13,3,"quantile",0.025,126035.475
"3572","DE","00-04",2025-03-27,2025-04-13,3,"quantile",0.1,135269.2
"3573","DE","00-04",2025-03-27,2025-04-13,3,"quantile",0.25,144258.75
"3574","DE","00-04",2025-03-27,2025-04-13,3,"quantile",0.5,154846
"3575","DE","00-04",2025-03-27,2025-04-13,3,"quantile",0.75,165982
"3576","DE","00-04",2025-03-27,2025-04-13,3,"quantile",0.9,175957.6
"3577","DE","00-04",2025-03-27,2025-04-13,3,"quantile",0.975,188551.025
"3578","DE","00-04",2025-03-27,2025-04-20,4,"quantile",0.025,113231.8
"3579","DE","00-04",2025-03-27,2025-04-20,4,"quantile",0.1,122013.7
"3580","DE","00-04",2025-03-27,2025-04-20,4,"quantile",0.25,130404
"3581","DE","00-04",2025-03-27,2025-04-20,4,"quantile",0.5,140158
"3582","DE","00-04",2025-03-27,2025-04-20,4,"quantile",0.75,151133.25
"3583","DE","00-04",2025-03-27,2025-04-20,4,"quantile",0.9,161701
"3584","DE","00-04",2025-03-27,2025-04-20,4,"quantile",0.975,174035.65
"3585","DE","05-14",2025-03-27,2025-03-30,1,"quantile",0.025,102975.675
"3586","DE","05-14",2025-03-27,2025-03-30,1,"quantile",0.1,111020.3
"3587","DE","05-14",2025-03-27,2025-03-30,1,"quantile",0.25,118662.25
"3588","DE","05-14",2025-03-27,2025-03-30,1,"quantile",0.5,128184
"3589","DE","05-14",2025-03-27,2025-03-30,1,"quantile",0.75,137877
"3590","DE","05-14",2025-03-27,2025-03-30,1,"quantile",0.9,147813.3
"3591","DE","05-14",2025-03-27,2025-03-30,1,"quantile",0.975,159067.825
"3592","DE","05-14",2025-03-27,2025-04-06,2,"quantile",0.025,88175.475
"3593","DE","05-14",2025-03-27,2025-04-06,2,"quantile",0.1,97143.9
"3594","DE","05-14",2025-03-27,2025-04-06,2,"quantile",0.25,105644.25
"3595","DE","05-14",2025-03-27,2025-04-06,2,"quantile",0.5,116610
"3596","DE","05-14",2025-03-27,2025-04-06,2,"quantile",0.75,128552.25
"3597","DE","05-14",2025-03-27,2025-04-06,2,"quantile",0.9,140315.2
"3598","DE","05-14",2025-03-27,2025-04-06,2,"quantile",0.975,154676.225
"3599","DE","05-14",2025-03-27,2025-04-13,3,"quantile",0.025,82359.025
"3600","DE","05-14",2025-03-27,2025-04-13,3,"quantile",0.1,92816
"3601","DE","05-14",2025-03-27,2025-04-13,3,"quantile",0.25,102083.5
"3602","DE","05-14",2025-03-27,2025-04-13,3,"quantile",0.5,113478.5
"3603","DE","05-14",2025-03-27,2025-04-13,3,"quantile",0.75,126476
"3604","DE","05-14",2025-03-27,2025-04-13,3,"quantile",0.9,139013.9
"3605","DE","05-14",2025-03-27,2025-04-13,3,"quantile",0.975,155814.55
"3606","DE","05-14",2025-03-27,2025-04-20,4,"quantile",0.025,75350.25
"3607","DE","05-14",2025-03-27,2025-04-20,4,"quantile",0.1,83924.7
"3608","DE","05-14",2025-03-27,2025-04-20,4,"quantile",0.25,93377.25
"3609","DE","05-14",2025-03-27,2025-04-20,4,"quantile",0.5,104957
"3610","DE","05-14",2025-03-27,2025-04-20,4,"quantile",0.75,117648.25
"3611","DE","05-14",2025-03-27,2025-04-20,4,"quantile",0.9,130460.7
"3612","DE","05-14",2025-03-27,2025-04-20,4,"quantile",0.975,145371
"3613","DE","15-34",2025-03-27,2025-03-30,1,"quantile",0.025,240671.525
"3614","DE","15-34",2025-03-27,2025-03-30,1,"quantile",0.1,258783.5
"3615","DE","15-34",2025-03-27,2025-03-30,1,"quantile",0.25,277733
"3616","DE","15-34",2025-03-27,2025-03-30,1,"quantile",0.5,299779
"3617","DE","15-34",2025-03-27,2025-03-30,1,"quantile",0.75,323879.75
"3618","DE","15-34",2025-03-27,2025-03-30,1,"quantile",0.9,346358.9
"3619","DE","15-34",2025-03-27,2025-03-30,1,"quantile",0.975,373747.35
"3620","DE","15-34",2025-03-27,2025-04-06,2,"quantile",0.025,214912.95
"3621","DE","15-34",2025-03-27,2025-04-06,2,"quantile",0.1,237042.3
"3622","DE","15-34",2025-03-27,2025-04-06,2,"quantile",0.25,258025.75
"3623","DE","15-34",2025-03-27,2025-04-06,2,"quantile",0.5,283785.5
"3624","DE","15-34",2025-03-27,2025-04-06,2,"quantile",0.75,312410.5
"3625","DE","15-34",2025-03-27,2025-04-06,2,"quantile",0.9,340434.6
"3626","DE","15-34",2025-03-27,2025-04-06,2,"quantile",0.975,374716.625
"3627","DE","15-34",2025-03-27,2025-04-13,3,"quantile",0.025,190120.4
"3628","DE","15-34",2025-03-27,2025-04-13,3,"quantile",0.1,211195.7
"3629","DE","15-34",2025-03-27,2025-04-13,3,"quantile",0.25,232563.75
"3630","DE","15-34",2025-03-27,2025-04-13,3,"quantile",0.5,259126.5
"3631","DE","15-34",2025-03-27,2025-04-13,3,"quantile",0.75,287915.75
"3632","DE","15-34",2025-03-27,2025-04-13,3,"quantile",0.9,317484.9
"3633","DE","15-34",2025-03-27,2025-04-13,3,"quantile",0.975,354749.05
"3634","DE","15-34",2025-03-27,2025-04-20,4,"quantile",0.025,162660.85
"3635","DE","15-34",2025-03-27,2025-04-20,4,"quantile",0.1,182671.6
"3636","DE","15-34",2025-03-27,2025-04-20,4,"quantile",0.25,202465
"3637","DE","15-34",2025-03-27,2025-04-20,4,"quantile",0.5,225702
"3638","DE","15-34",2025-03-27,2025-04-20,4,"quantile",0.75,253383.5
"3639","DE","15-34",2025-03-27,2025-04-20,4,"quantile",0.9,280407.3
"3640","DE","15-34",2025-03-27,2025-04-20,4,"quantile",0.975,315627.875
"3641","DE","35-59",2025-03-27,2025-03-30,1,"quantile",0.025,286725.35
"3642","DE","35-59",2025-03-27,2025-03-30,1,"quantile",0.1,310605.4
"3643","DE","35-59",2025-03-27,2025-03-30,1,"quantile",0.25,335214.5
"3644","DE","35-59",2025-03-27,2025-03-30,1,"quantile",0.5,365107
"3645","DE","35-59",2025-03-27,2025-03-30,1,"quantile",0.75,396650
"3646","DE","35-59",2025-03-27,2025-03-30,1,"quantile",0.9,426370.9
"3647","DE","35-59",2025-03-27,2025-03-30,1,"quantile",0.975,461886.1
"3648","DE","35-59",2025-03-27,2025-04-06,2,"quantile",0.025,258722.025
"3649","DE","35-59",2025-03-27,2025-04-06,2,"quantile",0.1,286925.3
"3650","DE","35-59",2025-03-27,2025-04-06,2,"quantile",0.25,316549.75
"3651","DE","35-59",2025-03-27,2025-04-06,2,"quantile",0.5,352456.5
"3652","DE","35-59",2025-03-27,2025-04-06,2,"quantile",0.75,392985.75
"3653","DE","35-59",2025-03-27,2025-04-06,2,"quantile",0.9,434554.7
"3654","DE","35-59",2025-03-27,2025-04-06,2,"quantile",0.975,487897.625
"3655","DE","35-59",2025-03-27,2025-04-13,3,"quantile",0.025,209038.175
"3656","DE","35-59",2025-03-27,2025-04-13,3,"quantile",0.1,238860.3
"3657","DE","35-59",2025-03-27,2025-04-13,3,"quantile",0.25,266230.5
"3658","DE","35-59",2025-03-27,2025-04-13,3,"quantile",0.5,302974
"3659","DE","35-59",2025-03-27,2025-04-13,3,"quantile",0.75,345047.5
"3660","DE","35-59",2025-03-27,2025-04-13,3,"quantile",0.9,388613.1
"3661","DE","35-59",2025-03-27,2025-04-13,3,"quantile",0.975,445967.8
"3662","DE","35-59",2025-03-27,2025-04-20,4,"quantile",0.025,175567.775
"3663","DE","35-59",2025-03-27,2025-04-20,4,"quantile",0.1,199447
"3664","DE","35-59",2025-03-27,2025-04-20,4,"quantile",0.25,224666.25
"3665","DE","35-59",2025-03-27,2025-04-20,4,"quantile",0.5,257158
"3666","DE","35-59",2025-03-27,2025-04-20,4,"quantile",0.75,294979
"3667","DE","35-59",2025-03-27,2025-04-20,4,"quantile",0.9,334757.8
"3668","DE","35-59",2025-03-27,2025-04-20,4,"quantile",0.975,380738.65
"3669","DE","60+",2025-03-27,2025-03-30,1,"quantile",0.025,114888.825
"3670","DE","60+",2025-03-27,2025-03-30,1,"quantile",0.1,124104.9
"3671","DE","60+",2025-03-27,2025-03-30,1,"quantile",0.25,133439
"3672","DE","60+",2025-03-27,2025-03-30,1,"quantile",0.5,144766.5
"3673","DE","60+",2025-03-27,2025-03-30,1,"quantile",0.75,157279.5
"3674","DE","60+",2025-03-27,2025-03-30,1,"quantile",0.9,168564.3
"3675","DE","60+",2025-03-27,2025-03-30,1,"quantile",0.975,182798.55
"3676","DE","60+",2025-03-27,2025-04-06,2,"quantile",0.025,109281.35
"3677","DE","60+",2025-03-27,2025-04-06,2,"quantile",0.1,121234.7
"3678","DE","60+",2025-03-27,2025-04-06,2,"quantile",0.25,133202.25
"3679","DE","60+",2025-03-27,2025-04-06,2,"quantile",0.5,148226
"3680","DE","60+",2025-03-27,2025-04-06,2,"quantile",0.75,164099.5
"3681","DE","60+",2025-03-27,2025-04-06,2,"quantile",0.9,179867.2
"3682","DE","60+",2025-03-27,2025-04-06,2,"quantile",0.975,198878.775
"3683","DE","60+",2025-03-27,2025-04-13,3,"quantile",0.025,90041.6
"3684","DE","60+",2025-03-27,2025-04-13,3,"quantile",0.1,101628.7
"3685","DE","60+",2025-03-27,2025-04-13,3,"quantile",0.25,113905.5
"3686","DE","60+",2025-03-27,2025-04-13,3,"quantile",0.5,128245
"3687","DE","60+",2025-03-27,2025-04-13,3,"quantile",0.75,144768.25
"3688","DE","60+",2025-03-27,2025-04-13,3,"quantile",0.9,162672.3
"3689","DE","60+",2025-03-27,2025-04-13,3,"quantile",0.975,182823.2
"3690","DE","60+",2025-03-27,2025-04-20,4,"quantile",0.025,74598.675
"3691","DE","60+",2025-03-27,2025-04-20,4,"quantile",0.1,85123.6
"3692","DE","60+",2025-03-27,2025-04-20,4,"quantile",0.25,95722.5
"3693","DE","60+",2025-03-27,2025-04-20,4,"quantile",0.5,109179.5
"3694","DE","60+",2025-03-27,2025-04-20,4,"quantile",0.75,125344
"3695","DE","60+",2025-03-27,2025-04-20,4,"quantile",0.9,141561.3
"3696","DE","60+",2025-03-27,2025-04-20,4,"quantile",0.975,160343.075
