"","location","age_group","forecast_date","target_end_date","horizon","type","quantile","value"
"1","DE","00+",2025-10-16,2025-10-19,1,"quantile",0.025,1001076.59254811
"2","DE","00+",2025-10-16,2025-10-19,1,"quantile",0.1,1079048.17198383
"3","DE","00+",2025-10-16,2025-10-19,1,"quantile",0.25,1151617.68665862
"4","DE","00+",2025-10-16,2025-10-19,1,"quantile",0.5,1238440.14437011
"5","DE","00+",2025-10-16,2025-10-19,1,"quantile",0.75,1330241.50626747
"6","DE","00+",2025-10-16,2025-10-19,1,"quantile",0.9,1417594.20540655
"7","DE","00+",2025-10-16,2025-10-19,1,"quantile",0.975,1520756.28885827
"8","DE","00+",2025-10-16,2025-10-26,2,"quantile",0.025,907073.342196475
"9","DE","00+",2025-10-16,2025-10-26,2,"quantile",0.1,1001638.35677314
"10","DE","00+",2025-10-16,2025-10-26,2,"quantile",0.25,1082055.80010112
"11","DE","00+",2025-10-16,2025-10-26,2,"quantile",0.5,1186838.79169174
"12","DE","00+",2025-10-16,2025-10-26,2,"quantile",0.75,1302866.30241459
"13","DE","00+",2025-10-16,2025-10-26,2,"quantile",0.9,1419244.50997997
"14","DE","00+",2025-10-16,2025-10-26,2,"quantile",0.975,1552698.14054586
"15","DE","00+",2025-10-16,2025-11-02,3,"quantile",0.025,687346.466963609
"16","DE","00+",2025-10-16,2025-11-02,3,"quantile",0.1,766197.692131833
"17","DE","00+",2025-10-16,2025-11-02,3,"quantile",0.25,846467.759812543
"18","DE","00+",2025-10-16,2025-11-02,3,"quantile",0.5,946597.392522879
"19","DE","00+",2025-10-16,2025-11-02,3,"quantile",0.75,1058553.34820224
"20","DE","00+",2025-10-16,2025-11-02,3,"quantile",0.9,1164009.44644572
"21","DE","00+",2025-10-16,2025-11-02,3,"quantile",0.975,1299273.82794656
"22","DE","00+",2025-10-16,2025-11-09,4,"quantile",0.025,819655.18556664
"23","DE","00+",2025-10-16,2025-11-09,4,"quantile",0.1,917339.835563948
"24","DE","00+",2025-10-16,2025-11-09,4,"quantile",0.25,1020973.59223653
"25","DE","00+",2025-10-16,2025-11-09,4,"quantile",0.5,1151692.74981053
"26","DE","00+",2025-10-16,2025-11-09,4,"quantile",0.75,1291039.16241304
"27","DE","00+",2025-10-16,2025-11-09,4,"quantile",0.9,1434933.76147013
"28","DE","00+",2025-10-16,2025-11-09,4,"quantile",0.975,1612246.07498274
"29","DE","00-04",2025-10-16,2025-10-19,1,"quantile",0.025,132769.997784161
"30","DE","00-04",2025-10-16,2025-10-19,1,"quantile",0.1,139730.161305674
"31","DE","00-04",2025-10-16,2025-10-19,1,"quantile",0.25,146167.009280582
"32","DE","00-04",2025-10-16,2025-10-19,1,"quantile",0.5,153729.372517953
"33","DE","00-04",2025-10-16,2025-10-19,1,"quantile",0.75,161711.154306622
"34","DE","00-04",2025-10-16,2025-10-19,1,"quantile",0.9,169219.627625221
"35","DE","00-04",2025-10-16,2025-10-19,1,"quantile",0.975,177717.470865109
"36","DE","00-04",2025-10-16,2025-10-26,2,"quantile",0.025,134401.240062112
"37","DE","00-04",2025-10-16,2025-10-26,2,"quantile",0.1,143231.462640346
"38","DE","00-04",2025-10-16,2025-10-26,2,"quantile",0.25,151466.999130016
"39","DE","00-04",2025-10-16,2025-10-26,2,"quantile",0.5,161157.092334438
"40","DE","00-04",2025-10-16,2025-10-26,2,"quantile",0.75,171819.108736674
"41","DE","00-04",2025-10-16,2025-10-26,2,"quantile",0.9,181769.783074765
"42","DE","00-04",2025-10-16,2025-10-26,2,"quantile",0.975,193507.423135752
"43","DE","00-04",2025-10-16,2025-11-02,3,"quantile",0.025,113371.917145681
"44","DE","00-04",2025-10-16,2025-11-02,3,"quantile",0.1,122162.580061081
"45","DE","00-04",2025-10-16,2025-11-02,3,"quantile",0.25,129881.802060712
"46","DE","00-04",2025-10-16,2025-11-02,3,"quantile",0.5,139655.23266745
"47","DE","00-04",2025-10-16,2025-11-02,3,"quantile",0.75,150065.05957337
"48","DE","00-04",2025-10-16,2025-11-02,3,"quantile",0.9,160017.616977816
"49","DE","00-04",2025-10-16,2025-11-02,3,"quantile",0.975,172132.141256053
"50","DE","00-04",2025-10-16,2025-11-09,4,"quantile",0.025,129102.950974674
"51","DE","00-04",2025-10-16,2025-11-09,4,"quantile",0.1,139636.164746483
"52","DE","00-04",2025-10-16,2025-11-09,4,"quantile",0.25,149112.94610921
"53","DE","00-04",2025-10-16,2025-11-09,4,"quantile",0.5,161034.78678568
"54","DE","00-04",2025-10-16,2025-11-09,4,"quantile",0.75,173945.843177551
"55","DE","00-04",2025-10-16,2025-11-09,4,"quantile",0.9,186431.601617705
"56","DE","00-04",2025-10-16,2025-11-09,4,"quantile",0.975,201298.315645419
"57","DE","05-14",2025-10-16,2025-10-19,1,"quantile",0.025,85618.8799084787
"58","DE","05-14",2025-10-16,2025-10-19,1,"quantile",0.1,93084.387216897
"59","DE","05-14",2025-10-16,2025-10-19,1,"quantile",0.25,100223.007734599
"60","DE","05-14",2025-10-16,2025-10-19,1,"quantile",0.5,108670.514771532
"61","DE","05-14",2025-10-16,2025-10-19,1,"quantile",0.75,117641.292457001
"62","DE","05-14",2025-10-16,2025-10-19,1,"quantile",0.9,126357.692414219
"63","DE","05-14",2025-10-16,2025-10-19,1,"quantile",0.975,136888.194312246
"64","DE","05-14",2025-10-16,2025-10-26,2,"quantile",0.025,81140.0817052815
"65","DE","05-14",2025-10-16,2025-10-26,2,"quantile",0.1,90599.4091053085
"66","DE","05-14",2025-10-16,2025-10-26,2,"quantile",0.25,98809.9497056079
"67","DE","05-14",2025-10-16,2025-10-26,2,"quantile",0.5,109463.236794396
"68","DE","05-14",2025-10-16,2025-10-26,2,"quantile",0.75,121504.657471795
"69","DE","05-14",2025-10-16,2025-10-26,2,"quantile",0.9,133268.603209985
"70","DE","05-14",2025-10-16,2025-10-26,2,"quantile",0.975,147141.712334255
"71","DE","05-14",2025-10-16,2025-11-02,3,"quantile",0.025,65243.1521240835
"72","DE","05-14",2025-10-16,2025-11-02,3,"quantile",0.1,73592.890997744
"73","DE","05-14",2025-10-16,2025-11-02,3,"quantile",0.25,81684.8331324329
"74","DE","05-14",2025-10-16,2025-11-02,3,"quantile",0.5,92092.6207084756
"75","DE","05-14",2025-10-16,2025-11-02,3,"quantile",0.75,104316.917473399
"76","DE","05-14",2025-10-16,2025-11-02,3,"quantile",0.9,115997.192187897
"77","DE","05-14",2025-10-16,2025-11-02,3,"quantile",0.975,130570.635491776
"78","DE","05-14",2025-10-16,2025-11-09,4,"quantile",0.025,82861.3760609576
"79","DE","05-14",2025-10-16,2025-11-09,4,"quantile",0.1,93613.8659616626
"80","DE","05-14",2025-10-16,2025-11-09,4,"quantile",0.25,105303.753566174
"81","DE","05-14",2025-10-16,2025-11-09,4,"quantile",0.5,119584.653794986
"82","DE","05-14",2025-10-16,2025-11-09,4,"quantile",0.75,135604.334799929
"83","DE","05-14",2025-10-16,2025-11-09,4,"quantile",0.9,152139.326767755
"84","DE","05-14",2025-10-16,2025-11-09,4,"quantile",0.975,173036.854165009
"85","DE","15-34",2025-10-16,2025-10-19,1,"quantile",0.025,302929.526736459
"86","DE","15-34",2025-10-16,2025-10-19,1,"quantile",0.1,328983.239928359
"87","DE","15-34",2025-10-16,2025-10-19,1,"quantile",0.25,352781.227408178
"88","DE","15-34",2025-10-16,2025-10-19,1,"quantile",0.5,382779.701852082
"89","DE","15-34",2025-10-16,2025-10-19,1,"quantile",0.75,414915.158097424
"90","DE","15-34",2025-10-16,2025-10-19,1,"quantile",0.9,445964.203027753
"91","DE","15-34",2025-10-16,2025-10-19,1,"quantile",0.975,480753.895021157
"92","DE","15-34",2025-10-16,2025-10-26,2,"quantile",0.025,262285.576794274
"93","DE","15-34",2025-10-16,2025-10-26,2,"quantile",0.1,291044.706255472
"94","DE","15-34",2025-10-16,2025-10-26,2,"quantile",0.25,317725.192333376
"95","DE","15-34",2025-10-16,2025-10-26,2,"quantile",0.5,350225.442746528
"96","DE","15-34",2025-10-16,2025-10-26,2,"quantile",0.75,387906.258313074
"97","DE","15-34",2025-10-16,2025-10-26,2,"quantile",0.9,425224.977806686
"98","DE","15-34",2025-10-16,2025-10-26,2,"quantile",0.975,468185.841070842
"99","DE","15-34",2025-10-16,2025-11-02,3,"quantile",0.025,198385.722377686
"100","DE","15-34",2025-10-16,2025-11-02,3,"quantile",0.1,222581.230783509
"101","DE","15-34",2025-10-16,2025-11-02,3,"quantile",0.25,246534.000847894
"102","DE","15-34",2025-10-16,2025-11-02,3,"quantile",0.5,275706.952655224
"103","DE","15-34",2025-10-16,2025-11-02,3,"quantile",0.75,309021.657679248
"104","DE","15-34",2025-10-16,2025-11-02,3,"quantile",0.9,342723.475571301
"105","DE","15-34",2025-10-16,2025-11-02,3,"quantile",0.975,384373.995018348
"106","DE","15-34",2025-10-16,2025-11-09,4,"quantile",0.025,237505.489692348
"107","DE","15-34",2025-10-16,2025-11-09,4,"quantile",0.1,267524.200739555
"108","DE","15-34",2025-10-16,2025-11-09,4,"quantile",0.25,295846.050145818
"109","DE","15-34",2025-10-16,2025-11-09,4,"quantile",0.5,335281.361961641
"110","DE","15-34",2025-10-16,2025-11-09,4,"quantile",0.75,378850.306783142
"111","DE","15-34",2025-10-16,2025-11-09,4,"quantile",0.9,422906.336583081
"112","DE","15-34",2025-10-16,2025-11-09,4,"quantile",0.975,476777.672369514
"113","DE","35-59",2025-10-16,2025-10-19,1,"quantile",0.025,343233.922515689
"114","DE","35-59",2025-10-16,2025-10-19,1,"quantile",0.1,375782.029418514
"115","DE","35-59",2025-10-16,2025-10-19,1,"quantile",0.25,406938.013895174
"116","DE","35-59",2025-10-16,2025-10-19,1,"quantile",0.5,444979.894319108
"117","DE","35-59",2025-10-16,2025-10-19,1,"quantile",0.75,484916.24622532
"118","DE","35-59",2025-10-16,2025-10-19,1,"quantile",0.9,524279.989734512
"119","DE","35-59",2025-10-16,2025-10-19,1,"quantile",0.975,570475.771492454
"120","DE","35-59",2025-10-16,2025-10-26,2,"quantile",0.025,299993.27506357
"121","DE","35-59",2025-10-16,2025-10-26,2,"quantile",0.1,338796.989161931
"122","DE","35-59",2025-10-16,2025-10-26,2,"quantile",0.25,373219.591823161
"123","DE","35-59",2025-10-16,2025-10-26,2,"quantile",0.5,418589.553950611
"124","DE","35-59",2025-10-16,2025-10-26,2,"quantile",0.75,469532.979480518
"125","DE","35-59",2025-10-16,2025-10-26,2,"quantile",0.9,521929.782280498
"126","DE","35-59",2025-10-16,2025-10-26,2,"quantile",0.975,584190.880212057
"127","DE","35-59",2025-10-16,2025-11-02,3,"quantile",0.025,216942.15831534
"128","DE","35-59",2025-10-16,2025-11-02,3,"quantile",0.1,248569.828570664
"129","DE","35-59",2025-10-16,2025-11-02,3,"quantile",0.25,281380.444228235
"130","DE","35-59",2025-10-16,2025-11-02,3,"quantile",0.5,323221.566772182
"131","DE","35-59",2025-10-16,2025-11-02,3,"quantile",0.75,371615.804354947
"132","DE","35-59",2025-10-16,2025-11-02,3,"quantile",0.9,419511.561900433
"133","DE","35-59",2025-10-16,2025-11-02,3,"quantile",0.975,480701.007516425
"134","DE","35-59",2025-10-16,2025-11-09,4,"quantile",0.025,261025.430804764
"135","DE","35-59",2025-10-16,2025-11-09,4,"quantile",0.1,300524.016742081
"136","DE","35-59",2025-10-16,2025-11-09,4,"quantile",0.25,343112.598354315
"137","DE","35-59",2025-10-16,2025-11-09,4,"quantile",0.5,398742.489154714
"138","DE","35-59",2025-10-16,2025-11-09,4,"quantile",0.75,461058.002160584
"139","DE","35-59",2025-10-16,2025-11-09,4,"quantile",0.9,525649.329032961
"140","DE","35-59",2025-10-16,2025-11-09,4,"quantile",0.975,608649.8117861
"141","DE","60+",2025-10-16,2025-10-19,1,"quantile",0.025,120815.725570678
"142","DE","60+",2025-10-16,2025-10-19,1,"quantile",0.1,131820.720012571
"143","DE","60+",2025-10-16,2025-10-19,1,"quantile",0.25,141846.529289612
"144","DE","60+",2025-10-16,2025-10-19,1,"quantile",0.5,154296.080720426
"145","DE","60+",2025-10-16,2025-10-19,1,"quantile",0.75,167910.771181106
"146","DE","60+",2025-10-16,2025-10-19,1,"quantile",0.9,180585.657806805
"147","DE","60+",2025-10-16,2025-10-19,1,"quantile",0.975,196471.628475276
"148","DE","60+",2025-10-16,2025-10-26,2,"quantile",0.025,107358.557144649
"149","DE","60+",2025-10-16,2025-10-26,2,"quantile",0.1,120144.888065798
"150","DE","60+",2025-10-16,2025-10-26,2,"quantile",0.25,132312.540363933
"151","DE","60+",2025-10-16,2025-10-26,2,"quantile",0.5,147254.797422146
"152","DE","60+",2025-10-16,2025-10-26,2,"quantile",0.75,165179.63511108
"153","DE","60+",2025-10-16,2025-10-26,2,"quantile",0.9,181987.41373606
"154","DE","60+",2025-10-16,2025-10-26,2,"quantile",0.975,203157.028559059
"155","DE","60+",2025-10-16,2025-11-02,3,"quantile",0.025,77327.5191050301
"156","DE","60+",2025-10-16,2025-11-02,3,"quantile",0.1,88098.1698723451
"157","DE","60+",2025-10-16,2025-11-02,3,"quantile",0.25,98641.6317569002
"158","DE","60+",2025-10-16,2025-11-02,3,"quantile",0.5,112111.845442147
"159","DE","60+",2025-10-16,2025-11-02,3,"quantile",0.75,127816.686468795
"160","DE","60+",2025-10-16,2025-11-02,3,"quantile",0.9,142781.848970884
"161","DE","60+",2025-10-16,2025-11-02,3,"quantile",0.975,163188.603370841
"162","DE","60+",2025-10-16,2025-11-09,4,"quantile",0.025,90973.5495620135
"163","DE","60+",2025-10-16,2025-11-09,4,"quantile",0.1,104152.239031503
"164","DE","60+",2025-10-16,2025-11-09,4,"quantile",0.25,117485.428872636
"165","DE","60+",2025-10-16,2025-11-09,4,"quantile",0.5,134929.691730845
"166","DE","60+",2025-10-16,2025-11-09,4,"quantile",0.75,154666.056101837
"167","DE","60+",2025-10-16,2025-11-09,4,"quantile",0.9,175165.431164874
"168","DE","60+",2025-10-16,2025-11-09,4,"quantile",0.975,201365.998034576
"169","DE","00+",2025-10-23,2025-10-26,1,"quantile",0.025,936766.167080965
"170","DE","00+",2025-10-23,2025-10-26,1,"quantile",0.1,1009499.25748908
"171","DE","00+",2025-10-23,2025-10-26,1,"quantile",0.25,1072882.08895881
"172","DE","00+",2025-10-23,2025-10-26,1,"quantile",0.5,1150995.36337501
"173","DE","00+",2025-10-23,2025-10-26,1,"quantile",0.75,1235316.34750147
"174","DE","00+",2025-10-23,2025-10-26,1,"quantile",0.9,1314305.36282357
"175","DE","00+",2025-10-23,2025-10-26,1,"quantile",0.975,1412840.85652661
"176","DE","00+",2025-10-23,2025-11-02,2,"quantile",0.025,699634.893949129
"177","DE","00+",2025-10-23,2025-11-02,2,"quantile",0.1,768790.179976048
"178","DE","00+",2025-10-23,2025-11-02,2,"quantile",0.25,832744.348429996
"179","DE","00+",2025-10-23,2025-11-02,2,"quantile",0.5,914138.370005722
"180","DE","00+",2025-10-23,2025-11-02,2,"quantile",0.75,1003174.90060351
"181","DE","00+",2025-10-23,2025-11-02,2,"quantile",0.9,1090206.69538059
"182","DE","00+",2025-10-23,2025-11-02,2,"quantile",0.975,1200409.23122001
"183","DE","00+",2025-10-23,2025-11-09,3,"quantile",0.025,811976.58154532
"184","DE","00+",2025-10-23,2025-11-09,3,"quantile",0.1,910630.744509871
"185","DE","00+",2025-10-23,2025-11-09,3,"quantile",0.25,1003568.55950358
"186","DE","00+",2025-10-23,2025-11-09,3,"quantile",0.5,1115213.33052088
"187","DE","00+",2025-10-23,2025-11-09,3,"quantile",0.75,1239987.55642436
"188","DE","00+",2025-10-23,2025-11-09,3,"quantile",0.9,1372631.28471787
"189","DE","00+",2025-10-23,2025-11-09,3,"quantile",0.975,1528708.48724607
"190","DE","00+",2025-10-23,2025-11-16,4,"quantile",0.025,791236.0378083
"191","DE","00+",2025-10-23,2025-11-16,4,"quantile",0.1,890516.82778412
"192","DE","00+",2025-10-23,2025-11-16,4,"quantile",0.25,984759.480200531
"193","DE","00+",2025-10-23,2025-11-16,4,"quantile",0.5,1101917.69830749
"194","DE","00+",2025-10-23,2025-11-16,4,"quantile",0.75,1238845.48683915
"195","DE","00+",2025-10-23,2025-11-16,4,"quantile",0.9,1372562.87979312
"196","DE","00+",2025-10-23,2025-11-16,4,"quantile",0.975,1550357.69706026
"197","DE","00-04",2025-10-23,2025-10-26,1,"quantile",0.025,132740.882723653
"198","DE","00-04",2025-10-23,2025-10-26,1,"quantile",0.1,140208.913294679
"199","DE","00-04",2025-10-23,2025-10-26,1,"quantile",0.25,146761.050328548
"200","DE","00-04",2025-10-23,2025-10-26,1,"quantile",0.5,154390.792150591
"201","DE","00-04",2025-10-23,2025-10-26,1,"quantile",0.75,162313.776640992
"202","DE","00-04",2025-10-23,2025-10-26,1,"quantile",0.9,169909.739211387
"203","DE","00-04",2025-10-23,2025-10-26,1,"quantile",0.975,178652.228087539
"204","DE","00-04",2025-10-23,2025-11-02,2,"quantile",0.025,111778.675661664
"205","DE","00-04",2025-10-23,2025-11-02,2,"quantile",0.1,118705.389285598
"206","DE","00-04",2025-10-23,2025-11-02,2,"quantile",0.25,125669.304489751
"207","DE","00-04",2025-10-23,2025-11-02,2,"quantile",0.5,133915.370977073
"208","DE","00-04",2025-10-23,2025-11-02,2,"quantile",0.75,142747.156945548
"209","DE","00-04",2025-10-23,2025-11-02,2,"quantile",0.9,151159.541234582
"210","DE","00-04",2025-10-23,2025-11-02,2,"quantile",0.975,160933.123361938
"211","DE","00-04",2025-10-23,2025-11-09,3,"quantile",0.025,126746.152536591
"212","DE","00-04",2025-10-23,2025-11-09,3,"quantile",0.1,135908.882108748
"213","DE","00-04",2025-10-23,2025-11-09,3,"quantile",0.25,145112.887083258
"214","DE","00-04",2025-10-23,2025-11-09,3,"quantile",0.5,156258.687077434
"215","DE","00-04",2025-10-23,2025-11-09,3,"quantile",0.75,167791.651889456
"216","DE","00-04",2025-10-23,2025-11-09,3,"quantile",0.9,179129.579746876
"217","DE","00-04",2025-10-23,2025-11-09,3,"quantile",0.975,193317.658637966
"218","DE","00-04",2025-10-23,2025-11-16,4,"quantile",0.025,130831.21160641
"219","DE","00-04",2025-10-23,2025-11-16,4,"quantile",0.1,141756.070900036
"220","DE","00-04",2025-10-23,2025-11-16,4,"quantile",0.25,151636.857456119
"221","DE","00-04",2025-10-23,2025-11-16,4,"quantile",0.5,163738.762245265
"222","DE","00-04",2025-10-23,2025-11-16,4,"quantile",0.75,177160.981080096
"223","DE","00-04",2025-10-23,2025-11-16,4,"quantile",0.9,189968.985779494
"224","DE","00-04",2025-10-23,2025-11-16,4,"quantile",0.975,205093.809687577
"225","DE","05-14",2025-10-23,2025-10-26,1,"quantile",0.025,70167.9191092965
"226","DE","05-14",2025-10-23,2025-10-26,1,"quantile",0.1,75914.1669558783
"227","DE","05-14",2025-10-23,2025-10-26,1,"quantile",0.25,81347.617221845
"228","DE","05-14",2025-10-23,2025-10-26,1,"quantile",0.5,87999.0200941874
"229","DE","05-14",2025-10-23,2025-10-26,1,"quantile",0.75,95242.4175881557
"230","DE","05-14",2025-10-23,2025-10-26,1,"quantile",0.9,102237.848444053
"231","DE","05-14",2025-10-23,2025-10-26,1,"quantile",0.975,110791.169708301
"232","DE","05-14",2025-10-23,2025-11-02,2,"quantile",0.025,55834.8826212744
"233","DE","05-14",2025-10-23,2025-11-02,2,"quantile",0.1,61915.8913468849
"234","DE","05-14",2025-10-23,2025-11-02,2,"quantile",0.25,67817.3759871748
"235","DE","05-14",2025-10-23,2025-11-02,2,"quantile",0.5,75030.9301821703
"236","DE","05-14",2025-10-23,2025-11-02,2,"quantile",0.75,83439.3649209284
"237","DE","05-14",2025-10-23,2025-11-02,2,"quantile",0.9,91373.2567793258
"238","DE","05-14",2025-10-23,2025-11-02,2,"quantile",0.975,101573.367690371
"239","DE","05-14",2025-10-23,2025-11-09,3,"quantile",0.025,72250.5043232303
"240","DE","05-14",2025-10-23,2025-11-09,3,"quantile",0.1,81659.6607215715
"241","DE","05-14",2025-10-23,2025-11-09,3,"quantile",0.25,91151.6207715861
"242","DE","05-14",2025-10-23,2025-11-09,3,"quantile",0.5,102317.871413242
"243","DE","05-14",2025-10-23,2025-11-09,3,"quantile",0.75,114855.368982318
"244","DE","05-14",2025-10-23,2025-11-09,3,"quantile",0.9,128420.815292078
"245","DE","05-14",2025-10-23,2025-11-09,3,"quantile",0.975,145461.70321581
"246","DE","05-14",2025-10-23,2025-11-16,4,"quantile",0.025,81880.2020441394
"247","DE","05-14",2025-10-23,2025-11-16,4,"quantile",0.1,93329.4115469204
"248","DE","05-14",2025-10-23,2025-11-16,4,"quantile",0.25,103875.932568664
"249","DE","05-14",2025-10-23,2025-11-16,4,"quantile",0.5,117719.37321512
"250","DE","05-14",2025-10-23,2025-11-16,4,"quantile",0.75,133243.836939719
"251","DE","05-14",2025-10-23,2025-11-16,4,"quantile",0.9,148103.158308368
"252","DE","05-14",2025-10-23,2025-11-16,4,"quantile",0.975,168572.669975007
"253","DE","15-34",2025-10-23,2025-10-26,1,"quantile",0.025,282807.862159843
"254","DE","15-34",2025-10-23,2025-10-26,1,"quantile",0.1,307583.823727612
"255","DE","15-34",2025-10-23,2025-10-26,1,"quantile",0.25,331056.259135514
"256","DE","15-34",2025-10-23,2025-10-26,1,"quantile",0.5,358366.924826959
"257","DE","15-34",2025-10-23,2025-10-26,1,"quantile",0.75,388398.950365521
"258","DE","15-34",2025-10-23,2025-10-26,1,"quantile",0.9,417275.856048628
"259","DE","15-34",2025-10-23,2025-10-26,1,"quantile",0.975,451928.73388736
"260","DE","15-34",2025-10-23,2025-11-02,2,"quantile",0.025,211369.149731825
"261","DE","15-34",2025-10-23,2025-11-02,2,"quantile",0.1,232368.884656751
"262","DE","15-34",2025-10-23,2025-11-02,2,"quantile",0.25,254109.76631972
"263","DE","15-34",2025-10-23,2025-11-02,2,"quantile",0.5,281966.313635236
"264","DE","15-34",2025-10-23,2025-11-02,2,"quantile",0.75,311157.784770379
"265","DE","15-34",2025-10-23,2025-11-02,2,"quantile",0.9,340578.253649995
"266","DE","15-34",2025-10-23,2025-11-02,2,"quantile",0.975,377540.110221978
"267","DE","15-34",2025-10-23,2025-11-09,3,"quantile",0.025,245623.118911598
"268","DE","15-34",2025-10-23,2025-11-09,3,"quantile",0.1,274118.694385846
"269","DE","15-34",2025-10-23,2025-11-09,3,"quantile",0.25,303308.942559854
"270","DE","15-34",2025-10-23,2025-11-09,3,"quantile",0.5,341438.880145886
"271","DE","15-34",2025-10-23,2025-11-09,3,"quantile",0.75,381333.695160011
"272","DE","15-34",2025-10-23,2025-11-09,3,"quantile",0.9,421955.908641927
"273","DE","15-34",2025-10-23,2025-11-09,3,"quantile",0.975,477103.78601449
"274","DE","15-34",2025-10-23,2025-11-16,4,"quantile",0.025,230347.57607407
"275","DE","15-34",2025-10-23,2025-11-16,4,"quantile",0.1,262027.198501322
"276","DE","15-34",2025-10-23,2025-11-16,4,"quantile",0.25,290381.703414973
"277","DE","15-34",2025-10-23,2025-11-16,4,"quantile",0.5,328129.324327803
"278","DE","15-34",2025-10-23,2025-11-16,4,"quantile",0.75,371078.419056746
"279","DE","15-34",2025-10-23,2025-11-16,4,"quantile",0.9,414902.397008877
"280","DE","15-34",2025-10-23,2025-11-16,4,"quantile",0.975,469186.601798833
"281","DE","35-59",2025-10-23,2025-10-26,1,"quantile",0.025,322771.829168066
"282","DE","35-59",2025-10-23,2025-10-26,1,"quantile",0.1,353985.856742447
"283","DE","35-59",2025-10-23,2025-10-26,1,"quantile",0.25,380770.886160459
"284","DE","35-59",2025-10-23,2025-10-26,1,"quantile",0.5,415406.774094592
"285","DE","35-59",2025-10-23,2025-10-26,1,"quantile",0.75,452851.569395874
"286","DE","35-59",2025-10-23,2025-10-26,1,"quantile",0.9,488500.457172677
"287","DE","35-59",2025-10-23,2025-10-26,1,"quantile",0.975,533046.78104979
"288","DE","35-59",2025-10-23,2025-11-02,2,"quantile",0.025,229191.971470768
"289","DE","35-59",2025-10-23,2025-11-02,2,"quantile",0.1,257540.970612376
"290","DE","35-59",2025-10-23,2025-11-02,2,"quantile",0.25,284492.924259125
"291","DE","35-59",2025-10-23,2025-11-02,2,"quantile",0.5,319236.100971806
"292","DE","35-59",2025-10-23,2025-11-02,2,"quantile",0.75,358400.441946461
"293","DE","35-59",2025-10-23,2025-11-02,2,"quantile",0.9,396886.883515384
"294","DE","35-59",2025-10-23,2025-11-02,2,"quantile",0.975,447344.633321085
"295","DE","35-59",2025-10-23,2025-11-09,3,"quantile",0.025,264321.0104829
"296","DE","35-59",2025-10-23,2025-11-09,3,"quantile",0.1,304018.409264242
"297","DE","35-59",2025-10-23,2025-11-09,3,"quantile",0.25,344152.337336756
"298","DE","35-59",2025-10-23,2025-11-09,3,"quantile",0.5,391891.677692725
"299","DE","35-59",2025-10-23,2025-11-09,3,"quantile",0.75,447881.292203253
"300","DE","35-59",2025-10-23,2025-11-09,3,"quantile",0.9,509309.987929225
"301","DE","35-59",2025-10-23,2025-11-09,3,"quantile",0.975,580899.633502995
"302","DE","35-59",2025-10-23,2025-11-16,4,"quantile",0.025,245806.078020102
"303","DE","35-59",2025-10-23,2025-11-16,4,"quantile",0.1,285653.121328765
"304","DE","35-59",2025-10-23,2025-11-16,4,"quantile",0.25,323454.808447209
"305","DE","35-59",2025-10-23,2025-11-16,4,"quantile",0.5,372405.954895238
"306","DE","35-59",2025-10-23,2025-11-16,4,"quantile",0.75,431150.773961911
"307","DE","35-59",2025-10-23,2025-11-16,4,"quantile",0.9,490054.80788414
"308","DE","35-59",2025-10-23,2025-11-16,4,"quantile",0.975,571840.594583413
"309","DE","60+",2025-10-23,2025-10-26,1,"quantile",0.025,113853.215081382
"310","DE","60+",2025-10-23,2025-10-26,1,"quantile",0.1,123945.00209768
"311","DE","60+",2025-10-23,2025-10-26,1,"quantile",0.25,133614.606085336
"312","DE","60+",2025-10-23,2025-10-26,1,"quantile",0.5,145236.512348867
"313","DE","60+",2025-10-23,2025-10-26,1,"quantile",0.75,157905.519348814
"314","DE","60+",2025-10-23,2025-10-26,1,"quantile",0.9,170582.818733714
"315","DE","60+",2025-10-23,2025-10-26,1,"quantile",0.975,185399.530472465
"316","DE","60+",2025-10-23,2025-11-02,2,"quantile",0.025,80459.9450452765
"317","DE","60+",2025-10-23,2025-11-02,2,"quantile",0.1,89765.0646919356
"318","DE","60+",2025-10-23,2025-11-02,2,"quantile",0.25,99064.1220056503
"319","DE","60+",2025-10-23,2025-11-02,2,"quantile",0.5,110560.368790216
"320","DE","60+",2025-10-23,2025-11-02,2,"quantile",0.75,123503.152828539
"321","DE","60+",2025-10-23,2025-11-02,2,"quantile",0.9,136230.257413828
"322","DE","60+",2025-10-23,2025-11-02,2,"quantile",0.975,151651.257320597
"323","DE","60+",2025-10-23,2025-11-09,3,"quantile",0.025,91898.5212175148
"324","DE","60+",2025-10-23,2025-11-09,3,"quantile",0.1,104261.502825711
"325","DE","60+",2025-10-23,2025-11-09,3,"quantile",0.25,117138.773338303
"326","DE","60+",2025-10-23,2025-11-09,3,"quantile",0.5,133858.186077954
"327","DE","60+",2025-10-23,2025-11-09,3,"quantile",0.75,152167.333050616
"328","DE","60+",2025-10-23,2025-11-09,3,"quantile",0.9,170820.691459403
"329","DE","60+",2025-10-23,2025-11-09,3,"quantile",0.975,194907.444744103
"330","DE","60+",2025-10-23,2025-11-16,4,"quantile",0.025,82172.1184175576
"331","DE","60+",2025-10-23,2025-11-16,4,"quantile",0.1,95181.9155171074
"332","DE","60+",2025-10-23,2025-11-16,4,"quantile",0.25,107241.548964967
"333","DE","60+",2025-10-23,2025-11-16,4,"quantile",0.5,123053.848253855
"334","DE","60+",2025-10-23,2025-11-16,4,"quantile",0.75,141954.296057859
"335","DE","60+",2025-10-23,2025-11-16,4,"quantile",0.9,160694.957437164
"336","DE","60+",2025-10-23,2025-11-16,4,"quantile",0.975,183653.172370525
"337","DE","00+",2025-10-30,2025-11-02,1,"quantile",0.025,771996.882143164
"338","DE","00+",2025-10-30,2025-11-02,1,"quantile",0.1,830932.515380766
"339","DE","00+",2025-10-30,2025-11-02,1,"quantile",0.25,885573.626678983
"340","DE","00+",2025-10-30,2025-11-02,1,"quantile",0.5,947358.394218721
"341","DE","00+",2025-10-30,2025-11-02,1,"quantile",0.75,1018696.08959409
"342","DE","00+",2025-10-30,2025-11-02,1,"quantile",0.9,1085625.01574667
"343","DE","00+",2025-10-30,2025-11-02,1,"quantile",0.975,1167495.09919671
"344","DE","00+",2025-10-30,2025-11-09,2,"quantile",0.025,882961.072556092
"345","DE","00+",2025-10-30,2025-11-09,2,"quantile",0.1,972572.985342132
"346","DE","00+",2025-10-30,2025-11-09,2,"quantile",0.25,1058595.848885
"347","DE","00+",2025-10-30,2025-11-09,2,"quantile",0.5,1156524.28984637
"348","DE","00+",2025-10-30,2025-11-09,2,"quantile",0.75,1267348.46595334
"349","DE","00+",2025-10-30,2025-11-09,2,"quantile",0.9,1381008.91736132
"350","DE","00+",2025-10-30,2025-11-09,2,"quantile",0.975,1506346.74982562
"351","DE","00+",2025-10-30,2025-11-16,3,"quantile",0.025,828793.1586411
"352","DE","00+",2025-10-30,2025-11-16,3,"quantile",0.1,922899.797762328
"353","DE","00+",2025-10-30,2025-11-16,3,"quantile",0.25,1017808.57902571
"354","DE","00+",2025-10-30,2025-11-16,3,"quantile",0.5,1134052.50783381
"355","DE","00+",2025-10-30,2025-11-16,3,"quantile",0.75,1268522.26312991
"356","DE","00+",2025-10-30,2025-11-16,3,"quantile",0.9,1394359.75608312
"357","DE","00+",2025-10-30,2025-11-16,3,"quantile",0.975,1551947.09261755
"358","DE","00+",2025-10-30,2025-11-23,4,"quantile",0.025,835269.436041608
"359","DE","00+",2025-10-30,2025-11-23,4,"quantile",0.1,941225.461098349
"360","DE","00+",2025-10-30,2025-11-23,4,"quantile",0.25,1046205.10893688
"361","DE","00+",2025-10-30,2025-11-23,4,"quantile",0.5,1172515.07643786
"362","DE","00+",2025-10-30,2025-11-23,4,"quantile",0.75,1316607.94549778
"363","DE","00+",2025-10-30,2025-11-23,4,"quantile",0.9,1465367.16790687
"364","DE","00+",2025-10-30,2025-11-23,4,"quantile",0.975,1651735.83389431
"365","DE","00-04",2025-10-30,2025-11-02,1,"quantile",0.025,104287.933693756
"366","DE","00-04",2025-10-30,2025-11-02,1,"quantile",0.1,109331.677874603
"367","DE","00-04",2025-10-30,2025-11-02,1,"quantile",0.25,114405.978148238
"368","DE","00-04",2025-10-30,2025-11-02,1,"quantile",0.5,120179.558491435
"369","DE","00-04",2025-10-30,2025-11-02,1,"quantile",0.75,126244.671595056
"370","DE","00-04",2025-10-30,2025-11-02,1,"quantile",0.9,132237.229652437
"371","DE","00-04",2025-10-30,2025-11-02,1,"quantile",0.975,138805.878925235
"372","DE","00-04",2025-10-30,2025-11-09,2,"quantile",0.025,116967.28269902
"373","DE","00-04",2025-10-30,2025-11-09,2,"quantile",0.1,124704.437828698
"374","DE","00-04",2025-10-30,2025-11-09,2,"quantile",0.25,131977.309272722
"375","DE","00-04",2025-10-30,2025-11-09,2,"quantile",0.5,140831.296782449
"376","DE","00-04",2025-10-30,2025-11-09,2,"quantile",0.75,149726.010889403
"377","DE","00-04",2025-10-30,2025-11-09,2,"quantile",0.9,158369.404905675
"378","DE","00-04",2025-10-30,2025-11-09,2,"quantile",0.975,168329.565543114
"379","DE","00-04",2025-10-30,2025-11-16,3,"quantile",0.025,122394.148128326
"380","DE","00-04",2025-10-30,2025-11-16,3,"quantile",0.1,131862.69257025
"381","DE","00-04",2025-10-30,2025-11-16,3,"quantile",0.25,140736.944716446
"382","DE","00-04",2025-10-30,2025-11-16,3,"quantile",0.5,151230.214376152
"383","DE","00-04",2025-10-30,2025-11-16,3,"quantile",0.75,162748.925878262
"384","DE","00-04",2025-10-30,2025-11-16,3,"quantile",0.9,173151.855213557
"385","DE","00-04",2025-10-30,2025-11-16,3,"quantile",0.975,186065.126585446
"386","DE","00-04",2025-10-30,2025-11-23,4,"quantile",0.025,137756.207639824
"387","DE","00-04",2025-10-30,2025-11-23,4,"quantile",0.1,149024.655861895
"388","DE","00-04",2025-10-30,2025-11-23,4,"quantile",0.25,159618.460374651
"389","DE","00-04",2025-10-30,2025-11-23,4,"quantile",0.5,172662.78562161
"390","DE","00-04",2025-10-30,2025-11-23,4,"quantile",0.75,186599.165515661
"391","DE","00-04",2025-10-30,2025-11-23,4,"quantile",0.9,199783.948909266
"392","DE","00-04",2025-10-30,2025-11-23,4,"quantile",0.975,217025.005202666
"393","DE","05-14",2025-10-30,2025-11-02,1,"quantile",0.025,50427.6167802108
"394","DE","05-14",2025-10-30,2025-11-02,1,"quantile",0.1,54606.1713866658
"395","DE","05-14",2025-10-30,2025-11-02,1,"quantile",0.25,58785.797473503
"396","DE","05-14",2025-10-30,2025-11-02,1,"quantile",0.5,63363.6580456786
"397","DE","05-14",2025-10-30,2025-11-02,1,"quantile",0.75,68722.3408369282
"398","DE","05-14",2025-10-30,2025-11-02,1,"quantile",0.9,73926.9703502277
"399","DE","05-14",2025-10-30,2025-11-02,1,"quantile",0.975,80163.9366724386
"400","DE","05-14",2025-10-30,2025-11-09,2,"quantile",0.025,65050.4462153461
"401","DE","05-14",2025-10-30,2025-11-09,2,"quantile",0.1,72257.566549275
"402","DE","05-14",2025-10-30,2025-11-09,2,"quantile",0.25,79280.1081372368
"403","DE","05-14",2025-10-30,2025-11-09,2,"quantile",0.5,87657.8473795438
"404","DE","05-14",2025-10-30,2025-11-09,2,"quantile",0.75,96897.1033122738
"405","DE","05-14",2025-10-30,2025-11-09,2,"quantile",0.9,106790.738869928
"406","DE","05-14",2025-10-30,2025-11-09,2,"quantile",0.975,118108.55342676
"407","DE","05-14",2025-10-30,2025-11-16,3,"quantile",0.025,74726.2330317492
"408","DE","05-14",2025-10-30,2025-11-16,3,"quantile",0.1,83661.1001048819
"409","DE","05-14",2025-10-30,2025-11-16,3,"quantile",0.25,93459.4724847992
"410","DE","05-14",2025-10-30,2025-11-16,3,"quantile",0.5,104857.090356739
"411","DE","05-14",2025-10-30,2025-11-16,3,"quantile",0.75,118200.566938519
"412","DE","05-14",2025-10-30,2025-11-16,3,"quantile",0.9,131483.982238003
"413","DE","05-14",2025-10-30,2025-11-16,3,"quantile",0.975,147549.972707778
"414","DE","05-14",2025-10-30,2025-11-23,4,"quantile",0.025,84542.5769340944
"415","DE","05-14",2025-10-30,2025-11-23,4,"quantile",0.1,95903.5608068834
"416","DE","05-14",2025-10-30,2025-11-23,4,"quantile",0.25,107075.890089571
"417","DE","05-14",2025-10-30,2025-11-23,4,"quantile",0.5,121281.462748052
"418","DE","05-14",2025-10-30,2025-11-23,4,"quantile",0.75,137443.690796628
"419","DE","05-14",2025-10-30,2025-11-23,4,"quantile",0.9,153990.013701187
"420","DE","05-14",2025-10-30,2025-11-23,4,"quantile",0.975,175129.369294966
"421","DE","15-34",2025-10-30,2025-11-02,1,"quantile",0.025,245290.357293048
"422","DE","15-34",2025-10-30,2025-11-02,1,"quantile",0.1,264043.133015426
"423","DE","15-34",2025-10-30,2025-11-02,1,"quantile",0.25,284049.095021193
"424","DE","15-34",2025-10-30,2025-11-02,1,"quantile",0.5,307273.452981139
"425","DE","15-34",2025-10-30,2025-11-02,1,"quantile",0.75,332943.8282596
"426","DE","15-34",2025-10-30,2025-11-02,1,"quantile",0.9,358312.627416696
"427","DE","15-34",2025-10-30,2025-11-02,1,"quantile",0.975,386774.708296488
"428","DE","15-34",2025-10-30,2025-11-09,2,"quantile",0.025,276423.863489795
"429","DE","15-34",2025-10-30,2025-11-09,2,"quantile",0.1,304186.56503006
"430","DE","15-34",2025-10-30,2025-11-09,2,"quantile",0.25,333181.322064823
"431","DE","15-34",2025-10-30,2025-11-09,2,"quantile",0.5,369442.536629975
"432","DE","15-34",2025-10-30,2025-11-09,2,"quantile",0.75,407842.606000557
"433","DE","15-34",2025-10-30,2025-11-09,2,"quantile",0.9,444523.432736484
"434","DE","15-34",2025-10-30,2025-11-09,2,"quantile",0.975,490955.421536862
"435","DE","15-34",2025-10-30,2025-11-16,3,"quantile",0.025,250520.645408673
"436","DE","15-34",2025-10-30,2025-11-16,3,"quantile",0.1,280665.209524518
"437","DE","15-34",2025-10-30,2025-11-16,3,"quantile",0.25,310932.075872502
"438","DE","15-34",2025-10-30,2025-11-16,3,"quantile",0.5,348572.725641562
"439","DE","15-34",2025-10-30,2025-11-16,3,"quantile",0.75,390871.21089706
"440","DE","15-34",2025-10-30,2025-11-16,3,"quantile",0.9,432591.134973936
"441","DE","15-34",2025-10-30,2025-11-16,3,"quantile",0.975,483275.062758903
"442","DE","15-34",2025-10-30,2025-11-23,4,"quantile",0.025,244736.430135908
"443","DE","15-34",2025-10-30,2025-11-23,4,"quantile",0.1,277017.861954235
"444","DE","15-34",2025-10-30,2025-11-23,4,"quantile",0.25,308240.048662554
"445","DE","15-34",2025-10-30,2025-11-23,4,"quantile",0.5,348822.135163507
"446","DE","15-34",2025-10-30,2025-11-23,4,"quantile",0.75,393416.332679213
"447","DE","15-34",2025-10-30,2025-11-23,4,"quantile",0.9,439151.658911027
"448","DE","15-34",2025-10-30,2025-11-23,4,"quantile",0.975,499204.037588035
"449","DE","35-59",2025-10-30,2025-11-02,1,"quantile",0.025,269663.15310181
"450","DE","35-59",2025-10-30,2025-11-02,1,"quantile",0.1,295179.885084404
"451","DE","35-59",2025-10-30,2025-11-02,1,"quantile",0.25,319072.747632375
"452","DE","35-59",2025-10-30,2025-11-02,1,"quantile",0.5,346689.079151943
"453","DE","35-59",2025-10-30,2025-11-02,1,"quantile",0.75,379034.665961835
"454","DE","35-59",2025-10-30,2025-11-02,1,"quantile",0.9,409471.63491767
"455","DE","35-59",2025-10-30,2025-11-02,1,"quantile",0.975,447339.638146182
"456","DE","35-59",2025-10-30,2025-11-09,2,"quantile",0.025,304621.924331364
"457","DE","35-59",2025-10-30,2025-11-09,2,"quantile",0.1,343525.324806367
"458","DE","35-59",2025-10-30,2025-11-09,2,"quantile",0.25,381611.946038843
"459","DE","35-59",2025-10-30,2025-11-09,2,"quantile",0.5,425957.118751977
"460","DE","35-59",2025-10-30,2025-11-09,2,"quantile",0.75,477573.294378378
"461","DE","35-59",2025-10-30,2025-11-09,2,"quantile",0.9,529344.766716638
"462","DE","35-59",2025-10-30,2025-11-09,2,"quantile",0.975,591716.831731451
"463","DE","35-59",2025-10-30,2025-11-16,3,"quantile",0.025,268885.060500608
"464","DE","35-59",2025-10-30,2025-11-16,3,"quantile",0.1,308128.940117102
"465","DE","35-59",2025-10-30,2025-11-16,3,"quantile",0.25,347595.869483653
"466","DE","35-59",2025-10-30,2025-11-16,3,"quantile",0.5,398328.832285994
"467","DE","35-59",2025-10-30,2025-11-16,3,"quantile",0.75,457535.94300376
"468","DE","35-59",2025-10-30,2025-11-16,3,"quantile",0.9,514383.433102792
"469","DE","35-59",2025-10-30,2025-11-16,3,"quantile",0.975,588304.495516077
"470","DE","35-59",2025-10-30,2025-11-23,4,"quantile",0.025,259892.625952393
"471","DE","35-59",2025-10-30,2025-11-23,4,"quantile",0.1,301895.459421077
"472","DE","35-59",2025-10-30,2025-11-23,4,"quantile",0.25,344357.33966736
"473","DE","35-59",2025-10-30,2025-11-23,4,"quantile",0.5,397312.837975241
"474","DE","35-59",2025-10-30,2025-11-23,4,"quantile",0.75,459854.505286927
"475","DE","35-59",2025-10-30,2025-11-23,4,"quantile",0.9,526294.413029074
"476","DE","35-59",2025-10-30,2025-11-23,4,"quantile",0.975,609993.31446165
"477","DE","60+",2025-10-30,2025-11-02,1,"quantile",0.025,93143.3045158267
"478","DE","60+",2025-10-30,2025-11-02,1,"quantile",0.1,101043.442846567
"479","DE","60+",2025-10-30,2025-11-02,1,"quantile",0.25,108898.240289941
"480","DE","60+",2025-10-30,2025-11-02,1,"quantile",0.5,118236.588593314
"481","DE","60+",2025-10-30,2025-11-02,1,"quantile",0.75,128278.808172859
"482","DE","60+",2025-10-30,2025-11-02,1,"quantile",0.9,138605.094715311
"483","DE","60+",2025-10-30,2025-11-02,1,"quantile",0.975,150192.717643552
"484","DE","60+",2025-10-30,2025-11-09,2,"quantile",0.025,103016.991586672
"485","DE","60+",2025-10-30,2025-11-09,2,"quantile",0.1,115154.41253046
"486","DE","60+",2025-10-30,2025-11-09,2,"quantile",0.25,127202.937740343
"487","DE","60+",2025-10-30,2025-11-09,2,"quantile",0.5,142357.377768406
"488","DE","60+",2025-10-30,2025-11-09,2,"quantile",0.75,158301.982996843
"489","DE","60+",2025-10-30,2025-11-09,2,"quantile",0.9,174637.116438786
"490","DE","60+",2025-10-30,2025-11-09,2,"quantile",0.975,193958.614235247
"491","DE","60+",2025-10-30,2025-11-16,3,"quantile",0.025,88685.9242994034
"492","DE","60+",2025-10-30,2025-11-16,3,"quantile",0.1,101155.327775341
"493","DE","60+",2025-10-30,2025-11-16,3,"quantile",0.25,113799.936089296
"494","DE","60+",2025-10-30,2025-11-16,3,"quantile",0.5,129006.661712076
"495","DE","60+",2025-10-30,2025-11-16,3,"quantile",0.75,147242.138560792
"496","DE","60+",2025-10-30,2025-11-16,3,"quantile",0.9,164076.583114993
"497","DE","60+",2025-10-30,2025-11-16,3,"quantile",0.975,185995.817039403
"498","DE","60+",2025-10-30,2025-11-23,4,"quantile",0.025,83082.8078750921
"499","DE","60+",2025-10-30,2025-11-23,4,"quantile",0.1,95811.5122464886
"500","DE","60+",2025-10-30,2025-11-23,4,"quantile",0.25,108451.108645178
"501","DE","60+",2025-10-30,2025-11-23,4,"quantile",0.5,125083.870121527
"502","DE","60+",2025-10-30,2025-11-23,4,"quantile",0.75,143615.011298274
"503","DE","60+",2025-10-30,2025-11-23,4,"quantile",0.9,162749.262556227
"504","DE","60+",2025-10-30,2025-11-23,4,"quantile",0.975,187455.46660678
"505","DE","00+",2025-11-06,2025-11-09,1,"quantile",0.025,1057085.34029723
"506","DE","00+",2025-11-06,2025-11-09,1,"quantile",0.1,1137512.80382678
"507","DE","00+",2025-11-06,2025-11-09,1,"quantile",0.25,1212287.2836604
"508","DE","00+",2025-11-06,2025-11-09,1,"quantile",0.5,1295880.48126097
"509","DE","00+",2025-11-06,2025-11-09,1,"quantile",0.75,1391625.82030737
"510","DE","00+",2025-11-06,2025-11-09,1,"quantile",0.9,1484741.92532773
"511","DE","00+",2025-11-06,2025-11-09,1,"quantile",0.975,1590444.72681782
"512","DE","00+",2025-11-06,2025-11-16,2,"quantile",0.025,976616.116305227
"513","DE","00+",2025-11-06,2025-11-16,2,"quantile",0.1,1069929.16820704
"514","DE","00+",2025-11-06,2025-11-16,2,"quantile",0.25,1163309.36673548
"515","DE","00+",2025-11-06,2025-11-16,2,"quantile",0.5,1274839.12822333
"516","DE","00+",2025-11-06,2025-11-16,2,"quantile",0.75,1393347.17087851
"517","DE","00+",2025-11-06,2025-11-16,2,"quantile",0.9,1514948.99361995
"518","DE","00+",2025-11-06,2025-11-16,2,"quantile",0.975,1656776.3010523
"519","DE","00+",2025-11-06,2025-11-23,3,"quantile",0.025,936355.025758212
"520","DE","00+",2025-11-06,2025-11-23,3,"quantile",0.1,1048064.9080099
"521","DE","00+",2025-11-06,2025-11-23,3,"quantile",0.25,1155678.46161723
"522","DE","00+",2025-11-06,2025-11-23,3,"quantile",0.5,1292434.02761366
"523","DE","00+",2025-11-06,2025-11-23,3,"quantile",0.75,1435646.14272969
"524","DE","00+",2025-11-06,2025-11-23,3,"quantile",0.9,1578930.39488511
"525","DE","00+",2025-11-06,2025-11-23,3,"quantile",0.975,1756964.80555024
"526","DE","00+",2025-11-06,2025-11-30,4,"quantile",0.025,914654.320309754
"527","DE","00+",2025-11-06,2025-11-30,4,"quantile",0.1,1030214.47376086
"528","DE","00+",2025-11-06,2025-11-30,4,"quantile",0.25,1143886.85334269
"529","DE","00+",2025-11-06,2025-11-30,4,"quantile",0.5,1283900.59453915
"530","DE","00+",2025-11-06,2025-11-30,4,"quantile",0.75,1442722.33903672
"531","DE","00+",2025-11-06,2025-11-30,4,"quantile",0.9,1601383.47916573
"532","DE","00+",2025-11-06,2025-11-30,4,"quantile",0.975,1790053.94774206
"533","DE","00-04",2025-11-06,2025-11-09,1,"quantile",0.025,131830.765051637
"534","DE","00-04",2025-11-06,2025-11-09,1,"quantile",0.1,138323.926850499
"535","DE","00-04",2025-11-06,2025-11-09,1,"quantile",0.25,144882.117117268
"536","DE","00-04",2025-11-06,2025-11-09,1,"quantile",0.5,152011.902595225
"537","DE","00-04",2025-11-06,2025-11-09,1,"quantile",0.75,159828.816502727
"538","DE","00-04",2025-11-06,2025-11-09,1,"quantile",0.9,166891.135885899
"539","DE","00-04",2025-11-06,2025-11-09,1,"quantile",0.975,176170.269323328
"540","DE","00-04",2025-11-06,2025-11-16,2,"quantile",0.025,136042.562478272
"541","DE","00-04",2025-11-06,2025-11-16,2,"quantile",0.1,145184.517864844
"542","DE","00-04",2025-11-06,2025-11-16,2,"quantile",0.25,153093.063695536
"543","DE","00-04",2025-11-06,2025-11-16,2,"quantile",0.5,163209.047311941
"544","DE","00-04",2025-11-06,2025-11-16,2,"quantile",0.75,173413.695581809
"545","DE","00-04",2025-11-06,2025-11-16,2,"quantile",0.9,183570.460702796
"546","DE","00-04",2025-11-06,2025-11-16,2,"quantile",0.975,195986.090796309
"547","DE","00-04",2025-11-06,2025-11-23,3,"quantile",0.025,149392.515682004
"548","DE","00-04",2025-11-06,2025-11-23,3,"quantile",0.1,160546.785338179
"549","DE","00-04",2025-11-06,2025-11-23,3,"quantile",0.25,170763.526317535
"550","DE","00-04",2025-11-06,2025-11-23,3,"quantile",0.5,183550.446369664
"551","DE","00-04",2025-11-06,2025-11-23,3,"quantile",0.75,197232.481961627
"552","DE","00-04",2025-11-06,2025-11-23,3,"quantile",0.9,209815.6545566
"553","DE","00-04",2025-11-06,2025-11-23,3,"quantile",0.975,225438.085293982
"554","DE","00-04",2025-11-06,2025-11-30,4,"quantile",0.025,149524.926600963
"555","DE","00-04",2025-11-06,2025-11-30,4,"quantile",0.1,161129.194303449
"556","DE","00-04",2025-11-06,2025-11-30,4,"quantile",0.25,173655.392765749
"557","DE","00-04",2025-11-06,2025-11-30,4,"quantile",0.5,186783.59972109
"558","DE","00-04",2025-11-06,2025-11-30,4,"quantile",0.75,201690.346041087
"559","DE","00-04",2025-11-06,2025-11-30,4,"quantile",0.9,215945.021592833
"560","DE","00-04",2025-11-06,2025-11-30,4,"quantile",0.975,234502.789118991
"561","DE","05-14",2025-11-06,2025-11-09,1,"quantile",0.025,85246.7433727643
"562","DE","05-14",2025-11-06,2025-11-09,1,"quantile",0.1,92590.3405120805
"563","DE","05-14",2025-11-06,2025-11-09,1,"quantile",0.25,99427.0173591204
"564","DE","05-14",2025-11-06,2025-11-09,1,"quantile",0.5,107192.559699334
"565","DE","05-14",2025-11-06,2025-11-09,1,"quantile",0.75,116179.916811231
"566","DE","05-14",2025-11-06,2025-11-09,1,"quantile",0.9,124555.24017176
"567","DE","05-14",2025-11-06,2025-11-09,1,"quantile",0.975,134944.833537895
"568","DE","05-14",2025-11-06,2025-11-16,2,"quantile",0.025,94245.0988403489
"569","DE","05-14",2025-11-06,2025-11-16,2,"quantile",0.1,104685.248978385
"570","DE","05-14",2025-11-06,2025-11-16,2,"quantile",0.25,114712.500099771
"571","DE","05-14",2025-11-06,2025-11-16,2,"quantile",0.5,127187.679212705
"572","DE","05-14",2025-11-06,2025-11-16,2,"quantile",0.75,140419.881632705
"573","DE","05-14",2025-11-06,2025-11-16,2,"quantile",0.9,154186.839073351
"574","DE","05-14",2025-11-06,2025-11-16,2,"quantile",0.975,170382.138831514
"575","DE","05-14",2025-11-06,2025-11-23,3,"quantile",0.025,99375.9706662773
"576","DE","05-14",2025-11-06,2025-11-23,3,"quantile",0.1,111756.008804265
"577","DE","05-14",2025-11-06,2025-11-23,3,"quantile",0.25,124820.801840566
"578","DE","05-14",2025-11-06,2025-11-23,3,"quantile",0.5,140891.31271751
"579","DE","05-14",2025-11-06,2025-11-23,3,"quantile",0.75,158063.437658379
"580","DE","05-14",2025-11-06,2025-11-23,3,"quantile",0.9,175137.079039322
"581","DE","05-14",2025-11-06,2025-11-23,3,"quantile",0.975,197194.988422789
"582","DE","05-14",2025-11-06,2025-11-30,4,"quantile",0.025,99099.7898032055
"583","DE","05-14",2025-11-06,2025-11-30,4,"quantile",0.1,112378.756375169
"584","DE","05-14",2025-11-06,2025-11-30,4,"quantile",0.25,125414.631409869
"585","DE","05-14",2025-11-06,2025-11-30,4,"quantile",0.5,142103.630371078
"586","DE","05-14",2025-11-06,2025-11-30,4,"quantile",0.75,161001.282924784
"587","DE","05-14",2025-11-06,2025-11-30,4,"quantile",0.9,179839.066845793
"588","DE","05-14",2025-11-06,2025-11-30,4,"quantile",0.975,202670.578589549
"589","DE","15-34",2025-11-06,2025-11-09,1,"quantile",0.025,323867.434648279
"590","DE","15-34",2025-11-06,2025-11-09,1,"quantile",0.1,349788.817121233
"591","DE","15-34",2025-11-06,2025-11-09,1,"quantile",0.25,376592.02561883
"592","DE","15-34",2025-11-06,2025-11-09,1,"quantile",0.5,406424.532161862
"593","DE","15-34",2025-11-06,2025-11-09,1,"quantile",0.75,440303.113051543
"594","DE","15-34",2025-11-06,2025-11-09,1,"quantile",0.9,471172.890283404
"595","DE","15-34",2025-11-06,2025-11-09,1,"quantile",0.975,513115.825705077
"596","DE","15-34",2025-11-06,2025-11-16,2,"quantile",0.025,287373.389878419
"597","DE","15-34",2025-11-06,2025-11-16,2,"quantile",0.1,318243.435256919
"598","DE","15-34",2025-11-06,2025-11-16,2,"quantile",0.25,347036.949311606
"599","DE","15-34",2025-11-06,2025-11-16,2,"quantile",0.5,383391.805313744
"600","DE","15-34",2025-11-06,2025-11-16,2,"quantile",0.75,422255.296935264
"601","DE","15-34",2025-11-06,2025-11-16,2,"quantile",0.9,462783.965973212
"602","DE","15-34",2025-11-06,2025-11-16,2,"quantile",0.975,511289.218649076
"603","DE","15-34",2025-11-06,2025-11-23,3,"quantile",0.025,272679.256871278
"604","DE","15-34",2025-11-06,2025-11-23,3,"quantile",0.1,305551.857769706
"605","DE","15-34",2025-11-06,2025-11-23,3,"quantile",0.25,336547.205759137
"606","DE","15-34",2025-11-06,2025-11-23,3,"quantile",0.5,376437.923980624
"607","DE","15-34",2025-11-06,2025-11-23,3,"quantile",0.75,421081.364563469
"608","DE","15-34",2025-11-06,2025-11-23,3,"quantile",0.9,465160.626004982
"609","DE","15-34",2025-11-06,2025-11-23,3,"quantile",0.975,518107.137669019
"610","DE","15-34",2025-11-06,2025-11-30,4,"quantile",0.025,261901.746428994
"611","DE","15-34",2025-11-06,2025-11-30,4,"quantile",0.1,296613.616603489
"612","DE","15-34",2025-11-06,2025-11-30,4,"quantile",0.25,333466.314554574
"613","DE","15-34",2025-11-06,2025-11-30,4,"quantile",0.5,373355.710031634
"614","DE","15-34",2025-11-06,2025-11-30,4,"quantile",0.75,420753.123448124
"615","DE","15-34",2025-11-06,2025-11-30,4,"quantile",0.9,467783.2000694
"616","DE","15-34",2025-11-06,2025-11-30,4,"quantile",0.975,529417.777769024
"617","DE","35-59",2025-11-06,2025-11-09,1,"quantile",0.025,366100.954655887
"618","DE","35-59",2025-11-06,2025-11-09,1,"quantile",0.1,400381.494887068
"619","DE","35-59",2025-11-06,2025-11-09,1,"quantile",0.25,432924.640122523
"620","DE","35-59",2025-11-06,2025-11-09,1,"quantile",0.5,469467.405888194
"621","DE","35-59",2025-11-06,2025-11-09,1,"quantile",0.75,512407.29796781
"622","DE","35-59",2025-11-06,2025-11-09,1,"quantile",0.9,554049.638441768
"623","DE","35-59",2025-11-06,2025-11-09,1,"quantile",0.975,602836.030682537
"624","DE","35-59",2025-11-06,2025-11-16,2,"quantile",0.025,316508.477876067
"625","DE","35-59",2025-11-06,2025-11-16,2,"quantile",0.1,355135.102982806
"626","DE","35-59",2025-11-06,2025-11-16,2,"quantile",0.25,394754.853110656
"627","DE","35-59",2025-11-06,2025-11-16,2,"quantile",0.5,441178.084786501
"628","DE","35-59",2025-11-06,2025-11-16,2,"quantile",0.75,492904.815104182
"629","DE","35-59",2025-11-06,2025-11-16,2,"quantile",0.9,546880.127631848
"630","DE","35-59",2025-11-06,2025-11-16,2,"quantile",0.975,608798.212120841
"631","DE","35-59",2025-11-06,2025-11-23,3,"quantile",0.025,290176.513891298
"632","DE","35-59",2025-11-06,2025-11-23,3,"quantile",0.1,333502.86313422
"633","DE","35-59",2025-11-06,2025-11-23,3,"quantile",0.25,377653.837711017
"634","DE","35-59",2025-11-06,2025-11-23,3,"quantile",0.5,434039.948710328
"635","DE","35-59",2025-11-06,2025-11-23,3,"quantile",0.75,495693.097584713
"636","DE","35-59",2025-11-06,2025-11-23,3,"quantile",0.9,557418.283956913
"637","DE","35-59",2025-11-06,2025-11-23,3,"quantile",0.975,635943.808292969
"638","DE","35-59",2025-11-06,2025-11-30,4,"quantile",0.025,282019.36377849
"639","DE","35-59",2025-11-06,2025-11-30,4,"quantile",0.1,327274.097188964
"640","DE","35-59",2025-11-06,2025-11-30,4,"quantile",0.25,373597.848659445
"641","DE","35-59",2025-11-06,2025-11-30,4,"quantile",0.5,431654.432097671
"642","DE","35-59",2025-11-06,2025-11-30,4,"quantile",0.75,499636.516737429
"643","DE","35-59",2025-11-06,2025-11-30,4,"quantile",0.9,569373.091172496
"644","DE","35-59",2025-11-06,2025-11-30,4,"quantile",0.975,657173.983618143
"645","DE","60+",2025-11-06,2025-11-09,1,"quantile",0.025,138344.837868266
"646","DE","60+",2025-11-06,2025-11-09,1,"quantile",0.1,150621.968933444
"647","DE","60+",2025-11-06,2025-11-09,1,"quantile",0.25,162465.964206111
"648","DE","60+",2025-11-06,2025-11-09,1,"quantile",0.5,175896.692499087
"649","DE","60+",2025-11-06,2025-11-09,1,"quantile",0.75,190859.082443475
"650","DE","60+",2025-11-06,2025-11-09,1,"quantile",0.9,205640.701734246
"651","DE","60+",2025-11-06,2025-11-09,1,"quantile",0.975,223823.568380643
"652","DE","60+",2025-11-06,2025-11-16,2,"quantile",0.025,116899.921985897
"653","DE","60+",2025-11-06,2025-11-16,2,"quantile",0.1,130208.244144254
"654","DE","60+",2025-11-06,2025-11-16,2,"quantile",0.25,142781.603927664
"655","DE","60+",2025-11-06,2025-11-16,2,"quantile",0.5,159838.553308311
"656","DE","60+",2025-11-06,2025-11-16,2,"quantile",0.75,177378.686071252
"657","DE","60+",2025-11-06,2025-11-16,2,"quantile",0.9,196162.856412535
"658","DE","60+",2025-11-06,2025-11-16,2,"quantile",0.975,219841.588255493
"659","DE","60+",2025-11-06,2025-11-23,3,"quantile",0.025,102606.779954749
"660","DE","60+",2025-11-06,2025-11-23,3,"quantile",0.1,116068.718945071
"661","DE","60+",2025-11-06,2025-11-23,3,"quantile",0.25,130013.051685487
"662","DE","60+",2025-11-06,2025-11-23,3,"quantile",0.5,147447.102987124
"663","DE","60+",2025-11-06,2025-11-23,3,"quantile",0.75,167964.173465584
"664","DE","60+",2025-11-06,2025-11-23,3,"quantile",0.9,188039.279378851
"665","DE","60+",2025-11-06,2025-11-23,3,"quantile",0.975,213170.018829045
"666","DE","60+",2025-11-06,2025-11-30,4,"quantile",0.025,94273.4939515013
"667","DE","60+",2025-11-06,2025-11-30,4,"quantile",0.1,108075.896736856
"668","DE","60+",2025-11-06,2025-11-30,4,"quantile",0.25,122736.862481073
"669","DE","60+",2025-11-06,2025-11-30,4,"quantile",0.5,140184.680884308
"670","DE","60+",2025-11-06,2025-11-30,4,"quantile",0.75,161423.294699507
"671","DE","60+",2025-11-06,2025-11-30,4,"quantile",0.9,182251.494730907
"672","DE","60+",2025-11-06,2025-11-30,4,"quantile",0.975,210908.230120019
"673","DE","00+",2025-11-13,2025-11-16,1,"quantile",0.025,903300.970475529
"674","DE","00+",2025-11-13,2025-11-16,1,"quantile",0.1,968603.104396553
"675","DE","00+",2025-11-13,2025-11-16,1,"quantile",0.25,1029708.07422974
"676","DE","00+",2025-11-13,2025-11-16,1,"quantile",0.5,1105380.49916428
"677","DE","00+",2025-11-13,2025-11-16,1,"quantile",0.75,1184319.71764565
"678","DE","00+",2025-11-13,2025-11-16,1,"quantile",0.9,1261969.26258853
"679","DE","00+",2025-11-13,2025-11-16,1,"quantile",0.975,1359273.81547533
"680","DE","00+",2025-11-13,2025-11-23,2,"quantile",0.025,868016.900218757
"681","DE","00+",2025-11-13,2025-11-23,2,"quantile",0.1,947215.966816805
"682","DE","00+",2025-11-13,2025-11-23,2,"quantile",0.25,1023007.050944
"683","DE","00+",2025-11-13,2025-11-23,2,"quantile",0.5,1122366.11483221
"684","DE","00+",2025-11-13,2025-11-23,2,"quantile",0.75,1228623.19301097
"685","DE","00+",2025-11-13,2025-11-23,2,"quantile",0.9,1333314.2027446
"686","DE","00+",2025-11-13,2025-11-23,2,"quantile",0.975,1454952.60103296
"687","DE","00+",2025-11-13,2025-11-30,3,"quantile",0.025,852432.670321002
"688","DE","00+",2025-11-13,2025-11-30,3,"quantile",0.1,942586.371098781
"689","DE","00+",2025-11-13,2025-11-30,3,"quantile",0.25,1034726.65965128
"690","DE","00+",2025-11-13,2025-11-30,3,"quantile",0.5,1151790.95174449
"691","DE","00+",2025-11-13,2025-11-30,3,"quantile",0.75,1279315.11956541
"692","DE","00+",2025-11-13,2025-11-30,3,"quantile",0.9,1412314.2190531
"693","DE","00+",2025-11-13,2025-11-30,3,"quantile",0.975,1563609.85534991
"694","DE","00+",2025-11-13,2025-12-07,4,"quantile",0.025,879914.221173197
"695","DE","00+",2025-11-13,2025-12-07,4,"quantile",0.1,991855.381276324
"696","DE","00+",2025-11-13,2025-12-07,4,"quantile",0.25,1096546.47627917
"697","DE","00+",2025-11-13,2025-12-07,4,"quantile",0.5,1230469.9327456
"698","DE","00+",2025-11-13,2025-12-07,4,"quantile",0.75,1377422.33254378
"699","DE","00+",2025-11-13,2025-12-07,4,"quantile",0.9,1525755.34103647
"700","DE","00+",2025-11-13,2025-12-07,4,"quantile",0.975,1719954.8027236
"701","DE","00-04",2025-11-13,2025-11-16,1,"quantile",0.025,131393.835867265
"702","DE","00-04",2025-11-13,2025-11-16,1,"quantile",0.1,138060.508413525
"703","DE","00-04",2025-11-13,2025-11-16,1,"quantile",0.25,144083.875376958
"704","DE","00-04",2025-11-13,2025-11-16,1,"quantile",0.5,151634.381349659
"705","DE","00-04",2025-11-13,2025-11-16,1,"quantile",0.75,159346.903760763
"706","DE","00-04",2025-11-13,2025-11-16,1,"quantile",0.9,166469.126728336
"707","DE","00-04",2025-11-13,2025-11-16,1,"quantile",0.975,175462.95513631
"708","DE","00-04",2025-11-13,2025-11-23,2,"quantile",0.025,142718.505889802
"709","DE","00-04",2025-11-13,2025-11-23,2,"quantile",0.1,152093.726281669
"710","DE","00-04",2025-11-13,2025-11-23,2,"quantile",0.25,160557.525008554
"711","DE","00-04",2025-11-13,2025-11-23,2,"quantile",0.5,170826.758636152
"712","DE","00-04",2025-11-13,2025-11-23,2,"quantile",0.75,182005.6716541
"713","DE","00-04",2025-11-13,2025-11-23,2,"quantile",0.9,192839.611693801
"714","DE","00-04",2025-11-13,2025-11-23,2,"quantile",0.975,206760.082791961
"715","DE","00-04",2025-11-13,2025-11-30,3,"quantile",0.025,143251.184720985
"716","DE","00-04",2025-11-13,2025-11-30,3,"quantile",0.1,154464.705296457
"717","DE","00-04",2025-11-13,2025-11-30,3,"quantile",0.25,165077.918515247
"718","DE","00-04",2025-11-13,2025-11-30,3,"quantile",0.5,177163.53393709
"719","DE","00-04",2025-11-13,2025-11-30,3,"quantile",0.75,190517.080054628
"720","DE","00-04",2025-11-13,2025-11-30,3,"quantile",0.9,203506.391379702
"721","DE","00-04",2025-11-13,2025-11-30,3,"quantile",0.975,218115.16564848
"722","DE","00-04",2025-11-13,2025-12-07,4,"quantile",0.025,145276.072770405
"723","DE","00-04",2025-11-13,2025-12-07,4,"quantile",0.1,157220.656978808
"724","DE","00-04",2025-11-13,2025-12-07,4,"quantile",0.25,168521.248317284
"725","DE","00-04",2025-11-13,2025-12-07,4,"quantile",0.5,181886.396703354
"726","DE","00-04",2025-11-13,2025-12-07,4,"quantile",0.75,196597.694530746
"727","DE","00-04",2025-11-13,2025-12-07,4,"quantile",0.9,211128.402531024
"728","DE","00-04",2025-11-13,2025-12-07,4,"quantile",0.975,227496.484290024
"729","DE","05-14",2025-11-13,2025-11-16,1,"quantile",0.025,94176.5849124367
"730","DE","05-14",2025-11-13,2025-11-16,1,"quantile",0.1,101992.451445162
"731","DE","05-14",2025-11-13,2025-11-16,1,"quantile",0.25,109068.769229676
"732","DE","05-14",2025-11-13,2025-11-16,1,"quantile",0.5,118068.870454602
"733","DE","05-14",2025-11-13,2025-11-16,1,"quantile",0.75,127632.856991458
"734","DE","05-14",2025-11-13,2025-11-16,1,"quantile",0.9,137408.869611876
"735","DE","05-14",2025-11-13,2025-11-16,1,"quantile",0.975,149187.390967008
"736","DE","05-14",2025-11-13,2025-11-23,2,"quantile",0.025,99365.7312404893
"737","DE","05-14",2025-11-13,2025-11-23,2,"quantile",0.1,108705.189863336
"738","DE","05-14",2025-11-13,2025-11-23,2,"quantile",0.25,118616.829346325
"739","DE","05-14",2025-11-13,2025-11-23,2,"quantile",0.5,131366.335300873
"740","DE","05-14",2025-11-13,2025-11-23,2,"quantile",0.75,145405.683992077
"741","DE","05-14",2025-11-13,2025-11-23,2,"quantile",0.9,159001.004726166
"742","DE","05-14",2025-11-13,2025-11-23,2,"quantile",0.975,175647.690354687
"743","DE","05-14",2025-11-13,2025-11-30,3,"quantile",0.025,97794.8508214757
"744","DE","05-14",2025-11-13,2025-11-30,3,"quantile",0.1,108809.493170294
"745","DE","05-14",2025-11-13,2025-11-30,3,"quantile",0.25,120521.440343762
"746","DE","05-14",2025-11-13,2025-11-30,3,"quantile",0.5,135296.694542778
"747","DE","05-14",2025-11-13,2025-11-30,3,"quantile",0.75,152043.603984292
"748","DE","05-14",2025-11-13,2025-11-30,3,"quantile",0.9,169140.438126003
"749","DE","05-14",2025-11-13,2025-11-30,3,"quantile",0.975,189769.918097439
"750","DE","05-14",2025-11-13,2025-12-07,4,"quantile",0.025,95954.6029634819
"751","DE","05-14",2025-11-13,2025-12-07,4,"quantile",0.1,109046.875505243
"752","DE","05-14",2025-11-13,2025-12-07,4,"quantile",0.25,121381.167731619
"753","DE","05-14",2025-11-13,2025-12-07,4,"quantile",0.5,137318.360190588
"754","DE","05-14",2025-11-13,2025-12-07,4,"quantile",0.75,155103.434934919
"755","DE","05-14",2025-11-13,2025-12-07,4,"quantile",0.9,172733.824276537
"756","DE","05-14",2025-11-13,2025-12-07,4,"quantile",0.975,196763.744515659
"757","DE","15-34",2025-11-13,2025-11-16,1,"quantile",0.025,266534.332506966
"758","DE","15-34",2025-11-13,2025-11-16,1,"quantile",0.1,288879.251823056
"759","DE","15-34",2025-11-13,2025-11-16,1,"quantile",0.25,309167.84840204
"760","DE","15-34",2025-11-13,2025-11-16,1,"quantile",0.5,335231.063940461
"761","DE","15-34",2025-11-13,2025-11-16,1,"quantile",0.75,362436.768121024
"762","DE","15-34",2025-11-13,2025-11-16,1,"quantile",0.9,388712.462842658
"763","DE","15-34",2025-11-13,2025-11-16,1,"quantile",0.975,422736.042943713
"764","DE","15-34",2025-11-13,2025-11-23,2,"quantile",0.025,248400.807600152
"765","DE","15-34",2025-11-13,2025-11-23,2,"quantile",0.1,274845.193530639
"766","DE","15-34",2025-11-13,2025-11-23,2,"quantile",0.25,300693.460218537
"767","DE","15-34",2025-11-13,2025-11-23,2,"quantile",0.5,331685.869448863
"768","DE","15-34",2025-11-13,2025-11-23,2,"quantile",0.75,366205.750573392
"769","DE","15-34",2025-11-13,2025-11-23,2,"quantile",0.9,400721.439025533
"770","DE","15-34",2025-11-13,2025-11-23,2,"quantile",0.975,448873.929456765
"771","DE","15-34",2025-11-13,2025-11-30,3,"quantile",0.025,243708.980063563
"772","DE","15-34",2025-11-13,2025-11-30,3,"quantile",0.1,274557.349337782
"773","DE","15-34",2025-11-13,2025-11-30,3,"quantile",0.25,303830.985561532
"774","DE","15-34",2025-11-13,2025-11-30,3,"quantile",0.5,340148.803271291
"775","DE","15-34",2025-11-13,2025-11-30,3,"quantile",0.75,381433.499273081
"776","DE","15-34",2025-11-13,2025-11-30,3,"quantile",0.9,422732.371839885
"777","DE","15-34",2025-11-13,2025-11-30,3,"quantile",0.975,472403.008140725
"778","DE","15-34",2025-11-13,2025-12-07,4,"quantile",0.025,256560.025662825
"779","DE","15-34",2025-11-13,2025-12-07,4,"quantile",0.1,291231.544174105
"780","DE","15-34",2025-11-13,2025-12-07,4,"quantile",0.25,323691.531237999
"781","DE","15-34",2025-11-13,2025-12-07,4,"quantile",0.5,365113.92810157
"782","DE","15-34",2025-11-13,2025-12-07,4,"quantile",0.75,412897.824892448
"783","DE","15-34",2025-11-13,2025-12-07,4,"quantile",0.9,461237.202591748
"784","DE","15-34",2025-11-13,2025-12-07,4,"quantile",0.975,517142.768908858
"785","DE","35-59",2025-11-13,2025-11-16,1,"quantile",0.025,293872.450764449
"786","DE","35-59",2025-11-13,2025-11-16,1,"quantile",0.1,320931.389296572
"787","DE","35-59",2025-11-13,2025-11-16,1,"quantile",0.25,345619.726815395
"788","DE","35-59",2025-11-13,2025-11-16,1,"quantile",0.5,376784.673297588
"789","DE","35-59",2025-11-13,2025-11-16,1,"quantile",0.75,409497.748542703
"790","DE","35-59",2025-11-13,2025-11-16,1,"quantile",0.9,442984.097912867
"791","DE","35-59",2025-11-13,2025-11-16,1,"quantile",0.975,483596.890525743
"792","DE","35-59",2025-11-13,2025-11-23,2,"quantile",0.025,269872.199340551
"793","DE","35-59",2025-11-13,2025-11-23,2,"quantile",0.1,300086.938407641
"794","DE","35-59",2025-11-13,2025-11-23,2,"quantile",0.25,331016.915600739
"795","DE","35-59",2025-11-13,2025-11-23,2,"quantile",0.5,370399.372415886
"796","DE","35-59",2025-11-13,2025-11-23,2,"quantile",0.75,414041.823768865
"797","DE","35-59",2025-11-13,2025-11-23,2,"quantile",0.9,457916.368824187
"798","DE","35-59",2025-11-13,2025-11-23,2,"quantile",0.975,508298.908387035
"799","DE","35-59",2025-11-13,2025-11-30,3,"quantile",0.025,261995.853890422
"800","DE","35-59",2025-11-13,2025-11-30,3,"quantile",0.1,297100.354097283
"801","DE","35-59",2025-11-13,2025-11-30,3,"quantile",0.25,333879.910192564
"802","DE","35-59",2025-11-13,2025-11-30,3,"quantile",0.5,381832.297011963
"803","DE","35-59",2025-11-13,2025-11-30,3,"quantile",0.75,434203.31446978
"804","DE","35-59",2025-11-13,2025-11-30,3,"quantile",0.9,491993.629698145
"805","DE","35-59",2025-11-13,2025-11-30,3,"quantile",0.975,557112.356751602
"806","DE","35-59",2025-11-13,2025-12-07,4,"quantile",0.025,271273.847579501
"807","DE","35-59",2025-11-13,2025-12-07,4,"quantile",0.1,315974.29835872
"808","DE","35-59",2025-11-13,2025-12-07,4,"quantile",0.25,358131.156184888
"809","DE","35-59",2025-11-13,2025-12-07,4,"quantile",0.5,413509.799310929
"810","DE","35-59",2025-11-13,2025-12-07,4,"quantile",0.75,475416.07700102
"811","DE","35-59",2025-11-13,2025-12-07,4,"quantile",0.9,541098.868205458
"812","DE","35-59",2025-11-13,2025-12-07,4,"quantile",0.975,627725.502786841
"813","DE","60+",2025-11-13,2025-11-16,1,"quantile",0.025,107179.001017584
"814","DE","60+",2025-11-13,2025-11-16,1,"quantile",0.1,116580.802271999
"815","DE","60+",2025-11-13,2025-11-16,1,"quantile",0.25,125082.795736754
"816","DE","60+",2025-11-13,2025-11-16,1,"quantile",0.5,135929.6275798
"817","DE","60+",2025-11-13,2025-11-16,1,"quantile",0.75,147386.453204046
"818","DE","60+",2025-11-13,2025-11-16,1,"quantile",0.9,158759.607894892
"819","DE","60+",2025-11-13,2025-11-16,1,"quantile",0.975,172634.164093211
"820","DE","60+",2025-11-13,2025-11-23,2,"quantile",0.025,92255.0884678139
"821","DE","60+",2025-11-13,2025-11-23,2,"quantile",0.1,102993.849155966
"822","DE","60+",2025-11-13,2025-11-23,2,"quantile",0.25,113238.998757622
"823","DE","60+",2025-11-13,2025-11-23,2,"quantile",0.5,126259.787889837
"824","DE","60+",2025-11-13,2025-11-23,2,"quantile",0.75,140799.157318792
"825","DE","60+",2025-11-13,2025-11-23,2,"quantile",0.9,155594.353804502
"826","DE","60+",2025-11-13,2025-11-23,2,"quantile",0.975,174891.010091505
"827","DE","60+",2025-11-13,2025-11-30,3,"quantile",0.025,85506.3325707898
"828","DE","60+",2025-11-13,2025-11-30,3,"quantile",0.1,97796.5912010587
"829","DE","60+",2025-11-13,2025-11-30,3,"quantile",0.25,109850.159542255
"830","DE","60+",2025-11-13,2025-11-30,3,"quantile",0.5,124622.89954979
"831","DE","60+",2025-11-13,2025-11-30,3,"quantile",0.75,141989.419884079
"832","DE","60+",2025-11-13,2025-11-30,3,"quantile",0.9,159565.662180278
"833","DE","60+",2025-11-13,2025-11-30,3,"quantile",0.975,180043.549818294
"834","DE","60+",2025-11-13,2025-12-07,4,"quantile",0.025,89988.2335846921
"835","DE","60+",2025-11-13,2025-12-07,4,"quantile",0.1,103738.42336112
"836","DE","60+",2025-11-13,2025-12-07,4,"quantile",0.25,117564.082300326
"837","DE","60+",2025-11-13,2025-12-07,4,"quantile",0.5,135110.278812547
"838","DE","60+",2025-11-13,2025-12-07,4,"quantile",0.75,155349.873584459
"839","DE","60+",2025-11-13,2025-12-07,4,"quantile",0.9,176485.962331352
"840","DE","60+",2025-11-13,2025-12-07,4,"quantile",0.975,201962.268099509
"841","DE","00+",2025-11-20,2025-11-23,1,"quantile",0.025,906310.789016099
"842","DE","00+",2025-11-20,2025-11-23,1,"quantile",0.1,973502.498356771
"843","DE","00+",2025-11-20,2025-11-23,1,"quantile",0.25,1034996.3944005
"844","DE","00+",2025-11-20,2025-11-23,1,"quantile",0.5,1114448.48959646
"845","DE","00+",2025-11-20,2025-11-23,1,"quantile",0.75,1194652.41204574
"846","DE","00+",2025-11-20,2025-11-23,1,"quantile",0.9,1273254.85875752
"847","DE","00+",2025-11-20,2025-11-23,1,"quantile",0.975,1368306.31065533
"848","DE","00+",2025-11-20,2025-11-30,2,"quantile",0.025,879403.041324158
"849","DE","00+",2025-11-20,2025-11-30,2,"quantile",0.1,962228.015359349
"850","DE","00+",2025-11-20,2025-11-30,2,"quantile",0.25,1045698.01570494
"851","DE","00+",2025-11-20,2025-11-30,2,"quantile",0.5,1141882.14274211
"852","DE","00+",2025-11-20,2025-11-30,2,"quantile",0.75,1249887.06261107
"853","DE","00+",2025-11-20,2025-11-30,2,"quantile",0.9,1358220.99296726
"854","DE","00+",2025-11-20,2025-11-30,2,"quantile",0.975,1487074.92344088
"855","DE","00+",2025-11-20,2025-12-07,3,"quantile",0.025,893050.802522373
"856","DE","00+",2025-11-20,2025-12-07,3,"quantile",0.1,1001038.06234228
"857","DE","00+",2025-11-20,2025-12-07,3,"quantile",0.25,1095397.74961409
"858","DE","00+",2025-11-20,2025-12-07,3,"quantile",0.5,1223391.37717944
"859","DE","00+",2025-11-20,2025-12-07,3,"quantile",0.75,1361057.41959676
"860","DE","00+",2025-11-20,2025-12-07,3,"quantile",0.9,1493037.58826678
"861","DE","00+",2025-11-20,2025-12-07,3,"quantile",0.975,1662315.88426156
"862","DE","00+",2025-11-20,2025-12-14,4,"quantile",0.025,941281.248491167
"863","DE","00+",2025-11-20,2025-12-14,4,"quantile",0.1,1052730.85047043
"864","DE","00+",2025-11-20,2025-12-14,4,"quantile",0.25,1165107.99504892
"865","DE","00+",2025-11-20,2025-12-14,4,"quantile",0.5,1307094.19069865
"866","DE","00+",2025-11-20,2025-12-14,4,"quantile",0.75,1465741.39278881
"867","DE","00+",2025-11-20,2025-12-14,4,"quantile",0.9,1628918.92221916
"868","DE","00+",2025-11-20,2025-12-14,4,"quantile",0.975,1815873.80556525
"869","DE","00-04",2025-11-20,2025-11-23,1,"quantile",0.025,144578.472504347
"870","DE","00-04",2025-11-20,2025-11-23,1,"quantile",0.1,152359.628187477
"871","DE","00-04",2025-11-20,2025-11-23,1,"quantile",0.25,159350.532453664
"872","DE","00-04",2025-11-20,2025-11-23,1,"quantile",0.5,167678.653511153
"873","DE","00-04",2025-11-20,2025-11-23,1,"quantile",0.75,176195.798351742
"874","DE","00-04",2025-11-20,2025-11-23,1,"quantile",0.9,184898.044428938
"875","DE","00-04",2025-11-20,2025-11-23,1,"quantile",0.975,194719.9622085
"876","DE","00-04",2025-11-20,2025-11-30,2,"quantile",0.025,144577.038493264
"877","DE","00-04",2025-11-20,2025-11-30,2,"quantile",0.1,154410.603337354
"878","DE","00-04",2025-11-20,2025-11-30,2,"quantile",0.25,163625.380743691
"879","DE","00-04",2025-11-20,2025-11-30,2,"quantile",0.5,174005.271692718
"880","DE","00-04",2025-11-20,2025-11-30,2,"quantile",0.75,185287.190894582
"881","DE","00-04",2025-11-20,2025-11-30,2,"quantile",0.9,196218.111046919
"882","DE","00-04",2025-11-20,2025-11-30,2,"quantile",0.975,209577.548025877
"883","DE","00-04",2025-11-20,2025-12-07,3,"quantile",0.025,146162.05344018
"884","DE","00-04",2025-11-20,2025-12-07,3,"quantile",0.1,156964.747075765
"885","DE","00-04",2025-11-20,2025-12-07,3,"quantile",0.25,167531.361807293
"886","DE","00-04",2025-11-20,2025-12-07,3,"quantile",0.5,179903.360237997
"887","DE","00-04",2025-11-20,2025-12-07,3,"quantile",0.75,193412.053263837
"888","DE","00-04",2025-11-20,2025-12-07,3,"quantile",0.9,205825.152434959
"889","DE","00-04",2025-11-20,2025-12-07,3,"quantile",0.975,222094.545720272
"890","DE","00-04",2025-11-20,2025-12-14,4,"quantile",0.025,160322.754251583
"891","DE","00-04",2025-11-20,2025-12-14,4,"quantile",0.1,173597.988208266
"892","DE","00-04",2025-11-20,2025-12-14,4,"quantile",0.25,185775.013862007
"893","DE","00-04",2025-11-20,2025-12-14,4,"quantile",0.5,200216.69796615
"894","DE","00-04",2025-11-20,2025-12-14,4,"quantile",0.75,216238.425314599
"895","DE","00-04",2025-11-20,2025-12-14,4,"quantile",0.9,231382.96308128
"896","DE","00-04",2025-11-20,2025-12-14,4,"quantile",0.975,249840.343435834
"897","DE","05-14",2025-11-20,2025-11-23,1,"quantile",0.025,101480.48925309
"898","DE","05-14",2025-11-20,2025-11-23,1,"quantile",0.1,110312.536119478
"899","DE","05-14",2025-11-20,2025-11-23,1,"quantile",0.25,118208.432397582
"900","DE","05-14",2025-11-20,2025-11-23,1,"quantile",0.5,128114.340927655
"901","DE","05-14",2025-11-20,2025-11-23,1,"quantile",0.75,138652.573592762
"902","DE","05-14",2025-11-20,2025-11-23,1,"quantile",0.9,149214.230674035
"903","DE","05-14",2025-11-20,2025-11-23,1,"quantile",0.975,161117.166880458
"904","DE","05-14",2025-11-20,2025-11-30,2,"quantile",0.025,99015.7102111546
"905","DE","05-14",2025-11-20,2025-11-30,2,"quantile",0.1,109341.36401784
"906","DE","05-14",2025-11-20,2025-11-30,2,"quantile",0.25,120025.717924548
"907","DE","05-14",2025-11-20,2025-11-30,2,"quantile",0.5,132160.4882836
"908","DE","05-14",2025-11-20,2025-11-30,2,"quantile",0.75,146106.939209078
"909","DE","05-14",2025-11-20,2025-11-30,2,"quantile",0.9,160338.900792359
"910","DE","05-14",2025-11-20,2025-11-30,2,"quantile",0.975,177171.264187903
"911","DE","05-14",2025-11-20,2025-12-07,3,"quantile",0.025,95917.7256497713
"912","DE","05-14",2025-11-20,2025-12-07,3,"quantile",0.1,108202.491933102
"913","DE","05-14",2025-11-20,2025-12-07,3,"quantile",0.25,120066.602217547
"914","DE","05-14",2025-11-20,2025-12-07,3,"quantile",0.5,135031.735951025
"915","DE","05-14",2025-11-20,2025-12-07,3,"quantile",0.75,151757.105176857
"916","DE","05-14",2025-11-20,2025-12-07,3,"quantile",0.9,167931.64973313
"917","DE","05-14",2025-11-20,2025-12-07,3,"quantile",0.975,188510.574357428
"918","DE","05-14",2025-11-20,2025-12-14,4,"quantile",0.025,105235.93044325
"919","DE","05-14",2025-11-20,2025-12-14,4,"quantile",0.1,118996.513838257
"920","DE","05-14",2025-11-20,2025-12-14,4,"quantile",0.25,132771.669179183
"921","DE","05-14",2025-11-20,2025-12-14,4,"quantile",0.5,150220.439168774
"922","DE","05-14",2025-11-20,2025-12-14,4,"quantile",0.75,169696.645559781
"923","DE","05-14",2025-11-20,2025-12-14,4,"quantile",0.9,189842.923945809
"924","DE","05-14",2025-11-20,2025-12-14,4,"quantile",0.975,213566.387103155
"925","DE","15-34",2025-11-20,2025-11-23,1,"quantile",0.025,261890.020778048
"926","DE","15-34",2025-11-20,2025-11-23,1,"quantile",0.1,284151.150796327
"927","DE","15-34",2025-11-20,2025-11-23,1,"quantile",0.25,304950.662564071
"928","DE","15-34",2025-11-20,2025-11-23,1,"quantile",0.5,330611.162936874
"929","DE","15-34",2025-11-20,2025-11-23,1,"quantile",0.75,358017.384591707
"930","DE","15-34",2025-11-20,2025-11-23,1,"quantile",0.9,385846.97744345
"931","DE","15-34",2025-11-20,2025-11-23,1,"quantile",0.975,418811.685755482
"932","DE","15-34",2025-11-20,2025-11-30,2,"quantile",0.025,252880.379332293
"933","DE","15-34",2025-11-20,2025-11-30,2,"quantile",0.1,281203.127859513
"934","DE","15-34",2025-11-20,2025-11-30,2,"quantile",0.25,308398.57673648
"935","DE","15-34",2025-11-20,2025-11-30,2,"quantile",0.5,339176.045840305
"936","DE","15-34",2025-11-20,2025-11-30,2,"quantile",0.75,375683.88157861
"937","DE","15-34",2025-11-20,2025-11-30,2,"quantile",0.9,410936.407861841
"938","DE","15-34",2025-11-20,2025-11-30,2,"quantile",0.975,455193.65231839
"939","DE","15-34",2025-11-20,2025-12-07,3,"quantile",0.025,264727.371492046
"940","DE","15-34",2025-11-20,2025-12-07,3,"quantile",0.1,296613.481716074
"941","DE","15-34",2025-11-20,2025-12-07,3,"quantile",0.25,327050.576674491
"942","DE","15-34",2025-11-20,2025-12-07,3,"quantile",0.5,366469.055094722
"943","DE","15-34",2025-11-20,2025-12-07,3,"quantile",0.75,409559.385557786
"944","DE","15-34",2025-11-20,2025-12-07,3,"quantile",0.9,453384.648257162
"945","DE","15-34",2025-11-20,2025-12-07,3,"quantile",0.975,508592.017446101
"946","DE","15-34",2025-11-20,2025-12-14,4,"quantile",0.025,261445.857501214
"947","DE","15-34",2025-11-20,2025-12-14,4,"quantile",0.1,295088.828207747
"948","DE","15-34",2025-11-20,2025-12-14,4,"quantile",0.25,328715.00538697
"949","DE","15-34",2025-11-20,2025-12-14,4,"quantile",0.5,368202.994657014
"950","DE","15-34",2025-11-20,2025-12-14,4,"quantile",0.75,414528.363906097
"951","DE","15-34",2025-11-20,2025-12-14,4,"quantile",0.9,460339.238493744
"952","DE","15-34",2025-11-20,2025-12-14,4,"quantile",0.975,518430.752718865
"953","DE","35-59",2025-11-20,2025-11-23,1,"quantile",0.025,291982.735209862
"954","DE","35-59",2025-11-20,2025-11-23,1,"quantile",0.1,318242.359402975
"955","DE","35-59",2025-11-20,2025-11-23,1,"quantile",0.25,342919.123193573
"956","DE","35-59",2025-11-20,2025-11-23,1,"quantile",0.5,375382.507450048
"957","DE","35-59",2025-11-20,2025-11-23,1,"quantile",0.75,408438.516925326
"958","DE","35-59",2025-11-20,2025-11-23,1,"quantile",0.9,440963.303347995
"959","DE","35-59",2025-11-20,2025-11-23,1,"quantile",0.975,481412.754462729
"960","DE","35-59",2025-11-20,2025-11-30,2,"quantile",0.025,278019.726569138
"961","DE","35-59",2025-11-20,2025-11-30,2,"quantile",0.1,311899.770473969
"962","DE","35-59",2025-11-20,2025-11-30,2,"quantile",0.25,345252.235698122
"963","DE","35-59",2025-11-20,2025-11-30,2,"quantile",0.5,385394.338664934
"964","DE","35-59",2025-11-20,2025-11-30,2,"quantile",0.75,430671.17194607
"965","DE","35-59",2025-11-20,2025-11-30,2,"quantile",0.9,478014.86339568
"966","DE","35-59",2025-11-20,2025-11-30,2,"quantile",0.975,533702.579825033
"967","DE","35-59",2025-11-20,2025-12-07,3,"quantile",0.025,282525.116035377
"968","DE","35-59",2025-11-20,2025-12-07,3,"quantile",0.1,324996.339968586
"969","DE","35-59",2025-11-20,2025-12-07,3,"quantile",0.25,364157.249731954
"970","DE","35-59",2025-11-20,2025-12-07,3,"quantile",0.5,417449.751290655
"971","DE","35-59",2025-11-20,2025-12-07,3,"quantile",0.75,476534.71820629
"972","DE","35-59",2025-11-20,2025-12-07,3,"quantile",0.9,534567.264938222
"973","DE","35-59",2025-11-20,2025-12-07,3,"quantile",0.975,610163.980596415
"974","DE","35-59",2025-11-20,2025-12-14,4,"quantile",0.025,289946.353615325
"975","DE","35-59",2025-11-20,2025-12-14,4,"quantile",0.1,333473.070390511
"976","DE","35-59",2025-11-20,2025-12-14,4,"quantile",0.25,379602.940235825
"977","DE","35-59",2025-11-20,2025-12-14,4,"quantile",0.5,438401.170304547
"978","DE","35-59",2025-11-20,2025-12-14,4,"quantile",0.75,506590.984956316
"979","DE","35-59",2025-11-20,2025-12-14,4,"quantile",0.9,577144.214801257
"980","DE","35-59",2025-11-20,2025-12-14,4,"quantile",0.975,662307.529895379
"981","DE","60+",2025-11-20,2025-11-23,1,"quantile",0.025,97833.0673773007
"982","DE","60+",2025-11-20,2025-11-23,1,"quantile",0.1,106367.479414283
"983","DE","60+",2025-11-20,2025-11-23,1,"quantile",0.25,114395.31272243
"984","DE","60+",2025-11-20,2025-11-23,1,"quantile",0.5,124456.686281292
"985","DE","60+",2025-11-20,2025-11-23,1,"quantile",0.75,135284.027825887
"986","DE","60+",2025-11-20,2025-11-23,1,"quantile",0.9,146160.652696064
"987","DE","60+",2025-11-20,2025-11-23,1,"quantile",0.975,159112.681687322
"988","DE","60+",2025-11-20,2025-11-30,2,"quantile",0.025,89745.2471612439
"989","DE","60+",2025-11-20,2025-11-30,2,"quantile",0.1,100055.795624727
"990","DE","60+",2025-11-20,2025-11-30,2,"quantile",0.25,110824.600107281
"991","DE","60+",2025-11-20,2025-11-30,2,"quantile",0.5,122999.668769023
"992","DE","60+",2025-11-20,2025-11-30,2,"quantile",0.75,137007.796652552
"993","DE","60+",2025-11-20,2025-11-30,2,"quantile",0.9,151737.974014246
"994","DE","60+",2025-11-20,2025-11-30,2,"quantile",0.975,169299.606238265
"995","DE","60+",2025-11-20,2025-12-07,3,"quantile",0.025,92496.4074038317
"996","DE","60+",2025-11-20,2025-12-07,3,"quantile",0.1,104905.76782118
"997","DE","60+",2025-11-20,2025-12-07,3,"quantile",0.25,118353.949930084
"998","DE","60+",2025-11-20,2025-12-07,3,"quantile",0.5,134204.566606378
"999","DE","60+",2025-11-20,2025-12-07,3,"quantile",0.75,152231.166427623
"1000","DE","60+",2025-11-20,2025-12-07,3,"quantile",0.9,170709.055423116
"1001","DE","60+",2025-11-20,2025-12-07,3,"quantile",0.975,196368.0879746
"1002","DE","60+",2025-11-20,2025-12-14,4,"quantile",0.025,102165.156479897
"1003","DE","60+",2025-11-20,2025-12-14,4,"quantile",0.1,117163.572061196
"1004","DE","60+",2025-11-20,2025-12-14,4,"quantile",0.25,132708.800510155
"1005","DE","60+",2025-11-20,2025-12-14,4,"quantile",0.5,151848.943892078
"1006","DE","60+",2025-11-20,2025-12-14,4,"quantile",0.75,173703.194847352
"1007","DE","60+",2025-11-20,2025-12-14,4,"quantile",0.9,196683.026317926
"1008","DE","60+",2025-11-20,2025-12-14,4,"quantile",0.975,225291.267160863
"1009","DE","00+",2025-11-27,2025-11-30,1,"quantile",0.025,965150.186155762
"1010","DE","00+",2025-11-27,2025-11-30,1,"quantile",0.1,1034516.62325389
"1011","DE","00+",2025-11-27,2025-11-30,1,"quantile",0.25,1104430.72259214
"1012","DE","00+",2025-11-27,2025-11-30,1,"quantile",0.5,1180714.66452412
"1013","DE","00+",2025-11-27,2025-11-30,1,"quantile",0.75,1264800.70186191
"1014","DE","00+",2025-11-27,2025-11-30,1,"quantile",0.9,1344244.46316783
"1015","DE","00+",2025-11-27,2025-11-30,1,"quantile",0.975,1445201.96500857
"1016","DE","00+",2025-11-27,2025-12-07,2,"quantile",0.025,967050.219485672
"1017","DE","00+",2025-11-27,2025-12-07,2,"quantile",0.1,1064624.26479566
"1018","DE","00+",2025-11-27,2025-12-07,2,"quantile",0.25,1152382.87455451
"1019","DE","00+",2025-11-27,2025-12-07,2,"quantile",0.5,1260978.94256276
"1020","DE","00+",2025-11-27,2025-12-07,2,"quantile",0.75,1381842.0626559
"1021","DE","00+",2025-11-27,2025-12-07,2,"quantile",0.9,1493233.12255411
"1022","DE","00+",2025-11-27,2025-12-07,2,"quantile",0.975,1632678.47701639
"1023","DE","00+",2025-11-27,2025-12-14,3,"quantile",0.025,976871.036542548
"1024","DE","00+",2025-11-27,2025-12-14,3,"quantile",0.1,1102192.71260129
"1025","DE","00+",2025-11-27,2025-12-14,3,"quantile",0.25,1207012.07576015
"1026","DE","00+",2025-11-27,2025-12-14,3,"quantile",0.5,1342446.82443902
"1027","DE","00+",2025-11-27,2025-12-14,3,"quantile",0.75,1490396.37112855
"1028","DE","00+",2025-11-27,2025-12-14,3,"quantile",0.9,1634440.63834769
"1029","DE","00+",2025-11-27,2025-12-14,3,"quantile",0.975,1802660.40639764
"1030","DE","00+",2025-11-27,2025-12-21,4,"quantile",0.025,855359.860436564
"1031","DE","00+",2025-11-27,2025-12-21,4,"quantile",0.1,965924.391514074
"1032","DE","00+",2025-11-27,2025-12-21,4,"quantile",0.25,1072417.83795626
"1033","DE","00+",2025-11-27,2025-12-21,4,"quantile",0.5,1197205.09824669
"1034","DE","00+",2025-11-27,2025-12-21,4,"quantile",0.75,1341465.65654933
"1035","DE","00+",2025-11-27,2025-12-21,4,"quantile",0.9,1484948.42183961
"1036","DE","00+",2025-11-27,2025-12-21,4,"quantile",0.975,1650392.5834771
"1037","DE","00-04",2025-11-27,2025-11-30,1,"quantile",0.025,140888.997888052
"1038","DE","00-04",2025-11-27,2025-11-30,1,"quantile",0.1,147923.824495011
"1039","DE","00-04",2025-11-27,2025-11-30,1,"quantile",0.25,154676.727879908
"1040","DE","00-04",2025-11-27,2025-11-30,1,"quantile",0.5,162541.357616153
"1041","DE","00-04",2025-11-27,2025-11-30,1,"quantile",0.75,170693.569854034
"1042","DE","00-04",2025-11-27,2025-11-30,1,"quantile",0.9,178254.68138669
"1043","DE","00-04",2025-11-27,2025-11-30,1,"quantile",0.975,188045.878709107
"1044","DE","00-04",2025-11-27,2025-12-07,2,"quantile",0.025,141138.621018065
"1045","DE","00-04",2025-11-27,2025-12-07,2,"quantile",0.1,150176.950405556
"1046","DE","00-04",2025-11-27,2025-12-07,2,"quantile",0.25,158649.256861668
"1047","DE","00-04",2025-11-27,2025-12-07,2,"quantile",0.5,168767.021717659
"1048","DE","00-04",2025-11-27,2025-12-07,2,"quantile",0.75,179380.218732819
"1049","DE","00-04",2025-11-27,2025-12-07,2,"quantile",0.9,189745.201563615
"1050","DE","00-04",2025-11-27,2025-12-07,2,"quantile",0.975,201556.477571105
"1051","DE","00-04",2025-11-27,2025-12-14,3,"quantile",0.025,156333.65781919
"1052","DE","00-04",2025-11-27,2025-12-14,3,"quantile",0.1,166912.119766923
"1053","DE","00-04",2025-11-27,2025-12-14,3,"quantile",0.25,177691.244772444
"1054","DE","00-04",2025-11-27,2025-12-14,3,"quantile",0.5,190649.842985878
"1055","DE","00-04",2025-11-27,2025-12-14,3,"quantile",0.75,204272.673559071
"1056","DE","00-04",2025-11-27,2025-12-14,3,"quantile",0.9,218508.218959332
"1057","DE","00-04",2025-11-27,2025-12-14,3,"quantile",0.975,233695.50366001
"1058","DE","00-04",2025-11-27,2025-12-21,4,"quantile",0.025,154643.726248871
"1059","DE","00-04",2025-11-27,2025-12-21,4,"quantile",0.1,167062.546566558
"1060","DE","00-04",2025-11-27,2025-12-21,4,"quantile",0.25,179286.799543242
"1061","DE","00-04",2025-11-27,2025-12-21,4,"quantile",0.5,193699.313249975
"1062","DE","00-04",2025-11-27,2025-12-21,4,"quantile",0.75,208627.07762535
"1063","DE","00-04",2025-11-27,2025-12-21,4,"quantile",0.9,223071.401325251
"1064","DE","00-04",2025-11-27,2025-12-21,4,"quantile",0.975,240799.13204627
"1065","DE","05-14",2025-11-27,2025-11-30,1,"quantile",0.025,101597.352912135
"1066","DE","05-14",2025-11-27,2025-11-30,1,"quantile",0.1,110137.81259545
"1067","DE","05-14",2025-11-27,2025-11-30,1,"quantile",0.25,118481.67234552
"1068","DE","05-14",2025-11-27,2025-11-30,1,"quantile",0.5,127695.396065852
"1069","DE","05-14",2025-11-27,2025-11-30,1,"quantile",0.75,137969.385454537
"1070","DE","05-14",2025-11-27,2025-11-30,1,"quantile",0.9,147688.201132816
"1071","DE","05-14",2025-11-27,2025-11-30,1,"quantile",0.975,159902.581317518
"1072","DE","05-14",2025-11-27,2025-12-07,2,"quantile",0.025,97509.1639133035
"1073","DE","05-14",2025-11-27,2025-12-07,2,"quantile",0.1,107965.650497718
"1074","DE","05-14",2025-11-27,2025-12-07,2,"quantile",0.25,118295.450017818
"1075","DE","05-14",2025-11-27,2025-12-07,2,"quantile",0.5,130372.483562175
"1076","DE","05-14",2025-11-27,2025-12-07,2,"quantile",0.75,144648.732338637
"1077","DE","05-14",2025-11-27,2025-12-07,2,"quantile",0.9,157718.862076758
"1078","DE","05-14",2025-11-27,2025-12-07,2,"quantile",0.975,174511.393255205
"1079","DE","05-14",2025-11-27,2025-12-14,3,"quantile",0.025,104086.405498554
"1080","DE","05-14",2025-11-27,2025-12-14,3,"quantile",0.1,118209.663136331
"1081","DE","05-14",2025-11-27,2025-12-14,3,"quantile",0.25,131211.497842965
"1082","DE","05-14",2025-11-27,2025-12-14,3,"quantile",0.5,146889.0359225
"1083","DE","05-14",2025-11-27,2025-12-14,3,"quantile",0.75,164236.426465833
"1084","DE","05-14",2025-11-27,2025-12-14,3,"quantile",0.9,182494.360800712
"1085","DE","05-14",2025-11-27,2025-12-14,3,"quantile",0.975,203141.781309211
"1086","DE","05-14",2025-11-27,2025-12-21,4,"quantile",0.025,94160.2489825264
"1087","DE","05-14",2025-11-27,2025-12-21,4,"quantile",0.1,107755.636314306
"1088","DE","05-14",2025-11-27,2025-12-21,4,"quantile",0.25,119939.590820745
"1089","DE","05-14",2025-11-27,2025-12-21,4,"quantile",0.5,135334.148165723
"1090","DE","05-14",2025-11-27,2025-12-21,4,"quantile",0.75,152610.168416114
"1091","DE","05-14",2025-11-27,2025-12-21,4,"quantile",0.9,170091.366758822
"1092","DE","05-14",2025-11-27,2025-12-21,4,"quantile",0.975,191316.273861407
"1093","DE","15-34",2025-11-27,2025-11-30,1,"quantile",0.025,287894.319582154
"1094","DE","15-34",2025-11-27,2025-11-30,1,"quantile",0.1,311148.045280421
"1095","DE","15-34",2025-11-27,2025-11-30,1,"quantile",0.25,333233.866595625
"1096","DE","15-34",2025-11-27,2025-11-30,1,"quantile",0.5,360588.72332536
"1097","DE","15-34",2025-11-27,2025-11-30,1,"quantile",0.75,390053.704081312
"1098","DE","15-34",2025-11-27,2025-11-30,1,"quantile",0.9,418337.300393977
"1099","DE","15-34",2025-11-27,2025-11-30,1,"quantile",0.975,455942.895474403
"1100","DE","15-34",2025-11-27,2025-12-07,2,"quantile",0.025,293126.634359786
"1101","DE","15-34",2025-11-27,2025-12-07,2,"quantile",0.1,323483.870324216
"1102","DE","15-34",2025-11-27,2025-12-07,2,"quantile",0.25,352239.545870256
"1103","DE","15-34",2025-11-27,2025-12-07,2,"quantile",0.5,388390.837280185
"1104","DE","15-34",2025-11-27,2025-12-07,2,"quantile",0.75,428029.861625949
"1105","DE","15-34",2025-11-27,2025-12-07,2,"quantile",0.9,466689.9550469
"1106","DE","15-34",2025-11-27,2025-12-07,2,"quantile",0.975,514320.537619621
"1107","DE","15-34",2025-11-27,2025-12-14,3,"quantile",0.025,282267.858399261
"1108","DE","15-34",2025-11-27,2025-12-14,3,"quantile",0.1,312724.182975917
"1109","DE","15-34",2025-11-27,2025-12-14,3,"quantile",0.25,344488.474480042
"1110","DE","15-34",2025-11-27,2025-12-14,3,"quantile",0.5,384996.194684701
"1111","DE","15-34",2025-11-27,2025-12-14,3,"quantile",0.75,428131.15684549
"1112","DE","15-34",2025-11-27,2025-12-14,3,"quantile",0.9,475467.292813694
"1113","DE","15-34",2025-11-27,2025-12-14,3,"quantile",0.975,528361.910286023
"1114","DE","15-34",2025-11-27,2025-12-21,4,"quantile",0.025,232613.314082838
"1115","DE","15-34",2025-11-27,2025-12-21,4,"quantile",0.1,262186.264406489
"1116","DE","15-34",2025-11-27,2025-12-21,4,"quantile",0.25,292266.425944321
"1117","DE","15-34",2025-11-27,2025-12-21,4,"quantile",0.5,328880.661502563
"1118","DE","15-34",2025-11-27,2025-12-21,4,"quantile",0.75,368462.336253367
"1119","DE","15-34",2025-11-27,2025-12-21,4,"quantile",0.9,408250.378531663
"1120","DE","15-34",2025-11-27,2025-12-21,4,"quantile",0.975,461262.408604281
"1121","DE","35-59",2025-11-27,2025-11-30,1,"quantile",0.025,324662.300328985
"1122","DE","35-59",2025-11-27,2025-11-30,1,"quantile",0.1,353355.212226449
"1123","DE","35-59",2025-11-27,2025-11-30,1,"quantile",0.25,382696.487851785
"1124","DE","35-59",2025-11-27,2025-11-30,1,"quantile",0.5,415753.699376055
"1125","DE","35-59",2025-11-27,2025-11-30,1,"quantile",0.75,451534.364934768
"1126","DE","35-59",2025-11-27,2025-11-30,1,"quantile",0.9,487008.454180489
"1127","DE","35-59",2025-11-27,2025-11-30,1,"quantile",0.975,530465.61287455
"1128","DE","35-59",2025-11-27,2025-12-07,2,"quantile",0.025,323467.607823563
"1129","DE","35-59",2025-11-27,2025-12-07,2,"quantile",0.1,364661.417379852
"1130","DE","35-59",2025-11-27,2025-12-07,2,"quantile",0.25,400862.455378571
"1131","DE","35-59",2025-11-27,2025-12-07,2,"quantile",0.5,447873.701796858
"1132","DE","35-59",2025-11-27,2025-12-07,2,"quantile",0.75,502344.197218188
"1133","DE","35-59",2025-11-27,2025-12-07,2,"quantile",0.9,552585.568697209
"1134","DE","35-59",2025-11-27,2025-12-07,2,"quantile",0.975,616078.460600767
"1135","DE","35-59",2025-11-27,2025-12-14,3,"quantile",0.025,312957.785466494
"1136","DE","35-59",2025-11-27,2025-12-14,3,"quantile",0.1,364003.805968948
"1137","DE","35-59",2025-11-27,2025-12-14,3,"quantile",0.25,407317.199031463
"1138","DE","35-59",2025-11-27,2025-12-14,3,"quantile",0.5,465162.670944531
"1139","DE","35-59",2025-11-27,2025-12-14,3,"quantile",0.75,529676.814084953
"1140","DE","35-59",2025-11-27,2025-12-14,3,"quantile",0.9,594293.024845867
"1141","DE","35-59",2025-11-27,2025-12-14,3,"quantile",0.975,674102.688114311
"1142","DE","35-59",2025-11-27,2025-12-21,4,"quantile",0.025,253134.4772833
"1143","DE","35-59",2025-11-27,2025-12-21,4,"quantile",0.1,294200.497108488
"1144","DE","35-59",2025-11-27,2025-12-21,4,"quantile",0.25,335533.346139135
"1145","DE","35-59",2025-11-27,2025-12-21,4,"quantile",0.5,385280.788536208
"1146","DE","35-59",2025-11-27,2025-12-21,4,"quantile",0.75,444355.128604313
"1147","DE","35-59",2025-11-27,2025-12-21,4,"quantile",0.9,504212.580486375
"1148","DE","35-59",2025-11-27,2025-12-21,4,"quantile",0.975,576111.628376343
"1149","DE","60+",2025-11-27,2025-11-30,1,"quantile",0.025,102036.78501337
"1150","DE","60+",2025-11-27,2025-11-30,1,"quantile",0.1,110344.968267995
"1151","DE","60+",2025-11-27,2025-11-30,1,"quantile",0.25,118824.004461064
"1152","DE","60+",2025-11-27,2025-11-30,1,"quantile",0.5,128792.727504322
"1153","DE","60+",2025-11-27,2025-11-30,1,"quantile",0.75,139792.649558932
"1154","DE","60+",2025-11-27,2025-11-30,1,"quantile",0.9,150339.606629725
"1155","DE","60+",2025-11-27,2025-11-30,1,"quantile",0.975,163887.547402466
"1156","DE","60+",2025-11-27,2025-12-07,2,"quantile",0.025,103017.124121439
"1157","DE","60+",2025-11-27,2025-12-07,2,"quantile",0.1,114811.797299487
"1158","DE","60+",2025-11-27,2025-12-07,2,"quantile",0.25,126556.546963248
"1159","DE","60+",2025-11-27,2025-12-07,2,"quantile",0.5,140690.882480737
"1160","DE","60+",2025-11-27,2025-12-07,2,"quantile",0.75,156379.3754453
"1161","DE","60+",2025-11-27,2025-12-07,2,"quantile",0.9,172602.701892924
"1162","DE","60+",2025-11-27,2025-12-07,2,"quantile",0.975,192250.477074609
"1163","DE","60+",2025-11-27,2025-12-14,3,"quantile",0.025,109500.458398415
"1164","DE","60+",2025-11-27,2025-12-14,3,"quantile",0.1,123962.631269333
"1165","DE","60+",2025-11-27,2025-12-14,3,"quantile",0.25,138724.201640656
"1166","DE","60+",2025-11-27,2025-12-14,3,"quantile",0.5,157072.2613777
"1167","DE","60+",2025-11-27,2025-12-14,3,"quantile",0.75,178216.616174651
"1168","DE","60+",2025-11-27,2025-12-14,3,"quantile",0.9,200572.690458642
"1169","DE","60+",2025-11-27,2025-12-14,3,"quantile",0.975,224877.704594877
"1170","DE","60+",2025-11-27,2025-12-21,4,"quantile",0.025,100899.460991436
"1171","DE","60+",2025-11-27,2025-12-21,4,"quantile",0.1,116010.807796532
"1172","DE","60+",2025-11-27,2025-12-21,4,"quantile",0.25,131920.47180254
"1173","DE","60+",2025-11-27,2025-12-21,4,"quantile",0.5,151429.483697917
"1174","DE","60+",2025-11-27,2025-12-21,4,"quantile",0.75,173405.901006799
"1175","DE","60+",2025-11-27,2025-12-21,4,"quantile",0.9,195584.809013979
"1176","DE","60+",2025-11-27,2025-12-21,4,"quantile",0.975,224393.253183171
"1177","DE","00+",2025-12-04,2025-12-07,1,"quantile",0.025,1110773.92252926
"1178","DE","00+",2025-12-04,2025-12-07,1,"quantile",0.1,1189470.46524865
"1179","DE","00+",2025-12-04,2025-12-07,1,"quantile",0.25,1270580.27887426
"1180","DE","00+",2025-12-04,2025-12-07,1,"quantile",0.5,1364846.62517008
"1181","DE","00+",2025-12-04,2025-12-07,1,"quantile",0.75,1462769.91362393
"1182","DE","00+",2025-12-04,2025-12-07,1,"quantile",0.9,1557023.6310802
"1183","DE","00+",2025-12-04,2025-12-07,1,"quantile",0.975,1667527.86610511
"1184","DE","00+",2025-12-04,2025-12-14,2,"quantile",0.025,1110319.26742673
"1185","DE","00+",2025-12-04,2025-12-14,2,"quantile",0.1,1211027.31211434
"1186","DE","00+",2025-12-04,2025-12-14,2,"quantile",0.25,1316762.0097918
"1187","DE","00+",2025-12-04,2025-12-14,2,"quantile",0.5,1447338.64250129
"1188","DE","00+",2025-12-04,2025-12-14,2,"quantile",0.75,1576656.34930105
"1189","DE","00+",2025-12-04,2025-12-14,2,"quantile",0.9,1701720.45445985
"1190","DE","00+",2025-12-04,2025-12-14,2,"quantile",0.975,1867434.31516638
"1191","DE","00+",2025-12-04,2025-12-21,3,"quantile",0.025,928341.265968603
"1192","DE","00+",2025-12-04,2025-12-21,3,"quantile",0.1,1038329.49762561
"1193","DE","00+",2025-12-04,2025-12-21,3,"quantile",0.25,1139215.6083301
"1194","DE","00+",2025-12-04,2025-12-21,3,"quantile",0.5,1267551.51016626
"1195","DE","00+",2025-12-04,2025-12-21,3,"quantile",0.75,1410249.66454999
"1196","DE","00+",2025-12-04,2025-12-21,3,"quantile",0.9,1546367.29772595
"1197","DE","00+",2025-12-04,2025-12-21,3,"quantile",0.975,1723739.33510277
"1198","DE","00+",2025-12-04,2025-12-28,4,"quantile",0.025,436594.011652965
"1199","DE","00+",2025-12-04,2025-12-28,4,"quantile",0.1,488117.866746696
"1200","DE","00+",2025-12-04,2025-12-28,4,"quantile",0.25,541387.588493645
"1201","DE","00+",2025-12-04,2025-12-28,4,"quantile",0.5,604608.107217745
"1202","DE","00+",2025-12-04,2025-12-28,4,"quantile",0.75,679249.786494832
"1203","DE","00+",2025-12-04,2025-12-28,4,"quantile",0.9,750824.92762186
"1204","DE","00+",2025-12-04,2025-12-28,4,"quantile",0.975,841222.457274257
"1205","DE","00-04",2025-12-04,2025-12-07,1,"quantile",0.025,148702.212909793
"1206","DE","00-04",2025-12-04,2025-12-07,1,"quantile",0.1,156049.199075131
"1207","DE","00-04",2025-12-04,2025-12-07,1,"quantile",0.25,162925.528876834
"1208","DE","00-04",2025-12-04,2025-12-07,1,"quantile",0.5,171328.482160669
"1209","DE","00-04",2025-12-04,2025-12-07,1,"quantile",0.75,180121.136517441
"1210","DE","00-04",2025-12-04,2025-12-07,1,"quantile",0.9,188585.138608212
"1211","DE","00-04",2025-12-04,2025-12-07,1,"quantile",0.975,198272.452824104
"1212","DE","00-04",2025-12-04,2025-12-14,2,"quantile",0.025,161548.477798707
"1213","DE","00-04",2025-12-04,2025-12-14,2,"quantile",0.1,171725.033923944
"1214","DE","00-04",2025-12-04,2025-12-14,2,"quantile",0.25,181770.613874374
"1215","DE","00-04",2025-12-04,2025-12-14,2,"quantile",0.5,192958.665528635
"1216","DE","00-04",2025-12-04,2025-12-14,2,"quantile",0.75,205923.216896487
"1217","DE","00-04",2025-12-04,2025-12-14,2,"quantile",0.9,217832.116999781
"1218","DE","00-04",2025-12-04,2025-12-14,2,"quantile",0.975,232015.707478546
"1219","DE","00-04",2025-12-04,2025-12-21,3,"quantile",0.025,159225.653313729
"1220","DE","00-04",2025-12-04,2025-12-21,3,"quantile",0.1,171612.82923001
"1221","DE","00-04",2025-12-04,2025-12-21,3,"quantile",0.25,182358.751597751
"1222","DE","00-04",2025-12-04,2025-12-21,3,"quantile",0.5,195248.398065387
"1223","DE","00-04",2025-12-04,2025-12-21,3,"quantile",0.75,209618.908535832
"1224","DE","00-04",2025-12-04,2025-12-21,3,"quantile",0.9,224438.91807432
"1225","DE","00-04",2025-12-04,2025-12-21,3,"quantile",0.975,239931.80814421
"1226","DE","00-04",2025-12-04,2025-12-28,4,"quantile",0.025,89917.7415817235
"1227","DE","00-04",2025-12-04,2025-12-28,4,"quantile",0.1,96714.1743465835
"1228","DE","00-04",2025-12-04,2025-12-28,4,"quantile",0.25,103406.225558027
"1229","DE","00-04",2025-12-04,2025-12-28,4,"quantile",0.5,111635.734171847
"1230","DE","00-04",2025-12-04,2025-12-28,4,"quantile",0.75,120463.899111858
"1231","DE","00-04",2025-12-04,2025-12-28,4,"quantile",0.9,128950.334046355
"1232","DE","00-04",2025-12-04,2025-12-28,4,"quantile",0.975,139497.482344611
"1233","DE","05-14",2025-12-04,2025-12-07,1,"quantile",0.025,120585.45352243
"1234","DE","05-14",2025-12-04,2025-12-07,1,"quantile",0.1,130230.10033934
"1235","DE","05-14",2025-12-04,2025-12-07,1,"quantile",0.25,140112.224860758
"1236","DE","05-14",2025-12-04,2025-12-07,1,"quantile",0.5,151744.580485891
"1237","DE","05-14",2025-12-04,2025-12-07,1,"quantile",0.75,164063.596364017
"1238","DE","05-14",2025-12-04,2025-12-07,1,"quantile",0.9,175797.090698584
"1239","DE","05-14",2025-12-04,2025-12-07,1,"quantile",0.975,189718.836999334
"1240","DE","05-14",2025-12-04,2025-12-14,2,"quantile",0.025,125478.721814975
"1241","DE","05-14",2025-12-04,2025-12-14,2,"quantile",0.1,138625.992602185
"1242","DE","05-14",2025-12-04,2025-12-14,2,"quantile",0.25,151702.011059529
"1243","DE","05-14",2025-12-04,2025-12-14,2,"quantile",0.5,168203.98436979
"1244","DE","05-14",2025-12-04,2025-12-14,2,"quantile",0.75,185384.750174051
"1245","DE","05-14",2025-12-04,2025-12-14,2,"quantile",0.9,202112.376934301
"1246","DE","05-14",2025-12-04,2025-12-14,2,"quantile",0.975,223215.367267784
"1247","DE","05-14",2025-12-04,2025-12-21,3,"quantile",0.025,106251.079750573
"1248","DE","05-14",2025-12-04,2025-12-21,3,"quantile",0.1,119758.059839553
"1249","DE","05-14",2025-12-04,2025-12-21,3,"quantile",0.25,132915.727605996
"1250","DE","05-14",2025-12-04,2025-12-21,3,"quantile",0.5,148901.683992177
"1251","DE","05-14",2025-12-04,2025-12-21,3,"quantile",0.75,167475.065797608
"1252","DE","05-14",2025-12-04,2025-12-21,3,"quantile",0.9,184950.49009177
"1253","DE","05-14",2025-12-04,2025-12-21,3,"quantile",0.975,207666.218614583
"1254","DE","05-14",2025-12-04,2025-12-28,4,"quantile",0.025,43432.8256288295
"1255","DE","05-14",2025-12-04,2025-12-28,4,"quantile",0.1,48957.9606406925
"1256","DE","05-14",2025-12-04,2025-12-28,4,"quantile",0.25,54726.7157038183
"1257","DE","05-14",2025-12-04,2025-12-28,4,"quantile",0.5,61941.7109483386
"1258","DE","05-14",2025-12-04,2025-12-28,4,"quantile",0.75,69963.2706070682
"1259","DE","05-14",2025-12-04,2025-12-28,4,"quantile",0.9,77902.1514071644
"1260","DE","05-14",2025-12-04,2025-12-28,4,"quantile",0.975,88431.2014778134
"1261","DE","15-34",2025-12-04,2025-12-07,1,"quantile",0.025,331702.111367917
"1262","DE","15-34",2025-12-04,2025-12-07,1,"quantile",0.1,358361.346948352
"1263","DE","15-34",2025-12-04,2025-12-07,1,"quantile",0.25,383863.835328979
"1264","DE","15-34",2025-12-04,2025-12-07,1,"quantile",0.5,415578.334544817
"1265","DE","15-34",2025-12-04,2025-12-07,1,"quantile",0.75,450629.535526552
"1266","DE","15-34",2025-12-04,2025-12-07,1,"quantile",0.9,484222.379926993
"1267","DE","15-34",2025-12-04,2025-12-07,1,"quantile",0.975,525741.276594847
"1268","DE","15-34",2025-12-04,2025-12-14,2,"quantile",0.025,309565.185253512
"1269","DE","15-34",2025-12-04,2025-12-14,2,"quantile",0.1,340375.110804396
"1270","DE","15-34",2025-12-04,2025-12-14,2,"quantile",0.25,371888.074758284
"1271","DE","15-34",2025-12-04,2025-12-14,2,"quantile",0.5,409094.337554271
"1272","DE","15-34",2025-12-04,2025-12-14,2,"quantile",0.75,451915.921455014
"1273","DE","15-34",2025-12-04,2025-12-14,2,"quantile",0.9,494416.994655662
"1274","DE","15-34",2025-12-04,2025-12-14,2,"quantile",0.975,547187.852529932
"1275","DE","15-34",2025-12-04,2025-12-21,3,"quantile",0.025,251499.100360865
"1276","DE","15-34",2025-12-04,2025-12-21,3,"quantile",0.1,280742.635533581
"1277","DE","15-34",2025-12-04,2025-12-21,3,"quantile",0.25,308634.816229201
"1278","DE","15-34",2025-12-04,2025-12-21,3,"quantile",0.5,343244.316723828
"1279","DE","15-34",2025-12-04,2025-12-21,3,"quantile",0.75,383394.067537845
"1280","DE","15-34",2025-12-04,2025-12-21,3,"quantile",0.9,425695.263592164
"1281","DE","15-34",2025-12-04,2025-12-21,3,"quantile",0.975,471561.428908407
"1282","DE","15-34",2025-12-04,2025-12-28,4,"quantile",0.025,100072.471998017
"1283","DE","15-34",2025-12-04,2025-12-28,4,"quantile",0.1,112412.307389304
"1284","DE","15-34",2025-12-04,2025-12-28,4,"quantile",0.25,124631.410209786
"1285","DE","15-34",2025-12-04,2025-12-28,4,"quantile",0.5,140164.098039207
"1286","DE","15-34",2025-12-04,2025-12-28,4,"quantile",0.75,157682.855090882
"1287","DE","15-34",2025-12-04,2025-12-28,4,"quantile",0.9,174581.074315106
"1288","DE","15-34",2025-12-04,2025-12-28,4,"quantile",0.975,198681.417288678
"1289","DE","35-59",2025-12-04,2025-12-07,1,"quantile",0.025,380286.197095349
"1290","DE","35-59",2025-12-04,2025-12-07,1,"quantile",0.1,413424.27467264
"1291","DE","35-59",2025-12-04,2025-12-07,1,"quantile",0.25,448472.463115975
"1292","DE","35-59",2025-12-04,2025-12-07,1,"quantile",0.5,489882.364721037
"1293","DE","35-59",2025-12-04,2025-12-07,1,"quantile",0.75,532472.075423606
"1294","DE","35-59",2025-12-04,2025-12-07,1,"quantile",0.9,573501.461135548
"1295","DE","35-59",2025-12-04,2025-12-07,1,"quantile",0.975,625039.693121984
"1296","DE","35-59",2025-12-04,2025-12-14,2,"quantile",0.025,365087.702600472
"1297","DE","35-59",2025-12-04,2025-12-14,2,"quantile",0.1,405999.078167981
"1298","DE","35-59",2025-12-04,2025-12-14,2,"quantile",0.25,450872.226298817
"1299","DE","35-59",2025-12-04,2025-12-14,2,"quantile",0.5,506623.076370698
"1300","DE","35-59",2025-12-04,2025-12-14,2,"quantile",0.75,563047.161570082
"1301","DE","35-59",2025-12-04,2025-12-14,2,"quantile",0.9,619409.922943278
"1302","DE","35-59",2025-12-04,2025-12-14,2,"quantile",0.975,695067.834995236
"1303","DE","35-59",2025-12-04,2025-12-21,3,"quantile",0.025,277473.689880055
"1304","DE","35-59",2025-12-04,2025-12-21,3,"quantile",0.1,321221.696080513
"1305","DE","35-59",2025-12-04,2025-12-21,3,"quantile",0.25,359448.417805286
"1306","DE","35-59",2025-12-04,2025-12-21,3,"quantile",0.5,410328.25826549
"1307","DE","35-59",2025-12-04,2025-12-21,3,"quantile",0.75,469075.672022492
"1308","DE","35-59",2025-12-04,2025-12-21,3,"quantile",0.9,527275.463347629
"1309","DE","35-59",2025-12-04,2025-12-21,3,"quantile",0.975,601743.744289794
"1310","DE","35-59",2025-12-04,2025-12-28,4,"quantile",0.025,130790.652326997
"1311","DE","35-59",2025-12-04,2025-12-28,4,"quantile",0.1,150482.543754294
"1312","DE","35-59",2025-12-04,2025-12-28,4,"quantile",0.25,171147.077230913
"1313","DE","35-59",2025-12-04,2025-12-28,4,"quantile",0.5,196953.263257392
"1314","DE","35-59",2025-12-04,2025-12-28,4,"quantile",0.75,227868.405446808
"1315","DE","35-59",2025-12-04,2025-12-28,4,"quantile",0.9,257806.602105677
"1316","DE","35-59",2025-12-04,2025-12-28,4,"quantile",0.975,297123.438811551
"1317","DE","60+",2025-12-04,2025-12-07,1,"quantile",0.025,119365.526163515
"1318","DE","60+",2025-12-04,2025-12-07,1,"quantile",0.1,129239.110913171
"1319","DE","60+",2025-12-04,2025-12-07,1,"quantile",0.25,138887.833414772
"1320","DE","60+",2025-12-04,2025-12-07,1,"quantile",0.5,150720.39353423
"1321","DE","60+",2025-12-04,2025-12-07,1,"quantile",0.75,163510.486415612
"1322","DE","60+",2025-12-04,2025-12-07,1,"quantile",0.9,176487.560051738
"1323","DE","60+",2025-12-04,2025-12-07,1,"quantile",0.975,191350.931579058
"1324","DE","60+",2025-12-04,2025-12-14,2,"quantile",0.025,123030.827217241
"1325","DE","60+",2025-12-04,2025-12-14,2,"quantile",0.1,137200.020858459
"1326","DE","60+",2025-12-04,2025-12-14,2,"quantile",0.25,151168.988751284
"1327","DE","60+",2025-12-04,2025-12-14,2,"quantile",0.5,167222.04838702
"1328","DE","60+",2025-12-04,2025-12-14,2,"quantile",0.75,187078.612309068
"1329","DE","60+",2025-12-04,2025-12-14,2,"quantile",0.9,206213.77727209
"1330","DE","60+",2025-12-04,2025-12-14,2,"quantile",0.975,231291.394018415
"1331","DE","60+",2025-12-04,2025-12-21,3,"quantile",0.025,110347.085200904
"1332","DE","60+",2025-12-04,2025-12-21,3,"quantile",0.1,125853.336058009
"1333","DE","60+",2025-12-04,2025-12-21,3,"quantile",0.25,140924.799175833
"1334","DE","60+",2025-12-04,2025-12-21,3,"quantile",0.5,158750.939214219
"1335","DE","60+",2025-12-04,2025-12-21,3,"quantile",0.75,180048.012009834
"1336","DE","60+",2025-12-04,2025-12-21,3,"quantile",0.9,203064.665935325
"1337","DE","60+",2025-12-04,2025-12-21,3,"quantile",0.975,230287.168053437
"1338","DE","60+",2025-12-04,2025-12-28,4,"quantile",0.025,58655.774400396
"1339","DE","60+",2025-12-04,2025-12-28,4,"quantile",0.1,67334.5193673239
"1340","DE","60+",2025-12-04,2025-12-28,4,"quantile",0.25,75943.0270345463
"1341","DE","60+",2025-12-04,2025-12-28,4,"quantile",0.5,87060.7480006308
"1342","DE","60+",2025-12-04,2025-12-28,4,"quantile",0.75,99903.5913505271
"1343","DE","60+",2025-12-04,2025-12-28,4,"quantile",0.9,113160.961512043
"1344","DE","60+",2025-12-04,2025-12-28,4,"quantile",0.975,129680.655618902
"1345","DE","00+",2025-12-11,2025-12-14,1,"quantile",0.025,1170256.54621965
"1346","DE","00+",2025-12-11,2025-12-14,1,"quantile",0.1,1253077.26396783
"1347","DE","00+",2025-12-11,2025-12-14,1,"quantile",0.25,1334652.473871
"1348","DE","00+",2025-12-11,2025-12-14,1,"quantile",0.5,1434738.62397238
"1349","DE","00+",2025-12-11,2025-12-14,1,"quantile",0.75,1540138.79130759
"1350","DE","00+",2025-12-11,2025-12-14,1,"quantile",0.9,1634735.94360093
"1351","DE","00+",2025-12-11,2025-12-14,1,"quantile",0.975,1757378.30184486
"1352","DE","00+",2025-12-11,2025-12-21,2,"quantile",0.025,969143.433568778
"1353","DE","00+",2025-12-11,2025-12-21,2,"quantile",0.1,1059971.35021056
"1354","DE","00+",2025-12-11,2025-12-21,2,"quantile",0.25,1154908.97852171
"1355","DE","00+",2025-12-11,2025-12-21,2,"quantile",0.5,1260902.75194307
"1356","DE","00+",2025-12-11,2025-12-21,2,"quantile",0.75,1384745.03256975
"1357","DE","00+",2025-12-11,2025-12-21,2,"quantile",0.9,1501774.52095983
"1358","DE","00+",2025-12-11,2025-12-21,2,"quantile",0.975,1652970.94024449
"1359","DE","00+",2025-12-11,2025-12-28,3,"quantile",0.025,449067.890168434
"1360","DE","00+",2025-12-11,2025-12-28,3,"quantile",0.1,496154.729753361
"1361","DE","00+",2025-12-11,2025-12-28,3,"quantile",0.25,542532.406837469
"1362","DE","00+",2025-12-11,2025-12-28,3,"quantile",0.5,604639.485917818
"1363","DE","00+",2025-12-11,2025-12-28,3,"quantile",0.75,671956.933699569
"1364","DE","00+",2025-12-11,2025-12-28,3,"quantile",0.9,740339.003634057
"1365","DE","00+",2025-12-11,2025-12-28,3,"quantile",0.975,825387.998800761
"1366","DE","00+",2025-12-11,2026-01-04,4,"quantile",0.025,751772.193241674
"1367","DE","00+",2025-12-11,2026-01-04,4,"quantile",0.1,842861.581949348
"1368","DE","00+",2025-12-11,2026-01-04,4,"quantile",0.25,932999.150525693
"1369","DE","00+",2025-12-11,2026-01-04,4,"quantile",0.5,1043221.93962312
"1370","DE","00+",2025-12-11,2026-01-04,4,"quantile",0.75,1165099.86220021
"1371","DE","00+",2025-12-11,2026-01-04,4,"quantile",0.9,1293160.90599164
"1372","DE","00+",2025-12-11,2026-01-04,4,"quantile",0.975,1449471.23448916
"1373","DE","00-04",2025-12-11,2025-12-14,1,"quantile",0.025,174076.95980044
"1374","DE","00-04",2025-12-11,2025-12-14,1,"quantile",0.1,182948.165044266
"1375","DE","00-04",2025-12-11,2025-12-14,1,"quantile",0.25,191410.786384178
"1376","DE","00-04",2025-12-11,2025-12-14,1,"quantile",0.5,201483.844071246
"1377","DE","00-04",2025-12-11,2025-12-14,1,"quantile",0.75,211988.902462482
"1378","DE","00-04",2025-12-11,2025-12-14,1,"quantile",0.9,221707.829735598
"1379","DE","00-04",2025-12-11,2025-12-14,1,"quantile",0.975,233666.561188232
"1380","DE","00-04",2025-12-11,2025-12-21,2,"quantile",0.025,169054.39481713
"1381","DE","00-04",2025-12-11,2025-12-21,2,"quantile",0.1,180320.484900019
"1382","DE","00-04",2025-12-11,2025-12-21,2,"quantile",0.25,191034.233113575
"1383","DE","00-04",2025-12-11,2025-12-21,2,"quantile",0.5,203144.488309756
"1384","DE","00-04",2025-12-11,2025-12-21,2,"quantile",0.75,216649.656601815
"1385","DE","00-04",2025-12-11,2025-12-21,2,"quantile",0.9,229082.563155389
"1386","DE","00-04",2025-12-11,2025-12-21,2,"quantile",0.975,243188.754159732
"1387","DE","00-04",2025-12-11,2025-12-28,3,"quantile",0.025,93382.1850423833
"1388","DE","00-04",2025-12-11,2025-12-28,3,"quantile",0.1,100616.957472577
"1389","DE","00-04",2025-12-11,2025-12-28,3,"quantile",0.25,107064.657613298
"1390","DE","00-04",2025-12-11,2025-12-28,3,"quantile",0.5,114962.363862075
"1391","DE","00-04",2025-12-11,2025-12-28,3,"quantile",0.75,123803.499516112
"1392","DE","00-04",2025-12-11,2025-12-28,3,"quantile",0.9,131987.798199171
"1393","DE","00-04",2025-12-11,2025-12-28,3,"quantile",0.975,141349.580252019
"1394","DE","00-04",2025-12-11,2026-01-04,4,"quantile",0.025,105070.891422214
"1395","DE","00-04",2025-12-11,2026-01-04,4,"quantile",0.1,113439.136132529
"1396","DE","00-04",2025-12-11,2026-01-04,4,"quantile",0.25,121402.360538088
"1397","DE","00-04",2025-12-11,2026-01-04,4,"quantile",0.5,130842.686223863
"1398","DE","00-04",2025-12-11,2026-01-04,4,"quantile",0.75,141472.441227559
"1399","DE","00-04",2025-12-11,2026-01-04,4,"quantile",0.9,151762.701914381
"1400","DE","00-04",2025-12-11,2026-01-04,4,"quantile",0.975,163276.75263719
"1401","DE","05-14",2025-12-11,2025-12-14,1,"quantile",0.025,145923.049540387
"1402","DE","05-14",2025-12-11,2025-12-14,1,"quantile",0.1,157569.507569192
"1403","DE","05-14",2025-12-11,2025-12-14,1,"quantile",0.25,169277.615388605
"1404","DE","05-14",2025-12-11,2025-12-14,1,"quantile",0.5,183117.535238392
"1405","DE","05-14",2025-12-11,2025-12-14,1,"quantile",0.75,198495.090249656
"1406","DE","05-14",2025-12-11,2025-12-14,1,"quantile",0.9,212300.107507322
"1407","DE","05-14",2025-12-11,2025-12-14,1,"quantile",0.975,230685.646051632
"1408","DE","05-14",2025-12-11,2025-12-21,2,"quantile",0.025,120295.959888249
"1409","DE","05-14",2025-12-11,2025-12-21,2,"quantile",0.1,133345.923671651
"1410","DE","05-14",2025-12-11,2025-12-21,2,"quantile",0.25,146318.200513782
"1411","DE","05-14",2025-12-11,2025-12-21,2,"quantile",0.5,161386.80690343
"1412","DE","05-14",2025-12-11,2025-12-21,2,"quantile",0.75,179241.438753915
"1413","DE","05-14",2025-12-11,2025-12-21,2,"quantile",0.9,195284.635007834
"1414","DE","05-14",2025-12-11,2025-12-21,2,"quantile",0.975,217316.415579322
"1415","DE","05-14",2025-12-11,2025-12-28,3,"quantile",0.025,47560.0603799054
"1416","DE","05-14",2025-12-11,2025-12-28,3,"quantile",0.1,52873.0383632835
"1417","DE","05-14",2025-12-11,2025-12-28,3,"quantile",0.25,58401.9458020919
"1418","DE","05-14",2025-12-11,2025-12-28,3,"quantile",0.5,65669.5297350616
"1419","DE","05-14",2025-12-11,2025-12-28,3,"quantile",0.75,73562.6568325492
"1420","DE","05-14",2025-12-11,2025-12-28,3,"quantile",0.9,81937.066583103
"1421","DE","05-14",2025-12-11,2025-12-28,3,"quantile",0.975,92205.2198967948
"1422","DE","05-14",2025-12-11,2026-01-04,4,"quantile",0.025,58803.3911083673
"1423","DE","05-14",2025-12-11,2026-01-04,4,"quantile",0.1,65964.5874166957
"1424","DE","05-14",2025-12-11,2026-01-04,4,"quantile",0.25,73687.8347732656
"1425","DE","05-14",2025-12-11,2026-01-04,4,"quantile",0.5,83011.4530086945
"1426","DE","05-14",2025-12-11,2026-01-04,4,"quantile",0.75,93333.0656731284
"1427","DE","05-14",2025-12-11,2026-01-04,4,"quantile",0.9,104399.880438388
"1428","DE","05-14",2025-12-11,2026-01-04,4,"quantile",0.975,118715.460432422
"1429","DE","15-34",2025-12-11,2025-12-14,1,"quantile",0.025,327638.672085028
"1430","DE","15-34",2025-12-11,2025-12-14,1,"quantile",0.1,355324.297201121
"1431","DE","15-34",2025-12-11,2025-12-14,1,"quantile",0.25,380973.589309859
"1432","DE","15-34",2025-12-11,2025-12-14,1,"quantile",0.5,413700.041254849
"1433","DE","15-34",2025-12-11,2025-12-14,1,"quantile",0.75,448388.652843891
"1434","DE","15-34",2025-12-11,2025-12-14,1,"quantile",0.9,481759.795280802
"1435","DE","15-34",2025-12-11,2025-12-14,1,"quantile",0.975,522832.312748755
"1436","DE","15-34",2025-12-11,2025-12-21,2,"quantile",0.025,259990.623920987
"1437","DE","15-34",2025-12-11,2025-12-21,2,"quantile",0.1,287634.876476721
"1438","DE","15-34",2025-12-11,2025-12-21,2,"quantile",0.25,315163.924919855
"1439","DE","15-34",2025-12-11,2025-12-21,2,"quantile",0.5,346443.833683189
"1440","DE","15-34",2025-12-11,2025-12-21,2,"quantile",0.75,383703.435221446
"1441","DE","15-34",2025-12-11,2025-12-21,2,"quantile",0.9,418205.641358895
"1442","DE","15-34",2025-12-11,2025-12-21,2,"quantile",0.975,459713.174423996
"1443","DE","15-34",2025-12-11,2025-12-28,3,"quantile",0.025,102649.627845503
"1444","DE","15-34",2025-12-11,2025-12-28,3,"quantile",0.1,114600.246188946
"1445","DE","15-34",2025-12-11,2025-12-28,3,"quantile",0.25,126492.249291913
"1446","DE","15-34",2025-12-11,2025-12-28,3,"quantile",0.5,141221.402067133
"1447","DE","15-34",2025-12-11,2025-12-28,3,"quantile",0.75,158251.341122483
"1448","DE","15-34",2025-12-11,2025-12-28,3,"quantile",0.9,174619.699419729
"1449","DE","15-34",2025-12-11,2025-12-28,3,"quantile",0.975,194585.476668775
"1450","DE","15-34",2025-12-11,2026-01-04,4,"quantile",0.025,202801.415531427
"1451","DE","15-34",2025-12-11,2026-01-04,4,"quantile",0.1,226834.335292811
"1452","DE","15-34",2025-12-11,2026-01-04,4,"quantile",0.25,252147.696653909
"1453","DE","15-34",2025-12-11,2026-01-04,4,"quantile",0.5,283266.249749196
"1454","DE","15-34",2025-12-11,2026-01-04,4,"quantile",0.75,318829.074155857
"1455","DE","15-34",2025-12-11,2026-01-04,4,"quantile",0.9,355179.647535994
"1456","DE","15-34",2025-12-11,2026-01-04,4,"quantile",0.975,397901.774471757
"1457","DE","35-59",2025-12-11,2025-12-14,1,"quantile",0.025,374638.676360898
"1458","DE","35-59",2025-12-11,2025-12-14,1,"quantile",0.1,407211.775942351
"1459","DE","35-59",2025-12-11,2025-12-14,1,"quantile",0.25,439705.681282945
"1460","DE","35-59",2025-12-11,2025-12-14,1,"quantile",0.5,480319.397105363
"1461","DE","35-59",2025-12-11,2025-12-14,1,"quantile",0.75,523603.469990333
"1462","DE","35-59",2025-12-11,2025-12-14,1,"quantile",0.9,563872.709782807
"1463","DE","35-59",2025-12-11,2025-12-14,1,"quantile",0.975,614860.296081998
"1464","DE","35-59",2025-12-11,2025-12-21,2,"quantile",0.025,283217.950075723
"1465","DE","35-59",2025-12-11,2025-12-21,2,"quantile",0.1,315386.858989451
"1466","DE","35-59",2025-12-11,2025-12-21,2,"quantile",0.25,351103.637600435
"1467","DE","35-59",2025-12-11,2025-12-21,2,"quantile",0.5,391665.691607122
"1468","DE","35-59",2025-12-11,2025-12-21,2,"quantile",0.75,440171.472997281
"1469","DE","35-59",2025-12-11,2025-12-21,2,"quantile",0.9,485764.790301635
"1470","DE","35-59",2025-12-11,2025-12-21,2,"quantile",0.975,546576.602977312
"1471","DE","35-59",2025-12-11,2025-12-28,3,"quantile",0.025,131160.4363876
"1472","DE","35-59",2025-12-11,2025-12-28,3,"quantile",0.1,149155.138361811
"1473","DE","35-59",2025-12-11,2025-12-28,3,"quantile",0.25,166733.091065204
"1474","DE","35-59",2025-12-11,2025-12-28,3,"quantile",0.5,190736.026306966
"1475","DE","35-59",2025-12-11,2025-12-28,3,"quantile",0.75,217903.45930493
"1476","DE","35-59",2025-12-11,2025-12-28,3,"quantile",0.9,245481.686195299
"1477","DE","35-59",2025-12-11,2025-12-28,3,"quantile",0.975,280461.127250501
"1478","DE","35-59",2025-12-11,2026-01-04,4,"quantile",0.025,253780.689882066
"1479","DE","35-59",2025-12-11,2026-01-04,4,"quantile",0.1,292027.748759211
"1480","DE","35-59",2025-12-11,2026-01-04,4,"quantile",0.25,331998.805989171
"1481","DE","35-59",2025-12-11,2026-01-04,4,"quantile",0.5,382249.729640742
"1482","DE","35-59",2025-12-11,2026-01-04,4,"quantile",0.75,439305.469851968
"1483","DE","35-59",2025-12-11,2026-01-04,4,"quantile",0.9,501668.888285981
"1484","DE","35-59",2025-12-11,2026-01-04,4,"quantile",0.975,579512.321984823
"1485","DE","60+",2025-12-11,2025-12-14,1,"quantile",0.025,129790.008178815
"1486","DE","60+",2025-12-11,2025-12-14,1,"quantile",0.1,140597.719022947
"1487","DE","60+",2025-12-11,2025-12-14,1,"quantile",0.25,151128.331303374
"1488","DE","60+",2025-12-11,2025-12-14,1,"quantile",0.5,164716.267348118
"1489","DE","60+",2025-12-11,2025-12-14,1,"quantile",0.75,178955.20338389
"1490","DE","60+",2025-12-11,2025-12-14,1,"quantile",0.9,193101.35929326
"1491","DE","60+",2025-12-11,2025-12-14,1,"quantile",0.975,209356.945366037
"1492","DE","60+",2025-12-11,2025-12-21,2,"quantile",0.025,113792.046041803
"1493","DE","60+",2025-12-11,2025-12-21,2,"quantile",0.1,126688.297309038
"1494","DE","60+",2025-12-11,2025-12-21,2,"quantile",0.25,139841.532276988
"1495","DE","60+",2025-12-11,2025-12-21,2,"quantile",0.5,155896.711613112
"1496","DE","60+",2025-12-11,2025-12-21,2,"quantile",0.75,174182.123118476
"1497","DE","60+",2025-12-11,2025-12-21,2,"quantile",0.9,192262.235917197
"1498","DE","60+",2025-12-11,2025-12-21,2,"quantile",0.975,214035.264130343
"1499","DE","60+",2025-12-11,2025-12-28,3,"quantile",0.025,59338.6007770771
"1500","DE","60+",2025-12-11,2025-12-28,3,"quantile",0.1,67621.6670863512
"1501","DE","60+",2025-12-11,2025-12-28,3,"quantile",0.25,75426.0865837847
"1502","DE","60+",2025-12-11,2025-12-28,3,"quantile",0.5,85775.7929999089
"1503","DE","60+",2025-12-11,2025-12-28,3,"quantile",0.75,97676.1381219179
"1504","DE","60+",2025-12-11,2025-12-28,3,"quantile",0.9,109847.494063342
"1505","DE","60+",2025-12-11,2025-12-28,3,"quantile",0.975,124761.282485369
"1506","DE","60+",2025-12-11,2026-01-04,4,"quantile",0.025,116021.644467045
"1507","DE","60+",2025-12-11,2026-01-04,4,"quantile",0.1,133467.452229233
"1508","DE","60+",2025-12-11,2026-01-04,4,"quantile",0.25,150632.577843031
"1509","DE","60+",2025-12-11,2026-01-04,4,"quantile",0.5,172533.482486108
"1510","DE","60+",2025-12-11,2026-01-04,4,"quantile",0.75,198079.611434962
"1511","DE","60+",2025-12-11,2026-01-04,4,"quantile",0.9,225531.663616217
"1512","DE","60+",2025-12-11,2026-01-04,4,"quantile",0.975,259031.223302769
"1513","DE","00+",2025-12-18,2025-12-21,1,"quantile",0.025,1008951.32874621
"1514","DE","00+",2025-12-18,2025-12-21,1,"quantile",0.1,1082478.43836917
"1515","DE","00+",2025-12-18,2025-12-21,1,"quantile",0.25,1149692.88452079
"1516","DE","00+",2025-12-18,2025-12-21,1,"quantile",0.5,1232133.51991561
"1517","DE","00+",2025-12-18,2025-12-21,1,"quantile",0.75,1321944.35662168
"1518","DE","00+",2025-12-18,2025-12-21,1,"quantile",0.9,1407995.62214734
"1519","DE","00+",2025-12-18,2025-12-21,1,"quantile",0.975,1508158.80546747
"1520","DE","00+",2025-12-18,2025-12-28,2,"quantile",0.025,455844.435416351
"1521","DE","00+",2025-12-18,2025-12-28,2,"quantile",0.1,498884.375890424
"1522","DE","00+",2025-12-18,2025-12-28,2,"quantile",0.25,540887.197294441
"1523","DE","00+",2025-12-18,2025-12-28,2,"quantile",0.5,589912.865769748
"1524","DE","00+",2025-12-18,2025-12-28,2,"quantile",0.75,642954.92465676
"1525","DE","00+",2025-12-18,2025-12-28,2,"quantile",0.9,696642.95547864
"1526","DE","00+",2025-12-18,2025-12-28,2,"quantile",0.975,763667.068635168
"1527","DE","00+",2025-12-18,2026-01-04,3,"quantile",0.025,755102.624860662
"1528","DE","00+",2025-12-18,2026-01-04,3,"quantile",0.1,843708.325187614
"1529","DE","00+",2025-12-18,2026-01-04,3,"quantile",0.25,925748.424022923
"1530","DE","00+",2025-12-18,2026-01-04,3,"quantile",0.5,1021932.39825304
"1531","DE","00+",2025-12-18,2026-01-04,3,"quantile",0.75,1134040.43074302
"1532","DE","00+",2025-12-18,2026-01-04,3,"quantile",0.9,1244831.50490568
"1533","DE","00+",2025-12-18,2026-01-04,3,"quantile",0.975,1383291.35262951
"1534","DE","00+",2025-12-18,2026-01-11,4,"quantile",0.025,949990.963559864
"1535","DE","00+",2025-12-18,2026-01-11,4,"quantile",0.1,1061988.81767865
"1536","DE","00+",2025-12-18,2026-01-11,4,"quantile",0.25,1174981.71173388
"1537","DE","00+",2025-12-18,2026-01-11,4,"quantile",0.5,1310300.01044067
"1538","DE","00+",2025-12-18,2026-01-11,4,"quantile",0.75,1466110.06592158
"1539","DE","00+",2025-12-18,2026-01-11,4,"quantile",0.9,1620753.61495137
"1540","DE","00+",2025-12-18,2026-01-11,4,"quantile",0.975,1823221.20715615
"1541","DE","00-04",2025-12-18,2025-12-21,1,"quantile",0.025,170416.491558537
"1542","DE","00-04",2025-12-18,2025-12-21,1,"quantile",0.1,179040.437608518
"1543","DE","00-04",2025-12-18,2025-12-21,1,"quantile",0.25,187322.965208406
"1544","DE","00-04",2025-12-18,2025-12-21,1,"quantile",0.5,196812.89155902
"1545","DE","00-04",2025-12-18,2025-12-21,1,"quantile",0.75,206868.907302651
"1546","DE","00-04",2025-12-18,2025-12-21,1,"quantile",0.9,216461.872155125
"1547","DE","00-04",2025-12-18,2025-12-21,1,"quantile",0.975,227352.382493118
"1548","DE","00-04",2025-12-18,2025-12-28,2,"quantile",0.025,93076.1114708281
"1549","DE","00-04",2025-12-18,2025-12-28,2,"quantile",0.1,99434.1088514082
"1550","DE","00-04",2025-12-18,2025-12-28,2,"quantile",0.25,105131.165234307
"1551","DE","00-04",2025-12-18,2025-12-28,2,"quantile",0.5,111811.59937506
"1552","DE","00-04",2025-12-18,2025-12-28,2,"quantile",0.75,119124.130580877
"1553","DE","00-04",2025-12-18,2025-12-28,2,"quantile",0.9,126166.968508772
"1554","DE","00-04",2025-12-18,2025-12-28,2,"quantile",0.975,134197.72326774
"1555","DE","00-04",2025-12-18,2026-01-04,3,"quantile",0.025,103973.410788474
"1556","DE","00-04",2025-12-18,2026-01-04,3,"quantile",0.1,112210.133956228
"1557","DE","00-04",2025-12-18,2026-01-04,3,"quantile",0.25,119463.34607806
"1558","DE","00-04",2025-12-18,2026-01-04,3,"quantile",0.5,128020.722339474
"1559","DE","00-04",2025-12-18,2026-01-04,3,"quantile",0.75,137946.792203414
"1560","DE","00-04",2025-12-18,2026-01-04,3,"quantile",0.9,146929.288517787
"1561","DE","00-04",2025-12-18,2026-01-04,3,"quantile",0.975,156860.434979151
"1562","DE","00-04",2025-12-18,2026-01-11,4,"quantile",0.025,121691.123827456
"1563","DE","00-04",2025-12-18,2026-01-11,4,"quantile",0.1,131516.781375178
"1564","DE","00-04",2025-12-18,2026-01-11,4,"quantile",0.25,140928.760015845
"1565","DE","00-04",2025-12-18,2026-01-11,4,"quantile",0.5,151649.032060327
"1566","DE","00-04",2025-12-18,2026-01-11,4,"quantile",0.75,164040.625396858
"1567","DE","00-04",2025-12-18,2026-01-11,4,"quantile",0.9,175391.498674325
"1568","DE","00-04",2025-12-18,2026-01-11,4,"quantile",0.975,190549.042091237
"1569","DE","05-14",2025-12-18,2025-12-21,1,"quantile",0.025,126696.343286882
"1570","DE","05-14",2025-12-18,2025-12-21,1,"quantile",0.1,137143.121893977
"1571","DE","05-14",2025-12-18,2025-12-21,1,"quantile",0.25,146869.319074348
"1572","DE","05-14",2025-12-18,2025-12-21,1,"quantile",0.5,158597.216030481
"1573","DE","05-14",2025-12-18,2025-12-21,1,"quantile",0.75,171779.512826226
"1574","DE","05-14",2025-12-18,2025-12-21,1,"quantile",0.9,184160.458049322
"1575","DE","05-14",2025-12-18,2025-12-21,1,"quantile",0.975,199105.561479046
"1576","DE","05-14",2025-12-18,2025-12-28,2,"quantile",0.025,48367.8981207744
"1577","DE","05-14",2025-12-18,2025-12-28,2,"quantile",0.1,53551.5255682533
"1578","DE","05-14",2025-12-18,2025-12-28,2,"quantile",0.25,58563.083805535
"1579","DE","05-14",2025-12-18,2025-12-28,2,"quantile",0.5,64563.6531790494
"1580","DE","05-14",2025-12-18,2025-12-28,2,"quantile",0.75,71145.1019119354
"1581","DE","05-14",2025-12-18,2025-12-28,2,"quantile",0.9,77617.6899629483
"1582","DE","05-14",2025-12-18,2025-12-28,2,"quantile",0.975,85687.004640835
"1583","DE","05-14",2025-12-18,2026-01-04,3,"quantile",0.025,58678.5892418319
"1584","DE","05-14",2025-12-18,2026-01-04,3,"quantile",0.1,66302.7111737128
"1585","DE","05-14",2025-12-18,2026-01-04,3,"quantile",0.25,73473.5721993434
"1586","DE","05-14",2025-12-18,2026-01-04,3,"quantile",0.5,81858.6116414368
"1587","DE","05-14",2025-12-18,2026-01-04,3,"quantile",0.75,91568.0794452588
"1588","DE","05-14",2025-12-18,2026-01-04,3,"quantile",0.9,101399.279463211
"1589","DE","05-14",2025-12-18,2026-01-04,3,"quantile",0.975,113059.893051989
"1590","DE","05-14",2025-12-18,2026-01-11,4,"quantile",0.025,83087.0972159373
"1591","DE","05-14",2025-12-18,2026-01-11,4,"quantile",0.1,93665.3605164204
"1592","DE","05-14",2025-12-18,2026-01-11,4,"quantile",0.25,104600.255902044
"1593","DE","05-14",2025-12-18,2026-01-11,4,"quantile",0.5,117307.788672069
"1594","DE","05-14",2025-12-18,2026-01-11,4,"quantile",0.75,132291.698754016
"1595","DE","05-14",2025-12-18,2026-01-11,4,"quantile",0.9,147246.384118485
"1596","DE","05-14",2025-12-18,2026-01-11,4,"quantile",0.975,167163.634618638
"1597","DE","15-34",2025-12-18,2025-12-21,1,"quantile",0.025,269292.981600708
"1598","DE","15-34",2025-12-18,2025-12-21,1,"quantile",0.1,290734.348161697
"1599","DE","15-34",2025-12-18,2025-12-21,1,"quantile",0.25,312229.169605287
"1600","DE","15-34",2025-12-18,2025-12-21,1,"quantile",0.5,337668.384995118
"1601","DE","15-34",2025-12-18,2025-12-21,1,"quantile",0.75,365504.435051434
"1602","DE","15-34",2025-12-18,2025-12-21,1,"quantile",0.9,392676.753600138
"1603","DE","15-34",2025-12-18,2025-12-21,1,"quantile",0.975,425013.595845591
"1604","DE","15-34",2025-12-18,2025-12-28,2,"quantile",0.025,103284.117253555
"1605","DE","15-34",2025-12-18,2025-12-28,2,"quantile",0.1,115015.9339159
"1606","DE","15-34",2025-12-18,2025-12-28,2,"quantile",0.25,125470.116290245
"1607","DE","15-34",2025-12-18,2025-12-28,2,"quantile",0.5,138210.83915071
"1608","DE","15-34",2025-12-18,2025-12-28,2,"quantile",0.75,152455.349676361
"1609","DE","15-34",2025-12-18,2025-12-28,2,"quantile",0.9,166748.577552692
"1610","DE","15-34",2025-12-18,2025-12-28,2,"quantile",0.975,183879.028440168
"1611","DE","15-34",2025-12-18,2026-01-04,3,"quantile",0.025,201872.076290855
"1612","DE","15-34",2025-12-18,2026-01-04,3,"quantile",0.1,227246.714708585
"1613","DE","15-34",2025-12-18,2026-01-04,3,"quantile",0.25,249882.301705383
"1614","DE","15-34",2025-12-18,2026-01-04,3,"quantile",0.5,278779.016075248
"1615","DE","15-34",2025-12-18,2026-01-04,3,"quantile",0.75,311635.765477215
"1616","DE","15-34",2025-12-18,2026-01-04,3,"quantile",0.9,344372.377920465
"1617","DE","15-34",2025-12-18,2026-01-04,3,"quantile",0.975,381999.981646311
"1618","DE","15-34",2025-12-18,2026-01-11,4,"quantile",0.025,273042.106758461
"1619","DE","15-34",2025-12-18,2026-01-11,4,"quantile",0.1,308907.065468091
"1620","DE","15-34",2025-12-18,2026-01-11,4,"quantile",0.25,343016.183141229
"1621","DE","15-34",2025-12-18,2026-01-11,4,"quantile",0.5,383910.556968563
"1622","DE","15-34",2025-12-18,2026-01-11,4,"quantile",0.75,432783.823802489
"1623","DE","15-34",2025-12-18,2026-01-11,4,"quantile",0.9,479372.363342794
"1624","DE","15-34",2025-12-18,2026-01-11,4,"quantile",0.975,542159.666538363
"1625","DE","35-59",2025-12-18,2025-12-21,1,"quantile",0.025,306168.83711228
"1626","DE","35-59",2025-12-18,2025-12-21,1,"quantile",0.1,333891.221743909
"1627","DE","35-59",2025-12-18,2025-12-21,1,"quantile",0.25,358854.008766075
"1628","DE","35-59",2025-12-18,2025-12-21,1,"quantile",0.5,391065.757712007
"1629","DE","35-59",2025-12-18,2025-12-21,1,"quantile",0.75,425310.654041851
"1630","DE","35-59",2025-12-18,2025-12-21,1,"quantile",0.9,459811.471882666
"1631","DE","35-59",2025-12-18,2025-12-21,1,"quantile",0.975,500701.04140189
"1632","DE","35-59",2025-12-18,2025-12-28,2,"quantile",0.025,137809.515520718
"1633","DE","35-59",2025-12-18,2025-12-28,2,"quantile",0.1,154209.905215867
"1634","DE","35-59",2025-12-18,2025-12-28,2,"quantile",0.25,170284.623801386
"1635","DE","35-59",2025-12-18,2025-12-28,2,"quantile",0.5,189491.844640906
"1636","DE","35-59",2025-12-18,2025-12-28,2,"quantile",0.75,211065.52491275
"1637","DE","35-59",2025-12-18,2025-12-28,2,"quantile",0.9,232940.23061887
"1638","DE","35-59",2025-12-18,2025-12-28,2,"quantile",0.975,261156.621741384
"1639","DE","35-59",2025-12-18,2026-01-04,3,"quantile",0.025,260993.797007938
"1640","DE","35-59",2025-12-18,2026-01-04,3,"quantile",0.1,299086.683144309
"1641","DE","35-59",2025-12-18,2026-01-04,3,"quantile",0.25,335714.626662705
"1642","DE","35-59",2025-12-18,2026-01-04,3,"quantile",0.5,379917.108694314
"1643","DE","35-59",2025-12-18,2026-01-04,3,"quantile",0.75,431911.309953564
"1644","DE","35-59",2025-12-18,2026-01-04,3,"quantile",0.9,485896.887513894
"1645","DE","35-59",2025-12-18,2026-01-04,3,"quantile",0.975,554075.419720908
"1646","DE","35-59",2025-12-18,2026-01-11,4,"quantile",0.025,315974.879903072
"1647","DE","35-59",2025-12-18,2026-01-11,4,"quantile",0.1,365510.847963687
"1648","DE","35-59",2025-12-18,2026-01-11,4,"quantile",0.25,414489.054556171
"1649","DE","35-59",2025-12-18,2026-01-11,4,"quantile",0.5,474970.437423695
"1650","DE","35-59",2025-12-18,2026-01-11,4,"quantile",0.75,547834.086843999
"1651","DE","35-59",2025-12-18,2026-01-11,4,"quantile",0.9,621363.541160194
"1652","DE","35-59",2025-12-18,2026-01-11,4,"quantile",0.975,720051.325436503
"1653","DE","60+",2025-12-18,2025-12-21,1,"quantile",0.025,123119.103365989
"1654","DE","60+",2025-12-18,2025-12-21,1,"quantile",0.1,133254.514830305
"1655","DE","60+",2025-12-18,2025-12-21,1,"quantile",0.25,143559.131681341
"1656","DE","60+",2025-12-18,2025-12-21,1,"quantile",0.5,155798.545188713
"1657","DE","60+",2025-12-18,2025-12-21,1,"quantile",0.75,169242.689245097
"1658","DE","60+",2025-12-18,2025-12-21,1,"quantile",0.9,181911.240867738
"1659","DE","60+",2025-12-18,2025-12-21,1,"quantile",0.975,198372.427449996
"1660","DE","60+",2025-12-18,2025-12-28,2,"quantile",0.025,62647.4274151068
"1661","DE","60+",2025-12-18,2025-12-28,2,"quantile",0.1,70148.4295929314
"1662","DE","60+",2025-12-18,2025-12-28,2,"quantile",0.25,77356.0317733602
"1663","DE","60+",2025-12-18,2025-12-28,2,"quantile",0.5,86190.3723521276
"1664","DE","60+",2025-12-18,2025-12-28,2,"quantile",0.75,96002.5829766345
"1665","DE","60+",2025-12-18,2025-12-28,2,"quantile",0.9,105829.473199557
"1666","DE","60+",2025-12-18,2025-12-28,2,"quantile",0.975,117458.227209488
"1667","DE","60+",2025-12-18,2026-01-04,3,"quantile",0.025,119012.891145862
"1668","DE","60+",2025-12-18,2026-01-04,3,"quantile",0.1,136209.310117888
"1669","DE","60+",2025-12-18,2026-01-04,3,"quantile",0.25,152653.55287101
"1670","DE","60+",2025-12-18,2026-01-04,3,"quantile",0.5,172608.979511284
"1671","DE","60+",2025-12-18,2026-01-04,3,"quantile",0.75,196847.127043792
"1672","DE","60+",2025-12-18,2026-01-04,3,"quantile",0.9,220455.855609098
"1673","DE","60+",2025-12-18,2026-01-04,3,"quantile",0.975,248215.823579883
"1674","DE","60+",2025-12-18,2026-01-11,4,"quantile",0.025,138204.943025295
"1675","DE","60+",2025-12-18,2026-01-11,4,"quantile",0.1,158954.135071797
"1676","DE","60+",2025-12-18,2026-01-11,4,"quantile",0.25,180398.387570394
"1677","DE","60+",2025-12-18,2026-01-11,4,"quantile",0.5,205443.329073494
"1678","DE","60+",2025-12-18,2026-01-11,4,"quantile",0.75,235677.068141344
"1679","DE","60+",2025-12-18,2026-01-11,4,"quantile",0.9,267414.654355603
"1680","DE","60+",2025-12-18,2026-01-11,4,"quantile",0.975,310357.632930606
"1681","DE","00+",2026-01-08,2026-01-11,1,"quantile",0.025,752115.876836598
"1682","DE","00+",2026-01-08,2026-01-11,1,"quantile",0.1,801302.224165127
"1683","DE","00+",2026-01-08,2026-01-11,1,"quantile",0.25,852904.894410749
"1684","DE","00+",2026-01-08,2026-01-11,1,"quantile",0.5,913222.663752652
"1685","DE","00+",2026-01-08,2026-01-11,1,"quantile",0.75,980611.958848362
"1686","DE","00+",2026-01-08,2026-01-11,1,"quantile",0.9,1038886.29880885
"1687","DE","00+",2026-01-08,2026-01-11,1,"quantile",0.975,1112271.05932277
"1688","DE","00+",2026-01-08,2026-01-18,2,"quantile",0.025,760110.614560563
"1689","DE","00+",2026-01-08,2026-01-18,2,"quantile",0.1,828522.130971813
"1690","DE","00+",2026-01-08,2026-01-18,2,"quantile",0.25,902034.135192349
"1691","DE","00+",2026-01-08,2026-01-18,2,"quantile",0.5,983545.446689587
"1692","DE","00+",2026-01-08,2026-01-18,2,"quantile",0.75,1070973.88304907
"1693","DE","00+",2026-01-08,2026-01-18,2,"quantile",0.9,1160689.87148985
"1694","DE","00+",2026-01-08,2026-01-18,2,"quantile",0.975,1264449.49167575
"1695","DE","00+",2026-01-08,2026-01-25,3,"quantile",0.025,919395.257963593
"1696","DE","00+",2026-01-08,2026-01-25,3,"quantile",0.1,1013362.26293802
"1697","DE","00+",2026-01-08,2026-01-25,3,"quantile",0.25,1110600.55811001
"1698","DE","00+",2026-01-08,2026-01-25,3,"quantile",0.5,1227641.65939126
"1699","DE","00+",2026-01-08,2026-01-25,3,"quantile",0.75,1361602.66156139
"1700","DE","00+",2026-01-08,2026-01-25,3,"quantile",0.9,1498607.37783754
"1701","DE","00+",2026-01-08,2026-01-25,3,"quantile",0.975,1661613.31987327
"1702","DE","00+",2026-01-08,2026-02-01,4,"quantile",0.025,1076848.17884975
"1703","DE","00+",2026-01-08,2026-02-01,4,"quantile",0.1,1210813.26782554
"1704","DE","00+",2026-01-08,2026-02-01,4,"quantile",0.25,1332088.72735796
"1705","DE","00+",2026-01-08,2026-02-01,4,"quantile",0.5,1481540.78915572
"1706","DE","00+",2026-01-08,2026-02-01,4,"quantile",0.75,1654624.3575888
"1707","DE","00+",2026-01-08,2026-02-01,4,"quantile",0.9,1823650.15323599
"1708","DE","00+",2026-01-08,2026-02-01,4,"quantile",0.975,2037770.90863969
"1709","DE","00-04",2026-01-08,2026-01-11,1,"quantile",0.025,98821.8269722855
"1710","DE","00-04",2026-01-08,2026-01-11,1,"quantile",0.1,103757.029825716
"1711","DE","00-04",2026-01-08,2026-01-11,1,"quantile",0.25,108233.113469264
"1712","DE","00-04",2026-01-08,2026-01-11,1,"quantile",0.5,113721.48376208
"1713","DE","00-04",2026-01-08,2026-01-11,1,"quantile",0.75,119563.714540892
"1714","DE","00-04",2026-01-08,2026-01-11,1,"quantile",0.9,125071.864610995
"1715","DE","00-04",2026-01-08,2026-01-11,1,"quantile",0.975,131069.426000247
"1716","DE","00-04",2026-01-08,2026-01-18,2,"quantile",0.025,124406.490544157
"1717","DE","00-04",2026-01-08,2026-01-18,2,"quantile",0.1,132227.613508076
"1718","DE","00-04",2026-01-08,2026-01-18,2,"quantile",0.25,139642.17456382
"1719","DE","00-04",2026-01-08,2026-01-18,2,"quantile",0.5,148242.252344208
"1720","DE","00-04",2026-01-08,2026-01-18,2,"quantile",0.75,157875.865981714
"1721","DE","00-04",2026-01-08,2026-01-18,2,"quantile",0.9,166701.373912976
"1722","DE","00-04",2026-01-08,2026-01-18,2,"quantile",0.975,176597.362783332
"1723","DE","00-04",2026-01-08,2026-01-25,3,"quantile",0.025,162127.091235326
"1724","DE","00-04",2026-01-08,2026-01-25,3,"quantile",0.1,174508.395576969
"1725","DE","00-04",2026-01-08,2026-01-25,3,"quantile",0.25,185582.986271955
"1726","DE","00-04",2026-01-08,2026-01-25,3,"quantile",0.5,198803.16896752
"1727","DE","00-04",2026-01-08,2026-01-25,3,"quantile",0.75,213355.574812446
"1728","DE","00-04",2026-01-08,2026-01-25,3,"quantile",0.9,226694.698075003
"1729","DE","00-04",2026-01-08,2026-01-25,3,"quantile",0.975,243425.325340913
"1730","DE","00-04",2026-01-08,2026-02-01,4,"quantile",0.025,180872.784944171
"1731","DE","00-04",2026-01-08,2026-02-01,4,"quantile",0.1,194027.623734724
"1732","DE","00-04",2026-01-08,2026-02-01,4,"quantile",0.25,207849.511763706
"1733","DE","00-04",2026-01-08,2026-02-01,4,"quantile",0.5,223260.184283295
"1734","DE","00-04",2026-01-08,2026-02-01,4,"quantile",0.75,241855.544128472
"1735","DE","00-04",2026-01-08,2026-02-01,4,"quantile",0.9,258126.200993854
"1736","DE","00-04",2026-01-08,2026-02-01,4,"quantile",0.975,277636.809590162
"1737","DE","05-14",2026-01-08,2026-01-11,1,"quantile",0.025,65741.3061348997
"1738","DE","05-14",2026-01-08,2026-01-11,1,"quantile",0.1,70687.650220243
"1739","DE","05-14",2026-01-08,2026-01-11,1,"quantile",0.25,75648.6145607858
"1740","DE","05-14",2026-01-08,2026-01-11,1,"quantile",0.5,81724.8986881176
"1741","DE","05-14",2026-01-08,2026-01-11,1,"quantile",0.75,88591.3150065204
"1742","DE","05-14",2026-01-08,2026-01-11,1,"quantile",0.9,94462.5050283188
"1743","DE","05-14",2026-01-08,2026-01-11,1,"quantile",0.975,102104.73340998
"1744","DE","05-14",2026-01-08,2026-01-18,2,"quantile",0.025,80647.5705327565
"1745","DE","05-14",2026-01-08,2026-01-18,2,"quantile",0.1,88839.4437480419
"1746","DE","05-14",2026-01-08,2026-01-18,2,"quantile",0.25,97516.0877923926
"1747","DE","05-14",2026-01-08,2026-01-18,2,"quantile",0.5,107392.756901825
"1748","DE","05-14",2026-01-08,2026-01-18,2,"quantile",0.75,117932.044882865
"1749","DE","05-14",2026-01-08,2026-01-18,2,"quantile",0.9,128843.833142502
"1750","DE","05-14",2026-01-08,2026-01-18,2,"quantile",0.975,141980.97705166
"1751","DE","05-14",2026-01-08,2026-01-25,3,"quantile",0.025,112095.76171724
"1752","DE","05-14",2026-01-08,2026-01-25,3,"quantile",0.1,124968.925580562
"1753","DE","05-14",2026-01-08,2026-01-25,3,"quantile",0.25,137967.184937463
"1754","DE","05-14",2026-01-08,2026-01-25,3,"quantile",0.5,153815.953042974
"1755","DE","05-14",2026-01-08,2026-01-25,3,"quantile",0.75,172100.749881623
"1756","DE","05-14",2026-01-08,2026-01-25,3,"quantile",0.9,190681.263518873
"1757","DE","05-14",2026-01-08,2026-01-25,3,"quantile",0.975,213431.536840923
"1758","DE","05-14",2026-01-08,2026-02-01,4,"quantile",0.025,136726.314340247
"1759","DE","05-14",2026-01-08,2026-02-01,4,"quantile",0.1,154507.699778675
"1760","DE","05-14",2026-01-08,2026-02-01,4,"quantile",0.25,171607.318784687
"1761","DE","05-14",2026-01-08,2026-02-01,4,"quantile",0.5,192035.526154897
"1762","DE","05-14",2026-01-08,2026-02-01,4,"quantile",0.75,216205.58288521
"1763","DE","05-14",2026-01-08,2026-02-01,4,"quantile",0.9,240508.067950774
"1764","DE","05-14",2026-01-08,2026-02-01,4,"quantile",0.975,271634.219734784
"1765","DE","15-34",2026-01-08,2026-01-11,1,"quantile",0.025,219758.968330785
"1766","DE","15-34",2026-01-08,2026-01-11,1,"quantile",0.1,237655.212483281
"1767","DE","15-34",2026-01-08,2026-01-11,1,"quantile",0.25,254358.31243735
"1768","DE","15-34",2026-01-08,2026-01-11,1,"quantile",0.5,275143.571880211
"1769","DE","15-34",2026-01-08,2026-01-11,1,"quantile",0.75,297709.107232905
"1770","DE","15-34",2026-01-08,2026-01-11,1,"quantile",0.9,319399.332615885
"1771","DE","15-34",2026-01-08,2026-01-11,1,"quantile",0.975,345511.251069671
"1772","DE","15-34",2026-01-08,2026-01-18,2,"quantile",0.025,219369.003583328
"1773","DE","15-34",2026-01-08,2026-01-18,2,"quantile",0.1,241521.222683847
"1774","DE","15-34",2026-01-08,2026-01-18,2,"quantile",0.25,263023.274833459
"1775","DE","15-34",2026-01-08,2026-01-18,2,"quantile",0.5,288511.738437658
"1776","DE","15-34",2026-01-08,2026-01-18,2,"quantile",0.75,318831.584104963
"1777","DE","15-34",2026-01-08,2026-01-18,2,"quantile",0.9,346352.271817618
"1778","DE","15-34",2026-01-08,2026-01-18,2,"quantile",0.975,379411.425683888
"1779","DE","15-34",2026-01-08,2026-01-25,3,"quantile",0.025,251158.112223529
"1780","DE","15-34",2026-01-08,2026-01-25,3,"quantile",0.1,280103.556751555
"1781","DE","15-34",2026-01-08,2026-01-25,3,"quantile",0.25,307904.172811855
"1782","DE","15-34",2026-01-08,2026-01-25,3,"quantile",0.5,343137.880828902
"1783","DE","15-34",2026-01-08,2026-01-25,3,"quantile",0.75,381869.532268122
"1784","DE","15-34",2026-01-08,2026-01-25,3,"quantile",0.9,419516.232240668
"1785","DE","15-34",2026-01-08,2026-01-25,3,"quantile",0.975,467861.812249678
"1786","DE","15-34",2026-01-08,2026-02-01,4,"quantile",0.025,295775.153431115
"1787","DE","15-34",2026-01-08,2026-02-01,4,"quantile",0.1,329758.446207397
"1788","DE","15-34",2026-01-08,2026-02-01,4,"quantile",0.25,365016.986100241
"1789","DE","15-34",2026-01-08,2026-02-01,4,"quantile",0.5,408465.508096843
"1790","DE","15-34",2026-01-08,2026-02-01,4,"quantile",0.75,460595.71098922
"1791","DE","15-34",2026-01-08,2026-02-01,4,"quantile",0.9,509197.948844942
"1792","DE","15-34",2026-01-08,2026-02-01,4,"quantile",0.975,568212.396874735
"1793","DE","35-59",2026-01-08,2026-01-11,1,"quantile",0.025,238174.944863991
"1794","DE","35-59",2026-01-08,2026-01-11,1,"quantile",0.1,257077.28672905
"1795","DE","35-59",2026-01-08,2026-01-11,1,"quantile",0.25,277481.460890496
"1796","DE","35-59",2026-01-08,2026-01-11,1,"quantile",0.5,301457.987197731
"1797","DE","35-59",2026-01-08,2026-01-11,1,"quantile",0.75,328717.316040259
"1798","DE","35-59",2026-01-08,2026-01-11,1,"quantile",0.9,352844.167602223
"1799","DE","35-59",2026-01-08,2026-01-11,1,"quantile",0.975,383840.92529087
"1800","DE","35-59",2026-01-08,2026-01-18,2,"quantile",0.025,227732.098559805
"1801","DE","35-59",2026-01-08,2026-01-18,2,"quantile",0.1,252956.053751407
"1802","DE","35-59",2026-01-08,2026-01-18,2,"quantile",0.25,281160.969845559
"1803","DE","35-59",2026-01-08,2026-01-18,2,"quantile",0.5,312852.77932726
"1804","DE","35-59",2026-01-08,2026-01-18,2,"quantile",0.75,347461.574643648
"1805","DE","35-59",2026-01-08,2026-01-18,2,"quantile",0.9,383740.054759291
"1806","DE","35-59",2026-01-08,2026-01-18,2,"quantile",0.975,426492.684776146
"1807","DE","35-59",2026-01-08,2026-01-25,3,"quantile",0.025,273067.398114253
"1808","DE","35-59",2026-01-08,2026-01-25,3,"quantile",0.1,307595.532821444
"1809","DE","35-59",2026-01-08,2026-01-25,3,"quantile",0.25,345211.450490111
"1810","DE","35-59",2026-01-08,2026-01-25,3,"quantile",0.5,391450.195385829
"1811","DE","35-59",2026-01-08,2026-01-25,3,"quantile",0.75,444729.515417795
"1812","DE","35-59",2026-01-08,2026-01-25,3,"quantile",0.9,501608.151472279
"1813","DE","35-59",2026-01-08,2026-01-25,3,"quantile",0.975,571679.321471119
"1814","DE","35-59",2026-01-08,2026-02-01,4,"quantile",0.025,329856.821365862
"1815","DE","35-59",2026-01-08,2026-02-01,4,"quantile",0.1,383432.248306196
"1816","DE","35-59",2026-01-08,2026-02-01,4,"quantile",0.25,431596.462290582
"1817","DE","35-59",2026-01-08,2026-02-01,4,"quantile",0.5,494008.180791354
"1818","DE","35-59",2026-01-08,2026-02-01,4,"quantile",0.75,567297.607622782
"1819","DE","35-59",2026-01-08,2026-02-01,4,"quantile",0.9,640631.971313108
"1820","DE","35-59",2026-01-08,2026-02-01,4,"quantile",0.975,736255.46937695
"1821","DE","60+",2026-01-08,2026-01-11,1,"quantile",0.025,126370.309157787
"1822","DE","60+",2026-01-08,2026-01-11,1,"quantile",0.1,136745.759371378
"1823","DE","60+",2026-01-08,2026-01-11,1,"quantile",0.25,146777.694573177
"1824","DE","60+",2026-01-08,2026-01-11,1,"quantile",0.5,159266.217485004
"1825","DE","60+",2026-01-08,2026-01-11,1,"quantile",0.75,172988.193807434
"1826","DE","60+",2026-01-08,2026-01-11,1,"quantile",0.9,186062.736536501
"1827","DE","60+",2026-01-08,2026-01-11,1,"quantile",0.975,200983.669337151
"1828","DE","60+",2026-01-08,2026-01-18,2,"quantile",0.025,101466.515376361
"1829","DE","60+",2026-01-08,2026-01-18,2,"quantile",0.1,112601.039835008
"1830","DE","60+",2026-01-08,2026-01-18,2,"quantile",0.25,123579.480439249
"1831","DE","60+",2026-01-08,2026-01-18,2,"quantile",0.5,137272.796509031
"1832","DE","60+",2026-01-08,2026-01-18,2,"quantile",0.75,152977.872022684
"1833","DE","60+",2026-01-08,2026-01-18,2,"quantile",0.9,168000.146956677
"1834","DE","60+",2026-01-08,2026-01-18,2,"quantile",0.975,186312.114004697
"1835","DE","60+",2026-01-08,2026-01-25,3,"quantile",0.025,104712.898433624
"1836","DE","60+",2026-01-08,2026-01-25,3,"quantile",0.1,119090.082430315
"1837","DE","60+",2026-01-08,2026-01-25,3,"quantile",0.25,132973.197540123
"1838","DE","60+",2026-01-08,2026-01-25,3,"quantile",0.5,150428.063510426
"1839","DE","60+",2026-01-08,2026-01-25,3,"quantile",0.75,170610.520315649
"1840","DE","60+",2026-01-08,2026-01-25,3,"quantile",0.9,191234.595512504
"1841","DE","60+",2026-01-08,2026-01-25,3,"quantile",0.975,215899.461612263
"1842","DE","60+",2026-01-08,2026-02-01,4,"quantile",0.025,116537.849601163
"1843","DE","60+",2026-01-08,2026-02-01,4,"quantile",0.1,132798.908290047
"1844","DE","60+",2026-01-08,2026-02-01,4,"quantile",0.25,149905.044521997
"1845","DE","60+",2026-01-08,2026-02-01,4,"quantile",0.5,170951.382585349
"1846","DE","60+",2026-01-08,2026-02-01,4,"quantile",0.75,197021.260901524
"1847","DE","60+",2026-01-08,2026-02-01,4,"quantile",0.9,222385.920414046
"1848","DE","60+",2026-01-08,2026-02-01,4,"quantile",0.975,252564.48718113
"1849","DE","00+",2026-01-15,2026-01-18,1,"quantile",0.025,1165844.11847134
"1850","DE","00+",2026-01-15,2026-01-18,1,"quantile",0.1,1245032.07341724
"1851","DE","00+",2026-01-15,2026-01-18,1,"quantile",0.25,1326493.47696169
"1852","DE","00+",2026-01-15,2026-01-18,1,"quantile",0.5,1418325.55371436
"1853","DE","00+",2026-01-15,2026-01-18,1,"quantile",0.75,1516646.33009286
"1854","DE","00+",2026-01-15,2026-01-18,1,"quantile",0.9,1617924.52006259
"1855","DE","00+",2026-01-15,2026-01-18,1,"quantile",0.975,1729938.13269321
"1856","DE","00+",2026-01-15,2026-01-25,2,"quantile",0.025,1359904.78695069
"1857","DE","00+",2026-01-15,2026-01-25,2,"quantile",0.1,1478015.44612889
"1858","DE","00+",2026-01-15,2026-01-25,2,"quantile",0.25,1593510.82221924
"1859","DE","00+",2026-01-15,2026-01-25,2,"quantile",0.5,1738963.34676875
"1860","DE","00+",2026-01-15,2026-01-25,2,"quantile",0.75,1895314.77287985
"1861","DE","00+",2026-01-15,2026-01-25,2,"quantile",0.9,2061677.87917951
"1862","DE","00+",2026-01-15,2026-01-25,2,"quantile",0.975,2251199.93067596
"1863","DE","00+",2026-01-15,2026-02-01,3,"quantile",0.025,1429653.67285151
"1864","DE","00+",2026-01-15,2026-02-01,3,"quantile",0.1,1589808.40521836
"1865","DE","00+",2026-01-15,2026-02-01,3,"quantile",0.25,1740759.05801636
"1866","DE","00+",2026-01-15,2026-02-01,3,"quantile",0.5,1924292.21864515
"1867","DE","00+",2026-01-15,2026-02-01,3,"quantile",0.75,2131989.676868
"1868","DE","00+",2026-01-15,2026-02-01,3,"quantile",0.9,2330438.51764892
"1869","DE","00+",2026-01-15,2026-02-01,3,"quantile",0.975,2597756.78771992
"1870","DE","00+",2026-01-15,2026-02-08,4,"quantile",0.025,1393204.13527646
"1871","DE","00+",2026-01-15,2026-02-08,4,"quantile",0.1,1547769.42501786
"1872","DE","00+",2026-01-15,2026-02-08,4,"quantile",0.25,1710292.51006573
"1873","DE","00+",2026-01-15,2026-02-08,4,"quantile",0.5,1905132.02753967
"1874","DE","00+",2026-01-15,2026-02-08,4,"quantile",0.75,2135812.0653275
"1875","DE","00+",2026-01-15,2026-02-08,4,"quantile",0.9,2348126.45295354
"1876","DE","00+",2026-01-15,2026-02-08,4,"quantile",0.975,2610885.76025556
"1877","DE","00-04",2026-01-15,2026-01-18,1,"quantile",0.025,138691.145189756
"1878","DE","00-04",2026-01-15,2026-01-18,1,"quantile",0.1,145527.881365023
"1879","DE","00-04",2026-01-15,2026-01-18,1,"quantile",0.25,152124.865538221
"1880","DE","00-04",2026-01-15,2026-01-18,1,"quantile",0.5,159730.914988373
"1881","DE","00-04",2026-01-15,2026-01-18,1,"quantile",0.75,168040.241328978
"1882","DE","00-04",2026-01-15,2026-01-18,1,"quantile",0.9,175488.823030587
"1883","DE","00-04",2026-01-15,2026-01-18,1,"quantile",0.975,184582.973372117
"1884","DE","00-04",2026-01-15,2026-01-25,2,"quantile",0.025,176999.023389401
"1885","DE","00-04",2026-01-15,2026-01-25,2,"quantile",0.1,189408.344289374
"1886","DE","00-04",2026-01-15,2026-01-25,2,"quantile",0.25,200232.18810127
"1887","DE","00-04",2026-01-15,2026-01-25,2,"quantile",0.5,212989.679176513
"1888","DE","00-04",2026-01-15,2026-01-25,2,"quantile",0.75,226353.126925868
"1889","DE","00-04",2026-01-15,2026-01-25,2,"quantile",0.9,240103.245262389
"1890","DE","00-04",2026-01-15,2026-01-25,2,"quantile",0.975,254328.661586841
"1891","DE","00-04",2026-01-15,2026-02-01,3,"quantile",0.025,191939.642892614
"1892","DE","00-04",2026-01-15,2026-02-01,3,"quantile",0.1,206064.559379927
"1893","DE","00-04",2026-01-15,2026-02-01,3,"quantile",0.25,219327.063434282
"1894","DE","00-04",2026-01-15,2026-02-01,3,"quantile",0.5,235443.378084915
"1895","DE","00-04",2026-01-15,2026-02-01,3,"quantile",0.75,253021.347290132
"1896","DE","00-04",2026-01-15,2026-02-01,3,"quantile",0.9,269811.295686248
"1897","DE","00-04",2026-01-15,2026-02-01,3,"quantile",0.975,290232.462396623
"1898","DE","00-04",2026-01-15,2026-02-08,4,"quantile",0.025,194638.220105479
"1899","DE","00-04",2026-01-15,2026-02-08,4,"quantile",0.1,209715.08278141
"1900","DE","00-04",2026-01-15,2026-02-08,4,"quantile",0.25,225227.273826427
"1901","DE","00-04",2026-01-15,2026-02-08,4,"quantile",0.5,242682.580118467
"1902","DE","00-04",2026-01-15,2026-02-08,4,"quantile",0.75,261718.302798902
"1903","DE","00-04",2026-01-15,2026-02-08,4,"quantile",0.9,280295.400271595
"1904","DE","00-04",2026-01-15,2026-02-08,4,"quantile",0.975,301419.502432305
"1905","DE","05-14",2026-01-15,2026-01-18,1,"quantile",0.025,96636.3582251118
"1906","DE","05-14",2026-01-15,2026-01-18,1,"quantile",0.1,104104.320707016
"1907","DE","05-14",2026-01-15,2026-01-18,1,"quantile",0.25,111590.96511703
"1908","DE","05-14",2026-01-15,2026-01-18,1,"quantile",0.5,120229.035713387
"1909","DE","05-14",2026-01-15,2026-01-18,1,"quantile",0.75,129845.279651819
"1910","DE","05-14",2026-01-15,2026-01-18,1,"quantile",0.9,139186.181417207
"1911","DE","05-14",2026-01-15,2026-01-18,1,"quantile",0.975,150369.146094593
"1912","DE","05-14",2026-01-15,2026-01-25,2,"quantile",0.025,129201.25101846
"1913","DE","05-14",2026-01-15,2026-01-25,2,"quantile",0.1,141997.108945245
"1914","DE","05-14",2026-01-15,2026-01-25,2,"quantile",0.25,154463.043489785
"1915","DE","05-14",2026-01-15,2026-01-25,2,"quantile",0.5,170401.647734504
"1916","DE","05-14",2026-01-15,2026-01-25,2,"quantile",0.75,187752.56495605
"1917","DE","05-14",2026-01-15,2026-01-25,2,"quantile",0.9,205364.645358467
"1918","DE","05-14",2026-01-15,2026-01-25,2,"quantile",0.975,227264.068992555
"1919","DE","05-14",2026-01-15,2026-02-01,3,"quantile",0.025,149214.927992397
"1920","DE","05-14",2026-01-15,2026-02-01,3,"quantile",0.1,167319.575252932
"1921","DE","05-14",2026-01-15,2026-02-01,3,"quantile",0.25,184922.108924017
"1922","DE","05-14",2026-01-15,2026-02-01,3,"quantile",0.5,206396.340508843
"1923","DE","05-14",2026-01-15,2026-02-01,3,"quantile",0.75,230676.299292134
"1924","DE","05-14",2026-01-15,2026-02-01,3,"quantile",0.9,254688.794692606
"1925","DE","05-14",2026-01-15,2026-02-01,3,"quantile",0.975,286103.230967683
"1926","DE","05-14",2026-01-15,2026-02-08,4,"quantile",0.025,146124.138155739
"1927","DE","05-14",2026-01-15,2026-02-08,4,"quantile",0.1,164207.21560142
"1928","DE","05-14",2026-01-15,2026-02-08,4,"quantile",0.25,182935.050628387
"1929","DE","05-14",2026-01-15,2026-02-08,4,"quantile",0.5,205083.552314015
"1930","DE","05-14",2026-01-15,2026-02-08,4,"quantile",0.75,231019.318914248
"1931","DE","05-14",2026-01-15,2026-02-08,4,"quantile",0.9,255752.598976528
"1932","DE","05-14",2026-01-15,2026-02-08,4,"quantile",0.975,287141.256144906
"1933","DE","15-34",2026-01-15,2026-01-18,1,"quantile",0.025,326294.904451914
"1934","DE","15-34",2026-01-15,2026-01-18,1,"quantile",0.1,351265.1156996
"1935","DE","15-34",2026-01-15,2026-01-18,1,"quantile",0.25,377903.02897433
"1936","DE","15-34",2026-01-15,2026-01-18,1,"quantile",0.5,407938.575348881
"1937","DE","15-34",2026-01-15,2026-01-18,1,"quantile",0.75,442186.062827481
"1938","DE","15-34",2026-01-15,2026-01-18,1,"quantile",0.9,473660.02836741
"1939","DE","15-34",2026-01-15,2026-01-18,1,"quantile",0.975,512148.767701148
"1940","DE","15-34",2026-01-15,2026-01-25,2,"quantile",0.025,350975.0097714
"1941","DE","15-34",2026-01-15,2026-01-25,2,"quantile",0.1,389780.63505851
"1942","DE","15-34",2026-01-15,2026-01-25,2,"quantile",0.25,424626.967603158
"1943","DE","15-34",2026-01-15,2026-01-25,2,"quantile",0.5,467506.927301154
"1944","DE","15-34",2026-01-15,2026-01-25,2,"quantile",0.75,515305.640529789
"1945","DE","15-34",2026-01-15,2026-01-25,2,"quantile",0.9,562666.215029016
"1946","DE","15-34",2026-01-15,2026-01-25,2,"quantile",0.975,618176.120128382
"1947","DE","15-34",2026-01-15,2026-02-01,3,"quantile",0.025,373208.235297084
"1948","DE","15-34",2026-01-15,2026-02-01,3,"quantile",0.1,415951.030927212
"1949","DE","15-34",2026-01-15,2026-02-01,3,"quantile",0.25,458092.506594993
"1950","DE","15-34",2026-01-15,2026-02-01,3,"quantile",0.5,511734.821713415
"1951","DE","15-34",2026-01-15,2026-02-01,3,"quantile",0.75,570341.554052244
"1952","DE","15-34",2026-01-15,2026-02-01,3,"quantile",0.9,630561.795875914
"1953","DE","15-34",2026-01-15,2026-02-01,3,"quantile",0.975,700898.517566244
"1954","DE","15-34",2026-01-15,2026-02-08,4,"quantile",0.025,366984.790111377
"1955","DE","15-34",2026-01-15,2026-02-08,4,"quantile",0.1,410463.977656681
"1956","DE","15-34",2026-01-15,2026-02-08,4,"quantile",0.25,457892.165126121
"1957","DE","15-34",2026-01-15,2026-02-08,4,"quantile",0.5,514014.816832184
"1958","DE","15-34",2026-01-15,2026-02-08,4,"quantile",0.75,576071.349919549
"1959","DE","15-34",2026-01-15,2026-02-08,4,"quantile",0.9,640839.10102691
"1960","DE","15-34",2026-01-15,2026-02-08,4,"quantile",0.975,718584.043197139
"1961","DE","35-59",2026-01-15,2026-01-18,1,"quantile",0.025,397095.986748028
"1962","DE","35-59",2026-01-15,2026-01-18,1,"quantile",0.1,429126.545088178
"1963","DE","35-59",2026-01-15,2026-01-18,1,"quantile",0.25,463432.979294579
"1964","DE","35-59",2026-01-15,2026-01-18,1,"quantile",0.5,503224.191494298
"1965","DE","35-59",2026-01-15,2026-01-18,1,"quantile",0.75,545664.68884682
"1966","DE","35-59",2026-01-15,2026-01-18,1,"quantile",0.9,590233.243904814
"1967","DE","35-59",2026-01-15,2026-01-18,1,"quantile",0.975,640275.254954279
"1968","DE","35-59",2026-01-15,2026-01-25,2,"quantile",0.025,457807.773186449
"1969","DE","35-59",2026-01-15,2026-01-25,2,"quantile",0.1,506280.600316854
"1970","DE","35-59",2026-01-15,2026-01-25,2,"quantile",0.25,556088.39438657
"1971","DE","35-59",2026-01-15,2026-01-25,2,"quantile",0.5,619456.950442936
"1972","DE","35-59",2026-01-15,2026-01-25,2,"quantile",0.75,689467.483397401
"1973","DE","35-59",2026-01-15,2026-01-25,2,"quantile",0.9,763495.360659087
"1974","DE","35-59",2026-01-15,2026-01-25,2,"quantile",0.975,852303.657234025
"1975","DE","35-59",2026-01-15,2026-02-01,3,"quantile",0.025,484575.735775034
"1976","DE","35-59",2026-01-15,2026-02-01,3,"quantile",0.1,552977.2469712
"1977","DE","35-59",2026-01-15,2026-02-01,3,"quantile",0.25,619546.994065251
"1978","DE","35-59",2026-01-15,2026-02-01,3,"quantile",0.5,702351.169983561
"1979","DE","35-59",2026-01-15,2026-02-01,3,"quantile",0.75,798112.684263931
"1980","DE","35-59",2026-01-15,2026-02-01,3,"quantile",0.9,893067.276727457
"1981","DE","35-59",2026-01-15,2026-02-01,3,"quantile",0.975,1020643.20007909
"1982","DE","35-59",2026-01-15,2026-02-08,4,"quantile",0.025,468782.434786199
"1983","DE","35-59",2026-01-15,2026-02-08,4,"quantile",0.1,536089.008002461
"1984","DE","35-59",2026-01-15,2026-02-08,4,"quantile",0.25,605982.470782002
"1985","DE","35-59",2026-01-15,2026-02-08,4,"quantile",0.5,694624.439461016
"1986","DE","35-59",2026-01-15,2026-02-08,4,"quantile",0.75,801021.557961098
"1987","DE","35-59",2026-01-15,2026-02-08,4,"quantile",0.9,903539.235628223
"1988","DE","35-59",2026-01-15,2026-02-08,4,"quantile",0.975,1030997.37662152
"1989","DE","60+",2026-01-15,2026-01-18,1,"quantile",0.025,158552.280397668
"1990","DE","60+",2026-01-15,2026-01-18,1,"quantile",0.1,173049.327078178
"1991","DE","60+",2026-01-15,2026-01-18,1,"quantile",0.25,185861.976021139
"1992","DE","60+",2026-01-15,2026-01-18,1,"quantile",0.5,201754.551478468
"1993","DE","60+",2026-01-15,2026-01-18,1,"quantile",0.75,219242.629279882
"1994","DE","60+",2026-01-15,2026-01-18,1,"quantile",0.9,235948.713776318
"1995","DE","60+",2026-01-15,2026-01-18,1,"quantile",0.975,256333.56922283
"1996","DE","60+",2026-01-15,2026-01-25,2,"quantile",0.025,156991.950595567
"1997","DE","60+",2026-01-15,2026-01-25,2,"quantile",0.1,178007.030108911
"1998","DE","60+",2026-01-15,2026-01-25,2,"quantile",0.25,195700.282053337
"1999","DE","60+",2026-01-15,2026-01-25,2,"quantile",0.5,218031.179519917
"2000","DE","60+",2026-01-15,2026-01-25,2,"quantile",0.75,242488.960851452
"2001","DE","60+",2026-01-15,2026-01-25,2,"quantile",0.9,268507.300262596
"2002","DE","60+",2026-01-15,2026-01-25,2,"quantile",0.975,297894.710140689
"2003","DE","60+",2026-01-15,2026-02-01,3,"quantile",0.025,156608.721004314
"2004","DE","60+",2026-01-15,2026-02-01,3,"quantile",0.1,178677.2624884
"2005","DE","60+",2026-01-15,2026-02-01,3,"quantile",0.25,199967.902976305
"2006","DE","60+",2026-01-15,2026-02-01,3,"quantile",0.5,226706.363975474
"2007","DE","60+",2026-01-15,2026-02-01,3,"quantile",0.75,258663.302572728
"2008","DE","60+",2026-01-15,2026-02-01,3,"quantile",0.9,289627.850802376
"2009","DE","60+",2026-01-15,2026-02-01,3,"quantile",0.975,330358.360478303
"2010","DE","60+",2026-01-15,2026-02-08,4,"quantile",0.025,154296.3495742
"2011","DE","60+",2026-01-15,2026-02-08,4,"quantile",0.1,177537.10572319
"2012","DE","60+",2026-01-15,2026-02-08,4,"quantile",0.25,201751.743849434
"2013","DE","60+",2026-01-15,2026-02-08,4,"quantile",0.5,231426.809254933
"2014","DE","60+",2026-01-15,2026-02-08,4,"quantile",0.75,265410.992415531
"2015","DE","60+",2026-01-15,2026-02-08,4,"quantile",0.9,300100.038045607
"2016","DE","60+",2026-01-15,2026-02-08,4,"quantile",0.975,342344.980906914
"2017","DE","00+",2026-01-22,2026-01-25,1,"quantile",0.025,1321384.20694641
"2018","DE","00+",2026-01-22,2026-01-25,1,"quantile",0.1,1428110.60308613
"2019","DE","00+",2026-01-22,2026-01-25,1,"quantile",0.25,1517399.13539407
"2020","DE","00+",2026-01-22,2026-01-25,1,"quantile",0.5,1624615.36683151
"2021","DE","00+",2026-01-22,2026-01-25,1,"quantile",0.75,1739308.66178913
"2022","DE","00+",2026-01-22,2026-01-25,1,"quantile",0.9,1851383.43792698
"2023","DE","00+",2026-01-22,2026-01-25,1,"quantile",0.975,1983967.03244692
"2024","DE","00+",2026-01-22,2026-02-01,2,"quantile",0.025,1399125.47506839
"2025","DE","00+",2026-01-22,2026-02-01,2,"quantile",0.1,1528373.76069083
"2026","DE","00+",2026-01-22,2026-02-01,2,"quantile",0.25,1649882.09561316
"2027","DE","00+",2026-01-22,2026-02-01,2,"quantile",0.5,1797748.14906992
"2028","DE","00+",2026-01-22,2026-02-01,2,"quantile",0.75,1967751.85930697
"2029","DE","00+",2026-01-22,2026-02-01,2,"quantile",0.9,2132449.60885918
"2030","DE","00+",2026-01-22,2026-02-01,2,"quantile",0.975,2322226.18051969
"2031","DE","00+",2026-01-22,2026-02-08,3,"quantile",0.025,1345370.54016748
"2032","DE","00+",2026-01-22,2026-02-08,3,"quantile",0.1,1499084.0631392
"2033","DE","00+",2026-01-22,2026-02-08,3,"quantile",0.25,1638895.45014513
"2034","DE","00+",2026-01-22,2026-02-08,3,"quantile",0.5,1817406.07272966
"2035","DE","00+",2026-01-22,2026-02-08,3,"quantile",0.75,2009621.96418532
"2036","DE","00+",2026-01-22,2026-02-08,3,"quantile",0.9,2196039.0319543
"2037","DE","00+",2026-01-22,2026-02-08,3,"quantile",0.975,2436307.17724477
"2038","DE","00+",2026-01-22,2026-02-15,4,"quantile",0.025,1353743.4614647
"2039","DE","00+",2026-01-22,2026-02-15,4,"quantile",0.1,1510844.21977511
"2040","DE","00+",2026-01-22,2026-02-15,4,"quantile",0.25,1667981.65533029
"2041","DE","00+",2026-01-22,2026-02-15,4,"quantile",0.5,1851715.64663121
"2042","DE","00+",2026-01-22,2026-02-15,4,"quantile",0.75,2056463.22916135
"2043","DE","00+",2026-01-22,2026-02-15,4,"quantile",0.9,2263923.76282789
"2044","DE","00+",2026-01-22,2026-02-15,4,"quantile",0.975,2522429.69971729
"2045","DE","00-04",2026-01-22,2026-01-25,1,"quantile",0.025,187080.127479698
"2046","DE","00-04",2026-01-22,2026-01-25,1,"quantile",0.1,196301.203757463
"2047","DE","00-04",2026-01-22,2026-01-25,1,"quantile",0.25,204994.941287997
"2048","DE","00-04",2026-01-22,2026-01-25,1,"quantile",0.5,214957.181333067
"2049","DE","00-04",2026-01-22,2026-01-25,1,"quantile",0.75,225599.368822051
"2050","DE","00-04",2026-01-22,2026-01-25,1,"quantile",0.9,236161.327871463
"2051","DE","00-04",2026-01-22,2026-01-25,1,"quantile",0.975,248119.648534055
"2052","DE","00-04",2026-01-22,2026-02-01,2,"quantile",0.025,199250.332508124
"2053","DE","00-04",2026-01-22,2026-02-01,2,"quantile",0.1,212097.307661914
"2054","DE","00-04",2026-01-22,2026-02-01,2,"quantile",0.25,223805.618137732
"2055","DE","00-04",2026-01-22,2026-02-01,2,"quantile",0.5,238120.353753922
"2056","DE","00-04",2026-01-22,2026-02-01,2,"quantile",0.75,252750.290216535
"2057","DE","00-04",2026-01-22,2026-02-01,2,"quantile",0.9,266277.0821438
"2058","DE","00-04",2026-01-22,2026-02-01,2,"quantile",0.975,282935.61144244
"2059","DE","00-04",2026-01-22,2026-02-08,3,"quantile",0.025,199496.712385749
"2060","DE","00-04",2026-01-22,2026-02-08,3,"quantile",0.1,213438.135270658
"2061","DE","00-04",2026-01-22,2026-02-08,3,"quantile",0.25,227076.335711243
"2062","DE","00-04",2026-01-22,2026-02-08,3,"quantile",0.5,244073.192633136
"2063","DE","00-04",2026-01-22,2026-02-08,3,"quantile",0.75,262049.260517553
"2064","DE","00-04",2026-01-22,2026-02-08,3,"quantile",0.9,279022.119330823
"2065","DE","00-04",2026-01-22,2026-02-08,3,"quantile",0.975,299192.329355814
"2066","DE","00-04",2026-01-22,2026-02-15,4,"quantile",0.025,189725.364404469
"2067","DE","00-04",2026-01-22,2026-02-15,4,"quantile",0.1,204864.109131066
"2068","DE","00-04",2026-01-22,2026-02-15,4,"quantile",0.25,219111.11701737
"2069","DE","00-04",2026-01-22,2026-02-15,4,"quantile",0.5,236065.531859107
"2070","DE","00-04",2026-01-22,2026-02-15,4,"quantile",0.75,253798.998325536
"2071","DE","00-04",2026-01-22,2026-02-15,4,"quantile",0.9,271294.797749623
"2072","DE","00-04",2026-01-22,2026-02-15,4,"quantile",0.975,292430.947087885
"2073","DE","05-14",2026-01-22,2026-01-25,1,"quantile",0.025,153370.283619355
"2074","DE","05-14",2026-01-22,2026-01-25,1,"quantile",0.1,166855.059818721
"2075","DE","05-14",2026-01-22,2026-01-25,1,"quantile",0.25,178632.154309523
"2076","DE","05-14",2026-01-22,2026-01-25,1,"quantile",0.5,192471.881332357
"2077","DE","05-14",2026-01-22,2026-01-25,1,"quantile",0.75,208063.977355673
"2078","DE","05-14",2026-01-22,2026-01-25,1,"quantile",0.9,222675.060364078
"2079","DE","05-14",2026-01-22,2026-01-25,1,"quantile",0.975,240922.06193081
"2080","DE","05-14",2026-01-22,2026-02-01,2,"quantile",0.025,173722.820252094
"2081","DE","05-14",2026-01-22,2026-02-01,2,"quantile",0.1,191409.200270783
"2082","DE","05-14",2026-01-22,2026-02-01,2,"quantile",0.25,208818.256563897
"2083","DE","05-14",2026-01-22,2026-02-01,2,"quantile",0.5,229041.415458694
"2084","DE","05-14",2026-01-22,2026-02-01,2,"quantile",0.75,253518.54025153
"2085","DE","05-14",2026-01-22,2026-02-01,2,"quantile",0.9,277228.564216744
"2086","DE","05-14",2026-01-22,2026-02-01,2,"quantile",0.975,305078.921277301
"2087","DE","05-14",2026-01-22,2026-02-08,3,"quantile",0.025,159521.340729623
"2088","DE","05-14",2026-01-22,2026-02-08,3,"quantile",0.1,179007.485715159
"2089","DE","05-14",2026-01-22,2026-02-08,3,"quantile",0.25,197612.424493756
"2090","DE","05-14",2026-01-22,2026-02-08,3,"quantile",0.5,221543.734202956
"2091","DE","05-14",2026-01-22,2026-02-08,3,"quantile",0.75,246300.165529995
"2092","DE","05-14",2026-01-22,2026-02-08,3,"quantile",0.9,272050.665704746
"2093","DE","05-14",2026-01-22,2026-02-08,3,"quantile",0.975,304061.453079044
"2094","DE","05-14",2026-01-22,2026-02-15,4,"quantile",0.025,147225.886367028
"2095","DE","05-14",2026-01-22,2026-02-15,4,"quantile",0.1,166273.960717316
"2096","DE","05-14",2026-01-22,2026-02-15,4,"quantile",0.25,184304.580427717
"2097","DE","05-14",2026-01-22,2026-02-15,4,"quantile",0.5,206268.211310079
"2098","DE","05-14",2026-01-22,2026-02-15,4,"quantile",0.75,231079.153569947
"2099","DE","05-14",2026-01-22,2026-02-15,4,"quantile",0.9,254746.630444855
"2100","DE","05-14",2026-01-22,2026-02-15,4,"quantile",0.975,287209.531912341
"2101","DE","15-34",2026-01-22,2026-01-25,1,"quantile",0.025,349499.299680034
"2102","DE","15-34",2026-01-22,2026-01-25,1,"quantile",0.1,378051.796077024
"2103","DE","15-34",2026-01-22,2026-01-25,1,"quantile",0.25,404569.482826819
"2104","DE","15-34",2026-01-22,2026-01-25,1,"quantile",0.5,436672.77684229
"2105","DE","15-34",2026-01-22,2026-01-25,1,"quantile",0.75,471291.18806984
"2106","DE","15-34",2026-01-22,2026-01-25,1,"quantile",0.9,506766.602870777
"2107","DE","15-34",2026-01-22,2026-01-25,1,"quantile",0.975,546591.150011155
"2108","DE","15-34",2026-01-22,2026-02-01,2,"quantile",0.025,365627.215137624
"2109","DE","15-34",2026-01-22,2026-02-01,2,"quantile",0.1,401548.978271866
"2110","DE","15-34",2026-01-22,2026-02-01,2,"quantile",0.25,437913.782865263
"2111","DE","15-34",2026-01-22,2026-02-01,2,"quantile",0.5,482699.569244403
"2112","DE","15-34",2026-01-22,2026-02-01,2,"quantile",0.75,530038.204978446
"2113","DE","15-34",2026-01-22,2026-02-01,2,"quantile",0.9,576201.575259137
"2114","DE","15-34",2026-01-22,2026-02-01,2,"quantile",0.975,632288.677110248
"2115","DE","15-34",2026-01-22,2026-02-08,3,"quantile",0.025,359575.426407865
"2116","DE","15-34",2026-01-22,2026-02-08,3,"quantile",0.1,399040.552301015
"2117","DE","15-34",2026-01-22,2026-02-08,3,"quantile",0.25,439402.745553216
"2118","DE","15-34",2026-01-22,2026-02-08,3,"quantile",0.5,492133.441989694
"2119","DE","15-34",2026-01-22,2026-02-08,3,"quantile",0.75,547698.560939718
"2120","DE","15-34",2026-01-22,2026-02-08,3,"quantile",0.9,603934.929000419
"2121","DE","15-34",2026-01-22,2026-02-08,3,"quantile",0.975,671929.054030457
"2122","DE","15-34",2026-01-22,2026-02-15,4,"quantile",0.025,373676.869976491
"2123","DE","15-34",2026-01-22,2026-02-15,4,"quantile",0.1,419268.297315722
"2124","DE","15-34",2026-01-22,2026-02-15,4,"quantile",0.25,463858.988488843
"2125","DE","15-34",2026-01-22,2026-02-15,4,"quantile",0.5,520031.858113759
"2126","DE","15-34",2026-01-22,2026-02-15,4,"quantile",0.75,580337.807100162
"2127","DE","15-34",2026-01-22,2026-02-15,4,"quantile",0.9,643318.133699769
"2128","DE","15-34",2026-01-22,2026-02-15,4,"quantile",0.975,722356.007071639
"2129","DE","35-59",2026-01-22,2026-01-25,1,"quantile",0.025,445905.665950119
"2130","DE","35-59",2026-01-22,2026-01-25,1,"quantile",0.1,489589.433860716
"2131","DE","35-59",2026-01-22,2026-01-25,1,"quantile",0.25,527085.400757685
"2132","DE","35-59",2026-01-22,2026-01-25,1,"quantile",0.5,573162.38475276
"2133","DE","35-59",2026-01-22,2026-01-25,1,"quantile",0.75,622512.580772441
"2134","DE","35-59",2026-01-22,2026-01-25,1,"quantile",0.9,672357.552895001
"2135","DE","35-59",2026-01-22,2026-01-25,1,"quantile",0.975,732026.39328886
"2136","DE","35-59",2026-01-22,2026-02-01,2,"quantile",0.025,474014.711539502
"2137","DE","35-59",2026-01-22,2026-02-01,2,"quantile",0.1,531529.389109815
"2138","DE","35-59",2026-01-22,2026-02-01,2,"quantile",0.25,583754.263071621
"2139","DE","35-59",2026-01-22,2026-02-01,2,"quantile",0.5,648036.257313898
"2140","DE","35-59",2026-01-22,2026-02-01,2,"quantile",0.75,726460.72096291
"2141","DE","35-59",2026-01-22,2026-02-01,2,"quantile",0.9,799825.128947716
"2142","DE","35-59",2026-01-22,2026-02-01,2,"quantile",0.975,889132.881295294
"2143","DE","35-59",2026-01-22,2026-02-08,3,"quantile",0.025,450347.249563039
"2144","DE","35-59",2026-01-22,2026-02-08,3,"quantile",0.1,515534.63116969
"2145","DE","35-59",2026-01-22,2026-02-08,3,"quantile",0.25,578254.440528113
"2146","DE","35-59",2026-01-22,2026-02-08,3,"quantile",0.5,656548.691918396
"2147","DE","35-59",2026-01-22,2026-02-08,3,"quantile",0.75,745050.81096171
"2148","DE","35-59",2026-01-22,2026-02-08,3,"quantile",0.9,833094.337972368
"2149","DE","35-59",2026-01-22,2026-02-08,3,"quantile",0.975,946511.256343083
"2150","DE","35-59",2026-01-22,2026-02-15,4,"quantile",0.025,461626.603612094
"2151","DE","35-59",2026-01-22,2026-02-15,4,"quantile",0.1,529914.135490594
"2152","DE","35-59",2026-01-22,2026-02-15,4,"quantile",0.25,598687.959443527
"2153","DE","35-59",2026-01-22,2026-02-15,4,"quantile",0.5,683854.094438803
"2154","DE","35-59",2026-01-22,2026-02-15,4,"quantile",0.75,779228.108740003
"2155","DE","35-59",2026-01-22,2026-02-15,4,"quantile",0.9,879802.126561488
"2156","DE","35-59",2026-01-22,2026-02-15,4,"quantile",0.975,1005310.64763216
"2157","DE","60+",2026-01-22,2026-01-25,1,"quantile",0.025,162026.432286766
"2158","DE","60+",2026-01-22,2026-01-25,1,"quantile",0.1,175448.664864121
"2159","DE","60+",2026-01-22,2026-01-25,1,"quantile",0.25,188601.761527146
"2160","DE","60+",2026-01-22,2026-01-25,1,"quantile",0.5,204086.550401882
"2161","DE","60+",2026-01-22,2026-01-25,1,"quantile",0.75,221013.088975902
"2162","DE","60+",2026-01-22,2026-01-25,1,"quantile",0.9,238050.888994253
"2163","DE","60+",2026-01-22,2026-01-25,1,"quantile",0.975,258514.263041699
"2164","DE","60+",2026-01-22,2026-02-01,2,"quantile",0.025,156631.934803218
"2165","DE","60+",2026-01-22,2026-02-01,2,"quantile",0.1,174933.68130438
"2166","DE","60+",2026-01-22,2026-02-01,2,"quantile",0.25,192073.004284054
"2167","DE","60+",2026-01-22,2026-02-01,2,"quantile",0.5,214320.260948613
"2168","DE","60+",2026-01-22,2026-02-01,2,"quantile",0.75,237351.808393728
"2169","DE","60+",2026-01-22,2026-02-01,2,"quantile",0.9,259976.491254778
"2170","DE","60+",2026-01-22,2026-02-01,2,"quantile",0.975,289549.34872468
"2171","DE","60+",2026-01-22,2026-02-08,3,"quantile",0.025,153258.887557341
"2172","DE","60+",2026-01-22,2026-02-08,3,"quantile",0.1,173257.512656747
"2173","DE","60+",2026-01-22,2026-02-08,3,"quantile",0.25,194255.328910473
"2174","DE","60+",2026-01-22,2026-02-08,3,"quantile",0.5,220060.247141038
"2175","DE","60+",2026-01-22,2026-02-08,3,"quantile",0.75,250122.87505652
"2176","DE","60+",2026-01-22,2026-02-08,3,"quantile",0.9,279775.323049197
"2177","DE","60+",2026-01-22,2026-02-08,3,"quantile",0.975,315891.037419644
"2178","DE","60+",2026-01-22,2026-02-15,4,"quantile",0.025,156751.55525058
"2179","DE","60+",2026-01-22,2026-02-15,4,"quantile",0.1,179207.993964984
"2180","DE","60+",2026-01-22,2026-02-15,4,"quantile",0.25,203398.033655528
"2181","DE","60+",2026-01-22,2026-02-15,4,"quantile",0.5,232459.391957378
"2182","DE","60+",2026-01-22,2026-02-15,4,"quantile",0.75,265035.962956206
"2183","DE","60+",2026-01-22,2026-02-15,4,"quantile",0.9,298561.203334242
"2184","DE","60+",2026-01-22,2026-02-15,4,"quantile",0.975,340029.314876546
"2185","DE","00+",2026-01-29,2026-02-01,1,"quantile",0.025,1262552.75962505
"2186","DE","00+",2026-01-29,2026-02-01,1,"quantile",0.1,1361590.62316893
"2187","DE","00+",2026-01-29,2026-02-01,1,"quantile",0.25,1446094.6429619
"2188","DE","00+",2026-01-29,2026-02-01,1,"quantile",0.5,1550179.78517858
"2189","DE","00+",2026-01-29,2026-02-01,1,"quantile",0.75,1653561.22214824
"2190","DE","00+",2026-01-29,2026-02-01,1,"quantile",0.9,1760670.84057989
"2191","DE","00+",2026-01-29,2026-02-01,1,"quantile",0.975,1888195.33749372
"2192","DE","00+",2026-01-29,2026-02-08,2,"quantile",0.025,1220436.30821773
"2193","DE","00+",2026-01-29,2026-02-08,2,"quantile",0.1,1333904.62048805
"2194","DE","00+",2026-01-29,2026-02-08,2,"quantile",0.25,1443822.19886563
"2195","DE","00+",2026-01-29,2026-02-08,2,"quantile",0.5,1576101.74419864
"2196","DE","00+",2026-01-29,2026-02-08,2,"quantile",0.75,1721458.45930012
"2197","DE","00+",2026-01-29,2026-02-08,2,"quantile",0.9,1865759.3612608
"2198","DE","00+",2026-01-29,2026-02-08,2,"quantile",0.975,2034358.89999355
"2199","DE","00+",2026-01-29,2026-02-15,3,"quantile",0.025,1247018.18137992
"2200","DE","00+",2026-01-29,2026-02-15,3,"quantile",0.1,1380330.77147473
"2201","DE","00+",2026-01-29,2026-02-15,3,"quantile",0.25,1513250.25057458
"2202","DE","00+",2026-01-29,2026-02-15,3,"quantile",0.5,1674382.67921749
"2203","DE","00+",2026-01-29,2026-02-15,3,"quantile",0.75,1843836.27274303
"2204","DE","00+",2026-01-29,2026-02-15,3,"quantile",0.9,2028273.6297906
"2205","DE","00+",2026-01-29,2026-02-15,3,"quantile",0.975,2231826.15079545
"2206","DE","00+",2026-01-29,2026-02-22,4,"quantile",0.025,1259538.66372598
"2207","DE","00+",2026-01-29,2026-02-22,4,"quantile",0.1,1404829.2410161
"2208","DE","00+",2026-01-29,2026-02-22,4,"quantile",0.25,1551281.71017535
"2209","DE","00+",2026-01-29,2026-02-22,4,"quantile",0.5,1730557.52475107
"2210","DE","00+",2026-01-29,2026-02-22,4,"quantile",0.75,1927252.97165672
"2211","DE","00+",2026-01-29,2026-02-22,4,"quantile",0.9,2128117.40387359
"2212","DE","00+",2026-01-29,2026-02-22,4,"quantile",0.975,2385122.88822069
"2213","DE","00-04",2026-01-29,2026-02-01,1,"quantile",0.025,206172.209724556
"2214","DE","00-04",2026-01-29,2026-02-01,1,"quantile",0.1,216485.35832208
"2215","DE","00-04",2026-01-29,2026-02-01,1,"quantile",0.25,226584.508523816
"2216","DE","00-04",2026-01-29,2026-02-01,1,"quantile",0.5,238575.574988171
"2217","DE","00-04",2026-01-29,2026-02-01,1,"quantile",0.75,250193.693082124
"2218","DE","00-04",2026-01-29,2026-02-01,1,"quantile",0.9,262247.650840728
"2219","DE","00-04",2026-01-29,2026-02-01,1,"quantile",0.975,275345.66170681
"2220","DE","00-04",2026-01-29,2026-02-08,2,"quantile",0.025,204282.384257039
"2221","DE","00-04",2026-01-29,2026-02-08,2,"quantile",0.1,216879.35863717
"2222","DE","00-04",2026-01-29,2026-02-08,2,"quantile",0.25,229598.951774904
"2223","DE","00-04",2026-01-29,2026-02-08,2,"quantile",0.5,244261.676263638
"2224","DE","00-04",2026-01-29,2026-02-08,2,"quantile",0.75,260350.699929804
"2225","DE","00-04",2026-01-29,2026-02-08,2,"quantile",0.9,274732.732873495
"2226","DE","00-04",2026-01-29,2026-02-08,2,"quantile",0.975,291982.028516386
"2227","DE","00-04",2026-01-29,2026-02-15,3,"quantile",0.025,192283.230211599
"2228","DE","00-04",2026-01-29,2026-02-15,3,"quantile",0.1,206353.091074953
"2229","DE","00-04",2026-01-29,2026-02-15,3,"quantile",0.25,219801.233735359
"2230","DE","00-04",2026-01-29,2026-02-15,3,"quantile",0.5,235945.711785781
"2231","DE","00-04",2026-01-29,2026-02-15,3,"quantile",0.75,253171.454404424
"2232","DE","00-04",2026-01-29,2026-02-15,3,"quantile",0.9,269122.975785255
"2233","DE","00-04",2026-01-29,2026-02-15,3,"quantile",0.975,288584.505325428
"2234","DE","00-04",2026-01-29,2026-02-22,4,"quantile",0.025,180529.076495564
"2235","DE","00-04",2026-01-29,2026-02-22,4,"quantile",0.1,194221.343836181
"2236","DE","00-04",2026-01-29,2026-02-22,4,"quantile",0.25,207643.070119633
"2237","DE","00-04",2026-01-29,2026-02-22,4,"quantile",0.5,224062.49895953
"2238","DE","00-04",2026-01-29,2026-02-22,4,"quantile",0.75,241811.361743319
"2239","DE","00-04",2026-01-29,2026-02-22,4,"quantile",0.9,259225.671406669
"2240","DE","00-04",2026-01-29,2026-02-22,4,"quantile",0.975,279913.250602439
"2241","DE","05-14",2026-01-29,2026-02-01,1,"quantile",0.025,170869.637493792
"2242","DE","05-14",2026-01-29,2026-02-01,1,"quantile",0.1,184642.099558745
"2243","DE","05-14",2026-01-29,2026-02-01,1,"quantile",0.25,197732.625190314
"2244","DE","05-14",2026-01-29,2026-02-01,1,"quantile",0.5,213756.731925397
"2245","DE","05-14",2026-01-29,2026-02-01,1,"quantile",0.75,230334.999392834
"2246","DE","05-14",2026-01-29,2026-02-01,1,"quantile",0.9,246813.274831357
"2247","DE","05-14",2026-01-29,2026-02-01,1,"quantile",0.975,266477.775379692
"2248","DE","05-14",2026-01-29,2026-02-08,2,"quantile",0.025,156254.324381221
"2249","DE","05-14",2026-01-29,2026-02-08,2,"quantile",0.1,172635.661820217
"2250","DE","05-14",2026-01-29,2026-02-08,2,"quantile",0.25,187878.213730674
"2251","DE","05-14",2026-01-29,2026-02-08,2,"quantile",0.5,207458.097622844
"2252","DE","05-14",2026-01-29,2026-02-08,2,"quantile",0.75,229052.052092314
"2253","DE","05-14",2026-01-29,2026-02-08,2,"quantile",0.9,249790.552228054
"2254","DE","05-14",2026-01-29,2026-02-08,2,"quantile",0.975,275400.717510398
"2255","DE","05-14",2026-01-29,2026-02-15,3,"quantile",0.025,143739.709555478
"2256","DE","05-14",2026-01-29,2026-02-15,3,"quantile",0.1,160841.281395868
"2257","DE","05-14",2026-01-29,2026-02-15,3,"quantile",0.25,178073.474741488
"2258","DE","05-14",2026-01-29,2026-02-15,3,"quantile",0.5,197921.970330008
"2259","DE","05-14",2026-01-29,2026-02-15,3,"quantile",0.75,220593.822735304
"2260","DE","05-14",2026-01-29,2026-02-15,3,"quantile",0.9,244299.750834508
"2261","DE","05-14",2026-01-29,2026-02-15,3,"quantile",0.975,270717.363954944
"2262","DE","05-14",2026-01-29,2026-02-22,4,"quantile",0.025,141762.340595004
"2263","DE","05-14",2026-01-29,2026-02-22,4,"quantile",0.1,159390.323393411
"2264","DE","05-14",2026-01-29,2026-02-22,4,"quantile",0.25,176548.210440155
"2265","DE","05-14",2026-01-29,2026-02-22,4,"quantile",0.5,198450.419222563
"2266","DE","05-14",2026-01-29,2026-02-22,4,"quantile",0.75,222681.40968584
"2267","DE","05-14",2026-01-29,2026-02-22,4,"quantile",0.9,247021.284454227
"2268","DE","05-14",2026-01-29,2026-02-22,4,"quantile",0.975,280275.752621723
"2269","DE","15-34",2026-01-29,2026-02-01,1,"quantile",0.025,349495.343801954
"2270","DE","15-34",2026-01-29,2026-02-01,1,"quantile",0.1,377878.503510007
"2271","DE","15-34",2026-01-29,2026-02-01,1,"quantile",0.25,406083.932326066
"2272","DE","15-34",2026-01-29,2026-02-01,1,"quantile",0.5,439926.228198061
"2273","DE","15-34",2026-01-29,2026-02-01,1,"quantile",0.75,475074.842215822
"2274","DE","15-34",2026-01-29,2026-02-01,1,"quantile",0.9,511218.861685304
"2275","DE","15-34",2026-01-29,2026-02-01,1,"quantile",0.975,552880.382758551
"2276","DE","15-34",2026-01-29,2026-02-08,2,"quantile",0.025,341675.471484605
"2277","DE","15-34",2026-01-29,2026-02-08,2,"quantile",0.1,375790.510980178
"2278","DE","15-34",2026-01-29,2026-02-08,2,"quantile",0.25,410362.713235802
"2279","DE","15-34",2026-01-29,2026-02-08,2,"quantile",0.5,452222.711008623
"2280","DE","15-34",2026-01-29,2026-02-08,2,"quantile",0.75,498856.366354591
"2281","DE","15-34",2026-01-29,2026-02-08,2,"quantile",0.9,542210.415007953
"2282","DE","15-34",2026-01-29,2026-02-08,2,"quantile",0.975,598812.69931251
"2283","DE","15-34",2026-01-29,2026-02-15,3,"quantile",0.025,355818.821340095
"2284","DE","15-34",2026-01-29,2026-02-15,3,"quantile",0.1,398377.859458098
"2285","DE","15-34",2026-01-29,2026-02-15,3,"quantile",0.25,438012.392524343
"2286","DE","15-34",2026-01-29,2026-02-15,3,"quantile",0.5,488678.183571301
"2287","DE","15-34",2026-01-29,2026-02-15,3,"quantile",0.75,543947.983887838
"2288","DE","15-34",2026-01-29,2026-02-15,3,"quantile",0.9,599013.979129058
"2289","DE","15-34",2026-01-29,2026-02-15,3,"quantile",0.975,666041.219364256
"2290","DE","15-34",2026-01-29,2026-02-22,4,"quantile",0.025,357669.319593444
"2291","DE","15-34",2026-01-29,2026-02-22,4,"quantile",0.1,401465.988967259
"2292","DE","15-34",2026-01-29,2026-02-22,4,"quantile",0.25,444135.056578284
"2293","DE","15-34",2026-01-29,2026-02-22,4,"quantile",0.5,498495.51327286
"2294","DE","15-34",2026-01-29,2026-02-22,4,"quantile",0.75,559587.852101259
"2295","DE","15-34",2026-01-29,2026-02-22,4,"quantile",0.9,620591.500391176
"2296","DE","15-34",2026-01-29,2026-02-22,4,"quantile",0.975,699334.29470559
"2297","DE","35-59",2026-01-29,2026-02-01,1,"quantile",0.025,405292.103490522
"2298","DE","35-59",2026-01-29,2026-02-01,1,"quantile",0.1,444139.338419508
"2299","DE","35-59",2026-01-29,2026-02-01,1,"quantile",0.25,478303.098837345
"2300","DE","35-59",2026-01-29,2026-02-01,1,"quantile",0.5,521183.50870673
"2301","DE","35-59",2026-01-29,2026-02-01,1,"quantile",0.75,563791.072666052
"2302","DE","35-59",2026-01-29,2026-02-01,1,"quantile",0.9,609191.969372035
"2303","DE","35-59",2026-01-29,2026-02-01,1,"quantile",0.975,662469.008544007
"2304","DE","35-59",2026-01-29,2026-02-08,2,"quantile",0.025,385486.361124598
"2305","DE","35-59",2026-01-29,2026-02-08,2,"quantile",0.1,430909.530672391
"2306","DE","35-59",2026-01-29,2026-02-08,2,"quantile",0.25,475847.707192414
"2307","DE","35-59",2026-01-29,2026-02-08,2,"quantile",0.5,531010.101337069
"2308","DE","35-59",2026-01-29,2026-02-08,2,"quantile",0.75,590849.534637974
"2309","DE","35-59",2026-01-29,2026-02-08,2,"quantile",0.9,654721.758453489
"2310","DE","35-59",2026-01-29,2026-02-08,2,"quantile",0.975,725604.946952128
"2311","DE","35-59",2026-01-29,2026-02-15,3,"quantile",0.025,404422.787324197
"2312","DE","35-59",2026-01-29,2026-02-15,3,"quantile",0.1,460409.490613943
"2313","DE","35-59",2026-01-29,2026-02-15,3,"quantile",0.25,514896.877298712
"2314","DE","35-59",2026-01-29,2026-02-15,3,"quantile",0.5,584433.486767617
"2315","DE","35-59",2026-01-29,2026-02-15,3,"quantile",0.75,659727.006932858
"2316","DE","35-59",2026-01-29,2026-02-15,3,"quantile",0.9,741840.194022958
"2317","DE","35-59",2026-01-29,2026-02-15,3,"quantile",0.975,838041.54640454
"2318","DE","35-59",2026-01-29,2026-02-22,4,"quantile",0.025,411145.823530461
"2319","DE","35-59",2026-01-29,2026-02-22,4,"quantile",0.1,473530.284710833
"2320","DE","35-59",2026-01-29,2026-02-22,4,"quantile",0.25,535118.962890171
"2321","DE","35-59",2026-01-29,2026-02-22,4,"quantile",0.5,614479.245159413
"2322","DE","35-59",2026-01-29,2026-02-22,4,"quantile",0.75,703166.229657797
"2323","DE","35-59",2026-01-29,2026-02-22,4,"quantile",0.9,794341.671383687
"2324","DE","35-59",2026-01-29,2026-02-22,4,"quantile",0.975,919805.697693777
"2325","DE","60+",2026-01-29,2026-02-01,1,"quantile",0.025,131755.946891271
"2326","DE","60+",2026-01-29,2026-02-01,1,"quantile",0.1,142879.975988007
"2327","DE","60+",2026-01-29,2026-02-01,1,"quantile",0.25,153751.061916503
"2328","DE","60+",2026-01-29,2026-02-01,1,"quantile",0.5,167480.203330901
"2329","DE","60+",2026-01-29,2026-02-01,1,"quantile",0.75,181263.845363078
"2330","DE","60+",2026-01-29,2026-02-01,1,"quantile",0.9,195373.606959257
"2331","DE","60+",2026-01-29,2026-02-01,1,"quantile",0.975,212204.048728389
"2332","DE","60+",2026-01-29,2026-02-08,2,"quantile",0.025,126359.29286863
"2333","DE","60+",2026-01-29,2026-02-08,2,"quantile",0.1,141088.693427931
"2334","DE","60+",2026-01-29,2026-02-08,2,"quantile",0.25,155700.998986118
"2335","DE","60+",2026-01-29,2026-02-08,2,"quantile",0.5,173636.306962803
"2336","DE","60+",2026-01-29,2026-02-08,2,"quantile",0.75,193519.877964139
"2337","DE","60+",2026-01-29,2026-02-08,2,"quantile",0.9,212836.706942449
"2338","DE","60+",2026-01-29,2026-02-08,2,"quantile",0.975,237648.388106965
"2339","DE","60+",2026-01-29,2026-02-15,3,"quantile",0.025,134034.149282274
"2340","DE","60+",2026-01-29,2026-02-15,3,"quantile",0.1,151624.709723556
"2341","DE","60+",2026-01-29,2026-02-15,3,"quantile",0.25,170477.520998194
"2342","DE","60+",2026-01-29,2026-02-15,3,"quantile",0.5,193616.2217506
"2343","DE","60+",2026-01-29,2026-02-15,3,"quantile",0.75,219360.871334067
"2344","DE","60+",2026-01-29,2026-02-15,3,"quantile",0.9,244066.841790534
"2345","DE","60+",2026-01-29,2026-02-15,3,"quantile",0.975,278803.828437171
"2346","DE","60+",2026-01-29,2026-02-22,4,"quantile",0.025,143651.130229699
"2347","DE","60+",2026-01-29,2026-02-22,4,"quantile",0.1,164147.280302642
"2348","DE","60+",2026-01-29,2026-02-22,4,"quantile",0.25,184691.925845499
"2349","DE","60+",2026-01-29,2026-02-22,4,"quantile",0.5,211945.82688328
"2350","DE","60+",2026-01-29,2026-02-22,4,"quantile",0.75,243212.111763419
"2351","DE","60+",2026-01-29,2026-02-22,4,"quantile",0.9,275826.404647743
"2352","DE","60+",2026-01-29,2026-02-22,4,"quantile",0.975,315969.24476536
"2353","DE","00+",2026-02-05,2026-02-08,1,"quantile",0.025,1330871.51497079
"2354","DE","00+",2026-02-05,2026-02-08,1,"quantile",0.1,1424630.12350658
"2355","DE","00+",2026-02-05,2026-02-08,1,"quantile",0.25,1517534.21058837
"2356","DE","00+",2026-02-05,2026-02-08,1,"quantile",0.5,1621266.93398704
"2357","DE","00+",2026-02-05,2026-02-08,1,"quantile",0.75,1740294.08876103
"2358","DE","00+",2026-02-05,2026-02-08,1,"quantile",0.9,1862798.23487587
"2359","DE","00+",2026-02-05,2026-02-08,1,"quantile",0.975,2001412.86169439
"2360","DE","00+",2026-02-05,2026-02-15,2,"quantile",0.025,1324324.59663982
"2361","DE","00+",2026-02-05,2026-02-15,2,"quantile",0.1,1452596.86207811
"2362","DE","00+",2026-02-05,2026-02-15,2,"quantile",0.25,1575765.62116083
"2363","DE","00+",2026-02-05,2026-02-15,2,"quantile",0.5,1718485.20484281
"2364","DE","00+",2026-02-05,2026-02-15,2,"quantile",0.75,1873158.26410894
"2365","DE","00+",2026-02-05,2026-02-15,2,"quantile",0.9,2035806.54209272
"2366","DE","00+",2026-02-05,2026-02-15,2,"quantile",0.975,2237453.43947143
"2367","DE","00+",2026-02-05,2026-02-22,3,"quantile",0.025,1311955.64316464
"2368","DE","00+",2026-02-05,2026-02-22,3,"quantile",0.1,1448776.89887583
"2369","DE","00+",2026-02-05,2026-02-22,3,"quantile",0.25,1590133.06568321
"2370","DE","00+",2026-02-05,2026-02-22,3,"quantile",0.5,1762752.21817861
"2371","DE","00+",2026-02-05,2026-02-22,3,"quantile",0.75,1957665.9767937
"2372","DE","00+",2026-02-05,2026-02-22,3,"quantile",0.9,2150108.46572618
"2373","DE","00+",2026-02-05,2026-02-22,3,"quantile",0.975,2369755.63743966
"2374","DE","00+",2026-02-05,2026-03-01,4,"quantile",0.025,1196420.40626674
"2375","DE","00+",2026-02-05,2026-03-01,4,"quantile",0.1,1338235.87205635
"2376","DE","00+",2026-02-05,2026-03-01,4,"quantile",0.25,1482743.38216624
"2377","DE","00+",2026-02-05,2026-03-01,4,"quantile",0.5,1649946.39266319
"2378","DE","00+",2026-02-05,2026-03-01,4,"quantile",0.75,1839981.16483838
"2379","DE","00+",2026-02-05,2026-03-01,4,"quantile",0.9,2029511.87708744
"2380","DE","00+",2026-02-05,2026-03-01,4,"quantile",0.975,2260428.87700936
"2381","DE","00-04",2026-02-05,2026-02-08,1,"quantile",0.025,215356.753802517
"2382","DE","00-04",2026-02-05,2026-02-08,1,"quantile",0.1,226150.632106705
"2383","DE","00-04",2026-02-05,2026-02-08,1,"quantile",0.25,236199.38148492
"2384","DE","00-04",2026-02-05,2026-02-08,1,"quantile",0.5,248454.809432167
"2385","DE","00-04",2026-02-05,2026-02-08,1,"quantile",0.75,261023.292778446
"2386","DE","00-04",2026-02-05,2026-02-08,1,"quantile",0.9,273268.975433757
"2387","DE","00-04",2026-02-05,2026-02-08,1,"quantile",0.975,287360.253309431
"2388","DE","00-04",2026-02-05,2026-02-15,2,"quantile",0.025,199880.736073557
"2389","DE","00-04",2026-02-05,2026-02-15,2,"quantile",0.1,213068.500793028
"2390","DE","00-04",2026-02-05,2026-02-15,2,"quantile",0.25,225633.866173917
"2391","DE","00-04",2026-02-05,2026-02-15,2,"quantile",0.5,239975.026245201
"2392","DE","00-04",2026-02-05,2026-02-15,2,"quantile",0.75,254640.825128648
"2393","DE","00-04",2026-02-05,2026-02-15,2,"quantile",0.9,269204.945147314
"2394","DE","00-04",2026-02-05,2026-02-15,2,"quantile",0.975,287625.681991633
"2395","DE","00-04",2026-02-05,2026-02-22,3,"quantile",0.025,184509.984332508
"2396","DE","00-04",2026-02-05,2026-02-22,3,"quantile",0.1,198607.425407719
"2397","DE","00-04",2026-02-05,2026-02-22,3,"quantile",0.25,211821.244094751
"2398","DE","00-04",2026-02-05,2026-02-22,3,"quantile",0.5,227200.292645237
"2399","DE","00-04",2026-02-05,2026-02-22,3,"quantile",0.75,243798.010865331
"2400","DE","00-04",2026-02-05,2026-02-22,3,"quantile",0.9,260126.596970067
"2401","DE","00-04",2026-02-05,2026-02-22,3,"quantile",0.975,278312.00174648
"2402","DE","00-04",2026-02-05,2026-03-01,4,"quantile",0.025,168376.308380864
"2403","DE","00-04",2026-02-05,2026-03-01,4,"quantile",0.1,182100.841680974
"2404","DE","00-04",2026-02-05,2026-03-01,4,"quantile",0.25,195175.095792812
"2405","DE","00-04",2026-02-05,2026-03-01,4,"quantile",0.5,209471.043626874
"2406","DE","00-04",2026-02-05,2026-03-01,4,"quantile",0.75,225532.037696699
"2407","DE","00-04",2026-02-05,2026-03-01,4,"quantile",0.9,241418.481291438
"2408","DE","00-04",2026-02-05,2026-03-01,4,"quantile",0.975,260186.352699428
"2409","DE","05-14",2026-02-05,2026-02-08,1,"quantile",0.025,177329.63671116
"2410","DE","05-14",2026-02-05,2026-02-08,1,"quantile",0.1,191248.587106696
"2411","DE","05-14",2026-02-05,2026-02-08,1,"quantile",0.25,205290.467197706
"2412","DE","05-14",2026-02-05,2026-02-08,1,"quantile",0.5,221363.29882309
"2413","DE","05-14",2026-02-05,2026-02-08,1,"quantile",0.75,239540.214978678
"2414","DE","05-14",2026-02-05,2026-02-08,1,"quantile",0.9,258049.253413253
"2415","DE","05-14",2026-02-05,2026-02-08,1,"quantile",0.975,280683.664259311
"2416","DE","05-14",2026-02-05,2026-02-15,2,"quantile",0.025,157884.604324409
"2417","DE","05-14",2026-02-05,2026-02-15,2,"quantile",0.1,174588.272844259
"2418","DE","05-14",2026-02-05,2026-02-15,2,"quantile",0.25,190656.218152342
"2419","DE","05-14",2026-02-05,2026-02-15,2,"quantile",0.5,209996.276820794
"2420","DE","05-14",2026-02-05,2026-02-15,2,"quantile",0.75,231670.840597981
"2421","DE","05-14",2026-02-05,2026-02-15,2,"quantile",0.9,253451.182643758
"2422","DE","05-14",2026-02-05,2026-02-15,2,"quantile",0.975,280120.22688737
"2423","DE","05-14",2026-02-05,2026-02-22,3,"quantile",0.025,149733.491125242
"2424","DE","05-14",2026-02-05,2026-02-22,3,"quantile",0.1,167104.555844556
"2425","DE","05-14",2026-02-05,2026-02-22,3,"quantile",0.25,184102.293318705
"2426","DE","05-14",2026-02-05,2026-02-22,3,"quantile",0.5,206555.198470016
"2427","DE","05-14",2026-02-05,2026-02-22,3,"quantile",0.75,230961.198623984
"2428","DE","05-14",2026-02-05,2026-02-22,3,"quantile",0.9,256393.875263883
"2429","DE","05-14",2026-02-05,2026-02-22,3,"quantile",0.975,285531.196375686
"2430","DE","05-14",2026-02-05,2026-03-01,4,"quantile",0.025,137926.468290014
"2431","DE","05-14",2026-02-05,2026-03-01,4,"quantile",0.1,155400.186066289
"2432","DE","05-14",2026-02-05,2026-03-01,4,"quantile",0.25,172987.314729774
"2433","DE","05-14",2026-02-05,2026-03-01,4,"quantile",0.5,194296.606333476
"2434","DE","05-14",2026-02-05,2026-03-01,4,"quantile",0.75,217730.875901096
"2435","DE","05-14",2026-02-05,2026-03-01,4,"quantile",0.9,242424.896231242
"2436","DE","05-14",2026-02-05,2026-03-01,4,"quantile",0.975,271128.566531658
"2437","DE","15-34",2026-02-05,2026-02-08,1,"quantile",0.025,365409.871319374
"2438","DE","15-34",2026-02-05,2026-02-08,1,"quantile",0.1,395028.248706913
"2439","DE","15-34",2026-02-05,2026-02-08,1,"quantile",0.25,422898.514785596
"2440","DE","15-34",2026-02-05,2026-02-08,1,"quantile",0.5,458288.515866268
"2441","DE","15-34",2026-02-05,2026-02-08,1,"quantile",0.75,494806.593797179
"2442","DE","15-34",2026-02-05,2026-02-08,1,"quantile",0.9,532543.751423203
"2443","DE","15-34",2026-02-05,2026-02-08,1,"quantile",0.975,576441.624665282
"2444","DE","15-34",2026-02-05,2026-02-15,2,"quantile",0.025,371086.189778633
"2445","DE","15-34",2026-02-05,2026-02-15,2,"quantile",0.1,411792.064048863
"2446","DE","15-34",2026-02-05,2026-02-15,2,"quantile",0.25,449859.822509021
"2447","DE","15-34",2026-02-05,2026-02-15,2,"quantile",0.5,494467.080691375
"2448","DE","15-34",2026-02-05,2026-02-15,2,"quantile",0.75,542642.01051697
"2449","DE","15-34",2026-02-05,2026-02-15,2,"quantile",0.9,592997.14482524
"2450","DE","15-34",2026-02-05,2026-02-15,2,"quantile",0.975,654569.081682269
"2451","DE","15-34",2026-02-05,2026-02-22,3,"quantile",0.025,367209.282697839
"2452","DE","15-34",2026-02-05,2026-02-22,3,"quantile",0.1,410760.173560455
"2453","DE","15-34",2026-02-05,2026-02-22,3,"quantile",0.25,454023.359187133
"2454","DE","15-34",2026-02-05,2026-02-22,3,"quantile",0.5,503285.480520422
"2455","DE","15-34",2026-02-05,2026-02-22,3,"quantile",0.75,561310.814850398
"2456","DE","15-34",2026-02-05,2026-02-22,3,"quantile",0.9,620129.251508694
"2457","DE","15-34",2026-02-05,2026-02-22,3,"quantile",0.975,692082.114247928
"2458","DE","15-34",2026-02-05,2026-03-01,4,"quantile",0.025,336948.265911057
"2459","DE","15-34",2026-02-05,2026-03-01,4,"quantile",0.1,380243.79590189
"2460","DE","15-34",2026-02-05,2026-03-01,4,"quantile",0.25,421568.797313111
"2461","DE","15-34",2026-02-05,2026-03-01,4,"quantile",0.5,471501.11012634
"2462","DE","15-34",2026-02-05,2026-03-01,4,"quantile",0.75,526165.252312582
"2463","DE","15-34",2026-02-05,2026-03-01,4,"quantile",0.9,583268.295712067
"2464","DE","15-34",2026-02-05,2026-03-01,4,"quantile",0.975,656109.79621836
"2465","DE","35-59",2026-02-05,2026-02-08,1,"quantile",0.025,428652.408062191
"2466","DE","35-59",2026-02-05,2026-02-08,1,"quantile",0.1,466692.054739472
"2467","DE","35-59",2026-02-05,2026-02-08,1,"quantile",0.25,503562.640175063
"2468","DE","35-59",2026-02-05,2026-02-08,1,"quantile",0.5,546533.264116897
"2469","DE","35-59",2026-02-05,2026-02-08,1,"quantile",0.75,594488.005661745
"2470","DE","35-59",2026-02-05,2026-02-08,1,"quantile",0.9,646404.341451312
"2471","DE","35-59",2026-02-05,2026-02-08,1,"quantile",0.975,705427.538108346
"2472","DE","35-59",2026-02-05,2026-02-15,2,"quantile",0.025,435143.479526418
"2473","DE","35-59",2026-02-05,2026-02-15,2,"quantile",0.1,487497.588972434
"2474","DE","35-59",2026-02-05,2026-02-15,2,"quantile",0.25,539856.912412336
"2475","DE","35-59",2026-02-05,2026-02-15,2,"quantile",0.5,601123.643079022
"2476","DE","35-59",2026-02-05,2026-02-15,2,"quantile",0.75,668943.936621971
"2477","DE","35-59",2026-02-05,2026-02-15,2,"quantile",0.9,740724.034083126
"2478","DE","35-59",2026-02-05,2026-02-15,2,"quantile",0.975,833542.345085216
"2479","DE","35-59",2026-02-05,2026-02-22,3,"quantile",0.025,431579.585137446
"2480","DE","35-59",2026-02-05,2026-02-22,3,"quantile",0.1,490784.54907172
"2481","DE","35-59",2026-02-05,2026-02-22,3,"quantile",0.25,550804.96354409
"2482","DE","35-59",2026-02-05,2026-02-22,3,"quantile",0.5,626147.057489386
"2483","DE","35-59",2026-02-05,2026-02-22,3,"quantile",0.75,712859.222366
"2484","DE","35-59",2026-02-05,2026-02-22,3,"quantile",0.9,803894.616336831
"2485","DE","35-59",2026-02-05,2026-02-22,3,"quantile",0.975,905984.873798434
"2486","DE","35-59",2026-02-05,2026-03-01,4,"quantile",0.025,388348.365812602
"2487","DE","35-59",2026-02-05,2026-03-01,4,"quantile",0.1,448988.629081648
"2488","DE","35-59",2026-02-05,2026-03-01,4,"quantile",0.25,509528.573401477
"2489","DE","35-59",2026-02-05,2026-03-01,4,"quantile",0.5,583782.515082488
"2490","DE","35-59",2026-02-05,2026-03-01,4,"quantile",0.75,668681.353807553
"2491","DE","35-59",2026-02-05,2026-03-01,4,"quantile",0.9,755445.133745176
"2492","DE","35-59",2026-02-05,2026-03-01,4,"quantile",0.975,863463.787309328
"2493","DE","60+",2026-02-05,2026-02-08,1,"quantile",0.025,140262.442632511
"2494","DE","60+",2026-02-05,2026-02-08,1,"quantile",0.1,152087.607993455
"2495","DE","60+",2026-02-05,2026-02-08,1,"quantile",0.25,163563.890923214
"2496","DE","60+",2026-02-05,2026-02-08,1,"quantile",0.5,177889.575150227
"2497","DE","60+",2026-02-05,2026-02-08,1,"quantile",0.75,193166.682303134
"2498","DE","60+",2026-02-05,2026-02-08,1,"quantile",0.9,207397.748177584
"2499","DE","60+",2026-02-05,2026-02-08,1,"quantile",0.975,224761.074134029
"2500","DE","60+",2026-02-05,2026-02-15,2,"quantile",0.025,144495.706582511
"2501","DE","60+",2026-02-05,2026-02-15,2,"quantile",0.1,161318.344588772
"2502","DE","60+",2026-02-05,2026-02-15,2,"quantile",0.25,177945.335274099
"2503","DE","60+",2026-02-05,2026-02-15,2,"quantile",0.5,198194.385794303
"2504","DE","60+",2026-02-05,2026-02-15,2,"quantile",0.75,220165.313459701
"2505","DE","60+",2026-02-05,2026-02-15,2,"quantile",0.9,242484.396254133
"2506","DE","60+",2026-02-05,2026-02-15,2,"quantile",0.975,269991.039190408
"2507","DE","60+",2026-02-05,2026-02-22,3,"quantile",0.025,149598.486394322
"2508","DE","60+",2026-02-05,2026-02-22,3,"quantile",0.1,170774.191764391
"2509","DE","60+",2026-02-05,2026-02-22,3,"quantile",0.25,191078.619158167
"2510","DE","60+",2026-02-05,2026-02-22,3,"quantile",0.5,217006.819631363
"2511","DE","60+",2026-02-05,2026-02-22,3,"quantile",0.75,245453.330369808
"2512","DE","60+",2026-02-05,2026-02-22,3,"quantile",0.9,274368.97745615
"2513","DE","60+",2026-02-05,2026-02-22,3,"quantile",0.975,312119.022902122
"2514","DE","60+",2026-02-05,2026-03-01,4,"quantile",0.025,135932.092090486
"2515","DE","60+",2026-02-05,2026-03-01,4,"quantile",0.1,156809.518102878
"2516","DE","60+",2026-02-05,2026-03-01,4,"quantile",0.25,177944.922331304
"2517","DE","60+",2026-02-05,2026-03-01,4,"quantile",0.5,201923.236908393
"2518","DE","60+",2026-02-05,2026-03-01,4,"quantile",0.75,231693.853093688
"2519","DE","60+",2026-02-05,2026-03-01,4,"quantile",0.9,261433.726728231
"2520","DE","60+",2026-02-05,2026-03-01,4,"quantile",0.975,298262.872212978
"2521","DE","00+",2026-02-12,2026-02-15,1,"quantile",0.025,1464493.39684925
"2522","DE","00+",2026-02-12,2026-02-15,1,"quantile",0.1,1564700.15720247
"2523","DE","00+",2026-02-12,2026-02-15,1,"quantile",0.25,1661352.88737299
"2524","DE","00+",2026-02-12,2026-02-15,1,"quantile",0.5,1778916.87811486
"2525","DE","00+",2026-02-12,2026-02-15,1,"quantile",0.75,1906765.02221288
"2526","DE","00+",2026-02-12,2026-02-15,1,"quantile",0.9,2033065.51340079
"2527","DE","00+",2026-02-12,2026-02-15,1,"quantile",0.975,2174616.88565619
"2528","DE","00+",2026-02-12,2026-02-22,2,"quantile",0.025,1426054.07226806
"2529","DE","00+",2026-02-12,2026-02-22,2,"quantile",0.1,1549642.04554127
"2530","DE","00+",2026-02-12,2026-02-22,2,"quantile",0.25,1669774.22029282
"2531","DE","00+",2026-02-12,2026-02-22,2,"quantile",0.5,1824653.35292837
"2532","DE","00+",2026-02-12,2026-02-22,2,"quantile",0.75,1994082.25068293
"2533","DE","00+",2026-02-12,2026-02-22,2,"quantile",0.9,2164375.22238808
"2534","DE","00+",2026-02-12,2026-02-22,2,"quantile",0.975,2357830.4834947
"2535","DE","00+",2026-02-12,2026-03-01,3,"quantile",0.025,1271374.94712319
"2536","DE","00+",2026-02-12,2026-03-01,3,"quantile",0.1,1406791.30689155
"2537","DE","00+",2026-02-12,2026-03-01,3,"quantile",0.25,1531551.30562323
"2538","DE","00+",2026-02-12,2026-03-01,3,"quantile",0.5,1694384.15559261
"2539","DE","00+",2026-02-12,2026-03-01,3,"quantile",0.75,1876356.66936196
"2540","DE","00+",2026-02-12,2026-03-01,3,"quantile",0.9,2050620.38921509
"2541","DE","00+",2026-02-12,2026-03-01,3,"quantile",0.975,2282049.13914419
"2542","DE","00+",2026-02-12,2026-03-08,4,"quantile",0.025,1121376.57171636
"2543","DE","00+",2026-02-12,2026-03-08,4,"quantile",0.1,1250991.0984551
"2544","DE","00+",2026-02-12,2026-03-08,4,"quantile",0.25,1375256.09385951
"2545","DE","00+",2026-02-12,2026-03-08,4,"quantile",0.5,1534016.10020088
"2546","DE","00+",2026-02-12,2026-03-08,4,"quantile",0.75,1709715.04100435
"2547","DE","00+",2026-02-12,2026-03-08,4,"quantile",0.9,1879644.72860026
"2548","DE","00+",2026-02-12,2026-03-08,4,"quantile",0.975,2108240.41578656
"2549","DE","00-04",2026-02-12,2026-02-15,1,"quantile",0.025,208782.66706813
"2550","DE","00-04",2026-02-12,2026-02-15,1,"quantile",0.1,219202.531338295
"2551","DE","00-04",2026-02-12,2026-02-15,1,"quantile",0.25,228906.986107666
"2552","DE","00-04",2026-02-12,2026-02-15,1,"quantile",0.5,240734.447097224
"2553","DE","00-04",2026-02-12,2026-02-15,1,"quantile",0.75,252653.672697928
"2554","DE","00-04",2026-02-12,2026-02-15,1,"quantile",0.9,263739.608066392
"2555","DE","00-04",2026-02-12,2026-02-15,1,"quantile",0.975,277694.331825751
"2556","DE","00-04",2026-02-12,2026-02-22,2,"quantile",0.025,191153.595808641
"2557","DE","00-04",2026-02-12,2026-02-22,2,"quantile",0.1,202546.399916201
"2558","DE","00-04",2026-02-12,2026-02-22,2,"quantile",0.25,214065.060946561
"2559","DE","00-04",2026-02-12,2026-02-22,2,"quantile",0.5,227773.499026263
"2560","DE","00-04",2026-02-12,2026-02-22,2,"quantile",0.75,241860.067764648
"2561","DE","00-04",2026-02-12,2026-02-22,2,"quantile",0.9,255268.185666916
"2562","DE","00-04",2026-02-12,2026-02-22,2,"quantile",0.975,271366.417440177
"2563","DE","00-04",2026-02-12,2026-03-01,3,"quantile",0.025,171652.486646221
"2564","DE","00-04",2026-02-12,2026-03-01,3,"quantile",0.1,183342.864617485
"2565","DE","00-04",2026-02-12,2026-03-01,3,"quantile",0.25,195528.569703826
"2566","DE","00-04",2026-02-12,2026-03-01,3,"quantile",0.5,209924.153669186
"2567","DE","00-04",2026-02-12,2026-03-01,3,"quantile",0.75,225406.467652102
"2568","DE","00-04",2026-02-12,2026-03-01,3,"quantile",0.9,240209.026814178
"2569","DE","00-04",2026-02-12,2026-03-01,3,"quantile",0.975,256026.76182412
"2570","DE","00-04",2026-02-12,2026-03-08,4,"quantile",0.025,160075.659646594
"2571","DE","00-04",2026-02-12,2026-03-08,4,"quantile",0.1,172286.518736138
"2572","DE","00-04",2026-02-12,2026-03-08,4,"quantile",0.25,184064.855914241
"2573","DE","00-04",2026-02-12,2026-03-08,4,"quantile",0.5,198119.542394038
"2574","DE","00-04",2026-02-12,2026-03-08,4,"quantile",0.75,213018.423972613
"2575","DE","00-04",2026-02-12,2026-03-08,4,"quantile",0.9,227461.11497315
"2576","DE","00-04",2026-02-12,2026-03-08,4,"quantile",0.975,245645.815205083
"2577","DE","05-14",2026-02-12,2026-02-15,1,"quantile",0.025,168166.016846941
"2578","DE","05-14",2026-02-12,2026-02-15,1,"quantile",0.1,181616.871415766
"2579","DE","05-14",2026-02-12,2026-02-15,1,"quantile",0.25,194229.757038237
"2580","DE","05-14",2026-02-12,2026-02-15,1,"quantile",0.5,209751.780947649
"2581","DE","05-14",2026-02-12,2026-02-15,1,"quantile",0.75,226428.343849725
"2582","DE","05-14",2026-02-12,2026-02-15,1,"quantile",0.9,243440.526792042
"2583","DE","05-14",2026-02-12,2026-02-15,1,"quantile",0.975,262842.194737752
"2584","DE","05-14",2026-02-12,2026-02-22,2,"quantile",0.025,156800.627094462
"2585","DE","05-14",2026-02-12,2026-02-22,2,"quantile",0.1,171975.376091227
"2586","DE","05-14",2026-02-12,2026-02-22,2,"quantile",0.25,186650.81459144
"2587","DE","05-14",2026-02-12,2026-02-22,2,"quantile",0.5,206074.654580987
"2588","DE","05-14",2026-02-12,2026-02-22,2,"quantile",0.75,227786.199219313
"2589","DE","05-14",2026-02-12,2026-02-22,2,"quantile",0.9,248861.46751721
"2590","DE","05-14",2026-02-12,2026-02-22,2,"quantile",0.975,274149.58511516
"2591","DE","05-14",2026-02-12,2026-03-01,3,"quantile",0.025,142512.072415312
"2592","DE","05-14",2026-02-12,2026-03-01,3,"quantile",0.1,158603.713736476
"2593","DE","05-14",2026-02-12,2026-03-01,3,"quantile",0.25,174078.168697108
"2594","DE","05-14",2026-02-12,2026-03-01,3,"quantile",0.5,194273.282690119
"2595","DE","05-14",2026-02-12,2026-03-01,3,"quantile",0.75,217037.674568885
"2596","DE","05-14",2026-02-12,2026-03-01,3,"quantile",0.9,238849.321280426
"2597","DE","05-14",2026-02-12,2026-03-01,3,"quantile",0.975,269480.706069734
"2598","DE","05-14",2026-02-12,2026-03-08,4,"quantile",0.025,128192.623903621
"2599","DE","05-14",2026-02-12,2026-03-08,4,"quantile",0.1,144188.484547068
"2600","DE","05-14",2026-02-12,2026-03-08,4,"quantile",0.25,159755.317264551
"2601","DE","05-14",2026-02-12,2026-03-08,4,"quantile",0.5,179625.226326001
"2602","DE","05-14",2026-02-12,2026-03-08,4,"quantile",0.75,201519.714483616
"2603","DE","05-14",2026-02-12,2026-03-08,4,"quantile",0.9,222923.421738548
"2604","DE","05-14",2026-02-12,2026-03-08,4,"quantile",0.975,253367.876517532
"2605","DE","15-34",2026-02-12,2026-02-15,1,"quantile",0.025,407876.235632112
"2606","DE","15-34",2026-02-12,2026-02-15,1,"quantile",0.1,439939.300023907
"2607","DE","15-34",2026-02-12,2026-02-15,1,"quantile",0.25,470185.786675623
"2608","DE","15-34",2026-02-12,2026-02-15,1,"quantile",0.5,509721.296275694
"2609","DE","15-34",2026-02-12,2026-02-15,1,"quantile",0.75,550400.228369297
"2610","DE","15-34",2026-02-12,2026-02-15,1,"quantile",0.9,589362.000518873
"2611","DE","15-34",2026-02-12,2026-02-15,1,"quantile",0.975,637491.621232579
"2612","DE","15-34",2026-02-12,2026-02-22,2,"quantile",0.025,393329.425985203
"2613","DE","15-34",2026-02-12,2026-02-22,2,"quantile",0.1,431517.293725444
"2614","DE","15-34",2026-02-12,2026-02-22,2,"quantile",0.25,470231.391046708
"2615","DE","15-34",2026-02-12,2026-02-22,2,"quantile",0.5,516877.892674668
"2616","DE","15-34",2026-02-12,2026-02-22,2,"quantile",0.75,568429.677500427
"2617","DE","15-34",2026-02-12,2026-02-22,2,"quantile",0.9,617550.099003375
"2618","DE","15-34",2026-02-12,2026-02-22,2,"quantile",0.975,678263.568795974
"2619","DE","15-34",2026-02-12,2026-03-01,3,"quantile",0.025,351940.331793936
"2620","DE","15-34",2026-02-12,2026-03-01,3,"quantile",0.1,389488.365464929
"2621","DE","15-34",2026-02-12,2026-03-01,3,"quantile",0.25,430465.854455104
"2622","DE","15-34",2026-02-12,2026-03-01,3,"quantile",0.5,480055.446393936
"2623","DE","15-34",2026-02-12,2026-03-01,3,"quantile",0.75,534176.014938525
"2624","DE","15-34",2026-02-12,2026-03-01,3,"quantile",0.9,588587.921621082
"2625","DE","15-34",2026-02-12,2026-03-01,3,"quantile",0.975,651876.082089266
"2626","DE","15-34",2026-02-12,2026-03-08,4,"quantile",0.025,309420.310480368
"2627","DE","15-34",2026-02-12,2026-03-08,4,"quantile",0.1,345219.891318493
"2628","DE","15-34",2026-02-12,2026-03-08,4,"quantile",0.25,382878.23317192
"2629","DE","15-34",2026-02-12,2026-03-08,4,"quantile",0.5,427933.65058023
"2630","DE","15-34",2026-02-12,2026-03-08,4,"quantile",0.75,477265.682099051
"2631","DE","15-34",2026-02-12,2026-03-08,4,"quantile",0.9,528617.391792148
"2632","DE","15-34",2026-02-12,2026-03-08,4,"quantile",0.975,593396.747790384
"2633","DE","35-59",2026-02-12,2026-02-15,1,"quantile",0.025,503749.442933402
"2634","DE","35-59",2026-02-12,2026-02-15,1,"quantile",0.1,546879.153678178
"2635","DE","35-59",2026-02-12,2026-02-15,1,"quantile",0.25,587870.817416838
"2636","DE","35-59",2026-02-12,2026-02-15,1,"quantile",0.5,639163.476893273
"2637","DE","35-59",2026-02-12,2026-02-15,1,"quantile",0.75,695415.67603868
"2638","DE","35-59",2026-02-12,2026-02-15,1,"quantile",0.9,752717.776549098
"2639","DE","35-59",2026-02-12,2026-02-15,1,"quantile",0.975,816786.244247043
"2640","DE","35-59",2026-02-12,2026-02-22,2,"quantile",0.025,491813.499182393
"2641","DE","35-59",2026-02-12,2026-02-22,2,"quantile",0.1,544545.674316627
"2642","DE","35-59",2026-02-12,2026-02-22,2,"quantile",0.25,596980.631367683
"2643","DE","35-59",2026-02-12,2026-02-22,2,"quantile",0.5,666967.620665707
"2644","DE","35-59",2026-02-12,2026-02-22,2,"quantile",0.75,743185.588796957
"2645","DE","35-59",2026-02-12,2026-02-22,2,"quantile",0.9,823156.370043271
"2646","DE","35-59",2026-02-12,2026-02-22,2,"quantile",0.975,914881.010846244
"2647","DE","35-59",2026-02-12,2026-03-01,3,"quantile",0.025,427861.832234199
"2648","DE","35-59",2026-02-12,2026-03-01,3,"quantile",0.1,485118.775116093
"2649","DE","35-59",2026-02-12,2026-03-01,3,"quantile",0.25,540581.496159769
"2650","DE","35-59",2026-02-12,2026-03-01,3,"quantile",0.5,612340.58758353
"2651","DE","35-59",2026-02-12,2026-03-01,3,"quantile",0.75,695432.029505312
"2652","DE","35-59",2026-02-12,2026-03-01,3,"quantile",0.9,776385.42471758
"2653","DE","35-59",2026-02-12,2026-03-01,3,"quantile",0.975,891221.823754739
"2654","DE","35-59",2026-02-12,2026-03-08,4,"quantile",0.025,366591.572456161
"2655","DE","35-59",2026-02-12,2026-03-08,4,"quantile",0.1,421749.108981113
"2656","DE","35-59",2026-02-12,2026-03-08,4,"quantile",0.25,475490.171689466
"2657","DE","35-59",2026-02-12,2026-03-08,4,"quantile",0.5,544785.128013895
"2658","DE","35-59",2026-02-12,2026-03-08,4,"quantile",0.75,623971.849250752
"2659","DE","35-59",2026-02-12,2026-03-08,4,"quantile",0.9,703538.677687917
"2660","DE","35-59",2026-02-12,2026-03-08,4,"quantile",0.975,807191.346561349
"2661","DE","60+",2026-02-12,2026-02-15,1,"quantile",0.025,160981.963883382
"2662","DE","60+",2026-02-12,2026-02-15,1,"quantile",0.1,174395.299069183
"2663","DE","60+",2026-02-12,2026-02-15,1,"quantile",0.25,187964.776251287
"2664","DE","60+",2026-02-12,2026-02-15,1,"quantile",0.5,204200.587120511
"2665","DE","60+",2026-02-12,2026-02-15,1,"quantile",0.75,220693.368468399
"2666","DE","60+",2026-02-12,2026-02-15,1,"quantile",0.9,236722.536263515
"2667","DE","60+",2026-02-12,2026-02-15,1,"quantile",0.975,257742.503645348
"2668","DE","60+",2026-02-12,2026-02-22,2,"quantile",0.025,163506.02692657
"2669","DE","60+",2026-02-12,2026-02-22,2,"quantile",0.1,181629.410676158
"2670","DE","60+",2026-02-12,2026-02-22,2,"quantile",0.25,199957.295201278
"2671","DE","60+",2026-02-12,2026-02-22,2,"quantile",0.5,222573.836959424
"2672","DE","60+",2026-02-12,2026-02-22,2,"quantile",0.75,246607.592101347
"2673","DE","60+",2026-02-12,2026-02-22,2,"quantile",0.9,270680.420861251
"2674","DE","60+",2026-02-12,2026-02-22,2,"quantile",0.975,301841.335791514
"2675","DE","60+",2026-02-12,2026-03-01,3,"quantile",0.025,143106.239394531
"2676","DE","60+",2026-02-12,2026-03-01,3,"quantile",0.1,162300.688954007
"2677","DE","60+",2026-02-12,2026-03-01,3,"quantile",0.25,181763.38416742
"2678","DE","60+",2026-02-12,2026-03-01,3,"quantile",0.5,206657.634655967
"2679","DE","60+",2026-02-12,2026-03-01,3,"quantile",0.75,234491.735001294
"2680","DE","60+",2026-02-12,2026-03-01,3,"quantile",0.9,261739.28913396
"2681","DE","60+",2026-02-12,2026-03-01,3,"quantile",0.975,293145.661231817
"2682","DE","60+",2026-02-12,2026-03-08,4,"quantile",0.025,128402.356512574
"2683","DE","60+",2026-02-12,2026-03-08,4,"quantile",0.1,146736.175544393
"2684","DE","60+",2026-02-12,2026-03-08,4,"quantile",0.25,165938.413928805
"2685","DE","60+",2026-02-12,2026-03-08,4,"quantile",0.5,189282.841151435
"2686","DE","60+",2026-02-12,2026-03-08,4,"quantile",0.75,215855.607219706
"2687","DE","60+",2026-02-12,2026-03-08,4,"quantile",0.9,242812.677856886
"2688","DE","60+",2026-02-12,2026-03-08,4,"quantile",0.975,277751.639512219
"2689","DE","00+",2026-02-19,2026-02-22,1,"quantile",0.025,1345348.00385175
"2690","DE","00+",2026-02-19,2026-02-22,1,"quantile",0.1,1443752.09253618
"2691","DE","00+",2026-02-19,2026-02-22,1,"quantile",0.25,1536703.91067938
"2692","DE","00+",2026-02-19,2026-02-22,1,"quantile",0.5,1644222.04211185
"2693","DE","00+",2026-02-19,2026-02-22,1,"quantile",0.75,1758335.49487946
"2694","DE","00+",2026-02-19,2026-02-22,1,"quantile",0.9,1865679.06914335
"2695","DE","00+",2026-02-19,2026-02-22,1,"quantile",0.975,1991434.92576121
"2696","DE","00+",2026-02-19,2026-03-01,2,"quantile",0.025,1189275.21890298
"2697","DE","00+",2026-02-19,2026-03-01,2,"quantile",0.1,1296105.67822688
"2698","DE","00+",2026-02-19,2026-03-01,2,"quantile",0.25,1398848.37955991
"2699","DE","00+",2026-02-19,2026-03-01,2,"quantile",0.5,1529136.60292859
"2700","DE","00+",2026-02-19,2026-03-01,2,"quantile",0.75,1666320.4689914
"2701","DE","00+",2026-02-19,2026-03-01,2,"quantile",0.9,1799318.28054867
"2702","DE","00+",2026-02-19,2026-03-01,2,"quantile",0.975,1963621.93773274
"2703","DE","00+",2026-02-19,2026-03-08,3,"quantile",0.025,1050119.5575682
"2704","DE","00+",2026-02-19,2026-03-08,3,"quantile",0.1,1169725.20462369
"2705","DE","00+",2026-02-19,2026-03-08,3,"quantile",0.25,1282124.01809311
"2706","DE","00+",2026-02-19,2026-03-08,3,"quantile",0.5,1416767.13068086
"2707","DE","00+",2026-02-19,2026-03-08,3,"quantile",0.75,1561972.38808028
"2708","DE","00+",2026-02-19,2026-03-08,3,"quantile",0.9,1711939.80510978
"2709","DE","00+",2026-02-19,2026-03-08,3,"quantile",0.975,1896392.3679076
"2710","DE","00+",2026-02-19,2026-03-15,4,"quantile",0.025,969977.932557107
"2711","DE","00+",2026-02-19,2026-03-15,4,"quantile",0.1,1084734.71729215
"2712","DE","00+",2026-02-19,2026-03-15,4,"quantile",0.25,1196580.9262336
"2713","DE","00+",2026-02-19,2026-03-15,4,"quantile",0.5,1333118.75979714
"2714","DE","00+",2026-02-19,2026-03-15,4,"quantile",0.75,1489825.55479623
"2715","DE","00+",2026-02-19,2026-03-15,4,"quantile",0.9,1640405.5352176
"2716","DE","00+",2026-02-19,2026-03-15,4,"quantile",0.975,1831511.65185864
"2717","DE","00-04",2026-02-19,2026-02-22,1,"quantile",0.025,184172.555323446
"2718","DE","00-04",2026-02-19,2026-02-22,1,"quantile",0.1,194182.753095904
"2719","DE","00-04",2026-02-19,2026-02-22,1,"quantile",0.25,202482.883412708
"2720","DE","00-04",2026-02-19,2026-02-22,1,"quantile",0.5,212838.666456905
"2721","DE","00-04",2026-02-19,2026-02-22,1,"quantile",0.75,223453.230256426
"2722","DE","00-04",2026-02-19,2026-02-22,1,"quantile",0.9,233648.957920737
"2723","DE","00-04",2026-02-19,2026-02-22,1,"quantile",0.975,246257.718916276
"2724","DE","00-04",2026-02-19,2026-03-01,2,"quantile",0.025,164111.936021204
"2725","DE","00-04",2026-02-19,2026-03-01,2,"quantile",0.1,175003.928565162
"2726","DE","00-04",2026-02-19,2026-03-01,2,"quantile",0.25,185159.883328101
"2727","DE","00-04",2026-02-19,2026-03-01,2,"quantile",0.5,196753.352049927
"2728","DE","00-04",2026-02-19,2026-03-01,2,"quantile",0.75,209158.034753136
"2729","DE","00-04",2026-02-19,2026-03-01,2,"quantile",0.9,220611.071341499
"2730","DE","00-04",2026-02-19,2026-03-01,2,"quantile",0.975,235495.017944108
"2731","DE","00-04",2026-02-19,2026-03-08,3,"quantile",0.025,153462.310478172
"2732","DE","00-04",2026-02-19,2026-03-08,3,"quantile",0.1,164737.289184072
"2733","DE","00-04",2026-02-19,2026-03-08,3,"quantile",0.25,175468.863452444
"2734","DE","00-04",2026-02-19,2026-03-08,3,"quantile",0.5,188529.867622093
"2735","DE","00-04",2026-02-19,2026-03-08,3,"quantile",0.75,201883.227850503
"2736","DE","00-04",2026-02-19,2026-03-08,3,"quantile",0.9,215350.391619948
"2737","DE","00-04",2026-02-19,2026-03-08,3,"quantile",0.975,230108.277878422
"2738","DE","00-04",2026-02-19,2026-03-15,4,"quantile",0.025,143947.335454307
"2739","DE","00-04",2026-02-19,2026-03-15,4,"quantile",0.1,155477.492175192
"2740","DE","00-04",2026-02-19,2026-03-15,4,"quantile",0.25,166280.868048233
"2741","DE","00-04",2026-02-19,2026-03-15,4,"quantile",0.5,179298.135677489
"2742","DE","00-04",2026-02-19,2026-03-15,4,"quantile",0.75,193339.035135383
"2743","DE","00-04",2026-02-19,2026-03-15,4,"quantile",0.9,206883.892053521
"2744","DE","00-04",2026-02-19,2026-03-15,4,"quantile",0.975,222290.667995679
"2745","DE","05-14",2026-02-19,2026-02-22,1,"quantile",0.025,144695.008173784
"2746","DE","05-14",2026-02-19,2026-02-22,1,"quantile",0.1,156438.220937778
"2747","DE","05-14",2026-02-19,2026-02-22,1,"quantile",0.25,167427.711387408
"2748","DE","05-14",2026-02-19,2026-02-22,1,"quantile",0.5,180436.524995119
"2749","DE","05-14",2026-02-19,2026-02-22,1,"quantile",0.75,194463.187085028
"2750","DE","05-14",2026-02-19,2026-02-22,1,"quantile",0.9,207675.446065829
"2751","DE","05-14",2026-02-19,2026-02-22,1,"quantile",0.975,223873.852201855
"2752","DE","05-14",2026-02-19,2026-03-01,2,"quantile",0.025,129610.767172476
"2753","DE","05-14",2026-02-19,2026-03-01,2,"quantile",0.1,143596.218210348
"2754","DE","05-14",2026-02-19,2026-03-01,2,"quantile",0.25,155896.935677837
"2755","DE","05-14",2026-02-19,2026-03-01,2,"quantile",0.5,171529.186597746
"2756","DE","05-14",2026-02-19,2026-03-01,2,"quantile",0.75,189168.662179187
"2757","DE","05-14",2026-02-19,2026-03-01,2,"quantile",0.9,205441.703192208
"2758","DE","05-14",2026-02-19,2026-03-01,2,"quantile",0.975,226851.168003171
"2759","DE","05-14",2026-02-19,2026-03-08,3,"quantile",0.025,119506.16293614
"2760","DE","05-14",2026-02-19,2026-03-08,3,"quantile",0.1,133629.542958769
"2761","DE","05-14",2026-02-19,2026-03-08,3,"quantile",0.25,147534.081189082
"2762","DE","05-14",2026-02-19,2026-03-08,3,"quantile",0.5,164597.343786452
"2763","DE","05-14",2026-02-19,2026-03-08,3,"quantile",0.75,183101.340049256
"2764","DE","05-14",2026-02-19,2026-03-08,3,"quantile",0.9,202536.306768685
"2765","DE","05-14",2026-02-19,2026-03-08,3,"quantile",0.975,226226.711478371
"2766","DE","05-14",2026-02-19,2026-03-15,4,"quantile",0.025,111990.948374823
"2767","DE","05-14",2026-02-19,2026-03-15,4,"quantile",0.1,125751.921354427
"2768","DE","05-14",2026-02-19,2026-03-15,4,"quantile",0.25,138989.155051966
"2769","DE","05-14",2026-02-19,2026-03-15,4,"quantile",0.5,156362.58134674
"2770","DE","05-14",2026-02-19,2026-03-15,4,"quantile",0.75,175836.17839273
"2771","DE","05-14",2026-02-19,2026-03-15,4,"quantile",0.9,195273.842754851
"2772","DE","05-14",2026-02-19,2026-03-15,4,"quantile",0.975,219709.202414668
"2773","DE","15-34",2026-02-19,2026-02-22,1,"quantile",0.025,375650.857304277
"2774","DE","15-34",2026-02-19,2026-02-22,1,"quantile",0.1,407508.80540125
"2775","DE","15-34",2026-02-19,2026-02-22,1,"quantile",0.25,435799.0142655
"2776","DE","15-34",2026-02-19,2026-02-22,1,"quantile",0.5,471085.508285197
"2777","DE","15-34",2026-02-19,2026-02-22,1,"quantile",0.75,508172.514797172
"2778","DE","15-34",2026-02-19,2026-02-22,1,"quantile",0.9,545189.568565277
"2779","DE","15-34",2026-02-19,2026-02-22,1,"quantile",0.975,593339.530061749
"2780","DE","15-34",2026-02-19,2026-03-01,2,"quantile",0.025,332576.022811316
"2781","DE","15-34",2026-02-19,2026-03-01,2,"quantile",0.1,366421.136334981
"2782","DE","15-34",2026-02-19,2026-03-01,2,"quantile",0.25,400065.781020523
"2783","DE","15-34",2026-02-19,2026-03-01,2,"quantile",0.5,440656.171320305
"2784","DE","15-34",2026-02-19,2026-03-01,2,"quantile",0.75,483044.838635121
"2785","DE","15-34",2026-02-19,2026-03-01,2,"quantile",0.9,524398.987782053
"2786","DE","15-34",2026-02-19,2026-03-01,2,"quantile",0.975,580218.849787877
"2787","DE","15-34",2026-02-19,2026-03-08,3,"quantile",0.025,292503.738790907
"2788","DE","15-34",2026-02-19,2026-03-08,3,"quantile",0.1,326186.128036898
"2789","DE","15-34",2026-02-19,2026-03-08,3,"quantile",0.25,359501.990858001
"2790","DE","15-34",2026-02-19,2026-03-08,3,"quantile",0.5,402120.576259918
"2791","DE","15-34",2026-02-19,2026-03-08,3,"quantile",0.75,446389.030621853
"2792","DE","15-34",2026-02-19,2026-03-08,3,"quantile",0.9,491466.653369487
"2793","DE","15-34",2026-02-19,2026-03-08,3,"quantile",0.975,546223.573903971
"2794","DE","15-34",2026-02-19,2026-03-15,4,"quantile",0.025,272693.925120637
"2795","DE","15-34",2026-02-19,2026-03-15,4,"quantile",0.1,306410.064218766
"2796","DE","15-34",2026-02-19,2026-03-15,4,"quantile",0.25,339592.307013913
"2797","DE","15-34",2026-02-19,2026-03-15,4,"quantile",0.5,380695.644130713
"2798","DE","15-34",2026-02-19,2026-03-15,4,"quantile",0.75,425958.738880233
"2799","DE","15-34",2026-02-19,2026-03-15,4,"quantile",0.9,472590.961862565
"2800","DE","15-34",2026-02-19,2026-03-15,4,"quantile",0.975,524317.350935137
"2801","DE","35-59",2026-02-19,2026-02-22,1,"quantile",0.025,461273.941844421
"2802","DE","35-59",2026-02-19,2026-02-22,1,"quantile",0.1,503103.036777698
"2803","DE","35-59",2026-02-19,2026-02-22,1,"quantile",0.25,541735.213042695
"2804","DE","35-59",2026-02-19,2026-02-22,1,"quantile",0.5,588231.27609609
"2805","DE","35-59",2026-02-19,2026-02-22,1,"quantile",0.75,639202.773138394
"2806","DE","35-59",2026-02-19,2026-02-22,1,"quantile",0.9,686741.959517981
"2807","DE","35-59",2026-02-19,2026-02-22,1,"quantile",0.975,743826.619182255
"2808","DE","35-59",2026-02-19,2026-03-01,2,"quantile",0.025,397550.050164146
"2809","DE","35-59",2026-02-19,2026-03-01,2,"quantile",0.1,440215.025671528
"2810","DE","35-59",2026-02-19,2026-03-01,2,"quantile",0.25,484394.481750472
"2811","DE","35-59",2026-02-19,2026-03-01,2,"quantile",0.5,540479.099430907
"2812","DE","35-59",2026-02-19,2026-03-01,2,"quantile",0.75,600952.695727603
"2813","DE","35-59",2026-02-19,2026-03-01,2,"quantile",0.9,660497.144611839
"2814","DE","35-59",2026-02-19,2026-03-01,2,"quantile",0.975,735468.441579421
"2815","DE","35-59",2026-02-19,2026-03-08,3,"quantile",0.025,340811.633965512
"2816","DE","35-59",2026-02-19,2026-03-08,3,"quantile",0.1,388812.446744753
"2817","DE","35-59",2026-02-19,2026-03-08,3,"quantile",0.25,435091.690552597
"2818","DE","35-59",2026-02-19,2026-03-08,3,"quantile",0.5,493203.519423008
"2819","DE","35-59",2026-02-19,2026-03-08,3,"quantile",0.75,557818.484072266
"2820","DE","35-59",2026-02-19,2026-03-08,3,"quantile",0.9,624636.168497788
"2821","DE","35-59",2026-02-19,2026-03-08,3,"quantile",0.975,709209.544759774
"2822","DE","35-59",2026-02-19,2026-03-15,4,"quantile",0.025,305581.216481663
"2823","DE","35-59",2026-02-19,2026-03-15,4,"quantile",0.1,351005.249252004
"2824","DE","35-59",2026-02-19,2026-03-15,4,"quantile",0.25,397760.716603431
"2825","DE","35-59",2026-02-19,2026-03-15,4,"quantile",0.5,455350.908950522
"2826","DE","35-59",2026-02-19,2026-03-15,4,"quantile",0.75,523175.052753508
"2827","DE","35-59",2026-02-19,2026-03-15,4,"quantile",0.9,590882.554275162
"2828","DE","35-59",2026-02-19,2026-03-15,4,"quantile",0.975,678551.577954365
"2829","DE","60+",2026-02-19,2026-02-22,1,"quantile",0.025,167559.765725919
"2830","DE","60+",2026-02-19,2026-02-22,1,"quantile",0.1,182766.514592694
"2831","DE","60+",2026-02-19,2026-02-22,1,"quantile",0.25,195977.640457622
"2832","DE","60+",2026-02-19,2026-02-22,1,"quantile",0.5,212321.830716954
"2833","DE","60+",2026-02-19,2026-02-22,1,"quantile",0.75,230024.901843995
"2834","DE","60+",2026-02-19,2026-02-22,1,"quantile",0.9,247725.385321806
"2835","DE","60+",2026-02-19,2026-02-22,1,"quantile",0.975,269427.627991067
"2836","DE","60+",2026-02-19,2026-03-01,2,"quantile",0.025,143784.466917692
"2837","DE","60+",2026-02-19,2026-03-01,2,"quantile",0.1,160982.627541048
"2838","DE","60+",2026-02-19,2026-03-01,2,"quantile",0.25,177502.319556384
"2839","DE","60+",2026-02-19,2026-03-01,2,"quantile",0.5,196298.590352695
"2840","DE","60+",2026-02-19,2026-03-01,2,"quantile",0.75,219104.287572276
"2841","DE","60+",2026-02-19,2026-03-01,2,"quantile",0.9,241096.787129048
"2842","DE","60+",2026-02-19,2026-03-01,2,"quantile",0.975,267387.450002179
"2843","DE","60+",2026-02-19,2026-03-08,3,"quantile",0.025,126255.73587412
"2844","DE","60+",2026-02-19,2026-03-08,3,"quantile",0.1,142837.176739604
"2845","DE","60+",2026-02-19,2026-03-08,3,"quantile",0.25,160444.790704972
"2846","DE","60+",2026-02-19,2026-03-08,3,"quantile",0.5,181895.763484968
"2847","DE","60+",2026-02-19,2026-03-08,3,"quantile",0.75,205807.911595828
"2848","DE","60+",2026-02-19,2026-03-08,3,"quantile",0.9,230774.723057253
"2849","DE","60+",2026-02-19,2026-03-08,3,"quantile",0.975,258680.230141048
"2850","DE","60+",2026-02-19,2026-03-15,4,"quantile",0.025,118546.755244891
"2851","DE","60+",2026-02-19,2026-03-15,4,"quantile",0.1,135055.722906848
"2852","DE","60+",2026-02-19,2026-03-15,4,"quantile",0.25,152925.699065674
"2853","DE","60+",2026-02-19,2026-03-15,4,"quantile",0.5,175797.061027998
"2854","DE","60+",2026-02-19,2026-03-15,4,"quantile",0.75,200764.232540603
"2855","DE","60+",2026-02-19,2026-03-15,4,"quantile",0.9,227124.870089584
"2856","DE","60+",2026-02-19,2026-03-15,4,"quantile",0.975,257916.975608228
"2857","DE","00+",2026-02-26,2026-03-01,1,"quantile",0.025,1135767.85696172
"2858","DE","00+",2026-02-26,2026-03-01,1,"quantile",0.1,1211436.67774455
"2859","DE","00+",2026-02-26,2026-03-01,1,"quantile",0.25,1294492.17550612
"2860","DE","00+",2026-02-26,2026-03-01,1,"quantile",0.5,1384283.2862882
"2861","DE","00+",2026-02-26,2026-03-01,1,"quantile",0.75,1488411.74767756
"2862","DE","00+",2026-02-26,2026-03-01,1,"quantile",0.9,1581695.30302576
"2863","DE","00+",2026-02-26,2026-03-01,1,"quantile",0.975,1696769.83633587
"2864","DE","00+",2026-02-26,2026-03-08,2,"quantile",0.025,995991.643690333
"2865","DE","00+",2026-02-26,2026-03-08,2,"quantile",0.1,1091411.18251278
"2866","DE","00+",2026-02-26,2026-03-08,2,"quantile",0.25,1187533.47362363
"2867","DE","00+",2026-02-26,2026-03-08,2,"quantile",0.5,1296333.69598047
"2868","DE","00+",2026-02-26,2026-03-08,2,"quantile",0.75,1418298.55766263
"2869","DE","00+",2026-02-26,2026-03-08,2,"quantile",0.9,1526277.54232906
"2870","DE","00+",2026-02-26,2026-03-08,2,"quantile",0.975,1683219.37789095
"2871","DE","00+",2026-02-26,2026-03-15,3,"quantile",0.025,936300.935946978
"2872","DE","00+",2026-02-26,2026-03-15,3,"quantile",0.1,1028816.85533738
"2873","DE","00+",2026-02-26,2026-03-15,3,"quantile",0.25,1135102.17666333
"2874","DE","00+",2026-02-26,2026-03-15,3,"quantile",0.5,1257420.19882402
"2875","DE","00+",2026-02-26,2026-03-15,3,"quantile",0.75,1388212.74505195
"2876","DE","00+",2026-02-26,2026-03-15,3,"quantile",0.9,1521657.87127763
"2877","DE","00+",2026-02-26,2026-03-15,3,"quantile",0.975,1695973.78598674
"2878","DE","00+",2026-02-26,2026-03-22,4,"quantile",0.025,830270.611752617
"2879","DE","00+",2026-02-26,2026-03-22,4,"quantile",0.1,923850.868347157
"2880","DE","00+",2026-02-26,2026-03-22,4,"quantile",0.25,1020829.42981317
"2881","DE","00+",2026-02-26,2026-03-22,4,"quantile",0.5,1135877.05846112
"2882","DE","00+",2026-02-26,2026-03-22,4,"quantile",0.75,1271074.92214512
"2883","DE","00+",2026-02-26,2026-03-22,4,"quantile",0.9,1400401.53449087
"2884","DE","00+",2026-02-26,2026-03-22,4,"quantile",0.975,1570544.83766781
"2885","DE","00-04",2026-02-26,2026-03-01,1,"quantile",0.025,177108.200785266
"2886","DE","00-04",2026-02-26,2026-03-01,1,"quantile",0.1,186363.851473751
"2887","DE","00-04",2026-02-26,2026-03-01,1,"quantile",0.25,195092.284336375
"2888","DE","00-04",2026-02-26,2026-03-01,1,"quantile",0.5,204899.511283245
"2889","DE","00-04",2026-02-26,2026-03-01,1,"quantile",0.75,215583.20796791
"2890","DE","00-04",2026-02-26,2026-03-01,1,"quantile",0.9,225439.969566645
"2891","DE","00-04",2026-02-26,2026-03-01,1,"quantile",0.975,236986.45190068
"2892","DE","00-04",2026-02-26,2026-03-08,2,"quantile",0.025,164312.235966211
"2893","DE","00-04",2026-02-26,2026-03-08,2,"quantile",0.1,174032.644465804
"2894","DE","00-04",2026-02-26,2026-03-08,2,"quantile",0.25,183653.123739329
"2895","DE","00-04",2026-02-26,2026-03-08,2,"quantile",0.5,195674.887623967
"2896","DE","00-04",2026-02-26,2026-03-08,2,"quantile",0.75,208291.153873734
"2897","DE","00-04",2026-02-26,2026-03-08,2,"quantile",0.9,220550.374130532
"2898","DE","00-04",2026-02-26,2026-03-08,2,"quantile",0.975,234296.660017021
"2899","DE","00-04",2026-02-26,2026-03-15,3,"quantile",0.025,150947.617369082
"2900","DE","00-04",2026-02-26,2026-03-15,3,"quantile",0.1,161643.111136951
"2901","DE","00-04",2026-02-26,2026-03-15,3,"quantile",0.25,172055.811088098
"2902","DE","00-04",2026-02-26,2026-03-15,3,"quantile",0.5,184111.346211366
"2903","DE","00-04",2026-02-26,2026-03-15,3,"quantile",0.75,197716.346250468
"2904","DE","00-04",2026-02-26,2026-03-15,3,"quantile",0.9,210500.670803901
"2905","DE","00-04",2026-02-26,2026-03-15,3,"quantile",0.975,225542.660193405
"2906","DE","00-04",2026-02-26,2026-03-22,4,"quantile",0.025,136950.443816836
"2907","DE","00-04",2026-02-26,2026-03-22,4,"quantile",0.1,148069.465393921
"2908","DE","00-04",2026-02-26,2026-03-22,4,"quantile",0.25,158019.676361882
"2909","DE","00-04",2026-02-26,2026-03-22,4,"quantile",0.5,170044.899311117
"2910","DE","00-04",2026-02-26,2026-03-22,4,"quantile",0.75,182754.335223826
"2911","DE","00-04",2026-02-26,2026-03-22,4,"quantile",0.9,195178.486667522
"2912","DE","00-04",2026-02-26,2026-03-22,4,"quantile",0.975,210404.827554628
"2913","DE","05-14",2026-02-26,2026-03-01,1,"quantile",0.025,118946.855026736
"2914","DE","05-14",2026-02-26,2026-03-01,1,"quantile",0.1,127995.452667143
"2915","DE","05-14",2026-02-26,2026-03-01,1,"quantile",0.25,137651.307592314
"2916","DE","05-14",2026-02-26,2026-03-01,1,"quantile",0.5,148661.828429258
"2917","DE","05-14",2026-02-26,2026-03-01,1,"quantile",0.75,160791.193824838
"2918","DE","05-14",2026-02-26,2026-03-01,1,"quantile",0.9,172900.007508864
"2919","DE","05-14",2026-02-26,2026-03-01,1,"quantile",0.975,186376.723291707
"2920","DE","05-14",2026-02-26,2026-03-08,2,"quantile",0.025,108401.801408397
"2921","DE","05-14",2026-02-26,2026-03-08,2,"quantile",0.1,120454.132912927
"2922","DE","05-14",2026-02-26,2026-03-08,2,"quantile",0.25,131887.530739517
"2923","DE","05-14",2026-02-26,2026-03-08,2,"quantile",0.5,145336.674069303
"2924","DE","05-14",2026-02-26,2026-03-08,2,"quantile",0.75,160449.57780095
"2925","DE","05-14",2026-02-26,2026-03-08,2,"quantile",0.9,174503.097888925
"2926","DE","05-14",2026-02-26,2026-03-08,2,"quantile",0.975,192711.84365455
"2927","DE","05-14",2026-02-26,2026-03-15,3,"quantile",0.025,104540.880887194
"2928","DE","05-14",2026-02-26,2026-03-15,3,"quantile",0.1,116432.705864297
"2929","DE","05-14",2026-02-26,2026-03-15,3,"quantile",0.25,129384.292246471
"2930","DE","05-14",2026-02-26,2026-03-15,3,"quantile",0.5,144551.540215364
"2931","DE","05-14",2026-02-26,2026-03-15,3,"quantile",0.75,161345.068565757
"2932","DE","05-14",2026-02-26,2026-03-15,3,"quantile",0.9,177814.049509005
"2933","DE","05-14",2026-02-26,2026-03-15,3,"quantile",0.975,198754.684290404
"2934","DE","05-14",2026-02-26,2026-03-22,4,"quantile",0.025,94593.2536352084
"2935","DE","05-14",2026-02-26,2026-03-22,4,"quantile",0.1,106094.046512587
"2936","DE","05-14",2026-02-26,2026-03-22,4,"quantile",0.25,117878.563970782
"2937","DE","05-14",2026-02-26,2026-03-22,4,"quantile",0.5,132304.954932303
"2938","DE","05-14",2026-02-26,2026-03-22,4,"quantile",0.75,148718.161996986
"2939","DE","05-14",2026-02-26,2026-03-22,4,"quantile",0.9,165476.543480293
"2940","DE","05-14",2026-02-26,2026-03-22,4,"quantile",0.975,186657.0071779
"2941","DE","15-34",2026-02-26,2026-03-01,1,"quantile",0.025,328292.340103667
"2942","DE","15-34",2026-02-26,2026-03-01,1,"quantile",0.1,356455.322382789
"2943","DE","15-34",2026-02-26,2026-03-01,1,"quantile",0.25,382467.855031293
"2944","DE","15-34",2026-02-26,2026-03-01,1,"quantile",0.5,414110.707607459
"2945","DE","15-34",2026-02-26,2026-03-01,1,"quantile",0.75,448808.180005816
"2946","DE","15-34",2026-02-26,2026-03-01,1,"quantile",0.9,481499.135670507
"2947","DE","15-34",2026-02-26,2026-03-01,1,"quantile",0.975,520734.533670047
"2948","DE","15-34",2026-02-26,2026-03-08,2,"quantile",0.025,289712.776143429
"2949","DE","15-34",2026-02-26,2026-03-08,2,"quantile",0.1,316024.46624766
"2950","DE","15-34",2026-02-26,2026-03-08,2,"quantile",0.25,344540.267360273
"2951","DE","15-34",2026-02-26,2026-03-08,2,"quantile",0.5,379965.706936565
"2952","DE","15-34",2026-02-26,2026-03-08,2,"quantile",0.75,418996.264961006
"2953","DE","15-34",2026-02-26,2026-03-08,2,"quantile",0.9,458758.34568888
"2954","DE","15-34",2026-02-26,2026-03-08,2,"quantile",0.975,504715.704222682
"2955","DE","15-34",2026-02-26,2026-03-15,3,"quantile",0.025,268113.716605029
"2956","DE","15-34",2026-02-26,2026-03-15,3,"quantile",0.1,299089.976262722
"2957","DE","15-34",2026-02-26,2026-03-15,3,"quantile",0.25,329543.535076559
"2958","DE","15-34",2026-02-26,2026-03-15,3,"quantile",0.5,365738.04409709
"2959","DE","15-34",2026-02-26,2026-03-15,3,"quantile",0.75,407832.245988365
"2960","DE","15-34",2026-02-26,2026-03-15,3,"quantile",0.9,449276.856027363
"2961","DE","15-34",2026-02-26,2026-03-15,3,"quantile",0.975,499741.050478842
"2962","DE","15-34",2026-02-26,2026-03-22,4,"quantile",0.025,234100.739963656
"2963","DE","15-34",2026-02-26,2026-03-22,4,"quantile",0.1,263594.634753861
"2964","DE","15-34",2026-02-26,2026-03-22,4,"quantile",0.25,290950.933867114
"2965","DE","15-34",2026-02-26,2026-03-22,4,"quantile",0.5,324791.863950306
"2966","DE","15-34",2026-02-26,2026-03-22,4,"quantile",0.75,362657.166541331
"2967","DE","15-34",2026-02-26,2026-03-22,4,"quantile",0.9,400565.55230227
"2968","DE","15-34",2026-02-26,2026-03-22,4,"quantile",0.975,449886.926630613
"2969","DE","35-59",2026-02-26,2026-03-01,1,"quantile",0.025,368594.327391774
"2970","DE","35-59",2026-02-26,2026-03-01,1,"quantile",0.1,399730.033955041
"2971","DE","35-59",2026-02-26,2026-03-01,1,"quantile",0.25,431960.247958851
"2972","DE","35-59",2026-02-26,2026-03-01,1,"quantile",0.5,469541.384067985
"2973","DE","35-59",2026-02-26,2026-03-01,1,"quantile",0.75,513232.153378241
"2974","DE","35-59",2026-02-26,2026-03-01,1,"quantile",0.9,551834.107621199
"2975","DE","35-59",2026-02-26,2026-03-01,1,"quantile",0.975,602889.829281751
"2976","DE","35-59",2026-02-26,2026-03-08,2,"quantile",0.025,313123.358443418
"2977","DE","35-59",2026-02-26,2026-03-08,2,"quantile",0.1,350642.763193247
"2978","DE","35-59",2026-02-26,2026-03-08,2,"quantile",0.25,388992.114185657
"2979","DE","35-59",2026-02-26,2026-03-08,2,"quantile",0.5,433936.556146947
"2980","DE","35-59",2026-02-26,2026-03-08,2,"quantile",0.75,484541.469817162
"2981","DE","35-59",2026-02-26,2026-03-08,2,"quantile",0.9,531063.661082547
"2982","DE","35-59",2026-02-26,2026-03-08,2,"quantile",0.975,597019.083453403
"2983","DE","35-59",2026-02-26,2026-03-15,3,"quantile",0.025,287487.030759027
"2984","DE","35-59",2026-02-26,2026-03-15,3,"quantile",0.1,324228.111366742
"2985","DE","35-59",2026-02-26,2026-03-15,3,"quantile",0.25,366865.241761589
"2986","DE","35-59",2026-02-26,2026-03-15,3,"quantile",0.5,416855.553298766
"2987","DE","35-59",2026-02-26,2026-03-15,3,"quantile",0.75,471686.570342025
"2988","DE","35-59",2026-02-26,2026-03-15,3,"quantile",0.9,528273.939344615
"2989","DE","35-59",2026-02-26,2026-03-15,3,"quantile",0.975,606596.645739018
"2990","DE","35-59",2026-02-26,2026-03-22,4,"quantile",0.025,250339.436723572
"2991","DE","35-59",2026-02-26,2026-03-22,4,"quantile",0.1,286526.765016005
"2992","DE","35-59",2026-02-26,2026-03-22,4,"quantile",0.25,324165.719273299
"2993","DE","35-59",2026-02-26,2026-03-22,4,"quantile",0.5,371080.044352915
"2994","DE","35-59",2026-02-26,2026-03-22,4,"quantile",0.75,427719.582514721
"2995","DE","35-59",2026-02-26,2026-03-22,4,"quantile",0.9,482658.495340758
"2996","DE","35-59",2026-02-26,2026-03-22,4,"quantile",0.975,558650.621725347
"2997","DE","60+",2026-02-26,2026-03-01,1,"quantile",0.025,130663.30816791
"2998","DE","60+",2026-02-26,2026-03-01,1,"quantile",0.1,142281.824235346
"2999","DE","60+",2026-02-26,2026-03-01,1,"quantile",0.25,153112.708474354
"3000","DE","60+",2026-02-26,2026-03-01,1,"quantile",0.5,166230.209135604
"3001","DE","60+",2026-02-26,2026-03-01,1,"quantile",0.75,180621.093985247
"3002","DE","60+",2026-02-26,2026-03-01,1,"quantile",0.9,194231.112037711
"3003","DE","60+",2026-02-26,2026-03-01,1,"quantile",0.975,210769.011190211
"3004","DE","60+",2026-02-26,2026-03-08,2,"quantile",0.025,114211.991653962
"3005","DE","60+",2026-02-26,2026-03-08,2,"quantile",0.1,125900.127124118
"3006","DE","60+",2026-02-26,2026-03-08,2,"quantile",0.25,138527.875294824
"3007","DE","60+",2026-02-26,2026-03-08,2,"quantile",0.5,154450.324195782
"3008","DE","60+",2026-02-26,2026-03-08,2,"quantile",0.75,172630.764191185
"3009","DE","60+",2026-02-26,2026-03-08,2,"quantile",0.9,189514.952249834
"3010","DE","60+",2026-02-26,2026-03-08,2,"quantile",0.975,209854.98650785
"3011","DE","60+",2026-02-26,2026-03-15,3,"quantile",0.025,108443.166445001
"3012","DE","60+",2026-02-26,2026-03-15,3,"quantile",0.1,122043.521374441
"3013","DE","60+",2026-02-26,2026-03-15,3,"quantile",0.25,137007.761312312
"3014","DE","60+",2026-02-26,2026-03-15,3,"quantile",0.5,154731.972108499
"3015","DE","60+",2026-02-26,2026-03-15,3,"quantile",0.75,175479.6256903
"3016","DE","60+",2026-02-26,2026-03-15,3,"quantile",0.9,196466.047502126
"3017","DE","60+",2026-02-26,2026-03-15,3,"quantile",0.975,221279.887974917
"3018","DE","60+",2026-02-26,2026-03-22,4,"quantile",0.025,97194.7672173326
"3019","DE","60+",2026-02-26,2026-03-22,4,"quantile",0.1,112158.418494098
"3020","DE","60+",2026-02-26,2026-03-22,4,"quantile",0.25,125937.343646301
"3021","DE","60+",2026-02-26,2026-03-22,4,"quantile",0.5,144018.535220409
"3022","DE","60+",2026-02-26,2026-03-22,4,"quantile",0.75,163838.304148714
"3023","DE","60+",2026-02-26,2026-03-22,4,"quantile",0.9,184445.056404597
"3024","DE","60+",2026-02-26,2026-03-22,4,"quantile",0.975,212388.795000891
"3025","DE","00+",2026-03-05,2026-03-08,1,"quantile",0.025,1050052.78854891
"3026","DE","00+",2026-03-05,2026-03-08,1,"quantile",0.1,1127979.86459335
"3027","DE","00+",2026-03-05,2026-03-08,1,"quantile",0.25,1199285.94565444
"3028","DE","00+",2026-03-05,2026-03-08,1,"quantile",0.5,1287913.7195122
"3029","DE","00+",2026-03-05,2026-03-08,1,"quantile",0.75,1376891.2282679
"3030","DE","00+",2026-03-05,2026-03-08,1,"quantile",0.9,1465385.13320233
"3031","DE","00+",2026-03-05,2026-03-08,1,"quantile",0.975,1576870.6488593
"3032","DE","00+",2026-03-05,2026-03-15,2,"quantile",0.025,965218.94059877
"3033","DE","00+",2026-03-05,2026-03-15,2,"quantile",0.1,1051156.99354584
"3034","DE","00+",2026-03-05,2026-03-15,2,"quantile",0.25,1141292.07449023
"3035","DE","00+",2026-03-05,2026-03-15,2,"quantile",0.5,1247183.15959897
"3036","DE","00+",2026-03-05,2026-03-15,2,"quantile",0.75,1360495.48612053
"3037","DE","00+",2026-03-05,2026-03-15,2,"quantile",0.9,1468369.08663913
"3038","DE","00+",2026-03-05,2026-03-15,2,"quantile",0.975,1597245.03398761
"3039","DE","00+",2026-03-05,2026-03-22,3,"quantile",0.025,840440.276850909
"3040","DE","00+",2026-03-05,2026-03-22,3,"quantile",0.1,929786.047740747
"3041","DE","00+",2026-03-05,2026-03-22,3,"quantile",0.25,1021942.49100702
"3042","DE","00+",2026-03-05,2026-03-22,3,"quantile",0.5,1129770.84846921
"3043","DE","00+",2026-03-05,2026-03-22,3,"quantile",0.75,1248156.16667139
"3044","DE","00+",2026-03-05,2026-03-22,3,"quantile",0.9,1373655.57648475
"3045","DE","00+",2026-03-05,2026-03-22,3,"quantile",0.975,1512441.69909074
"3046","DE","00+",2026-03-05,2026-03-29,4,"quantile",0.025,717039.050941681
"3047","DE","00+",2026-03-05,2026-03-29,4,"quantile",0.1,794443.240451982
"3048","DE","00+",2026-03-05,2026-03-29,4,"quantile",0.25,876945.048467541
"3049","DE","00+",2026-03-05,2026-03-29,4,"quantile",0.5,979170.587798359
"3050","DE","00+",2026-03-05,2026-03-29,4,"quantile",0.75,1090045.15668426
"3051","DE","00+",2026-03-05,2026-03-29,4,"quantile",0.9,1195321.60360267
"3052","DE","00+",2026-03-05,2026-03-29,4,"quantile",0.975,1319584.43484237
"3053","DE","00-04",2026-03-05,2026-03-08,1,"quantile",0.025,171951.472373505
"3054","DE","00-04",2026-03-05,2026-03-08,1,"quantile",0.1,180745.74444886
"3055","DE","00-04",2026-03-05,2026-03-08,1,"quantile",0.25,189161.194589133
"3056","DE","00-04",2026-03-05,2026-03-08,1,"quantile",0.5,198628.640427486
"3057","DE","00-04",2026-03-05,2026-03-08,1,"quantile",0.75,208902.268830107
"3058","DE","00-04",2026-03-05,2026-03-08,1,"quantile",0.9,218968.542825324
"3059","DE","00-04",2026-03-05,2026-03-08,1,"quantile",0.975,230245.415093322
"3060","DE","00-04",2026-03-05,2026-03-15,2,"quantile",0.025,156994.098484693
"3061","DE","00-04",2026-03-05,2026-03-15,2,"quantile",0.1,166467.554031836
"3062","DE","00-04",2026-03-05,2026-03-15,2,"quantile",0.25,175761.092700421
"3063","DE","00-04",2026-03-05,2026-03-15,2,"quantile",0.5,187060.443193779
"3064","DE","00-04",2026-03-05,2026-03-15,2,"quantile",0.75,199359.960029
"3065","DE","00-04",2026-03-05,2026-03-15,2,"quantile",0.9,210685.055623324
"3066","DE","00-04",2026-03-05,2026-03-15,2,"quantile",0.975,223219.240154787
"3067","DE","00-04",2026-03-05,2026-03-22,3,"quantile",0.025,139579.621939691
"3068","DE","00-04",2026-03-05,2026-03-22,3,"quantile",0.1,149930.690566067
"3069","DE","00-04",2026-03-05,2026-03-22,3,"quantile",0.25,160253.159181767
"3070","DE","00-04",2026-03-05,2026-03-22,3,"quantile",0.5,172116.116660495
"3071","DE","00-04",2026-03-05,2026-03-22,3,"quantile",0.75,184152.679239773
"3072","DE","00-04",2026-03-05,2026-03-22,3,"quantile",0.9,196170.603579939
"3073","DE","00-04",2026-03-05,2026-03-22,3,"quantile",0.975,211416.068163179
"3074","DE","00-04",2026-03-05,2026-03-29,4,"quantile",0.025,120849.753394521
"3075","DE","00-04",2026-03-05,2026-03-29,4,"quantile",0.1,131480.721642932
"3076","DE","00-04",2026-03-05,2026-03-29,4,"quantile",0.25,140381.233867596
"3077","DE","00-04",2026-03-05,2026-03-29,4,"quantile",0.5,151505.13159358
"3078","DE","00-04",2026-03-05,2026-03-29,4,"quantile",0.75,163469.125906774
"3079","DE","00-04",2026-03-05,2026-03-29,4,"quantile",0.9,174787.751619457
"3080","DE","00-04",2026-03-05,2026-03-29,4,"quantile",0.975,188684.872730001
"3081","DE","05-14",2026-03-05,2026-03-08,1,"quantile",0.025,112062.538098432
"3082","DE","05-14",2026-03-05,2026-03-08,1,"quantile",0.1,120880.658316814
"3083","DE","05-14",2026-03-05,2026-03-08,1,"quantile",0.25,129570.884521832
"3084","DE","05-14",2026-03-05,2026-03-08,1,"quantile",0.5,140377.254248503
"3085","DE","05-14",2026-03-05,2026-03-08,1,"quantile",0.75,151254.537815051
"3086","DE","05-14",2026-03-05,2026-03-08,1,"quantile",0.9,161985.967116193
"3087","DE","05-14",2026-03-05,2026-03-08,1,"quantile",0.975,175408.361922871
"3088","DE","05-14",2026-03-05,2026-03-15,2,"quantile",0.025,105422.632332936
"3089","DE","05-14",2026-03-05,2026-03-15,2,"quantile",0.1,115929.79600198
"3090","DE","05-14",2026-03-05,2026-03-15,2,"quantile",0.25,126709.85347528
"3091","DE","05-14",2026-03-05,2026-03-15,2,"quantile",0.5,139806.200461108
"3092","DE","05-14",2026-03-05,2026-03-15,2,"quantile",0.75,154006.096843557
"3093","DE","05-14",2026-03-05,2026-03-15,2,"quantile",0.9,167442.351670574
"3094","DE","05-14",2026-03-05,2026-03-15,2,"quantile",0.975,184222.811368637
"3095","DE","05-14",2026-03-05,2026-03-22,3,"quantile",0.025,93805.6208197784
"3096","DE","05-14",2026-03-05,2026-03-22,3,"quantile",0.1,104928.552686028
"3097","DE","05-14",2026-03-05,2026-03-22,3,"quantile",0.25,115821.658891755
"3098","DE","05-14",2026-03-05,2026-03-22,3,"quantile",0.5,129162.593996803
"3099","DE","05-14",2026-03-05,2026-03-22,3,"quantile",0.75,144454.425954682
"3100","DE","05-14",2026-03-05,2026-03-22,3,"quantile",0.9,160060.221625565
"3101","DE","05-14",2026-03-05,2026-03-22,3,"quantile",0.975,177528.197003842
"3102","DE","05-14",2026-03-05,2026-03-29,4,"quantile",0.025,74639.7638677903
"3103","DE","05-14",2026-03-05,2026-03-29,4,"quantile",0.1,83122.2336810982
"3104","DE","05-14",2026-03-05,2026-03-29,4,"quantile",0.25,92437.4130856758
"3105","DE","05-14",2026-03-05,2026-03-29,4,"quantile",0.5,103937.142655878
"3106","DE","05-14",2026-03-05,2026-03-29,4,"quantile",0.75,116797.827679759
"3107","DE","05-14",2026-03-05,2026-03-29,4,"quantile",0.9,128835.458194483
"3108","DE","05-14",2026-03-05,2026-03-29,4,"quantile",0.975,143280.020564195
"3109","DE","15-34",2026-03-05,2026-03-08,1,"quantile",0.025,293294.581796122
"3110","DE","15-34",2026-03-05,2026-03-08,1,"quantile",0.1,316790.51441346
"3111","DE","15-34",2026-03-05,2026-03-08,1,"quantile",0.25,340674.955408038
"3112","DE","15-34",2026-03-05,2026-03-08,1,"quantile",0.5,368618.793544248
"3113","DE","15-34",2026-03-05,2026-03-08,1,"quantile",0.75,398472.358141
"3114","DE","15-34",2026-03-05,2026-03-08,1,"quantile",0.9,428235.56638084
"3115","DE","15-34",2026-03-05,2026-03-08,1,"quantile",0.975,463783.607138385
"3116","DE","15-34",2026-03-05,2026-03-15,2,"quantile",0.025,270631.275990942
"3117","DE","15-34",2026-03-05,2026-03-15,2,"quantile",0.1,296608.479878588
"3118","DE","15-34",2026-03-05,2026-03-15,2,"quantile",0.25,322740.900585935
"3119","DE","15-34",2026-03-05,2026-03-15,2,"quantile",0.5,355569.758409182
"3120","DE","15-34",2026-03-05,2026-03-15,2,"quantile",0.75,393449.081295904
"3121","DE","15-34",2026-03-05,2026-03-15,2,"quantile",0.9,428438.142228451
"3122","DE","15-34",2026-03-05,2026-03-15,2,"quantile",0.975,470239.912161216
"3123","DE","15-34",2026-03-05,2026-03-22,3,"quantile",0.025,230841.754164509
"3124","DE","15-34",2026-03-05,2026-03-22,3,"quantile",0.1,258428.400605136
"3125","DE","15-34",2026-03-05,2026-03-22,3,"quantile",0.25,285843.422649906
"3126","DE","15-34",2026-03-05,2026-03-22,3,"quantile",0.5,319100.433840354
"3127","DE","15-34",2026-03-05,2026-03-22,3,"quantile",0.75,354043.589774202
"3128","DE","15-34",2026-03-05,2026-03-22,3,"quantile",0.9,390345.057852859
"3129","DE","15-34",2026-03-05,2026-03-22,3,"quantile",0.975,438079.897448164
"3130","DE","15-34",2026-03-05,2026-03-29,4,"quantile",0.025,193119.702733658
"3131","DE","15-34",2026-03-05,2026-03-29,4,"quantile",0.1,219016.579769335
"3132","DE","15-34",2026-03-05,2026-03-29,4,"quantile",0.25,242572.12072444
"3133","DE","15-34",2026-03-05,2026-03-29,4,"quantile",0.5,272047.382158943
"3134","DE","15-34",2026-03-05,2026-03-29,4,"quantile",0.75,305138.92993881
"3135","DE","15-34",2026-03-05,2026-03-29,4,"quantile",0.9,338123.083783396
"3136","DE","15-34",2026-03-05,2026-03-29,4,"quantile",0.975,380346.896224347
"3137","DE","35-59",2026-03-05,2026-03-08,1,"quantile",0.025,342854.558473332
"3138","DE","35-59",2026-03-05,2026-03-08,1,"quantile",0.1,373387.973522954
"3139","DE","35-59",2026-03-05,2026-03-08,1,"quantile",0.25,402855.218622302
"3140","DE","35-59",2026-03-05,2026-03-08,1,"quantile",0.5,439016.024647488
"3141","DE","35-59",2026-03-05,2026-03-08,1,"quantile",0.75,476567.814610318
"3142","DE","35-59",2026-03-05,2026-03-08,1,"quantile",0.9,514021.15608928
"3143","DE","35-59",2026-03-05,2026-03-08,1,"quantile",0.975,561592.978741905
"3144","DE","35-59",2026-03-05,2026-03-15,2,"quantile",0.025,306933.95253655
"3145","DE","35-59",2026-03-05,2026-03-15,2,"quantile",0.1,339979.178407472
"3146","DE","35-59",2026-03-05,2026-03-15,2,"quantile",0.25,376738.236100112
"3147","DE","35-59",2026-03-05,2026-03-15,2,"quantile",0.5,419790.326246183
"3148","DE","35-59",2026-03-05,2026-03-15,2,"quantile",0.75,468098.903686531
"3149","DE","35-59",2026-03-05,2026-03-15,2,"quantile",0.9,514274.976869143
"3150","DE","35-59",2026-03-05,2026-03-15,2,"quantile",0.975,570809.726890761
"3151","DE","35-59",2026-03-05,2026-03-22,3,"quantile",0.025,258305.110512637
"3152","DE","35-59",2026-03-05,2026-03-22,3,"quantile",0.1,292559.36398634
"3153","DE","35-59",2026-03-05,2026-03-22,3,"quantile",0.25,329936.49002187
"3154","DE","35-59",2026-03-05,2026-03-22,3,"quantile",0.5,373793.657185124
"3155","DE","35-59",2026-03-05,2026-03-22,3,"quantile",0.75,423770.477065468
"3156","DE","35-59",2026-03-05,2026-03-22,3,"quantile",0.9,477374.222504314
"3157","DE","35-59",2026-03-05,2026-03-22,3,"quantile",0.975,538893.892032757
"3158","DE","35-59",2026-03-05,2026-03-29,4,"quantile",0.025,219404.916358016
"3159","DE","35-59",2026-03-05,2026-03-29,4,"quantile",0.1,251066.213871043
"3160","DE","35-59",2026-03-05,2026-03-29,4,"quantile",0.25,284471.906872419
"3161","DE","35-59",2026-03-05,2026-03-29,4,"quantile",0.5,326281.06176884
"3162","DE","35-59",2026-03-05,2026-03-29,4,"quantile",0.75,373805.782833437
"3163","DE","35-59",2026-03-05,2026-03-29,4,"quantile",0.9,420298.218913207
"3164","DE","35-59",2026-03-05,2026-03-29,4,"quantile",0.975,472975.763752061
"3165","DE","60+",2026-03-05,2026-03-08,1,"quantile",0.025,125184.040177972
"3166","DE","60+",2026-03-05,2026-03-08,1,"quantile",0.1,136664.251229611
"3167","DE","60+",2026-03-05,2026-03-08,1,"quantile",0.25,146988.310825681
"3168","DE","60+",2026-03-05,2026-03-08,1,"quantile",0.5,159149.478689841
"3169","DE","60+",2026-03-05,2026-03-08,1,"quantile",0.75,173121.968081591
"3170","DE","60+",2026-03-05,2026-03-08,1,"quantile",0.9,187068.256892391
"3171","DE","60+",2026-03-05,2026-03-08,1,"quantile",0.975,202804.071180722
"3172","DE","60+",2026-03-05,2026-03-15,2,"quantile",0.025,118092.672465125
"3173","DE","60+",2026-03-05,2026-03-15,2,"quantile",0.1,130306.534800784
"3174","DE","60+",2026-03-05,2026-03-15,2,"quantile",0.25,143478.745232319
"3175","DE","60+",2026-03-05,2026-03-15,2,"quantile",0.5,160050.248903577
"3176","DE","60+",2026-03-05,2026-03-15,2,"quantile",0.75,178428.876637583
"3177","DE","60+",2026-03-05,2026-03-15,2,"quantile",0.9,196190.950587018
"3178","DE","60+",2026-03-05,2026-03-15,2,"quantile",0.975,217436.439550644
"3179","DE","60+",2026-03-05,2026-03-22,3,"quantile",0.025,101715.628557
"3180","DE","60+",2026-03-05,2026-03-22,3,"quantile",0.1,115240.508834085
"3181","DE","60+",2026-03-05,2026-03-22,3,"quantile",0.25,129704.518058016
"3182","DE","60+",2026-03-05,2026-03-22,3,"quantile",0.5,147716.136135428
"3183","DE","60+",2026-03-05,2026-03-22,3,"quantile",0.75,166765.823496793
"3184","DE","60+",2026-03-05,2026-03-22,3,"quantile",0.9,186837.047559307
"3185","DE","60+",2026-03-05,2026-03-22,3,"quantile",0.975,212082.706861368
"3186","DE","60+",2026-03-05,2026-03-29,4,"quantile",0.025,86982.5357164096
"3187","DE","60+",2026-03-05,2026-03-29,4,"quantile",0.1,100577.243007189
"3188","DE","60+",2026-03-05,2026-03-29,4,"quantile",0.25,113244.061434789
"3189","DE","60+",2026-03-05,2026-03-29,4,"quantile",0.5,129860.240698431
"3190","DE","60+",2026-03-05,2026-03-29,4,"quantile",0.75,149496.833314929
"3191","DE","60+",2026-03-05,2026-03-29,4,"quantile",0.9,168604.614702738
"3192","DE","60+",2026-03-05,2026-03-29,4,"quantile",0.975,193276.023501731
"3193","DE","00+",2026-03-12,2026-03-15,1,"quantile",0.025,924617.958856445
"3194","DE","00+",2026-03-12,2026-03-15,1,"quantile",0.1,991397.173581389
"3195","DE","00+",2026-03-12,2026-03-15,1,"quantile",0.25,1057123.85173471
"3196","DE","00+",2026-03-12,2026-03-15,1,"quantile",0.5,1132944.38340135
"3197","DE","00+",2026-03-12,2026-03-15,1,"quantile",0.75,1211847.4231559
"3198","DE","00+",2026-03-12,2026-03-15,1,"quantile",0.9,1288559.84254606
"3199","DE","00+",2026-03-12,2026-03-15,1,"quantile",0.975,1379674.43068603
"3200","DE","00+",2026-03-12,2026-03-22,2,"quantile",0.025,801457.595163088
"3201","DE","00+",2026-03-12,2026-03-22,2,"quantile",0.1,872135.3593382
"3202","DE","00+",2026-03-12,2026-03-22,2,"quantile",0.25,943721.202284563
"3203","DE","00+",2026-03-12,2026-03-22,2,"quantile",0.5,1029758.53809095
"3204","DE","00+",2026-03-12,2026-03-22,2,"quantile",0.75,1125896.69479356
"3205","DE","00+",2026-03-12,2026-03-22,2,"quantile",0.9,1219257.35336718
"3206","DE","00+",2026-03-12,2026-03-22,2,"quantile",0.975,1328301.158098
"3207","DE","00+",2026-03-12,2026-03-29,3,"quantile",0.025,677267.06675927
"3208","DE","00+",2026-03-12,2026-03-29,3,"quantile",0.1,751804.524009127
"3209","DE","00+",2026-03-12,2026-03-29,3,"quantile",0.25,823596.965886394
"3210","DE","00+",2026-03-12,2026-03-29,3,"quantile",0.5,912554.560384375
"3211","DE","00+",2026-03-12,2026-03-29,3,"quantile",0.75,1010707.54939921
"3212","DE","00+",2026-03-12,2026-03-29,3,"quantile",0.9,1111921.45735432
"3213","DE","00+",2026-03-12,2026-03-29,3,"quantile",0.975,1229999.13762212
"3214","DE","00+",2026-03-12,2026-04-05,4,"quantile",0.025,659909.695656075
"3215","DE","00+",2026-03-12,2026-04-05,4,"quantile",0.1,737477.699560196
"3216","DE","00+",2026-03-12,2026-04-05,4,"quantile",0.25,810804.443404879
"3217","DE","00+",2026-03-12,2026-04-05,4,"quantile",0.5,903891.534297464
"3218","DE","00+",2026-03-12,2026-04-05,4,"quantile",0.75,1005381.65274245
"3219","DE","00+",2026-03-12,2026-04-05,4,"quantile",0.9,1116886.08756227
"3220","DE","00+",2026-03-12,2026-04-05,4,"quantile",0.975,1236129.10076074
"3221","DE","00-04",2026-03-12,2026-03-15,1,"quantile",0.025,160954.275871529
"3222","DE","00-04",2026-03-12,2026-03-15,1,"quantile",0.1,168818.187763955
"3223","DE","00-04",2026-03-12,2026-03-15,1,"quantile",0.25,176634.060672895
"3224","DE","00-04",2026-03-12,2026-03-15,1,"quantile",0.5,185734.459707681
"3225","DE","00-04",2026-03-12,2026-03-15,1,"quantile",0.75,195017.362138232
"3226","DE","00-04",2026-03-12,2026-03-15,1,"quantile",0.9,203618.076628903
"3227","DE","00-04",2026-03-12,2026-03-15,1,"quantile",0.975,214841.986027429
"3228","DE","00-04",2026-03-12,2026-03-22,2,"quantile",0.025,143313.493046024
"3229","DE","00-04",2026-03-12,2026-03-22,2,"quantile",0.1,151457.023384141
"3230","DE","00-04",2026-03-12,2026-03-22,2,"quantile",0.25,160182.453775796
"3231","DE","00-04",2026-03-12,2026-03-22,2,"quantile",0.5,170562.691962779
"3232","DE","00-04",2026-03-12,2026-03-22,2,"quantile",0.75,181567.800466766
"3233","DE","00-04",2026-03-12,2026-03-22,2,"quantile",0.9,192019.35877944
"3234","DE","00-04",2026-03-12,2026-03-22,2,"quantile",0.975,204446.870375193
"3235","DE","00-04",2026-03-12,2026-03-29,3,"quantile",0.025,123327.68574694
"3236","DE","00-04",2026-03-12,2026-03-29,3,"quantile",0.1,131910.560606975
"3237","DE","00-04",2026-03-12,2026-03-29,3,"quantile",0.25,140438.367847646
"3238","DE","00-04",2026-03-12,2026-03-29,3,"quantile",0.5,150844.616651039
"3239","DE","00-04",2026-03-12,2026-03-29,3,"quantile",0.75,162166.736330298
"3240","DE","00-04",2026-03-12,2026-03-29,3,"quantile",0.9,172987.092840284
"3241","DE","00-04",2026-03-12,2026-03-29,3,"quantile",0.975,187209.547660526
"3242","DE","00-04",2026-03-12,2026-04-05,4,"quantile",0.025,117546.801077752
"3243","DE","00-04",2026-03-12,2026-04-05,4,"quantile",0.1,126096.040557872
"3244","DE","00-04",2026-03-12,2026-04-05,4,"quantile",0.25,134981.470879995
"3245","DE","00-04",2026-03-12,2026-04-05,4,"quantile",0.5,145379.125335095
"3246","DE","00-04",2026-03-12,2026-04-05,4,"quantile",0.75,156872.311144664
"3247","DE","00-04",2026-03-12,2026-04-05,4,"quantile",0.9,168023.463609669
"3248","DE","00-04",2026-03-12,2026-04-05,4,"quantile",0.975,180626.891855991
"3249","DE","05-14",2026-03-12,2026-03-15,1,"quantile",0.025,100730.468811394
"3250","DE","05-14",2026-03-12,2026-03-15,1,"quantile",0.1,109063.130910742
"3251","DE","05-14",2026-03-12,2026-03-15,1,"quantile",0.25,117193.146853756
"3252","DE","05-14",2026-03-12,2026-03-15,1,"quantile",0.5,126671.960532784
"3253","DE","05-14",2026-03-12,2026-03-15,1,"quantile",0.75,136762.294571631
"3254","DE","05-14",2026-03-12,2026-03-15,1,"quantile",0.9,146407.757228269
"3255","DE","05-14",2026-03-12,2026-03-15,1,"quantile",0.975,158365.117387106
"3256","DE","05-14",2026-03-12,2026-03-22,2,"quantile",0.025,89019.0569449091
"3257","DE","05-14",2026-03-12,2026-03-22,2,"quantile",0.1,98257.7404835482
"3258","DE","05-14",2026-03-12,2026-03-22,2,"quantile",0.25,107229.55678422
"3259","DE","05-14",2026-03-12,2026-03-22,2,"quantile",0.5,118259.625969242
"3260","DE","05-14",2026-03-12,2026-03-22,2,"quantile",0.75,130436.259180911
"3261","DE","05-14",2026-03-12,2026-03-22,2,"quantile",0.9,141834.499181966
"3262","DE","05-14",2026-03-12,2026-03-22,2,"quantile",0.975,156595.26723357
"3263","DE","05-14",2026-03-12,2026-03-29,3,"quantile",0.025,70480.7050550539
"3264","DE","05-14",2026-03-12,2026-03-29,3,"quantile",0.1,79079.7326639245
"3265","DE","05-14",2026-03-12,2026-03-29,3,"quantile",0.25,87352.4590513852
"3266","DE","05-14",2026-03-12,2026-03-29,3,"quantile",0.5,97763.7403766982
"3267","DE","05-14",2026-03-12,2026-03-29,3,"quantile",0.75,109001.873423466
"3268","DE","05-14",2026-03-12,2026-03-29,3,"quantile",0.9,121033.809428725
"3269","DE","05-14",2026-03-12,2026-03-29,3,"quantile",0.975,135350.820576373
"3270","DE","05-14",2026-03-12,2026-04-05,4,"quantile",0.025,62882.9218194849
"3271","DE","05-14",2026-03-12,2026-04-05,4,"quantile",0.1,70639.7174985684
"3272","DE","05-14",2026-03-12,2026-04-05,4,"quantile",0.25,78460.2429141948
"3273","DE","05-14",2026-03-12,2026-04-05,4,"quantile",0.5,87975.0981477289
"3274","DE","05-14",2026-03-12,2026-04-05,4,"quantile",0.75,98560.997447009
"3275","DE","05-14",2026-03-12,2026-04-05,4,"quantile",0.9,110199.078588734
"3276","DE","05-14",2026-03-12,2026-04-05,4,"quantile",0.975,123129.671733145
"3277","DE","15-34",2026-03-12,2026-03-15,1,"quantile",0.025,249068.032851637
"3278","DE","15-34",2026-03-12,2026-03-15,1,"quantile",0.1,268624.254262269
"3279","DE","15-34",2026-03-12,2026-03-15,1,"quantile",0.25,288086.987890079
"3280","DE","15-34",2026-03-12,2026-03-15,1,"quantile",0.5,311919.809362503
"3281","DE","15-34",2026-03-12,2026-03-15,1,"quantile",0.75,336919.769002498
"3282","DE","15-34",2026-03-12,2026-03-15,1,"quantile",0.9,360256.015365294
"3283","DE","15-34",2026-03-12,2026-03-15,1,"quantile",0.975,392153.307632222
"3284","DE","15-34",2026-03-12,2026-03-22,2,"quantile",0.025,215539.672481415
"3285","DE","15-34",2026-03-12,2026-03-22,2,"quantile",0.1,234866.746968356
"3286","DE","15-34",2026-03-12,2026-03-22,2,"quantile",0.25,256673.227737858
"3287","DE","15-34",2026-03-12,2026-03-22,2,"quantile",0.5,283193.21652794
"3288","DE","15-34",2026-03-12,2026-03-22,2,"quantile",0.75,310924.282661969
"3289","DE","15-34",2026-03-12,2026-03-22,2,"quantile",0.9,339291.621775722
"3290","DE","15-34",2026-03-12,2026-03-22,2,"quantile",0.975,374821.163378942
"3291","DE","15-34",2026-03-12,2026-03-29,3,"quantile",0.025,184686.662782517
"3292","DE","15-34",2026-03-12,2026-03-29,3,"quantile",0.1,204613.65458351
"3293","DE","15-34",2026-03-12,2026-03-29,3,"quantile",0.25,225250.989018771
"3294","DE","15-34",2026-03-12,2026-03-29,3,"quantile",0.5,251287.151210916
"3295","DE","15-34",2026-03-12,2026-03-29,3,"quantile",0.75,280736.193207489
"3296","DE","15-34",2026-03-12,2026-03-29,3,"quantile",0.9,309746.172664784
"3297","DE","15-34",2026-03-12,2026-03-29,3,"quantile",0.975,349141.03380944
"3298","DE","15-34",2026-03-12,2026-04-05,4,"quantile",0.025,180385.309432942
"3299","DE","15-34",2026-03-12,2026-04-05,4,"quantile",0.1,200541.197362708
"3300","DE","15-34",2026-03-12,2026-04-05,4,"quantile",0.25,222293.058623416
"3301","DE","15-34",2026-03-12,2026-04-05,4,"quantile",0.5,249052.734446324
"3302","DE","15-34",2026-03-12,2026-04-05,4,"quantile",0.75,278737.459648643
"3303","DE","15-34",2026-03-12,2026-04-05,4,"quantile",0.9,309325.631145956
"3304","DE","15-34",2026-03-12,2026-04-05,4,"quantile",0.975,345619.294961788
"3305","DE","35-59",2026-03-12,2026-03-15,1,"quantile",0.025,300466.050704632
"3306","DE","35-59",2026-03-12,2026-03-15,1,"quantile",0.1,327466.028117344
"3307","DE","35-59",2026-03-12,2026-03-15,1,"quantile",0.25,353346.646539994
"3308","DE","35-59",2026-03-12,2026-03-15,1,"quantile",0.5,384747.225877343
"3309","DE","35-59",2026-03-12,2026-03-15,1,"quantile",0.75,417662.904864584
"3310","DE","35-59",2026-03-12,2026-03-15,1,"quantile",0.9,450491.497028278
"3311","DE","35-59",2026-03-12,2026-03-15,1,"quantile",0.975,489532.799519952
"3312","DE","35-59",2026-03-12,2026-03-22,2,"quantile",0.025,251764.363092693
"3313","DE","35-59",2026-03-12,2026-03-22,2,"quantile",0.1,279102.287093145
"3314","DE","35-59",2026-03-12,2026-03-22,2,"quantile",0.25,307522.269198468
"3315","DE","35-59",2026-03-12,2026-03-22,2,"quantile",0.5,342785.868676939
"3316","DE","35-59",2026-03-12,2026-03-22,2,"quantile",0.75,382308.924319107
"3317","DE","35-59",2026-03-12,2026-03-22,2,"quantile",0.9,422207.188610923
"3318","DE","35-59",2026-03-12,2026-03-22,2,"quantile",0.975,468445.690831803
"3319","DE","35-59",2026-03-12,2026-03-29,3,"quantile",0.025,210001.350113086
"3320","DE","35-59",2026-03-12,2026-03-29,3,"quantile",0.1,239708.644305403
"3321","DE","35-59",2026-03-12,2026-03-29,3,"quantile",0.25,267806.016081742
"3322","DE","35-59",2026-03-12,2026-03-29,3,"quantile",0.5,304592.222694573
"3323","DE","35-59",2026-03-12,2026-03-29,3,"quantile",0.75,347074.893506095
"3324","DE","35-59",2026-03-12,2026-03-29,3,"quantile",0.9,390017.939059482
"3325","DE","35-59",2026-03-12,2026-03-29,3,"quantile",0.975,441088.325836369
"3326","DE","35-59",2026-03-12,2026-04-05,4,"quantile",0.025,204721.200532277
"3327","DE","35-59",2026-03-12,2026-04-05,4,"quantile",0.1,235451.017249187
"3328","DE","35-59",2026-03-12,2026-04-05,4,"quantile",0.25,265769.391244266
"3329","DE","35-59",2026-03-12,2026-04-05,4,"quantile",0.5,304468.461684027
"3330","DE","35-59",2026-03-12,2026-04-05,4,"quantile",0.75,347861.885180895
"3331","DE","35-59",2026-03-12,2026-04-05,4,"quantile",0.9,396294.120353359
"3332","DE","35-59",2026-03-12,2026-04-05,4,"quantile",0.975,451777.11585492
"3333","DE","60+",2026-03-12,2026-03-15,1,"quantile",0.025,116536.474835473
"3334","DE","60+",2026-03-12,2026-03-15,1,"quantile",0.1,126462.825296091
"3335","DE","60+",2026-03-12,2026-03-15,1,"quantile",0.25,136203.542304744
"3336","DE","60+",2026-03-12,2026-03-15,1,"quantile",0.5,147880.263255597
"3337","DE","60+",2026-03-12,2026-03-15,1,"quantile",0.75,160334.35643102
"3338","DE","60+",2026-03-12,2026-03-15,1,"quantile",0.9,172057.421043349
"3339","DE","60+",2026-03-12,2026-03-15,1,"quantile",0.975,187612.780190267
"3340","DE","60+",2026-03-12,2026-03-22,2,"quantile",0.025,101007.674578371
"3341","DE","60+",2026-03-12,2026-03-22,2,"quantile",0.1,110968.758612387
"3342","DE","60+",2026-03-12,2026-03-22,2,"quantile",0.25,122367.17964651
"3343","DE","60+",2026-03-12,2026-03-22,2,"quantile",0.5,136320.072850728
"3344","DE","60+",2026-03-12,2026-03-22,2,"quantile",0.75,152231.163108827
"3345","DE","60+",2026-03-12,2026-03-22,2,"quantile",0.9,167530.051760657
"3346","DE","60+",2026-03-12,2026-03-22,2,"quantile",0.975,187180.819487641
"3347","DE","60+",2026-03-12,2026-03-29,3,"quantile",0.025,86002.161900652
"3348","DE","60+",2026-03-12,2026-03-29,3,"quantile",0.1,96918.0398922714
"3349","DE","60+",2026-03-12,2026-03-29,3,"quantile",0.25,108254.101648473
"3350","DE","60+",2026-03-12,2026-03-29,3,"quantile",0.5,123241.596301453
"3351","DE","60+",2026-03-12,2026-03-29,3,"quantile",0.75,140166.832086594
"3352","DE","60+",2026-03-12,2026-03-29,3,"quantile",0.9,157294.493199131
"3353","DE","60+",2026-03-12,2026-03-29,3,"quantile",0.975,180791.807319654
"3354","DE","60+",2026-03-12,2026-04-05,4,"quantile",0.025,89250.5734175314
"3355","DE","60+",2026-03-12,2026-04-05,4,"quantile",0.1,101869.970485026
"3356","DE","60+",2026-03-12,2026-04-05,4,"quantile",0.25,114915.302026725
"3357","DE","60+",2026-03-12,2026-04-05,4,"quantile",0.5,131466.630009413
"3358","DE","60+",2026-03-12,2026-04-05,4,"quantile",0.75,150932.167822155
"3359","DE","60+",2026-03-12,2026-04-05,4,"quantile",0.9,170629.166845756
"3360","DE","60+",2026-03-12,2026-04-05,4,"quantile",0.975,195585.965150967
"3361","DE","00+",2026-03-19,2026-03-22,1,"quantile",0.025,772296.000499174
"3362","DE","00+",2026-03-19,2026-03-22,1,"quantile",0.1,828888.519417698
"3363","DE","00+",2026-03-19,2026-03-22,1,"quantile",0.25,881492.021598671
"3364","DE","00+",2026-03-19,2026-03-22,1,"quantile",0.5,944432.644539777
"3365","DE","00+",2026-03-19,2026-03-22,1,"quantile",0.75,1010565.1333309
"3366","DE","00+",2026-03-19,2026-03-22,1,"quantile",0.9,1073888.67393854
"3367","DE","00+",2026-03-19,2026-03-22,1,"quantile",0.975,1146875.28633876
"3368","DE","00+",2026-03-19,2026-03-29,2,"quantile",0.025,650172.216237684
"3369","DE","00+",2026-03-19,2026-03-29,2,"quantile",0.1,708497.864819358
"3370","DE","00+",2026-03-19,2026-03-29,2,"quantile",0.25,767744.968772518
"3371","DE","00+",2026-03-19,2026-03-29,2,"quantile",0.5,838032.342433488
"3372","DE","00+",2026-03-19,2026-03-29,2,"quantile",0.75,919024.59150049
"3373","DE","00+",2026-03-19,2026-03-29,2,"quantile",0.9,994533.356937861
"3374","DE","00+",2026-03-19,2026-03-29,2,"quantile",0.975,1087032.41222208
"3375","DE","00+",2026-03-19,2026-04-05,3,"quantile",0.025,635576.501791761
"3376","DE","00+",2026-03-19,2026-04-05,3,"quantile",0.1,701807.606063951
"3377","DE","00+",2026-03-19,2026-04-05,3,"quantile",0.25,764519.361091671
"3378","DE","00+",2026-03-19,2026-04-05,3,"quantile",0.5,849263.020807147
"3379","DE","00+",2026-03-19,2026-04-05,3,"quantile",0.75,938321.338517347
"3380","DE","00+",2026-03-19,2026-04-05,3,"quantile",0.9,1027342.32433858
"3381","DE","00+",2026-03-19,2026-04-05,3,"quantile",0.975,1147522.04651145
"3382","DE","00+",2026-03-19,2026-04-12,4,"quantile",0.025,577315.032008062
"3383","DE","00+",2026-03-19,2026-04-12,4,"quantile",0.1,642967.622036382
"3384","DE","00+",2026-03-19,2026-04-12,4,"quantile",0.25,708004.454059871
"3385","DE","00+",2026-03-19,2026-04-12,4,"quantile",0.5,789839.702148411
"3386","DE","00+",2026-03-19,2026-04-12,4,"quantile",0.75,879951.019385297
"3387","DE","00+",2026-03-19,2026-04-12,4,"quantile",0.9,967309.731073379
"3388","DE","00+",2026-03-19,2026-04-12,4,"quantile",0.975,1075874.69007613
"3389","DE","00-04",2026-03-19,2026-03-22,1,"quantile",0.025,139844.831333176
"3390","DE","00-04",2026-03-19,2026-03-22,1,"quantile",0.1,146652.817766182
"3391","DE","00-04",2026-03-19,2026-03-22,1,"quantile",0.25,152930.68573034
"3392","DE","00-04",2026-03-19,2026-03-22,1,"quantile",0.5,160552.406002595
"3393","DE","00-04",2026-03-19,2026-03-22,1,"quantile",0.75,168940.927642681
"3394","DE","00-04",2026-03-19,2026-03-22,1,"quantile",0.9,176979.706614562
"3395","DE","00-04",2026-03-19,2026-03-22,1,"quantile",0.975,186025.493414299
"3396","DE","00-04",2026-03-19,2026-03-29,2,"quantile",0.025,118999.15093958
"3397","DE","00-04",2026-03-19,2026-03-29,2,"quantile",0.1,126766.906342402
"3398","DE","00-04",2026-03-19,2026-03-29,2,"quantile",0.25,134201.885592227
"3399","DE","00-04",2026-03-19,2026-03-29,2,"quantile",0.5,142725.062561672
"3400","DE","00-04",2026-03-19,2026-03-29,2,"quantile",0.75,151732.988580842
"3401","DE","00-04",2026-03-19,2026-03-29,2,"quantile",0.9,161113.003586649
"3402","DE","00-04",2026-03-19,2026-03-29,2,"quantile",0.975,170967.331406905
"3403","DE","00-04",2026-03-19,2026-04-05,3,"quantile",0.025,113873.985631528
"3404","DE","00-04",2026-03-19,2026-04-05,3,"quantile",0.1,121629.706120726
"3405","DE","00-04",2026-03-19,2026-04-05,3,"quantile",0.25,129805.409480528
"3406","DE","00-04",2026-03-19,2026-04-05,3,"quantile",0.5,139303.819878716
"3407","DE","00-04",2026-03-19,2026-04-05,3,"quantile",0.75,149487.055662213
"3408","DE","00-04",2026-03-19,2026-04-05,3,"quantile",0.9,159345.718785599
"3409","DE","00-04",2026-03-19,2026-04-05,3,"quantile",0.975,169834.330784868
"3410","DE","00-04",2026-03-19,2026-04-12,4,"quantile",0.025,105304.38316611
"3411","DE","00-04",2026-03-19,2026-04-12,4,"quantile",0.1,113680.93497851
"3412","DE","00-04",2026-03-19,2026-04-12,4,"quantile",0.25,121487.298377695
"3413","DE","00-04",2026-03-19,2026-04-12,4,"quantile",0.5,130716.443895258
"3414","DE","00-04",2026-03-19,2026-04-12,4,"quantile",0.75,140529.384995446
"3415","DE","00-04",2026-03-19,2026-04-12,4,"quantile",0.9,150655.380196808
"3416","DE","00-04",2026-03-19,2026-04-12,4,"quantile",0.975,162342.136782927
"3417","DE","05-14",2026-03-19,2026-03-22,1,"quantile",0.025,96617.4394941192
"3418","DE","05-14",2026-03-19,2026-03-22,1,"quantile",0.1,104209.089310487
"3419","DE","05-14",2026-03-19,2026-03-22,1,"quantile",0.25,111678.481096608
"3420","DE","05-14",2026-03-19,2026-03-22,1,"quantile",0.5,120787.8615571
"3421","DE","05-14",2026-03-19,2026-03-22,1,"quantile",0.75,130263.430017567
"3422","DE","05-14",2026-03-19,2026-03-22,1,"quantile",0.9,139371.990667153
"3423","DE","05-14",2026-03-19,2026-03-22,1,"quantile",0.975,150069.981857575
"3424","DE","05-14",2026-03-19,2026-03-29,2,"quantile",0.025,74865.4667581777
"3425","DE","05-14",2026-03-19,2026-03-29,2,"quantile",0.1,82311.5738706078
"3426","DE","05-14",2026-03-19,2026-03-29,2,"quantile",0.25,89864.3994812753
"3427","DE","05-14",2026-03-19,2026-03-29,2,"quantile",0.5,99129.4729136883
"3428","DE","05-14",2026-03-19,2026-03-29,2,"quantile",0.75,109584.29615028
"3429","DE","05-14",2026-03-19,2026-03-29,2,"quantile",0.9,119596.643420453
"3430","DE","05-14",2026-03-19,2026-03-29,2,"quantile",0.975,131846.485124915
"3431","DE","05-14",2026-03-19,2026-04-05,3,"quantile",0.025,65066.6662211504
"3432","DE","05-14",2026-03-19,2026-04-05,3,"quantile",0.1,72196.9139406707
"3433","DE","05-14",2026-03-19,2026-04-05,3,"quantile",0.25,79485.2458514562
"3434","DE","05-14",2026-03-19,2026-04-05,3,"quantile",0.5,88820.5443048834
"3435","DE","05-14",2026-03-19,2026-04-05,3,"quantile",0.75,98996.3535925606
"3436","DE","05-14",2026-03-19,2026-04-05,3,"quantile",0.9,109389.039590781
"3437","DE","05-14",2026-03-19,2026-04-05,3,"quantile",0.975,123025.452341926
"3438","DE","05-14",2026-03-19,2026-04-12,4,"quantile",0.025,61318.2114215517
"3439","DE","05-14",2026-03-19,2026-04-12,4,"quantile",0.1,68288.0033858793
"3440","DE","05-14",2026-03-19,2026-04-12,4,"quantile",0.25,75728.5199449004
"3441","DE","05-14",2026-03-19,2026-04-12,4,"quantile",0.5,85150.3455963546
"3442","DE","05-14",2026-03-19,2026-04-12,4,"quantile",0.75,95528.9012197381
"3443","DE","05-14",2026-03-19,2026-04-12,4,"quantile",0.9,105833.196006404
"3444","DE","05-14",2026-03-19,2026-04-12,4,"quantile",0.975,118062.652221926
"3445","DE","15-34",2026-03-19,2026-03-22,1,"quantile",0.025,210498.849687066
"3446","DE","15-34",2026-03-19,2026-03-22,1,"quantile",0.1,226552.452001586
"3447","DE","15-34",2026-03-19,2026-03-22,1,"quantile",0.25,241560.857351093
"3448","DE","15-34",2026-03-19,2026-03-22,1,"quantile",0.5,261016.604126266
"3449","DE","15-34",2026-03-19,2026-03-22,1,"quantile",0.75,282556.483340427
"3450","DE","15-34",2026-03-19,2026-03-22,1,"quantile",0.9,304295.720635964
"3451","DE","15-34",2026-03-19,2026-03-22,1,"quantile",0.975,330211.907521217
"3452","DE","15-34",2026-03-19,2026-03-29,2,"quantile",0.025,176365.858763329
"3453","DE","15-34",2026-03-19,2026-03-29,2,"quantile",0.1,195159.417869636
"3454","DE","15-34",2026-03-19,2026-03-29,2,"quantile",0.25,212674.090137538
"3455","DE","15-34",2026-03-19,2026-03-29,2,"quantile",0.5,233663.389767132
"3456","DE","15-34",2026-03-19,2026-03-29,2,"quantile",0.75,257592.109035446
"3457","DE","15-34",2026-03-19,2026-03-29,2,"quantile",0.9,282193.062865264
"3458","DE","15-34",2026-03-19,2026-03-29,2,"quantile",0.975,308866.21968043
"3459","DE","15-34",2026-03-19,2026-04-05,3,"quantile",0.025,173995.923807245
"3460","DE","15-34",2026-03-19,2026-04-05,3,"quantile",0.1,191819.863248811
"3461","DE","15-34",2026-03-19,2026-04-05,3,"quantile",0.25,211637.705196163
"3462","DE","15-34",2026-03-19,2026-04-05,3,"quantile",0.5,236392.204700318
"3463","DE","15-34",2026-03-19,2026-04-05,3,"quantile",0.75,262977.581330751
"3464","DE","15-34",2026-03-19,2026-04-05,3,"quantile",0.9,289971.470717607
"3465","DE","15-34",2026-03-19,2026-04-05,3,"quantile",0.975,321496.714048153
"3466","DE","15-34",2026-03-19,2026-04-12,4,"quantile",0.025,160370.731893549
"3467","DE","15-34",2026-03-19,2026-04-12,4,"quantile",0.1,179644.730769254
"3468","DE","15-34",2026-03-19,2026-04-12,4,"quantile",0.25,198601.12669594
"3469","DE","15-34",2026-03-19,2026-04-12,4,"quantile",0.5,221968.25013234
"3470","DE","15-34",2026-03-19,2026-04-12,4,"quantile",0.75,247893.003224074
"3471","DE","15-34",2026-03-19,2026-04-12,4,"quantile",0.9,275389.370921254
"3472","DE","15-34",2026-03-19,2026-04-12,4,"quantile",0.975,308386.035256071
"3473","DE","35-59",2026-03-19,2026-03-22,1,"quantile",0.025,229465.469716569
"3474","DE","35-59",2026-03-19,2026-03-22,1,"quantile",0.1,250138.158385861
"3475","DE","35-59",2026-03-19,2026-03-22,1,"quantile",0.25,269601.870237817
"3476","DE","35-59",2026-03-19,2026-03-22,1,"quantile",0.5,293555.228197015
"3477","DE","35-59",2026-03-19,2026-03-22,1,"quantile",0.75,318657.821990819
"3478","DE","35-59",2026-03-19,2026-03-22,1,"quantile",0.9,343422.633971592
"3479","DE","35-59",2026-03-19,2026-03-22,1,"quantile",0.975,372883.675620993
"3480","DE","35-59",2026-03-19,2026-03-29,2,"quantile",0.025,191048.065496821
"3481","DE","35-59",2026-03-19,2026-03-29,2,"quantile",0.1,213057.418471047
"3482","DE","35-59",2026-03-19,2026-03-29,2,"quantile",0.25,234782.340997314
"3483","DE","35-59",2026-03-19,2026-03-29,2,"quantile",0.5,262122.064421763
"3484","DE","35-59",2026-03-19,2026-03-29,2,"quantile",0.75,293032.437589551
"3485","DE","35-59",2026-03-19,2026-03-29,2,"quantile",0.9,322435.489451998
"3486","DE","35-59",2026-03-19,2026-03-29,2,"quantile",0.975,361043.873805202
"3487","DE","35-59",2026-03-19,2026-04-05,3,"quantile",0.025,189435.707927827
"3488","DE","35-59",2026-03-19,2026-04-05,3,"quantile",0.1,214329.781006713
"3489","DE","35-59",2026-03-19,2026-04-05,3,"quantile",0.25,238007.768145909
"3490","DE","35-59",2026-03-19,2026-04-05,3,"quantile",0.5,271387.903092308
"3491","DE","35-59",2026-03-19,2026-04-05,3,"quantile",0.75,307344.381926859
"3492","DE","35-59",2026-03-19,2026-04-05,3,"quantile",0.9,344653.763073123
"3493","DE","35-59",2026-03-19,2026-04-05,3,"quantile",0.975,393415.398651434
"3494","DE","35-59",2026-03-19,2026-04-12,4,"quantile",0.025,165530.523290211
"3495","DE","35-59",2026-03-19,2026-04-12,4,"quantile",0.1,189510.782857817
"3496","DE","35-59",2026-03-19,2026-04-12,4,"quantile",0.25,213963.900604841
"3497","DE","35-59",2026-03-19,2026-04-12,4,"quantile",0.5,245157.65336502
"3498","DE","35-59",2026-03-19,2026-04-12,4,"quantile",0.75,280799.436140389
"3499","DE","35-59",2026-03-19,2026-04-12,4,"quantile",0.9,316822.280489389
"3500","DE","35-59",2026-03-19,2026-04-12,4,"quantile",0.975,361993.696857089
"3501","DE","60+",2026-03-19,2026-03-22,1,"quantile",0.025,97222.1570073935
"3502","DE","60+",2026-03-19,2026-03-22,1,"quantile",0.1,105720.053758057
"3503","DE","60+",2026-03-19,2026-03-22,1,"quantile",0.25,113095.027902603
"3504","DE","60+",2026-03-19,2026-03-22,1,"quantile",0.5,122503.098977326
"3505","DE","60+",2026-03-19,2026-03-22,1,"quantile",0.75,133175.588357255
"3506","DE","60+",2026-03-19,2026-03-22,1,"quantile",0.9,143725.868363333
"3507","DE","60+",2026-03-19,2026-03-22,1,"quantile",0.975,155965.07372545
"3508","DE","60+",2026-03-19,2026-03-29,2,"quantile",0.025,81319.7384052609
"3509","DE","60+",2026-03-19,2026-03-29,2,"quantile",0.1,90332.6070189148
"3510","DE","60+",2026-03-19,2026-03-29,2,"quantile",0.25,99623.7764604414
"3511","DE","60+",2026-03-19,2026-03-29,2,"quantile",0.5,111301.336082974
"3512","DE","60+",2026-03-19,2026-03-29,2,"quantile",0.75,123791.078967482
"3513","DE","60+",2026-03-19,2026-03-29,2,"quantile",0.9,137074.19248275
"3514","DE","60+",2026-03-19,2026-03-29,2,"quantile",0.975,152245.369264039
"3515","DE","60+",2026-03-19,2026-04-05,3,"quantile",0.025,84720.7406173302
"3516","DE","60+",2026-03-19,2026-04-05,3,"quantile",0.1,94968.9159273959
"3517","DE","60+",2026-03-19,2026-04-05,3,"quantile",0.25,107048.651636318
"3518","DE","60+",2026-03-19,2026-04-05,3,"quantile",0.5,121657.793006406
"3519","DE","60+",2026-03-19,2026-04-05,3,"quantile",0.75,137845.977666064
"3520","DE","60+",2026-03-19,2026-04-05,3,"quantile",0.9,154626.64910577
"3521","DE","60+",2026-03-19,2026-04-05,3,"quantile",0.975,174427.269091294
"3522","DE","60+",2026-03-19,2026-04-12,4,"quantile",0.025,75131.4810278528
"3523","DE","60+",2026-03-19,2026-04-12,4,"quantile",0.1,85609.5894306845
"3524","DE","60+",2026-03-19,2026-04-12,4,"quantile",0.25,97458.854755531
"3525","DE","60+",2026-03-19,2026-04-12,4,"quantile",0.5,111053.342727713
"3526","DE","60+",2026-03-19,2026-04-12,4,"quantile",0.75,126834.531803048
"3527","DE","60+",2026-03-19,2026-04-12,4,"quantile",0.9,143623.097624285
"3528","DE","60+",2026-03-19,2026-04-12,4,"quantile",0.975,163917.76517543
"3529","DE","00+",2026-03-26,2026-03-29,1,"quantile",0.025,699735.254131287
"3530","DE","00+",2026-03-26,2026-03-29,1,"quantile",0.1,751431.302240964
"3531","DE","00+",2026-03-26,2026-03-29,1,"quantile",0.25,798052.961474296
"3532","DE","00+",2026-03-26,2026-03-29,1,"quantile",0.5,852874.527399058
"3533","DE","00+",2026-03-26,2026-03-29,1,"quantile",0.75,911468.774628674
"3534","DE","00+",2026-03-26,2026-03-29,1,"quantile",0.9,970562.045581856
"3535","DE","00+",2026-03-26,2026-03-29,1,"quantile",0.975,1038716.48097413
"3536","DE","00+",2026-03-26,2026-04-05,2,"quantile",0.025,668077.526007667
"3537","DE","00+",2026-03-26,2026-04-05,2,"quantile",0.1,729932.789221721
"3538","DE","00+",2026-03-26,2026-04-05,2,"quantile",0.25,791918.649590665
"3539","DE","00+",2026-03-26,2026-04-05,2,"quantile",0.5,865875.400095637
"3540","DE","00+",2026-03-26,2026-04-05,2,"quantile",0.75,941741.558530962
"3541","DE","00+",2026-03-26,2026-04-05,2,"quantile",0.9,1015716.44660466
"3542","DE","00+",2026-03-26,2026-04-05,2,"quantile",0.975,1112924.83060938
"3543","DE","00+",2026-03-26,2026-04-12,3,"quantile",0.025,596137.460493229
"3544","DE","00+",2026-03-26,2026-04-12,3,"quantile",0.1,662778.210524916
"3545","DE","00+",2026-03-26,2026-04-12,3,"quantile",0.25,720062.560208887
"3546","DE","00+",2026-03-26,2026-04-12,3,"quantile",0.5,799717.274228737
"3547","DE","00+",2026-03-26,2026-04-12,3,"quantile",0.75,882687.932237984
"3548","DE","00+",2026-03-26,2026-04-12,3,"quantile",0.9,966603.614086518
"3549","DE","00+",2026-03-26,2026-04-12,3,"quantile",0.975,1071761.05959569
"3550","DE","00+",2026-03-26,2026-04-19,4,"quantile",0.025,518420.095081979
"3551","DE","00+",2026-03-26,2026-04-19,4,"quantile",0.1,577308.401115643
"3552","DE","00+",2026-03-26,2026-04-19,4,"quantile",0.25,638042.957339033
"3553","DE","00+",2026-03-26,2026-04-19,4,"quantile",0.5,706487.74871007
"3554","DE","00+",2026-03-26,2026-04-19,4,"quantile",0.75,787773.705435681
"3555","DE","00+",2026-03-26,2026-04-19,4,"quantile",0.9,864954.705272848
"3556","DE","00+",2026-03-26,2026-04-19,4,"quantile",0.975,962923.210585566
"3557","DE","00-04",2026-03-26,2026-03-29,1,"quantile",0.025,134121.738765211
"3558","DE","00-04",2026-03-26,2026-03-29,1,"quantile",0.1,141348.580621966
"3559","DE","00-04",2026-03-26,2026-03-29,1,"quantile",0.25,147909.787527921
"3560","DE","00-04",2026-03-26,2026-03-29,1,"quantile",0.5,155567.51960683
"3561","DE","00-04",2026-03-26,2026-03-29,1,"quantile",0.75,163641.138469091
"3562","DE","00-04",2026-03-26,2026-03-29,1,"quantile",0.9,170647.613732826
"3563","DE","00-04",2026-03-26,2026-03-29,1,"quantile",0.975,179340.048144479
"3564","DE","00-04",2026-03-26,2026-04-05,2,"quantile",0.025,126447.244827324
"3565","DE","00-04",2026-03-26,2026-04-05,2,"quantile",0.1,134266.879016068
"3566","DE","00-04",2026-03-26,2026-04-05,2,"quantile",0.25,141772.135789725
"3567","DE","00-04",2026-03-26,2026-04-05,2,"quantile",0.5,150737.842887764
"3568","DE","00-04",2026-03-26,2026-04-05,2,"quantile",0.75,160021.822717899
"3569","DE","00-04",2026-03-26,2026-04-05,2,"quantile",0.9,169270.42708851
"3570","DE","00-04",2026-03-26,2026-04-05,2,"quantile",0.975,180057.520197983
"3571","DE","00-04",2026-03-26,2026-04-12,3,"quantile",0.025,113171.696113183
"3572","DE","00-04",2026-03-26,2026-04-12,3,"quantile",0.1,121834.266165447
"3573","DE","00-04",2026-03-26,2026-04-12,3,"quantile",0.25,129922.715032519
"3574","DE","00-04",2026-03-26,2026-04-12,3,"quantile",0.5,138851.461084035
"3575","DE","00-04",2026-03-26,2026-04-12,3,"quantile",0.75,148708.89108176
"3576","DE","00-04",2026-03-26,2026-04-12,3,"quantile",0.9,158817.755232604
"3577","DE","00-04",2026-03-26,2026-04-12,3,"quantile",0.975,170669.04797403
"3578","DE","00-04",2026-03-26,2026-04-19,4,"quantile",0.025,100054.876467948
"3579","DE","00-04",2026-03-26,2026-04-19,4,"quantile",0.1,108216.991965712
"3580","DE","00-04",2026-03-26,2026-04-19,4,"quantile",0.25,115682.972062025
"3581","DE","00-04",2026-03-26,2026-04-19,4,"quantile",0.5,124637.65430196
"3582","DE","00-04",2026-03-26,2026-04-19,4,"quantile",0.75,134313.490274852
"3583","DE","00-04",2026-03-26,2026-04-19,4,"quantile",0.9,143290.175972709
"3584","DE","00-04",2026-03-26,2026-04-19,4,"quantile",0.975,154774.242263228
"3585","DE","05-14",2026-03-26,2026-03-29,1,"quantile",0.025,81627.2899627126
"3586","DE","05-14",2026-03-26,2026-03-29,1,"quantile",0.1,88608.1117895105
"3587","DE","05-14",2026-03-26,2026-03-29,1,"quantile",0.25,94757.5210152227
"3588","DE","05-14",2026-03-26,2026-03-29,1,"quantile",0.5,102187.057198495
"3589","DE","05-14",2026-03-26,2026-03-29,1,"quantile",0.75,110121.874197925
"3590","DE","05-14",2026-03-26,2026-03-29,1,"quantile",0.9,117771.163225283
"3591","DE","05-14",2026-03-26,2026-03-29,1,"quantile",0.975,127553.856786855
"3592","DE","05-14",2026-03-26,2026-04-05,2,"quantile",0.025,69378.1391287689
"3593","DE","05-14",2026-03-26,2026-04-05,2,"quantile",0.1,75947.9208123792
"3594","DE","05-14",2026-03-26,2026-04-05,2,"quantile",0.25,83007.9240327342
"3595","DE","05-14",2026-03-26,2026-04-05,2,"quantile",0.5,91630.8719722081
"3596","DE","05-14",2026-03-26,2026-04-05,2,"quantile",0.75,100616.009038147
"3597","DE","05-14",2026-03-26,2026-04-05,2,"quantile",0.9,109370.697477969
"3598","DE","05-14",2026-03-26,2026-04-05,2,"quantile",0.975,121073.392918469
"3599","DE","05-14",2026-03-26,2026-04-12,3,"quantile",0.025,62821.0675939419
"3600","DE","05-14",2026-03-26,2026-04-12,3,"quantile",0.1,70788.652164512
"3601","DE","05-14",2026-03-26,2026-04-12,3,"quantile",0.25,77525.7780941096
"3602","DE","05-14",2026-03-26,2026-04-12,3,"quantile",0.5,86670.0733177409
"3603","DE","05-14",2026-03-26,2026-04-12,3,"quantile",0.75,96894.4994675587
"3604","DE","05-14",2026-03-26,2026-04-12,3,"quantile",0.9,106922.738807545
"3605","DE","05-14",2026-03-26,2026-04-12,3,"quantile",0.975,119237.339392687
"3606","DE","05-14",2026-03-26,2026-04-19,4,"quantile",0.025,56500.1423786536
"3607","DE","05-14",2026-03-26,2026-04-19,4,"quantile",0.1,63497.5198361044
"3608","DE","05-14",2026-03-26,2026-04-19,4,"quantile",0.25,70524.0447599092
"3609","DE","05-14",2026-03-26,2026-04-19,4,"quantile",0.5,78699.2036472335
"3610","DE","05-14",2026-03-26,2026-04-19,4,"quantile",0.75,88492.3111941838
"3611","DE","05-14",2026-03-26,2026-04-19,4,"quantile",0.9,97906.0033969286
"3612","DE","05-14",2026-03-26,2026-04-19,4,"quantile",0.975,109788.994676315
"3613","DE","15-34",2026-03-26,2026-03-29,1,"quantile",0.025,180060.296374317
"3614","DE","15-34",2026-03-26,2026-03-29,1,"quantile",0.1,195853.665561845
"3615","DE","15-34",2026-03-26,2026-03-29,1,"quantile",0.25,210126.803591905
"3616","DE","15-34",2026-03-26,2026-03-29,1,"quantile",0.5,227823.074550873
"3617","DE","15-34",2026-03-26,2026-03-29,1,"quantile",0.75,246527.513988407
"3618","DE","15-34",2026-03-26,2026-03-29,1,"quantile",0.9,263253.518683255
"3619","DE","15-34",2026-03-26,2026-03-29,1,"quantile",0.975,285963.872496808
"3620","DE","15-34",2026-03-26,2026-04-05,2,"quantile",0.025,174390.343049197
"3621","DE","15-34",2026-03-26,2026-04-05,2,"quantile",0.1,191910.048149435
"3622","DE","15-34",2026-03-26,2026-04-05,2,"quantile",0.25,209272.709956625
"3623","DE","15-34",2026-03-26,2026-04-05,2,"quantile",0.5,229845.898024096
"3624","DE","15-34",2026-03-26,2026-04-05,2,"quantile",0.75,252604.407269897
"3625","DE","15-34",2026-03-26,2026-04-05,2,"quantile",0.9,275997.456813808
"3626","DE","15-34",2026-03-26,2026-04-05,2,"quantile",0.975,303266.487514384
"3627","DE","15-34",2026-03-26,2026-04-12,3,"quantile",0.025,159965.920798712
"3628","DE","15-34",2026-03-26,2026-04-12,3,"quantile",0.1,179274.943109436
"3629","DE","15-34",2026-03-26,2026-04-12,3,"quantile",0.25,197195.554476893
"3630","DE","15-34",2026-03-26,2026-04-12,3,"quantile",0.5,218917.058745148
"3631","DE","15-34",2026-03-26,2026-04-12,3,"quantile",0.75,243741.408068764
"3632","DE","15-34",2026-03-26,2026-04-12,3,"quantile",0.9,268012.708762072
"3633","DE","15-34",2026-03-26,2026-04-12,3,"quantile",0.975,299952.342757082
"3634","DE","15-34",2026-03-26,2026-04-19,4,"quantile",0.025,140896.116488492
"3635","DE","15-34",2026-03-26,2026-04-19,4,"quantile",0.1,157958.914696155
"3636","DE","15-34",2026-03-26,2026-04-19,4,"quantile",0.25,174904.729259268
"3637","DE","15-34",2026-03-26,2026-04-19,4,"quantile",0.5,195930.838124079
"3638","DE","15-34",2026-03-26,2026-04-19,4,"quantile",0.75,219642.670525161
"3639","DE","15-34",2026-03-26,2026-04-19,4,"quantile",0.9,242620.738715285
"3640","DE","15-34",2026-03-26,2026-04-19,4,"quantile",0.975,272184.848440614
"3641","DE","35-59",2026-03-26,2026-03-29,1,"quantile",0.025,211274.793008062
"3642","DE","35-59",2026-03-26,2026-03-29,1,"quantile",0.1,230798.361375834
"3643","DE","35-59",2026-03-26,2026-03-29,1,"quantile",0.25,248266.056723213
"3644","DE","35-59",2026-03-26,2026-03-29,1,"quantile",0.5,269400.729304887
"3645","DE","35-59",2026-03-26,2026-03-29,1,"quantile",0.75,291888.122901838
"3646","DE","35-59",2026-03-26,2026-03-29,1,"quantile",0.9,315176.166258671
"3647","DE","35-59",2026-03-26,2026-03-29,1,"quantile",0.975,342131.055504176
"3648","DE","35-59",2026-03-26,2026-04-05,2,"quantile",0.025,203222.452363276
"3649","DE","35-59",2026-03-26,2026-04-05,2,"quantile",0.1,226684.310603419
"3650","DE","35-59",2026-03-26,2026-04-05,2,"quantile",0.25,250750.910667496
"3651","DE","35-59",2026-03-26,2026-04-05,2,"quantile",0.5,279786.914108861
"3652","DE","35-59",2026-03-26,2026-04-05,2,"quantile",0.75,310252.279499205
"3653","DE","35-59",2026-03-26,2026-04-05,2,"quantile",0.9,341286.068954158
"3654","DE","35-59",2026-03-26,2026-04-05,2,"quantile",0.975,381117.703540082
"3655","DE","35-59",2026-03-26,2026-04-12,3,"quantile",0.025,173796.877722012
"3656","DE","35-59",2026-03-26,2026-04-12,3,"quantile",0.1,197838.857423093
"3657","DE","35-59",2026-03-26,2026-04-12,3,"quantile",0.25,219745.26578464
"3658","DE","35-59",2026-03-26,2026-04-12,3,"quantile",0.5,250645.648600817
"3659","DE","35-59",2026-03-26,2026-04-12,3,"quantile",0.75,283251.49309808
"3660","DE","35-59",2026-03-26,2026-04-12,3,"quantile",0.9,317490.784602085
"3661","DE","35-59",2026-03-26,2026-04-12,3,"quantile",0.975,360639.582556272
"3662","DE","35-59",2026-03-26,2026-04-19,4,"quantile",0.025,146787.519083221
"3663","DE","35-59",2026-03-26,2026-04-19,4,"quantile",0.1,167756.667097123
"3664","DE","35-59",2026-03-26,2026-04-19,4,"quantile",0.25,189788.351680295
"3665","DE","35-59",2026-03-26,2026-04-19,4,"quantile",0.5,215969.493688413
"3666","DE","35-59",2026-03-26,2026-04-19,4,"quantile",0.75,247308.751071156
"3667","DE","35-59",2026-03-26,2026-04-19,4,"quantile",0.9,278259.075299913
"3668","DE","35-59",2026-03-26,2026-04-19,4,"quantile",0.975,318353.373842828
"3669","DE","60+",2026-03-26,2026-03-29,1,"quantile",0.025,84434.0444305987
"3670","DE","60+",2026-03-26,2026-03-29,1,"quantile",0.1,91818.7880779015
"3671","DE","60+",2026-03-26,2026-03-29,1,"quantile",0.25,98960.8889907747
"3672","DE","60+",2026-03-26,2026-03-29,1,"quantile",0.5,107484.345541792
"3673","DE","60+",2026-03-26,2026-03-29,1,"quantile",0.75,116923.591341744
"3674","DE","60+",2026-03-26,2026-03-29,1,"quantile",0.9,125002.664227482
"3675","DE","60+",2026-03-26,2026-03-29,1,"quantile",0.975,136322.47424454
"3676","DE","60+",2026-03-26,2026-04-05,2,"quantile",0.025,86343.1012962352
"3677","DE","60+",2026-03-26,2026-04-05,2,"quantile",0.1,96399.4940261053
"3678","DE","60+",2026-03-26,2026-04-05,2,"quantile",0.25,105616.118596268
"3679","DE","60+",2026-03-26,2026-04-05,2,"quantile",0.5,117207.675436939
"3680","DE","60+",2026-03-26,2026-04-05,2,"quantile",0.75,130344.266107914
"3681","DE","60+",2026-03-26,2026-04-05,2,"quantile",0.9,143311.310505886
"3682","DE","60+",2026-03-26,2026-04-05,2,"quantile",0.975,160510.569577147
"3683","DE","60+",2026-03-26,2026-04-12,3,"quantile",0.025,75698.132108979
"3684","DE","60+",2026-03-26,2026-04-12,3,"quantile",0.1,86055.0256751383
"3685","DE","60+",2026-03-26,2026-04-12,3,"quantile",0.25,96462.7113535046
"3686","DE","60+",2026-03-26,2026-04-12,3,"quantile",0.5,108660.772739362
"3687","DE","60+",2026-03-26,2026-04-12,3,"quantile",0.75,123273.524928786
"3688","DE","60+",2026-03-26,2026-04-12,3,"quantile",0.9,138202.195476115
"3689","DE","60+",2026-03-26,2026-04-12,3,"quantile",0.975,156965.850356617
"3690","DE","60+",2026-03-26,2026-04-19,4,"quantile",0.025,65568.2470366944
"3691","DE","60+",2026-03-26,2026-04-19,4,"quantile",0.1,75107.4434693248
"3692","DE","60+",2026-03-26,2026-04-19,4,"quantile",0.25,84507.990794585
"3693","DE","60+",2026-03-26,2026-04-19,4,"quantile",0.5,96690.7380621756
"3694","DE","60+",2026-03-26,2026-04-19,4,"quantile",0.75,110664.80295761
"3695","DE","60+",2026-03-26,2026-04-19,4,"quantile",0.9,124664.621014908
"3696","DE","60+",2026-03-26,2026-04-19,4,"quantile",0.975,142669.266890386
