"","location","age_group","forecast_date","target_end_date","horizon","type","quantile","value"
"1","DE","00+",2024-10-17,2024-10-20,1,"quantile",0.025,1186097.27152004
"2","DE","00+",2024-10-17,2024-10-20,1,"quantile",0.1,1273991.92781233
"3","DE","00+",2024-10-17,2024-10-20,1,"quantile",0.25,1363438.42256745
"4","DE","00+",2024-10-17,2024-10-20,1,"quantile",0.5,1459336.66829854
"5","DE","00+",2024-10-17,2024-10-20,1,"quantile",0.75,1567331.16384403
"6","DE","00+",2024-10-17,2024-10-20,1,"quantile",0.9,1671451.27759517
"7","DE","00+",2024-10-17,2024-10-20,1,"quantile",0.975,1797374.26236884
"8","DE","00+",2024-10-17,2024-10-27,2,"quantile",0.025,1057992.98682307
"9","DE","00+",2024-10-17,2024-10-27,2,"quantile",0.1,1156094.95394647
"10","DE","00+",2024-10-17,2024-10-27,2,"quantile",0.25,1253552.37149156
"11","DE","00+",2024-10-17,2024-10-27,2,"quantile",0.5,1374372.84920171
"12","DE","00+",2024-10-17,2024-10-27,2,"quantile",0.75,1506085.24029279
"13","DE","00+",2024-10-17,2024-10-27,2,"quantile",0.9,1639247.01706938
"14","DE","00+",2024-10-17,2024-10-27,2,"quantile",0.975,1799434.88714509
"15","DE","00+",2024-10-17,2024-11-03,3,"quantile",0.025,783935.336901087
"16","DE","00+",2024-10-17,2024-11-03,3,"quantile",0.1,872648.55650573
"17","DE","00+",2024-10-17,2024-11-03,3,"quantile",0.25,961073.031866948
"18","DE","00+",2024-10-17,2024-11-03,3,"quantile",0.5,1069361.61371115
"19","DE","00+",2024-10-17,2024-11-03,3,"quantile",0.75,1191353.0220725
"20","DE","00+",2024-10-17,2024-11-03,3,"quantile",0.9,1312489.43624136
"21","DE","00+",2024-10-17,2024-11-03,3,"quantile",0.975,1460414.66074637
"22","DE","00+",2024-10-17,2024-11-10,4,"quantile",0.025,910556.402819107
"23","DE","00+",2024-10-17,2024-11-10,4,"quantile",0.1,1018795.19333474
"24","DE","00+",2024-10-17,2024-11-10,4,"quantile",0.25,1131764.79031356
"25","DE","00+",2024-10-17,2024-11-10,4,"quantile",0.5,1274970.65392621
"26","DE","00+",2024-10-17,2024-11-10,4,"quantile",0.75,1432014.78635053
"27","DE","00+",2024-10-17,2024-11-10,4,"quantile",0.9,1589483.76225925
"28","DE","00+",2024-10-17,2024-11-10,4,"quantile",0.975,1779643.54086663
"29","DE","00-04",2024-10-17,2024-10-20,1,"quantile",0.025,162145.129444885
"30","DE","00-04",2024-10-17,2024-10-20,1,"quantile",0.1,170217.831251579
"31","DE","00-04",2024-10-17,2024-10-20,1,"quantile",0.25,178160.849473685
"32","DE","00-04",2024-10-17,2024-10-20,1,"quantile",0.5,187130.633001836
"33","DE","00-04",2024-10-17,2024-10-20,1,"quantile",0.75,196968.246979243
"34","DE","00-04",2024-10-17,2024-10-20,1,"quantile",0.9,206827.836312161
"35","DE","00-04",2024-10-17,2024-10-20,1,"quantile",0.975,217291.1498368
"36","DE","00-04",2024-10-17,2024-10-27,2,"quantile",0.025,158526.255413902
"37","DE","00-04",2024-10-17,2024-10-27,2,"quantile",0.1,168810.156366679
"38","DE","00-04",2024-10-17,2024-10-27,2,"quantile",0.25,178624.106023152
"39","DE","00-04",2024-10-17,2024-10-27,2,"quantile",0.5,190173.449417541
"40","DE","00-04",2024-10-17,2024-10-27,2,"quantile",0.75,202506.396115384
"41","DE","00-04",2024-10-17,2024-10-27,2,"quantile",0.9,214430.986880052
"42","DE","00-04",2024-10-17,2024-10-27,2,"quantile",0.975,229221.327899892
"43","DE","00-04",2024-10-17,2024-11-03,3,"quantile",0.025,128250.408270292
"44","DE","00-04",2024-10-17,2024-11-03,3,"quantile",0.1,137769.024096813
"45","DE","00-04",2024-10-17,2024-11-03,3,"quantile",0.25,147363.02542282
"46","DE","00-04",2024-10-17,2024-11-03,3,"quantile",0.5,158387.857354227
"47","DE","00-04",2024-10-17,2024-11-03,3,"quantile",0.75,170068.989959563
"48","DE","00-04",2024-10-17,2024-11-03,3,"quantile",0.9,181364.005055625
"49","DE","00-04",2024-10-17,2024-11-03,3,"quantile",0.975,196158.030403593
"50","DE","00-04",2024-10-17,2024-11-10,4,"quantile",0.025,140750.021611268
"51","DE","00-04",2024-10-17,2024-11-10,4,"quantile",0.1,153156.525195362
"52","DE","00-04",2024-10-17,2024-11-10,4,"quantile",0.25,164534.371620891
"53","DE","00-04",2024-10-17,2024-11-10,4,"quantile",0.5,177472.138697833
"54","DE","00-04",2024-10-17,2024-11-10,4,"quantile",0.75,192237.185785193
"55","DE","00-04",2024-10-17,2024-11-10,4,"quantile",0.9,206173.077807959
"56","DE","00-04",2024-10-17,2024-11-10,4,"quantile",0.975,222202.559157943
"57","DE","05-14",2024-10-17,2024-10-20,1,"quantile",0.025,112918.229324379
"58","DE","05-14",2024-10-17,2024-10-20,1,"quantile",0.1,122252.095751864
"59","DE","05-14",2024-10-17,2024-10-20,1,"quantile",0.25,131663.025939753
"60","DE","05-14",2024-10-17,2024-10-20,1,"quantile",0.5,142143.06270587
"61","DE","05-14",2024-10-17,2024-10-20,1,"quantile",0.75,153766.699461615
"62","DE","05-14",2024-10-17,2024-10-20,1,"quantile",0.9,165257.357914692
"63","DE","05-14",2024-10-17,2024-10-20,1,"quantile",0.975,179362.11575276
"64","DE","05-14",2024-10-17,2024-10-27,2,"quantile",0.025,103016.910685807
"65","DE","05-14",2024-10-17,2024-10-27,2,"quantile",0.1,113920.725937737
"66","DE","05-14",2024-10-17,2024-10-27,2,"quantile",0.25,124445.851424094
"67","DE","05-14",2024-10-17,2024-10-27,2,"quantile",0.5,138081.308593123
"68","DE","05-14",2024-10-17,2024-10-27,2,"quantile",0.75,152777.076920904
"69","DE","05-14",2024-10-17,2024-10-27,2,"quantile",0.9,167312.818781803
"70","DE","05-14",2024-10-17,2024-10-27,2,"quantile",0.975,185263.813220348
"71","DE","05-14",2024-10-17,2024-11-03,3,"quantile",0.025,79575.6875718902
"72","DE","05-14",2024-10-17,2024-11-03,3,"quantile",0.1,89479.9984224867
"73","DE","05-14",2024-10-17,2024-11-03,3,"quantile",0.25,98969.1739995241
"74","DE","05-14",2024-10-17,2024-11-03,3,"quantile",0.5,111565.797227954
"75","DE","05-14",2024-10-17,2024-11-03,3,"quantile",0.75,125422.629000548
"76","DE","05-14",2024-10-17,2024-11-03,3,"quantile",0.9,139368.018579684
"77","DE","05-14",2024-10-17,2024-11-03,3,"quantile",0.975,156672.570107731
"78","DE","05-14",2024-10-17,2024-11-10,4,"quantile",0.025,97593.6541587674
"79","DE","05-14",2024-10-17,2024-11-10,4,"quantile",0.1,110519.682716942
"80","DE","05-14",2024-10-17,2024-11-10,4,"quantile",0.25,123746.264225473
"81","DE","05-14",2024-10-17,2024-11-10,4,"quantile",0.5,140735.590236049
"82","DE","05-14",2024-10-17,2024-11-10,4,"quantile",0.75,159436.648471234
"83","DE","05-14",2024-10-17,2024-11-10,4,"quantile",0.9,178132.744543081
"84","DE","05-14",2024-10-17,2024-11-10,4,"quantile",0.975,200612.540204807
"85","DE","15-34",2024-10-17,2024-10-20,1,"quantile",0.025,340062.614671787
"86","DE","15-34",2024-10-17,2024-10-20,1,"quantile",0.1,367215.257282919
"87","DE","15-34",2024-10-17,2024-10-20,1,"quantile",0.25,395200.164630233
"88","DE","15-34",2024-10-17,2024-10-20,1,"quantile",0.5,427235.403095194
"89","DE","15-34",2024-10-17,2024-10-20,1,"quantile",0.75,463637.006682286
"90","DE","15-34",2024-10-17,2024-10-20,1,"quantile",0.9,500996.728575712
"91","DE","15-34",2024-10-17,2024-10-20,1,"quantile",0.975,543108.83668324
"92","DE","15-34",2024-10-17,2024-10-27,2,"quantile",0.025,289517.9890368
"93","DE","15-34",2024-10-17,2024-10-27,2,"quantile",0.1,320074.258696526
"94","DE","15-34",2024-10-17,2024-10-27,2,"quantile",0.25,349981.462241023
"95","DE","15-34",2024-10-17,2024-10-27,2,"quantile",0.5,386705.026497459
"96","DE","15-34",2024-10-17,2024-10-27,2,"quantile",0.75,426917.205810844
"97","DE","15-34",2024-10-17,2024-10-27,2,"quantile",0.9,470081.55040147
"98","DE","15-34",2024-10-17,2024-10-27,2,"quantile",0.975,521224.779761159
"99","DE","15-34",2024-10-17,2024-11-03,3,"quantile",0.025,212455.37510272
"100","DE","15-34",2024-10-17,2024-11-03,3,"quantile",0.1,238940.666114665
"101","DE","15-34",2024-10-17,2024-11-03,3,"quantile",0.25,265818.687107242
"102","DE","15-34",2024-10-17,2024-11-03,3,"quantile",0.5,298352.23465599
"103","DE","15-34",2024-10-17,2024-11-03,3,"quantile",0.75,333617.41105121
"104","DE","15-34",2024-10-17,2024-11-03,3,"quantile",0.9,369977.250733399
"105","DE","15-34",2024-10-17,2024-11-03,3,"quantile",0.975,417508.353254799
"106","DE","15-34",2024-10-17,2024-11-10,4,"quantile",0.025,246610.437318894
"107","DE","15-34",2024-10-17,2024-11-10,4,"quantile",0.1,283698.787087972
"108","DE","15-34",2024-10-17,2024-11-10,4,"quantile",0.25,316893.185242381
"109","DE","15-34",2024-10-17,2024-11-10,4,"quantile",0.5,357535.75169744
"110","DE","15-34",2024-10-17,2024-11-10,4,"quantile",0.75,405936.906756279
"111","DE","15-34",2024-10-17,2024-11-10,4,"quantile",0.9,454090.610589567
"112","DE","15-34",2024-10-17,2024-11-10,4,"quantile",0.975,511549.188380256
"113","DE","35-59",2024-10-17,2024-10-20,1,"quantile",0.025,411123.298754989
"114","DE","35-59",2024-10-17,2024-10-20,1,"quantile",0.1,447255.385959436
"115","DE","35-59",2024-10-17,2024-10-20,1,"quantile",0.25,486480.784204404
"116","DE","35-59",2024-10-17,2024-10-20,1,"quantile",0.5,529057.783710991
"117","DE","35-59",2024-10-17,2024-10-20,1,"quantile",0.75,576617.137746282
"118","DE","35-59",2024-10-17,2024-10-20,1,"quantile",0.9,623898.778437624
"119","DE","35-59",2024-10-17,2024-10-20,1,"quantile",0.975,681606.713265345
"120","DE","35-59",2024-10-17,2024-10-27,2,"quantile",0.025,354133.919689423
"121","DE","35-59",2024-10-17,2024-10-27,2,"quantile",0.1,394707.017081238
"122","DE","35-59",2024-10-17,2024-10-27,2,"quantile",0.25,435616.057548931
"123","DE","35-59",2024-10-17,2024-10-27,2,"quantile",0.5,489094.733544622
"124","DE","35-59",2024-10-17,2024-10-27,2,"quantile",0.75,548320.385136141
"125","DE","35-59",2024-10-17,2024-10-27,2,"quantile",0.9,608020.364183606
"126","DE","35-59",2024-10-17,2024-10-27,2,"quantile",0.975,682489.866305582
"127","DE","35-59",2024-10-17,2024-11-03,3,"quantile",0.025,250092.741935368
"128","DE","35-59",2024-10-17,2024-11-03,3,"quantile",0.1,285932.019852123
"129","DE","35-59",2024-10-17,2024-11-03,3,"quantile",0.25,322520.563708265
"130","DE","35-59",2024-10-17,2024-11-03,3,"quantile",0.5,368598.432506049
"131","DE","35-59",2024-10-17,2024-11-03,3,"quantile",0.75,421888.542582217
"132","DE","35-59",2024-10-17,2024-11-03,3,"quantile",0.9,477008.633683287
"133","DE","35-59",2024-10-17,2024-11-03,3,"quantile",0.975,541586.683690218
"134","DE","35-59",2024-10-17,2024-11-10,4,"quantile",0.025,291247.392638186
"135","DE","35-59",2024-10-17,2024-11-10,4,"quantile",0.1,335963.602277489
"136","DE","35-59",2024-10-17,2024-11-10,4,"quantile",0.25,383405.144077941
"137","DE","35-59",2024-10-17,2024-11-10,4,"quantile",0.5,444618.335343284
"138","DE","35-59",2024-10-17,2024-11-10,4,"quantile",0.75,515045.598984814
"139","DE","35-59",2024-10-17,2024-11-10,4,"quantile",0.9,584253.931997669
"140","DE","35-59",2024-10-17,2024-11-10,4,"quantile",0.975,673803.599987719
"141","DE","60+",2024-10-17,2024-10-20,1,"quantile",0.025,139656.705176925
"142","DE","60+",2024-10-17,2024-10-20,1,"quantile",0.1,151250.491246433
"143","DE","60+",2024-10-17,2024-10-20,1,"quantile",0.25,163050.63702955
"144","DE","60+",2024-10-17,2024-10-20,1,"quantile",0.5,176660.487564827
"145","DE","60+",2024-10-17,2024-10-20,1,"quantile",0.75,192428.243716265
"146","DE","60+",2024-10-17,2024-10-20,1,"quantile",0.9,207999.453622684
"147","DE","60+",2024-10-17,2024-10-20,1,"quantile",0.975,226882.268434753
"148","DE","60+",2024-10-17,2024-10-27,2,"quantile",0.025,120554.22880016
"149","DE","60+",2024-10-17,2024-10-27,2,"quantile",0.1,134105.185526369
"150","DE","60+",2024-10-17,2024-10-27,2,"quantile",0.25,148251.693181462
"151","DE","60+",2024-10-17,2024-10-27,2,"quantile",0.5,165296.166756281
"152","DE","60+",2024-10-17,2024-10-27,2,"quantile",0.75,184509.406136694
"153","DE","60+",2024-10-17,2024-10-27,2,"quantile",0.9,203426.203193736
"154","DE","60+",2024-10-17,2024-10-27,2,"quantile",0.975,228092.883585052
"155","DE","60+",2024-10-17,2024-11-03,3,"quantile",0.025,82915.0896117576
"156","DE","60+",2024-10-17,2024-11-03,3,"quantile",0.1,95027.0019459488
"157","DE","60+",2024-10-17,2024-11-03,3,"quantile",0.25,107300.441216456
"158","DE","60+",2024-10-17,2024-11-03,3,"quantile",0.5,121849.098005544
"159","DE","60+",2024-10-17,2024-11-03,3,"quantile",0.75,138910.474032617
"160","DE","60+",2024-10-17,2024-11-03,3,"quantile",0.9,155006.427807896
"161","DE","60+",2024-10-17,2024-11-03,3,"quantile",0.975,178639.823218992
"162","DE","60+",2024-10-17,2024-11-10,4,"quantile",0.025,94982.2590724393
"163","DE","60+",2024-10-17,2024-11-10,4,"quantile",0.1,109985.595686569
"164","DE","60+",2024-10-17,2024-11-10,4,"quantile",0.25,125051.930049332
"165","DE","60+",2024-10-17,2024-11-10,4,"quantile",0.5,143460.285730415
"166","DE","60+",2024-10-17,2024-11-10,4,"quantile",0.75,165534.944476877
"167","DE","60+",2024-10-17,2024-11-10,4,"quantile",0.9,187628.529093135
"168","DE","60+",2024-10-17,2024-11-10,4,"quantile",0.975,214283.714316089
"169","DE","00+",2024-10-24,2024-10-27,1,"quantile",0.025,1106327.31191446
"170","DE","00+",2024-10-24,2024-10-27,1,"quantile",0.1,1185764.62787879
"171","DE","00+",2024-10-24,2024-10-27,1,"quantile",0.25,1263427.91154059
"172","DE","00+",2024-10-24,2024-10-27,1,"quantile",0.5,1354879.9770279
"173","DE","00+",2024-10-24,2024-10-27,1,"quantile",0.75,1459204.06784323
"174","DE","00+",2024-10-24,2024-10-27,1,"quantile",0.9,1557072.36048925
"175","DE","00+",2024-10-24,2024-10-27,1,"quantile",0.975,1664455.33413266
"176","DE","00+",2024-10-24,2024-11-03,2,"quantile",0.025,804705.574197613
"177","DE","00+",2024-10-24,2024-11-03,2,"quantile",0.1,885381.228876953
"178","DE","00+",2024-10-24,2024-11-03,2,"quantile",0.25,962721.826852091
"179","DE","00+",2024-10-24,2024-11-03,2,"quantile",0.5,1055400.69330834
"180","DE","00+",2024-10-24,2024-11-03,2,"quantile",0.75,1158239.75149174
"181","DE","00+",2024-10-24,2024-11-03,2,"quantile",0.9,1261748.64399799
"182","DE","00+",2024-10-24,2024-11-03,2,"quantile",0.975,1382887.02219349
"183","DE","00+",2024-10-24,2024-11-10,3,"quantile",0.025,912601.493533766
"184","DE","00+",2024-10-24,2024-11-10,3,"quantile",0.1,1024863.48966148
"185","DE","00+",2024-10-24,2024-11-10,3,"quantile",0.25,1130141.42358871
"186","DE","00+",2024-10-24,2024-11-10,3,"quantile",0.5,1256966.8931999
"187","DE","00+",2024-10-24,2024-11-10,3,"quantile",0.75,1406189.36705478
"188","DE","00+",2024-10-24,2024-11-10,3,"quantile",0.9,1545844.52587196
"189","DE","00+",2024-10-24,2024-11-10,3,"quantile",0.975,1735020.28850464
"190","DE","00+",2024-10-24,2024-11-17,4,"quantile",0.025,872514.466816378
"191","DE","00+",2024-10-24,2024-11-17,4,"quantile",0.1,975005.323124844
"192","DE","00+",2024-10-24,2024-11-17,4,"quantile",0.25,1088445.95004097
"193","DE","00+",2024-10-24,2024-11-17,4,"quantile",0.5,1224246.90497216
"194","DE","00+",2024-10-24,2024-11-17,4,"quantile",0.75,1384441.60153719
"195","DE","00+",2024-10-24,2024-11-17,4,"quantile",0.9,1535192.4779502
"196","DE","00+",2024-10-24,2024-11-17,4,"quantile",0.975,1710695.63251563
"197","DE","00-04",2024-10-24,2024-10-27,1,"quantile",0.025,173136.606239815
"198","DE","00-04",2024-10-24,2024-10-27,1,"quantile",0.1,181857.795967165
"199","DE","00-04",2024-10-24,2024-10-27,1,"quantile",0.25,190357.783137852
"200","DE","00-04",2024-10-24,2024-10-27,1,"quantile",0.5,200137.091881299
"201","DE","00-04",2024-10-24,2024-10-27,1,"quantile",0.75,210481.270767674
"202","DE","00-04",2024-10-24,2024-10-27,1,"quantile",0.9,219834.396860127
"203","DE","00-04",2024-10-24,2024-10-27,1,"quantile",0.975,232359.27916498
"204","DE","00-04",2024-10-24,2024-11-03,2,"quantile",0.025,139042.750544402
"205","DE","00-04",2024-10-24,2024-11-03,2,"quantile",0.1,147885.999831887
"206","DE","00-04",2024-10-24,2024-11-03,2,"quantile",0.25,156405.676969435
"207","DE","00-04",2024-10-24,2024-11-03,2,"quantile",0.5,166283.772318538
"208","DE","00-04",2024-10-24,2024-11-03,2,"quantile",0.75,176805.58893141
"209","DE","00-04",2024-10-24,2024-11-03,2,"quantile",0.9,187658.267214104
"210","DE","00-04",2024-10-24,2024-11-03,2,"quantile",0.975,200181.521676344
"211","DE","00-04",2024-10-24,2024-11-10,3,"quantile",0.025,148987.778808378
"212","DE","00-04",2024-10-24,2024-11-10,3,"quantile",0.1,160739.618121172
"213","DE","00-04",2024-10-24,2024-11-10,3,"quantile",0.25,171737.885906259
"214","DE","00-04",2024-10-24,2024-11-10,3,"quantile",0.5,184278.300291136
"215","DE","00-04",2024-10-24,2024-11-10,3,"quantile",0.75,197923.005850703
"216","DE","00-04",2024-10-24,2024-11-10,3,"quantile",0.9,211071.645823321
"217","DE","00-04",2024-10-24,2024-11-10,3,"quantile",0.975,227776.168997804
"218","DE","00-04",2024-10-24,2024-11-17,4,"quantile",0.025,148684.070402229
"219","DE","00-04",2024-10-24,2024-11-17,4,"quantile",0.1,161317.389071416
"220","DE","00-04",2024-10-24,2024-11-17,4,"quantile",0.25,172766.384144582
"221","DE","00-04",2024-10-24,2024-11-17,4,"quantile",0.5,186544.663339688
"222","DE","00-04",2024-10-24,2024-11-17,4,"quantile",0.75,201318.198105234
"223","DE","00-04",2024-10-24,2024-11-17,4,"quantile",0.9,216287.994966559
"224","DE","00-04",2024-10-24,2024-11-17,4,"quantile",0.975,233733.16948173
"225","DE","05-14",2024-10-24,2024-10-27,1,"quantile",0.025,110963.838810908
"226","DE","05-14",2024-10-24,2024-10-27,1,"quantile",0.1,119752.244631493
"227","DE","05-14",2024-10-24,2024-10-27,1,"quantile",0.25,128635.501834771
"228","DE","05-14",2024-10-24,2024-10-27,1,"quantile",0.5,139111.311241552
"229","DE","05-14",2024-10-24,2024-10-27,1,"quantile",0.75,151199.412178864
"230","DE","05-14",2024-10-24,2024-10-27,1,"quantile",0.9,162794.610880067
"231","DE","05-14",2024-10-24,2024-10-27,1,"quantile",0.975,175555.594421166
"232","DE","05-14",2024-10-24,2024-11-03,2,"quantile",0.025,83557.3592661049
"233","DE","05-14",2024-10-24,2024-11-03,2,"quantile",0.1,92654.3516349137
"234","DE","05-14",2024-10-24,2024-11-03,2,"quantile",0.25,101450.383014019
"235","DE","05-14",2024-10-24,2024-11-03,2,"quantile",0.5,112753.873998728
"236","DE","05-14",2024-10-24,2024-11-03,2,"quantile",0.75,124444.861084913
"237","DE","05-14",2024-10-24,2024-11-03,2,"quantile",0.9,136939.764015281
"238","DE","05-14",2024-10-24,2024-11-03,2,"quantile",0.975,151971.678306181
"239","DE","05-14",2024-10-24,2024-11-10,3,"quantile",0.025,98965.1344583409
"240","DE","05-14",2024-10-24,2024-11-10,3,"quantile",0.1,112713.398573299
"241","DE","05-14",2024-10-24,2024-11-10,3,"quantile",0.25,125429.728338467
"242","DE","05-14",2024-10-24,2024-11-10,3,"quantile",0.5,141100.091445542
"243","DE","05-14",2024-10-24,2024-11-10,3,"quantile",0.75,159298.806072931
"244","DE","05-14",2024-10-24,2024-11-10,3,"quantile",0.9,176338.190348298
"245","DE","05-14",2024-10-24,2024-11-10,3,"quantile",0.975,199251.992238487
"246","DE","05-14",2024-10-24,2024-11-17,4,"quantile",0.025,105055.20742004
"247","DE","05-14",2024-10-24,2024-11-17,4,"quantile",0.1,119082.937317434
"248","DE","05-14",2024-10-24,2024-11-17,4,"quantile",0.25,133924.007214879
"249","DE","05-14",2024-10-24,2024-11-17,4,"quantile",0.5,152027.858026945
"250","DE","05-14",2024-10-24,2024-11-17,4,"quantile",0.75,172924.896485087
"251","DE","05-14",2024-10-24,2024-11-17,4,"quantile",0.9,193199.976359898
"252","DE","05-14",2024-10-24,2024-11-17,4,"quantile",0.975,217837.883534475
"253","DE","15-34",2024-10-24,2024-10-27,1,"quantile",0.025,315342.682843765
"254","DE","15-34",2024-10-24,2024-10-27,1,"quantile",0.1,340792.387587897
"255","DE","15-34",2024-10-24,2024-10-27,1,"quantile",0.25,366648.124252235
"256","DE","15-34",2024-10-24,2024-10-27,1,"quantile",0.5,397198.235260197
"257","DE","15-34",2024-10-24,2024-10-27,1,"quantile",0.75,430167.333868571
"258","DE","15-34",2024-10-24,2024-10-27,1,"quantile",0.9,460605.252453765
"259","DE","15-34",2024-10-24,2024-10-27,1,"quantile",0.975,504798.325877043
"260","DE","15-34",2024-10-24,2024-11-03,2,"quantile",0.025,230399.765424064
"261","DE","15-34",2024-10-24,2024-11-03,2,"quantile",0.1,254157.104157981
"262","DE","15-34",2024-10-24,2024-11-03,2,"quantile",0.25,277371.179924988
"263","DE","15-34",2024-10-24,2024-11-03,2,"quantile",0.5,305754.794093156
"264","DE","15-34",2024-10-24,2024-11-03,2,"quantile",0.75,337099.464732316
"265","DE","15-34",2024-10-24,2024-11-03,2,"quantile",0.9,369978.416599222
"266","DE","15-34",2024-10-24,2024-11-03,2,"quantile",0.975,409410.641319503
"267","DE","15-34",2024-10-24,2024-11-10,3,"quantile",0.025,261065.297424696
"268","DE","15-34",2024-10-24,2024-11-10,3,"quantile",0.1,294123.029900313
"269","DE","15-34",2024-10-24,2024-11-10,3,"quantile",0.25,325225.930632244
"270","DE","15-34",2024-10-24,2024-11-10,3,"quantile",0.5,364851.964205244
"271","DE","15-34",2024-10-24,2024-11-10,3,"quantile",0.75,408685.511529179
"272","DE","15-34",2024-10-24,2024-11-10,3,"quantile",0.9,451202.999677506
"273","DE","15-34",2024-10-24,2024-11-10,3,"quantile",0.975,509326.552722957
"274","DE","15-34",2024-10-24,2024-11-17,4,"quantile",0.025,245272.698854351
"275","DE","15-34",2024-10-24,2024-11-17,4,"quantile",0.1,279015.070436924
"276","DE","15-34",2024-10-24,2024-11-17,4,"quantile",0.25,310785.013344625
"277","DE","15-34",2024-10-24,2024-11-17,4,"quantile",0.5,350832.32851247
"278","DE","15-34",2024-10-24,2024-11-17,4,"quantile",0.75,395045.055206575
"279","DE","15-34",2024-10-24,2024-11-17,4,"quantile",0.9,441160.589307642
"280","DE","15-34",2024-10-24,2024-11-17,4,"quantile",0.975,502216.701004099
"281","DE","35-59",2024-10-24,2024-10-27,1,"quantile",0.025,365716.861695739
"282","DE","35-59",2024-10-24,2024-10-27,1,"quantile",0.1,398221.539858007
"283","DE","35-59",2024-10-24,2024-10-27,1,"quantile",0.25,430164.419932902
"284","DE","35-59",2024-10-24,2024-10-27,1,"quantile",0.5,469253.763928149
"285","DE","35-59",2024-10-24,2024-10-27,1,"quantile",0.75,513582.592355815
"286","DE","35-59",2024-10-24,2024-10-27,1,"quantile",0.9,555477.120019272
"287","DE","35-59",2024-10-24,2024-10-27,1,"quantile",0.975,604911.074334279
"288","DE","35-59",2024-10-24,2024-11-03,2,"quantile",0.025,253778.861218551
"289","DE","35-59",2024-10-24,2024-11-03,2,"quantile",0.1,285429.074849185
"290","DE","35-59",2024-10-24,2024-11-03,2,"quantile",0.25,316542.445589879
"291","DE","35-59",2024-10-24,2024-11-03,2,"quantile",0.5,354244.680156103
"292","DE","35-59",2024-10-24,2024-11-03,2,"quantile",0.75,397480.063654564
"293","DE","35-59",2024-10-24,2024-11-03,2,"quantile",0.9,441324.42151359
"294","DE","35-59",2024-10-24,2024-11-03,2,"quantile",0.975,496631.756805743
"295","DE","35-59",2024-10-24,2024-11-10,3,"quantile",0.025,287431.131332427
"296","DE","35-59",2024-10-24,2024-11-10,3,"quantile",0.1,331927.461848215
"297","DE","35-59",2024-10-24,2024-11-10,3,"quantile",0.25,375427.795417662
"298","DE","35-59",2024-10-24,2024-11-10,3,"quantile",0.5,428993.74457081
"299","DE","35-59",2024-10-24,2024-11-10,3,"quantile",0.75,492071.692883906
"300","DE","35-59",2024-10-24,2024-11-10,3,"quantile",0.9,555961.697307714
"301","DE","35-59",2024-10-24,2024-11-10,3,"quantile",0.975,639591.449317423
"302","DE","35-59",2024-10-24,2024-11-17,4,"quantile",0.025,265421.448008653
"303","DE","35-59",2024-10-24,2024-11-17,4,"quantile",0.1,305227.328927167
"304","DE","35-59",2024-10-24,2024-11-17,4,"quantile",0.25,350329.70675777
"305","DE","35-59",2024-10-24,2024-11-17,4,"quantile",0.5,404964.552325915
"306","DE","35-59",2024-10-24,2024-11-17,4,"quantile",0.75,473775.438070788
"307","DE","35-59",2024-10-24,2024-11-17,4,"quantile",0.9,537877.233730274
"308","DE","35-59",2024-10-24,2024-11-17,4,"quantile",0.975,619481.399931962
"309","DE","60+",2024-10-24,2024-10-27,1,"quantile",0.025,126246.931035612
"310","DE","60+",2024-10-24,2024-10-27,1,"quantile",0.1,137015.758842208
"311","DE","60+",2024-10-24,2024-10-27,1,"quantile",0.25,147496.146710826
"312","DE","60+",2024-10-24,2024-10-27,1,"quantile",0.5,160205.46147456
"313","DE","60+",2024-10-24,2024-10-27,1,"quantile",0.75,174194.610540237
"314","DE","60+",2024-10-24,2024-10-27,1,"quantile",0.9,187374.696496593
"315","DE","60+",2024-10-24,2024-10-27,1,"quantile",0.975,205423.540373263
"316","DE","60+",2024-10-24,2024-11-03,2,"quantile",0.025,87086.6774710964
"317","DE","60+",2024-10-24,2024-11-03,2,"quantile",0.1,96830.9549916171
"318","DE","60+",2024-10-24,2024-11-03,2,"quantile",0.25,106447.526851828
"319","DE","60+",2024-10-24,2024-11-03,2,"quantile",0.5,118215.691473592
"320","DE","60+",2024-10-24,2024-11-03,2,"quantile",0.75,131754.115271265
"321","DE","60+",2024-10-24,2024-11-03,2,"quantile",0.9,145741.05277686
"322","DE","60+",2024-10-24,2024-11-03,2,"quantile",0.975,163055.689889081
"323","DE","60+",2024-10-24,2024-11-10,3,"quantile",0.025,96353.7411798017
"324","DE","60+",2024-10-24,2024-11-10,3,"quantile",0.1,110095.851577558
"325","DE","60+",2024-10-24,2024-11-10,3,"quantile",0.25,123633.799524407
"326","DE","60+",2024-10-24,2024-11-10,3,"quantile",0.5,140164.288923809
"327","DE","60+",2024-10-24,2024-11-10,3,"quantile",0.75,158952.929273032
"328","DE","60+",2024-10-24,2024-11-10,3,"quantile",0.9,178776.391448034
"329","DE","60+",2024-10-24,2024-11-10,3,"quantile",0.975,203701.355087967
"330","DE","60+",2024-10-24,2024-11-17,4,"quantile",0.025,85562.8198062631
"331","DE","60+",2024-10-24,2024-11-17,4,"quantile",0.1,99275.7219544597
"332","DE","60+",2024-10-24,2024-11-17,4,"quantile",0.25,112053.354972052
"333","DE","60+",2024-10-24,2024-11-17,4,"quantile",0.5,128591.712689771
"334","DE","60+",2024-10-24,2024-11-17,4,"quantile",0.75,148085.627331258
"335","DE","60+",2024-10-24,2024-11-17,4,"quantile",0.9,167980.026047739
"336","DE","60+",2024-10-24,2024-11-17,4,"quantile",0.975,191690.730688933
"337","DE","00+",2024-10-31,2024-11-03,1,"quantile",0.025,884869.652190112
"338","DE","00+",2024-10-31,2024-11-03,1,"quantile",0.1,951126.749930277
"339","DE","00+",2024-10-31,2024-11-03,1,"quantile",0.25,1012600.51467733
"340","DE","00+",2024-10-31,2024-11-03,1,"quantile",0.5,1087395.5959917
"341","DE","00+",2024-10-31,2024-11-03,1,"quantile",0.75,1170155.00998133
"342","DE","00+",2024-10-31,2024-11-03,1,"quantile",0.9,1250799.05225806
"343","DE","00+",2024-10-31,2024-11-03,1,"quantile",0.975,1338678.42412219
"344","DE","00+",2024-10-31,2024-11-10,2,"quantile",0.025,979230.189084913
"345","DE","00+",2024-10-31,2024-11-10,2,"quantile",0.1,1083247.7115004
"346","DE","00+",2024-10-31,2024-11-10,2,"quantile",0.25,1182005.71691707
"347","DE","00+",2024-10-31,2024-11-10,2,"quantile",0.5,1294920.55801273
"348","DE","00+",2024-10-31,2024-11-10,2,"quantile",0.75,1423266.86309202
"349","DE","00+",2024-10-31,2024-11-10,2,"quantile",0.9,1553127.66595534
"350","DE","00+",2024-10-31,2024-11-10,2,"quantile",0.975,1691606.0420245
"351","DE","00+",2024-10-31,2024-11-17,3,"quantile",0.025,909645.750982439
"352","DE","00+",2024-10-31,2024-11-17,3,"quantile",0.1,1015443.19064334
"353","DE","00+",2024-10-31,2024-11-17,3,"quantile",0.25,1124140.50675024
"354","DE","00+",2024-10-31,2024-11-17,3,"quantile",0.5,1255552.788956
"355","DE","00+",2024-10-31,2024-11-17,3,"quantile",0.75,1398695.13403782
"356","DE","00+",2024-10-31,2024-11-17,3,"quantile",0.9,1543199.89608646
"357","DE","00+",2024-10-31,2024-11-17,3,"quantile",0.975,1713907.17149371
"358","DE","00+",2024-10-31,2024-11-24,4,"quantile",0.025,921532.244732811
"359","DE","00+",2024-10-31,2024-11-24,4,"quantile",0.1,1029465.90266876
"360","DE","00+",2024-10-31,2024-11-24,4,"quantile",0.25,1146577.17898638
"361","DE","00+",2024-10-31,2024-11-24,4,"quantile",0.5,1287800.10839248
"362","DE","00+",2024-10-31,2024-11-24,4,"quantile",0.75,1456204.85305948
"363","DE","00+",2024-10-31,2024-11-24,4,"quantile",0.9,1614783.83637937
"364","DE","00+",2024-10-31,2024-11-24,4,"quantile",0.975,1818976.78615585
"365","DE","00-04",2024-10-31,2024-11-03,1,"quantile",0.025,139392.355000058
"366","DE","00-04",2024-10-31,2024-11-03,1,"quantile",0.1,146405.006775288
"367","DE","00-04",2024-10-31,2024-11-03,1,"quantile",0.25,153181.909708896
"368","DE","00-04",2024-10-31,2024-11-03,1,"quantile",0.5,161201.827827737
"369","DE","00-04",2024-10-31,2024-11-03,1,"quantile",0.75,169189.985590575
"370","DE","00-04",2024-10-31,2024-11-03,1,"quantile",0.9,177324.603705739
"371","DE","00-04",2024-10-31,2024-11-03,1,"quantile",0.975,186245.32281469
"372","DE","00-04",2024-10-31,2024-11-10,2,"quantile",0.025,148610.588723153
"373","DE","00-04",2024-10-31,2024-11-10,2,"quantile",0.1,158554.646501087
"374","DE","00-04",2024-10-31,2024-11-10,2,"quantile",0.25,168031.206273894
"375","DE","00-04",2024-10-31,2024-11-10,2,"quantile",0.5,179076.506092116
"376","DE","00-04",2024-10-31,2024-11-10,2,"quantile",0.75,190701.712868669
"377","DE","00-04",2024-10-31,2024-11-10,2,"quantile",0.9,201562.837034656
"378","DE","00-04",2024-10-31,2024-11-10,2,"quantile",0.975,214679.871342769
"379","DE","00-04",2024-10-31,2024-11-17,3,"quantile",0.025,147816.29358237
"380","DE","00-04",2024-10-31,2024-11-17,3,"quantile",0.1,159219.863973176
"381","DE","00-04",2024-10-31,2024-11-17,3,"quantile",0.25,169258.287575779
"382","DE","00-04",2024-10-31,2024-11-17,3,"quantile",0.5,182345.413705875
"383","DE","00-04",2024-10-31,2024-11-17,3,"quantile",0.75,196113.330674198
"384","DE","00-04",2024-10-31,2024-11-17,3,"quantile",0.9,209274.684838905
"385","DE","00-04",2024-10-31,2024-11-17,3,"quantile",0.975,225019.554099415
"386","DE","00-04",2024-10-31,2024-11-24,4,"quantile",0.025,160038.656784525
"387","DE","00-04",2024-10-31,2024-11-24,4,"quantile",0.1,172391.564938936
"388","DE","00-04",2024-10-31,2024-11-24,4,"quantile",0.25,184684.940261594
"389","DE","00-04",2024-10-31,2024-11-24,4,"quantile",0.5,199829.362565409
"390","DE","00-04",2024-10-31,2024-11-24,4,"quantile",0.75,216246.282562705
"391","DE","00-04",2024-10-31,2024-11-24,4,"quantile",0.9,231563.209436298
"392","DE","00-04",2024-10-31,2024-11-24,4,"quantile",0.975,249290.888911456
"393","DE","05-14",2024-10-31,2024-11-03,1,"quantile",0.025,89118.4662299254
"394","DE","05-14",2024-10-31,2024-11-03,1,"quantile",0.1,96471.551765525
"395","DE","05-14",2024-10-31,2024-11-03,1,"quantile",0.25,103428.627885677
"396","DE","05-14",2024-10-31,2024-11-03,1,"quantile",0.5,111992.945204253
"397","DE","05-14",2024-10-31,2024-11-03,1,"quantile",0.75,121645.76351034
"398","DE","05-14",2024-10-31,2024-11-03,1,"quantile",0.9,130944.811580953
"399","DE","05-14",2024-10-31,2024-11-03,1,"quantile",0.975,141406.355682718
"400","DE","05-14",2024-10-31,2024-11-10,2,"quantile",0.025,103046.599626298
"401","DE","05-14",2024-10-31,2024-11-10,2,"quantile",0.1,115189.858642554
"402","DE","05-14",2024-10-31,2024-11-10,2,"quantile",0.25,126819.842993156
"403","DE","05-14",2024-10-31,2024-11-10,2,"quantile",0.5,140492.299741546
"404","DE","05-14",2024-10-31,2024-11-10,2,"quantile",0.75,155881.614730193
"405","DE","05-14",2024-10-31,2024-11-10,2,"quantile",0.9,171742.169160253
"406","DE","05-14",2024-10-31,2024-11-10,2,"quantile",0.975,189835.709442547
"407","DE","05-14",2024-10-31,2024-11-17,3,"quantile",0.025,106582.046519074
"408","DE","05-14",2024-10-31,2024-11-17,3,"quantile",0.1,121051.478043999
"409","DE","05-14",2024-10-31,2024-11-17,3,"quantile",0.25,134870.652509033
"410","DE","05-14",2024-10-31,2024-11-17,3,"quantile",0.5,151602.5083501
"411","DE","05-14",2024-10-31,2024-11-17,3,"quantile",0.75,170566.7864061
"412","DE","05-14",2024-10-31,2024-11-17,3,"quantile",0.9,190435.616930748
"413","DE","05-14",2024-10-31,2024-11-17,3,"quantile",0.975,214084.946444307
"414","DE","05-14",2024-10-31,2024-11-24,4,"quantile",0.025,114079.709274419
"415","DE","05-14",2024-10-31,2024-11-24,4,"quantile",0.1,129014.239010739
"416","DE","05-14",2024-10-31,2024-11-24,4,"quantile",0.25,144414.710751163
"417","DE","05-14",2024-10-31,2024-11-24,4,"quantile",0.5,163686.645369517
"418","DE","05-14",2024-10-31,2024-11-24,4,"quantile",0.75,186446.210592988
"419","DE","05-14",2024-10-31,2024-11-24,4,"quantile",0.9,208543.13639937
"420","DE","05-14",2024-10-31,2024-11-24,4,"quantile",0.975,236847.748212568
"421","DE","15-34",2024-10-31,2024-11-03,1,"quantile",0.025,250895.155179524
"422","DE","15-34",2024-10-31,2024-11-03,1,"quantile",0.1,271111.91557747
"423","DE","15-34",2024-10-31,2024-11-03,1,"quantile",0.25,291013.375965469
"424","DE","15-34",2024-10-31,2024-11-03,1,"quantile",0.5,315905.330992367
"425","DE","15-34",2024-10-31,2024-11-03,1,"quantile",0.75,341691.852803769
"426","DE","15-34",2024-10-31,2024-11-03,1,"quantile",0.9,367621.634982076
"427","DE","15-34",2024-10-31,2024-11-03,1,"quantile",0.975,398162.712824287
"428","DE","15-34",2024-10-31,2024-11-10,2,"quantile",0.025,279927.676939001
"429","DE","15-34",2024-10-31,2024-11-10,2,"quantile",0.1,309713.562815828
"430","DE","15-34",2024-10-31,2024-11-10,2,"quantile",0.25,339819.516705609
"431","DE","15-34",2024-10-31,2024-11-10,2,"quantile",0.5,377042.169428541
"432","DE","15-34",2024-10-31,2024-11-10,2,"quantile",0.75,416540.897280966
"433","DE","15-34",2024-10-31,2024-11-10,2,"quantile",0.9,454511.345333449
"434","DE","15-34",2024-10-31,2024-11-10,2,"quantile",0.975,502656.477435559
"435","DE","15-34",2024-10-31,2024-11-17,3,"quantile",0.025,258169.117839074
"436","DE","15-34",2024-10-31,2024-11-17,3,"quantile",0.1,289588.165607024
"437","DE","15-34",2024-10-31,2024-11-17,3,"quantile",0.25,319041.72659659
"438","DE","15-34",2024-10-31,2024-11-17,3,"quantile",0.5,358596.852491466
"439","DE","15-34",2024-10-31,2024-11-17,3,"quantile",0.75,402202.173712648
"440","DE","15-34",2024-10-31,2024-11-17,3,"quantile",0.9,446592.887164891
"441","DE","15-34",2024-10-31,2024-11-17,3,"quantile",0.975,496888.685715292
"442","DE","15-34",2024-10-31,2024-11-24,4,"quantile",0.025,255098.525856758
"443","DE","15-34",2024-10-31,2024-11-24,4,"quantile",0.1,287466.452300811
"444","DE","15-34",2024-10-31,2024-11-24,4,"quantile",0.25,320123.948221366
"445","DE","15-34",2024-10-31,2024-11-24,4,"quantile",0.5,361700.823002014
"446","DE","15-34",2024-10-31,2024-11-24,4,"quantile",0.75,409681.564961895
"447","DE","15-34",2024-10-31,2024-11-24,4,"quantile",0.9,456070.078365566
"448","DE","15-34",2024-10-31,2024-11-24,4,"quantile",0.975,512519.771219748
"449","DE","35-59",2024-10-31,2024-11-03,1,"quantile",0.025,294572.163934693
"450","DE","35-59",2024-10-31,2024-11-03,1,"quantile",0.1,320777.102723482
"451","DE","35-59",2024-10-31,2024-11-03,1,"quantile",0.25,346654.071126191
"452","DE","35-59",2024-10-31,2024-11-03,1,"quantile",0.5,378146.524233407
"453","DE","35-59",2024-10-31,2024-11-03,1,"quantile",0.75,413896.050191501
"454","DE","35-59",2024-10-31,2024-11-03,1,"quantile",0.9,448635.759514643
"455","DE","35-59",2024-10-31,2024-11-03,1,"quantile",0.975,488159.02780069
"456","DE","35-59",2024-10-31,2024-11-10,2,"quantile",0.025,324876.631173186
"457","DE","35-59",2024-10-31,2024-11-10,2,"quantile",0.1,366762.40670366
"458","DE","35-59",2024-10-31,2024-11-10,2,"quantile",0.25,407909.731599146
"459","DE","35-59",2024-10-31,2024-11-10,2,"quantile",0.5,456981.433825159
"460","DE","35-59",2024-10-31,2024-11-10,2,"quantile",0.75,513964.313005597
"461","DE","35-59",2024-10-31,2024-11-10,2,"quantile",0.9,571965.465978247
"462","DE","35-59",2024-10-31,2024-11-10,2,"quantile",0.975,634550.257727832
"463","DE","35-59",2024-10-31,2024-11-17,3,"quantile",0.025,286214.481797644
"464","DE","35-59",2024-10-31,2024-11-17,3,"quantile",0.1,327941.76555685
"465","DE","35-59",2024-10-31,2024-11-17,3,"quantile",0.25,372089.848331462
"466","DE","35-59",2024-10-31,2024-11-17,3,"quantile",0.5,428134.356457706
"467","DE","35-59",2024-10-31,2024-11-17,3,"quantile",0.75,490083.523514594
"468","DE","35-59",2024-10-31,2024-11-17,3,"quantile",0.9,553471.262714616
"469","DE","35-59",2024-10-31,2024-11-17,3,"quantile",0.975,629867.383111704
"470","DE","35-59",2024-10-31,2024-11-24,4,"quantile",0.025,279985.415525005
"471","DE","35-59",2024-10-31,2024-11-24,4,"quantile",0.1,322849.433337381
"472","DE","35-59",2024-10-31,2024-11-24,4,"quantile",0.25,369825.302212396
"473","DE","35-59",2024-10-31,2024-11-24,4,"quantile",0.5,427387.485277891
"474","DE","35-59",2024-10-31,2024-11-24,4,"quantile",0.75,499750.665157822
"475","DE","35-59",2024-10-31,2024-11-24,4,"quantile",0.9,568950.670444272
"476","DE","35-59",2024-10-31,2024-11-24,4,"quantile",0.975,657929.195087772
"477","DE","60+",2024-10-31,2024-11-03,1,"quantile",0.025,101583.385261395
"478","DE","60+",2024-10-31,2024-11-03,1,"quantile",0.1,110758.879729673
"479","DE","60+",2024-10-31,2024-11-03,1,"quantile",0.25,119371.558917357
"480","DE","60+",2024-10-31,2024-11-03,1,"quantile",0.5,129760.383123699
"481","DE","60+",2024-10-31,2024-11-03,1,"quantile",0.75,140410.248336476
"482","DE","60+",2024-10-31,2024-11-03,1,"quantile",0.9,151489.587330612
"483","DE","60+",2024-10-31,2024-11-03,1,"quantile",0.975,164447.424426983
"484","DE","60+",2024-10-31,2024-11-10,2,"quantile",0.025,110621.151830196
"485","DE","60+",2024-10-31,2024-11-10,2,"quantile",0.1,123816.691450441
"486","DE","60+",2024-10-31,2024-11-10,2,"quantile",0.25,137183.991575466
"487","DE","60+",2024-10-31,2024-11-10,2,"quantile",0.5,153396.817213668
"488","DE","60+",2024-10-31,2024-11-10,2,"quantile",0.75,170775.3196348
"489","DE","60+",2024-10-31,2024-11-10,2,"quantile",0.9,187796.832394512
"490","DE","60+",2024-10-31,2024-11-10,2,"quantile",0.975,209184.489083921
"491","DE","60+",2024-10-31,2024-11-17,3,"quantile",0.025,94717.7650323529
"492","DE","60+",2024-10-31,2024-11-17,3,"quantile",0.1,108247.37898748
"493","DE","60+",2024-10-31,2024-11-17,3,"quantile",0.25,120848.127841674
"494","DE","60+",2024-10-31,2024-11-17,3,"quantile",0.5,137537.980353906
"495","DE","60+",2024-10-31,2024-11-17,3,"quantile",0.75,156815.95281738
"496","DE","60+",2024-10-31,2024-11-17,3,"quantile",0.9,175653.028069972
"497","DE","60+",2024-10-31,2024-11-17,3,"quantile",0.975,199740.643732541
"498","DE","60+",2024-10-31,2024-11-24,4,"quantile",0.025,88249.2723749091
"499","DE","60+",2024-10-31,2024-11-24,4,"quantile",0.1,101438.265298218
"500","DE","60+",2024-10-31,2024-11-24,4,"quantile",0.25,114462.27300789
"501","DE","60+",2024-10-31,2024-11-24,4,"quantile",0.5,131825.999064292
"502","DE","60+",2024-10-31,2024-11-24,4,"quantile",0.75,152027.274114519
"503","DE","60+",2024-10-31,2024-11-24,4,"quantile",0.9,172351.387623963
"504","DE","60+",2024-10-31,2024-11-24,4,"quantile",0.975,196799.341920807
"505","DE","00+",2024-11-07,2024-11-10,1,"quantile",0.025,1063075.2280375
"506","DE","00+",2024-11-07,2024-11-10,1,"quantile",0.1,1142988.15561423
"507","DE","00+",2024-11-07,2024-11-10,1,"quantile",0.25,1218138.12181756
"508","DE","00+",2024-11-07,2024-11-10,1,"quantile",0.5,1308131.02339904
"509","DE","00+",2024-11-07,2024-11-10,1,"quantile",0.75,1400792.0958205
"510","DE","00+",2024-11-07,2024-11-10,1,"quantile",0.9,1495540.19382749
"511","DE","00+",2024-11-07,2024-11-10,1,"quantile",0.975,1600535.10212063
"512","DE","00+",2024-11-07,2024-11-17,2,"quantile",0.025,961693.049255103
"513","DE","00+",2024-11-07,2024-11-17,2,"quantile",0.1,1064553.89343209
"514","DE","00+",2024-11-07,2024-11-17,2,"quantile",0.25,1159952.12165374
"515","DE","00+",2024-11-07,2024-11-17,2,"quantile",0.5,1268603.06603169
"516","DE","00+",2024-11-07,2024-11-17,2,"quantile",0.75,1385603.97107657
"517","DE","00+",2024-11-07,2024-11-17,2,"quantile",0.9,1506099.2819906
"518","DE","00+",2024-11-07,2024-11-17,2,"quantile",0.975,1655400.16969595
"519","DE","00+",2024-11-07,2024-11-24,3,"quantile",0.025,945248.109195304
"520","DE","00+",2024-11-07,2024-11-24,3,"quantile",0.1,1058499.61690708
"521","DE","00+",2024-11-07,2024-11-24,3,"quantile",0.25,1168271.82569135
"522","DE","00+",2024-11-07,2024-11-24,3,"quantile",0.5,1301415.52810839
"523","DE","00+",2024-11-07,2024-11-24,3,"quantile",0.75,1447124.32457656
"524","DE","00+",2024-11-07,2024-11-24,3,"quantile",0.9,1590469.65044787
"525","DE","00+",2024-11-07,2024-11-24,3,"quantile",0.975,1766345.12484756
"526","DE","00+",2024-11-07,2024-12-01,4,"quantile",0.025,942321.870671275
"527","DE","00+",2024-11-07,2024-12-01,4,"quantile",0.1,1062223.50941753
"528","DE","00+",2024-11-07,2024-12-01,4,"quantile",0.25,1178720.89364475
"529","DE","00+",2024-11-07,2024-12-01,4,"quantile",0.5,1323208.99619033
"530","DE","00+",2024-11-07,2024-12-01,4,"quantile",0.75,1485844.22540609
"531","DE","00+",2024-11-07,2024-12-01,4,"quantile",0.9,1652800.95206948
"532","DE","00+",2024-11-07,2024-12-01,4,"quantile",0.975,1846983.89179181
"533","DE","00-04",2024-11-07,2024-11-10,1,"quantile",0.025,150313.042097513
"534","DE","00-04",2024-11-07,2024-11-10,1,"quantile",0.1,158785.092998281
"535","DE","00-04",2024-11-07,2024-11-10,1,"quantile",0.25,166021.595247286
"536","DE","00-04",2024-11-07,2024-11-10,1,"quantile",0.5,174642.903809667
"537","DE","00-04",2024-11-07,2024-11-10,1,"quantile",0.75,183598.280345349
"538","DE","00-04",2024-11-07,2024-11-10,1,"quantile",0.9,191997.750983748
"539","DE","00-04",2024-11-07,2024-11-10,1,"quantile",0.975,201741.31494399
"540","DE","00-04",2024-11-07,2024-11-17,2,"quantile",0.025,148931.313389425
"541","DE","00-04",2024-11-07,2024-11-17,2,"quantile",0.1,158422.152033977
"542","DE","00-04",2024-11-07,2024-11-17,2,"quantile",0.25,167204.232425099
"543","DE","00-04",2024-11-07,2024-11-17,2,"quantile",0.5,178625.362299765
"544","DE","00-04",2024-11-07,2024-11-17,2,"quantile",0.75,190384.603127395
"545","DE","00-04",2024-11-07,2024-11-17,2,"quantile",0.9,201703.236921162
"546","DE","00-04",2024-11-07,2024-11-17,2,"quantile",0.975,214500.154141373
"547","DE","00-04",2024-11-07,2024-11-24,3,"quantile",0.025,159622.962177129
"548","DE","00-04",2024-11-07,2024-11-24,3,"quantile",0.1,171008.715618147
"549","DE","00-04",2024-11-07,2024-11-24,3,"quantile",0.25,182712.034671047
"550","DE","00-04",2024-11-07,2024-11-24,3,"quantile",0.5,196697.83296876
"551","DE","00-04",2024-11-07,2024-11-24,3,"quantile",0.75,211926.158396347
"552","DE","00-04",2024-11-07,2024-11-24,3,"quantile",0.9,225881.784048331
"553","DE","00-04",2024-11-07,2024-11-24,3,"quantile",0.975,242838.037971038
"554","DE","00-04",2024-11-07,2024-12-01,4,"quantile",0.025,160854.719178394
"555","DE","00-04",2024-11-07,2024-12-01,4,"quantile",0.1,173345.76203489
"556","DE","00-04",2024-11-07,2024-12-01,4,"quantile",0.25,186322.843466442
"557","DE","00-04",2024-11-07,2024-12-01,4,"quantile",0.5,201078.447707206
"558","DE","00-04",2024-11-07,2024-12-01,4,"quantile",0.75,216979.322884629
"559","DE","00-04",2024-11-07,2024-12-01,4,"quantile",0.9,232743.487837488
"560","DE","00-04",2024-11-07,2024-12-01,4,"quantile",0.975,251509.58815037
"561","DE","05-14",2024-11-07,2024-11-10,1,"quantile",0.025,115933.053011851
"562","DE","05-14",2024-11-07,2024-11-10,1,"quantile",0.1,125747.156640986
"563","DE","05-14",2024-11-07,2024-11-10,1,"quantile",0.25,135151.448112465
"564","DE","05-14",2024-11-07,2024-11-10,1,"quantile",0.5,146308.860103746
"565","DE","05-14",2024-11-07,2024-11-10,1,"quantile",0.75,158006.240489986
"566","DE","05-14",2024-11-07,2024-11-10,1,"quantile",0.9,170083.145781998
"567","DE","05-14",2024-11-07,2024-11-10,1,"quantile",0.975,183671.404160959
"568","DE","05-14",2024-11-07,2024-11-17,2,"quantile",0.025,115846.379729936
"569","DE","05-14",2024-11-07,2024-11-17,2,"quantile",0.1,129911.957418893
"570","DE","05-14",2024-11-07,2024-11-17,2,"quantile",0.25,142843.848673611
"571","DE","05-14",2024-11-07,2024-11-17,2,"quantile",0.5,157683.914479468
"572","DE","05-14",2024-11-07,2024-11-17,2,"quantile",0.75,174248.562599226
"573","DE","05-14",2024-11-07,2024-11-17,2,"quantile",0.9,191131.00958477
"574","DE","05-14",2024-11-07,2024-11-17,2,"quantile",0.975,211984.923337949
"575","DE","05-14",2024-11-07,2024-11-24,3,"quantile",0.025,119340.022156332
"576","DE","05-14",2024-11-07,2024-11-24,3,"quantile",0.1,135074.467897243
"577","DE","05-14",2024-11-07,2024-11-24,3,"quantile",0.25,150070.034137362
"578","DE","05-14",2024-11-07,2024-11-24,3,"quantile",0.5,168802.561225024
"579","DE","05-14",2024-11-07,2024-11-24,3,"quantile",0.75,189749.816956123
"580","DE","05-14",2024-11-07,2024-11-24,3,"quantile",0.9,210526.232492776
"581","DE","05-14",2024-11-07,2024-11-24,3,"quantile",0.975,237110.265430936
"582","DE","05-14",2024-11-07,2024-12-01,4,"quantile",0.025,118975.416330194
"583","DE","05-14",2024-11-07,2024-12-01,4,"quantile",0.1,135414.823349022
"584","DE","05-14",2024-11-07,2024-12-01,4,"quantile",0.25,151254.175458697
"585","DE","05-14",2024-11-07,2024-12-01,4,"quantile",0.5,171467.947065223
"586","DE","05-14",2024-11-07,2024-12-01,4,"quantile",0.75,193967.003688859
"587","DE","05-14",2024-11-07,2024-12-01,4,"quantile",0.9,216838.189532271
"588","DE","05-14",2024-11-07,2024-12-01,4,"quantile",0.975,245414.1514604
"589","DE","15-34",2024-11-07,2024-11-10,1,"quantile",0.025,293385.34942311
"590","DE","15-34",2024-11-07,2024-11-10,1,"quantile",0.1,320193.721854859
"591","DE","15-34",2024-11-07,2024-11-10,1,"quantile",0.25,343911.910400001
"592","DE","15-34",2024-11-07,2024-11-10,1,"quantile",0.5,373528.912145648
"593","DE","15-34",2024-11-07,2024-11-10,1,"quantile",0.75,404230.149921812
"594","DE","15-34",2024-11-07,2024-11-10,1,"quantile",0.9,434400.355120989
"595","DE","15-34",2024-11-07,2024-11-10,1,"quantile",0.975,469850.900034168
"596","DE","15-34",2024-11-07,2024-11-17,2,"quantile",0.025,267849.603873766
"597","DE","15-34",2024-11-07,2024-11-17,2,"quantile",0.1,295629.520105373
"598","DE","15-34",2024-11-07,2024-11-17,2,"quantile",0.25,322427.027583331
"599","DE","15-34",2024-11-07,2024-11-17,2,"quantile",0.5,357901.002657399
"600","DE","15-34",2024-11-07,2024-11-17,2,"quantile",0.75,395960.915190713
"601","DE","15-34",2024-11-07,2024-11-17,2,"quantile",0.9,432176.032416069
"602","DE","15-34",2024-11-07,2024-11-17,2,"quantile",0.975,475591.827604815
"603","DE","15-34",2024-11-07,2024-11-24,3,"quantile",0.025,260107.805347737
"604","DE","15-34",2024-11-07,2024-11-24,3,"quantile",0.1,290175.798511211
"605","DE","15-34",2024-11-07,2024-11-24,3,"quantile",0.25,321462.830773348
"606","DE","15-34",2024-11-07,2024-11-24,3,"quantile",0.5,361306.341988215
"607","DE","15-34",2024-11-07,2024-11-24,3,"quantile",0.75,406137.185286722
"608","DE","15-34",2024-11-07,2024-11-24,3,"quantile",0.9,447603.365122147
"609","DE","15-34",2024-11-07,2024-11-24,3,"quantile",0.975,502618.792163495
"610","DE","15-34",2024-11-07,2024-12-01,4,"quantile",0.025,260390.661631906
"611","DE","15-34",2024-11-07,2024-12-01,4,"quantile",0.1,293580.532248649
"612","DE","15-34",2024-11-07,2024-12-01,4,"quantile",0.25,328820.762214419
"613","DE","15-34",2024-11-07,2024-12-01,4,"quantile",0.5,370056.720612822
"614","DE","15-34",2024-11-07,2024-12-01,4,"quantile",0.75,417201.489927198
"615","DE","15-34",2024-11-07,2024-12-01,4,"quantile",0.9,465316.343271515
"616","DE","15-34",2024-11-07,2024-12-01,4,"quantile",0.975,525816.435494204
"617","DE","35-59",2024-11-07,2024-11-10,1,"quantile",0.025,368295.159993751
"618","DE","35-59",2024-11-07,2024-11-10,1,"quantile",0.1,402937.286398627
"619","DE","35-59",2024-11-07,2024-11-10,1,"quantile",0.25,435437.364639748
"620","DE","35-59",2024-11-07,2024-11-10,1,"quantile",0.5,475092.70268462
"621","DE","35-59",2024-11-07,2024-11-10,1,"quantile",0.75,515755.112592207
"622","DE","35-59",2024-11-07,2024-11-10,1,"quantile",0.9,559383.414227979
"623","DE","35-59",2024-11-07,2024-11-10,1,"quantile",0.975,606876.58011081
"624","DE","35-59",2024-11-07,2024-11-17,2,"quantile",0.025,315674.086478479
"625","DE","35-59",2024-11-07,2024-11-17,2,"quantile",0.1,357298.42944822
"626","DE","35-59",2024-11-07,2024-11-17,2,"quantile",0.25,397587.569179638
"627","DE","35-59",2024-11-07,2024-11-17,2,"quantile",0.5,444669.263265417
"628","DE","35-59",2024-11-07,2024-11-17,2,"quantile",0.75,495541.32815932
"629","DE","35-59",2024-11-07,2024-11-17,2,"quantile",0.9,549275.943278129
"630","DE","35-59",2024-11-07,2024-11-17,2,"quantile",0.975,619436.545664477
"631","DE","35-59",2024-11-07,2024-11-24,3,"quantile",0.025,295766.77576626
"632","DE","35-59",2024-11-07,2024-11-24,3,"quantile",0.1,342413.688376082
"633","DE","35-59",2024-11-07,2024-11-24,3,"quantile",0.25,386481.063476742
"634","DE","35-59",2024-11-07,2024-11-24,3,"quantile",0.5,442388.251138132
"635","DE","35-59",2024-11-07,2024-11-24,3,"quantile",0.75,505803.78706048
"636","DE","35-59",2024-11-07,2024-11-24,3,"quantile",0.9,568125.021791645
"637","DE","35-59",2024-11-07,2024-11-24,3,"quantile",0.975,648335.48733131
"638","DE","35-59",2024-11-07,2024-12-01,4,"quantile",0.025,292921.868646918
"639","DE","35-59",2024-11-07,2024-12-01,4,"quantile",0.1,341186.765056445
"640","DE","35-59",2024-11-07,2024-12-01,4,"quantile",0.25,387757.625456221
"641","DE","35-59",2024-11-07,2024-12-01,4,"quantile",0.5,448840.778739151
"642","DE","35-59",2024-11-07,2024-12-01,4,"quantile",0.75,518816.127638127
"643","DE","35-59",2024-11-07,2024-12-01,4,"quantile",0.9,592764.131181458
"644","DE","35-59",2024-11-07,2024-12-01,4,"quantile",0.975,682649.823957597
"645","DE","60+",2024-11-07,2024-11-10,1,"quantile",0.025,123933.265985823
"646","DE","60+",2024-11-07,2024-11-10,1,"quantile",0.1,135620.010259586
"647","DE","60+",2024-11-07,2024-11-10,1,"quantile",0.25,146223.698705896
"648","DE","60+",2024-11-07,2024-11-10,1,"quantile",0.5,158982.021506123
"649","DE","60+",2024-11-07,2024-11-10,1,"quantile",0.75,172687.658413863
"650","DE","60+",2024-11-07,2024-11-10,1,"quantile",0.9,185743.580702527
"651","DE","60+",2024-11-07,2024-11-10,1,"quantile",0.975,202139.17454738
"652","DE","60+",2024-11-07,2024-11-17,2,"quantile",0.025,104473.11250485
"653","DE","60+",2024-11-07,2024-11-17,2,"quantile",0.1,116453.958408429
"654","DE","60+",2024-11-07,2024-11-17,2,"quantile",0.25,128301.836329571
"655","DE","60+",2024-11-07,2024-11-17,2,"quantile",0.5,143449.443024612
"656","DE","60+",2024-11-07,2024-11-17,2,"quantile",0.75,160483.086541571
"657","DE","60+",2024-11-07,2024-11-17,2,"quantile",0.9,177616.822102386
"658","DE","60+",2024-11-07,2024-11-17,2,"quantile",0.975,196947.004442053
"659","DE","60+",2024-11-07,2024-11-24,3,"quantile",0.025,94461.5001086638
"660","DE","60+",2024-11-07,2024-11-24,3,"quantile",0.1,106518.942449718
"661","DE","60+",2024-11-07,2024-11-24,3,"quantile",0.25,119545.14319415
"662","DE","60+",2024-11-07,2024-11-24,3,"quantile",0.5,136378.938016605
"663","DE","60+",2024-11-07,2024-11-24,3,"quantile",0.75,155693.785510179
"664","DE","60+",2024-11-07,2024-11-24,3,"quantile",0.9,174813.760792529
"665","DE","60+",2024-11-07,2024-11-24,3,"quantile",0.975,199957.226448073
"666","DE","60+",2024-11-07,2024-12-01,4,"quantile",0.025,90763.8143372365
"667","DE","60+",2024-11-07,2024-12-01,4,"quantile",0.1,104172.382299876
"668","DE","60+",2024-11-07,2024-12-01,4,"quantile",0.25,118039.693651119
"669","DE","60+",2024-11-07,2024-12-01,4,"quantile",0.5,135250.533714353
"670","DE","60+",2024-11-07,2024-12-01,4,"quantile",0.75,155173.045080103
"671","DE","60+",2024-11-07,2024-12-01,4,"quantile",0.9,176317.855027138
"672","DE","60+",2024-11-07,2024-12-01,4,"quantile",0.975,204697.291147521
"673","DE","00+",2024-11-14,2024-11-17,1,"quantile",0.025,1139822.29913096
"674","DE","00+",2024-11-14,2024-11-17,1,"quantile",0.1,1217668.75749379
"675","DE","00+",2024-11-14,2024-11-17,1,"quantile",0.25,1299038.74151535
"676","DE","00+",2024-11-14,2024-11-17,1,"quantile",0.5,1390643.86011121
"677","DE","00+",2024-11-14,2024-11-17,1,"quantile",0.75,1490865.17020341
"678","DE","00+",2024-11-14,2024-11-17,1,"quantile",0.9,1588201.71290192
"679","DE","00+",2024-11-14,2024-11-17,1,"quantile",0.975,1701736.54419216
"680","DE","00+",2024-11-14,2024-11-24,2,"quantile",0.025,1103022.8095474
"681","DE","00+",2024-11-14,2024-11-24,2,"quantile",0.1,1205790.41244005
"682","DE","00+",2024-11-14,2024-11-24,2,"quantile",0.25,1303693.99123111
"683","DE","00+",2024-11-14,2024-11-24,2,"quantile",0.5,1426500.89717993
"684","DE","00+",2024-11-14,2024-11-24,2,"quantile",0.75,1560260.8208985
"685","DE","00+",2024-11-14,2024-11-24,2,"quantile",0.9,1699328.8386004
"686","DE","00+",2024-11-14,2024-11-24,2,"quantile",0.975,1860498.64698479
"687","DE","00+",2024-11-14,2024-12-01,3,"quantile",0.025,1050034.57899115
"688","DE","00+",2024-11-14,2024-12-01,3,"quantile",0.1,1164346.06392619
"689","DE","00+",2024-11-14,2024-12-01,3,"quantile",0.25,1283972.28585004
"690","DE","00+",2024-11-14,2024-12-01,3,"quantile",0.5,1431248.75229711
"691","DE","00+",2024-11-14,2024-12-01,3,"quantile",0.75,1587227.8638318
"692","DE","00+",2024-11-14,2024-12-01,3,"quantile",0.9,1740504.24029027
"693","DE","00+",2024-11-14,2024-12-01,3,"quantile",0.975,1927520.35466556
"694","DE","00+",2024-11-14,2024-12-08,4,"quantile",0.025,1050149.48812054
"695","DE","00+",2024-11-14,2024-12-08,4,"quantile",0.1,1186344.41633343
"696","DE","00+",2024-11-14,2024-12-08,4,"quantile",0.25,1311512.16945612
"697","DE","00+",2024-11-14,2024-12-08,4,"quantile",0.5,1465644.55823797
"698","DE","00+",2024-11-14,2024-12-08,4,"quantile",0.75,1647108.49506212
"699","DE","00+",2024-11-14,2024-12-08,4,"quantile",0.9,1824692.62607032
"700","DE","00+",2024-11-14,2024-12-08,4,"quantile",0.975,2042903.83039684
"701","DE","00-04",2024-11-14,2024-11-17,1,"quantile",0.025,159503.926811175
"702","DE","00-04",2024-11-14,2024-11-17,1,"quantile",0.1,167488.063132715
"703","DE","00-04",2024-11-14,2024-11-17,1,"quantile",0.25,175111.397939892
"704","DE","00-04",2024-11-14,2024-11-17,1,"quantile",0.5,183951.601558556
"705","DE","00-04",2024-11-14,2024-11-17,1,"quantile",0.75,193210.73717637
"706","DE","00-04",2024-11-14,2024-11-17,1,"quantile",0.9,201741.836227719
"707","DE","00-04",2024-11-14,2024-11-17,1,"quantile",0.975,212123.469522334
"708","DE","00-04",2024-11-14,2024-11-24,2,"quantile",0.025,168869.149026058
"709","DE","00-04",2024-11-14,2024-11-24,2,"quantile",0.1,179689.848095656
"710","DE","00-04",2024-11-14,2024-11-24,2,"quantile",0.25,190038.156245848
"711","DE","00-04",2024-11-14,2024-11-24,2,"quantile",0.5,202433.167546155
"712","DE","00-04",2024-11-14,2024-11-24,2,"quantile",0.75,215283.922770436
"713","DE","00-04",2024-11-14,2024-11-24,2,"quantile",0.9,227876.377697946
"714","DE","00-04",2024-11-14,2024-11-24,2,"quantile",0.975,242331.982528865
"715","DE","00-04",2024-11-14,2024-12-01,3,"quantile",0.025,167657.092858165
"716","DE","00-04",2024-11-14,2024-12-01,3,"quantile",0.1,179995.44598308
"717","DE","00-04",2024-11-14,2024-12-01,3,"quantile",0.25,191289.54322016
"718","DE","00-04",2024-11-14,2024-12-01,3,"quantile",0.5,205403.204872076
"719","DE","00-04",2024-11-14,2024-12-01,3,"quantile",0.75,220845.396766905
"720","DE","00-04",2024-11-14,2024-12-01,3,"quantile",0.9,234939.694603767
"721","DE","00-04",2024-11-14,2024-12-01,3,"quantile",0.975,252921.566214581
"722","DE","00-04",2024-11-14,2024-12-08,4,"quantile",0.025,166739.280868241
"723","DE","00-04",2024-11-14,2024-12-08,4,"quantile",0.1,179967.53992535
"724","DE","00-04",2024-11-14,2024-12-08,4,"quantile",0.25,192965.869291058
"725","DE","00-04",2024-11-14,2024-12-08,4,"quantile",0.5,207558.006721858
"726","DE","00-04",2024-11-14,2024-12-08,4,"quantile",0.75,223480.618568185
"727","DE","00-04",2024-11-14,2024-12-08,4,"quantile",0.9,239841.961247969
"728","DE","00-04",2024-11-14,2024-12-08,4,"quantile",0.975,258748.164272604
"729","DE","05-14",2024-11-14,2024-11-17,1,"quantile",0.025,138919.115732557
"730","DE","05-14",2024-11-14,2024-11-17,1,"quantile",0.1,149345.114689555
"731","DE","05-14",2024-11-14,2024-11-17,1,"quantile",0.25,160525.835133668
"732","DE","05-14",2024-11-14,2024-11-17,1,"quantile",0.5,173712.408072541
"733","DE","05-14",2024-11-14,2024-11-17,1,"quantile",0.75,187523.139311786
"734","DE","05-14",2024-11-14,2024-11-17,1,"quantile",0.9,201108.856224108
"735","DE","05-14",2024-11-14,2024-11-17,1,"quantile",0.975,217589.996038635
"736","DE","05-14",2024-11-14,2024-11-24,2,"quantile",0.025,138656.02078129
"737","DE","05-14",2024-11-14,2024-11-24,2,"quantile",0.1,153321.468979005
"738","DE","05-14",2024-11-14,2024-11-24,2,"quantile",0.25,167313.141566202
"739","DE","05-14",2024-11-14,2024-11-24,2,"quantile",0.5,185063.453676241
"740","DE","05-14",2024-11-14,2024-11-24,2,"quantile",0.75,204135.0075361
"741","DE","05-14",2024-11-14,2024-11-24,2,"quantile",0.9,223470.737990958
"742","DE","05-14",2024-11-14,2024-11-24,2,"quantile",0.975,248766.197526085
"743","DE","05-14",2024-11-14,2024-12-01,3,"quantile",0.025,130840.179064438
"744","DE","05-14",2024-11-14,2024-12-01,3,"quantile",0.1,146762.253975692
"745","DE","05-14",2024-11-14,2024-12-01,3,"quantile",0.25,163298.885405962
"746","DE","05-14",2024-11-14,2024-12-01,3,"quantile",0.5,183680.842266428
"747","DE","05-14",2024-11-14,2024-12-01,3,"quantile",0.75,205876.875472639
"748","DE","05-14",2024-11-14,2024-12-01,3,"quantile",0.9,227714.845558884
"749","DE","05-14",2024-11-14,2024-12-01,3,"quantile",0.975,253510.649078627
"750","DE","05-14",2024-11-14,2024-12-08,4,"quantile",0.025,126972.553532704
"751","DE","05-14",2024-11-14,2024-12-08,4,"quantile",0.1,143429.500177347
"752","DE","05-14",2024-11-14,2024-12-08,4,"quantile",0.25,160058.142523268
"753","DE","05-14",2024-11-14,2024-12-08,4,"quantile",0.5,180481.265831054
"754","DE","05-14",2024-11-14,2024-12-08,4,"quantile",0.75,204665.541350627
"755","DE","05-14",2024-11-14,2024-12-08,4,"quantile",0.9,228189.227587917
"756","DE","05-14",2024-11-14,2024-12-08,4,"quantile",0.975,257051.04311286
"757","DE","15-34",2024-11-14,2024-11-17,1,"quantile",0.025,323982.849861861
"758","DE","15-34",2024-11-14,2024-11-17,1,"quantile",0.1,349575.954383925
"759","DE","15-34",2024-11-14,2024-11-17,1,"quantile",0.25,375939.30703624
"760","DE","15-34",2024-11-14,2024-11-17,1,"quantile",0.5,406419.42114081
"761","DE","15-34",2024-11-14,2024-11-17,1,"quantile",0.75,439761.897361009
"762","DE","15-34",2024-11-14,2024-11-17,1,"quantile",0.9,471937.552465474
"763","DE","15-34",2024-11-14,2024-11-17,1,"quantile",0.975,509979.477903645
"764","DE","15-34",2024-11-14,2024-11-24,2,"quantile",0.025,305230.366680113
"765","DE","15-34",2024-11-14,2024-11-24,2,"quantile",0.1,337628.208051223
"766","DE","15-34",2024-11-14,2024-11-24,2,"quantile",0.25,368751.429622678
"767","DE","15-34",2024-11-14,2024-11-24,2,"quantile",0.5,407860.231969321
"768","DE","15-34",2024-11-14,2024-11-24,2,"quantile",0.75,449256.310503844
"769","DE","15-34",2024-11-14,2024-11-24,2,"quantile",0.9,491138.998994036
"770","DE","15-34",2024-11-14,2024-11-24,2,"quantile",0.975,543498.172161577
"771","DE","15-34",2024-11-14,2024-12-01,3,"quantile",0.025,295330.76492346
"772","DE","15-34",2024-11-14,2024-12-01,3,"quantile",0.1,329772.45825116
"773","DE","15-34",2024-11-14,2024-12-01,3,"quantile",0.25,363217.84256665
"774","DE","15-34",2024-11-14,2024-12-01,3,"quantile",0.5,406780.748937656
"775","DE","15-34",2024-11-14,2024-12-01,3,"quantile",0.75,455616.846230223
"776","DE","15-34",2024-11-14,2024-12-01,3,"quantile",0.9,500768.623442985
"777","DE","15-34",2024-11-14,2024-12-01,3,"quantile",0.975,559142.977707879
"778","DE","15-34",2024-11-14,2024-12-08,4,"quantile",0.025,298948.07626286
"779","DE","15-34",2024-11-14,2024-12-08,4,"quantile",0.1,337030.368446115
"780","DE","15-34",2024-11-14,2024-12-08,4,"quantile",0.25,375590.089977332
"781","DE","15-34",2024-11-14,2024-12-08,4,"quantile",0.5,420220.827743026
"782","DE","15-34",2024-11-14,2024-12-08,4,"quantile",0.75,471597.377101329
"783","DE","15-34",2024-11-14,2024-12-08,4,"quantile",0.9,527711.246998545
"784","DE","15-34",2024-11-14,2024-12-08,4,"quantile",0.975,593504.679035696
"785","DE","35-59",2024-11-14,2024-11-17,1,"quantile",0.025,378996.877121924
"786","DE","35-59",2024-11-14,2024-11-17,1,"quantile",0.1,410899.828940932
"787","DE","35-59",2024-11-14,2024-11-17,1,"quantile",0.25,444278.595128552
"788","DE","35-59",2024-11-14,2024-11-17,1,"quantile",0.5,482911.621458164
"789","DE","35-59",2024-11-14,2024-11-17,1,"quantile",0.75,526201.993559037
"790","DE","35-59",2024-11-14,2024-11-17,1,"quantile",0.9,567857.861289125
"791","DE","35-59",2024-11-14,2024-11-17,1,"quantile",0.975,618629.673013307
"792","DE","35-59",2024-11-14,2024-11-24,2,"quantile",0.025,349736.065590501
"793","DE","35-59",2024-11-14,2024-11-24,2,"quantile",0.1,391727.328171374
"794","DE","35-59",2024-11-14,2024-11-24,2,"quantile",0.25,431271.311255063
"795","DE","35-59",2024-11-14,2024-11-24,2,"quantile",0.5,482137.874880488
"796","DE","35-59",2024-11-14,2024-11-24,2,"quantile",0.75,537976.129559501
"797","DE","35-59",2024-11-14,2024-11-24,2,"quantile",0.9,597308.446602708
"798","DE","35-59",2024-11-14,2024-11-24,2,"quantile",0.975,668576.111533609
"799","DE","35-59",2024-11-14,2024-12-01,3,"quantile",0.025,329400.521109706
"800","DE","35-59",2024-11-14,2024-12-01,3,"quantile",0.1,374028.072764132
"801","DE","35-59",2024-11-14,2024-12-01,3,"quantile",0.25,422313.762805854
"802","DE","35-59",2024-11-14,2024-12-01,3,"quantile",0.5,484140.39927094
"803","DE","35-59",2024-11-14,2024-12-01,3,"quantile",0.75,550325.270639135
"804","DE","35-59",2024-11-14,2024-12-01,3,"quantile",0.9,619147.626555991
"805","DE","35-59",2024-11-14,2024-12-01,3,"quantile",0.975,701413.133441084
"806","DE","35-59",2024-11-14,2024-12-08,4,"quantile",0.025,329282.943571167
"807","DE","35-59",2024-11-14,2024-12-08,4,"quantile",0.1,383217.800609765
"808","DE","35-59",2024-11-14,2024-12-08,4,"quantile",0.25,434743.873182629
"809","DE","35-59",2024-11-14,2024-12-08,4,"quantile",0.5,499063.949837663
"810","DE","35-59",2024-11-14,2024-12-08,4,"quantile",0.75,578100.258360165
"811","DE","35-59",2024-11-14,2024-12-08,4,"quantile",0.9,658423.012688613
"812","DE","35-59",2024-11-14,2024-12-08,4,"quantile",0.975,758233.436836922
"813","DE","60+",2024-11-14,2024-11-17,1,"quantile",0.025,120046.766909326
"814","DE","60+",2024-11-14,2024-11-17,1,"quantile",0.1,130168.001975555
"815","DE","60+",2024-11-14,2024-11-17,1,"quantile",0.25,139990.119146538
"816","DE","60+",2024-11-14,2024-11-17,1,"quantile",0.5,152128.293652238
"817","DE","60+",2024-11-14,2024-11-17,1,"quantile",0.75,164674.493400523
"818","DE","60+",2024-11-14,2024-11-17,1,"quantile",0.9,176824.446230364
"819","DE","60+",2024-11-14,2024-11-17,1,"quantile",0.975,191876.407285025
"820","DE","60+",2024-11-14,2024-11-24,2,"quantile",0.025,105712.021073195
"821","DE","60+",2024-11-14,2024-11-24,2,"quantile",0.1,117413.254554574
"822","DE","60+",2024-11-14,2024-11-24,2,"quantile",0.25,129313.67156758
"823","DE","60+",2024-11-14,2024-11-24,2,"quantile",0.5,144174.20678061
"824","DE","60+",2024-11-14,2024-11-24,2,"quantile",0.75,160540.670331511
"825","DE","60+",2024-11-14,2024-11-24,2,"quantile",0.9,177359.650777759
"826","DE","60+",2024-11-14,2024-11-24,2,"quantile",0.975,197380.339150597
"827","DE","60+",2024-11-14,2024-12-01,3,"quantile",0.025,98997.5956800052
"828","DE","60+",2024-11-14,2024-12-01,3,"quantile",0.1,111363.68536643
"829","DE","60+",2024-11-14,2024-12-01,3,"quantile",0.25,124805.278394177
"830","DE","60+",2024-11-14,2024-12-01,3,"quantile",0.5,141411.987301611
"831","DE","60+",2024-11-14,2024-12-01,3,"quantile",0.75,160382.951913943
"832","DE","60+",2024-11-14,2024-12-01,3,"quantile",0.9,179013.811211981
"833","DE","60+",2024-11-14,2024-12-01,3,"quantile",0.975,205363.218042297
"834","DE","60+",2024-11-14,2024-12-08,4,"quantile",0.025,101456.147627202
"835","DE","60+",2024-11-14,2024-12-08,4,"quantile",0.1,115883.295341948
"836","DE","60+",2024-11-14,2024-12-08,4,"quantile",0.25,131239.677188937
"837","DE","60+",2024-11-14,2024-12-08,4,"quantile",0.5,149973.009640772
"838","DE","60+",2024-11-14,2024-12-08,4,"quantile",0.75,171035.65300065
"839","DE","60+",2024-11-14,2024-12-08,4,"quantile",0.9,194227.007521824
"840","DE","60+",2024-11-14,2024-12-08,4,"quantile",0.975,222837.468367894
"841","DE","00+",2024-11-21,2024-11-24,1,"quantile",0.025,1155622.62772252
"842","DE","00+",2024-11-21,2024-11-24,1,"quantile",0.1,1232663.63835563
"843","DE","00+",2024-11-21,2024-11-24,1,"quantile",0.25,1311430.58661469
"844","DE","00+",2024-11-21,2024-11-24,1,"quantile",0.5,1406574.5137765
"845","DE","00+",2024-11-21,2024-11-24,1,"quantile",0.75,1506613.23516391
"846","DE","00+",2024-11-21,2024-11-24,1,"quantile",0.9,1600219.1701318
"847","DE","00+",2024-11-21,2024-11-24,1,"quantile",0.975,1715861.84823409
"848","DE","00+",2024-11-21,2024-12-01,2,"quantile",0.025,1084359.25474642
"849","DE","00+",2024-11-21,2024-12-01,2,"quantile",0.1,1184521.46375001
"850","DE","00+",2024-11-21,2024-12-01,2,"quantile",0.25,1280057.94844986
"851","DE","00+",2024-11-21,2024-12-01,2,"quantile",0.5,1406311.72923025
"852","DE","00+",2024-11-21,2024-12-01,2,"quantile",0.75,1537663.9463107
"853","DE","00+",2024-11-21,2024-12-01,2,"quantile",0.9,1667739.01445497
"854","DE","00+",2024-11-21,2024-12-01,2,"quantile",0.975,1830503.21208184
"855","DE","00+",2024-11-21,2024-12-08,3,"quantile",0.025,1061166.65367514
"856","DE","00+",2024-11-21,2024-12-08,3,"quantile",0.1,1183414.03653612
"857","DE","00+",2024-11-21,2024-12-08,3,"quantile",0.25,1297699.16855667
"858","DE","00+",2024-11-21,2024-12-08,3,"quantile",0.5,1446540.56476802
"859","DE","00+",2024-11-21,2024-12-08,3,"quantile",0.75,1610954.60220921
"860","DE","00+",2024-11-21,2024-12-08,3,"quantile",0.9,1769667.22767054
"861","DE","00+",2024-11-21,2024-12-08,3,"quantile",0.975,1964610.31159098
"862","DE","00+",2024-11-21,2024-12-15,4,"quantile",0.025,1077756.72629438
"863","DE","00+",2024-11-21,2024-12-15,4,"quantile",0.1,1219891.93040645
"864","DE","00+",2024-11-21,2024-12-15,4,"quantile",0.25,1344777.04544351
"865","DE","00+",2024-11-21,2024-12-15,4,"quantile",0.5,1508981.68668716
"866","DE","00+",2024-11-21,2024-12-15,4,"quantile",0.75,1691758.49659948
"867","DE","00+",2024-11-21,2024-12-15,4,"quantile",0.9,1876558.0738892
"868","DE","00+",2024-11-21,2024-12-15,4,"quantile",0.975,2089001.07385043
"869","DE","00-04",2024-11-21,2024-11-24,1,"quantile",0.025,182037.952082114
"870","DE","00-04",2024-11-21,2024-11-24,1,"quantile",0.1,191411.939244076
"871","DE","00-04",2024-11-21,2024-11-24,1,"quantile",0.25,199998.467761311
"872","DE","00-04",2024-11-21,2024-11-24,1,"quantile",0.5,210152.909652677
"873","DE","00-04",2024-11-21,2024-11-24,1,"quantile",0.75,220551.714552328
"874","DE","00-04",2024-11-21,2024-11-24,1,"quantile",0.9,230727.020868344
"875","DE","00-04",2024-11-21,2024-11-24,1,"quantile",0.975,242391.877882269
"876","DE","00-04",2024-11-21,2024-12-01,2,"quantile",0.025,177902.317514712
"877","DE","00-04",2024-11-21,2024-12-01,2,"quantile",0.1,189936.901100829
"878","DE","00-04",2024-11-21,2024-12-01,2,"quantile",0.25,200323.869205461
"879","DE","00-04",2024-11-21,2024-12-01,2,"quantile",0.5,213280.734801439
"880","DE","00-04",2024-11-21,2024-12-01,2,"quantile",0.75,226782.065412801
"881","DE","00-04",2024-11-21,2024-12-01,2,"quantile",0.9,239724.959260934
"882","DE","00-04",2024-11-21,2024-12-01,2,"quantile",0.975,255073.009513629
"883","DE","00-04",2024-11-21,2024-12-08,3,"quantile",0.025,174082.972334861
"884","DE","00-04",2024-11-21,2024-12-08,3,"quantile",0.1,187517.414967225
"885","DE","00-04",2024-11-21,2024-12-08,3,"quantile",0.25,199500.422314724
"886","DE","00-04",2024-11-21,2024-12-08,3,"quantile",0.5,213715.513809038
"887","DE","00-04",2024-11-21,2024-12-08,3,"quantile",0.75,229515.59862884
"888","DE","00-04",2024-11-21,2024-12-08,3,"quantile",0.9,244718.135098209
"889","DE","00-04",2024-11-21,2024-12-08,3,"quantile",0.975,262857.091663014
"890","DE","00-04",2024-11-21,2024-12-15,4,"quantile",0.025,186321.24727715
"891","DE","00-04",2024-11-21,2024-12-15,4,"quantile",0.1,200647.055706305
"892","DE","00-04",2024-11-21,2024-12-15,4,"quantile",0.25,215449.789679018
"893","DE","00-04",2024-11-21,2024-12-15,4,"quantile",0.5,232316.57804735
"894","DE","00-04",2024-11-21,2024-12-15,4,"quantile",0.75,250435.202698042
"895","DE","00-04",2024-11-21,2024-12-15,4,"quantile",0.9,268399.925252807
"896","DE","00-04",2024-11-21,2024-12-15,4,"quantile",0.975,289921.951718086
"897","DE","05-14",2024-11-21,2024-11-24,1,"quantile",0.025,152133.844789767
"898","DE","05-14",2024-11-21,2024-11-24,1,"quantile",0.1,164602.200162009
"899","DE","05-14",2024-11-21,2024-11-24,1,"quantile",0.25,176168.301026552
"900","DE","05-14",2024-11-21,2024-11-24,1,"quantile",0.5,190612.595785941
"901","DE","05-14",2024-11-21,2024-11-24,1,"quantile",0.75,206064.25104175
"902","DE","05-14",2024-11-21,2024-11-24,1,"quantile",0.9,220637.664756518
"903","DE","05-14",2024-11-21,2024-11-24,1,"quantile",0.975,238093.075306307
"904","DE","05-14",2024-11-21,2024-12-01,2,"quantile",0.025,141329.941216158
"905","DE","05-14",2024-11-21,2024-12-01,2,"quantile",0.1,155765.773809293
"906","DE","05-14",2024-11-21,2024-12-01,2,"quantile",0.25,169913.13334754
"907","DE","05-14",2024-11-21,2024-12-01,2,"quantile",0.5,188493.515220391
"908","DE","05-14",2024-11-21,2024-12-01,2,"quantile",0.75,208173.623105629
"909","DE","05-14",2024-11-21,2024-12-01,2,"quantile",0.9,227869.221699538
"910","DE","05-14",2024-11-21,2024-12-01,2,"quantile",0.975,251634.19468731
"911","DE","05-14",2024-11-21,2024-12-08,3,"quantile",0.025,130947.065505068
"912","DE","05-14",2024-11-21,2024-12-08,3,"quantile",0.1,147405.253792014
"913","DE","05-14",2024-11-21,2024-12-08,3,"quantile",0.25,163176.352438304
"914","DE","05-14",2024-11-21,2024-12-08,3,"quantile",0.5,183627.308974678
"915","DE","05-14",2024-11-21,2024-12-08,3,"quantile",0.75,206498.727383348
"916","DE","05-14",2024-11-21,2024-12-08,3,"quantile",0.9,229142.205699137
"917","DE","05-14",2024-11-21,2024-12-08,3,"quantile",0.975,256196.873872213
"918","DE","05-14",2024-11-21,2024-12-15,4,"quantile",0.025,138381.459617978
"919","DE","05-14",2024-11-21,2024-12-15,4,"quantile",0.1,158239.567004587
"920","DE","05-14",2024-11-21,2024-12-15,4,"quantile",0.25,176086.6826442
"921","DE","05-14",2024-11-21,2024-12-15,4,"quantile",0.5,199112.697284969
"922","DE","05-14",2024-11-21,2024-12-15,4,"quantile",0.75,225446.477094016
"923","DE","05-14",2024-11-21,2024-12-15,4,"quantile",0.9,252027.494556802
"924","DE","05-14",2024-11-21,2024-12-15,4,"quantile",0.975,280998.803429457
"925","DE","15-34",2024-11-21,2024-11-24,1,"quantile",0.025,320402.829230751
"926","DE","15-34",2024-11-21,2024-11-24,1,"quantile",0.1,346898.147865209
"927","DE","15-34",2024-11-21,2024-11-24,1,"quantile",0.25,372418.513530591
"928","DE","15-34",2024-11-21,2024-11-24,1,"quantile",0.5,402808.441961231
"929","DE","15-34",2024-11-21,2024-11-24,1,"quantile",0.75,435149.610441217
"930","DE","15-34",2024-11-21,2024-11-24,1,"quantile",0.9,466814.353961297
"931","DE","15-34",2024-11-21,2024-11-24,1,"quantile",0.975,505689.699223115
"932","DE","15-34",2024-11-21,2024-12-01,2,"quantile",0.025,302748.16223394
"933","DE","15-34",2024-11-21,2024-12-01,2,"quantile",0.1,334833.068340448
"934","DE","15-34",2024-11-21,2024-12-01,2,"quantile",0.25,365162.889925311
"935","DE","15-34",2024-11-21,2024-12-01,2,"quantile",0.5,402359.426896689
"936","DE","15-34",2024-11-21,2024-12-01,2,"quantile",0.75,443532.952689253
"937","DE","15-34",2024-11-21,2024-12-01,2,"quantile",0.9,484930.2595173
"938","DE","15-34",2024-11-21,2024-12-01,2,"quantile",0.975,534717.817184868
"939","DE","15-34",2024-11-21,2024-12-08,3,"quantile",0.025,303642.269639116
"940","DE","15-34",2024-11-21,2024-12-08,3,"quantile",0.1,340905.959062242
"941","DE","15-34",2024-11-21,2024-12-08,3,"quantile",0.25,375144.557873172
"942","DE","15-34",2024-11-21,2024-12-08,3,"quantile",0.5,417111.849844573
"943","DE","15-34",2024-11-21,2024-12-08,3,"quantile",0.75,467343.84535056
"944","DE","15-34",2024-11-21,2024-12-08,3,"quantile",0.9,516830.00217861
"945","DE","15-34",2024-11-21,2024-12-08,3,"quantile",0.975,576238.00387251
"946","DE","15-34",2024-11-21,2024-12-15,4,"quantile",0.025,292173.447508012
"947","DE","15-34",2024-11-21,2024-12-15,4,"quantile",0.1,327235.880944137
"948","DE","15-34",2024-11-21,2024-12-15,4,"quantile",0.25,365250.735824933
"949","DE","15-34",2024-11-21,2024-12-15,4,"quantile",0.5,410491.758028357
"950","DE","15-34",2024-11-21,2024-12-15,4,"quantile",0.75,462555.230592171
"951","DE","15-34",2024-11-21,2024-12-15,4,"quantile",0.9,513759.800735891
"952","DE","15-34",2024-11-21,2024-12-15,4,"quantile",0.975,579000.501302514
"953","DE","35-59",2024-11-21,2024-11-24,1,"quantile",0.025,366383.701854765
"954","DE","35-59",2024-11-21,2024-11-24,1,"quantile",0.1,396166.673122054
"955","DE","35-59",2024-11-21,2024-11-24,1,"quantile",0.25,427747.147626143
"956","DE","35-59",2024-11-21,2024-11-24,1,"quantile",0.5,465510.357006446
"957","DE","35-59",2024-11-21,2024-11-24,1,"quantile",0.75,506356.299794262
"958","DE","35-59",2024-11-21,2024-11-24,1,"quantile",0.9,545211.152648102
"959","DE","35-59",2024-11-21,2024-11-24,1,"quantile",0.975,592523.793172013
"960","DE","35-59",2024-11-21,2024-12-01,2,"quantile",0.025,337918.153068265
"961","DE","35-59",2024-11-21,2024-12-01,2,"quantile",0.1,376984.114484592
"962","DE","35-59",2024-11-21,2024-12-01,2,"quantile",0.25,414568.792979382
"963","DE","35-59",2024-11-21,2024-12-01,2,"quantile",0.5,465471.087641929
"964","DE","35-59",2024-11-21,2024-12-01,2,"quantile",0.75,520244.03254817
"965","DE","35-59",2024-11-21,2024-12-01,2,"quantile",0.9,574535.621791424
"966","DE","35-59",2024-11-21,2024-12-01,2,"quantile",0.975,643279.277993862
"967","DE","35-59",2024-11-21,2024-12-08,3,"quantile",0.025,330632.693854463
"968","DE","35-59",2024-11-21,2024-12-08,3,"quantile",0.1,377703.837996373
"969","DE","35-59",2024-11-21,2024-12-08,3,"quantile",0.25,423368.446713431
"970","DE","35-59",2024-11-21,2024-12-08,3,"quantile",0.5,485179.658692344
"971","DE","35-59",2024-11-21,2024-12-08,3,"quantile",0.75,553480.704895112
"972","DE","35-59",2024-11-21,2024-12-08,3,"quantile",0.9,623598.290647215
"973","DE","35-59",2024-11-21,2024-12-08,3,"quantile",0.975,709765.177612457
"974","DE","35-59",2024-11-21,2024-12-15,4,"quantile",0.025,327912.810115999
"975","DE","35-59",2024-11-21,2024-12-15,4,"quantile",0.1,381683.102696726
"976","DE","35-59",2024-11-21,2024-12-15,4,"quantile",0.25,432147.26809667
"977","DE","35-59",2024-11-21,2024-12-15,4,"quantile",0.5,498567.393458934
"978","DE","35-59",2024-11-21,2024-12-15,4,"quantile",0.75,576826.926509388
"979","DE","35-59",2024-11-21,2024-12-15,4,"quantile",0.9,656271.375680859
"980","DE","35-59",2024-11-21,2024-12-15,4,"quantile",0.975,752545.239960384
"981","DE","60+",2024-11-21,2024-11-24,1,"quantile",0.025,116003.932836085
"982","DE","60+",2024-11-21,2024-11-24,1,"quantile",0.1,126184.98310657
"983","DE","60+",2024-11-21,2024-11-24,1,"quantile",0.25,135344.764773674
"984","DE","60+",2024-11-21,2024-11-24,1,"quantile",0.5,146817.029130329
"985","DE","60+",2024-11-21,2024-11-24,1,"quantile",0.75,159067.296193678
"986","DE","60+",2024-11-21,2024-11-24,1,"quantile",0.9,171043.649156518
"987","DE","60+",2024-11-21,2024-11-24,1,"quantile",0.975,185971.165488002
"988","DE","60+",2024-11-21,2024-12-01,2,"quantile",0.025,105676.868877452
"989","DE","60+",2024-11-21,2024-12-01,2,"quantile",0.1,118210.134646097
"990","DE","60+",2024-11-21,2024-12-01,2,"quantile",0.25,129470.783259283
"991","DE","60+",2024-11-21,2024-12-01,2,"quantile",0.5,144083.849930059
"992","DE","60+",2024-11-21,2024-12-01,2,"quantile",0.75,160698.268018782
"993","DE","60+",2024-11-21,2024-12-01,2,"quantile",0.9,176652.928857932
"994","DE","60+",2024-11-21,2024-12-01,2,"quantile",0.975,195833.160903568
"995","DE","60+",2024-11-21,2024-12-08,3,"quantile",0.025,105655.856183944
"996","DE","60+",2024-11-21,2024-12-08,3,"quantile",0.1,120166.797189753
"997","DE","60+",2024-11-21,2024-12-08,3,"quantile",0.25,134515.81126923
"998","DE","60+",2024-11-21,2024-12-08,3,"quantile",0.5,152301.404125938
"999","DE","60+",2024-11-21,2024-12-08,3,"quantile",0.75,172823.297447498
"1000","DE","60+",2024-11-21,2024-12-08,3,"quantile",0.9,193684.911771976
"1001","DE","60+",2024-11-21,2024-12-08,3,"quantile",0.975,219606.644309466
"1002","DE","60+",2024-11-21,2024-12-15,4,"quantile",0.025,112170.073277243
"1003","DE","60+",2024-11-21,2024-12-15,4,"quantile",0.1,128224.677645402
"1004","DE","60+",2024-11-21,2024-12-15,4,"quantile",0.25,145582.445354471
"1005","DE","60+",2024-11-21,2024-12-15,4,"quantile",0.5,166843.438692696
"1006","DE","60+",2024-11-21,2024-12-15,4,"quantile",0.75,191460.863840816
"1007","DE","60+",2024-11-21,2024-12-15,4,"quantile",0.9,216498.896501156
"1008","DE","60+",2024-11-21,2024-12-15,4,"quantile",0.975,246927.769940626
"1009","DE","00+",2024-11-28,2024-12-01,1,"quantile",0.025,1156868.7767829
"1010","DE","00+",2024-11-28,2024-12-01,1,"quantile",0.1,1240533.72017754
"1011","DE","00+",2024-11-28,2024-12-01,1,"quantile",0.25,1321382.5537525
"1012","DE","00+",2024-11-28,2024-12-01,1,"quantile",0.5,1414977.6698838
"1013","DE","00+",2024-11-28,2024-12-01,1,"quantile",0.75,1514441.39462559
"1014","DE","00+",2024-11-28,2024-12-01,1,"quantile",0.9,1613284.70605048
"1015","DE","00+",2024-11-28,2024-12-01,1,"quantile",0.975,1738294.97497229
"1016","DE","00+",2024-11-28,2024-12-08,2,"quantile",0.025,1115630.17577834
"1017","DE","00+",2024-11-28,2024-12-08,2,"quantile",0.1,1229586.62499863
"1018","DE","00+",2024-11-28,2024-12-08,2,"quantile",0.25,1332314.63387673
"1019","DE","00+",2024-11-28,2024-12-08,2,"quantile",0.5,1456137.77296334
"1020","DE","00+",2024-11-28,2024-12-08,2,"quantile",0.75,1591828.29693532
"1021","DE","00+",2024-11-28,2024-12-08,2,"quantile",0.9,1722959.59566095
"1022","DE","00+",2024-11-28,2024-12-08,2,"quantile",0.975,1885473.03734695
"1023","DE","00+",2024-11-28,2024-12-15,3,"quantile",0.025,1123263.70241399
"1024","DE","00+",2024-11-28,2024-12-15,3,"quantile",0.1,1241912.92081703
"1025","DE","00+",2024-11-28,2024-12-15,3,"quantile",0.25,1357472.21574353
"1026","DE","00+",2024-11-28,2024-12-15,3,"quantile",0.5,1511737.40704607
"1027","DE","00+",2024-11-28,2024-12-15,3,"quantile",0.75,1677301.17269653
"1028","DE","00+",2024-11-28,2024-12-15,3,"quantile",0.9,1838517.44999224
"1029","DE","00+",2024-11-28,2024-12-15,3,"quantile",0.975,2052096.35813051
"1030","DE","00+",2024-11-28,2024-12-22,4,"quantile",0.025,974222.071666407
"1031","DE","00+",2024-11-28,2024-12-22,4,"quantile",0.1,1085406.09202914
"1032","DE","00+",2024-11-28,2024-12-22,4,"quantile",0.25,1194812.29661447
"1033","DE","00+",2024-11-28,2024-12-22,4,"quantile",0.5,1339604.40339628
"1034","DE","00+",2024-11-28,2024-12-22,4,"quantile",0.75,1496631.89228784
"1035","DE","00+",2024-11-28,2024-12-22,4,"quantile",0.9,1661425.22014342
"1036","DE","00+",2024-11-28,2024-12-22,4,"quantile",0.975,1870181.49222121
"1037","DE","00-04",2024-11-28,2024-12-01,1,"quantile",0.025,166931.666467837
"1038","DE","00-04",2024-11-28,2024-12-01,1,"quantile",0.1,175675.710089314
"1039","DE","00-04",2024-11-28,2024-12-01,1,"quantile",0.25,183833.631099462
"1040","DE","00-04",2024-11-28,2024-12-01,1,"quantile",0.5,193185.429916453
"1041","DE","00-04",2024-11-28,2024-12-01,1,"quantile",0.75,203128.166254501
"1042","DE","00-04",2024-11-28,2024-12-01,1,"quantile",0.9,212495.337802088
"1043","DE","00-04",2024-11-28,2024-12-01,1,"quantile",0.975,223351.042899022
"1044","DE","00-04",2024-11-28,2024-12-08,2,"quantile",0.025,162773.718710353
"1045","DE","00-04",2024-11-28,2024-12-08,2,"quantile",0.1,172870.436607988
"1046","DE","00-04",2024-11-28,2024-12-08,2,"quantile",0.25,182507.694690428
"1047","DE","00-04",2024-11-28,2024-12-08,2,"quantile",0.5,194324.818052898
"1048","DE","00-04",2024-11-28,2024-12-08,2,"quantile",0.75,206729.422213214
"1049","DE","00-04",2024-11-28,2024-12-08,2,"quantile",0.9,219354.880870772
"1050","DE","00-04",2024-11-28,2024-12-08,2,"quantile",0.975,234139.4807251
"1051","DE","00-04",2024-11-28,2024-12-15,3,"quantile",0.025,176366.276572941
"1052","DE","00-04",2024-11-28,2024-12-15,3,"quantile",0.1,188527.108544438
"1053","DE","00-04",2024-11-28,2024-12-15,3,"quantile",0.25,200888.964244522
"1054","DE","00-04",2024-11-28,2024-12-15,3,"quantile",0.5,215318.990923215
"1055","DE","00-04",2024-11-28,2024-12-15,3,"quantile",0.75,231686.408143201
"1056","DE","00-04",2024-11-28,2024-12-15,3,"quantile",0.9,247578.21836373
"1057","DE","00-04",2024-11-28,2024-12-15,3,"quantile",0.975,264877.08620334
"1058","DE","00-04",2024-11-28,2024-12-22,4,"quantile",0.025,174342.826889014
"1059","DE","00-04",2024-11-28,2024-12-22,4,"quantile",0.1,188293.922193308
"1060","DE","00-04",2024-11-28,2024-12-22,4,"quantile",0.25,200301.90050962
"1061","DE","00-04",2024-11-28,2024-12-22,4,"quantile",0.5,215951.988777492
"1062","DE","00-04",2024-11-28,2024-12-22,4,"quantile",0.75,234378.511865847
"1063","DE","00-04",2024-11-28,2024-12-22,4,"quantile",0.9,251926.445246734
"1064","DE","00-04",2024-11-28,2024-12-22,4,"quantile",0.975,270902.51763323
"1065","DE","05-14",2024-11-28,2024-12-01,1,"quantile",0.025,142412.680774498
"1066","DE","05-14",2024-11-28,2024-12-01,1,"quantile",0.1,153668.895032519
"1067","DE","05-14",2024-11-28,2024-12-01,1,"quantile",0.25,164983.411451871
"1068","DE","05-14",2024-11-28,2024-12-01,1,"quantile",0.5,178095.084570887
"1069","DE","05-14",2024-11-28,2024-12-01,1,"quantile",0.75,192266.718129071
"1070","DE","05-14",2024-11-28,2024-12-01,1,"quantile",0.9,206166.137607922
"1071","DE","05-14",2024-11-28,2024-12-01,1,"quantile",0.975,223558.71408321
"1072","DE","05-14",2024-11-28,2024-12-08,2,"quantile",0.025,130474.907206391
"1073","DE","05-14",2024-11-28,2024-12-08,2,"quantile",0.1,144818.453323591
"1074","DE","05-14",2024-11-28,2024-12-08,2,"quantile",0.25,157931.481299142
"1075","DE","05-14",2024-11-28,2024-12-08,2,"quantile",0.5,174343.937247372
"1076","DE","05-14",2024-11-28,2024-12-08,2,"quantile",0.75,192573.467461278
"1077","DE","05-14",2024-11-28,2024-12-08,2,"quantile",0.9,209940.196988919
"1078","DE","05-14",2024-11-28,2024-12-08,2,"quantile",0.975,233650.381402248
"1079","DE","05-14",2024-11-28,2024-12-15,3,"quantile",0.025,138728.937044731
"1080","DE","05-14",2024-11-28,2024-12-15,3,"quantile",0.1,154472.102343026
"1081","DE","05-14",2024-11-28,2024-12-15,3,"quantile",0.25,170335.181661052
"1082","DE","05-14",2024-11-28,2024-12-15,3,"quantile",0.5,191189.150360934
"1083","DE","05-14",2024-11-28,2024-12-15,3,"quantile",0.75,214286.66836757
"1084","DE","05-14",2024-11-28,2024-12-15,3,"quantile",0.9,236871.051250979
"1085","DE","05-14",2024-11-28,2024-12-15,3,"quantile",0.975,266610.118272132
"1086","DE","05-14",2024-11-28,2024-12-22,4,"quantile",0.025,124186.827912922
"1087","DE","05-14",2024-11-28,2024-12-22,4,"quantile",0.1,139728.619124132
"1088","DE","05-14",2024-11-28,2024-12-22,4,"quantile",0.25,154426.657475972
"1089","DE","05-14",2024-11-28,2024-12-22,4,"quantile",0.5,174562.573877037
"1090","DE","05-14",2024-11-28,2024-12-22,4,"quantile",0.75,196384.177518911
"1091","DE","05-14",2024-11-28,2024-12-22,4,"quantile",0.9,220074.235320083
"1092","DE","05-14",2024-11-28,2024-12-22,4,"quantile",0.975,249196.738978258
"1093","DE","15-34",2024-11-28,2024-12-01,1,"quantile",0.025,326782.273560335
"1094","DE","15-34",2024-11-28,2024-12-01,1,"quantile",0.1,354956.726803359
"1095","DE","15-34",2024-11-28,2024-12-01,1,"quantile",0.25,381823.548938247
"1096","DE","15-34",2024-11-28,2024-12-01,1,"quantile",0.5,412959.071795343
"1097","DE","15-34",2024-11-28,2024-12-01,1,"quantile",0.75,447291.234032567
"1098","DE","15-34",2024-11-28,2024-12-01,1,"quantile",0.9,480286.505752539
"1099","DE","15-34",2024-11-28,2024-12-01,1,"quantile",0.975,521574.792985316
"1100","DE","15-34",2024-11-28,2024-12-08,2,"quantile",0.025,323601.375475767
"1101","DE","15-34",2024-11-28,2024-12-08,2,"quantile",0.1,355160.673769437
"1102","DE","15-34",2024-11-28,2024-12-08,2,"quantile",0.25,386623.856434196
"1103","DE","15-34",2024-11-28,2024-12-08,2,"quantile",0.5,426454.757691755
"1104","DE","15-34",2024-11-28,2024-12-08,2,"quantile",0.75,470654.097401978
"1105","DE","15-34",2024-11-28,2024-12-08,2,"quantile",0.9,516286.423768967
"1106","DE","15-34",2024-11-28,2024-12-08,2,"quantile",0.975,570797.688553211
"1107","DE","15-34",2024-11-28,2024-12-15,3,"quantile",0.025,305062.865369645
"1108","DE","15-34",2024-11-28,2024-12-15,3,"quantile",0.1,337882.718987579
"1109","DE","15-34",2024-11-28,2024-12-15,3,"quantile",0.25,372822.280164381
"1110","DE","15-34",2024-11-28,2024-12-15,3,"quantile",0.5,415465.454836489
"1111","DE","15-34",2024-11-28,2024-12-15,3,"quantile",0.75,465502.637787597
"1112","DE","15-34",2024-11-28,2024-12-15,3,"quantile",0.9,516071.332727472
"1113","DE","15-34",2024-11-28,2024-12-15,3,"quantile",0.975,573770.295710037
"1114","DE","15-34",2024-11-28,2024-12-22,4,"quantile",0.025,253042.385131168
"1115","DE","15-34",2024-11-28,2024-12-22,4,"quantile",0.1,284128.232090513
"1116","DE","15-34",2024-11-28,2024-12-22,4,"quantile",0.25,313273.640859099
"1117","DE","15-34",2024-11-28,2024-12-22,4,"quantile",0.5,351661.115945209
"1118","DE","15-34",2024-11-28,2024-12-22,4,"quantile",0.75,398647.946689299
"1119","DE","15-34",2024-11-28,2024-12-22,4,"quantile",0.9,444331.54102332
"1120","DE","15-34",2024-11-28,2024-12-22,4,"quantile",0.975,498814.074492273
"1121","DE","35-59",2024-11-28,2024-12-01,1,"quantile",0.025,387356.507120625
"1122","DE","35-59",2024-11-28,2024-12-01,1,"quantile",0.1,421488.727974952
"1123","DE","35-59",2024-11-28,2024-12-01,1,"quantile",0.25,455003.478614754
"1124","DE","35-59",2024-11-28,2024-12-01,1,"quantile",0.5,494974.96838595
"1125","DE","35-59",2024-11-28,2024-12-01,1,"quantile",0.75,537243.445489568
"1126","DE","35-59",2024-11-28,2024-12-01,1,"quantile",0.9,580907.17270486
"1127","DE","35-59",2024-11-28,2024-12-01,1,"quantile",0.975,634853.699125372
"1128","DE","35-59",2024-11-28,2024-12-08,2,"quantile",0.025,370478.537974938
"1129","DE","35-59",2024-11-28,2024-12-08,2,"quantile",0.1,417548.26828038
"1130","DE","35-59",2024-11-28,2024-12-08,2,"quantile",0.25,461214.949328007
"1131","DE","35-59",2024-11-28,2024-12-08,2,"quantile",0.5,515181.432411853
"1132","DE","35-59",2024-11-28,2024-12-08,2,"quantile",0.75,574813.140285721
"1133","DE","35-59",2024-11-28,2024-12-08,2,"quantile",0.9,634392.824817911
"1134","DE","35-59",2024-11-28,2024-12-08,2,"quantile",0.975,710148.149121714
"1135","DE","35-59",2024-11-28,2024-12-15,3,"quantile",0.025,359385.123009645
"1136","DE","35-59",2024-11-28,2024-12-15,3,"quantile",0.1,408164.986133353
"1137","DE","35-59",2024-11-28,2024-12-15,3,"quantile",0.25,456813.206346893
"1138","DE","35-59",2024-11-28,2024-12-15,3,"quantile",0.5,521091.686928868
"1139","DE","35-59",2024-11-28,2024-12-15,3,"quantile",0.75,592948.572686878
"1140","DE","35-59",2024-11-28,2024-12-15,3,"quantile",0.9,665141.676492873
"1141","DE","35-59",2024-11-28,2024-12-15,3,"quantile",0.975,764756.271305764
"1142","DE","35-59",2024-11-28,2024-12-22,4,"quantile",0.025,289031.49984725
"1143","DE","35-59",2024-11-28,2024-12-22,4,"quantile",0.1,329344.832992509
"1144","DE","35-59",2024-11-28,2024-12-22,4,"quantile",0.25,372610.704960121
"1145","DE","35-59",2024-11-28,2024-12-22,4,"quantile",0.5,428058.317441516
"1146","DE","35-59",2024-11-28,2024-12-22,4,"quantile",0.75,492700.961752141
"1147","DE","35-59",2024-11-28,2024-12-22,4,"quantile",0.9,561549.117819039
"1148","DE","35-59",2024-11-28,2024-12-22,4,"quantile",0.975,655438.151650337
"1149","DE","60+",2024-11-28,2024-12-01,1,"quantile",0.025,117475.626413944
"1150","DE","60+",2024-11-28,2024-12-01,1,"quantile",0.1,127841.849373528
"1151","DE","60+",2024-11-28,2024-12-01,1,"quantile",0.25,137760.14846769
"1152","DE","60+",2024-11-28,2024-12-01,1,"quantile",0.5,149401.244973191
"1153","DE","60+",2024-11-28,2024-12-01,1,"quantile",0.75,162590.745787454
"1154","DE","60+",2024-11-28,2024-12-01,1,"quantile",0.9,174885.573441358
"1155","DE","60+",2024-11-28,2024-12-01,1,"quantile",0.975,189913.596712651
"1156","DE","60+",2024-11-28,2024-12-08,2,"quantile",0.025,115120.368136498
"1157","DE","60+",2024-11-28,2024-12-08,2,"quantile",0.1,128251.304891418
"1158","DE","60+",2024-11-28,2024-12-08,2,"quantile",0.25,140854.718209877
"1159","DE","60+",2024-11-28,2024-12-08,2,"quantile",0.5,157352.220635973
"1160","DE","60+",2024-11-28,2024-12-08,2,"quantile",0.75,174975.510594996
"1161","DE","60+",2024-11-28,2024-12-08,2,"quantile",0.9,193839.417931184
"1162","DE","60+",2024-11-28,2024-12-08,2,"quantile",0.975,216753.004699479
"1163","DE","60+",2024-11-28,2024-12-15,3,"quantile",0.025,119050.599522899
"1164","DE","60+",2024-11-28,2024-12-15,3,"quantile",0.1,134642.538929819
"1165","DE","60+",2024-11-28,2024-12-15,3,"quantile",0.25,150358.951787722
"1166","DE","60+",2024-11-28,2024-12-15,3,"quantile",0.5,169964.107467774
"1167","DE","60+",2024-11-28,2024-12-15,3,"quantile",0.75,193834.313759877
"1168","DE","60+",2024-11-28,2024-12-15,3,"quantile",0.9,218476.872686242
"1169","DE","60+",2024-11-28,2024-12-15,3,"quantile",0.975,246355.612247002
"1170","DE","60+",2024-11-28,2024-12-22,4,"quantile",0.025,109197.153371976
"1171","DE","60+",2024-11-28,2024-12-22,4,"quantile",0.1,124786.220827804
"1172","DE","60+",2024-11-28,2024-12-22,4,"quantile",0.25,139608.793578013
"1173","DE","60+",2024-11-28,2024-12-22,4,"quantile",0.5,160041.749026233
"1174","DE","60+",2024-11-28,2024-12-22,4,"quantile",0.75,185219.252683069
"1175","DE","60+",2024-11-28,2024-12-22,4,"quantile",0.9,211514.837987212
"1176","DE","60+",2024-11-28,2024-12-22,4,"quantile",0.975,241182.203549884
"1177","DE","00+",2024-12-05,2024-12-08,1,"quantile",0.025,1140451.68413372
"1178","DE","00+",2024-12-05,2024-12-08,1,"quantile",0.1,1226939.5728426
"1179","DE","00+",2024-12-05,2024-12-08,1,"quantile",0.25,1303968.58614519
"1180","DE","00+",2024-12-05,2024-12-08,1,"quantile",0.5,1397922.80020564
"1181","DE","00+",2024-12-05,2024-12-08,1,"quantile",0.75,1499188.97597857
"1182","DE","00+",2024-12-05,2024-12-08,1,"quantile",0.9,1597036.13615474
"1183","DE","00+",2024-12-05,2024-12-08,1,"quantile",0.975,1700966.04397653
"1184","DE","00+",2024-12-05,2024-12-15,2,"quantile",0.025,1131413.37016099
"1185","DE","00+",2024-12-05,2024-12-15,2,"quantile",0.1,1230621.74216429
"1186","DE","00+",2024-12-05,2024-12-15,2,"quantile",0.25,1329016.66782544
"1187","DE","00+",2024-12-05,2024-12-15,2,"quantile",0.5,1457181.9527179
"1188","DE","00+",2024-12-05,2024-12-15,2,"quantile",0.75,1594057.16197157
"1189","DE","00+",2024-12-05,2024-12-15,2,"quantile",0.9,1734470.72795459
"1190","DE","00+",2024-12-05,2024-12-15,2,"quantile",0.975,1885463.13037991
"1191","DE","00+",2024-12-05,2024-12-22,3,"quantile",0.025,974171.716852599
"1192","DE","00+",2024-12-05,2024-12-22,3,"quantile",0.1,1073907.11960616
"1193","DE","00+",2024-12-05,2024-12-22,3,"quantile",0.25,1177755.73153835
"1194","DE","00+",2024-12-05,2024-12-22,3,"quantile",0.5,1311290.72540722
"1195","DE","00+",2024-12-05,2024-12-22,3,"quantile",0.75,1455639.64553768
"1196","DE","00+",2024-12-05,2024-12-22,3,"quantile",0.9,1600753.54476122
"1197","DE","00+",2024-12-05,2024-12-22,3,"quantile",0.975,1773035.50316555
"1198","DE","00+",2024-12-05,2024-12-29,4,"quantile",0.025,461093.708951336
"1199","DE","00+",2024-12-05,2024-12-29,4,"quantile",0.1,518322.059211685
"1200","DE","00+",2024-12-05,2024-12-29,4,"quantile",0.25,574589.871339776
"1201","DE","00+",2024-12-05,2024-12-29,4,"quantile",0.5,642649.417033872
"1202","DE","00+",2024-12-05,2024-12-29,4,"quantile",0.75,719926.001928443
"1203","DE","00+",2024-12-05,2024-12-29,4,"quantile",0.9,795535.335661484
"1204","DE","00+",2024-12-05,2024-12-29,4,"quantile",0.975,891399.082582083
"1205","DE","00-04",2024-12-05,2024-12-08,1,"quantile",0.025,163544.17529571
"1206","DE","00-04",2024-12-05,2024-12-08,1,"quantile",0.1,172665.37102873
"1207","DE","00-04",2024-12-05,2024-12-08,1,"quantile",0.25,180264.618036284
"1208","DE","00-04",2024-12-05,2024-12-08,1,"quantile",0.5,189267.347151916
"1209","DE","00-04",2024-12-05,2024-12-08,1,"quantile",0.75,199366.174547482
"1210","DE","00-04",2024-12-05,2024-12-08,1,"quantile",0.9,208571.480040174
"1211","DE","00-04",2024-12-05,2024-12-08,1,"quantile",0.975,219448.102366468
"1212","DE","00-04",2024-12-05,2024-12-15,2,"quantile",0.025,175857.471470929
"1213","DE","00-04",2024-12-05,2024-12-15,2,"quantile",0.1,187291.382359929
"1214","DE","00-04",2024-12-05,2024-12-15,2,"quantile",0.25,198322.981803735
"1215","DE","00-04",2024-12-05,2024-12-15,2,"quantile",0.5,210375.626900255
"1216","DE","00-04",2024-12-05,2024-12-15,2,"quantile",0.75,223839.576298925
"1217","DE","00-04",2024-12-05,2024-12-15,2,"quantile",0.9,237225.342192381
"1218","DE","00-04",2024-12-05,2024-12-15,2,"quantile",0.975,251878.757374734
"1219","DE","00-04",2024-12-05,2024-12-22,3,"quantile",0.025,173536.884995924
"1220","DE","00-04",2024-12-05,2024-12-22,3,"quantile",0.1,186408.818976652
"1221","DE","00-04",2024-12-05,2024-12-22,3,"quantile",0.25,198593.28348998
"1222","DE","00-04",2024-12-05,2024-12-22,3,"quantile",0.5,213362.631677197
"1223","DE","00-04",2024-12-05,2024-12-22,3,"quantile",0.75,228928.559291999
"1224","DE","00-04",2024-12-05,2024-12-22,3,"quantile",0.9,243866.94501026
"1225","DE","00-04",2024-12-05,2024-12-22,3,"quantile",0.975,263648.244492417
"1226","DE","00-04",2024-12-05,2024-12-29,4,"quantile",0.025,98889.27028995
"1227","DE","00-04",2024-12-05,2024-12-29,4,"quantile",0.1,106234.835366812
"1228","DE","00-04",2024-12-05,2024-12-29,4,"quantile",0.25,113892.572171965
"1229","DE","00-04",2024-12-05,2024-12-29,4,"quantile",0.5,122812.117980752
"1230","DE","00-04",2024-12-05,2024-12-29,4,"quantile",0.75,132444.451097778
"1231","DE","00-04",2024-12-05,2024-12-29,4,"quantile",0.9,140875.996550518
"1232","DE","00-04",2024-12-05,2024-12-29,4,"quantile",0.975,151967.403193906
"1233","DE","05-14",2024-12-05,2024-12-08,1,"quantile",0.025,137425.931181455
"1234","DE","05-14",2024-12-05,2024-12-08,1,"quantile",0.1,149311.320064596
"1235","DE","05-14",2024-12-05,2024-12-08,1,"quantile",0.25,160084.016236652
"1236","DE","05-14",2024-12-05,2024-12-08,1,"quantile",0.5,172930.651308146
"1237","DE","05-14",2024-12-05,2024-12-08,1,"quantile",0.75,186778.537800156
"1238","DE","05-14",2024-12-05,2024-12-08,1,"quantile",0.9,200846.152988339
"1239","DE","05-14",2024-12-05,2024-12-08,1,"quantile",0.975,214936.0815567
"1240","DE","05-14",2024-12-05,2024-12-15,2,"quantile",0.025,143672.431366687
"1241","DE","05-14",2024-12-05,2024-12-15,2,"quantile",0.1,157662.472579784
"1242","DE","05-14",2024-12-05,2024-12-15,2,"quantile",0.25,171790.599870196
"1243","DE","05-14",2024-12-05,2024-12-15,2,"quantile",0.5,190494.339207165
"1244","DE","05-14",2024-12-05,2024-12-15,2,"quantile",0.75,210366.029768639
"1245","DE","05-14",2024-12-05,2024-12-15,2,"quantile",0.9,230914.450743683
"1246","DE","05-14",2024-12-05,2024-12-15,2,"quantile",0.975,253657.282935029
"1247","DE","05-14",2024-12-05,2024-12-22,3,"quantile",0.025,126211.113468229
"1248","DE","05-14",2024-12-05,2024-12-22,3,"quantile",0.1,141259.066531439
"1249","DE","05-14",2024-12-05,2024-12-22,3,"quantile",0.25,155903.815302222
"1250","DE","05-14",2024-12-05,2024-12-22,3,"quantile",0.5,174941.965979303
"1251","DE","05-14",2024-12-05,2024-12-22,3,"quantile",0.75,196529.94205045
"1252","DE","05-14",2024-12-05,2024-12-22,3,"quantile",0.9,217529.264892462
"1253","DE","05-14",2024-12-05,2024-12-22,3,"quantile",0.975,244525.810065479
"1254","DE","05-14",2024-12-05,2024-12-29,4,"quantile",0.025,52587.0453542587
"1255","DE","05-14",2024-12-05,2024-12-29,4,"quantile",0.1,59912.1192386009
"1256","DE","05-14",2024-12-05,2024-12-29,4,"quantile",0.25,66822.1281667148
"1257","DE","05-14",2024-12-05,2024-12-29,4,"quantile",0.5,75214.5830137627
"1258","DE","05-14",2024-12-05,2024-12-29,4,"quantile",0.75,85040.941367317
"1259","DE","05-14",2024-12-05,2024-12-29,4,"quantile",0.9,94242.0124123538
"1260","DE","05-14",2024-12-05,2024-12-29,4,"quantile",0.975,106925.29948958
"1261","DE","15-34",2024-12-05,2024-12-08,1,"quantile",0.025,325972.644565413
"1262","DE","15-34",2024-12-05,2024-12-08,1,"quantile",0.1,354698.777564301
"1263","DE","15-34",2024-12-05,2024-12-08,1,"quantile",0.25,379650.692945833
"1264","DE","15-34",2024-12-05,2024-12-08,1,"quantile",0.5,410418.33115315
"1265","DE","15-34",2024-12-05,2024-12-08,1,"quantile",0.75,445433.415814816
"1266","DE","15-34",2024-12-05,2024-12-08,1,"quantile",0.9,478851.865957424
"1267","DE","15-34",2024-12-05,2024-12-08,1,"quantile",0.975,518891.400312823
"1268","DE","15-34",2024-12-05,2024-12-15,2,"quantile",0.025,301970.26712262
"1269","DE","15-34",2024-12-05,2024-12-15,2,"quantile",0.1,333991.619464991
"1270","DE","15-34",2024-12-05,2024-12-15,2,"quantile",0.25,365943.779454979
"1271","DE","15-34",2024-12-05,2024-12-15,2,"quantile",0.5,401738.723283792
"1272","DE","15-34",2024-12-05,2024-12-15,2,"quantile",0.75,443185.560524169
"1273","DE","15-34",2024-12-05,2024-12-15,2,"quantile",0.9,485368.814038296
"1274","DE","15-34",2024-12-05,2024-12-15,2,"quantile",0.975,535125.290257438
"1275","DE","15-34",2024-12-05,2024-12-22,3,"quantile",0.025,250439.371935889
"1276","DE","15-34",2024-12-05,2024-12-22,3,"quantile",0.1,280440.779966519
"1277","DE","15-34",2024-12-05,2024-12-22,3,"quantile",0.25,309581.683226971
"1278","DE","15-34",2024-12-05,2024-12-22,3,"quantile",0.5,345972.237779172
"1279","DE","15-34",2024-12-05,2024-12-22,3,"quantile",0.75,385594.658899468
"1280","DE","15-34",2024-12-05,2024-12-22,3,"quantile",0.9,425366.589411703
"1281","DE","15-34",2024-12-05,2024-12-22,3,"quantile",0.975,479221.926875671
"1282","DE","15-34",2024-12-05,2024-12-29,4,"quantile",0.025,103407.522881492
"1283","DE","15-34",2024-12-05,2024-12-29,4,"quantile",0.1,115822.906077931
"1284","DE","15-34",2024-12-05,2024-12-29,4,"quantile",0.25,128597.688706003
"1285","DE","15-34",2024-12-05,2024-12-29,4,"quantile",0.5,144511.308876081
"1286","DE","15-34",2024-12-05,2024-12-29,4,"quantile",0.75,161887.352800529
"1287","DE","15-34",2024-12-05,2024-12-29,4,"quantile",0.9,178849.608833415
"1288","DE","15-34",2024-12-05,2024-12-29,4,"quantile",0.975,201460.494651986
"1289","DE","35-59",2024-12-05,2024-12-08,1,"quantile",0.025,386331.286801869
"1290","DE","35-59",2024-12-05,2024-12-08,1,"quantile",0.1,421990.063385911
"1291","DE","35-59",2024-12-05,2024-12-08,1,"quantile",0.25,454566.969210802
"1292","DE","35-59",2024-12-05,2024-12-08,1,"quantile",0.5,494153.799013586
"1293","DE","35-59",2024-12-05,2024-12-08,1,"quantile",0.75,538255.56834223
"1294","DE","35-59",2024-12-05,2024-12-08,1,"quantile",0.9,581817.246891276
"1295","DE","35-59",2024-12-05,2024-12-08,1,"quantile",0.975,628831.169226291
"1296","DE","35-59",2024-12-05,2024-12-15,2,"quantile",0.025,366936.96870576
"1297","DE","35-59",2024-12-05,2024-12-15,2,"quantile",0.1,407201.62267962
"1298","DE","35-59",2024-12-05,2024-12-15,2,"quantile",0.25,448172.080211636
"1299","DE","35-59",2024-12-05,2024-12-15,2,"quantile",0.5,502115.344240503
"1300","DE","35-59",2024-12-05,2024-12-15,2,"quantile",0.75,561460.447957711
"1301","DE","35-59",2024-12-05,2024-12-15,2,"quantile",0.9,623082.466303688
"1302","DE","35-59",2024-12-05,2024-12-15,2,"quantile",0.975,690575.479531393
"1303","DE","35-59",2024-12-05,2024-12-22,3,"quantile",0.025,289405.862430373
"1304","DE","35-59",2024-12-05,2024-12-22,3,"quantile",0.1,328018.166853557
"1305","DE","35-59",2024-12-05,2024-12-22,3,"quantile",0.25,367614.382483645
"1306","DE","35-59",2024-12-05,2024-12-22,3,"quantile",0.5,420177.968614019
"1307","DE","35-59",2024-12-05,2024-12-22,3,"quantile",0.75,479472.715361838
"1308","DE","35-59",2024-12-05,2024-12-22,3,"quantile",0.9,539287.104818178
"1309","DE","35-59",2024-12-05,2024-12-22,3,"quantile",0.975,614392.236296613
"1310","DE","35-59",2024-12-05,2024-12-29,4,"quantile",0.025,136930.403569654
"1311","DE","35-59",2024-12-05,2024-12-29,4,"quantile",0.1,158598.455498996
"1312","DE","35-59",2024-12-05,2024-12-29,4,"quantile",0.25,180427.292274913
"1313","DE","35-59",2024-12-05,2024-12-29,4,"quantile",0.5,208047.737533688
"1314","DE","35-59",2024-12-05,2024-12-29,4,"quantile",0.75,239144.580528824
"1315","DE","35-59",2024-12-05,2024-12-29,4,"quantile",0.9,270922.606551539
"1316","DE","35-59",2024-12-05,2024-12-29,4,"quantile",0.975,312179.167029345
"1317","DE","60+",2024-12-05,2024-12-08,1,"quantile",0.025,118530.081971333
"1318","DE","60+",2024-12-05,2024-12-08,1,"quantile",0.1,129368.818061464
"1319","DE","60+",2024-12-05,2024-12-08,1,"quantile",0.25,139158.208947122
"1320","DE","60+",2024-12-05,2024-12-08,1,"quantile",0.5,150509.983422264
"1321","DE","60+",2024-12-05,2024-12-08,1,"quantile",0.75,163870.866283451
"1322","DE","60+",2024-12-05,2024-12-08,1,"quantile",0.9,176598.748149752
"1323","DE","60+",2024-12-05,2024-12-08,1,"quantile",0.975,191984.203011608
"1324","DE","60+",2024-12-05,2024-12-15,2,"quantile",0.025,120180.956542961
"1325","DE","60+",2024-12-05,2024-12-15,2,"quantile",0.1,133930.863671947
"1326","DE","60+",2024-12-05,2024-12-15,2,"quantile",0.25,147804.678156165
"1327","DE","60+",2024-12-05,2024-12-15,2,"quantile",0.5,163777.472230675
"1328","DE","60+",2024-12-05,2024-12-15,2,"quantile",0.75,182163.281763597
"1329","DE","60+",2024-12-05,2024-12-15,2,"quantile",0.9,201432.086588796
"1330","DE","60+",2024-12-05,2024-12-15,2,"quantile",0.975,223878.291356814
"1331","DE","60+",2024-12-05,2024-12-22,3,"quantile",0.025,108899.140696045
"1332","DE","60+",2024-12-05,2024-12-22,3,"quantile",0.1,123618.377491345
"1333","DE","60+",2024-12-05,2024-12-22,3,"quantile",0.25,137734.7991853
"1334","DE","60+",2024-12-05,2024-12-22,3,"quantile",0.5,156513.507982075
"1335","DE","60+",2024-12-05,2024-12-22,3,"quantile",0.75,177864.524140729
"1336","DE","60+",2024-12-05,2024-12-22,3,"quantile",0.9,199291.876314099
"1337","DE","60+",2024-12-05,2024-12-22,3,"quantile",0.975,227658.783201231
"1338","DE","60+",2024-12-05,2024-12-29,4,"quantile",0.025,59354.1658416212
"1339","DE","60+",2024-12-05,2024-12-29,4,"quantile",0.1,67814.0082055186
"1340","DE","60+",2024-12-05,2024-12-29,4,"quantile",0.25,76514.8854635086
"1341","DE","60+",2024-12-05,2024-12-29,4,"quantile",0.5,87773.3904581877
"1342","DE","60+",2024-12-05,2024-12-29,4,"quantile",0.75,100763.562364694
"1343","DE","60+",2024-12-05,2024-12-29,4,"quantile",0.9,112776.988677338
"1344","DE","60+",2024-12-05,2024-12-29,4,"quantile",0.975,129058.346224763
"1345","DE","00+",2024-12-12,2024-12-15,1,"quantile",0.025,1176492.49156778
"1346","DE","00+",2024-12-12,2024-12-15,1,"quantile",0.1,1258804.15036482
"1347","DE","00+",2024-12-12,2024-12-15,1,"quantile",0.25,1335720.4400823
"1348","DE","00+",2024-12-12,2024-12-15,1,"quantile",0.5,1430066.4715332
"1349","DE","00+",2024-12-12,2024-12-15,1,"quantile",0.75,1530110.21432883
"1350","DE","00+",2024-12-12,2024-12-15,1,"quantile",0.9,1632185.80317217
"1351","DE","00+",2024-12-12,2024-12-15,1,"quantile",0.975,1746675.64727025
"1352","DE","00+",2024-12-12,2024-12-22,2,"quantile",0.025,988338.445731447
"1353","DE","00+",2024-12-12,2024-12-22,2,"quantile",0.1,1081723.21018831
"1354","DE","00+",2024-12-12,2024-12-22,2,"quantile",0.25,1171726.58022818
"1355","DE","00+",2024-12-12,2024-12-22,2,"quantile",0.5,1280537.41092154
"1356","DE","00+",2024-12-12,2024-12-22,2,"quantile",0.75,1404879.0593963
"1357","DE","00+",2024-12-12,2024-12-22,2,"quantile",0.9,1523786.35556153
"1358","DE","00+",2024-12-12,2024-12-22,2,"quantile",0.975,1672030.98771378
"1359","DE","00+",2024-12-12,2024-12-29,3,"quantile",0.025,468695.715761126
"1360","DE","00+",2024-12-12,2024-12-29,3,"quantile",0.1,518725.135321457
"1361","DE","00+",2024-12-12,2024-12-29,3,"quantile",0.25,571636.378463927
"1362","DE","00+",2024-12-12,2024-12-29,3,"quantile",0.5,633744.844007204
"1363","DE","00+",2024-12-12,2024-12-29,3,"quantile",0.75,707102.749331484
"1364","DE","00+",2024-12-12,2024-12-29,3,"quantile",0.9,775468.961255513
"1365","DE","00+",2024-12-12,2024-12-29,3,"quantile",0.975,868173.112491152
"1366","DE","00+",2024-12-12,2025-01-05,4,"quantile",0.025,807303.183704819
"1367","DE","00+",2024-12-12,2025-01-05,4,"quantile",0.1,901116.108309904
"1368","DE","00+",2024-12-12,2025-01-05,4,"quantile",0.25,1002803.10700976
"1369","DE","00+",2024-12-12,2025-01-05,4,"quantile",0.5,1123631.92735601
"1370","DE","00+",2024-12-12,2025-01-05,4,"quantile",0.75,1252587.08576155
"1371","DE","00+",2024-12-12,2025-01-05,4,"quantile",0.9,1387664.86046311
"1372","DE","00+",2024-12-12,2025-01-05,4,"quantile",0.975,1562947.94438876
"1373","DE","00-04",2024-12-12,2024-12-15,1,"quantile",0.025,185365.180193956
"1374","DE","00-04",2024-12-12,2024-12-15,1,"quantile",0.1,195519.426781423
"1375","DE","00-04",2024-12-12,2024-12-15,1,"quantile",0.25,204786.423998267
"1376","DE","00-04",2024-12-12,2024-12-15,1,"quantile",0.5,215139.509398184
"1377","DE","00-04",2024-12-12,2024-12-15,1,"quantile",0.75,226117.35899947
"1378","DE","00-04",2024-12-12,2024-12-15,1,"quantile",0.9,236527.652983167
"1379","DE","00-04",2024-12-12,2024-12-15,1,"quantile",0.975,248306.658735904
"1380","DE","00-04",2024-12-12,2024-12-22,2,"quantile",0.025,181680.539677052
"1381","DE","00-04",2024-12-12,2024-12-22,2,"quantile",0.1,193165.186134229
"1382","DE","00-04",2024-12-12,2024-12-22,2,"quantile",0.25,204856.494547032
"1383","DE","00-04",2024-12-12,2024-12-22,2,"quantile",0.5,217691.562023116
"1384","DE","00-04",2024-12-12,2024-12-22,2,"quantile",0.75,231641.743797375
"1385","DE","00-04",2024-12-12,2024-12-22,2,"quantile",0.9,245135.853503496
"1386","DE","00-04",2024-12-12,2024-12-22,2,"quantile",0.975,261258.171074605
"1387","DE","00-04",2024-12-12,2024-12-29,3,"quantile",0.025,101690.012622925
"1388","DE","00-04",2024-12-12,2024-12-29,3,"quantile",0.1,109381.743139871
"1389","DE","00-04",2024-12-12,2024-12-29,3,"quantile",0.25,116253.733024671
"1390","DE","00-04",2024-12-12,2024-12-29,3,"quantile",0.5,124708.727348638
"1391","DE","00-04",2024-12-12,2024-12-29,3,"quantile",0.75,133708.23444174
"1392","DE","00-04",2024-12-12,2024-12-29,3,"quantile",0.9,142291.572131357
"1393","DE","00-04",2024-12-12,2024-12-29,3,"quantile",0.975,153534.556130514
"1394","DE","00-04",2024-12-12,2025-01-05,4,"quantile",0.025,114882.164301948
"1395","DE","00-04",2024-12-12,2025-01-05,4,"quantile",0.1,124504.823511643
"1396","DE","00-04",2024-12-12,2025-01-05,4,"quantile",0.25,133297.839846052
"1397","DE","00-04",2024-12-12,2025-01-05,4,"quantile",0.5,143330.9952691
"1398","DE","00-04",2024-12-12,2025-01-05,4,"quantile",0.75,154560.019691072
"1399","DE","00-04",2024-12-12,2025-01-05,4,"quantile",0.9,165537.283751776
"1400","DE","00-04",2024-12-12,2025-01-05,4,"quantile",0.975,178584.656149227
"1401","DE","05-14",2024-12-12,2024-12-15,1,"quantile",0.025,156366.537528757
"1402","DE","05-14",2024-12-12,2024-12-15,1,"quantile",0.1,169344.704632474
"1403","DE","05-14",2024-12-12,2024-12-15,1,"quantile",0.25,181114.855364443
"1404","DE","05-14",2024-12-12,2024-12-15,1,"quantile",0.5,195197.420346053
"1405","DE","05-14",2024-12-12,2024-12-15,1,"quantile",0.75,210740.354309983
"1406","DE","05-14",2024-12-12,2024-12-15,1,"quantile",0.9,226553.657797063
"1407","DE","05-14",2024-12-12,2024-12-15,1,"quantile",0.975,244838.178266737
"1408","DE","05-14",2024-12-12,2024-12-22,2,"quantile",0.025,133674.813722894
"1409","DE","05-14",2024-12-12,2024-12-22,2,"quantile",0.1,147766.918261666
"1410","DE","05-14",2024-12-12,2024-12-22,2,"quantile",0.25,161833.986382047
"1411","DE","05-14",2024-12-12,2024-12-22,2,"quantile",0.5,178226.913134702
"1412","DE","05-14",2024-12-12,2024-12-22,2,"quantile",0.75,197562.895304134
"1413","DE","05-14",2024-12-12,2024-12-22,2,"quantile",0.9,216429.556375983
"1414","DE","05-14",2024-12-12,2024-12-22,2,"quantile",0.975,238476.611176047
"1415","DE","05-14",2024-12-12,2024-12-29,3,"quantile",0.025,54941.4383323614
"1416","DE","05-14",2024-12-12,2024-12-29,3,"quantile",0.1,61640.1645501671
"1417","DE","05-14",2024-12-12,2024-12-29,3,"quantile",0.25,68226.7353119677
"1418","DE","05-14",2024-12-12,2024-12-29,3,"quantile",0.5,76666.3838491556
"1419","DE","05-14",2024-12-12,2024-12-29,3,"quantile",0.75,86207.6277309625
"1420","DE","05-14",2024-12-12,2024-12-29,3,"quantile",0.9,95336.0316978297
"1421","DE","05-14",2024-12-12,2024-12-29,3,"quantile",0.975,107417.887662332
"1422","DE","05-14",2024-12-12,2025-01-05,4,"quantile",0.025,70632.5807843347
"1423","DE","05-14",2024-12-12,2025-01-05,4,"quantile",0.1,79508.087878135
"1424","DE","05-14",2024-12-12,2025-01-05,4,"quantile",0.25,88916.737938439
"1425","DE","05-14",2024-12-12,2025-01-05,4,"quantile",0.5,100676.960747567
"1426","DE","05-14",2024-12-12,2025-01-05,4,"quantile",0.75,112942.120172034
"1427","DE","05-14",2024-12-12,2025-01-05,4,"quantile",0.9,125999.056893339
"1428","DE","05-14",2024-12-12,2025-01-05,4,"quantile",0.975,143339.917239519
"1429","DE","15-34",2024-12-12,2024-12-15,1,"quantile",0.025,311715.707085653
"1430","DE","15-34",2024-12-12,2024-12-15,1,"quantile",0.1,339439.120659377
"1431","DE","15-34",2024-12-12,2024-12-15,1,"quantile",0.25,364920.785492881
"1432","DE","15-34",2024-12-12,2024-12-15,1,"quantile",0.5,395508.26610133
"1433","DE","15-34",2024-12-12,2024-12-15,1,"quantile",0.75,427819.923851812
"1434","DE","15-34",2024-12-12,2024-12-15,1,"quantile",0.9,459205.345154956
"1435","DE","15-34",2024-12-12,2024-12-15,1,"quantile",0.975,495523.945224548
"1436","DE","15-34",2024-12-12,2024-12-22,2,"quantile",0.025,254995.571496614
"1437","DE","15-34",2024-12-12,2024-12-22,2,"quantile",0.1,281858.935875987
"1438","DE","15-34",2024-12-12,2024-12-22,2,"quantile",0.25,309128.080705818
"1439","DE","15-34",2024-12-12,2024-12-22,2,"quantile",0.5,340037.395120842
"1440","DE","15-34",2024-12-12,2024-12-22,2,"quantile",0.75,373951.067619788
"1441","DE","15-34",2024-12-12,2024-12-22,2,"quantile",0.9,408583.698222412
"1442","DE","15-34",2024-12-12,2024-12-22,2,"quantile",0.975,453229.48000293
"1443","DE","15-34",2024-12-12,2024-12-29,3,"quantile",0.025,103885.262932835
"1444","DE","15-34",2024-12-12,2024-12-29,3,"quantile",0.1,116158.975077104
"1445","DE","15-34",2024-12-12,2024-12-29,3,"quantile",0.25,128175.985836089
"1446","DE","15-34",2024-12-12,2024-12-29,3,"quantile",0.5,142641.851089982
"1447","DE","15-34",2024-12-12,2024-12-29,3,"quantile",0.75,158655.697674643
"1448","DE","15-34",2024-12-12,2024-12-29,3,"quantile",0.9,175431.679608532
"1449","DE","15-34",2024-12-12,2024-12-29,3,"quantile",0.975,197213.767171895
"1450","DE","15-34",2024-12-12,2025-01-05,4,"quantile",0.025,207770.08758569
"1451","DE","15-34",2024-12-12,2025-01-05,4,"quantile",0.1,235298.759130265
"1452","DE","15-34",2024-12-12,2025-01-05,4,"quantile",0.25,261495.074608546
"1453","DE","15-34",2024-12-12,2025-01-05,4,"quantile",0.5,292128.768494922
"1454","DE","15-34",2024-12-12,2025-01-05,4,"quantile",0.75,328286.996966662
"1455","DE","15-34",2024-12-12,2025-01-05,4,"quantile",0.9,364057.778964969
"1456","DE","15-34",2024-12-12,2025-01-05,4,"quantile",0.975,408699.180027163
"1457","DE","35-59",2024-12-12,2024-12-15,1,"quantile",0.025,374372.759105148
"1458","DE","35-59",2024-12-12,2024-12-15,1,"quantile",0.1,406456.870503106
"1459","DE","35-59",2024-12-12,2024-12-15,1,"quantile",0.25,437553.302772537
"1460","DE","35-59",2024-12-12,2024-12-15,1,"quantile",0.5,475272.269878833
"1461","DE","35-59",2024-12-12,2024-12-15,1,"quantile",0.75,516643.562817149
"1462","DE","35-59",2024-12-12,2024-12-15,1,"quantile",0.9,559392.698823283
"1463","DE","35-59",2024-12-12,2024-12-15,1,"quantile",0.975,607134.930228225
"1464","DE","35-59",2024-12-12,2024-12-22,2,"quantile",0.025,286506.188784085
"1465","DE","35-59",2024-12-12,2024-12-22,2,"quantile",0.1,321643.47908934
"1466","DE","35-59",2024-12-12,2024-12-22,2,"quantile",0.25,354429.483562457
"1467","DE","35-59",2024-12-12,2024-12-22,2,"quantile",0.5,395519.731000573
"1468","DE","35-59",2024-12-12,2024-12-22,2,"quantile",0.75,443016.299904002
"1469","DE","35-59",2024-12-12,2024-12-22,2,"quantile",0.9,490923.430495972
"1470","DE","35-59",2024-12-12,2024-12-22,2,"quantile",0.975,551196.049641893
"1471","DE","35-59",2024-12-12,2024-12-29,3,"quantile",0.025,136492.700624855
"1472","DE","35-59",2024-12-12,2024-12-29,3,"quantile",0.1,155405.80243615
"1473","DE","35-59",2024-12-12,2024-12-29,3,"quantile",0.25,174874.514496378
"1474","DE","35-59",2024-12-12,2024-12-29,3,"quantile",0.5,199489.212609943
"1475","DE","35-59",2024-12-12,2024-12-29,3,"quantile",0.75,227996.642760972
"1476","DE","35-59",2024-12-12,2024-12-29,3,"quantile",0.9,256083.668391737
"1477","DE","35-59",2024-12-12,2024-12-29,3,"quantile",0.975,294809.21206466
"1478","DE","35-59",2024-12-12,2025-01-05,4,"quantile",0.025,271410.982943493
"1479","DE","35-59",2024-12-12,2025-01-05,4,"quantile",0.1,310651.066745219
"1480","DE","35-59",2024-12-12,2025-01-05,4,"quantile",0.25,355666.133429234
"1481","DE","35-59",2024-12-12,2025-01-05,4,"quantile",0.5,410237.687844695
"1482","DE","35-59",2024-12-12,2025-01-05,4,"quantile",0.75,469914.770176362
"1483","DE","35-59",2024-12-12,2025-01-05,4,"quantile",0.9,534733.252771534
"1484","DE","35-59",2024-12-12,2025-01-05,4,"quantile",0.975,621567.959037762
"1485","DE","60+",2024-12-12,2024-12-15,1,"quantile",0.025,129080.887751287
"1486","DE","60+",2024-12-12,2024-12-15,1,"quantile",0.1,140286.674414018
"1487","DE","60+",2024-12-12,2024-12-15,1,"quantile",0.25,151247.796893978
"1488","DE","60+",2024-12-12,2024-12-15,1,"quantile",0.5,164322.582250445
"1489","DE","60+",2024-12-12,2024-12-15,1,"quantile",0.75,178128.18165872
"1490","DE","60+",2024-12-12,2024-12-15,1,"quantile",0.9,191944.544153367
"1491","DE","60+",2024-12-12,2024-12-15,1,"quantile",0.975,207743.091763149
"1492","DE","60+",2024-12-12,2024-12-22,2,"quantile",0.025,114642.087419358
"1493","DE","60+",2024-12-12,2024-12-22,2,"quantile",0.1,127449.329255202
"1494","DE","60+",2024-12-12,2024-12-22,2,"quantile",0.25,140934.95990424
"1495","DE","60+",2024-12-12,2024-12-22,2,"quantile",0.5,157000.13586056
"1496","DE","60+",2024-12-12,2024-12-22,2,"quantile",0.75,175256.979961032
"1497","DE","60+",2024-12-12,2024-12-22,2,"quantile",0.9,193251.29158126
"1498","DE","60+",2024-12-12,2024-12-22,2,"quantile",0.975,215291.840590158
"1499","DE","60+",2024-12-12,2024-12-29,3,"quantile",0.025,61083.320115893
"1500","DE","60+",2024-12-12,2024-12-29,3,"quantile",0.1,69371.78069401
"1501","DE","60+",2024-12-12,2024-12-29,3,"quantile",0.25,77233.9550526459
"1502","DE","60+",2024-12-12,2024-12-29,3,"quantile",0.5,87854.021963171
"1503","DE","60+",2024-12-12,2024-12-29,3,"quantile",0.75,99547.6979737434
"1504","DE","60+",2024-12-12,2024-12-29,3,"quantile",0.9,111299.812072871
"1505","DE","60+",2024-12-12,2024-12-29,3,"quantile",0.975,126534.899390277
"1506","DE","60+",2024-12-12,2025-01-05,4,"quantile",0.025,119136.967706366
"1507","DE","60+",2024-12-12,2025-01-05,4,"quantile",0.1,137949.928246255
"1508","DE","60+",2024-12-12,2025-01-05,4,"quantile",0.25,156282.688104291
"1509","DE","60+",2024-12-12,2025-01-05,4,"quantile",0.5,178170.75825909
"1510","DE","60+",2024-12-12,2025-01-05,4,"quantile",0.75,204405.374920881
"1511","DE","60+",2024-12-12,2025-01-05,4,"quantile",0.9,231110.923121329
"1512","DE","60+",2024-12-12,2025-01-05,4,"quantile",0.975,266528.587675946
"1513","DE","00+",2024-12-19,2024-12-22,1,"quantile",0.025,1060453.19319213
"1514","DE","00+",2024-12-19,2024-12-22,1,"quantile",0.1,1134570.34776292
"1515","DE","00+",2024-12-19,2024-12-22,1,"quantile",0.25,1207479.66352994
"1516","DE","00+",2024-12-19,2024-12-22,1,"quantile",0.5,1295116.28619606
"1517","DE","00+",2024-12-19,2024-12-22,1,"quantile",0.75,1388920.20449253
"1518","DE","00+",2024-12-19,2024-12-22,1,"quantile",0.9,1473865.38382376
"1519","DE","00+",2024-12-19,2024-12-22,1,"quantile",0.975,1578256.17618178
"1520","DE","00+",2024-12-19,2024-12-29,2,"quantile",0.025,492358.937393492
"1521","DE","00+",2024-12-19,2024-12-29,2,"quantile",0.1,537761.959332486
"1522","DE","00+",2024-12-19,2024-12-29,2,"quantile",0.25,583694.272983284
"1523","DE","00+",2024-12-19,2024-12-29,2,"quantile",0.5,637833.295798061
"1524","DE","00+",2024-12-19,2024-12-29,2,"quantile",0.75,696695.620099317
"1525","DE","00+",2024-12-19,2024-12-29,2,"quantile",0.9,756666.012420638
"1526","DE","00+",2024-12-19,2024-12-29,2,"quantile",0.975,823442.187590823
"1527","DE","00+",2024-12-19,2025-01-05,3,"quantile",0.025,834179.876682726
"1528","DE","00+",2024-12-19,2025-01-05,3,"quantile",0.1,921194.084566999
"1529","DE","00+",2024-12-19,2025-01-05,3,"quantile",0.25,1010706.82330366
"1530","DE","00+",2024-12-19,2025-01-05,3,"quantile",0.5,1118530.91092974
"1531","DE","00+",2024-12-19,2025-01-05,3,"quantile",0.75,1246644.94459698
"1532","DE","00+",2024-12-19,2025-01-05,3,"quantile",0.9,1366213.2317552
"1533","DE","00+",2024-12-19,2025-01-05,3,"quantile",0.975,1514937.61893746
"1534","DE","00+",2024-12-19,2025-01-12,4,"quantile",0.025,1044984.14632988
"1535","DE","00+",2024-12-19,2025-01-12,4,"quantile",0.1,1166767.87523954
"1536","DE","00+",2024-12-19,2025-01-12,4,"quantile",0.25,1285455.5510996
"1537","DE","00+",2024-12-19,2025-01-12,4,"quantile",0.5,1440695.42367496
"1538","DE","00+",2024-12-19,2025-01-12,4,"quantile",0.75,1609142.38962239
"1539","DE","00+",2024-12-19,2025-01-12,4,"quantile",0.9,1782311.15557891
"1540","DE","00+",2024-12-19,2025-01-12,4,"quantile",0.975,1992556.8033753
"1541","DE","00-04",2024-12-19,2024-12-22,1,"quantile",0.025,188360.003001317
"1542","DE","00-04",2024-12-19,2024-12-22,1,"quantile",0.1,197621.197795984
"1543","DE","00-04",2024-12-19,2024-12-22,1,"quantile",0.25,207160.279393
"1544","DE","00-04",2024-12-19,2024-12-22,1,"quantile",0.5,217679.338845505
"1545","DE","00-04",2024-12-19,2024-12-22,1,"quantile",0.75,228448.631420764
"1546","DE","00-04",2024-12-19,2024-12-22,1,"quantile",0.9,238461.633654856
"1547","DE","00-04",2024-12-19,2024-12-22,1,"quantile",0.975,250350.500901649
"1548","DE","00-04",2024-12-19,2024-12-29,2,"quantile",0.025,104517.450843011
"1549","DE","00-04",2024-12-19,2024-12-29,2,"quantile",0.1,111181.04724936
"1550","DE","00-04",2024-12-19,2024-12-29,2,"quantile",0.25,117137.231630264
"1551","DE","00-04",2024-12-19,2024-12-29,2,"quantile",0.5,124617.206209588
"1552","DE","00-04",2024-12-19,2024-12-29,2,"quantile",0.75,132172.035661972
"1553","DE","00-04",2024-12-19,2024-12-29,2,"quantile",0.9,139414.633268784
"1554","DE","00-04",2024-12-19,2024-12-29,2,"quantile",0.975,148852.064820232
"1555","DE","00-04",2024-12-19,2025-01-05,3,"quantile",0.025,117161.72199324
"1556","DE","00-04",2024-12-19,2025-01-05,3,"quantile",0.1,125863.315594465
"1557","DE","00-04",2024-12-19,2025-01-05,3,"quantile",0.25,133974.215138334
"1558","DE","00-04",2024-12-19,2025-01-05,3,"quantile",0.5,143484.49994634
"1559","DE","00-04",2024-12-19,2025-01-05,3,"quantile",0.75,153614.902145014
"1560","DE","00-04",2024-12-19,2025-01-05,3,"quantile",0.9,163587.046852498
"1561","DE","00-04",2024-12-19,2025-01-05,3,"quantile",0.975,175328.70731087
"1562","DE","00-04",2024-12-19,2025-01-12,4,"quantile",0.025,137707.075735644
"1563","DE","00-04",2024-12-19,2025-01-12,4,"quantile",0.1,147521.597678154
"1564","DE","00-04",2024-12-19,2025-01-12,4,"quantile",0.25,157598.502761465
"1565","DE","00-04",2024-12-19,2025-01-12,4,"quantile",0.5,169754.443925687
"1566","DE","00-04",2024-12-19,2025-01-12,4,"quantile",0.75,183209.741247821
"1567","DE","00-04",2024-12-19,2025-01-12,4,"quantile",0.9,196257.04690918
"1568","DE","00-04",2024-12-19,2025-01-12,4,"quantile",0.975,212232.883750067
"1569","DE","05-14",2024-12-19,2024-12-22,1,"quantile",0.025,140348.229470319
"1570","DE","05-14",2024-12-19,2024-12-22,1,"quantile",0.1,151309.542980434
"1571","DE","05-14",2024-12-19,2024-12-22,1,"quantile",0.25,162660.848508683
"1572","DE","05-14",2024-12-19,2024-12-22,1,"quantile",0.5,175626.519766675
"1573","DE","05-14",2024-12-19,2024-12-22,1,"quantile",0.75,189396.338364493
"1574","DE","05-14",2024-12-19,2024-12-22,1,"quantile",0.9,202728.052402154
"1575","DE","05-14",2024-12-19,2024-12-22,1,"quantile",0.975,219239.732176993
"1576","DE","05-14",2024-12-19,2024-12-29,2,"quantile",0.025,56218.2834038938
"1577","DE","05-14",2024-12-19,2024-12-29,2,"quantile",0.1,62114.1801500184
"1578","DE","05-14",2024-12-19,2024-12-29,2,"quantile",0.25,68143.7753446324
"1579","DE","05-14",2024-12-19,2024-12-29,2,"quantile",0.5,75111.1656042601
"1580","DE","05-14",2024-12-19,2024-12-29,2,"quantile",0.75,82852.0175559984
"1581","DE","05-14",2024-12-19,2024-12-29,2,"quantile",0.9,90835.5062359287
"1582","DE","05-14",2024-12-19,2024-12-29,2,"quantile",0.975,99121.2046863012
"1583","DE","05-14",2024-12-19,2025-01-05,3,"quantile",0.025,70967.2241959691
"1584","DE","05-14",2024-12-19,2025-01-05,3,"quantile",0.1,79529.0533193822
"1585","DE","05-14",2024-12-19,2025-01-05,3,"quantile",0.25,87958.2849710073
"1586","DE","05-14",2024-12-19,2025-01-05,3,"quantile",0.5,98210.3050453637
"1587","DE","05-14",2024-12-19,2025-01-05,3,"quantile",0.75,110377.509845179
"1588","DE","05-14",2024-12-19,2025-01-05,3,"quantile",0.9,122261.450076757
"1589","DE","05-14",2024-12-19,2025-01-05,3,"quantile",0.975,136467.115382367
"1590","DE","05-14",2024-12-19,2025-01-12,4,"quantile",0.025,101347.300707155
"1591","DE","05-14",2024-12-19,2025-01-12,4,"quantile",0.1,114289.35350431
"1592","DE","05-14",2024-12-19,2025-01-12,4,"quantile",0.25,127007.995837203
"1593","DE","05-14",2024-12-19,2025-01-12,4,"quantile",0.5,143241.798244924
"1594","DE","05-14",2024-12-19,2025-01-12,4,"quantile",0.75,161334.476093896
"1595","DE","05-14",2024-12-19,2025-01-12,4,"quantile",0.9,180081.100507373
"1596","DE","05-14",2024-12-19,2025-01-12,4,"quantile",0.975,202474.673725411
"1597","DE","15-34",2024-12-19,2024-12-22,1,"quantile",0.025,283966.080343127
"1598","DE","15-34",2024-12-19,2024-12-22,1,"quantile",0.1,306968.487964361
"1599","DE","15-34",2024-12-19,2024-12-22,1,"quantile",0.25,329931.365345971
"1600","DE","15-34",2024-12-19,2024-12-22,1,"quantile",0.5,357154.7608017
"1601","DE","15-34",2024-12-19,2024-12-22,1,"quantile",0.75,385314.01449063
"1602","DE","15-34",2024-12-19,2024-12-22,1,"quantile",0.9,412409.818131
"1603","DE","15-34",2024-12-19,2024-12-22,1,"quantile",0.975,446169.070614082
"1604","DE","15-34",2024-12-19,2024-12-29,2,"quantile",0.025,113268.25024368
"1605","DE","15-34",2024-12-19,2024-12-29,2,"quantile",0.1,124483.57156667
"1606","DE","15-34",2024-12-19,2024-12-29,2,"quantile",0.25,135327.012290224
"1607","DE","15-34",2024-12-19,2024-12-29,2,"quantile",0.5,149029.869543089
"1608","DE","15-34",2024-12-19,2024-12-29,2,"quantile",0.75,163520.129235843
"1609","DE","15-34",2024-12-19,2024-12-29,2,"quantile",0.9,178021.310592193
"1610","DE","15-34",2024-12-19,2024-12-29,2,"quantile",0.975,196602.230027782
"1611","DE","15-34",2024-12-19,2025-01-05,3,"quantile",0.025,220909.477154241
"1612","DE","15-34",2024-12-19,2025-01-05,3,"quantile",0.1,246938.5197697
"1613","DE","15-34",2024-12-19,2025-01-05,3,"quantile",0.25,271704.963080032
"1614","DE","15-34",2024-12-19,2025-01-05,3,"quantile",0.5,302490.048106193
"1615","DE","15-34",2024-12-19,2025-01-05,3,"quantile",0.75,336077.915916195
"1616","DE","15-34",2024-12-19,2025-01-05,3,"quantile",0.9,370843.831076526
"1617","DE","15-34",2024-12-19,2025-01-05,3,"quantile",0.975,412154.080776775
"1618","DE","15-34",2024-12-19,2025-01-12,4,"quantile",0.025,301273.246410606
"1619","DE","15-34",2024-12-19,2025-01-12,4,"quantile",0.1,333812.123941668
"1620","DE","15-34",2024-12-19,2025-01-12,4,"quantile",0.25,368928.403059722
"1621","DE","15-34",2024-12-19,2025-01-12,4,"quantile",0.5,413696.02413364
"1622","DE","15-34",2024-12-19,2025-01-12,4,"quantile",0.75,464685.706092082
"1623","DE","15-34",2024-12-19,2025-01-12,4,"quantile",0.9,517268.573179546
"1624","DE","15-34",2024-12-19,2025-01-12,4,"quantile",0.975,584823.950244593
"1625","DE","35-59",2024-12-19,2024-12-22,1,"quantile",0.025,313530.607593074
"1626","DE","35-59",2024-12-19,2024-12-22,1,"quantile",0.1,341779.637749067
"1627","DE","35-59",2024-12-19,2024-12-22,1,"quantile",0.25,368385.570698939
"1628","DE","35-59",2024-12-19,2024-12-22,1,"quantile",0.5,401175.007434847
"1629","DE","35-59",2024-12-19,2024-12-22,1,"quantile",0.75,436765.279583113
"1630","DE","35-59",2024-12-19,2024-12-22,1,"quantile",0.9,469690.130776053
"1631","DE","35-59",2024-12-19,2024-12-22,1,"quantile",0.975,511622.847203393
"1632","DE","35-59",2024-12-19,2024-12-29,2,"quantile",0.025,145601.899845482
"1633","DE","35-59",2024-12-19,2024-12-29,2,"quantile",0.1,162341.243033928
"1634","DE","35-59",2024-12-19,2024-12-29,2,"quantile",0.25,179658.335216153
"1635","DE","35-59",2024-12-19,2024-12-29,2,"quantile",0.5,200450.278369815
"1636","DE","35-59",2024-12-19,2024-12-29,2,"quantile",0.75,223898.00460581
"1637","DE","35-59",2024-12-19,2024-12-29,2,"quantile",0.9,247364.97996656
"1638","DE","35-59",2024-12-19,2024-12-29,2,"quantile",0.975,274765.293146112
"1639","DE","35-59",2024-12-19,2025-01-05,3,"quantile",0.025,282288.120514918
"1640","DE","35-59",2024-12-19,2025-01-05,3,"quantile",0.1,320646.511908716
"1641","DE","35-59",2024-12-19,2025-01-05,3,"quantile",0.25,359183.443923619
"1642","DE","35-59",2024-12-19,2025-01-05,3,"quantile",0.5,408172.359023813
"1643","DE","35-59",2024-12-19,2025-01-05,3,"quantile",0.75,466941.358427417
"1644","DE","35-59",2024-12-19,2025-01-05,3,"quantile",0.9,523760.926266587
"1645","DE","35-59",2024-12-19,2025-01-05,3,"quantile",0.975,593954.1675758
"1646","DE","35-59",2024-12-19,2025-01-12,4,"quantile",0.025,343985.128068565
"1647","DE","35-59",2024-12-19,2025-01-12,4,"quantile",0.1,395831.450106171
"1648","DE","35-59",2024-12-19,2025-01-12,4,"quantile",0.25,447499.983345593
"1649","DE","35-59",2024-12-19,2025-01-12,4,"quantile",0.5,514741.018755788
"1650","DE","35-59",2024-12-19,2025-01-12,4,"quantile",0.75,593002.253411503
"1651","DE","35-59",2024-12-19,2025-01-12,4,"quantile",0.9,672756.627008325
"1652","DE","35-59",2024-12-19,2025-01-12,4,"quantile",0.975,774713.734853513
"1653","DE","60+",2024-12-19,2024-12-22,1,"quantile",0.025,120541.476419146
"1654","DE","60+",2024-12-19,2024-12-22,1,"quantile",0.1,130578.296127257
"1655","DE","60+",2024-12-19,2024-12-22,1,"quantile",0.25,140777.994790963
"1656","DE","60+",2024-12-19,2024-12-22,1,"quantile",0.5,152600.787537457
"1657","DE","60+",2024-12-19,2024-12-22,1,"quantile",0.75,165514.643213112
"1658","DE","60+",2024-12-19,2024-12-22,1,"quantile",0.9,177891.309901603
"1659","DE","60+",2024-12-19,2024-12-22,1,"quantile",0.975,193430.621022503
"1660","DE","60+",2024-12-19,2024-12-29,2,"quantile",0.025,62864.2940784346
"1661","DE","60+",2024-12-19,2024-12-29,2,"quantile",0.1,70124.3953962872
"1662","DE","60+",2024-12-19,2024-12-29,2,"quantile",0.25,76798.4113191515
"1663","DE","60+",2024-12-19,2024-12-29,2,"quantile",0.5,85586.9644225492
"1664","DE","60+",2024-12-19,2024-12-29,2,"quantile",0.75,94705.49146489
"1665","DE","60+",2024-12-19,2024-12-29,2,"quantile",0.9,104112.368861282
"1666","DE","60+",2024-12-19,2024-12-29,2,"quantile",0.975,116184.846940749
"1667","DE","60+",2024-12-19,2025-01-05,3,"quantile",0.025,122595.073727556
"1668","DE","60+",2024-12-19,2025-01-05,3,"quantile",0.1,138638.847177143
"1669","DE","60+",2024-12-19,2025-01-05,3,"quantile",0.25,155002.221677029
"1670","DE","60+",2024-12-19,2025-01-05,3,"quantile",0.5,174951.215959059
"1671","DE","60+",2024-12-19,2025-01-05,3,"quantile",0.75,198102.977734199
"1672","DE","60+",2024-12-19,2025-01-05,3,"quantile",0.9,221188.430270662
"1673","DE","60+",2024-12-19,2025-01-05,3,"quantile",0.975,251209.705705035
"1674","DE","60+",2024-12-19,2025-01-12,4,"quantile",0.025,144070.547727573
"1675","DE","60+",2024-12-19,2025-01-12,4,"quantile",0.1,163676.351759026
"1676","DE","60+",2024-12-19,2025-01-12,4,"quantile",0.25,184313.747359861
"1677","DE","60+",2024-12-19,2025-01-12,4,"quantile",0.5,210665.47894218
"1678","DE","60+",2024-12-19,2025-01-12,4,"quantile",0.75,241486.895399298
"1679","DE","60+",2024-12-19,2025-01-12,4,"quantile",0.9,273991.205466116
"1680","DE","60+",2024-12-19,2025-01-12,4,"quantile",0.975,315624.271239248
"1681","DE","00+",2025-01-09,2025-01-12,1,"quantile",0.025,867547.715564422
"1682","DE","00+",2025-01-09,2025-01-12,1,"quantile",0.1,926224.146189769
"1683","DE","00+",2025-01-09,2025-01-12,1,"quantile",0.25,984668.048065156
"1684","DE","00+",2025-01-09,2025-01-12,1,"quantile",0.5,1055148.8972585
"1685","DE","00+",2025-01-09,2025-01-12,1,"quantile",0.75,1129394.36313224
"1686","DE","00+",2025-01-09,2025-01-12,1,"quantile",0.9,1202982.26576835
"1687","DE","00+",2025-01-09,2025-01-12,1,"quantile",0.975,1287747.74788924
"1688","DE","00+",2025-01-09,2025-01-19,2,"quantile",0.025,885688.692285099
"1689","DE","00+",2025-01-09,2025-01-19,2,"quantile",0.1,965088.911392669
"1690","DE","00+",2025-01-09,2025-01-19,2,"quantile",0.25,1043745.99371911
"1691","DE","00+",2025-01-09,2025-01-19,2,"quantile",0.5,1142465.7288486
"1692","DE","00+",2025-01-09,2025-01-19,2,"quantile",0.75,1245512.56402289
"1693","DE","00+",2025-01-09,2025-01-19,2,"quantile",0.9,1344952.66298621
"1694","DE","00+",2025-01-09,2025-01-19,2,"quantile",0.975,1472108.33792209
"1695","DE","00+",2025-01-09,2025-01-26,3,"quantile",0.025,1044430.02860243
"1696","DE","00+",2025-01-09,2025-01-26,3,"quantile",0.1,1161514.9226635
"1697","DE","00+",2025-01-09,2025-01-26,3,"quantile",0.25,1276295.83211398
"1698","DE","00+",2025-01-09,2025-01-26,3,"quantile",0.5,1414561.06473558
"1699","DE","00+",2025-01-09,2025-01-26,3,"quantile",0.75,1565521.83728147
"1700","DE","00+",2025-01-09,2025-01-26,3,"quantile",0.9,1714437.82171676
"1701","DE","00+",2025-01-09,2025-01-26,3,"quantile",0.975,1892125.2599212
"1702","DE","00+",2025-01-09,2025-02-02,4,"quantile",0.025,1204251.65570805
"1703","DE","00+",2025-01-09,2025-02-02,4,"quantile",0.1,1355884.64145514
"1704","DE","00+",2025-01-09,2025-02-02,4,"quantile",0.25,1500911.34724928
"1705","DE","00+",2025-01-09,2025-02-02,4,"quantile",0.5,1685468.07653847
"1706","DE","00+",2025-01-09,2025-02-02,4,"quantile",0.75,1874457.72404246
"1707","DE","00+",2025-01-09,2025-02-02,4,"quantile",0.9,2065461.5204189
"1708","DE","00+",2025-01-09,2025-02-02,4,"quantile",0.975,2313770.95753508
"1709","DE","00-04",2025-01-09,2025-01-12,1,"quantile",0.025,111842.866421793
"1710","DE","00-04",2025-01-09,2025-01-12,1,"quantile",0.1,117780.817409529
"1711","DE","00-04",2025-01-09,2025-01-12,1,"quantile",0.25,123092.782788202
"1712","DE","00-04",2025-01-09,2025-01-12,1,"quantile",0.5,129241.315212775
"1713","DE","00-04",2025-01-09,2025-01-12,1,"quantile",0.75,135961.833898274
"1714","DE","00-04",2025-01-09,2025-01-12,1,"quantile",0.9,141850.412302372
"1715","DE","00-04",2025-01-09,2025-01-12,1,"quantile",0.975,149328.238485392
"1716","DE","00-04",2025-01-09,2025-01-19,2,"quantile",0.025,143306.75996114
"1717","DE","00-04",2025-01-09,2025-01-19,2,"quantile",0.1,152007.348409275
"1718","DE","00-04",2025-01-09,2025-01-19,2,"quantile",0.25,160726.934210379
"1719","DE","00-04",2025-01-09,2025-01-19,2,"quantile",0.5,170853.410342942
"1720","DE","00-04",2025-01-09,2025-01-19,2,"quantile",0.75,181331.266016314
"1721","DE","00-04",2025-01-09,2025-01-19,2,"quantile",0.9,191641.869185588
"1722","DE","00-04",2025-01-09,2025-01-19,2,"quantile",0.975,204257.646361062
"1723","DE","00-04",2025-01-09,2025-01-26,3,"quantile",0.025,186725.394740365
"1724","DE","00-04",2025-01-09,2025-01-26,3,"quantile",0.1,199036.345826477
"1725","DE","00-04",2025-01-09,2025-01-26,3,"quantile",0.25,211865.566295837
"1726","DE","00-04",2025-01-09,2025-01-26,3,"quantile",0.5,227970.904576409
"1727","DE","00-04",2025-01-09,2025-01-26,3,"quantile",0.75,244122.836348158
"1728","DE","00-04",2025-01-09,2025-01-26,3,"quantile",0.9,260999.53633814
"1729","DE","00-04",2025-01-09,2025-01-26,3,"quantile",0.975,280154.38535827
"1730","DE","00-04",2025-01-09,2025-02-02,4,"quantile",0.025,204280.861978654
"1731","DE","00-04",2025-01-09,2025-02-02,4,"quantile",0.1,219961.079855947
"1732","DE","00-04",2025-01-09,2025-02-02,4,"quantile",0.25,235654.178188026
"1733","DE","00-04",2025-01-09,2025-02-02,4,"quantile",0.5,253697.993368969
"1734","DE","00-04",2025-01-09,2025-02-02,4,"quantile",0.75,273200.405399504
"1735","DE","00-04",2025-01-09,2025-02-02,4,"quantile",0.9,292213.449907831
"1736","DE","00-04",2025-01-09,2025-02-02,4,"quantile",0.975,315619.013691945
"1737","DE","05-14",2025-01-09,2025-01-12,1,"quantile",0.025,86821.2787504601
"1738","DE","05-14",2025-01-09,2025-01-12,1,"quantile",0.1,93810.5712555988
"1739","DE","05-14",2025-01-09,2025-01-12,1,"quantile",0.25,100308.843645101
"1740","DE","05-14",2025-01-09,2025-01-12,1,"quantile",0.5,108438.504376558
"1741","DE","05-14",2025-01-09,2025-01-12,1,"quantile",0.75,116961.437274307
"1742","DE","05-14",2025-01-09,2025-01-12,1,"quantile",0.9,125381.845389196
"1743","DE","05-14",2025-01-09,2025-01-12,1,"quantile",0.975,135246.906411952
"1744","DE","05-14",2025-01-09,2025-01-19,2,"quantile",0.025,111275.816942321
"1745","DE","05-14",2025-01-09,2025-01-19,2,"quantile",0.1,122821.010957523
"1746","DE","05-14",2025-01-09,2025-01-19,2,"quantile",0.25,134363.102509788
"1747","DE","05-14",2025-01-09,2025-01-19,2,"quantile",0.5,148305.103306296
"1748","DE","05-14",2025-01-09,2025-01-19,2,"quantile",0.75,163545.681794693
"1749","DE","05-14",2025-01-09,2025-01-19,2,"quantile",0.9,178075.461660759
"1750","DE","05-14",2025-01-09,2025-01-19,2,"quantile",0.975,196055.760007651
"1751","DE","05-14",2025-01-09,2025-01-26,3,"quantile",0.025,150508.454680414
"1752","DE","05-14",2025-01-09,2025-01-26,3,"quantile",0.1,168462.089258231
"1753","DE","05-14",2025-01-09,2025-01-26,3,"quantile",0.25,186942.012945458
"1754","DE","05-14",2025-01-09,2025-01-26,3,"quantile",0.5,209220.851689355
"1755","DE","05-14",2025-01-09,2025-01-26,3,"quantile",0.75,233473.164052411
"1756","DE","05-14",2025-01-09,2025-01-26,3,"quantile",0.9,257712.56181132
"1757","DE","05-14",2025-01-09,2025-01-26,3,"quantile",0.975,284609.098967285
"1758","DE","05-14",2025-01-09,2025-02-02,4,"quantile",0.025,176131.388955875
"1759","DE","05-14",2025-01-09,2025-02-02,4,"quantile",0.1,199413.504249313
"1760","DE","05-14",2025-01-09,2025-02-02,4,"quantile",0.25,222529.265838455
"1761","DE","05-14",2025-01-09,2025-02-02,4,"quantile",0.5,251522.27002301
"1762","DE","05-14",2025-01-09,2025-02-02,4,"quantile",0.75,282003.354233916
"1763","DE","05-14",2025-01-09,2025-02-02,4,"quantile",0.9,313583.209048809
"1764","DE","05-14",2025-01-09,2025-02-02,4,"quantile",0.975,352407.816485881
"1765","DE","15-34",2025-01-09,2025-01-12,1,"quantile",0.025,237482.693662591
"1766","DE","15-34",2025-01-09,2025-01-12,1,"quantile",0.1,257758.75178351
"1767","DE","15-34",2025-01-09,2025-01-12,1,"quantile",0.25,276414.370215887
"1768","DE","15-34",2025-01-09,2025-01-12,1,"quantile",0.5,298455.974536999
"1769","DE","15-34",2025-01-09,2025-01-12,1,"quantile",0.75,323069.933272206
"1770","DE","15-34",2025-01-09,2025-01-12,1,"quantile",0.9,345581.191808088
"1771","DE","15-34",2025-01-09,2025-01-12,1,"quantile",0.975,374565.152270821
"1772","DE","15-34",2025-01-09,2025-01-19,2,"quantile",0.025,236312.400755556
"1773","DE","15-34",2025-01-09,2025-01-19,2,"quantile",0.1,260415.90400456
"1774","DE","15-34",2025-01-09,2025-01-19,2,"quantile",0.25,284394.339962403
"1775","DE","15-34",2025-01-09,2025-01-19,2,"quantile",0.5,312216.64942265
"1776","DE","15-34",2025-01-09,2025-01-19,2,"quantile",0.75,343152.730888025
"1777","DE","15-34",2025-01-09,2025-01-19,2,"quantile",0.9,374668.872501959
"1778","DE","15-34",2025-01-09,2025-01-19,2,"quantile",0.975,412706.016001256
"1779","DE","15-34",2025-01-09,2025-01-26,3,"quantile",0.025,269687.81145274
"1780","DE","15-34",2025-01-09,2025-01-26,3,"quantile",0.1,298357.101228698
"1781","DE","15-34",2025-01-09,2025-01-26,3,"quantile",0.25,328858.903791579
"1782","DE","15-34",2025-01-09,2025-01-26,3,"quantile",0.5,367052.903858463
"1783","DE","15-34",2025-01-09,2025-01-26,3,"quantile",0.75,409107.871724718
"1784","DE","15-34",2025-01-09,2025-01-26,3,"quantile",0.9,452822.202479088
"1785","DE","15-34",2025-01-09,2025-01-26,3,"quantile",0.975,507614.967878511
"1786","DE","15-34",2025-01-09,2025-02-02,4,"quantile",0.025,312721.849986584
"1787","DE","15-34",2025-01-09,2025-02-02,4,"quantile",0.1,350930.846482672
"1788","DE","15-34",2025-01-09,2025-02-02,4,"quantile",0.25,389903.928545829
"1789","DE","15-34",2025-01-09,2025-02-02,4,"quantile",0.5,436495.403838134
"1790","DE","15-34",2025-01-09,2025-02-02,4,"quantile",0.75,489354.76904276
"1791","DE","15-34",2025-01-09,2025-02-02,4,"quantile",0.9,544574.674835334
"1792","DE","15-34",2025-01-09,2025-02-02,4,"quantile",0.975,608170.943381482
"1793","DE","35-59",2025-01-09,2025-01-12,1,"quantile",0.025,289302.722640467
"1794","DE","35-59",2025-01-09,2025-01-12,1,"quantile",0.1,313718.991695056
"1795","DE","35-59",2025-01-09,2025-01-12,1,"quantile",0.25,337265.398336794
"1796","DE","35-59",2025-01-09,2025-01-12,1,"quantile",0.5,367367.142113479
"1797","DE","35-59",2025-01-09,2025-01-12,1,"quantile",0.75,399437.799299714
"1798","DE","35-59",2025-01-09,2025-01-12,1,"quantile",0.9,431302.576136156
"1799","DE","35-59",2025-01-09,2025-01-12,1,"quantile",0.975,467955.763112332
"1800","DE","35-59",2025-01-09,2025-01-19,2,"quantile",0.025,277486.961351455
"1801","DE","35-59",2025-01-09,2025-01-19,2,"quantile",0.1,307705.151925471
"1802","DE","35-59",2025-01-09,2025-01-19,2,"quantile",0.25,338166.620549956
"1803","DE","35-59",2025-01-09,2025-01-19,2,"quantile",0.5,379128.128003396
"1804","DE","35-59",2025-01-09,2025-01-19,2,"quantile",0.75,420852.900809087
"1805","DE","35-59",2025-01-09,2025-01-19,2,"quantile",0.9,463422.59522161
"1806","DE","35-59",2025-01-09,2025-01-19,2,"quantile",0.975,516974.883573254
"1807","DE","35-59",2025-01-09,2025-01-26,3,"quantile",0.025,317488.074045326
"1808","DE","35-59",2025-01-09,2025-01-26,3,"quantile",0.1,362902.144136011
"1809","DE","35-59",2025-01-09,2025-01-26,3,"quantile",0.25,407175.386045452
"1810","DE","35-59",2025-01-09,2025-01-26,3,"quantile",0.5,463541.250441815
"1811","DE","35-59",2025-01-09,2025-01-26,3,"quantile",0.75,526292.311803464
"1812","DE","35-59",2025-01-09,2025-01-26,3,"quantile",0.9,587534.500007454
"1813","DE","35-59",2025-01-09,2025-01-26,3,"quantile",0.975,665496.075291093
"1814","DE","35-59",2025-01-09,2025-02-02,4,"quantile",0.025,375683.545944381
"1815","DE","35-59",2025-01-09,2025-02-02,4,"quantile",0.1,435156.241478873
"1816","DE","35-59",2025-01-09,2025-02-02,4,"quantile",0.25,494133.510457384
"1817","DE","35-59",2025-01-09,2025-02-02,4,"quantile",0.5,571506.696687129
"1818","DE","35-59",2025-01-09,2025-02-02,4,"quantile",0.75,653781.152794705
"1819","DE","35-59",2025-01-09,2025-02-02,4,"quantile",0.9,739915.773999083
"1820","DE","35-59",2025-01-09,2025-02-02,4,"quantile",0.975,850020.222551242
"1821","DE","60+",2025-01-09,2025-01-12,1,"quantile",0.025,135913.955062285
"1822","DE","60+",2025-01-09,2025-01-12,1,"quantile",0.1,147683.031287471
"1823","DE","60+",2025-01-09,2025-01-12,1,"quantile",0.25,159025.572590681
"1824","DE","60+",2025-01-09,2025-01-12,1,"quantile",0.5,172512.187663611
"1825","DE","60+",2025-01-09,2025-01-12,1,"quantile",0.75,187268.379644543
"1826","DE","60+",2025-01-09,2025-01-12,1,"quantile",0.9,201063.063870089
"1827","DE","60+",2025-01-09,2025-01-12,1,"quantile",0.975,218796.414205298
"1828","DE","60+",2025-01-09,2025-01-19,2,"quantile",0.025,108430.806770318
"1829","DE","60+",2025-01-09,2025-01-19,2,"quantile",0.1,119697.529727045
"1830","DE","60+",2025-01-09,2025-01-19,2,"quantile",0.25,131898.863299985
"1831","DE","60+",2025-01-09,2025-01-19,2,"quantile",0.5,146965.75873852
"1832","DE","60+",2025-01-09,2025-01-19,2,"quantile",0.75,162873.486922274
"1833","DE","60+",2025-01-09,2025-01-19,2,"quantile",0.9,179551.632718369
"1834","DE","60+",2025-01-09,2025-01-19,2,"quantile",0.975,199872.320901289
"1835","DE","60+",2025-01-09,2025-01-26,3,"quantile",0.025,111351.205797776
"1836","DE","60+",2025-01-09,2025-01-26,3,"quantile",0.1,125065.983385813
"1837","DE","60+",2025-01-09,2025-01-26,3,"quantile",0.25,139495.427822645
"1838","DE","60+",2025-01-09,2025-01-26,3,"quantile",0.5,158955.294477062
"1839","DE","60+",2025-01-09,2025-01-26,3,"quantile",0.75,179744.531667444
"1840","DE","60+",2025-01-09,2025-01-26,3,"quantile",0.9,202024.227525505
"1841","DE","60+",2025-01-09,2025-01-26,3,"quantile",0.975,230419.751935359
"1842","DE","60+",2025-01-09,2025-02-02,4,"quantile",0.025,122003.501458949
"1843","DE","60+",2025-01-09,2025-02-02,4,"quantile",0.1,139314.631329912
"1844","DE","60+",2025-01-09,2025-02-02,4,"quantile",0.25,157877.035287646
"1845","DE","60+",2025-01-09,2025-02-02,4,"quantile",0.5,180052.153616197
"1846","DE","60+",2025-01-09,2025-02-02,4,"quantile",0.75,206230.371335329
"1847","DE","60+",2025-01-09,2025-02-02,4,"quantile",0.9,233093.79799053
"1848","DE","60+",2025-01-09,2025-02-02,4,"quantile",0.975,268270.036978271
"1849","DE","00+",2025-01-16,2025-01-19,1,"quantile",0.025,1200868.44477389
"1850","DE","00+",2025-01-16,2025-01-19,1,"quantile",0.1,1282235.40103699
"1851","DE","00+",2025-01-16,2025-01-19,1,"quantile",0.25,1367590.40807996
"1852","DE","00+",2025-01-16,2025-01-19,1,"quantile",0.5,1462779.99437329
"1853","DE","00+",2025-01-16,2025-01-19,1,"quantile",0.75,1567880.98930558
"1854","DE","00+",2025-01-16,2025-01-19,1,"quantile",0.9,1665397.25315347
"1855","DE","00+",2025-01-16,2025-01-19,1,"quantile",0.975,1785671.80549302
"1856","DE","00+",2025-01-16,2025-01-26,2,"quantile",0.025,1384978.51916184
"1857","DE","00+",2025-01-16,2025-01-26,2,"quantile",0.1,1510524.37561032
"1858","DE","00+",2025-01-16,2025-01-26,2,"quantile",0.25,1637642.02115939
"1859","DE","00+",2025-01-16,2025-01-26,2,"quantile",0.5,1790246.26311835
"1860","DE","00+",2025-01-16,2025-01-26,2,"quantile",0.75,1957862.01959548
"1861","DE","00+",2025-01-16,2025-01-26,2,"quantile",0.9,2118663.29893738
"1862","DE","00+",2025-01-16,2025-01-26,2,"quantile",0.975,2312176.17562474
"1863","DE","00+",2025-01-16,2025-02-02,3,"quantile",0.025,1494854.33497477
"1864","DE","00+",2025-01-16,2025-02-02,3,"quantile",0.1,1660705.34339057
"1865","DE","00+",2025-01-16,2025-02-02,3,"quantile",0.25,1815597.78042529
"1866","DE","00+",2025-01-16,2025-02-02,3,"quantile",0.5,2012725.42124917
"1867","DE","00+",2025-01-16,2025-02-02,3,"quantile",0.75,2228893.85313942
"1868","DE","00+",2025-01-16,2025-02-02,3,"quantile",0.9,2445773.22698314
"1869","DE","00+",2025-01-16,2025-02-02,3,"quantile",0.975,2693195.06255687
"1870","DE","00+",2025-01-16,2025-02-09,4,"quantile",0.025,1467815.42642392
"1871","DE","00+",2025-01-16,2025-02-09,4,"quantile",0.1,1649106.55717624
"1872","DE","00+",2025-01-16,2025-02-09,4,"quantile",0.25,1818081.84951129
"1873","DE","00+",2025-01-16,2025-02-09,4,"quantile",0.5,2034749.57440864
"1874","DE","00+",2025-01-16,2025-02-09,4,"quantile",0.75,2277247.23195551
"1875","DE","00+",2025-01-16,2025-02-09,4,"quantile",0.9,2503118.65330994
"1876","DE","00+",2025-01-16,2025-02-09,4,"quantile",0.975,2757580.31328273
"1877","DE","00-04",2025-01-16,2025-01-19,1,"quantile",0.025,174696.970268806
"1878","DE","00-04",2025-01-16,2025-01-19,1,"quantile",0.1,183379.764343849
"1879","DE","00-04",2025-01-16,2025-01-19,1,"quantile",0.25,191507.594994626
"1880","DE","00-04",2025-01-16,2025-01-19,1,"quantile",0.5,201033.991693797
"1881","DE","00-04",2025-01-16,2025-01-19,1,"quantile",0.75,211417.758321786
"1882","DE","00-04",2025-01-16,2025-01-19,1,"quantile",0.9,220962.199939781
"1883","DE","00-04",2025-01-16,2025-01-19,1,"quantile",0.975,231898.458814937
"1884","DE","00-04",2025-01-16,2025-01-26,2,"quantile",0.025,223338.198123196
"1885","DE","00-04",2025-01-16,2025-01-26,2,"quantile",0.1,236672.157247072
"1886","DE","00-04",2025-01-16,2025-01-26,2,"quantile",0.25,250353.686344906
"1887","DE","00-04",2025-01-16,2025-01-26,2,"quantile",0.5,265988.201879927
"1888","DE","00-04",2025-01-16,2025-01-26,2,"quantile",0.75,282869.908951268
"1889","DE","00-04",2025-01-16,2025-01-26,2,"quantile",0.9,298583.082719887
"1890","DE","00-04",2025-01-16,2025-01-26,2,"quantile",0.975,316825.869739212
"1891","DE","00-04",2025-01-16,2025-02-02,3,"quantile",0.025,232016.078268735
"1892","DE","00-04",2025-01-16,2025-02-02,3,"quantile",0.1,250017.726434243
"1893","DE","00-04",2025-01-16,2025-02-02,3,"quantile",0.25,266616.607407533
"1894","DE","00-04",2025-01-16,2025-02-02,3,"quantile",0.5,286263.814916021
"1895","DE","00-04",2025-01-16,2025-02-02,3,"quantile",0.75,305486.073344576
"1896","DE","00-04",2025-01-16,2025-02-02,3,"quantile",0.9,325932.802724768
"1897","DE","00-04",2025-01-16,2025-02-02,3,"quantile",0.975,350975.949974545
"1898","DE","00-04",2025-01-16,2025-02-09,4,"quantile",0.025,228897.634697632
"1899","DE","00-04",2025-01-16,2025-02-09,4,"quantile",0.1,246365.009182287
"1900","DE","00-04",2025-01-16,2025-02-09,4,"quantile",0.25,264297.168329256
"1901","DE","00-04",2025-01-16,2025-02-09,4,"quantile",0.5,285222.438864263
"1902","DE","00-04",2025-01-16,2025-02-09,4,"quantile",0.75,306903.716585846
"1903","DE","00-04",2025-01-16,2025-02-09,4,"quantile",0.9,328276.973504672
"1904","DE","00-04",2025-01-16,2025-02-09,4,"quantile",0.975,352074.271837234
"1905","DE","05-14",2025-01-16,2025-01-19,1,"quantile",0.025,143566.76525529
"1906","DE","05-14",2025-01-16,2025-01-19,1,"quantile",0.1,155149.70430628
"1907","DE","05-14",2025-01-16,2025-01-19,1,"quantile",0.25,166079.714332632
"1908","DE","05-14",2025-01-16,2025-01-19,1,"quantile",0.5,179462.936136441
"1909","DE","05-14",2025-01-16,2025-01-19,1,"quantile",0.75,193849.907467384
"1910","DE","05-14",2025-01-16,2025-01-19,1,"quantile",0.9,207823.243420364
"1911","DE","05-14",2025-01-16,2025-01-19,1,"quantile",0.975,224771.661990786
"1912","DE","05-14",2025-01-16,2025-01-26,2,"quantile",0.025,187307.605043843
"1913","DE","05-14",2025-01-16,2025-01-26,2,"quantile",0.1,204717.691838651
"1914","DE","05-14",2025-01-16,2025-01-26,2,"quantile",0.25,224971.168991525
"1915","DE","05-14",2025-01-16,2025-01-26,2,"quantile",0.5,247793.856078712
"1916","DE","05-14",2025-01-16,2025-01-26,2,"quantile",0.75,273370.203196822
"1917","DE","05-14",2025-01-16,2025-01-26,2,"quantile",0.9,298076.666475561
"1918","DE","05-14",2025-01-16,2025-01-26,2,"quantile",0.975,328285.490150502
"1919","DE","05-14",2025-01-16,2025-02-02,3,"quantile",0.025,205937.381435589
"1920","DE","05-14",2025-01-16,2025-02-02,3,"quantile",0.1,230055.145480102
"1921","DE","05-14",2025-01-16,2025-02-02,3,"quantile",0.25,254062.139989755
"1922","DE","05-14",2025-01-16,2025-02-02,3,"quantile",0.5,283514.035439798
"1923","DE","05-14",2025-01-16,2025-02-02,3,"quantile",0.75,316631.297203215
"1924","DE","05-14",2025-01-16,2025-02-02,3,"quantile",0.9,349510.531311284
"1925","DE","05-14",2025-01-16,2025-02-02,3,"quantile",0.975,389390.093397778
"1926","DE","05-14",2025-01-16,2025-02-09,4,"quantile",0.025,191071.215929669
"1927","DE","05-14",2025-01-16,2025-02-09,4,"quantile",0.1,215471.353976661
"1928","DE","05-14",2025-01-16,2025-02-09,4,"quantile",0.25,239252.129755266
"1929","DE","05-14",2025-01-16,2025-02-09,4,"quantile",0.5,269797.259965152
"1930","DE","05-14",2025-01-16,2025-02-09,4,"quantile",0.75,303606.729542476
"1931","DE","05-14",2025-01-16,2025-02-09,4,"quantile",0.9,335607.865561006
"1932","DE","05-14",2025-01-16,2025-02-09,4,"quantile",0.975,373291.981063417
"1933","DE","15-34",2025-01-16,2025-01-19,1,"quantile",0.025,315025.707784278
"1934","DE","15-34",2025-01-16,2025-01-19,1,"quantile",0.1,340898.460747078
"1935","DE","15-34",2025-01-16,2025-01-19,1,"quantile",0.25,364607.316675473
"1936","DE","15-34",2025-01-16,2025-01-19,1,"quantile",0.5,394311.460667392
"1937","DE","15-34",2025-01-16,2025-01-19,1,"quantile",0.75,426624.85338389
"1938","DE","15-34",2025-01-16,2025-01-19,1,"quantile",0.9,457154.926207186
"1939","DE","15-34",2025-01-16,2025-01-19,1,"quantile",0.975,494458.401863442
"1940","DE","15-34",2025-01-16,2025-01-26,2,"quantile",0.025,345411.608200313
"1941","DE","15-34",2025-01-16,2025-01-26,2,"quantile",0.1,379121.248759903
"1942","DE","15-34",2025-01-16,2025-01-26,2,"quantile",0.25,413009.039659082
"1943","DE","15-34",2025-01-16,2025-01-26,2,"quantile",0.5,454911.807757401
"1944","DE","15-34",2025-01-16,2025-01-26,2,"quantile",0.75,501793.864411097
"1945","DE","15-34",2025-01-16,2025-01-26,2,"quantile",0.9,545240.159422625
"1946","DE","15-34",2025-01-16,2025-01-26,2,"quantile",0.975,597815.349104882
"1947","DE","15-34",2025-01-16,2025-02-02,3,"quantile",0.025,372008.659426188
"1948","DE","15-34",2025-01-16,2025-02-02,3,"quantile",0.1,417318.632974751
"1949","DE","15-34",2025-01-16,2025-02-02,3,"quantile",0.25,460042.635851483
"1950","DE","15-34",2025-01-16,2025-02-02,3,"quantile",0.5,513067.425558841
"1951","DE","15-34",2025-01-16,2025-02-02,3,"quantile",0.75,567473.112671976
"1952","DE","15-34",2025-01-16,2025-02-02,3,"quantile",0.9,626885.667020421
"1953","DE","15-34",2025-01-16,2025-02-02,3,"quantile",0.975,705700.124734776
"1954","DE","15-34",2025-01-16,2025-02-09,4,"quantile",0.025,379126.995618243
"1955","DE","15-34",2025-01-16,2025-02-09,4,"quantile",0.1,422173.284896909
"1956","DE","15-34",2025-01-16,2025-02-09,4,"quantile",0.25,469593.460944781
"1957","DE","15-34",2025-01-16,2025-02-09,4,"quantile",0.5,526313.502606146
"1958","DE","15-34",2025-01-16,2025-02-09,4,"quantile",0.75,588856.894266799
"1959","DE","15-34",2025-01-16,2025-02-09,4,"quantile",0.9,653670.16715702
"1960","DE","15-34",2025-01-16,2025-02-09,4,"quantile",0.975,727821.814652673
"1961","DE","35-59",2025-01-16,2025-01-19,1,"quantile",0.025,389490.217863564
"1962","DE","35-59",2025-01-16,2025-01-19,1,"quantile",0.1,422554.420597874
"1963","DE","35-59",2025-01-16,2025-01-19,1,"quantile",0.25,456725.284149601
"1964","DE","35-59",2025-01-16,2025-01-19,1,"quantile",0.5,496592.38857497
"1965","DE","35-59",2025-01-16,2025-01-19,1,"quantile",0.75,539522.857175748
"1966","DE","35-59",2025-01-16,2025-01-19,1,"quantile",0.9,580667.369207422
"1967","DE","35-59",2025-01-16,2025-01-19,1,"quantile",0.975,632724.841196353
"1968","DE","35-59",2025-01-16,2025-01-26,2,"quantile",0.025,437228.358624874
"1969","DE","35-59",2025-01-16,2025-01-26,2,"quantile",0.1,487819.371043805
"1970","DE","35-59",2025-01-16,2025-01-26,2,"quantile",0.25,539390.736475764
"1971","DE","35-59",2025-01-16,2025-01-26,2,"quantile",0.5,601955.602134518
"1972","DE","35-59",2025-01-16,2025-01-26,2,"quantile",0.75,672566.001859204
"1973","DE","35-59",2025-01-16,2025-01-26,2,"quantile",0.9,742911.209074824
"1974","DE","35-59",2025-01-16,2025-01-26,2,"quantile",0.975,825387.52862846
"1975","DE","35-59",2025-01-16,2025-02-02,3,"quantile",0.025,482401.037248304
"1976","DE","35-59",2025-01-16,2025-02-02,3,"quantile",0.1,549671.1938425
"1977","DE","35-59",2025-01-16,2025-02-02,3,"quantile",0.25,614951.296654728
"1978","DE","35-59",2025-01-16,2025-02-02,3,"quantile",0.5,698422.056135383
"1979","DE","35-59",2025-01-16,2025-02-02,3,"quantile",0.75,794132.539190378
"1980","DE","35-59",2025-01-16,2025-02-02,3,"quantile",0.9,893063.065644007
"1981","DE","35-59",2025-01-16,2025-02-02,3,"quantile",0.975,1007960.4741715
"1982","DE","35-59",2025-01-16,2025-02-09,4,"quantile",0.025,476617.947267654
"1983","DE","35-59",2025-01-16,2025-02-09,4,"quantile",0.1,551931.765780446
"1984","DE","35-59",2025-01-16,2025-02-09,4,"quantile",0.25,623657.953938542
"1985","DE","35-59",2025-01-16,2025-02-09,4,"quantile",0.5,719370.51629701
"1986","DE","35-59",2025-01-16,2025-02-09,4,"quantile",0.75,827965.281889394
"1987","DE","35-59",2025-01-16,2025-02-09,4,"quantile",0.9,930389.70641675
"1988","DE","35-59",2025-01-16,2025-02-09,4,"quantile",0.975,1057071.97059418
"1989","DE","60+",2025-01-16,2025-01-19,1,"quantile",0.025,149537.599922193
"1990","DE","60+",2025-01-16,2025-01-19,1,"quantile",0.1,162393.3476163
"1991","DE","60+",2025-01-16,2025-01-19,1,"quantile",0.25,174454.846672468
"1992","DE","60+",2025-01-16,2025-01-19,1,"quantile",0.5,188901.808036978
"1993","DE","60+",2025-01-16,2025-01-19,1,"quantile",0.75,205184.138225285
"1994","DE","60+",2025-01-16,2025-01-19,1,"quantile",0.9,220287.198067984
"1995","DE","60+",2025-01-16,2025-01-19,1,"quantile",0.975,238998.19657275
"1996","DE","60+",2025-01-16,2025-01-26,2,"quantile",0.025,150071.651936854
"1997","DE","60+",2025-01-16,2025-01-26,2,"quantile",0.1,166405.306968174
"1998","DE","60+",2025-01-16,2025-01-26,2,"quantile",0.25,183267.001182116
"1999","DE","60+",2025-01-16,2025-01-26,2,"quantile",0.5,203626.733571976
"2000","DE","60+",2025-01-16,2025-01-26,2,"quantile",0.75,225825.983720511
"2001","DE","60+",2025-01-16,2025-01-26,2,"quantile",0.9,248205.915376547
"2002","DE","60+",2025-01-16,2025-01-26,2,"quantile",0.975,274816.862967892
"2003","DE","60+",2025-01-16,2025-02-02,3,"quantile",0.025,151229.082339573
"2004","DE","60+",2025-01-16,2025-02-02,3,"quantile",0.1,171708.188072966
"2005","DE","60+",2025-01-16,2025-02-02,3,"quantile",0.25,193410.534154422
"2006","DE","60+",2025-01-16,2025-02-02,3,"quantile",0.5,219207.787057239
"2007","DE","60+",2025-01-16,2025-02-02,3,"quantile",0.75,246898.59905686
"2008","DE","60+",2025-01-16,2025-02-02,3,"quantile",0.9,275709.601232533
"2009","DE","60+",2025-01-16,2025-02-02,3,"quantile",0.975,314867.25526885
"2010","DE","60+",2025-01-16,2025-02-09,4,"quantile",0.025,154394.210523009
"2011","DE","60+",2025-01-16,2025-02-09,4,"quantile",0.1,177007.579621129
"2012","DE","60+",2025-01-16,2025-02-09,4,"quantile",0.25,200558.480980108
"2013","DE","60+",2025-01-16,2025-02-09,4,"quantile",0.5,230196.294558377
"2014","DE","60+",2025-01-16,2025-02-09,4,"quantile",0.75,262382.512086281
"2015","DE","60+",2025-01-16,2025-02-09,4,"quantile",0.9,296874.358078739
"2016","DE","60+",2025-01-16,2025-02-09,4,"quantile",0.975,337209.274164284
"2017","DE","00+",2025-01-23,2025-01-26,1,"quantile",0.025,1440516.5173936
"2018","DE","00+",2025-01-23,2025-01-26,1,"quantile",0.1,1541505.73750202
"2019","DE","00+",2025-01-23,2025-01-26,1,"quantile",0.25,1642189.75610113
"2020","DE","00+",2025-01-23,2025-01-26,1,"quantile",0.5,1760341.3862578
"2021","DE","00+",2025-01-23,2025-01-26,1,"quantile",0.75,1880326.50172616
"2022","DE","00+",2025-01-23,2025-01-26,1,"quantile",0.9,1998853.01594094
"2023","DE","00+",2025-01-23,2025-01-26,1,"quantile",0.975,2133450.0338919
"2024","DE","00+",2025-01-23,2025-02-02,2,"quantile",0.025,1530716.01637119
"2025","DE","00+",2025-01-23,2025-02-02,2,"quantile",0.1,1676625.23419721
"2026","DE","00+",2025-01-23,2025-02-02,2,"quantile",0.25,1812785.65914605
"2027","DE","00+",2025-01-23,2025-02-02,2,"quantile",0.5,1977461.92548868
"2028","DE","00+",2025-01-23,2025-02-02,2,"quantile",0.75,2161703.31915486
"2029","DE","00+",2025-01-23,2025-02-02,2,"quantile",0.9,2333923.67079423
"2030","DE","00+",2025-01-23,2025-02-02,2,"quantile",0.975,2535666.8499087
"2031","DE","00+",2025-01-23,2025-02-09,3,"quantile",0.025,1498502.38253855
"2032","DE","00+",2025-01-23,2025-02-09,3,"quantile",0.1,1657900.62638976
"2033","DE","00+",2025-01-23,2025-02-09,3,"quantile",0.25,1815121.3418662
"2034","DE","00+",2025-01-23,2025-02-09,3,"quantile",0.5,2008652.67934548
"2035","DE","00+",2025-01-23,2025-02-09,3,"quantile",0.75,2220917.22866279
"2036","DE","00+",2025-01-23,2025-02-09,3,"quantile",0.9,2433242.04206555
"2037","DE","00+",2025-01-23,2025-02-09,3,"quantile",0.975,2683650.98458996
"2038","DE","00+",2025-01-23,2025-02-16,4,"quantile",0.025,1495492.64883677
"2039","DE","00+",2025-01-23,2025-02-16,4,"quantile",0.1,1666629.10614365
"2040","DE","00+",2025-01-23,2025-02-16,4,"quantile",0.25,1837271.89735663
"2041","DE","00+",2025-01-23,2025-02-16,4,"quantile",0.5,2050402.22985936
"2042","DE","00+",2025-01-23,2025-02-16,4,"quantile",0.75,2289246.69718676
"2043","DE","00+",2025-01-23,2025-02-16,4,"quantile",0.9,2522956.47905827
"2044","DE","00+",2025-01-23,2025-02-16,4,"quantile",0.975,2822858.27173221
"2045","DE","00-04",2025-01-23,2025-01-26,1,"quantile",0.025,230963.620185021
"2046","DE","00-04",2025-01-23,2025-01-26,1,"quantile",0.1,243808.871804747
"2047","DE","00-04",2025-01-23,2025-01-26,1,"quantile",0.25,254973.557056918
"2048","DE","00-04",2025-01-23,2025-01-26,1,"quantile",0.5,267215.031211995
"2049","DE","00-04",2025-01-23,2025-01-26,1,"quantile",0.75,280707.675180055
"2050","DE","00-04",2025-01-23,2025-01-26,1,"quantile",0.9,294093.152064457
"2051","DE","00-04",2025-01-23,2025-01-26,1,"quantile",0.975,308653.808472072
"2052","DE","00-04",2025-01-23,2025-02-02,2,"quantile",0.025,239926.379537797
"2053","DE","00-04",2025-01-23,2025-02-02,2,"quantile",0.1,254946.366472816
"2054","DE","00-04",2025-01-23,2025-02-02,2,"quantile",0.25,269425.667564252
"2055","DE","00-04",2025-01-23,2025-02-02,2,"quantile",0.5,286856.228513586
"2056","DE","00-04",2025-01-23,2025-02-02,2,"quantile",0.75,305282.163378162
"2057","DE","00-04",2025-01-23,2025-02-02,2,"quantile",0.9,323058.763448075
"2058","DE","00-04",2025-01-23,2025-02-02,2,"quantile",0.975,343249.418740941
"2059","DE","00-04",2025-01-23,2025-02-09,3,"quantile",0.025,233247.532709548
"2060","DE","00-04",2025-01-23,2025-02-09,3,"quantile",0.1,249988.473045972
"2061","DE","00-04",2025-01-23,2025-02-09,3,"quantile",0.25,266329.072237774
"2062","DE","00-04",2025-01-23,2025-02-09,3,"quantile",0.5,285562.767790422
"2063","DE","00-04",2025-01-23,2025-02-09,3,"quantile",0.75,306216.552536055
"2064","DE","00-04",2025-01-23,2025-02-09,3,"quantile",0.9,327831.430106178
"2065","DE","00-04",2025-01-23,2025-02-09,3,"quantile",0.975,352859.067951639
"2066","DE","00-04",2025-01-23,2025-02-16,4,"quantile",0.025,217140.928360784
"2067","DE","00-04",2025-01-23,2025-02-16,4,"quantile",0.1,234397.199571325
"2068","DE","00-04",2025-01-23,2025-02-16,4,"quantile",0.25,250621.736081794
"2069","DE","00-04",2025-01-23,2025-02-16,4,"quantile",0.5,270295.40338796
"2070","DE","00-04",2025-01-23,2025-02-16,4,"quantile",0.75,291826.877794678
"2071","DE","00-04",2025-01-23,2025-02-16,4,"quantile",0.9,312594.9063514
"2072","DE","00-04",2025-01-23,2025-02-16,4,"quantile",0.975,338598.795189471
"2073","DE","05-14",2025-01-23,2025-01-26,1,"quantile",0.025,198746.166355195
"2074","DE","05-14",2025-01-23,2025-01-26,1,"quantile",0.1,214742.013088682
"2075","DE","05-14",2025-01-23,2025-01-26,1,"quantile",0.25,230036.881879606
"2076","DE","05-14",2025-01-23,2025-01-26,1,"quantile",0.5,248754.240707711
"2077","DE","05-14",2025-01-23,2025-01-26,1,"quantile",0.75,268007.293701665
"2078","DE","05-14",2025-01-23,2025-01-26,1,"quantile",0.9,286620.542571928
"2079","DE","05-14",2025-01-23,2025-01-26,1,"quantile",0.975,309468.661959472
"2080","DE","05-14",2025-01-23,2025-02-02,2,"quantile",0.025,212846.527488778
"2081","DE","05-14",2025-01-23,2025-02-02,2,"quantile",0.1,236443.491322313
"2082","DE","05-14",2025-01-23,2025-02-02,2,"quantile",0.25,257901.753964699
"2083","DE","05-14",2025-01-23,2025-02-02,2,"quantile",0.5,283924.811050348
"2084","DE","05-14",2025-01-23,2025-02-02,2,"quantile",0.75,313191.057264733
"2085","DE","05-14",2025-01-23,2025-02-02,2,"quantile",0.9,341609.528859739
"2086","DE","05-14",2025-01-23,2025-02-02,2,"quantile",0.975,374595.370603285
"2087","DE","05-14",2025-01-23,2025-02-09,3,"quantile",0.025,196027.025141414
"2088","DE","05-14",2025-01-23,2025-02-09,3,"quantile",0.1,218838.923559983
"2089","DE","05-14",2025-01-23,2025-02-09,3,"quantile",0.25,241846.746757961
"2090","DE","05-14",2025-01-23,2025-02-09,3,"quantile",0.5,269652.092737078
"2091","DE","05-14",2025-01-23,2025-02-09,3,"quantile",0.75,300803.596311385
"2092","DE","05-14",2025-01-23,2025-02-09,3,"quantile",0.9,332758.895689401
"2093","DE","05-14",2025-01-23,2025-02-09,3,"quantile",0.975,373076.850029716
"2094","DE","05-14",2025-01-23,2025-02-16,4,"quantile",0.025,181180.520498554
"2095","DE","05-14",2025-01-23,2025-02-16,4,"quantile",0.1,203285.01798849
"2096","DE","05-14",2025-01-23,2025-02-16,4,"quantile",0.25,225186.47325991
"2097","DE","05-14",2025-01-23,2025-02-16,4,"quantile",0.5,252666.166467728
"2098","DE","05-14",2025-01-23,2025-02-16,4,"quantile",0.75,285037.130355768
"2099","DE","05-14",2025-01-23,2025-02-16,4,"quantile",0.9,316797.793600683
"2100","DE","05-14",2025-01-23,2025-02-16,4,"quantile",0.975,356082.790150158
"2101","DE","15-34",2025-01-23,2025-01-26,1,"quantile",0.025,372441.562365046
"2102","DE","15-34",2025-01-23,2025-01-26,1,"quantile",0.1,404398.639295434
"2103","DE","15-34",2025-01-23,2025-01-26,1,"quantile",0.25,434078.108323484
"2104","DE","15-34",2025-01-23,2025-01-26,1,"quantile",0.5,468001.577955668
"2105","DE","15-34",2025-01-23,2025-01-26,1,"quantile",0.75,505754.014093933
"2106","DE","15-34",2025-01-23,2025-01-26,1,"quantile",0.9,544050.18923827
"2107","DE","15-34",2025-01-23,2025-01-26,1,"quantile",0.975,590110.722837701
"2108","DE","15-34",2025-01-23,2025-02-02,2,"quantile",0.025,397471.199989308
"2109","DE","15-34",2025-01-23,2025-02-02,2,"quantile",0.1,437076.490332744
"2110","DE","15-34",2025-01-23,2025-02-02,2,"quantile",0.25,477003.481398293
"2111","DE","15-34",2025-01-23,2025-02-02,2,"quantile",0.5,524981.071623647
"2112","DE","15-34",2025-01-23,2025-02-02,2,"quantile",0.75,579117.845566276
"2113","DE","15-34",2025-01-23,2025-02-02,2,"quantile",0.9,631445.169390791
"2114","DE","15-34",2025-01-23,2025-02-02,2,"quantile",0.975,695565.084415897
"2115","DE","15-34",2025-01-23,2025-02-09,3,"quantile",0.025,389911.849562819
"2116","DE","15-34",2025-01-23,2025-02-09,3,"quantile",0.1,436852.036371458
"2117","DE","15-34",2025-01-23,2025-02-09,3,"quantile",0.25,481912.913738923
"2118","DE","15-34",2025-01-23,2025-02-09,3,"quantile",0.5,536756.770518854
"2119","DE","15-34",2025-01-23,2025-02-09,3,"quantile",0.75,596990.64639529
"2120","DE","15-34",2025-01-23,2025-02-09,3,"quantile",0.9,661552.49836219
"2121","DE","15-34",2025-01-23,2025-02-09,3,"quantile",0.975,739090.411691218
"2122","DE","15-34",2025-01-23,2025-02-16,4,"quantile",0.025,401810.703707766
"2123","DE","15-34",2025-01-23,2025-02-16,4,"quantile",0.1,451649.499503893
"2124","DE","15-34",2025-01-23,2025-02-16,4,"quantile",0.25,500459.174265963
"2125","DE","15-34",2025-01-23,2025-02-16,4,"quantile",0.5,559589.979715215
"2126","DE","15-34",2025-01-23,2025-02-16,4,"quantile",0.75,629734.410387307
"2127","DE","15-34",2025-01-23,2025-02-16,4,"quantile",0.9,698391.894536777
"2128","DE","15-34",2025-01-23,2025-02-16,4,"quantile",0.975,789160.041398749
"2129","DE","35-59",2025-01-23,2025-01-26,1,"quantile",0.025,457772.932569173
"2130","DE","35-59",2025-01-23,2025-01-26,1,"quantile",0.1,496089.357761919
"2131","DE","35-59",2025-01-23,2025-01-26,1,"quantile",0.25,536058.5305186
"2132","DE","35-59",2025-01-23,2025-01-26,1,"quantile",0.5,583826.108146187
"2133","DE","35-59",2025-01-23,2025-01-26,1,"quantile",0.75,632919.619469964
"2134","DE","35-59",2025-01-23,2025-01-26,1,"quantile",0.9,682287.457565431
"2135","DE","35-59",2025-01-23,2025-01-26,1,"quantile",0.975,739888.093864962
"2136","DE","35-59",2025-01-23,2025-02-02,2,"quantile",0.025,494528.317906872
"2137","DE","35-59",2025-01-23,2025-02-02,2,"quantile",0.1,552269.707375475
"2138","DE","35-59",2025-01-23,2025-02-02,2,"quantile",0.25,609434.867763561
"2139","DE","35-59",2025-01-23,2025-02-02,2,"quantile",0.5,678416.218936631
"2140","DE","35-59",2025-01-23,2025-02-02,2,"quantile",0.75,757390.855015213
"2141","DE","35-59",2025-01-23,2025-02-02,2,"quantile",0.9,831123.35508512
"2142","DE","35-59",2025-01-23,2025-02-02,2,"quantile",0.975,920523.332002817
"2143","DE","35-59",2025-01-23,2025-02-09,3,"quantile",0.025,487986.83033204
"2144","DE","35-59",2025-01-23,2025-02-09,3,"quantile",0.1,551714.375373224
"2145","DE","35-59",2025-01-23,2025-02-09,3,"quantile",0.25,619381.533033906
"2146","DE","35-59",2025-01-23,2025-02-09,3,"quantile",0.5,701349.605562529
"2147","DE","35-59",2025-01-23,2025-02-09,3,"quantile",0.75,796246.535067495
"2148","DE","35-59",2025-01-23,2025-02-09,3,"quantile",0.9,890380.165428686
"2149","DE","35-59",2025-01-23,2025-02-09,3,"quantile",0.975,1007346.2340173
"2150","DE","35-59",2025-01-23,2025-02-16,4,"quantile",0.025,499061.095202056
"2151","DE","35-59",2025-01-23,2025-02-16,4,"quantile",0.1,571505.052102602
"2152","DE","35-59",2025-01-23,2025-02-16,4,"quantile",0.25,645846.746646476
"2153","DE","35-59",2025-01-23,2025-02-16,4,"quantile",0.5,742493.452740623
"2154","DE","35-59",2025-01-23,2025-02-16,4,"quantile",0.75,851629.22720892
"2155","DE","35-59",2025-01-23,2025-02-16,4,"quantile",0.9,963033.487325822
"2156","DE","35-59",2025-01-23,2025-02-16,4,"quantile",0.975,1109167.86414622
"2157","DE","60+",2025-01-23,2025-01-26,1,"quantile",0.025,155285.252445453
"2158","DE","60+",2025-01-23,2025-01-26,1,"quantile",0.1,169783.029234963
"2159","DE","60+",2025-01-23,2025-01-26,1,"quantile",0.25,182938.843493827
"2160","DE","60+",2025-01-23,2025-01-26,1,"quantile",0.5,197710.249152771
"2161","DE","60+",2025-01-23,2025-01-26,1,"quantile",0.75,214549.473442808
"2162","DE","60+",2025-01-23,2025-01-26,1,"quantile",0.9,231027.929451377
"2163","DE","60+",2025-01-23,2025-01-26,1,"quantile",0.975,250434.676738503
"2164","DE","60+",2025-01-23,2025-02-02,2,"quantile",0.025,156793.364485386
"2165","DE","60+",2025-01-23,2025-02-02,2,"quantile",0.1,173477.542421341
"2166","DE","60+",2025-01-23,2025-02-02,2,"quantile",0.25,190805.221095552
"2167","DE","60+",2025-01-23,2025-02-02,2,"quantile",0.5,212267.207048626
"2168","DE","60+",2025-01-23,2025-02-02,2,"quantile",0.75,236549.245531567
"2169","DE","60+",2025-01-23,2025-02-02,2,"quantile",0.9,261460.227218017
"2170","DE","60+",2025-01-23,2025-02-02,2,"quantile",0.975,290225.154214095
"2171","DE","60+",2025-01-23,2025-02-09,3,"quantile",0.025,156817.492847249
"2172","DE","60+",2025-01-23,2025-02-09,3,"quantile",0.1,177148.593444787
"2173","DE","60+",2025-01-23,2025-02-09,3,"quantile",0.25,198485.081905476
"2174","DE","60+",2025-01-23,2025-02-09,3,"quantile",0.5,224950.70763337
"2175","DE","60+",2025-01-23,2025-02-09,3,"quantile",0.75,254391.189556001
"2176","DE","60+",2025-01-23,2025-02-09,3,"quantile",0.9,286763.666461219
"2177","DE","60+",2025-01-23,2025-02-09,3,"quantile",0.975,327271.048983229
"2178","DE","60+",2025-01-23,2025-02-16,4,"quantile",0.025,162281.417860081
"2179","DE","60+",2025-01-23,2025-02-16,4,"quantile",0.1,184638.671049577
"2180","DE","60+",2025-01-23,2025-02-16,4,"quantile",0.25,209065.880970757
"2181","DE","60+",2025-01-23,2025-02-16,4,"quantile",0.5,239567.890882171
"2182","DE","60+",2025-01-23,2025-02-16,4,"quantile",0.75,275498.715475489
"2183","DE","60+",2025-01-23,2025-02-16,4,"quantile",0.9,310821.719859425
"2184","DE","60+",2025-01-23,2025-02-16,4,"quantile",0.975,359584.353876901
"2185","DE","00+",2025-01-30,2025-02-02,1,"quantile",0.025,1692795.52834902
"2186","DE","00+",2025-01-30,2025-02-02,1,"quantile",0.1,1801586.63408554
"2187","DE","00+",2025-01-30,2025-02-02,1,"quantile",0.25,1916797.139391
"2188","DE","00+",2025-01-30,2025-02-02,1,"quantile",0.5,2055754.64771724
"2189","DE","00+",2025-01-30,2025-02-02,1,"quantile",0.75,2203786.97194125
"2190","DE","00+",2025-01-30,2025-02-02,1,"quantile",0.9,2344005.43830098
"2191","DE","00+",2025-01-30,2025-02-02,1,"quantile",0.975,2509186.23938231
"2192","DE","00+",2025-01-30,2025-02-09,2,"quantile",0.025,1613394.76951433
"2193","DE","00+",2025-01-30,2025-02-09,2,"quantile",0.1,1763407.81023046
"2194","DE","00+",2025-01-30,2025-02-09,2,"quantile",0.25,1904770.78034198
"2195","DE","00+",2025-01-30,2025-02-09,2,"quantile",0.5,2077546.46506025
"2196","DE","00+",2025-01-30,2025-02-09,2,"quantile",0.75,2265108.80766045
"2197","DE","00+",2025-01-30,2025-02-09,2,"quantile",0.9,2449186.6909477
"2198","DE","00+",2025-01-30,2025-02-09,2,"quantile",0.975,2678562.02469815
"2199","DE","00+",2025-01-30,2025-02-16,3,"quantile",0.025,1574747.14815351
"2200","DE","00+",2025-01-30,2025-02-16,3,"quantile",0.1,1735787.85088284
"2201","DE","00+",2025-01-30,2025-02-16,3,"quantile",0.25,1903700.33455214
"2202","DE","00+",2025-01-30,2025-02-16,3,"quantile",0.5,2103920.69804769
"2203","DE","00+",2025-01-30,2025-02-16,3,"quantile",0.75,2332238.24714148
"2204","DE","00+",2025-01-30,2025-02-16,3,"quantile",0.9,2555430.39069083
"2205","DE","00+",2025-01-30,2025-02-16,3,"quantile",0.975,2800959.18320311
"2206","DE","00+",2025-01-30,2025-02-23,4,"quantile",0.025,1505048.54491068
"2207","DE","00+",2025-01-30,2025-02-23,4,"quantile",0.1,1679626.48801392
"2208","DE","00+",2025-01-30,2025-02-23,4,"quantile",0.25,1862260.38830568
"2209","DE","00+",2025-01-30,2025-02-23,4,"quantile",0.5,2074188.99904305
"2210","DE","00+",2025-01-30,2025-02-23,4,"quantile",0.75,2310156.16422293
"2211","DE","00+",2025-01-30,2025-02-23,4,"quantile",0.9,2545752.7958691
"2212","DE","00+",2025-01-30,2025-02-23,4,"quantile",0.975,2848142.25738556
"2213","DE","00-04",2025-01-30,2025-02-02,1,"quantile",0.025,266668.678951329
"2214","DE","00-04",2025-01-30,2025-02-02,1,"quantile",0.1,281730.397751222
"2215","DE","00-04",2025-01-30,2025-02-02,1,"quantile",0.25,294960.278493631
"2216","DE","00-04",2025-01-30,2025-02-02,1,"quantile",0.5,310156.778691277
"2217","DE","00-04",2025-01-30,2025-02-02,1,"quantile",0.75,325699.033096462
"2218","DE","00-04",2025-01-30,2025-02-02,1,"quantile",0.9,341164.117643182
"2219","DE","00-04",2025-01-30,2025-02-02,1,"quantile",0.975,358258.084431264
"2220","DE","00-04",2025-01-30,2025-02-09,2,"quantile",0.025,255907.09845409
"2221","DE","00-04",2025-01-30,2025-02-09,2,"quantile",0.1,273745.794509409
"2222","DE","00-04",2025-01-30,2025-02-09,2,"quantile",0.25,289557.300574597
"2223","DE","00-04",2025-01-30,2025-02-09,2,"quantile",0.5,307142.392100742
"2224","DE","00-04",2025-01-30,2025-02-09,2,"quantile",0.75,327227.590237114
"2225","DE","00-04",2025-01-30,2025-02-09,2,"quantile",0.9,346211.196270912
"2226","DE","00-04",2025-01-30,2025-02-09,2,"quantile",0.975,368620.922120355
"2227","DE","00-04",2025-01-30,2025-02-16,3,"quantile",0.025,232826.115216716
"2228","DE","00-04",2025-01-30,2025-02-16,3,"quantile",0.1,250520.821205979
"2229","DE","00-04",2025-01-30,2025-02-16,3,"quantile",0.25,266800.785230959
"2230","DE","00-04",2025-01-30,2025-02-16,3,"quantile",0.5,286176.515233673
"2231","DE","00-04",2025-01-30,2025-02-16,3,"quantile",0.75,307200.454059414
"2232","DE","00-04",2025-01-30,2025-02-16,3,"quantile",0.9,327687.369044594
"2233","DE","00-04",2025-01-30,2025-02-16,3,"quantile",0.975,350826.148000171
"2234","DE","00-04",2025-01-30,2025-02-23,4,"quantile",0.025,211728.336913428
"2235","DE","00-04",2025-01-30,2025-02-23,4,"quantile",0.1,229082.76257079
"2236","DE","00-04",2025-01-30,2025-02-23,4,"quantile",0.25,245002.291394717
"2237","DE","00-04",2025-01-30,2025-02-23,4,"quantile",0.5,263833.079297316
"2238","DE","00-04",2025-01-30,2025-02-23,4,"quantile",0.75,283747.298923905
"2239","DE","00-04",2025-01-30,2025-02-23,4,"quantile",0.9,304910.88355341
"2240","DE","00-04",2025-01-30,2025-02-23,4,"quantile",0.975,327062.129893403
"2241","DE","05-14",2025-01-30,2025-02-02,1,"quantile",0.025,261079.0233083
"2242","DE","05-14",2025-01-30,2025-02-02,1,"quantile",0.1,280157.08665191
"2243","DE","05-14",2025-01-30,2025-02-02,1,"quantile",0.25,299789.349578721
"2244","DE","05-14",2025-01-30,2025-02-02,1,"quantile",0.5,323878.828777241
"2245","DE","05-14",2025-01-30,2025-02-02,1,"quantile",0.75,350087.190575062
"2246","DE","05-14",2025-01-30,2025-02-02,1,"quantile",0.9,375141.585181467
"2247","DE","05-14",2025-01-30,2025-02-02,1,"quantile",0.975,404597.917933105
"2248","DE","05-14",2025-01-30,2025-02-09,2,"quantile",0.025,229653.852764094
"2249","DE","05-14",2025-01-30,2025-02-09,2,"quantile",0.1,251747.016885453
"2250","DE","05-14",2025-01-30,2025-02-09,2,"quantile",0.25,274761.834076683
"2251","DE","05-14",2025-01-30,2025-02-09,2,"quantile",0.5,302010.46445899
"2252","DE","05-14",2025-01-30,2025-02-09,2,"quantile",0.75,333087.200682665
"2253","DE","05-14",2025-01-30,2025-02-09,2,"quantile",0.9,362823.286706554
"2254","DE","05-14",2025-01-30,2025-02-09,2,"quantile",0.975,400175.059643673
"2255","DE","05-14",2025-01-30,2025-02-16,3,"quantile",0.025,200001.29629095
"2256","DE","05-14",2025-01-30,2025-02-16,3,"quantile",0.1,222071.194194677
"2257","DE","05-14",2025-01-30,2025-02-16,3,"quantile",0.25,245312.772144841
"2258","DE","05-14",2025-01-30,2025-02-16,3,"quantile",0.5,273573.241593687
"2259","DE","05-14",2025-01-30,2025-02-16,3,"quantile",0.75,306002.180615735
"2260","DE","05-14",2025-01-30,2025-02-16,3,"quantile",0.9,338988.983117794
"2261","DE","05-14",2025-01-30,2025-02-16,3,"quantile",0.975,374546.151895148
"2262","DE","05-14",2025-01-30,2025-02-23,4,"quantile",0.025,187736.607654678
"2263","DE","05-14",2025-01-30,2025-02-23,4,"quantile",0.1,210455.281807358
"2264","DE","05-14",2025-01-30,2025-02-23,4,"quantile",0.25,234510.579445987
"2265","DE","05-14",2025-01-30,2025-02-23,4,"quantile",0.5,262764.834474444
"2266","DE","05-14",2025-01-30,2025-02-23,4,"quantile",0.75,296179.117115894
"2267","DE","05-14",2025-01-30,2025-02-23,4,"quantile",0.9,328330.514313702
"2268","DE","05-14",2025-01-30,2025-02-23,4,"quantile",0.975,369136.533098927
"2269","DE","15-34",2025-01-30,2025-02-02,1,"quantile",0.025,424969.093875866
"2270","DE","15-34",2025-01-30,2025-02-02,1,"quantile",0.1,464427.774825368
"2271","DE","15-34",2025-01-30,2025-02-02,1,"quantile",0.25,498713.820957475
"2272","DE","15-34",2025-01-30,2025-02-02,1,"quantile",0.5,539893.168275878
"2273","DE","15-34",2025-01-30,2025-02-02,1,"quantile",0.75,583853.918380797
"2274","DE","15-34",2025-01-30,2025-02-02,1,"quantile",0.9,629114.372958769
"2275","DE","15-34",2025-01-30,2025-02-02,1,"quantile",0.975,678274.541349688
"2276","DE","15-34",2025-01-30,2025-02-09,2,"quantile",0.025,413627.308133685
"2277","DE","15-34",2025-01-30,2025-02-09,2,"quantile",0.1,460010.708810922
"2278","DE","15-34",2025-01-30,2025-02-09,2,"quantile",0.25,500281.124228803
"2279","DE","15-34",2025-01-30,2025-02-09,2,"quantile",0.5,550479.266239271
"2280","DE","15-34",2025-01-30,2025-02-09,2,"quantile",0.75,606990.69375458
"2281","DE","15-34",2025-01-30,2025-02-09,2,"quantile",0.9,660690.312042622
"2282","DE","15-34",2025-01-30,2025-02-09,2,"quantile",0.975,732468.551338265
"2283","DE","15-34",2025-01-30,2025-02-16,3,"quantile",0.025,415389.00666252
"2284","DE","15-34",2025-01-30,2025-02-16,3,"quantile",0.1,465430.363196412
"2285","DE","15-34",2025-01-30,2025-02-16,3,"quantile",0.25,514360.555313441
"2286","DE","15-34",2025-01-30,2025-02-16,3,"quantile",0.5,571722.344956026
"2287","DE","15-34",2025-01-30,2025-02-16,3,"quantile",0.75,639330.414313624
"2288","DE","15-34",2025-01-30,2025-02-16,3,"quantile",0.9,703375.216450986
"2289","DE","15-34",2025-01-30,2025-02-16,3,"quantile",0.975,782209.52677293
"2290","DE","15-34",2025-01-30,2025-02-23,4,"quantile",0.025,403172.381064444
"2291","DE","15-34",2025-01-30,2025-02-23,4,"quantile",0.1,453841.921799624
"2292","DE","15-34",2025-01-30,2025-02-23,4,"quantile",0.25,502133.981630824
"2293","DE","15-34",2025-01-30,2025-02-23,4,"quantile",0.5,562068.528194502
"2294","DE","15-34",2025-01-30,2025-02-23,4,"quantile",0.75,628398.890167579
"2295","DE","15-34",2025-01-30,2025-02-23,4,"quantile",0.9,699101.882645632
"2296","DE","15-34",2025-01-30,2025-02-23,4,"quantile",0.975,781404.464349965
"2297","DE","35-59",2025-01-30,2025-02-02,1,"quantile",0.025,555961.684278509
"2298","DE","35-59",2025-01-30,2025-02-02,1,"quantile",0.1,600770.876529666
"2299","DE","35-59",2025-01-30,2025-02-02,1,"quantile",0.25,647450.097161342
"2300","DE","35-59",2025-01-30,2025-02-02,1,"quantile",0.5,705129.651370046
"2301","DE","35-59",2025-01-30,2025-02-02,1,"quantile",0.75,768466.400440054
"2302","DE","35-59",2025-01-30,2025-02-02,1,"quantile",0.9,828334.757844476
"2303","DE","35-59",2025-01-30,2025-02-02,1,"quantile",0.975,898074.026540137
"2304","DE","35-59",2025-01-30,2025-02-09,2,"quantile",0.025,531798.499980045
"2305","DE","35-59",2025-01-30,2025-02-09,2,"quantile",0.1,593219.102362605
"2306","DE","35-59",2025-01-30,2025-02-09,2,"quantile",0.25,652943.916623265
"2307","DE","35-59",2025-01-30,2025-02-09,2,"quantile",0.5,726832.37275844
"2308","DE","35-59",2025-01-30,2025-02-09,2,"quantile",0.75,808521.004131362
"2309","DE","35-59",2025-01-30,2025-02-09,2,"quantile",0.9,890859.997094224
"2310","DE","35-59",2025-01-30,2025-02-09,2,"quantile",0.975,995548.483249004
"2311","DE","35-59",2025-01-30,2025-02-16,3,"quantile",0.025,531742.090197297
"2312","DE","35-59",2025-01-30,2025-02-16,3,"quantile",0.1,598923.110813692
"2313","DE","35-59",2025-01-30,2025-02-16,3,"quantile",0.25,673710.173496738
"2314","DE","35-59",2025-01-30,2025-02-16,3,"quantile",0.5,763659.912073849
"2315","DE","35-59",2025-01-30,2025-02-16,3,"quantile",0.75,865954.933954783
"2316","DE","35-59",2025-01-30,2025-02-16,3,"quantile",0.9,972758.018283671
"2317","DE","35-59",2025-01-30,2025-02-16,3,"quantile",0.975,1091651.37638593
"2318","DE","35-59",2025-01-30,2025-02-23,4,"quantile",0.025,506299.112876477
"2319","DE","35-59",2025-01-30,2025-02-23,4,"quantile",0.1,580290.039090519
"2320","DE","35-59",2025-01-30,2025-02-23,4,"quantile",0.25,660561.573027922
"2321","DE","35-59",2025-01-30,2025-02-23,4,"quantile",0.5,755836.699981089
"2322","DE","35-59",2025-01-30,2025-02-23,4,"quantile",0.75,863619.503379663
"2323","DE","35-59",2025-01-30,2025-02-23,4,"quantile",0.9,976472.75317055
"2324","DE","35-59",2025-01-30,2025-02-23,4,"quantile",0.975,1121595.41344252
"2325","DE","60+",2025-01-30,2025-02-02,1,"quantile",0.025,155941.829677612
"2326","DE","60+",2025-01-30,2025-02-02,1,"quantile",0.1,170730.457283305
"2327","DE","60+",2025-01-30,2025-02-02,1,"quantile",0.25,184474.895779104
"2328","DE","60+",2025-01-30,2025-02-02,1,"quantile",0.5,200174.304032878
"2329","DE","60+",2025-01-30,2025-02-02,1,"quantile",0.75,217334.493385973
"2330","DE","60+",2025-01-30,2025-02-02,1,"quantile",0.9,234024.008589336
"2331","DE","60+",2025-01-30,2025-02-02,1,"quantile",0.975,254709.058582348
"2332","DE","60+",2025-01-30,2025-02-09,2,"quantile",0.025,154374.498600327
"2333","DE","60+",2025-01-30,2025-02-09,2,"quantile",0.1,173352.776013975
"2334","DE","60+",2025-01-30,2025-02-09,2,"quantile",0.25,191153.366103695
"2335","DE","60+",2025-01-30,2025-02-09,2,"quantile",0.5,212356.774100298
"2336","DE","60+",2025-01-30,2025-02-09,2,"quantile",0.75,237030.901683551
"2337","DE","60+",2025-01-30,2025-02-09,2,"quantile",0.9,260983.535795952
"2338","DE","60+",2025-01-30,2025-02-09,2,"quantile",0.975,291591.307529935
"2339","DE","60+",2025-01-30,2025-02-16,3,"quantile",0.025,159025.301500481
"2340","DE","60+",2025-01-30,2025-02-16,3,"quantile",0.1,181756.548118192
"2341","DE","60+",2025-01-30,2025-02-16,3,"quantile",0.25,203297.679440245
"2342","DE","60+",2025-01-30,2025-02-16,3,"quantile",0.5,230489.852420081
"2343","DE","60+",2025-01-30,2025-02-16,3,"quantile",0.75,261915.090500236
"2344","DE","60+",2025-01-30,2025-02-16,3,"quantile",0.9,293323.871479742
"2345","DE","60+",2025-01-30,2025-02-16,3,"quantile",0.975,331202.39801367
"2346","DE","60+",2025-01-30,2025-02-23,4,"quantile",0.025,162751.177831498
"2347","DE","60+",2025-01-30,2025-02-23,4,"quantile",0.1,186787.526242785
"2348","DE","60+",2025-01-30,2025-02-23,4,"quantile",0.25,211301.091841117
"2349","DE","60+",2025-01-30,2025-02-23,4,"quantile",0.5,241176.629330968
"2350","DE","60+",2025-01-30,2025-02-23,4,"quantile",0.75,275775.024496183
"2351","DE","60+",2025-01-30,2025-02-23,4,"quantile",0.9,311723.843578069
"2352","DE","60+",2025-01-30,2025-02-23,4,"quantile",0.975,355762.438354878
"2353","DE","00+",2025-02-06,2025-02-09,1,"quantile",0.025,1218917.21131209
"2354","DE","00+",2025-02-06,2025-02-09,1,"quantile",0.1,1302985.03130142
"2355","DE","00+",2025-02-06,2025-02-09,1,"quantile",0.25,1384237.71620049
"2356","DE","00+",2025-02-06,2025-02-09,1,"quantile",0.5,1482003.9510671
"2357","DE","00+",2025-02-06,2025-02-09,1,"quantile",0.75,1586840.35061263
"2358","DE","00+",2025-02-06,2025-02-09,1,"quantile",0.9,1685969.1283193
"2359","DE","00+",2025-02-06,2025-02-09,1,"quantile",0.975,1807385.63324872
"2360","DE","00+",2025-02-06,2025-02-16,2,"quantile",0.025,1178115.95535947
"2361","DE","00+",2025-02-06,2025-02-16,2,"quantile",0.1,1288860.88335906
"2362","DE","00+",2025-02-06,2025-02-16,2,"quantile",0.25,1395514.42397
"2363","DE","00+",2025-02-06,2025-02-16,2,"quantile",0.5,1523061.75839512
"2364","DE","00+",2025-02-06,2025-02-16,2,"quantile",0.75,1663755.32679387
"2365","DE","00+",2025-02-06,2025-02-16,2,"quantile",0.9,1796537.16102619
"2366","DE","00+",2025-02-06,2025-02-16,2,"quantile",0.975,1957517.50219162
"2367","DE","00+",2025-02-06,2025-02-23,3,"quantile",0.025,1218874.78863219
"2368","DE","00+",2025-02-06,2025-02-23,3,"quantile",0.1,1338132.72584146
"2369","DE","00+",2025-02-06,2025-02-23,3,"quantile",0.25,1469224.87763366
"2370","DE","00+",2025-02-06,2025-02-23,3,"quantile",0.5,1624810.08004437
"2371","DE","00+",2025-02-06,2025-02-23,3,"quantile",0.75,1797877.71915286
"2372","DE","00+",2025-02-06,2025-02-23,3,"quantile",0.9,1978195.1971771
"2373","DE","00+",2025-02-06,2025-02-23,3,"quantile",0.975,2182879.07569298
"2374","DE","00+",2025-02-06,2025-03-02,4,"quantile",0.025,1178667.52751837
"2375","DE","00+",2025-02-06,2025-03-02,4,"quantile",0.1,1316092.66928313
"2376","DE","00+",2025-02-06,2025-03-02,4,"quantile",0.25,1447033.68335411
"2377","DE","00+",2025-02-06,2025-03-02,4,"quantile",0.5,1609743.83816414
"2378","DE","00+",2025-02-06,2025-03-02,4,"quantile",0.75,1793588.80427567
"2379","DE","00+",2025-02-06,2025-03-02,4,"quantile",0.9,1987031.65876749
"2380","DE","00+",2025-02-06,2025-03-02,4,"quantile",0.975,2214422.29751872
"2381","DE","00-04",2025-02-06,2025-02-09,1,"quantile",0.025,191660.951927647
"2382","DE","00-04",2025-02-06,2025-02-09,1,"quantile",0.1,200732.639171144
"2383","DE","00-04",2025-02-06,2025-02-09,1,"quantile",0.25,210090.468703992
"2384","DE","00-04",2025-02-06,2025-02-09,1,"quantile",0.5,220882.210672441
"2385","DE","00-04",2025-02-06,2025-02-09,1,"quantile",0.75,231874.119104045
"2386","DE","00-04",2025-02-06,2025-02-09,1,"quantile",0.9,242577.783465313
"2387","DE","00-04",2025-02-06,2025-02-09,1,"quantile",0.975,255177.792885406
"2388","DE","00-04",2025-02-06,2025-02-16,2,"quantile",0.025,174923.246158912
"2389","DE","00-04",2025-02-06,2025-02-16,2,"quantile",0.1,186626.617449972
"2390","DE","00-04",2025-02-06,2025-02-16,2,"quantile",0.25,197110.146295259
"2391","DE","00-04",2025-02-06,2025-02-16,2,"quantile",0.5,209404.368857308
"2392","DE","00-04",2025-02-06,2025-02-16,2,"quantile",0.75,222723.700302554
"2393","DE","00-04",2025-02-06,2025-02-16,2,"quantile",0.9,235433.498034394
"2394","DE","00-04",2025-02-06,2025-02-16,2,"quantile",0.975,251723.21045736
"2395","DE","00-04",2025-02-06,2025-02-23,3,"quantile",0.025,170912.968121587
"2396","DE","00-04",2025-02-06,2025-02-23,3,"quantile",0.1,183545.736412458
"2397","DE","00-04",2025-02-06,2025-02-23,3,"quantile",0.25,194736.487556854
"2398","DE","00-04",2025-02-06,2025-02-23,3,"quantile",0.5,209696.084401805
"2399","DE","00-04",2025-02-06,2025-02-23,3,"quantile",0.75,225347.845941697
"2400","DE","00-04",2025-02-06,2025-02-23,3,"quantile",0.9,240503.58706548
"2401","DE","00-04",2025-02-06,2025-02-23,3,"quantile",0.975,257330.958196793
"2402","DE","00-04",2025-02-06,2025-03-02,4,"quantile",0.025,166431.102565903
"2403","DE","00-04",2025-02-06,2025-03-02,4,"quantile",0.1,180246.762415798
"2404","DE","00-04",2025-02-06,2025-03-02,4,"quantile",0.25,192579.705488745
"2405","DE","00-04",2025-02-06,2025-03-02,4,"quantile",0.5,206959.127803154
"2406","DE","00-04",2025-02-06,2025-03-02,4,"quantile",0.75,223623.685304596
"2407","DE","00-04",2025-02-06,2025-03-02,4,"quantile",0.9,239716.669381595
"2408","DE","00-04",2025-02-06,2025-03-02,4,"quantile",0.975,259831.620515667
"2409","DE","05-14",2025-02-06,2025-02-09,1,"quantile",0.025,193646.714665978
"2410","DE","05-14",2025-02-06,2025-02-09,1,"quantile",0.1,208876.318763248
"2411","DE","05-14",2025-02-06,2025-02-09,1,"quantile",0.25,223742.732018277
"2412","DE","05-14",2025-02-06,2025-02-09,1,"quantile",0.5,241421.486922752
"2413","DE","05-14",2025-02-06,2025-02-09,1,"quantile",0.75,260428.065032185
"2414","DE","05-14",2025-02-06,2025-02-09,1,"quantile",0.9,279282.185958616
"2415","DE","05-14",2025-02-06,2025-02-09,1,"quantile",0.975,302503.748163711
"2416","DE","05-14",2025-02-06,2025-02-16,2,"quantile",0.025,168427.665690573
"2417","DE","05-14",2025-02-06,2025-02-16,2,"quantile",0.1,186202.739960736
"2418","DE","05-14",2025-02-06,2025-02-16,2,"quantile",0.25,202835.103756541
"2419","DE","05-14",2025-02-06,2025-02-16,2,"quantile",0.5,223542.993943222
"2420","DE","05-14",2025-02-06,2025-02-16,2,"quantile",0.75,246506.957935699
"2421","DE","05-14",2025-02-06,2025-02-16,2,"quantile",0.9,268905.83667165
"2422","DE","05-14",2025-02-06,2025-02-16,2,"quantile",0.975,294715.188224088
"2423","DE","05-14",2025-02-06,2025-02-23,3,"quantile",0.025,166582.609679328
"2424","DE","05-14",2025-02-06,2025-02-23,3,"quantile",0.1,185078.749425163
"2425","DE","05-14",2025-02-06,2025-02-23,3,"quantile",0.25,204538.068543215
"2426","DE","05-14",2025-02-06,2025-02-23,3,"quantile",0.5,228514.829303937
"2427","DE","05-14",2025-02-06,2025-02-23,3,"quantile",0.75,254860.240798414
"2428","DE","05-14",2025-02-06,2025-02-23,3,"quantile",0.9,282269.285989938
"2429","DE","05-14",2025-02-06,2025-02-23,3,"quantile",0.975,314873.113139911
"2430","DE","05-14",2025-02-06,2025-03-02,4,"quantile",0.025,160706.241538312
"2431","DE","05-14",2025-02-06,2025-03-02,4,"quantile",0.1,181392.580442104
"2432","DE","05-14",2025-02-06,2025-03-02,4,"quantile",0.25,200187.655908762
"2433","DE","05-14",2025-02-06,2025-03-02,4,"quantile",0.5,225062.381307654
"2434","DE","05-14",2025-02-06,2025-03-02,4,"quantile",0.75,252774.95249882
"2435","DE","05-14",2025-02-06,2025-03-02,4,"quantile",0.9,282366.853562914
"2436","DE","05-14",2025-02-06,2025-03-02,4,"quantile",0.975,317477.719386744
"2437","DE","15-34",2025-02-06,2025-02-09,1,"quantile",0.025,316344.58739773
"2438","DE","15-34",2025-02-06,2025-02-09,1,"quantile",0.1,340883.769972806
"2439","DE","15-34",2025-02-06,2025-02-09,1,"quantile",0.25,366383.090594069
"2440","DE","15-34",2025-02-06,2025-02-09,1,"quantile",0.5,396902.344605914
"2441","DE","15-34",2025-02-06,2025-02-09,1,"quantile",0.75,428445.573357782
"2442","DE","15-34",2025-02-06,2025-02-09,1,"quantile",0.9,459453.482183487
"2443","DE","15-34",2025-02-06,2025-02-09,1,"quantile",0.975,498936.569734242
"2444","DE","15-34",2025-02-06,2025-02-16,2,"quantile",0.025,322019.914828004
"2445","DE","15-34",2025-02-06,2025-02-16,2,"quantile",0.1,354865.920302822
"2446","DE","15-34",2025-02-06,2025-02-16,2,"quantile",0.25,386339.241777272
"2447","DE","15-34",2025-02-06,2025-02-16,2,"quantile",0.5,424920.231131414
"2448","DE","15-34",2025-02-06,2025-02-16,2,"quantile",0.75,467914.672297836
"2449","DE","15-34",2025-02-06,2025-02-16,2,"quantile",0.9,510440.870816287
"2450","DE","15-34",2025-02-06,2025-02-16,2,"quantile",0.975,564412.078446818
"2451","DE","15-34",2025-02-06,2025-02-23,3,"quantile",0.025,333193.105919599
"2452","DE","15-34",2025-02-06,2025-02-23,3,"quantile",0.1,371902.829001117
"2453","DE","15-34",2025-02-06,2025-02-23,3,"quantile",0.25,408313.362614125
"2454","DE","15-34",2025-02-06,2025-02-23,3,"quantile",0.5,457427.975226394
"2455","DE","15-34",2025-02-06,2025-02-23,3,"quantile",0.75,510211.477231825
"2456","DE","15-34",2025-02-06,2025-02-23,3,"quantile",0.9,564167.05593756
"2457","DE","15-34",2025-02-06,2025-02-23,3,"quantile",0.975,627792.902148501
"2458","DE","15-34",2025-02-06,2025-03-02,4,"quantile",0.025,323628.724790208
"2459","DE","15-34",2025-02-06,2025-03-02,4,"quantile",0.1,363603.967405495
"2460","DE","15-34",2025-02-06,2025-03-02,4,"quantile",0.25,403821.613299161
"2461","DE","15-34",2025-02-06,2025-03-02,4,"quantile",0.5,451898.804569727
"2462","DE","15-34",2025-02-06,2025-03-02,4,"quantile",0.75,506796.50093045
"2463","DE","15-34",2025-02-06,2025-03-02,4,"quantile",0.9,561899.644753593
"2464","DE","15-34",2025-02-06,2025-03-02,4,"quantile",0.975,634444.427819438
"2465","DE","35-59",2025-02-06,2025-02-09,1,"quantile",0.025,398477.735793124
"2466","DE","35-59",2025-02-06,2025-02-09,1,"quantile",0.1,432639.849777084
"2467","DE","35-59",2025-02-06,2025-02-09,1,"quantile",0.25,466520.927921794
"2468","DE","35-59",2025-02-06,2025-02-09,1,"quantile",0.5,506511.945964376
"2469","DE","35-59",2025-02-06,2025-02-09,1,"quantile",0.75,550261.119064306
"2470","DE","35-59",2025-02-06,2025-02-09,1,"quantile",0.9,592314.632359172
"2471","DE","35-59",2025-02-06,2025-02-09,1,"quantile",0.975,645459.945787889
"2472","DE","35-59",2025-02-06,2025-02-16,2,"quantile",0.025,390873.714254944
"2473","DE","35-59",2025-02-06,2025-02-16,2,"quantile",0.1,436342.409199421
"2474","DE","35-59",2025-02-06,2025-02-16,2,"quantile",0.25,481369.908712616
"2475","DE","35-59",2025-02-06,2025-02-16,2,"quantile",0.5,535758.924179072
"2476","DE","35-59",2025-02-06,2025-02-16,2,"quantile",0.75,598568.139779644
"2477","DE","35-59",2025-02-06,2025-02-16,2,"quantile",0.9,657601.153938859
"2478","DE","35-59",2025-02-06,2025-02-16,2,"quantile",0.975,731437.369459686
"2479","DE","35-59",2025-02-06,2025-02-23,3,"quantile",0.025,400417.173456887
"2480","DE","35-59",2025-02-06,2025-02-23,3,"quantile",0.1,453093.270792294
"2481","DE","35-59",2025-02-06,2025-02-23,3,"quantile",0.25,508326.239792314
"2482","DE","35-59",2025-02-06,2025-02-23,3,"quantile",0.5,575429.351128685
"2483","DE","35-59",2025-02-06,2025-02-23,3,"quantile",0.75,653117.164513936
"2484","DE","35-59",2025-02-06,2025-02-23,3,"quantile",0.9,735510.286017954
"2485","DE","35-59",2025-02-06,2025-02-23,3,"quantile",0.975,827046.037481765
"2486","DE","35-59",2025-02-06,2025-03-02,4,"quantile",0.025,380959.950078183
"2487","DE","35-59",2025-02-06,2025-03-02,4,"quantile",0.1,438996.376458768
"2488","DE","35-59",2025-02-06,2025-03-02,4,"quantile",0.25,493790.220372948
"2489","DE","35-59",2025-02-06,2025-03-02,4,"quantile",0.5,564713.856425793
"2490","DE","35-59",2025-02-06,2025-03-02,4,"quantile",0.75,647883.675158013
"2491","DE","35-59",2025-02-06,2025-03-02,4,"quantile",0.9,732937.458417013
"2492","DE","35-59",2025-02-06,2025-03-02,4,"quantile",0.975,843343.469785225
"2493","DE","60+",2025-02-06,2025-02-09,1,"quantile",0.025,116889.577757659
"2494","DE","60+",2025-02-06,2025-02-09,1,"quantile",0.1,125591.492270872
"2495","DE","60+",2025-02-06,2025-02-09,1,"quantile",0.25,135509.634626267
"2496","DE","60+",2025-02-06,2025-02-09,1,"quantile",0.5,147150.602876826
"2497","DE","60+",2025-02-06,2025-02-09,1,"quantile",0.75,159527.913702432
"2498","DE","60+",2025-02-06,2025-02-09,1,"quantile",0.9,171365.102477797
"2499","DE","60+",2025-02-06,2025-02-09,1,"quantile",0.975,187054.50245428
"2500","DE","60+",2025-02-06,2025-02-16,2,"quantile",0.025,118007.281359827
"2501","DE","60+",2025-02-06,2025-02-16,2,"quantile",0.1,131939.108100112
"2502","DE","60+",2025-02-06,2025-02-16,2,"quantile",0.25,144867.404803398
"2503","DE","60+",2025-02-06,2025-02-16,2,"quantile",0.5,161407.24076144
"2504","DE","60+",2025-02-06,2025-02-16,2,"quantile",0.75,179710.798532068
"2505","DE","60+",2025-02-06,2025-02-16,2,"quantile",0.9,197580.028215058
"2506","DE","60+",2025-02-06,2025-02-16,2,"quantile",0.975,221042.04617602
"2507","DE","60+",2025-02-06,2025-02-23,3,"quantile",0.025,128802.621212864
"2508","DE","60+",2025-02-06,2025-02-23,3,"quantile",0.1,145545.645328158
"2509","DE","60+",2025-02-06,2025-02-23,3,"quantile",0.25,162319.303084468
"2510","DE","60+",2025-02-06,2025-02-23,3,"quantile",0.5,185268.261116015
"2511","DE","60+",2025-02-06,2025-02-23,3,"quantile",0.75,210834.901313564
"2512","DE","60+",2025-02-06,2025-02-23,3,"quantile",0.9,236276.486401085
"2513","DE","60+",2025-02-06,2025-02-23,3,"quantile",0.975,267377.432878019
"2514","DE","60+",2025-02-06,2025-03-02,4,"quantile",0.025,123673.983191054
"2515","DE","60+",2025-02-06,2025-03-02,4,"quantile",0.1,143177.773705267
"2516","DE","60+",2025-02-06,2025-03-02,4,"quantile",0.25,161725.346838445
"2517","DE","60+",2025-02-06,2025-03-02,4,"quantile",0.5,184200.474796899
"2518","DE","60+",2025-02-06,2025-03-02,4,"quantile",0.75,211757.762594698
"2519","DE","60+",2025-02-06,2025-03-02,4,"quantile",0.9,239824.591705468
"2520","DE","60+",2025-02-06,2025-03-02,4,"quantile",0.975,276330.562237434
"2521","DE","00+",2025-02-13,2025-02-16,1,"quantile",0.025,1657327.48846875
"2522","DE","00+",2025-02-13,2025-02-16,1,"quantile",0.1,1778479.16385181
"2523","DE","00+",2025-02-13,2025-02-16,1,"quantile",0.25,1889742.4058699
"2524","DE","00+",2025-02-13,2025-02-16,1,"quantile",0.5,2021044.84771521
"2525","DE","00+",2025-02-13,2025-02-16,1,"quantile",0.75,2163392.92855971
"2526","DE","00+",2025-02-13,2025-02-16,1,"quantile",0.9,2298873.02704437
"2527","DE","00+",2025-02-13,2025-02-16,1,"quantile",0.975,2466744.29431941
"2528","DE","00+",2025-02-13,2025-02-23,2,"quantile",0.025,1643160.65557275
"2529","DE","00+",2025-02-13,2025-02-23,2,"quantile",0.1,1795726.3767364
"2530","DE","00+",2025-02-13,2025-02-23,2,"quantile",0.25,1947877.57534188
"2531","DE","00+",2025-02-13,2025-02-23,2,"quantile",0.5,2125664.81474893
"2532","DE","00+",2025-02-13,2025-02-23,2,"quantile",0.75,2320053.78633368
"2533","DE","00+",2025-02-13,2025-02-23,2,"quantile",0.9,2501693.91028937
"2534","DE","00+",2025-02-13,2025-02-23,2,"quantile",0.975,2737765.47054937
"2535","DE","00+",2025-02-13,2025-03-02,3,"quantile",0.025,1474203.01759626
"2536","DE","00+",2025-02-13,2025-03-02,3,"quantile",0.1,1622901.28726768
"2537","DE","00+",2025-02-13,2025-03-02,3,"quantile",0.25,1780415.4397375
"2538","DE","00+",2025-02-13,2025-03-02,3,"quantile",0.5,1971857.56594826
"2539","DE","00+",2025-02-13,2025-03-02,3,"quantile",0.75,2180739.1071541
"2540","DE","00+",2025-02-13,2025-03-02,3,"quantile",0.9,2391187.23872187
"2541","DE","00+",2025-02-13,2025-03-02,3,"quantile",0.975,2645290.86304553
"2542","DE","00+",2025-02-13,2025-03-09,4,"quantile",0.025,1293064.73010004
"2543","DE","00+",2025-02-13,2025-03-09,4,"quantile",0.1,1429275.78324387
"2544","DE","00+",2025-02-13,2025-03-09,4,"quantile",0.25,1573389.25474873
"2545","DE","00+",2025-02-13,2025-03-09,4,"quantile",0.5,1748996.42362027
"2546","DE","00+",2025-02-13,2025-03-09,4,"quantile",0.75,1947203.04413971
"2547","DE","00+",2025-02-13,2025-03-09,4,"quantile",0.9,2148252.55992844
"2548","DE","00+",2025-02-13,2025-03-09,4,"quantile",0.975,2385356.18626737
"2549","DE","00-04",2025-02-13,2025-02-16,1,"quantile",0.025,228987.079034575
"2550","DE","00-04",2025-02-13,2025-02-16,1,"quantile",0.1,239597.551807315
"2551","DE","00-04",2025-02-13,2025-02-16,1,"quantile",0.25,250925.009246272
"2552","DE","00-04",2025-02-13,2025-02-16,1,"quantile",0.5,263271.33217029
"2553","DE","00-04",2025-02-13,2025-02-16,1,"quantile",0.75,277029.911856176
"2554","DE","00-04",2025-02-13,2025-02-16,1,"quantile",0.9,290024.654955653
"2555","DE","00-04",2025-02-13,2025-02-16,1,"quantile",0.975,303683.686186774
"2556","DE","00-04",2025-02-13,2025-02-23,2,"quantile",0.025,216773.229386526
"2557","DE","00-04",2025-02-13,2025-02-23,2,"quantile",0.1,230621.052293359
"2558","DE","00-04",2025-02-13,2025-02-23,2,"quantile",0.25,244119.576901714
"2559","DE","00-04",2025-02-13,2025-02-23,2,"quantile",0.5,259504.105900037
"2560","DE","00-04",2025-02-13,2025-02-23,2,"quantile",0.75,275863.22217113
"2561","DE","00-04",2025-02-13,2025-02-23,2,"quantile",0.9,291586.906079873
"2562","DE","00-04",2025-02-13,2025-02-23,2,"quantile",0.975,310310.17122331
"2563","DE","00-04",2025-02-13,2025-03-02,3,"quantile",0.025,198219.771388428
"2564","DE","00-04",2025-02-13,2025-03-02,3,"quantile",0.1,212389.497342447
"2565","DE","00-04",2025-02-13,2025-03-02,3,"quantile",0.25,226011.951279275
"2566","DE","00-04",2025-02-13,2025-03-02,3,"quantile",0.5,242930.853423361
"2567","DE","00-04",2025-02-13,2025-03-02,3,"quantile",0.75,260428.283748794
"2568","DE","00-04",2025-02-13,2025-03-02,3,"quantile",0.9,277692.445214266
"2569","DE","00-04",2025-02-13,2025-03-02,3,"quantile",0.975,297360.725576643
"2570","DE","00-04",2025-02-13,2025-03-09,4,"quantile",0.025,182615.223147693
"2571","DE","00-04",2025-02-13,2025-03-09,4,"quantile",0.1,197316.724614201
"2572","DE","00-04",2025-02-13,2025-03-09,4,"quantile",0.25,211309.828955738
"2573","DE","00-04",2025-02-13,2025-03-09,4,"quantile",0.5,227700.971874246
"2574","DE","00-04",2025-02-13,2025-03-09,4,"quantile",0.75,245294.354003883
"2575","DE","00-04",2025-02-13,2025-03-09,4,"quantile",0.9,262538.627135444
"2576","DE","00-04",2025-02-13,2025-03-09,4,"quantile",0.975,282977.059737282
"2577","DE","05-14",2025-02-13,2025-02-16,1,"quantile",0.025,236743.081102901
"2578","DE","05-14",2025-02-13,2025-02-16,1,"quantile",0.1,255815.100617385
"2579","DE","05-14",2025-02-13,2025-02-16,1,"quantile",0.25,273592.238604159
"2580","DE","05-14",2025-02-13,2025-02-16,1,"quantile",0.5,294414.746113429
"2581","DE","05-14",2025-02-13,2025-02-16,1,"quantile",0.75,318242.158401823
"2582","DE","05-14",2025-02-13,2025-02-16,1,"quantile",0.9,340920.669574204
"2583","DE","05-14",2025-02-13,2025-02-16,1,"quantile",0.975,368461.432832475
"2584","DE","05-14",2025-02-13,2025-02-23,2,"quantile",0.025,220970.08054151
"2585","DE","05-14",2025-02-13,2025-02-23,2,"quantile",0.1,243092.221138988
"2586","DE","05-14",2025-02-13,2025-02-23,2,"quantile",0.25,265296.090956215
"2587","DE","05-14",2025-02-13,2025-02-23,2,"quantile",0.5,292056.23865881
"2588","DE","05-14",2025-02-13,2025-02-23,2,"quantile",0.75,321443.156486847
"2589","DE","05-14",2025-02-13,2025-02-23,2,"quantile",0.9,350939.467456128
"2590","DE","05-14",2025-02-13,2025-02-23,2,"quantile",0.975,388170.953274341
"2591","DE","05-14",2025-02-13,2025-03-02,3,"quantile",0.025,194814.854656995
"2592","DE","05-14",2025-02-13,2025-03-02,3,"quantile",0.1,216662.822626804
"2593","DE","05-14",2025-02-13,2025-03-02,3,"quantile",0.25,239755.978636263
"2594","DE","05-14",2025-02-13,2025-03-02,3,"quantile",0.5,266891.288048444
"2595","DE","05-14",2025-02-13,2025-03-02,3,"quantile",0.75,298453.312129733
"2596","DE","05-14",2025-02-13,2025-03-02,3,"quantile",0.9,329390.863804095
"2597","DE","05-14",2025-02-13,2025-03-02,3,"quantile",0.975,370048.989726658
"2598","DE","05-14",2025-02-13,2025-03-09,4,"quantile",0.025,171171.983433597
"2599","DE","05-14",2025-02-13,2025-03-09,4,"quantile",0.1,190917.575168121
"2600","DE","05-14",2025-02-13,2025-03-09,4,"quantile",0.25,211756.856601448
"2601","DE","05-14",2025-02-13,2025-03-09,4,"quantile",0.5,236387.51182804
"2602","DE","05-14",2025-02-13,2025-03-09,4,"quantile",0.75,266089.057179039
"2603","DE","05-14",2025-02-13,2025-03-09,4,"quantile",0.9,294206.966595562
"2604","DE","05-14",2025-02-13,2025-03-09,4,"quantile",0.975,330180.217980522
"2605","DE","15-34",2025-02-13,2025-02-16,1,"quantile",0.025,428361.774978839
"2606","DE","15-34",2025-02-13,2025-02-16,1,"quantile",0.1,460393.333789198
"2607","DE","15-34",2025-02-13,2025-02-16,1,"quantile",0.25,495077.229591607
"2608","DE","15-34",2025-02-13,2025-02-16,1,"quantile",0.5,534496.720934763
"2609","DE","15-34",2025-02-13,2025-02-16,1,"quantile",0.75,578407.133282661
"2610","DE","15-34",2025-02-13,2025-02-16,1,"quantile",0.9,622198.07854232
"2611","DE","15-34",2025-02-13,2025-02-16,1,"quantile",0.975,670089.637002893
"2612","DE","15-34",2025-02-13,2025-02-23,2,"quantile",0.025,424146.042189669
"2613","DE","15-34",2025-02-13,2025-02-23,2,"quantile",0.1,466168.462002653
"2614","DE","15-34",2025-02-13,2025-02-23,2,"quantile",0.25,509937.039221312
"2615","DE","15-34",2025-02-13,2025-02-23,2,"quantile",0.5,560286.431331966
"2616","DE","15-34",2025-02-13,2025-02-23,2,"quantile",0.75,617494.785112455
"2617","DE","15-34",2025-02-13,2025-02-23,2,"quantile",0.9,672140.485291617
"2618","DE","15-34",2025-02-13,2025-02-23,2,"quantile",0.975,741308.906233188
"2619","DE","15-34",2025-02-13,2025-03-02,3,"quantile",0.025,381823.824442234
"2620","DE","15-34",2025-02-13,2025-03-02,3,"quantile",0.1,424335.091596155
"2621","DE","15-34",2025-02-13,2025-03-02,3,"quantile",0.25,466431.080386191
"2622","DE","15-34",2025-02-13,2025-03-02,3,"quantile",0.5,522913.503406496
"2623","DE","15-34",2025-02-13,2025-03-02,3,"quantile",0.75,580790.406112933
"2624","DE","15-34",2025-02-13,2025-03-02,3,"quantile",0.9,641618.704882141
"2625","DE","15-34",2025-02-13,2025-03-02,3,"quantile",0.975,715694.112833996
"2626","DE","15-34",2025-02-13,2025-03-09,4,"quantile",0.025,329228.623670325
"2627","DE","15-34",2025-02-13,2025-03-09,4,"quantile",0.1,370815.347861147
"2628","DE","15-34",2025-02-13,2025-03-09,4,"quantile",0.25,410786.850178738
"2629","DE","15-34",2025-02-13,2025-03-09,4,"quantile",0.5,461526.245479422
"2630","DE","15-34",2025-02-13,2025-03-09,4,"quantile",0.75,516346.475805687
"2631","DE","15-34",2025-02-13,2025-03-09,4,"quantile",0.9,572476.931717612
"2632","DE","15-34",2025-02-13,2025-03-09,4,"quantile",0.975,643169.882675167
"2633","DE","35-59",2025-02-13,2025-02-16,1,"quantile",0.025,574614.5501552
"2634","DE","35-59",2025-02-13,2025-02-16,1,"quantile",0.1,626947.518279491
"2635","DE","35-59",2025-02-13,2025-02-16,1,"quantile",0.25,674816.712062188
"2636","DE","35-59",2025-02-13,2025-02-16,1,"quantile",0.5,733089.702610255
"2637","DE","35-59",2025-02-13,2025-02-16,1,"quantile",0.75,796618.776786869
"2638","DE","35-59",2025-02-13,2025-02-16,1,"quantile",0.9,858558.287234417
"2639","DE","35-59",2025-02-13,2025-02-16,1,"quantile",0.975,936217.14768254
"2640","DE","35-59",2025-02-13,2025-02-23,2,"quantile",0.025,568112.543436044
"2641","DE","35-59",2025-02-13,2025-02-23,2,"quantile",0.1,631395.713612399
"2642","DE","35-59",2025-02-13,2025-02-23,2,"quantile",0.25,699976.071729913
"2643","DE","35-59",2025-02-13,2025-02-23,2,"quantile",0.5,778403.505919067
"2644","DE","35-59",2025-02-13,2025-02-23,2,"quantile",0.75,867768.265268044
"2645","DE","35-59",2025-02-13,2025-02-23,2,"quantile",0.9,953190.916155166
"2646","DE","35-59",2025-02-13,2025-02-23,2,"quantile",0.975,1062672.83139813
"2647","DE","35-59",2025-02-13,2025-03-02,3,"quantile",0.025,494349.60272864
"2648","DE","35-59",2025-02-13,2025-03-02,3,"quantile",0.1,557757.216378558
"2649","DE","35-59",2025-02-13,2025-03-02,3,"quantile",0.25,628175.344855783
"2650","DE","35-59",2025-02-13,2025-03-02,3,"quantile",0.5,713326.197554964
"2651","DE","35-59",2025-02-13,2025-03-02,3,"quantile",0.75,808322.103192817
"2652","DE","35-59",2025-02-13,2025-03-02,3,"quantile",0.9,905817.076591683
"2653","DE","35-59",2025-02-13,2025-03-02,3,"quantile",0.975,1030022.81568799
"2654","DE","35-59",2025-02-13,2025-03-09,4,"quantile",0.025,423683.862507542
"2655","DE","35-59",2025-02-13,2025-03-09,4,"quantile",0.1,481337.77117126
"2656","DE","35-59",2025-02-13,2025-03-09,4,"quantile",0.25,543890.127532339
"2657","DE","35-59",2025-02-13,2025-03-09,4,"quantile",0.5,620189.800815027
"2658","DE","35-59",2025-02-13,2025-03-09,4,"quantile",0.75,710419.037261305
"2659","DE","35-59",2025-02-13,2025-03-09,4,"quantile",0.9,802962.664114732
"2660","DE","35-59",2025-02-13,2025-03-09,4,"quantile",0.975,916138.099111861
"2661","DE","60+",2025-02-13,2025-02-16,1,"quantile",0.025,162972.592568699
"2662","DE","60+",2025-02-13,2025-02-16,1,"quantile",0.1,175572.888744133
"2663","DE","60+",2025-02-13,2025-02-16,1,"quantile",0.25,189268.421662886
"2664","DE","60+",2025-02-13,2025-02-16,1,"quantile",0.5,205011.669974886
"2665","DE","60+",2025-02-13,2025-02-16,1,"quantile",0.75,222878.026464962
"2666","DE","60+",2025-02-13,2025-02-16,1,"quantile",0.9,240514.337617068
"2667","DE","60+",2025-02-13,2025-02-16,1,"quantile",0.975,260401.980357847
"2668","DE","60+",2025-02-13,2025-02-23,2,"quantile",0.025,170744.076908282
"2669","DE","60+",2025-02-13,2025-02-23,2,"quantile",0.1,189924.478499113
"2670","DE","60+",2025-02-13,2025-02-23,2,"quantile",0.25,209349.215591771
"2671","DE","60+",2025-02-13,2025-02-23,2,"quantile",0.5,233151.229155212
"2672","DE","60+",2025-02-13,2025-02-23,2,"quantile",0.75,259390.810078437
"2673","DE","60+",2025-02-13,2025-02-23,2,"quantile",0.9,285970.430755692
"2674","DE","60+",2025-02-13,2025-02-23,2,"quantile",0.975,318745.967059327
"2675","DE","60+",2025-02-13,2025-03-02,3,"quantile",0.025,152890.007637341
"2676","DE","60+",2025-02-13,2025-03-02,3,"quantile",0.1,172612.885601528
"2677","DE","60+",2025-02-13,2025-03-02,3,"quantile",0.25,192849.501149219
"2678","DE","60+",2025-02-13,2025-03-02,3,"quantile",0.5,219405.398836728
"2679","DE","60+",2025-02-13,2025-03-02,3,"quantile",0.75,248958.48038007
"2680","DE","60+",2025-02-13,2025-03-02,3,"quantile",0.9,279169.152360609
"2681","DE","60+",2025-02-13,2025-03-02,3,"quantile",0.975,315659.31030473
"2682","DE","60+",2025-02-13,2025-03-09,4,"quantile",0.025,134327.213314926
"2683","DE","60+",2025-02-13,2025-03-09,4,"quantile",0.1,154439.733632594
"2684","DE","60+",2025-02-13,2025-03-09,4,"quantile",0.25,175072.55220926
"2685","DE","60+",2025-02-13,2025-03-09,4,"quantile",0.5,200203.500090826
"2686","DE","60+",2025-02-13,2025-03-09,4,"quantile",0.75,228833.039625927
"2687","DE","60+",2025-02-13,2025-03-09,4,"quantile",0.9,259263.855114754
"2688","DE","60+",2025-02-13,2025-03-09,4,"quantile",0.975,296760.923832167
"2689","DE","00+",2025-02-20,2025-02-23,1,"quantile",0.025,1896192.34923737
"2690","DE","00+",2025-02-20,2025-02-23,1,"quantile",0.1,2030928.17809126
"2691","DE","00+",2025-02-20,2025-02-23,1,"quantile",0.25,2159290.30885472
"2692","DE","00+",2025-02-20,2025-02-23,1,"quantile",0.5,2315948.54109531
"2693","DE","00+",2025-02-20,2025-02-23,1,"quantile",0.75,2472112.3161646
"2694","DE","00+",2025-02-20,2025-02-23,1,"quantile",0.9,2627570.01995415
"2695","DE","00+",2025-02-20,2025-02-23,1,"quantile",0.975,2816589.42614555
"2696","DE","00+",2025-02-20,2025-03-02,2,"quantile",0.025,1649529.76208429
"2697","DE","00+",2025-02-20,2025-03-02,2,"quantile",0.1,1811239.22417717
"2698","DE","00+",2025-02-20,2025-03-02,2,"quantile",0.25,1953042.39576502
"2699","DE","00+",2025-02-20,2025-03-02,2,"quantile",0.5,2130754.46158196
"2700","DE","00+",2025-02-20,2025-03-02,2,"quantile",0.75,2323775.50520647
"2701","DE","00+",2025-02-20,2025-03-02,2,"quantile",0.9,2520271.83809472
"2702","DE","00+",2025-02-20,2025-03-02,2,"quantile",0.975,2752985.39074478
"2703","DE","00+",2025-02-20,2025-03-09,3,"quantile",0.025,1381933.3949551
"2704","DE","00+",2025-02-20,2025-03-09,3,"quantile",0.1,1531984.77616825
"2705","DE","00+",2025-02-20,2025-03-09,3,"quantile",0.25,1682457.2287806
"2706","DE","00+",2025-02-20,2025-03-09,3,"quantile",0.5,1860856.18977024
"2707","DE","00+",2025-02-20,2025-03-09,3,"quantile",0.75,2063651.12626026
"2708","DE","00+",2025-02-20,2025-03-09,3,"quantile",0.9,2255591.27625708
"2709","DE","00+",2025-02-20,2025-03-09,3,"quantile",0.975,2531463.93616715
"2710","DE","00+",2025-02-20,2025-03-16,4,"quantile",0.025,1187601.70631041
"2711","DE","00+",2025-02-20,2025-03-16,4,"quantile",0.1,1339747.42896709
"2712","DE","00+",2025-02-20,2025-03-16,4,"quantile",0.25,1478161.87344873
"2713","DE","00+",2025-02-20,2025-03-16,4,"quantile",0.5,1647525.14335103
"2714","DE","00+",2025-02-20,2025-03-16,4,"quantile",0.75,1831263.73232374
"2715","DE","00+",2025-02-20,2025-03-16,4,"quantile",0.9,2024775.63642296
"2716","DE","00+",2025-02-20,2025-03-16,4,"quantile",0.975,2264616.93650957
"2717","DE","00-04",2025-02-20,2025-02-23,1,"quantile",0.025,246610.978529012
"2718","DE","00-04",2025-02-20,2025-02-23,1,"quantile",0.1,258880.843222281
"2719","DE","00-04",2025-02-20,2025-02-23,1,"quantile",0.25,271031.96593124
"2720","DE","00-04",2025-02-20,2025-02-23,1,"quantile",0.5,284323.974604056
"2721","DE","00-04",2025-02-20,2025-02-23,1,"quantile",0.75,298766.018168839
"2722","DE","00-04",2025-02-20,2025-02-23,1,"quantile",0.9,312467.923030007
"2723","DE","00-04",2025-02-20,2025-02-23,1,"quantile",0.975,327934.284973767
"2724","DE","00-04",2025-02-20,2025-03-02,2,"quantile",0.025,223200.605327926
"2725","DE","00-04",2025-02-20,2025-03-02,2,"quantile",0.1,236344.32154913
"2726","DE","00-04",2025-02-20,2025-03-02,2,"quantile",0.25,249172.801065074
"2727","DE","00-04",2025-02-20,2025-03-02,2,"quantile",0.5,264605.044630486
"2728","DE","00-04",2025-02-20,2025-03-02,2,"quantile",0.75,280736.902822884
"2729","DE","00-04",2025-02-20,2025-03-02,2,"quantile",0.9,296985.626431097
"2730","DE","00-04",2025-02-20,2025-03-02,2,"quantile",0.975,316143.196791542
"2731","DE","00-04",2025-02-20,2025-03-09,3,"quantile",0.025,198348.329241663
"2732","DE","00-04",2025-02-20,2025-03-09,3,"quantile",0.1,212280.265973284
"2733","DE","00-04",2025-02-20,2025-03-09,3,"quantile",0.25,226315.056409628
"2734","DE","00-04",2025-02-20,2025-03-09,3,"quantile",0.5,242497.619283767
"2735","DE","00-04",2025-02-20,2025-03-09,3,"quantile",0.75,259855.784068257
"2736","DE","00-04",2025-02-20,2025-03-09,3,"quantile",0.9,276134.991070608
"2737","DE","00-04",2025-02-20,2025-03-09,3,"quantile",0.975,298114.413622677
"2738","DE","00-04",2025-02-20,2025-03-16,4,"quantile",0.025,176142.203660769
"2739","DE","00-04",2025-02-20,2025-03-16,4,"quantile",0.1,189889.026026451
"2740","DE","00-04",2025-02-20,2025-03-16,4,"quantile",0.25,203238.883141298
"2741","DE","00-04",2025-02-20,2025-03-16,4,"quantile",0.5,218896.2160162
"2742","DE","00-04",2025-02-20,2025-03-16,4,"quantile",0.75,235889.539213024
"2743","DE","00-04",2025-02-20,2025-03-16,4,"quantile",0.9,251656.85121861
"2744","DE","00-04",2025-02-20,2025-03-16,4,"quantile",0.975,270629.968424328
"2745","DE","05-14",2025-02-20,2025-02-23,1,"quantile",0.025,260313.738437361
"2746","DE","05-14",2025-02-20,2025-02-23,1,"quantile",0.1,281922.106316794
"2747","DE","05-14",2025-02-20,2025-02-23,1,"quantile",0.25,301224.073998707
"2748","DE","05-14",2025-02-20,2025-02-23,1,"quantile",0.5,325151.267541805
"2749","DE","05-14",2025-02-20,2025-02-23,1,"quantile",0.75,350935.490914128
"2750","DE","05-14",2025-02-20,2025-02-23,1,"quantile",0.9,374800.514937804
"2751","DE","05-14",2025-02-20,2025-02-23,1,"quantile",0.975,404216.704511701
"2752","DE","05-14",2025-02-20,2025-03-02,2,"quantile",0.025,221272.273940405
"2753","DE","05-14",2025-02-20,2025-03-02,2,"quantile",0.1,245079.952948837
"2754","DE","05-14",2025-02-20,2025-03-02,2,"quantile",0.25,266328.656344701
"2755","DE","05-14",2025-02-20,2025-03-02,2,"quantile",0.5,292804.817372465
"2756","DE","05-14",2025-02-20,2025-03-02,2,"quantile",0.75,322295.277925526
"2757","DE","05-14",2025-02-20,2025-03-02,2,"quantile",0.9,351761.543822843
"2758","DE","05-14",2025-02-20,2025-03-02,2,"quantile",0.975,388335.780357028
"2759","DE","05-14",2025-02-20,2025-03-09,3,"quantile",0.025,183763.157061746
"2760","DE","05-14",2025-02-20,2025-03-09,3,"quantile",0.1,204930.71985038
"2761","DE","05-14",2025-02-20,2025-03-09,3,"quantile",0.25,227129.153496159
"2762","DE","05-14",2025-02-20,2025-03-09,3,"quantile",0.5,252784.45172114
"2763","DE","05-14",2025-02-20,2025-03-09,3,"quantile",0.75,282309.673329402
"2764","DE","05-14",2025-02-20,2025-03-09,3,"quantile",0.9,311791.334072287
"2765","DE","05-14",2025-02-20,2025-03-09,3,"quantile",0.975,352556.518858046
"2766","DE","05-14",2025-02-20,2025-03-16,4,"quantile",0.025,156868.378476923
"2767","DE","05-14",2025-02-20,2025-03-16,4,"quantile",0.1,177775.853897447
"2768","DE","05-14",2025-02-20,2025-03-16,4,"quantile",0.25,197297.66278697
"2769","DE","05-14",2025-02-20,2025-03-16,4,"quantile",0.5,221570.629760453
"2770","DE","05-14",2025-02-20,2025-03-16,4,"quantile",0.75,248199.144904716
"2771","DE","05-14",2025-02-20,2025-03-16,4,"quantile",0.9,276063.774479769
"2772","DE","05-14",2025-02-20,2025-03-16,4,"quantile",0.975,313517.646963656
"2773","DE","15-34",2025-02-20,2025-02-23,1,"quantile",0.025,498727.653119943
"2774","DE","15-34",2025-02-20,2025-02-23,1,"quantile",0.1,540202.763130268
"2775","DE","15-34",2025-02-20,2025-02-23,1,"quantile",0.25,579762.455525523
"2776","DE","15-34",2025-02-20,2025-02-23,1,"quantile",0.5,625645.154242521
"2777","DE","15-34",2025-02-20,2025-02-23,1,"quantile",0.75,676871.685723045
"2778","DE","15-34",2025-02-20,2025-02-23,1,"quantile",0.9,727131.63124079
"2779","DE","15-34",2025-02-20,2025-02-23,1,"quantile",0.975,783356.575253273
"2780","DE","15-34",2025-02-20,2025-03-02,2,"quantile",0.025,439943.786712544
"2781","DE","15-34",2025-02-20,2025-03-02,2,"quantile",0.1,482709.644270976
"2782","DE","15-34",2025-02-20,2025-03-02,2,"quantile",0.25,524832.185142397
"2783","DE","15-34",2025-02-20,2025-03-02,2,"quantile",0.5,576492.104379778
"2784","DE","15-34",2025-02-20,2025-03-02,2,"quantile",0.75,631421.060745953
"2785","DE","15-34",2025-02-20,2025-03-02,2,"quantile",0.9,688940.226377486
"2786","DE","15-34",2025-02-20,2025-03-02,2,"quantile",0.975,760356.219209089
"2787","DE","15-34",2025-02-20,2025-03-09,3,"quantile",0.025,362987.846902621
"2788","DE","15-34",2025-02-20,2025-03-09,3,"quantile",0.1,402699.170576214
"2789","DE","15-34",2025-02-20,2025-03-09,3,"quantile",0.25,442816.335808988
"2790","DE","15-34",2025-02-20,2025-03-09,3,"quantile",0.5,493740.605276859
"2791","DE","15-34",2025-02-20,2025-03-09,3,"quantile",0.75,549403.835191099
"2792","DE","15-34",2025-02-20,2025-03-09,3,"quantile",0.9,602845.404496989
"2793","DE","15-34",2025-02-20,2025-03-09,3,"quantile",0.975,676660.969925707
"2794","DE","15-34",2025-02-20,2025-03-16,4,"quantile",0.025,317210.041712636
"2795","DE","15-34",2025-02-20,2025-03-16,4,"quantile",0.1,356479.956324351
"2796","DE","15-34",2025-02-20,2025-03-16,4,"quantile",0.25,393795.529432455
"2797","DE","15-34",2025-02-20,2025-03-16,4,"quantile",0.5,440887.031851386
"2798","DE","15-34",2025-02-20,2025-03-16,4,"quantile",0.75,493550.64280004
"2799","DE","15-34",2025-02-20,2025-03-16,4,"quantile",0.9,542811.806887037
"2800","DE","15-34",2025-02-20,2025-03-16,4,"quantile",0.975,605147.673765955
"2801","DE","35-59",2025-02-20,2025-02-23,1,"quantile",0.025,652637.292409297
"2802","DE","35-59",2025-02-20,2025-02-23,1,"quantile",0.1,709750.394707022
"2803","DE","35-59",2025-02-20,2025-02-23,1,"quantile",0.25,765700.611383744
"2804","DE","35-59",2025-02-20,2025-02-23,1,"quantile",0.5,833710.801898738
"2805","DE","35-59",2025-02-20,2025-02-23,1,"quantile",0.75,902789.004538412
"2806","DE","35-59",2025-02-20,2025-02-23,1,"quantile",0.9,973007.783375827
"2807","DE","35-59",2025-02-20,2025-02-23,1,"quantile",0.975,1060846.92288771
"2808","DE","35-59",2025-02-20,2025-03-02,2,"quantile",0.025,552067.037701411
"2809","DE","35-59",2025-02-20,2025-03-02,2,"quantile",0.1,618894.948326682
"2810","DE","35-59",2025-02-20,2025-03-02,2,"quantile",0.25,680940.187726032
"2811","DE","35-59",2025-02-20,2025-03-02,2,"quantile",0.5,757875.062471265
"2812","DE","35-59",2025-02-20,2025-03-02,2,"quantile",0.75,843469.128607973
"2813","DE","35-59",2025-02-20,2025-03-02,2,"quantile",0.9,933388.125049649
"2814","DE","35-59",2025-02-20,2025-03-02,2,"quantile",0.975,1036922.16844111
"2815","DE","35-59",2025-02-20,2025-03-09,3,"quantile",0.025,448364.191922378
"2816","DE","35-59",2025-02-20,2025-03-09,3,"quantile",0.1,512348.209712338
"2817","DE","35-59",2025-02-20,2025-03-09,3,"quantile",0.25,576496.606796861
"2818","DE","35-59",2025-02-20,2025-03-09,3,"quantile",0.5,652993.946063141
"2819","DE","35-59",2025-02-20,2025-03-09,3,"quantile",0.75,743691.694412932
"2820","DE","35-59",2025-02-20,2025-03-09,3,"quantile",0.9,831234.858555982
"2821","DE","35-59",2025-02-20,2025-03-09,3,"quantile",0.975,952064.738499131
"2822","DE","35-59",2025-02-20,2025-03-16,4,"quantile",0.025,376043.483356144
"2823","DE","35-59",2025-02-20,2025-03-16,4,"quantile",0.1,436142.530574231
"2824","DE","35-59",2025-02-20,2025-03-16,4,"quantile",0.25,494077.103363212
"2825","DE","35-59",2025-02-20,2025-03-16,4,"quantile",0.5,566197.347422919
"2826","DE","35-59",2025-02-20,2025-03-16,4,"quantile",0.75,648098.340180904
"2827","DE","35-59",2025-02-20,2025-03-16,4,"quantile",0.9,734224.37661687
"2828","DE","35-59",2025-02-20,2025-03-16,4,"quantile",0.975,841993.477618365
"2829","DE","60+",2025-02-20,2025-02-23,1,"quantile",0.025,196144.791319699
"2830","DE","60+",2025-02-20,2025-02-23,1,"quantile",0.1,212043.228256876
"2831","DE","60+",2025-02-20,2025-02-23,1,"quantile",0.25,228652.222499993
"2832","DE","60+",2025-02-20,2025-02-23,1,"quantile",0.5,247319.308838834
"2833","DE","60+",2025-02-20,2025-02-23,1,"quantile",0.75,268911.793064632
"2834","DE","60+",2025-02-20,2025-02-23,1,"quantile",0.9,288867.477019729
"2835","DE","60+",2025-02-20,2025-02-23,1,"quantile",0.975,312320.482808302
"2836","DE","60+",2025-02-20,2025-03-02,2,"quantile",0.025,172244.379648008
"2837","DE","60+",2025-02-20,2025-03-02,2,"quantile",0.1,191460.736476073
"2838","DE","60+",2025-02-20,2025-03-02,2,"quantile",0.25,209477.241713903
"2839","DE","60+",2025-02-20,2025-03-02,2,"quantile",0.5,232828.419549776
"2840","DE","60+",2025-02-20,2025-03-02,2,"quantile",0.75,257716.343778001
"2841","DE","60+",2025-02-20,2025-03-02,2,"quantile",0.9,282926.758742114
"2842","DE","60+",2025-02-20,2025-03-02,2,"quantile",0.975,316096.005062285
"2843","DE","60+",2025-02-20,2025-03-09,3,"quantile",0.025,145490.33806415
"2844","DE","60+",2025-02-20,2025-03-09,3,"quantile",0.1,165132.570149243
"2845","DE","60+",2025-02-20,2025-03-09,3,"quantile",0.25,184267.672051666
"2846","DE","60+",2025-02-20,2025-03-09,3,"quantile",0.5,209508.66251772
"2847","DE","60+",2025-02-20,2025-03-09,3,"quantile",0.75,236453.608514519
"2848","DE","60+",2025-02-20,2025-03-09,3,"quantile",0.9,262992.801267771
"2849","DE","60+",2025-02-20,2025-03-09,3,"quantile",0.975,299568.171893095
"2850","DE","60+",2025-02-20,2025-03-16,4,"quantile",0.025,131147.319022412
"2851","DE","60+",2025-02-20,2025-03-16,4,"quantile",0.1,149593.559594583
"2852","DE","60+",2025-02-20,2025-03-16,4,"quantile",0.25,169174.697627216
"2853","DE","60+",2025-02-20,2025-03-16,4,"quantile",0.5,193487.401202975
"2854","DE","60+",2025-02-20,2025-03-16,4,"quantile",0.75,222123.627550147
"2855","DE","60+",2025-02-20,2025-03-16,4,"quantile",0.9,249536.814338511
"2856","DE","60+",2025-02-20,2025-03-16,4,"quantile",0.975,283303.235782565
"2857","DE","00+",2025-02-27,2025-03-02,1,"quantile",0.025,1648095.09473438
"2858","DE","00+",2025-02-27,2025-03-02,1,"quantile",0.1,1765724.46769466
"2859","DE","00+",2025-02-27,2025-03-02,1,"quantile",0.25,1881573.34570275
"2860","DE","00+",2025-02-27,2025-03-02,1,"quantile",0.5,2015099.05281127
"2861","DE","00+",2025-02-27,2025-03-02,1,"quantile",0.75,2157999.3126484
"2862","DE","00+",2025-02-27,2025-03-02,1,"quantile",0.9,2296263.43574707
"2863","DE","00+",2025-02-27,2025-03-02,1,"quantile",0.975,2447263.09841075
"2864","DE","00+",2025-02-27,2025-03-09,2,"quantile",0.025,1364613.02737357
"2865","DE","00+",2025-02-27,2025-03-09,2,"quantile",0.1,1489553.60062708
"2866","DE","00+",2025-02-27,2025-03-09,2,"quantile",0.25,1613319.22524848
"2867","DE","00+",2025-02-27,2025-03-09,2,"quantile",0.5,1763490.41353754
"2868","DE","00+",2025-02-27,2025-03-09,2,"quantile",0.75,1917693.93396397
"2869","DE","00+",2025-02-27,2025-03-09,2,"quantile",0.9,2071513.56706379
"2870","DE","00+",2025-02-27,2025-03-09,2,"quantile",0.975,2270544.95832323
"2871","DE","00+",2025-02-27,2025-03-16,3,"quantile",0.025,1179837.67035045
"2872","DE","00+",2025-02-27,2025-03-16,3,"quantile",0.1,1302730.19617104
"2873","DE","00+",2025-02-27,2025-03-16,3,"quantile",0.25,1421026.01961407
"2874","DE","00+",2025-02-27,2025-03-16,3,"quantile",0.5,1569838.62796537
"2875","DE","00+",2025-02-27,2025-03-16,3,"quantile",0.75,1745392.77957235
"2876","DE","00+",2025-02-27,2025-03-16,3,"quantile",0.9,1909606.6862532
"2877","DE","00+",2025-02-27,2025-03-16,3,"quantile",0.975,2122318.87221372
"2878","DE","00+",2025-02-27,2025-03-23,4,"quantile",0.025,984122.183290992
"2879","DE","00+",2025-02-27,2025-03-23,4,"quantile",0.1,1100427.11623026
"2880","DE","00+",2025-02-27,2025-03-23,4,"quantile",0.25,1205698.4177693
"2881","DE","00+",2025-02-27,2025-03-23,4,"quantile",0.5,1347663.00393939
"2882","DE","00+",2025-02-27,2025-03-23,4,"quantile",0.75,1501470.13809036
"2883","DE","00+",2025-02-27,2025-03-23,4,"quantile",0.9,1661479.79109217
"2884","DE","00+",2025-02-27,2025-03-23,4,"quantile",0.975,1859021.54217606
"2885","DE","00-04",2025-02-27,2025-03-02,1,"quantile",0.025,231564.433260624
"2886","DE","00-04",2025-02-27,2025-03-02,1,"quantile",0.1,243254.234710796
"2887","DE","00-04",2025-02-27,2025-03-02,1,"quantile",0.25,254600.380506593
"2888","DE","00-04",2025-02-27,2025-03-02,1,"quantile",0.5,267339.892932711
"2889","DE","00-04",2025-02-27,2025-03-02,1,"quantile",0.75,280641.036054746
"2890","DE","00-04",2025-02-27,2025-03-02,1,"quantile",0.9,293469.98190598
"2891","DE","00-04",2025-02-27,2025-03-02,1,"quantile",0.975,309026.293677315
"2892","DE","00-04",2025-02-27,2025-03-09,2,"quantile",0.025,204568.112429382
"2893","DE","00-04",2025-02-27,2025-03-09,2,"quantile",0.1,218552.224744964
"2894","DE","00-04",2025-02-27,2025-03-09,2,"quantile",0.25,230350.343353177
"2895","DE","00-04",2025-02-27,2025-03-09,2,"quantile",0.5,244538.901390121
"2896","DE","00-04",2025-02-27,2025-03-09,2,"quantile",0.75,260965.440530454
"2897","DE","00-04",2025-02-27,2025-03-09,2,"quantile",0.9,275754.297310696
"2898","DE","00-04",2025-02-27,2025-03-09,2,"quantile",0.975,293481.69549436
"2899","DE","00-04",2025-02-27,2025-03-16,3,"quantile",0.025,179935.11850516
"2900","DE","00-04",2025-02-27,2025-03-16,3,"quantile",0.1,193263.375308489
"2901","DE","00-04",2025-02-27,2025-03-16,3,"quantile",0.25,205475.478392772
"2902","DE","00-04",2025-02-27,2025-03-16,3,"quantile",0.5,219920.999084281
"2903","DE","00-04",2025-02-27,2025-03-16,3,"quantile",0.75,236431.88289346
"2904","DE","00-04",2025-02-27,2025-03-16,3,"quantile",0.9,252609.235878241
"2905","DE","00-04",2025-02-27,2025-03-16,3,"quantile",0.975,269924.889280309
"2906","DE","00-04",2025-02-27,2025-03-23,4,"quantile",0.025,158963.48867644
"2907","DE","00-04",2025-02-27,2025-03-23,4,"quantile",0.1,171236.643994592
"2908","DE","00-04",2025-02-27,2025-03-23,4,"quantile",0.25,183286.917420885
"2909","DE","00-04",2025-02-27,2025-03-23,4,"quantile",0.5,197428.528384474
"2910","DE","00-04",2025-02-27,2025-03-23,4,"quantile",0.75,212659.55857901
"2911","DE","00-04",2025-02-27,2025-03-23,4,"quantile",0.9,227879.192495834
"2912","DE","00-04",2025-02-27,2025-03-23,4,"quantile",0.975,246203.006003641
"2913","DE","05-14",2025-02-27,2025-03-02,1,"quantile",0.025,230495.462800001
"2914","DE","05-14",2025-02-27,2025-03-02,1,"quantile",0.1,249246.639486027
"2915","DE","05-14",2025-02-27,2025-03-02,1,"quantile",0.25,267413.116453206
"2916","DE","05-14",2025-02-27,2025-03-02,1,"quantile",0.5,288806.617657503
"2917","DE","05-14",2025-02-27,2025-03-02,1,"quantile",0.75,312045.211652165
"2918","DE","05-14",2025-02-27,2025-03-02,1,"quantile",0.9,334255.832007523
"2919","DE","05-14",2025-02-27,2025-03-02,1,"quantile",0.975,359138.273421368
"2920","DE","05-14",2025-02-27,2025-03-09,2,"quantile",0.025,188291.398262222
"2921","DE","05-14",2025-02-27,2025-03-09,2,"quantile",0.1,207272.860938967
"2922","DE","05-14",2025-02-27,2025-03-09,2,"quantile",0.25,226338.242140858
"2923","DE","05-14",2025-02-27,2025-03-09,2,"quantile",0.5,249632.761929971
"2924","DE","05-14",2025-02-27,2025-03-09,2,"quantile",0.75,274372.993058963
"2925","DE","05-14",2025-02-27,2025-03-09,2,"quantile",0.9,298933.281012755
"2926","DE","05-14",2025-02-27,2025-03-09,2,"quantile",0.975,328954.397711869
"2927","DE","05-14",2025-02-27,2025-03-16,3,"quantile",0.025,159607.076258419
"2928","DE","05-14",2025-02-27,2025-03-16,3,"quantile",0.1,177069.24763188
"2929","DE","05-14",2025-02-27,2025-03-16,3,"quantile",0.25,195757.728378623
"2930","DE","05-14",2025-02-27,2025-03-16,3,"quantile",0.5,218508.554981399
"2931","DE","05-14",2025-02-27,2025-03-16,3,"quantile",0.75,244050.907550748
"2932","DE","05-14",2025-02-27,2025-03-16,3,"quantile",0.9,268738.711498652
"2933","DE","05-14",2025-02-27,2025-03-16,3,"quantile",0.975,301004.390455803
"2934","DE","05-14",2025-02-27,2025-03-23,4,"quantile",0.025,132333.93749077
"2935","DE","05-14",2025-02-27,2025-03-23,4,"quantile",0.1,148985.558160148
"2936","DE","05-14",2025-02-27,2025-03-23,4,"quantile",0.25,164493.274952959
"2937","DE","05-14",2025-02-27,2025-03-23,4,"quantile",0.5,184968.365690237
"2938","DE","05-14",2025-02-27,2025-03-23,4,"quantile",0.75,207828.662739504
"2939","DE","05-14",2025-02-27,2025-03-23,4,"quantile",0.9,231094.344591229
"2940","DE","05-14",2025-02-27,2025-03-23,4,"quantile",0.975,259656.435413032
"2941","DE","15-34",2025-02-27,2025-03-02,1,"quantile",0.025,451925.891545918
"2942","DE","15-34",2025-02-27,2025-03-02,1,"quantile",0.1,487283.447940037
"2943","DE","15-34",2025-02-27,2025-03-02,1,"quantile",0.25,523857.737995739
"2944","DE","15-34",2025-02-27,2025-03-02,1,"quantile",0.5,566225.147412707
"2945","DE","15-34",2025-02-27,2025-03-02,1,"quantile",0.75,610897.085658379
"2946","DE","15-34",2025-02-27,2025-03-02,1,"quantile",0.9,655551.378564811
"2947","DE","15-34",2025-02-27,2025-03-02,1,"quantile",0.975,711294.066265889
"2948","DE","15-34",2025-02-27,2025-03-09,2,"quantile",0.025,368355.064453446
"2949","DE","15-34",2025-02-27,2025-03-09,2,"quantile",0.1,406742.482088894
"2950","DE","15-34",2025-02-27,2025-03-09,2,"quantile",0.25,441506.617753392
"2951","DE","15-34",2025-02-27,2025-03-09,2,"quantile",0.5,484736.582027567
"2952","DE","15-34",2025-02-27,2025-03-09,2,"quantile",0.75,535735.732913081
"2953","DE","15-34",2025-02-27,2025-03-09,2,"quantile",0.9,584340.82591689
"2954","DE","15-34",2025-02-27,2025-03-09,2,"quantile",0.975,644472.487147661
"2955","DE","15-34",2025-02-27,2025-03-16,3,"quantile",0.025,320995.106410187
"2956","DE","15-34",2025-02-27,2025-03-16,3,"quantile",0.1,355958.652122248
"2957","DE","15-34",2025-02-27,2025-03-16,3,"quantile",0.25,391296.327127455
"2958","DE","15-34",2025-02-27,2025-03-16,3,"quantile",0.5,434484.148423595
"2959","DE","15-34",2025-02-27,2025-03-16,3,"quantile",0.75,484609.2887757
"2960","DE","15-34",2025-02-27,2025-03-16,3,"quantile",0.9,535647.421142311
"2961","DE","15-34",2025-02-27,2025-03-16,3,"quantile",0.975,594987.875988482
"2962","DE","15-34",2025-02-27,2025-03-23,4,"quantile",0.025,264326.312015732
"2963","DE","15-34",2025-02-27,2025-03-23,4,"quantile",0.1,296488.211172105
"2964","DE","15-34",2025-02-27,2025-03-23,4,"quantile",0.25,329716.058997
"2965","DE","15-34",2025-02-27,2025-03-23,4,"quantile",0.5,367950.712494317
"2966","DE","15-34",2025-02-27,2025-03-23,4,"quantile",0.75,413123.486795623
"2967","DE","15-34",2025-02-27,2025-03-23,4,"quantile",0.9,457835.374249064
"2968","DE","15-34",2025-02-27,2025-03-23,4,"quantile",0.975,512840.01401326
"2969","DE","35-59",2025-02-27,2025-03-02,1,"quantile",0.025,532808.193911108
"2970","DE","35-59",2025-02-27,2025-03-02,1,"quantile",0.1,581050.217037627
"2971","DE","35-59",2025-02-27,2025-03-02,1,"quantile",0.25,627239.044249212
"2972","DE","35-59",2025-02-27,2025-03-02,1,"quantile",0.5,682287.216702711
"2973","DE","35-59",2025-02-27,2025-03-02,1,"quantile",0.75,740776.182957076
"2974","DE","35-59",2025-02-27,2025-03-02,1,"quantile",0.9,800427.705476296
"2975","DE","35-59",2025-02-27,2025-03-02,1,"quantile",0.975,865765.584967395
"2976","DE","35-59",2025-02-27,2025-03-09,2,"quantile",0.025,429244.940154481
"2977","DE","35-59",2025-02-27,2025-03-09,2,"quantile",0.1,478788.751334749
"2978","DE","35-59",2025-02-27,2025-03-09,2,"quantile",0.25,528198.112710607
"2979","DE","35-59",2025-02-27,2025-03-09,2,"quantile",0.5,589532.921275225
"2980","DE","35-59",2025-02-27,2025-03-09,2,"quantile",0.75,654089.569225891
"2981","DE","35-59",2025-02-27,2025-03-09,2,"quantile",0.9,717443.749053087
"2982","DE","35-59",2025-02-27,2025-03-09,2,"quantile",0.975,806151.860321698
"2983","DE","35-59",2025-02-27,2025-03-16,3,"quantile",0.025,362636.651665776
"2984","DE","35-59",2025-02-27,2025-03-16,3,"quantile",0.1,411634.816331863
"2985","DE","35-59",2025-02-27,2025-03-16,3,"quantile",0.25,458957.624984279
"2986","DE","35-59",2025-02-27,2025-03-16,3,"quantile",0.5,518893.897940165
"2987","DE","35-59",2025-02-27,2025-03-16,3,"quantile",0.75,592331.318791681
"2988","DE","35-59",2025-02-27,2025-03-16,3,"quantile",0.9,663974.34019043
"2989","DE","35-59",2025-02-27,2025-03-16,3,"quantile",0.975,757179.491868597
"2990","DE","35-59",2025-02-27,2025-03-23,4,"quantile",0.025,297470.600430663
"2991","DE","35-59",2025-02-27,2025-03-23,4,"quantile",0.1,340333.640972598
"2992","DE","35-59",2025-02-27,2025-03-23,4,"quantile",0.25,382374.121374677
"2993","DE","35-59",2025-02-27,2025-03-23,4,"quantile",0.5,439642.884346774
"2994","DE","35-59",2025-02-27,2025-03-23,4,"quantile",0.75,503724.345119562
"2995","DE","35-59",2025-02-27,2025-03-23,4,"quantile",0.9,572119.510119788
"2996","DE","35-59",2025-02-27,2025-03-23,4,"quantile",0.975,657533.566405887
"2997","DE","60+",2025-02-27,2025-03-02,1,"quantile",0.025,173855.117278034
"2998","DE","60+",2025-02-27,2025-03-02,1,"quantile",0.1,188675.652405321
"2999","DE","60+",2025-02-27,2025-03-02,1,"quantile",0.25,203105.226655987
"3000","DE","60+",2025-02-27,2025-03-02,1,"quantile",0.5,220327.893234302
"3001","DE","60+",2025-02-27,2025-03-02,1,"quantile",0.75,238717.037624944
"3002","DE","60+",2025-02-27,2025-03-02,1,"quantile",0.9,257010.298873725
"3003","DE","60+",2025-02-27,2025-03-02,1,"quantile",0.975,280429.488262807
"3004","DE","60+",2025-02-27,2025-03-09,2,"quantile",0.025,145056.96884109
"3005","DE","60+",2025-02-27,2025-03-09,2,"quantile",0.1,162645.421600669
"3006","DE","60+",2025-02-27,2025-03-09,2,"quantile",0.25,178166.479274718
"3007","DE","60+",2025-02-27,2025-03-09,2,"quantile",0.5,197934.364206563
"3008","DE","60+",2025-02-27,2025-03-09,2,"quantile",0.75,221377.059347282
"3009","DE","60+",2025-02-27,2025-03-09,2,"quantile",0.9,243634.522870122
"3010","DE","60+",2025-02-27,2025-03-09,2,"quantile",0.975,271546.366083631
"3011","DE","60+",2025-02-27,2025-03-16,3,"quantile",0.025,129042.666236749
"3012","DE","60+",2025-02-27,2025-03-16,3,"quantile",0.1,147227.898971439
"3013","DE","60+",2025-02-27,2025-03-16,3,"quantile",0.25,164399.719826095
"3014","DE","60+",2025-02-27,2025-03-16,3,"quantile",0.5,185832.907613424
"3015","DE","60+",2025-02-27,2025-03-16,3,"quantile",0.75,211458.998035323
"3016","DE","60+",2025-02-27,2025-03-16,3,"quantile",0.9,237564.414178307
"3017","DE","60+",2025-02-27,2025-03-16,3,"quantile",0.975,267348.592557181
"3018","DE","60+",2025-02-27,2025-03-23,4,"quantile",0.025,110017.087215361
"3019","DE","60+",2025-02-27,2025-03-23,4,"quantile",0.1,125933.963496333
"3020","DE","60+",2025-02-27,2025-03-23,4,"quantile",0.25,142630.170985874
"3021","DE","60+",2025-02-27,2025-03-23,4,"quantile",0.5,162862.957166305
"3022","DE","60+",2025-02-27,2025-03-23,4,"quantile",0.75,186498.951032569
"3023","DE","60+",2025-02-27,2025-03-23,4,"quantile",0.9,211407.799433521
"3024","DE","60+",2025-02-27,2025-03-23,4,"quantile",0.975,243608.177381368
"3025","DE","00+",2025-03-06,2025-03-09,1,"quantile",0.025,1409448.20622836
"3026","DE","00+",2025-03-06,2025-03-09,1,"quantile",0.1,1508169.4383934
"3027","DE","00+",2025-03-06,2025-03-09,1,"quantile",0.25,1605527.05816851
"3028","DE","00+",2025-03-06,2025-03-09,1,"quantile",0.5,1716149.03482364
"3029","DE","00+",2025-03-06,2025-03-09,1,"quantile",0.75,1840933.15797373
"3030","DE","00+",2025-03-06,2025-03-09,1,"quantile",0.9,1952917.84792603
"3031","DE","00+",2025-03-06,2025-03-09,1,"quantile",0.975,2097986.74072128
"3032","DE","00+",2025-03-06,2025-03-16,2,"quantile",0.025,1190415.42373469
"3033","DE","00+",2025-03-06,2025-03-16,2,"quantile",0.1,1301848.53564769
"3034","DE","00+",2025-03-06,2025-03-16,2,"quantile",0.25,1408269.12707689
"3035","DE","00+",2025-03-06,2025-03-16,2,"quantile",0.5,1533634.04664506
"3036","DE","00+",2025-03-06,2025-03-16,2,"quantile",0.75,1673985.69741047
"3037","DE","00+",2025-03-06,2025-03-16,2,"quantile",0.9,1814024.03941605
"3038","DE","00+",2025-03-06,2025-03-16,2,"quantile",0.975,1973836.6090262
"3039","DE","00+",2025-03-06,2025-03-23,3,"quantile",0.025,987504.287493865
"3040","DE","00+",2025-03-06,2025-03-23,3,"quantile",0.1,1092949.45055586
"3041","DE","00+",2025-03-06,2025-03-23,3,"quantile",0.25,1197396.93945937
"3042","DE","00+",2025-03-06,2025-03-23,3,"quantile",0.5,1321679.40822751
"3043","DE","00+",2025-03-06,2025-03-23,3,"quantile",0.75,1463549.34362403
"3044","DE","00+",2025-03-06,2025-03-23,3,"quantile",0.9,1609966.85915885
"3045","DE","00+",2025-03-06,2025-03-23,3,"quantile",0.975,1784507.62674925
"3046","DE","00+",2025-03-06,2025-03-30,4,"quantile",0.025,822222.979872068
"3047","DE","00+",2025-03-06,2025-03-30,4,"quantile",0.1,907761.020633326
"3048","DE","00+",2025-03-06,2025-03-30,4,"quantile",0.25,1004191.81937871
"3049","DE","00+",2025-03-06,2025-03-30,4,"quantile",0.5,1117760.73517652
"3050","DE","00+",2025-03-06,2025-03-30,4,"quantile",0.75,1247363.21855822
"3051","DE","00+",2025-03-06,2025-03-30,4,"quantile",0.9,1377019.17590867
"3052","DE","00+",2025-03-06,2025-03-30,4,"quantile",0.975,1531140.18625209
"3053","DE","00-04",2025-03-06,2025-03-09,1,"quantile",0.025,208454.67174717
"3054","DE","00-04",2025-03-06,2025-03-09,1,"quantile",0.1,219060.713592565
"3055","DE","00-04",2025-03-06,2025-03-09,1,"quantile",0.25,228730.926580083
"3056","DE","00-04",2025-03-06,2025-03-09,1,"quantile",0.5,240317.354556001
"3057","DE","00-04",2025-03-06,2025-03-09,1,"quantile",0.75,252058.184931317
"3058","DE","00-04",2025-03-06,2025-03-09,1,"quantile",0.9,263792.602892716
"3059","DE","00-04",2025-03-06,2025-03-09,1,"quantile",0.975,278176.209988068
"3060","DE","00-04",2025-03-06,2025-03-16,2,"quantile",0.025,181779.577594895
"3061","DE","00-04",2025-03-06,2025-03-16,2,"quantile",0.1,192640.826184238
"3062","DE","00-04",2025-03-06,2025-03-16,2,"quantile",0.25,204004.951551992
"3063","DE","00-04",2025-03-06,2025-03-16,2,"quantile",0.5,216346.755660759
"3064","DE","00-04",2025-03-06,2025-03-16,2,"quantile",0.75,230074.201346214
"3065","DE","00-04",2025-03-06,2025-03-16,2,"quantile",0.9,242850.673819443
"3066","DE","00-04",2025-03-06,2025-03-16,2,"quantile",0.975,259324.990693704
"3067","DE","00-04",2025-03-06,2025-03-23,3,"quantile",0.025,158982.395364335
"3068","DE","00-04",2025-03-06,2025-03-23,3,"quantile",0.1,170346.850223586
"3069","DE","00-04",2025-03-06,2025-03-23,3,"quantile",0.25,181622.774075245
"3070","DE","00-04",2025-03-06,2025-03-23,3,"quantile",0.5,194506.514306419
"3071","DE","00-04",2025-03-06,2025-03-23,3,"quantile",0.75,208667.013765746
"3072","DE","00-04",2025-03-06,2025-03-23,3,"quantile",0.9,221826.896145794
"3073","DE","00-04",2025-03-06,2025-03-23,3,"quantile",0.975,238683.037565801
"3074","DE","00-04",2025-03-06,2025-03-30,4,"quantile",0.025,137596.971716884
"3075","DE","00-04",2025-03-06,2025-03-30,4,"quantile",0.1,148406.118912049
"3076","DE","00-04",2025-03-06,2025-03-30,4,"quantile",0.25,158773.553905075
"3077","DE","00-04",2025-03-06,2025-03-30,4,"quantile",0.5,171203.657718465
"3078","DE","00-04",2025-03-06,2025-03-30,4,"quantile",0.75,184461.078720408
"3079","DE","00-04",2025-03-06,2025-03-30,4,"quantile",0.9,197445.37375803
"3080","DE","00-04",2025-03-06,2025-03-30,4,"quantile",0.975,211520.377893385
"3081","DE","05-14",2025-03-06,2025-03-09,1,"quantile",0.025,187198.702548129
"3082","DE","05-14",2025-03-06,2025-03-09,1,"quantile",0.1,200768.220662389
"3083","DE","05-14",2025-03-06,2025-03-09,1,"quantile",0.25,215642.854565853
"3084","DE","05-14",2025-03-06,2025-03-09,1,"quantile",0.5,232796.685238768
"3085","DE","05-14",2025-03-06,2025-03-09,1,"quantile",0.75,251638.201596123
"3086","DE","05-14",2025-03-06,2025-03-09,1,"quantile",0.9,268520.438137754
"3087","DE","05-14",2025-03-06,2025-03-09,1,"quantile",0.975,289582.535313376
"3088","DE","05-14",2025-03-06,2025-03-16,2,"quantile",0.025,154812.191293632
"3089","DE","05-14",2025-03-06,2025-03-16,2,"quantile",0.1,170768.913424609
"3090","DE","05-14",2025-03-06,2025-03-16,2,"quantile",0.25,186488.562136221
"3091","DE","05-14",2025-03-06,2025-03-16,2,"quantile",0.5,204697.335251501
"3092","DE","05-14",2025-03-06,2025-03-16,2,"quantile",0.75,226019.28242047
"3093","DE","05-14",2025-03-06,2025-03-16,2,"quantile",0.9,246960.52546565
"3094","DE","05-14",2025-03-06,2025-03-16,2,"quantile",0.975,272080.139285462
"3095","DE","05-14",2025-03-06,2025-03-23,3,"quantile",0.025,128996.16306118
"3096","DE","05-14",2025-03-06,2025-03-23,3,"quantile",0.1,143840.95624906
"3097","DE","05-14",2025-03-06,2025-03-23,3,"quantile",0.25,158943.615069008
"3098","DE","05-14",2025-03-06,2025-03-23,3,"quantile",0.5,177198.960694048
"3099","DE","05-14",2025-03-06,2025-03-23,3,"quantile",0.75,197879.021640806
"3100","DE","05-14",2025-03-06,2025-03-23,3,"quantile",0.9,219541.457305343
"3101","DE","05-14",2025-03-06,2025-03-23,3,"quantile",0.975,245067.939297287
"3102","DE","05-14",2025-03-06,2025-03-30,4,"quantile",0.025,99506.0887613834
"3103","DE","05-14",2025-03-06,2025-03-30,4,"quantile",0.1,110826.557494869
"3104","DE","05-14",2025-03-06,2025-03-30,4,"quantile",0.25,123433.091104955
"3105","DE","05-14",2025-03-06,2025-03-30,4,"quantile",0.5,138376.51293257
"3106","DE","05-14",2025-03-06,2025-03-30,4,"quantile",0.75,155444.157624201
"3107","DE","05-14",2025-03-06,2025-03-30,4,"quantile",0.9,172707.127281873
"3108","DE","05-14",2025-03-06,2025-03-30,4,"quantile",0.975,193798.562558322
"3109","DE","15-34",2025-03-06,2025-03-09,1,"quantile",0.025,377542.777199791
"3110","DE","15-34",2025-03-06,2025-03-09,1,"quantile",0.1,408163.911655191
"3111","DE","15-34",2025-03-06,2025-03-09,1,"quantile",0.25,437070.005447832
"3112","DE","15-34",2025-03-06,2025-03-09,1,"quantile",0.5,472486.558999938
"3113","DE","15-34",2025-03-06,2025-03-09,1,"quantile",0.75,509623.47725214
"3114","DE","15-34",2025-03-06,2025-03-09,1,"quantile",0.9,547870.490968607
"3115","DE","15-34",2025-03-06,2025-03-09,1,"quantile",0.975,596251.771741381
"3116","DE","15-34",2025-03-06,2025-03-16,2,"quantile",0.025,323411.489687844
"3117","DE","15-34",2025-03-06,2025-03-16,2,"quantile",0.1,354391.675314339
"3118","DE","15-34",2025-03-06,2025-03-16,2,"quantile",0.25,386775.254003646
"3119","DE","15-34",2025-03-06,2025-03-16,2,"quantile",0.5,424083.590661461
"3120","DE","15-34",2025-03-06,2025-03-16,2,"quantile",0.75,467023.201115735
"3121","DE","15-34",2025-03-06,2025-03-16,2,"quantile",0.9,508331.649236635
"3122","DE","15-34",2025-03-06,2025-03-16,2,"quantile",0.975,562610.821556291
"3123","DE","15-34",2025-03-06,2025-03-23,3,"quantile",0.025,264687.509398308
"3124","DE","15-34",2025-03-06,2025-03-23,3,"quantile",0.1,295006.271772905
"3125","DE","15-34",2025-03-06,2025-03-23,3,"quantile",0.25,325637.963610337
"3126","DE","15-34",2025-03-06,2025-03-23,3,"quantile",0.5,360376.583695297
"3127","DE","15-34",2025-03-06,2025-03-23,3,"quantile",0.75,402658.449398049
"3128","DE","15-34",2025-03-06,2025-03-23,3,"quantile",0.9,442942.144566577
"3129","DE","15-34",2025-03-06,2025-03-23,3,"quantile",0.975,494752.167176014
"3130","DE","15-34",2025-03-06,2025-03-30,4,"quantile",0.025,217608.542510316
"3131","DE","15-34",2025-03-06,2025-03-30,4,"quantile",0.1,244070.376052154
"3132","DE","15-34",2025-03-06,2025-03-30,4,"quantile",0.25,270810.107039384
"3133","DE","15-34",2025-03-06,2025-03-30,4,"quantile",0.5,303149.289703509
"3134","DE","15-34",2025-03-06,2025-03-30,4,"quantile",0.75,338997.944504807
"3135","DE","15-34",2025-03-06,2025-03-30,4,"quantile",0.9,376480.768059403
"3136","DE","15-34",2025-03-06,2025-03-30,4,"quantile",0.975,419769.885020832
"3137","DE","35-59",2025-03-06,2025-03-09,1,"quantile",0.025,465856.828825263
"3138","DE","35-59",2025-03-06,2025-03-09,1,"quantile",0.1,504723.238225894
"3139","DE","35-59",2025-03-06,2025-03-09,1,"quantile",0.25,544755.670253788
"3140","DE","35-59",2025-03-06,2025-03-09,1,"quantile",0.5,591358.378084235
"3141","DE","35-59",2025-03-06,2025-03-09,1,"quantile",0.75,644097.077465934
"3142","DE","35-59",2025-03-06,2025-03-09,1,"quantile",0.9,692756.084371085
"3143","DE","35-59",2025-03-06,2025-03-09,1,"quantile",0.975,756709.566847569
"3144","DE","35-59",2025-03-06,2025-03-16,2,"quantile",0.025,381511.217784022
"3145","DE","35-59",2025-03-06,2025-03-16,2,"quantile",0.1,426102.408090802
"3146","DE","35-59",2025-03-06,2025-03-16,2,"quantile",0.25,469975.435205296
"3147","DE","35-59",2025-03-06,2025-03-16,2,"quantile",0.5,522078.84464461
"3148","DE","35-59",2025-03-06,2025-03-16,2,"quantile",0.75,581466.003300366
"3149","DE","35-59",2025-03-06,2025-03-16,2,"quantile",0.9,641546.101913673
"3150","DE","35-59",2025-03-06,2025-03-16,2,"quantile",0.975,713704.434663625
"3151","DE","35-59",2025-03-06,2025-03-23,3,"quantile",0.025,305137.885028909
"3152","DE","35-59",2025-03-06,2025-03-23,3,"quantile",0.1,347350.819250465
"3153","DE","35-59",2025-03-06,2025-03-23,3,"quantile",0.25,388819.948551351
"3154","DE","35-59",2025-03-06,2025-03-23,3,"quantile",0.5,439951.006666427
"3155","DE","35-59",2025-03-06,2025-03-23,3,"quantile",0.75,499785.206777248
"3156","DE","35-59",2025-03-06,2025-03-23,3,"quantile",0.9,561929.323948672
"3157","DE","35-59",2025-03-06,2025-03-23,3,"quantile",0.975,640964.143050217
"3158","DE","35-59",2025-03-06,2025-03-30,4,"quantile",0.025,253355.356779595
"3159","DE","35-59",2025-03-06,2025-03-30,4,"quantile",0.1,287903.340417211
"3160","DE","35-59",2025-03-06,2025-03-30,4,"quantile",0.25,326460.743579436
"3161","DE","35-59",2025-03-06,2025-03-30,4,"quantile",0.5,373287.841053613
"3162","DE","35-59",2025-03-06,2025-03-30,4,"quantile",0.75,428522.053315948
"3163","DE","35-59",2025-03-06,2025-03-30,4,"quantile",0.9,485356.500710065
"3164","DE","35-59",2025-03-06,2025-03-30,4,"quantile",0.975,553065.751315241
"3165","DE","60+",2025-03-06,2025-03-09,1,"quantile",0.025,161184.268465816
"3166","DE","60+",2025-03-06,2025-03-09,1,"quantile",0.1,174483.815012014
"3167","DE","60+",2025-03-06,2025-03-09,1,"quantile",0.25,187427.310740221
"3168","DE","60+",2025-03-06,2025-03-09,1,"quantile",0.5,202960.98614174
"3169","DE","60+",2025-03-06,2025-03-09,1,"quantile",0.75,219893.373878251
"3170","DE","60+",2025-03-06,2025-03-09,1,"quantile",0.9,237153.259978582
"3171","DE","60+",2025-03-06,2025-03-09,1,"quantile",0.975,258272.919547004
"3172","DE","60+",2025-03-06,2025-03-16,2,"quantile",0.025,140685.498222867
"3173","DE","60+",2025-03-06,2025-03-16,2,"quantile",0.1,156450.752944371
"3174","DE","60+",2025-03-06,2025-03-16,2,"quantile",0.25,171968.493789239
"3175","DE","60+",2025-03-06,2025-03-16,2,"quantile",0.5,190921.168375363
"3176","DE","60+",2025-03-06,2025-03-16,2,"quantile",0.75,212215.130350511
"3177","DE","60+",2025-03-06,2025-03-16,2,"quantile",0.9,232656.232727262
"3178","DE","60+",2025-03-06,2025-03-16,2,"quantile",0.975,260808.26217463
"3179","DE","60+",2025-03-06,2025-03-23,3,"quantile",0.025,115407.525257564
"3180","DE","60+",2025-03-06,2025-03-23,3,"quantile",0.1,131109.055055572
"3181","DE","60+",2025-03-06,2025-03-23,3,"quantile",0.25,146698.298154879
"3182","DE","60+",2025-03-06,2025-03-23,3,"quantile",0.5,165695.292439168
"3183","DE","60+",2025-03-06,2025-03-23,3,"quantile",0.75,187063.265643804
"3184","DE","60+",2025-03-06,2025-03-23,3,"quantile",0.9,210054.355288866
"3185","DE","60+",2025-03-06,2025-03-23,3,"quantile",0.975,238070.508623766
"3186","DE","60+",2025-03-06,2025-03-30,4,"quantile",0.025,95442.4081972894
"3187","DE","60+",2025-03-06,2025-03-30,4,"quantile",0.1,109644.018447841
"3188","DE","60+",2025-03-06,2025-03-30,4,"quantile",0.25,123935.741233712
"3189","DE","60+",2025-03-06,2025-03-30,4,"quantile",0.5,141869.157003223
"3190","DE","60+",2025-03-06,2025-03-30,4,"quantile",0.75,162309.9039542
"3191","DE","60+",2025-03-06,2025-03-30,4,"quantile",0.9,183264.68752581
"3192","DE","60+",2025-03-06,2025-03-30,4,"quantile",0.975,207169.531779282
"3193","DE","00+",2025-03-13,2025-03-16,1,"quantile",0.025,1169887.27207901
"3194","DE","00+",2025-03-13,2025-03-16,1,"quantile",0.1,1248559.22884815
"3195","DE","00+",2025-03-13,2025-03-16,1,"quantile",0.25,1327350.72945807
"3196","DE","00+",2025-03-13,2025-03-16,1,"quantile",0.5,1422543.12466071
"3197","DE","00+",2025-03-13,2025-03-16,1,"quantile",0.75,1525132.84567325
"3198","DE","00+",2025-03-13,2025-03-16,1,"quantile",0.9,1623677.982482
"3199","DE","00+",2025-03-13,2025-03-16,1,"quantile",0.975,1738589.15841275
"3200","DE","00+",2025-03-13,2025-03-23,2,"quantile",0.025,956727.962291173
"3201","DE","00+",2025-03-13,2025-03-23,2,"quantile",0.1,1045989.88148977
"3202","DE","00+",2025-03-13,2025-03-23,2,"quantile",0.25,1130413.44349265
"3203","DE","00+",2025-03-13,2025-03-23,2,"quantile",0.5,1233202.9440681
"3204","DE","00+",2025-03-13,2025-03-23,2,"quantile",0.75,1346415.94125769
"3205","DE","00+",2025-03-13,2025-03-23,2,"quantile",0.9,1458949.30644204
"3206","DE","00+",2025-03-13,2025-03-23,2,"quantile",0.975,1597627.6142689
"3207","DE","00+",2025-03-13,2025-03-30,3,"quantile",0.025,796203.820497351
"3208","DE","00+",2025-03-13,2025-03-30,3,"quantile",0.1,878630.1007523
"3209","DE","00+",2025-03-13,2025-03-30,3,"quantile",0.25,958114.352993911
"3210","DE","00+",2025-03-13,2025-03-30,3,"quantile",0.5,1060777.53237605
"3211","DE","00+",2025-03-13,2025-03-30,3,"quantile",0.75,1173119.89572838
"3212","DE","00+",2025-03-13,2025-03-30,3,"quantile",0.9,1282266.50131152
"3213","DE","00+",2025-03-13,2025-03-30,3,"quantile",0.975,1421938.06904554
"3214","DE","00+",2025-03-13,2025-04-06,4,"quantile",0.025,751075.868640806
"3215","DE","00+",2025-03-13,2025-04-06,4,"quantile",0.1,847017.819817445
"3216","DE","00+",2025-03-13,2025-04-06,4,"quantile",0.25,932515.949694501
"3217","DE","00+",2025-03-13,2025-04-06,4,"quantile",0.5,1036232.18552063
"3218","DE","00+",2025-03-13,2025-04-06,4,"quantile",0.75,1154052.29648557
"3219","DE","00+",2025-03-13,2025-04-06,4,"quantile",0.9,1269809.91840115
"3220","DE","00+",2025-03-13,2025-04-06,4,"quantile",0.975,1426162.00248259
"3221","DE","00-04",2025-03-13,2025-03-16,1,"quantile",0.025,179389.429709618
"3222","DE","00-04",2025-03-13,2025-03-16,1,"quantile",0.1,188816.191387778
"3223","DE","00-04",2025-03-13,2025-03-16,1,"quantile",0.25,197045.208194778
"3224","DE","00-04",2025-03-13,2025-03-16,1,"quantile",0.5,207289.045837744
"3225","DE","00-04",2025-03-13,2025-03-16,1,"quantile",0.75,217213.822276466
"3226","DE","00-04",2025-03-13,2025-03-16,1,"quantile",0.9,226607.589809505
"3227","DE","00-04",2025-03-13,2025-03-16,1,"quantile",0.975,238410.012345457
"3228","DE","00-04",2025-03-13,2025-03-23,2,"quantile",0.025,157054.797198324
"3229","DE","00-04",2025-03-13,2025-03-23,2,"quantile",0.1,166891.995366094
"3230","DE","00-04",2025-03-13,2025-03-23,2,"quantile",0.25,176346.78131313
"3231","DE","00-04",2025-03-13,2025-03-23,2,"quantile",0.5,186876.408814924
"3232","DE","00-04",2025-03-13,2025-03-23,2,"quantile",0.75,198714.232067493
"3233","DE","00-04",2025-03-13,2025-03-23,2,"quantile",0.9,210192.92211475
"3234","DE","00-04",2025-03-13,2025-03-23,2,"quantile",0.975,223633.063548956
"3235","DE","00-04",2025-03-13,2025-03-30,3,"quantile",0.025,135919.319481724
"3236","DE","00-04",2025-03-13,2025-03-30,3,"quantile",0.1,145623.558588147
"3237","DE","00-04",2025-03-13,2025-03-30,3,"quantile",0.25,155289.485065227
"3238","DE","00-04",2025-03-13,2025-03-30,3,"quantile",0.5,166480.795489832
"3239","DE","00-04",2025-03-13,2025-03-30,3,"quantile",0.75,178295.245359767
"3240","DE","00-04",2025-03-13,2025-03-30,3,"quantile",0.9,190436.47567916
"3241","DE","00-04",2025-03-13,2025-03-30,3,"quantile",0.975,204485.975580341
"3242","DE","00-04",2025-03-13,2025-04-06,4,"quantile",0.025,130672.591606205
"3243","DE","00-04",2025-03-13,2025-04-06,4,"quantile",0.1,140701.467881088
"3244","DE","00-04",2025-03-13,2025-04-06,4,"quantile",0.25,150497.66388771
"3245","DE","00-04",2025-03-13,2025-04-06,4,"quantile",0.5,161692.784205353
"3246","DE","00-04",2025-03-13,2025-04-06,4,"quantile",0.75,174161.689197557
"3247","DE","00-04",2025-03-13,2025-04-06,4,"quantile",0.9,185860.722250511
"3248","DE","00-04",2025-03-13,2025-04-06,4,"quantile",0.975,201018.148501927
"3249","DE","05-14",2025-03-13,2025-03-16,1,"quantile",0.025,140794.295729211
"3250","DE","05-14",2025-03-13,2025-03-16,1,"quantile",0.1,151271.859844909
"3251","DE","05-14",2025-03-13,2025-03-16,1,"quantile",0.25,162288.943225325
"3252","DE","05-14",2025-03-13,2025-03-16,1,"quantile",0.5,175195.99986557
"3253","DE","05-14",2025-03-13,2025-03-16,1,"quantile",0.75,189320.128276439
"3254","DE","05-14",2025-03-13,2025-03-16,1,"quantile",0.9,203060.486232125
"3255","DE","05-14",2025-03-13,2025-03-16,1,"quantile",0.975,219387.269922742
"3256","DE","05-14",2025-03-13,2025-03-23,2,"quantile",0.025,116457.199281323
"3257","DE","05-14",2025-03-13,2025-03-23,2,"quantile",0.1,128425.383591082
"3258","DE","05-14",2025-03-13,2025-03-23,2,"quantile",0.25,140214.247401343
"3259","DE","05-14",2025-03-13,2025-03-23,2,"quantile",0.5,154390.885231031
"3260","DE","05-14",2025-03-13,2025-03-23,2,"quantile",0.75,169923.853125356
"3261","DE","05-14",2025-03-13,2025-03-23,2,"quantile",0.9,186260.348643601
"3262","DE","05-14",2025-03-13,2025-03-23,2,"quantile",0.975,205713.004162993
"3263","DE","05-14",2025-03-13,2025-03-30,3,"quantile",0.025,92713.3471153932
"3264","DE","05-14",2025-03-13,2025-03-30,3,"quantile",0.1,103003.535914971
"3265","DE","05-14",2025-03-13,2025-03-30,3,"quantile",0.25,113015.091241589
"3266","DE","05-14",2025-03-13,2025-03-30,3,"quantile",0.5,125840.983567605
"3267","DE","05-14",2025-03-13,2025-03-30,3,"quantile",0.75,140676.284102901
"3268","DE","05-14",2025-03-13,2025-03-30,3,"quantile",0.9,155201.028415473
"3269","DE","05-14",2025-03-13,2025-03-30,3,"quantile",0.975,173475.765660981
"3270","DE","05-14",2025-03-13,2025-04-06,4,"quantile",0.025,81783.0671852285
"3271","DE","05-14",2025-03-13,2025-04-06,4,"quantile",0.1,92386.175150337
"3272","DE","05-14",2025-03-13,2025-04-06,4,"quantile",0.25,102209.071599985
"3273","DE","05-14",2025-03-13,2025-04-06,4,"quantile",0.5,114629.042904066
"3274","DE","05-14",2025-03-13,2025-04-06,4,"quantile",0.75,128574.055681737
"3275","DE","05-14",2025-03-13,2025-04-06,4,"quantile",0.9,142446.787199889
"3276","DE","05-14",2025-03-13,2025-04-06,4,"quantile",0.975,161008.616547829
"3277","DE","15-34",2025-03-13,2025-03-16,1,"quantile",0.025,328723.127531827
"3278","DE","15-34",2025-03-13,2025-03-16,1,"quantile",0.1,355229.202218533
"3279","DE","15-34",2025-03-13,2025-03-16,1,"quantile",0.25,381010.169480356
"3280","DE","15-34",2025-03-13,2025-03-16,1,"quantile",0.5,412465.979535606
"3281","DE","15-34",2025-03-13,2025-03-16,1,"quantile",0.75,444039.195681303
"3282","DE","15-34",2025-03-13,2025-03-16,1,"quantile",0.9,475315.683274546
"3283","DE","15-34",2025-03-13,2025-03-16,1,"quantile",0.975,513471.931985674
"3284","DE","15-34",2025-03-13,2025-03-23,2,"quantile",0.025,269189.951071414
"3285","DE","15-34",2025-03-13,2025-03-23,2,"quantile",0.1,295721.583780821
"3286","DE","15-34",2025-03-13,2025-03-23,2,"quantile",0.25,321286.175614386
"3287","DE","15-34",2025-03-13,2025-03-23,2,"quantile",0.5,352171.727463846
"3288","DE","15-34",2025-03-13,2025-03-23,2,"quantile",0.75,387558.01648153
"3289","DE","15-34",2025-03-13,2025-03-23,2,"quantile",0.9,423392.599907364
"3290","DE","15-34",2025-03-13,2025-03-23,2,"quantile",0.975,463478.375975977
"3291","DE","15-34",2025-03-13,2025-03-30,3,"quantile",0.025,219171.461958749
"3292","DE","15-34",2025-03-13,2025-03-30,3,"quantile",0.1,243281.99820365
"3293","DE","15-34",2025-03-13,2025-03-30,3,"quantile",0.25,268109.442470386
"3294","DE","15-34",2025-03-13,2025-03-30,3,"quantile",0.5,299031.46515732
"3295","DE","15-34",2025-03-13,2025-03-30,3,"quantile",0.75,331593.772682077
"3296","DE","15-34",2025-03-13,2025-03-30,3,"quantile",0.9,367102.802588746
"3297","DE","15-34",2025-03-13,2025-03-30,3,"quantile",0.975,408146.498790353
"3298","DE","15-34",2025-03-13,2025-04-06,4,"quantile",0.025,205641.374649024
"3299","DE","15-34",2025-03-13,2025-04-06,4,"quantile",0.1,230714.303163106
"3300","DE","15-34",2025-03-13,2025-04-06,4,"quantile",0.25,255244.585155317
"3301","DE","15-34",2025-03-13,2025-04-06,4,"quantile",0.5,284993.147685306
"3302","DE","15-34",2025-03-13,2025-04-06,4,"quantile",0.75,318358.898025979
"3303","DE","15-34",2025-03-13,2025-04-06,4,"quantile",0.9,351435.87758588
"3304","DE","15-34",2025-03-13,2025-04-06,4,"quantile",0.975,395576.138790888
"3305","DE","35-59",2025-03-13,2025-03-16,1,"quantile",0.025,375358.986705301
"3306","DE","35-59",2025-03-13,2025-03-16,1,"quantile",0.1,405583.370840091
"3307","DE","35-59",2025-03-13,2025-03-16,1,"quantile",0.25,437420.301633417
"3308","DE","35-59",2025-03-13,2025-03-16,1,"quantile",0.5,476377.174002797
"3309","DE","35-59",2025-03-13,2025-03-16,1,"quantile",0.75,518198.994898474
"3310","DE","35-59",2025-03-13,2025-03-16,1,"quantile",0.9,559026.009474635
"3311","DE","35-59",2025-03-13,2025-03-16,1,"quantile",0.975,607575.651002607
"3312","DE","35-59",2025-03-13,2025-03-23,2,"quantile",0.025,295657.598012408
"3313","DE","35-59",2025-03-13,2025-03-23,2,"quantile",0.1,329239.185804866
"3314","DE","35-59",2025-03-13,2025-03-23,2,"quantile",0.25,362984.479554222
"3315","DE","35-59",2025-03-13,2025-03-23,2,"quantile",0.5,403917.011761316
"3316","DE","35-59",2025-03-13,2025-03-23,2,"quantile",0.75,450301.184726624
"3317","DE","35-59",2025-03-13,2025-03-23,2,"quantile",0.9,495834.619348714
"3318","DE","35-59",2025-03-13,2025-03-23,2,"quantile",0.975,555428.435496719
"3319","DE","35-59",2025-03-13,2025-03-30,3,"quantile",0.025,243543.14420693
"3320","DE","35-59",2025-03-13,2025-03-30,3,"quantile",0.1,276036.344526928
"3321","DE","35-59",2025-03-13,2025-03-30,3,"quantile",0.25,307455.093393636
"3322","DE","35-59",2025-03-13,2025-03-30,3,"quantile",0.5,349167.130413505
"3323","DE","35-59",2025-03-13,2025-03-30,3,"quantile",0.75,395231.277588222
"3324","DE","35-59",2025-03-13,2025-03-30,3,"quantile",0.9,442614.244604238
"3325","DE","35-59",2025-03-13,2025-03-30,3,"quantile",0.975,502713.430273789
"3326","DE","35-59",2025-03-13,2025-04-06,4,"quantile",0.025,231486.572181227
"3327","DE","35-59",2025-03-13,2025-04-06,4,"quantile",0.1,268193.588067763
"3328","DE","35-59",2025-03-13,2025-04-06,4,"quantile",0.25,302499.191575258
"3329","DE","35-59",2025-03-13,2025-04-06,4,"quantile",0.5,344930.992871937
"3330","DE","35-59",2025-03-13,2025-04-06,4,"quantile",0.75,395195.886224936
"3331","DE","35-59",2025-03-13,2025-04-06,4,"quantile",0.9,445429.553227119
"3332","DE","35-59",2025-03-13,2025-04-06,4,"quantile",0.975,514116.625986732
"3333","DE","60+",2025-03-13,2025-03-16,1,"quantile",0.025,141377.333004011
"3334","DE","60+",2025-03-13,2025-03-16,1,"quantile",0.1,154562.712146405
"3335","DE","60+",2025-03-13,2025-03-16,1,"quantile",0.25,166132.059611946
"3336","DE","60+",2025-03-13,2025-03-16,1,"quantile",0.5,180433.318281369
"3337","DE","60+",2025-03-13,2025-03-16,1,"quantile",0.75,194829.57061309
"3338","DE","60+",2025-03-13,2025-03-16,1,"quantile",0.9,209285.285896479
"3339","DE","60+",2025-03-13,2025-03-16,1,"quantile",0.975,227816.908486915
"3340","DE","60+",2025-03-13,2025-03-23,2,"quantile",0.025,115383.955363522
"3341","DE","60+",2025-03-13,2025-03-23,2,"quantile",0.1,129279.788278516
"3342","DE","60+",2025-03-13,2025-03-23,2,"quantile",0.25,141760.415577657
"3343","DE","60+",2025-03-13,2025-03-23,2,"quantile",0.5,157107.054145456
"3344","DE","60+",2025-03-13,2025-03-23,2,"quantile",0.75,174527.955190713
"3345","DE","60+",2025-03-13,2025-03-23,2,"quantile",0.9,192902.079606047
"3346","DE","60+",2025-03-13,2025-03-23,2,"quantile",0.975,214913.298247758
"3347","DE","60+",2025-03-13,2025-03-30,3,"quantile",0.025,95118.9055611799
"3348","DE","60+",2025-03-13,2025-03-30,3,"quantile",0.1,107395.685264039
"3349","DE","60+",2025-03-13,2025-03-30,3,"quantile",0.25,120989.678078073
"3350","DE","60+",2025-03-13,2025-03-30,3,"quantile",0.5,136772.098029157
"3351","DE","60+",2025-03-13,2025-03-30,3,"quantile",0.75,154695.756921636
"3352","DE","60+",2025-03-13,2025-03-30,3,"quantile",0.9,173506.005457364
"3353","DE","60+",2025-03-13,2025-03-30,3,"quantile",0.975,196446.585661578
"3354","DE","60+",2025-03-13,2025-04-06,4,"quantile",0.025,97147.4419525116
"3355","DE","60+",2025-03-13,2025-04-06,4,"quantile",0.1,110473.817674286
"3356","DE","60+",2025-03-13,2025-04-06,4,"quantile",0.25,124585.937463678
"3357","DE","60+",2025-03-13,2025-04-06,4,"quantile",0.5,142266.963237354
"3358","DE","60+",2025-03-13,2025-04-06,4,"quantile",0.75,162476.283444621
"3359","DE","60+",2025-03-13,2025-04-06,4,"quantile",0.9,182811.276898624
"3360","DE","60+",2025-03-13,2025-04-06,4,"quantile",0.975,210465.120228031
"3361","DE","00+",2025-03-20,2025-03-23,1,"quantile",0.025,1091853.05464218
"3362","DE","00+",2025-03-20,2025-03-23,1,"quantile",0.1,1168184.64844434
"3363","DE","00+",2025-03-20,2025-03-23,1,"quantile",0.25,1239098.91403374
"3364","DE","00+",2025-03-20,2025-03-23,1,"quantile",0.5,1326066.80399954
"3365","DE","00+",2025-03-20,2025-03-23,1,"quantile",0.75,1421883.15724961
"3366","DE","00+",2025-03-20,2025-03-23,1,"quantile",0.9,1512534.77715846
"3367","DE","00+",2025-03-20,2025-03-23,1,"quantile",0.975,1610638.20248824
"3368","DE","00+",2025-03-20,2025-03-30,2,"quantile",0.025,879633.878270241
"3369","DE","00+",2025-03-20,2025-03-30,2,"quantile",0.1,965461.1715026
"3370","DE","00+",2025-03-20,2025-03-30,2,"quantile",0.25,1042396.02460692
"3371","DE","00+",2025-03-20,2025-03-30,2,"quantile",0.5,1135264.5455648
"3372","DE","00+",2025-03-20,2025-03-30,2,"quantile",0.75,1237468.89184373
"3373","DE","00+",2025-03-20,2025-03-30,2,"quantile",0.9,1333774.57912527
"3374","DE","00+",2025-03-20,2025-03-30,2,"quantile",0.975,1452256.6342618
"3375","DE","00+",2025-03-20,2025-04-06,3,"quantile",0.025,818880.902513871
"3376","DE","00+",2025-03-20,2025-04-06,3,"quantile",0.1,899599.466475034
"3377","DE","00+",2025-03-20,2025-04-06,3,"quantile",0.25,983356.61515962
"3378","DE","00+",2025-03-20,2025-04-06,3,"quantile",0.5,1089459.74471245
"3379","DE","00+",2025-03-20,2025-04-06,3,"quantile",0.75,1201150.57047342
"3380","DE","00+",2025-03-20,2025-04-06,3,"quantile",0.9,1314480.60152991
"3381","DE","00+",2025-03-20,2025-04-06,3,"quantile",0.975,1451214.00178987
"3382","DE","00+",2025-03-20,2025-04-13,4,"quantile",0.025,708882.389829343
"3383","DE","00+",2025-03-20,2025-04-13,4,"quantile",0.1,790447.761603416
"3384","DE","00+",2025-03-20,2025-04-13,4,"quantile",0.25,867599.843933972
"3385","DE","00+",2025-03-20,2025-04-13,4,"quantile",0.5,965626.061010185
"3386","DE","00+",2025-03-20,2025-04-13,4,"quantile",0.75,1073014.39624481
"3387","DE","00+",2025-03-20,2025-04-13,4,"quantile",0.9,1178480.99887054
"3388","DE","00+",2025-03-20,2025-04-13,4,"quantile",0.975,1317529.04563756
"3389","DE","00-04",2025-03-20,2025-03-23,1,"quantile",0.025,162098.242514738
"3390","DE","00-04",2025-03-20,2025-03-23,1,"quantile",0.1,170703.057723247
"3391","DE","00-04",2025-03-20,2025-03-23,1,"quantile",0.25,177854.435087696
"3392","DE","00-04",2025-03-20,2025-03-23,1,"quantile",0.5,187112.121773402
"3393","DE","00-04",2025-03-20,2025-03-23,1,"quantile",0.75,196400.948544322
"3394","DE","00-04",2025-03-20,2025-03-23,1,"quantile",0.9,205496.792059335
"3395","DE","00-04",2025-03-20,2025-03-23,1,"quantile",0.975,216000.385788651
"3396","DE","00-04",2025-03-20,2025-03-30,2,"quantile",0.025,139273.27128553
"3397","DE","00-04",2025-03-20,2025-03-30,2,"quantile",0.1,147980.114739401
"3398","DE","00-04",2025-03-20,2025-03-30,2,"quantile",0.25,156524.979619782
"3399","DE","00-04",2025-03-20,2025-03-30,2,"quantile",0.5,166459.786522253
"3400","DE","00-04",2025-03-20,2025-03-30,2,"quantile",0.75,176856.273496664
"3401","DE","00-04",2025-03-20,2025-03-30,2,"quantile",0.9,186778.144078298
"3402","DE","00-04",2025-03-20,2025-03-30,2,"quantile",0.975,199112.635221384
"3403","DE","00-04",2025-03-20,2025-04-06,3,"quantile",0.025,132116.911780648
"3404","DE","00-04",2025-03-20,2025-04-06,3,"quantile",0.1,141649.26835309
"3405","DE","00-04",2025-03-20,2025-04-06,3,"quantile",0.25,150742.107686398
"3406","DE","00-04",2025-03-20,2025-04-06,3,"quantile",0.5,161898.302231461
"3407","DE","00-04",2025-03-20,2025-04-06,3,"quantile",0.75,173495.126556339
"3408","DE","00-04",2025-03-20,2025-04-06,3,"quantile",0.9,184408.431616883
"3409","DE","00-04",2025-03-20,2025-04-06,3,"quantile",0.975,197913.471291107
"3410","DE","00-04",2025-03-20,2025-04-13,4,"quantile",0.025,121990.884908466
"3411","DE","00-04",2025-03-20,2025-04-13,4,"quantile",0.1,131074.768066364
"3412","DE","00-04",2025-03-20,2025-04-13,4,"quantile",0.25,140361.196297182
"3413","DE","00-04",2025-03-20,2025-04-13,4,"quantile",0.5,151073.947226893
"3414","DE","00-04",2025-03-20,2025-04-13,4,"quantile",0.75,162550.518333343
"3415","DE","00-04",2025-03-20,2025-04-13,4,"quantile",0.9,173384.739828661
"3416","DE","00-04",2025-03-20,2025-04-13,4,"quantile",0.975,187004.245625326
"3417","DE","05-14",2025-03-20,2025-03-23,1,"quantile",0.025,124078.362684795
"3418","DE","05-14",2025-03-20,2025-03-23,1,"quantile",0.1,133895.627074312
"3419","DE","05-14",2025-03-20,2025-03-23,1,"quantile",0.25,142947.548140349
"3420","DE","05-14",2025-03-20,2025-03-23,1,"quantile",0.5,154094.526026023
"3421","DE","05-14",2025-03-20,2025-03-23,1,"quantile",0.75,166716.577894533
"3422","DE","05-14",2025-03-20,2025-03-23,1,"quantile",0.9,178527.988275857
"3423","DE","05-14",2025-03-20,2025-03-23,1,"quantile",0.975,192070.42180093
"3424","DE","05-14",2025-03-20,2025-03-30,2,"quantile",0.025,95276.4304705695
"3425","DE","05-14",2025-03-20,2025-03-30,2,"quantile",0.1,105484.977662918
"3426","DE","05-14",2025-03-20,2025-03-30,2,"quantile",0.25,114537.523099938
"3427","DE","05-14",2025-03-20,2025-03-30,2,"quantile",0.5,125934.583473235
"3428","DE","05-14",2025-03-20,2025-03-30,2,"quantile",0.75,138603.758944764
"3429","DE","05-14",2025-03-20,2025-03-30,2,"quantile",0.9,150565.086500573
"3430","DE","05-14",2025-03-20,2025-03-30,2,"quantile",0.975,165666.948394348
"3431","DE","05-14",2025-03-20,2025-04-06,3,"quantile",0.025,83716.1310044465
"3432","DE","05-14",2025-03-20,2025-04-06,3,"quantile",0.1,92891.8114632298
"3433","DE","05-14",2025-03-20,2025-04-06,3,"quantile",0.25,102305.041908149
"3434","DE","05-14",2025-03-20,2025-04-06,3,"quantile",0.5,113902.946797123
"3435","DE","05-14",2025-03-20,2025-04-06,3,"quantile",0.75,127338.031669462
"3436","DE","05-14",2025-03-20,2025-04-06,3,"quantile",0.9,140252.360134976
"3437","DE","05-14",2025-03-20,2025-04-06,3,"quantile",0.975,156914.640170704
"3438","DE","05-14",2025-03-20,2025-04-13,4,"quantile",0.025,79863.8119198365
"3439","DE","05-14",2025-03-20,2025-04-13,4,"quantile",0.1,89564.0007605957
"3440","DE","05-14",2025-03-20,2025-04-13,4,"quantile",0.25,99068.1672548774
"3441","DE","05-14",2025-03-20,2025-04-13,4,"quantile",0.5,110534.097319368
"3442","DE","05-14",2025-03-20,2025-04-13,4,"quantile",0.75,124142.852768583
"3443","DE","05-14",2025-03-20,2025-04-13,4,"quantile",0.9,137385.022866571
"3444","DE","05-14",2025-03-20,2025-04-13,4,"quantile",0.975,154644.759097397
"3445","DE","15-34",2025-03-20,2025-03-23,1,"quantile",0.025,298609.656315617
"3446","DE","15-34",2025-03-20,2025-03-23,1,"quantile",0.1,323389.017526272
"3447","DE","15-34",2025-03-20,2025-03-23,1,"quantile",0.25,345506.058352356
"3448","DE","15-34",2025-03-20,2025-03-23,1,"quantile",0.5,373897.617497303
"3449","DE","15-34",2025-03-20,2025-03-23,1,"quantile",0.75,403662.835980749
"3450","DE","15-34",2025-03-20,2025-03-23,1,"quantile",0.9,433497.914060101
"3451","DE","15-34",2025-03-20,2025-03-23,1,"quantile",0.975,467761.927771646
"3452","DE","15-34",2025-03-20,2025-03-30,2,"quantile",0.025,238597.461495744
"3453","DE","15-34",2025-03-20,2025-03-30,2,"quantile",0.1,261188.454688245
"3454","DE","15-34",2025-03-20,2025-03-30,2,"quantile",0.25,285851.902785826
"3455","DE","15-34",2025-03-20,2025-03-30,2,"quantile",0.5,314311.35128397
"3456","DE","15-34",2025-03-20,2025-03-30,2,"quantile",0.75,344992.449262883
"3457","DE","15-34",2025-03-20,2025-03-30,2,"quantile",0.9,374935.904586639
"3458","DE","15-34",2025-03-20,2025-03-30,2,"quantile",0.975,414542.03655472
"3459","DE","15-34",2025-03-20,2025-04-06,3,"quantile",0.025,217142.35607522
"3460","DE","15-34",2025-03-20,2025-04-06,3,"quantile",0.1,240817.73421392
"3461","DE","15-34",2025-03-20,2025-04-06,3,"quantile",0.25,265047.93827651
"3462","DE","15-34",2025-03-20,2025-04-06,3,"quantile",0.5,295536.405218137
"3463","DE","15-34",2025-03-20,2025-04-06,3,"quantile",0.75,328797.147105597
"3464","DE","15-34",2025-03-20,2025-04-06,3,"quantile",0.9,360011.772762911
"3465","DE","15-34",2025-03-20,2025-04-06,3,"quantile",0.975,401969.899725807
"3466","DE","15-34",2025-03-20,2025-04-13,4,"quantile",0.025,190794.851658663
"3467","DE","15-34",2025-03-20,2025-04-13,4,"quantile",0.1,212732.644924766
"3468","DE","15-34",2025-03-20,2025-04-13,4,"quantile",0.25,236223.890639784
"3469","DE","15-34",2025-03-20,2025-04-13,4,"quantile",0.5,264640.7657955
"3470","DE","15-34",2025-03-20,2025-04-13,4,"quantile",0.75,295349.486493837
"3471","DE","15-34",2025-03-20,2025-04-13,4,"quantile",0.9,325214.866777791
"3472","DE","15-34",2025-03-20,2025-04-13,4,"quantile",0.975,365242.7033373
"3473","DE","35-59",2025-03-20,2025-03-23,1,"quantile",0.025,359567.535886012
"3474","DE","35-59",2025-03-20,2025-03-23,1,"quantile",0.1,390329.319489673
"3475","DE","35-59",2025-03-20,2025-03-23,1,"quantile",0.25,419796.956147959
"3476","DE","35-59",2025-03-20,2025-03-23,1,"quantile",0.5,455842.936795319
"3477","DE","35-59",2025-03-20,2025-03-23,1,"quantile",0.75,496999.812309319
"3478","DE","35-59",2025-03-20,2025-03-23,1,"quantile",0.9,535709.955615338
"3479","DE","35-59",2025-03-20,2025-03-23,1,"quantile",0.975,578754.18440145
"3480","DE","35-59",2025-03-20,2025-03-30,2,"quantile",0.025,286888.780509193
"3481","DE","35-59",2025-03-20,2025-03-30,2,"quantile",0.1,321264.977116464
"3482","DE","35-59",2025-03-20,2025-03-30,2,"quantile",0.25,352716.327101677
"3483","DE","35-59",2025-03-20,2025-03-30,2,"quantile",0.5,392493.704388348
"3484","DE","35-59",2025-03-20,2025-03-30,2,"quantile",0.75,436258.032893561
"3485","DE","35-59",2025-03-20,2025-03-30,2,"quantile",0.9,478479.95599592
"3486","DE","35-59",2025-03-20,2025-03-30,2,"quantile",0.975,531032.107060185
"3487","DE","35-59",2025-03-20,2025-04-06,3,"quantile",0.025,262788.535753297
"3488","DE","35-59",2025-03-20,2025-04-06,3,"quantile",0.1,297019.539883057
"3489","DE","35-59",2025-03-20,2025-04-06,3,"quantile",0.25,331186.70277362
"3490","DE","35-59",2025-03-20,2025-04-06,3,"quantile",0.5,376956.216769456
"3491","DE","35-59",2025-03-20,2025-04-06,3,"quantile",0.75,425294.008979907
"3492","DE","35-59",2025-03-20,2025-04-06,3,"quantile",0.9,475999.039372362
"3493","DE","35-59",2025-03-20,2025-04-06,3,"quantile",0.975,536643.66211563
"3494","DE","35-59",2025-03-20,2025-04-13,4,"quantile",0.025,214313.897835561
"3495","DE","35-59",2025-03-20,2025-04-13,4,"quantile",0.1,245108.580758532
"3496","DE","35-59",2025-03-20,2025-04-13,4,"quantile",0.25,275598.445556336
"3497","DE","35-59",2025-03-20,2025-04-13,4,"quantile",0.5,315068.441577787
"3498","DE","35-59",2025-03-20,2025-04-13,4,"quantile",0.75,359399.462289049
"3499","DE","35-59",2025-03-20,2025-04-13,4,"quantile",0.9,403980.931956927
"3500","DE","35-59",2025-03-20,2025-04-13,4,"quantile",0.975,463856.046974786
"3501","DE","60+",2025-03-20,2025-03-23,1,"quantile",0.025,135106.087013391
"3502","DE","60+",2025-03-20,2025-03-23,1,"quantile",0.1,147192.372686704
"3503","DE","60+",2025-03-20,2025-03-23,1,"quantile",0.25,157880.943984875
"3504","DE","60+",2025-03-20,2025-03-23,1,"quantile",0.5,171612.532334066
"3505","DE","60+",2025-03-20,2025-03-23,1,"quantile",0.75,186065.996058924
"3506","DE","60+",2025-03-20,2025-03-23,1,"quantile",0.9,200853.443839845
"3507","DE","60+",2025-03-20,2025-03-23,1,"quantile",0.975,217741.407583501
"3508","DE","60+",2025-03-20,2025-03-30,2,"quantile",0.025,108883.892082804
"3509","DE","60+",2025-03-20,2025-03-30,2,"quantile",0.1,120998.216110518
"3510","DE","60+",2025-03-20,2025-03-30,2,"quantile",0.25,133298.36758065
"3511","DE","60+",2025-03-20,2025-03-30,2,"quantile",0.5,148526.398979256
"3512","DE","60+",2025-03-20,2025-03-30,2,"quantile",0.75,165132.291464323
"3513","DE","60+",2025-03-20,2025-03-30,2,"quantile",0.9,181550.983989119
"3514","DE","60+",2025-03-20,2025-03-30,2,"quantile",0.975,202663.150068256
"3515","DE","60+",2025-03-20,2025-04-06,3,"quantile",0.025,106011.376101378
"3516","DE","60+",2025-03-20,2025-04-06,3,"quantile",0.1,119374.666768639
"3517","DE","60+",2025-03-20,2025-04-06,3,"quantile",0.25,133554.382548103
"3518","DE","60+",2025-03-20,2025-04-06,3,"quantile",0.5,151776.896313966
"3519","DE","60+",2025-03-20,2025-04-06,3,"quantile",0.75,171330.826900479
"3520","DE","60+",2025-03-20,2025-04-06,3,"quantile",0.9,191512.091389948
"3521","DE","60+",2025-03-20,2025-04-06,3,"quantile",0.975,217009.283868821
"3522","DE","60+",2025-03-20,2025-04-13,4,"quantile",0.025,88737.8649789376
"3523","DE","60+",2025-03-20,2025-04-13,4,"quantile",0.1,100611.623248414
"3524","DE","60+",2025-03-20,2025-04-13,4,"quantile",0.25,114405.700325357
"3525","DE","60+",2025-03-20,2025-04-13,4,"quantile",0.5,130842.8937138
"3526","DE","60+",2025-03-20,2025-04-13,4,"quantile",0.75,149243.626295678
"3527","DE","60+",2025-03-20,2025-04-13,4,"quantile",0.9,167785.320067488
"3528","DE","60+",2025-03-20,2025-04-13,4,"quantile",0.975,191551.078584196
"3529","DE","00+",2025-03-27,2025-03-30,1,"quantile",0.025,894443.652326698
"3530","DE","00+",2025-03-27,2025-03-30,1,"quantile",0.1,961816.225324147
"3531","DE","00+",2025-03-27,2025-03-30,1,"quantile",0.25,1024883.36254058
"3532","DE","00+",2025-03-27,2025-03-30,1,"quantile",0.5,1099128.78904188
"3533","DE","00+",2025-03-27,2025-03-30,1,"quantile",0.75,1177876.99934841
"3534","DE","00+",2025-03-27,2025-03-30,1,"quantile",0.9,1248704.8000997
"3535","DE","00+",2025-03-27,2025-03-30,1,"quantile",0.975,1340735.39723496
"3536","DE","00+",2025-03-27,2025-04-06,2,"quantile",0.025,818157.5103206
"3537","DE","00+",2025-03-27,2025-04-06,2,"quantile",0.1,892484.735213811
"3538","DE","00+",2025-03-27,2025-04-06,2,"quantile",0.25,964716.721514493
"3539","DE","00+",2025-03-27,2025-04-06,2,"quantile",0.5,1055524.18172332
"3540","DE","00+",2025-03-27,2025-04-06,2,"quantile",0.75,1156815.47686579
"3541","DE","00+",2025-03-27,2025-04-06,2,"quantile",0.9,1245389.52508401
"3542","DE","00+",2025-03-27,2025-04-06,2,"quantile",0.975,1365150.44833098
"3543","DE","00+",2025-03-27,2025-04-13,3,"quantile",0.025,709550.490080822
"3544","DE","00+",2025-03-27,2025-04-13,3,"quantile",0.1,778877.871814916
"3545","DE","00+",2025-03-27,2025-04-13,3,"quantile",0.25,855399.887730671
"3546","DE","00+",2025-03-27,2025-04-13,3,"quantile",0.5,946806.072356764
"3547","DE","00+",2025-03-27,2025-04-13,3,"quantile",0.75,1049518.69639336
"3548","DE","00+",2025-03-27,2025-04-13,3,"quantile",0.9,1150256.2305829
"3549","DE","00+",2025-03-27,2025-04-13,3,"quantile",0.975,1268371.30302996
"3550","DE","00+",2025-03-27,2025-04-20,4,"quantile",0.025,603436.579371453
"3551","DE","00+",2025-03-27,2025-04-20,4,"quantile",0.1,671005.650460291
"3552","DE","00+",2025-03-27,2025-04-20,4,"quantile",0.25,739705.146211913
"3553","DE","00+",2025-03-27,2025-04-20,4,"quantile",0.5,827339.605427787
"3554","DE","00+",2025-03-27,2025-04-20,4,"quantile",0.75,921064.06729131
"3555","DE","00+",2025-03-27,2025-04-20,4,"quantile",0.9,1015390.91670844
"3556","DE","00+",2025-03-27,2025-04-20,4,"quantile",0.975,1131627.51076344
"3557","DE","00-04",2025-03-27,2025-03-30,1,"quantile",0.025,147763.183348908
"3558","DE","00-04",2025-03-27,2025-03-30,1,"quantile",0.1,155700.863304817
"3559","DE","00-04",2025-03-27,2025-03-30,1,"quantile",0.25,162734.081682611
"3560","DE","00-04",2025-03-27,2025-03-30,1,"quantile",0.5,171091.459796222
"3561","DE","00-04",2025-03-27,2025-03-30,1,"quantile",0.75,180213.252982078
"3562","DE","00-04",2025-03-27,2025-03-30,1,"quantile",0.9,187788.83129423
"3563","DE","00-04",2025-03-27,2025-03-30,1,"quantile",0.975,197400.784428256
"3564","DE","00-04",2025-03-27,2025-04-06,2,"quantile",0.025,139050.903898642
"3565","DE","00-04",2025-03-27,2025-04-06,2,"quantile",0.1,147182.189718518
"3566","DE","00-04",2025-03-27,2025-04-06,2,"quantile",0.25,155783.782914612
"3567","DE","00-04",2025-03-27,2025-04-06,2,"quantile",0.5,165801.174990632
"3568","DE","00-04",2025-03-27,2025-04-06,2,"quantile",0.75,176171.205043817
"3569","DE","00-04",2025-03-27,2025-04-06,2,"quantile",0.9,186689.447769109
"3570","DE","00-04",2025-03-27,2025-04-06,2,"quantile",0.975,198274.790703268
"3571","DE","00-04",2025-03-27,2025-04-13,3,"quantile",0.025,125118.674642469
"3572","DE","00-04",2025-03-27,2025-04-13,3,"quantile",0.1,134301.731023368
"3573","DE","00-04",2025-03-27,2025-04-13,3,"quantile",0.25,143518.97498433
"3574","DE","00-04",2025-03-27,2025-04-13,3,"quantile",0.5,153752.123719378
"3575","DE","00-04",2025-03-27,2025-04-13,3,"quantile",0.75,164927.34874917
"3576","DE","00-04",2025-03-27,2025-04-13,3,"quantile",0.9,175542.891794411
"3577","DE","00-04",2025-03-27,2025-04-13,3,"quantile",0.975,187956.829086346
"3578","DE","00-04",2025-03-27,2025-04-20,4,"quantile",0.025,112609.228666217
"3579","DE","00-04",2025-03-27,2025-04-20,4,"quantile",0.1,120970.501268763
"3580","DE","00-04",2025-03-27,2025-04-20,4,"quantile",0.25,128915.492769708
"3581","DE","00-04",2025-03-27,2025-04-20,4,"quantile",0.5,139001.029340591
"3582","DE","00-04",2025-03-27,2025-04-20,4,"quantile",0.75,149513.97353726
"3583","DE","00-04",2025-03-27,2025-04-20,4,"quantile",0.9,159593.483394099
"3584","DE","00-04",2025-03-27,2025-04-20,4,"quantile",0.975,171416.570961846
"3585","DE","05-14",2025-03-27,2025-03-30,1,"quantile",0.025,102589.579693135
"3586","DE","05-14",2025-03-27,2025-03-30,1,"quantile",0.1,110950.872198158
"3587","DE","05-14",2025-03-27,2025-03-30,1,"quantile",0.25,118845.126448852
"3588","DE","05-14",2025-03-27,2025-03-30,1,"quantile",0.5,128742.014209093
"3589","DE","05-14",2025-03-27,2025-03-30,1,"quantile",0.75,138888.006890008
"3590","DE","05-14",2025-03-27,2025-03-30,1,"quantile",0.9,148559.258643581
"3591","DE","05-14",2025-03-27,2025-03-30,1,"quantile",0.975,160404.545808145
"3592","DE","05-14",2025-03-27,2025-04-06,2,"quantile",0.025,87647.9384021709
"3593","DE","05-14",2025-03-27,2025-04-06,2,"quantile",0.1,96742.8220818439
"3594","DE","05-14",2025-03-27,2025-04-06,2,"quantile",0.25,105609.917015398
"3595","DE","05-14",2025-03-27,2025-04-06,2,"quantile",0.5,116335.18409479
"3596","DE","05-14",2025-03-27,2025-04-06,2,"quantile",0.75,128813.31207865
"3597","DE","05-14",2025-03-27,2025-04-06,2,"quantile",0.9,140050.706628335
"3598","DE","05-14",2025-03-27,2025-04-06,2,"quantile",0.975,154692.898232797
"3599","DE","05-14",2025-03-27,2025-04-13,3,"quantile",0.025,82365.2042864801
"3600","DE","05-14",2025-03-27,2025-04-13,3,"quantile",0.1,91212.7293140658
"3601","DE","05-14",2025-03-27,2025-04-13,3,"quantile",0.25,100777.488950361
"3602","DE","05-14",2025-03-27,2025-04-13,3,"quantile",0.5,112478.813258042
"3603","DE","05-14",2025-03-27,2025-04-13,3,"quantile",0.75,126088.93514262
"3604","DE","05-14",2025-03-27,2025-04-13,3,"quantile",0.9,139336.73840237
"3605","DE","05-14",2025-03-27,2025-04-13,3,"quantile",0.975,155194.096780838
"3606","DE","05-14",2025-03-27,2025-04-20,4,"quantile",0.025,73576.9459806002
"3607","DE","05-14",2025-03-27,2025-04-20,4,"quantile",0.1,82836.4643756209
"3608","DE","05-14",2025-03-27,2025-04-20,4,"quantile",0.25,92016.5133571067
"3609","DE","05-14",2025-03-27,2025-04-20,4,"quantile",0.5,103503.89937537
"3610","DE","05-14",2025-03-27,2025-04-20,4,"quantile",0.75,116110.199152144
"3611","DE","05-14",2025-03-27,2025-04-20,4,"quantile",0.9,128722.473420299
"3612","DE","05-14",2025-03-27,2025-04-20,4,"quantile",0.975,144599.28293235
"3613","DE","15-34",2025-03-27,2025-03-30,1,"quantile",0.025,238120.53145823
"3614","DE","15-34",2025-03-27,2025-03-30,1,"quantile",0.1,258528.551143383
"3615","DE","15-34",2025-03-27,2025-03-30,1,"quantile",0.25,276845.743293314
"3616","DE","15-34",2025-03-27,2025-03-30,1,"quantile",0.5,299736.433080007
"3617","DE","15-34",2025-03-27,2025-03-30,1,"quantile",0.75,325246.256110453
"3618","DE","15-34",2025-03-27,2025-03-30,1,"quantile",0.9,347918.15583206
"3619","DE","15-34",2025-03-27,2025-03-30,1,"quantile",0.975,376111.272612725
"3620","DE","15-34",2025-03-27,2025-04-06,2,"quantile",0.025,214195.013922304
"3621","DE","15-34",2025-03-27,2025-04-06,2,"quantile",0.1,234972.278300526
"3622","DE","15-34",2025-03-27,2025-04-06,2,"quantile",0.25,256555.511403331
"3623","DE","15-34",2025-03-27,2025-04-06,2,"quantile",0.5,282140.662503084
"3624","DE","15-34",2025-03-27,2025-04-06,2,"quantile",0.75,310716.999557467
"3625","DE","15-34",2025-03-27,2025-04-06,2,"quantile",0.9,339308.30181209
"3626","DE","15-34",2025-03-27,2025-04-06,2,"quantile",0.975,373968.486015733
"3627","DE","15-34",2025-03-27,2025-04-13,3,"quantile",0.025,187287.676653793
"3628","DE","15-34",2025-03-27,2025-04-13,3,"quantile",0.1,208104.122921603
"3629","DE","15-34",2025-03-27,2025-04-13,3,"quantile",0.25,230401.539823064
"3630","DE","15-34",2025-03-27,2025-04-13,3,"quantile",0.5,256149.807545331
"3631","DE","15-34",2025-03-27,2025-04-13,3,"quantile",0.75,285560.067543227
"3632","DE","15-34",2025-03-27,2025-04-13,3,"quantile",0.9,313461.594034352
"3633","DE","15-34",2025-03-27,2025-04-13,3,"quantile",0.975,349177.56282417
"3634","DE","15-34",2025-03-27,2025-04-20,4,"quantile",0.025,162617.718187595
"3635","DE","15-34",2025-03-27,2025-04-20,4,"quantile",0.1,181349.931578233
"3636","DE","15-34",2025-03-27,2025-04-20,4,"quantile",0.25,199486.133911943
"3637","DE","15-34",2025-03-27,2025-04-20,4,"quantile",0.5,223844.194151129
"3638","DE","15-34",2025-03-27,2025-04-20,4,"quantile",0.75,250694.366211611
"3639","DE","15-34",2025-03-27,2025-04-20,4,"quantile",0.9,275700.190409512
"3640","DE","15-34",2025-03-27,2025-04-20,4,"quantile",0.975,308145.77040132
"3641","DE","35-59",2025-03-27,2025-03-30,1,"quantile",0.025,285073.992777266
"3642","DE","35-59",2025-03-27,2025-03-30,1,"quantile",0.1,311008.858958778
"3643","DE","35-59",2025-03-27,2025-03-30,1,"quantile",0.25,336308.434170813
"3644","DE","35-59",2025-03-27,2025-03-30,1,"quantile",0.5,366663.652315784
"3645","DE","35-59",2025-03-27,2025-03-30,1,"quantile",0.75,398576.453272681
"3646","DE","35-59",2025-03-27,2025-03-30,1,"quantile",0.9,428425.852274236
"3647","DE","35-59",2025-03-27,2025-03-30,1,"quantile",0.975,464791.395149194
"3648","DE","35-59",2025-03-27,2025-04-06,2,"quantile",0.025,257627.689964571
"3649","DE","35-59",2025-03-27,2025-04-06,2,"quantile",0.1,286357.491447166
"3650","DE","35-59",2025-03-27,2025-04-06,2,"quantile",0.25,315404.165843657
"3651","DE","35-59",2025-03-27,2025-04-06,2,"quantile",0.5,352290.51466915
"3652","DE","35-59",2025-03-27,2025-04-06,2,"quantile",0.75,394108.517059538
"3653","DE","35-59",2025-03-27,2025-04-06,2,"quantile",0.9,432439.818372729
"3654","DE","35-59",2025-03-27,2025-04-06,2,"quantile",0.975,483928.375093659
"3655","DE","35-59",2025-03-27,2025-04-13,3,"quantile",0.025,209773.894433234
"3656","DE","35-59",2025-03-27,2025-04-13,3,"quantile",0.1,236471.88881147
"3657","DE","35-59",2025-03-27,2025-04-13,3,"quantile",0.25,265242.308958238
"3658","DE","35-59",2025-03-27,2025-04-13,3,"quantile",0.5,301227.271327591
"3659","DE","35-59",2025-03-27,2025-04-13,3,"quantile",0.75,342014.700981729
"3660","DE","35-59",2025-03-27,2025-04-13,3,"quantile",0.9,383565.595255835
"3661","DE","35-59",2025-03-27,2025-04-13,3,"quantile",0.975,434753.439211828
"3662","DE","35-59",2025-03-27,2025-04-20,4,"quantile",0.025,171391.04743275
"3663","DE","35-59",2025-03-27,2025-04-20,4,"quantile",0.1,196097.713818558
"3664","DE","35-59",2025-03-27,2025-04-20,4,"quantile",0.25,221205.319296706
"3665","DE","35-59",2025-03-27,2025-04-20,4,"quantile",0.5,254888.9290619
"3666","DE","35-59",2025-03-27,2025-04-20,4,"quantile",0.75,291540.895248121
"3667","DE","35-59",2025-03-27,2025-04-20,4,"quantile",0.9,329719.599596462
"3668","DE","35-59",2025-03-27,2025-04-20,4,"quantile",0.975,377739.054446172
"3669","DE","60+",2025-03-27,2025-03-30,1,"quantile",0.025,114477.169610654
"3670","DE","60+",2025-03-27,2025-03-30,1,"quantile",0.1,124654.921325829
"3671","DE","60+",2025-03-27,2025-03-30,1,"quantile",0.25,133944.619331006
"3672","DE","60+",2025-03-27,2025-03-30,1,"quantile",0.5,145329.113673015
"3673","DE","60+",2025-03-27,2025-03-30,1,"quantile",0.75,158251.28363444
"3674","DE","60+",2025-03-27,2025-03-30,1,"quantile",0.9,170006.80541608
"3675","DE","60+",2025-03-27,2025-03-30,1,"quantile",0.975,184269.179406019
"3676","DE","60+",2025-03-27,2025-04-06,2,"quantile",0.025,109403.575008164
"3677","DE","60+",2025-03-27,2025-04-06,2,"quantile",0.1,120639.556698613
"3678","DE","60+",2025-03-27,2025-04-06,2,"quantile",0.25,133170.244237458
"3679","DE","60+",2025-03-27,2025-04-06,2,"quantile",0.5,147944.364889647
"3680","DE","60+",2025-03-27,2025-04-06,2,"quantile",0.75,164806.740529003
"3681","DE","60+",2025-03-27,2025-04-06,2,"quantile",0.9,181555.761922461
"3682","DE","60+",2025-03-27,2025-04-06,2,"quantile",0.975,201529.763957341
"3683","DE","60+",2025-03-27,2025-04-13,3,"quantile",0.025,88731.0818641659
"3684","DE","60+",2025-03-27,2025-04-13,3,"quantile",0.1,100782.936537822
"3685","DE","60+",2025-03-27,2025-04-13,3,"quantile",0.25,113238.713180965
"3686","DE","60+",2025-03-27,2025-04-13,3,"quantile",0.5,128421.26149088
"3687","DE","60+",2025-03-27,2025-04-13,3,"quantile",0.75,145570.647209852
"3688","DE","60+",2025-03-27,2025-04-13,3,"quantile",0.9,162398.33709498
"3689","DE","60+",2025-03-27,2025-04-13,3,"quantile",0.975,184649.650527209
"3690","DE","60+",2025-03-27,2025-04-20,4,"quantile",0.025,74693.4346160651
"3691","DE","60+",2025-03-27,2025-04-20,4,"quantile",0.1,84745.7934618645
"3692","DE","60+",2025-03-27,2025-04-20,4,"quantile",0.25,95180.5062312479
"3693","DE","60+",2025-03-27,2025-04-20,4,"quantile",0.5,109132.087297088
"3694","DE","60+",2025-03-27,2025-04-20,4,"quantile",0.75,124490.225217335
"3695","DE","60+",2025-03-27,2025-04-20,4,"quantile",0.9,139851.58901366
"3696","DE","60+",2025-03-27,2025-04-20,4,"quantile",0.975,160132.652590167
