"","location","age_group","forecast_date","target_end_date","horizon","type","quantile","value"
"1","DE","00+",2025-12-18,2025-12-21,1,"quantile",0.025,447898.5804542744
"2","DE","00+",2025-12-18,2025-12-21,1,"quantile",0.1,771183.3222402132
"3","DE","00+",2025-12-18,2025-12-21,1,"quantile",0.25,1020331.0617538642
"4","DE","00+",2025-12-18,2025-12-21,1,"quantile",0.5,1330058.0733240184
"5","DE","00+",2025-12-18,2025-12-21,1,"quantile",0.75,1444449.8217555908
"6","DE","00+",2025-12-18,2025-12-21,1,"quantile",0.9,1566105.33954197
"7","DE","00+",2025-12-18,2025-12-21,1,"quantile",0.975,1619700.1858249663
"8","DE","00+",2025-12-18,2025-12-28,2,"quantile",0.025,453001.5618115604
"9","DE","00+",2025-12-18,2025-12-28,2,"quantile",0.1,628825.5627094541
"10","DE","00+",2025-12-18,2025-12-28,2,"quantile",0.25,873910.3875993795
"11","DE","00+",2025-12-18,2025-12-28,2,"quantile",0.5,1245841.9523470593
"12","DE","00+",2025-12-18,2025-12-28,2,"quantile",0.75,1532556.6261633837
"13","DE","00+",2025-12-18,2025-12-28,2,"quantile",0.9,1642279.1306122283
"14","DE","00+",2025-12-18,2025-12-28,2,"quantile",0.975,1687753.8080806
"15","DE","00+",2025-12-18,2026-01-04,3,"quantile",0.025,432826.5304933234
"16","DE","00+",2025-12-18,2026-01-04,3,"quantile",0.1,606651.3515862823
"17","DE","00+",2025-12-18,2026-01-04,3,"quantile",0.25,870319.0476810079
"18","DE","00+",2025-12-18,2026-01-04,3,"quantile",0.5,1231361.928634226
"19","DE","00+",2025-12-18,2026-01-04,3,"quantile",0.75,1582785.8554588973
"20","DE","00+",2025-12-18,2026-01-04,3,"quantile",0.9,1701244.570977126
"21","DE","00+",2025-12-18,2026-01-04,3,"quantile",0.975,1749090.2750872069
"22","DE","00+",2025-12-18,2026-01-11,4,"quantile",0.025,506624.9343880685
"23","DE","00+",2025-12-18,2026-01-11,4,"quantile",0.1,694406.0323091438
"24","DE","00+",2025-12-18,2026-01-11,4,"quantile",0.25,876027.3154978591
"25","DE","00+",2025-12-18,2026-01-11,4,"quantile",0.5,1178094.0733275695
"26","DE","00+",2025-12-18,2026-01-11,4,"quantile",0.75,1538456.305627625
"27","DE","00+",2025-12-18,2026-01-11,4,"quantile",0.9,1674711.5502799184
"28","DE","00+",2025-12-18,2026-01-11,4,"quantile",0.975,1701970.3100081682
"29","DE","00-04",2025-12-18,2025-12-21,1,"quantile",0.025,84290.92711739586
"30","DE","00-04",2025-12-18,2025-12-21,1,"quantile",0.1,105861.30506395256
"31","DE","00-04",2025-12-18,2025-12-21,1,"quantile",0.25,140828.97056528705
"32","DE","00-04",2025-12-18,2025-12-21,1,"quantile",0.5,175349.33991552202
"33","DE","00-04",2025-12-18,2025-12-21,1,"quantile",0.75,190801.8986569312
"34","DE","00-04",2025-12-18,2025-12-21,1,"quantile",0.9,206060.0338885333
"35","DE","00-04",2025-12-18,2025-12-21,1,"quantile",0.975,216631.23595966652
"36","DE","00-04",2025-12-18,2025-12-28,2,"quantile",0.025,73233.66921406539
"37","DE","00-04",2025-12-18,2025-12-28,2,"quantile",0.1,91044.76328250664
"38","DE","00-04",2025-12-18,2025-12-28,2,"quantile",0.25,107867.61623140633
"39","DE","00-04",2025-12-18,2025-12-28,2,"quantile",0.5,141317.29490912304
"40","DE","00-04",2025-12-18,2025-12-28,2,"quantile",0.75,185939.1891274392
"41","DE","00-04",2025-12-18,2025-12-28,2,"quantile",0.9,210833.98754734764
"42","DE","00-04",2025-12-18,2025-12-28,2,"quantile",0.975,219888.65587517
"43","DE","00-04",2025-12-18,2026-01-04,3,"quantile",0.025,58451.07664238964
"44","DE","00-04",2025-12-18,2026-01-04,3,"quantile",0.1,94934.00611619398
"45","DE","00-04",2025-12-18,2026-01-04,3,"quantile",0.25,112426.48183588411
"46","DE","00-04",2025-12-18,2026-01-04,3,"quantile",0.5,141934.4684983216
"47","DE","00-04",2025-12-18,2026-01-04,3,"quantile",0.75,171330.76568540037
"48","DE","00-04",2025-12-18,2026-01-04,3,"quantile",0.9,209850.9578948257
"49","DE","00-04",2025-12-18,2026-01-04,3,"quantile",0.975,218751.873232627
"50","DE","00-04",2025-12-18,2026-01-11,4,"quantile",0.025,68417.21398445903
"51","DE","00-04",2025-12-18,2026-01-11,4,"quantile",0.1,98739.09927876736
"52","DE","00-04",2025-12-18,2026-01-11,4,"quantile",0.25,121131.7046508585
"53","DE","00-04",2025-12-18,2026-01-11,4,"quantile",0.5,155844.56827529133
"54","DE","00-04",2025-12-18,2026-01-11,4,"quantile",0.75,176759.25261642487
"55","DE","00-04",2025-12-18,2026-01-11,4,"quantile",0.9,212751.20066416272
"56","DE","00-04",2025-12-18,2026-01-11,4,"quantile",0.975,228570.1700068601
"57","DE","05-14",2025-12-18,2025-12-21,1,"quantile",0.025,46277.206083620826
"58","DE","05-14",2025-12-18,2025-12-21,1,"quantile",0.1,76858.31225544676
"59","DE","05-14",2025-12-18,2025-12-21,1,"quantile",0.25,100519.24077648945
"60","DE","05-14",2025-12-18,2025-12-21,1,"quantile",0.5,154922.9092944925
"61","DE","05-14",2025-12-18,2025-12-21,1,"quantile",0.75,172507.2856932038
"62","DE","05-14",2025-12-18,2025-12-21,1,"quantile",0.9,185069.5784541547
"63","DE","05-14",2025-12-18,2025-12-21,1,"quantile",0.975,192981.9986681645
"64","DE","05-14",2025-12-18,2025-12-28,2,"quantile",0.025,39311.43971460154
"65","DE","05-14",2025-12-18,2025-12-28,2,"quantile",0.1,59240.11277862547
"66","DE","05-14",2025-12-18,2025-12-28,2,"quantile",0.25,76637.54369443971
"67","DE","05-14",2025-12-18,2025-12-28,2,"quantile",0.5,99362.67522201197
"68","DE","05-14",2025-12-18,2025-12-28,2,"quantile",0.75,173151.7913110806
"69","DE","05-14",2025-12-18,2025-12-28,2,"quantile",0.9,185852.32475847728
"70","DE","05-14",2025-12-18,2025-12-28,2,"quantile",0.975,195680.21037762996
"71","DE","05-14",2025-12-18,2026-01-04,3,"quantile",0.025,32800.84509823522
"72","DE","05-14",2025-12-18,2026-01-04,3,"quantile",0.1,56911.21051267212
"73","DE","05-14",2025-12-18,2026-01-04,3,"quantile",0.25,71190.06149180702
"74","DE","05-14",2025-12-18,2026-01-04,3,"quantile",0.5,102892.7489900981
"75","DE","05-14",2025-12-18,2026-01-04,3,"quantile",0.75,145801.1333587169
"76","DE","05-14",2025-12-18,2026-01-04,3,"quantile",0.9,182949.55457709287
"77","DE","05-14",2025-12-18,2026-01-04,3,"quantile",0.975,193664.7951677263
"78","DE","05-14",2025-12-18,2026-01-11,4,"quantile",0.025,39815.82484862445
"79","DE","05-14",2025-12-18,2026-01-11,4,"quantile",0.1,61321.56069488022
"80","DE","05-14",2025-12-18,2026-01-11,4,"quantile",0.25,74996.9324521161
"81","DE","05-14",2025-12-18,2026-01-11,4,"quantile",0.5,119066.91254436177
"82","DE","05-14",2025-12-18,2026-01-11,4,"quantile",0.75,152423.5694645759
"83","DE","05-14",2025-12-18,2026-01-11,4,"quantile",0.9,176376.39010892258
"84","DE","05-14",2025-12-18,2026-01-11,4,"quantile",0.975,192590.3722877085
"85","DE","15-34",2025-12-18,2025-12-21,1,"quantile",0.025,106559.32607414972
"86","DE","15-34",2025-12-18,2025-12-21,1,"quantile",0.1,199513.42807781024
"87","DE","15-34",2025-12-18,2025-12-21,1,"quantile",0.25,268844.340854044
"88","DE","15-34",2025-12-18,2025-12-21,1,"quantile",0.5,383127.8401829616
"89","DE","15-34",2025-12-18,2025-12-21,1,"quantile",0.75,421235.4481230147
"90","DE","15-34",2025-12-18,2025-12-21,1,"quantile",0.9,447341.45277340326
"91","DE","15-34",2025-12-18,2025-12-21,1,"quantile",0.975,472939.76949294127
"92","DE","15-34",2025-12-18,2025-12-28,2,"quantile",0.025,110819.43428241066
"93","DE","15-34",2025-12-18,2025-12-28,2,"quantile",0.1,174003.0911533286
"94","DE","15-34",2025-12-18,2025-12-28,2,"quantile",0.25,224202.575125121
"95","DE","15-34",2025-12-18,2025-12-28,2,"quantile",0.5,339728.98793313105
"96","DE","15-34",2025-12-18,2025-12-28,2,"quantile",0.75,439508.0188767461
"97","DE","15-34",2025-12-18,2025-12-28,2,"quantile",0.9,472240.1284646963
"98","DE","15-34",2025-12-18,2025-12-28,2,"quantile",0.975,493386.5086342503
"99","DE","15-34",2025-12-18,2026-01-04,3,"quantile",0.025,100482.74120536158
"100","DE","15-34",2025-12-18,2026-01-04,3,"quantile",0.1,156539.1162647533
"101","DE","15-34",2025-12-18,2026-01-04,3,"quantile",0.25,218239.0398343076
"102","DE","15-34",2025-12-18,2026-01-04,3,"quantile",0.5,355715.50132498005
"103","DE","15-34",2025-12-18,2026-01-04,3,"quantile",0.75,440330.5039774484
"104","DE","15-34",2025-12-18,2026-01-04,3,"quantile",0.9,478447.8925105282
"105","DE","15-34",2025-12-18,2026-01-04,3,"quantile",0.975,493824.48882899416
"106","DE","15-34",2025-12-18,2026-01-11,4,"quantile",0.025,131398.98552511854
"107","DE","15-34",2025-12-18,2026-01-11,4,"quantile",0.1,172126.97058152026
"108","DE","15-34",2025-12-18,2026-01-11,4,"quantile",0.25,223692.75193509256
"109","DE","15-34",2025-12-18,2026-01-11,4,"quantile",0.5,318283.3299813111
"110","DE","15-34",2025-12-18,2026-01-11,4,"quantile",0.75,426237.73035269306
"111","DE","15-34",2025-12-18,2026-01-11,4,"quantile",0.9,456579.5748763936
"112","DE","15-34",2025-12-18,2026-01-11,4,"quantile",0.975,471576.2202427186
"113","DE","35-59",2025-12-18,2025-12-21,1,"quantile",0.025,145705.85630683874
"114","DE","35-59",2025-12-18,2025-12-21,1,"quantile",0.1,287737.8676325448
"115","DE","35-59",2025-12-18,2025-12-21,1,"quantile",0.25,385538.2061914908
"116","DE","35-59",2025-12-18,2025-12-21,1,"quantile",0.5,471054.8328411
"117","DE","35-59",2025-12-18,2025-12-21,1,"quantile",0.75,515610.0317400933
"118","DE","35-59",2025-12-18,2025-12-21,1,"quantile",0.9,549664.3283156006
"119","DE","35-59",2025-12-18,2025-12-21,1,"quantile",0.975,581781.3574827465
"120","DE","35-59",2025-12-18,2025-12-28,2,"quantile",0.025,145077.92441539187
"121","DE","35-59",2025-12-18,2025-12-28,2,"quantile",0.1,238596.88055425984
"122","DE","35-59",2025-12-18,2025-12-28,2,"quantile",0.25,320900.3420128588
"123","DE","35-59",2025-12-18,2025-12-28,2,"quantile",0.5,463938.5518755163
"124","DE","35-59",2025-12-18,2025-12-28,2,"quantile",0.75,563325.3306227954
"125","DE","35-59",2025-12-18,2025-12-28,2,"quantile",0.9,591093.2280077841
"126","DE","35-59",2025-12-18,2025-12-28,2,"quantile",0.975,621388.6375285797
"127","DE","35-59",2025-12-18,2026-01-04,3,"quantile",0.025,143573.0640173626
"128","DE","35-59",2025-12-18,2026-01-04,3,"quantile",0.1,220454.8472573519
"129","DE","35-59",2025-12-18,2026-01-04,3,"quantile",0.25,332853.8821273209
"130","DE","35-59",2025-12-18,2026-01-04,3,"quantile",0.5,483401.6946529063
"131","DE","35-59",2025-12-18,2026-01-04,3,"quantile",0.75,580381.9537738148
"132","DE","35-59",2025-12-18,2026-01-04,3,"quantile",0.9,653596.7688499235
"133","DE","35-59",2025-12-18,2026-01-04,3,"quantile",0.975,664548.0053798106
"134","DE","35-59",2025-12-18,2026-01-11,4,"quantile",0.025,170671.90123820826
"135","DE","35-59",2025-12-18,2026-01-11,4,"quantile",0.1,253596.19995659016
"136","DE","35-59",2025-12-18,2026-01-11,4,"quantile",0.25,340259.39704453264
"137","DE","35-59",2025-12-18,2026-01-11,4,"quantile",0.5,428962.4065751656
"138","DE","35-59",2025-12-18,2026-01-11,4,"quantile",0.75,576333.1214110795
"139","DE","35-59",2025-12-18,2026-01-11,4,"quantile",0.9,646419.6173074337
"140","DE","35-59",2025-12-18,2026-01-11,4,"quantile",0.975,654806.9692567263
"141","DE","60+",2025-12-18,2025-12-21,1,"quantile",0.025,67434.370989748
"142","DE","60+",2025-12-18,2025-12-21,1,"quantile",0.1,94897.31407854006
"143","DE","60+",2025-12-18,2025-12-21,1,"quantile",0.25,132807.67680511443
"144","DE","60+",2025-12-18,2025-12-21,1,"quantile",0.5,160725.5361055148
"145","DE","60+",2025-12-18,2025-12-21,1,"quantile",0.75,166935.81339862075
"146","DE","60+",2025-12-18,2025-12-21,1,"quantile",0.9,178415.99380721102
"147","DE","60+",2025-12-18,2025-12-21,1,"quantile",0.975,186192.1954624896
"148","DE","60+",2025-12-18,2025-12-28,2,"quantile",0.025,69275.42131407223
"149","DE","60+",2025-12-18,2025-12-28,2,"quantile",0.1,87522.55369023536
"150","DE","60+",2025-12-18,2025-12-28,2,"quantile",0.25,126233.42261785732
"151","DE","60+",2025-12-18,2025-12-28,2,"quantile",0.5,169508.20880863775
"152","DE","60+",2025-12-18,2025-12-28,2,"quantile",0.75,181582.04139500333
"153","DE","60+",2025-12-18,2025-12-28,2,"quantile",0.9,189782.3454118948
"154","DE","60+",2025-12-18,2025-12-28,2,"quantile",0.975,200744.879189528
"155","DE","60+",2025-12-18,2026-01-04,3,"quantile",0.025,63896.22213924187
"156","DE","60+",2025-12-18,2026-01-04,3,"quantile",0.1,93124.05516436016
"157","DE","60+",2025-12-18,2026-01-04,3,"quantile",0.25,129256.01920014892
"158","DE","60+",2025-12-18,2026-01-04,3,"quantile",0.5,177093.44162483493
"159","DE","60+",2025-12-18,2026-01-04,3,"quantile",0.75,194642.2745603012
"160","DE","60+",2025-12-18,2026-01-04,3,"quantile",0.9,206710.87591261612
"161","DE","60+",2025-12-18,2026-01-04,3,"quantile",0.975,209632.50236227567
"162","DE","60+",2025-12-18,2026-01-11,4,"quantile",0.025,73334.19091300006
"163","DE","60+",2025-12-18,2026-01-11,4,"quantile",0.1,103620.56113281452
"164","DE","60+",2025-12-18,2026-01-11,4,"quantile",0.25,135318.97100456545
"165","DE","60+",2025-12-18,2026-01-11,4,"quantile",0.5,173267.08770232552
"166","DE","60+",2025-12-18,2026-01-11,4,"quantile",0.75,200258.94809389085
"167","DE","60+",2025-12-18,2026-01-11,4,"quantile",0.9,217126.9218497015
"168","DE","60+",2025-12-18,2026-01-11,4,"quantile",0.975,221496.25565661545
"169","DE","00+",2026-01-08,2026-01-11,1,"quantile",0.025,554040.7819967112
"170","DE","00+",2026-01-08,2026-01-11,1,"quantile",0.1,718509.7963145911
"171","DE","00+",2026-01-08,2026-01-11,1,"quantile",0.25,901331.0252809474
"172","DE","00+",2026-01-08,2026-01-11,1,"quantile",0.5,1040895.1386280892
"173","DE","00+",2026-01-08,2026-01-11,1,"quantile",0.75,1201070.906634582
"174","DE","00+",2026-01-08,2026-01-11,1,"quantile",0.9,1305918.9999890076
"175","DE","00+",2026-01-08,2026-01-11,1,"quantile",0.975,1380747.2423831362
"176","DE","00+",2026-01-08,2026-01-18,2,"quantile",0.025,458403.381597723
"177","DE","00+",2026-01-08,2026-01-18,2,"quantile",0.1,698557.2136108368
"178","DE","00+",2026-01-08,2026-01-18,2,"quantile",0.25,1065816.8398837498
"179","DE","00+",2026-01-08,2026-01-18,2,"quantile",0.5,1172755.7382680117
"180","DE","00+",2026-01-08,2026-01-18,2,"quantile",0.75,1239839.718255781
"181","DE","00+",2026-01-08,2026-01-18,2,"quantile",0.9,1337558.0837686071
"182","DE","00+",2026-01-08,2026-01-18,2,"quantile",0.975,1398189.2250007973
"183","DE","00+",2026-01-08,2026-01-25,3,"quantile",0.025,569813.2002294967
"184","DE","00+",2026-01-08,2026-01-25,3,"quantile",0.1,863298.585281635
"185","DE","00+",2026-01-08,2026-01-25,3,"quantile",0.25,1188896.7442226252
"186","DE","00+",2026-01-08,2026-01-25,3,"quantile",0.5,1321905.3460279708
"187","DE","00+",2026-01-08,2026-01-25,3,"quantile",0.75,1443875.3862668942
"188","DE","00+",2026-01-08,2026-01-25,3,"quantile",0.9,1634169.048288124
"189","DE","00+",2026-01-08,2026-01-25,3,"quantile",0.975,1721494.864644083
"190","DE","00+",2026-01-08,2026-02-01,4,"quantile",0.025,535821.6726557622
"191","DE","00+",2026-01-08,2026-02-01,4,"quantile",0.1,875486.4399448173
"192","DE","00+",2026-01-08,2026-02-01,4,"quantile",0.25,1232438.0660585614
"193","DE","00+",2026-01-08,2026-02-01,4,"quantile",0.5,1506871.4606000057
"194","DE","00+",2026-01-08,2026-02-01,4,"quantile",0.75,1651583.0333656357
"195","DE","00+",2026-01-08,2026-02-01,4,"quantile",0.9,1867451.707440221
"196","DE","00+",2026-01-08,2026-02-01,4,"quantile",0.975,1976368.63084982
"197","DE","00-04",2026-01-08,2026-01-11,1,"quantile",0.025,82581.16380988149
"198","DE","00-04",2026-01-08,2026-01-11,1,"quantile",0.1,107745.32889731796
"199","DE","00-04",2026-01-08,2026-01-11,1,"quantile",0.25,124835.45448156795
"200","DE","00-04",2026-01-08,2026-01-11,1,"quantile",0.5,130223.35601414842
"201","DE","00-04",2026-01-08,2026-01-11,1,"quantile",0.75,146104.38268912394
"202","DE","00-04",2026-01-08,2026-01-11,1,"quantile",0.9,161626.8069458681
"203","DE","00-04",2026-01-08,2026-01-11,1,"quantile",0.975,183734.52827409573
"204","DE","00-04",2026-01-08,2026-01-18,2,"quantile",0.025,78624.52100280832
"205","DE","00-04",2026-01-08,2026-01-18,2,"quantile",0.1,115031.09973161136
"206","DE","00-04",2026-01-08,2026-01-18,2,"quantile",0.25,137996.51972235594
"207","DE","00-04",2026-01-08,2026-01-18,2,"quantile",0.5,164338.95367235647
"208","DE","00-04",2026-01-08,2026-01-18,2,"quantile",0.75,194440.6489535311
"209","DE","00-04",2026-01-08,2026-01-18,2,"quantile",0.9,201326.5777884812
"210","DE","00-04",2026-01-08,2026-01-18,2,"quantile",0.975,215923.13997128428
"211","DE","00-04",2026-01-08,2026-01-25,3,"quantile",0.025,83997.63742619849
"212","DE","00-04",2026-01-08,2026-01-25,3,"quantile",0.1,126723.74256355168
"213","DE","00-04",2026-01-08,2026-01-25,3,"quantile",0.25,171051.57373450662
"214","DE","00-04",2026-01-08,2026-01-25,3,"quantile",0.5,209323.173193766
"215","DE","00-04",2026-01-08,2026-01-25,3,"quantile",0.75,265046.3249768955
"216","DE","00-04",2026-01-08,2026-01-25,3,"quantile",0.9,276597.78947772225
"217","DE","00-04",2026-01-08,2026-01-25,3,"quantile",0.975,278370.1200072898
"218","DE","00-04",2026-01-08,2026-02-01,4,"quantile",0.025,84446.37792814171
"219","DE","00-04",2026-01-08,2026-02-01,4,"quantile",0.1,130923.956196535
"220","DE","00-04",2026-01-08,2026-02-01,4,"quantile",0.25,180693.06320833732
"221","DE","00-04",2026-01-08,2026-02-01,4,"quantile",0.5,236897.35534884897
"222","DE","00-04",2026-01-08,2026-02-01,4,"quantile",0.75,281311.2515582356
"223","DE","00-04",2026-01-08,2026-02-01,4,"quantile",0.9,294167.18390292174
"224","DE","00-04",2026-01-08,2026-02-01,4,"quantile",0.975,296156.64365187567
"225","DE","05-14",2026-01-08,2026-01-11,1,"quantile",0.025,56113.3979318321
"226","DE","05-14",2026-01-08,2026-01-11,1,"quantile",0.1,73174.0408302538
"227","DE","05-14",2026-01-08,2026-01-11,1,"quantile",0.25,82728.69204259818
"228","DE","05-14",2026-01-08,2026-01-11,1,"quantile",0.5,94604.54316845536
"229","DE","05-14",2026-01-08,2026-01-11,1,"quantile",0.75,108127.0948733893
"230","DE","05-14",2026-01-08,2026-01-11,1,"quantile",0.9,124028.95282957106
"231","DE","05-14",2026-01-08,2026-01-11,1,"quantile",0.975,161789.85934495085
"232","DE","05-14",2026-01-08,2026-01-18,2,"quantile",0.025,56642.1067126034
"233","DE","05-14",2026-01-08,2026-01-18,2,"quantile",0.1,103395.5605626843
"234","DE","05-14",2026-01-08,2026-01-18,2,"quantile",0.25,122689.53239949436
"235","DE","05-14",2026-01-08,2026-01-18,2,"quantile",0.5,139255.64064458123
"236","DE","05-14",2026-01-08,2026-01-18,2,"quantile",0.75,151097.69953552503
"237","DE","05-14",2026-01-08,2026-01-18,2,"quantile",0.9,162704.48941641813
"238","DE","05-14",2026-01-08,2026-01-18,2,"quantile",0.975,192867.14262826796
"239","DE","05-14",2026-01-08,2026-01-25,3,"quantile",0.025,57859.46318466541
"240","DE","05-14",2026-01-08,2026-01-25,3,"quantile",0.1,130139.9504497176
"241","DE","05-14",2026-01-08,2026-01-25,3,"quantile",0.25,162425.13348146802
"242","DE","05-14",2026-01-08,2026-01-25,3,"quantile",0.5,178508.2938769388
"243","DE","05-14",2026-01-08,2026-01-25,3,"quantile",0.75,217112.0314000259
"244","DE","05-14",2026-01-08,2026-01-25,3,"quantile",0.9,247473.75455321252
"245","DE","05-14",2026-01-08,2026-01-25,3,"quantile",0.975,252997.70608115985
"246","DE","05-14",2026-01-08,2026-02-01,4,"quantile",0.025,58036.92590411743
"247","DE","05-14",2026-01-08,2026-02-01,4,"quantile",0.1,131430.992279761
"248","DE","05-14",2026-01-08,2026-02-01,4,"quantile",0.25,178853.53607469596
"249","DE","05-14",2026-01-08,2026-02-01,4,"quantile",0.5,209592.45573956004
"250","DE","05-14",2026-01-08,2026-02-01,4,"quantile",0.75,258301.18333165123
"251","DE","05-14",2026-01-08,2026-02-01,4,"quantile",0.9,296808.4600415545
"252","DE","05-14",2026-01-08,2026-02-01,4,"quantile",0.975,329465.48418276856
"253","DE","15-34",2026-01-08,2026-01-11,1,"quantile",0.025,160008.43927845056
"254","DE","15-34",2026-01-08,2026-01-11,1,"quantile",0.1,200798.1773651688
"255","DE","15-34",2026-01-08,2026-01-11,1,"quantile",0.25,242079.08965554557
"256","DE","15-34",2026-01-08,2026-01-11,1,"quantile",0.5,288581.65719055216
"257","DE","15-34",2026-01-08,2026-01-11,1,"quantile",0.75,332588.0201533133
"258","DE","15-34",2026-01-08,2026-01-11,1,"quantile",0.9,362532.9341134017
"259","DE","15-34",2026-01-08,2026-01-11,1,"quantile",0.975,381288.6514230248
"260","DE","15-34",2026-01-08,2026-01-18,2,"quantile",0.025,133881.70864389493
"261","DE","15-34",2026-01-08,2026-01-18,2,"quantile",0.1,203569.945304831
"262","DE","15-34",2026-01-08,2026-01-18,2,"quantile",0.25,276081.10366935085
"263","DE","15-34",2026-01-08,2026-01-18,2,"quantile",0.5,306641.8927025506
"264","DE","15-34",2026-01-08,2026-01-18,2,"quantile",0.75,345230.3225282254
"265","DE","15-34",2026-01-08,2026-01-18,2,"quantile",0.9,366912.9795448462
"266","DE","15-34",2026-01-08,2026-01-18,2,"quantile",0.975,389783.74020495
"267","DE","15-34",2026-01-08,2026-01-25,3,"quantile",0.025,161828.80989164766
"268","DE","15-34",2026-01-08,2026-01-25,3,"quantile",0.1,248908.3418305317
"269","DE","15-34",2026-01-08,2026-01-25,3,"quantile",0.25,297274.77077765384
"270","DE","15-34",2026-01-08,2026-01-25,3,"quantile",0.5,342476.5355684119
"271","DE","15-34",2026-01-08,2026-01-25,3,"quantile",0.75,378772.6397829786
"272","DE","15-34",2026-01-08,2026-01-25,3,"quantile",0.9,417478.0079784423
"273","DE","15-34",2026-01-08,2026-01-25,3,"quantile",0.975,456747.0416094152
"274","DE","15-34",2026-01-08,2026-02-01,4,"quantile",0.025,152069.30375504546
"275","DE","15-34",2026-01-08,2026-02-01,4,"quantile",0.1,247401.91041880165
"276","DE","15-34",2026-01-08,2026-02-01,4,"quantile",0.25,321640.850961304
"277","DE","15-34",2026-01-08,2026-02-01,4,"quantile",0.5,391609.7648515596
"278","DE","15-34",2026-01-08,2026-02-01,4,"quantile",0.75,420894.5685474658
"279","DE","15-34",2026-01-08,2026-02-01,4,"quantile",0.9,465977.7212975559
"280","DE","15-34",2026-01-08,2026-02-01,4,"quantile",0.975,504855.6031497841
"281","DE","35-59",2026-01-08,2026-01-11,1,"quantile",0.025,171047.97734966164
"282","DE","35-59",2026-01-08,2026-01-11,1,"quantile",0.1,226337.1036938241
"283","DE","35-59",2026-01-08,2026-01-11,1,"quantile",0.25,288591.5665983533
"284","DE","35-59",2026-01-08,2026-01-11,1,"quantile",0.5,359247.04991176806
"285","DE","35-59",2026-01-08,2026-01-11,1,"quantile",0.75,429793.2318875237
"286","DE","35-59",2026-01-08,2026-01-11,1,"quantile",0.9,462857.6321556857
"287","DE","35-59",2026-01-08,2026-01-11,1,"quantile",0.975,476889.4394503952
"288","DE","35-59",2026-01-08,2026-01-18,2,"quantile",0.025,154809.6051770662
"289","DE","35-59",2026-01-08,2026-01-18,2,"quantile",0.1,229348.75420737904
"290","DE","35-59",2026-01-08,2026-01-18,2,"quantile",0.25,325858.8152940048
"291","DE","35-59",2026-01-08,2026-01-18,2,"quantile",0.5,389684.3764901332
"292","DE","35-59",2026-01-08,2026-01-18,2,"quantile",0.75,417541.7253907794
"293","DE","35-59",2026-01-08,2026-01-18,2,"quantile",0.9,446625.2804069903
"294","DE","35-59",2026-01-08,2026-01-18,2,"quantile",0.975,453366.4902998234
"295","DE","35-59",2026-01-08,2026-01-25,3,"quantile",0.025,170468.82871367718
"296","DE","35-59",2026-01-08,2026-01-25,3,"quantile",0.1,265533.8520637303
"297","DE","35-59",2026-01-08,2026-01-25,3,"quantile",0.25,373979.61213798646
"298","DE","35-59",2026-01-08,2026-01-25,3,"quantile",0.5,434643.0345241693
"299","DE","35-59",2026-01-08,2026-01-25,3,"quantile",0.75,468192.84949560696
"300","DE","35-59",2026-01-08,2026-01-25,3,"quantile",0.9,538878.912571952
"301","DE","35-59",2026-01-08,2026-01-25,3,"quantile",0.975,566874.4038531412
"302","DE","35-59",2026-01-08,2026-02-01,4,"quantile",0.025,166795.3457664091
"303","DE","35-59",2026-01-08,2026-02-01,4,"quantile",0.1,250907.52612720773
"304","DE","35-59",2026-01-08,2026-02-01,4,"quantile",0.25,390200.6587642671
"305","DE","35-59",2026-01-08,2026-02-01,4,"quantile",0.5,506667.0400854402
"306","DE","35-59",2026-01-08,2026-02-01,4,"quantile",0.75,535720.8123954663
"307","DE","35-59",2026-01-08,2026-02-01,4,"quantile",0.9,626459.7734190596
"308","DE","35-59",2026-01-08,2026-02-01,4,"quantile",0.975,678471.7980824548
"309","DE","60+",2026-01-08,2026-01-11,1,"quantile",0.025,60581.30492159141
"310","DE","60+",2026-01-08,2026-01-11,1,"quantile",0.1,82409.36617466788
"311","DE","60+",2026-01-08,2026-01-11,1,"quantile",0.25,112571.92421302144
"312","DE","60+",2026-01-08,2026-01-11,1,"quantile",0.5,156887.3760634718
"313","DE","60+",2026-01-08,2026-01-11,1,"quantile",0.75,185375.74450609583
"314","DE","60+",2026-01-08,2026-01-11,1,"quantile",0.9,226007.66848724228
"315","DE","60+",2026-01-08,2026-01-11,1,"quantile",0.975,227906.1024098058
"316","DE","60+",2026-01-08,2026-01-18,2,"quantile",0.025,56147.010105864574
"317","DE","60+",2026-01-08,2026-01-18,2,"quantile",0.1,76585.50816068186
"318","DE","60+",2026-01-08,2026-01-18,2,"quantile",0.25,108484.03787051918
"319","DE","60+",2026-01-08,2026-01-18,2,"quantile",0.5,139835.21940937004
"320","DE","60+",2026-01-08,2026-01-18,2,"quantile",0.75,162368.02143085675
"321","DE","60+",2026-01-08,2026-01-18,2,"quantile",0.9,175392.83722080075
"322","DE","60+",2026-01-08,2026-01-18,2,"quantile",0.975,179099.5698967063
"323","DE","60+",2026-01-08,2026-01-25,3,"quantile",0.025,62370.37501380617
"324","DE","60+",2026-01-08,2026-01-25,3,"quantile",0.1,97651.14734910049
"325","DE","60+",2026-01-08,2026-01-25,3,"quantile",0.25,113637.73585283388
"326","DE","60+",2026-01-08,2026-01-25,3,"quantile",0.5,133594.68975268232
"327","DE","60+",2026-01-08,2026-01-25,3,"quantile",0.75,163305.57284104804
"328","DE","60+",2026-01-08,2026-01-25,3,"quantile",0.9,179768.2540995754
"329","DE","60+",2026-01-08,2026-01-25,3,"quantile",0.975,181514.7615908003
"330","DE","60+",2026-01-08,2026-02-01,4,"quantile",0.025,67118.13492634396
"331","DE","60+",2026-01-08,2026-02-01,4,"quantile",0.1,83965.52181220576
"332","DE","60+",2026-01-08,2026-02-01,4,"quantile",0.25,121435.46030461244
"333","DE","60+",2026-01-08,2026-02-01,4,"quantile",0.5,154306.40864343318
"334","DE","60+",2026-01-08,2026-02-01,4,"quantile",0.75,176538.7465446181
"335","DE","60+",2026-01-08,2026-02-01,4,"quantile",0.9,206008.6118054161
"336","DE","60+",2026-01-08,2026-02-01,4,"quantile",0.975,208368.6510138172
"337","DE","00+",2026-01-15,2026-01-18,1,"quantile",0.025,692466.7829509539
"338","DE","00+",2026-01-15,2026-01-18,1,"quantile",0.1,1204486.504407033
"339","DE","00+",2026-01-15,2026-01-18,1,"quantile",0.25,1366204.2140540162
"340","DE","00+",2026-01-15,2026-01-18,1,"quantile",0.5,1406915.2050074458
"341","DE","00+",2026-01-15,2026-01-18,1,"quantile",0.75,1473116.0915598297
"342","DE","00+",2026-01-15,2026-01-18,1,"quantile",0.9,1577675.4347571938
"343","DE","00+",2026-01-15,2026-01-18,1,"quantile",0.975,1673784.7121954295
"344","DE","00+",2026-01-15,2026-01-25,2,"quantile",0.025,685609.0474905594
"345","DE","00+",2026-01-15,2026-01-25,2,"quantile",0.1,1124204.3626689478
"346","DE","00+",2026-01-15,2026-01-25,2,"quantile",0.25,1425914.040249054
"347","DE","00+",2026-01-15,2026-01-25,2,"quantile",0.5,1497383.353276486
"348","DE","00+",2026-01-15,2026-01-25,2,"quantile",0.75,1694007.970940211
"349","DE","00+",2026-01-15,2026-01-25,2,"quantile",0.9,1802758.298559542
"350","DE","00+",2026-01-15,2026-01-25,2,"quantile",0.975,1832783.0444807569
"351","DE","00+",2026-01-15,2026-02-01,3,"quantile",0.025,606157.0328034839
"352","DE","00+",2026-01-15,2026-02-01,3,"quantile",0.1,1044865.408669536
"353","DE","00+",2026-01-15,2026-02-01,3,"quantile",0.25,1524568.682428571
"354","DE","00+",2026-01-15,2026-02-01,3,"quantile",0.5,1691032.6531736106
"355","DE","00+",2026-01-15,2026-02-01,3,"quantile",0.75,1840428.794192934
"356","DE","00+",2026-01-15,2026-02-01,3,"quantile",0.9,2061233.5879835407
"357","DE","00+",2026-01-15,2026-02-01,3,"quantile",0.975,2125276.3202434927
"358","DE","00+",2026-01-15,2026-02-08,4,"quantile",0.025,577504.9552316036
"359","DE","00+",2026-01-15,2026-02-08,4,"quantile",0.1,1040467.5960622884
"360","DE","00+",2026-01-15,2026-02-08,4,"quantile",0.25,1554223.2387938346
"361","DE","00+",2026-01-15,2026-02-08,4,"quantile",0.5,1727255.5580607287
"362","DE","00+",2026-01-15,2026-02-08,4,"quantile",0.75,1842385.8569337677
"363","DE","00+",2026-01-15,2026-02-08,4,"quantile",0.9,1966715.529475954
"364","DE","00+",2026-01-15,2026-02-08,4,"quantile",0.975,1986412.338290588
"365","DE","00-04",2026-01-15,2026-01-18,1,"quantile",0.025,104418.19343811103
"366","DE","00-04",2026-01-15,2026-01-18,1,"quantile",0.1,139307.26002549994
"367","DE","00-04",2026-01-15,2026-01-18,1,"quantile",0.25,152263.45394067527
"368","DE","00-04",2026-01-15,2026-01-18,1,"quantile",0.5,158869.38353317633
"369","DE","00-04",2026-01-15,2026-01-18,1,"quantile",0.75,172287.97935847897
"370","DE","00-04",2026-01-15,2026-01-18,1,"quantile",0.9,180010.95991820708
"371","DE","00-04",2026-01-15,2026-01-18,1,"quantile",0.975,187440.45405571625
"372","DE","00-04",2026-01-15,2026-01-25,2,"quantile",0.025,100278.54181944732
"373","DE","00-04",2026-01-15,2026-01-25,2,"quantile",0.1,144255.9459932597
"374","DE","00-04",2026-01-15,2026-01-25,2,"quantile",0.25,169973.72563681906
"375","DE","00-04",2026-01-15,2026-01-25,2,"quantile",0.5,199479.7831619108
"376","DE","00-04",2026-01-15,2026-01-25,2,"quantile",0.75,239816.05289249672
"377","DE","00-04",2026-01-15,2026-01-25,2,"quantile",0.9,246226.25269904535
"378","DE","00-04",2026-01-15,2026-01-25,2,"quantile",0.975,250388.3053423095
"379","DE","00-04",2026-01-15,2026-02-01,3,"quantile",0.025,88338.43487254917
"380","DE","00-04",2026-01-15,2026-02-01,3,"quantile",0.1,135285.88208928538
"381","DE","00-04",2026-01-15,2026-02-01,3,"quantile",0.25,187385.39569355745
"382","DE","00-04",2026-01-15,2026-02-01,3,"quantile",0.5,234852.7364299688
"383","DE","00-04",2026-01-15,2026-02-01,3,"quantile",0.75,278093.9581670787
"384","DE","00-04",2026-01-15,2026-02-01,3,"quantile",0.9,289368.78916345874
"385","DE","00-04",2026-01-15,2026-02-01,3,"quantile",0.975,294362.7819210506
"386","DE","00-04",2026-01-15,2026-02-08,4,"quantile",0.025,82791.66608189148
"387","DE","00-04",2026-01-15,2026-02-08,4,"quantile",0.1,132741.45062562474
"388","DE","00-04",2026-01-15,2026-02-08,4,"quantile",0.25,191050.690732858
"389","DE","00-04",2026-01-15,2026-02-08,4,"quantile",0.5,231261.40706312904
"390","DE","00-04",2026-01-15,2026-02-08,4,"quantile",0.75,277991.2221132493
"391","DE","00-04",2026-01-15,2026-02-08,4,"quantile",0.9,287579.8807789824
"392","DE","00-04",2026-01-15,2026-02-08,4,"quantile",0.975,289401.7334066313
"393","DE","05-14",2026-01-15,2026-01-18,1,"quantile",0.025,77588.31996768857
"394","DE","05-14",2026-01-15,2026-01-18,1,"quantile",0.1,115178.28816056892
"395","DE","05-14",2026-01-15,2026-01-18,1,"quantile",0.25,128384.13997040216
"396","DE","05-14",2026-01-15,2026-01-18,1,"quantile",0.5,136069.65306353327
"397","DE","05-14",2026-01-15,2026-01-18,1,"quantile",0.75,146347.22375560668
"398","DE","05-14",2026-01-15,2026-01-18,1,"quantile",0.9,156902.01173669254
"399","DE","05-14",2026-01-15,2026-01-18,1,"quantile",0.975,170386.21191096818
"400","DE","05-14",2026-01-15,2026-01-25,2,"quantile",0.025,67849.65052985647
"401","DE","05-14",2026-01-15,2026-01-25,2,"quantile",0.1,132377.72249524598
"402","DE","05-14",2026-01-15,2026-01-25,2,"quantile",0.25,164824.36394989226
"403","DE","05-14",2026-01-15,2026-01-25,2,"quantile",0.5,180525.1875067284
"404","DE","05-14",2026-01-15,2026-01-25,2,"quantile",0.75,213653.95695207335
"405","DE","05-14",2026-01-15,2026-01-25,2,"quantile",0.9,239045.17293829043
"406","DE","05-14",2026-01-15,2026-01-25,2,"quantile",0.975,249265.0721001184
"407","DE","05-14",2026-01-15,2026-02-01,3,"quantile",0.025,63117.88068388511
"408","DE","05-14",2026-01-15,2026-02-01,3,"quantile",0.1,138600.14793896882
"409","DE","05-14",2026-01-15,2026-02-01,3,"quantile",0.25,190487.7703073868
"410","DE","05-14",2026-01-15,2026-02-01,3,"quantile",0.5,217806.5976211018
"411","DE","05-14",2026-01-15,2026-02-01,3,"quantile",0.75,266416.7710994424
"412","DE","05-14",2026-01-15,2026-02-01,3,"quantile",0.9,322221.459444944
"413","DE","05-14",2026-01-15,2026-02-01,3,"quantile",0.975,358926.6614331092
"414","DE","05-14",2026-01-15,2026-02-08,4,"quantile",0.025,59348.34090001024
"415","DE","05-14",2026-01-15,2026-02-08,4,"quantile",0.1,128189.3479089451
"416","DE","05-14",2026-01-15,2026-02-08,4,"quantile",0.25,191078.83972239096
"417","DE","05-14",2026-01-15,2026-02-08,4,"quantile",0.5,229747.2934292941
"418","DE","05-14",2026-01-15,2026-02-08,4,"quantile",0.75,273031.2777092966
"419","DE","05-14",2026-01-15,2026-02-08,4,"quantile",0.9,312594.87362229533
"420","DE","05-14",2026-01-15,2026-02-08,4,"quantile",0.975,329474.89046557323
"421","DE","15-34",2026-01-15,2026-01-18,1,"quantile",0.025,201688.9594163272
"422","DE","15-34",2026-01-15,2026-01-18,1,"quantile",0.1,336102.0488760259
"423","DE","15-34",2026-01-15,2026-01-18,1,"quantile",0.25,394862.0406603608
"424","DE","15-34",2026-01-15,2026-01-18,1,"quantile",0.5,419697.6347657402
"425","DE","15-34",2026-01-15,2026-01-18,1,"quantile",0.75,439517.8601921111
"426","DE","15-34",2026-01-15,2026-01-18,1,"quantile",0.9,462465.2646521857
"427","DE","15-34",2026-01-15,2026-01-18,1,"quantile",0.975,487287.04800996167
"428","DE","15-34",2026-01-15,2026-01-25,2,"quantile",0.025,198147.8164404366
"429","DE","15-34",2026-01-15,2026-01-25,2,"quantile",0.1,329800.1298645593
"430","DE","15-34",2026-01-15,2026-01-25,2,"quantile",0.25,386675.7405655024
"431","DE","15-34",2026-01-15,2026-01-25,2,"quantile",0.5,417809.73738801
"432","DE","15-34",2026-01-15,2026-01-25,2,"quantile",0.75,466709.0656384237
"433","DE","15-34",2026-01-15,2026-01-25,2,"quantile",0.9,481308.2620839233
"434","DE","15-34",2026-01-15,2026-01-25,2,"quantile",0.975,492937.3970710242
"435","DE","15-34",2026-01-15,2026-02-01,3,"quantile",0.025,164016.8777547605
"436","DE","15-34",2026-01-15,2026-02-01,3,"quantile",0.1,299926.7660476421
"437","DE","15-34",2026-01-15,2026-02-01,3,"quantile",0.25,396966.8566056083
"438","DE","15-34",2026-01-15,2026-02-01,3,"quantile",0.5,444777.1076377333
"439","DE","15-34",2026-01-15,2026-02-01,3,"quantile",0.75,475987.2410069136
"440","DE","15-34",2026-01-15,2026-02-01,3,"quantile",0.9,512954.3237008801
"441","DE","15-34",2026-01-15,2026-02-01,3,"quantile",0.975,528900.6196126944
"442","DE","15-34",2026-01-15,2026-02-08,4,"quantile",0.025,169370.68754255632
"443","DE","15-34",2026-01-15,2026-02-08,4,"quantile",0.1,304575.2747785588
"444","DE","15-34",2026-01-15,2026-02-08,4,"quantile",0.25,411676.1300583298
"445","DE","15-34",2026-01-15,2026-02-08,4,"quantile",0.5,458666.1121806892
"446","DE","15-34",2026-01-15,2026-02-08,4,"quantile",0.75,482687.0311647519
"447","DE","15-34",2026-01-15,2026-02-08,4,"quantile",0.9,510559.48953838286
"448","DE","15-34",2026-01-15,2026-02-08,4,"quantile",0.975,524265.7496104112
"449","DE","35-59",2026-01-15,2026-01-18,1,"quantile",0.025,220471.3005951413
"450","DE","35-59",2026-01-15,2026-01-18,1,"quantile",0.1,398788.8229224482
"451","DE","35-59",2026-01-15,2026-01-18,1,"quantile",0.25,493183.3972584989
"452","DE","35-59",2026-01-15,2026-01-18,1,"quantile",0.5,524699.5223755256
"453","DE","35-59",2026-01-15,2026-01-18,1,"quantile",0.75,552787.5004268703
"454","DE","35-59",2026-01-15,2026-01-18,1,"quantile",0.9,592939.5217961764
"455","DE","35-59",2026-01-15,2026-01-18,1,"quantile",0.975,637168.6217234243
"456","DE","35-59",2026-01-15,2026-01-25,2,"quantile",0.025,205283.9071415539
"457","DE","35-59",2026-01-15,2026-01-25,2,"quantile",0.1,381905.33719011024
"458","DE","35-59",2026-01-15,2026-01-25,2,"quantile",0.25,485512.1369308999
"459","DE","35-59",2026-01-15,2026-01-25,2,"quantile",0.5,536184.0402193962
"460","DE","35-59",2026-01-15,2026-01-25,2,"quantile",0.75,614880.0661431834
"461","DE","35-59",2026-01-15,2026-01-25,2,"quantile",0.9,643552.1103642979
"462","DE","35-59",2026-01-15,2026-01-25,2,"quantile",0.975,665086.8241776836
"463","DE","35-59",2026-01-15,2026-02-01,3,"quantile",0.025,191853.6216571012
"464","DE","35-59",2026-01-15,2026-02-01,3,"quantile",0.1,347094.62879820383
"465","DE","35-59",2026-01-15,2026-02-01,3,"quantile",0.25,519555.4385821209
"466","DE","35-59",2026-01-15,2026-02-01,3,"quantile",0.5,588469.4228313355
"467","DE","35-59",2026-01-15,2026-02-01,3,"quantile",0.75,642757.7511964409
"468","DE","35-59",2026-01-15,2026-02-01,3,"quantile",0.9,719612.9872529097
"469","DE","35-59",2026-01-15,2026-02-01,3,"quantile",0.975,727832.0998068431
"470","DE","35-59",2026-01-15,2026-02-08,4,"quantile",0.025,181301.53130645576
"471","DE","35-59",2026-01-15,2026-02-08,4,"quantile",0.1,348122.7279300775
"472","DE","35-59",2026-01-15,2026-02-08,4,"quantile",0.25,525024.9348682772
"473","DE","35-59",2026-01-15,2026-02-08,4,"quantile",0.5,612466.5361020436
"474","DE","35-59",2026-01-15,2026-02-08,4,"quantile",0.75,655780.870477522
"475","DE","35-59",2026-01-15,2026-02-08,4,"quantile",0.9,683553.2240137507
"476","DE","35-59",2026-01-15,2026-02-08,4,"quantile",0.975,691742.3205322324
"477","DE","60+",2026-01-15,2026-01-18,1,"quantile",0.025,83229.61990976479
"478","DE","60+",2026-01-15,2026-01-18,1,"quantile",0.1,131373.56194426306
"479","DE","60+",2026-01-15,2026-01-18,1,"quantile",0.25,160253.42294809312
"480","DE","60+",2026-01-15,2026-01-18,1,"quantile",0.5,185355.61849760005
"481","DE","60+",2026-01-15,2026-01-18,1,"quantile",0.75,200216.983587778
"482","DE","60+",2026-01-15,2026-01-18,1,"quantile",0.9,218171.45189930077
"483","DE","60+",2026-01-15,2026-01-18,1,"quantile",0.975,230953.1989916103
"484","DE","60+",2026-01-15,2026-01-25,2,"quantile",0.025,82054.57942194455
"485","DE","60+",2026-01-15,2026-01-25,2,"quantile",0.1,121317.05804735824
"486","DE","60+",2026-01-15,2026-01-25,2,"quantile",0.25,155349.0739409576
"487","DE","60+",2026-01-15,2026-01-25,2,"quantile",0.5,173886.30355268402
"488","DE","60+",2026-01-15,2026-01-25,2,"quantile",0.75,189630.52445355657
"489","DE","60+",2026-01-15,2026-01-25,2,"quantile",0.9,192731.143189853
"490","DE","60+",2026-01-15,2026-01-25,2,"quantile",0.975,200521.7882398997
"491","DE","60+",2026-01-15,2026-02-01,3,"quantile",0.025,68683.33750927934
"492","DE","60+",2026-01-15,2026-02-01,3,"quantile",0.1,115660.7281139766
"493","DE","60+",2026-01-15,2026-02-01,3,"quantile",0.25,149027.1302430064
"494","DE","60+",2026-01-15,2026-02-01,3,"quantile",0.5,178666.35586007035
"495","DE","60+",2026-01-15,2026-02-01,3,"quantile",0.75,208608.5544780671
"496","DE","60+",2026-01-15,2026-02-01,3,"quantile",0.9,213678.42961664847
"497","DE","60+",2026-01-15,2026-02-01,3,"quantile",0.975,216323.9765002401
"498","DE","60+",2026-01-15,2026-02-08,4,"quantile",0.025,72969.19842393664
"499","DE","60+",2026-01-15,2026-02-08,4,"quantile",0.1,102403.64475778551
"500","DE","60+",2026-01-15,2026-02-08,4,"quantile",0.25,158498.0284541181
"501","DE","60+",2026-01-15,2026-02-08,4,"quantile",0.5,184246.32213058128
"502","DE","60+",2026-01-15,2026-02-08,4,"quantile",0.75,187978.6129908613
"503","DE","60+",2026-01-15,2026-02-08,4,"quantile",0.9,200620.83277129824
"504","DE","60+",2026-01-15,2026-02-08,4,"quantile",0.975,224858.28749109284
"505","DE","00+",2026-01-22,2026-01-25,1,"quantile",0.025,758492.4029427203
"506","DE","00+",2026-01-22,2026-01-25,1,"quantile",0.1,1154955.237755578
"507","DE","00+",2026-01-22,2026-01-25,1,"quantile",0.25,1327876.2407033106
"508","DE","00+",2026-01-22,2026-01-25,1,"quantile",0.5,1369684.384987314
"509","DE","00+",2026-01-22,2026-01-25,1,"quantile",0.75,1438677.293918381
"510","DE","00+",2026-01-22,2026-01-25,1,"quantile",0.9,1566687.291126519
"511","DE","00+",2026-01-22,2026-01-25,1,"quantile",0.975,1612342.177688117
"512","DE","00+",2026-01-22,2026-02-01,2,"quantile",0.025,784727.0964385389
"513","DE","00+",2026-01-22,2026-02-01,2,"quantile",0.1,1221192.2283135809
"514","DE","00+",2026-01-22,2026-02-01,2,"quantile",0.25,1535354.063352722
"515","DE","00+",2026-01-22,2026-02-01,2,"quantile",0.5,1625222.8619885272
"516","DE","00+",2026-01-22,2026-02-01,2,"quantile",0.75,1679291.8721969142
"517","DE","00+",2026-01-22,2026-02-01,2,"quantile",0.9,1783817.0927062233
"518","DE","00+",2026-01-22,2026-02-01,2,"quantile",0.975,1898465.1688309168
"519","DE","00+",2026-01-22,2026-02-08,3,"quantile",0.025,652608.519394931
"520","DE","00+",2026-01-22,2026-02-08,3,"quantile",0.1,1089743.979606971
"521","DE","00+",2026-01-22,2026-02-08,3,"quantile",0.25,1593183.3764745723
"522","DE","00+",2026-01-22,2026-02-08,3,"quantile",0.5,1719057.0396735133
"523","DE","00+",2026-01-22,2026-02-08,3,"quantile",0.75,1772301.327003038
"524","DE","00+",2026-01-22,2026-02-08,3,"quantile",0.9,1811165.5309120747
"525","DE","00+",2026-01-22,2026-02-08,3,"quantile",0.975,1939421.126628884
"526","DE","00+",2026-01-22,2026-02-15,4,"quantile",0.025,668768.3979646972
"527","DE","00+",2026-01-22,2026-02-15,4,"quantile",0.1,1120318.288058514
"528","DE","00+",2026-01-22,2026-02-15,4,"quantile",0.25,1562909.513032175
"529","DE","00+",2026-01-22,2026-02-15,4,"quantile",0.5,1693553.194990816
"530","DE","00+",2026-01-22,2026-02-15,4,"quantile",0.75,1910405.5813515417
"531","DE","00+",2026-01-22,2026-02-15,4,"quantile",0.9,2013956.6814402505
"532","DE","00+",2026-01-22,2026-02-15,4,"quantile",0.975,2077442.956268764
"533","DE","00-04",2026-01-22,2026-01-25,1,"quantile",0.025,118116.6019467189
"534","DE","00-04",2026-01-22,2026-01-25,1,"quantile",0.1,156285.9584269504
"535","DE","00-04",2026-01-22,2026-01-25,1,"quantile",0.25,172710.41355630828
"536","DE","00-04",2026-01-22,2026-01-25,1,"quantile",0.5,196094.56859843983
"537","DE","00-04",2026-01-22,2026-01-25,1,"quantile",0.75,210417.2368290269
"538","DE","00-04",2026-01-22,2026-01-25,1,"quantile",0.9,226565.892719395
"539","DE","00-04",2026-01-22,2026-01-25,1,"quantile",0.975,232914.84690247063
"540","DE","00-04",2026-01-22,2026-02-01,2,"quantile",0.025,109795.02110293538
"541","DE","00-04",2026-01-22,2026-02-01,2,"quantile",0.1,162007.62848776623
"542","DE","00-04",2026-01-22,2026-02-01,2,"quantile",0.25,182285.33203569287
"543","DE","00-04",2026-01-22,2026-02-01,2,"quantile",0.5,227743.99293779075
"544","DE","00-04",2026-01-22,2026-02-01,2,"quantile",0.75,263083.8897582084
"545","DE","00-04",2026-01-22,2026-02-01,2,"quantile",0.9,275461.8303971315
"546","DE","00-04",2026-01-22,2026-02-01,2,"quantile",0.975,278769.07428622333
"547","DE","00-04",2026-01-22,2026-02-08,3,"quantile",0.025,100209.88433339928
"548","DE","00-04",2026-01-22,2026-02-08,3,"quantile",0.1,149235.68223596274
"549","DE","00-04",2026-01-22,2026-02-08,3,"quantile",0.25,202189.3632412197
"550","DE","00-04",2026-01-22,2026-02-08,3,"quantile",0.5,248956.2905263517
"551","DE","00-04",2026-01-22,2026-02-08,3,"quantile",0.75,264835.9913714662
"552","DE","00-04",2026-01-22,2026-02-08,3,"quantile",0.9,282360.9549150703
"553","DE","00-04",2026-01-22,2026-02-08,3,"quantile",0.975,286189.8373268744
"554","DE","00-04",2026-01-22,2026-02-15,4,"quantile",0.025,101559.94181877148
"555","DE","00-04",2026-01-22,2026-02-15,4,"quantile",0.1,155768.91009402
"556","DE","00-04",2026-01-22,2026-02-15,4,"quantile",0.25,202566.0503736153
"557","DE","00-04",2026-01-22,2026-02-15,4,"quantile",0.5,257030.61950498295
"558","DE","00-04",2026-01-22,2026-02-15,4,"quantile",0.75,271066.1678934135
"559","DE","00-04",2026-01-22,2026-02-15,4,"quantile",0.9,272608.4890135977
"560","DE","00-04",2026-01-22,2026-02-15,4,"quantile",0.975,273877.18418195785
"561","DE","05-14",2026-01-22,2026-01-25,1,"quantile",0.025,82818.6318475019
"562","DE","05-14",2026-01-22,2026-01-25,1,"quantile",0.1,134621.56173161953
"563","DE","05-14",2026-01-22,2026-01-25,1,"quantile",0.25,164652.24485591386
"564","DE","05-14",2026-01-22,2026-01-25,1,"quantile",0.5,176843.27523355352
"565","DE","05-14",2026-01-22,2026-01-25,1,"quantile",0.75,184302.3941013866
"566","DE","05-14",2026-01-22,2026-01-25,1,"quantile",0.9,208420.94682799245
"567","DE","05-14",2026-01-22,2026-01-25,1,"quantile",0.975,218688.96961737695
"568","DE","05-14",2026-01-22,2026-02-01,2,"quantile",0.025,78077.33831650062
"569","DE","05-14",2026-01-22,2026-02-01,2,"quantile",0.1,153829.34646529547
"570","DE","05-14",2026-01-22,2026-02-01,2,"quantile",0.25,187437.08462703665
"571","DE","05-14",2026-01-22,2026-02-01,2,"quantile",0.5,221089.4865950268
"572","DE","05-14",2026-01-22,2026-02-01,2,"quantile",0.75,247341.976627234
"573","DE","05-14",2026-01-22,2026-02-01,2,"quantile",0.9,287096.95449553774
"574","DE","05-14",2026-01-22,2026-02-01,2,"quantile",0.975,309101.967130764
"575","DE","05-14",2026-01-22,2026-02-08,3,"quantile",0.025,73085.45345989119
"576","DE","05-14",2026-01-22,2026-02-08,3,"quantile",0.1,144123.46877831113
"577","DE","05-14",2026-01-22,2026-02-08,3,"quantile",0.25,203313.3221950924
"578","DE","05-14",2026-01-22,2026-02-08,3,"quantile",0.5,235505.45276229412
"579","DE","05-14",2026-01-22,2026-02-08,3,"quantile",0.75,271281.56210526
"580","DE","05-14",2026-01-22,2026-02-08,3,"quantile",0.9,296643.57578585314
"581","DE","05-14",2026-01-22,2026-02-08,3,"quantile",0.975,300819.6336647385
"582","DE","05-14",2026-01-22,2026-02-15,4,"quantile",0.025,76480.35174949716
"583","DE","05-14",2026-01-22,2026-02-15,4,"quantile",0.1,139448.29861279274
"584","DE","05-14",2026-01-22,2026-02-15,4,"quantile",0.25,197870.09675893275
"585","DE","05-14",2026-01-22,2026-02-15,4,"quantile",0.5,226130.12744132295
"586","DE","05-14",2026-01-22,2026-02-15,4,"quantile",0.75,269782.4771629473
"587","DE","05-14",2026-01-22,2026-02-15,4,"quantile",0.9,294949.7757275428
"588","DE","05-14",2026-01-22,2026-02-15,4,"quantile",0.975,307924.1376906639
"589","DE","15-34",2026-01-22,2026-01-25,1,"quantile",0.025,211156.8840459451
"590","DE","15-34",2026-01-22,2026-01-25,1,"quantile",0.1,315360.4467814831
"591","DE","15-34",2026-01-22,2026-01-25,1,"quantile",0.25,352877.8040138928
"592","DE","15-34",2026-01-22,2026-01-25,1,"quantile",0.5,376415.14798020094
"593","DE","15-34",2026-01-22,2026-01-25,1,"quantile",0.75,400952.0984108569
"594","DE","15-34",2026-01-22,2026-01-25,1,"quantile",0.9,434975.5453903092
"595","DE","15-34",2026-01-22,2026-01-25,1,"quantile",0.975,445955.7413280966
"596","DE","15-34",2026-01-22,2026-02-01,2,"quantile",0.025,214239.4990829108
"597","DE","15-34",2026-01-22,2026-02-01,2,"quantile",0.1,345001.1894924473
"598","DE","15-34",2026-01-22,2026-02-01,2,"quantile",0.25,414877.3318206334
"599","DE","15-34",2026-01-22,2026-02-01,2,"quantile",0.5,437263.5604329202
"600","DE","15-34",2026-01-22,2026-02-01,2,"quantile",0.75,459839.8278514288
"601","DE","15-34",2026-01-22,2026-02-01,2,"quantile",0.9,480105.1971174848
"602","DE","15-34",2026-01-22,2026-02-01,2,"quantile",0.975,497854.4746190824
"603","DE","15-34",2026-01-22,2026-02-08,3,"quantile",0.025,187358.62551538445
"604","DE","15-34",2026-01-22,2026-02-08,3,"quantile",0.1,320769.1696352891
"605","DE","15-34",2026-01-22,2026-02-08,3,"quantile",0.25,426808.93151636265
"606","DE","15-34",2026-01-22,2026-02-08,3,"quantile",0.5,461012.3222860944
"607","DE","15-34",2026-01-22,2026-02-08,3,"quantile",0.75,476296.68589632586
"608","DE","15-34",2026-01-22,2026-02-08,3,"quantile",0.9,486823.6325303494
"609","DE","15-34",2026-01-22,2026-02-08,3,"quantile",0.975,512544.2084012624
"610","DE","15-34",2026-01-22,2026-02-15,4,"quantile",0.025,186237.8337842168
"611","DE","15-34",2026-01-22,2026-02-15,4,"quantile",0.1,315451.45904560026
"612","DE","15-34",2026-01-22,2026-02-15,4,"quantile",0.25,419512.7794902896
"613","DE","15-34",2026-01-22,2026-02-15,4,"quantile",0.5,449500.3353582757
"614","DE","15-34",2026-01-22,2026-02-15,4,"quantile",0.75,514251.0073690309
"615","DE","15-34",2026-01-22,2026-02-15,4,"quantile",0.9,542869.5126347272
"616","DE","15-34",2026-01-22,2026-02-15,4,"quantile",0.975,552709.7413118996
"617","DE","35-59",2026-01-22,2026-01-25,1,"quantile",0.025,241374.0395224573
"618","DE","35-59",2026-01-22,2026-01-25,1,"quantile",0.1,370400.1879141906
"619","DE","35-59",2026-01-22,2026-01-25,1,"quantile",0.25,435812.37177074776
"620","DE","35-59",2026-01-22,2026-01-25,1,"quantile",0.5,476923.2857152005
"621","DE","35-59",2026-01-22,2026-01-25,1,"quantile",0.75,513238.19738295954
"622","DE","35-59",2026-01-22,2026-01-25,1,"quantile",0.9,555235.5095463976
"623","DE","35-59",2026-01-22,2026-01-25,1,"quantile",0.975,574411.1118613204
"624","DE","35-59",2026-01-22,2026-02-01,2,"quantile",0.025,234506.6432412308
"625","DE","35-59",2026-01-22,2026-02-01,2,"quantile",0.1,408343.7603635258
"626","DE","35-59",2026-01-22,2026-02-01,2,"quantile",0.25,515374.2997020702
"627","DE","35-59",2026-01-22,2026-02-01,2,"quantile",0.5,562369.5035300369
"628","DE","35-59",2026-01-22,2026-02-01,2,"quantile",0.75,581487.422130837
"629","DE","35-59",2026-01-22,2026-02-01,2,"quantile",0.9,603727.0966420107
"630","DE","35-59",2026-01-22,2026-02-01,2,"quantile",0.975,648058.6570655697
"631","DE","35-59",2026-01-22,2026-02-08,3,"quantile",0.025,202583.0990164475
"632","DE","35-59",2026-01-22,2026-02-08,3,"quantile",0.1,371634.22798594617
"633","DE","35-59",2026-01-22,2026-02-08,3,"quantile",0.25,553711.678943334
"634","DE","35-59",2026-01-22,2026-02-08,3,"quantile",0.5,604957.35259813
"635","DE","35-59",2026-01-22,2026-02-08,3,"quantile",0.75,618774.1703195798
"636","DE","35-59",2026-01-22,2026-02-08,3,"quantile",0.9,638898.7721492657
"637","DE","35-59",2026-01-22,2026-02-08,3,"quantile",0.975,685790.0636436773
"638","DE","35-59",2026-01-22,2026-02-15,4,"quantile",0.025,202911.14195183368
"639","DE","35-59",2026-01-22,2026-02-15,4,"quantile",0.1,366924.7381270238
"640","DE","35-59",2026-01-22,2026-02-15,4,"quantile",0.25,541327.5693737969
"641","DE","35-59",2026-01-22,2026-02-15,4,"quantile",0.5,599544.8495591974
"642","DE","35-59",2026-01-22,2026-02-15,4,"quantile",0.75,653888.0952403252
"643","DE","35-59",2026-01-22,2026-02-15,4,"quantile",0.9,686856.785860972
"644","DE","35-59",2026-01-22,2026-02-15,4,"quantile",0.975,703723.3932390909
"645","DE","60+",2026-01-22,2026-01-25,1,"quantile",0.025,88467.82922975835
"646","DE","60+",2026-01-22,2026-01-25,1,"quantile",0.1,123627.53136727208
"647","DE","60+",2026-01-22,2026-01-25,1,"quantile",0.25,150890.1361825452
"648","DE","60+",2026-01-22,2026-01-25,1,"quantile",0.5,163371.06475075425
"649","DE","60+",2026-01-22,2026-01-25,1,"quantile",0.75,171631.44399036787
"650","DE","60+",2026-01-22,2026-01-25,1,"quantile",0.9,183239.1063203556
"651","DE","60+",2026-01-22,2026-01-25,1,"quantile",0.975,192593.3728939956
"652","DE","60+",2026-01-22,2026-02-01,2,"quantile",0.025,84931.9534142307
"653","DE","60+",2026-01-22,2026-02-01,2,"quantile",0.1,126419.0361893704
"654","DE","60+",2026-01-22,2026-02-01,2,"quantile",0.25,160132.92763214436
"655","DE","60+",2026-01-22,2026-02-01,2,"quantile",0.5,175083.2735802909
"656","DE","60+",2026-01-22,2026-02-01,2,"quantile",0.75,193672.78260774503
"657","DE","60+",2026-01-22,2026-02-01,2,"quantile",0.9,200523.9721935211
"658","DE","60+",2026-01-22,2026-02-01,2,"quantile",0.975,206790.94138492743
"659","DE","60+",2026-01-22,2026-02-08,3,"quantile",0.025,73250.41192091836
"660","DE","60+",2026-01-22,2026-02-08,3,"quantile",0.1,119234.74059298114
"661","DE","60+",2026-01-22,2026-02-08,3,"quantile",0.25,158388.3021799634
"662","DE","60+",2026-01-22,2026-02-08,3,"quantile",0.5,176043.86552324667
"663","DE","60+",2026-01-22,2026-02-08,3,"quantile",0.75,183752.79638431352
"664","DE","60+",2026-01-22,2026-02-08,3,"quantile",0.9,198666.57790483447
"665","DE","60+",2026-01-22,2026-02-08,3,"quantile",0.975,209009.7899635037
"666","DE","60+",2026-01-22,2026-02-15,4,"quantile",0.025,83253.31287536888
"667","DE","60+",2026-01-22,2026-02-15,4,"quantile",0.1,112685.33811741178
"668","DE","60+",2026-01-22,2026-02-15,4,"quantile",0.25,159199.78837821074
"669","DE","60+",2026-01-22,2026-02-15,4,"quantile",0.5,183831.7079920013
"670","DE","60+",2026-01-22,2026-02-15,4,"quantile",0.75,199130.3210250953
"671","DE","60+",2026-01-22,2026-02-15,4,"quantile",0.9,207560.5411065404
"672","DE","60+",2026-01-22,2026-02-15,4,"quantile",0.975,215375.255221328
"673","DE","00+",2026-01-29,2026-02-01,1,"quantile",0.025,789429.9684541684
"674","DE","00+",2026-01-29,2026-02-01,1,"quantile",0.1,1205710.295812474
"675","DE","00+",2026-01-29,2026-02-01,1,"quantile",0.25,1408510.9813882397
"676","DE","00+",2026-01-29,2026-02-01,1,"quantile",0.5,1496256.179900451
"677","DE","00+",2026-01-29,2026-02-01,1,"quantile",0.75,1524896.1444589435
"678","DE","00+",2026-01-29,2026-02-01,1,"quantile",0.9,1571035.178897199
"679","DE","00+",2026-01-29,2026-02-01,1,"quantile",0.975,1659387.763229499
"680","DE","00+",2026-01-29,2026-02-08,2,"quantile",0.025,853595.8508043836
"681","DE","00+",2026-01-29,2026-02-08,2,"quantile",0.1,1288290.90147315
"682","DE","00+",2026-01-29,2026-02-08,2,"quantile",0.25,1563368.9977333182
"683","DE","00+",2026-01-29,2026-02-08,2,"quantile",0.5,1624740.6231165866
"684","DE","00+",2026-01-29,2026-02-08,2,"quantile",0.75,1670535.7385395186
"685","DE","00+",2026-01-29,2026-02-08,2,"quantile",0.9,1718030.2724045464
"686","DE","00+",2026-01-29,2026-02-08,2,"quantile",0.975,1764679.6779483904
"687","DE","00+",2026-01-29,2026-02-15,3,"quantile",0.025,805845.4114972345
"688","DE","00+",2026-01-29,2026-02-15,3,"quantile",0.1,1241616.5709507277
"689","DE","00+",2026-01-29,2026-02-15,3,"quantile",0.25,1540919.759977337
"690","DE","00+",2026-01-29,2026-02-15,3,"quantile",0.5,1672602.6542301795
"691","DE","00+",2026-01-29,2026-02-15,3,"quantile",0.75,1778957.2446383894
"692","DE","00+",2026-01-29,2026-02-15,3,"quantile",0.9,1829374.03318431
"693","DE","00+",2026-01-29,2026-02-15,3,"quantile",0.975,1876870.8941596255
"694","DE","00+",2026-01-29,2026-02-22,4,"quantile",0.025,697925.8521898009
"695","DE","00+",2026-01-29,2026-02-22,4,"quantile",0.1,1188177.8484073435
"696","DE","00+",2026-01-29,2026-02-22,4,"quantile",0.25,1452372.42418474
"697","DE","00+",2026-01-29,2026-02-22,4,"quantile",0.5,1575659.2553494112
"698","DE","00+",2026-01-29,2026-02-22,4,"quantile",0.75,1863066.085955243
"699","DE","00+",2026-01-29,2026-02-22,4,"quantile",0.9,1922429.802283321
"700","DE","00+",2026-01-29,2026-02-22,4,"quantile",0.975,1963579.117164183
"701","DE","00-04",2026-01-29,2026-02-01,1,"quantile",0.025,121829.67094650753
"702","DE","00-04",2026-01-29,2026-02-01,1,"quantile",0.1,166427.64893742133
"703","DE","00-04",2026-01-29,2026-02-01,1,"quantile",0.25,188689.2843310106
"704","DE","00-04",2026-01-29,2026-02-01,1,"quantile",0.5,218623.68093735023
"705","DE","00-04",2026-01-29,2026-02-01,1,"quantile",0.75,230597.4687762044
"706","DE","00-04",2026-01-29,2026-02-01,1,"quantile",0.9,238524.1588394966
"707","DE","00-04",2026-01-29,2026-02-01,1,"quantile",0.975,256206.349506892
"708","DE","00-04",2026-01-29,2026-02-08,2,"quantile",0.025,115879.83096164493
"709","DE","00-04",2026-01-29,2026-02-08,2,"quantile",0.1,166373.83435868745
"710","DE","00-04",2026-01-29,2026-02-08,2,"quantile",0.25,189507.74541596675
"711","DE","00-04",2026-01-29,2026-02-08,2,"quantile",0.5,233897.1742763968
"712","DE","00-04",2026-01-29,2026-02-08,2,"quantile",0.75,238754.90127773024
"713","DE","00-04",2026-01-29,2026-02-08,2,"quantile",0.9,243851.1220718849
"714","DE","00-04",2026-01-29,2026-02-08,2,"quantile",0.975,259629.9920061774
"715","DE","00-04",2026-01-29,2026-02-15,3,"quantile",0.025,118353.35196444964
"716","DE","00-04",2026-01-29,2026-02-15,3,"quantile",0.1,172649.54532730443
"717","DE","00-04",2026-01-29,2026-02-15,3,"quantile",0.25,199816.26917540003
"718","DE","00-04",2026-01-29,2026-02-15,3,"quantile",0.5,242488.99239465123
"719","DE","00-04",2026-01-29,2026-02-15,3,"quantile",0.75,254440.5236017923
"720","DE","00-04",2026-01-29,2026-02-15,3,"quantile",0.9,258917.7464767662
"721","DE","00-04",2026-01-29,2026-02-15,3,"quantile",0.975,272666.928928846
"722","DE","00-04",2026-01-29,2026-02-22,4,"quantile",0.025,121307.79291229395
"723","DE","00-04",2026-01-29,2026-02-22,4,"quantile",0.1,166034.59253128912
"724","DE","00-04",2026-01-29,2026-02-22,4,"quantile",0.25,196546.30561242945
"725","DE","00-04",2026-01-29,2026-02-22,4,"quantile",0.5,228071.1695449213
"726","DE","00-04",2026-01-29,2026-02-22,4,"quantile",0.75,244476.04903767852
"727","DE","00-04",2026-01-29,2026-02-22,4,"quantile",0.9,253189.23834950203
"728","DE","00-04",2026-01-29,2026-02-22,4,"quantile",0.975,259173.1924891016
"729","DE","05-14",2026-01-29,2026-02-01,1,"quantile",0.025,92602.54474178792
"730","DE","05-14",2026-01-29,2026-02-01,1,"quantile",0.1,153153.2957255487
"731","DE","05-14",2026-01-29,2026-02-01,1,"quantile",0.25,181975.9286758208
"732","DE","05-14",2026-01-29,2026-02-01,1,"quantile",0.5,202296.44371223828
"733","DE","05-14",2026-01-29,2026-02-01,1,"quantile",0.75,216105.35240229705
"734","DE","05-14",2026-01-29,2026-02-01,1,"quantile",0.9,220936.62387305885
"735","DE","05-14",2026-01-29,2026-02-01,1,"quantile",0.975,234790.4571165596
"736","DE","05-14",2026-01-29,2026-02-08,2,"quantile",0.025,84885.10418398134
"737","DE","05-14",2026-01-29,2026-02-08,2,"quantile",0.1,171078.50227083827
"738","DE","05-14",2026-01-29,2026-02-08,2,"quantile",0.25,202545.2980919873
"739","DE","05-14",2026-01-29,2026-02-08,2,"quantile",0.5,223949.9348914972
"740","DE","05-14",2026-01-29,2026-02-08,2,"quantile",0.75,231859.22082891868
"741","DE","05-14",2026-01-29,2026-02-08,2,"quantile",0.9,236494.6698041043
"742","DE","05-14",2026-01-29,2026-02-08,2,"quantile",0.975,249075.80380734763
"743","DE","05-14",2026-01-29,2026-02-15,3,"quantile",0.025,89501.67968113012
"744","DE","05-14",2026-01-29,2026-02-15,3,"quantile",0.1,163500.45040663984
"745","DE","05-14",2026-01-29,2026-02-15,3,"quantile",0.25,203793.0724389018
"746","DE","05-14",2026-01-29,2026-02-15,3,"quantile",0.5,225327.08634490796
"747","DE","05-14",2026-01-29,2026-02-15,3,"quantile",0.75,251538.2950772731
"748","DE","05-14",2026-01-29,2026-02-15,3,"quantile",0.9,259390.4616272312
"749","DE","05-14",2026-01-29,2026-02-15,3,"quantile",0.975,269738.09371957893
"750","DE","05-14",2026-01-29,2026-02-22,4,"quantile",0.025,81189.63154064809
"751","DE","05-14",2026-01-29,2026-02-22,4,"quantile",0.1,136660.40625467672
"752","DE","05-14",2026-01-29,2026-02-22,4,"quantile",0.25,176093.27584586834
"753","DE","05-14",2026-01-29,2026-02-22,4,"quantile",0.5,195848.09890211344
"754","DE","05-14",2026-01-29,2026-02-22,4,"quantile",0.75,248487.50365317072
"755","DE","05-14",2026-01-29,2026-02-22,4,"quantile",0.9,260872.646279395
"756","DE","05-14",2026-01-29,2026-02-22,4,"quantile",0.975,265895.9706081891
"757","DE","15-34",2026-01-29,2026-02-01,1,"quantile",0.025,216693.2694355171
"758","DE","15-34",2026-01-29,2026-02-01,1,"quantile",0.1,326480.3467591382
"759","DE","15-34",2026-01-29,2026-02-01,1,"quantile",0.25,375715.9655983032
"760","DE","15-34",2026-01-29,2026-02-01,1,"quantile",0.5,398305.5786283921
"761","DE","15-34",2026-01-29,2026-02-01,1,"quantile",0.75,418408.6672797842
"762","DE","15-34",2026-01-29,2026-02-01,1,"quantile",0.9,435960.5566312498
"763","DE","15-34",2026-01-29,2026-02-01,1,"quantile",0.975,455451.3733454511
"764","DE","15-34",2026-01-29,2026-02-08,2,"quantile",0.025,227980.9562376854
"765","DE","15-34",2026-01-29,2026-02-08,2,"quantile",0.1,359154.42316099093
"766","DE","15-34",2026-01-29,2026-02-08,2,"quantile",0.25,428764.9958738272
"767","DE","15-34",2026-01-29,2026-02-08,2,"quantile",0.5,447120.6687808822
"768","DE","15-34",2026-01-29,2026-02-08,2,"quantile",0.75,453578.30387738656
"769","DE","15-34",2026-01-29,2026-02-08,2,"quantile",0.9,465295.9470171047
"770","DE","15-34",2026-01-29,2026-02-08,2,"quantile",0.975,474837.9345885309
"771","DE","15-34",2026-01-29,2026-02-15,3,"quantile",0.025,212560.11593697444
"772","DE","15-34",2026-01-29,2026-02-15,3,"quantile",0.1,348863.793789856
"773","DE","15-34",2026-01-29,2026-02-15,3,"quantile",0.25,420503.2883291066
"774","DE","15-34",2026-01-29,2026-02-15,3,"quantile",0.5,454000.7190984753
"775","DE","15-34",2026-01-29,2026-02-15,3,"quantile",0.75,478883.5629347621
"776","DE","15-34",2026-01-29,2026-02-15,3,"quantile",0.9,496442.41908770567
"777","DE","15-34",2026-01-29,2026-02-15,3,"quantile",0.975,506144.6878050963
"778","DE","15-34",2026-01-29,2026-02-22,4,"quantile",0.025,187756.57884725247
"779","DE","15-34",2026-01-29,2026-02-22,4,"quantile",0.1,337254.06219893007
"780","DE","15-34",2026-01-29,2026-02-22,4,"quantile",0.25,400714.67542067874
"781","DE","15-34",2026-01-29,2026-02-22,4,"quantile",0.5,429713.4174358339
"782","DE","15-34",2026-01-29,2026-02-22,4,"quantile",0.75,508964.08338437823
"783","DE","15-34",2026-01-29,2026-02-22,4,"quantile",0.9,516118.8989654228
"784","DE","15-34",2026-01-29,2026-02-22,4,"quantile",0.975,526666.9646664275
"785","DE","35-59",2026-01-29,2026-02-01,1,"quantile",0.025,265093.62035674776
"786","DE","35-59",2026-01-29,2026-02-01,1,"quantile",0.1,402234.5151673807
"787","DE","35-59",2026-01-29,2026-02-01,1,"quantile",0.25,466186.54320423154
"788","DE","35-59",2026-01-29,2026-02-01,1,"quantile",0.5,507904.7135615152
"789","DE","35-59",2026-01-29,2026-02-01,1,"quantile",0.75,532979.8788204977
"790","DE","35-59",2026-01-29,2026-02-01,1,"quantile",0.9,548353.2902551711
"791","DE","35-59",2026-01-29,2026-02-01,1,"quantile",0.975,572800.5033657319
"792","DE","35-59",2026-01-29,2026-02-08,2,"quantile",0.025,259970.5843073177
"793","DE","35-59",2026-01-29,2026-02-08,2,"quantile",0.1,425874.5103989059
"794","DE","35-59",2026-01-29,2026-02-08,2,"quantile",0.25,531550.539521511
"795","DE","35-59",2026-01-29,2026-02-08,2,"quantile",0.5,564441.1163075798
"796","DE","35-59",2026-01-29,2026-02-08,2,"quantile",0.75,581429.1597917757
"797","DE","35-59",2026-01-29,2026-02-08,2,"quantile",0.9,603891.9440851134
"798","DE","35-59",2026-01-29,2026-02-08,2,"quantile",0.975,621990.3357416885
"799","DE","35-59",2026-01-29,2026-02-15,3,"quantile",0.025,260187.85636606472
"800","DE","35-59",2026-01-29,2026-02-15,3,"quantile",0.1,412909.6299455477
"801","DE","35-59",2026-01-29,2026-02-15,3,"quantile",0.25,546650.8742961318
"802","DE","35-59",2026-01-29,2026-02-15,3,"quantile",0.5,589101.4374918852
"803","DE","35-59",2026-01-29,2026-02-15,3,"quantile",0.75,611858.3379969643
"804","DE","35-59",2026-01-29,2026-02-15,3,"quantile",0.9,631676.9249366639
"805","DE","35-59",2026-01-29,2026-02-15,3,"quantile",0.975,661220.9592850851
"806","DE","35-59",2026-01-29,2026-02-22,4,"quantile",0.025,209311.94320109932
"807","DE","35-59",2026-01-29,2026-02-22,4,"quantile",0.1,395247.6383142615
"808","DE","35-59",2026-01-29,2026-02-22,4,"quantile",0.25,505229.3700641742
"809","DE","35-59",2026-01-29,2026-02-22,4,"quantile",0.5,555861.1446374103
"810","DE","35-59",2026-01-29,2026-02-22,4,"quantile",0.75,640309.2454904646
"811","DE","35-59",2026-01-29,2026-02-22,4,"quantile",0.9,671332.7902565916
"812","DE","35-59",2026-01-29,2026-02-22,4,"quantile",0.975,691660.2930183738
"813","DE","60+",2026-01-29,2026-02-01,1,"quantile",0.025,93027.0971163995
"814","DE","60+",2026-01-29,2026-02-01,1,"quantile",0.1,122550.83145816084
"815","DE","60+",2026-01-29,2026-02-01,1,"quantile",0.25,141610.61072388382
"816","DE","60+",2026-01-29,2026-02-01,1,"quantile",0.5,158755.6901453462
"817","DE","60+",2026-01-29,2026-02-01,1,"quantile",0.75,171277.22316079104
"818","DE","60+",2026-01-29,2026-02-01,1,"quantile",0.9,183604.71238154292
"819","DE","60+",2026-01-29,2026-02-01,1,"quantile",0.975,188674.8713741423
"820","DE","60+",2026-01-29,2026-02-08,2,"quantile",0.025,94810.3073089665
"821","DE","60+",2026-01-29,2026-02-08,2,"quantile",0.1,132446.02905484196
"822","DE","60+",2026-01-29,2026-02-08,2,"quantile",0.25,158265.952414763
"823","DE","60+",2026-01-29,2026-02-08,2,"quantile",0.5,167337.33588136575
"824","DE","60+",2026-01-29,2026-02-08,2,"quantile",0.75,186017.09267536545
"825","DE","60+",2026-01-29,2026-02-08,2,"quantile",0.9,196250.71951020803
"826","DE","60+",2026-01-29,2026-02-08,2,"quantile",0.975,207943.54724321357
"827","DE","60+",2026-01-29,2026-02-15,3,"quantile",0.025,93575.14191955751
"828","DE","60+",2026-01-29,2026-02-15,3,"quantile",0.1,128873.49724601588
"829","DE","60+",2026-01-29,2026-02-15,3,"quantile",0.25,151367.58958726446
"830","DE","60+",2026-01-29,2026-02-15,3,"quantile",0.5,176335.24275271024
"831","DE","60+",2026-01-29,2026-02-15,3,"quantile",0.75,186860.28698202295
"832","DE","60+",2026-01-29,2026-02-15,3,"quantile",0.9,194842.22341339072
"833","DE","60+",2026-01-29,2026-02-15,3,"quantile",0.975,205931.1107567571
"834","DE","60+",2026-01-29,2026-02-22,4,"quantile",0.025,90624.09088077195
"835","DE","60+",2026-01-29,2026-02-22,4,"quantile",0.1,128609.8602527132
"836","DE","60+",2026-01-29,2026-02-22,4,"quantile",0.25,150602.6607663848
"837","DE","60+",2026-01-29,2026-02-22,4,"quantile",0.5,180261.3686731796
"838","DE","60+",2026-01-29,2026-02-22,4,"quantile",0.75,201255.08395129532
"839","DE","60+",2026-01-29,2026-02-22,4,"quantile",0.9,212668.5238908863
"840","DE","60+",2026-01-29,2026-02-22,4,"quantile",0.975,228841.5840420238
"841","DE","00+",2026-02-05,2026-02-08,1,"quantile",0.025,708938.5520377592
"842","DE","00+",2026-02-05,2026-02-08,1,"quantile",0.1,1340991.3317718585
"843","DE","00+",2026-02-05,2026-02-08,1,"quantile",0.25,1619952.3470894464
"844","DE","00+",2026-02-05,2026-02-08,1,"quantile",0.5,1713649.1638457652
"845","DE","00+",2026-02-05,2026-02-08,1,"quantile",0.75,1767727.059284353
"846","DE","00+",2026-02-05,2026-02-08,1,"quantile",0.9,1847279.45343922
"847","DE","00+",2026-02-05,2026-02-08,1,"quantile",0.975,2068579.7692220493
"848","DE","00+",2026-02-05,2026-02-15,2,"quantile",0.025,747216.6047510507
"849","DE","00+",2026-02-05,2026-02-15,2,"quantile",0.1,1260068.8451134954
"850","DE","00+",2026-02-05,2026-02-15,2,"quantile",0.25,1579575.2042977985
"851","DE","00+",2026-02-05,2026-02-15,2,"quantile",0.5,1720328.3238478384
"852","DE","00+",2026-02-05,2026-02-15,2,"quantile",0.75,1826881.652964628
"853","DE","00+",2026-02-05,2026-02-15,2,"quantile",0.9,1903351.537790838
"854","DE","00+",2026-02-05,2026-02-15,2,"quantile",0.975,2067361.688760468
"855","DE","00+",2026-02-05,2026-02-22,3,"quantile",0.025,612437.8025113356
"856","DE","00+",2026-02-05,2026-02-22,3,"quantile",0.1,1190552.5622745487
"857","DE","00+",2026-02-05,2026-02-22,3,"quantile",0.25,1497610.7787439397
"858","DE","00+",2026-02-05,2026-02-22,3,"quantile",0.5,1616668.987170924
"859","DE","00+",2026-02-05,2026-02-22,3,"quantile",0.75,1841166.579539181
"860","DE","00+",2026-02-05,2026-02-22,3,"quantile",0.9,1960245.5512927312
"861","DE","00+",2026-02-05,2026-02-22,3,"quantile",0.975,2070006.4001698743
"862","DE","00+",2026-02-05,2026-03-01,4,"quantile",0.025,547490.7775233603
"863","DE","00+",2026-02-05,2026-03-01,4,"quantile",0.1,1157324.3211205176
"864","DE","00+",2026-02-05,2026-03-01,4,"quantile",0.25,1426870.5813876914
"865","DE","00+",2026-02-05,2026-03-01,4,"quantile",0.5,1513282.105911009
"866","DE","00+",2026-02-05,2026-03-01,4,"quantile",0.75,1834761.461811108
"867","DE","00+",2026-02-05,2026-03-01,4,"quantile",0.9,1980370.872924
"868","DE","00+",2026-02-05,2026-03-01,4,"quantile",0.975,2019048.0343458864
"869","DE","00-04",2026-02-05,2026-02-08,1,"quantile",0.025,115442.41532962045
"870","DE","00-04",2026-02-05,2026-02-08,1,"quantile",0.1,175591.1362663595
"871","DE","00-04",2026-02-05,2026-02-08,1,"quantile",0.25,233170.9232005997
"872","DE","00-04",2026-02-05,2026-02-08,1,"quantile",0.5,248528.02460560945
"873","DE","00-04",2026-02-05,2026-02-08,1,"quantile",0.75,255585.65732180624
"874","DE","00-04",2026-02-05,2026-02-08,1,"quantile",0.9,261132.1235098716
"875","DE","00-04",2026-02-05,2026-02-08,1,"quantile",0.975,288713.7188965566
"876","DE","00-04",2026-02-05,2026-02-15,2,"quantile",0.025,106005.2464068026
"877","DE","00-04",2026-02-05,2026-02-15,2,"quantile",0.1,178228.76240637968
"878","DE","00-04",2026-02-05,2026-02-15,2,"quantile",0.25,218023.8607415424
"879","DE","00-04",2026-02-05,2026-02-15,2,"quantile",0.5,259369.25949327
"880","DE","00-04",2026-02-05,2026-02-15,2,"quantile",0.75,263603.0829317622
"881","DE","00-04",2026-02-05,2026-02-15,2,"quantile",0.9,269626.8765749298
"882","DE","00-04",2026-02-05,2026-02-15,2,"quantile",0.975,278423.04451434186
"883","DE","00-04",2026-02-05,2026-02-22,3,"quantile",0.025,98957.09464362705
"884","DE","00-04",2026-02-05,2026-02-22,3,"quantile",0.1,169124.3582353482
"885","DE","00-04",2026-02-05,2026-02-22,3,"quantile",0.25,217978.84762064004
"886","DE","00-04",2026-02-05,2026-02-22,3,"quantile",0.5,245704.28039166649
"887","DE","00-04",2026-02-05,2026-02-22,3,"quantile",0.75,258320.5647401164
"888","DE","00-04",2026-02-05,2026-02-22,3,"quantile",0.9,269710.8811269278
"889","DE","00-04",2026-02-05,2026-02-22,3,"quantile",0.975,282118.9789981289
"890","DE","00-04",2026-02-05,2026-03-01,4,"quantile",0.025,92756.360423854
"891","DE","00-04",2026-02-05,2026-03-01,4,"quantile",0.1,157387.90494083785
"892","DE","00-04",2026-02-05,2026-03-01,4,"quantile",0.25,203013.0378862289
"893","DE","00-04",2026-02-05,2026-03-01,4,"quantile",0.5,232110.1794275889
"894","DE","00-04",2026-02-05,2026-03-01,4,"quantile",0.75,253644.7705123991
"895","DE","00-04",2026-02-05,2026-03-01,4,"quantile",0.9,258692.37738063367
"896","DE","00-04",2026-02-05,2026-03-01,4,"quantile",0.975,276620.6483322295
"897","DE","05-14",2026-02-05,2026-02-08,1,"quantile",0.025,86762.7386002479
"898","DE","05-14",2026-02-05,2026-02-08,1,"quantile",0.1,173458.33237156377
"899","DE","05-14",2026-02-05,2026-02-08,1,"quantile",0.25,210358.30065005663
"900","DE","05-14",2026-02-05,2026-02-08,1,"quantile",0.5,234868.70316100877
"901","DE","05-14",2026-02-05,2026-02-08,1,"quantile",0.75,247129.96143267295
"902","DE","05-14",2026-02-05,2026-02-08,1,"quantile",0.9,253520.40570106532
"903","DE","05-14",2026-02-05,2026-02-08,1,"quantile",0.975,296741.62718136114
"904","DE","05-14",2026-02-05,2026-02-15,2,"quantile",0.025,78795.39120332742
"905","DE","05-14",2026-02-05,2026-02-15,2,"quantile",0.1,171340.08461993447
"906","DE","05-14",2026-02-05,2026-02-15,2,"quantile",0.25,205846.26838942376
"907","DE","05-14",2026-02-05,2026-02-15,2,"quantile",0.5,229873.0358688124
"908","DE","05-14",2026-02-05,2026-02-15,2,"quantile",0.75,247698.649646626
"909","DE","05-14",2026-02-05,2026-02-15,2,"quantile",0.9,255013.48344160887
"910","DE","05-14",2026-02-05,2026-02-15,2,"quantile",0.975,274794.63555376866
"911","DE","05-14",2026-02-05,2026-02-22,3,"quantile",0.025,67824.37868197405
"912","DE","05-14",2026-02-05,2026-02-22,3,"quantile",0.1,151111.62527206208
"913","DE","05-14",2026-02-05,2026-02-22,3,"quantile",0.25,189784.17395487687
"914","DE","05-14",2026-02-05,2026-02-22,3,"quantile",0.5,205648.2221329945
"915","DE","05-14",2026-02-05,2026-02-22,3,"quantile",0.75,246210.66912466305
"916","DE","05-14",2026-02-05,2026-02-22,3,"quantile",0.9,256548.32519839355
"917","DE","05-14",2026-02-05,2026-02-22,3,"quantile",0.975,272449.66153766296
"918","DE","05-14",2026-02-05,2026-03-01,4,"quantile",0.025,63650.90843451838
"919","DE","05-14",2026-02-05,2026-03-01,4,"quantile",0.1,135945.04634525982
"920","DE","05-14",2026-02-05,2026-03-01,4,"quantile",0.25,170745.64049829854
"921","DE","05-14",2026-02-05,2026-03-01,4,"quantile",0.5,197693.56809376855
"922","DE","05-14",2026-02-05,2026-03-01,4,"quantile",0.75,246556.347418273
"923","DE","05-14",2026-02-05,2026-03-01,4,"quantile",0.9,256592.6576100448
"924","DE","05-14",2026-02-05,2026-03-01,4,"quantile",0.975,263243.0565187966
"925","DE","15-34",2026-02-05,2026-02-08,1,"quantile",0.025,208134.209849678
"926","DE","15-34",2026-02-05,2026-02-08,1,"quantile",0.1,381688.8731659716
"927","DE","15-34",2026-02-05,2026-02-08,1,"quantile",0.25,443002.7300292356
"928","DE","15-34",2026-02-05,2026-02-08,1,"quantile",0.5,454259.173630396
"929","DE","15-34",2026-02-05,2026-02-08,1,"quantile",0.75,467168.3906803081
"930","DE","15-34",2026-02-05,2026-02-08,1,"quantile",0.9,491619.9848723655
"931","DE","15-34",2026-02-05,2026-02-08,1,"quantile",0.975,534956.9824466773
"932","DE","15-34",2026-02-05,2026-02-15,2,"quantile",0.025,209160.66544462708
"933","DE","15-34",2026-02-05,2026-02-15,2,"quantile",0.1,363263.64656589366
"934","DE","15-34",2026-02-05,2026-02-15,2,"quantile",0.25,431729.9129044193
"935","DE","15-34",2026-02-05,2026-02-15,2,"quantile",0.5,462453.8772123352
"936","DE","15-34",2026-02-05,2026-02-15,2,"quantile",0.75,484542.4658411367
"937","DE","15-34",2026-02-05,2026-02-15,2,"quantile",0.9,505808.4035507421
"938","DE","15-34",2026-02-05,2026-02-15,2,"quantile",0.975,540788.6480366003
"939","DE","15-34",2026-02-05,2026-02-22,3,"quantile",0.025,174306.44108058346
"940","DE","15-34",2026-02-05,2026-02-22,3,"quantile",0.1,347570.9016797332
"941","DE","15-34",2026-02-05,2026-02-22,3,"quantile",0.25,407772.7574046384
"942","DE","15-34",2026-02-05,2026-02-22,3,"quantile",0.5,438658.8534650117
"943","DE","15-34",2026-02-05,2026-02-22,3,"quantile",0.75,494194.8758669292
"944","DE","15-34",2026-02-05,2026-02-22,3,"quantile",0.9,524303.5623807248
"945","DE","15-34",2026-02-05,2026-02-22,3,"quantile",0.975,554224.9489322016
"946","DE","15-34",2026-02-05,2026-03-01,4,"quantile",0.025,162808.79360414765
"947","DE","15-34",2026-02-05,2026-03-01,4,"quantile",0.1,326560.83580251585
"948","DE","15-34",2026-02-05,2026-03-01,4,"quantile",0.25,393380.2411141511
"949","DE","15-34",2026-02-05,2026-03-01,4,"quantile",0.5,422064.9415785769
"950","DE","15-34",2026-02-05,2026-03-01,4,"quantile",0.75,501867.5752189825
"951","DE","15-34",2026-02-05,2026-03-01,4,"quantile",0.9,526232.9943345126
"952","DE","15-34",2026-02-05,2026-03-01,4,"quantile",0.975,546130.7610033132
"953","DE","35-59",2026-02-05,2026-02-08,1,"quantile",0.025,237409.5143605594
"954","DE","35-59",2026-02-05,2026-02-08,1,"quantile",0.1,448700.8265055812
"955","DE","35-59",2026-02-05,2026-02-08,1,"quantile",0.25,552359.771674747
"956","DE","35-59",2026-02-05,2026-02-08,1,"quantile",0.5,602238.6624375866
"957","DE","35-59",2026-02-05,2026-02-08,1,"quantile",0.75,628540.8866504556
"958","DE","35-59",2026-02-05,2026-02-08,1,"quantile",0.9,668207.4247481262
"959","DE","35-59",2026-02-05,2026-02-08,1,"quantile",0.975,724802.1212118451
"960","DE","35-59",2026-02-05,2026-02-15,2,"quantile",0.025,222548.9689489839
"961","DE","35-59",2026-02-05,2026-02-15,2,"quantile",0.1,423892.8799499981
"962","DE","35-59",2026-02-05,2026-02-15,2,"quantile",0.25,554311.847124828
"963","DE","35-59",2026-02-05,2026-02-15,2,"quantile",0.5,614565.1458962037
"964","DE","35-59",2026-02-05,2026-02-15,2,"quantile",0.75,661274.6244564678
"965","DE","35-59",2026-02-05,2026-02-15,2,"quantile",0.9,707628.800479681
"966","DE","35-59",2026-02-05,2026-02-15,2,"quantile",0.975,755962.6914810039
"967","DE","35-59",2026-02-05,2026-02-22,3,"quantile",0.025,191204.21643718588
"968","DE","35-59",2026-02-05,2026-02-22,3,"quantile",0.1,393904.1252337784
"969","DE","35-59",2026-02-05,2026-02-22,3,"quantile",0.25,526543.6050939744
"970","DE","35-59",2026-02-05,2026-02-22,3,"quantile",0.5,587871.9858283282
"971","DE","35-59",2026-02-05,2026-02-22,3,"quantile",0.75,655749.7828311039
"972","DE","35-59",2026-02-05,2026-02-22,3,"quantile",0.9,709926.2331144174
"973","DE","35-59",2026-02-05,2026-02-22,3,"quantile",0.975,759357.5665211658
"974","DE","35-59",2026-02-05,2026-03-01,4,"quantile",0.025,159259.57381058153
"975","DE","35-59",2026-02-05,2026-03-01,4,"quantile",0.1,370598.4842275109
"976","DE","35-59",2026-02-05,2026-03-01,4,"quantile",0.25,478214.1553969176
"977","DE","35-59",2026-02-05,2026-03-01,4,"quantile",0.5,533487.336607851
"978","DE","35-59",2026-02-05,2026-03-01,4,"quantile",0.75,667950.102137746
"979","DE","35-59",2026-02-05,2026-03-01,4,"quantile",0.9,714319.2374285969
"980","DE","35-59",2026-02-05,2026-03-01,4,"quantile",0.975,745620.4340293856
"981","DE","60+",2026-02-05,2026-02-08,1,"quantile",0.025,88099.7100334847
"982","DE","60+",2026-02-05,2026-02-08,1,"quantile",0.1,140806.8641525015
"983","DE","60+",2026-02-05,2026-02-08,1,"quantile",0.25,170999.19097729132
"984","DE","60+",2026-02-05,2026-02-08,1,"quantile",0.5,185484.50009306177
"985","DE","60+",2026-02-05,2026-02-08,1,"quantile",0.75,196443.47831117213
"986","DE","60+",2026-02-05,2026-02-08,1,"quantile",0.9,202170.3641595326
"987","DE","60+",2026-02-05,2026-02-08,1,"quantile",0.975,227499.60890556787
"988","DE","60+",2026-02-05,2026-02-15,2,"quantile",0.025,86665.21212346051
"989","DE","60+",2026-02-05,2026-02-15,2,"quantile",0.1,131364.38286584665
"990","DE","60+",2026-02-05,2026-02-15,2,"quantile",0.25,165979.04588558915
"991","DE","60+",2026-02-05,2026-02-15,2,"quantile",0.5,183816.99869264223
"992","DE","60+",2026-02-05,2026-02-15,2,"quantile",0.75,204465.2087841448
"993","DE","60+",2026-02-05,2026-02-15,2,"quantile",0.9,228137.22287813487
"994","DE","60+",2026-02-05,2026-02-15,2,"quantile",0.975,256872.5138042676
"995","DE","60+",2026-02-05,2026-02-22,3,"quantile",0.025,69761.18885382333
"996","DE","60+",2026-02-05,2026-02-22,3,"quantile",0.1,128265.9964566461
"997","DE","60+",2026-02-05,2026-02-22,3,"quantile",0.25,158973.71625322825
"998","DE","60+",2026-02-05,2026-02-22,3,"quantile",0.5,180589.1025960178
"999","DE","60+",2026-02-05,2026-02-22,3,"quantile",0.75,197206.59857092268
"1000","DE","60+",2026-02-05,2026-02-22,3,"quantile",0.9,223708.9339452081
"1001","DE","60+",2026-02-05,2026-02-22,3,"quantile",0.975,242731.71250474412
"1002","DE","60+",2026-02-05,2026-03-01,4,"quantile",0.025,73722.00465029982
"1003","DE","60+",2026-02-05,2026-03-01,4,"quantile",0.1,121836.0545734083
"1004","DE","60+",2026-02-05,2026-03-01,4,"quantile",0.25,151399.9219906847
"1005","DE","60+",2026-02-05,2026-03-01,4,"quantile",0.5,178889.87276503857
"1006","DE","60+",2026-02-05,2026-03-01,4,"quantile",0.75,215084.6027385795
"1007","DE","60+",2026-02-05,2026-03-01,4,"quantile",0.9,237930.04430809303
"1008","DE","60+",2026-02-05,2026-03-01,4,"quantile",0.975,250378.46537034665
"1009","DE","00+",2026-02-12,2026-02-15,1,"quantile",0.025,724972.1545263941
"1010","DE","00+",2026-02-12,2026-02-15,1,"quantile",0.1,1344283.049696444
"1011","DE","00+",2026-02-12,2026-02-15,1,"quantile",0.25,1594406.4223765046
"1012","DE","00+",2026-02-12,2026-02-15,1,"quantile",0.5,1736559.5049355538
"1013","DE","00+",2026-02-12,2026-02-15,1,"quantile",0.75,1803212.7974757464
"1014","DE","00+",2026-02-12,2026-02-15,1,"quantile",0.9,1885971.9467787307
"1015","DE","00+",2026-02-12,2026-02-15,1,"quantile",0.975,2090223.2637467664
"1016","DE","00+",2026-02-12,2026-02-22,2,"quantile",0.025,736603.4646912527
"1017","DE","00+",2026-02-12,2026-02-22,2,"quantile",0.1,1299880.0790969816
"1018","DE","00+",2026-02-12,2026-02-22,2,"quantile",0.25,1546142.4644406051
"1019","DE","00+",2026-02-12,2026-02-22,2,"quantile",0.5,1656671.3376763747
"1020","DE","00+",2026-02-12,2026-02-22,2,"quantile",0.75,1789146.5433445268
"1021","DE","00+",2026-02-12,2026-02-22,2,"quantile",0.9,1853608.4456635923
"1022","DE","00+",2026-02-12,2026-02-22,2,"quantile",0.975,2040837.8518694595
"1023","DE","00+",2026-02-12,2026-03-01,3,"quantile",0.025,648965.6346690154
"1024","DE","00+",2026-02-12,2026-03-01,3,"quantile",0.1,1165665.196943179
"1025","DE","00+",2026-02-12,2026-03-01,3,"quantile",0.25,1394739.4573862485
"1026","DE","00+",2026-02-12,2026-03-01,3,"quantile",0.5,1504767.6460730678
"1027","DE","00+",2026-02-12,2026-03-01,3,"quantile",0.75,1761027.76761988
"1028","DE","00+",2026-02-12,2026-03-01,3,"quantile",0.9,1853654.396812004
"1029","DE","00+",2026-02-12,2026-03-01,3,"quantile",0.975,1961032.998948257
"1030","DE","00+",2026-02-12,2026-03-08,4,"quantile",0.025,616699.8619659417
"1031","DE","00+",2026-02-12,2026-03-08,4,"quantile",0.1,1173875.324194522
"1032","DE","00+",2026-02-12,2026-03-08,4,"quantile",0.25,1319376.201228812
"1033","DE","00+",2026-02-12,2026-03-08,4,"quantile",0.5,1475831.8052136968
"1034","DE","00+",2026-02-12,2026-03-08,4,"quantile",0.75,1608731.4086701393
"1035","DE","00+",2026-02-12,2026-03-08,4,"quantile",0.9,1732091.012224648
"1036","DE","00+",2026-02-12,2026-03-08,4,"quantile",0.975,1924011.4928995613
"1037","DE","00-04",2026-02-12,2026-02-15,1,"quantile",0.025,113520.44262851548
"1038","DE","00-04",2026-02-12,2026-02-15,1,"quantile",0.1,183234.6499771457
"1039","DE","00-04",2026-02-12,2026-02-15,1,"quantile",0.25,228961.65829208368
"1040","DE","00-04",2026-02-12,2026-02-15,1,"quantile",0.5,242576.33322695005
"1041","DE","00-04",2026-02-12,2026-02-15,1,"quantile",0.75,245952.51749265497
"1042","DE","00-04",2026-02-12,2026-02-15,1,"quantile",0.9,260795.28194288365
"1043","DE","00-04",2026-02-12,2026-02-15,1,"quantile",0.975,277076.8939259914
"1044","DE","00-04",2026-02-12,2026-02-22,2,"quantile",0.025,106914.63370291745
"1045","DE","00-04",2026-02-12,2026-02-22,2,"quantile",0.1,177731.2964028629
"1046","DE","00-04",2026-02-12,2026-02-22,2,"quantile",0.25,217047.2921971748
"1047","DE","00-04",2026-02-12,2026-02-22,2,"quantile",0.5,239293.6384462884
"1048","DE","00-04",2026-02-12,2026-02-22,2,"quantile",0.75,248823.3662457648
"1049","DE","00-04",2026-02-12,2026-02-22,2,"quantile",0.9,260576.11654051027
"1050","DE","00-04",2026-02-12,2026-02-22,2,"quantile",0.975,275373.7913345821
"1051","DE","00-04",2026-02-12,2026-03-01,3,"quantile",0.025,96793.7644839373
"1052","DE","00-04",2026-02-12,2026-03-01,3,"quantile",0.1,165581.75436712796
"1053","DE","00-04",2026-02-12,2026-03-01,3,"quantile",0.25,213538.8397309292
"1054","DE","00-04",2026-02-12,2026-03-01,3,"quantile",0.5,231330.561254586
"1055","DE","00-04",2026-02-12,2026-03-01,3,"quantile",0.75,243895.13250767376
"1056","DE","00-04",2026-02-12,2026-03-01,3,"quantile",0.9,252227.39056627112
"1057","DE","00-04",2026-02-12,2026-03-01,3,"quantile",0.975,277515.6181209576
"1058","DE","00-04",2026-02-12,2026-03-08,4,"quantile",0.025,99099.42917946748
"1059","DE","00-04",2026-02-12,2026-03-08,4,"quantile",0.1,162894.46199391052
"1060","DE","00-04",2026-02-12,2026-03-08,4,"quantile",0.25,200635.79111708968
"1061","DE","00-04",2026-02-12,2026-03-08,4,"quantile",0.5,216975.0451127988
"1062","DE","00-04",2026-02-12,2026-03-08,4,"quantile",0.75,224607.87072791596
"1063","DE","00-04",2026-02-12,2026-03-08,4,"quantile",0.9,232611.6393515206
"1064","DE","00-04",2026-02-12,2026-03-08,4,"quantile",0.975,254559.301689478
"1065","DE","05-14",2026-02-12,2026-02-15,1,"quantile",0.025,83552.14412314694
"1066","DE","05-14",2026-02-12,2026-02-15,1,"quantile",0.1,172400.70483538156
"1067","DE","05-14",2026-02-12,2026-02-15,1,"quantile",0.25,201319.4475887054
"1068","DE","05-14",2026-02-12,2026-02-15,1,"quantile",0.5,210673.9195225076
"1069","DE","05-14",2026-02-12,2026-02-15,1,"quantile",0.75,216319.9462117712
"1070","DE","05-14",2026-02-12,2026-02-15,1,"quantile",0.9,232379.4562034146
"1071","DE","05-14",2026-02-12,2026-02-15,1,"quantile",0.975,260443.29761953605
"1072","DE","05-14",2026-02-12,2026-02-22,2,"quantile",0.025,74363.00607798534
"1073","DE","05-14",2026-02-12,2026-02-22,2,"quantile",0.1,162224.77254290652
"1074","DE","05-14",2026-02-12,2026-02-22,2,"quantile",0.25,187300.8194526928
"1075","DE","05-14",2026-02-12,2026-02-22,2,"quantile",0.5,202044.96278813807
"1076","DE","05-14",2026-02-12,2026-02-22,2,"quantile",0.75,221228.4002002477
"1077","DE","05-14",2026-02-12,2026-02-22,2,"quantile",0.9,235064.98501443345
"1078","DE","05-14",2026-02-12,2026-02-22,2,"quantile",0.975,252015.5436300314
"1079","DE","05-14",2026-02-12,2026-03-01,3,"quantile",0.025,69499.68191550518
"1080","DE","05-14",2026-02-12,2026-03-01,3,"quantile",0.1,148375.947702554
"1081","DE","05-14",2026-02-12,2026-03-01,3,"quantile",0.25,166976.71947955026
"1082","DE","05-14",2026-02-12,2026-03-01,3,"quantile",0.5,189391.32907254944
"1083","DE","05-14",2026-02-12,2026-03-01,3,"quantile",0.75,230341.0736620787
"1084","DE","05-14",2026-02-12,2026-03-01,3,"quantile",0.9,245786.72435622808
"1085","DE","05-14",2026-02-12,2026-03-01,3,"quantile",0.975,255055.4426701686
"1086","DE","05-14",2026-02-12,2026-03-08,4,"quantile",0.025,64818.7284218245
"1087","DE","05-14",2026-02-12,2026-03-08,4,"quantile",0.1,131887.2595191929
"1088","DE","05-14",2026-02-12,2026-03-08,4,"quantile",0.25,164564.95239990723
"1089","DE","05-14",2026-02-12,2026-03-08,4,"quantile",0.5,185698.02885162947
"1090","DE","05-14",2026-02-12,2026-03-08,4,"quantile",0.75,206547.72479439844
"1091","DE","05-14",2026-02-12,2026-03-08,4,"quantile",0.9,222988.43033856413
"1092","DE","05-14",2026-02-12,2026-03-08,4,"quantile",0.975,265574.97065568925
"1093","DE","15-34",2026-02-12,2026-02-15,1,"quantile",0.025,210978.93960618047
"1094","DE","15-34",2026-02-12,2026-02-15,1,"quantile",0.1,373937.9812087221
"1095","DE","15-34",2026-02-12,2026-02-15,1,"quantile",0.25,437449.9921127906
"1096","DE","15-34",2026-02-12,2026-02-15,1,"quantile",0.5,465497.73096459534
"1097","DE","15-34",2026-02-12,2026-02-15,1,"quantile",0.75,491452.8992018206
"1098","DE","15-34",2026-02-12,2026-02-15,1,"quantile",0.9,515637.63496897445
"1099","DE","15-34",2026-02-12,2026-02-15,1,"quantile",0.975,550967.3450305857
"1100","DE","15-34",2026-02-12,2026-02-22,2,"quantile",0.025,206153.7103202034
"1101","DE","15-34",2026-02-12,2026-02-22,2,"quantile",0.1,358427.71009293594
"1102","DE","15-34",2026-02-12,2026-02-22,2,"quantile",0.25,415583.2800737108
"1103","DE","15-34",2026-02-12,2026-02-22,2,"quantile",0.5,440374.16969884775
"1104","DE","15-34",2026-02-12,2026-02-22,2,"quantile",0.75,481542.9665175764
"1105","DE","15-34",2026-02-12,2026-02-22,2,"quantile",0.9,499398.2994277176
"1106","DE","15-34",2026-02-12,2026-02-22,2,"quantile",0.975,541627.4479960594
"1107","DE","15-34",2026-02-12,2026-03-01,3,"quantile",0.025,178744.41046270262
"1108","DE","15-34",2026-02-12,2026-03-01,3,"quantile",0.1,337662.1361786704
"1109","DE","15-34",2026-02-12,2026-03-01,3,"quantile",0.25,374326.8593165496
"1110","DE","15-34",2026-02-12,2026-03-01,3,"quantile",0.5,406327.3003057103
"1111","DE","15-34",2026-02-12,2026-03-01,3,"quantile",0.75,469460.5340713885
"1112","DE","15-34",2026-02-12,2026-03-01,3,"quantile",0.9,492334.8575239321
"1113","DE","15-34",2026-02-12,2026-03-01,3,"quantile",0.975,514504.5539081334
"1114","DE","15-34",2026-02-12,2026-03-08,4,"quantile",0.025,176776.2142392095
"1115","DE","15-34",2026-02-12,2026-03-08,4,"quantile",0.1,314426.9309263832
"1116","DE","15-34",2026-02-12,2026-03-08,4,"quantile",0.25,356910.63289981184
"1117","DE","15-34",2026-02-12,2026-03-08,4,"quantile",0.5,407251.93473896646
"1118","DE","15-34",2026-02-12,2026-03-08,4,"quantile",0.75,447841.7444331037
"1119","DE","15-34",2026-02-12,2026-03-08,4,"quantile",0.9,473699.2266003719
"1120","DE","15-34",2026-02-12,2026-03-08,4,"quantile",0.975,510810.5968565247
"1121","DE","35-59",2026-02-12,2026-02-15,1,"quantile",0.025,243465.0494091517
"1122","DE","35-59",2026-02-12,2026-02-15,1,"quantile",0.1,454013.0521830862
"1123","DE","35-59",2026-02-12,2026-02-15,1,"quantile",0.25,556785.0629654424
"1124","DE","35-59",2026-02-12,2026-02-15,1,"quantile",0.5,624040.7595324453
"1125","DE","35-59",2026-02-12,2026-02-15,1,"quantile",0.75,672189.7786361144
"1126","DE","35-59",2026-02-12,2026-02-15,1,"quantile",0.9,706884.4198635395
"1127","DE","35-59",2026-02-12,2026-02-15,1,"quantile",0.975,751323.7988304583
"1128","DE","35-59",2026-02-12,2026-02-22,2,"quantile",0.025,219398.91474684057
"1129","DE","35-59",2026-02-12,2026-02-22,2,"quantile",0.1,442959.3348701405
"1130","DE","35-59",2026-02-12,2026-02-22,2,"quantile",0.25,552057.8038336465
"1131","DE","35-59",2026-02-12,2026-02-22,2,"quantile",0.5,596130.5208889217
"1132","DE","35-59",2026-02-12,2026-02-22,2,"quantile",0.75,665350.5838730172
"1133","DE","35-59",2026-02-12,2026-02-22,2,"quantile",0.9,718238.3755183418
"1134","DE","35-59",2026-02-12,2026-02-22,2,"quantile",0.975,766489.131456401
"1135","DE","35-59",2026-02-12,2026-03-01,3,"quantile",0.025,202916.46962201863
"1136","DE","35-59",2026-02-12,2026-03-01,3,"quantile",0.1,397457.40793879447
"1137","DE","35-59",2026-02-12,2026-03-01,3,"quantile",0.25,476847.3071666034
"1138","DE","35-59",2026-02-12,2026-03-01,3,"quantile",0.5,536731.0244839231
"1139","DE","35-59",2026-02-12,2026-03-01,3,"quantile",0.75,632623.1715192202
"1140","DE","35-59",2026-02-12,2026-03-01,3,"quantile",0.9,682727.9139879807
"1141","DE","35-59",2026-02-12,2026-03-01,3,"quantile",0.975,725011.7268036399
"1142","DE","35-59",2026-02-12,2026-03-08,4,"quantile",0.025,185845.78989767103
"1143","DE","35-59",2026-02-12,2026-03-08,4,"quantile",0.1,384873.737533328
"1144","DE","35-59",2026-02-12,2026-03-08,4,"quantile",0.25,435923.0984772688
"1145","DE","35-59",2026-02-12,2026-03-08,4,"quantile",0.5,510201.82951385697
"1146","DE","35-59",2026-02-12,2026-03-08,4,"quantile",0.75,558007.253036668
"1147","DE","35-59",2026-02-12,2026-03-08,4,"quantile",0.9,608975.1541643869
"1148","DE","35-59",2026-02-12,2026-03-08,4,"quantile",0.975,681604.7066770395
"1149","DE","60+",2026-02-12,2026-02-15,1,"quantile",0.025,87273.54764037475
"1150","DE","60+",2026-02-12,2026-02-15,1,"quantile",0.1,140330.82279393502
"1151","DE","60+",2026-02-12,2026-02-15,1,"quantile",0.25,169248.18091969553
"1152","DE","60+",2026-02-12,2026-02-15,1,"quantile",0.5,187445.05466166133
"1153","DE","60+",2026-02-12,2026-02-15,1,"quantile",0.75,209148.82945531857
"1154","DE","60+",2026-02-12,2026-02-15,1,"quantile",0.9,226020.50931868347
"1155","DE","60+",2026-02-12,2026-02-15,1,"quantile",0.975,244414.70228466537
"1156","DE","60+",2026-02-12,2026-02-22,2,"quantile",0.025,83803.19260815105
"1157","DE","60+",2026-02-12,2026-02-22,2,"quantile",0.1,136157.96795173254
"1158","DE","60+",2026-02-12,2026-02-22,2,"quantile",0.25,171032.10908342508
"1159","DE","60+",2026-02-12,2026-02-22,2,"quantile",0.5,195809.5613070714
"1160","DE","60+",2026-02-12,2026-02-22,2,"quantile",0.75,211269.60847103567
"1161","DE","60+",2026-02-12,2026-02-22,2,"quantile",0.9,235058.0728353719
"1162","DE","60+",2026-02-12,2026-02-22,2,"quantile",0.975,254216.06330542668
"1163","DE","60+",2026-02-12,2026-03-01,3,"quantile",0.025,72625.89532255453
"1164","DE","60+",2026-02-12,2026-03-01,3,"quantile",0.1,130248.75607096036
"1165","DE","60+",2026-02-12,2026-03-01,3,"quantile",0.25,153479.51010858017
"1166","DE","60+",2026-02-12,2026-03-01,3,"quantile",0.5,174246.70959280414
"1167","DE","60+",2026-02-12,2026-03-01,3,"quantile",0.75,197126.6062195386
"1168","DE","60+",2026-02-12,2026-03-01,3,"quantile",0.9,224430.75655058905
"1169","DE","60+",2026-02-12,2026-03-01,3,"quantile",0.975,238023.558606451
"1170","DE","60+",2026-02-12,2026-03-08,4,"quantile",0.025,78832.91948096047
"1171","DE","60+",2026-02-12,2026-03-08,4,"quantile",0.1,126125.5051541892
"1172","DE","60+",2026-02-12,2026-03-08,4,"quantile",0.25,150447.536728709
"1173","DE","60+",2026-02-12,2026-03-08,4,"quantile",0.5,167000.27645479547
"1174","DE","60+",2026-02-12,2026-03-08,4,"quantile",0.75,188548.3856628816
"1175","DE","60+",2026-02-12,2026-03-08,4,"quantile",0.9,213729.8617739956
"1176","DE","60+",2026-02-12,2026-03-08,4,"quantile",0.975,240400.0543478229
"1177","DE","00+",2026-02-19,2026-02-22,1,"quantile",0.025,727374.0566079209
"1178","DE","00+",2026-02-19,2026-02-22,1,"quantile",0.1,1276899.0629802786
"1179","DE","00+",2026-02-19,2026-02-22,1,"quantile",0.25,1445691.6974934365
"1180","DE","00+",2026-02-19,2026-02-22,1,"quantile",0.5,1560189.3252355556
"1181","DE","00+",2026-02-19,2026-02-22,1,"quantile",0.75,1624873.8269370408
"1182","DE","00+",2026-02-19,2026-02-22,1,"quantile",0.9,1752257.1631267394
"1183","DE","00+",2026-02-19,2026-02-22,1,"quantile",0.975,1910941.251075424
"1184","DE","00+",2026-02-19,2026-03-01,2,"quantile",0.025,750900.8155530733
"1185","DE","00+",2026-02-19,2026-03-01,2,"quantile",0.1,1200706.4177585766
"1186","DE","00+",2026-02-19,2026-03-01,2,"quantile",0.25,1356912.5554424585
"1187","DE","00+",2026-02-19,2026-03-01,2,"quantile",0.5,1478954.5703632946
"1188","DE","00+",2026-02-19,2026-03-01,2,"quantile",0.75,1617336.819637969
"1189","DE","00+",2026-02-19,2026-03-01,2,"quantile",0.9,1788275.424420001
"1190","DE","00+",2026-02-19,2026-03-01,2,"quantile",0.975,1934274.5701572
"1191","DE","00+",2026-02-19,2026-03-08,3,"quantile",0.025,686794.3861541783
"1192","DE","00+",2026-02-19,2026-03-08,3,"quantile",0.1,1139310.3500267332
"1193","DE","00+",2026-02-19,2026-03-08,3,"quantile",0.25,1257886.529579544
"1194","DE","00+",2026-02-19,2026-03-08,3,"quantile",0.5,1449852.0220096842
"1195","DE","00+",2026-02-19,2026-03-08,3,"quantile",0.75,1604367.0983560295
"1196","DE","00+",2026-02-19,2026-03-08,3,"quantile",0.9,1702249.8016306732
"1197","DE","00+",2026-02-19,2026-03-08,3,"quantile",0.975,1843082.0852197907
"1198","DE","00+",2026-02-19,2026-03-15,4,"quantile",0.025,672569.8185065854
"1199","DE","00+",2026-02-19,2026-03-15,4,"quantile",0.1,1109146.6606273125
"1200","DE","00+",2026-02-19,2026-03-15,4,"quantile",0.25,1279357.9528280566
"1201","DE","00+",2026-02-19,2026-03-15,4,"quantile",0.5,1468030.859564175
"1202","DE","00+",2026-02-19,2026-03-15,4,"quantile",0.75,1557482.476562427
"1203","DE","00+",2026-02-19,2026-03-15,4,"quantile",0.9,1611242.3474685154
"1204","DE","00+",2026-02-19,2026-03-15,4,"quantile",0.975,1900040.140501388
"1205","DE","00-04",2026-02-19,2026-02-22,1,"quantile",0.025,111578.09414292856
"1206","DE","00-04",2026-02-19,2026-02-22,1,"quantile",0.1,179611.21498029286
"1207","DE","00-04",2026-02-19,2026-02-22,1,"quantile",0.25,201983.0695774106
"1208","DE","00-04",2026-02-19,2026-02-22,1,"quantile",0.5,211986.17844201787
"1209","DE","00-04",2026-02-19,2026-02-22,1,"quantile",0.75,222714.1004883345
"1210","DE","00-04",2026-02-19,2026-02-22,1,"quantile",0.9,234907.3756977057
"1211","DE","00-04",2026-02-19,2026-02-22,1,"quantile",0.975,255716.13842886616
"1212","DE","00-04",2026-02-19,2026-03-01,2,"quantile",0.025,106989.19898353593
"1213","DE","00-04",2026-02-19,2026-03-01,2,"quantile",0.1,168721.37728760316
"1214","DE","00-04",2026-02-19,2026-03-01,2,"quantile",0.25,198818.0706016154
"1215","DE","00-04",2026-02-19,2026-03-01,2,"quantile",0.5,220221.45675133105
"1216","DE","00-04",2026-02-19,2026-03-01,2,"quantile",0.75,225826.45901986104
"1217","DE","00-04",2026-02-19,2026-03-01,2,"quantile",0.9,238043.2618511816
"1218","DE","00-04",2026-02-19,2026-03-01,2,"quantile",0.975,249525.69210845785
"1219","DE","00-04",2026-02-19,2026-03-08,3,"quantile",0.025,95783.2817619989
"1220","DE","00-04",2026-02-19,2026-03-08,3,"quantile",0.1,164213.42457006554
"1221","DE","00-04",2026-02-19,2026-03-08,3,"quantile",0.25,203967.6952806454
"1222","DE","00-04",2026-02-19,2026-03-08,3,"quantile",0.5,218487.16829910484
"1223","DE","00-04",2026-02-19,2026-03-08,3,"quantile",0.75,222890.25480357563
"1224","DE","00-04",2026-02-19,2026-03-08,3,"quantile",0.9,229301.2512524321
"1225","DE","00-04",2026-02-19,2026-03-08,3,"quantile",0.975,253816.281127044
"1226","DE","00-04",2026-02-19,2026-03-15,4,"quantile",0.025,106085.27265455096
"1227","DE","00-04",2026-02-19,2026-03-15,4,"quantile",0.1,176332.3894969044
"1228","DE","00-04",2026-02-19,2026-03-15,4,"quantile",0.25,193456.31701508703
"1229","DE","00-04",2026-02-19,2026-03-15,4,"quantile",0.5,205143.1610843508
"1230","DE","00-04",2026-02-19,2026-03-15,4,"quantile",0.75,212093.055205126
"1231","DE","00-04",2026-02-19,2026-03-15,4,"quantile",0.9,223795.26341231883
"1232","DE","00-04",2026-02-19,2026-03-15,4,"quantile",0.975,244311.95080847156
"1233","DE","05-14",2026-02-19,2026-02-22,1,"quantile",0.025,80523.88286435141
"1234","DE","05-14",2026-02-19,2026-02-22,1,"quantile",0.1,141595.9351886008
"1235","DE","05-14",2026-02-19,2026-02-22,1,"quantile",0.25,164141.87507898491
"1236","DE","05-14",2026-02-19,2026-02-22,1,"quantile",0.5,172439.3248200345
"1237","DE","05-14",2026-02-19,2026-02-22,1,"quantile",0.75,182396.3438749172
"1238","DE","05-14",2026-02-19,2026-02-22,1,"quantile",0.9,196309.76411188632
"1239","DE","05-14",2026-02-19,2026-02-22,1,"quantile",0.975,221122.2525695868
"1240","DE","05-14",2026-02-19,2026-03-01,2,"quantile",0.025,68479.84904884672
"1241","DE","05-14",2026-02-19,2026-03-01,2,"quantile",0.1,129441.93271565872
"1242","DE","05-14",2026-02-19,2026-03-01,2,"quantile",0.25,151068.5904532384
"1243","DE","05-14",2026-02-19,2026-03-01,2,"quantile",0.5,175520.49035187028
"1244","DE","05-14",2026-02-19,2026-03-01,2,"quantile",0.75,194862.5458342113
"1245","DE","05-14",2026-02-19,2026-03-01,2,"quantile",0.9,212421.31141035544
"1246","DE","05-14",2026-02-19,2026-03-01,2,"quantile",0.975,237392.28842878505
"1247","DE","05-14",2026-02-19,2026-03-08,3,"quantile",0.025,66273.27702477174
"1248","DE","05-14",2026-02-19,2026-03-08,3,"quantile",0.1,127841.16456107062
"1249","DE","05-14",2026-02-19,2026-03-08,3,"quantile",0.25,154731.32250895898
"1250","DE","05-14",2026-02-19,2026-03-08,3,"quantile",0.5,183519.14797262923
"1251","DE","05-14",2026-02-19,2026-03-08,3,"quantile",0.75,201499.49783957604
"1252","DE","05-14",2026-02-19,2026-03-08,3,"quantile",0.9,215770.3139063907
"1253","DE","05-14",2026-02-19,2026-03-08,3,"quantile",0.975,261673.03549863855
"1254","DE","05-14",2026-02-19,2026-03-15,4,"quantile",0.025,63211.71234755268
"1255","DE","05-14",2026-02-19,2026-03-15,4,"quantile",0.1,127434.89692411374
"1256","DE","05-14",2026-02-19,2026-03-15,4,"quantile",0.25,160457.95705916276
"1257","DE","05-14",2026-02-19,2026-03-15,4,"quantile",0.5,182974.52628292952
"1258","DE","05-14",2026-02-19,2026-03-15,4,"quantile",0.75,192354.5966455908
"1259","DE","05-14",2026-02-19,2026-03-15,4,"quantile",0.9,214867.88825089665
"1260","DE","05-14",2026-02-19,2026-03-15,4,"quantile",0.975,261554.93953422207
"1261","DE","15-34",2026-02-19,2026-02-22,1,"quantile",0.025,217120.51940481388
"1262","DE","15-34",2026-02-19,2026-02-22,1,"quantile",0.1,354661.7223503332
"1263","DE","15-34",2026-02-19,2026-02-22,1,"quantile",0.25,401977.4267031063
"1264","DE","15-34",2026-02-19,2026-02-22,1,"quantile",0.5,437263.0100945556
"1265","DE","15-34",2026-02-19,2026-02-22,1,"quantile",0.75,453125.5578922485
"1266","DE","15-34",2026-02-19,2026-02-22,1,"quantile",0.9,481315.044395536
"1267","DE","15-34",2026-02-19,2026-02-22,1,"quantile",0.975,523929.8575139785
"1268","DE","15-34",2026-02-19,2026-03-01,2,"quantile",0.025,213143.4231955548
"1269","DE","15-34",2026-02-19,2026-03-01,2,"quantile",0.1,323369.16544757807
"1270","DE","15-34",2026-02-19,2026-03-01,2,"quantile",0.25,372908.7968799431
"1271","DE","15-34",2026-02-19,2026-03-01,2,"quantile",0.5,411512.7799640223
"1272","DE","15-34",2026-02-19,2026-03-01,2,"quantile",0.75,446759.860464183
"1273","DE","15-34",2026-02-19,2026-03-01,2,"quantile",0.9,480469.5528772733
"1274","DE","15-34",2026-02-19,2026-03-01,2,"quantile",0.975,510445.3535518943
"1275","DE","15-34",2026-02-19,2026-03-08,3,"quantile",0.025,186792.5277499767
"1276","DE","15-34",2026-02-19,2026-03-08,3,"quantile",0.1,305041.024528067
"1277","DE","15-34",2026-02-19,2026-03-08,3,"quantile",0.25,337295.7085080013
"1278","DE","15-34",2026-02-19,2026-03-08,3,"quantile",0.5,392902.8901519016
"1279","DE","15-34",2026-02-19,2026-03-08,3,"quantile",0.75,439652.34945642017
"1280","DE","15-34",2026-02-19,2026-03-08,3,"quantile",0.9,464025.5774365546
"1281","DE","15-34",2026-02-19,2026-03-08,3,"quantile",0.975,488425.8124814396
"1282","DE","15-34",2026-02-19,2026-03-15,4,"quantile",0.025,188892.00683270307
"1283","DE","15-34",2026-02-19,2026-03-15,4,"quantile",0.1,284954.2965341591
"1284","DE","15-34",2026-02-19,2026-03-15,4,"quantile",0.25,333514.0452581491
"1285","DE","15-34",2026-02-19,2026-03-15,4,"quantile",0.5,388904.2892452732
"1286","DE","15-34",2026-02-19,2026-03-15,4,"quantile",0.75,423039.0101959513
"1287","DE","15-34",2026-02-19,2026-03-15,4,"quantile",0.9,437180.8077279233
"1288","DE","15-34",2026-02-19,2026-03-15,4,"quantile",0.975,514708.4509079227
"1289","DE","35-59",2026-02-19,2026-02-22,1,"quantile",0.025,251992.548109726
"1290","DE","35-59",2026-02-19,2026-02-22,1,"quantile",0.1,438463.09484047646
"1291","DE","35-59",2026-02-19,2026-02-22,1,"quantile",0.25,516482.2274792427
"1292","DE","35-59",2026-02-19,2026-02-22,1,"quantile",0.5,573711.7383311751
"1293","DE","35-59",2026-02-19,2026-02-22,1,"quantile",0.75,618763.035793674
"1294","DE","35-59",2026-02-19,2026-02-22,1,"quantile",0.9,659838.6748843421
"1295","DE","35-59",2026-02-19,2026-02-22,1,"quantile",0.975,721414.5190715671
"1296","DE","35-59",2026-02-19,2026-03-01,2,"quantile",0.025,237032.6062922201
"1297","DE","35-59",2026-02-19,2026-03-01,2,"quantile",0.1,409254.3205096424
"1298","DE","35-59",2026-02-19,2026-03-01,2,"quantile",0.25,490897.2179845431
"1299","DE","35-59",2026-02-19,2026-03-01,2,"quantile",0.5,532851.1998752652
"1300","DE","35-59",2026-02-19,2026-03-01,2,"quantile",0.75,580863.54353176
"1301","DE","35-59",2026-02-19,2026-03-01,2,"quantile",0.9,659861.6021416612
"1302","DE","35-59",2026-02-19,2026-03-01,2,"quantile",0.975,724666.0692065537
"1303","DE","35-59",2026-02-19,2026-03-08,3,"quantile",0.025,231356.28743252336
"1304","DE","35-59",2026-02-19,2026-03-08,3,"quantile",0.1,369816.5026527311
"1305","DE","35-59",2026-02-19,2026-03-08,3,"quantile",0.25,413791.6573270528
"1306","DE","35-59",2026-02-19,2026-03-08,3,"quantile",0.5,495800.2310557527
"1307","DE","35-59",2026-02-19,2026-03-08,3,"quantile",0.75,552743.060245476
"1308","DE","35-59",2026-02-19,2026-03-08,3,"quantile",0.9,606079.5267786467
"1309","DE","35-59",2026-02-19,2026-03-08,3,"quantile",0.975,657382.0082961188
"1310","DE","35-59",2026-02-19,2026-03-15,4,"quantile",0.025,209484.08095630503
"1311","DE","35-59",2026-02-19,2026-03-15,4,"quantile",0.1,354195.70028884243
"1312","DE","35-59",2026-02-19,2026-03-15,4,"quantile",0.25,405018.0019001579
"1313","DE","35-59",2026-02-19,2026-03-15,4,"quantile",0.5,490651.5854708607
"1314","DE","35-59",2026-02-19,2026-03-15,4,"quantile",0.75,541940.6808438094
"1315","DE","35-59",2026-02-19,2026-03-15,4,"quantile",0.9,579611.828715132
"1316","DE","35-59",2026-02-19,2026-03-15,4,"quantile",0.975,663355.9510474566
"1317","DE","60+",2026-02-19,2026-02-22,1,"quantile",0.025,86379.3451197537
"1318","DE","60+",2026-02-19,2026-02-22,1,"quantile",0.1,141159.77130299193
"1319","DE","60+",2026-02-19,2026-02-22,1,"quantile",0.25,170210.67263600862
"1320","DE","60+",2026-02-19,2026-02-22,1,"quantile",0.5,190646.2143372275
"1321","DE","60+",2026-02-19,2026-02-22,1,"quantile",0.75,200163.4466251374
"1322","DE","60+",2026-02-19,2026-02-22,1,"quantile",0.9,213630.23757201125
"1323","DE","60+",2026-02-19,2026-02-22,1,"quantile",0.975,245997.03290389423
"1324","DE","60+",2026-02-19,2026-03-01,2,"quantile",0.025,85437.3401582654
"1325","DE","60+",2026-02-19,2026-03-01,2,"quantile",0.1,133403.8952352672
"1326","DE","60+",2026-02-19,2026-03-01,2,"quantile",0.25,162020.86947793074
"1327","DE","60+",2026-02-19,2026-03-01,2,"quantile",0.5,176261.3861520521
"1328","DE","60+",2026-02-19,2026-03-01,2,"quantile",0.75,196091.0212056167
"1329","DE","60+",2026-02-19,2026-03-01,2,"quantile",0.9,223666.7155844196
"1330","DE","60+",2026-02-19,2026-03-01,2,"quantile",0.975,250221.7934350244
"1331","DE","60+",2026-02-19,2026-03-08,3,"quantile",0.025,76714.54001992125
"1332","DE","60+",2026-02-19,2026-03-08,3,"quantile",0.1,130822.71795874562
"1333","DE","60+",2026-02-19,2026-03-08,3,"quantile",0.25,144206.12215617052
"1334","DE","60+",2026-02-19,2026-03-08,3,"quantile",0.5,160104.62969346068
"1335","DE","60+",2026-02-19,2026-03-08,3,"quantile",0.75,179350.5876418768
"1336","DE","60+",2026-02-19,2026-03-08,3,"quantile",0.9,206026.38034253567
"1337","DE","60+",2026-02-19,2026-03-08,3,"quantile",0.975,240860.93372564515
"1338","DE","60+",2026-02-19,2026-03-15,4,"quantile",0.025,84628.72277858068
"1339","DE","60+",2026-02-19,2026-03-15,4,"quantile",0.1,129720.86660097203
"1340","DE","60+",2026-02-19,2026-03-15,4,"quantile",0.25,145908.59502935235
"1341","DE","60+",2026-02-19,2026-03-15,4,"quantile",0.5,163351.98210660688
"1342","DE","60+",2026-02-19,2026-03-15,4,"quantile",0.75,184378.8990464447
"1343","DE","60+",2026-02-19,2026-03-15,4,"quantile",0.9,199948.48079563072
"1344","DE","60+",2026-02-19,2026-03-15,4,"quantile",0.975,218023.8972063059
"1345","DE","00+",2026-03-05,2026-03-08,1,"quantile",0.025,706646.6062583865
"1346","DE","00+",2026-03-05,2026-03-08,1,"quantile",0.1,1210711.19163239
"1347","DE","00+",2026-03-05,2026-03-08,1,"quantile",0.25,1276996.6338239182
"1348","DE","00+",2026-03-05,2026-03-08,1,"quantile",0.5,1313332.7471201564
"1349","DE","00+",2026-03-05,2026-03-08,1,"quantile",0.75,1382073.91943666
"1350","DE","00+",2026-03-05,2026-03-08,1,"quantile",0.9,1524389.9007668972
"1351","DE","00+",2026-03-05,2026-03-08,1,"quantile",0.975,1631662.4519660068
"1352","DE","00+",2026-03-05,2026-03-15,2,"quantile",0.025,740634.0140919674
"1353","DE","00+",2026-03-05,2026-03-15,2,"quantile",0.1,1150788.719887692
"1354","DE","00+",2026-03-05,2026-03-15,2,"quantile",0.25,1229121.8998566414
"1355","DE","00+",2026-03-05,2026-03-15,2,"quantile",0.5,1289976.442808111
"1356","DE","00+",2026-03-05,2026-03-15,2,"quantile",0.75,1360918.480362466
"1357","DE","00+",2026-03-05,2026-03-15,2,"quantile",0.9,1489802.4038692864
"1358","DE","00+",2026-03-05,2026-03-15,2,"quantile",0.975,1637443.5137000454
"1359","DE","00+",2026-03-05,2026-03-22,3,"quantile",0.025,695468.3003738734
"1360","DE","00+",2026-03-05,2026-03-22,3,"quantile",0.1,1113904.9909113997
"1361","DE","00+",2026-03-05,2026-03-22,3,"quantile",0.25,1263513.4187177345
"1362","DE","00+",2026-03-05,2026-03-22,3,"quantile",0.5,1336585.480717766
"1363","DE","00+",2026-03-05,2026-03-22,3,"quantile",0.75,1358895.1741089842
"1364","DE","00+",2026-03-05,2026-03-22,3,"quantile",0.9,1424524.483733606
"1365","DE","00+",2026-03-05,2026-03-22,3,"quantile",0.975,1630716.8016262192
"1366","DE","00+",2026-03-05,2026-03-29,4,"quantile",0.025,689963.3612717763
"1367","DE","00+",2026-03-05,2026-03-29,4,"quantile",0.1,1033338.1854674948
"1368","DE","00+",2026-03-05,2026-03-29,4,"quantile",0.25,1132456.5723596148
"1369","DE","00+",2026-03-05,2026-03-29,4,"quantile",0.5,1197958.0325898845
"1370","DE","00+",2026-03-05,2026-03-29,4,"quantile",0.75,1279701.8509882386
"1371","DE","00+",2026-03-05,2026-03-29,4,"quantile",0.9,1311052.8629351114
"1372","DE","00+",2026-03-05,2026-03-29,4,"quantile",0.975,1526041.5152550084
"1373","DE","00-04",2026-03-05,2026-03-08,1,"quantile",0.025,116424.56146785764
"1374","DE","00-04",2026-03-05,2026-03-08,1,"quantile",0.1,173413.96398330323
"1375","DE","00-04",2026-03-05,2026-03-08,1,"quantile",0.25,185323.0117325241
"1376","DE","00-04",2026-03-05,2026-03-08,1,"quantile",0.5,197201.9357455299
"1377","DE","00-04",2026-03-05,2026-03-08,1,"quantile",0.75,209009.7866586972
"1378","DE","00-04",2026-03-05,2026-03-08,1,"quantile",0.9,226737.44775094357
"1379","DE","00-04",2026-03-05,2026-03-08,1,"quantile",0.975,237513.520153084
"1380","DE","00-04",2026-03-05,2026-03-15,2,"quantile",0.025,115738.37521740838
"1381","DE","00-04",2026-03-05,2026-03-15,2,"quantile",0.1,178803.1216227254
"1382","DE","00-04",2026-03-05,2026-03-15,2,"quantile",0.25,194189.0800309678
"1383","DE","00-04",2026-03-05,2026-03-15,2,"quantile",0.5,199720.5645573586
"1384","DE","00-04",2026-03-05,2026-03-15,2,"quantile",0.75,206716.26297991423
"1385","DE","00-04",2026-03-05,2026-03-15,2,"quantile",0.9,223065.4337931714
"1386","DE","00-04",2026-03-05,2026-03-15,2,"quantile",0.975,238678.45592125683
"1387","DE","00-04",2026-03-05,2026-03-22,3,"quantile",0.025,109740.31381345582
"1388","DE","00-04",2026-03-05,2026-03-22,3,"quantile",0.1,176754.97855399965
"1389","DE","00-04",2026-03-05,2026-03-22,3,"quantile",0.25,196058.56513321117
"1390","DE","00-04",2026-03-05,2026-03-22,3,"quantile",0.5,209035.3079083656
"1391","DE","00-04",2026-03-05,2026-03-22,3,"quantile",0.75,213156.0559978225
"1392","DE","00-04",2026-03-05,2026-03-22,3,"quantile",0.9,220556.95996232616
"1393","DE","00-04",2026-03-05,2026-03-22,3,"quantile",0.975,240292.1790108004
"1394","DE","00-04",2026-03-05,2026-03-29,4,"quantile",0.025,110716.24303359343
"1395","DE","00-04",2026-03-05,2026-03-29,4,"quantile",0.1,151115.7869259581
"1396","DE","00-04",2026-03-05,2026-03-29,4,"quantile",0.25,176609.2916229859
"1397","DE","00-04",2026-03-05,2026-03-29,4,"quantile",0.5,194956.7695023917
"1398","DE","00-04",2026-03-05,2026-03-29,4,"quantile",0.75,205521.34001565905
"1399","DE","00-04",2026-03-05,2026-03-29,4,"quantile",0.9,213959.1340106208
"1400","DE","00-04",2026-03-05,2026-03-29,4,"quantile",0.975,246243.8275375472
"1401","DE","05-14",2026-03-05,2026-03-08,1,"quantile",0.025,83487.89852096085
"1402","DE","05-14",2026-03-05,2026-03-08,1,"quantile",0.1,125593.1449142821
"1403","DE","05-14",2026-03-05,2026-03-08,1,"quantile",0.25,143741.82830870786
"1404","DE","05-14",2026-03-05,2026-03-08,1,"quantile",0.5,149757.13526343036
"1405","DE","05-14",2026-03-05,2026-03-08,1,"quantile",0.75,161927.00948132452
"1406","DE","05-14",2026-03-05,2026-03-08,1,"quantile",0.9,182853.1530633384
"1407","DE","05-14",2026-03-05,2026-03-08,1,"quantile",0.975,194608.7737232236
"1408","DE","05-14",2026-03-05,2026-03-15,2,"quantile",0.025,78381.3997341361
"1409","DE","05-14",2026-03-05,2026-03-15,2,"quantile",0.1,132545.16511270977
"1410","DE","05-14",2026-03-05,2026-03-15,2,"quantile",0.25,157661.13169258105
"1411","DE","05-14",2026-03-05,2026-03-15,2,"quantile",0.5,181747.7634938539
"1412","DE","05-14",2026-03-05,2026-03-15,2,"quantile",0.75,187773.94782048077
"1413","DE","05-14",2026-03-05,2026-03-15,2,"quantile",0.9,201646.1391012527
"1414","DE","05-14",2026-03-05,2026-03-15,2,"quantile",0.975,216135.91724696688
"1415","DE","05-14",2026-03-05,2026-03-22,3,"quantile",0.025,73732.41238305924
"1416","DE","05-14",2026-03-05,2026-03-22,3,"quantile",0.1,139883.81998768856
"1417","DE","05-14",2026-03-05,2026-03-22,3,"quantile",0.25,164979.63560832
"1418","DE","05-14",2026-03-05,2026-03-22,3,"quantile",0.5,183271.25334853944
"1419","DE","05-14",2026-03-05,2026-03-22,3,"quantile",0.75,190734.0922319135
"1420","DE","05-14",2026-03-05,2026-03-22,3,"quantile",0.9,198645.34511431915
"1421","DE","05-14",2026-03-05,2026-03-22,3,"quantile",0.975,212026.9819914823
"1422","DE","05-14",2026-03-05,2026-03-29,4,"quantile",0.025,70641.57117420128
"1423","DE","05-14",2026-03-05,2026-03-29,4,"quantile",0.1,116857.34824020548
"1424","DE","05-14",2026-03-05,2026-03-29,4,"quantile",0.25,144799.5008256164
"1425","DE","05-14",2026-03-05,2026-03-29,4,"quantile",0.5,158404.6083734104
"1426","DE","05-14",2026-03-05,2026-03-29,4,"quantile",0.75,176117.5066150098
"1427","DE","05-14",2026-03-05,2026-03-29,4,"quantile",0.9,191883.2425901537
"1428","DE","05-14",2026-03-05,2026-03-29,4,"quantile",0.975,231113.8418070577
"1429","DE","15-34",2026-03-05,2026-03-08,1,"quantile",0.025,201201.5165202675
"1430","DE","15-34",2026-03-05,2026-03-08,1,"quantile",0.1,331509.93187624245
"1431","DE","15-34",2026-03-05,2026-03-08,1,"quantile",0.25,344578.2399782079
"1432","DE","15-34",2026-03-05,2026-03-08,1,"quantile",0.5,359520.4069655776
"1433","DE","15-34",2026-03-05,2026-03-08,1,"quantile",0.75,384352.92545147135
"1434","DE","15-34",2026-03-05,2026-03-08,1,"quantile",0.9,424730.08289842727
"1435","DE","15-34",2026-03-05,2026-03-08,1,"quantile",0.975,454535.1130457812
"1436","DE","15-34",2026-03-05,2026-03-15,2,"quantile",0.025,205525.0069458432
"1437","DE","15-34",2026-03-05,2026-03-15,2,"quantile",0.1,313578.65260598686
"1438","DE","15-34",2026-03-05,2026-03-15,2,"quantile",0.25,336805.03839407495
"1439","DE","15-34",2026-03-05,2026-03-15,2,"quantile",0.5,351081.1889838149
"1440","DE","15-34",2026-03-05,2026-03-15,2,"quantile",0.75,375173.4005976452
"1441","DE","15-34",2026-03-05,2026-03-15,2,"quantile",0.9,411253.270392654
"1442","DE","15-34",2026-03-05,2026-03-15,2,"quantile",0.975,468935.4597298917
"1443","DE","15-34",2026-03-05,2026-03-22,3,"quantile",0.025,189045.77303713225
"1444","DE","15-34",2026-03-05,2026-03-22,3,"quantile",0.1,307094.8581429472
"1445","DE","15-34",2026-03-05,2026-03-22,3,"quantile",0.25,349479.95090610854
"1446","DE","15-34",2026-03-05,2026-03-22,3,"quantile",0.5,359197.62430869
"1447","DE","15-34",2026-03-05,2026-03-22,3,"quantile",0.75,364171.960200747
"1448","DE","15-34",2026-03-05,2026-03-22,3,"quantile",0.9,380723.0700298097
"1449","DE","15-34",2026-03-05,2026-03-22,3,"quantile",0.975,456174.2589532475
"1450","DE","15-34",2026-03-05,2026-03-29,4,"quantile",0.025,196692.1833948979
"1451","DE","15-34",2026-03-05,2026-03-29,4,"quantile",0.1,273188.9626682581
"1452","DE","15-34",2026-03-05,2026-03-29,4,"quantile",0.25,316844.6050223982
"1453","DE","15-34",2026-03-05,2026-03-29,4,"quantile",0.5,324170.6326011553
"1454","DE","15-34",2026-03-05,2026-03-29,4,"quantile",0.75,344900.6665538608
"1455","DE","15-34",2026-03-05,2026-03-29,4,"quantile",0.9,353725.54886891425
"1456","DE","15-34",2026-03-05,2026-03-29,4,"quantile",0.975,414643.4378372635
"1457","DE","35-59",2026-03-05,2026-03-08,1,"quantile",0.025,239676.57051051484
"1458","DE","35-59",2026-03-05,2026-03-08,1,"quantile",0.1,399978.14433255966
"1459","DE","35-59",2026-03-05,2026-03-08,1,"quantile",0.25,421883.9096167612
"1460","DE","35-59",2026-03-05,2026-03-08,1,"quantile",0.5,442978.6029808905
"1461","DE","35-59",2026-03-05,2026-03-08,1,"quantile",0.75,470924.993216752
"1462","DE","35-59",2026-03-05,2026-03-08,1,"quantile",0.9,529839.1843882867
"1463","DE","35-59",2026-03-05,2026-03-08,1,"quantile",0.975,578346.1625327345
"1464","DE","35-59",2026-03-05,2026-03-15,2,"quantile",0.025,235727.2144409453
"1465","DE","35-59",2026-03-05,2026-03-15,2,"quantile",0.1,366659.71811497473
"1466","DE","35-59",2026-03-05,2026-03-15,2,"quantile",0.25,397486.7082369457
"1467","DE","35-59",2026-03-05,2026-03-15,2,"quantile",0.5,414107.8065058415
"1468","DE","35-59",2026-03-05,2026-03-15,2,"quantile",0.75,452175.88301915664
"1469","DE","35-59",2026-03-05,2026-03-15,2,"quantile",0.9,515294.5354404341
"1470","DE","35-59",2026-03-05,2026-03-15,2,"quantile",0.975,569997.648401527
"1471","DE","35-59",2026-03-05,2026-03-22,3,"quantile",0.025,219181.0990918369
"1472","DE","35-59",2026-03-05,2026-03-22,3,"quantile",0.1,348234.24282738834
"1473","DE","35-59",2026-03-05,2026-03-22,3,"quantile",0.25,388761.0261116642
"1474","DE","35-59",2026-03-05,2026-03-22,3,"quantile",0.5,424080.1170280684
"1475","DE","35-59",2026-03-05,2026-03-22,3,"quantile",0.75,453851.8840391477
"1476","DE","35-59",2026-03-05,2026-03-22,3,"quantile",0.9,506878.2985587789
"1477","DE","35-59",2026-03-05,2026-03-22,3,"quantile",0.975,605867.2803275536
"1478","DE","35-59",2026-03-05,2026-03-29,4,"quantile",0.025,192157.8715333889
"1479","DE","35-59",2026-03-05,2026-03-29,4,"quantile",0.1,306936.41688340035
"1480","DE","35-59",2026-03-05,2026-03-29,4,"quantile",0.25,339530.91574609606
"1481","DE","35-59",2026-03-05,2026-03-29,4,"quantile",0.5,394862.7437106168
"1482","DE","35-59",2026-03-05,2026-03-29,4,"quantile",0.75,438012.1889399183
"1483","DE","35-59",2026-03-05,2026-03-29,4,"quantile",0.9,448039.9591922864
"1484","DE","35-59",2026-03-05,2026-03-29,4,"quantile",0.975,541838.5297828872
"1485","DE","60+",2026-03-05,2026-03-08,1,"quantile",0.025,88683.82553592543
"1486","DE","60+",2026-03-05,2026-03-08,1,"quantile",0.1,129368.0630433998
"1487","DE","60+",2026-03-05,2026-03-08,1,"quantile",0.25,144713.78260606946
"1488","DE","60+",2026-03-05,2026-03-08,1,"quantile",0.5,153375.138133679
"1489","DE","60+",2026-03-05,2026-03-08,1,"quantile",0.75,160969.60765292327
"1490","DE","60+",2026-03-05,2026-03-08,1,"quantile",0.9,175137.4284674943
"1491","DE","60+",2026-03-05,2026-03-08,1,"quantile",0.975,183952.28555569064
"1492","DE","60+",2026-03-05,2026-03-15,2,"quantile",0.025,89311.05192941354
"1493","DE","60+",2026-03-05,2026-03-15,2,"quantile",0.1,123779.93188919284
"1494","DE","60+",2026-03-05,2026-03-15,2,"quantile",0.25,138161.44888587805
"1495","DE","60+",2026-03-05,2026-03-15,2,"quantile",0.5,147983.47340062898
"1496","DE","60+",2026-03-05,2026-03-15,2,"quantile",0.75,156747.62703702267
"1497","DE","60+",2026-03-05,2026-03-15,2,"quantile",0.9,172257.0976943712
"1498","DE","60+",2026-03-05,2026-03-15,2,"quantile",0.975,185320.9688572083
"1499","DE","60+",2026-03-05,2026-03-22,3,"quantile",0.025,78963.64207055086
"1500","DE","60+",2026-03-05,2026-03-22,3,"quantile",0.1,122868.91895541563
"1501","DE","60+",2026-03-05,2026-03-22,3,"quantile",0.25,139126.07078995073
"1502","DE","60+",2026-03-05,2026-03-22,3,"quantile",0.5,150851.55075617746
"1503","DE","60+",2026-03-05,2026-03-22,3,"quantile",0.75,158905.2892329465
"1504","DE","60+",2026-03-05,2026-03-22,3,"quantile",0.9,169669.0074771506
"1505","DE","60+",2026-03-05,2026-03-22,3,"quantile",0.975,199831.3881766409
"1506","DE","60+",2026-03-05,2026-03-29,4,"quantile",0.025,82849.86796196023
"1507","DE","60+",2026-03-05,2026-03-29,4,"quantile",0.1,112579.54218147811
"1508","DE","60+",2026-03-05,2026-03-29,4,"quantile",0.25,123978.28056243432
"1509","DE","60+",2026-03-05,2026-03-29,4,"quantile",0.5,147182.1461265796
"1510","DE","60+",2026-03-05,2026-03-29,4,"quantile",0.75,152431.5458704923
"1511","DE","60+",2026-03-05,2026-03-29,4,"quantile",0.9,157419.41359734206
"1512","DE","60+",2026-03-05,2026-03-29,4,"quantile",0.975,187376.9913740268
"1513","DE","00+",2026-03-12,2026-03-15,1,"quantile",0.025,715587.361622718
"1514","DE","00+",2026-03-12,2026-03-15,1,"quantile",0.1,1026897.1653105008
"1515","DE","00+",2026-03-12,2026-03-15,1,"quantile",0.25,1108593.3085853576
"1516","DE","00+",2026-03-12,2026-03-15,1,"quantile",0.5,1161075.95151111
"1517","DE","00+",2026-03-12,2026-03-15,1,"quantile",0.75,1249935.5034454002
"1518","DE","00+",2026-03-12,2026-03-15,1,"quantile",0.9,1346950.4905400749
"1519","DE","00+",2026-03-12,2026-03-15,1,"quantile",0.975,1438674.3814049892
"1520","DE","00+",2026-03-12,2026-03-22,2,"quantile",0.025,704276.6433047494
"1521","DE","00+",2026-03-12,2026-03-22,2,"quantile",0.1,979265.8408146126
"1522","DE","00+",2026-03-12,2026-03-22,2,"quantile",0.25,1133297.445242049
"1523","DE","00+",2026-03-12,2026-03-22,2,"quantile",0.5,1197789.0742203074
"1524","DE","00+",2026-03-12,2026-03-22,2,"quantile",0.75,1228820.2035813397
"1525","DE","00+",2026-03-12,2026-03-22,2,"quantile",0.9,1297729.3334094668
"1526","DE","00+",2026-03-12,2026-03-22,2,"quantile",0.975,1448337.8869300797
"1527","DE","00+",2026-03-12,2026-03-29,3,"quantile",0.025,692403.5899914213
"1528","DE","00+",2026-03-12,2026-03-29,3,"quantile",0.1,972641.1578558956
"1529","DE","00+",2026-03-12,2026-03-29,3,"quantile",0.25,1034894.1078142944
"1530","DE","00+",2026-03-12,2026-03-29,3,"quantile",0.5,1088679.705291478
"1531","DE","00+",2026-03-12,2026-03-29,3,"quantile",0.75,1191714.867576319
"1532","DE","00+",2026-03-12,2026-03-29,3,"quantile",0.9,1318416.3364468135
"1533","DE","00+",2026-03-12,2026-03-29,3,"quantile",0.975,1545415.8273379188
"1534","DE","00+",2026-03-12,2026-04-05,4,"quantile",0.025,674060.3936178983
"1535","DE","00+",2026-03-12,2026-04-05,4,"quantile",0.1,877484.87695638
"1536","DE","00+",2026-03-12,2026-04-05,4,"quantile",0.25,902196.3223510524
"1537","DE","00+",2026-03-12,2026-04-05,4,"quantile",0.5,925192.0997135928
"1538","DE","00+",2026-03-12,2026-04-05,4,"quantile",0.75,1052668.932426097
"1539","DE","00+",2026-03-12,2026-04-05,4,"quantile",0.9,1224277.1565999049
"1540","DE","00+",2026-03-12,2026-04-05,4,"quantile",0.975,1536465.2792745293
"1541","DE","00-04",2026-03-12,2026-03-15,1,"quantile",0.025,112868.09877262494
"1542","DE","00-04",2026-03-12,2026-03-15,1,"quantile",0.1,166152.86004545545
"1543","DE","00-04",2026-03-12,2026-03-15,1,"quantile",0.25,180541.32494512736
"1544","DE","00-04",2026-03-12,2026-03-15,1,"quantile",0.5,189527.88054673275
"1545","DE","00-04",2026-03-12,2026-03-15,1,"quantile",0.75,200490.02028224288
"1546","DE","00-04",2026-03-12,2026-03-15,1,"quantile",0.9,215458.62034468507
"1547","DE","00-04",2026-03-12,2026-03-15,1,"quantile",0.975,225283.892117292
"1548","DE","00-04",2026-03-12,2026-03-22,2,"quantile",0.025,110586.44686741014
"1549","DE","00-04",2026-03-12,2026-03-22,2,"quantile",0.1,171450.0944897715
"1550","DE","00-04",2026-03-12,2026-03-22,2,"quantile",0.25,185217.39169144223
"1551","DE","00-04",2026-03-12,2026-03-22,2,"quantile",0.5,197028.42993015912
"1552","DE","00-04",2026-03-12,2026-03-22,2,"quantile",0.75,203696.17986164647
"1553","DE","00-04",2026-03-12,2026-03-22,2,"quantile",0.9,217756.93727960077
"1554","DE","00-04",2026-03-12,2026-03-22,2,"quantile",0.975,229751.0188238648
"1555","DE","00-04",2026-03-12,2026-03-29,3,"quantile",0.025,108350.20903169124
"1556","DE","00-04",2026-03-12,2026-03-29,3,"quantile",0.1,155273.26003584516
"1557","DE","00-04",2026-03-12,2026-03-29,3,"quantile",0.25,180242.51544889755
"1558","DE","00-04",2026-03-12,2026-03-29,3,"quantile",0.5,193945.1989968505
"1559","DE","00-04",2026-03-12,2026-03-29,3,"quantile",0.75,203413.46126793424
"1560","DE","00-04",2026-03-12,2026-03-29,3,"quantile",0.9,216343.84960446449
"1561","DE","00-04",2026-03-12,2026-03-29,3,"quantile",0.975,228679.49413266085
"1562","DE","00-04",2026-03-12,2026-04-05,4,"quantile",0.025,105383.76121565411
"1563","DE","00-04",2026-03-12,2026-04-05,4,"quantile",0.1,142316.16871176733
"1564","DE","00-04",2026-03-12,2026-04-05,4,"quantile",0.25,164397.50279506418
"1565","DE","00-04",2026-03-12,2026-04-05,4,"quantile",0.5,171696.1236668347
"1566","DE","00-04",2026-03-12,2026-04-05,4,"quantile",0.75,184933.5361740824
"1567","DE","00-04",2026-03-12,2026-04-05,4,"quantile",0.9,213545.60354597916
"1568","DE","00-04",2026-03-12,2026-04-05,4,"quantile",0.975,234382.2144396717
"1569","DE","05-14",2026-03-12,2026-03-15,1,"quantile",0.025,82271.14837306592
"1570","DE","05-14",2026-03-12,2026-03-15,1,"quantile",0.1,116738.1968494498
"1571","DE","05-14",2026-03-12,2026-03-15,1,"quantile",0.25,131588.09474040833
"1572","DE","05-14",2026-03-12,2026-03-15,1,"quantile",0.5,147565.79077539887
"1573","DE","05-14",2026-03-12,2026-03-15,1,"quantile",0.75,155484.8449597656
"1574","DE","05-14",2026-03-12,2026-03-15,1,"quantile",0.9,165885.7260880984
"1575","DE","05-14",2026-03-12,2026-03-15,1,"quantile",0.975,179202.37645242098
"1576","DE","05-14",2026-03-12,2026-03-22,2,"quantile",0.025,78583.53933076156
"1577","DE","05-14",2026-03-12,2026-03-22,2,"quantile",0.1,133401.76420838377
"1578","DE","05-14",2026-03-12,2026-03-22,2,"quantile",0.25,155318.6396182774
"1579","DE","05-14",2026-03-12,2026-03-22,2,"quantile",0.5,170042.83205290744
"1580","DE","05-14",2026-03-12,2026-03-22,2,"quantile",0.75,175737.83003719075
"1581","DE","05-14",2026-03-12,2026-03-22,2,"quantile",0.9,187185.8890798592
"1582","DE","05-14",2026-03-12,2026-03-22,2,"quantile",0.975,200819.1901716596
"1583","DE","05-14",2026-03-12,2026-03-29,3,"quantile",0.025,73388.4797695459
"1584","DE","05-14",2026-03-12,2026-03-29,3,"quantile",0.1,120008.15966467874
"1585","DE","05-14",2026-03-12,2026-03-29,3,"quantile",0.25,138566.22086454654
"1586","DE","05-14",2026-03-12,2026-03-29,3,"quantile",0.5,151850.30094856728
"1587","DE","05-14",2026-03-12,2026-03-29,3,"quantile",0.75,167077.6724506122
"1588","DE","05-14",2026-03-12,2026-03-29,3,"quantile",0.9,188305.166588793
"1589","DE","05-14",2026-03-12,2026-03-29,3,"quantile",0.975,220000.02956833347
"1590","DE","05-14",2026-03-12,2026-04-05,4,"quantile",0.025,68782.39965637101
"1591","DE","05-14",2026-03-12,2026-04-05,4,"quantile",0.1,99372.4288934022
"1592","DE","05-14",2026-03-12,2026-04-05,4,"quantile",0.25,117098.52514263836
"1593","DE","05-14",2026-03-12,2026-04-05,4,"quantile",0.5,126308.33096644466
"1594","DE","05-14",2026-03-12,2026-04-05,4,"quantile",0.75,150178.47238772255
"1595","DE","05-14",2026-03-12,2026-04-05,4,"quantile",0.9,172755.13761480254
"1596","DE","05-14",2026-03-12,2026-04-05,4,"quantile",0.975,207776.27226737325
"1597","DE","15-34",2026-03-12,2026-03-15,1,"quantile",0.025,205847.4311359888
"1598","DE","15-34",2026-03-12,2026-03-15,1,"quantile",0.1,271773.1949369397
"1599","DE","15-34",2026-03-12,2026-03-15,1,"quantile",0.25,289226.1496374034
"1600","DE","15-34",2026-03-12,2026-03-15,1,"quantile",0.5,304216.7837180276
"1601","DE","15-34",2026-03-12,2026-03-15,1,"quantile",0.75,335661.2299265662
"1602","DE","15-34",2026-03-12,2026-03-15,1,"quantile",0.9,377905.99040860287
"1603","DE","15-34",2026-03-12,2026-03-15,1,"quantile",0.975,419678.4106342009
"1604","DE","15-34",2026-03-12,2026-03-22,2,"quantile",0.025,194942.1725708901
"1605","DE","15-34",2026-03-12,2026-03-22,2,"quantile",0.1,270390.2391039304
"1606","DE","15-34",2026-03-12,2026-03-22,2,"quantile",0.25,298562.09307959967
"1607","DE","15-34",2026-03-12,2026-03-22,2,"quantile",0.5,315613.86726085964
"1608","DE","15-34",2026-03-12,2026-03-22,2,"quantile",0.75,324914.82776488306
"1609","DE","15-34",2026-03-12,2026-03-22,2,"quantile",0.9,351681.59037326
"1610","DE","15-34",2026-03-12,2026-03-22,2,"quantile",0.975,410296.5039483997
"1611","DE","15-34",2026-03-12,2026-03-29,3,"quantile",0.025,191087.4284731623
"1612","DE","15-34",2026-03-12,2026-03-29,3,"quantile",0.1,257428.23470509585
"1613","DE","15-34",2026-03-12,2026-03-29,3,"quantile",0.25,275427.8654092166
"1614","DE","15-34",2026-03-12,2026-03-29,3,"quantile",0.5,282562.8884398849
"1615","DE","15-34",2026-03-12,2026-03-29,3,"quantile",0.75,300380.2590546336
"1616","DE","15-34",2026-03-12,2026-03-29,3,"quantile",0.9,338672.91183118534
"1617","DE","15-34",2026-03-12,2026-03-29,3,"quantile",0.975,421909.3898845812
"1618","DE","15-34",2026-03-12,2026-04-05,4,"quantile",0.025,190004.74590809195
"1619","DE","15-34",2026-03-12,2026-04-05,4,"quantile",0.1,233818.9174780958
"1620","DE","15-34",2026-03-12,2026-04-05,4,"quantile",0.25,238021.80104697996
"1621","DE","15-34",2026-03-12,2026-04-05,4,"quantile",0.5,244408.74054065175
"1622","DE","15-34",2026-03-12,2026-04-05,4,"quantile",0.75,285269.476620724
"1623","DE","15-34",2026-03-12,2026-04-05,4,"quantile",0.9,333468.35329274967
"1624","DE","15-34",2026-03-12,2026-04-05,4,"quantile",0.975,410784.0959663146
"1625","DE","35-59",2026-03-12,2026-03-15,1,"quantile",0.025,238106.45702008888
"1626","DE","35-59",2026-03-12,2026-03-15,1,"quantile",0.1,333182.6055256881
"1627","DE","35-59",2026-03-12,2026-03-15,1,"quantile",0.25,360040.6929500598
"1628","DE","35-59",2026-03-12,2026-03-15,1,"quantile",0.5,378578.133590886
"1629","DE","35-59",2026-03-12,2026-03-15,1,"quantile",0.75,404439.5820533625
"1630","DE","35-59",2026-03-12,2026-03-15,1,"quantile",0.9,446371.8461118449
"1631","DE","35-59",2026-03-12,2026-03-15,1,"quantile",0.975,515527.8475514576
"1632","DE","35-59",2026-03-12,2026-03-22,2,"quantile",0.025,207459.2965500922
"1633","DE","35-59",2026-03-12,2026-03-22,2,"quantile",0.1,316472.8792158372
"1634","DE","35-59",2026-03-12,2026-03-22,2,"quantile",0.25,348170.7780826393
"1635","DE","35-59",2026-03-12,2026-03-22,2,"quantile",0.5,359462.1842592631
"1636","DE","35-59",2026-03-12,2026-03-22,2,"quantile",0.75,379334.5299611349
"1637","DE","35-59",2026-03-12,2026-03-22,2,"quantile",0.9,420106.8798774012
"1638","DE","35-59",2026-03-12,2026-03-22,2,"quantile",0.975,492615.75878992473
"1639","DE","35-59",2026-03-12,2026-03-29,3,"quantile",0.025,200152.8196863838
"1640","DE","35-59",2026-03-12,2026-03-29,3,"quantile",0.1,283439.4589895719
"1641","DE","35-59",2026-03-12,2026-03-29,3,"quantile",0.25,302918.4293170068
"1642","DE","35-59",2026-03-12,2026-03-29,3,"quantile",0.5,326625.01162407856
"1643","DE","35-59",2026-03-12,2026-03-29,3,"quantile",0.75,364457.7507327422
"1644","DE","35-59",2026-03-12,2026-03-29,3,"quantile",0.9,414983.1913230716
"1645","DE","35-59",2026-03-12,2026-03-29,3,"quantile",0.975,519386.2076704843
"1646","DE","35-59",2026-03-12,2026-04-05,4,"quantile",0.025,196639.10950755107
"1647","DE","35-59",2026-03-12,2026-04-05,4,"quantile",0.1,272323.92648375774
"1648","DE","35-59",2026-03-12,2026-04-05,4,"quantile",0.25,279109.03282004
"1649","DE","35-59",2026-03-12,2026-04-05,4,"quantile",0.5,292002.9546631843
"1650","DE","35-59",2026-03-12,2026-04-05,4,"quantile",0.75,330192.3757354644
"1651","DE","35-59",2026-03-12,2026-04-05,4,"quantile",0.9,411095.34292742587
"1652","DE","35-59",2026-03-12,2026-04-05,4,"quantile",0.975,523218.4436579991
"1653","DE","60+",2026-03-12,2026-03-15,1,"quantile",0.025,86355.09660761051
"1654","DE","60+",2026-03-12,2026-03-15,1,"quantile",0.1,116736.1111111115
"1655","DE","60+",2026-03-12,2026-03-15,1,"quantile",0.25,128428.09126916932
"1656","DE","60+",2026-03-12,2026-03-15,1,"quantile",0.5,136474.34312250154
"1657","DE","60+",2026-03-12,2026-03-15,1,"quantile",0.75,150317.84791887974
"1658","DE","60+",2026-03-12,2026-03-15,1,"quantile",0.9,158948.81638682113
"1659","DE","60+",2026-03-12,2026-03-15,1,"quantile",0.975,172627.70846013533
"1660","DE","60+",2026-03-12,2026-03-22,2,"quantile",0.025,80370.87167777806
"1661","DE","60+",2026-03-12,2026-03-22,2,"quantile",0.1,109150.72921367144
"1662","DE","60+",2026-03-12,2026-03-22,2,"quantile",0.25,124608.06911130287
"1663","DE","60+",2026-03-12,2026-03-22,2,"quantile",0.5,133884.57765823853
"1664","DE","60+",2026-03-12,2026-03-22,2,"quantile",0.75,142888.35311743358
"1665","DE","60+",2026-03-12,2026-03-22,2,"quantile",0.9,153020.91057151137
"1666","DE","60+",2026-03-12,2026-03-22,2,"quantile",0.975,170244.05998105407
"1667","DE","60+",2026-03-12,2026-03-29,3,"quantile",0.025,72710.01062081051
"1668","DE","60+",2026-03-12,2026-03-29,3,"quantile",0.1,105572.52481973676
"1669","DE","60+",2026-03-12,2026-03-29,3,"quantile",0.25,120134.63236853124
"1670","DE","60+",2026-03-12,2026-03-29,3,"quantile",0.5,125766.92396853674
"1671","DE","60+",2026-03-12,2026-03-29,3,"quantile",0.75,134217.3882057892
"1672","DE","60+",2026-03-12,2026-03-29,3,"quantile",0.9,144219.26199135295
"1673","DE","60+",2026-03-12,2026-03-29,3,"quantile",0.975,174862.09709323494
"1674","DE","60+",2026-03-12,2026-04-05,4,"quantile",0.025,81261.07547135439
"1675","DE","60+",2026-03-12,2026-04-05,4,"quantile",0.1,103158.27285857694
"1676","DE","60+",2026-03-12,2026-04-05,4,"quantile",0.25,108950.9671188991
"1677","DE","60+",2026-03-12,2026-04-05,4,"quantile",0.5,118420.11345051516
"1678","DE","60+",2026-03-12,2026-04-05,4,"quantile",0.75,133453.2002696781
"1679","DE","60+",2026-03-12,2026-04-05,4,"quantile",0.9,150101.68367089005
"1680","DE","60+",2026-03-12,2026-04-05,4,"quantile",0.975,177926.9026509068
"1681","DE","00+",2026-03-19,2026-03-22,1,"quantile",0.025,715560.273820956
"1682","DE","00+",2026-03-19,2026-03-22,1,"quantile",0.1,1021559.0480160336
"1683","DE","00+",2026-03-19,2026-03-22,1,"quantile",0.25,1057013.7892780756
"1684","DE","00+",2026-03-19,2026-03-22,1,"quantile",0.5,1103862.7168377233
"1685","DE","00+",2026-03-19,2026-03-22,1,"quantile",0.75,1185059.8496093624
"1686","DE","00+",2026-03-19,2026-03-22,1,"quantile",0.9,1249947.5112274387
"1687","DE","00+",2026-03-19,2026-03-22,1,"quantile",0.975,1407999.5268788
"1688","DE","00+",2026-03-19,2026-03-29,2,"quantile",0.025,670419.483672103
"1689","DE","00+",2026-03-19,2026-03-29,2,"quantile",0.1,900696.2866285176
"1690","DE","00+",2026-03-19,2026-03-29,2,"quantile",0.25,991270.33918514
"1691","DE","00+",2026-03-19,2026-03-29,2,"quantile",0.5,1018162.4060710844
"1692","DE","00+",2026-03-19,2026-03-29,2,"quantile",0.75,1082205.985238344
"1693","DE","00+",2026-03-19,2026-03-29,2,"quantile",0.9,1184972.685163111
"1694","DE","00+",2026-03-19,2026-03-29,2,"quantile",0.975,1422937.1366208186
"1695","DE","00+",2026-03-19,2026-04-05,3,"quantile",0.025,658503.8575222936
"1696","DE","00+",2026-03-19,2026-04-05,3,"quantile",0.1,825187.9215415233
"1697","DE","00+",2026-03-19,2026-04-05,3,"quantile",0.25,852666.9295253425
"1698","DE","00+",2026-03-19,2026-04-05,3,"quantile",0.5,889689.8169672098
"1699","DE","00+",2026-03-19,2026-04-05,3,"quantile",0.75,960890.6569768494
"1700","DE","00+",2026-03-19,2026-04-05,3,"quantile",0.9,1204312.4283169112
"1701","DE","00+",2026-03-19,2026-04-05,3,"quantile",0.975,1502772.9190715607
"1702","DE","00+",2026-03-19,2026-04-12,4,"quantile",0.025,615265.48686065
"1703","DE","00+",2026-03-19,2026-04-12,4,"quantile",0.1,746730.0805899489
"1704","DE","00+",2026-03-19,2026-04-12,4,"quantile",0.25,835198.9614984859
"1705","DE","00+",2026-03-19,2026-04-12,4,"quantile",0.5,861326.9163074583
"1706","DE","00+",2026-03-19,2026-04-12,4,"quantile",0.75,952526.7195667636
"1707","DE","00+",2026-03-19,2026-04-12,4,"quantile",0.9,1161142.9493659309
"1708","DE","00+",2026-03-19,2026-04-12,4,"quantile",0.975,1540137.8427347986
"1709","DE","00-04",2026-03-19,2026-03-22,1,"quantile",0.025,115957.15001436176
"1710","DE","00-04",2026-03-19,2026-03-22,1,"quantile",0.1,160135.41000890193
"1711","DE","00-04",2026-03-19,2026-03-22,1,"quantile",0.25,167517.95778735867
"1712","DE","00-04",2026-03-19,2026-03-22,1,"quantile",0.5,175070.40840945754
"1713","DE","00-04",2026-03-19,2026-03-22,1,"quantile",0.75,181887.5711718195
"1714","DE","00-04",2026-03-19,2026-03-22,1,"quantile",0.9,190957.60034639956
"1715","DE","00-04",2026-03-19,2026-03-22,1,"quantile",0.975,200642.3987137192
"1716","DE","00-04",2026-03-19,2026-03-29,2,"quantile",0.025,110564.07810465022
"1717","DE","00-04",2026-03-19,2026-03-29,2,"quantile",0.1,151772.6861982154
"1718","DE","00-04",2026-03-19,2026-03-29,2,"quantile",0.25,167162.24245224518
"1719","DE","00-04",2026-03-19,2026-03-29,2,"quantile",0.5,178270.01575969366
"1720","DE","00-04",2026-03-19,2026-03-29,2,"quantile",0.75,184732.7462573697
"1721","DE","00-04",2026-03-19,2026-03-29,2,"quantile",0.9,192699.20588158804
"1722","DE","00-04",2026-03-19,2026-03-29,2,"quantile",0.975,206403.81144687685
"1723","DE","00-04",2026-03-19,2026-04-05,3,"quantile",0.025,101320.620952588
"1724","DE","00-04",2026-03-19,2026-04-05,3,"quantile",0.1,132799.1788122137
"1725","DE","00-04",2026-03-19,2026-04-05,3,"quantile",0.25,155530.65198869232
"1726","DE","00-04",2026-03-19,2026-04-05,3,"quantile",0.5,162838.87045727516
"1727","DE","00-04",2026-03-19,2026-04-05,3,"quantile",0.75,168745.68940893427
"1728","DE","00-04",2026-03-19,2026-04-05,3,"quantile",0.9,184359.55701781812
"1729","DE","00-04",2026-03-19,2026-04-05,3,"quantile",0.975,210658.00132626572
"1730","DE","00-04",2026-03-19,2026-04-12,4,"quantile",0.025,95393.27662440842
"1731","DE","00-04",2026-03-19,2026-04-12,4,"quantile",0.1,129406.47439019056
"1732","DE","00-04",2026-03-19,2026-04-12,4,"quantile",0.25,152754.95594085736
"1733","DE","00-04",2026-03-19,2026-04-12,4,"quantile",0.5,156595.3216583373
"1734","DE","00-04",2026-03-19,2026-04-12,4,"quantile",0.75,168399.1724999617
"1735","DE","00-04",2026-03-19,2026-04-12,4,"quantile",0.9,186889.97093363455
"1736","DE","00-04",2026-03-19,2026-04-12,4,"quantile",0.975,232521.95114228028
"1737","DE","05-14",2026-03-19,2026-03-22,1,"quantile",0.025,82275.07938338546
"1738","DE","05-14",2026-03-19,2026-03-22,1,"quantile",0.1,120671.0731471858
"1739","DE","05-14",2026-03-19,2026-03-22,1,"quantile",0.25,132704.992719711
"1740","DE","05-14",2026-03-19,2026-03-22,1,"quantile",0.5,143040.92623072586
"1741","DE","05-14",2026-03-19,2026-03-22,1,"quantile",0.75,150661.33042162325
"1742","DE","05-14",2026-03-19,2026-03-22,1,"quantile",0.9,159942.87702719617
"1743","DE","05-14",2026-03-19,2026-03-22,1,"quantile",0.975,177204.55214015298
"1744","DE","05-14",2026-03-19,2026-03-29,2,"quantile",0.025,74365.31004694772
"1745","DE","05-14",2026-03-19,2026-03-29,2,"quantile",0.1,113852.26966657338
"1746","DE","05-14",2026-03-19,2026-03-29,2,"quantile",0.25,129041.7919665966
"1747","DE","05-14",2026-03-19,2026-03-29,2,"quantile",0.5,138583.32201637764
"1748","DE","05-14",2026-03-19,2026-03-29,2,"quantile",0.75,153508.65905189147
"1749","DE","05-14",2026-03-19,2026-03-29,2,"quantile",0.9,172800.48878130026
"1750","DE","05-14",2026-03-19,2026-03-29,2,"quantile",0.975,199447.61580205252
"1751","DE","05-14",2026-03-19,2026-04-05,3,"quantile",0.025,68694.53251251052
"1752","DE","05-14",2026-03-19,2026-04-05,3,"quantile",0.1,95432.29995700164
"1753","DE","05-14",2026-03-19,2026-04-05,3,"quantile",0.25,113368.29715525272
"1754","DE","05-14",2026-03-19,2026-04-05,3,"quantile",0.5,120326.5161184468
"1755","DE","05-14",2026-03-19,2026-04-05,3,"quantile",0.75,127242.41765287577
"1756","DE","05-14",2026-03-19,2026-04-05,3,"quantile",0.9,159877.830042188
"1757","DE","05-14",2026-03-19,2026-04-05,3,"quantile",0.975,194985.62702569104
"1758","DE","05-14",2026-03-19,2026-04-12,4,"quantile",0.025,61447.26510100344
"1759","DE","05-14",2026-03-19,2026-04-12,4,"quantile",0.1,81139.34075676103
"1760","DE","05-14",2026-03-19,2026-04-12,4,"quantile",0.25,100641.11340911125
"1761","DE","05-14",2026-03-19,2026-04-12,4,"quantile",0.5,115312.6232112369
"1762","DE","05-14",2026-03-19,2026-04-12,4,"quantile",0.75,141436.02532584584
"1763","DE","05-14",2026-03-19,2026-04-12,4,"quantile",0.9,166060.55276873475
"1764","DE","05-14",2026-03-19,2026-04-12,4,"quantile",0.975,231048.1094460925
"1765","DE","15-34",2026-03-19,2026-03-22,1,"quantile",0.025,201326.9112175943
"1766","DE","15-34",2026-03-19,2026-03-22,1,"quantile",0.1,269281.7815535533
"1767","DE","15-34",2026-03-19,2026-03-22,1,"quantile",0.25,285809.7414340454
"1768","DE","15-34",2026-03-19,2026-03-22,1,"quantile",0.5,295346.88929680426
"1769","DE","15-34",2026-03-19,2026-03-22,1,"quantile",0.75,316070.9794235095
"1770","DE","15-34",2026-03-19,2026-03-22,1,"quantile",0.9,350558.0386533246
"1771","DE","15-34",2026-03-19,2026-03-22,1,"quantile",0.975,404877.34333496063
"1772","DE","15-34",2026-03-19,2026-03-29,2,"quantile",0.025,185869.4884502509
"1773","DE","15-34",2026-03-19,2026-03-29,2,"quantile",0.1,242470.83796638335
"1774","DE","15-34",2026-03-19,2026-03-29,2,"quantile",0.25,259712.1025946085
"1775","DE","15-34",2026-03-19,2026-03-29,2,"quantile",0.5,267992.2108222223
"1776","DE","15-34",2026-03-19,2026-03-29,2,"quantile",0.75,284825.74029313715
"1777","DE","15-34",2026-03-19,2026-03-29,2,"quantile",0.9,317363.3118592469
"1778","DE","15-34",2026-03-19,2026-03-29,2,"quantile",0.975,393777.37166211626
"1779","DE","15-34",2026-03-19,2026-04-05,3,"quantile",0.025,181578.39098830312
"1780","DE","15-34",2026-03-19,2026-04-05,3,"quantile",0.1,213647.18202510625
"1781","DE","15-34",2026-03-19,2026-04-05,3,"quantile",0.25,219450.2027118622
"1782","DE","15-34",2026-03-19,2026-04-05,3,"quantile",0.5,228170.9497496373
"1783","DE","15-34",2026-03-19,2026-04-05,3,"quantile",0.75,253086.29120360105
"1784","DE","15-34",2026-03-19,2026-04-05,3,"quantile",0.9,320055.0557370188
"1785","DE","15-34",2026-03-19,2026-04-05,3,"quantile",0.975,420602.4319697922
"1786","DE","15-34",2026-03-19,2026-04-12,4,"quantile",0.025,169740.3591887303
"1787","DE","15-34",2026-03-19,2026-04-12,4,"quantile",0.1,201505.7479744785
"1788","DE","15-34",2026-03-19,2026-04-12,4,"quantile",0.25,216431.4546670835
"1789","DE","15-34",2026-03-19,2026-04-12,4,"quantile",0.5,229512.20314866173
"1790","DE","15-34",2026-03-19,2026-04-12,4,"quantile",0.75,257514.12466785443
"1791","DE","15-34",2026-03-19,2026-04-12,4,"quantile",0.9,319963.76937248826
"1792","DE","15-34",2026-03-19,2026-04-12,4,"quantile",0.975,422015.6632629133
"1793","DE","35-59",2026-03-19,2026-03-22,1,"quantile",0.025,229602.536252021
"1794","DE","35-59",2026-03-19,2026-03-22,1,"quantile",0.1,311702.3077717053
"1795","DE","35-59",2026-03-19,2026-03-22,1,"quantile",0.25,319982.64807206125
"1796","DE","35-59",2026-03-19,2026-03-22,1,"quantile",0.5,339305.4481558621
"1797","DE","35-59",2026-03-19,2026-03-22,1,"quantile",0.75,367254.1908571129
"1798","DE","35-59",2026-03-19,2026-03-22,1,"quantile",0.9,396216.4432833489
"1799","DE","35-59",2026-03-19,2026-03-22,1,"quantile",0.975,486300.98072986666
"1800","DE","35-59",2026-03-19,2026-03-29,2,"quantile",0.025,205088.46630250188
"1801","DE","35-59",2026-03-19,2026-03-29,2,"quantile",0.1,284934.2726254077
"1802","DE","35-59",2026-03-19,2026-03-29,2,"quantile",0.25,299844.0455036784
"1803","DE","35-59",2026-03-19,2026-03-29,2,"quantile",0.5,307810.0691602111
"1804","DE","35-59",2026-03-19,2026-03-29,2,"quantile",0.75,328273.6281749593
"1805","DE","35-59",2026-03-19,2026-03-29,2,"quantile",0.9,370625.9143371744
"1806","DE","35-59",2026-03-19,2026-03-29,2,"quantile",0.975,459303.8355971767
"1807","DE","35-59",2026-03-19,2026-04-05,3,"quantile",0.025,195233.4523039842
"1808","DE","35-59",2026-03-19,2026-04-05,3,"quantile",0.1,242827.8790259563
"1809","DE","35-59",2026-03-19,2026-04-05,3,"quantile",0.25,252991.32360018985
"1810","DE","35-59",2026-03-19,2026-04-05,3,"quantile",0.5,269581.2627888791
"1811","DE","35-59",2026-03-19,2026-04-05,3,"quantile",0.75,297189.8457915638
"1812","DE","35-59",2026-03-19,2026-04-05,3,"quantile",0.9,366741.35117778427
"1813","DE","35-59",2026-03-19,2026-04-05,3,"quantile",0.975,511556.3618336598
"1814","DE","35-59",2026-03-19,2026-04-12,4,"quantile",0.025,180578.78324201863
"1815","DE","35-59",2026-03-19,2026-04-12,4,"quantile",0.1,224663.3918443201
"1816","DE","35-59",2026-03-19,2026-04-12,4,"quantile",0.25,252746.88532081427
"1817","DE","35-59",2026-03-19,2026-04-12,4,"quantile",0.5,260816.322928172
"1818","DE","35-59",2026-03-19,2026-04-12,4,"quantile",0.75,285777.54013671767
"1819","DE","35-59",2026-03-19,2026-04-12,4,"quantile",0.9,362287.09035617
"1820","DE","35-59",2026-03-19,2026-04-12,4,"quantile",0.975,540801.9069025981
"1821","DE","60+",2026-03-19,2026-03-22,1,"quantile",0.025,84059.17655928378
"1822","DE","60+",2026-03-19,2026-03-22,1,"quantile",0.1,110918.34307499754
"1823","DE","60+",2026-03-19,2026-03-22,1,"quantile",0.25,123844.10239873928
"1824","DE","60+",2026-03-19,2026-03-22,1,"quantile",0.5,128891.27925314938
"1825","DE","60+",2026-03-19,2026-03-22,1,"quantile",0.75,138708.05570319455
"1826","DE","60+",2026-03-19,2026-03-22,1,"quantile",0.9,146159.6543123605
"1827","DE","60+",2026-03-19,2026-03-22,1,"quantile",0.975,164776.6676292217
"1828","DE","60+",2026-03-19,2026-03-29,2,"quantile",0.025,77548.54294985694
"1829","DE","60+",2026-03-19,2026-03-29,2,"quantile",0.1,102874.10833920485
"1830","DE","60+",2026-03-19,2026-03-29,2,"quantile",0.25,116659.02889257608
"1831","DE","60+",2026-03-19,2026-03-29,2,"quantile",0.5,120836.60024180594
"1832","DE","60+",2026-03-19,2026-03-29,2,"quantile",0.75,128080.5294887524
"1833","DE","60+",2026-03-19,2026-03-29,2,"quantile",0.9,139613.15193166852
"1834","DE","60+",2026-03-19,2026-03-29,2,"quantile",0.975,154194.53847182094
"1835","DE","60+",2026-03-19,2026-04-05,3,"quantile",0.025,68497.67913938407
"1836","DE","60+",2026-03-19,2026-04-05,3,"quantile",0.1,97463.85685074284
"1837","DE","60+",2026-03-19,2026-04-05,3,"quantile",0.25,105228.90037835218
"1838","DE","60+",2026-03-19,2026-04-05,3,"quantile",0.5,110055.65861504892
"1839","DE","60+",2026-03-19,2026-04-05,3,"quantile",0.75,117590.05043547384
"1840","DE","60+",2026-03-19,2026-04-05,3,"quantile",0.9,130380.72237360482
"1841","DE","60+",2026-03-19,2026-04-05,3,"quantile",0.975,164597.9307080683
"1842","DE","60+",2026-03-19,2026-04-12,4,"quantile",0.025,73580.24971933322
"1843","DE","60+",2026-03-19,2026-04-12,4,"quantile",0.1,87149.07820534345
"1844","DE","60+",2026-03-19,2026-04-12,4,"quantile",0.25,99437.66042676612
"1845","DE","60+",2026-03-19,2026-04-12,4,"quantile",0.5,104728.16105172108
"1846","DE","60+",2026-03-19,2026-04-12,4,"quantile",0.75,120076.1618855508
"1847","DE","60+",2026-03-19,2026-04-12,4,"quantile",0.9,132220.20646329218
"1848","DE","60+",2026-03-19,2026-04-12,4,"quantile",0.975,171199.91041506553
"1849","DE","00+",2026-03-26,2026-03-29,1,"quantile",0.025,672691.525701279
"1850","DE","00+",2026-03-26,2026-03-29,1,"quantile",0.1,871492.093461562
"1851","DE","00+",2026-03-26,2026-03-29,1,"quantile",0.25,902609.2991456676
"1852","DE","00+",2026-03-26,2026-03-29,1,"quantile",0.5,929358.704724477
"1853","DE","00+",2026-03-26,2026-03-29,1,"quantile",0.75,961103.669439212
"1854","DE","00+",2026-03-26,2026-03-29,1,"quantile",0.9,1073223.0958927558
"1855","DE","00+",2026-03-26,2026-03-29,1,"quantile",0.975,1303058.4258980714
"1856","DE","00+",2026-03-26,2026-04-05,2,"quantile",0.025,651117.448966855
"1857","DE","00+",2026-03-26,2026-04-05,2,"quantile",0.1,749682.6714748713
"1858","DE","00+",2026-03-26,2026-04-05,2,"quantile",0.25,819725.0575571709
"1859","DE","00+",2026-03-26,2026-04-05,2,"quantile",0.5,848851.114058657
"1860","DE","00+",2026-03-26,2026-04-05,2,"quantile",0.75,896748.5224988507
"1861","DE","00+",2026-03-26,2026-04-05,2,"quantile",0.9,1008661.595183836
"1862","DE","00+",2026-03-26,2026-04-05,2,"quantile",0.975,1239861.5791327
"1863","DE","00+",2026-03-26,2026-04-12,3,"quantile",0.025,563969.3372192059
"1864","DE","00+",2026-03-26,2026-04-12,3,"quantile",0.1,678178.3766535196
"1865","DE","00+",2026-03-26,2026-04-12,3,"quantile",0.25,747150.2486165969
"1866","DE","00+",2026-03-26,2026-04-12,3,"quantile",0.5,796649.5941660502
"1867","DE","00+",2026-03-26,2026-04-12,3,"quantile",0.75,857323.2610669319
"1868","DE","00+",2026-03-26,2026-04-12,3,"quantile",0.9,990290.135093455
"1869","DE","00+",2026-03-26,2026-04-12,3,"quantile",0.975,1311337.5488207643
"1870","DE","00+",2026-03-26,2026-04-19,4,"quantile",0.025,547445.1328989161
"1871","DE","00+",2026-03-26,2026-04-19,4,"quantile",0.1,639158.6807155391
"1872","DE","00+",2026-03-26,2026-04-19,4,"quantile",0.25,701415.7683074264
"1873","DE","00+",2026-03-26,2026-04-19,4,"quantile",0.5,767650.2693777354
"1874","DE","00+",2026-03-26,2026-04-19,4,"quantile",0.75,851609.5039862307
"1875","DE","00+",2026-03-26,2026-04-19,4,"quantile",0.9,1005556.9428935596
"1876","DE","00+",2026-03-26,2026-04-19,4,"quantile",0.975,1338521.4461490733
"1877","DE","00-04",2026-03-26,2026-03-29,1,"quantile",0.025,121312.83426651813
"1878","DE","00-04",2026-03-26,2026-03-29,1,"quantile",0.1,150854.45397740163
"1879","DE","00-04",2026-03-26,2026-03-29,1,"quantile",0.25,163866.5498705793
"1880","DE","00-04",2026-03-26,2026-03-29,1,"quantile",0.5,175899.1631789363
"1881","DE","00-04",2026-03-26,2026-03-29,1,"quantile",0.75,184669.8958676345
"1882","DE","00-04",2026-03-26,2026-03-29,1,"quantile",0.9,195846.16218183693
"1883","DE","00-04",2026-03-26,2026-03-29,1,"quantile",0.975,208590.67246723693
"1884","DE","00-04",2026-03-26,2026-04-05,2,"quantile",0.025,104223.15811668122
"1885","DE","00-04",2026-03-26,2026-04-05,2,"quantile",0.1,136861.73555547395
"1886","DE","00-04",2026-03-26,2026-04-05,2,"quantile",0.25,155955.3177539725
"1887","DE","00-04",2026-03-26,2026-04-05,2,"quantile",0.5,167693.65183686605
"1888","DE","00-04",2026-03-26,2026-04-05,2,"quantile",0.75,176920.46460136745
"1889","DE","00-04",2026-03-26,2026-04-05,2,"quantile",0.9,191392.3229522692
"1890","DE","00-04",2026-03-26,2026-04-05,2,"quantile",0.975,205575.30771790323
"1891","DE","00-04",2026-03-26,2026-04-12,3,"quantile",0.025,98956.95748461416
"1892","DE","00-04",2026-03-26,2026-04-12,3,"quantile",0.1,127026.04789577996
"1893","DE","00-04",2026-03-26,2026-04-12,3,"quantile",0.25,142424.52632522426
"1894","DE","00-04",2026-03-26,2026-04-12,3,"quantile",0.5,151770.37591019113
"1895","DE","00-04",2026-03-26,2026-04-12,3,"quantile",0.75,171029.71727620013
"1896","DE","00-04",2026-03-26,2026-04-12,3,"quantile",0.9,191217.1254446472
"1897","DE","00-04",2026-03-26,2026-04-12,3,"quantile",0.975,208152.442165555
"1898","DE","00-04",2026-03-26,2026-04-19,4,"quantile",0.025,97046.27205534738
"1899","DE","00-04",2026-03-26,2026-04-19,4,"quantile",0.1,118348.32455512436
"1900","DE","00-04",2026-03-26,2026-04-19,4,"quantile",0.25,141140.96930720806
"1901","DE","00-04",2026-03-26,2026-04-19,4,"quantile",0.5,147562.85054138125
"1902","DE","00-04",2026-03-26,2026-04-19,4,"quantile",0.75,168018.24616569286
"1903","DE","00-04",2026-03-26,2026-04-19,4,"quantile",0.9,187730.3725534368
"1904","DE","00-04",2026-03-26,2026-04-19,4,"quantile",0.975,206268.2517467027
"1905","DE","05-14",2026-03-26,2026-03-29,1,"quantile",0.025,74588.13656396011
"1906","DE","05-14",2026-03-26,2026-03-29,1,"quantile",0.1,103035.76377447465
"1907","DE","05-14",2026-03-26,2026-03-29,1,"quantile",0.25,111915.7229817586
"1908","DE","05-14",2026-03-26,2026-03-29,1,"quantile",0.5,120155.75413901634
"1909","DE","05-14",2026-03-26,2026-03-29,1,"quantile",0.75,135106.5406459913
"1910","DE","05-14",2026-03-26,2026-03-29,1,"quantile",0.9,151820.8505912256
"1911","DE","05-14",2026-03-26,2026-03-29,1,"quantile",0.975,170734.44253557856
"1912","DE","05-14",2026-03-26,2026-04-05,2,"quantile",0.025,63873.30091404853
"1913","DE","05-14",2026-03-26,2026-04-05,2,"quantile",0.1,90328.03941764012
"1914","DE","05-14",2026-03-26,2026-04-05,2,"quantile",0.25,105035.54214298472
"1915","DE","05-14",2026-03-26,2026-04-05,2,"quantile",0.5,113012.91431265224
"1916","DE","05-14",2026-03-26,2026-04-05,2,"quantile",0.75,123457.11024972096
"1917","DE","05-14",2026-03-26,2026-04-05,2,"quantile",0.9,148548.2999564689
"1918","DE","05-14",2026-03-26,2026-04-05,2,"quantile",0.975,182982.55468948212
"1919","DE","05-14",2026-03-26,2026-04-12,3,"quantile",0.025,56452.65778229894
"1920","DE","05-14",2026-03-26,2026-04-12,3,"quantile",0.1,75499.28372796069
"1921","DE","05-14",2026-03-26,2026-04-12,3,"quantile",0.25,97566.075484101
"1922","DE","05-14",2026-03-26,2026-04-12,3,"quantile",0.5,112337.22073231972
"1923","DE","05-14",2026-03-26,2026-04-12,3,"quantile",0.75,126684.37097128428
"1924","DE","05-14",2026-03-26,2026-04-12,3,"quantile",0.9,154477.68998003093
"1925","DE","05-14",2026-03-26,2026-04-12,3,"quantile",0.975,207795.06742692157
"1926","DE","05-14",2026-03-26,2026-04-19,4,"quantile",0.025,56680.882488371535
"1927","DE","05-14",2026-03-26,2026-04-19,4,"quantile",0.1,76630.99768443414
"1928","DE","05-14",2026-03-26,2026-04-19,4,"quantile",0.25,94138.02986281672
"1929","DE","05-14",2026-03-26,2026-04-19,4,"quantile",0.5,108860.23090595951
"1930","DE","05-14",2026-03-26,2026-04-19,4,"quantile",0.75,132975.68476022972
"1931","DE","05-14",2026-03-26,2026-04-19,4,"quantile",0.9,159752.064383557
"1932","DE","05-14",2026-03-26,2026-04-19,4,"quantile",0.975,208054.3343917572
"1933","DE","15-34",2026-03-26,2026-03-29,1,"quantile",0.025,183996.7512916094
"1934","DE","15-34",2026-03-26,2026-03-29,1,"quantile",0.1,233416.18777889115
"1935","DE","15-34",2026-03-26,2026-03-29,1,"quantile",0.25,237336.9714193541
"1936","DE","15-34",2026-03-26,2026-03-29,1,"quantile",0.5,244287.33137423912
"1937","DE","15-34",2026-03-26,2026-03-29,1,"quantile",0.75,260749.51259285863
"1938","DE","15-34",2026-03-26,2026-03-29,1,"quantile",0.9,297470.6683503716
"1939","DE","15-34",2026-03-26,2026-03-29,1,"quantile",0.975,369686.064375243
"1940","DE","15-34",2026-03-26,2026-04-05,2,"quantile",0.025,178999.5967245371
"1941","DE","15-34",2026-03-26,2026-04-05,2,"quantile",0.1,205187.4732076324
"1942","DE","15-34",2026-03-26,2026-04-05,2,"quantile",0.25,209725.98221657655
"1943","DE","15-34",2026-03-26,2026-04-05,2,"quantile",0.5,217216.78208192904
"1944","DE","15-34",2026-03-26,2026-04-05,2,"quantile",0.75,235700.86834549104
"1945","DE","15-34",2026-03-26,2026-04-05,2,"quantile",0.9,267211.1280806711
"1946","DE","15-34",2026-03-26,2026-04-05,2,"quantile",0.975,349807.28520006
"1947","DE","15-34",2026-03-26,2026-04-12,3,"quantile",0.025,150247.82038046094
"1948","DE","15-34",2026-03-26,2026-04-12,3,"quantile",0.1,182092.06185673893
"1949","DE","15-34",2026-03-26,2026-04-12,3,"quantile",0.25,190346.0488902386
"1950","DE","15-34",2026-03-26,2026-04-12,3,"quantile",0.5,213430.4530629373
"1951","DE","15-34",2026-03-26,2026-04-12,3,"quantile",0.75,230461.8854505999
"1952","DE","15-34",2026-03-26,2026-04-12,3,"quantile",0.9,266118.67485634645
"1953","DE","15-34",2026-03-26,2026-04-12,3,"quantile",0.975,371114.6496746301
"1954","DE","15-34",2026-03-26,2026-04-19,4,"quantile",0.025,143577.88511087827
"1955","DE","15-34",2026-03-26,2026-04-19,4,"quantile",0.1,170946.0348915782
"1956","DE","15-34",2026-03-26,2026-04-19,4,"quantile",0.25,191370.04113281608
"1957","DE","15-34",2026-03-26,2026-04-19,4,"quantile",0.5,206036.694747569
"1958","DE","15-34",2026-03-26,2026-04-19,4,"quantile",0.75,236042.6233467258
"1959","DE","15-34",2026-03-26,2026-04-19,4,"quantile",0.9,278751.90939986747
"1960","DE","15-34",2026-03-26,2026-04-19,4,"quantile",0.975,357231.8037447936
"1961","DE","35-59",2026-03-26,2026-03-29,1,"quantile",0.025,216634.29341823817
"1962","DE","35-59",2026-03-26,2026-03-29,1,"quantile",0.1,263356.82762034
"1963","DE","35-59",2026-03-26,2026-03-29,1,"quantile",0.25,271771.3218489054
"1964","DE","35-59",2026-03-26,2026-03-29,1,"quantile",0.5,275524.8903948751
"1965","DE","35-59",2026-03-26,2026-03-29,1,"quantile",0.75,287690.067494394
"1966","DE","35-59",2026-03-26,2026-03-29,1,"quantile",0.9,331652.66622761625
"1967","DE","35-59",2026-03-26,2026-03-29,1,"quantile",0.975,442989.2004882321
"1968","DE","35-59",2026-03-26,2026-04-05,2,"quantile",0.025,193055.66308218
"1969","DE","35-59",2026-03-26,2026-04-05,2,"quantile",0.1,230262.8833288868
"1970","DE","35-59",2026-03-26,2026-04-05,2,"quantile",0.25,237448.37479449477
"1971","DE","35-59",2026-03-26,2026-04-05,2,"quantile",0.5,247901.6099205
"1972","DE","35-59",2026-03-26,2026-04-05,2,"quantile",0.75,262473.3580404592
"1973","DE","35-59",2026-03-26,2026-04-05,2,"quantile",0.9,298010.31610030297
"1974","DE","35-59",2026-03-26,2026-04-05,2,"quantile",0.975,383237.7906582052
"1975","DE","35-59",2026-03-26,2026-04-12,3,"quantile",0.025,169605.770449495
"1976","DE","35-59",2026-03-26,2026-04-12,3,"quantile",0.1,200934.39149565995
"1977","DE","35-59",2026-03-26,2026-04-12,3,"quantile",0.25,213861.8404199253
"1978","DE","35-59",2026-03-26,2026-04-12,3,"quantile",0.5,230648.5812707705
"1979","DE","35-59",2026-03-26,2026-04-12,3,"quantile",0.75,244822.32020050677
"1980","DE","35-59",2026-03-26,2026-04-12,3,"quantile",0.9,292034.95761030924
"1981","DE","35-59",2026-03-26,2026-04-12,3,"quantile",0.975,440863.07628163474
"1982","DE","35-59",2026-03-26,2026-04-19,4,"quantile",0.025,156018.71380198633
"1983","DE","35-59",2026-03-26,2026-04-19,4,"quantile",0.1,177551.44380320254
"1984","DE","35-59",2026-03-26,2026-04-19,4,"quantile",0.25,204181.1776803023
"1985","DE","35-59",2026-03-26,2026-04-19,4,"quantile",0.5,219900.5370736071
"1986","DE","35-59",2026-03-26,2026-04-19,4,"quantile",0.75,250627.3268456265
"1987","DE","35-59",2026-03-26,2026-04-19,4,"quantile",0.9,310061.0177411408
"1988","DE","35-59",2026-03-26,2026-04-19,4,"quantile",0.975,483848.2068251324
"1989","DE","60+",2026-03-26,2026-03-29,1,"quantile",0.025,80421.14756931958
"1990","DE","60+",2026-03-26,2026-03-29,1,"quantile",0.1,98167.04223370578
"1991","DE","60+",2026-03-26,2026-03-29,1,"quantile",0.25,109316.76175957386
"1992","DE","60+",2026-03-26,2026-03-29,1,"quantile",0.5,114517.3014453662
"1993","DE","60+",2026-03-26,2026-03-29,1,"quantile",0.75,118321.98569965284
"1994","DE","60+",2026-03-26,2026-03-29,1,"quantile",0.9,129188.83889658542
"1995","DE","60+",2026-03-26,2026-03-29,1,"quantile",0.975,144930.8925045855
"1996","DE","60+",2026-03-26,2026-04-05,2,"quantile",0.025,73112.11265776507
"1997","DE","60+",2026-03-26,2026-04-05,2,"quantile",0.1,91439.72722397569
"1998","DE","60+",2026-03-26,2026-04-05,2,"quantile",0.25,102148.63804228503
"1999","DE","60+",2026-03-26,2026-04-05,2,"quantile",0.5,104595.02489002916
"2000","DE","60+",2026-03-26,2026-04-05,2,"quantile",0.75,107428.97116274576
"2001","DE","60+",2026-03-26,2026-04-05,2,"quantile",0.9,116992.36830456911
"2002","DE","60+",2026-03-26,2026-04-05,2,"quantile",0.975,129867.7957699628
"2003","DE","60+",2026-03-26,2026-04-12,3,"quantile",0.025,64099.88910570015
"2004","DE","60+",2026-03-26,2026-04-12,3,"quantile",0.1,79248.5369967082
"2005","DE","60+",2026-03-26,2026-04-12,3,"quantile",0.25,89616.35387190818
"2006","DE","60+",2026-03-26,2026-04-12,3,"quantile",0.5,96171.8020255389
"2007","DE","60+",2026-03-26,2026-04-12,3,"quantile",0.75,99131.55216178342
"2008","DE","60+",2026-03-26,2026-04-12,3,"quantile",0.9,117354.28262185372
"2009","DE","60+",2026-03-26,2026-04-12,3,"quantile",0.975,138789.78953107685
"2010","DE","60+",2026-03-26,2026-04-19,4,"quantile",0.025,62246.28614713765
"2011","DE","60+",2026-03-26,2026-04-19,4,"quantile",0.1,72669.71574624887
"2012","DE","60+",2026-03-26,2026-04-19,4,"quantile",0.25,82186.14859514892
"2013","DE","60+",2026-03-26,2026-04-19,4,"quantile",0.5,86249.7799686578
"2014","DE","60+",2026-03-26,2026-04-19,4,"quantile",0.75,94437.69268334653
"2015","DE","60+",2026-03-26,2026-04-19,4,"quantile",0.9,116641.7038869037
"2016","DE","60+",2026-03-26,2026-04-19,4,"quantile",0.975,145045.92903081293
