"","location","age_group","forecast_date","target_end_date","horizon","type","quantile","value"
"1","DE","00+",2025-12-18,2025-12-21,1,"quantile",0.025,806959.63
"2","DE","00+",2025-12-18,2025-12-21,1,"quantile",0.1,960832.88
"3","DE","00+",2025-12-18,2025-12-21,1,"quantile",0.25,1113934.0
"4","DE","00+",2025-12-18,2025-12-21,1,"quantile",0.5,1303448.05
"5","DE","00+",2025-12-18,2025-12-21,1,"quantile",0.75,1515129.875
"6","DE","00+",2025-12-18,2025-12-21,1,"quantile",0.9,1726499.02
"7","DE","00+",2025-12-18,2025-12-21,1,"quantile",0.975,1985664.1575
"8","DE","00+",2025-12-18,2025-12-28,2,"quantile",0.025,415103.335
"9","DE","00+",2025-12-18,2025-12-28,2,"quantile",0.1,508157.22
"10","DE","00+",2025-12-18,2025-12-28,2,"quantile",0.25,603835.675
"11","DE","00+",2025-12-18,2025-12-28,2,"quantile",0.5,723352.55
"12","DE","00+",2025-12-18,2025-12-28,2,"quantile",0.75,859636.65
"13","DE","00+",2025-12-18,2025-12-28,2,"quantile",0.9,996400.59
"14","DE","00+",2025-12-18,2025-12-28,2,"quantile",0.975,1168651.2125
"15","DE","00+",2025-12-18,2026-01-04,3,"quantile",0.025,538208.0675
"16","DE","00+",2025-12-18,2026-01-04,3,"quantile",0.1,664125.84
"17","DE","00+",2025-12-18,2026-01-04,3,"quantile",0.25,794017.0
"18","DE","00+",2025-12-18,2026-01-04,3,"quantile",0.5,958656.5
"19","DE","00+",2025-12-18,2026-01-04,3,"quantile",0.75,1145252.525
"20","DE","00+",2025-12-18,2026-01-04,3,"quantile",0.9,1334882.2499999998
"21","DE","00+",2025-12-18,2026-01-04,3,"quantile",0.975,1571368.5675000004
"22","DE","00+",2025-12-18,2026-01-11,4,"quantile",0.025,590751.1075
"23","DE","00+",2025-12-18,2026-01-11,4,"quantile",0.1,753867.36
"24","DE","00+",2025-12-18,2026-01-11,4,"quantile",0.25,927400.375
"25","DE","00+",2025-12-18,2026-01-11,4,"quantile",0.5,1151310.55
"26","DE","00+",2025-12-18,2026-01-11,4,"quantile",0.75,1408062.45
"27","DE","00+",2025-12-18,2026-01-11,4,"quantile",0.9,1670417.16
"28","DE","00+",2025-12-18,2026-01-11,4,"quantile",0.975,2001725.39
"29","DE","00-04",2025-12-18,2025-12-21,1,"quantile",0.025,112497.88
"30","DE","00-04",2025-12-18,2025-12-21,1,"quantile",0.1,134058.3
"31","DE","00-04",2025-12-18,2025-12-21,1,"quantile",0.25,155440.175
"32","DE","00-04",2025-12-18,2025-12-21,1,"quantile",0.5,181912.95
"33","DE","00-04",2025-12-18,2025-12-21,1,"quantile",0.75,211663.0
"34","DE","00-04",2025-12-18,2025-12-21,1,"quantile",0.9,240915.22000000003
"35","DE","00-04",2025-12-18,2025-12-21,1,"quantile",0.975,277372.57
"36","DE","00-04",2025-12-18,2025-12-28,2,"quantile",0.025,65496.83
"37","DE","00-04",2025-12-18,2025-12-28,2,"quantile",0.1,80063.86
"38","DE","00-04",2025-12-18,2025-12-28,2,"quantile",0.25,94917.3
"39","DE","00-04",2025-12-18,2025-12-28,2,"quantile",0.5,113479.7
"40","DE","00-04",2025-12-18,2025-12-28,2,"quantile",0.75,134463.825
"41","DE","00-04",2025-12-18,2025-12-28,2,"quantile",0.9,155542.40999999997
"42","DE","00-04",2025-12-18,2025-12-28,2,"quantile",0.975,181706.91250000003
"43","DE","00-04",2025-12-18,2026-01-04,3,"quantile",0.025,68287.19249999999
"44","DE","00-04",2025-12-18,2026-01-04,3,"quantile",0.1,84758.6
"45","DE","00-04",2025-12-18,2026-01-04,3,"quantile",0.25,101677.975
"46","DE","00-04",2025-12-18,2026-01-04,3,"quantile",0.5,123037.6
"47","DE","00-04",2025-12-18,2026-01-04,3,"quantile",0.75,147370.875
"48","DE","00-04",2025-12-18,2026-01-04,3,"quantile",0.9,171983.93
"49","DE","00-04",2025-12-18,2026-01-04,3,"quantile",0.975,202714.64000000004
"50","DE","00-04",2025-12-18,2026-01-11,4,"quantile",0.025,76742.9075
"51","DE","00-04",2025-12-18,2026-01-11,4,"quantile",0.1,97724.79
"52","DE","00-04",2025-12-18,2026-01-11,4,"quantile",0.25,119669.15
"53","DE","00-04",2025-12-18,2026-01-11,4,"quantile",0.5,148025.25
"54","DE","00-04",2025-12-18,2026-01-11,4,"quantile",0.75,180527.9
"55","DE","00-04",2025-12-18,2026-01-11,4,"quantile",0.9,213810.17
"56","DE","00-04",2025-12-18,2026-01-11,4,"quantile",0.975,254894.1875000001
"57","DE","05-14",2025-12-18,2025-12-21,1,"quantile",0.025,78166.715
"58","DE","05-14",2025-12-18,2025-12-21,1,"quantile",0.1,98418.01
"59","DE","05-14",2025-12-18,2025-12-21,1,"quantile",0.25,119495.275
"60","DE","05-14",2025-12-18,2025-12-21,1,"quantile",0.5,146596.55
"61","DE","05-14",2025-12-18,2025-12-21,1,"quantile",0.75,177663.875
"62","DE","05-14",2025-12-18,2025-12-21,1,"quantile",0.9,209271.26
"63","DE","05-14",2025-12-18,2025-12-21,1,"quantile",0.975,248997.63750000004
"64","DE","05-14",2025-12-18,2025-12-28,2,"quantile",0.025,40797.3225
"65","DE","05-14",2025-12-18,2025-12-28,2,"quantile",0.1,53603.530000000006
"66","DE","05-14",2025-12-18,2025-12-28,2,"quantile",0.25,67278.25
"67","DE","05-14",2025-12-18,2025-12-28,2,"quantile",0.5,85055.05
"68","DE","05-14",2025-12-18,2025-12-28,2,"quantile",0.75,105818.25
"69","DE","05-14",2025-12-18,2025-12-28,2,"quantile",0.9,127316.55
"70","DE","05-14",2025-12-18,2025-12-28,2,"quantile",0.975,154973.9725000001
"71","DE","05-14",2025-12-18,2026-01-04,3,"quantile",0.025,41306.3625
"72","DE","05-14",2025-12-18,2026-01-04,3,"quantile",0.1,55527.71
"73","DE","05-14",2025-12-18,2026-01-04,3,"quantile",0.25,70881.75
"74","DE","05-14",2025-12-18,2026-01-04,3,"quantile",0.5,91221.6
"75","DE","05-14",2025-12-18,2026-01-04,3,"quantile",0.75,115261.625
"76","DE","05-14",2025-12-18,2026-01-04,3,"quantile",0.9,140297.19
"77","DE","05-14",2025-12-18,2026-01-04,3,"quantile",0.975,172244.56250000003
"78","DE","05-14",2025-12-18,2026-01-11,4,"quantile",0.025,47060.4075
"79","DE","05-14",2025-12-18,2026-01-11,4,"quantile",0.1,65545.69
"80","DE","05-14",2025-12-18,2026-01-11,4,"quantile",0.25,86223.15
"81","DE","05-14",2025-12-18,2026-01-11,4,"quantile",0.5,113944.4
"82","DE","05-14",2025-12-18,2026-01-11,4,"quantile",0.75,147361.15
"83","DE","05-14",2025-12-18,2026-01-11,4,"quantile",0.9,182656.68
"84","DE","05-14",2025-12-18,2026-01-11,4,"quantile",0.975,227945.14000000004
"85","DE","15-34",2025-12-18,2025-12-21,1,"quantile",0.025,220636.755
"86","DE","15-34",2025-12-18,2025-12-21,1,"quantile",0.1,265106.71
"87","DE","15-34",2025-12-18,2025-12-21,1,"quantile",0.25,309517.725
"88","DE","15-34",2025-12-18,2025-12-21,1,"quantile",0.5,365223.75
"89","DE","15-34",2025-12-18,2025-12-21,1,"quantile",0.75,427532.525
"90","DE","15-34",2025-12-18,2025-12-21,1,"quantile",0.9,489631.61
"91","DE","15-34",2025-12-18,2025-12-21,1,"quantile",0.975,566263.12
"92","DE","15-34",2025-12-18,2025-12-28,2,"quantile",0.025,112775.37
"93","DE","15-34",2025-12-18,2025-12-28,2,"quantile",0.1,140237.3
"94","DE","15-34",2025-12-18,2025-12-28,2,"quantile",0.25,168411.5
"95","DE","15-34",2025-12-18,2025-12-28,2,"quantile",0.5,204083.3
"96","DE","15-34",2025-12-18,2025-12-28,2,"quantile",0.75,244808.525
"97","DE","15-34",2025-12-18,2025-12-28,2,"quantile",0.9,285983.42
"98","DE","15-34",2025-12-18,2025-12-28,2,"quantile",0.975,337522.9025
"99","DE","15-34",2025-12-18,2026-01-04,3,"quantile",0.025,141452.09
"100","DE","15-34",2025-12-18,2026-01-04,3,"quantile",0.1,177157.91999999998
"101","DE","15-34",2025-12-18,2026-01-04,3,"quantile",0.25,214330.875
"102","DE","15-34",2025-12-18,2026-01-04,3,"quantile",0.5,261552.65
"103","DE","15-34",2025-12-18,2026-01-04,3,"quantile",0.75,315447.95
"104","DE","15-34",2025-12-18,2026-01-04,3,"quantile",0.9,370343.17
"105","DE","15-34",2025-12-18,2026-01-04,3,"quantile",0.975,438606.4000000001
"106","DE","15-34",2025-12-18,2026-01-11,4,"quantile",0.025,153847.0525
"107","DE","15-34",2025-12-18,2026-01-11,4,"quantile",0.1,200024.41
"108","DE","15-34",2025-12-18,2026-01-11,4,"quantile",0.25,249199.75
"109","DE","15-34",2025-12-18,2026-01-11,4,"quantile",0.5,312598.8
"110","DE","15-34",2025-12-18,2026-01-11,4,"quantile",0.75,385706.6
"111","DE","15-34",2025-12-18,2026-01-11,4,"quantile",0.9,460691.97
"112","DE","15-34",2025-12-18,2026-01-11,4,"quantile",0.975,557030.06
"113","DE","35-59",2025-12-18,2025-12-21,1,"quantile",0.025,271840.365
"114","DE","35-59",2025-12-18,2025-12-21,1,"quantile",0.1,328028.75
"115","DE","35-59",2025-12-18,2025-12-21,1,"quantile",0.25,384232.45
"116","DE","35-59",2025-12-18,2025-12-21,1,"quantile",0.5,454600.5
"117","DE","35-59",2025-12-18,2025-12-21,1,"quantile",0.75,533514.125
"118","DE","35-59",2025-12-18,2025-12-21,1,"quantile",0.9,613084.73
"119","DE","35-59",2025-12-18,2025-12-21,1,"quantile",0.975,711982.6850000002
"120","DE","35-59",2025-12-18,2025-12-28,2,"quantile",0.025,143978.4575
"121","DE","35-59",2025-12-18,2025-12-28,2,"quantile",0.1,179043.83000000002
"122","DE","35-59",2025-12-18,2025-12-28,2,"quantile",0.25,215475.8
"123","DE","35-59",2025-12-18,2025-12-28,2,"quantile",0.5,261426.25
"124","DE","35-59",2025-12-18,2025-12-28,2,"quantile",0.75,313838.175
"125","DE","35-59",2025-12-18,2025-12-28,2,"quantile",0.9,367075.15
"126","DE","35-59",2025-12-18,2025-12-28,2,"quantile",0.975,434419.94250000006
"127","DE","35-59",2025-12-18,2026-01-04,3,"quantile",0.025,196801.635
"128","DE","35-59",2025-12-18,2026-01-04,3,"quantile",0.1,246621.33
"129","DE","35-59",2025-12-18,2026-01-04,3,"quantile",0.25,297725.925
"130","DE","35-59",2025-12-18,2026-01-04,3,"quantile",0.5,363578.2
"131","DE","35-59",2025-12-18,2026-01-04,3,"quantile",0.75,438608.575
"132","DE","35-59",2025-12-18,2026-01-04,3,"quantile",0.9,514745.96
"133","DE","35-59",2025-12-18,2026-01-04,3,"quantile",0.975,609954.4575000001
"134","DE","35-59",2025-12-18,2026-01-11,4,"quantile",0.025,217843.565
"135","DE","35-59",2025-12-18,2026-01-11,4,"quantile",0.1,282871.69
"136","DE","35-59",2025-12-18,2026-01-11,4,"quantile",0.25,351745.825
"137","DE","35-59",2025-12-18,2026-01-11,4,"quantile",0.5,441868.5
"138","DE","35-59",2025-12-18,2026-01-11,4,"quantile",0.75,546285.575
"139","DE","35-59",2025-12-18,2026-01-11,4,"quantile",0.9,653606.74
"140","DE","35-59",2025-12-18,2026-01-11,4,"quantile",0.975,788324.4500000002
"141","DE","60+",2025-12-18,2025-12-21,1,"quantile",0.025,94481.64
"142","DE","60+",2025-12-18,2025-12-21,1,"quantile",0.1,113581.9
"143","DE","60+",2025-12-18,2025-12-21,1,"quantile",0.25,132678.45
"144","DE","60+",2025-12-18,2025-12-21,1,"quantile",0.5,156725.2
"145","DE","60+",2025-12-18,2025-12-21,1,"quantile",0.75,183658.15
"146","DE","60+",2025-12-18,2025-12-21,1,"quantile",0.9,210602.67
"147","DE","60+",2025-12-18,2025-12-21,1,"quantile",0.975,243619.88000000003
"148","DE","60+",2025-12-18,2025-12-28,2,"quantile",0.025,56839.7525
"149","DE","60+",2025-12-18,2025-12-28,2,"quantile",0.1,70064.11
"150","DE","60+",2025-12-18,2025-12-28,2,"quantile",0.25,83600.85
"151","DE","60+",2025-12-18,2025-12-28,2,"quantile",0.5,100638.85
"152","DE","60+",2025-12-18,2025-12-28,2,"quantile",0.75,120040.5
"153","DE","60+",2025-12-18,2025-12-28,2,"quantile",0.9,139588.15999999997
"154","DE","60+",2025-12-18,2025-12-28,2,"quantile",0.975,163843.15250000003
"155","DE","60+",2025-12-18,2026-01-04,3,"quantile",0.025,85261.3575
"156","DE","60+",2025-12-18,2026-01-04,3,"quantile",0.1,105188.67
"157","DE","60+",2025-12-18,2026-01-04,3,"quantile",0.25,125689.825
"158","DE","60+",2025-12-18,2026-01-04,3,"quantile",0.5,151533.95
"159","DE","60+",2025-12-18,2026-01-04,3,"quantile",0.75,180763.3
"160","DE","60+",2025-12-18,2026-01-04,3,"quantile",0.9,210216.43
"161","DE","60+",2025-12-18,2026-01-04,3,"quantile",0.975,246999.6325
"162","DE","60+",2025-12-18,2026-01-11,4,"quantile",0.025,91588.4975
"163","DE","60+",2025-12-18,2026-01-11,4,"quantile",0.1,116314.38
"164","DE","60+",2025-12-18,2026-01-11,4,"quantile",0.25,142168.3
"165","DE","60+",2025-12-18,2026-01-11,4,"quantile",0.5,175458.4
"166","DE","60+",2025-12-18,2026-01-11,4,"quantile",0.75,213563.675
"167","DE","60+",2025-12-18,2026-01-11,4,"quantile",0.9,252454.42
"168","DE","60+",2025-12-18,2026-01-11,4,"quantile",0.975,301226.5800000001
"169","DE","00+",2026-01-08,2026-01-11,1,"quantile",0.025,889915.6175
"170","DE","00+",2026-01-08,2026-01-11,1,"quantile",0.1,1030938.31
"171","DE","00+",2026-01-08,2026-01-11,1,"quantile",0.25,1169397.325
"172","DE","00+",2026-01-08,2026-01-11,1,"quantile",0.5,1336957.2
"173","DE","00+",2026-01-08,2026-01-11,1,"quantile",0.75,1521274.8
"174","DE","00+",2026-01-08,2026-01-11,1,"quantile",0.9,1700749.52
"175","DE","00+",2026-01-08,2026-01-11,1,"quantile",0.975,1918356.3375000004
"176","DE","00+",2026-01-08,2026-01-18,2,"quantile",0.025,982261.765
"177","DE","00+",2026-01-08,2026-01-18,2,"quantile",0.1,1144574.16
"178","DE","00+",2026-01-08,2026-01-18,2,"quantile",0.25,1303929.525
"179","DE","00+",2026-01-08,2026-01-18,2,"quantile",0.5,1498357.7
"180","DE","00+",2026-01-08,2026-01-18,2,"quantile",0.75,1711864.325
"181","DE","00+",2026-01-08,2026-01-18,2,"quantile",0.9,1919526.64
"182","DE","00+",2026-01-08,2026-01-18,2,"quantile",0.975,2171335.595
"183","DE","00+",2026-01-08,2026-01-25,3,"quantile",0.025,1122945.3824999998
"184","DE","00+",2026-01-08,2026-01-25,3,"quantile",0.1,1317104.04
"185","DE","00+",2026-01-08,2026-01-25,3,"quantile",0.25,1509831.75
"186","DE","00+",2026-01-08,2026-01-25,3,"quantile",0.5,1744758.85
"187","DE","00+",2026-01-08,2026-01-25,3,"quantile",0.75,2002585.55
"188","DE","00+",2026-01-08,2026-01-25,3,"quantile",0.9,2256675.46
"189","DE","00+",2026-01-08,2026-01-25,3,"quantile",0.975,2561755.4525
"190","DE","00+",2026-01-08,2026-02-01,4,"quantile",0.025,1118335.0875
"191","DE","00+",2026-01-08,2026-02-01,4,"quantile",0.1,1345614.64
"192","DE","00+",2026-01-08,2026-02-01,4,"quantile",0.25,1575642.875
"193","DE","00+",2026-01-08,2026-02-01,4,"quantile",0.5,1859886.15
"194","DE","00+",2026-01-08,2026-02-01,4,"quantile",0.75,2178048.35
"195","DE","00+",2026-01-08,2026-02-01,4,"quantile",0.9,2495869.47
"196","DE","00+",2026-01-08,2026-02-01,4,"quantile",0.975,2881032.7050000005
"197","DE","00-04",2026-01-08,2026-01-11,1,"quantile",0.025,120309.2475
"198","DE","00-04",2026-01-08,2026-01-11,1,"quantile",0.1,140013.58000000002
"199","DE","00-04",2026-01-08,2026-01-11,1,"quantile",0.25,159465.975
"200","DE","00-04",2026-01-08,2026-01-11,1,"quantile",0.5,183097.15
"201","DE","00-04",2026-01-08,2026-01-11,1,"quantile",0.75,209085.775
"202","DE","00-04",2026-01-08,2026-01-11,1,"quantile",0.9,234485.53
"203","DE","00-04",2026-01-08,2026-01-11,1,"quantile",0.975,265180.275
"204","DE","00-04",2026-01-08,2026-01-18,2,"quantile",0.025,141965.305
"205","DE","00-04",2026-01-08,2026-01-18,2,"quantile",0.1,165815.05
"206","DE","00-04",2026-01-08,2026-01-18,2,"quantile",0.25,189214.925
"207","DE","00-04",2026-01-08,2026-01-18,2,"quantile",0.5,217678.05
"208","DE","00-04",2026-01-08,2026-01-18,2,"quantile",0.75,249105.05
"209","DE","00-04",2026-01-08,2026-01-18,2,"quantile",0.9,279856.69
"210","DE","00-04",2026-01-08,2026-01-18,2,"quantile",0.975,317273.61
"211","DE","00-04",2026-01-08,2026-01-25,3,"quantile",0.025,170576.58500000002
"212","DE","00-04",2026-01-08,2026-01-25,3,"quantile",0.1,199999.0
"213","DE","00-04",2026-01-08,2026-01-25,3,"quantile",0.25,228789.5
"214","DE","00-04",2026-01-08,2026-01-25,3,"quantile",0.5,264143.7
"215","DE","00-04",2026-01-08,2026-01-25,3,"quantile",0.75,303001.775
"216","DE","00-04",2026-01-08,2026-01-25,3,"quantile",0.9,340887.03
"217","DE","00-04",2026-01-08,2026-01-25,3,"quantile",0.975,386982.0975
"218","DE","00-04",2026-01-08,2026-02-01,4,"quantile",0.025,177121.20750000002
"219","DE","00-04",2026-01-08,2026-02-01,4,"quantile",0.1,211803.17
"220","DE","00-04",2026-01-08,2026-02-01,4,"quantile",0.25,246786.825
"221","DE","00-04",2026-01-08,2026-02-01,4,"quantile",0.5,289872.1
"222","DE","00-04",2026-01-08,2026-02-01,4,"quantile",0.75,337841.7
"223","DE","00-04",2026-01-08,2026-02-01,4,"quantile",0.9,385119.2
"224","DE","00-04",2026-01-08,2026-02-01,4,"quantile",0.975,443825.395
"225","DE","05-14",2026-01-08,2026-01-11,1,"quantile",0.025,80609.1575
"226","DE","05-14",2026-01-08,2026-01-11,1,"quantile",0.1,99086.92
"227","DE","05-14",2026-01-08,2026-01-11,1,"quantile",0.25,117853.1
"228","DE","05-14",2026-01-08,2026-01-11,1,"quantile",0.5,141358.6
"229","DE","05-14",2026-01-08,2026-01-11,1,"quantile",0.75,168011.8
"230","DE","05-14",2026-01-08,2026-01-11,1,"quantile",0.9,194664.56
"231","DE","05-14",2026-01-08,2026-01-11,1,"quantile",0.975,227199.70250000004
"232","DE","05-14",2026-01-08,2026-01-18,2,"quantile",0.025,101954.6975
"233","DE","05-14",2026-01-08,2026-01-18,2,"quantile",0.1,125521.87
"234","DE","05-14",2026-01-08,2026-01-18,2,"quantile",0.25,149495.45
"235","DE","05-14",2026-01-08,2026-01-18,2,"quantile",0.5,179693.95
"236","DE","05-14",2026-01-08,2026-01-18,2,"quantile",0.75,213722.15
"237","DE","05-14",2026-01-08,2026-01-18,2,"quantile",0.9,247411.14
"238","DE","05-14",2026-01-08,2026-01-18,2,"quantile",0.975,289593.1525
"239","DE","05-14",2026-01-08,2026-01-25,3,"quantile",0.025,128899.79750000002
"240","DE","05-14",2026-01-08,2026-01-25,3,"quantile",0.1,158911.78
"241","DE","05-14",2026-01-08,2026-01-25,3,"quantile",0.25,189825.5
"242","DE","05-14",2026-01-08,2026-01-25,3,"quantile",0.5,228852.05
"243","DE","05-14",2026-01-08,2026-01-25,3,"quantile",0.75,272837.85
"244","DE","05-14",2026-01-08,2026-01-25,3,"quantile",0.9,316882.42
"245","DE","05-14",2026-01-08,2026-01-25,3,"quantile",0.975,371122.8325
"246","DE","05-14",2026-01-08,2026-02-01,4,"quantile",0.025,141233.1275
"247","DE","05-14",2026-01-08,2026-02-01,4,"quantile",0.1,178890.91999999998
"248","DE","05-14",2026-01-08,2026-02-01,4,"quantile",0.25,218131.225
"249","DE","05-14",2026-01-08,2026-02-01,4,"quantile",0.5,269256.65
"250","DE","05-14",2026-01-08,2026-02-01,4,"quantile",0.75,327188.85
"251","DE","05-14",2026-01-08,2026-02-01,4,"quantile",0.9,386100.43
"252","DE","05-14",2026-01-08,2026-02-01,4,"quantile",0.975,459616.285
"253","DE","15-34",2026-01-08,2026-01-11,1,"quantile",0.025,233817.7325
"254","DE","15-34",2026-01-08,2026-01-11,1,"quantile",0.1,272903.55
"255","DE","15-34",2026-01-08,2026-01-11,1,"quantile",0.25,311387.025
"256","DE","15-34",2026-01-08,2026-01-11,1,"quantile",0.5,358557.6
"257","DE","15-34",2026-01-08,2026-01-11,1,"quantile",0.75,410094.65
"258","DE","15-34",2026-01-08,2026-01-11,1,"quantile",0.9,460555.14
"259","DE","15-34",2026-01-08,2026-01-11,1,"quantile",0.975,522548.44000000006
"260","DE","15-34",2026-01-08,2026-01-18,2,"quantile",0.025,253382.1875
"261","DE","15-34",2026-01-08,2026-01-18,2,"quantile",0.1,297485.69
"262","DE","15-34",2026-01-08,2026-01-18,2,"quantile",0.25,341266.025
"263","DE","15-34",2026-01-08,2026-01-18,2,"quantile",0.5,394815.35
"264","DE","15-34",2026-01-08,2026-01-18,2,"quantile",0.75,453607.6
"265","DE","15-34",2026-01-08,2026-01-18,2,"quantile",0.9,510623.9900000001
"266","DE","15-34",2026-01-08,2026-01-18,2,"quantile",0.975,581134.0175000001
"267","DE","15-34",2026-01-08,2026-01-25,3,"quantile",0.025,286717.185
"268","DE","15-34",2026-01-08,2026-01-25,3,"quantile",0.1,338390.82
"269","DE","15-34",2026-01-08,2026-01-25,3,"quantile",0.25,389706.55
"270","DE","15-34",2026-01-08,2026-01-25,3,"quantile",0.5,452475.5
"271","DE","15-34",2026-01-08,2026-01-25,3,"quantile",0.75,522398.1
"272","DE","15-34",2026-01-08,2026-01-25,3,"quantile",0.9,590891.15
"273","DE","15-34",2026-01-08,2026-01-25,3,"quantile",0.975,675134.295
"274","DE","15-34",2026-01-08,2026-02-01,4,"quantile",0.025,281421.3175
"275","DE","15-34",2026-01-08,2026-02-01,4,"quantile",0.1,340528.4
"276","DE","15-34",2026-01-08,2026-02-01,4,"quantile",0.25,400532.7
"277","DE","15-34",2026-01-08,2026-02-01,4,"quantile",0.5,475328.05
"278","DE","15-34",2026-01-08,2026-02-01,4,"quantile",0.75,558846.825
"279","DE","15-34",2026-01-08,2026-02-01,4,"quantile",0.9,642383.2899999999
"280","DE","15-34",2026-01-08,2026-02-01,4,"quantile",0.975,743597.7550000001
"281","DE","35-59",2026-01-08,2026-01-11,1,"quantile",0.025,300562.2375
"282","DE","35-59",2026-01-08,2026-01-11,1,"quantile",0.1,351891.06
"283","DE","35-59",2026-01-08,2026-01-11,1,"quantile",0.25,402571.925
"284","DE","35-59",2026-01-08,2026-01-11,1,"quantile",0.5,464997.45
"285","DE","35-59",2026-01-08,2026-01-11,1,"quantile",0.75,533429.775
"286","DE","35-59",2026-01-08,2026-01-11,1,"quantile",0.9,600970.07
"287","DE","35-59",2026-01-08,2026-01-11,1,"quantile",0.975,683237.4125000001
"288","DE","35-59",2026-01-08,2026-01-18,2,"quantile",0.025,320185.53
"289","DE","35-59",2026-01-08,2026-01-18,2,"quantile",0.1,377584.67
"290","DE","35-59",2026-01-08,2026-01-18,2,"quantile",0.25,434886.825
"291","DE","35-59",2026-01-08,2026-01-18,2,"quantile",0.5,505536.25
"292","DE","35-59",2026-01-08,2026-01-18,2,"quantile",0.75,583251.05
"293","DE","35-59",2026-01-08,2026-01-18,2,"quantile",0.9,659790.2899999999
"294","DE","35-59",2026-01-08,2026-01-18,2,"quantile",0.975,753340.7950000002
"295","DE","35-59",2026-01-08,2026-01-25,3,"quantile",0.025,357067.8625
"296","DE","35-59",2026-01-08,2026-01-25,3,"quantile",0.1,424874.93
"297","DE","35-59",2026-01-08,2026-01-25,3,"quantile",0.25,492253.275
"298","DE","35-59",2026-01-08,2026-01-25,3,"quantile",0.5,575540.3
"299","DE","35-59",2026-01-08,2026-01-25,3,"quantile",0.75,667371.925
"300","DE","35-59",2026-01-08,2026-01-25,3,"quantile",0.9,758835.72
"301","DE","35-59",2026-01-08,2026-01-25,3,"quantile",0.975,869088.915
"302","DE","35-59",2026-01-08,2026-02-01,4,"quantile",0.025,357017.775
"303","DE","35-59",2026-01-08,2026-02-01,4,"quantile",0.1,436568.64
"304","DE","35-59",2026-01-08,2026-02-01,4,"quantile",0.25,518065.225
"305","DE","35-59",2026-01-08,2026-02-01,4,"quantile",0.5,620599.95
"306","DE","35-59",2026-01-08,2026-02-01,4,"quantile",0.75,735750.675
"307","DE","35-59",2026-01-08,2026-02-01,4,"quantile",0.9,851177.61
"308","DE","35-59",2026-01-08,2026-02-01,4,"quantile",0.975,994211.52
"309","DE","60+",2026-01-08,2026-01-11,1,"quantile",0.025,110763.585
"310","DE","60+",2026-01-08,2026-01-11,1,"quantile",0.1,129620.12
"311","DE","60+",2026-01-08,2026-01-11,1,"quantile",0.25,148462.725
"312","DE","60+",2026-01-08,2026-01-11,1,"quantile",0.5,171610.05
"313","DE","60+",2026-01-08,2026-01-11,1,"quantile",0.75,197193.675
"314","DE","60+",2026-01-08,2026-01-11,1,"quantile",0.9,222135.42
"315","DE","60+",2026-01-08,2026-01-11,1,"quantile",0.975,252522.5625
"316","DE","60+",2026-01-08,2026-01-18,2,"quantile",0.025,108876.4875
"317","DE","60+",2026-01-08,2026-01-18,2,"quantile",0.1,128741.2
"318","DE","60+",2026-01-08,2026-01-18,2,"quantile",0.25,148511.0
"319","DE","60+",2026-01-08,2026-01-18,2,"quantile",0.5,172758.75
"320","DE","60+",2026-01-08,2026-01-18,2,"quantile",0.75,199846.9
"321","DE","60+",2026-01-08,2026-01-18,2,"quantile",0.9,226382.88
"322","DE","60+",2026-01-08,2026-01-18,2,"quantile",0.975,258865.9825
"323","DE","60+",2026-01-08,2026-01-25,3,"quantile",0.025,112911.8625
"324","DE","60+",2026-01-08,2026-01-25,3,"quantile",0.1,134793.19
"325","DE","60+",2026-01-08,2026-01-25,3,"quantile",0.25,156631.3
"326","DE","60+",2026-01-08,2026-01-25,3,"quantile",0.5,183629.8
"327","DE","60+",2026-01-08,2026-01-25,3,"quantile",0.75,213610.25
"328","DE","60+",2026-01-08,2026-01-25,3,"quantile",0.9,243032.61
"329","DE","60+",2026-01-08,2026-01-25,3,"quantile",0.975,279120.6050000001
"330","DE","60+",2026-01-08,2026-02-01,4,"quantile",0.025,109562.55
"331","DE","60+",2026-01-08,2026-02-01,4,"quantile",0.1,134208.38
"332","DE","60+",2026-01-08,2026-02-01,4,"quantile",0.25,159280.475
"333","DE","60+",2026-01-08,2026-02-01,4,"quantile",0.5,190550.35
"334","DE","60+",2026-01-08,2026-02-01,4,"quantile",0.75,225833.65
"335","DE","60+",2026-01-08,2026-02-01,4,"quantile",0.9,260815.18
"336","DE","60+",2026-01-08,2026-02-01,4,"quantile",0.975,304538.1500000001
"337","DE","00+",2026-01-15,2026-01-18,1,"quantile",0.025,880612.2675000001
"338","DE","00+",2026-01-15,2026-01-18,1,"quantile",0.1,1019654.91
"339","DE","00+",2026-01-15,2026-01-18,1,"quantile",0.25,1156646.725
"340","DE","00+",2026-01-15,2026-01-18,1,"quantile",0.5,1323618.75
"341","DE","00+",2026-01-15,2026-01-18,1,"quantile",0.75,1507781.2
"342","DE","00+",2026-01-15,2026-01-18,1,"quantile",0.9,1691548.08
"343","DE","00+",2026-01-15,2026-01-18,1,"quantile",0.975,1918400.2375000005
"344","DE","00+",2026-01-15,2026-01-25,2,"quantile",0.025,960535.9225
"345","DE","00+",2026-01-15,2026-01-25,2,"quantile",0.1,1120415.36
"346","DE","00+",2026-01-15,2026-01-25,2,"quantile",0.25,1276539.125
"347","DE","00+",2026-01-15,2026-01-25,2,"quantile",0.5,1468646.0
"348","DE","00+",2026-01-15,2026-01-25,2,"quantile",0.75,1681771.375
"349","DE","00+",2026-01-15,2026-01-25,2,"quantile",0.9,1893011.09
"350","DE","00+",2026-01-15,2026-01-25,2,"quantile",0.975,2153502.4275
"351","DE","00+",2026-01-15,2026-02-01,3,"quantile",0.025,1057887.5950000002
"352","DE","00+",2026-01-15,2026-02-01,3,"quantile",0.1,1241374.0299999998
"353","DE","00+",2026-01-15,2026-02-01,3,"quantile",0.25,1423269.825
"354","DE","00+",2026-01-15,2026-02-01,3,"quantile",0.5,1647726.9
"355","DE","00+",2026-01-15,2026-02-01,3,"quantile",0.75,1894822.35
"356","DE","00+",2026-01-15,2026-02-01,3,"quantile",0.9,2138976.0
"357","DE","00+",2026-01-15,2026-02-01,3,"quantile",0.975,2437601.33
"358","DE","00+",2026-01-15,2026-02-08,4,"quantile",0.025,933822.4075
"359","DE","00+",2026-01-15,2026-02-08,4,"quantile",0.1,1132221.74
"360","DE","00+",2026-01-15,2026-02-08,4,"quantile",0.25,1330258.5
"361","DE","00+",2026-01-15,2026-02-08,4,"quantile",0.5,1578776.2
"362","DE","00+",2026-01-15,2026-02-08,4,"quantile",0.75,1855887.8
"363","DE","00+",2026-01-15,2026-02-08,4,"quantile",0.9,2131889.2800000003
"364","DE","00+",2026-01-15,2026-02-08,4,"quantile",0.975,2470761.2225
"365","DE","00-04",2026-01-15,2026-01-18,1,"quantile",0.025,106692.3225
"366","DE","00-04",2026-01-15,2026-01-18,1,"quantile",0.1,124225.26
"367","DE","00-04",2026-01-15,2026-01-18,1,"quantile",0.25,141649.15
"368","DE","00-04",2026-01-15,2026-01-18,1,"quantile",0.5,162996.0
"369","DE","00-04",2026-01-15,2026-01-18,1,"quantile",0.75,186546.575
"370","DE","00-04",2026-01-15,2026-01-18,1,"quantile",0.9,209858.19
"371","DE","00-04",2026-01-15,2026-01-18,1,"quantile",0.975,238719.145
"372","DE","00-04",2026-01-15,2026-01-25,2,"quantile",0.025,120642.61000000002
"373","DE","00-04",2026-01-15,2026-01-25,2,"quantile",0.1,141146.22
"374","DE","00-04",2026-01-15,2026-01-25,2,"quantile",0.25,161544.15
"375","DE","00-04",2026-01-15,2026-01-25,2,"quantile",0.5,186590.05
"376","DE","00-04",2026-01-15,2026-01-25,2,"quantile",0.75,214434.05
"377","DE","00-04",2026-01-15,2026-01-25,2,"quantile",0.9,241734.93
"378","DE","00-04",2026-01-15,2026-01-25,2,"quantile",0.975,275517.335
"379","DE","00-04",2026-01-15,2026-02-01,3,"quantile",0.025,134801.6925
"380","DE","00-04",2026-01-15,2026-02-01,3,"quantile",0.1,158704.44
"381","DE","00-04",2026-01-15,2026-02-01,3,"quantile",0.25,182317.95
"382","DE","00-04",2026-01-15,2026-02-01,3,"quantile",0.5,211219.4
"383","DE","00-04",2026-01-15,2026-02-01,3,"quantile",0.75,243452.325
"384","DE","00-04",2026-01-15,2026-02-01,3,"quantile",0.9,275225.75
"385","DE","00-04",2026-01-15,2026-02-01,3,"quantile",0.975,314033.3925
"386","DE","00-04",2026-01-15,2026-02-08,4,"quantile",0.025,129565.88
"387","DE","00-04",2026-01-15,2026-02-08,4,"quantile",0.1,155736.02
"388","DE","00-04",2026-01-15,2026-02-08,4,"quantile",0.25,182568.85
"389","DE","00-04",2026-01-15,2026-02-08,4,"quantile",0.5,216006.4
"390","DE","00-04",2026-01-15,2026-02-08,4,"quantile",0.75,253258.1
"391","DE","00-04",2026-01-15,2026-02-08,4,"quantile",0.9,290358.65
"392","DE","00-04",2026-01-15,2026-02-08,4,"quantile",0.975,335581.4325
"393","DE","05-14",2026-01-15,2026-01-18,1,"quantile",0.025,81417.64749999999
"394","DE","05-14",2026-01-15,2026-01-18,1,"quantile",0.1,99620.01
"395","DE","05-14",2026-01-15,2026-01-18,1,"quantile",0.25,118083.5
"396","DE","05-14",2026-01-15,2026-01-18,1,"quantile",0.5,141480.2
"397","DE","05-14",2026-01-15,2026-01-18,1,"quantile",0.75,168065.8
"398","DE","05-14",2026-01-15,2026-01-18,1,"quantile",0.9,195001.35
"399","DE","05-14",2026-01-15,2026-01-18,1,"quantile",0.975,228856.7475
"400","DE","05-14",2026-01-15,2026-01-25,2,"quantile",0.025,93278.995
"401","DE","05-14",2026-01-15,2026-01-25,2,"quantile",0.1,115192.57
"402","DE","05-14",2026-01-15,2026-01-25,2,"quantile",0.25,137463.1
"403","DE","05-14",2026-01-15,2026-01-25,2,"quantile",0.5,165640.0
"404","DE","05-14",2026-01-15,2026-01-25,2,"quantile",0.75,197407.675
"405","DE","05-14",2026-01-15,2026-01-25,2,"quantile",0.9,229810.68
"406","DE","05-14",2026-01-15,2026-01-25,2,"quantile",0.975,269796.0075
"407","DE","05-14",2026-01-15,2026-02-01,3,"quantile",0.025,108792.37
"408","DE","05-14",2026-01-15,2026-02-01,3,"quantile",0.1,134888.52
"409","DE","05-14",2026-01-15,2026-02-01,3,"quantile",0.25,161900.3
"410","DE","05-14",2026-01-15,2026-02-01,3,"quantile",0.5,195579.95
"411","DE","05-14",2026-01-15,2026-02-01,3,"quantile",0.75,234236.125
"412","DE","05-14",2026-01-15,2026-02-01,3,"quantile",0.9,273022.56
"413","DE","05-14",2026-01-15,2026-02-01,3,"quantile",0.975,321405.16250000003
"414","DE","05-14",2026-01-15,2026-02-08,4,"quantile",0.025,104378.355
"415","DE","05-14",2026-01-15,2026-02-08,4,"quantile",0.1,133969.6
"416","DE","05-14",2026-01-15,2026-02-08,4,"quantile",0.25,165246.15
"417","DE","05-14",2026-01-15,2026-02-08,4,"quantile",0.5,205181.9
"418","DE","05-14",2026-01-15,2026-02-08,4,"quantile",0.75,251582.85
"419","DE","05-14",2026-01-15,2026-02-08,4,"quantile",0.9,298755.64
"420","DE","05-14",2026-01-15,2026-02-08,4,"quantile",0.975,358057.94750000007
"421","DE","15-34",2026-01-15,2026-01-18,1,"quantile",0.025,236685.2575
"422","DE","15-34",2026-01-15,2026-01-18,1,"quantile",0.1,276075.15
"423","DE","15-34",2026-01-15,2026-01-18,1,"quantile",0.25,315112.975
"424","DE","15-34",2026-01-15,2026-01-18,1,"quantile",0.5,362813.9
"425","DE","15-34",2026-01-15,2026-01-18,1,"quantile",0.75,415508.375
"426","DE","15-34",2026-01-15,2026-01-18,1,"quantile",0.9,467703.09
"427","DE","15-34",2026-01-15,2026-01-18,1,"quantile",0.975,532520.4575
"428","DE","15-34",2026-01-15,2026-01-25,2,"quantile",0.025,253276.8025
"429","DE","15-34",2026-01-15,2026-01-25,2,"quantile",0.1,297780.42000000004
"430","DE","15-34",2026-01-15,2026-01-25,2,"quantile",0.25,342057.425
"431","DE","15-34",2026-01-15,2026-01-25,2,"quantile",0.5,396306.55
"432","DE","15-34",2026-01-15,2026-01-25,2,"quantile",0.75,456043.55
"433","DE","15-34",2026-01-15,2026-01-25,2,"quantile",0.9,514999.36
"434","DE","15-34",2026-01-15,2026-01-25,2,"quantile",0.975,587959.8150000002
"435","DE","15-34",2026-01-15,2026-02-01,3,"quantile",0.025,279020.715
"436","DE","15-34",2026-01-15,2026-02-01,3,"quantile",0.1,329973.79
"437","DE","15-34",2026-01-15,2026-02-01,3,"quantile",0.25,380374.925
"438","DE","15-34",2026-01-15,2026-02-01,3,"quantile",0.5,442439.15
"439","DE","15-34",2026-01-15,2026-02-01,3,"quantile",0.75,511459.875
"440","DE","15-34",2026-01-15,2026-02-01,3,"quantile",0.9,579879.4
"441","DE","15-34",2026-01-15,2026-02-01,3,"quantile",0.975,662727.4550000001
"442","DE","15-34",2026-01-15,2026-02-08,4,"quantile",0.025,243266.21
"443","DE","15-34",2026-01-15,2026-02-08,4,"quantile",0.1,296952.59
"444","DE","15-34",2026-01-15,2026-02-08,4,"quantile",0.25,350731.75
"445","DE","15-34",2026-01-15,2026-02-08,4,"quantile",0.5,418577.35
"446","DE","15-34",2026-01-15,2026-02-08,4,"quantile",0.75,494354.425
"447","DE","15-34",2026-01-15,2026-02-08,4,"quantile",0.9,570345.07
"448","DE","15-34",2026-01-15,2026-02-08,4,"quantile",0.975,664120.1250000001
"449","DE","35-59",2026-01-15,2026-01-18,1,"quantile",0.025,312762.92000000004
"450","DE","35-59",2026-01-15,2026-01-18,1,"quantile",0.1,365762.17
"451","DE","35-59",2026-01-15,2026-01-18,1,"quantile",0.25,419042.975
"452","DE","35-59",2026-01-15,2026-01-18,1,"quantile",0.5,484325.65
"453","DE","35-59",2026-01-15,2026-01-18,1,"quantile",0.75,556749.025
"454","DE","35-59",2026-01-15,2026-01-18,1,"quantile",0.9,628930.73
"455","DE","35-59",2026-01-15,2026-01-18,1,"quantile",0.975,719211.4550000002
"456","DE","35-59",2026-01-15,2026-01-25,2,"quantile",0.025,334198.33
"457","DE","35-59",2026-01-15,2026-01-25,2,"quantile",0.1,394942.42
"458","DE","35-59",2026-01-15,2026-01-25,2,"quantile",0.25,455519.6
"459","DE","35-59",2026-01-15,2026-01-25,2,"quantile",0.5,530122.5
"460","DE","35-59",2026-01-15,2026-01-25,2,"quantile",0.75,613998.625
"461","DE","35-59",2026-01-15,2026-01-25,2,"quantile",0.9,696517.6399999999
"462","DE","35-59",2026-01-15,2026-01-25,2,"quantile",0.975,798557.6775
"463","DE","35-59",2026-01-15,2026-02-01,3,"quantile",0.025,368345.7525
"464","DE","35-59",2026-01-15,2026-02-01,3,"quantile",0.1,438767.6
"465","DE","35-59",2026-01-15,2026-02-01,3,"quantile",0.25,508785.425
"466","DE","35-59",2026-01-15,2026-02-01,3,"quantile",0.5,595620.15
"467","DE","35-59",2026-01-15,2026-02-01,3,"quantile",0.75,692755.025
"468","DE","35-59",2026-01-15,2026-02-01,3,"quantile",0.9,789284.6199999999
"469","DE","35-59",2026-01-15,2026-02-01,3,"quantile",0.975,910393.9975
"470","DE","35-59",2026-01-15,2026-02-08,4,"quantile",0.025,320539.59500000003
"471","DE","35-59",2026-01-15,2026-02-08,4,"quantile",0.1,395724.98
"472","DE","35-59",2026-01-15,2026-02-08,4,"quantile",0.25,472246.475
"473","DE","35-59",2026-01-15,2026-02-08,4,"quantile",0.5,569924.7
"474","DE","35-59",2026-01-15,2026-02-08,4,"quantile",0.75,680407.15
"475","DE","35-59",2026-01-15,2026-02-08,4,"quantile",0.9,791088.3099999999
"476","DE","35-59",2026-01-15,2026-02-08,4,"quantile",0.975,929213.0600000002
"477","DE","60+",2026-01-15,2026-01-18,1,"quantile",0.025,104616.04
"478","DE","60+",2026-01-15,2026-01-18,1,"quantile",0.1,122802.2
"479","DE","60+",2026-01-15,2026-01-18,1,"quantile",0.25,140989.2
"480","DE","60+",2026-01-15,2026-01-18,1,"quantile",0.5,163373.0
"481","DE","60+",2026-01-15,2026-01-18,1,"quantile",0.75,188166.425
"482","DE","60+",2026-01-15,2026-01-18,1,"quantile",0.9,213142.28
"483","DE","60+",2026-01-15,2026-01-18,1,"quantile",0.975,243773.455
"484","DE","60+",2026-01-15,2026-01-25,2,"quantile",0.025,104716.6375
"485","DE","60+",2026-01-15,2026-01-25,2,"quantile",0.1,124179.04
"486","DE","60+",2026-01-15,2026-01-25,2,"quantile",0.25,143768.3
"487","DE","60+",2026-01-15,2026-01-25,2,"quantile",0.5,167849.5
"488","DE","60+",2026-01-15,2026-01-25,2,"quantile",0.75,194925.925
"489","DE","60+",2026-01-15,2026-01-25,2,"quantile",0.9,221759.92
"490","DE","60+",2026-01-15,2026-01-25,2,"quantile",0.975,254943.9225
"491","DE","60+",2026-01-15,2026-02-01,3,"quantile",0.025,109940.0525
"492","DE","60+",2026-01-15,2026-02-01,3,"quantile",0.1,131504.97
"493","DE","60+",2026-01-15,2026-02-01,3,"quantile",0.25,153101.625
"494","DE","60+",2026-01-15,2026-02-01,3,"quantile",0.5,180006.35
"495","DE","60+",2026-01-15,2026-02-01,3,"quantile",0.75,210204.575
"496","DE","60+",2026-01-15,2026-02-01,3,"quantile",0.9,240239.84
"497","DE","60+",2026-01-15,2026-02-01,3,"quantile",0.975,278038.01250000007
"498","DE","60+",2026-01-15,2026-02-08,4,"quantile",0.025,95445.4
"499","DE","60+",2026-01-15,2026-02-08,4,"quantile",0.1,117741.14
"500","DE","60+",2026-01-15,2026-02-08,4,"quantile",0.25,140972.35
"501","DE","60+",2026-01-15,2026-02-08,4,"quantile",0.5,170271.4
"502","DE","60+",2026-01-15,2026-02-08,4,"quantile",0.75,203220.7
"503","DE","60+",2026-01-15,2026-02-08,4,"quantile",0.9,236813.36
"504","DE","60+",2026-01-15,2026-02-08,4,"quantile",0.975,278578.07250000007
"505","DE","00+",2026-01-22,2026-01-25,1,"quantile",0.025,1052698.99
"506","DE","00+",2026-01-22,2026-01-25,1,"quantile",0.1,1210354.35
"507","DE","00+",2026-01-22,2026-01-25,1,"quantile",0.25,1365040.65
"508","DE","00+",2026-01-22,2026-01-25,1,"quantile",0.5,1552246.0
"509","DE","00+",2026-01-22,2026-01-25,1,"quantile",0.75,1757491.475
"510","DE","00+",2026-01-22,2026-01-25,1,"quantile",0.9,1957167.8
"511","DE","00+",2026-01-22,2026-01-25,1,"quantile",0.975,2200537.425
"512","DE","00+",2026-01-22,2026-02-01,2,"quantile",0.025,1204106.64
"513","DE","00+",2026-01-22,2026-02-01,2,"quantile",0.1,1394106.55
"514","DE","00+",2026-01-22,2026-02-01,2,"quantile",0.25,1579485.775
"515","DE","00+",2026-01-22,2026-02-01,2,"quantile",0.5,1807616.5
"516","DE","00+",2026-01-22,2026-02-01,2,"quantile",0.75,2056284.075
"517","DE","00+",2026-01-22,2026-02-01,2,"quantile",0.9,2300807.35
"518","DE","00+",2026-01-22,2026-02-01,2,"quantile",0.975,2600648.5550000006
"519","DE","00+",2026-01-22,2026-02-08,3,"quantile",0.025,1176685.8199999998
"520","DE","00+",2026-01-22,2026-02-08,3,"quantile",0.1,1374213.01
"521","DE","00+",2026-01-22,2026-02-08,3,"quantile",0.25,1569375.425
"522","DE","00+",2026-01-22,2026-02-08,3,"quantile",0.5,1808493.7
"523","DE","00+",2026-01-22,2026-02-08,3,"quantile",0.75,2071122.95
"524","DE","00+",2026-01-22,2026-02-08,3,"quantile",0.9,2328746.94
"525","DE","00+",2026-01-22,2026-02-08,3,"quantile",0.975,2640105.575
"526","DE","00+",2026-01-22,2026-02-15,4,"quantile",0.025,1018281.025
"527","DE","00+",2026-01-22,2026-02-15,4,"quantile",0.1,1226713.01
"528","DE","00+",2026-01-22,2026-02-15,4,"quantile",0.25,1438046.075
"529","DE","00+",2026-01-22,2026-02-15,4,"quantile",0.5,1701101.55
"530","DE","00+",2026-01-22,2026-02-15,4,"quantile",0.75,1995996.675
"531","DE","00+",2026-01-22,2026-02-15,4,"quantile",0.9,2290556.92
"532","DE","00+",2026-01-22,2026-02-15,4,"quantile",0.975,2647521.4250000003
"533","DE","00-04",2026-01-22,2026-01-25,1,"quantile",0.025,149839.92250000002
"534","DE","00-04",2026-01-22,2026-01-25,1,"quantile",0.1,171980.43
"535","DE","00-04",2026-01-22,2026-01-25,1,"quantile",0.25,193818.325
"536","DE","00-04",2026-01-22,2026-01-25,1,"quantile",0.5,220228.95
"537","DE","00-04",2026-01-22,2026-01-25,1,"quantile",0.75,249010.525
"538","DE","00-04",2026-01-22,2026-01-25,1,"quantile",0.9,276970.64
"539","DE","00-04",2026-01-22,2026-01-25,1,"quantile",0.975,310776.13
"540","DE","00-04",2026-01-22,2026-02-01,2,"quantile",0.025,168203.0275
"541","DE","00-04",2026-01-22,2026-02-01,2,"quantile",0.1,194492.71
"542","DE","00-04",2026-01-22,2026-02-01,2,"quantile",0.25,220196.45
"543","DE","00-04",2026-01-22,2026-02-01,2,"quantile",0.5,251408.5
"544","DE","00-04",2026-01-22,2026-02-01,2,"quantile",0.75,285583.775
"545","DE","00-04",2026-01-22,2026-02-01,2,"quantile",0.9,318792.68
"546","DE","00-04",2026-01-22,2026-02-01,2,"quantile",0.975,359218.10250000004
"547","DE","00-04",2026-01-22,2026-02-08,3,"quantile",0.025,167165.45249999998
"548","DE","00-04",2026-01-22,2026-02-08,3,"quantile",0.1,194722.96
"549","DE","00-04",2026-01-22,2026-02-08,3,"quantile",0.25,221851.85
"550","DE","00-04",2026-01-22,2026-02-08,3,"quantile",0.5,254627.6
"551","DE","00-04",2026-01-22,2026-02-08,3,"quantile",0.75,290446.275
"552","DE","00-04",2026-01-22,2026-02-08,3,"quantile",0.9,325607.12
"553","DE","00-04",2026-01-22,2026-02-08,3,"quantile",0.975,368561.42
"554","DE","00-04",2026-01-22,2026-02-15,4,"quantile",0.025,148689.11000000002
"555","DE","00-04",2026-01-22,2026-02-15,4,"quantile",0.1,177309.47
"556","DE","00-04",2026-01-22,2026-02-15,4,"quantile",0.25,206103.525
"557","DE","00-04",2026-01-22,2026-02-15,4,"quantile",0.5,242067.05
"558","DE","00-04",2026-01-22,2026-02-15,4,"quantile",0.75,281858.325
"559","DE","00-04",2026-01-22,2026-02-15,4,"quantile",0.9,321281.59
"560","DE","00-04",2026-01-22,2026-02-15,4,"quantile",0.975,369232.44250000006
"561","DE","05-14",2026-01-22,2026-01-25,1,"quantile",0.025,121549.7975
"562","DE","05-14",2026-01-22,2026-01-25,1,"quantile",0.1,145873.11000000002
"563","DE","05-14",2026-01-22,2026-01-25,1,"quantile",0.25,170575.925
"564","DE","05-14",2026-01-22,2026-01-25,1,"quantile",0.5,201197.35
"565","DE","05-14",2026-01-22,2026-01-25,1,"quantile",0.75,235520.275
"566","DE","05-14",2026-01-22,2026-01-25,1,"quantile",0.9,269527.79
"567","DE","05-14",2026-01-22,2026-01-25,1,"quantile",0.975,311403.47250000003
"568","DE","05-14",2026-01-22,2026-02-01,2,"quantile",0.025,136994.6625
"569","DE","05-14",2026-01-22,2026-02-01,2,"quantile",0.1,166315.96000000002
"570","DE","05-14",2026-01-22,2026-02-01,2,"quantile",0.25,196105.175
"571","DE","05-14",2026-01-22,2026-02-01,2,"quantile",0.5,232976.9
"572","DE","05-14",2026-01-22,2026-02-01,2,"quantile",0.75,274390.0
"573","DE","05-14",2026-01-22,2026-02-01,2,"quantile",0.9,315757.69
"574","DE","05-14",2026-01-22,2026-02-01,2,"quantile",0.975,366468.80500000005
"575","DE","05-14",2026-01-22,2026-02-08,3,"quantile",0.025,137095.14750000002
"576","DE","05-14",2026-01-22,2026-02-08,3,"quantile",0.1,167890.35
"577","DE","05-14",2026-01-22,2026-02-08,3,"quantile",0.25,199260.05
"578","DE","05-14",2026-01-22,2026-02-08,3,"quantile",0.5,238466.25
"579","DE","05-14",2026-01-22,2026-02-08,3,"quantile",0.75,282650.0
"580","DE","05-14",2026-01-22,2026-02-08,3,"quantile",0.9,326834.0
"581","DE","05-14",2026-01-22,2026-02-08,3,"quantile",0.975,381383.14
"582","DE","05-14",2026-01-22,2026-02-15,4,"quantile",0.025,120242.815
"583","DE","05-14",2026-01-22,2026-02-15,4,"quantile",0.1,153013.33000000002
"584","DE","05-14",2026-01-22,2026-02-15,4,"quantile",0.25,187251.975
"585","DE","05-14",2026-01-22,2026-02-15,4,"quantile",0.5,231057.95
"586","DE","05-14",2026-01-22,2026-02-15,4,"quantile",0.75,281348.875
"587","DE","05-14",2026-01-22,2026-02-15,4,"quantile",0.9,332437.63
"588","DE","05-14",2026-01-22,2026-02-15,4,"quantile",0.975,396423.04
"589","DE","15-34",2026-01-22,2026-01-25,1,"quantile",0.025,275264.2025
"590","DE","15-34",2026-01-22,2026-01-25,1,"quantile",0.1,318568.65
"591","DE","15-34",2026-01-22,2026-01-25,1,"quantile",0.25,361609.85
"592","DE","15-34",2026-01-22,2026-01-25,1,"quantile",0.5,413919.15
"593","DE","15-34",2026-01-22,2026-01-25,1,"quantile",0.75,471200.025
"594","DE","15-34",2026-01-22,2026-01-25,1,"quantile",0.9,526958.11
"595","DE","15-34",2026-01-22,2026-01-25,1,"quantile",0.975,595393.145
"596","DE","15-34",2026-01-22,2026-02-01,2,"quantile",0.025,308991.925
"597","DE","15-34",2026-01-22,2026-02-01,2,"quantile",0.1,360890.84
"598","DE","15-34",2026-01-22,2026-02-01,2,"quantile",0.25,412212.9
"599","DE","15-34",2026-01-22,2026-02-01,2,"quantile",0.5,474531.3
"600","DE","15-34",2026-01-22,2026-02-01,2,"quantile",0.75,543342.35
"601","DE","15-34",2026-01-22,2026-02-01,2,"quantile",0.9,610430.3200000001
"602","DE","15-34",2026-01-22,2026-02-01,2,"quantile",0.975,693260.9500000001
"603","DE","15-34",2026-01-22,2026-02-08,3,"quantile",0.025,300790.15
"604","DE","15-34",2026-01-22,2026-02-08,3,"quantile",0.1,353991.74
"605","DE","15-34",2026-01-22,2026-02-08,3,"quantile",0.25,407192.6
"606","DE","15-34",2026-01-22,2026-02-08,3,"quantile",0.5,472125.2
"607","DE","15-34",2026-01-22,2026-02-08,3,"quantile",0.75,544454.35
"608","DE","15-34",2026-01-22,2026-02-08,3,"quantile",0.9,614679.7699999999
"609","DE","15-34",2026-01-22,2026-02-08,3,"quantile",0.975,701042.7375
"610","DE","15-34",2026-01-22,2026-02-15,4,"quantile",0.025,257667.32
"611","DE","15-34",2026-01-22,2026-02-15,4,"quantile",0.1,313986.06
"612","DE","15-34",2026-01-22,2026-02-15,4,"quantile",0.25,370700.725
"613","DE","15-34",2026-01-22,2026-02-15,4,"quantile",0.5,441839.5
"614","DE","15-34",2026-01-22,2026-02-15,4,"quantile",0.75,521731.425
"615","DE","15-34",2026-01-22,2026-02-15,4,"quantile",0.9,600985.33
"616","DE","15-34",2026-01-22,2026-02-15,4,"quantile",0.975,698064.3325000001
"617","DE","35-59",2026-01-22,2026-01-25,1,"quantile",0.025,349572.36
"618","DE","35-59",2026-01-22,2026-01-25,1,"quantile",0.1,407500.72
"619","DE","35-59",2026-01-22,2026-01-25,1,"quantile",0.25,464833.4
"620","DE","35-59",2026-01-22,2026-01-25,1,"quantile",0.5,534681.8
"621","DE","35-59",2026-01-22,2026-01-25,1,"quantile",0.75,612189.825
"622","DE","35-59",2026-01-22,2026-01-25,1,"quantile",0.9,688139.6
"623","DE","35-59",2026-01-22,2026-01-25,1,"quantile",0.975,781174.7375
"624","DE","35-59",2026-01-22,2026-02-01,2,"quantile",0.025,394106.255
"625","DE","35-59",2026-01-22,2026-02-01,2,"quantile",0.1,463914.36
"626","DE","35-59",2026-01-22,2026-02-01,2,"quantile",0.25,533405.2
"627","DE","35-59",2026-01-22,2026-02-01,2,"quantile",0.5,618300.9
"628","DE","35-59",2026-01-22,2026-02-01,2,"quantile",0.75,712000.65
"629","DE","35-59",2026-01-22,2026-02-01,2,"quantile",0.9,805029.2
"630","DE","35-59",2026-01-22,2026-02-01,2,"quantile",0.975,917885.22
"631","DE","35-59",2026-01-22,2026-02-08,3,"quantile",0.025,385454.2400000001
"632","DE","35-59",2026-01-22,2026-02-08,3,"quantile",0.1,457422.57
"633","DE","35-59",2026-01-22,2026-02-08,3,"quantile",0.25,529650.375
"634","DE","35-59",2026-01-22,2026-02-08,3,"quantile",0.5,619090.35
"635","DE","35-59",2026-01-22,2026-02-08,3,"quantile",0.75,717781.675
"636","DE","35-59",2026-01-22,2026-02-08,3,"quantile",0.9,815899.34
"637","DE","35-59",2026-01-22,2026-02-08,3,"quantile",0.975,935470.2225
"638","DE","35-59",2026-01-22,2026-02-15,4,"quantile",0.025,339588.3075
"639","DE","35-59",2026-01-22,2026-02-15,4,"quantile",0.1,418484.66
"640","DE","35-59",2026-01-22,2026-02-15,4,"quantile",0.25,499823.25
"641","DE","35-59",2026-01-22,2026-02-15,4,"quantile",0.5,601985.1
"642","DE","35-59",2026-01-22,2026-02-15,4,"quantile",0.75,717799.5
"643","DE","35-59",2026-01-22,2026-02-15,4,"quantile",0.9,834351.3099999999
"644","DE","35-59",2026-01-22,2026-02-15,4,"quantile",0.975,978421.3775000002
"645","DE","60+",2026-01-22,2026-01-25,1,"quantile",0.025,109276.155
"646","DE","60+",2026-01-22,2026-01-25,1,"quantile",0.1,127992.68
"647","DE","60+",2026-01-22,2026-01-25,1,"quantile",0.25,146675.325
"648","DE","60+",2026-01-22,2026-01-25,1,"quantile",0.5,169468.3
"649","DE","60+",2026-01-22,2026-01-25,1,"quantile",0.75,194736.875
"650","DE","60+",2026-01-22,2026-01-25,1,"quantile",0.9,219791.54
"651","DE","60+",2026-01-22,2026-01-25,1,"quantile",0.975,250597.785
"652","DE","60+",2026-01-22,2026-02-01,2,"quantile",0.025,118602.95249999998
"653","DE","60+",2026-01-22,2026-02-01,2,"quantile",0.1,139793.65
"654","DE","60+",2026-01-22,2026-02-01,2,"quantile",0.25,161236.625
"655","DE","60+",2026-01-22,2026-02-01,2,"quantile",0.5,187639.15
"656","DE","60+",2026-01-22,2026-02-01,2,"quantile",0.75,217028.375
"657","DE","60+",2026-01-22,2026-02-01,2,"quantile",0.9,246117.48
"658","DE","60+",2026-01-22,2026-02-01,2,"quantile",0.975,281889.475
"659","DE","60+",2026-01-22,2026-02-08,3,"quantile",0.025,115344.9625
"660","DE","60+",2026-01-22,2026-02-08,3,"quantile",0.1,137669.33000000002
"661","DE","60+",2026-01-22,2026-02-08,3,"quantile",0.25,159942.0
"662","DE","60+",2026-01-22,2026-02-08,3,"quantile",0.5,187532.35
"663","DE","60+",2026-01-22,2026-02-08,3,"quantile",0.75,218290.575
"664","DE","60+",2026-01-22,2026-02-08,3,"quantile",0.9,248822.22000000003
"665","DE","60+",2026-01-22,2026-02-08,3,"quantile",0.975,286425.17500000005
"666","DE","60+",2026-01-22,2026-02-15,4,"quantile",0.025,103152.7325
"667","DE","60+",2026-01-22,2026-02-15,4,"quantile",0.1,127334.69
"668","DE","60+",2026-01-22,2026-02-15,4,"quantile",0.25,152064.4
"669","DE","60+",2026-01-22,2026-02-15,4,"quantile",0.5,183166.65
"670","DE","60+",2026-01-22,2026-02-15,4,"quantile",0.75,218292.225
"671","DE","60+",2026-01-22,2026-02-15,4,"quantile",0.9,253633.35
"672","DE","60+",2026-01-22,2026-02-15,4,"quantile",0.975,298059.2575
"673","DE","00+",2026-01-29,2026-02-01,1,"quantile",0.025,1084431.0675
"674","DE","00+",2026-01-29,2026-02-01,1,"quantile",0.1,1247339.74
"675","DE","00+",2026-01-29,2026-02-01,1,"quantile",0.25,1405831.975
"676","DE","00+",2026-01-29,2026-02-01,1,"quantile",0.5,1598806.95
"677","DE","00+",2026-01-29,2026-02-01,1,"quantile",0.75,1809396.875
"678","DE","00+",2026-01-29,2026-02-01,1,"quantile",0.9,2014390.45
"679","DE","00+",2026-01-29,2026-02-01,1,"quantile",0.975,2266823.3325000005
"680","DE","00+",2026-01-29,2026-02-08,2,"quantile",0.025,1116763.6425
"681","DE","00+",2026-01-29,2026-02-08,2,"quantile",0.1,1291245.62
"682","DE","00+",2026-01-29,2026-02-08,2,"quantile",0.25,1463305.9
"683","DE","00+",2026-01-29,2026-02-08,2,"quantile",0.5,1671713.85
"684","DE","00+",2026-01-29,2026-02-08,2,"quantile",0.75,1899025.55
"685","DE","00+",2026-01-29,2026-02-08,2,"quantile",0.9,2122890.84
"686","DE","00+",2026-01-29,2026-02-08,2,"quantile",0.975,2398037.12
"687","DE","00+",2026-01-29,2026-02-15,3,"quantile",0.025,1063948.1324999998
"688","DE","00+",2026-01-29,2026-02-15,3,"quantile",0.1,1241848.49
"689","DE","00+",2026-01-29,2026-02-15,3,"quantile",0.25,1418004.55
"690","DE","00+",2026-01-29,2026-02-15,3,"quantile",0.5,1631777.9
"691","DE","00+",2026-01-29,2026-02-15,3,"quantile",0.75,1866298.125
"692","DE","00+",2026-01-29,2026-02-15,3,"quantile",0.9,2097477.51
"693","DE","00+",2026-01-29,2026-02-15,3,"quantile",0.975,2379363.345
"694","DE","00+",2026-01-29,2026-02-22,4,"quantile",0.025,910473.3825
"695","DE","00+",2026-01-29,2026-02-22,4,"quantile",0.1,1098007.28
"696","DE","00+",2026-01-29,2026-02-22,4,"quantile",0.25,1288291.25
"697","DE","00+",2026-01-29,2026-02-22,4,"quantile",0.5,1526084.1
"698","DE","00+",2026-01-29,2026-02-22,4,"quantile",0.75,1790450.7
"699","DE","00+",2026-01-29,2026-02-22,4,"quantile",0.9,2055120.86
"700","DE","00+",2026-01-29,2026-02-22,4,"quantile",0.975,2379533.850000001
"701","DE","00-04",2026-01-29,2026-02-01,1,"quantile",0.025,163794.645
"702","DE","00-04",2026-01-29,2026-02-01,1,"quantile",0.1,187543.76
"703","DE","00-04",2026-01-29,2026-02-01,1,"quantile",0.25,210550.975
"704","DE","00-04",2026-01-29,2026-02-01,1,"quantile",0.5,238429.85
"705","DE","00-04",2026-01-29,2026-02-01,1,"quantile",0.75,268921.725
"706","DE","00-04",2026-01-29,2026-02-01,1,"quantile",0.9,298813.38
"707","DE","00-04",2026-01-29,2026-02-01,1,"quantile",0.975,334942.245
"708","DE","00-04",2026-01-29,2026-02-08,2,"quantile",0.025,165083.2925
"709","DE","00-04",2026-01-29,2026-02-08,2,"quantile",0.1,190102.92
"710","DE","00-04",2026-01-29,2026-02-08,2,"quantile",0.25,214551.675
"711","DE","00-04",2026-01-29,2026-02-08,2,"quantile",0.5,244424.95
"712","DE","00-04",2026-01-29,2026-02-08,2,"quantile",0.75,276836.05
"713","DE","00-04",2026-01-29,2026-02-08,2,"quantile",0.9,308461.38
"714","DE","00-04",2026-01-29,2026-02-08,2,"quantile",0.975,346513.04000000004
"715","DE","00-04",2026-01-29,2026-02-15,3,"quantile",0.025,158705.13999999998
"716","DE","00-04",2026-01-29,2026-02-15,3,"quantile",0.1,184296.74
"717","DE","00-04",2026-01-29,2026-02-15,3,"quantile",0.25,209609.575
"718","DE","00-04",2026-01-29,2026-02-15,3,"quantile",0.5,240291.65
"719","DE","00-04",2026-01-29,2026-02-15,3,"quantile",0.75,273823.4
"720","DE","00-04",2026-01-29,2026-02-15,3,"quantile",0.9,306515.22000000003
"721","DE","00-04",2026-01-29,2026-02-15,3,"quantile",0.975,346265.61750000005
"722","DE","00-04",2026-01-29,2026-02-22,4,"quantile",0.025,139037.6625
"723","DE","00-04",2026-01-29,2026-02-22,4,"quantile",0.1,165928.56
"724","DE","00-04",2026-01-29,2026-02-22,4,"quantile",0.25,193031.15
"725","DE","00-04",2026-01-29,2026-02-22,4,"quantile",0.5,226556.1
"726","DE","00-04",2026-01-29,2026-02-22,4,"quantile",0.75,263665.575
"727","DE","00-04",2026-01-29,2026-02-22,4,"quantile",0.9,300397.9
"728","DE","00-04",2026-01-29,2026-02-22,4,"quantile",0.975,345106.18500000006
"729","DE","05-14",2026-01-29,2026-02-01,1,"quantile",0.025,136317.70500000002
"730","DE","05-14",2026-01-29,2026-02-01,1,"quantile",0.1,163035.07
"731","DE","05-14",2026-01-29,2026-02-01,1,"quantile",0.25,189577.225
"732","DE","05-14",2026-01-29,2026-02-01,1,"quantile",0.5,222749.25
"733","DE","05-14",2026-01-29,2026-02-01,1,"quantile",0.75,259619.125
"734","DE","05-14",2026-01-29,2026-02-01,1,"quantile",0.9,296041.5
"735","DE","05-14",2026-01-29,2026-02-01,1,"quantile",0.975,341052.17500000005
"736","DE","05-14",2026-01-29,2026-02-08,2,"quantile",0.025,134140.1775
"737","DE","05-14",2026-01-29,2026-02-08,2,"quantile",0.1,161737.62
"738","DE","05-14",2026-01-29,2026-02-08,2,"quantile",0.25,189562.65
"739","DE","05-14",2026-01-29,2026-02-08,2,"quantile",0.5,224133.65
"740","DE","05-14",2026-01-29,2026-02-08,2,"quantile",0.75,262973.65
"741","DE","05-14",2026-01-29,2026-02-08,2,"quantile",0.9,301638.1
"742","DE","05-14",2026-01-29,2026-02-08,2,"quantile",0.975,349257.275
"743","DE","05-14",2026-01-29,2026-02-15,3,"quantile",0.025,128235.045
"744","DE","05-14",2026-01-29,2026-02-15,3,"quantile",0.1,156611.91
"745","DE","05-14",2026-01-29,2026-02-15,3,"quantile",0.25,185425.025
"746","DE","05-14",2026-01-29,2026-02-15,3,"quantile",0.5,221399.7
"747","DE","05-14",2026-01-29,2026-02-15,3,"quantile",0.75,261760.175
"748","DE","05-14",2026-01-29,2026-02-15,3,"quantile",0.9,302084.86
"749","DE","05-14",2026-01-29,2026-02-15,3,"quantile",0.975,351714.67250000004
"750","DE","05-14",2026-01-29,2026-02-22,4,"quantile",0.025,110454.67
"751","DE","05-14",2026-01-29,2026-02-22,4,"quantile",0.1,140284.59
"752","DE","05-14",2026-01-29,2026-02-22,4,"quantile",0.25,171422.55
"753","DE","05-14",2026-01-29,2026-02-22,4,"quantile",0.5,211310.05
"754","DE","05-14",2026-01-29,2026-02-22,4,"quantile",0.75,257169.825
"755","DE","05-14",2026-01-29,2026-02-22,4,"quantile",0.9,303568.93
"756","DE","05-14",2026-01-29,2026-02-22,4,"quantile",0.975,362001.20000000007
"757","DE","15-34",2026-01-29,2026-02-01,1,"quantile",0.025,283711.195
"758","DE","15-34",2026-01-29,2026-02-01,1,"quantile",0.1,328519.7
"759","DE","15-34",2026-01-29,2026-02-01,1,"quantile",0.25,372609.45
"760","DE","15-34",2026-01-29,2026-02-01,1,"quantile",0.5,426347.8
"761","DE","15-34",2026-01-29,2026-02-01,1,"quantile",0.75,485064.425
"762","DE","15-34",2026-01-29,2026-02-01,1,"quantile",0.9,542418.7
"763","DE","15-34",2026-01-29,2026-02-01,1,"quantile",0.975,613304.2425
"764","DE","15-34",2026-01-29,2026-02-08,2,"quantile",0.025,292185.335
"765","DE","15-34",2026-01-29,2026-02-08,2,"quantile",0.1,339912.83
"766","DE","15-34",2026-01-29,2026-02-08,2,"quantile",0.25,387709.725
"767","DE","15-34",2026-01-29,2026-02-08,2,"quantile",0.5,445586.95
"768","DE","15-34",2026-01-29,2026-02-08,2,"quantile",0.75,509293.1
"769","DE","15-34",2026-01-29,2026-02-08,2,"quantile",0.9,571441.0700000001
"770","DE","15-34",2026-01-29,2026-02-08,2,"quantile",0.975,647726.4750000001
"771","DE","15-34",2026-01-29,2026-02-15,3,"quantile",0.025,278019.56999999995
"772","DE","15-34",2026-01-29,2026-02-15,3,"quantile",0.1,326796.76
"773","DE","15-34",2026-01-29,2026-02-15,3,"quantile",0.25,375756.525
"774","DE","15-34",2026-01-29,2026-02-15,3,"quantile",0.5,435571.85
"775","DE","15-34",2026-01-29,2026-02-15,3,"quantile",0.75,501649.525
"776","DE","15-34",2026-01-29,2026-02-15,3,"quantile",0.9,566662.48
"777","DE","15-34",2026-01-29,2026-02-15,3,"quantile",0.975,645374.675
"778","DE","15-34",2026-01-29,2026-02-22,4,"quantile",0.025,234902.7425
"779","DE","15-34",2026-01-29,2026-02-22,4,"quantile",0.1,286085.55
"780","DE","15-34",2026-01-29,2026-02-22,4,"quantile",0.25,338386.85
"781","DE","15-34",2026-01-29,2026-02-22,4,"quantile",0.5,403577.5
"782","DE","15-34",2026-01-29,2026-02-22,4,"quantile",0.75,477123.0
"783","DE","15-34",2026-01-29,2026-02-22,4,"quantile",0.9,551055.35
"784","DE","15-34",2026-01-29,2026-02-22,4,"quantile",0.975,641553.8800000001
"785","DE","35-59",2026-01-29,2026-02-01,1,"quantile",0.025,342657.3325
"786","DE","35-59",2026-01-29,2026-02-01,1,"quantile",0.1,399566.72
"787","DE","35-59",2026-01-29,2026-02-01,1,"quantile",0.25,455751.45
"788","DE","35-59",2026-01-29,2026-02-01,1,"quantile",0.5,524845.95
"789","DE","35-59",2026-01-29,2026-02-01,1,"quantile",0.75,600929.75
"790","DE","35-59",2026-01-29,2026-02-01,1,"quantile",0.9,675771.9099999999
"791","DE","35-59",2026-01-29,2026-02-01,1,"quantile",0.975,766405.7175
"792","DE","35-59",2026-01-29,2026-02-08,2,"quantile",0.025,353126.9225
"793","DE","35-59",2026-01-29,2026-02-08,2,"quantile",0.1,414420.83
"794","DE","35-59",2026-01-29,2026-02-08,2,"quantile",0.25,475429.55
"795","DE","35-59",2026-01-29,2026-02-08,2,"quantile",0.5,550428.35
"796","DE","35-59",2026-01-29,2026-02-08,2,"quantile",0.75,632936.175
"797","DE","35-59",2026-01-29,2026-02-08,2,"quantile",0.9,714306.24
"798","DE","35-59",2026-01-29,2026-02-08,2,"quantile",0.975,814084.5725
"799","DE","35-59",2026-01-29,2026-02-15,3,"quantile",0.025,334892.325
"800","DE","35-59",2026-01-29,2026-02-15,3,"quantile",0.1,397841.58
"801","DE","35-59",2026-01-29,2026-02-15,3,"quantile",0.25,460900.65
"802","DE","35-59",2026-01-29,2026-02-15,3,"quantile",0.5,538786.05
"803","DE","35-59",2026-01-29,2026-02-15,3,"quantile",0.75,624624.425
"804","DE","35-59",2026-01-29,2026-02-15,3,"quantile",0.9,709307.54
"805","DE","35-59",2026-01-29,2026-02-15,3,"quantile",0.975,813437.4500000001
"806","DE","35-59",2026-01-29,2026-02-22,4,"quantile",0.025,289458.5075
"807","DE","35-59",2026-01-29,2026-02-22,4,"quantile",0.1,357419.84
"808","DE","35-59",2026-01-29,2026-02-22,4,"quantile",0.25,427606.15
"809","DE","35-59",2026-01-29,2026-02-22,4,"quantile",0.5,515584.35
"810","DE","35-59",2026-01-29,2026-02-22,4,"quantile",0.75,615709.775
"811","DE","35-59",2026-01-29,2026-02-22,4,"quantile",0.9,715588.1799999999
"812","DE","35-59",2026-01-29,2026-02-22,4,"quantile",0.975,839314.2275
"813","DE","60+",2026-01-29,2026-02-01,1,"quantile",0.025,109886.2475
"814","DE","60+",2026-01-29,2026-02-01,1,"quantile",0.1,128694.15
"815","DE","60+",2026-01-29,2026-02-01,1,"quantile",0.25,147390.7
"816","DE","60+",2026-01-29,2026-02-01,1,"quantile",0.5,170222.05
"817","DE","60+",2026-01-29,2026-02-01,1,"quantile",0.75,195482.1
"818","DE","60+",2026-01-29,2026-02-01,1,"quantile",0.9,220277.86
"819","DE","60+",2026-01-29,2026-02-01,1,"quantile",0.975,250917.495
"820","DE","60+",2026-01-29,2026-02-08,2,"quantile",0.025,112648.185
"821","DE","60+",2026-01-29,2026-02-08,2,"quantile",0.1,132709.47
"822","DE","60+",2026-01-29,2026-02-08,2,"quantile",0.25,152755.2
"823","DE","60+",2026-01-29,2026-02-08,2,"quantile",0.5,177356.55
"824","DE","60+",2026-01-29,2026-02-08,2,"quantile",0.75,204508.1
"825","DE","60+",2026-01-29,2026-02-08,2,"quantile",0.9,231268.22
"826","DE","60+",2026-01-29,2026-02-08,2,"quantile",0.975,264059.87
"827","DE","60+",2026-01-29,2026-02-15,3,"quantile",0.025,108234.4675
"828","DE","60+",2026-01-29,2026-02-15,3,"quantile",0.1,128718.03
"829","DE","60+",2026-01-29,2026-02-15,3,"quantile",0.25,149237.975
"830","DE","60+",2026-01-29,2026-02-15,3,"quantile",0.5,174417.45
"831","DE","60+",2026-01-29,2026-02-15,3,"quantile",0.75,202573.25
"832","DE","60+",2026-01-29,2026-02-15,3,"quantile",0.9,230450.95
"833","DE","60+",2026-01-29,2026-02-15,3,"quantile",0.975,264391.5875
"834","DE","60+",2026-01-29,2026-02-22,4,"quantile",0.025,96157.855
"835","DE","60+",2026-01-29,2026-02-22,4,"quantile",0.1,118467.31
"836","DE","60+",2026-01-29,2026-02-22,4,"quantile",0.25,141008.85
"837","DE","60+",2026-01-29,2026-02-22,4,"quantile",0.5,169470.6
"838","DE","60+",2026-01-29,2026-02-22,4,"quantile",0.75,201674.85
"839","DE","60+",2026-01-29,2026-02-22,4,"quantile",0.9,233949.88
"840","DE","60+",2026-01-29,2026-02-22,4,"quantile",0.975,273994.69500000007
"841","DE","00+",2026-02-05,2026-02-08,1,"quantile",0.025,1176044.88
"842","DE","00+",2026-02-05,2026-02-08,1,"quantile",0.1,1346174.75
"843","DE","00+",2026-02-05,2026-02-08,1,"quantile",0.25,1511068.85
"844","DE","00+",2026-02-05,2026-02-08,1,"quantile",0.5,1711367.05
"845","DE","00+",2026-02-05,2026-02-08,1,"quantile",0.75,1931879.8
"846","DE","00+",2026-02-05,2026-02-08,1,"quantile",0.9,2148909.08
"847","DE","00+",2026-02-05,2026-02-08,1,"quantile",0.975,2418447.035
"848","DE","00+",2026-02-05,2026-02-15,2,"quantile",0.025,1190357.4025
"849","DE","00+",2026-02-05,2026-02-15,2,"quantile",0.1,1369758.08
"850","DE","00+",2026-02-05,2026-02-15,2,"quantile",0.25,1546082.625
"851","DE","00+",2026-02-05,2026-02-15,2,"quantile",0.5,1759770.7
"852","DE","00+",2026-02-05,2026-02-15,2,"quantile",0.75,1994224.0
"853","DE","00+",2026-02-05,2026-02-15,2,"quantile",0.9,2227689.67
"854","DE","00+",2026-02-05,2026-02-15,2,"quantile",0.975,2514982.8225
"855","DE","00+",2026-02-05,2026-02-22,3,"quantile",0.025,1102095.7325
"856","DE","00+",2026-02-05,2026-02-22,3,"quantile",0.1,1278790.46
"857","DE","00+",2026-02-05,2026-02-22,3,"quantile",0.25,1453498.25
"858","DE","00+",2026-02-05,2026-02-22,3,"quantile",0.5,1666065.25
"859","DE","00+",2026-02-05,2026-02-22,3,"quantile",0.75,1900874.6
"860","DE","00+",2026-02-05,2026-02-22,3,"quantile",0.9,2133954.98
"861","DE","00+",2026-02-05,2026-02-22,3,"quantile",0.975,2422628.0675000004
"862","DE","00+",2026-02-05,2026-03-01,4,"quantile",0.025,905186.3625
"863","DE","00+",2026-02-05,2026-03-01,4,"quantile",0.1,1083112.59
"864","DE","00+",2026-02-05,2026-03-01,4,"quantile",0.25,1262760.425
"865","DE","00+",2026-02-05,2026-03-01,4,"quantile",0.5,1486028.0
"866","DE","00+",2026-02-05,2026-03-01,4,"quantile",0.75,1735328.875
"867","DE","00+",2026-02-05,2026-03-01,4,"quantile",0.9,1984874.39
"868","DE","00+",2026-02-05,2026-03-01,4,"quantile",0.975,2293803.5475000003
"869","DE","00-04",2026-02-05,2026-02-08,1,"quantile",0.025,169956.9925
"870","DE","00-04",2026-02-05,2026-02-08,1,"quantile",0.1,193877.16
"871","DE","00-04",2026-02-05,2026-02-08,1,"quantile",0.25,217313.05
"872","DE","00-04",2026-02-05,2026-02-08,1,"quantile",0.5,245624.7
"873","DE","00-04",2026-02-05,2026-02-08,1,"quantile",0.75,276555.2
"874","DE","00-04",2026-02-05,2026-02-08,1,"quantile",0.9,306809.3
"875","DE","00-04",2026-02-05,2026-02-08,1,"quantile",0.975,343711.6675000001
"876","DE","00-04",2026-02-05,2026-02-15,2,"quantile",0.025,170437.2625
"877","DE","00-04",2026-02-05,2026-02-15,2,"quantile",0.1,195404.92
"878","DE","00-04",2026-02-05,2026-02-15,2,"quantile",0.25,220033.45
"879","DE","00-04",2026-02-05,2026-02-15,2,"quantile",0.5,249803.25
"880","DE","00-04",2026-02-05,2026-02-15,2,"quantile",0.75,282368.675
"881","DE","00-04",2026-02-05,2026-02-15,2,"quantile",0.9,314071.91000000003
"882","DE","00-04",2026-02-05,2026-02-15,2,"quantile",0.975,353319.80250000005
"883","DE","00-04",2026-02-05,2026-02-22,3,"quantile",0.025,158734.11000000002
"884","DE","00-04",2026-02-05,2026-02-22,3,"quantile",0.1,183602.38
"885","DE","00-04",2026-02-05,2026-02-22,3,"quantile",0.25,207932.575
"886","DE","00-04",2026-02-05,2026-02-22,3,"quantile",0.5,237610.6
"887","DE","00-04",2026-02-05,2026-02-22,3,"quantile",0.75,270070.625
"888","DE","00-04",2026-02-05,2026-02-22,3,"quantile",0.9,302070.8
"889","DE","00-04",2026-02-05,2026-02-22,3,"quantile",0.975,341085.39
"890","DE","00-04",2026-02-05,2026-03-01,4,"quantile",0.025,136031.13
"891","DE","00-04",2026-02-05,2026-03-01,4,"quantile",0.1,161146.25999999998
"892","DE","00-04",2026-02-05,2026-03-01,4,"quantile",0.25,185977.675
"893","DE","00-04",2026-02-05,2026-03-01,4,"quantile",0.5,216829.0
"894","DE","00-04",2026-02-05,2026-03-01,4,"quantile",0.75,250928.3
"895","DE","00-04",2026-02-05,2026-03-01,4,"quantile",0.9,284617.48
"896","DE","00-04",2026-02-05,2026-03-01,4,"quantile",0.975,325763.4675
"897","DE","05-14",2026-02-05,2026-02-08,1,"quantile",0.025,140374.72
"898","DE","05-14",2026-02-05,2026-02-08,1,"quantile",0.1,167276.15
"899","DE","05-14",2026-02-05,2026-02-08,1,"quantile",0.25,194316.325
"900","DE","05-14",2026-02-05,2026-02-08,1,"quantile",0.5,227644.55
"901","DE","05-14",2026-02-05,2026-02-08,1,"quantile",0.75,265160.35
"902","DE","05-14",2026-02-05,2026-02-08,1,"quantile",0.9,302494.03
"903","DE","05-14",2026-02-05,2026-02-08,1,"quantile",0.975,348569.5875
"904","DE","05-14",2026-02-05,2026-02-15,2,"quantile",0.025,138633.905
"905","DE","05-14",2026-02-05,2026-02-15,2,"quantile",0.1,166550.28
"906","DE","05-14",2026-02-05,2026-02-15,2,"quantile",0.25,194576.025
"907","DE","05-14",2026-02-05,2026-02-15,2,"quantile",0.5,229671.0
"908","DE","05-14",2026-02-05,2026-02-15,2,"quantile",0.75,269084.85
"909","DE","05-14",2026-02-05,2026-02-15,2,"quantile",0.9,308116.66
"910","DE","05-14",2026-02-05,2026-02-15,2,"quantile",0.975,357142.525
"911","DE","05-14",2026-02-05,2026-02-22,3,"quantile",0.025,125325.9425
"912","DE","05-14",2026-02-05,2026-02-22,3,"quantile",0.1,152206.36000000002
"913","DE","05-14",2026-02-05,2026-02-22,3,"quantile",0.25,179541.375
"914","DE","05-14",2026-02-05,2026-02-22,3,"quantile",0.5,213813.55
"915","DE","05-14",2026-02-05,2026-02-22,3,"quantile",0.75,252253.9
"916","DE","05-14",2026-02-05,2026-02-22,3,"quantile",0.9,290922.04
"917","DE","05-14",2026-02-05,2026-02-22,3,"quantile",0.975,339856.06250000006
"918","DE","05-14",2026-02-05,2026-03-01,4,"quantile",0.025,105425.63999999998
"919","DE","05-14",2026-02-05,2026-03-01,4,"quantile",0.1,132712.66
"920","DE","05-14",2026-02-05,2026-03-01,4,"quantile",0.25,161057.875
"921","DE","05-14",2026-02-05,2026-03-01,4,"quantile",0.5,197341.65
"922","DE","05-14",2026-02-05,2026-03-01,4,"quantile",0.75,238759.525
"923","DE","05-14",2026-02-05,2026-03-01,4,"quantile",0.9,280863.7
"924","DE","05-14",2026-02-05,2026-03-01,4,"quantile",0.975,333477.66750000004
"925","DE","15-34",2026-02-05,2026-02-08,1,"quantile",0.025,311703.065
"926","DE","15-34",2026-02-05,2026-02-08,1,"quantile",0.1,358765.21
"927","DE","15-34",2026-02-05,2026-02-08,1,"quantile",0.25,404781.0
"928","DE","15-34",2026-02-05,2026-02-08,1,"quantile",0.5,460775.0
"929","DE","15-34",2026-02-05,2026-02-08,1,"quantile",0.75,522697.925
"930","DE","15-34",2026-02-05,2026-02-08,1,"quantile",0.9,582954.99
"931","DE","15-34",2026-02-05,2026-02-08,1,"quantile",0.975,657016.5325000001
"932","DE","15-34",2026-02-05,2026-02-15,2,"quantile",0.025,313797.51
"933","DE","15-34",2026-02-05,2026-02-15,2,"quantile",0.1,363203.61
"934","DE","15-34",2026-02-05,2026-02-15,2,"quantile",0.25,412114.55
"935","DE","15-34",2026-02-05,2026-02-15,2,"quantile",0.5,471799.75
"936","DE","15-34",2026-02-05,2026-02-15,2,"quantile",0.75,537618.525
"937","DE","15-34",2026-02-05,2026-02-15,2,"quantile",0.9,602275.3899999999
"938","DE","15-34",2026-02-05,2026-02-15,2,"quantile",0.975,682114.8
"939","DE","15-34",2026-02-05,2026-02-22,3,"quantile",0.025,290075.755
"940","DE","15-34",2026-02-05,2026-02-22,3,"quantile",0.1,338898.21
"941","DE","15-34",2026-02-05,2026-02-22,3,"quantile",0.25,387506.85
"942","DE","15-34",2026-02-05,2026-02-22,3,"quantile",0.5,447017.1
"943","DE","15-34",2026-02-05,2026-02-22,3,"quantile",0.75,512709.975
"944","DE","15-34",2026-02-05,2026-02-22,3,"quantile",0.9,577309.61
"945","DE","15-34",2026-02-05,2026-02-22,3,"quantile",0.975,657155.4550000002
"946","DE","15-34",2026-02-05,2026-03-01,4,"quantile",0.025,237285.7525
"947","DE","15-34",2026-02-05,2026-03-01,4,"quantile",0.1,286123.62
"948","DE","15-34",2026-02-05,2026-03-01,4,"quantile",0.25,335792.375
"949","DE","15-34",2026-02-05,2026-03-01,4,"quantile",0.5,397429.5
"950","DE","15-34",2026-02-05,2026-03-01,4,"quantile",0.75,466536.575
"951","DE","15-34",2026-02-05,2026-03-01,4,"quantile",0.9,536010.2
"952","DE","15-34",2026-02-05,2026-03-01,4,"quantile",0.975,620959.6475000002
"953","DE","35-59",2026-02-05,2026-02-08,1,"quantile",0.025,371582.835
"954","DE","35-59",2026-02-05,2026-02-08,1,"quantile",0.1,430875.96
"955","DE","35-59",2026-02-05,2026-02-08,1,"quantile",0.25,489568.4
"956","DE","35-59",2026-02-05,2026-02-08,1,"quantile",0.5,561379.95
"957","DE","35-59",2026-02-05,2026-02-08,1,"quantile",0.75,640575.5
"958","DE","35-59",2026-02-05,2026-02-08,1,"quantile",0.9,719357.1799999999
"959","DE","35-59",2026-02-05,2026-02-08,1,"quantile",0.975,817634.4225000001
"960","DE","35-59",2026-02-05,2026-02-15,2,"quantile",0.025,376909.6425
"961","DE","35-59",2026-02-05,2026-02-15,2,"quantile",0.1,440457.11
"962","DE","35-59",2026-02-05,2026-02-15,2,"quantile",0.25,503754.775
"963","DE","35-59",2026-02-05,2026-02-15,2,"quantile",0.5,581431.75
"964","DE","35-59",2026-02-05,2026-02-15,2,"quantile",0.75,667313.175
"965","DE","35-59",2026-02-05,2026-02-15,2,"quantile",0.9,753103.7699999999
"966","DE","35-59",2026-02-05,2026-02-15,2,"quantile",0.975,859901.9525
"967","DE","35-59",2026-02-05,2026-02-22,3,"quantile",0.025,351103.61
"968","DE","35-59",2026-02-05,2026-02-22,3,"quantile",0.1,414504.29
"969","DE","35-59",2026-02-05,2026-02-22,3,"quantile",0.25,478053.95
"970","DE","35-59",2026-02-05,2026-02-22,3,"quantile",0.5,556381.25
"971","DE","35-59",2026-02-05,2026-02-22,3,"quantile",0.75,643290.15
"972","DE","35-59",2026-02-05,2026-02-22,3,"quantile",0.9,730649.78
"973","DE","35-59",2026-02-05,2026-02-22,3,"quantile",0.975,838891.2025
"974","DE","35-59",2026-02-05,2026-03-01,4,"quantile",0.025,293132.505
"975","DE","35-59",2026-02-05,2026-03-01,4,"quantile",0.1,358829.43
"976","DE","35-59",2026-02-05,2026-03-01,4,"quantile",0.25,425750.575
"977","DE","35-59",2026-02-05,2026-03-01,4,"quantile",0.5,509604.75
"978","DE","35-59",2026-02-05,2026-03-01,4,"quantile",0.75,605228.2
"979","DE","35-59",2026-02-05,2026-03-01,4,"quantile",0.9,701017.77
"980","DE","35-59",2026-02-05,2026-03-01,4,"quantile",0.975,821896.3600000001
"981","DE","60+",2026-02-05,2026-02-08,1,"quantile",0.025,115593.425
"982","DE","60+",2026-02-05,2026-02-08,1,"quantile",0.1,134644.31
"983","DE","60+",2026-02-05,2026-02-08,1,"quantile",0.25,153616.2
"984","DE","60+",2026-02-05,2026-02-08,1,"quantile",0.5,176959.85
"985","DE","60+",2026-02-05,2026-02-08,1,"quantile",0.75,202688.75
"986","DE","60+",2026-02-05,2026-02-08,1,"quantile",0.9,228441.99
"987","DE","60+",2026-02-05,2026-02-08,1,"quantile",0.975,260166.8075
"988","DE","60+",2026-02-05,2026-02-15,2,"quantile",0.025,118669.9325
"989","DE","60+",2026-02-05,2026-02-15,2,"quantile",0.1,139142.99
"990","DE","60+",2026-02-05,2026-02-15,2,"quantile",0.25,159653.2
"991","DE","60+",2026-02-05,2026-02-15,2,"quantile",0.5,184898.85
"992","DE","60+",2026-02-05,2026-02-15,2,"quantile",0.75,212855.325
"993","DE","60+",2026-02-05,2026-02-15,2,"quantile",0.9,240698.5
"994","DE","60+",2026-02-05,2026-02-15,2,"quantile",0.975,275412.8275
"995","DE","60+",2026-02-05,2026-02-22,3,"quantile",0.025,113328.225
"996","DE","60+",2026-02-05,2026-02-22,3,"quantile",0.1,134102.76
"997","DE","60+",2026-02-05,2026-02-22,3,"quantile",0.25,154693.1
"998","DE","60+",2026-02-05,2026-02-22,3,"quantile",0.5,180257.15
"999","DE","60+",2026-02-05,2026-02-22,3,"quantile",0.75,208648.15
"1000","DE","60+",2026-02-05,2026-02-22,3,"quantile",0.9,237257.43
"1001","DE","60+",2026-02-05,2026-02-22,3,"quantile",0.975,272800.255
"1002","DE","60+",2026-02-05,2026-03-01,4,"quantile",0.025,98782.86
"1003","DE","60+",2026-02-05,2026-03-01,4,"quantile",0.1,120223.13
"1004","DE","60+",2026-02-05,2026-03-01,4,"quantile",0.25,142122.25
"1005","DE","60+",2026-02-05,2026-03-01,4,"quantile",0.5,169671.15
"1006","DE","60+",2026-02-05,2026-03-01,4,"quantile",0.75,200868.55
"1007","DE","60+",2026-02-05,2026-03-01,4,"quantile",0.9,231962.45
"1008","DE","60+",2026-02-05,2026-03-01,4,"quantile",0.975,271234.015
"1009","DE","00+",2026-02-12,2026-02-15,1,"quantile",0.025,1227348.105
"1010","DE","00+",2026-02-12,2026-02-15,1,"quantile",0.1,1407259.6800000002
"1011","DE","00+",2026-02-12,2026-02-15,1,"quantile",0.25,1583143.625
"1012","DE","00+",2026-02-12,2026-02-15,1,"quantile",0.5,1796751.25
"1013","DE","00+",2026-02-12,2026-02-15,1,"quantile",0.75,2031326.325
"1014","DE","00+",2026-02-12,2026-02-15,1,"quantile",0.9,2265483.49
"1015","DE","00+",2026-02-12,2026-02-15,1,"quantile",0.975,2551302.9050000003
"1016","DE","00+",2026-02-12,2026-02-22,2,"quantile",0.025,1246746.7275
"1017","DE","00+",2026-02-12,2026-02-22,2,"quantile",0.1,1435835.72
"1018","DE","00+",2026-02-12,2026-02-22,2,"quantile",0.25,1620781.625
"1019","DE","00+",2026-02-12,2026-02-22,2,"quantile",0.5,1845536.5
"1020","DE","00+",2026-02-12,2026-02-22,2,"quantile",0.75,2092361.35
"1021","DE","00+",2026-02-12,2026-02-22,2,"quantile",0.9,2337142.2299999995
"1022","DE","00+",2026-02-12,2026-02-22,2,"quantile",0.975,2639542.7325000004
"1023","DE","00+",2026-02-12,2026-03-01,3,"quantile",0.025,1130118.335
"1024","DE","00+",2026-02-12,2026-03-01,3,"quantile",0.1,1312116.89
"1025","DE","00+",2026-02-12,2026-03-01,3,"quantile",0.25,1493938.15
"1026","DE","00+",2026-02-12,2026-03-01,3,"quantile",0.5,1714586.65
"1027","DE","00+",2026-02-12,2026-03-01,3,"quantile",0.75,1957668.7
"1028","DE","00+",2026-02-12,2026-03-01,3,"quantile",0.9,2197674.94
"1029","DE","00+",2026-02-12,2026-03-01,3,"quantile",0.975,2494762.2175000003
"1030","DE","00+",2026-02-12,2026-03-08,4,"quantile",0.025,947496.01
"1031","DE","00+",2026-02-12,2026-03-08,4,"quantile",0.1,1134753.29
"1032","DE","00+",2026-02-12,2026-03-08,4,"quantile",0.25,1323927.45
"1033","DE","00+",2026-02-12,2026-03-08,4,"quantile",0.5,1557683.8
"1034","DE","00+",2026-02-12,2026-03-08,4,"quantile",0.75,1819695.1
"1035","DE","00+",2026-02-12,2026-03-08,4,"quantile",0.9,2081857.28
"1036","DE","00+",2026-02-12,2026-03-08,4,"quantile",0.975,2401369.9200000004
"1037","DE","00-04",2026-02-12,2026-02-15,1,"quantile",0.025,171923.3625
"1038","DE","00-04",2026-02-12,2026-02-15,1,"quantile",0.1,196672.46
"1039","DE","00-04",2026-02-12,2026-02-15,1,"quantile",0.25,220598.825
"1040","DE","00-04",2026-02-12,2026-02-15,1,"quantile",0.5,249777.55
"1041","DE","00-04",2026-02-12,2026-02-15,1,"quantile",0.75,281673.35
"1042","DE","00-04",2026-02-12,2026-02-15,1,"quantile",0.9,312955.32
"1043","DE","00-04",2026-02-12,2026-02-15,1,"quantile",0.975,350818.79750000004
"1044","DE","00-04",2026-02-12,2026-02-22,2,"quantile",0.025,173816.06
"1045","DE","00-04",2026-02-12,2026-02-22,2,"quantile",0.1,199165.45
"1046","DE","00-04",2026-02-12,2026-02-22,2,"quantile",0.25,224097.7
"1047","DE","00-04",2026-02-12,2026-02-22,2,"quantile",0.5,254336.05
"1048","DE","00-04",2026-02-12,2026-02-22,2,"quantile",0.75,287163.4
"1049","DE","00-04",2026-02-12,2026-02-22,2,"quantile",0.9,319511.33
"1050","DE","00-04",2026-02-12,2026-02-22,2,"quantile",0.975,358740.62000000005
"1051","DE","00-04",2026-02-12,2026-03-01,3,"quantile",0.025,157644.1575
"1052","DE","00-04",2026-02-12,2026-03-01,3,"quantile",0.1,182448.97
"1053","DE","00-04",2026-02-12,2026-03-01,3,"quantile",0.25,206770.575
"1054","DE","00-04",2026-02-12,2026-03-01,3,"quantile",0.5,236213.6
"1055","DE","00-04",2026-02-12,2026-03-01,3,"quantile",0.75,268457.075
"1056","DE","00-04",2026-02-12,2026-03-01,3,"quantile",0.9,300123.65
"1057","DE","00-04",2026-02-12,2026-03-01,3,"quantile",0.975,339022.15750000003
"1058","DE","00-04",2026-02-12,2026-03-08,4,"quantile",0.025,136416.06
"1059","DE","00-04",2026-02-12,2026-03-08,4,"quantile",0.1,161630.83000000002
"1060","DE","00-04",2026-02-12,2026-03-08,4,"quantile",0.25,186896.675
"1061","DE","00-04",2026-02-12,2026-03-08,4,"quantile",0.5,217925.45
"1062","DE","00-04",2026-02-12,2026-03-08,4,"quantile",0.75,252429.225
"1063","DE","00-04",2026-02-12,2026-03-08,4,"quantile",0.9,286351.91
"1064","DE","00-04",2026-02-12,2026-03-08,4,"quantile",0.975,328022.50000000006
"1065","DE","05-14",2026-02-12,2026-02-15,1,"quantile",0.025,142370.8225
"1066","DE","05-14",2026-02-12,2026-02-15,1,"quantile",0.1,169873.57
"1067","DE","05-14",2026-02-12,2026-02-15,1,"quantile",0.25,197657.45
"1068","DE","05-14",2026-02-12,2026-02-15,1,"quantile",0.5,232008.3
"1069","DE","05-14",2026-02-12,2026-02-15,1,"quantile",0.75,270354.925
"1070","DE","05-14",2026-02-12,2026-02-15,1,"quantile",0.9,308487.22
"1071","DE","05-14",2026-02-12,2026-02-15,1,"quantile",0.975,355896.43250000005
"1072","DE","05-14",2026-02-12,2026-02-22,2,"quantile",0.025,138389.255
"1073","DE","05-14",2026-02-12,2026-02-22,2,"quantile",0.1,166066.56
"1074","DE","05-14",2026-02-12,2026-02-22,2,"quantile",0.25,193889.55
"1075","DE","05-14",2026-02-12,2026-02-22,2,"quantile",0.5,228740.2
"1076","DE","05-14",2026-02-12,2026-02-22,2,"quantile",0.75,267699.725
"1077","DE","05-14",2026-02-12,2026-02-22,2,"quantile",0.9,306477.23
"1078","DE","05-14",2026-02-12,2026-02-22,2,"quantile",0.975,354373.655
"1079","DE","05-14",2026-02-12,2026-03-01,3,"quantile",0.025,123358.18
"1080","DE","05-14",2026-02-12,2026-03-01,3,"quantile",0.1,149974.83000000002
"1081","DE","05-14",2026-02-12,2026-03-01,3,"quantile",0.25,176979.575
"1082","DE","05-14",2026-02-12,2026-03-01,3,"quantile",0.5,210860.0
"1083","DE","05-14",2026-02-12,2026-03-01,3,"quantile",0.75,248650.375
"1084","DE","05-14",2026-02-12,2026-03-01,3,"quantile",0.9,286307.98
"1085","DE","05-14",2026-02-12,2026-03-01,3,"quantile",0.975,332773.57500000007
"1086","DE","05-14",2026-02-12,2026-03-08,4,"quantile",0.025,105218.5875
"1087","DE","05-14",2026-02-12,2026-03-08,4,"quantile",0.1,132782.46000000002
"1088","DE","05-14",2026-02-12,2026-03-08,4,"quantile",0.25,161249.55
"1089","DE","05-14",2026-02-12,2026-03-08,4,"quantile",0.5,197499.05
"1090","DE","05-14",2026-02-12,2026-03-08,4,"quantile",0.75,239318.975
"1091","DE","05-14",2026-02-12,2026-03-08,4,"quantile",0.9,281508.1
"1092","DE","05-14",2026-02-12,2026-03-08,4,"quantile",0.975,334302.07500000007
"1093","DE","15-34",2026-02-12,2026-02-15,1,"quantile",0.025,325945.3
"1094","DE","15-34",2026-02-12,2026-02-15,1,"quantile",0.1,376278.75
"1095","DE","15-34",2026-02-12,2026-02-15,1,"quantile",0.25,425895.375
"1096","DE","15-34",2026-02-12,2026-02-15,1,"quantile",0.5,486627.95
"1097","DE","15-34",2026-02-12,2026-02-15,1,"quantile",0.75,553151.425
"1098","DE","15-34",2026-02-12,2026-02-15,1,"quantile",0.9,618719.55
"1099","DE","15-34",2026-02-12,2026-02-15,1,"quantile",0.975,698612.8775000001
"1100","DE","15-34",2026-02-12,2026-02-22,2,"quantile",0.025,330131.3075
"1101","DE","15-34",2026-02-12,2026-02-22,2,"quantile",0.1,382483.92
"1102","DE","15-34",2026-02-12,2026-02-22,2,"quantile",0.25,433756.175
"1103","DE","15-34",2026-02-12,2026-02-22,2,"quantile",0.5,496461.0
"1104","DE","15-34",2026-02-12,2026-02-22,2,"quantile",0.75,565953.525
"1105","DE","15-34",2026-02-12,2026-02-22,2,"quantile",0.9,634839.14
"1106","DE","15-34",2026-02-12,2026-02-22,2,"quantile",0.975,718492.0450000002
"1107","DE","15-34",2026-02-12,2026-03-01,3,"quantile",0.025,301819.8675
"1108","DE","15-34",2026-02-12,2026-03-01,3,"quantile",0.1,352896.16000000003
"1109","DE","15-34",2026-02-12,2026-03-01,3,"quantile",0.25,403834.225
"1110","DE","15-34",2026-02-12,2026-03-01,3,"quantile",0.5,465960.5
"1111","DE","15-34",2026-02-12,2026-03-01,3,"quantile",0.75,535048.9
"1112","DE","15-34",2026-02-12,2026-03-01,3,"quantile",0.9,603293.05
"1113","DE","15-34",2026-02-12,2026-03-01,3,"quantile",0.975,685615.53
"1114","DE","15-34",2026-02-12,2026-03-08,4,"quantile",0.025,251213.1875
"1115","DE","15-34",2026-02-12,2026-03-08,4,"quantile",0.1,303717.6
"1116","DE","15-34",2026-02-12,2026-03-08,4,"quantile",0.25,356599.6
"1117","DE","15-34",2026-02-12,2026-03-08,4,"quantile",0.5,422618.05
"1118","DE","15-34",2026-02-12,2026-03-08,4,"quantile",0.75,496747.475
"1119","DE","15-34",2026-02-12,2026-03-08,4,"quantile",0.9,570308.94
"1120","DE","15-34",2026-02-12,2026-03-08,4,"quantile",0.975,661499.2450000001
"1121","DE","35-59",2026-02-12,2026-02-15,1,"quantile",0.025,404063.63
"1122","DE","35-59",2026-02-12,2026-02-15,1,"quantile",0.1,470187.06
"1123","DE","35-59",2026-02-12,2026-02-15,1,"quantile",0.25,535985.3
"1124","DE","35-59",2026-02-12,2026-02-15,1,"quantile",0.5,617044.0
"1125","DE","35-59",2026-02-12,2026-02-15,1,"quantile",0.75,706537.125
"1126","DE","35-59",2026-02-12,2026-02-15,1,"quantile",0.9,795254.99
"1127","DE","35-59",2026-02-12,2026-02-15,1,"quantile",0.975,905330.865
"1128","DE","35-59",2026-02-12,2026-02-22,2,"quantile",0.025,410067.375
"1129","DE","35-59",2026-02-12,2026-02-22,2,"quantile",0.1,478974.5
"1130","DE","35-59",2026-02-12,2026-02-22,2,"quantile",0.25,547778.125
"1131","DE","35-59",2026-02-12,2026-02-22,2,"quantile",0.5,632404.15
"1132","DE","35-59",2026-02-12,2026-02-22,2,"quantile",0.75,726711.75
"1133","DE","35-59",2026-02-12,2026-02-22,2,"quantile",0.9,821136.4
"1134","DE","35-59",2026-02-12,2026-02-22,2,"quantile",0.975,937874.0850000002
"1135","DE","35-59",2026-02-12,2026-03-01,3,"quantile",0.025,373748.9675
"1136","DE","35-59",2026-02-12,2026-03-01,3,"quantile",0.1,442210.68
"1137","DE","35-59",2026-02-12,2026-03-01,3,"quantile",0.25,510193.625
"1138","DE","35-59",2026-02-12,2026-03-01,3,"quantile",0.5,594256.85
"1139","DE","35-59",2026-02-12,2026-03-01,3,"quantile",0.75,688436.4
"1140","DE","35-59",2026-02-12,2026-03-01,3,"quantile",0.9,781057.96
"1141","DE","35-59",2026-02-12,2026-03-01,3,"quantile",0.975,897166.1825000001
"1142","DE","35-59",2026-02-12,2026-03-08,4,"quantile",0.025,314681.73
"1143","DE","35-59",2026-02-12,2026-03-08,4,"quantile",0.1,386575.08
"1144","DE","35-59",2026-02-12,2026-03-08,4,"quantile",0.25,460563.55
"1145","DE","35-59",2026-02-12,2026-03-08,4,"quantile",0.5,553033.05
"1146","DE","35-59",2026-02-12,2026-03-08,4,"quantile",0.75,658119.2
"1147","DE","35-59",2026-02-12,2026-03-08,4,"quantile",0.9,763860.8899999999
"1148","DE","35-59",2026-02-12,2026-03-08,4,"quantile",0.975,896092.4775000003
"1149","DE","60+",2026-02-12,2026-02-15,1,"quantile",0.025,128749.7575
"1150","DE","60+",2026-02-12,2026-02-15,1,"quantile",0.1,150415.1
"1151","DE","60+",2026-02-12,2026-02-15,1,"quantile",0.25,171831.075
"1152","DE","60+",2026-02-12,2026-02-15,1,"quantile",0.5,198116.7
"1153","DE","60+",2026-02-12,2026-02-15,1,"quantile",0.75,227211.8
"1154","DE","60+",2026-02-12,2026-02-15,1,"quantile",0.9,256175.02
"1155","DE","60+",2026-02-12,2026-02-15,1,"quantile",0.975,291687.66500000004
"1156","DE","60+",2026-02-12,2026-02-22,2,"quantile",0.025,131292.645
"1157","DE","60+",2026-02-12,2026-02-22,2,"quantile",0.1,154073.75
"1158","DE","60+",2026-02-12,2026-02-22,2,"quantile",0.25,176605.55
"1159","DE","60+",2026-02-12,2026-02-22,2,"quantile",0.5,204207.5
"1160","DE","60+",2026-02-12,2026-02-22,2,"quantile",0.75,234917.375
"1161","DE","60+",2026-02-12,2026-02-22,2,"quantile",0.9,265655.24
"1162","DE","60+",2026-02-12,2026-02-22,2,"quantile",0.975,304401.86500000005
"1163","DE","60+",2026-02-12,2026-03-01,3,"quantile",0.025,121517.1375
"1164","DE","60+",2026-02-12,2026-03-01,3,"quantile",0.1,143751.53
"1165","DE","60+",2026-02-12,2026-03-01,3,"quantile",0.25,166053.925
"1166","DE","60+",2026-02-12,2026-03-01,3,"quantile",0.5,193688.65
"1167","DE","60+",2026-02-12,2026-03-01,3,"quantile",0.75,224410.475
"1168","DE","60+",2026-02-12,2026-03-01,3,"quantile",0.9,255166.37
"1169","DE","60+",2026-02-12,2026-03-01,3,"quantile",0.975,293057.73500000004
"1170","DE","60+",2026-02-12,2026-03-08,4,"quantile",0.025,105588.275
"1171","DE","60+",2026-02-12,2026-03-08,4,"quantile",0.1,128844.75
"1172","DE","60+",2026-02-12,2026-03-08,4,"quantile",0.25,152579.2
"1173","DE","60+",2026-02-12,2026-03-08,4,"quantile",0.5,182533.05
"1174","DE","60+",2026-02-12,2026-03-08,4,"quantile",0.75,216055.4
"1175","DE","60+",2026-02-12,2026-03-08,4,"quantile",0.9,249977.62
"1176","DE","60+",2026-02-12,2026-03-08,4,"quantile",0.975,292364.3175
"1177","DE","00+",2026-02-19,2026-02-22,1,"quantile",0.025,1214230.98
"1178","DE","00+",2026-02-19,2026-02-22,1,"quantile",0.1,1388719.3
"1179","DE","00+",2026-02-19,2026-02-22,1,"quantile",0.25,1558380.525
"1180","DE","00+",2026-02-19,2026-02-22,1,"quantile",0.5,1766048.65
"1181","DE","00+",2026-02-19,2026-02-22,1,"quantile",0.75,1994077.9
"1182","DE","00+",2026-02-19,2026-02-22,1,"quantile",0.9,2221825.71
"1183","DE","00+",2026-02-19,2026-02-22,1,"quantile",0.975,2502362.6975000007
"1184","DE","00+",2026-02-19,2026-03-01,2,"quantile",0.025,1169834.6475
"1185","DE","00+",2026-02-19,2026-03-01,2,"quantile",0.1,1350208.27
"1186","DE","00+",2026-02-19,2026-03-01,2,"quantile",0.25,1528657.6
"1187","DE","00+",2026-02-19,2026-03-01,2,"quantile",0.5,1744870.75
"1188","DE","00+",2026-02-19,2026-03-01,2,"quantile",0.75,1982252.575
"1189","DE","00+",2026-02-19,2026-03-01,2,"quantile",0.9,2218753.88
"1190","DE","00+",2026-02-19,2026-03-01,2,"quantile",0.975,2509930.2575000003
"1191","DE","00+",2026-02-19,2026-03-08,3,"quantile",0.025,1077758.6925
"1192","DE","00+",2026-02-19,2026-03-08,3,"quantile",0.1,1258196.6800000002
"1193","DE","00+",2026-02-19,2026-03-08,3,"quantile",0.25,1434945.45
"1194","DE","00+",2026-02-19,2026-03-08,3,"quantile",0.5,1649589.95
"1195","DE","00+",2026-02-19,2026-03-08,3,"quantile",0.75,1887849.2
"1196","DE","00+",2026-02-19,2026-03-08,3,"quantile",0.9,2121198.7
"1197","DE","00+",2026-02-19,2026-03-08,3,"quantile",0.975,2406404.0725
"1198","DE","00+",2026-02-19,2026-03-15,4,"quantile",0.025,871877.15
"1199","DE","00+",2026-02-19,2026-03-15,4,"quantile",0.1,1052167.03
"1200","DE","00+",2026-02-19,2026-03-15,4,"quantile",0.25,1232732.45
"1201","DE","00+",2026-02-19,2026-03-15,4,"quantile",0.5,1457386.1
"1202","DE","00+",2026-02-19,2026-03-15,4,"quantile",0.75,1708092.25
"1203","DE","00+",2026-02-19,2026-03-15,4,"quantile",0.9,1959117.63
"1204","DE","00+",2026-02-19,2026-03-15,4,"quantile",0.975,2269001.8125000005
"1205","DE","00-04",2026-02-19,2026-02-22,1,"quantile",0.025,160381.6675
"1206","DE","00-04",2026-02-19,2026-02-22,1,"quantile",0.1,183017.71
"1207","DE","00-04",2026-02-19,2026-02-22,1,"quantile",0.25,205162.625
"1208","DE","00-04",2026-02-19,2026-02-22,1,"quantile",0.5,231889.05
"1209","DE","00-04",2026-02-19,2026-02-22,1,"quantile",0.75,261039.6
"1210","DE","00-04",2026-02-19,2026-02-22,1,"quantile",0.9,289526.75
"1211","DE","00-04",2026-02-19,2026-02-22,1,"quantile",0.975,324238.37000000005
"1212","DE","00-04",2026-02-19,2026-03-01,2,"quantile",0.025,155562.565
"1213","DE","00-04",2026-02-19,2026-03-01,2,"quantile",0.1,178829.63
"1214","DE","00-04",2026-02-19,2026-03-01,2,"quantile",0.25,201646.85
"1215","DE","00-04",2026-02-19,2026-03-01,2,"quantile",0.5,229293.95
"1216","DE","00-04",2026-02-19,2026-03-01,2,"quantile",0.75,259641.975
"1217","DE","00-04",2026-02-19,2026-03-01,2,"quantile",0.9,289287.55999999994
"1218","DE","00-04",2026-02-19,2026-03-01,2,"quantile",0.975,325297.57250000007
"1219","DE","00-04",2026-02-19,2026-03-08,3,"quantile",0.025,146869.905
"1220","DE","00-04",2026-02-19,2026-03-08,3,"quantile",0.1,170039.53999999998
"1221","DE","00-04",2026-02-19,2026-03-08,3,"quantile",0.25,193020.95
"1222","DE","00-04",2026-02-19,2026-03-08,3,"quantile",0.5,221034.1
"1223","DE","00-04",2026-02-19,2026-03-08,3,"quantile",0.75,251658.55
"1224","DE","00-04",2026-02-19,2026-03-08,3,"quantile",0.9,281568.12
"1225","DE","00-04",2026-02-19,2026-03-08,3,"quantile",0.975,317529.68500000006
"1226","DE","00-04",2026-02-19,2026-03-15,4,"quantile",0.025,125068.5825
"1227","DE","00-04",2026-02-19,2026-03-15,4,"quantile",0.1,148850.26
"1228","DE","00-04",2026-02-19,2026-03-15,4,"quantile",0.25,172518.875
"1229","DE","00-04",2026-02-19,2026-03-15,4,"quantile",0.5,201759.3
"1230","DE","00-04",2026-02-19,2026-03-15,4,"quantile",0.75,234196.6
"1231","DE","00-04",2026-02-19,2026-03-15,4,"quantile",0.9,266303.14
"1232","DE","00-04",2026-02-19,2026-03-15,4,"quantile",0.975,306010.61750000005
"1233","DE","05-14",2026-02-19,2026-02-22,1,"quantile",0.025,131954.26
"1234","DE","05-14",2026-02-19,2026-02-22,1,"quantile",0.1,157464.59
"1235","DE","05-14",2026-02-19,2026-02-22,1,"quantile",0.25,183062.15
"1236","DE","05-14",2026-02-19,2026-02-22,1,"quantile",0.5,214719.0
"1237","DE","05-14",2026-02-19,2026-02-22,1,"quantile",0.75,250325.0
"1238","DE","05-14",2026-02-19,2026-02-22,1,"quantile",0.9,285406.13
"1239","DE","05-14",2026-02-19,2026-02-22,1,"quantile",0.975,328809.93000000005
"1240","DE","05-14",2026-02-19,2026-03-01,2,"quantile",0.025,126175.07749999998
"1241","DE","05-14",2026-02-19,2026-03-01,2,"quantile",0.1,152021.76
"1242","DE","05-14",2026-02-19,2026-03-01,2,"quantile",0.25,178277.45
"1243","DE","05-14",2026-02-19,2026-03-01,2,"quantile",0.5,210978.4
"1244","DE","05-14",2026-02-19,2026-03-01,2,"quantile",0.75,247432.1
"1245","DE","05-14",2026-02-19,2026-03-01,2,"quantile",0.9,283625.38
"1246","DE","05-14",2026-02-19,2026-03-01,2,"quantile",0.975,328586.93500000006
"1247","DE","05-14",2026-02-19,2026-03-08,3,"quantile",0.025,115663.525
"1248","DE","05-14",2026-02-19,2026-03-08,3,"quantile",0.1,141379.2
"1249","DE","05-14",2026-02-19,2026-03-08,3,"quantile",0.25,167291.3
"1250","DE","05-14",2026-02-19,2026-03-08,3,"quantile",0.5,199898.2
"1251","DE","05-14",2026-02-19,2026-03-08,3,"quantile",0.75,236694.25
"1252","DE","05-14",2026-02-19,2026-03-08,3,"quantile",0.9,273558.35
"1253","DE","05-14",2026-02-19,2026-03-08,3,"quantile",0.975,318985.00000000006
"1254","DE","05-14",2026-02-19,2026-03-15,4,"quantile",0.025,97187.4925
"1255","DE","05-14",2026-02-19,2026-03-15,4,"quantile",0.1,123504.2
"1256","DE","05-14",2026-02-19,2026-03-15,4,"quantile",0.25,150779.125
"1257","DE","05-14",2026-02-19,2026-03-15,4,"quantile",0.5,185816.75
"1258","DE","05-14",2026-02-19,2026-03-15,4,"quantile",0.75,225875.75
"1259","DE","05-14",2026-02-19,2026-03-15,4,"quantile",0.9,266531.33
"1260","DE","05-14",2026-02-19,2026-03-15,4,"quantile",0.975,317841.61000000004
"1261","DE","15-34",2026-02-19,2026-02-22,1,"quantile",0.025,321838.90750000003
"1262","DE","15-34",2026-02-19,2026-02-22,1,"quantile",0.1,370439.7
"1263","DE","15-34",2026-02-19,2026-02-22,1,"quantile",0.25,418364.65
"1264","DE","15-34",2026-02-19,2026-02-22,1,"quantile",0.5,476648.25
"1265","DE","15-34",2026-02-19,2026-02-22,1,"quantile",0.75,540833.7
"1266","DE","15-34",2026-02-19,2026-02-22,1,"quantile",0.9,604337.75
"1267","DE","15-34",2026-02-19,2026-02-22,1,"quantile",0.975,683000.9175000001
"1268","DE","15-34",2026-02-19,2026-03-01,2,"quantile",0.025,309062.825
"1269","DE","15-34",2026-02-19,2026-03-01,2,"quantile",0.1,358825.13
"1270","DE","15-34",2026-02-19,2026-03-01,2,"quantile",0.25,408214.525
"1271","DE","15-34",2026-02-19,2026-03-01,2,"quantile",0.5,469224.1
"1272","DE","15-34",2026-02-19,2026-03-01,2,"quantile",0.75,536045.1
"1273","DE","15-34",2026-02-19,2026-03-01,2,"quantile",0.9,601655.6599999999
"1274","DE","15-34",2026-02-19,2026-03-01,2,"quantile",0.975,682290.1875000001
"1275","DE","15-34",2026-02-19,2026-03-08,3,"quantile",0.025,284884.8225
"1276","DE","15-34",2026-02-19,2026-03-08,3,"quantile",0.1,334376.16000000003
"1277","DE","15-34",2026-02-19,2026-03-08,3,"quantile",0.25,383319.6
"1278","DE","15-34",2026-02-19,2026-03-08,3,"quantile",0.5,443461.0
"1279","DE","15-34",2026-02-19,2026-03-08,3,"quantile",0.75,509589.55
"1280","DE","15-34",2026-02-19,2026-03-08,3,"quantile",0.9,574941.09
"1281","DE","15-34",2026-02-19,2026-03-08,3,"quantile",0.975,654902.7725000001
"1282","DE","15-34",2026-02-19,2026-03-15,4,"quantile",0.025,229830.475
"1283","DE","15-34",2026-02-19,2026-03-15,4,"quantile",0.1,278951.59
"1284","DE","15-34",2026-02-19,2026-03-15,4,"quantile",0.25,328805.1
"1285","DE","15-34",2026-02-19,2026-03-15,4,"quantile",0.5,391226.15
"1286","DE","15-34",2026-02-19,2026-03-15,4,"quantile",0.75,461201.625
"1287","DE","15-34",2026-02-19,2026-03-15,4,"quantile",0.9,531532.23
"1288","DE","15-34",2026-02-19,2026-03-15,4,"quantile",0.975,618561.4900000001
"1289","DE","35-59",2026-02-19,2026-02-22,1,"quantile",0.025,403471.8675
"1290","DE","35-59",2026-02-19,2026-02-22,1,"quantile",0.1,467723.11
"1291","DE","35-59",2026-02-19,2026-02-22,1,"quantile",0.25,530972.125
"1292","DE","35-59",2026-02-19,2026-02-22,1,"quantile",0.5,609015.4
"1293","DE","35-59",2026-02-19,2026-02-22,1,"quantile",0.75,695112.2
"1294","DE","35-59",2026-02-19,2026-02-22,1,"quantile",0.9,780810.5199999999
"1295","DE","35-59",2026-02-19,2026-02-22,1,"quantile",0.975,888837.3025000002
"1296","DE","35-59",2026-02-19,2026-03-01,2,"quantile",0.025,387453.9425
"1297","DE","35-59",2026-02-19,2026-03-01,2,"quantile",0.1,454230.72
"1298","DE","35-59",2026-02-19,2026-03-01,2,"quantile",0.25,520436.675
"1299","DE","35-59",2026-02-19,2026-03-01,2,"quantile",0.5,601563.1
"1300","DE","35-59",2026-02-19,2026-03-01,2,"quantile",0.75,691967.5
"1301","DE","35-59",2026-02-19,2026-03-01,2,"quantile",0.9,781705.62
"1302","DE","35-59",2026-02-19,2026-03-01,2,"quantile",0.975,892687.9025000002
"1303","DE","35-59",2026-02-19,2026-03-08,3,"quantile",0.025,354522.395
"1304","DE","35-59",2026-02-19,2026-03-08,3,"quantile",0.1,419905.03
"1305","DE","35-59",2026-02-19,2026-03-08,3,"quantile",0.25,485789.4
"1306","DE","35-59",2026-02-19,2026-03-08,3,"quantile",0.5,566557.2
"1307","DE","35-59",2026-02-19,2026-03-08,3,"quantile",0.75,655862.475
"1308","DE","35-59",2026-02-19,2026-03-08,3,"quantile",0.9,744528.19
"1309","DE","35-59",2026-02-19,2026-03-08,3,"quantile",0.975,853979.1200000001
"1310","DE","35-59",2026-02-19,2026-03-15,4,"quantile",0.025,284773.07
"1311","DE","35-59",2026-02-19,2026-03-15,4,"quantile",0.1,351014.97000000003
"1312","DE","35-59",2026-02-19,2026-03-15,4,"quantile",0.25,419180.325
"1313","DE","35-59",2026-02-19,2026-03-15,4,"quantile",0.5,505499.85
"1314","DE","35-59",2026-02-19,2026-03-15,4,"quantile",0.75,602569.925
"1315","DE","35-59",2026-02-19,2026-03-15,4,"quantile",0.9,700308.84
"1316","DE","35-59",2026-02-19,2026-03-15,4,"quantile",0.975,822060.6900000002
"1317","DE","60+",2026-02-19,2026-02-22,1,"quantile",0.025,131514.35749999998
"1318","DE","60+",2026-02-19,2026-02-22,1,"quantile",0.1,152500.28999999998
"1319","DE","60+",2026-02-19,2026-02-22,1,"quantile",0.25,173519.725
"1320","DE","60+",2026-02-19,2026-02-22,1,"quantile",0.5,199116.75
"1321","DE","60+",2026-02-19,2026-02-22,1,"quantile",0.75,227765.375
"1322","DE","60+",2026-02-19,2026-02-22,1,"quantile",0.9,256341.69
"1323","DE","60+",2026-02-19,2026-02-22,1,"quantile",0.975,292277.0275
"1324","DE","60+",2026-02-19,2026-03-01,2,"quantile",0.025,126525.915
"1325","DE","60+",2026-02-19,2026-03-01,2,"quantile",0.1,148580.36000000002
"1326","DE","60+",2026-02-19,2026-03-01,2,"quantile",0.25,170267.625
"1327","DE","60+",2026-02-19,2026-03-01,2,"quantile",0.5,196994.1
"1328","DE","60+",2026-02-19,2026-03-01,2,"quantile",0.75,226611.175
"1329","DE","60+",2026-02-19,2026-03-01,2,"quantile",0.9,256123.5
"1330","DE","60+",2026-02-19,2026-03-01,2,"quantile",0.975,292426.07
"1331","DE","60+",2026-02-19,2026-03-08,3,"quantile",0.025,116967.77
"1332","DE","60+",2026-02-19,2026-03-08,3,"quantile",0.1,138210.04
"1333","DE","60+",2026-02-19,2026-03-08,3,"quantile",0.25,159639.4
"1334","DE","60+",2026-02-19,2026-03-08,3,"quantile",0.5,185902.35
"1335","DE","60+",2026-02-19,2026-03-08,3,"quantile",0.75,215180.475
"1336","DE","60+",2026-02-19,2026-03-08,3,"quantile",0.9,244062.19
"1337","DE","60+",2026-02-19,2026-03-08,3,"quantile",0.975,279952.46
"1338","DE","60+",2026-02-19,2026-03-15,4,"quantile",0.025,97274.14
"1339","DE","60+",2026-02-19,2026-03-15,4,"quantile",0.1,118924.17
"1340","DE","60+",2026-02-19,2026-03-15,4,"quantile",0.25,140944.575
"1341","DE","60+",2026-02-19,2026-03-15,4,"quantile",0.5,168516.4
"1342","DE","60+",2026-02-19,2026-03-15,4,"quantile",0.75,199709.025
"1343","DE","60+",2026-02-19,2026-03-15,4,"quantile",0.9,231055.14
"1344","DE","60+",2026-02-19,2026-03-15,4,"quantile",0.975,269725.7625
"1345","DE","00+",2026-03-05,2026-03-08,1,"quantile",0.025,972482.9325
"1346","DE","00+",2026-03-05,2026-03-08,1,"quantile",0.1,1111397.28
"1347","DE","00+",2026-03-05,2026-03-08,1,"quantile",0.25,1247495.45
"1348","DE","00+",2026-03-05,2026-03-08,1,"quantile",0.5,1412957.15
"1349","DE","00+",2026-03-05,2026-03-08,1,"quantile",0.75,1593717.875
"1350","DE","00+",2026-03-05,2026-03-08,1,"quantile",0.9,1769866.94
"1351","DE","00+",2026-03-05,2026-03-08,1,"quantile",0.975,1982972.7525
"1352","DE","00+",2026-03-05,2026-03-15,2,"quantile",0.025,920033.935
"1353","DE","00+",2026-03-05,2026-03-15,2,"quantile",0.1,1060841.77
"1354","DE","00+",2026-03-05,2026-03-15,2,"quantile",0.25,1199958.175
"1355","DE","00+",2026-03-05,2026-03-15,2,"quantile",0.5,1368940.5
"1356","DE","00+",2026-03-05,2026-03-15,2,"quantile",0.75,1554373.575
"1357","DE","00+",2026-03-05,2026-03-15,2,"quantile",0.9,1734396.7100000002
"1358","DE","00+",2026-03-05,2026-03-15,2,"quantile",0.975,1952176.595
"1359","DE","00+",2026-03-05,2026-03-22,3,"quantile",0.025,884522.1275000001
"1360","DE","00+",2026-03-05,2026-03-22,3,"quantile",0.1,1027056.3
"1361","DE","00+",2026-03-05,2026-03-22,3,"quantile",0.25,1170347.975
"1362","DE","00+",2026-03-05,2026-03-22,3,"quantile",0.5,1345686.05
"1363","DE","00+",2026-03-05,2026-03-22,3,"quantile",0.75,1537403.275
"1364","DE","00+",2026-03-05,2026-03-22,3,"quantile",0.9,1724476.28
"1365","DE","00+",2026-03-05,2026-03-22,3,"quantile",0.975,1953589.585
"1366","DE","00+",2026-03-05,2026-03-29,4,"quantile",0.025,730156.14
"1367","DE","00+",2026-03-05,2026-03-29,4,"quantile",0.1,876112.45
"1368","DE","00+",2026-03-05,2026-03-29,4,"quantile",0.25,1023292.4
"1369","DE","00+",2026-03-05,2026-03-29,4,"quantile",0.5,1206997.65
"1370","DE","00+",2026-03-05,2026-03-29,4,"quantile",0.75,1411546.55
"1371","DE","00+",2026-03-05,2026-03-29,4,"quantile",0.9,1614435.16
"1372","DE","00+",2026-03-05,2026-03-29,4,"quantile",0.975,1864886.7875000003
"1373","DE","00-04",2026-03-05,2026-03-08,1,"quantile",0.025,143764.715
"1374","DE","00-04",2026-03-05,2026-03-08,1,"quantile",0.1,164250.77
"1375","DE","00-04",2026-03-05,2026-03-08,1,"quantile",0.25,184201.5
"1376","DE","00-04",2026-03-05,2026-03-08,1,"quantile",0.5,208309.8
"1377","DE","00-04",2026-03-05,2026-03-08,1,"quantile",0.75,234537.025
"1378","DE","00-04",2026-03-05,2026-03-08,1,"quantile",0.9,260226.29
"1379","DE","00-04",2026-03-05,2026-03-08,1,"quantile",0.975,291163.93750000006
"1380","DE","00-04",2026-03-05,2026-03-15,2,"quantile",0.025,137869.38
"1381","DE","00-04",2026-03-05,2026-03-15,2,"quantile",0.1,159106.05
"1382","DE","00-04",2026-03-05,2026-03-15,2,"quantile",0.25,179598.675
"1383","DE","00-04",2026-03-05,2026-03-15,2,"quantile",0.5,204530.7
"1384","DE","00-04",2026-03-05,2026-03-15,2,"quantile",0.75,231743.825
"1385","DE","00-04",2026-03-05,2026-03-15,2,"quantile",0.9,258389.73
"1386","DE","00-04",2026-03-05,2026-03-15,2,"quantile",0.975,290388.48250000004
"1387","DE","00-04",2026-03-05,2026-03-22,3,"quantile",0.025,133379.8825
"1388","DE","00-04",2026-03-05,2026-03-22,3,"quantile",0.1,155205.93
"1389","DE","00-04",2026-03-05,2026-03-22,3,"quantile",0.25,176517.825
"1390","DE","00-04",2026-03-05,2026-03-22,3,"quantile",0.5,202217.15
"1391","DE","00-04",2026-03-05,2026-03-22,3,"quantile",0.75,230595.825
"1392","DE","00-04",2026-03-05,2026-03-22,3,"quantile",0.9,258405.82
"1393","DE","00-04",2026-03-05,2026-03-22,3,"quantile",0.975,292327.10000000003
"1394","DE","00-04",2026-03-05,2026-03-29,4,"quantile",0.025,112924.08
"1395","DE","00-04",2026-03-05,2026-03-29,4,"quantile",0.1,135209.63999999998
"1396","DE","00-04",2026-03-05,2026-03-29,4,"quantile",0.25,157141.925
"1397","DE","00-04",2026-03-05,2026-03-29,4,"quantile",0.5,184509.9
"1398","DE","00-04",2026-03-05,2026-03-29,4,"quantile",0.75,214829.475
"1399","DE","00-04",2026-03-05,2026-03-29,4,"quantile",0.9,244887.62
"1400","DE","00-04",2026-03-05,2026-03-29,4,"quantile",0.975,281749.1925
"1401","DE","05-14",2026-03-05,2026-03-08,1,"quantile",0.025,101640.9775
"1402","DE","05-14",2026-03-05,2026-03-08,1,"quantile",0.1,121928.51
"1403","DE","05-14",2026-03-05,2026-03-08,1,"quantile",0.25,142309.75
"1404","DE","05-14",2026-03-05,2026-03-08,1,"quantile",0.5,167762.45
"1405","DE","05-14",2026-03-05,2026-03-08,1,"quantile",0.75,196006.75
"1406","DE","05-14",2026-03-05,2026-03-08,1,"quantile",0.9,224231.89
"1407","DE","05-14",2026-03-05,2026-03-08,1,"quantile",0.975,258526.98500000004
"1408","DE","05-14",2026-03-05,2026-03-15,2,"quantile",0.025,97452.4125
"1409","DE","05-14",2026-03-05,2026-03-15,2,"quantile",0.1,118347.62
"1410","DE","05-14",2026-03-05,2026-03-15,2,"quantile",0.25,139419.55
"1411","DE","05-14",2026-03-05,2026-03-15,2,"quantile",0.5,165787.65
"1412","DE","05-14",2026-03-05,2026-03-15,2,"quantile",0.75,195314.825
"1413","DE","05-14",2026-03-05,2026-03-15,2,"quantile",0.9,224657.3
"1414","DE","05-14",2026-03-05,2026-03-15,2,"quantile",0.975,260755.97500000003
"1415","DE","05-14",2026-03-05,2026-03-22,3,"quantile",0.025,93454.74
"1416","DE","05-14",2026-03-05,2026-03-22,3,"quantile",0.1,114720.53
"1417","DE","05-14",2026-03-05,2026-03-22,3,"quantile",0.25,136334.525
"1418","DE","05-14",2026-03-05,2026-03-22,3,"quantile",0.5,163436.6
"1419","DE","05-14",2026-03-05,2026-03-22,3,"quantile",0.75,194123.25
"1420","DE","05-14",2026-03-05,2026-03-22,3,"quantile",0.9,224854.43
"1421","DE","05-14",2026-03-05,2026-03-22,3,"quantile",0.975,262400.1725
"1422","DE","05-14",2026-03-05,2026-03-29,4,"quantile",0.025,78304.025
"1423","DE","05-14",2026-03-05,2026-03-29,4,"quantile",0.1,99897.45
"1424","DE","05-14",2026-03-05,2026-03-29,4,"quantile",0.25,122539.75
"1425","DE","05-14",2026-03-05,2026-03-29,4,"quantile",0.5,151750.55
"1426","DE","05-14",2026-03-05,2026-03-29,4,"quantile",0.75,185202.325
"1427","DE","05-14",2026-03-05,2026-03-29,4,"quantile",0.9,219341.58
"1428","DE","05-14",2026-03-05,2026-03-29,4,"quantile",0.975,262495.1975
"1429","DE","15-34",2026-03-05,2026-03-08,1,"quantile",0.025,256163.895
"1430","DE","15-34",2026-03-05,2026-03-08,1,"quantile",0.1,294983.13
"1431","DE","15-34",2026-03-05,2026-03-08,1,"quantile",0.25,333504.225
"1432","DE","15-34",2026-03-05,2026-03-08,1,"quantile",0.5,379999.45
"1433","DE","15-34",2026-03-05,2026-03-08,1,"quantile",0.75,430950.975
"1434","DE","15-34",2026-03-05,2026-03-08,1,"quantile",0.9,480832.67
"1435","DE","15-34",2026-03-05,2026-03-08,1,"quantile",0.975,541449.1125
"1436","DE","15-34",2026-03-05,2026-03-15,2,"quantile",0.025,243586.7475
"1437","DE","15-34",2026-03-05,2026-03-15,2,"quantile",0.1,283285.31
"1438","DE","15-34",2026-03-05,2026-03-15,2,"quantile",0.25,322319.8
"1439","DE","15-34",2026-03-05,2026-03-15,2,"quantile",0.5,370188.0
"1440","DE","15-34",2026-03-05,2026-03-15,2,"quantile",0.75,422418.0
"1441","DE","15-34",2026-03-05,2026-03-15,2,"quantile",0.9,473518.56
"1442","DE","15-34",2026-03-05,2026-03-15,2,"quantile",0.975,535887.7050000001
"1443","DE","15-34",2026-03-05,2026-03-22,3,"quantile",0.025,232995.8725
"1444","DE","15-34",2026-03-05,2026-03-22,3,"quantile",0.1,273399.56
"1445","DE","15-34",2026-03-05,2026-03-22,3,"quantile",0.25,313461.825
"1446","DE","15-34",2026-03-05,2026-03-22,3,"quantile",0.5,362671.7
"1447","DE","15-34",2026-03-05,2026-03-22,3,"quantile",0.75,416935.1
"1448","DE","15-34",2026-03-05,2026-03-22,3,"quantile",0.9,470631.0
"1449","DE","15-34",2026-03-05,2026-03-22,3,"quantile",0.975,535884.2650000001
"1450","DE","15-34",2026-03-05,2026-03-29,4,"quantile",0.025,193668.59
"1451","DE","15-34",2026-03-05,2026-03-29,4,"quantile",0.1,234437.9
"1452","DE","15-34",2026-03-05,2026-03-29,4,"quantile",0.25,276082.225
"1453","DE","15-34",2026-03-05,2026-03-29,4,"quantile",0.5,328029.4
"1454","DE","15-34",2026-03-05,2026-03-29,4,"quantile",0.75,386187.675
"1455","DE","15-34",2026-03-05,2026-03-29,4,"quantile",0.9,443968.03
"1456","DE","15-34",2026-03-05,2026-03-29,4,"quantile",0.975,515865.0425000001
"1457","DE","35-59",2026-03-05,2026-03-08,1,"quantile",0.025,311299.68
"1458","DE","35-59",2026-03-05,2026-03-08,1,"quantile",0.1,361002.89
"1459","DE","35-59",2026-03-05,2026-03-08,1,"quantile",0.25,409599.75
"1460","DE","35-59",2026-03-05,2026-03-08,1,"quantile",0.5,469056.05
"1461","DE","35-59",2026-03-05,2026-03-08,1,"quantile",0.75,534576.675
"1462","DE","35-59",2026-03-05,2026-03-08,1,"quantile",0.9,598771.9099999999
"1463","DE","35-59",2026-03-05,2026-03-08,1,"quantile",0.975,677795.1625000001
"1464","DE","35-59",2026-03-05,2026-03-15,2,"quantile",0.025,291597.90750000003
"1465","DE","35-59",2026-03-05,2026-03-15,2,"quantile",0.1,341520.84
"1466","DE","35-59",2026-03-05,2026-03-15,2,"quantile",0.25,391245.05
"1467","DE","35-59",2026-03-05,2026-03-15,2,"quantile",0.5,452123.6
"1468","DE","35-59",2026-03-05,2026-03-15,2,"quantile",0.75,518855.525
"1469","DE","35-59",2026-03-05,2026-03-15,2,"quantile",0.9,585092.88
"1470","DE","35-59",2026-03-05,2026-03-15,2,"quantile",0.975,665486.1775
"1471","DE","35-59",2026-03-05,2026-03-22,3,"quantile",0.025,278891.8225
"1472","DE","35-59",2026-03-05,2026-03-22,3,"quantile",0.1,329331.65
"1473","DE","35-59",2026-03-05,2026-03-22,3,"quantile",0.25,379918.625
"1474","DE","35-59",2026-03-05,2026-03-22,3,"quantile",0.5,442505.4
"1475","DE","35-59",2026-03-05,2026-03-22,3,"quantile",0.75,511809.425
"1476","DE","35-59",2026-03-05,2026-03-22,3,"quantile",0.9,580558.13
"1477","DE","35-59",2026-03-05,2026-03-22,3,"quantile",0.975,664381.4925
"1478","DE","35-59",2026-03-05,2026-03-29,4,"quantile",0.025,230336.8225
"1479","DE","35-59",2026-03-05,2026-03-29,4,"quantile",0.1,282325.41000000003
"1480","DE","35-59",2026-03-05,2026-03-29,4,"quantile",0.25,335726.175
"1481","DE","35-59",2026-03-05,2026-03-29,4,"quantile",0.5,402415.65
"1482","DE","35-59",2026-03-05,2026-03-29,4,"quantile",0.75,477753.4
"1483","DE","35-59",2026-03-05,2026-03-29,4,"quantile",0.9,552781.9199999999
"1484","DE","35-59",2026-03-05,2026-03-29,4,"quantile",0.975,645626.2125000001
"1485","DE","60+",2026-03-05,2026-03-08,1,"quantile",0.025,108983.9125
"1486","DE","60+",2026-03-05,2026-03-08,1,"quantile",0.1,126455.45
"1487","DE","60+",2026-03-05,2026-03-08,1,"quantile",0.25,143609.0
"1488","DE","60+",2026-03-05,2026-03-08,1,"quantile",0.5,164689.3
"1489","DE","60+",2026-03-05,2026-03-08,1,"quantile",0.75,187887.275
"1490","DE","60+",2026-03-05,2026-03-08,1,"quantile",0.9,210526.46
"1491","DE","60+",2026-03-05,2026-03-08,1,"quantile",0.975,238514.69250000003
"1492","DE","60+",2026-03-05,2026-03-15,2,"quantile",0.025,102347.9625
"1493","DE","60+",2026-03-05,2026-03-15,2,"quantile",0.1,119708.3
"1494","DE","60+",2026-03-05,2026-03-15,2,"quantile",0.25,136945.025
"1495","DE","60+",2026-03-05,2026-03-15,2,"quantile",0.5,158042.35
"1496","DE","60+",2026-03-05,2026-03-15,2,"quantile",0.75,181649.925
"1497","DE","60+",2026-03-05,2026-03-15,2,"quantile",0.9,204651.6
"1498","DE","60+",2026-03-05,2026-03-15,2,"quantile",0.975,233076.7125
"1499","DE","60+",2026-03-05,2026-03-22,3,"quantile",0.025,98064.3425
"1500","DE","60+",2026-03-05,2026-03-22,3,"quantile",0.1,115592.1
"1501","DE","60+",2026-03-05,2026-03-22,3,"quantile",0.25,133255.6
"1502","DE","60+",2026-03-05,2026-03-22,3,"quantile",0.5,154755.4
"1503","DE","60+",2026-03-05,2026-03-22,3,"quantile",0.75,178460.325
"1504","DE","60+",2026-03-05,2026-03-22,3,"quantile",0.9,201971.26
"1505","DE","60+",2026-03-05,2026-03-22,3,"quantile",0.975,230930.09000000003
"1506","DE","60+",2026-03-05,2026-03-29,4,"quantile",0.025,84255.2525
"1507","DE","60+",2026-03-05,2026-03-29,4,"quantile",0.1,101953.36
"1508","DE","60+",2026-03-05,2026-03-29,4,"quantile",0.25,119978.175
"1509","DE","60+",2026-03-05,2026-03-29,4,"quantile",0.5,142522.35
"1510","DE","60+",2026-03-05,2026-03-29,4,"quantile",0.75,167690.4
"1511","DE","60+",2026-03-05,2026-03-29,4,"quantile",0.9,192849.27
"1512","DE","60+",2026-03-05,2026-03-29,4,"quantile",0.975,224129.50500000003
"1513","DE","00+",2026-03-12,2026-03-15,1,"quantile",0.025,768686.675
"1514","DE","00+",2026-03-12,2026-03-15,1,"quantile",0.1,883559.0199999999
"1515","DE","00+",2026-03-12,2026-03-15,1,"quantile",0.25,997951.275
"1516","DE","00+",2026-03-12,2026-03-15,1,"quantile",0.5,1135047.95
"1517","DE","00+",2026-03-12,2026-03-15,1,"quantile",0.75,1285800.4
"1518","DE","00+",2026-03-12,2026-03-15,1,"quantile",0.9,1433131.26
"1519","DE","00+",2026-03-12,2026-03-15,1,"quantile",0.975,1609916.8625000005
"1520","DE","00+",2026-03-12,2026-03-22,2,"quantile",0.025,731657.9675
"1521","DE","00+",2026-03-12,2026-03-22,2,"quantile",0.1,849504.11
"1522","DE","00+",2026-03-12,2026-03-22,2,"quantile",0.25,964420.55
"1523","DE","00+",2026-03-12,2026-03-22,2,"quantile",0.5,1105234.45
"1524","DE","00+",2026-03-12,2026-03-22,2,"quantile",0.75,1260637.1
"1525","DE","00+",2026-03-12,2026-03-22,2,"quantile",0.9,1412061.15
"1526","DE","00+",2026-03-12,2026-03-22,2,"quantile",0.975,1595168.5875000004
"1527","DE","00+",2026-03-12,2026-03-29,3,"quantile",0.025,666989.53
"1528","DE","00+",2026-03-12,2026-03-29,3,"quantile",0.1,782095.49
"1529","DE","00+",2026-03-12,2026-03-29,3,"quantile",0.25,895502.0
"1530","DE","00+",2026-03-12,2026-03-29,3,"quantile",0.5,1034363.25
"1531","DE","00+",2026-03-12,2026-03-29,3,"quantile",0.75,1187705.75
"1532","DE","00+",2026-03-12,2026-03-29,3,"quantile",0.9,1337459.48
"1533","DE","00+",2026-03-12,2026-03-29,3,"quantile",0.975,1519618.2100000002
"1534","DE","00+",2026-03-12,2026-04-05,4,"quantile",0.025,567785.7675
"1535","DE","00+",2026-03-12,2026-04-05,4,"quantile",0.1,687569.79
"1536","DE","00+",2026-03-12,2026-04-05,4,"quantile",0.25,807877.975
"1537","DE","00+",2026-03-12,2026-04-05,4,"quantile",0.5,957903.05
"1538","DE","00+",2026-03-12,2026-04-05,4,"quantile",0.75,1126480.275
"1539","DE","00+",2026-03-12,2026-04-05,4,"quantile",0.9,1294439.72
"1540","DE","00+",2026-03-12,2026-04-05,4,"quantile",0.975,1501201.7325000002
"1541","DE","00-04",2026-03-12,2026-03-15,1,"quantile",0.025,120469.9625
"1542","DE","00-04",2026-03-12,2026-03-15,1,"quantile",0.1,138675.63
"1543","DE","00-04",2026-03-12,2026-03-15,1,"quantile",0.25,156600.25
"1544","DE","00-04",2026-03-12,2026-03-15,1,"quantile",0.5,178297.75
"1545","DE","00-04",2026-03-12,2026-03-15,1,"quantile",0.75,202156.15
"1546","DE","00-04",2026-03-12,2026-03-15,1,"quantile",0.9,225525.77
"1547","DE","00-04",2026-03-12,2026-03-15,1,"quantile",0.975,253489.75250000003
"1548","DE","00-04",2026-03-12,2026-03-22,2,"quantile",0.025,114808.0175
"1549","DE","00-04",2026-03-12,2026-03-22,2,"quantile",0.1,133455.63999999998
"1550","DE","00-04",2026-03-12,2026-03-22,2,"quantile",0.25,151709.575
"1551","DE","00-04",2026-03-12,2026-03-22,2,"quantile",0.5,173927.95
"1552","DE","00-04",2026-03-12,2026-03-22,2,"quantile",0.75,198397.525
"1553","DE","00-04",2026-03-12,2026-03-22,2,"quantile",0.9,222412.79
"1554","DE","00-04",2026-03-12,2026-03-22,2,"quantile",0.975,251731.67
"1555","DE","00-04",2026-03-12,2026-03-29,3,"quantile",0.025,105957.88999999998
"1556","DE","00-04",2026-03-12,2026-03-29,3,"quantile",0.1,124012.97
"1557","DE","00-04",2026-03-12,2026-03-29,3,"quantile",0.25,142105.075
"1558","DE","00-04",2026-03-12,2026-03-29,3,"quantile",0.5,164298.5
"1559","DE","00-04",2026-03-12,2026-03-29,3,"quantile",0.75,188859.725
"1560","DE","00-04",2026-03-12,2026-03-29,3,"quantile",0.9,212778.17
"1561","DE","00-04",2026-03-12,2026-03-29,3,"quantile",0.975,241821.805
"1562","DE","00-04",2026-03-12,2026-04-05,4,"quantile",0.025,90948.915
"1563","DE","00-04",2026-03-12,2026-04-05,4,"quantile",0.1,109973.02
"1564","DE","00-04",2026-03-12,2026-04-05,4,"quantile",0.25,129076.95
"1565","DE","00-04",2026-03-12,2026-04-05,4,"quantile",0.5,153033.3
"1566","DE","00-04",2026-03-12,2026-04-05,4,"quantile",0.75,179751.1
"1567","DE","00-04",2026-03-12,2026-04-05,4,"quantile",0.9,206411.4
"1568","DE","00-04",2026-03-12,2026-04-05,4,"quantile",0.975,239412.61500000005
"1569","DE","05-14",2026-03-12,2026-03-15,1,"quantile",0.025,79586.075
"1570","DE","05-14",2026-03-12,2026-03-15,1,"quantile",0.1,96362.49
"1571","DE","05-14",2026-03-12,2026-03-15,1,"quantile",0.25,113537.675
"1572","DE","05-14",2026-03-12,2026-03-15,1,"quantile",0.5,134893.75
"1573","DE","05-14",2026-03-12,2026-03-15,1,"quantile",0.75,158733.675
"1574","DE","05-14",2026-03-12,2026-03-15,1,"quantile",0.9,182592.17
"1575","DE","05-14",2026-03-12,2026-03-15,1,"quantile",0.975,211560.69250000003
"1576","DE","05-14",2026-03-12,2026-03-22,2,"quantile",0.025,75569.7225
"1577","DE","05-14",2026-03-12,2026-03-22,2,"quantile",0.1,92526.22
"1578","DE","05-14",2026-03-12,2026-03-22,2,"quantile",0.25,109918.45
"1579","DE","05-14",2026-03-12,2026-03-22,2,"quantile",0.5,131719.45
"1580","DE","05-14",2026-03-12,2026-03-22,2,"quantile",0.75,156289.675
"1581","DE","05-14",2026-03-12,2026-03-22,2,"quantile",0.9,180794.8
"1582","DE","05-14",2026-03-12,2026-03-22,2,"quantile",0.975,211195.09250000003
"1583","DE","05-14",2026-03-12,2026-03-29,3,"quantile",0.025,69749.78
"1584","DE","05-14",2026-03-12,2026-03-29,3,"quantile",0.1,86500.36
"1585","DE","05-14",2026-03-12,2026-03-29,3,"quantile",0.25,103957.85
"1586","DE","05-14",2026-03-12,2026-03-29,3,"quantile",0.5,125792.4
"1587","DE","05-14",2026-03-12,2026-03-29,3,"quantile",0.75,150618.425
"1588","DE","05-14",2026-03-12,2026-03-29,3,"quantile",0.9,175650.87999999998
"1589","DE","05-14",2026-03-12,2026-03-29,3,"quantile",0.975,206303.28750000003
"1590","DE","05-14",2026-03-12,2026-04-05,4,"quantile",0.025,58888.9075
"1591","DE","05-14",2026-03-12,2026-04-05,4,"quantile",0.1,76180.17
"1592","DE","05-14",2026-03-12,2026-04-05,4,"quantile",0.25,94500.8
"1593","DE","05-14",2026-03-12,2026-04-05,4,"quantile",0.5,118376.4
"1594","DE","05-14",2026-03-12,2026-04-05,4,"quantile",0.75,145851.825
"1595","DE","05-14",2026-03-12,2026-04-05,4,"quantile",0.9,173944.46
"1596","DE","05-14",2026-03-12,2026-04-05,4,"quantile",0.975,209588.76000000004
"1597","DE","15-34",2026-03-12,2026-03-15,1,"quantile",0.025,196254.765
"1598","DE","15-34",2026-03-12,2026-03-15,1,"quantile",0.1,228086.93
"1599","DE","15-34",2026-03-12,2026-03-15,1,"quantile",0.25,259585.175
"1600","DE","15-34",2026-03-12,2026-03-15,1,"quantile",0.5,298079.9
"1601","DE","15-34",2026-03-12,2026-03-15,1,"quantile",0.75,340267.375
"1602","DE","15-34",2026-03-12,2026-03-15,1,"quantile",0.9,381456.36
"1603","DE","15-34",2026-03-12,2026-03-15,1,"quantile",0.975,431703.2325
"1604","DE","15-34",2026-03-12,2026-03-22,2,"quantile",0.025,188210.765
"1605","DE","15-34",2026-03-12,2026-03-22,2,"quantile",0.1,220585.13
"1606","DE","15-34",2026-03-12,2026-03-22,2,"quantile",0.25,252835.125
"1607","DE","15-34",2026-03-12,2026-03-22,2,"quantile",0.5,292355.9
"1608","DE","15-34",2026-03-12,2026-03-22,2,"quantile",0.75,335772.7
"1609","DE","15-34",2026-03-12,2026-03-22,2,"quantile",0.9,378256.35
"1610","DE","15-34",2026-03-12,2026-03-22,2,"quantile",0.975,430333.2400000001
"1611","DE","15-34",2026-03-12,2026-03-29,3,"quantile",0.025,172847.6975
"1612","DE","15-34",2026-03-12,2026-03-29,3,"quantile",0.1,204685.8
"1613","DE","15-34",2026-03-12,2026-03-29,3,"quantile",0.25,236646.9
"1614","DE","15-34",2026-03-12,2026-03-29,3,"quantile",0.5,275710.05
"1615","DE","15-34",2026-03-12,2026-03-29,3,"quantile",0.75,318980.4
"1616","DE","15-34",2026-03-12,2026-03-29,3,"quantile",0.9,361914.91
"1617","DE","15-34",2026-03-12,2026-03-29,3,"quantile",0.975,414505.8575
"1618","DE","15-34",2026-03-12,2026-04-05,4,"quantile",0.025,148498.065
"1619","DE","15-34",2026-03-12,2026-04-05,4,"quantile",0.1,181524.18
"1620","DE","15-34",2026-03-12,2026-04-05,4,"quantile",0.25,215616.4
"1621","DE","15-34",2026-03-12,2026-04-05,4,"quantile",0.5,258368.65
"1622","DE","15-34",2026-03-12,2026-04-05,4,"quantile",0.75,306558.075
"1623","DE","15-34",2026-03-12,2026-04-05,4,"quantile",0.9,355056.55
"1624","DE","15-34",2026-03-12,2026-04-05,4,"quantile",0.975,414837.12750000006
"1625","DE","35-59",2026-03-12,2026-03-15,1,"quantile",0.025,231951.905
"1626","DE","35-59",2026-03-12,2026-03-15,1,"quantile",0.1,271216.99
"1627","DE","35-59",2026-03-12,2026-03-15,1,"quantile",0.25,309513.675
"1628","DE","35-59",2026-03-12,2026-03-15,1,"quantile",0.5,356543.45
"1629","DE","35-59",2026-03-12,2026-03-15,1,"quantile",0.75,408318.65
"1630","DE","35-59",2026-03-12,2026-03-15,1,"quantile",0.9,459005.7899999999
"1631","DE","35-59",2026-03-12,2026-03-15,1,"quantile",0.975,521256.0450000001
"1632","DE","35-59",2026-03-12,2026-03-22,2,"quantile",0.025,219533.9275
"1633","DE","35-59",2026-03-12,2026-03-22,2,"quantile",0.1,258301.85
"1634","DE","35-59",2026-03-12,2026-03-22,2,"quantile",0.25,297008.8
"1635","DE","35-59",2026-03-12,2026-03-22,2,"quantile",0.5,344750.0
"1636","DE","35-59",2026-03-12,2026-03-22,2,"quantile",0.75,397396.325
"1637","DE","35-59",2026-03-12,2026-03-22,2,"quantile",0.9,449148.51
"1638","DE","35-59",2026-03-12,2026-03-22,2,"quantile",0.975,512285.735
"1639","DE","35-59",2026-03-12,2026-03-29,3,"quantile",0.025,200208.5475
"1640","DE","35-59",2026-03-12,2026-03-29,3,"quantile",0.1,238348.26
"1641","DE","35-59",2026-03-12,2026-03-29,3,"quantile",0.25,276589.675
"1642","DE","35-59",2026-03-12,2026-03-29,3,"quantile",0.5,323599.05
"1643","DE","35-59",2026-03-12,2026-03-29,3,"quantile",0.75,375908.325
"1644","DE","35-59",2026-03-12,2026-03-29,3,"quantile",0.9,427530.75
"1645","DE","35-59",2026-03-12,2026-03-29,3,"quantile",0.975,490592.3700000001
"1646","DE","35-59",2026-03-12,2026-04-05,4,"quantile",0.025,170825.895
"1647","DE","35-59",2026-03-12,2026-04-05,4,"quantile",0.1,210505.81
"1648","DE","35-59",2026-03-12,2026-04-05,4,"quantile",0.25,251286.65
"1649","DE","35-59",2026-03-12,2026-04-05,4,"quantile",0.5,302600.7
"1650","DE","35-59",2026-03-12,2026-04-05,4,"quantile",0.75,360872.975
"1651","DE","35-59",2026-03-12,2026-04-05,4,"quantile",0.9,419608.33
"1652","DE","35-59",2026-03-12,2026-04-05,4,"quantile",0.975,491952.4900000001
"1653","DE","60+",2026-03-12,2026-03-15,1,"quantile",0.025,89244.1925
"1654","DE","60+",2026-03-12,2026-03-15,1,"quantile",0.1,103960.61
"1655","DE","60+",2026-03-12,2026-03-15,1,"quantile",0.25,118490.275
"1656","DE","60+",2026-03-12,2026-03-15,1,"quantile",0.5,136147.75
"1657","DE","60+",2026-03-12,2026-03-15,1,"quantile",0.75,155555.5
"1658","DE","60+",2026-03-12,2026-03-15,1,"quantile",0.9,174579.61000000002
"1659","DE","60+",2026-03-12,2026-03-15,1,"quantile",0.975,197653.53500000003
"1660","DE","60+",2026-03-12,2026-03-22,2,"quantile",0.025,85177.74
"1661","DE","60+",2026-03-12,2026-03-22,2,"quantile",0.1,99739.29
"1662","DE","60+",2026-03-12,2026-03-22,2,"quantile",0.25,114209.125
"1663","DE","60+",2026-03-12,2026-03-22,2,"quantile",0.5,131858.8
"1664","DE","60+",2026-03-12,2026-03-22,2,"quantile",0.75,151388.075
"1665","DE","60+",2026-03-12,2026-03-22,2,"quantile",0.9,170604.62
"1666","DE","60+",2026-03-12,2026-03-22,2,"quantile",0.975,193957.49
"1667","DE","60+",2026-03-12,2026-03-29,3,"quantile",0.025,78324.75749999999
"1668","DE","60+",2026-03-12,2026-03-29,3,"quantile",0.1,92431.25
"1669","DE","60+",2026-03-12,2026-03-29,3,"quantile",0.25,106501.45
"1670","DE","60+",2026-03-12,2026-03-29,3,"quantile",0.5,123924.1
"1671","DE","60+",2026-03-12,2026-03-29,3,"quantile",0.75,143155.325
"1672","DE","60+",2026-03-12,2026-03-29,3,"quantile",0.9,162101.63999999998
"1673","DE","60+",2026-03-12,2026-03-29,3,"quantile",0.975,185087.68
"1674","DE","60+",2026-03-12,2026-04-05,4,"quantile",0.025,68868.4075
"1675","DE","60+",2026-03-12,2026-04-05,4,"quantile",0.1,83318.31
"1676","DE","60+",2026-03-12,2026-04-05,4,"quantile",0.25,97941.125
"1677","DE","60+",2026-03-12,2026-04-05,4,"quantile",0.5,116373.05
"1678","DE","60+",2026-03-12,2026-04-05,4,"quantile",0.75,136959.25
"1679","DE","60+",2026-03-12,2026-04-05,4,"quantile",0.9,157497.5
"1680","DE","60+",2026-03-12,2026-04-05,4,"quantile",0.975,182721.8775
"1681","DE","00+",2026-03-19,2026-03-22,1,"quantile",0.025,776805.2100000001
"1682","DE","00+",2026-03-19,2026-03-22,1,"quantile",0.1,890292.0800000001
"1683","DE","00+",2026-03-19,2026-03-22,1,"quantile",0.25,1000012.05
"1684","DE","00+",2026-03-19,2026-03-22,1,"quantile",0.5,1133120.0
"1685","DE","00+",2026-03-19,2026-03-22,1,"quantile",0.75,1277052.55
"1686","DE","00+",2026-03-19,2026-03-22,1,"quantile",0.9,1417123.17
"1687","DE","00+",2026-03-19,2026-03-22,1,"quantile",0.975,1585991.6650000005
"1688","DE","00+",2026-03-19,2026-03-29,2,"quantile",0.025,724355.6475
"1689","DE","00+",2026-03-19,2026-03-29,2,"quantile",0.1,837085.99
"1690","DE","00+",2026-03-19,2026-03-29,2,"quantile",0.25,947814.1
"1691","DE","00+",2026-03-19,2026-03-29,2,"quantile",0.5,1080110.3
"1692","DE","00+",2026-03-19,2026-03-29,2,"quantile",0.75,1225661.75
"1693","DE","00+",2026-03-19,2026-03-29,2,"quantile",0.9,1366101.0799999998
"1694","DE","00+",2026-03-19,2026-03-29,2,"quantile",0.975,1537737.5875
"1695","DE","00+",2026-03-19,2026-04-05,3,"quantile",0.025,648962.7025
"1696","DE","00+",2026-03-19,2026-04-05,3,"quantile",0.1,756010.99
"1697","DE","00+",2026-03-19,2026-04-05,3,"quantile",0.25,861092.875
"1698","DE","00+",2026-03-19,2026-04-05,3,"quantile",0.5,988913.75
"1699","DE","00+",2026-03-19,2026-04-05,3,"quantile",0.75,1129209.3
"1700","DE","00+",2026-03-19,2026-04-05,3,"quantile",0.9,1265425.14
"1701","DE","00+",2026-03-19,2026-04-05,3,"quantile",0.975,1430053.7025
"1702","DE","00+",2026-03-19,2026-04-12,4,"quantile",0.025,544364.5599999999
"1703","DE","00+",2026-03-19,2026-04-12,4,"quantile",0.1,651197.11
"1704","DE","00+",2026-03-19,2026-04-12,4,"quantile",0.25,759554.425
"1705","DE","00+",2026-03-19,2026-04-12,4,"quantile",0.5,893375.75
"1706","DE","00+",2026-03-19,2026-04-12,4,"quantile",0.75,1042231.375
"1707","DE","00+",2026-03-19,2026-04-12,4,"quantile",0.9,1189717.36
"1708","DE","00+",2026-03-19,2026-04-12,4,"quantile",0.975,1370163.9725
"1709","DE","00-04",2026-03-19,2026-03-22,1,"quantile",0.025,121742.4875
"1710","DE","00-04",2026-03-19,2026-03-22,1,"quantile",0.1,139647.11000000002
"1711","DE","00-04",2026-03-19,2026-03-22,1,"quantile",0.25,157309.075
"1712","DE","00-04",2026-03-19,2026-03-22,1,"quantile",0.5,178586.9
"1713","DE","00-04",2026-03-19,2026-03-22,1,"quantile",0.75,201833.75
"1714","DE","00-04",2026-03-19,2026-03-22,1,"quantile",0.9,224225.87
"1715","DE","00-04",2026-03-19,2026-03-22,1,"quantile",0.975,251320.52
"1716","DE","00-04",2026-03-19,2026-03-29,2,"quantile",0.025,115507.375
"1717","DE","00-04",2026-03-19,2026-03-29,2,"quantile",0.1,133477.07
"1718","DE","00-04",2026-03-19,2026-03-29,2,"quantile",0.25,151271.575
"1719","DE","00-04",2026-03-19,2026-03-29,2,"quantile",0.5,172971.4
"1720","DE","00-04",2026-03-19,2026-03-29,2,"quantile",0.75,196674.85
"1721","DE","00-04",2026-03-19,2026-03-29,2,"quantile",0.9,219722.67
"1722","DE","00-04",2026-03-19,2026-03-29,2,"quantile",0.975,247550.98000000004
"1723","DE","00-04",2026-03-19,2026-04-05,3,"quantile",0.025,104285.165
"1724","DE","00-04",2026-03-19,2026-04-05,3,"quantile",0.1,121870.25
"1725","DE","00-04",2026-03-19,2026-04-05,3,"quantile",0.25,139168.85
"1726","DE","00-04",2026-03-19,2026-04-05,3,"quantile",0.5,160197.75
"1727","DE","00-04",2026-03-19,2026-04-05,3,"quantile",0.75,183408.625
"1728","DE","00-04",2026-03-19,2026-04-05,3,"quantile",0.9,205919.65
"1729","DE","00-04",2026-03-19,2026-04-05,3,"quantile",0.975,233422.53750000003
"1730","DE","00-04",2026-03-19,2026-04-12,4,"quantile",0.025,88168.8675
"1731","DE","00-04",2026-03-19,2026-04-12,4,"quantile",0.1,106195.38
"1732","DE","00-04",2026-03-19,2026-04-12,4,"quantile",0.25,124034.35
"1733","DE","00-04",2026-03-19,2026-04-12,4,"quantile",0.5,146242.55
"1734","DE","00-04",2026-03-19,2026-04-12,4,"quantile",0.75,170974.925
"1735","DE","00-04",2026-03-19,2026-04-12,4,"quantile",0.9,195724.34
"1736","DE","00-04",2026-03-19,2026-04-12,4,"quantile",0.975,225545.26500000004
"1737","DE","05-14",2026-03-19,2026-03-22,1,"quantile",0.025,83282.49
"1738","DE","05-14",2026-03-19,2026-03-22,1,"quantile",0.1,100373.69
"1739","DE","05-14",2026-03-19,2026-03-22,1,"quantile",0.25,117738.925
"1740","DE","05-14",2026-03-19,2026-03-22,1,"quantile",0.5,139217.2
"1741","DE","05-14",2026-03-19,2026-03-22,1,"quantile",0.75,163286.25
"1742","DE","05-14",2026-03-19,2026-03-22,1,"quantile",0.9,187125.88
"1743","DE","05-14",2026-03-19,2026-03-22,1,"quantile",0.975,216297.38750000004
"1744","DE","05-14",2026-03-19,2026-03-29,2,"quantile",0.025,78021.6
"1745","DE","05-14",2026-03-19,2026-03-29,2,"quantile",0.1,95063.63
"1746","DE","05-14",2026-03-19,2026-03-29,2,"quantile",0.25,112549.975
"1747","DE","05-14",2026-03-19,2026-03-29,2,"quantile",0.5,134233.05
"1748","DE","05-14",2026-03-19,2026-03-29,2,"quantile",0.75,158583.925
"1749","DE","05-14",2026-03-19,2026-03-29,2,"quantile",0.9,182975.79
"1750","DE","05-14",2026-03-19,2026-03-29,2,"quantile",0.975,213087.21500000003
"1751","DE","05-14",2026-03-19,2026-04-05,3,"quantile",0.025,69985.485
"1752","DE","05-14",2026-03-19,2026-04-05,3,"quantile",0.1,86471.49
"1753","DE","05-14",2026-03-19,2026-04-05,3,"quantile",0.25,103295.65
"1754","DE","05-14",2026-03-19,2026-04-05,3,"quantile",0.5,124432.6
"1755","DE","05-14",2026-03-19,2026-04-05,3,"quantile",0.75,148385.725
"1756","DE","05-14",2026-03-19,2026-04-05,3,"quantile",0.9,172443.97
"1757","DE","05-14",2026-03-19,2026-04-05,3,"quantile",0.975,201717.4725
"1758","DE","05-14",2026-03-19,2026-04-12,4,"quantile",0.025,57464.74250000001
"1759","DE","05-14",2026-03-19,2026-04-12,4,"quantile",0.1,73984.66
"1760","DE","05-14",2026-03-19,2026-04-12,4,"quantile",0.25,91313.85
"1761","DE","05-14",2026-03-19,2026-04-12,4,"quantile",0.5,113678.4
"1762","DE","05-14",2026-03-19,2026-04-12,4,"quantile",0.75,139475.35
"1763","DE","05-14",2026-03-19,2026-04-12,4,"quantile",0.9,165501.1
"1764","DE","05-14",2026-03-19,2026-04-12,4,"quantile",0.975,198345.87750000003
"1765","DE","15-34",2026-03-19,2026-03-22,1,"quantile",0.025,201720.28
"1766","DE","15-34",2026-03-19,2026-03-22,1,"quantile",0.1,233177.34
"1767","DE","15-34",2026-03-19,2026-03-22,1,"quantile",0.25,264142.75
"1768","DE","15-34",2026-03-19,2026-03-22,1,"quantile",0.5,302038.9
"1769","DE","15-34",2026-03-19,2026-03-22,1,"quantile",0.75,343353.4
"1770","DE","15-34",2026-03-19,2026-03-22,1,"quantile",0.9,383515.07
"1771","DE","15-34",2026-03-19,2026-03-22,1,"quantile",0.975,432078.6525
"1772","DE","15-34",2026-03-19,2026-03-29,2,"quantile",0.025,187859.26
"1773","DE","15-34",2026-03-19,2026-03-29,2,"quantile",0.1,219304.89
"1774","DE","15-34",2026-03-19,2026-03-29,2,"quantile",0.25,250048.75
"1775","DE","15-34",2026-03-19,2026-03-29,2,"quantile",0.5,287945.05
"1776","DE","15-34",2026-03-19,2026-03-29,2,"quantile",0.75,329472.45
"1777","DE","15-34",2026-03-19,2026-03-29,2,"quantile",0.9,369744.15
"1778","DE","15-34",2026-03-19,2026-03-29,2,"quantile",0.975,419147.785
"1779","DE","15-34",2026-03-19,2026-04-05,3,"quantile",0.025,169110.635
"1780","DE","15-34",2026-03-19,2026-04-05,3,"quantile",0.1,199227.59
"1781","DE","15-34",2026-03-19,2026-04-05,3,"quantile",0.25,229012.75
"1782","DE","15-34",2026-03-19,2026-04-05,3,"quantile",0.5,265516.2
"1783","DE","15-34",2026-03-19,2026-04-05,3,"quantile",0.75,305777.175
"1784","DE","15-34",2026-03-19,2026-04-05,3,"quantile",0.9,345179.00999999995
"1785","DE","15-34",2026-03-19,2026-04-05,3,"quantile",0.975,392692.56250000006
"1786","DE","15-34",2026-03-19,2026-04-12,4,"quantile",0.025,142226.1525
"1787","DE","15-34",2026-03-19,2026-04-12,4,"quantile",0.1,172789.13999999998
"1788","DE","15-34",2026-03-19,2026-04-12,4,"quantile",0.25,203617.625
"1789","DE","15-34",2026-03-19,2026-04-12,4,"quantile",0.5,241971.5
"1790","DE","15-34",2026-03-19,2026-04-12,4,"quantile",0.75,284809.2
"1791","DE","15-34",2026-03-19,2026-04-12,4,"quantile",0.9,327318.75
"1792","DE","15-34",2026-03-19,2026-04-12,4,"quantile",0.975,379960.9175
"1793","DE","35-59",2026-03-19,2026-03-22,1,"quantile",0.025,236811.045
"1794","DE","35-59",2026-03-19,2026-03-22,1,"quantile",0.1,275100.03
"1795","DE","35-59",2026-03-19,2026-03-22,1,"quantile",0.25,312532.125
"1796","DE","35-59",2026-03-19,2026-03-22,1,"quantile",0.5,358325.7
"1797","DE","35-59",2026-03-19,2026-03-22,1,"quantile",0.75,408279.925
"1798","DE","35-59",2026-03-19,2026-03-22,1,"quantile",0.9,456994.41
"1799","DE","35-59",2026-03-19,2026-03-22,1,"quantile",0.975,516184.84
"1800","DE","35-59",2026-03-19,2026-03-29,2,"quantile",0.025,218787.09
"1801","DE","35-59",2026-03-19,2026-03-29,2,"quantile",0.1,255876.51
"1802","DE","35-59",2026-03-19,2026-03-29,2,"quantile",0.25,292643.75
"1803","DE","35-59",2026-03-19,2026-03-29,2,"quantile",0.5,337641.6
"1804","DE","35-59",2026-03-19,2026-03-29,2,"quantile",0.75,387440.975
"1805","DE","35-59",2026-03-19,2026-03-29,2,"quantile",0.9,435712.9199999999
"1806","DE","35-59",2026-03-19,2026-03-29,2,"quantile",0.975,494631.4900000001
"1807","DE","35-59",2026-03-19,2026-04-05,3,"quantile",0.025,194475.07
"1808","DE","35-59",2026-03-19,2026-04-05,3,"quantile",0.1,229756.95
"1809","DE","35-59",2026-03-19,2026-04-05,3,"quantile",0.25,264668.65
"1810","DE","35-59",2026-03-19,2026-04-05,3,"quantile",0.5,307903.55
"1811","DE","35-59",2026-03-19,2026-04-05,3,"quantile",0.75,355442.05
"1812","DE","35-59",2026-03-19,2026-04-05,3,"quantile",0.9,401964.98
"1813","DE","35-59",2026-03-19,2026-04-05,3,"quantile",0.975,459229.44000000006
"1814","DE","35-59",2026-03-19,2026-04-12,4,"quantile",0.025,163236.03
"1815","DE","35-59",2026-03-19,2026-04-12,4,"quantile",0.1,199218.4
"1816","DE","35-59",2026-03-19,2026-04-12,4,"quantile",0.25,235342.775
"1817","DE","35-59",2026-03-19,2026-04-12,4,"quantile",0.5,280597.05
"1818","DE","35-59",2026-03-19,2026-04-12,4,"quantile",0.75,331543.6
"1819","DE","35-59",2026-03-19,2026-04-12,4,"quantile",0.9,382269.51
"1820","DE","35-59",2026-03-19,2026-04-12,4,"quantile",0.975,444351.7825000001
"1821","DE","60+",2026-03-19,2026-03-22,1,"quantile",0.025,87869.3725
"1822","DE","60+",2026-03-19,2026-03-22,1,"quantile",0.1,101810.79
"1823","DE","60+",2026-03-19,2026-03-22,1,"quantile",0.25,115564.175
"1824","DE","60+",2026-03-19,2026-03-22,1,"quantile",0.5,132155.25
"1825","DE","60+",2026-03-19,2026-03-22,1,"quantile",0.75,150319.275
"1826","DE","60+",2026-03-19,2026-03-22,1,"quantile",0.9,168150.25
"1827","DE","60+",2026-03-19,2026-03-22,1,"quantile",0.975,189626.87000000005
"1828","DE","60+",2026-03-19,2026-03-29,2,"quantile",0.025,81701.72
"1829","DE","60+",2026-03-19,2026-03-29,2,"quantile",0.1,95288.13
"1830","DE","60+",2026-03-19,2026-03-29,2,"quantile",0.25,108668.275
"1831","DE","60+",2026-03-19,2026-03-29,2,"quantile",0.5,125053.95
"1832","DE","60+",2026-03-19,2026-03-29,2,"quantile",0.75,142944.275
"1833","DE","60+",2026-03-19,2026-03-29,2,"quantile",0.9,160443.88999999998
"1834","DE","60+",2026-03-19,2026-03-29,2,"quantile",0.975,181799.72500000003
"1835","DE","60+",2026-03-19,2026-04-05,3,"quantile",0.025,73482.72750000001
"1836","DE","60+",2026-03-19,2026-04-05,3,"quantile",0.1,86256.91
"1837","DE","60+",2026-03-19,2026-04-05,3,"quantile",0.25,99017.9
"1838","DE","60+",2026-03-19,2026-04-05,3,"quantile",0.5,114528.35
"1839","DE","60+",2026-03-19,2026-04-05,3,"quantile",0.75,131653.15
"1840","DE","60+",2026-03-19,2026-04-05,3,"quantile",0.9,148415.4
"1841","DE","60+",2026-03-19,2026-04-05,3,"quantile",0.975,168841.46750000003
"1842","DE","60+",2026-03-19,2026-04-12,4,"quantile",0.025,63926.5375
"1843","DE","60+",2026-03-19,2026-04-12,4,"quantile",0.1,76603.31
"1844","DE","60+",2026-03-19,2026-04-12,4,"quantile",0.25,89439.5
"1845","DE","60+",2026-03-19,2026-04-12,4,"quantile",0.5,105287.45
"1846","DE","60+",2026-03-19,2026-04-12,4,"quantile",0.75,122933.725
"1847","DE","60+",2026-03-19,2026-04-12,4,"quantile",0.9,140520.9
"1848","DE","60+",2026-03-19,2026-04-12,4,"quantile",0.975,161858.65500000003
"1849","DE","00+",2026-03-26,2026-03-29,1,"quantile",0.025,665678.0575
"1850","DE","00+",2026-03-26,2026-03-29,1,"quantile",0.1,764312.0
"1851","DE","00+",2026-03-26,2026-03-29,1,"quantile",0.25,860019.775
"1852","DE","00+",2026-03-26,2026-03-29,1,"quantile",0.5,975539.4
"1853","DE","00+",2026-03-26,2026-03-29,1,"quantile",0.75,1102369.15
"1854","DE","00+",2026-03-26,2026-03-29,1,"quantile",0.9,1225363.96
"1855","DE","00+",2026-03-26,2026-03-29,1,"quantile",0.975,1373174.3650000002
"1856","DE","00+",2026-03-26,2026-04-05,2,"quantile",0.025,603910.7024999999
"1857","DE","00+",2026-03-26,2026-04-05,2,"quantile",0.1,700814.01
"1858","DE","00+",2026-03-26,2026-04-05,2,"quantile",0.25,796475.45
"1859","DE","00+",2026-03-26,2026-04-05,2,"quantile",0.5,912230.45
"1860","DE","00+",2026-03-26,2026-04-05,2,"quantile",0.75,1039202.1
"1861","DE","00+",2026-03-26,2026-04-05,2,"quantile",0.9,1162521.12
"1862","DE","00+",2026-03-26,2026-04-05,2,"quantile",0.975,1312384.9400000002
"1863","DE","00+",2026-03-26,2026-04-12,3,"quantile",0.025,547809.3775000001
"1864","DE","00+",2026-03-26,2026-04-12,3,"quantile",0.1,641802.45
"1865","DE","00+",2026-03-26,2026-04-12,3,"quantile",0.25,735265.4
"1866","DE","00+",2026-03-26,2026-04-12,3,"quantile",0.5,848295.35
"1867","DE","00+",2026-03-26,2026-04-12,3,"quantile",0.75,973090.5
"1868","DE","00+",2026-03-26,2026-04-12,3,"quantile",0.9,1095834.43
"1869","DE","00+",2026-03-26,2026-04-12,3,"quantile",0.975,1245373.4600000002
"1870","DE","00+",2026-03-26,2026-04-19,4,"quantile",0.025,456705.1175
"1871","DE","00+",2026-03-26,2026-04-19,4,"quantile",0.1,554115.64
"1872","DE","00+",2026-03-26,2026-04-19,4,"quantile",0.25,652018.05
"1873","DE","00+",2026-03-26,2026-04-19,4,"quantile",0.5,774630.65
"1874","DE","00+",2026-03-26,2026-04-19,4,"quantile",0.75,911318.525
"1875","DE","00+",2026-03-26,2026-04-19,4,"quantile",0.9,1046687.92
"1876","DE","00+",2026-03-26,2026-04-19,4,"quantile",0.975,1214599.49
"1877","DE","00-04",2026-03-26,2026-03-29,1,"quantile",0.025,115426.5025
"1878","DE","00-04",2026-03-26,2026-03-29,1,"quantile",0.1,132617.2
"1879","DE","00-04",2026-03-26,2026-03-29,1,"quantile",0.25,149413.3
"1880","DE","00-04",2026-03-26,2026-03-29,1,"quantile",0.5,169603.45
"1881","DE","00-04",2026-03-26,2026-03-29,1,"quantile",0.75,191617.7
"1882","DE","00-04",2026-03-26,2026-03-29,1,"quantile",0.9,213066.67
"1883","DE","00-04",2026-03-26,2026-03-29,1,"quantile",0.975,239052.94250000003
"1884","DE","00-04",2026-03-26,2026-04-05,2,"quantile",0.025,105628.59
"1885","DE","00-04",2026-03-26,2026-04-05,2,"quantile",0.1,122638.98
"1886","DE","00-04",2026-03-26,2026-04-05,2,"quantile",0.25,139238.625
"1887","DE","00-04",2026-03-26,2026-04-05,2,"quantile",0.5,159508.2
"1888","DE","00-04",2026-03-26,2026-04-05,2,"quantile",0.75,181692.725
"1889","DE","00-04",2026-03-26,2026-04-05,2,"quantile",0.9,203429.07
"1890","DE","00-04",2026-03-26,2026-04-05,2,"quantile",0.975,229545.04000000004
"1891","DE","00-04",2026-03-26,2026-04-12,3,"quantile",0.025,96865.395
"1892","DE","00-04",2026-03-26,2026-04-12,3,"quantile",0.1,113339.41
"1893","DE","00-04",2026-03-26,2026-04-12,3,"quantile",0.25,129788.5
"1894","DE","00-04",2026-03-26,2026-04-12,3,"quantile",0.5,150030.4
"1895","DE","00-04",2026-03-26,2026-04-12,3,"quantile",0.75,172262.325
"1896","DE","00-04",2026-03-26,2026-04-12,3,"quantile",0.9,194140.77
"1897","DE","00-04",2026-03-26,2026-04-12,3,"quantile",0.975,220587.23750000005
"1898","DE","00-04",2026-03-26,2026-04-19,4,"quantile",0.025,81973.49250000001
"1899","DE","00-04",2026-03-26,2026-04-19,4,"quantile",0.1,99418.93
"1900","DE","00-04",2026-03-26,2026-04-19,4,"quantile",0.25,117037.45
"1901","DE","00-04",2026-03-26,2026-04-19,4,"quantile",0.5,139000.9
"1902","DE","00-04",2026-03-26,2026-04-19,4,"quantile",0.75,163584.1
"1903","DE","00-04",2026-03-26,2026-04-19,4,"quantile",0.9,188170.45
"1904","DE","00-04",2026-03-26,2026-04-19,4,"quantile",0.975,218270.3125000001
"1905","DE","05-14",2026-03-26,2026-03-29,1,"quantile",0.025,72810.78
"1906","DE","05-14",2026-03-26,2026-03-29,1,"quantile",0.1,87829.2
"1907","DE","05-14",2026-03-26,2026-03-29,1,"quantile",0.25,103072.35
"1908","DE","05-14",2026-03-26,2026-03-29,1,"quantile",0.5,122158.7
"1909","DE","05-14",2026-03-26,2026-03-29,1,"quantile",0.75,143306.625
"1910","DE","05-14",2026-03-26,2026-03-29,1,"quantile",0.9,164369.12
"1911","DE","05-14",2026-03-26,2026-03-29,1,"quantile",0.975,190395.995
"1912","DE","05-14",2026-03-26,2026-04-05,2,"quantile",0.025,65453.17
"1913","DE","05-14",2026-03-26,2026-04-05,2,"quantile",0.1,80320.15
"1914","DE","05-14",2026-03-26,2026-04-05,2,"quantile",0.25,95315.85
"1915","DE","05-14",2026-03-26,2026-04-05,2,"quantile",0.5,114249.9
"1916","DE","05-14",2026-03-26,2026-04-05,2,"quantile",0.75,135714.675
"1917","DE","05-14",2026-03-26,2026-04-05,2,"quantile",0.9,157148.48
"1918","DE","05-14",2026-03-26,2026-04-05,2,"quantile",0.975,183505.21500000003
"1919","DE","05-14",2026-03-26,2026-04-12,3,"quantile",0.025,60359.067500000005
"1920","DE","05-14",2026-03-26,2026-04-12,3,"quantile",0.1,75254.58
"1921","DE","05-14",2026-03-26,2026-04-12,3,"quantile",0.25,90358.375
"1922","DE","05-14",2026-03-26,2026-04-12,3,"quantile",0.5,109531.85
"1923","DE","05-14",2026-03-26,2026-04-12,3,"quantile",0.75,131310.9
"1924","DE","05-14",2026-03-26,2026-04-12,3,"quantile",0.9,153001.98
"1925","DE","05-14",2026-03-26,2026-04-12,3,"quantile",0.975,180148.7325
"1926","DE","05-14",2026-03-26,2026-04-19,4,"quantile",0.025,48788.475
"1927","DE","05-14",2026-03-26,2026-04-19,4,"quantile",0.1,63883.92
"1928","DE","05-14",2026-03-26,2026-04-19,4,"quantile",0.25,79804.075
"1929","DE","05-14",2026-03-26,2026-04-19,4,"quantile",0.5,100411.95
"1930","DE","05-14",2026-03-26,2026-04-19,4,"quantile",0.75,124459.05
"1931","DE","05-14",2026-03-26,2026-04-19,4,"quantile",0.9,149180.37999999998
"1932","DE","05-14",2026-03-26,2026-04-19,4,"quantile",0.975,180284.8925
"1933","DE","15-34",2026-03-26,2026-03-29,1,"quantile",0.025,168662.61000000002
"1934","DE","15-34",2026-03-26,2026-03-29,1,"quantile",0.1,195815.49
"1935","DE","15-34",2026-03-26,2026-03-29,1,"quantile",0.25,222375.125
"1936","DE","15-34",2026-03-26,2026-03-29,1,"quantile",0.5,254956.45
"1937","DE","15-34",2026-03-26,2026-03-29,1,"quantile",0.75,290381.3
"1938","DE","15-34",2026-03-26,2026-03-29,1,"quantile",0.9,325047.5
"1939","DE","15-34",2026-03-26,2026-03-29,1,"quantile",0.975,367028.6825
"1940","DE","15-34",2026-03-26,2026-04-05,2,"quantile",0.025,153844.89250000002
"1941","DE","15-34",2026-03-26,2026-04-05,2,"quantile",0.1,180587.47
"1942","DE","15-34",2026-03-26,2026-04-05,2,"quantile",0.25,207024.825
"1943","DE","15-34",2026-03-26,2026-04-05,2,"quantile",0.5,239372.65
"1944","DE","15-34",2026-03-26,2026-04-05,2,"quantile",0.75,274757.55
"1945","DE","15-34",2026-03-26,2026-04-05,2,"quantile",0.9,309567.0
"1946","DE","15-34",2026-03-26,2026-04-05,2,"quantile",0.975,352142.73750000005
"1947","DE","15-34",2026-03-26,2026-04-12,3,"quantile",0.025,141072.57749999998
"1948","DE","15-34",2026-03-26,2026-04-12,3,"quantile",0.1,167066.18
"1949","DE","15-34",2026-03-26,2026-04-12,3,"quantile",0.25,193306.55
"1950","DE","15-34",2026-03-26,2026-04-12,3,"quantile",0.5,225376.05
"1951","DE","15-34",2026-03-26,2026-04-12,3,"quantile",0.75,260940.375
"1952","DE","15-34",2026-03-26,2026-04-12,3,"quantile",0.9,296214.03
"1953","DE","15-34",2026-03-26,2026-04-12,3,"quantile",0.975,338930.55250000005
"1954","DE","15-34",2026-03-26,2026-04-19,4,"quantile",0.025,117465.3675
"1955","DE","15-34",2026-03-26,2026-04-19,4,"quantile",0.1,144710.87999999998
"1956","DE","15-34",2026-03-26,2026-04-19,4,"quantile",0.25,172098.875
"1957","DE","15-34",2026-03-26,2026-04-19,4,"quantile",0.5,206903.55
"1958","DE","15-34",2026-03-26,2026-04-19,4,"quantile",0.75,245721.1
"1959","DE","15-34",2026-03-26,2026-04-19,4,"quantile",0.9,285112.53
"1960","DE","15-34",2026-03-26,2026-04-19,4,"quantile",0.975,333681.7050000001
"1961","DE","35-59",2026-03-26,2026-03-29,1,"quantile",0.025,192329.2575
"1962","DE","35-59",2026-03-26,2026-03-29,1,"quantile",0.1,223782.91
"1963","DE","35-59",2026-03-26,2026-03-29,1,"quantile",0.25,254871.775
"1964","DE","35-59",2026-03-26,2026-03-29,1,"quantile",0.5,292698.0
"1965","DE","35-59",2026-03-26,2026-03-29,1,"quantile",0.75,334275.7
"1966","DE","35-59",2026-03-26,2026-03-29,1,"quantile",0.9,374823.43
"1967","DE","35-59",2026-03-26,2026-03-29,1,"quantile",0.975,424057.11750000005
"1968","DE","35-59",2026-03-26,2026-04-05,2,"quantile",0.025,173554.1975
"1969","DE","35-59",2026-03-26,2026-04-05,2,"quantile",0.1,204393.58
"1970","DE","35-59",2026-03-26,2026-04-05,2,"quantile",0.25,234863.275
"1971","DE","35-59",2026-03-26,2026-04-05,2,"quantile",0.5,272201.05
"1972","DE","35-59",2026-03-26,2026-04-05,2,"quantile",0.75,313397.95
"1973","DE","35-59",2026-03-26,2026-04-05,2,"quantile",0.9,353812.25999999995
"1974","DE","35-59",2026-03-26,2026-04-05,2,"quantile",0.975,403028.62
"1975","DE","35-59",2026-03-26,2026-04-12,3,"quantile",0.025,156538.6375
"1976","DE","35-59",2026-03-26,2026-04-12,3,"quantile",0.1,186048.54
"1977","DE","35-59",2026-03-26,2026-04-12,3,"quantile",0.25,215788.0
"1978","DE","35-59",2026-03-26,2026-04-12,3,"quantile",0.5,252392.7
"1979","DE","35-59",2026-03-26,2026-04-12,3,"quantile",0.75,292786.45
"1980","DE","35-59",2026-03-26,2026-04-12,3,"quantile",0.9,332923.11
"1981","DE","35-59",2026-03-26,2026-04-12,3,"quantile",0.975,382079.3075
"1982","DE","35-59",2026-03-26,2026-04-19,4,"quantile",0.025,130069.475
"1983","DE","35-59",2026-03-26,2026-04-19,4,"quantile",0.1,160154.34
"1984","DE","35-59",2026-03-26,2026-04-19,4,"quantile",0.25,191255.325
"1985","DE","35-59",2026-03-26,2026-04-19,4,"quantile",0.5,230164.15
"1986","DE","35-59",2026-03-26,2026-04-19,4,"quantile",0.75,274075.125
"1987","DE","35-59",2026-03-26,2026-04-19,4,"quantile",0.9,317773.27
"1988","DE","35-59",2026-03-26,2026-04-19,4,"quantile",0.975,371890.00750000007
"1989","DE","60+",2026-03-26,2026-03-29,1,"quantile",0.025,75990.95999999999
"1990","DE","60+",2026-03-26,2026-03-29,1,"quantile",0.1,88053.78
"1991","DE","60+",2026-03-26,2026-03-29,1,"quantile",0.25,99994.175
"1992","DE","60+",2026-03-26,2026-03-29,1,"quantile",0.5,114597.55
"1993","DE","60+",2026-03-26,2026-03-29,1,"quantile",0.75,130420.225
"1994","DE","60+",2026-03-26,2026-03-29,1,"quantile",0.9,145966.76
"1995","DE","60+",2026-03-26,2026-03-29,1,"quantile",0.975,164655.25500000003
"1996","DE","60+",2026-03-26,2026-04-05,2,"quantile",0.025,70563.7175
"1997","DE","60+",2026-03-26,2026-04-05,2,"quantile",0.1,82469.87
"1998","DE","60+",2026-03-26,2026-04-05,2,"quantile",0.25,94171.15
"1999","DE","60+",2026-03-26,2026-04-05,2,"quantile",0.5,108387.7
"2000","DE","60+",2026-03-26,2026-04-05,2,"quantile",0.75,124136.575
"2001","DE","60+",2026-03-26,2026-04-05,2,"quantile",0.9,139511.95
"2002","DE","60+",2026-03-26,2026-04-05,2,"quantile",0.975,158212.39
"2003","DE","60+",2026-03-26,2026-04-12,3,"quantile",0.025,64185.8375
"2004","DE","60+",2026-03-26,2026-04-12,3,"quantile",0.1,75504.6
"2005","DE","60+",2026-03-26,2026-04-12,3,"quantile",0.25,86849.45
"2006","DE","60+",2026-03-26,2026-04-12,3,"quantile",0.5,100669.05
"2007","DE","60+",2026-03-26,2026-04-12,3,"quantile",0.75,115928.525
"2008","DE","60+",2026-03-26,2026-04-12,3,"quantile",0.9,130748.87
"2009","DE","60+",2026-03-26,2026-04-12,3,"quantile",0.975,149081.17500000002
"2010","DE","60+",2026-03-26,2026-04-19,4,"quantile",0.025,56304.155000000006
"2011","DE","60+",2026-03-26,2026-04-19,4,"quantile",0.1,67626.36
"2012","DE","60+",2026-03-26,2026-04-19,4,"quantile",0.25,79118.175
"2013","DE","60+",2026-03-26,2026-04-19,4,"quantile",0.5,93396.55
"2014","DE","60+",2026-03-26,2026-04-19,4,"quantile",0.75,109411.4
"2015","DE","60+",2026-03-26,2026-04-19,4,"quantile",0.9,125183.6
"2016","DE","60+",2026-03-26,2026-04-19,4,"quantile",0.975,144563.46750000003
