"","location","age_group","forecast_date","target_end_date","horizon","type","quantile","value"
"1","DE","00+",2025-11-27,2025-11-30,1,"quantile",0.025,619610.0
"2","DE","00+",2025-11-27,2025-11-30,1,"quantile",0.1,766820.0
"3","DE","00+",2025-11-27,2025-11-30,1,"quantile",0.25,917670.0
"4","DE","00+",2025-11-27,2025-11-30,1,"quantile",0.5,1107760.0
"5","DE","00+",2025-11-27,2025-11-30,1,"quantile",0.75,1322790.0
"6","DE","00+",2025-11-27,2025-11-30,1,"quantile",0.9,1538730.0
"7","DE","00+",2025-11-27,2025-11-30,1,"quantile",0.975,1806390.0
"8","DE","00+",2025-11-27,2025-12-07,2,"quantile",0.025,550260.0
"9","DE","00+",2025-11-27,2025-12-07,2,"quantile",0.1,713290.0
"10","DE","00+",2025-11-27,2025-12-07,2,"quantile",0.25,885310.0
"11","DE","00+",2025-11-27,2025-12-07,2,"quantile",0.5,1107520.0
"12","DE","00+",2025-11-27,2025-12-07,2,"quantile",0.75,1364500.0
"13","DE","00+",2025-11-27,2025-12-07,2,"quantile",0.9,1627190.0
"14","DE","00+",2025-11-27,2025-12-07,2,"quantile",0.975,1957710.0
"15","DE","00+",2025-11-27,2025-12-14,3,"quantile",0.025,494720.0
"16","DE","00+",2025-11-27,2025-12-14,3,"quantile",0.1,668600.0
"17","DE","00+",2025-11-27,2025-12-14,3,"quantile",0.25,856990.0
"18","DE","00+",2025-11-27,2025-12-14,3,"quantile",0.5,1105750.0
"19","DE","00+",2025-11-27,2025-12-14,3,"quantile",0.75,1398970.0
"20","DE","00+",2025-11-27,2025-12-14,3,"quantile",0.9,1703240.0
"21","DE","00+",2025-11-27,2025-12-14,3,"quantile",0.975,2090900.0
"22","DE","00+",2025-11-27,2025-12-21,4,"quantile",0.025,448710.0
"23","DE","00+",2025-11-27,2025-12-21,4,"quantile",0.1,630110.0
"24","DE","00+",2025-11-27,2025-12-21,4,"quantile",0.25,831500.0
"25","DE","00+",2025-11-27,2025-12-21,4,"quantile",0.5,1102740.0
"26","DE","00+",2025-11-27,2025-12-21,4,"quantile",0.75,1427930.0
"27","DE","00+",2025-11-27,2025-12-21,4,"quantile",0.9,1769790.0
"28","DE","00+",2025-11-27,2025-12-21,4,"quantile",0.975,2210030.0
"29","DE","00-04",2025-11-27,2025-11-30,1,"quantile",0.025,63900.0
"30","DE","00-04",2025-11-27,2025-11-30,1,"quantile",0.1,85860.0
"31","DE","00-04",2025-11-27,2025-11-30,1,"quantile",0.25,109570.0
"32","DE","00-04",2025-11-27,2025-11-30,1,"quantile",0.5,140770.0
"33","DE","00-04",2025-11-27,2025-11-30,1,"quantile",0.75,177470.0
"34","DE","00-04",2025-11-27,2025-11-30,1,"quantile",0.9,215470.0
"35","DE","00-04",2025-11-27,2025-11-30,1,"quantile",0.975,263820.0
"36","DE","00-04",2025-11-27,2025-12-07,2,"quantile",0.025,52910.0
"37","DE","00-04",2025-11-27,2025-12-07,2,"quantile",0.1,77040.0
"38","DE","00-04",2025-11-27,2025-12-07,2,"quantile",0.25,104450.0
"39","DE","00-04",2025-11-27,2025-12-07,2,"quantile",0.5,142070.0
"40","DE","00-04",2025-11-27,2025-12-07,2,"quantile",0.75,187880.0
"41","DE","00-04",2025-11-27,2025-12-07,2,"quantile",0.9,236610.0
"42","DE","00-04",2025-11-27,2025-12-07,2,"quantile",0.975,299970.0
"43","DE","00-04",2025-11-27,2025-12-14,3,"quantile",0.025,43940.0
"44","DE","00-04",2025-11-27,2025-12-14,3,"quantile",0.1,69280.0
"45","DE","00-04",2025-11-27,2025-12-14,3,"quantile",0.25,99560.0
"46","DE","00-04",2025-11-27,2025-12-14,3,"quantile",0.5,142800.0
"47","DE","00-04",2025-11-27,2025-12-14,3,"quantile",0.75,197190.0
"48","DE","00-04",2025-11-27,2025-12-14,3,"quantile",0.9,256450.0
"49","DE","00-04",2025-11-27,2025-12-14,3,"quantile",0.975,334980.0
"50","DE","00-04",2025-11-27,2025-12-21,4,"quantile",0.025,36370.0
"51","DE","00-04",2025-11-27,2025-12-21,4,"quantile",0.1,62160.0
"52","DE","00-04",2025-11-27,2025-12-21,4,"quantile",0.25,94650.0
"53","DE","00-04",2025-11-27,2025-12-21,4,"quantile",0.5,142910.0
"54","DE","00-04",2025-11-27,2025-12-21,4,"quantile",0.75,205510.0
"55","DE","00-04",2025-11-27,2025-12-21,4,"quantile",0.9,275240.0
"56","DE","00-04",2025-11-27,2025-12-21,4,"quantile",0.975,369230.0
"57","DE","05-14",2025-11-27,2025-11-30,1,"quantile",0.025,48030.0
"58","DE","05-14",2025-11-27,2025-11-30,1,"quantile",0.1,66400.0
"59","DE","05-14",2025-11-27,2025-11-30,1,"quantile",0.25,86600.0
"60","DE","05-14",2025-11-27,2025-11-30,1,"quantile",0.5,113590.0
"61","DE","05-14",2025-11-27,2025-11-30,1,"quantile",0.75,145730.0
"62","DE","05-14",2025-11-27,2025-11-30,1,"quantile",0.9,179350.0
"63","DE","05-14",2025-11-27,2025-11-30,1,"quantile",0.975,222470.0
"64","DE","05-14",2025-11-27,2025-12-07,2,"quantile",0.025,38910.0
"65","DE","05-14",2025-11-27,2025-12-07,2,"quantile",0.1,58980.0
"66","DE","05-14",2025-11-27,2025-12-07,2,"quantile",0.25,82370.0
"67","DE","05-14",2025-11-27,2025-12-07,2,"quantile",0.5,115130.0
"68","DE","05-14",2025-11-27,2025-12-07,2,"quantile",0.75,155700.0
"69","DE","05-14",2025-11-27,2025-12-07,2,"quantile",0.9,199390.0
"70","DE","05-14",2025-11-27,2025-12-07,2,"quantile",0.975,256770.0
"71","DE","05-14",2025-11-27,2025-12-14,3,"quantile",0.025,31540.0
"72","DE","05-14",2025-11-27,2025-12-14,3,"quantile",0.1,52440.0
"73","DE","05-14",2025-11-27,2025-12-14,3,"quantile",0.25,78290.0
"74","DE","05-14",2025-11-27,2025-12-14,3,"quantile",0.5,116180.0
"75","DE","05-14",2025-11-27,2025-12-14,3,"quantile",0.75,164820.0
"76","DE","05-14",2025-11-27,2025-12-14,3,"quantile",0.9,218610.0
"77","DE","05-14",2025-11-27,2025-12-14,3,"quantile",0.975,290710.0
"78","DE","05-14",2025-11-27,2025-12-21,4,"quantile",0.025,25380.0
"79","DE","05-14",2025-11-27,2025-12-21,4,"quantile",0.1,46430.0
"80","DE","05-14",2025-11-27,2025-12-21,4,"quantile",0.25,74130.0
"81","DE","05-14",2025-11-27,2025-12-21,4,"quantile",0.5,116640.0
"82","DE","05-14",2025-11-27,2025-12-21,4,"quantile",0.75,173160.0
"83","DE","05-14",2025-11-27,2025-12-21,4,"quantile",0.9,237220.0
"84","DE","05-14",2025-11-27,2025-12-21,4,"quantile",0.975,324680.0
"85","DE","15-34",2025-11-27,2025-11-30,1,"quantile",0.025,180490.0
"86","DE","15-34",2025-11-27,2025-11-30,1,"quantile",0.1,230880.0
"87","DE","15-34",2025-11-27,2025-11-30,1,"quantile",0.25,283600.0
"88","DE","15-34",2025-11-27,2025-11-30,1,"quantile",0.5,351220.0
"89","DE","15-34",2025-11-27,2025-11-30,1,"quantile",0.75,428950.0
"90","DE","15-34",2025-11-27,2025-11-30,1,"quantile",0.9,508030.0
"91","DE","15-34",2025-11-27,2025-11-30,1,"quantile",0.975,607140.0
"92","DE","15-34",2025-11-27,2025-12-07,2,"quantile",0.025,155160.0
"93","DE","15-34",2025-11-27,2025-12-07,2,"quantile",0.1,211170.0
"94","DE","15-34",2025-11-27,2025-12-07,2,"quantile",0.25,272120.0
"95","DE","15-34",2025-11-27,2025-12-07,2,"quantile",0.5,352910.0
"96","DE","15-34",2025-11-27,2025-12-07,2,"quantile",0.75,448460.0
"97","DE","15-34",2025-11-27,2025-12-07,2,"quantile",0.9,547860.0
"98","DE","15-34",2025-11-27,2025-12-07,2,"quantile",0.975,674800.0
"99","DE","15-34",2025-11-27,2025-12-14,3,"quantile",0.025,134180.0
"100","DE","15-34",2025-11-27,2025-12-14,3,"quantile",0.1,193840.0
"101","DE","15-34",2025-11-27,2025-12-14,3,"quantile",0.25,261280.0
"102","DE","15-34",2025-11-27,2025-12-14,3,"quantile",0.5,353460.0
"103","DE","15-34",2025-11-27,2025-12-14,3,"quantile",0.75,465340.0
"104","DE","15-34",2025-11-27,2025-12-14,3,"quantile",0.9,584060.0
"105","DE","15-34",2025-11-27,2025-12-14,3,"quantile",0.975,738140.0
"106","DE","15-34",2025-11-27,2025-12-21,4,"quantile",0.025,116090.0
"107","DE","15-34",2025-11-27,2025-12-21,4,"quantile",0.1,177910.0
"108","DE","15-34",2025-11-27,2025-12-21,4,"quantile",0.25,250480.0
"109","DE","15-34",2025-11-27,2025-12-21,4,"quantile",0.5,352660.0
"110","DE","15-34",2025-11-27,2025-12-21,4,"quantile",0.75,479750.0
"111","DE","15-34",2025-11-27,2025-12-21,4,"quantile",0.9,617070.0
"112","DE","15-34",2025-11-27,2025-12-21,4,"quantile",0.975,797900.0
"113","DE","35-59",2025-11-27,2025-11-30,1,"quantile",0.025,198620.0
"114","DE","35-59",2025-11-27,2025-11-30,1,"quantile",0.1,259150.0
"115","DE","35-59",2025-11-27,2025-11-30,1,"quantile",0.25,323280.0
"116","DE","35-59",2025-11-27,2025-11-30,1,"quantile",0.5,406420.0
"117","DE","35-59",2025-11-27,2025-11-30,1,"quantile",0.75,502870.0
"118","DE","35-59",2025-11-27,2025-11-30,1,"quantile",0.9,601720.0
"119","DE","35-59",2025-11-27,2025-11-30,1,"quantile",0.975,726380.0
"120","DE","35-59",2025-11-27,2025-12-07,2,"quantile",0.025,168590.0
"121","DE","35-59",2025-11-27,2025-12-07,2,"quantile",0.1,235810.0
"122","DE","35-59",2025-11-27,2025-12-07,2,"quantile",0.25,310260.0
"123","DE","35-59",2025-11-27,2025-12-07,2,"quantile",0.5,410340.0
"124","DE","35-59",2025-11-27,2025-12-07,2,"quantile",0.75,530140.0
"125","DE","35-59",2025-11-27,2025-12-07,2,"quantile",0.9,655940.0
"126","DE","35-59",2025-11-27,2025-12-07,2,"quantile",0.975,817810.0
"127","DE","35-59",2025-11-27,2025-12-14,3,"quantile",0.025,143730.0
"128","DE","35-59",2025-11-27,2025-12-14,3,"quantile",0.1,215090.0
"129","DE","35-59",2025-11-27,2025-12-14,3,"quantile",0.25,297590.0
"130","DE","35-59",2025-11-27,2025-12-14,3,"quantile",0.5,412370.0
"131","DE","35-59",2025-11-27,2025-12-14,3,"quantile",0.75,553750.0
"132","DE","35-59",2025-11-27,2025-12-14,3,"quantile",0.9,705430.0
"133","DE","35-59",2025-11-27,2025-12-14,3,"quantile",0.975,904020.0
"134","DE","35-59",2025-11-27,2025-12-21,4,"quantile",0.025,122280.0
"135","DE","35-59",2025-11-27,2025-12-21,4,"quantile",0.1,195750.0
"136","DE","35-59",2025-11-27,2025-12-21,4,"quantile",0.25,284470.0
"137","DE","35-59",2025-11-27,2025-12-21,4,"quantile",0.5,412100.0
"138","DE","35-59",2025-11-27,2025-12-21,4,"quantile",0.75,573610.0
"139","DE","35-59",2025-11-27,2025-12-21,4,"quantile",0.9,750350.0
"140","DE","35-59",2025-11-27,2025-12-21,4,"quantile",0.975,985360.0
"141","DE","60+",2025-11-27,2025-11-30,1,"quantile",0.025,65400.0
"142","DE","60+",2025-11-27,2025-11-30,1,"quantile",0.1,86980.0
"143","DE","60+",2025-11-27,2025-11-30,1,"quantile",0.25,110120.0
"144","DE","60+",2025-11-27,2025-11-30,1,"quantile",0.5,140420.0
"145","DE","60+",2025-11-27,2025-11-30,1,"quantile",0.75,175890.0
"146","DE","60+",2025-11-27,2025-11-30,1,"quantile",0.9,212480.0
"147","DE","60+",2025-11-27,2025-11-30,1,"quantile",0.975,258890.0
"148","DE","60+",2025-11-27,2025-12-07,2,"quantile",0.025,54910.0
"149","DE","60+",2025-11-27,2025-12-07,2,"quantile",0.1,78910.0
"150","DE","60+",2025-11-27,2025-12-07,2,"quantile",0.25,105950.0
"151","DE","60+",2025-11-27,2025-12-07,2,"quantile",0.5,142810.0
"152","DE","60+",2025-11-27,2025-12-07,2,"quantile",0.75,187440.0
"153","DE","60+",2025-11-27,2025-12-07,2,"quantile",0.9,234720.0
"154","DE","60+",2025-11-27,2025-12-07,2,"quantile",0.975,296000.0
"155","DE","60+",2025-11-27,2025-12-14,3,"quantile",0.025,46190.0
"156","DE","60+",2025-11-27,2025-12-14,3,"quantile",0.1,71630.0
"157","DE","60+",2025-11-27,2025-12-14,3,"quantile",0.25,101720.0
"158","DE","60+",2025-11-27,2025-12-14,3,"quantile",0.5,144340.0
"159","DE","60+",2025-11-27,2025-12-14,3,"quantile",0.75,197600.0
"160","DE","60+",2025-11-27,2025-12-14,3,"quantile",0.9,255350.0
"161","DE","60+",2025-11-27,2025-12-14,3,"quantile",0.975,331590.0
"162","DE","60+",2025-11-27,2025-12-21,4,"quantile",0.025,38700.0
"163","DE","60+",2025-11-27,2025-12-21,4,"quantile",0.1,64810.0
"164","DE","60+",2025-11-27,2025-12-21,4,"quantile",0.25,97270.0
"165","DE","60+",2025-11-27,2025-12-21,4,"quantile",0.5,144990.0
"166","DE","60+",2025-11-27,2025-12-21,4,"quantile",0.75,206430.0
"167","DE","60+",2025-11-27,2025-12-21,4,"quantile",0.9,274490.0
"168","DE","60+",2025-11-27,2025-12-21,4,"quantile",0.975,365860.0
"169","DE","00+",2025-12-11,2025-12-14,1,"quantile",0.025,723850.0
"170","DE","00+",2025-12-11,2025-12-14,1,"quantile",0.1,894670.0
"171","DE","00+",2025-12-11,2025-12-14,1,"quantile",0.25,1069630.0
"172","DE","00+",2025-12-11,2025-12-14,1,"quantile",0.5,1290030.0
"173","DE","00+",2025-12-11,2025-12-14,1,"quantile",0.75,1539360.0
"174","DE","00+",2025-12-11,2025-12-14,1,"quantile",0.9,1789870.0
"175","DE","00+",2025-12-11,2025-12-14,1,"quantile",0.975,2100720.0
"176","DE","00+",2025-12-11,2025-12-21,2,"quantile",0.025,646740.0
"177","DE","00+",2025-12-11,2025-12-21,2,"quantile",0.1,834690.0
"178","DE","00+",2025-12-11,2025-12-21,2,"quantile",0.25,1032500.0
"179","DE","00+",2025-12-11,2025-12-21,2,"quantile",0.5,1287490.0
"180","DE","00+",2025-12-11,2025-12-21,2,"quantile",0.75,1581930.0
"181","DE","00+",2025-12-11,2025-12-21,2,"quantile",0.9,1882610.0
"182","DE","00+",2025-12-11,2025-12-21,2,"quantile",0.975,2260840.0
"183","DE","00+",2025-12-11,2025-12-28,3,"quantile",0.025,584950.0
"184","DE","00+",2025-12-11,2025-12-28,3,"quantile",0.1,784640.0
"185","DE","00+",2025-12-11,2025-12-28,3,"quantile",0.25,1000000.0
"186","DE","00+",2025-12-11,2025-12-28,3,"quantile",0.5,1283310.0
"187","DE","00+",2025-12-11,2025-12-28,3,"quantile",0.75,1616270.0
"188","DE","00+",2025-12-11,2025-12-28,3,"quantile",0.9,1961040.0
"189","DE","00+",2025-12-11,2025-12-28,3,"quantile",0.975,2399720.0
"190","DE","00+",2025-12-11,2026-01-04,4,"quantile",0.025,532620.0
"191","DE","00+",2025-12-11,2026-01-04,4,"quantile",0.1,740490.0
"192","DE","00+",2025-12-11,2026-01-04,4,"quantile",0.25,969830.0
"193","DE","00+",2025-12-11,2026-01-04,4,"quantile",0.5,1277190.0
"194","DE","00+",2025-12-11,2026-01-04,4,"quantile",0.75,1644190.0
"195","DE","00+",2025-12-11,2026-01-04,4,"quantile",0.9,2028890.0
"196","DE","00+",2025-12-11,2026-01-04,4,"quantile",0.975,2523280.0
"197","DE","00-04",2025-12-11,2025-12-14,1,"quantile",0.025,76540.0
"198","DE","00-04",2025-12-11,2025-12-14,1,"quantile",0.1,102820.0
"199","DE","00-04",2025-12-11,2025-12-14,1,"quantile",0.25,131190.0
"200","DE","00-04",2025-12-11,2025-12-14,1,"quantile",0.5,168560.0
"201","DE","00-04",2025-12-11,2025-12-14,1,"quantile",0.75,212510.0
"202","DE","00-04",2025-12-11,2025-12-14,1,"quantile",0.9,258070.0
"203","DE","00-04",2025-12-11,2025-12-14,1,"quantile",0.975,316110.0
"204","DE","00-04",2025-12-11,2025-12-21,2,"quantile",0.025,63180.0
"205","DE","00-04",2025-12-11,2025-12-21,2,"quantile",0.1,91910.0
"206","DE","00-04",2025-12-11,2025-12-21,2,"quantile",0.25,124550.0
"207","DE","00-04",2025-12-11,2025-12-21,2,"quantile",0.5,169310.0
"208","DE","00-04",2025-12-11,2025-12-21,2,"quantile",0.75,223830.0
"209","DE","00-04",2025-12-11,2025-12-21,2,"quantile",0.9,281850.0
"210","DE","00-04",2025-12-11,2025-12-21,2,"quantile",0.975,357350.0
"211","DE","00-04",2025-12-11,2025-12-28,3,"quantile",0.025,52290.0
"212","DE","00-04",2025-12-11,2025-12-28,3,"quantile",0.1,82310.0
"213","DE","00-04",2025-12-11,2025-12-28,3,"quantile",0.25,118160.0
"214","DE","00-04",2025-12-11,2025-12-28,3,"quantile",0.5,169320.0
"215","DE","00-04",2025-12-11,2025-12-28,3,"quantile",0.75,233640.0
"216","DE","00-04",2025-12-11,2025-12-28,3,"quantile",0.9,303740.0
"217","DE","00-04",2025-12-11,2025-12-28,3,"quantile",0.975,396660.0
"218","DE","00-04",2025-12-11,2026-01-04,4,"quantile",0.025,43140.0
"219","DE","00-04",2025-12-11,2026-01-04,4,"quantile",0.1,73560.0
"220","DE","00-04",2025-12-11,2026-01-04,4,"quantile",0.25,111820.0
"221","DE","00-04",2025-12-11,2026-01-04,4,"quantile",0.5,168580.0
"222","DE","00-04",2025-12-11,2026-01-04,4,"quantile",0.75,242180.0
"223","DE","00-04",2025-12-11,2026-01-04,4,"quantile",0.9,324140.0
"224","DE","00-04",2025-12-11,2026-01-04,4,"quantile",0.975,434650.0
"225","DE","05-14",2025-12-11,2025-12-14,1,"quantile",0.025,67220.0
"226","DE","05-14",2025-12-11,2025-12-14,1,"quantile",0.1,92920.0
"227","DE","05-14",2025-12-11,2025-12-14,1,"quantile",0.25,121170.0
"228","DE","05-14",2025-12-11,2025-12-14,1,"quantile",0.5,158930.0
"229","DE","05-14",2025-12-11,2025-12-14,1,"quantile",0.75,203930.0
"230","DE","05-14",2025-12-11,2025-12-14,1,"quantile",0.9,251030.0
"231","DE","05-14",2025-12-11,2025-12-14,1,"quantile",0.975,311510.0
"232","DE","05-14",2025-12-11,2025-12-21,2,"quantile",0.025,54300.0
"233","DE","05-14",2025-12-11,2025-12-21,2,"quantile",0.1,82250.0
"234","DE","05-14",2025-12-11,2025-12-21,2,"quantile",0.25,114820.0
"235","DE","05-14",2025-12-11,2025-12-21,2,"quantile",0.5,160430.0
"236","DE","05-14",2025-12-11,2025-12-21,2,"quantile",0.75,216910.0
"237","DE","05-14",2025-12-11,2025-12-21,2,"quantile",0.9,277770.0
"238","DE","05-14",2025-12-11,2025-12-21,2,"quantile",0.975,357760.0
"239","DE","05-14",2025-12-11,2025-12-28,3,"quantile",0.025,43880.0
"240","DE","05-14",2025-12-11,2025-12-28,3,"quantile",0.1,72860.0
"241","DE","05-14",2025-12-11,2025-12-28,3,"quantile",0.25,108690.0
"242","DE","05-14",2025-12-11,2025-12-28,3,"quantile",0.5,161180.0
"243","DE","05-14",2025-12-11,2025-12-28,3,"quantile",0.75,228560.0
"244","DE","05-14",2025-12-11,2025-12-28,3,"quantile",0.9,303090.0
"245","DE","05-14",2025-12-11,2025-12-28,3,"quantile",0.975,403030.0
"246","DE","05-14",2025-12-11,2026-01-04,4,"quantile",0.025,35240.0
"247","DE","05-14",2025-12-11,2026-01-04,4,"quantile",0.1,64340.0
"248","DE","05-14",2025-12-11,2026-01-04,4,"quantile",0.25,102580.0
"249","DE","05-14",2025-12-11,2026-01-04,4,"quantile",0.5,161210.0
"250","DE","05-14",2025-12-11,2026-01-04,4,"quantile",0.75,239140.0
"251","DE","05-14",2025-12-11,2026-01-04,4,"quantile",0.9,327440.0
"252","DE","05-14",2025-12-11,2026-01-04,4,"quantile",0.975,448060.0
"253","DE","15-34",2025-12-11,2025-12-14,1,"quantile",0.025,207220.0
"254","DE","15-34",2025-12-11,2025-12-14,1,"quantile",0.1,265040.0
"255","DE","15-34",2025-12-11,2025-12-14,1,"quantile",0.25,325550.0
"256","DE","15-34",2025-12-11,2025-12-14,1,"quantile",0.5,403200.0
"257","DE","15-34",2025-12-11,2025-12-14,1,"quantile",0.75,492520.0
"258","DE","15-34",2025-12-11,2025-12-14,1,"quantile",0.9,583480.0
"259","DE","15-34",2025-12-11,2025-12-14,1,"quantile",0.975,697650.0
"260","DE","15-34",2025-12-11,2025-12-21,2,"quantile",0.025,177600.0
"261","DE","15-34",2025-12-11,2025-12-21,2,"quantile",0.1,241520.0
"262","DE","15-34",2025-12-11,2025-12-21,2,"quantile",0.25,311060.0
"263","DE","15-34",2025-12-11,2025-12-21,2,"quantile",0.5,403220.0
"264","DE","15-34",2025-12-11,2025-12-21,2,"quantile",0.75,512230.0
"265","DE","15-34",2025-12-11,2025-12-21,2,"quantile",0.9,625710.0
"266","DE","15-34",2025-12-11,2025-12-21,2,"quantile",0.975,770760.0
"267","DE","15-34",2025-12-11,2025-12-28,3,"quantile",0.025,153020.0
"268","DE","15-34",2025-12-11,2025-12-28,3,"quantile",0.1,220730.0
"269","DE","15-34",2025-12-11,2025-12-28,3,"quantile",0.25,297220.0
"270","DE","15-34",2025-12-11,2025-12-28,3,"quantile",0.5,401700.0
"271","DE","15-34",2025-12-11,2025-12-28,3,"quantile",0.75,528490.0
"272","DE","15-34",2025-12-11,2025-12-28,3,"quantile",0.9,663070.0
"273","DE","15-34",2025-12-11,2025-12-28,3,"quantile",0.975,837830.0
"274","DE","15-34",2025-12-11,2026-01-04,4,"quantile",0.025,131860.0
"275","DE","15-34",2025-12-11,2026-01-04,4,"quantile",0.1,201640.0
"276","DE","15-34",2025-12-11,2026-01-04,4,"quantile",0.25,283480.0
"277","DE","15-34",2025-12-11,2026-01-04,4,"quantile",0.5,398600.0
"278","DE","15-34",2025-12-11,2026-01-04,4,"quantile",0.75,541710.0
"279","DE","15-34",2025-12-11,2026-01-04,4,"quantile",0.9,696350.0
"280","DE","15-34",2025-12-11,2026-01-04,4,"quantile",0.975,900040.0
"281","DE","35-59",2025-12-11,2025-12-14,1,"quantile",0.025,221280.0
"282","DE","35-59",2025-12-11,2025-12-14,1,"quantile",0.1,288670.0
"283","DE","35-59",2025-12-11,2025-12-14,1,"quantile",0.25,360090.0
"284","DE","35-59",2025-12-11,2025-12-14,1,"quantile",0.5,452700.0
"285","DE","35-59",2025-12-11,2025-12-14,1,"quantile",0.75,560200.0
"286","DE","35-59",2025-12-11,2025-12-14,1,"quantile",0.9,670460.0
"287","DE","35-59",2025-12-11,2025-12-14,1,"quantile",0.975,809690.0
"288","DE","35-59",2025-12-11,2025-12-21,2,"quantile",0.025,186820.0
"289","DE","35-59",2025-12-11,2025-12-21,2,"quantile",0.1,261030.0
"290","DE","35-59",2025-12-11,2025-12-21,2,"quantile",0.25,343170.0
"291","DE","35-59",2025-12-11,2025-12-21,2,"quantile",0.5,453550.0
"292","DE","35-59",2025-12-11,2025-12-21,2,"quantile",0.75,585690.0
"293","DE","35-59",2025-12-11,2025-12-21,2,"quantile",0.9,724480.0
"294","DE","35-59",2025-12-11,2025-12-21,2,"quantile",0.975,903200.0
"295","DE","35-59",2025-12-11,2025-12-28,3,"quantile",0.025,158290.0
"296","DE","35-59",2025-12-11,2025-12-28,3,"quantile",0.1,236400.0
"297","DE","35-59",2025-12-11,2025-12-28,3,"quantile",0.25,326610.0
"298","DE","35-59",2025-12-11,2025-12-28,3,"quantile",0.5,452010.0
"299","DE","35-59",2025-12-11,2025-12-28,3,"quantile",0.75,606400.0
"300","DE","35-59",2025-12-11,2025-12-28,3,"quantile",0.9,772040.0
"301","DE","35-59",2025-12-11,2025-12-28,3,"quantile",0.975,988980.0
"302","DE","35-59",2025-12-11,2026-01-04,4,"quantile",0.025,133850.0
"303","DE","35-59",2025-12-11,2026-01-04,4,"quantile",0.1,213650.0
"304","DE","35-59",2025-12-11,2026-01-04,4,"quantile",0.25,309830.0
"305","DE","35-59",2025-12-11,2026-01-04,4,"quantile",0.5,448030.0
"306","DE","35-59",2025-12-11,2026-01-04,4,"quantile",0.75,622760.0
"307","DE","35-59",2025-12-11,2026-01-04,4,"quantile",0.9,813900.0
"308","DE","35-59",2025-12-11,2026-01-04,4,"quantile",0.975,1068090.0
"309","DE","60+",2025-12-11,2025-12-14,1,"quantile",0.025,65580.0
"310","DE","60+",2025-12-11,2025-12-14,1,"quantile",0.1,87210.0
"311","DE","60+",2025-12-11,2025-12-14,1,"quantile",0.25,110410.0
"312","DE","60+",2025-12-11,2025-12-14,1,"quantile",0.5,140790.0
"313","DE","60+",2025-12-11,2025-12-14,1,"quantile",0.75,176360.0
"314","DE","60+",2025-12-11,2025-12-14,1,"quantile",0.9,213100.0
"315","DE","60+",2025-12-11,2025-12-14,1,"quantile",0.975,259750.0
"316","DE","60+",2025-12-11,2025-12-21,2,"quantile",0.025,54650.0
"317","DE","60+",2025-12-11,2025-12-21,2,"quantile",0.1,78440.0
"318","DE","60+",2025-12-11,2025-12-21,2,"quantile",0.25,105230.0
"319","DE","60+",2025-12-11,2025-12-21,2,"quantile",0.5,141740.0
"320","DE","60+",2025-12-11,2025-12-21,2,"quantile",0.75,185950.0
"321","DE","60+",2025-12-11,2025-12-21,2,"quantile",0.9,232780.0
"322","DE","60+",2025-12-11,2025-12-21,2,"quantile",0.975,293520.0
"323","DE","60+",2025-12-11,2025-12-28,3,"quantile",0.025,45640.0
"324","DE","60+",2025-12-11,2025-12-28,3,"quantile",0.1,70610.0
"325","DE","60+",2025-12-11,2025-12-28,3,"quantile",0.25,100120.0
"326","DE","60+",2025-12-11,2025-12-28,3,"quantile",0.5,141850.0
"327","DE","60+",2025-12-11,2025-12-28,3,"quantile",0.75,193980.0
"328","DE","60+",2025-12-11,2025-12-28,3,"quantile",0.9,250480.0
"329","DE","60+",2025-12-11,2025-12-28,3,"quantile",0.975,325110.0
"330","DE","60+",2025-12-11,2026-01-04,4,"quantile",0.025,37990.0
"331","DE","60+",2025-12-11,2026-01-04,4,"quantile",0.1,63380.0
"332","DE","60+",2025-12-11,2026-01-04,4,"quantile",0.25,94870.0
"333","DE","60+",2025-12-11,2026-01-04,4,"quantile",0.5,141100.0
"334","DE","60+",2025-12-11,2026-01-04,4,"quantile",0.75,200550.0
"335","DE","60+",2025-12-11,2026-01-04,4,"quantile",0.9,266380.0
"336","DE","60+",2025-12-11,2026-01-04,4,"quantile",0.975,354740.0
"337","DE","00+",2025-12-18,2025-12-21,1,"quantile",0.025,740590.0
"338","DE","00+",2025-12-18,2025-12-21,1,"quantile",0.1,914950.0
"339","DE","00+",2025-12-18,2025-12-21,1,"quantile",0.25,1093510.0
"340","DE","00+",2025-12-18,2025-12-21,1,"quantile",0.5,1318450.0
"341","DE","00+",2025-12-18,2025-12-21,1,"quantile",0.75,1572990.0
"342","DE","00+",2025-12-18,2025-12-21,1,"quantile",0.9,1828840.0
"343","DE","00+",2025-12-18,2025-12-21,1,"quantile",0.975,2146550.0
"344","DE","00+",2025-12-18,2025-12-28,2,"quantile",0.025,653430.0
"345","DE","00+",2025-12-18,2025-12-28,2,"quantile",0.1,845370.0
"346","DE","00+",2025-12-18,2025-12-28,2,"quantile",0.25,1047720.0
"347","DE","00+",2025-12-18,2025-12-28,2,"quantile",0.5,1308990.0
"348","DE","00+",2025-12-18,2025-12-28,2,"quantile",0.75,1611140.0
"349","DE","00+",2025-12-18,2025-12-28,2,"quantile",0.9,1920160.0
"350","DE","00+",2025-12-18,2025-12-28,2,"quantile",0.975,2309460.0
"351","DE","00+",2025-12-18,2026-01-04,3,"quantile",0.025,583170.0
"352","DE","00+",2025-12-18,2026-01-04,3,"quantile",0.1,787100.0
"353","DE","00+",2025-12-18,2026-01-04,3,"quantile",0.25,1007920.0
"354","DE","00+",2025-12-18,2026-01-04,3,"quantile",0.5,1299430.0
"355","DE","00+",2025-12-18,2026-01-04,3,"quantile",0.75,1643120.0
"356","DE","00+",2025-12-18,2026-01-04,3,"quantile",0.9,1999940.0
"357","DE","00+",2025-12-18,2026-01-04,3,"quantile",0.975,2455100.0
"358","DE","00+",2025-12-18,2026-01-11,4,"quantile",0.025,523500.0
"359","DE","00+",2025-12-18,2026-01-11,4,"quantile",0.1,735470.0
"360","DE","00+",2025-12-18,2026-01-11,4,"quantile",0.25,970920.0
"361","DE","00+",2025-12-18,2026-01-11,4,"quantile",0.5,1288250.0
"362","DE","00+",2025-12-18,2026-01-11,4,"quantile",0.75,1669020.0
"363","DE","00+",2025-12-18,2026-01-11,4,"quantile",0.9,2069720.0
"364","DE","00+",2025-12-18,2026-01-11,4,"quantile",0.975,2586500.0
"365","DE","00-04",2025-12-18,2025-12-21,1,"quantile",0.025,81680.0
"366","DE","00-04",2025-12-18,2025-12-21,1,"quantile",0.1,109710.0
"367","DE","00-04",2025-12-18,2025-12-21,1,"quantile",0.25,139990.0
"368","DE","00-04",2025-12-18,2025-12-21,1,"quantile",0.5,179850.0
"369","DE","00-04",2025-12-18,2025-12-21,1,"quantile",0.75,226760.0
"370","DE","00-04",2025-12-18,2025-12-21,1,"quantile",0.9,275400.0
"371","DE","00-04",2025-12-18,2025-12-21,1,"quantile",0.975,337370.0
"372","DE","00-04",2025-12-18,2025-12-28,2,"quantile",0.025,67280.0
"373","DE","00-04",2025-12-18,2025-12-28,2,"quantile",0.1,97840.0
"374","DE","00-04",2025-12-18,2025-12-28,2,"quantile",0.25,132550.0
"375","DE","00-04",2025-12-18,2025-12-28,2,"quantile",0.5,180150.0
"376","DE","00-04",2025-12-18,2025-12-28,2,"quantile",0.75,238120.0
"377","DE","00-04",2025-12-18,2025-12-28,2,"quantile",0.9,299820.0
"378","DE","00-04",2025-12-18,2025-12-28,2,"quantile",0.975,380130.0
"379","DE","00-04",2025-12-18,2026-01-04,3,"quantile",0.025,55590.0
"380","DE","00-04",2025-12-18,2026-01-04,3,"quantile",0.1,87420.0
"381","DE","00-04",2025-12-18,2026-01-04,3,"quantile",0.25,125440.0
"382","DE","00-04",2025-12-18,2026-01-04,3,"quantile",0.5,179670.0
"383","DE","00-04",2025-12-18,2026-01-04,3,"quantile",0.75,247850.0
"384","DE","00-04",2025-12-18,2026-01-04,3,"quantile",0.9,322140.0
"385","DE","00-04",2025-12-18,2026-01-04,3,"quantile",0.975,420640.0
"386","DE","00-04",2025-12-18,2026-01-11,4,"quantile",0.025,45760.0
"387","DE","00-04",2025-12-18,2026-01-11,4,"quantile",0.1,77940.0
"388","DE","00-04",2025-12-18,2026-01-11,4,"quantile",0.25,118390.0
"389","DE","00-04",2025-12-18,2026-01-11,4,"quantile",0.5,178370.0
"390","DE","00-04",2025-12-18,2026-01-11,4,"quantile",0.75,256130.0
"391","DE","00-04",2025-12-18,2026-01-11,4,"quantile",0.9,342730.0
"392","DE","00-04",2025-12-18,2026-01-11,4,"quantile",0.975,459480.0
"393","DE","05-14",2025-12-18,2025-12-21,1,"quantile",0.025,70000.0
"394","DE","05-14",2025-12-18,2025-12-21,1,"quantile",0.1,96760.0
"395","DE","05-14",2025-12-18,2025-12-21,1,"quantile",0.25,126170.0
"396","DE","05-14",2025-12-18,2025-12-21,1,"quantile",0.5,165480.0
"397","DE","05-14",2025-12-18,2025-12-21,1,"quantile",0.75,212320.0
"398","DE","05-14",2025-12-18,2025-12-21,1,"quantile",0.9,261360.0
"399","DE","05-14",2025-12-18,2025-12-21,1,"quantile",0.975,324350.0
"400","DE","05-14",2025-12-18,2025-12-28,2,"quantile",0.025,56430.0
"401","DE","05-14",2025-12-18,2025-12-28,2,"quantile",0.1,85440.0
"402","DE","05-14",2025-12-18,2025-12-28,2,"quantile",0.25,119250.0
"403","DE","05-14",2025-12-18,2025-12-28,2,"quantile",0.5,166570.0
"404","DE","05-14",2025-12-18,2025-12-28,2,"quantile",0.75,225180.0
"405","DE","05-14",2025-12-18,2025-12-28,2,"quantile",0.9,288330.0
"406","DE","05-14",2025-12-18,2025-12-28,2,"quantile",0.975,371330.0
"407","DE","05-14",2025-12-18,2026-01-04,3,"quantile",0.025,45520.0
"408","DE","05-14",2025-12-18,2026-01-04,3,"quantile",0.1,75530.0
"409","DE","05-14",2025-12-18,2026-01-04,3,"quantile",0.25,112620.0
"410","DE","05-14",2025-12-18,2026-01-04,3,"quantile",0.5,166940.0
"411","DE","05-14",2025-12-18,2026-01-04,3,"quantile",0.75,236650.0
"412","DE","05-14",2025-12-18,2026-01-04,3,"quantile",0.9,313750.0
"413","DE","05-14",2025-12-18,2026-01-04,3,"quantile",0.975,417140.0
"414","DE","05-14",2025-12-18,2026-01-11,4,"quantile",0.025,36440.0
"415","DE","05-14",2025-12-18,2026-01-11,4,"quantile",0.1,66480.0
"416","DE","05-14",2025-12-18,2026-01-11,4,"quantile",0.25,105950.0
"417","DE","05-14",2025-12-18,2026-01-11,4,"quantile",0.5,166430.0
"418","DE","05-14",2025-12-18,2026-01-11,4,"quantile",0.75,246820.0
"419","DE","05-14",2025-12-18,2026-01-11,4,"quantile",0.9,337910.0
"420","DE","05-14",2025-12-18,2026-01-11,4,"quantile",0.975,462310.0
"421","DE","15-34",2025-12-18,2025-12-21,1,"quantile",0.025,202410.0
"422","DE","15-34",2025-12-18,2025-12-21,1,"quantile",0.1,258870.0
"423","DE","15-34",2025-12-18,2025-12-21,1,"quantile",0.25,317960.0
"424","DE","15-34",2025-12-18,2025-12-21,1,"quantile",0.5,393800.0
"425","DE","15-34",2025-12-18,2025-12-21,1,"quantile",0.75,481040.0
"426","DE","15-34",2025-12-18,2025-12-21,1,"quantile",0.9,569890.0
"427","DE","15-34",2025-12-18,2025-12-21,1,"quantile",0.975,681430.0
"428","DE","15-34",2025-12-18,2025-12-28,2,"quantile",0.025,173040.0
"429","DE","15-34",2025-12-18,2025-12-28,2,"quantile",0.1,235230.0
"430","DE","15-34",2025-12-18,2025-12-28,2,"quantile",0.25,302890.0
"431","DE","15-34",2025-12-18,2025-12-28,2,"quantile",0.5,392540.0
"432","DE","15-34",2025-12-18,2025-12-28,2,"quantile",0.75,498590.0
"433","DE","15-34",2025-12-18,2025-12-28,2,"quantile",0.9,608980.0
"434","DE","15-34",2025-12-18,2025-12-28,2,"quantile",0.975,750090.0
"435","DE","15-34",2025-12-18,2026-01-04,3,"quantile",0.025,148630.0
"436","DE","15-34",2025-12-18,2026-01-04,3,"quantile",0.1,214290.0
"437","DE","15-34",2025-12-18,2026-01-04,3,"quantile",0.25,288440.0
"438","DE","15-34",2025-12-18,2026-01-04,3,"quantile",0.5,389710.0
"439","DE","15-34",2025-12-18,2026-01-04,3,"quantile",0.75,512590.0
"440","DE","15-34",2025-12-18,2026-01-04,3,"quantile",0.9,643010.0
"441","DE","15-34",2025-12-18,2026-01-04,3,"quantile",0.975,812370.0
"442","DE","15-34",2025-12-18,2026-01-11,4,"quantile",0.025,127650.0
"443","DE","15-34",2025-12-18,2026-01-11,4,"quantile",0.1,195100.0
"444","DE","15-34",2025-12-18,2026-01-11,4,"quantile",0.25,274170.0
"445","DE","15-34",2025-12-18,2026-01-11,4,"quantile",0.5,385370.0
"446","DE","15-34",2025-12-18,2026-01-11,4,"quantile",0.75,523580.0
"447","DE","15-34",2025-12-18,2026-01-11,4,"quantile",0.9,672920.0
"448","DE","15-34",2025-12-18,2026-01-11,4,"quantile",0.975,869630.0
"449","DE","35-59",2025-12-18,2025-12-21,1,"quantile",0.025,226290.0
"450","DE","35-59",2025-12-18,2025-12-21,1,"quantile",0.1,295190.0
"451","DE","35-59",2025-12-18,2025-12-21,1,"quantile",0.25,368210.0
"452","DE","35-59",2025-12-18,2025-12-21,1,"quantile",0.5,462910.0
"453","DE","35-59",2025-12-18,2025-12-21,1,"quantile",0.75,572860.0
"454","DE","35-59",2025-12-18,2025-12-21,1,"quantile",0.9,685670.0
"455","DE","35-59",2025-12-18,2025-12-21,1,"quantile",0.975,828170.0
"456","DE","35-59",2025-12-18,2025-12-28,2,"quantile",0.025,190450.0
"457","DE","35-59",2025-12-18,2025-12-28,2,"quantile",0.1,265960.0
"458","DE","35-59",2025-12-18,2025-12-28,2,"quantile",0.25,349530.0
"459","DE","35-59",2025-12-18,2025-12-28,2,"quantile",0.5,461820.0
"460","DE","35-59",2025-12-18,2025-12-28,2,"quantile",0.75,596230.0
"461","DE","35-59",2025-12-18,2025-12-28,2,"quantile",0.9,737430.0
"462","DE","35-59",2025-12-18,2025-12-28,2,"quantile",0.975,919290.0
"463","DE","35-59",2025-12-18,2026-01-04,3,"quantile",0.025,160780.0
"464","DE","35-59",2025-12-18,2026-01-04,3,"quantile",0.1,239910.0
"465","DE","35-59",2025-12-18,2026-01-04,3,"quantile",0.25,331260.0
"466","DE","35-59",2025-12-18,2026-01-04,3,"quantile",0.5,458210.0
"467","DE","35-59",2025-12-18,2026-01-04,3,"quantile",0.75,614470.0
"468","DE","35-59",2025-12-18,2026-01-04,3,"quantile",0.9,782100.0
"469","DE","35-59",2025-12-18,2026-01-04,3,"quantile",0.975,1001680.0
"470","DE","35-59",2025-12-18,2026-01-11,4,"quantile",0.025,135410.0
"471","DE","35-59",2025-12-18,2026-01-11,4,"quantile",0.1,215900.0
"472","DE","35-59",2025-12-18,2026-01-11,4,"quantile",0.25,312860.0
"473","DE","35-59",2025-12-18,2026-01-11,4,"quantile",0.5,452110.0
"474","DE","35-59",2025-12-18,2026-01-11,4,"quantile",0.75,628120.0
"475","DE","35-59",2025-12-18,2026-01-11,4,"quantile",0.9,820640.0
"476","DE","35-59",2025-12-18,2026-01-11,4,"quantile",0.975,1076680.0
"477","DE","60+",2025-12-18,2025-12-21,1,"quantile",0.025,72370.0
"478","DE","60+",2025-12-18,2025-12-21,1,"quantile",0.1,96230.0
"479","DE","60+",2025-12-18,2025-12-21,1,"quantile",0.25,121830.0
"480","DE","60+",2025-12-18,2025-12-21,1,"quantile",0.5,155350.0
"481","DE","60+",2025-12-18,2025-12-21,1,"quantile",0.75,194630.0
"482","DE","60+",2025-12-18,2025-12-21,1,"quantile",0.9,235200.0
"483","DE","60+",2025-12-18,2025-12-21,1,"quantile",0.975,286760.0
"484","DE","60+",2025-12-18,2025-12-28,2,"quantile",0.025,60150.0
"485","DE","60+",2025-12-18,2025-12-28,2,"quantile",0.1,86270.0
"486","DE","60+",2025-12-18,2025-12-28,2,"quantile",0.25,115690.0
"487","DE","60+",2025-12-18,2025-12-28,2,"quantile",0.5,155760.0
"488","DE","60+",2025-12-18,2025-12-28,2,"quantile",0.75,204270.0
"489","DE","60+",2025-12-18,2025-12-28,2,"quantile",0.9,255690.0
"490","DE","60+",2025-12-18,2025-12-28,2,"quantile",0.975,322390.0
"491","DE","60+",2025-12-18,2026-01-04,3,"quantile",0.025,50090.0
"492","DE","60+",2025-12-18,2026-01-04,3,"quantile",0.1,77390.0
"493","DE","60+",2025-12-18,2026-01-04,3,"quantile",0.25,109620.0
"494","DE","60+",2025-12-18,2026-01-04,3,"quantile",0.5,155200.0
"495","DE","60+",2025-12-18,2026-01-04,3,"quantile",0.75,212100.0
"496","DE","60+",2025-12-18,2026-01-04,3,"quantile",0.9,273780.0
"497","DE","60+",2025-12-18,2026-01-04,3,"quantile",0.975,355250.0
"498","DE","60+",2025-12-18,2026-01-11,4,"quantile",0.025,41550.0
"499","DE","60+",2025-12-18,2026-01-11,4,"quantile",0.1,69190.0
"500","DE","60+",2025-12-18,2026-01-11,4,"quantile",0.25,103430.0
"501","DE","60+",2025-12-18,2026-01-11,4,"quantile",0.5,153660.0
"502","DE","60+",2025-12-18,2026-01-11,4,"quantile",0.75,218230.0
"503","DE","60+",2025-12-18,2026-01-11,4,"quantile",0.9,289710.0
"504","DE","60+",2025-12-18,2026-01-11,4,"quantile",0.975,385640.0
"505","DE","00+",2026-01-08,2026-01-11,1,"quantile",0.025,438520.0
"506","DE","00+",2026-01-08,2026-01-11,1,"quantile",0.1,546060.0
"507","DE","00+",2026-01-08,2026-01-11,1,"quantile",0.25,656780.0
"508","DE","00+",2026-01-08,2026-01-11,1,"quantile",0.5,796900.0
"509","DE","00+",2026-01-08,2026-01-11,1,"quantile",0.75,956160.0
"510","DE","00+",2026-01-08,2026-01-11,1,"quantile",0.9,1116850.0
"511","DE","00+",2026-01-08,2026-01-11,1,"quantile",0.975,1317140.0
"512","DE","00+",2026-01-08,2026-01-18,2,"quantile",0.025,382970.0
"513","DE","00+",2026-01-08,2026-01-18,2,"quantile",0.1,502500.0
"514","DE","00+",2026-01-08,2026-01-18,2,"quantile",0.25,629670.0
"515","DE","00+",2026-01-08,2026-01-18,2,"quantile",0.5,795140.0
"516","DE","00+",2026-01-08,2026-01-18,2,"quantile",0.75,987830.0
"517","DE","00+",2026-01-08,2026-01-18,2,"quantile",0.9,1186050.0
"518","DE","00+",2026-01-08,2026-01-18,2,"quantile",0.975,1437050.0
"519","DE","00+",2026-01-08,2026-01-25,3,"quantile",0.025,336270.0
"520","DE","00+",2026-01-08,2026-01-25,3,"quantile",0.1,464030.0
"521","DE","00+",2026-01-08,2026-01-25,3,"quantile",0.25,604360.0
"522","DE","00+",2026-01-08,2026-01-25,3,"quantile",0.5,791810.0
"523","DE","00+",2026-01-08,2026-01-25,3,"quantile",0.75,1015090.0
"524","DE","00+",2026-01-08,2026-01-25,3,"quantile",0.9,1248790.0
"525","DE","00+",2026-01-08,2026-01-25,3,"quantile",0.975,1548980.0
"526","DE","00+",2026-01-08,2026-02-01,4,"quantile",0.025,296470.0
"527","DE","00+",2026-01-08,2026-02-01,4,"quantile",0.1,429920.0
"528","DE","00+",2026-01-08,2026-02-01,4,"quantile",0.25,581210.0
"529","DE","00+",2026-01-08,2026-02-01,4,"quantile",0.5,788480.0
"530","DE","00+",2026-01-08,2026-02-01,4,"quantile",0.75,1040670.0
"531","DE","00+",2026-01-08,2026-02-01,4,"quantile",0.9,1308920.0
"532","DE","00+",2026-01-08,2026-02-01,4,"quantile",0.975,1657980.0
"533","DE","00-04",2026-01-08,2026-01-11,1,"quantile",0.025,52910.0
"534","DE","00-04",2026-01-08,2026-01-11,1,"quantile",0.1,71090.0
"535","DE","00-04",2026-01-08,2026-01-11,1,"quantile",0.25,90720.0
"536","DE","00-04",2026-01-08,2026-01-11,1,"quantile",0.5,116580.0
"537","DE","00-04",2026-01-08,2026-01-11,1,"quantile",0.75,147010.0
"538","DE","00-04",2026-01-08,2026-01-11,1,"quantile",0.9,178570.0
"539","DE","00-04",2026-01-08,2026-01-11,1,"quantile",0.975,218800.0
"540","DE","00-04",2026-01-08,2026-01-18,2,"quantile",0.025,43060.0
"541","DE","00-04",2026-01-08,2026-01-18,2,"quantile",0.1,62610.0
"542","DE","00-04",2026-01-08,2026-01-18,2,"quantile",0.25,84810.0
"543","DE","00-04",2026-01-08,2026-01-18,2,"quantile",0.5,115270.0
"544","DE","00-04",2026-01-08,2026-01-18,2,"quantile",0.75,152360.0
"545","DE","00-04",2026-01-08,2026-01-18,2,"quantile",0.9,191850.0
"546","DE","00-04",2026-01-08,2026-01-18,2,"quantile",0.975,243260.0
"547","DE","00-04",2026-01-08,2026-01-25,3,"quantile",0.025,35080.0
"548","DE","00-04",2026-01-08,2026-01-25,3,"quantile",0.1,55190.0
"549","DE","00-04",2026-01-08,2026-01-25,3,"quantile",0.25,79200.0
"550","DE","00-04",2026-01-08,2026-01-25,3,"quantile",0.5,113460.0
"551","DE","00-04",2026-01-08,2026-01-25,3,"quantile",0.75,156550.0
"552","DE","00-04",2026-01-08,2026-01-25,3,"quantile",0.9,203500.0
"553","DE","00-04",2026-01-08,2026-01-25,3,"quantile",0.975,265780.0
"554","DE","00-04",2026-01-08,2026-02-01,4,"quantile",0.025,28450.0
"555","DE","00-04",2026-01-08,2026-02-01,4,"quantile",0.1,48510.0
"556","DE","00-04",2026-01-08,2026-02-01,4,"quantile",0.25,73750.0
"557","DE","00-04",2026-01-08,2026-02-01,4,"quantile",0.5,111200.0
"558","DE","00-04",2026-01-08,2026-02-01,4,"quantile",0.75,159780.0
"559","DE","00-04",2026-01-08,2026-02-01,4,"quantile",0.9,213900.0
"560","DE","00-04",2026-01-08,2026-02-01,4,"quantile",0.975,286890.0
"561","DE","05-14",2026-01-08,2026-01-11,1,"quantile",0.025,33930.0
"562","DE","05-14",2026-01-08,2026-01-11,1,"quantile",0.1,46930.0
"563","DE","05-14",2026-01-08,2026-01-11,1,"quantile",0.25,61220.0
"564","DE","05-14",2026-01-08,2026-01-11,1,"quantile",0.5,80320.0
"565","DE","05-14",2026-01-08,2026-01-11,1,"quantile",0.75,103090.0
"566","DE","05-14",2026-01-08,2026-01-11,1,"quantile",0.9,126910.0
"567","DE","05-14",2026-01-08,2026-01-11,1,"quantile",0.975,157510.0
"568","DE","05-14",2026-01-08,2026-01-18,2,"quantile",0.025,26900.0
"569","DE","05-14",2026-01-08,2026-01-18,2,"quantile",0.1,40770.0
"570","DE","05-14",2026-01-08,2026-01-18,2,"quantile",0.25,56950.0
"571","DE","05-14",2026-01-08,2026-01-18,2,"quantile",0.5,79600.0
"572","DE","05-14",2026-01-08,2026-01-18,2,"quantile",0.75,107660.0
"573","DE","05-14",2026-01-08,2026-01-18,2,"quantile",0.9,137900.0
"574","DE","05-14",2026-01-08,2026-01-18,2,"quantile",0.975,177650.0
"575","DE","05-14",2026-01-08,2026-01-25,3,"quantile",0.025,21270.0
"576","DE","05-14",2026-01-08,2026-01-25,3,"quantile",0.1,35390.0
"577","DE","05-14",2026-01-08,2026-01-25,3,"quantile",0.25,52870.0
"578","DE","05-14",2026-01-08,2026-01-25,3,"quantile",0.5,78510.0
"579","DE","05-14",2026-01-08,2026-01-25,3,"quantile",0.75,111450.0
"580","DE","05-14",2026-01-08,2026-01-25,3,"quantile",0.9,147900.0
"581","DE","05-14",2026-01-08,2026-01-25,3,"quantile",0.975,196800.0
"582","DE","05-14",2026-01-08,2026-02-01,4,"quantile",0.025,16690.0
"583","DE","05-14",2026-01-08,2026-02-01,4,"quantile",0.1,30600.0
"584","DE","05-14",2026-01-08,2026-02-01,4,"quantile",0.25,48950.0
"585","DE","05-14",2026-01-08,2026-02-01,4,"quantile",0.5,77140.0
"586","DE","05-14",2026-01-08,2026-02-01,4,"quantile",0.75,114680.0
"587","DE","05-14",2026-01-08,2026-02-01,4,"quantile",0.9,157260.0
"588","DE","05-14",2026-01-08,2026-02-01,4,"quantile",0.975,215460.0
"589","DE","15-34",2026-01-08,2026-01-11,1,"quantile",0.025,105860.0
"590","DE","15-34",2026-01-08,2026-01-11,1,"quantile",0.1,135570.0
"591","DE","15-34",2026-01-08,2026-01-11,1,"quantile",0.25,166700.0
"592","DE","15-34",2026-01-08,2026-01-11,1,"quantile",0.5,206700.0
"593","DE","15-34",2026-01-08,2026-01-11,1,"quantile",0.75,252760.0
"594","DE","15-34",2026-01-08,2026-01-11,1,"quantile",0.9,299730.0
"595","DE","15-34",2026-01-08,2026-01-11,1,"quantile",0.975,358790.0
"596","DE","15-34",2026-01-08,2026-01-18,2,"quantile",0.025,89060.0
"597","DE","15-34",2026-01-08,2026-01-18,2,"quantile",0.1,121280.0
"598","DE","15-34",2026-01-08,2026-01-18,2,"quantile",0.25,156370.0
"599","DE","15-34",2026-01-08,2026-01-18,2,"quantile",0.5,202930.0
"600","DE","15-34",2026-01-08,2026-01-18,2,"quantile",0.75,258060.0
"601","DE","15-34",2026-01-08,2026-01-18,2,"quantile",0.9,315520.0
"602","DE","15-34",2026-01-08,2026-01-18,2,"quantile",0.975,389070.0
"603","DE","15-34",2026-01-08,2026-01-25,3,"quantile",0.025,75300.0
"604","DE","15-34",2026-01-08,2026-01-25,3,"quantile",0.1,108840.0
"605","DE","15-34",2026-01-08,2026-01-25,3,"quantile",0.25,146780.0
"606","DE","15-34",2026-01-08,2026-01-25,3,"quantile",0.5,198690.0
"607","DE","15-34",2026-01-08,2026-01-25,3,"quantile",0.75,261760.0
"608","DE","15-34",2026-01-08,2026-01-25,3,"quantile",0.9,328790.0
"609","DE","15-34",2026-01-08,2026-01-25,3,"quantile",0.975,415950.0
"610","DE","15-34",2026-01-08,2026-02-01,4,"quantile",0.025,63710.0
"611","DE","15-34",2026-01-08,2026-02-01,4,"quantile",0.1,97740.0
"612","DE","15-34",2026-01-08,2026-02-01,4,"quantile",0.25,137720.0
"613","DE","15-34",2026-01-08,2026-02-01,4,"quantile",0.5,194080.0
"614","DE","15-34",2026-01-08,2026-02-01,4,"quantile",0.75,264250.0
"615","DE","15-34",2026-01-08,2026-02-01,4,"quantile",0.9,340190.0
"616","DE","15-34",2026-01-08,2026-02-01,4,"quantile",0.975,440370.0
"617","DE","35-59",2026-01-08,2026-01-11,1,"quantile",0.025,128220.0
"618","DE","35-59",2026-01-08,2026-01-11,1,"quantile",0.1,167440.0
"619","DE","35-59",2026-01-08,2026-01-11,1,"quantile",0.25,209050.0
"620","DE","35-59",2026-01-08,2026-01-11,1,"quantile",0.5,263050.0
"621","DE","35-59",2026-01-08,2026-01-11,1,"quantile",0.75,325820.0
"622","DE","35-59",2026-01-08,2026-01-11,1,"quantile",0.9,390290.0
"623","DE","35-59",2026-01-08,2026-01-11,1,"quantile",0.975,471860.0
"624","DE","35-59",2026-01-08,2026-01-18,2,"quantile",0.025,106080.0
"625","DE","35-59",2026-01-08,2026-01-18,2,"quantile",0.1,148280.0
"626","DE","35-59",2026-01-08,2026-01-18,2,"quantile",0.25,195000.0
"627","DE","35-59",2026-01-08,2026-01-18,2,"quantile",0.5,257840.0
"628","DE","35-59",2026-01-08,2026-01-18,2,"quantile",0.75,333110.0
"629","DE","35-59",2026-01-08,2026-01-18,2,"quantile",0.9,412250.0
"630","DE","35-59",2026-01-08,2026-01-18,2,"quantile",0.975,514300.0
"631","DE","35-59",2026-01-08,2026-01-25,3,"quantile",0.025,87960.0
"632","DE","35-59",2026-01-08,2026-01-25,3,"quantile",0.1,131420.0
"633","DE","35-59",2026-01-08,2026-01-25,3,"quantile",0.25,181650.0
"634","DE","35-59",2026-01-08,2026-01-25,3,"quantile",0.5,251500.0
"635","DE","35-59",2026-01-08,2026-01-25,3,"quantile",0.75,337570.0
"636","DE","35-59",2026-01-08,2026-01-25,3,"quantile",0.9,429990.0
"637","DE","35-59",2026-01-08,2026-01-25,3,"quantile",0.975,551170.0
"638","DE","35-59",2026-01-08,2026-02-01,4,"quantile",0.025,72910.0
"639","DE","35-59",2026-01-08,2026-02-01,4,"quantile",0.1,116470.0
"640","DE","35-59",2026-01-08,2026-02-01,4,"quantile",0.25,169010.0
"641","DE","35-59",2026-01-08,2026-02-01,4,"quantile",0.5,244540.0
"642","DE","35-59",2026-01-08,2026-02-01,4,"quantile",0.75,340130.0
"643","DE","35-59",2026-01-08,2026-02-01,4,"quantile",0.9,444780.0
"644","DE","35-59",2026-01-08,2026-02-01,4,"quantile",0.975,584110.0
"645","DE","60+",2026-01-08,2026-01-11,1,"quantile",0.025,62080.0
"646","DE","60+",2026-01-08,2026-01-11,1,"quantile",0.1,82620.0
"647","DE","60+",2026-01-08,2026-01-11,1,"quantile",0.25,104670.0
"648","DE","60+",2026-01-08,2026-01-11,1,"quantile",0.5,133590.0
"649","DE","60+",2026-01-08,2026-01-11,1,"quantile",0.75,167500.0
"650","DE","60+",2026-01-08,2026-01-11,1,"quantile",0.9,202580.0
"651","DE","60+",2026-01-08,2026-01-11,1,"quantile",0.975,247260.0
"652","DE","60+",2026-01-08,2026-01-18,2,"quantile",0.025,50900.0
"653","DE","60+",2026-01-08,2026-01-18,2,"quantile",0.1,73010.0
"654","DE","60+",2026-01-08,2026-01-18,2,"quantile",0.25,97900.0
"655","DE","60+",2026-01-08,2026-01-18,2,"quantile",0.5,131820.0
"656","DE","60+",2026-01-08,2026-01-18,2,"quantile",0.75,172910.0
"657","DE","60+",2026-01-08,2026-01-18,2,"quantile",0.9,216500.0
"658","DE","60+",2026-01-08,2026-01-18,2,"quantile",0.975,273130.0
"659","DE","60+",2026-01-08,2026-01-25,3,"quantile",0.025,41770.0
"660","DE","60+",2026-01-08,2026-01-25,3,"quantile",0.1,64500.0
"661","DE","60+",2026-01-08,2026-01-25,3,"quantile",0.25,91330.0
"662","DE","60+",2026-01-08,2026-01-25,3,"quantile",0.5,129260.0
"663","DE","60+",2026-01-08,2026-01-25,3,"quantile",0.75,176640.0
"664","DE","60+",2026-01-08,2026-01-25,3,"quantile",0.9,228030.0
"665","DE","60+",2026-01-08,2026-01-25,3,"quantile",0.975,295970.0
"666","DE","60+",2026-01-08,2026-02-01,4,"quantile",0.025,34190.0
"667","DE","60+",2026-01-08,2026-02-01,4,"quantile",0.1,56870.0
"668","DE","60+",2026-01-08,2026-02-01,4,"quantile",0.25,84950.0
"669","DE","60+",2026-01-08,2026-02-01,4,"quantile",0.5,126140.0
"670","DE","60+",2026-01-08,2026-02-01,4,"quantile",0.75,179080.0
"671","DE","60+",2026-01-08,2026-02-01,4,"quantile",0.9,237720.0
"672","DE","60+",2026-01-08,2026-02-01,4,"quantile",0.975,316490.0
"673","DE","00+",2026-01-15,2026-01-18,1,"quantile",0.025,653330.0
"674","DE","00+",2026-01-15,2026-01-18,1,"quantile",0.1,816410.0
"675","DE","00+",2026-01-15,2026-01-18,1,"quantile",0.25,984770.0
"676","DE","00+",2026-01-15,2026-01-18,1,"quantile",0.5,1198470.0
"677","DE","00+",2026-01-15,2026-01-18,1,"quantile",0.75,1442200.0
"678","DE","00+",2026-01-15,2026-01-18,1,"quantile",0.9,1689190.0
"679","DE","00+",2026-01-15,2026-01-18,1,"quantile",0.975,1998920.0
"680","DE","00+",2026-01-15,2026-01-25,2,"quantile",0.025,574560.0
"681","DE","00+",2026-01-15,2026-01-25,2,"quantile",0.1,753510.0
"682","DE","00+",2026-01-15,2026-01-25,2,"quantile",0.25,943920.0
"683","DE","00+",2026-01-15,2026-01-25,2,"quantile",0.5,1191800.0
"684","DE","00+",2026-01-15,2026-01-25,2,"quantile",0.75,1480800.0
"685","DE","00+",2026-01-15,2026-01-25,2,"quantile",0.9,1778650.0
"686","DE","00+",2026-01-15,2026-01-25,2,"quantile",0.975,2157110.0
"687","DE","00+",2026-01-15,2026-02-01,3,"quantile",0.025,511710.0
"688","DE","00+",2026-01-15,2026-02-01,3,"quantile",0.1,701390.0
"689","DE","00+",2026-01-15,2026-02-01,3,"quantile",0.25,908930.0
"690","DE","00+",2026-01-15,2026-02-01,3,"quantile",0.5,1185340.0
"691","DE","00+",2026-01-15,2026-02-01,3,"quantile",0.75,1513960.0
"692","DE","00+",2026-01-15,2026-02-01,3,"quantile",0.9,1857710.0
"693","DE","00+",2026-01-15,2026-02-01,3,"quantile",0.975,2299690.0
"694","DE","00+",2026-01-15,2026-02-08,4,"quantile",0.025,461930.0
"695","DE","00+",2026-01-15,2026-02-08,4,"quantile",0.1,659520.0
"696","DE","00+",2026-01-15,2026-02-08,4,"quantile",0.25,881350.0
"697","DE","00+",2026-01-15,2026-02-08,4,"quantile",0.5,1183020.0
"698","DE","00+",2026-01-15,2026-02-08,4,"quantile",0.75,1547970.0
"699","DE","00+",2026-01-15,2026-02-08,4,"quantile",0.9,1934780.0
"700","DE","00+",2026-01-15,2026-02-08,4,"quantile",0.975,2437280.0
"701","DE","00-04",2026-01-15,2026-01-18,1,"quantile",0.025,52720.0
"702","DE","00-04",2026-01-15,2026-01-18,1,"quantile",0.1,70850.0
"703","DE","00-04",2026-01-15,2026-01-18,1,"quantile",0.25,90430.0
"704","DE","00-04",2026-01-15,2026-01-18,1,"quantile",0.5,116240.0
"705","DE","00-04",2026-01-15,2026-01-18,1,"quantile",0.75,146640.0
"706","DE","00-04",2026-01-15,2026-01-18,1,"quantile",0.9,178200.0
"707","DE","00-04",2026-01-15,2026-01-18,1,"quantile",0.975,218520.0
"708","DE","00-04",2026-01-15,2026-01-25,2,"quantile",0.025,42790.0
"709","DE","00-04",2026-01-15,2026-01-25,2,"quantile",0.1,62220.0
"710","DE","00-04",2026-01-15,2026-01-25,2,"quantile",0.25,84290.0
"711","DE","00-04",2026-01-15,2026-01-25,2,"quantile",0.5,114580.0
"712","DE","00-04",2026-01-15,2026-01-25,2,"quantile",0.75,151490.0
"713","DE","00-04",2026-01-15,2026-01-25,2,"quantile",0.9,190820.0
"714","DE","00-04",2026-01-15,2026-01-25,2,"quantile",0.975,242090.0
"715","DE","00-04",2026-01-15,2026-02-01,3,"quantile",0.025,34770.0
"716","DE","00-04",2026-01-15,2026-02-01,3,"quantile",0.1,54700.0
"717","DE","00-04",2026-01-15,2026-02-01,3,"quantile",0.25,78500.0
"718","DE","00-04",2026-01-15,2026-02-01,3,"quantile",0.5,112470.0
"719","DE","00-04",2026-01-15,2026-02-01,3,"quantile",0.75,155200.0
"720","DE","00-04",2026-01-15,2026-02-01,3,"quantile",0.9,201800.0
"721","DE","00-04",2026-01-15,2026-02-01,3,"quantile",0.975,263690.0
"722","DE","00-04",2026-01-15,2026-02-08,4,"quantile",0.025,28430.0
"723","DE","00-04",2026-01-15,2026-02-08,4,"quantile",0.1,48370.0
"724","DE","00-04",2026-01-15,2026-02-08,4,"quantile",0.25,73410.0
"725","DE","00-04",2026-01-15,2026-02-08,4,"quantile",0.5,110540.0
"726","DE","00-04",2026-01-15,2026-02-08,4,"quantile",0.75,158680.0
"727","DE","00-04",2026-01-15,2026-02-08,4,"quantile",0.9,212320.0
"728","DE","00-04",2026-01-15,2026-02-08,4,"quantile",0.975,284710.0
"729","DE","05-14",2026-01-15,2026-01-18,1,"quantile",0.025,36550.0
"730","DE","05-14",2026-01-15,2026-01-18,1,"quantile",0.1,50570.0
"731","DE","05-14",2026-01-15,2026-01-18,1,"quantile",0.25,65990.0
"732","DE","05-14",2026-01-15,2026-01-18,1,"quantile",0.5,86620.0
"733","DE","05-14",2026-01-15,2026-01-18,1,"quantile",0.75,111230.0
"734","DE","05-14",2026-01-15,2026-01-18,1,"quantile",0.9,137050.0
"735","DE","05-14",2026-01-15,2026-01-18,1,"quantile",0.975,170280.0
"736","DE","05-14",2026-01-15,2026-01-25,2,"quantile",0.025,28940.0
"737","DE","05-14",2026-01-15,2026-01-25,2,"quantile",0.1,43880.0
"738","DE","05-14",2026-01-15,2026-01-25,2,"quantile",0.25,61290.0
"739","DE","05-14",2026-01-15,2026-01-25,2,"quantile",0.5,85700.0
"740","DE","05-14",2026-01-15,2026-01-25,2,"quantile",0.75,115950.0
"741","DE","05-14",2026-01-15,2026-01-25,2,"quantile",0.9,148600.0
"742","DE","05-14",2026-01-15,2026-01-25,2,"quantile",0.975,191590.0
"743","DE","05-14",2026-01-15,2026-02-01,3,"quantile",0.025,22910.0
"744","DE","05-14",2026-01-15,2026-02-01,3,"quantile",0.1,38100.0
"745","DE","05-14",2026-01-15,2026-02-01,3,"quantile",0.25,56900.0
"746","DE","05-14",2026-01-15,2026-02-01,3,"quantile",0.5,84480.0
"747","DE","05-14",2026-01-15,2026-02-01,3,"quantile",0.75,119930.0
"748","DE","05-14",2026-01-15,2026-02-01,3,"quantile",0.9,159200.0
"749","DE","05-14",2026-01-15,2026-02-01,3,"quantile",0.975,211950.0
"750","DE","05-14",2026-01-15,2026-02-08,4,"quantile",0.025,18230.0
"751","DE","05-14",2026-01-15,2026-02-08,4,"quantile",0.1,33290.0
"752","DE","05-14",2026-01-15,2026-02-08,4,"quantile",0.25,53100.0
"753","DE","05-14",2026-01-15,2026-02-08,4,"quantile",0.5,83490.0
"754","DE","05-14",2026-01-15,2026-02-08,4,"quantile",0.75,123910.0
"755","DE","05-14",2026-01-15,2026-02-08,4,"quantile",0.9,169770.0
"756","DE","05-14",2026-01-15,2026-02-08,4,"quantile",0.975,232480.0
"757","DE","15-34",2026-01-15,2026-01-18,1,"quantile",0.025,184300.0
"758","DE","15-34",2026-01-15,2026-01-18,1,"quantile",0.1,236310.0
"759","DE","15-34",2026-01-15,2026-01-18,1,"quantile",0.25,290870.0
"760","DE","15-34",2026-01-15,2026-01-18,1,"quantile",0.5,361100.0
"761","DE","15-34",2026-01-15,2026-01-18,1,"quantile",0.75,442170.0
"762","DE","15-34",2026-01-15,2026-01-18,1,"quantile",0.9,525130.0
"763","DE","15-34",2026-01-15,2026-01-18,1,"quantile",0.975,629980.0
"764","DE","15-34",2026-01-15,2026-01-25,2,"quantile",0.025,155800.0
"765","DE","15-34",2026-01-15,2026-01-25,2,"quantile",0.1,212340.0
"766","DE","15-34",2026-01-15,2026-01-25,2,"quantile",0.25,273990.0
"767","DE","15-34",2026-01-15,2026-01-25,2,"quantile",0.5,355890.0
"768","DE","15-34",2026-01-15,2026-01-25,2,"quantile",0.75,453050.0
"769","DE","15-34",2026-01-15,2026-01-25,2,"quantile",0.9,554570.0
"770","DE","15-34",2026-01-15,2026-01-25,2,"quantile",0.975,685030.0
"771","DE","15-34",2026-01-15,2026-02-01,3,"quantile",0.025,132490.0
"772","DE","15-34",2026-01-15,2026-02-01,3,"quantile",0.1,191540.0
"773","DE","15-34",2026-01-15,2026-02-01,3,"quantile",0.25,258380.0
"774","DE","15-34",2026-01-15,2026-02-01,3,"quantile",0.5,349880.0
"775","DE","15-34",2026-01-15,2026-02-01,3,"quantile",0.75,461210.0
"776","DE","15-34",2026-01-15,2026-02-01,3,"quantile",0.9,579750.0
"777","DE","15-34",2026-01-15,2026-02-01,3,"quantile",0.975,734370.0
"778","DE","15-34",2026-01-15,2026-02-08,4,"quantile",0.025,113560.0
"779","DE","15-34",2026-01-15,2026-02-08,4,"quantile",0.1,173870.0
"780","DE","15-34",2026-01-15,2026-02-08,4,"quantile",0.25,244680.0
"781","DE","15-34",2026-01-15,2026-02-08,4,"quantile",0.5,344440.0
"782","DE","15-34",2026-01-15,2026-02-08,4,"quantile",0.75,468700.0
"783","DE","15-34",2026-01-15,2026-02-08,4,"quantile",0.9,603300.0
"784","DE","15-34",2026-01-15,2026-02-08,4,"quantile",0.975,781240.0
"785","DE","35-59",2026-01-15,2026-01-18,1,"quantile",0.025,209840.0
"786","DE","35-59",2026-01-15,2026-01-18,1,"quantile",0.1,274330.0
"787","DE","35-59",2026-01-15,2026-01-18,1,"quantile",0.25,342820.0
"788","DE","35-59",2026-01-15,2026-01-18,1,"quantile",0.5,431850.0
"789","DE","35-59",2026-01-15,2026-01-18,1,"quantile",0.75,535540.0
"790","DE","35-59",2026-01-15,2026-01-18,1,"quantile",0.9,642360.0
"791","DE","35-59",2026-01-15,2026-01-18,1,"quantile",0.975,778070.0
"792","DE","35-59",2026-01-15,2026-01-25,2,"quantile",0.025,173970.0
"793","DE","35-59",2026-01-15,2026-01-25,2,"quantile",0.1,243360.0
"794","DE","35-59",2026-01-15,2026-01-25,2,"quantile",0.25,320270.0
"795","DE","35-59",2026-01-15,2026-01-25,2,"quantile",0.5,423810.0
"796","DE","35-59",2026-01-15,2026-01-25,2,"quantile",0.75,548040.0
"797","DE","35-59",2026-01-15,2026-01-25,2,"quantile",0.9,678920.0
"798","DE","35-59",2026-01-15,2026-01-25,2,"quantile",0.975,848240.0
"799","DE","35-59",2026-01-15,2026-02-01,3,"quantile",0.025,144930.0
"800","DE","35-59",2026-01-15,2026-02-01,3,"quantile",0.1,216530.0
"801","DE","35-59",2026-01-15,2026-02-01,3,"quantile",0.25,299290.0
"802","DE","35-59",2026-01-15,2026-02-01,3,"quantile",0.5,414480.0
"803","DE","35-59",2026-01-15,2026-02-01,3,"quantile",0.75,556520.0
"804","DE","35-59",2026-01-15,2026-02-01,3,"quantile",0.9,709280.0
"805","DE","35-59",2026-01-15,2026-02-01,3,"quantile",0.975,910080.0
"806","DE","35-59",2026-01-15,2026-02-08,4,"quantile",0.025,121430.0
"807","DE","35-59",2026-01-15,2026-02-08,4,"quantile",0.1,193550.0
"808","DE","35-59",2026-01-15,2026-02-08,4,"quantile",0.25,280440.0
"809","DE","35-59",2026-01-15,2026-02-08,4,"quantile",0.5,405300.0
"810","DE","35-59",2026-01-15,2026-02-08,4,"quantile",0.75,563280.0
"811","DE","35-59",2026-01-15,2026-02-08,4,"quantile",0.9,736380.0
"812","DE","35-59",2026-01-15,2026-02-08,4,"quantile",0.975,967220.0
"813","DE","60+",2026-01-15,2026-01-18,1,"quantile",0.025,97140.0
"814","DE","60+",2026-01-15,2026-01-18,1,"quantile",0.1,129340.0
"815","DE","60+",2026-01-15,2026-01-18,1,"quantile",0.25,163940.0
"816","DE","60+",2026-01-15,2026-01-18,1,"quantile",0.5,209340.0
"817","DE","60+",2026-01-15,2026-01-18,1,"quantile",0.75,262650.0
"818","DE","60+",2026-01-15,2026-01-18,1,"quantile",0.9,317910.0
"819","DE","60+",2026-01-15,2026-01-18,1,"quantile",0.975,388450.0
"820","DE","60+",2026-01-15,2026-01-25,2,"quantile",0.025,79590.0
"821","DE","60+",2026-01-15,2026-01-25,2,"quantile",0.1,114180.0
"822","DE","60+",2026-01-15,2026-01-25,2,"quantile",0.25,153130.0
"823","DE","60+",2026-01-15,2026-01-25,2,"quantile",0.5,206240.0
"824","DE","60+",2026-01-15,2026-01-25,2,"quantile",0.75,270640.0
"825","DE","60+",2026-01-15,2026-01-25,2,"quantile",0.9,339030.0
"826","DE","60+",2026-01-15,2026-01-25,2,"quantile",0.975,428050.0
"827","DE","60+",2026-01-15,2026-02-01,3,"quantile",0.025,65420.0
"828","DE","60+",2026-01-15,2026-02-01,3,"quantile",0.1,100950.0
"829","DE","60+",2026-01-15,2026-02-01,3,"quantile",0.25,142880.0
"830","DE","60+",2026-01-15,2026-02-01,3,"quantile",0.5,202170.0
"831","DE","60+",2026-01-15,2026-02-01,3,"quantile",0.75,276250.0
"832","DE","60+",2026-01-15,2026-02-01,3,"quantile",0.9,356670.0
"833","DE","60+",2026-01-15,2026-02-01,3,"quantile",0.975,463140.0
"834","DE","60+",2026-01-15,2026-02-08,4,"quantile",0.025,53860.0
"835","DE","60+",2026-01-15,2026-02-08,4,"quantile",0.1,89390.0
"836","DE","60+",2026-01-15,2026-02-08,4,"quantile",0.25,133310.0
"837","DE","60+",2026-01-15,2026-02-08,4,"quantile",0.5,197680.0
"838","DE","60+",2026-01-15,2026-02-08,4,"quantile",0.75,280390.0
"839","DE","60+",2026-01-15,2026-02-08,4,"quantile",0.9,372010.0
"840","DE","60+",2026-01-15,2026-02-08,4,"quantile",0.975,495200.0
"841","DE","00+",2026-01-22,2026-01-25,1,"quantile",0.025,643260.0
"842","DE","00+",2026-01-22,2026-01-25,1,"quantile",0.1,803360.0
"843","DE","00+",2026-01-22,2026-01-25,1,"quantile",0.25,968430.0
"844","DE","00+",2026-01-22,2026-01-25,1,"quantile",0.5,1177560.0
"845","DE","00+",2026-01-22,2026-01-25,1,"quantile",0.75,1415410.0
"846","DE","00+",2026-01-22,2026-01-25,1,"quantile",0.9,1655450.0
"847","DE","00+",2026-01-22,2026-01-25,1,"quantile",0.975,1954540.0
"848","DE","00+",2026-01-22,2026-02-01,2,"quantile",0.025,564390.0
"849","DE","00+",2026-01-22,2026-02-01,2,"quantile",0.1,739170.0
"850","DE","00+",2026-01-22,2026-02-01,2,"quantile",0.25,924840.0
"851","DE","00+",2026-01-22,2026-02-01,2,"quantile",0.5,1166100.0
"852","DE","00+",2026-01-22,2026-02-01,2,"quantile",0.75,1446630.0
"853","DE","00+",2026-01-22,2026-02-01,2,"quantile",0.9,1734770.0
"854","DE","00+",2026-01-22,2026-02-01,2,"quantile",0.975,2099060.0
"855","DE","00+",2026-01-22,2026-02-08,3,"quantile",0.025,504510.0
"856","DE","00+",2026-01-22,2026-02-08,3,"quantile",0.1,689080.0
"857","DE","00+",2026-01-22,2026-02-08,3,"quantile",0.25,890430.0
"858","DE","00+",2026-01-22,2026-02-08,3,"quantile",0.5,1157860.0
"859","DE","00+",2026-01-22,2026-02-08,3,"quantile",0.75,1474760.0
"860","DE","00+",2026-01-22,2026-02-08,3,"quantile",0.9,1805070.0
"861","DE","00+",2026-01-22,2026-02-08,3,"quantile",0.975,2227720.0
"862","DE","00+",2026-01-22,2026-02-15,4,"quantile",0.025,455790.0
"863","DE","00+",2026-01-22,2026-02-15,4,"quantile",0.1,646730.0
"864","DE","00+",2026-01-22,2026-02-15,4,"quantile",0.25,860150.0
"865","DE","00+",2026-01-22,2026-02-15,4,"quantile",0.5,1149210.0
"866","DE","00+",2026-01-22,2026-02-15,4,"quantile",0.75,1497490.0
"867","DE","00+",2026-01-22,2026-02-15,4,"quantile",0.9,1865120.0
"868","DE","00+",2026-01-22,2026-02-15,4,"quantile",0.975,2340370.0
"869","DE","00-04",2026-01-22,2026-01-25,1,"quantile",0.025,62170.0
"870","DE","00-04",2026-01-22,2026-01-25,1,"quantile",0.1,83530.0
"871","DE","00-04",2026-01-22,2026-01-25,1,"quantile",0.25,106590.0
"872","DE","00-04",2026-01-22,2026-01-25,1,"quantile",0.5,136960.0
"873","DE","00-04",2026-01-22,2026-01-25,1,"quantile",0.75,172690.0
"874","DE","00-04",2026-01-22,2026-01-25,1,"quantile",0.9,209750.0
"875","DE","00-04",2026-01-22,2026-01-25,1,"quantile",0.975,256980.0
"876","DE","00-04",2026-01-22,2026-02-01,2,"quantile",0.025,50440.0
"877","DE","00-04",2026-01-22,2026-02-01,2,"quantile",0.1,73310.0
"878","DE","00-04",2026-01-22,2026-02-01,2,"quantile",0.25,99260.0
"879","DE","00-04",2026-01-22,2026-02-01,2,"quantile",0.5,134850.0
"880","DE","00-04",2026-01-22,2026-02-01,2,"quantile",0.75,178180.0
"881","DE","00-04",2026-01-22,2026-02-01,2,"quantile",0.9,224290.0
"882","DE","00-04",2026-01-22,2026-02-01,2,"quantile",0.975,284310.0
"883","DE","00-04",2026-01-22,2026-02-08,3,"quantile",0.025,41310.0
"884","DE","00-04",2026-01-22,2026-02-08,3,"quantile",0.1,64840.0
"885","DE","00-04",2026-01-22,2026-02-08,3,"quantile",0.25,92890.0
"886","DE","00-04",2026-01-22,2026-02-08,3,"quantile",0.5,132860.0
"887","DE","00-04",2026-01-22,2026-02-08,3,"quantile",0.75,183070.0
"888","DE","00-04",2026-01-22,2026-02-08,3,"quantile",0.9,237750.0
"889","DE","00-04",2026-01-22,2026-02-08,3,"quantile",0.975,310220.0
"890","DE","00-04",2026-01-22,2026-02-15,4,"quantile",0.025,33770.0
"891","DE","00-04",2026-01-22,2026-02-15,4,"quantile",0.1,57290.0
"892","DE","00-04",2026-01-22,2026-02-15,4,"quantile",0.25,86790.0
"893","DE","00-04",2026-01-22,2026-02-15,4,"quantile",0.5,130450.0
"894","DE","00-04",2026-01-22,2026-02-15,4,"quantile",0.75,186960.0
"895","DE","00-04",2026-01-22,2026-02-15,4,"quantile",0.9,249840.0
"896","DE","00-04",2026-01-22,2026-02-15,4,"quantile",0.975,334550.0
"897","DE","05-14",2026-01-22,2026-01-25,1,"quantile",0.025,47370.0
"898","DE","05-14",2026-01-22,2026-01-25,1,"quantile",0.1,65530.0
"899","DE","05-14",2026-01-22,2026-01-25,1,"quantile",0.25,85500.0
"900","DE","05-14",2026-01-22,2026-01-25,1,"quantile",0.5,112200.0
"901","DE","05-14",2026-01-22,2026-01-25,1,"quantile",0.75,144040.0
"902","DE","05-14",2026-01-22,2026-01-25,1,"quantile",0.9,177380.0
"903","DE","05-14",2026-01-22,2026-01-25,1,"quantile",0.975,220240.0
"904","DE","05-14",2026-01-22,2026-02-01,2,"quantile",0.025,37610.0
"905","DE","05-14",2026-01-22,2026-02-01,2,"quantile",0.1,56970.0
"906","DE","05-14",2026-01-22,2026-02-01,2,"quantile",0.25,79540.0
"907","DE","05-14",2026-01-22,2026-02-01,2,"quantile",0.5,111150.0
"908","DE","05-14",2026-01-22,2026-02-01,2,"quantile",0.75,150300.0
"909","DE","05-14",2026-01-22,2026-02-01,2,"quantile",0.9,192500.0
"910","DE","05-14",2026-01-22,2026-02-01,2,"quantile",0.975,248000.0
"911","DE","05-14",2026-01-22,2026-02-08,3,"quantile",0.025,30100.0
"912","DE","05-14",2026-01-22,2026-02-08,3,"quantile",0.1,49920.0
"913","DE","05-14",2026-01-22,2026-02-08,3,"quantile",0.25,74390.0
"914","DE","05-14",2026-01-22,2026-02-08,3,"quantile",0.5,110220.0
"915","DE","05-14",2026-01-22,2026-02-08,3,"quantile",0.75,156200.0
"916","DE","05-14",2026-01-22,2026-02-08,3,"quantile",0.9,207050.0
"917","DE","05-14",2026-01-22,2026-02-08,3,"quantile",0.975,275250.0
"918","DE","05-14",2026-01-22,2026-02-15,4,"quantile",0.025,24010.0
"919","DE","05-14",2026-01-22,2026-02-15,4,"quantile",0.1,43690.0
"920","DE","05-14",2026-01-22,2026-02-15,4,"quantile",0.25,69490.0
"921","DE","05-14",2026-01-22,2026-02-15,4,"quantile",0.5,108990.0
"922","DE","05-14",2026-01-22,2026-02-15,4,"quantile",0.75,161440.0
"923","DE","05-14",2026-01-22,2026-02-15,4,"quantile",0.9,220830.0
"924","DE","05-14",2026-01-22,2026-02-15,4,"quantile",0.975,301940.0
"925","DE","15-34",2026-01-22,2026-01-25,1,"quantile",0.025,173930.0
"926","DE","15-34",2026-01-22,2026-01-25,1,"quantile",0.1,222900.0
"927","DE","15-34",2026-01-22,2026-01-25,1,"quantile",0.25,274220.0
"928","DE","15-34",2026-01-22,2026-01-25,1,"quantile",0.5,340140.0
"929","DE","15-34",2026-01-22,2026-01-25,1,"quantile",0.75,416040.0
"930","DE","15-34",2026-01-22,2026-01-25,1,"quantile",0.9,493390.0
"931","DE","15-34",2026-01-22,2026-01-25,1,"quantile",0.975,590570.0
"932","DE","15-34",2026-01-22,2026-02-01,2,"quantile",0.025,146760.0
"933","DE","15-34",2026-01-22,2026-02-01,2,"quantile",0.1,199890.0
"934","DE","15-34",2026-01-22,2026-02-01,2,"quantile",0.25,257760.0
"935","DE","15-34",2026-01-22,2026-02-01,2,"quantile",0.5,334510.0
"936","DE","15-34",2026-01-22,2026-02-01,2,"quantile",0.75,425370.0
"937","DE","15-34",2026-01-22,2026-02-01,2,"quantile",0.9,520000.0
"938","DE","15-34",2026-01-22,2026-02-01,2,"quantile",0.975,641040.0
"939","DE","15-34",2026-01-22,2026-02-08,3,"quantile",0.025,125310.0
"940","DE","15-34",2026-01-22,2026-02-08,3,"quantile",0.1,180880.0
"941","DE","15-34",2026-01-22,2026-02-08,3,"quantile",0.25,243670.0
"942","DE","15-34",2026-01-22,2026-02-08,3,"quantile",0.5,329480.0
"943","DE","15-34",2026-01-22,2026-02-08,3,"quantile",0.75,433650.0
"944","DE","15-34",2026-01-22,2026-02-08,3,"quantile",0.9,544230.0
"945","DE","15-34",2026-01-22,2026-02-08,3,"quantile",0.975,687880.0
"946","DE","15-34",2026-01-22,2026-02-15,4,"quantile",0.025,107000.0
"947","DE","15-34",2026-01-22,2026-02-15,4,"quantile",0.1,163630.0
"948","DE","15-34",2026-01-22,2026-02-15,4,"quantile",0.25,230020.0
"949","DE","15-34",2026-01-22,2026-02-15,4,"quantile",0.5,323420.0
"950","DE","15-34",2026-01-22,2026-02-15,4,"quantile",0.75,439530.0
"951","DE","15-34",2026-01-22,2026-02-15,4,"quantile",0.9,564990.0
"952","DE","15-34",2026-01-22,2026-02-15,4,"quantile",0.975,730260.0
"953","DE","35-59",2026-01-22,2026-01-25,1,"quantile",0.025,203880.0
"954","DE","35-59",2026-01-22,2026-01-25,1,"quantile",0.1,266400.0
"955","DE","35-59",2026-01-22,2026-01-25,1,"quantile",0.25,332710.0
"956","DE","35-59",2026-01-22,2026-01-25,1,"quantile",0.5,418780.0
"957","DE","35-59",2026-01-22,2026-01-25,1,"quantile",0.75,518760.0
"958","DE","35-59",2026-01-22,2026-01-25,1,"quantile",0.9,621400.0
"959","DE","35-59",2026-01-22,2026-01-25,1,"quantile",0.975,751110.0
"960","DE","35-59",2026-01-22,2026-02-01,2,"quantile",0.025,168710.0
"961","DE","35-59",2026-01-22,2026-02-01,2,"quantile",0.1,235790.0
"962","DE","35-59",2026-01-22,2026-02-01,2,"quantile",0.25,310050.0
"963","DE","35-59",2026-01-22,2026-02-01,2,"quantile",0.5,409870.0
"964","DE","35-59",2026-01-22,2026-02-01,2,"quantile",0.75,529380.0
"965","DE","35-59",2026-01-22,2026-02-01,2,"quantile",0.9,654940.0
"966","DE","35-59",2026-01-22,2026-02-01,2,"quantile",0.975,816680.0
"967","DE","35-59",2026-01-22,2026-02-08,3,"quantile",0.025,140990.0
"968","DE","35-59",2026-01-22,2026-02-08,3,"quantile",0.1,210230.0
"969","DE","35-59",2026-01-22,2026-02-08,3,"quantile",0.25,290130.0
"970","DE","35-59",2026-01-22,2026-02-08,3,"quantile",0.5,401110.0
"971","DE","35-59",2026-01-22,2026-02-08,3,"quantile",0.75,537660.0
"972","DE","35-59",2026-01-22,2026-02-08,3,"quantile",0.9,684110.0
"973","DE","35-59",2026-01-22,2026-02-08,3,"quantile",0.975,875890.0
"974","DE","35-59",2026-01-22,2026-02-15,4,"quantile",0.025,117620.0
"975","DE","35-59",2026-01-22,2026-02-15,4,"quantile",0.1,187150.0
"976","DE","35-59",2026-01-22,2026-02-15,4,"quantile",0.25,270790.0
"977","DE","35-59",2026-01-22,2026-02-15,4,"quantile",0.5,390780.0
"978","DE","35-59",2026-01-22,2026-02-15,4,"quantile",0.75,542310.0
"979","DE","35-59",2026-01-22,2026-02-15,4,"quantile",0.9,707950.0
"980","DE","35-59",2026-01-22,2026-02-15,4,"quantile",0.975,928100.0
"981","DE","60+",2026-01-22,2026-01-25,1,"quantile",0.025,85510.0
"982","DE","60+",2026-01-22,2026-01-25,1,"quantile",0.1,113790.0
"983","DE","60+",2026-01-22,2026-01-25,1,"quantile",0.25,144150.0
"984","DE","60+",2026-01-22,2026-01-25,1,"quantile",0.5,183920.0
"985","DE","60+",2026-01-22,2026-01-25,1,"quantile",0.75,230510.0
"986","DE","60+",2026-01-22,2026-01-25,1,"quantile",0.9,278640.0
"987","DE","60+",2026-01-22,2026-01-25,1,"quantile",0.975,339770.0
"988","DE","60+",2026-01-22,2026-02-01,2,"quantile",0.025,69800.0
"989","DE","60+",2026-01-22,2026-02-01,2,"quantile",0.1,100030.0
"990","DE","60+",2026-01-22,2026-02-01,2,"quantile",0.25,134050.0
"991","DE","60+",2026-01-22,2026-02-01,2,"quantile",0.5,180360.0
"992","DE","60+",2026-01-22,2026-02-01,2,"quantile",0.75,236400.0
"993","DE","60+",2026-01-22,2026-02-01,2,"quantile",0.9,295750.0
"994","DE","60+",2026-01-22,2026-02-01,2,"quantile",0.975,372700.0
"995","DE","60+",2026-01-22,2026-02-08,3,"quantile",0.025,57380.0
"996","DE","60+",2026-01-22,2026-02-08,3,"quantile",0.1,88380.0
"997","DE","60+",2026-01-22,2026-02-08,3,"quantile",0.25,124910.0
"998","DE","60+",2026-01-22,2026-02-08,3,"quantile",0.5,176470.0
"999","DE","60+",2026-01-22,2026-02-08,3,"quantile",0.75,240750.0
"1000","DE","60+",2026-01-22,2026-02-08,3,"quantile",0.9,310360.0
"1001","DE","60+",2026-01-22,2026-02-08,3,"quantile",0.975,402180.0
"1002","DE","60+",2026-01-22,2026-02-15,4,"quantile",0.025,46930.0
"1003","DE","60+",2026-01-22,2026-02-15,4,"quantile",0.1,77780.0
"1004","DE","60+",2026-01-22,2026-02-15,4,"quantile",0.25,115860.0
"1005","DE","60+",2026-01-22,2026-02-15,4,"quantile",0.5,171600.0
"1006","DE","60+",2026-01-22,2026-02-15,4,"quantile",0.75,243090.0
"1007","DE","60+",2026-01-22,2026-02-15,4,"quantile",0.9,322110.0
"1008","DE","60+",2026-01-22,2026-02-15,4,"quantile",0.975,428020.0
"1009","DE","00+",2026-01-29,2026-02-01,1,"quantile",0.025,674770.0
"1010","DE","00+",2026-01-29,2026-02-01,1,"quantile",0.1,840690.0
"1011","DE","00+",2026-01-29,2026-02-01,1,"quantile",0.25,1011490.0
"1012","DE","00+",2026-01-29,2026-02-01,1,"quantile",0.5,1227580.0
"1013","DE","00+",2026-01-29,2026-02-01,1,"quantile",0.75,1473020.0
"1014","DE","00+",2026-01-29,2026-02-01,1,"quantile",0.9,1720420.0
"1015","DE","00+",2026-01-29,2026-02-01,1,"quantile",0.975,2028330.0
"1016","DE","00+",2026-01-29,2026-02-08,2,"quantile",0.025,610530.0
"1017","DE","00+",2026-01-29,2026-02-08,2,"quantile",0.1,793190.0
"1018","DE","00+",2026-01-29,2026-02-08,2,"quantile",0.25,986230.0
"1019","DE","00+",2026-01-29,2026-02-08,2,"quantile",0.5,1235950.0
"1020","DE","00+",2026-01-29,2026-02-08,2,"quantile",0.75,1525190.0
"1021","DE","00+",2026-01-29,2026-02-08,2,"quantile",0.9,1821300.0
"1022","DE","00+",2026-01-29,2026-02-08,2,"quantile",0.975,2194560.0
"1023","DE","00+",2026-01-29,2026-02-15,3,"quantile",0.025,562990.0
"1024","DE","00+",2026-01-29,2026-02-15,3,"quantile",0.1,757470.0
"1025","DE","00+",2026-01-29,2026-02-15,3,"quantile",0.25,967600.0
"1026","DE","00+",2026-01-29,2026-02-15,3,"quantile",0.5,1244460.0
"1027","DE","00+",2026-01-29,2026-02-15,3,"quantile",0.75,1570260.0
"1028","DE","00+",2026-01-29,2026-02-15,3,"quantile",0.9,1907950.0
"1029","DE","00+",2026-01-29,2026-02-15,3,"quantile",0.975,2337960.0
"1030","DE","00+",2026-01-29,2026-02-22,4,"quantile",0.025,525150.0
"1031","DE","00+",2026-01-29,2026-02-22,4,"quantile",0.1,728300.0
"1032","DE","00+",2026-01-29,2026-02-22,4,"quantile",0.25,952060.0
"1033","DE","00+",2026-01-29,2026-02-22,4,"quantile",0.5,1251530.0
"1034","DE","00+",2026-01-29,2026-02-22,4,"quantile",0.75,1608700.0
"1035","DE","00+",2026-01-29,2026-02-22,4,"quantile",0.9,1982720.0
"1036","DE","00+",2026-01-29,2026-02-22,4,"quantile",0.975,2462990.0
"1037","DE","00-04",2026-01-29,2026-02-01,1,"quantile",0.025,76090.0
"1038","DE","00-04",2026-01-29,2026-02-01,1,"quantile",0.1,102210.0
"1039","DE","00-04",2026-01-29,2026-02-01,1,"quantile",0.25,130420.0
"1040","DE","00-04",2026-01-29,2026-02-01,1,"quantile",0.5,167570.0
"1041","DE","00-04",2026-01-29,2026-02-01,1,"quantile",0.75,211280.0
"1042","DE","00-04",2026-01-29,2026-02-01,1,"quantile",0.9,256620.0
"1043","DE","00-04",2026-01-29,2026-02-01,1,"quantile",0.975,314430.0
"1044","DE","00-04",2026-01-29,2026-02-08,2,"quantile",0.025,62050.0
"1045","DE","00-04",2026-01-29,2026-02-08,2,"quantile",0.1,90080.0
"1046","DE","00-04",2026-01-29,2026-02-08,2,"quantile",0.25,121870.0
"1047","DE","00-04",2026-01-29,2026-02-08,2,"quantile",0.5,165450.0
"1048","DE","00-04",2026-01-29,2026-02-08,2,"quantile",0.75,218500.0
"1049","DE","00-04",2026-01-29,2026-02-08,2,"quantile",0.9,274930.0
"1050","DE","00-04",2026-01-29,2026-02-08,2,"quantile",0.975,348390.0
"1051","DE","00-04",2026-01-29,2026-02-15,3,"quantile",0.025,50810.0
"1052","DE","00-04",2026-01-29,2026-02-15,3,"quantile",0.1,79620.0
"1053","DE","00-04",2026-01-29,2026-02-15,3,"quantile",0.25,113950.0
"1054","DE","00-04",2026-01-29,2026-02-15,3,"quantile",0.5,162840.0
"1055","DE","00-04",2026-01-29,2026-02-15,3,"quantile",0.75,224220.0
"1056","DE","00-04",2026-01-29,2026-02-15,3,"quantile",0.9,291050.0
"1057","DE","00-04",2026-01-29,2026-02-15,3,"quantile",0.975,379610.0
"1058","DE","00-04",2026-01-29,2026-02-22,4,"quantile",0.025,41470.0
"1059","DE","00-04",2026-01-29,2026-02-22,4,"quantile",0.1,70250.0
"1060","DE","00-04",2026-01-29,2026-02-22,4,"quantile",0.25,106310.0
"1061","DE","00-04",2026-01-29,2026-02-22,4,"quantile",0.5,159630.0
"1062","DE","00-04",2026-01-29,2026-02-22,4,"quantile",0.75,228630.0
"1063","DE","00-04",2026-01-29,2026-02-22,4,"quantile",0.9,305360.0
"1064","DE","00-04",2026-01-29,2026-02-22,4,"quantile",0.975,408730.0
"1065","DE","05-14",2026-01-29,2026-02-01,1,"quantile",0.025,60410.0
"1066","DE","05-14",2026-01-29,2026-02-01,1,"quantile",0.1,83540.0
"1067","DE","05-14",2026-01-29,2026-02-01,1,"quantile",0.25,108970.0
"1068","DE","05-14",2026-01-29,2026-02-01,1,"quantile",0.5,142980.0
"1069","DE","05-14",2026-01-29,2026-02-01,1,"quantile",0.75,183520.0
"1070","DE","05-14",2026-01-29,2026-02-01,1,"quantile",0.9,225980.0
"1071","DE","05-14",2026-01-29,2026-02-01,1,"quantile",0.975,280560.0
"1072","DE","05-14",2026-01-29,2026-02-08,2,"quantile",0.025,48280.0
"1073","DE","05-14",2026-01-29,2026-02-08,2,"quantile",0.1,73030.0
"1074","DE","05-14",2026-01-29,2026-02-08,2,"quantile",0.25,101850.0
"1075","DE","05-14",2026-01-29,2026-02-08,2,"quantile",0.5,142190.0
"1076","DE","05-14",2026-01-29,2026-02-08,2,"quantile",0.75,192120.0
"1077","DE","05-14",2026-01-29,2026-02-08,2,"quantile",0.9,245930.0
"1078","DE","05-14",2026-01-29,2026-02-08,2,"quantile",0.975,316670.0
"1079","DE","05-14",2026-01-29,2026-02-15,3,"quantile",0.025,38700.0
"1080","DE","05-14",2026-01-29,2026-02-15,3,"quantile",0.1,64040.0
"1081","DE","05-14",2026-01-29,2026-02-15,3,"quantile",0.25,95290.0
"1082","DE","05-14",2026-01-29,2026-02-15,3,"quantile",0.5,141000.0
"1083","DE","05-14",2026-01-29,2026-02-15,3,"quantile",0.75,199620.0
"1084","DE","05-14",2026-01-29,2026-02-15,3,"quantile",0.9,264410.0
"1085","DE","05-14",2026-01-29,2026-02-15,3,"quantile",0.975,351280.0
"1086","DE","05-14",2026-01-29,2026-02-22,4,"quantile",0.025,30810.0
"1087","DE","05-14",2026-01-29,2026-02-22,4,"quantile",0.1,55940.0
"1088","DE","05-14",2026-01-29,2026-02-22,4,"quantile",0.25,88850.0
"1089","DE","05-14",2026-01-29,2026-02-22,4,"quantile",0.5,139190.0
"1090","DE","05-14",2026-01-29,2026-02-22,4,"quantile",0.75,205980.0
"1091","DE","05-14",2026-01-29,2026-02-22,4,"quantile",0.9,281580.0
"1092","DE","05-14",2026-01-29,2026-02-22,4,"quantile",0.975,384780.0
"1093","DE","15-34",2026-01-29,2026-02-01,1,"quantile",0.025,175600.0
"1094","DE","15-34",2026-01-29,2026-02-01,1,"quantile",0.1,225000.0
"1095","DE","15-34",2026-01-29,2026-02-01,1,"quantile",0.25,276770.0
"1096","DE","15-34",2026-01-29,2026-02-01,1,"quantile",0.5,343260.0
"1097","DE","15-34",2026-01-29,2026-02-01,1,"quantile",0.75,419820.0
"1098","DE","15-34",2026-01-29,2026-02-01,1,"quantile",0.9,497860.0
"1099","DE","15-34",2026-01-29,2026-02-01,1,"quantile",0.975,595910.0
"1100","DE","15-34",2026-01-29,2026-02-08,2,"quantile",0.025,148760.0
"1101","DE","15-34",2026-01-29,2026-02-08,2,"quantile",0.1,202450.0
"1102","DE","15-34",2026-01-29,2026-02-08,2,"quantile",0.25,260890.0
"1103","DE","15-34",2026-01-29,2026-02-08,2,"quantile",0.5,338380.0
"1104","DE","15-34",2026-01-29,2026-02-08,2,"quantile",0.75,430080.0
"1105","DE","15-34",2026-01-29,2026-02-08,2,"quantile",0.9,525570.0
"1106","DE","15-34",2026-01-29,2026-02-08,2,"quantile",0.975,647690.0
"1107","DE","15-34",2026-01-29,2026-02-15,3,"quantile",0.025,126660.0
"1108","DE","15-34",2026-01-29,2026-02-15,3,"quantile",0.1,182690.0
"1109","DE","15-34",2026-01-29,2026-02-15,3,"quantile",0.25,245990.0
"1110","DE","15-34",2026-01-29,2026-02-15,3,"quantile",0.5,332450.0
"1111","DE","15-34",2026-01-29,2026-02-15,3,"quantile",0.75,437380.0
"1112","DE","15-34",2026-01-29,2026-02-15,3,"quantile",0.9,548760.0
"1113","DE","15-34",2026-01-29,2026-02-15,3,"quantile",0.975,693430.0
"1114","DE","15-34",2026-01-29,2026-02-22,4,"quantile",0.025,107400.0
"1115","DE","15-34",2026-01-29,2026-02-22,4,"quantile",0.1,164280.0
"1116","DE","15-34",2026-01-29,2026-02-22,4,"quantile",0.25,230980.0
"1117","DE","15-34",2026-01-29,2026-02-22,4,"quantile",0.5,324820.0
"1118","DE","15-34",2026-01-29,2026-02-22,4,"quantile",0.75,441500.0
"1119","DE","15-34",2026-01-29,2026-02-22,4,"quantile",0.9,567600.0
"1120","DE","15-34",2026-01-29,2026-02-22,4,"quantile",0.975,733730.0
"1121","DE","35-59",2026-01-29,2026-02-01,1,"quantile",0.025,197430.0
"1122","DE","35-59",2026-01-29,2026-02-01,1,"quantile",0.1,257940.0
"1123","DE","35-59",2026-01-29,2026-02-01,1,"quantile",0.25,322140.0
"1124","DE","35-59",2026-01-29,2026-02-01,1,"quantile",0.5,405450.0
"1125","DE","35-59",2026-01-29,2026-02-01,1,"quantile",0.75,502240.0
"1126","DE","35-59",2026-01-29,2026-02-01,1,"quantile",0.9,601590.0
"1127","DE","35-59",2026-01-29,2026-02-01,1,"quantile",0.975,727150.0
"1128","DE","35-59",2026-01-29,2026-02-08,2,"quantile",0.025,163770.0
"1129","DE","35-59",2026-01-29,2026-02-08,2,"quantile",0.1,228700.0
"1130","DE","35-59",2026-01-29,2026-02-08,2,"quantile",0.25,300560.0
"1131","DE","35-59",2026-01-29,2026-02-08,2,"quantile",0.5,397110.0
"1132","DE","35-59",2026-01-29,2026-02-08,2,"quantile",0.75,512660.0
"1133","DE","35-59",2026-01-29,2026-02-08,2,"quantile",0.9,634030.0
"1134","DE","35-59",2026-01-29,2026-02-08,2,"quantile",0.975,790350.0
"1135","DE","35-59",2026-01-29,2026-02-15,3,"quantile",0.025,136330.0
"1136","DE","35-59",2026-01-29,2026-02-15,3,"quantile",0.1,203150.0
"1137","DE","35-59",2026-01-29,2026-02-15,3,"quantile",0.25,280200.0
"1138","DE","35-59",2026-01-29,2026-02-15,3,"quantile",0.5,387210.0
"1139","DE","35-59",2026-01-29,2026-02-15,3,"quantile",0.75,518840.0
"1140","DE","35-59",2026-01-29,2026-02-15,3,"quantile",0.9,659980.0
"1141","DE","35-59",2026-01-29,2026-02-15,3,"quantile",0.975,844780.0
"1142","DE","35-59",2026-01-29,2026-02-22,4,"quantile",0.025,112820.0
"1143","DE","35-59",2026-01-29,2026-02-22,4,"quantile",0.1,179580.0
"1144","DE","35-59",2026-01-29,2026-02-22,4,"quantile",0.25,259900.0
"1145","DE","35-59",2026-01-29,2026-02-22,4,"quantile",0.5,375160.0
"1146","DE","35-59",2026-01-29,2026-02-22,4,"quantile",0.75,520740.0
"1147","DE","35-59",2026-01-29,2026-02-22,4,"quantile",0.9,679890.0
"1148","DE","35-59",2026-01-29,2026-02-22,4,"quantile",0.975,891430.0
"1149","DE","60+",2026-01-29,2026-02-01,1,"quantile",0.025,73280.0
"1150","DE","60+",2026-01-29,2026-02-01,1,"quantile",0.1,97530.0
"1151","DE","60+",2026-01-29,2026-02-01,1,"quantile",0.25,123550.0
"1152","DE","60+",2026-01-29,2026-02-01,1,"quantile",0.5,157650.0
"1153","DE","60+",2026-01-29,2026-02-01,1,"quantile",0.75,197600.0
"1154","DE","60+",2026-01-29,2026-02-01,1,"quantile",0.9,238860.0
"1155","DE","60+",2026-01-29,2026-02-01,1,"quantile",0.975,291260.0
"1156","DE","60+",2026-01-29,2026-02-08,2,"quantile",0.025,59810.0
"1157","DE","60+",2026-01-29,2026-02-08,2,"quantile",0.1,85670.0
"1158","DE","60+",2026-01-29,2026-02-08,2,"quantile",0.25,114750.0
"1159","DE","60+",2026-01-29,2026-02-08,2,"quantile",0.5,154330.0
"1160","DE","60+",2026-01-29,2026-02-08,2,"quantile",0.75,202220.0
"1161","DE","60+",2026-01-29,2026-02-08,2,"quantile",0.9,252920.0
"1162","DE","60+",2026-01-29,2026-02-08,2,"quantile",0.975,318630.0
"1163","DE","60+",2026-01-29,2026-02-15,3,"quantile",0.025,48830.0
"1164","DE","60+",2026-01-29,2026-02-15,3,"quantile",0.1,75200.0
"1165","DE","60+",2026-01-29,2026-02-15,3,"quantile",0.25,106270.0
"1166","DE","60+",2026-01-29,2026-02-15,3,"quantile",0.5,150110.0
"1167","DE","60+",2026-01-29,2026-02-15,3,"quantile",0.75,204770.0
"1168","DE","60+",2026-01-29,2026-02-15,3,"quantile",0.9,263940.0
"1169","DE","60+",2026-01-29,2026-02-15,3,"quantile",0.975,341990.0
"1170","DE","60+",2026-01-29,2026-02-22,4,"quantile",0.025,39520.0
"1171","DE","60+",2026-01-29,2026-02-22,4,"quantile",0.1,65570.0
"1172","DE","60+",2026-01-29,2026-02-22,4,"quantile",0.25,97760.0
"1173","DE","60+",2026-01-29,2026-02-22,4,"quantile",0.5,144890.0
"1174","DE","60+",2026-01-29,2026-02-22,4,"quantile",0.75,205370.0
"1175","DE","60+",2026-01-29,2026-02-22,4,"quantile",0.9,272240.0
"1176","DE","60+",2026-01-29,2026-02-22,4,"quantile",0.975,361890.0
"1177","DE","00+",2026-02-05,2026-02-08,1,"quantile",0.025,815740.0
"1178","DE","00+",2026-02-05,2026-02-08,1,"quantile",0.1,1017210.0
"1179","DE","00+",2026-02-05,2026-02-08,1,"quantile",0.25,1224920.0
"1180","DE","00+",2026-02-05,2026-02-08,1,"quantile",0.5,1488280.0
"1181","DE","00+",2026-02-05,2026-02-08,1,"quantile",0.75,1788380.0
"1182","DE","00+",2026-02-05,2026-02-08,1,"quantile",0.9,2092310.0
"1183","DE","00+",2026-02-05,2026-02-08,1,"quantile",0.975,2473330.0
"1184","DE","00+",2026-02-05,2026-02-15,2,"quantile",0.025,730810.0
"1185","DE","00+",2026-02-05,2026-02-15,2,"quantile",0.1,951430.0
"1186","DE","00+",2026-02-05,2026-02-15,2,"quantile",0.25,1185080.0
"1187","DE","00+",2026-02-05,2026-02-15,2,"quantile",0.5,1488070.0
"1188","DE","00+",2026-02-05,2026-02-15,2,"quantile",0.75,1840090.0
"1189","DE","00+",2026-02-05,2026-02-15,2,"quantile",0.9,2201880.0
"1190","DE","00+",2026-02-05,2026-02-15,2,"quantile",0.975,2660530.0
"1191","DE","00+",2026-02-05,2026-02-22,3,"quantile",0.025,661170.0
"1192","DE","00+",2026-02-05,2026-02-22,3,"quantile",0.1,894280.0
"1193","DE","00+",2026-02-05,2026-02-22,3,"quantile",0.25,1147160.0
"1194","DE","00+",2026-02-05,2026-02-22,3,"quantile",0.5,1481610.0
"1195","DE","00+",2026-02-05,2026-02-22,3,"quantile",0.75,1876810.0
"1196","DE","00+",2026-02-05,2026-02-22,3,"quantile",0.9,2288250.0
"1197","DE","00+",2026-02-05,2026-02-22,3,"quantile",0.975,2815100.0
"1198","DE","00+",2026-02-05,2026-03-01,4,"quantile",0.025,603820.0
"1199","DE","00+",2026-02-05,2026-03-01,4,"quantile",0.1,845680.0
"1200","DE","00+",2026-02-05,2026-03-01,4,"quantile",0.25,1113890.0
"1201","DE","00+",2026-02-05,2026-03-01,4,"quantile",0.5,1475020.0
"1202","DE","00+",2026-02-05,2026-03-01,4,"quantile",0.75,1908210.0
"1203","DE","00+",2026-02-05,2026-03-01,4,"quantile",0.9,2364340.0
"1204","DE","00+",2026-02-05,2026-03-01,4,"quantile",0.975,2953660.0
"1205","DE","00-04",2026-02-05,2026-02-08,1,"quantile",0.025,97390.0
"1206","DE","00-04",2026-02-05,2026-02-08,1,"quantile",0.1,130870.0
"1207","DE","00-04",2026-02-05,2026-02-08,1,"quantile",0.25,167050.0
"1208","DE","00-04",2026-02-05,2026-02-08,1,"quantile",0.5,214770.0
"1209","DE","00-04",2026-02-05,2026-02-08,1,"quantile",0.75,271060.0
"1210","DE","00-04",2026-02-05,2026-02-08,1,"quantile",0.9,329620.0
"1211","DE","00-04",2026-02-05,2026-02-08,1,"quantile",0.975,404670.0
"1212","DE","00-04",2026-02-05,2026-02-15,2,"quantile",0.025,79410.0
"1213","DE","00-04",2026-02-05,2026-02-15,2,"quantile",0.1,115290.0
"1214","DE","00-04",2026-02-05,2026-02-15,2,"quantile",0.25,156020.0
"1215","DE","00-04",2026-02-05,2026-02-15,2,"quantile",0.5,211890.0
"1216","DE","00-04",2026-02-05,2026-02-15,2,"quantile",0.75,280010.0
"1217","DE","00-04",2026-02-05,2026-02-15,2,"quantile",0.9,352650.0
"1218","DE","00-04",2026-02-05,2026-02-15,2,"quantile",0.975,447570.0
"1219","DE","00-04",2026-02-05,2026-02-22,3,"quantile",0.025,64960.0
"1220","DE","00-04",2026-02-05,2026-02-22,3,"quantile",0.1,101790.0
"1221","DE","00-04",2026-02-05,2026-02-22,3,"quantile",0.25,145700.0
"1222","DE","00-04",2026-02-05,2026-02-22,3,"quantile",0.5,208270.0
"1223","DE","00-04",2026-02-05,2026-02-22,3,"quantile",0.75,286930.0
"1224","DE","00-04",2026-02-05,2026-02-22,3,"quantile",0.9,372740.0
"1225","DE","00-04",2026-02-05,2026-02-22,3,"quantile",0.975,486810.0
"1226","DE","00-04",2026-02-05,2026-03-01,4,"quantile",0.025,52980.0
"1227","DE","00-04",2026-02-05,2026-03-01,4,"quantile",0.1,89740.0
"1228","DE","00-04",2026-02-05,2026-03-01,4,"quantile",0.25,135800.0
"1229","DE","00-04",2026-02-05,2026-03-01,4,"quantile",0.5,203960.0
"1230","DE","00-04",2026-02-05,2026-03-01,4,"quantile",0.75,292250.0
"1231","DE","00-04",2026-02-05,2026-03-01,4,"quantile",0.9,390610.0
"1232","DE","00-04",2026-02-05,2026-03-01,4,"quantile",0.975,523460.0
"1233","DE","05-14",2026-02-05,2026-02-08,1,"quantile",0.025,84770.0
"1234","DE","05-14",2026-02-05,2026-02-08,1,"quantile",0.1,117280.0
"1235","DE","05-14",2026-02-05,2026-02-08,1,"quantile",0.25,153070.0
"1236","DE","05-14",2026-02-05,2026-02-08,1,"quantile",0.5,200990.0
"1237","DE","05-14",2026-02-05,2026-02-08,1,"quantile",0.75,258240.0
"1238","DE","05-14",2026-02-05,2026-02-08,1,"quantile",0.9,318400.0
"1239","DE","05-14",2026-02-05,2026-02-08,1,"quantile",0.975,396130.0
"1240","DE","05-14",2026-02-05,2026-02-15,2,"quantile",0.025,67820.0
"1241","DE","05-14",2026-02-05,2026-02-15,2,"quantile",0.1,102600.0
"1242","DE","05-14",2026-02-05,2026-02-15,2,"quantile",0.25,143140.0
"1243","DE","05-14",2026-02-05,2026-02-15,2,"quantile",0.5,199920.0
"1244","DE","05-14",2026-02-05,2026-02-15,2,"quantile",0.75,270330.0
"1245","DE","05-14",2026-02-05,2026-02-15,2,"quantile",0.9,346370.0
"1246","DE","05-14",2026-02-05,2026-02-15,2,"quantile",0.975,446730.0
"1247","DE","05-14",2026-02-05,2026-02-22,3,"quantile",0.025,54300.0
"1248","DE","05-14",2026-02-05,2026-02-22,3,"quantile",0.1,89870.0
"1249","DE","05-14",2026-02-05,2026-02-22,3,"quantile",0.25,133770.0
"1250","DE","05-14",2026-02-05,2026-02-22,3,"quantile",0.5,198040.0
"1251","DE","05-14",2026-02-05,2026-02-22,3,"quantile",0.75,280560.0
"1252","DE","05-14",2026-02-05,2026-02-22,3,"quantile",0.9,371950.0
"1253","DE","05-14",2026-02-05,2026-02-22,3,"quantile",0.975,494890.0
"1254","DE","05-14",2026-02-05,2026-03-01,4,"quantile",0.025,43200.0
"1255","DE","05-14",2026-02-05,2026-03-01,4,"quantile",0.1,78450.0
"1256","DE","05-14",2026-02-05,2026-03-01,4,"quantile",0.25,124650.0
"1257","DE","05-14",2026-02-05,2026-03-01,4,"quantile",0.5,195350.0
"1258","DE","05-14",2026-02-05,2026-03-01,4,"quantile",0.75,289290.0
"1259","DE","05-14",2026-02-05,2026-03-01,4,"quantile",0.9,395810.0
"1260","DE","05-14",2026-02-05,2026-03-01,4,"quantile",0.975,541620.0
"1261","DE","15-34",2026-02-05,2026-02-08,1,"quantile",0.025,211420.0
"1262","DE","15-34",2026-02-05,2026-02-08,1,"quantile",0.1,271010.0
"1263","DE","15-34",2026-02-05,2026-02-08,1,"quantile",0.25,333530.0
"1264","DE","15-34",2026-02-05,2026-02-08,1,"quantile",0.5,413980.0
"1265","DE","15-34",2026-02-05,2026-02-08,1,"quantile",0.75,506890.0
"1266","DE","15-34",2026-02-05,2026-02-08,1,"quantile",0.9,601990.0
"1267","DE","15-34",2026-02-05,2026-02-08,1,"quantile",0.975,722290.0
"1268","DE","15-34",2026-02-05,2026-02-15,2,"quantile",0.025,178860.0
"1269","DE","15-34",2026-02-05,2026-02-15,2,"quantile",0.1,243500.0
"1270","DE","15-34",2026-02-05,2026-02-15,2,"quantile",0.25,313920.0
"1271","DE","15-34",2026-02-05,2026-02-15,2,"quantile",0.5,407430.0
"1272","DE","15-34",2026-02-05,2026-02-15,2,"quantile",0.75,518330.0
"1273","DE","15-34",2026-02-05,2026-02-15,2,"quantile",0.9,634190.0
"1274","DE","15-34",2026-02-05,2026-02-15,2,"quantile",0.975,783120.0
"1275","DE","15-34",2026-02-05,2026-02-22,3,"quantile",0.025,151670.0
"1276","DE","15-34",2026-02-05,2026-02-22,3,"quantile",0.1,218940.0
"1277","DE","15-34",2026-02-05,2026-02-22,3,"quantile",0.25,295000.0
"1278","DE","15-34",2026-02-05,2026-02-22,3,"quantile",0.5,399050.0
"1279","DE","15-34",2026-02-05,2026-02-22,3,"quantile",0.75,525580.0
"1280","DE","15-34",2026-02-05,2026-02-22,3,"quantile",0.9,660270.0
"1281","DE","15-34",2026-02-05,2026-02-22,3,"quantile",0.975,835970.0
"1282","DE","15-34",2026-02-05,2026-03-01,4,"quantile",0.025,129090.0
"1283","DE","15-34",2026-02-05,2026-03-01,4,"quantile",0.1,197460.0
"1284","DE","15-34",2026-02-05,2026-03-01,4,"quantile",0.25,277680.0
"1285","DE","15-34",2026-02-05,2026-03-01,4,"quantile",0.5,390640.0
"1286","DE","15-34",2026-02-05,2026-03-01,4,"quantile",0.75,531300.0
"1287","DE","15-34",2026-02-05,2026-03-01,4,"quantile",0.9,683660.0
"1288","DE","15-34",2026-02-05,2026-03-01,4,"quantile",0.975,885100.0
"1289","DE","35-59",2026-02-05,2026-02-08,1,"quantile",0.025,236820.0
"1290","DE","35-59",2026-02-05,2026-02-08,1,"quantile",0.1,309530.0
"1291","DE","35-59",2026-02-05,2026-02-08,1,"quantile",0.25,386750.0
"1292","DE","35-59",2026-02-05,2026-02-08,1,"quantile",0.5,487140.0
"1293","DE","35-59",2026-02-05,2026-02-08,1,"quantile",0.75,604100.0
"1294","DE","35-59",2026-02-05,2026-02-08,1,"quantile",0.9,724620.0
"1295","DE","35-59",2026-02-05,2026-02-08,1,"quantile",0.975,877890.0
"1296","DE","35-59",2026-02-05,2026-02-15,2,"quantile",0.025,196050.0
"1297","DE","35-59",2026-02-05,2026-02-15,2,"quantile",0.1,273840.0
"1298","DE","35-59",2026-02-05,2026-02-15,2,"quantile",0.25,360010.0
"1299","DE","35-59",2026-02-05,2026-02-15,2,"quantile",0.5,475930.0
"1300","DE","35-59",2026-02-05,2026-02-15,2,"quantile",0.75,614950.0
"1301","DE","35-59",2026-02-05,2026-02-15,2,"quantile",0.9,761420.0
"1302","DE","35-59",2026-02-05,2026-02-15,2,"quantile",0.975,950930.0
"1303","DE","35-59",2026-02-05,2026-02-22,3,"quantile",0.025,162450.0
"1304","DE","35-59",2026-02-05,2026-02-22,3,"quantile",0.1,242220.0
"1305","DE","35-59",2026-02-05,2026-02-22,3,"quantile",0.25,334300.0
"1306","DE","35-59",2026-02-05,2026-02-22,3,"quantile",0.5,462340.0
"1307","DE","35-59",2026-02-05,2026-02-22,3,"quantile",0.75,620130.0
"1308","DE","35-59",2026-02-05,2026-02-22,3,"quantile",0.9,789770.0
"1309","DE","35-59",2026-02-05,2026-02-22,3,"quantile",0.975,1012760.0
"1310","DE","35-59",2026-02-05,2026-03-01,4,"quantile",0.025,134870.0
"1311","DE","35-59",2026-02-05,2026-03-01,4,"quantile",0.1,214640.0
"1312","DE","35-59",2026-02-05,2026-03-01,4,"quantile",0.25,310640.0
"1313","DE","35-59",2026-02-05,2026-03-01,4,"quantile",0.5,448500.0
"1314","DE","35-59",2026-02-05,2026-03-01,4,"quantile",0.75,622860.0
"1315","DE","35-59",2026-02-05,2026-03-01,4,"quantile",0.9,813850.0
"1316","DE","35-59",2026-02-05,2026-03-01,4,"quantile",0.975,1068570.0
"1317","DE","60+",2026-02-05,2026-02-08,1,"quantile",0.025,76550.0
"1318","DE","60+",2026-02-05,2026-02-08,1,"quantile",0.1,101910.0
"1319","DE","60+",2026-02-05,2026-02-08,1,"quantile",0.25,129150.0
"1320","DE","60+",2026-02-05,2026-02-08,1,"quantile",0.5,164890.0
"1321","DE","60+",2026-02-05,2026-02-08,1,"quantile",0.75,206850.0
"1322","DE","60+",2026-02-05,2026-02-08,1,"quantile",0.9,250330.0
"1323","DE","60+",2026-02-05,2026-02-08,1,"quantile",0.975,305830.0
"1324","DE","60+",2026-02-05,2026-02-15,2,"quantile",0.025,62210.0
"1325","DE","60+",2026-02-05,2026-02-15,2,"quantile",0.1,89110.0
"1326","DE","60+",2026-02-05,2026-02-15,2,"quantile",0.25,119390.0
"1327","DE","60+",2026-02-05,2026-02-15,2,"quantile",0.5,160640.0
"1328","DE","60+",2026-02-05,2026-02-15,2,"quantile",0.75,210620.0
"1329","DE","60+",2026-02-05,2026-02-15,2,"quantile",0.9,263670.0
"1330","DE","60+",2026-02-05,2026-02-15,2,"quantile",0.975,332690.0
"1331","DE","60+",2026-02-05,2026-02-22,3,"quantile",0.025,50440.0
"1332","DE","60+",2026-02-05,2026-02-22,3,"quantile",0.1,77720.0
"1333","DE","60+",2026-02-05,2026-02-22,3,"quantile",0.25,109890.0
"1334","DE","60+",2026-02-05,2026-02-22,3,"quantile",0.5,155340.0
"1335","DE","60+",2026-02-05,2026-02-22,3,"quantile",0.75,212080.0
"1336","DE","60+",2026-02-05,2026-02-22,3,"quantile",0.9,273650.0
"1337","DE","60+",2026-02-05,2026-02-22,3,"quantile",0.975,355140.0
"1338","DE","60+",2026-02-05,2026-03-01,4,"quantile",0.025,40960.0
"1339","DE","60+",2026-02-05,2026-03-01,4,"quantile",0.1,67910.0
"1340","DE","60+",2026-02-05,2026-03-01,4,"quantile",0.25,101220.0
"1341","DE","60+",2026-02-05,2026-03-01,4,"quantile",0.5,150010.0
"1342","DE","60+",2026-02-05,2026-03-01,4,"quantile",0.75,212680.0
"1343","DE","60+",2026-02-05,2026-03-01,4,"quantile",0.9,282070.0
"1344","DE","60+",2026-02-05,2026-03-01,4,"quantile",0.975,375340.0
"1345","DE","00+",2026-02-19,2026-02-22,1,"quantile",0.025,900070.0
"1346","DE","00+",2026-02-19,2026-02-22,1,"quantile",0.1,1116470.0
"1347","DE","00+",2026-02-19,2026-02-22,1,"quantile",0.25,1338390.0
"1348","DE","00+",2026-02-19,2026-02-22,1,"quantile",0.5,1618080.0
"1349","DE","00+",2026-02-19,2026-02-22,1,"quantile",0.75,1934350.0
"1350","DE","00+",2026-02-19,2026-02-22,1,"quantile",0.9,2251620.0
"1351","DE","00+",2026-02-19,2026-02-22,1,"quantile",0.975,2644110.0
"1352","DE","00+",2026-02-19,2026-03-01,2,"quantile",0.025,795430.0
"1353","DE","00+",2026-02-19,2026-03-01,2,"quantile",0.1,1036050.0
"1354","DE","00+",2026-02-19,2026-03-01,2,"quantile",0.25,1290600.0
"1355","DE","00+",2026-02-19,2026-03-01,2,"quantile",0.5,1619980.0
"1356","DE","00+",2026-02-19,2026-03-01,2,"quantile",0.75,2001320.0
"1357","DE","00+",2026-02-19,2026-03-01,2,"quantile",0.9,2391230.0
"1358","DE","00+",2026-02-19,2026-03-01,2,"quantile",0.975,2881570.0
"1359","DE","00+",2026-02-19,2026-03-08,3,"quantile",0.025,708980.0
"1360","DE","00+",2026-02-19,2026-03-08,3,"quantile",0.1,965920.0
"1361","DE","00+",2026-02-19,2026-03-08,3,"quantile",0.25,1245620.0
"1362","DE","00+",2026-02-19,2026-03-08,3,"quantile",0.5,1616250.0
"1363","DE","00+",2026-02-19,2026-03-08,3,"quantile",0.75,2054310.0
"1364","DE","00+",2026-02-19,2026-03-08,3,"quantile",0.9,2509560.0
"1365","DE","00+",2026-02-19,2026-03-08,3,"quantile",0.975,3089940.0
"1366","DE","00+",2026-02-19,2026-03-15,4,"quantile",0.025,634860.0
"1367","DE","00+",2026-02-19,2026-03-15,4,"quantile",0.1,902440.0
"1368","DE","00+",2026-02-19,2026-03-15,4,"quantile",0.25,1201730.0
"1369","DE","00+",2026-02-19,2026-03-15,4,"quantile",0.5,1607150.0
"1370","DE","00+",2026-02-19,2026-03-15,4,"quantile",0.75,2095360.0
"1371","DE","00+",2026-02-19,2026-03-15,4,"quantile",0.9,2610090.0
"1372","DE","00+",2026-02-19,2026-03-15,4,"quantile",0.975,3274140.0
"1373","DE","00-04",2026-02-19,2026-02-22,1,"quantile",0.025,102930.0
"1374","DE","00-04",2026-02-19,2026-02-22,1,"quantile",0.1,136640.0
"1375","DE","00-04",2026-02-19,2026-02-22,1,"quantile",0.25,172740.0
"1376","DE","00-04",2026-02-19,2026-02-22,1,"quantile",0.5,219930.0
"1377","DE","00-04",2026-02-19,2026-02-22,1,"quantile",0.75,275060.0
"1378","DE","00-04",2026-02-19,2026-02-22,1,"quantile",0.9,331810.0
"1379","DE","00-04",2026-02-19,2026-02-22,1,"quantile",0.975,403620.0
"1380","DE","00-04",2026-02-19,2026-03-01,2,"quantile",0.025,85000.0
"1381","DE","00-04",2026-02-19,2026-03-01,2,"quantile",0.1,121540.0
"1382","DE","00-04",2026-02-19,2026-03-01,2,"quantile",0.25,162550.0
"1383","DE","00-04",2026-02-19,2026-03-01,2,"quantile",0.5,218280.0
"1384","DE","00-04",2026-02-19,2026-03-01,2,"quantile",0.75,285550.0
"1385","DE","00-04",2026-02-19,2026-03-01,2,"quantile",0.9,356610.0
"1386","DE","00-04",2026-02-19,2026-03-01,2,"quantile",0.975,448430.0
"1387","DE","00-04",2026-02-19,2026-03-08,3,"quantile",0.025,70380.0
"1388","DE","00-04",2026-02-19,2026-03-08,3,"quantile",0.1,108250.0
"1389","DE","00-04",2026-02-19,2026-03-08,3,"quantile",0.25,152810.0
"1390","DE","00-04",2026-02-19,2026-03-08,3,"quantile",0.5,215630.0
"1391","DE","00-04",2026-02-19,2026-03-08,3,"quantile",0.75,293810.0
"1392","DE","00-04",2026-02-19,2026-03-08,3,"quantile",0.9,378290.0
"1393","DE","00-04",2026-02-19,2026-03-08,3,"quantile",0.975,489450.0
"1394","DE","00-04",2026-02-19,2026-03-15,4,"quantile",0.025,58150.0
"1395","DE","00-04",2026-02-19,2026-03-15,4,"quantile",0.1,96310.0
"1396","DE","00-04",2026-02-19,2026-03-15,4,"quantile",0.25,143400.0
"1397","DE","00-04",2026-02-19,2026-03-15,4,"quantile",0.5,212250.0
"1398","DE","00-04",2026-02-19,2026-03-15,4,"quantile",0.75,300460.0
"1399","DE","00-04",2026-02-19,2026-03-15,4,"quantile",0.9,397800.0
"1400","DE","00-04",2026-02-19,2026-03-15,4,"quantile",0.975,528000.0
"1401","DE","05-14",2026-02-19,2026-02-22,1,"quantile",0.025,85810.0
"1402","DE","05-14",2026-02-19,2026-02-22,1,"quantile",0.1,115720.0
"1403","DE","05-14",2026-02-19,2026-02-22,1,"quantile",0.25,148070.0
"1404","DE","05-14",2026-02-19,2026-02-22,1,"quantile",0.5,190700.0
"1405","DE","05-14",2026-02-19,2026-02-22,1,"quantile",0.75,240860.0
"1406","DE","05-14",2026-02-19,2026-02-22,1,"quantile",0.9,292800.0
"1407","DE","05-14",2026-02-19,2026-02-22,1,"quantile",0.975,358820.0
"1408","DE","05-14",2026-02-19,2026-03-01,2,"quantile",0.025,70630.0
"1409","DE","05-14",2026-02-19,2026-03-01,2,"quantile",0.1,103340.0
"1410","DE","05-14",2026-02-19,2026-03-01,2,"quantile",0.25,140600.0
"1411","DE","05-14",2026-02-19,2026-03-01,2,"quantile",0.5,191830.0
"1412","DE","05-14",2026-02-19,2026-03-01,2,"quantile",0.75,254280.0
"1413","DE","05-14",2026-02-19,2026-03-01,2,"quantile",0.9,320740.0
"1414","DE","05-14",2026-02-19,2026-03-01,2,"quantile",0.975,407120.0
"1415","DE","05-14",2026-02-19,2026-03-08,3,"quantile",0.025,58240.0
"1416","DE","05-14",2026-02-19,2026-03-08,3,"quantile",0.1,92380.0
"1417","DE","05-14",2026-02-19,2026-03-08,3,"quantile",0.25,133350.0
"1418","DE","05-14",2026-02-19,2026-03-08,3,"quantile",0.5,192000.0
"1419","DE","05-14",2026-02-19,2026-03-08,3,"quantile",0.75,265880.0
"1420","DE","05-14",2026-02-19,2026-03-08,3,"quantile",0.9,346450.0
"1421","DE","05-14",2026-02-19,2026-03-08,3,"quantile",0.975,453210.0
"1422","DE","05-14",2026-02-19,2026-03-15,4,"quantile",0.025,47740.0
"1423","DE","05-14",2026-02-19,2026-03-15,4,"quantile",0.1,82270.0
"1424","DE","05-14",2026-02-19,2026-03-15,4,"quantile",0.25,125990.0
"1425","DE","05-14",2026-02-19,2026-03-15,4,"quantile",0.5,191150.0
"1426","DE","05-14",2026-02-19,2026-03-15,4,"quantile",0.75,275880.0
"1427","DE","05-14",2026-02-19,2026-03-15,4,"quantile",0.9,370390.0
"1428","DE","05-14",2026-02-19,2026-03-15,4,"quantile",0.975,497810.0
"1429","DE","15-34",2026-02-19,2026-02-22,1,"quantile",0.025,230310.0
"1430","DE","15-34",2026-02-19,2026-02-22,1,"quantile",0.1,293000.0
"1431","DE","15-34",2026-02-19,2026-02-22,1,"quantile",0.25,358330.0
"1432","DE","15-34",2026-02-19,2026-02-22,1,"quantile",0.5,441800.0
"1433","DE","15-34",2026-02-19,2026-02-22,1,"quantile",0.75,537360.0
"1434","DE","15-34",2026-02-19,2026-02-22,1,"quantile",0.9,634200.0
"1435","DE","15-34",2026-02-19,2026-02-22,1,"quantile",0.975,755040.0
"1436","DE","15-34",2026-02-19,2026-03-01,2,"quantile",0.025,196320.0
"1437","DE","15-34",2026-02-19,2026-03-01,2,"quantile",0.1,264880.0
"1438","DE","15-34",2026-02-19,2026-03-01,2,"quantile",0.25,339050.0
"1439","DE","15-34",2026-02-19,2026-03-01,2,"quantile",0.5,436840.0
"1440","DE","15-34",2026-02-19,2026-03-01,2,"quantile",0.75,551900.0
"1441","DE","15-34",2026-02-19,2026-03-01,2,"quantile",0.9,671080.0
"1442","DE","15-34",2026-02-19,2026-03-01,2,"quantile",0.975,822580.0
"1443","DE","15-34",2026-02-19,2026-03-08,3,"quantile",0.025,168470.0
"1444","DE","15-34",2026-02-19,2026-03-08,3,"quantile",0.1,240530.0
"1445","DE","15-34",2026-02-19,2026-03-08,3,"quantile",0.25,321350.0
"1446","DE","15-34",2026-02-19,2026-03-08,3,"quantile",0.5,431080.0
"1447","DE","15-34",2026-02-19,2026-03-08,3,"quantile",0.75,563460.0
"1448","DE","15-34",2026-02-19,2026-03-08,3,"quantile",0.9,703240.0
"1449","DE","15-34",2026-02-19,2026-03-08,3,"quantile",0.975,883780.0
"1450","DE","15-34",2026-02-19,2026-03-15,4,"quantile",0.025,144780.0
"1451","DE","15-34",2026-02-19,2026-03-15,4,"quantile",0.1,218640.0
"1452","DE","15-34",2026-02-19,2026-03-15,4,"quantile",0.25,304520.0
"1453","DE","15-34",2026-02-19,2026-03-15,4,"quantile",0.5,424470.0
"1454","DE","15-34",2026-02-19,2026-03-15,4,"quantile",0.75,572640.0
"1455","DE","15-34",2026-02-19,2026-03-15,4,"quantile",0.9,731880.0
"1456","DE","15-34",2026-02-19,2026-03-15,4,"quantile",0.975,940490.0
"1457","DE","35-59",2026-02-19,2026-02-22,1,"quantile",0.025,264910.0
"1458","DE","35-59",2026-02-19,2026-02-22,1,"quantile",0.1,344830.0
"1459","DE","35-59",2026-02-19,2026-02-22,1,"quantile",0.25,429350.0
"1460","DE","35-59",2026-02-19,2026-02-22,1,"quantile",0.5,538680.0
"1461","DE","35-59",2026-02-19,2026-02-22,1,"quantile",0.75,665220.0
"1462","DE","35-59",2026-02-19,2026-02-22,1,"quantile",0.9,794570.0
"1463","DE","35-59",2026-02-19,2026-02-22,1,"quantile",0.975,957210.0
"1464","DE","35-59",2026-02-19,2026-03-01,2,"quantile",0.025,219780.0
"1465","DE","35-59",2026-02-19,2026-03-01,2,"quantile",0.1,305580.0
"1466","DE","35-59",2026-02-19,2026-03-01,2,"quantile",0.25,400190.0
"1467","DE","35-59",2026-02-19,2026-03-01,2,"quantile",0.5,526900.0
"1468","DE","35-59",2026-02-19,2026-03-01,2,"quantile",0.75,678010.0
"1469","DE","35-59",2026-02-19,2026-03-01,2,"quantile",0.9,836160.0
"1470","DE","35-59",2026-02-19,2026-03-01,2,"quantile",0.975,1038950.0
"1471","DE","35-59",2026-02-19,2026-03-08,3,"quantile",0.025,183480.0
"1472","DE","35-59",2026-02-19,2026-03-08,3,"quantile",0.1,271970.0
"1473","DE","35-59",2026-02-19,2026-03-08,3,"quantile",0.25,373630.0
"1474","DE","35-59",2026-02-19,2026-03-08,3,"quantile",0.5,514310.0
"1475","DE","35-59",2026-02-19,2026-03-08,3,"quantile",0.75,686760.0
"1476","DE","35-59",2026-02-19,2026-03-08,3,"quantile",0.9,871020.0
"1477","DE","35-59",2026-02-19,2026-03-08,3,"quantile",0.975,1111330.0
"1478","DE","35-59",2026-02-19,2026-03-15,4,"quantile",0.025,153100.0
"1479","DE","35-59",2026-02-19,2026-03-15,4,"quantile",0.1,242020.0
"1480","DE","35-59",2026-02-19,2026-03-15,4,"quantile",0.25,348490.0
"1481","DE","35-59",2026-02-19,2026-03-15,4,"quantile",0.5,500620.0
"1482","DE","35-59",2026-02-19,2026-03-15,4,"quantile",0.75,692030.0
"1483","DE","35-59",2026-02-19,2026-03-15,4,"quantile",0.9,900520.0
"1484","DE","35-59",2026-02-19,2026-03-15,4,"quantile",0.975,1176600.0
"1485","DE","60+",2026-02-19,2026-02-22,1,"quantile",0.025,81790.0
"1486","DE","60+",2026-02-19,2026-02-22,1,"quantile",0.1,108760.0
"1487","DE","60+",2026-02-19,2026-02-22,1,"quantile",0.25,137680.0
"1488","DE","60+",2026-02-19,2026-02-22,1,"quantile",0.5,175500.0
"1489","DE","60+",2026-02-19,2026-02-22,1,"quantile",0.75,219720.0
"1490","DE","60+",2026-02-19,2026-02-22,1,"quantile",0.9,265280.0
"1491","DE","60+",2026-02-19,2026-02-22,1,"quantile",0.975,322940.0
"1492","DE","60+",2026-02-19,2026-03-01,2,"quantile",0.025,66170.0
"1493","DE","60+",2026-02-19,2026-03-01,2,"quantile",0.1,94670.0
"1494","DE","60+",2026-02-19,2026-03-01,2,"quantile",0.25,126660.0
"1495","DE","60+",2026-02-19,2026-03-01,2,"quantile",0.5,170150.0
"1496","DE","60+",2026-02-19,2026-03-01,2,"quantile",0.75,222660.0
"1497","DE","60+",2026-02-19,2026-03-01,2,"quantile",0.9,278140.0
"1498","DE","60+",2026-02-19,2026-03-01,2,"quantile",0.975,349840.0
"1499","DE","60+",2026-02-19,2026-03-08,3,"quantile",0.025,53850.0
"1500","DE","60+",2026-02-19,2026-03-08,3,"quantile",0.1,82770.0
"1501","DE","60+",2026-02-19,2026-03-08,3,"quantile",0.25,116760.0
"1502","DE","60+",2026-02-19,2026-03-08,3,"quantile",0.5,164670.0
"1503","DE","60+",2026-02-19,2026-03-08,3,"quantile",0.75,224280.0
"1504","DE","60+",2026-02-19,2026-03-08,3,"quantile",0.9,288670.0
"1505","DE","60+",2026-02-19,2026-03-08,3,"quantile",0.975,373380.0
"1506","DE","60+",2026-02-19,2026-03-15,4,"quantile",0.025,43760.0
"1507","DE","60+",2026-02-19,2026-03-15,4,"quantile",0.1,72320.0
"1508","DE","60+",2026-02-19,2026-03-15,4,"quantile",0.25,107520.0
"1509","DE","60+",2026-02-19,2026-03-15,4,"quantile",0.5,158920.0
"1510","DE","60+",2026-02-19,2026-03-15,4,"quantile",0.75,224730.0
"1511","DE","60+",2026-02-19,2026-03-15,4,"quantile",0.9,297300.0
"1512","DE","60+",2026-02-19,2026-03-15,4,"quantile",0.975,394330.0
"1513","DE","00+",2026-03-05,2026-03-08,1,"quantile",0.025,814600.0
"1514","DE","00+",2026-03-05,2026-03-08,1,"quantile",0.1,1006400.0
"1515","DE","00+",2026-03-05,2026-03-08,1,"quantile",0.25,1202830.0
"1516","DE","00+",2026-03-05,2026-03-08,1,"quantile",0.5,1450300.0
"1517","DE","00+",2026-03-05,2026-03-08,1,"quantile",0.75,1730340.0
"1518","DE","00+",2026-03-05,2026-03-08,1,"quantile",0.9,2011800.0
"1519","DE","00+",2026-03-05,2026-03-08,1,"quantile",0.975,2361210.0
"1520","DE","00+",2026-03-05,2026-03-15,2,"quantile",0.025,742470.0
"1521","DE","00+",2026-03-05,2026-03-15,2,"quantile",0.1,954830.0
"1522","DE","00+",2026-03-05,2026-03-15,2,"quantile",0.25,1177850.0
"1523","DE","00+",2026-03-05,2026-03-15,2,"quantile",0.5,1464870.0
"1524","DE","00+",2026-03-05,2026-03-15,2,"quantile",0.75,1795830.0
"1525","DE","00+",2026-03-05,2026-03-15,2,"quantile",0.9,2133470.0
"1526","DE","00+",2026-03-05,2026-03-15,2,"quantile",0.975,2557850.0
"1527","DE","00+",2026-03-05,2026-03-22,3,"quantile",0.025,686260.0
"1528","DE","00+",2026-03-05,2026-03-22,3,"quantile",0.1,913630.0
"1529","DE","00+",2026-03-05,2026-03-22,3,"quantile",0.25,1157700.0
"1530","DE","00+",2026-03-05,2026-03-22,3,"quantile",0.5,1477570.0
"1531","DE","00+",2026-03-05,2026-03-22,3,"quantile",0.75,1852290.0
"1532","DE","00+",2026-03-05,2026-03-22,3,"quantile",0.9,2239340.0
"1533","DE","00+",2026-03-05,2026-03-22,3,"quantile",0.975,2730820.0
"1534","DE","00+",2026-03-05,2026-03-29,4,"quantile",0.025,639720.0
"1535","DE","00+",2026-03-05,2026-03-29,4,"quantile",0.1,878760.0
"1536","DE","00+",2026-03-05,2026-03-29,4,"quantile",0.25,1140490.0
"1537","DE","00+",2026-03-05,2026-03-29,4,"quantile",0.5,1489120.0
"1538","DE","00+",2026-03-05,2026-03-29,4,"quantile",0.75,1903250.0
"1539","DE","00+",2026-03-05,2026-03-29,4,"quantile",0.9,2335650.0
"1540","DE","00+",2026-03-05,2026-03-29,4,"quantile",0.975,2889570.0
"1541","DE","00-04",2026-03-05,2026-03-08,1,"quantile",0.025,99050.0
"1542","DE","00-04",2026-03-05,2026-03-08,1,"quantile",0.1,131540.0
"1543","DE","00-04",2026-03-05,2026-03-08,1,"quantile",0.25,166370.0
"1544","DE","00-04",2026-03-05,2026-03-08,1,"quantile",0.5,211980.0
"1545","DE","00-04",2026-03-05,2026-03-08,1,"quantile",0.75,265400.0
"1546","DE","00-04",2026-03-05,2026-03-08,1,"quantile",0.9,320590.0
"1547","DE","00-04",2026-03-05,2026-03-08,1,"quantile",0.975,390730.0
"1548","DE","00-04",2026-03-05,2026-03-15,2,"quantile",0.025,81380.0
"1549","DE","00-04",2026-03-05,2026-03-15,2,"quantile",0.1,116350.0
"1550","DE","00-04",2026-03-05,2026-03-15,2,"quantile",0.25,155640.0
"1551","DE","00-04",2026-03-05,2026-03-15,2,"quantile",0.5,209080.0
"1552","DE","00-04",2026-03-05,2026-03-15,2,"quantile",0.75,273720.0
"1553","DE","00-04",2026-03-05,2026-03-15,2,"quantile",0.9,342180.0
"1554","DE","00-04",2026-03-05,2026-03-15,2,"quantile",0.975,430950.0
"1555","DE","00-04",2026-03-05,2026-03-22,3,"quantile",0.025,67140.0
"1556","DE","00-04",2026-03-05,2026-03-22,3,"quantile",0.1,103230.0
"1557","DE","00-04",2026-03-05,2026-03-22,3,"quantile",0.25,145710.0
"1558","DE","00-04",2026-03-05,2026-03-22,3,"quantile",0.5,205630.0
"1559","DE","00-04",2026-03-05,2026-03-22,3,"quantile",0.75,280320.0
"1560","DE","00-04",2026-03-05,2026-03-22,3,"quantile",0.9,361200.0
"1561","DE","00-04",2026-03-05,2026-03-22,3,"quantile",0.975,467950.0
"1562","DE","00-04",2026-03-05,2026-03-29,4,"quantile",0.025,55410.0
"1563","DE","00-04",2026-03-05,2026-03-29,4,"quantile",0.1,91680.0
"1564","DE","00-04",2026-03-05,2026-03-29,4,"quantile",0.25,136430.0
"1565","DE","00-04",2026-03-05,2026-03-29,4,"quantile",0.5,201880.0
"1566","DE","00-04",2026-03-05,2026-03-29,4,"quantile",0.75,285820.0
"1567","DE","00-04",2026-03-05,2026-03-29,4,"quantile",0.9,378610.0
"1568","DE","00-04",2026-03-05,2026-03-29,4,"quantile",0.975,503050.0
"1569","DE","05-14",2026-03-05,2026-03-08,1,"quantile",0.025,67200.0
"1570","DE","05-14",2026-03-05,2026-03-08,1,"quantile",0.1,90660.0
"1571","DE","05-14",2026-03-05,2026-03-08,1,"quantile",0.25,116060.0
"1572","DE","05-14",2026-03-05,2026-03-08,1,"quantile",0.5,149590.0
"1573","DE","05-14",2026-03-05,2026-03-08,1,"quantile",0.75,189140.0
"1574","DE","05-14",2026-03-05,2026-03-08,1,"quantile",0.9,230210.0
"1575","DE","05-14",2026-03-05,2026-03-08,1,"quantile",0.975,282640.0
"1576","DE","05-14",2026-03-05,2026-03-15,2,"quantile",0.025,54800.0
"1577","DE","05-14",2026-03-05,2026-03-15,2,"quantile",0.1,80190.0
"1578","DE","05-14",2026-03-05,2026-03-15,2,"quantile",0.25,109150.0
"1579","DE","05-14",2026-03-05,2026-03-15,2,"quantile",0.5,149000.0
"1580","DE","05-14",2026-03-05,2026-03-15,2,"quantile",0.75,197680.0
"1581","DE","05-14",2026-03-05,2026-03-15,2,"quantile",0.9,249600.0
"1582","DE","05-14",2026-03-05,2026-03-15,2,"quantile",0.975,317310.0
"1583","DE","05-14",2026-03-05,2026-03-22,3,"quantile",0.025,44820.0
"1584","DE","05-14",2026-03-05,2026-03-22,3,"quantile",0.1,71120.0
"1585","DE","05-14",2026-03-05,2026-03-22,3,"quantile",0.25,102700.0
"1586","DE","05-14",2026-03-05,2026-03-22,3,"quantile",0.5,147950.0
"1587","DE","05-14",2026-03-05,2026-03-22,3,"quantile",0.75,205060.0
"1588","DE","05-14",2026-03-05,2026-03-22,3,"quantile",0.9,267460.0
"1589","DE","05-14",2026-03-05,2026-03-22,3,"quantile",0.975,350380.0
"1590","DE","05-14",2026-03-05,2026-03-29,4,"quantile",0.025,36630.0
"1591","DE","05-14",2026-03-05,2026-03-29,4,"quantile",0.1,63120.0
"1592","DE","05-14",2026-03-05,2026-03-29,4,"quantile",0.25,96650.0
"1593","DE","05-14",2026-03-05,2026-03-29,4,"quantile",0.5,146650.0
"1594","DE","05-14",2026-03-05,2026-03-29,4,"quantile",0.75,211760.0
"1595","DE","05-14",2026-03-05,2026-03-29,4,"quantile",0.9,284500.0
"1596","DE","05-14",2026-03-05,2026-03-29,4,"quantile",0.975,382810.0
"1597","DE","15-34",2026-03-05,2026-03-08,1,"quantile",0.025,209840.0
"1598","DE","15-34",2026-03-05,2026-03-08,1,"quantile",0.1,267090.0
"1599","DE","15-34",2026-03-05,2026-03-08,1,"quantile",0.25,326840.0
"1600","DE","15-34",2026-03-05,2026-03-08,1,"quantile",0.5,403360.0
"1601","DE","15-34",2026-03-05,2026-03-08,1,"quantile",0.75,491240.0
"1602","DE","15-34",2026-03-05,2026-03-08,1,"quantile",0.9,580650.0
"1603","DE","15-34",2026-03-05,2026-03-08,1,"quantile",0.975,692850.0
"1604","DE","15-34",2026-03-05,2026-03-15,2,"quantile",0.025,178430.0
"1605","DE","15-34",2026-03-05,2026-03-15,2,"quantile",0.1,240790.0
"1606","DE","15-34",2026-03-05,2026-03-15,2,"quantile",0.25,308330.0
"1607","DE","15-34",2026-03-05,2026-03-15,2,"quantile",0.5,397520.0
"1608","DE","15-34",2026-03-05,2026-03-15,2,"quantile",0.75,502720.0
"1609","DE","15-34",2026-03-05,2026-03-15,2,"quantile",0.9,612020.0
"1610","DE","15-34",2026-03-05,2026-03-15,2,"quantile",0.975,751570.0
"1611","DE","15-34",2026-03-05,2026-03-22,3,"quantile",0.025,152690.0
"1612","DE","15-34",2026-03-05,2026-03-22,3,"quantile",0.1,218040.0
"1613","DE","15-34",2026-03-05,2026-03-22,3,"quantile",0.25,291410.0
"1614","DE","15-34",2026-03-05,2026-03-22,3,"quantile",0.5,391160.0
"1615","DE","15-34",2026-03-05,2026-03-22,3,"quantile",0.75,511750.0
"1616","DE","15-34",2026-03-05,2026-03-22,3,"quantile",0.9,639410.0
"1617","DE","15-34",2026-03-05,2026-03-22,3,"quantile",0.975,804910.0
"1618","DE","15-34",2026-03-05,2026-03-29,4,"quantile",0.025,131130.0
"1619","DE","15-34",2026-03-05,2026-03-29,4,"quantile",0.1,198050.0
"1620","DE","15-34",2026-03-05,2026-03-29,4,"quantile",0.25,275910.0
"1621","DE","15-34",2026-03-05,2026-03-29,4,"quantile",0.5,384790.0
"1622","DE","15-34",2026-03-05,2026-03-29,4,"quantile",0.75,519520.0
"1623","DE","15-34",2026-03-05,2026-03-29,4,"quantile",0.9,664650.0
"1624","DE","15-34",2026-03-05,2026-03-29,4,"quantile",0.975,855410.0
"1625","DE","35-59",2026-03-05,2026-03-08,1,"quantile",0.025,233960.0
"1626","DE","35-59",2026-03-05,2026-03-08,1,"quantile",0.1,304680.0
"1627","DE","35-59",2026-03-05,2026-03-08,1,"quantile",0.25,379560.0
"1628","DE","35-59",2026-03-05,2026-03-08,1,"quantile",0.5,476620.0
"1629","DE","35-59",2026-03-05,2026-03-08,1,"quantile",0.75,589280.0
"1630","DE","35-59",2026-03-05,2026-03-08,1,"quantile",0.9,704870.0
"1631","DE","35-59",2026-03-05,2026-03-08,1,"quantile",0.975,850950.0
"1632","DE","35-59",2026-03-05,2026-03-15,2,"quantile",0.025,193580.0
"1633","DE","35-59",2026-03-05,2026-03-15,2,"quantile",0.1,269170.0
"1634","DE","35-59",2026-03-05,2026-03-15,2,"quantile",0.25,352600.0
"1635","DE","35-59",2026-03-05,2026-03-15,2,"quantile",0.5,464500.0
"1636","DE","35-59",2026-03-05,2026-03-15,2,"quantile",0.75,598230.0
"1637","DE","35-59",2026-03-05,2026-03-15,2,"quantile",0.9,738590.0
"1638","DE","35-59",2026-03-05,2026-03-15,2,"quantile",0.975,919290.0
"1639","DE","35-59",2026-03-05,2026-03-22,3,"quantile",0.025,161030.0
"1640","DE","35-59",2026-03-05,2026-03-22,3,"quantile",0.1,238740.0
"1641","DE","35-59",2026-03-05,2026-03-22,3,"quantile",0.25,328090.0
"1642","DE","35-59",2026-03-05,2026-03-22,3,"quantile",0.5,451880.0
"1643","DE","35-59",2026-03-05,2026-03-22,3,"quantile",0.75,603910.0
"1644","DE","35-59",2026-03-05,2026-03-22,3,"quantile",0.9,766770.0
"1645","DE","35-59",2026-03-05,2026-03-22,3,"quantile",0.975,979880.0
"1646","DE","35-59",2026-03-05,2026-03-29,4,"quantile",0.025,134290.0
"1647","DE","35-59",2026-03-05,2026-03-29,4,"quantile",0.1,212310.0
"1648","DE","35-59",2026-03-05,2026-03-29,4,"quantile",0.25,305780.0
"1649","DE","35-59",2026-03-05,2026-03-29,4,"quantile",0.5,439490.0
"1650","DE","35-59",2026-03-05,2026-03-29,4,"quantile",0.75,608000.0
"1651","DE","35-59",2026-03-05,2026-03-29,4,"quantile",0.9,791950.0
"1652","DE","35-59",2026-03-05,2026-03-29,4,"quantile",0.975,1036270.0
"1653","DE","60+",2026-03-05,2026-03-08,1,"quantile",0.025,76000.0
"1654","DE","60+",2026-03-05,2026-03-08,1,"quantile",0.1,101110.0
"1655","DE","60+",2026-03-05,2026-03-08,1,"quantile",0.25,128050.0
"1656","DE","60+",2026-03-05,2026-03-08,1,"quantile",0.5,163360.0
"1657","DE","60+",2026-03-05,2026-03-08,1,"quantile",0.75,204740.0
"1658","DE","60+",2026-03-05,2026-03-08,1,"quantile",0.9,247530.0
"1659","DE","60+",2026-03-05,2026-03-08,1,"quantile",0.975,301940.0
"1660","DE","60+",2026-03-05,2026-03-15,2,"quantile",0.025,61440.0
"1661","DE","60+",2026-03-05,2026-03-15,2,"quantile",0.1,87870.0
"1662","DE","60+",2026-03-05,2026-03-15,2,"quantile",0.25,117580.0
"1663","DE","60+",2026-03-05,2026-03-15,2,"quantile",0.5,158000.0
"1664","DE","60+",2026-03-05,2026-03-15,2,"quantile",0.75,206890.0
"1665","DE","60+",2026-03-05,2026-03-15,2,"quantile",0.9,258680.0
"1666","DE","60+",2026-03-05,2026-03-15,2,"quantile",0.975,325860.0
"1667","DE","60+",2026-03-05,2026-03-22,3,"quantile",0.025,49890.0
"1668","DE","60+",2026-03-05,2026-03-22,3,"quantile",0.1,76640.0
"1669","DE","60+",2026-03-05,2026-03-22,3,"quantile",0.25,108120.0
"1670","DE","60+",2026-03-05,2026-03-22,3,"quantile",0.5,152510.0
"1671","DE","60+",2026-03-05,2026-03-22,3,"quantile",0.75,207830.0
"1672","DE","60+",2026-03-05,2026-03-22,3,"quantile",0.9,267720.0
"1673","DE","60+",2026-03-05,2026-03-22,3,"quantile",0.975,346750.0
"1674","DE","60+",2026-03-05,2026-03-29,4,"quantile",0.025,40490.0
"1675","DE","60+",2026-03-05,2026-03-29,4,"quantile",0.1,66900.0
"1676","DE","60+",2026-03-05,2026-03-29,4,"quantile",0.25,99450.0
"1677","DE","60+",2026-03-05,2026-03-29,4,"quantile",0.5,147020.0
"1678","DE","60+",2026-03-05,2026-03-29,4,"quantile",0.75,208010.0
"1679","DE","60+",2026-03-05,2026-03-29,4,"quantile",0.9,275400.0
"1680","DE","60+",2026-03-05,2026-03-29,4,"quantile",0.975,365750.0
"1681","DE","00+",2026-03-12,2026-03-15,1,"quantile",0.025,700920.0
"1682","DE","00+",2026-03-12,2026-03-15,1,"quantile",0.1,866040.0
"1683","DE","00+",2026-03-12,2026-03-15,1,"quantile",0.25,1035100.0
"1684","DE","00+",2026-03-12,2026-03-15,1,"quantile",0.5,1247950.0
"1685","DE","00+",2026-03-12,2026-03-15,1,"quantile",0.75,1488560.0
"1686","DE","00+",2026-03-12,2026-03-15,1,"quantile",0.9,1730050.0
"1687","DE","00+",2026-03-12,2026-03-15,1,"quantile",0.975,2029170.0
"1688","DE","00+",2026-03-12,2026-03-22,2,"quantile",0.025,630290.0
"1689","DE","00+",2026-03-12,2026-03-22,2,"quantile",0.1,815370.0
"1690","DE","00+",2026-03-12,2026-03-22,2,"quantile",0.25,1010430.0
"1691","DE","00+",2026-03-12,2026-03-22,2,"quantile",0.5,1262140.0
"1692","DE","00+",2026-03-12,2026-03-22,2,"quantile",0.75,1552990.0
"1693","DE","00+",2026-03-12,2026-03-22,2,"quantile",0.9,1850080.0
"1694","DE","00+",2026-03-12,2026-03-22,2,"quantile",0.975,2223660.0
"1695","DE","00+",2026-03-12,2026-03-29,3,"quantile",0.025,573680.0
"1696","DE","00+",2026-03-12,2026-03-29,3,"quantile",0.1,773980.0
"1697","DE","00+",2026-03-12,2026-03-29,3,"quantile",0.25,990780.0
"1698","DE","00+",2026-03-12,2026-03-29,3,"quantile",0.5,1276800.0
"1699","DE","00+",2026-03-12,2026-03-29,3,"quantile",0.75,1613730.0
"1700","DE","00+",2026-03-12,2026-03-29,3,"quantile",0.9,1963150.0
"1701","DE","00+",2026-03-12,2026-03-29,3,"quantile",0.975,2408140.0
"1702","DE","00+",2026-03-12,2026-04-05,4,"quantile",0.025,525930.0
"1703","DE","00+",2026-03-12,2026-04-05,4,"quantile",0.1,738330.0
"1704","DE","00+",2026-03-12,2026-04-05,4,"quantile",0.25,974110.0
"1705","DE","00+",2026-03-12,2026-04-05,4,"quantile",0.5,1291650.0
"1706","DE","00+",2026-03-12,2026-04-05,4,"quantile",0.75,1672320.0
"1707","DE","00+",2026-03-12,2026-04-05,4,"quantile",0.9,2072490.0
"1708","DE","00+",2026-03-12,2026-04-05,4,"quantile",0.975,2587810.0
"1709","DE","00-04",2026-03-12,2026-03-15,1,"quantile",0.025,92630.0
"1710","DE","00-04",2026-03-12,2026-03-15,1,"quantile",0.1,122980.0
"1711","DE","00-04",2026-03-12,2026-03-15,1,"quantile",0.25,155500.0
"1712","DE","00-04",2026-03-12,2026-03-15,1,"quantile",0.5,198040.0
"1713","DE","00-04",2026-03-12,2026-03-15,1,"quantile",0.75,247820.0
"1714","DE","00-04",2026-03-12,2026-03-15,1,"quantile",0.9,299160.0
"1715","DE","00-04",2026-03-12,2026-03-15,1,"quantile",0.975,364280.0
"1716","DE","00-04",2026-03-12,2026-03-22,2,"quantile",0.025,75970.0
"1717","DE","00-04",2026-03-12,2026-03-22,2,"quantile",0.1,108560.0
"1718","DE","00-04",2026-03-12,2026-03-22,2,"quantile",0.25,145150.0
"1719","DE","00-04",2026-03-12,2026-03-22,2,"quantile",0.5,194900.0
"1720","DE","00-04",2026-03-12,2026-03-22,2,"quantile",0.75,255010.0
"1721","DE","00-04",2026-03-12,2026-03-22,2,"quantile",0.9,318600.0
"1722","DE","00-04",2026-03-12,2026-03-22,2,"quantile",0.975,400920.0
"1723","DE","00-04",2026-03-12,2026-03-29,3,"quantile",0.025,62640.0
"1724","DE","00-04",2026-03-12,2026-03-29,3,"quantile",0.1,96240.0
"1725","DE","00-04",2026-03-12,2026-03-29,3,"quantile",0.25,135760.0
"1726","DE","00-04",2026-03-12,2026-03-29,3,"quantile",0.5,191480.0
"1727","DE","00-04",2026-03-12,2026-03-29,3,"quantile",0.75,260860.0
"1728","DE","00-04",2026-03-12,2026-03-29,3,"quantile",0.9,335910.0
"1729","DE","00-04",2026-03-12,2026-03-29,3,"quantile",0.975,434810.0
"1730","DE","00-04",2026-03-12,2026-04-05,4,"quantile",0.025,51630.0
"1731","DE","00-04",2026-03-12,2026-04-05,4,"quantile",0.1,85370.0
"1732","DE","00-04",2026-03-12,2026-04-05,4,"quantile",0.25,126960.0
"1733","DE","00-04",2026-03-12,2026-04-05,4,"quantile",0.5,187750.0
"1734","DE","00-04",2026-03-12,2026-04-05,4,"quantile",0.75,265660.0
"1735","DE","00-04",2026-03-12,2026-04-05,4,"quantile",0.9,351690.0
"1736","DE","00-04",2026-03-12,2026-04-05,4,"quantile",0.975,466910.0
"1737","DE","05-14",2026-03-12,2026-03-15,1,"quantile",0.025,58230.0
"1738","DE","05-14",2026-03-12,2026-03-15,1,"quantile",0.1,78540.0
"1739","DE","05-14",2026-03-12,2026-03-15,1,"quantile",0.25,100520.0
"1740","DE","05-14",2026-03-12,2026-03-15,1,"quantile",0.5,129520.0
"1741","DE","05-14",2026-03-12,2026-03-15,1,"quantile",0.75,163690.0
"1742","DE","05-14",2026-03-12,2026-03-15,1,"quantile",0.9,199130.0
"1743","DE","05-14",2026-03-12,2026-03-15,1,"quantile",0.975,244270.0
"1744","DE","05-14",2026-03-12,2026-03-22,2,"quantile",0.025,47360.0
"1745","DE","05-14",2026-03-12,2026-03-22,2,"quantile",0.1,69270.0
"1746","DE","05-14",2026-03-12,2026-03-22,2,"quantile",0.25,94250.0
"1747","DE","05-14",2026-03-12,2026-03-22,2,"quantile",0.5,128610.0
"1748","DE","05-14",2026-03-12,2026-03-22,2,"quantile",0.75,170540.0
"1749","DE","05-14",2026-03-12,2026-03-22,2,"quantile",0.9,215210.0
"1750","DE","05-14",2026-03-12,2026-03-22,2,"quantile",0.975,273390.0
"1751","DE","05-14",2026-03-12,2026-03-29,3,"quantile",0.025,38710.0
"1752","DE","05-14",2026-03-12,2026-03-29,3,"quantile",0.1,61370.0
"1753","DE","05-14",2026-03-12,2026-03-29,3,"quantile",0.25,88570.0
"1754","DE","05-14",2026-03-12,2026-03-29,3,"quantile",0.5,127510.0
"1755","DE","05-14",2026-03-12,2026-03-29,3,"quantile",0.75,176610.0
"1756","DE","05-14",2026-03-12,2026-03-29,3,"quantile",0.9,230200.0
"1757","DE","05-14",2026-03-12,2026-03-29,3,"quantile",0.975,301310.0
"1758","DE","05-14",2026-03-12,2026-04-05,4,"quantile",0.025,31620.0
"1759","DE","05-14",2026-03-12,2026-04-05,4,"quantile",0.1,54420.0
"1760","DE","05-14",2026-03-12,2026-04-05,4,"quantile",0.25,83250.0
"1761","DE","05-14",2026-03-12,2026-04-05,4,"quantile",0.5,126220.0
"1762","DE","05-14",2026-03-12,2026-04-05,4,"quantile",0.75,182110.0
"1763","DE","05-14",2026-03-12,2026-04-05,4,"quantile",0.9,244480.0
"1764","DE","05-14",2026-03-12,2026-04-05,4,"quantile",0.975,328680.0
"1765","DE","15-34",2026-03-12,2026-03-15,1,"quantile",0.025,170090.0
"1766","DE","15-34",2026-03-12,2026-03-15,1,"quantile",0.1,216450.0
"1767","DE","15-34",2026-03-12,2026-03-15,1,"quantile",0.25,264800.0
"1768","DE","15-34",2026-03-12,2026-03-15,1,"quantile",0.5,326650.0
"1769","DE","15-34",2026-03-12,2026-03-15,1,"quantile",0.75,397580.0
"1770","DE","15-34",2026-03-12,2026-03-15,1,"quantile",0.9,469610.0
"1771","DE","15-34",2026-03-12,2026-03-15,1,"quantile",0.975,559720.0
"1772","DE","15-34",2026-03-12,2026-03-22,2,"quantile",0.025,144200.0
"1773","DE","15-34",2026-03-12,2026-03-22,2,"quantile",0.1,194590.0
"1774","DE","15-34",2026-03-12,2026-03-22,2,"quantile",0.25,249130.0
"1775","DE","15-34",2026-03-12,2026-03-22,2,"quantile",0.5,321100.0
"1776","DE","15-34",2026-03-12,2026-03-22,2,"quantile",0.75,405900.0
"1777","DE","15-34",2026-03-12,2026-03-22,2,"quantile",0.9,493870.0
"1778","DE","15-34",2026-03-12,2026-03-22,2,"quantile",0.975,605940.0
"1779","DE","15-34",2026-03-12,2026-03-29,3,"quantile",0.025,123200.0
"1780","DE","15-34",2026-03-12,2026-03-29,3,"quantile",0.1,175940.0
"1781","DE","15-34",2026-03-12,2026-03-29,3,"quantile",0.25,235140.0
"1782","DE","15-34",2026-03-12,2026-03-29,3,"quantile",0.5,315570.0
"1783","DE","15-34",2026-03-12,2026-03-29,3,"quantile",0.75,412730.0
"1784","DE","15-34",2026-03-12,2026-03-29,3,"quantile",0.9,515460.0
"1785","DE","15-34",2026-03-12,2026-03-29,3,"quantile",0.975,648410.0
"1786","DE","15-34",2026-03-12,2026-04-05,4,"quantile",0.025,105620.0
"1787","DE","15-34",2026-03-12,2026-04-05,4,"quantile",0.1,159580.0
"1788","DE","15-34",2026-03-12,2026-04-05,4,"quantile",0.25,222360.0
"1789","DE","15-34",2026-03-12,2026-04-05,4,"quantile",0.5,310130.0
"1790","DE","15-34",2026-03-12,2026-04-05,4,"quantile",0.75,418660.0
"1791","DE","15-34",2026-03-12,2026-04-05,4,"quantile",0.9,535470.0
"1792","DE","15-34",2026-03-12,2026-04-05,4,"quantile",0.975,688760.0
"1793","DE","35-59",2026-03-12,2026-03-15,1,"quantile",0.025,198690.0
"1794","DE","35-59",2026-03-12,2026-03-15,1,"quantile",0.1,258670.0
"1795","DE","35-59",2026-03-12,2026-03-15,1,"quantile",0.25,322140.0
"1796","DE","35-59",2026-03-12,2026-03-15,1,"quantile",0.5,404330.0
"1797","DE","35-59",2026-03-12,2026-03-15,1,"quantile",0.75,499610.0
"1798","DE","35-59",2026-03-12,2026-03-15,1,"quantile",0.9,597190.0
"1799","DE","35-59",2026-03-12,2026-03-15,1,"quantile",0.975,720180.0
"1800","DE","35-59",2026-03-12,2026-03-22,2,"quantile",0.025,164000.0
"1801","DE","35-59",2026-03-12,2026-03-22,2,"quantile",0.1,227990.0
"1802","DE","35-59",2026-03-12,2026-03-22,2,"quantile",0.25,298590.0
"1803","DE","35-59",2026-03-12,2026-03-22,2,"quantile",0.5,393210.0
"1804","DE","35-59",2026-03-12,2026-03-22,2,"quantile",0.75,506180.0
"1805","DE","35-59",2026-03-12,2026-03-22,2,"quantile",0.9,624580.0
"1806","DE","35-59",2026-03-12,2026-03-22,2,"quantile",0.975,776710.0
"1807","DE","35-59",2026-03-12,2026-03-29,3,"quantile",0.025,136320.0
"1808","DE","35-59",2026-03-12,2026-03-29,3,"quantile",0.1,202070.0
"1809","DE","35-59",2026-03-12,2026-03-29,3,"quantile",0.25,277650.0
"1810","DE","35-59",2026-03-12,2026-03-29,3,"quantile",0.5,382310.0
"1811","DE","35-59",2026-03-12,2026-03-29,3,"quantile",0.75,510730.0
"1812","DE","35-59",2026-03-12,2026-03-29,3,"quantile",0.9,648130.0
"1813","DE","35-59",2026-03-12,2026-03-29,3,"quantile",0.975,827650.0
"1814","DE","35-59",2026-03-12,2026-04-05,4,"quantile",0.025,113680.0
"1815","DE","35-59",2026-03-12,2026-04-05,4,"quantile",0.1,179710.0
"1816","DE","35-59",2026-03-12,2026-04-05,4,"quantile",0.25,258810.0
"1817","DE","35-59",2026-03-12,2026-04-05,4,"quantile",0.5,371910.0
"1818","DE","35-59",2026-03-12,2026-04-05,4,"quantile",0.75,514340.0
"1819","DE","35-59",2026-03-12,2026-04-05,4,"quantile",0.9,669680.0
"1820","DE","35-59",2026-03-12,2026-04-05,4,"quantile",0.975,875690.0
"1821","DE","60+",2026-03-12,2026-03-15,1,"quantile",0.025,67010.0
"1822","DE","60+",2026-03-12,2026-03-15,1,"quantile",0.1,89120.0
"1823","DE","60+",2026-03-12,2026-03-15,1,"quantile",0.25,112820.0
"1824","DE","60+",2026-03-12,2026-03-15,1,"quantile",0.5,143870.0
"1825","DE","60+",2026-03-12,2026-03-15,1,"quantile",0.75,180220.0
"1826","DE","60+",2026-03-12,2026-03-15,1,"quantile",0.9,217730.0
"1827","DE","60+",2026-03-12,2026-03-15,1,"quantile",0.975,265320.0
"1828","DE","60+",2026-03-12,2026-03-22,2,"quantile",0.025,54080.0
"1829","DE","60+",2026-03-12,2026-03-22,2,"quantile",0.1,77320.0
"1830","DE","60+",2026-03-12,2026-03-22,2,"quantile",0.25,103430.0
"1831","DE","60+",2026-03-12,2026-03-22,2,"quantile",0.5,138930.0
"1832","DE","60+",2026-03-12,2026-03-22,2,"quantile",0.75,181830.0
"1833","DE","60+",2026-03-12,2026-03-22,2,"quantile",0.9,227210.0
"1834","DE","60+",2026-03-12,2026-03-22,2,"quantile",0.975,285960.0
"1835","DE","60+",2026-03-12,2026-03-29,3,"quantile",0.025,43850.0
"1836","DE","60+",2026-03-12,2026-03-29,3,"quantile",0.1,67360.0
"1837","DE","60+",2026-03-12,2026-03-29,3,"quantile",0.25,95000.0
"1838","DE","60+",2026-03-12,2026-03-29,3,"quantile",0.5,133980.0
"1839","DE","60+",2026-03-12,2026-03-29,3,"quantile",0.75,182500.0
"1840","DE","60+",2026-03-12,2026-03-29,3,"quantile",0.9,234980.0
"1841","DE","60+",2026-03-12,2026-03-29,3,"quantile",0.975,304130.0
"1842","DE","60+",2026-03-12,2026-04-05,4,"quantile",0.025,35620.0
"1843","DE","60+",2026-03-12,2026-04-05,4,"quantile",0.1,58840.0
"1844","DE","60+",2026-03-12,2026-04-05,4,"quantile",0.25,87450.0
"1845","DE","60+",2026-03-12,2026-04-05,4,"quantile",0.5,129250.0
"1846","DE","60+",2026-03-12,2026-04-05,4,"quantile",0.75,182790.0
"1847","DE","60+",2026-03-12,2026-04-05,4,"quantile",0.9,241900.0
"1848","DE","60+",2026-03-12,2026-04-05,4,"quantile",0.975,321050.0
"1849","DE","00+",2026-03-19,2026-03-22,1,"quantile",0.025,626130.0
"1850","DE","00+",2026-03-19,2026-03-22,1,"quantile",0.1,774090.0
"1851","DE","00+",2026-03-19,2026-03-22,1,"quantile",0.25,925630.0
"1852","DE","00+",2026-03-19,2026-03-22,1,"quantile",0.5,1116490.0
"1853","DE","00+",2026-03-19,2026-03-22,1,"quantile",0.75,1332340.0
"1854","DE","00+",2026-03-19,2026-03-22,1,"quantile",0.9,1549040.0
"1855","DE","00+",2026-03-19,2026-03-22,1,"quantile",0.975,1817560.0
"1856","DE","00+",2026-03-19,2026-03-29,2,"quantile",0.025,555420.0
"1857","DE","00+",2026-03-19,2026-03-29,2,"quantile",0.1,719950.0
"1858","DE","00+",2026-03-19,2026-03-29,2,"quantile",0.25,893580.0
"1859","DE","00+",2026-03-19,2026-03-29,2,"quantile",0.5,1117880.0
"1860","DE","00+",2026-03-19,2026-03-29,2,"quantile",0.75,1377340.0
"1861","DE","00+",2026-03-19,2026-03-29,2,"quantile",0.9,1642590.0
"1862","DE","00+",2026-03-19,2026-03-29,2,"quantile",0.975,1976380.0
"1863","DE","00+",2026-03-19,2026-04-05,3,"quantile",0.025,498330.0
"1864","DE","00+",2026-03-19,2026-04-05,3,"quantile",0.1,674330.0
"1865","DE","00+",2026-03-19,2026-04-05,3,"quantile",0.25,865190.0
"1866","DE","00+",2026-03-19,2026-04-05,3,"quantile",0.5,1117390.0
"1867","DE","00+",2026-03-19,2026-04-05,3,"quantile",0.75,1414900.0
"1868","DE","00+",2026-03-19,2026-04-05,3,"quantile",0.9,1723790.0
"1869","DE","00+",2026-03-19,2026-04-05,3,"quantile",0.975,2117550.0
"1870","DE","00+",2026-03-19,2026-04-12,4,"quantile",0.025,450010.0
"1871","DE","00+",2026-03-19,2026-04-12,4,"quantile",0.1,633770.0
"1872","DE","00+",2026-03-19,2026-04-12,4,"quantile",0.25,838180.0
"1873","DE","00+",2026-03-19,2026-04-12,4,"quantile",0.5,1113920.0
"1874","DE","00+",2026-03-19,2026-04-12,4,"quantile",0.75,1444980.0
"1875","DE","00+",2026-03-19,2026-04-12,4,"quantile",0.9,1793390.0
"1876","DE","00+",2026-03-19,2026-04-12,4,"quantile",0.975,2242500.0
"1877","DE","00-04",2026-03-19,2026-03-22,1,"quantile",0.025,81470.0
"1878","DE","00-04",2026-03-19,2026-03-22,1,"quantile",0.1,108140.0
"1879","DE","00-04",2026-03-19,2026-03-22,1,"quantile",0.25,136730.0
"1880","DE","00-04",2026-03-19,2026-03-22,1,"quantile",0.5,174120.0
"1881","DE","00-04",2026-03-19,2026-03-22,1,"quantile",0.75,217860.0
"1882","DE","00-04",2026-03-19,2026-03-22,1,"quantile",0.9,262980.0
"1883","DE","00-04",2026-03-19,2026-03-22,1,"quantile",0.975,320190.0
"1884","DE","00-04",2026-03-19,2026-03-29,2,"quantile",0.025,66730.0
"1885","DE","00-04",2026-03-19,2026-03-29,2,"quantile",0.1,95340.0
"1886","DE","00-04",2026-03-19,2026-03-29,2,"quantile",0.25,127450.0
"1887","DE","00-04",2026-03-19,2026-03-29,2,"quantile",0.5,171090.0
"1888","DE","00-04",2026-03-19,2026-03-29,2,"quantile",0.75,223820.0
"1889","DE","00-04",2026-03-19,2026-03-29,2,"quantile",0.9,279590.0
"1890","DE","00-04",2026-03-19,2026-03-29,2,"quantile",0.975,351770.0
"1891","DE","00-04",2026-03-19,2026-04-05,3,"quantile",0.025,54930.0
"1892","DE","00-04",2026-03-19,2026-04-05,3,"quantile",0.1,84370.0
"1893","DE","00-04",2026-03-19,2026-04-05,3,"quantile",0.25,119000.0
"1894","DE","00-04",2026-03-19,2026-04-05,3,"quantile",0.5,167800.0
"1895","DE","00-04",2026-03-19,2026-04-05,3,"quantile",0.75,228560.0
"1896","DE","00-04",2026-03-19,2026-04-05,3,"quantile",0.9,294280.0
"1897","DE","00-04",2026-03-19,2026-04-05,3,"quantile",0.975,380870.0
"1898","DE","00-04",2026-03-19,2026-04-12,4,"quantile",0.025,45230.0
"1899","DE","00-04",2026-03-19,2026-04-12,4,"quantile",0.1,74770.0
"1900","DE","00-04",2026-03-19,2026-04-12,4,"quantile",0.25,111170.0
"1901","DE","00-04",2026-03-19,2026-04-12,4,"quantile",0.5,164370.0
"1902","DE","00-04",2026-03-19,2026-04-12,4,"quantile",0.75,232540.0
"1903","DE","00-04",2026-03-19,2026-04-12,4,"quantile",0.9,307820.0
"1904","DE","00-04",2026-03-19,2026-04-12,4,"quantile",0.975,408610.0
"1905","DE","05-14",2026-03-19,2026-03-22,1,"quantile",0.025,56980.0
"1906","DE","05-14",2026-03-19,2026-03-22,1,"quantile",0.1,76850.0
"1907","DE","05-14",2026-03-19,2026-03-22,1,"quantile",0.25,98350.0
"1908","DE","05-14",2026-03-19,2026-03-22,1,"quantile",0.5,126710.0
"1909","DE","05-14",2026-03-19,2026-03-22,1,"quantile",0.75,160130.0
"1910","DE","05-14",2026-03-19,2026-03-22,1,"quantile",0.9,194790.0
"1911","DE","05-14",2026-03-19,2026-03-22,1,"quantile",0.975,238960.0
"1912","DE","05-14",2026-03-19,2026-03-29,2,"quantile",0.025,46380.0
"1913","DE","05-14",2026-03-19,2026-03-29,2,"quantile",0.1,67810.0
"1914","DE","05-14",2026-03-19,2026-03-29,2,"quantile",0.25,92210.0
"1915","DE","05-14",2026-03-19,2026-03-29,2,"quantile",0.5,125780.0
"1916","DE","05-14",2026-03-19,2026-03-29,2,"quantile",0.75,166730.0
"1917","DE","05-14",2026-03-19,2026-03-29,2,"quantile",0.9,210360.0
"1918","DE","05-14",2026-03-19,2026-03-29,2,"quantile",0.975,267170.0
"1919","DE","05-14",2026-03-19,2026-04-05,3,"quantile",0.025,37950.0
"1920","DE","05-14",2026-03-19,2026-04-05,3,"quantile",0.1,60100.0
"1921","DE","05-14",2026-03-19,2026-04-05,3,"quantile",0.25,86660.0
"1922","DE","05-14",2026-03-19,2026-04-05,3,"quantile",0.5,124670.0
"1923","DE","05-14",2026-03-19,2026-04-05,3,"quantile",0.75,172570.0
"1924","DE","05-14",2026-03-19,2026-04-05,3,"quantile",0.9,224840.0
"1925","DE","05-14",2026-03-19,2026-04-05,3,"quantile",0.975,294200.0
"1926","DE","05-14",2026-03-19,2026-04-12,4,"quantile",0.025,31000.0
"1927","DE","05-14",2026-03-19,2026-04-12,4,"quantile",0.1,53270.0
"1928","DE","05-14",2026-03-19,2026-04-12,4,"quantile",0.25,81410.0
"1929","DE","05-14",2026-03-19,2026-04-12,4,"quantile",0.5,123310.0
"1930","DE","05-14",2026-03-19,2026-04-12,4,"quantile",0.75,177780.0
"1931","DE","05-14",2026-03-19,2026-04-12,4,"quantile",0.9,238560.0
"1932","DE","05-14",2026-03-19,2026-04-12,4,"quantile",0.975,320600.0
"1933","DE","15-34",2026-03-19,2026-03-22,1,"quantile",0.025,154170.0
"1934","DE","15-34",2026-03-19,2026-03-22,1,"quantile",0.1,196170.0
"1935","DE","15-34",2026-03-19,2026-03-22,1,"quantile",0.25,239980.0
"1936","DE","15-34",2026-03-19,2026-03-22,1,"quantile",0.5,296020.0
"1937","DE","15-34",2026-03-19,2026-03-22,1,"quantile",0.75,360300.0
"1938","DE","15-34",2026-03-19,2026-03-22,1,"quantile",0.9,425570.0
"1939","DE","15-34",2026-03-19,2026-03-22,1,"quantile",0.975,507240.0
"1940","DE","15-34",2026-03-19,2026-03-29,2,"quantile",0.025,130690.0
"1941","DE","15-34",2026-03-19,2026-03-29,2,"quantile",0.1,176320.0
"1942","DE","15-34",2026-03-19,2026-03-29,2,"quantile",0.25,225720.0
"1943","DE","15-34",2026-03-19,2026-03-29,2,"quantile",0.5,290910.0
"1944","DE","15-34",2026-03-19,2026-03-29,2,"quantile",0.75,367710.0
"1945","DE","15-34",2026-03-19,2026-03-29,2,"quantile",0.9,447390.0
"1946","DE","15-34",2026-03-19,2026-03-29,2,"quantile",0.975,548910.0
"1947","DE","15-34",2026-03-19,2026-04-05,3,"quantile",0.025,111630.0
"1948","DE","15-34",2026-03-19,2026-04-05,3,"quantile",0.1,159400.0
"1949","DE","15-34",2026-03-19,2026-04-05,3,"quantile",0.25,213010.0
"1950","DE","15-34",2026-03-19,2026-04-05,3,"quantile",0.5,285860.0
"1951","DE","15-34",2026-03-19,2026-04-05,3,"quantile",0.75,373860.0
"1952","DE","15-34",2026-03-19,2026-04-05,3,"quantile",0.9,466910.0
"1953","DE","15-34",2026-03-19,2026-04-05,3,"quantile",0.975,587330.0
"1954","DE","15-34",2026-03-19,2026-04-12,4,"quantile",0.025,95760.0
"1955","DE","15-34",2026-03-19,2026-04-12,4,"quantile",0.1,144660.0
"1956","DE","15-34",2026-03-19,2026-04-12,4,"quantile",0.25,201560.0
"1957","DE","15-34",2026-03-19,2026-04-12,4,"quantile",0.5,281100.0
"1958","DE","15-34",2026-03-19,2026-04-12,4,"quantile",0.75,379460.0
"1959","DE","15-34",2026-03-19,2026-04-12,4,"quantile",0.9,485320.0
"1960","DE","15-34",2026-03-19,2026-04-12,4,"quantile",0.975,624270.0
"1961","DE","35-59",2026-03-19,2026-03-22,1,"quantile",0.025,173840.0
"1962","DE","35-59",2026-03-19,2026-03-22,1,"quantile",0.1,226310.0
"1963","DE","35-59",2026-03-19,2026-03-22,1,"quantile",0.25,281820.0
"1964","DE","35-59",2026-03-19,2026-03-22,1,"quantile",0.5,353710.0
"1965","DE","35-59",2026-03-19,2026-03-22,1,"quantile",0.75,437040.0
"1966","DE","35-59",2026-03-19,2026-03-22,1,"quantile",0.9,522380.0
"1967","DE","35-59",2026-03-19,2026-03-22,1,"quantile",0.975,629950.0
"1968","DE","35-59",2026-03-19,2026-03-29,2,"quantile",0.025,143460.0
"1969","DE","35-59",2026-03-19,2026-03-29,2,"quantile",0.1,199420.0
"1970","DE","35-59",2026-03-19,2026-03-29,2,"quantile",0.25,261150.0
"1971","DE","35-59",2026-03-19,2026-03-29,2,"quantile",0.5,343870.0
"1972","DE","35-59",2026-03-19,2026-03-29,2,"quantile",0.75,442640.0
"1973","DE","35-59",2026-03-19,2026-03-29,2,"quantile",0.9,546150.0
"1974","DE","35-59",2026-03-19,2026-03-29,2,"quantile",0.975,679140.0
"1975","DE","35-59",2026-03-19,2026-04-05,3,"quantile",0.025,119310.0
"1976","DE","35-59",2026-03-19,2026-04-05,3,"quantile",0.1,176840.0
"1977","DE","35-59",2026-03-19,2026-04-05,3,"quantile",0.25,242950.0
"1978","DE","35-59",2026-03-19,2026-04-05,3,"quantile",0.5,334500.0
"1979","DE","35-59",2026-03-19,2026-04-05,3,"quantile",0.75,446830.0
"1980","DE","35-59",2026-03-19,2026-04-05,3,"quantile",0.9,567020.0
"1981","DE","35-59",2026-03-19,2026-04-05,3,"quantile",0.975,724040.0
"1982","DE","35-59",2026-03-19,2026-04-12,4,"quantile",0.025,99490.0
"1983","DE","35-59",2026-03-19,2026-04-12,4,"quantile",0.1,157290.0
"1984","DE","35-59",2026-03-19,2026-04-12,4,"quantile",0.25,226540.0
"1985","DE","35-59",2026-03-19,2026-04-12,4,"quantile",0.5,325560.0
"1986","DE","35-59",2026-03-19,2026-04-12,4,"quantile",0.75,450270.0
"1987","DE","35-59",2026-03-19,2026-04-12,4,"quantile",0.9,586280.0
"1988","DE","35-59",2026-03-19,2026-04-12,4,"quantile",0.975,766670.0
"1989","DE","60+",2026-03-19,2026-03-22,1,"quantile",0.025,60720.0
"1990","DE","60+",2026-03-19,2026-03-22,1,"quantile",0.1,80740.0
"1991","DE","60+",2026-03-19,2026-03-22,1,"quantile",0.25,102210.0
"1992","DE","60+",2026-03-19,2026-03-22,1,"quantile",0.5,130320.0
"1993","DE","60+",2026-03-19,2026-03-22,1,"quantile",0.75,163240.0
"1994","DE","60+",2026-03-19,2026-03-22,1,"quantile",0.9,197200.0
"1995","DE","60+",2026-03-19,2026-03-22,1,"quantile",0.975,240300.0
"1996","DE","60+",2026-03-19,2026-03-29,2,"quantile",0.025,48960.0
"1997","DE","60+",2026-03-19,2026-03-29,2,"quantile",0.1,70000.0
"1998","DE","60+",2026-03-19,2026-03-29,2,"quantile",0.25,93620.0
"1999","DE","60+",2026-03-19,2026-03-29,2,"quantile",0.5,125740.0
"2000","DE","60+",2026-03-19,2026-03-29,2,"quantile",0.75,164570.0
"2001","DE","60+",2026-03-19,2026-03-29,2,"quantile",0.9,205630.0
"2002","DE","60+",2026-03-19,2026-03-29,2,"quantile",0.975,258800.0
"2003","DE","60+",2026-03-19,2026-04-05,3,"quantile",0.025,39740.0
"2004","DE","60+",2026-03-19,2026-04-05,3,"quantile",0.1,61040.0
"2005","DE","60+",2026-03-19,2026-04-05,3,"quantile",0.25,86080.0
"2006","DE","60+",2026-03-19,2026-04-05,3,"quantile",0.5,121370.0
"2007","DE","60+",2026-03-19,2026-04-05,3,"quantile",0.75,165310.0
"2008","DE","60+",2026-03-19,2026-04-05,3,"quantile",0.9,212830.0
"2009","DE","60+",2026-03-19,2026-04-05,3,"quantile",0.975,275450.0
"2010","DE","60+",2026-03-19,2026-04-12,4,"quantile",0.025,32280.0
"2011","DE","60+",2026-03-19,2026-04-12,4,"quantile",0.1,53330.0
"2012","DE","60+",2026-03-19,2026-04-12,4,"quantile",0.25,79260.0
"2013","DE","60+",2026-03-19,2026-04-12,4,"quantile",0.5,117160.0
"2014","DE","60+",2026-03-19,2026-04-12,4,"quantile",0.75,165700.0
"2015","DE","60+",2026-03-19,2026-04-12,4,"quantile",0.9,219290.0
"2016","DE","60+",2026-03-19,2026-04-12,4,"quantile",0.975,291040.0
"2017","DE","00+",2026-03-26,2026-03-29,1,"quantile",0.025,564130.0
"2018","DE","00+",2026-03-26,2026-03-29,1,"quantile",0.1,698100.0
"2019","DE","00+",2026-03-26,2026-03-29,1,"quantile",0.25,835400.0
"2020","DE","00+",2026-03-26,2026-03-29,1,"quantile",0.5,1008410.0
"2021","DE","00+",2026-03-26,2026-03-29,1,"quantile",0.75,1204130.0
"2022","DE","00+",2026-03-26,2026-03-29,1,"quantile",0.9,1400680.0
"2023","DE","00+",2026-03-26,2026-03-29,1,"quantile",0.975,1644270.0
"2024","DE","00+",2026-03-26,2026-04-05,2,"quantile",0.025,511230.0
"2025","DE","00+",2026-03-26,2026-04-05,2,"quantile",0.1,659250.0
"2026","DE","00+",2026-03-26,2026-04-05,2,"quantile",0.25,814930.0
"2027","DE","00+",2026-03-26,2026-04-05,2,"quantile",0.5,1015480.0
"2028","DE","00+",2026-03-26,2026-04-05,2,"quantile",0.75,1246850.0
"2029","DE","00+",2026-03-26,2026-04-05,2,"quantile",0.9,1482870.0
"2030","DE","00+",2026-03-26,2026-04-05,2,"quantile",0.975,1779320.0
"2031","DE","00+",2026-03-26,2026-04-12,3,"quantile",0.025,471730.0
"2032","DE","00+",2026-03-26,2026-04-12,3,"quantile",0.1,629620.0
"2033","DE","00+",2026-03-26,2026-04-12,3,"quantile",0.25,799340.0
"2034","DE","00+",2026-03-26,2026-04-12,3,"quantile",0.5,1021980.0
"2035","DE","00+",2026-03-26,2026-04-12,3,"quantile",0.75,1282940.0
"2036","DE","00+",2026-03-26,2026-04-12,3,"quantile",0.9,1552500.0
"2037","DE","00+",2026-03-26,2026-04-12,3,"quantile",0.975,1894620.0
"2038","DE","00+",2026-03-26,2026-04-19,4,"quantile",0.025,443490.0
"2039","DE","00+",2026-03-26,2026-04-19,4,"quantile",0.1,609170.0
"2040","DE","00+",2026-03-26,2026-04-19,4,"quantile",0.25,790540.0
"2041","DE","00+",2026-03-26,2026-04-19,4,"quantile",0.5,1032040.0
"2042","DE","00+",2026-03-26,2026-04-19,4,"quantile",0.75,1318760.0
"2043","DE","00+",2026-03-26,2026-04-19,4,"quantile",0.9,1617890.0
"2044","DE","00+",2026-03-26,2026-04-19,4,"quantile",0.975,2000680.0
"2045","DE","00-04",2026-03-26,2026-03-29,1,"quantile",0.025,83440.0
"2046","DE","00-04",2026-03-26,2026-03-29,1,"quantile",0.1,110750.0
"2047","DE","00-04",2026-03-26,2026-03-29,1,"quantile",0.25,140010.0
"2048","DE","00-04",2026-03-26,2026-03-29,1,"quantile",0.5,178290.0
"2049","DE","00-04",2026-03-26,2026-03-29,1,"quantile",0.75,223080.0
"2050","DE","00-04",2026-03-26,2026-03-29,1,"quantile",0.9,269280.0
"2051","DE","00-04",2026-03-26,2026-03-29,1,"quantile",0.975,327880.0
"2052","DE","00-04",2026-03-26,2026-04-05,2,"quantile",0.025,68340.0
"2053","DE","00-04",2026-03-26,2026-04-05,2,"quantile",0.1,97600.0
"2054","DE","00-04",2026-03-26,2026-04-05,2,"quantile",0.25,130450.0
"2055","DE","00-04",2026-03-26,2026-04-05,2,"quantile",0.5,175090.0
"2056","DE","00-04",2026-03-26,2026-04-05,2,"quantile",0.75,229020.0
"2057","DE","00-04",2026-03-26,2026-04-05,2,"quantile",0.9,286060.0
"2058","DE","00-04",2026-03-26,2026-04-05,2,"quantile",0.975,359900.0
"2059","DE","00-04",2026-03-26,2026-04-12,3,"quantile",0.025,56290.0
"2060","DE","00-04",2026-03-26,2026-04-12,3,"quantile",0.1,86420.0
"2061","DE","00-04",2026-03-26,2026-04-12,3,"quantile",0.25,121830.0
"2062","DE","00-04",2026-03-26,2026-04-12,3,"quantile",0.5,171750.0
"2063","DE","00-04",2026-03-26,2026-04-12,3,"quantile",0.75,233880.0
"2064","DE","00-04",2026-03-26,2026-04-12,3,"quantile",0.9,301080.0
"2065","DE","00-04",2026-03-26,2026-04-12,3,"quantile",0.975,389630.0
"2066","DE","00-04",2026-03-26,2026-04-19,4,"quantile",0.025,46420.0
"2067","DE","00-04",2026-03-26,2026-04-19,4,"quantile",0.1,76660.0
"2068","DE","00-04",2026-03-26,2026-04-19,4,"quantile",0.25,113920.0
"2069","DE","00-04",2026-03-26,2026-04-19,4,"quantile",0.5,168360.0
"2070","DE","00-04",2026-03-26,2026-04-19,4,"quantile",0.75,238090.0
"2071","DE","00-04",2026-03-26,2026-04-19,4,"quantile",0.9,315080.0
"2072","DE","00-04",2026-03-26,2026-04-19,4,"quantile",0.975,418170.0
"2073","DE","05-14",2026-03-26,2026-03-29,1,"quantile",0.025,55960.0
"2074","DE","05-14",2026-03-26,2026-03-29,1,"quantile",0.1,75460.0
"2075","DE","05-14",2026-03-26,2026-03-29,1,"quantile",0.25,96560.0
"2076","DE","05-14",2026-03-26,2026-03-29,1,"quantile",0.5,124400.0
"2077","DE","05-14",2026-03-26,2026-03-29,1,"quantile",0.75,157200.0
"2078","DE","05-14",2026-03-26,2026-03-29,1,"quantile",0.9,191230.0
"2079","DE","05-14",2026-03-26,2026-03-29,1,"quantile",0.975,234580.0
"2080","DE","05-14",2026-03-26,2026-04-05,2,"quantile",0.025,45580.0
"2081","DE","05-14",2026-03-26,2026-04-05,2,"quantile",0.1,66600.0
"2082","DE","05-14",2026-03-26,2026-04-05,2,"quantile",0.25,90540.0
"2083","DE","05-14",2026-03-26,2026-04-05,2,"quantile",0.5,123450.0
"2084","DE","05-14",2026-03-26,2026-04-05,2,"quantile",0.75,163590.0
"2085","DE","05-14",2026-03-26,2026-04-05,2,"quantile",0.9,206360.0
"2086","DE","05-14",2026-03-26,2026-04-05,2,"quantile",0.975,262040.0
"2087","DE","05-14",2026-03-26,2026-04-12,3,"quantile",0.025,37280.0
"2088","DE","05-14",2026-03-26,2026-04-12,3,"quantile",0.1,58990.0
"2089","DE","05-14",2026-03-26,2026-04-12,3,"quantile",0.25,85020.0
"2090","DE","05-14",2026-03-26,2026-04-12,3,"quantile",0.5,122250.0
"2091","DE","05-14",2026-03-26,2026-04-12,3,"quantile",0.75,169150.0
"2092","DE","05-14",2026-03-26,2026-04-12,3,"quantile",0.9,220330.0
"2093","DE","05-14",2026-03-26,2026-04-12,3,"quantile",0.975,288230.0
"2094","DE","05-14",2026-03-26,2026-04-19,4,"quantile",0.025,30490.0
"2095","DE","05-14",2026-03-26,2026-04-19,4,"quantile",0.1,52320.0
"2096","DE","05-14",2026-03-26,2026-04-19,4,"quantile",0.25,79900.0
"2097","DE","05-14",2026-03-26,2026-04-19,4,"quantile",0.5,120930.0
"2098","DE","05-14",2026-03-26,2026-04-19,4,"quantile",0.75,174260.0
"2099","DE","05-14",2026-03-26,2026-04-19,4,"quantile",0.9,233740.0
"2100","DE","05-14",2026-03-26,2026-04-19,4,"quantile",0.975,314010.0
"2101","DE","15-34",2026-03-26,2026-03-29,1,"quantile",0.025,137530.0
"2102","DE","15-34",2026-03-26,2026-03-29,1,"quantile",0.1,174990.0
"2103","DE","15-34",2026-03-26,2026-03-29,1,"quantile",0.25,214060.0
"2104","DE","15-34",2026-03-26,2026-03-29,1,"quantile",0.5,264040.0
"2105","DE","15-34",2026-03-26,2026-03-29,1,"quantile",0.75,321360.0
"2106","DE","15-34",2026-03-26,2026-03-29,1,"quantile",0.9,379580.0
"2107","DE","15-34",2026-03-26,2026-03-29,1,"quantile",0.975,452440.0
"2108","DE","15-34",2026-03-26,2026-04-05,2,"quantile",0.025,116540.0
"2109","DE","15-34",2026-03-26,2026-04-05,2,"quantile",0.1,157230.0
"2110","DE","15-34",2026-03-26,2026-04-05,2,"quantile",0.25,201270.0
"2111","DE","15-34",2026-03-26,2026-04-05,2,"quantile",0.5,259390.0
"2112","DE","15-34",2026-03-26,2026-04-05,2,"quantile",0.75,327870.0
"2113","DE","15-34",2026-03-26,2026-04-05,2,"quantile",0.9,398920.0
"2114","DE","15-34",2026-03-26,2026-04-05,2,"quantile",0.975,489450.0
"2115","DE","15-34",2026-03-26,2026-04-12,3,"quantile",0.025,99590.0
"2116","DE","15-34",2026-03-26,2026-04-12,3,"quantile",0.1,142200.0
"2117","DE","15-34",2026-03-26,2026-04-12,3,"quantile",0.25,190030.0
"2118","DE","15-34",2026-03-26,2026-04-12,3,"quantile",0.5,255010.0
"2119","DE","15-34",2026-03-26,2026-04-12,3,"quantile",0.75,333510.0
"2120","DE","15-34",2026-03-26,2026-04-12,3,"quantile",0.9,416530.0
"2121","DE","15-34",2026-03-26,2026-04-12,3,"quantile",0.975,523970.0
"2122","DE","15-34",2026-03-26,2026-04-19,4,"quantile",0.025,85670.0
"2123","DE","15-34",2026-03-26,2026-04-19,4,"quantile",0.1,129390.0
"2124","DE","15-34",2026-03-26,2026-04-19,4,"quantile",0.25,180230.0
"2125","DE","15-34",2026-03-26,2026-04-19,4,"quantile",0.5,251300.0
"2126","DE","15-34",2026-03-26,2026-04-19,4,"quantile",0.75,339190.0
"2127","DE","15-34",2026-03-26,2026-04-19,4,"quantile",0.9,433760.0
"2128","DE","15-34",2026-03-26,2026-04-19,4,"quantile",0.975,557890.0
"2129","DE","35-59",2026-03-26,2026-03-29,1,"quantile",0.025,150980.0
"2130","DE","35-59",2026-03-26,2026-03-29,1,"quantile",0.1,196530.0
"2131","DE","35-59",2026-03-26,2026-03-29,1,"quantile",0.25,244740.0
"2132","DE","35-59",2026-03-26,2026-03-29,1,"quantile",0.5,307160.0
"2133","DE","35-59",2026-03-26,2026-03-29,1,"quantile",0.75,379510.0
"2134","DE","35-59",2026-03-26,2026-03-29,1,"quantile",0.9,453620.0
"2135","DE","35-59",2026-03-26,2026-03-29,1,"quantile",0.975,547040.0
"2136","DE","35-59",2026-03-26,2026-04-05,2,"quantile",0.025,124650.0
"2137","DE","35-59",2026-03-26,2026-04-05,2,"quantile",0.1,173250.0
"2138","DE","35-59",2026-03-26,2026-04-05,2,"quantile",0.25,226870.0
"2139","DE","35-59",2026-03-26,2026-04-05,2,"quantile",0.5,298720.0
"2140","DE","35-59",2026-03-26,2026-04-05,2,"quantile",0.75,384510.0
"2141","DE","35-59",2026-03-26,2026-04-05,2,"quantile",0.9,474430.0
"2142","DE","35-59",2026-03-26,2026-04-05,2,"quantile",0.975,589970.0
"2143","DE","35-59",2026-03-26,2026-04-12,3,"quantile",0.025,103650.0
"2144","DE","35-59",2026-03-26,2026-04-12,3,"quantile",0.1,153640.0
"2145","DE","35-59",2026-03-26,2026-04-12,3,"quantile",0.25,211110.0
"2146","DE","35-59",2026-03-26,2026-04-12,3,"quantile",0.5,290690.0
"2147","DE","35-59",2026-03-26,2026-04-12,3,"quantile",0.75,388340.0
"2148","DE","35-59",2026-03-26,2026-04-12,3,"quantile",0.9,492830.0
"2149","DE","35-59",2026-03-26,2026-04-12,3,"quantile",0.975,629360.0
"2150","DE","35-59",2026-03-26,2026-04-19,4,"quantile",0.025,86650.0
"2151","DE","35-59",2026-03-26,2026-04-19,4,"quantile",0.1,136990.0
"2152","DE","35-59",2026-03-26,2026-04-19,4,"quantile",0.25,197310.0
"2153","DE","35-59",2026-03-26,2026-04-19,4,"quantile",0.5,283550.0
"2154","DE","35-59",2026-03-26,2026-04-19,4,"quantile",0.75,392170.0
"2155","DE","35-59",2026-03-26,2026-04-19,4,"quantile",0.9,510640.0
"2156","DE","35-59",2026-03-26,2026-04-19,4,"quantile",0.975,667780.0
"2157","DE","60+",2026-03-26,2026-03-29,1,"quantile",0.025,56210.0
"2158","DE","60+",2026-03-26,2026-03-29,1,"quantile",0.1,74740.0
"2159","DE","60+",2026-03-26,2026-03-29,1,"quantile",0.25,94610.0
"2160","DE","60+",2026-03-26,2026-03-29,1,"quantile",0.5,120620.0
"2161","DE","60+",2026-03-26,2026-03-29,1,"quantile",0.75,151080.0
"2162","DE","60+",2026-03-26,2026-03-29,1,"quantile",0.9,182510.0
"2163","DE","60+",2026-03-26,2026-03-29,1,"quantile",0.975,222390.0
"2164","DE","60+",2026-03-26,2026-04-05,2,"quantile",0.025,45380.0
"2165","DE","60+",2026-03-26,2026-04-05,2,"quantile",0.1,64870.0
"2166","DE","60+",2026-03-26,2026-04-05,2,"quantile",0.25,86750.0
"2167","DE","60+",2026-03-26,2026-04-05,2,"quantile",0.5,116500.0
"2168","DE","60+",2026-03-26,2026-04-05,2,"quantile",0.75,152450.0
"2169","DE","60+",2026-03-26,2026-04-05,2,"quantile",0.9,190490.0
"2170","DE","60+",2026-03-26,2026-04-05,2,"quantile",0.975,239720.0
"2171","DE","60+",2026-03-26,2026-04-12,3,"quantile",0.025,36850.0
"2172","DE","60+",2026-03-26,2026-04-12,3,"quantile",0.1,56600.0
"2173","DE","60+",2026-03-26,2026-04-12,3,"quantile",0.25,79820.0
"2174","DE","60+",2026-03-26,2026-04-12,3,"quantile",0.5,112540.0
"2175","DE","60+",2026-03-26,2026-04-12,3,"quantile",0.75,153280.0
"2176","DE","60+",2026-03-26,2026-04-12,3,"quantile",0.9,197340.0
"2177","DE","60+",2026-03-26,2026-04-12,3,"quantile",0.975,255410.0
"2178","DE","60+",2026-03-26,2026-04-19,4,"quantile",0.025,30030.0
"2179","DE","60+",2026-03-26,2026-04-19,4,"quantile",0.1,49600.0
"2180","DE","60+",2026-03-26,2026-04-19,4,"quantile",0.25,73710.0
"2181","DE","60+",2026-03-26,2026-04-19,4,"quantile",0.5,108930.0
"2182","DE","60+",2026-03-26,2026-04-19,4,"quantile",0.75,154040.0
"2183","DE","60+",2026-03-26,2026-04-19,4,"quantile",0.9,203850.0
"2184","DE","60+",2026-03-26,2026-04-19,4,"quantile",0.975,270530.0
