"","location","age_group","forecast_date","target_end_date","horizon","type","quantile","value"
"1","DE","00+",2024-10-17,2024-10-20,1,"quantile",0.025,431090.556002803
"2","DE","00+",2024-10-17,2024-10-20,1,"quantile",0.1,1282672.4820538
"3","DE","00+",2024-10-17,2024-10-20,1,"quantile",0.25,1395608.42922773
"4","DE","00+",2024-10-17,2024-10-20,1,"quantile",0.5,1462439.09380249
"5","DE","00+",2024-10-17,2024-10-20,1,"quantile",0.75,1523669.06205064
"6","DE","00+",2024-10-17,2024-10-20,1,"quantile",0.9,1609055.42688938
"7","DE","00+",2024-10-17,2024-10-20,1,"quantile",0.975,1692831.46734672
"8","DE","00+",2024-10-17,2024-10-27,2,"quantile",0.025,398281.626247878
"9","DE","00+",2024-10-17,2024-10-27,2,"quantile",0.1,1174653.46581799
"10","DE","00+",2024-10-17,2024-10-27,2,"quantile",0.25,1307195.18997866
"11","DE","00+",2024-10-17,2024-10-27,2,"quantile",0.5,1362748.0105253
"12","DE","00+",2024-10-17,2024-10-27,2,"quantile",0.75,1436111.77460117
"13","DE","00+",2024-10-17,2024-10-27,2,"quantile",0.9,1524658.23014094
"14","DE","00+",2024-10-17,2024-10-27,2,"quantile",0.975,1754890.36526917
"15","DE","00+",2024-10-17,2024-11-03,3,"quantile",0.025,382592.122247423
"16","DE","00+",2024-10-17,2024-11-03,3,"quantile",0.1,1082890.54738442
"17","DE","00+",2024-10-17,2024-11-03,3,"quantile",0.25,1246190.49598833
"18","DE","00+",2024-10-17,2024-11-03,3,"quantile",0.5,1347923.10480412
"19","DE","00+",2024-10-17,2024-11-03,3,"quantile",0.75,1427470.78080881
"20","DE","00+",2024-10-17,2024-11-03,3,"quantile",0.9,1471514.14672794
"21","DE","00+",2024-10-17,2024-11-03,3,"quantile",0.975,1686492.02755551
"22","DE","00+",2024-10-17,2024-11-10,4,"quantile",0.025,356151.964936966
"23","DE","00+",2024-10-17,2024-11-10,4,"quantile",0.1,1098810.3358772
"24","DE","00+",2024-10-17,2024-11-10,4,"quantile",0.25,1311856.71476862
"25","DE","00+",2024-10-17,2024-11-10,4,"quantile",0.5,1420060.74740746
"26","DE","00+",2024-10-17,2024-11-10,4,"quantile",0.75,1459644.91847882
"27","DE","00+",2024-10-17,2024-11-10,4,"quantile",0.9,1515253.70182919
"28","DE","00+",2024-10-17,2024-11-10,4,"quantile",0.975,1708012.26547252
"29","DE","00-04",2024-10-17,2024-10-20,1,"quantile",0.025,85574.0535654213
"30","DE","00-04",2024-10-17,2024-10-20,1,"quantile",0.1,140646.468278234
"31","DE","00-04",2024-10-17,2024-10-20,1,"quantile",0.25,148729.015174839
"32","DE","00-04",2024-10-17,2024-10-20,1,"quantile",0.5,157511.084795814
"33","DE","00-04",2024-10-17,2024-10-20,1,"quantile",0.75,171661.000623233
"34","DE","00-04",2024-10-17,2024-10-20,1,"quantile",0.9,182527.111505792
"35","DE","00-04",2024-10-17,2024-10-20,1,"quantile",0.975,200374.533378883
"36","DE","00-04",2024-10-17,2024-10-27,2,"quantile",0.025,74648.4437438119
"37","DE","00-04",2024-10-17,2024-10-27,2,"quantile",0.1,141593.443307738
"38","DE","00-04",2024-10-17,2024-10-27,2,"quantile",0.25,152966.549046655
"39","DE","00-04",2024-10-17,2024-10-27,2,"quantile",0.5,159529.107905949
"40","DE","00-04",2024-10-17,2024-10-27,2,"quantile",0.75,167393.797811271
"41","DE","00-04",2024-10-17,2024-10-27,2,"quantile",0.9,189528.322943942
"42","DE","00-04",2024-10-17,2024-10-27,2,"quantile",0.975,222072.56972978
"43","DE","00-04",2024-10-17,2024-11-03,3,"quantile",0.025,62840.0907267027
"44","DE","00-04",2024-10-17,2024-11-03,3,"quantile",0.1,137063.867161242
"45","DE","00-04",2024-10-17,2024-11-03,3,"quantile",0.25,144996.05812216
"46","DE","00-04",2024-10-17,2024-11-03,3,"quantile",0.5,148798.935740251
"47","DE","00-04",2024-10-17,2024-11-03,3,"quantile",0.75,155878.439211697
"48","DE","00-04",2024-10-17,2024-11-03,3,"quantile",0.9,187732.506317274
"49","DE","00-04",2024-10-17,2024-11-03,3,"quantile",0.975,251793.58562567
"50","DE","00-04",2024-10-17,2024-11-10,4,"quantile",0.025,56655.8323678477
"51","DE","00-04",2024-10-17,2024-11-10,4,"quantile",0.1,151249.487935877
"52","DE","00-04",2024-10-17,2024-11-10,4,"quantile",0.25,166366.307538247
"53","DE","00-04",2024-10-17,2024-11-10,4,"quantile",0.5,171589.644494569
"54","DE","00-04",2024-10-17,2024-11-10,4,"quantile",0.75,177170.62402899
"55","DE","00-04",2024-10-17,2024-11-10,4,"quantile",0.9,185546.254928133
"56","DE","00-04",2024-10-17,2024-11-10,4,"quantile",0.975,273280.149001852
"57","DE","05-14",2024-10-17,2024-10-20,1,"quantile",0.025,50563.8933758165
"58","DE","05-14",2024-10-17,2024-10-20,1,"quantile",0.1,111371.042141175
"59","DE","05-14",2024-10-17,2024-10-20,1,"quantile",0.25,123385.642064212
"60","DE","05-14",2024-10-17,2024-10-20,1,"quantile",0.5,136521.720804428
"61","DE","05-14",2024-10-17,2024-10-20,1,"quantile",0.75,158345.317782541
"62","DE","05-14",2024-10-17,2024-10-20,1,"quantile",0.9,168869.656150325
"63","DE","05-14",2024-10-17,2024-10-20,1,"quantile",0.975,187366.252270527
"64","DE","05-14",2024-10-17,2024-10-27,2,"quantile",0.025,43886.0002079363
"65","DE","05-14",2024-10-17,2024-10-27,2,"quantile",0.1,109338.988104688
"66","DE","05-14",2024-10-17,2024-10-27,2,"quantile",0.25,120340.288132157
"67","DE","05-14",2024-10-17,2024-10-27,2,"quantile",0.5,125878.623986754
"68","DE","05-14",2024-10-17,2024-10-27,2,"quantile",0.75,131940.375440705
"69","DE","05-14",2024-10-17,2024-10-27,2,"quantile",0.9,161643.236715195
"70","DE","05-14",2024-10-17,2024-10-27,2,"quantile",0.975,189541.699372914
"71","DE","05-14",2024-10-17,2024-11-03,3,"quantile",0.025,38276.8198850408
"72","DE","05-14",2024-10-17,2024-11-03,3,"quantile",0.1,103350.71469886
"73","DE","05-14",2024-10-17,2024-11-03,3,"quantile",0.25,115304.424455944
"74","DE","05-14",2024-10-17,2024-11-03,3,"quantile",0.5,121206.859551799
"75","DE","05-14",2024-10-17,2024-11-03,3,"quantile",0.75,127139.31803723
"76","DE","05-14",2024-10-17,2024-11-03,3,"quantile",0.9,156178.295300572
"77","DE","05-14",2024-10-17,2024-11-03,3,"quantile",0.975,196368.579837173
"78","DE","05-14",2024-10-17,2024-11-10,4,"quantile",0.025,33412.1575572987
"79","DE","05-14",2024-10-17,2024-11-10,4,"quantile",0.1,110798.186712034
"80","DE","05-14",2024-10-17,2024-11-10,4,"quantile",0.25,141450.429447606
"81","DE","05-14",2024-10-17,2024-11-10,4,"quantile",0.5,150173.366048421
"82","DE","05-14",2024-10-17,2024-11-10,4,"quantile",0.75,156342.478330329
"83","DE","05-14",2024-10-17,2024-11-10,4,"quantile",0.9,175049.214142964
"84","DE","05-14",2024-10-17,2024-11-10,4,"quantile",0.975,191012.171637417
"85","DE","15-34",2024-10-17,2024-10-20,1,"quantile",0.025,114720.041988429
"86","DE","15-34",2024-10-17,2024-10-20,1,"quantile",0.1,371701.064219469
"87","DE","15-34",2024-10-17,2024-10-20,1,"quantile",0.25,416605.455728117
"88","DE","15-34",2024-10-17,2024-10-20,1,"quantile",0.5,435595.082931238
"89","DE","15-34",2024-10-17,2024-10-20,1,"quantile",0.75,457136.207413509
"90","DE","15-34",2024-10-17,2024-10-20,1,"quantile",0.9,472530.180935773
"91","DE","15-34",2024-10-17,2024-10-20,1,"quantile",0.975,515539.159929042
"92","DE","15-34",2024-10-17,2024-10-27,2,"quantile",0.025,102751.094255701
"93","DE","15-34",2024-10-17,2024-10-27,2,"quantile",0.1,329441.644835353
"94","DE","15-34",2024-10-17,2024-10-27,2,"quantile",0.25,386570.336823294
"95","DE","15-34",2024-10-17,2024-10-27,2,"quantile",0.5,402499.143997983
"96","DE","15-34",2024-10-17,2024-10-27,2,"quantile",0.75,417471.369888126
"97","DE","15-34",2024-10-17,2024-10-27,2,"quantile",0.9,429708.468118511
"98","DE","15-34",2024-10-17,2024-10-27,2,"quantile",0.975,513268.609963497
"99","DE","15-34",2024-10-17,2024-11-03,3,"quantile",0.025,97621.8774004856
"100","DE","15-34",2024-10-17,2024-11-03,3,"quantile",0.1,294352.0690263
"101","DE","15-34",2024-10-17,2024-11-03,3,"quantile",0.25,368324.952449461
"102","DE","15-34",2024-10-17,2024-11-03,3,"quantile",0.5,383760.295435861
"103","DE","15-34",2024-10-17,2024-11-03,3,"quantile",0.75,402638.318121875
"104","DE","15-34",2024-10-17,2024-11-03,3,"quantile",0.9,418279.509531156
"105","DE","15-34",2024-10-17,2024-11-03,3,"quantile",0.975,503069.020427483
"106","DE","15-34",2024-10-17,2024-11-10,4,"quantile",0.025,90388.6205838292
"107","DE","15-34",2024-10-17,2024-11-10,4,"quantile",0.1,318599.921428635
"108","DE","15-34",2024-10-17,2024-11-10,4,"quantile",0.25,376848.69641669
"109","DE","15-34",2024-10-17,2024-11-10,4,"quantile",0.5,404564.253180704
"110","DE","15-34",2024-10-17,2024-11-10,4,"quantile",0.75,417742.012369999
"111","DE","15-34",2024-10-17,2024-11-10,4,"quantile",0.9,429165.081589071
"112","DE","15-34",2024-10-17,2024-11-10,4,"quantile",0.975,497896.219006565
"113","DE","35-59",2024-10-17,2024-10-20,1,"quantile",0.025,119496.625648041
"114","DE","35-59",2024-10-17,2024-10-20,1,"quantile",0.1,471142.987462505
"115","DE","35-59",2024-10-17,2024-10-20,1,"quantile",0.25,533170.063356543
"116","DE","35-59",2024-10-17,2024-10-20,1,"quantile",0.5,561204.690567971
"117","DE","35-59",2024-10-17,2024-10-20,1,"quantile",0.75,580038.51486209
"118","DE","35-59",2024-10-17,2024-10-20,1,"quantile",0.9,604615.249009338
"119","DE","35-59",2024-10-17,2024-10-20,1,"quantile",0.975,631677.560488228
"120","DE","35-59",2024-10-17,2024-10-27,2,"quantile",0.025,116957.165509602
"121","DE","35-59",2024-10-17,2024-10-27,2,"quantile",0.1,421245.581538644
"122","DE","35-59",2024-10-17,2024-10-27,2,"quantile",0.25,506326.396554676
"123","DE","35-59",2024-10-17,2024-10-27,2,"quantile",0.5,530588.837037886
"124","DE","35-59",2024-10-17,2024-10-27,2,"quantile",0.75,548550.500471401
"125","DE","35-59",2024-10-17,2024-10-27,2,"quantile",0.9,574771.422781678
"126","DE","35-59",2024-10-17,2024-10-27,2,"quantile",0.975,666298.802350211
"127","DE","35-59",2024-10-17,2024-11-03,3,"quantile",0.025,112183.333387734
"128","DE","35-59",2024-10-17,2024-11-03,3,"quantile",0.1,371431.62734244
"129","DE","35-59",2024-10-17,2024-11-03,3,"quantile",0.25,466356.169997218
"130","DE","35-59",2024-10-17,2024-11-03,3,"quantile",0.5,505510.400452186
"131","DE","35-59",2024-10-17,2024-11-03,3,"quantile",0.75,525583.855694732
"132","DE","35-59",2024-10-17,2024-11-03,3,"quantile",0.9,543599.921404296
"133","DE","35-59",2024-10-17,2024-11-03,3,"quantile",0.975,663762.274444297
"134","DE","35-59",2024-10-17,2024-11-10,4,"quantile",0.025,112792.969887618
"135","DE","35-59",2024-10-17,2024-11-10,4,"quantile",0.1,391198.23057608
"136","DE","35-59",2024-10-17,2024-11-10,4,"quantile",0.25,466499.744682644
"137","DE","35-59",2024-10-17,2024-11-10,4,"quantile",0.5,520599.837084151
"138","DE","35-59",2024-10-17,2024-11-10,4,"quantile",0.75,535847.173523361
"139","DE","35-59",2024-10-17,2024-11-10,4,"quantile",0.9,578870.698400848
"140","DE","35-59",2024-10-17,2024-11-10,4,"quantile",0.975,659617.741691541
"141","DE","60+",2024-10-17,2024-10-20,1,"quantile",0.025,52849.7652546687
"142","DE","60+",2024-10-17,2024-10-20,1,"quantile",0.1,149429.91916443
"143","DE","60+",2024-10-17,2024-10-20,1,"quantile",0.25,177279.403060685
"144","DE","60+",2024-10-17,2024-10-20,1,"quantile",0.5,191822.812751255
"145","DE","60+",2024-10-17,2024-10-20,1,"quantile",0.75,203862.479922292
"146","DE","60+",2024-10-17,2024-10-20,1,"quantile",0.9,212216.894154097
"147","DE","60+",2024-10-17,2024-10-20,1,"quantile",0.975,223198.966622809
"148","DE","60+",2024-10-17,2024-10-27,2,"quantile",0.025,51880.832069302
"149","DE","60+",2024-10-17,2024-10-27,2,"quantile",0.1,134232.232131497
"150","DE","60+",2024-10-17,2024-10-27,2,"quantile",0.25,163814.110963459
"151","DE","60+",2024-10-17,2024-10-27,2,"quantile",0.5,177161.818722262
"152","DE","60+",2024-10-17,2024-10-27,2,"quantile",0.75,187726.64596638
"153","DE","60+",2024-10-17,2024-10-27,2,"quantile",0.9,202275.066943184
"154","DE","60+",2024-10-17,2024-10-27,2,"quantile",0.975,209538.322570331
"155","DE","60+",2024-10-17,2024-11-03,3,"quantile",0.025,50336.2974428506
"156","DE","60+",2024-10-17,2024-11-03,3,"quantile",0.1,122103.646871838
"157","DE","60+",2024-10-17,2024-11-03,3,"quantile",0.25,146332.266257969
"158","DE","60+",2024-10-17,2024-11-03,3,"quantile",0.5,162951.239509843
"159","DE","60+",2024-10-17,2024-11-03,3,"quantile",0.75,178105.287997487
"160","DE","60+",2024-10-17,2024-11-03,3,"quantile",0.9,195654.464832922
"161","DE","60+",2024-10-17,2024-11-03,3,"quantile",0.975,210684.434308622
"162","DE","60+",2024-10-17,2024-11-10,4,"quantile",0.025,47124.9917129753
"163","DE","60+",2024-10-17,2024-11-10,4,"quantile",0.1,118675.44567123
"164","DE","60+",2024-10-17,2024-11-10,4,"quantile",0.25,136785.377213683
"165","DE","60+",2024-10-17,2024-11-10,4,"quantile",0.5,166557.400395091
"166","DE","60+",2024-10-17,2024-11-10,4,"quantile",0.75,178796.916442101
"167","DE","60+",2024-10-17,2024-11-10,4,"quantile",0.9,195078.258130935
"168","DE","60+",2024-10-17,2024-11-10,4,"quantile",0.975,212642.74609898
"169","DE","00+",2024-10-24,2024-10-27,1,"quantile",0.025,429117.356960426
"170","DE","00+",2024-10-24,2024-10-27,1,"quantile",0.1,1230970.53124039
"171","DE","00+",2024-10-24,2024-10-27,1,"quantile",0.25,1353903.48530426
"172","DE","00+",2024-10-24,2024-10-27,1,"quantile",0.5,1417613.36435262
"173","DE","00+",2024-10-24,2024-10-27,1,"quantile",0.75,1465606.59930375
"174","DE","00+",2024-10-24,2024-10-27,1,"quantile",0.9,1520897.29860808
"175","DE","00+",2024-10-24,2024-10-27,1,"quantile",0.975,1597364.36182268
"176","DE","00+",2024-10-24,2024-11-03,2,"quantile",0.025,396913.864239476
"177","DE","00+",2024-10-24,2024-11-03,2,"quantile",0.1,1143836.61576854
"178","DE","00+",2024-10-24,2024-11-03,2,"quantile",0.25,1317690.50273069
"179","DE","00+",2024-10-24,2024-11-03,2,"quantile",0.5,1370952.67132231
"180","DE","00+",2024-10-24,2024-11-03,2,"quantile",0.75,1429295.69539765
"181","DE","00+",2024-10-24,2024-11-03,2,"quantile",0.9,1493121.46078854
"182","DE","00+",2024-10-24,2024-11-03,2,"quantile",0.975,1714401.49462775
"183","DE","00+",2024-10-24,2024-11-10,3,"quantile",0.025,384032.652976518
"184","DE","00+",2024-10-24,2024-11-10,3,"quantile",0.1,1087385.13398371
"185","DE","00+",2024-10-24,2024-11-10,3,"quantile",0.25,1371857.58039461
"186","DE","00+",2024-10-24,2024-11-10,3,"quantile",0.5,1430456.00324698
"187","DE","00+",2024-10-24,2024-11-10,3,"quantile",0.75,1462426.53542828
"188","DE","00+",2024-10-24,2024-11-10,3,"quantile",0.9,1533983.51246908
"189","DE","00+",2024-10-24,2024-11-10,3,"quantile",0.975,1765937.39420499
"190","DE","00+",2024-10-24,2024-11-17,4,"quantile",0.025,355519.746569527
"191","DE","00+",2024-10-24,2024-11-17,4,"quantile",0.1,1111736.71350014
"192","DE","00+",2024-10-24,2024-11-17,4,"quantile",0.25,1349191.12821661
"193","DE","00+",2024-10-24,2024-11-17,4,"quantile",0.5,1446534.72075714
"194","DE","00+",2024-10-24,2024-11-17,4,"quantile",0.75,1520051.23004086
"195","DE","00+",2024-10-24,2024-11-17,4,"quantile",0.9,1584244.65183632
"196","DE","00+",2024-10-24,2024-11-17,4,"quantile",0.975,1746680.2247405
"197","DE","00-04",2024-10-24,2024-10-27,1,"quantile",0.025,85212.0378996788
"198","DE","00-04",2024-10-24,2024-10-27,1,"quantile",0.1,155668.572093675
"199","DE","00-04",2024-10-24,2024-10-27,1,"quantile",0.25,167634.113575426
"200","DE","00-04",2024-10-24,2024-10-27,1,"quantile",0.5,178717.290845028
"201","DE","00-04",2024-10-24,2024-10-27,1,"quantile",0.75,191892.441431337
"202","DE","00-04",2024-10-24,2024-10-27,1,"quantile",0.9,208063.358471322
"203","DE","00-04",2024-10-24,2024-10-27,1,"quantile",0.975,220862.600105973
"204","DE","00-04",2024-10-24,2024-11-03,2,"quantile",0.025,73729.9437279769
"205","DE","00-04",2024-10-24,2024-11-03,2,"quantile",0.1,154029.901101608
"206","DE","00-04",2024-10-24,2024-11-03,2,"quantile",0.25,167632.454348987
"207","DE","00-04",2024-10-24,2024-11-03,2,"quantile",0.5,175029.757807916
"208","DE","00-04",2024-10-24,2024-11-03,2,"quantile",0.75,183787.355693279
"209","DE","00-04",2024-10-24,2024-11-03,2,"quantile",0.9,206368.253887228
"210","DE","00-04",2024-10-24,2024-11-03,2,"quantile",0.975,228922.859272137
"211","DE","00-04",2024-10-24,2024-11-10,3,"quantile",0.025,60764.0357508892
"212","DE","00-04",2024-10-24,2024-11-10,3,"quantile",0.1,158284.737047045
"213","DE","00-04",2024-10-24,2024-11-10,3,"quantile",0.25,173688.433045612
"214","DE","00-04",2024-10-24,2024-11-10,3,"quantile",0.5,186355.776452332
"215","DE","00-04",2024-10-24,2024-11-10,3,"quantile",0.75,195469.96311118
"216","DE","00-04",2024-10-24,2024-11-10,3,"quantile",0.9,211244.429250411
"217","DE","00-04",2024-10-24,2024-11-10,3,"quantile",0.975,252531.652352852
"218","DE","00-04",2024-10-24,2024-11-17,4,"quantile",0.025,56490.0826792827
"219","DE","00-04",2024-10-24,2024-11-17,4,"quantile",0.1,164490.765937238
"220","DE","00-04",2024-10-24,2024-11-17,4,"quantile",0.25,187673.646231291
"221","DE","00-04",2024-10-24,2024-11-17,4,"quantile",0.5,195715.617856885
"222","DE","00-04",2024-10-24,2024-11-17,4,"quantile",0.75,210004.853839063
"223","DE","00-04",2024-10-24,2024-11-17,4,"quantile",0.9,223934.884841161
"224","DE","00-04",2024-10-24,2024-11-17,4,"quantile",0.975,278545.458009816
"225","DE","05-14",2024-10-24,2024-10-27,1,"quantile",0.025,50907.2061904494
"226","DE","05-14",2024-10-24,2024-10-27,1,"quantile",0.1,114098.621216434
"227","DE","05-14",2024-10-24,2024-10-27,1,"quantile",0.25,122527.188561784
"228","DE","05-14",2024-10-24,2024-10-27,1,"quantile",0.5,128779.504434889
"229","DE","05-14",2024-10-24,2024-10-27,1,"quantile",0.75,133664.155233156
"230","DE","05-14",2024-10-24,2024-10-27,1,"quantile",0.9,150028.721867337
"231","DE","05-14",2024-10-24,2024-10-27,1,"quantile",0.975,165786.946869895
"232","DE","05-14",2024-10-24,2024-11-03,2,"quantile",0.025,42743.5297420574
"233","DE","05-14",2024-10-24,2024-11-03,2,"quantile",0.1,106825.787238004
"234","DE","05-14",2024-10-24,2024-11-03,2,"quantile",0.25,127202.157665553
"235","DE","05-14",2024-10-24,2024-11-03,2,"quantile",0.5,135154.498937252
"236","DE","05-14",2024-10-24,2024-11-03,2,"quantile",0.75,140469.947316476
"237","DE","05-14",2024-10-24,2024-11-03,2,"quantile",0.9,164118.227711361
"238","DE","05-14",2024-10-24,2024-11-03,2,"quantile",0.975,195200.998466307
"239","DE","05-14",2024-10-24,2024-11-10,3,"quantile",0.025,37706.8924894603
"240","DE","05-14",2024-10-24,2024-11-10,3,"quantile",0.1,106701.433573171
"241","DE","05-14",2024-10-24,2024-11-10,3,"quantile",0.25,142832.881270746
"242","DE","05-14",2024-10-24,2024-11-10,3,"quantile",0.5,152559.706657148
"243","DE","05-14",2024-10-24,2024-11-10,3,"quantile",0.75,161207.023810239
"244","DE","05-14",2024-10-24,2024-11-10,3,"quantile",0.9,169428.211484037
"245","DE","05-14",2024-10-24,2024-11-10,3,"quantile",0.975,200202.552835292
"246","DE","05-14",2024-10-24,2024-11-17,4,"quantile",0.025,33630.1191016225
"247","DE","05-14",2024-10-24,2024-11-17,4,"quantile",0.1,110291.817036159
"248","DE","05-14",2024-10-24,2024-11-17,4,"quantile",0.25,148058.253530221
"249","DE","05-14",2024-10-24,2024-11-17,4,"quantile",0.5,159301.137447807
"250","DE","05-14",2024-10-24,2024-11-17,4,"quantile",0.75,168419.046898001
"251","DE","05-14",2024-10-24,2024-11-17,4,"quantile",0.9,183086.987556968
"252","DE","05-14",2024-10-24,2024-11-17,4,"quantile",0.975,196031.360583407
"253","DE","15-34",2024-10-24,2024-10-27,1,"quantile",0.025,115530.265521921
"254","DE","15-34",2024-10-24,2024-10-27,1,"quantile",0.1,357064.416794425
"255","DE","15-34",2024-10-24,2024-10-27,1,"quantile",0.25,403059.796487862
"256","DE","15-34",2024-10-24,2024-10-27,1,"quantile",0.5,416324.769755954
"257","DE","15-34",2024-10-24,2024-10-27,1,"quantile",0.75,433601.044465809
"258","DE","15-34",2024-10-24,2024-10-27,1,"quantile",0.9,454198.556085691
"259","DE","15-34",2024-10-24,2024-10-27,1,"quantile",0.975,495500.976226848
"260","DE","15-34",2024-10-24,2024-11-03,2,"quantile",0.025,102504.247483867
"261","DE","15-34",2024-10-24,2024-11-03,2,"quantile",0.1,319368.252367419
"262","DE","15-34",2024-10-24,2024-11-03,2,"quantile",0.25,385242.604150623
"263","DE","15-34",2024-10-24,2024-11-03,2,"quantile",0.5,401836.453137315
"264","DE","15-34",2024-10-24,2024-11-03,2,"quantile",0.75,414027.347120909
"265","DE","15-34",2024-10-24,2024-11-03,2,"quantile",0.9,433208.565519647
"266","DE","15-34",2024-10-24,2024-11-03,2,"quantile",0.975,508800.8166279
"267","DE","15-34",2024-10-24,2024-11-10,3,"quantile",0.025,98026.6392492662
"268","DE","15-34",2024-10-24,2024-11-10,3,"quantile",0.1,304263.638978118
"269","DE","15-34",2024-10-24,2024-11-10,3,"quantile",0.25,392902.307226363
"270","DE","15-34",2024-10-24,2024-11-10,3,"quantile",0.5,409327.445240484
"271","DE","15-34",2024-10-24,2024-11-10,3,"quantile",0.75,422134.249198356
"272","DE","15-34",2024-10-24,2024-11-10,3,"quantile",0.9,437126.259606148
"273","DE","15-34",2024-10-24,2024-11-10,3,"quantile",0.975,511991.001817162
"274","DE","15-34",2024-10-24,2024-11-17,4,"quantile",0.025,89984.8816965273
"275","DE","15-34",2024-10-24,2024-11-17,4,"quantile",0.1,310410.031354966
"276","DE","15-34",2024-10-24,2024-11-17,4,"quantile",0.25,370512.869114783
"277","DE","15-34",2024-10-24,2024-11-17,4,"quantile",0.5,407910.805656547
"278","DE","15-34",2024-10-24,2024-11-17,4,"quantile",0.75,427262.451071815
"279","DE","15-34",2024-10-24,2024-11-17,4,"quantile",0.9,453151.878311173
"280","DE","15-34",2024-10-24,2024-11-17,4,"quantile",0.975,496030.236715991
"281","DE","35-59",2024-10-24,2024-10-27,1,"quantile",0.025,118240.145817748
"282","DE","35-59",2024-10-24,2024-10-27,1,"quantile",0.1,431039.740094576
"283","DE","35-59",2024-10-24,2024-10-27,1,"quantile",0.25,499955.439256359
"284","DE","35-59",2024-10-24,2024-10-27,1,"quantile",0.5,518708.997497325
"285","DE","35-59",2024-10-24,2024-10-27,1,"quantile",0.75,545480.042145676
"286","DE","35-59",2024-10-24,2024-10-27,1,"quantile",0.9,575459.464191961
"287","DE","35-59",2024-10-24,2024-10-27,1,"quantile",0.975,610258.242827804
"288","DE","35-59",2024-10-24,2024-11-03,2,"quantile",0.025,117691.544113263
"289","DE","35-59",2024-10-24,2024-11-03,2,"quantile",0.1,404448.538179516
"290","DE","35-59",2024-10-24,2024-11-03,2,"quantile",0.25,490129.699091919
"291","DE","35-59",2024-10-24,2024-11-03,2,"quantile",0.5,507005.369275703
"292","DE","35-59",2024-10-24,2024-11-03,2,"quantile",0.75,522932.271496968
"293","DE","35-59",2024-10-24,2024-11-03,2,"quantile",0.9,551961.618198819
"294","DE","35-59",2024-10-24,2024-11-03,2,"quantile",0.975,640828.235895568
"295","DE","35-59",2024-10-24,2024-11-10,3,"quantile",0.025,111386.956613245
"296","DE","35-59",2024-10-24,2024-11-10,3,"quantile",0.1,372635.704816371
"297","DE","35-59",2024-10-24,2024-11-10,3,"quantile",0.25,482188.495571971
"298","DE","35-59",2024-10-24,2024-11-10,3,"quantile",0.5,524481.327423229
"299","DE","35-59",2024-10-24,2024-11-10,3,"quantile",0.75,539520.419353028
"300","DE","35-59",2024-10-24,2024-11-10,3,"quantile",0.9,572398.816179866
"301","DE","35-59",2024-10-24,2024-11-10,3,"quantile",0.975,666988.737066279
"302","DE","35-59",2024-10-24,2024-11-17,4,"quantile",0.025,113863.219996404
"303","DE","35-59",2024-10-24,2024-11-17,4,"quantile",0.1,364321.440569937
"304","DE","35-59",2024-10-24,2024-11-17,4,"quantile",0.25,453985.258101641
"305","DE","35-59",2024-10-24,2024-11-17,4,"quantile",0.5,501660.537518096
"306","DE","35-59",2024-10-24,2024-11-17,4,"quantile",0.75,545179.912026844
"307","DE","35-59",2024-10-24,2024-11-17,4,"quantile",0.9,588882.13072249
"308","DE","35-59",2024-10-24,2024-11-17,4,"quantile",0.975,643359.99477464
"309","DE","60+",2024-10-24,2024-10-27,1,"quantile",0.025,52775.0997427031
"310","DE","60+",2024-10-24,2024-10-27,1,"quantile",0.1,144345.352007276
"311","DE","60+",2024-10-24,2024-10-27,1,"quantile",0.25,166374.11722024
"312","DE","60+",2024-10-24,2024-10-27,1,"quantile",0.5,176036.755328001
"313","DE","60+",2024-10-24,2024-10-27,1,"quantile",0.75,186821.26578659
"314","DE","60+",2024-10-24,2024-10-27,1,"quantile",0.9,203099.357525643
"315","DE","60+",2024-10-24,2024-10-27,1,"quantile",0.975,222795.651389622
"316","DE","60+",2024-10-24,2024-11-03,2,"quantile",0.025,51964.761669905
"317","DE","60+",2024-10-24,2024-11-03,2,"quantile",0.1,127669.432539652
"318","DE","60+",2024-10-24,2024-11-03,2,"quantile",0.25,157567.52207722
"319","DE","60+",2024-10-24,2024-11-03,2,"quantile",0.5,168486.011677378
"320","DE","60+",2024-10-24,2024-11-03,2,"quantile",0.75,181644.087772199
"321","DE","60+",2024-10-24,2024-11-03,2,"quantile",0.9,200403.174486716
"322","DE","60+",2024-10-24,2024-11-03,2,"quantile",0.975,212405.583180004
"323","DE","60+",2024-10-24,2024-11-10,3,"quantile",0.025,50347.4065758178
"324","DE","60+",2024-10-24,2024-11-10,3,"quantile",0.1,126047.497356517
"325","DE","60+",2024-10-24,2024-11-10,3,"quantile",0.25,154065.587728329
"326","DE","60+",2024-10-24,2024-11-10,3,"quantile",0.5,174493.936471075
"327","DE","60+",2024-10-24,2024-11-10,3,"quantile",0.75,181891.183935816
"328","DE","60+",2024-10-24,2024-11-10,3,"quantile",0.9,193611.256530892
"329","DE","60+",2024-10-24,2024-11-10,3,"quantile",0.975,210882.296513276
"330","DE","60+",2024-10-24,2024-11-17,4,"quantile",0.025,47935.4253387103
"331","DE","60+",2024-10-24,2024-11-17,4,"quantile",0.1,121777.641017368
"332","DE","60+",2024-10-24,2024-11-17,4,"quantile",0.25,140443.137028526
"333","DE","60+",2024-10-24,2024-11-17,4,"quantile",0.5,161430.35693717
"334","DE","60+",2024-10-24,2024-11-17,4,"quantile",0.75,170576.323234837
"335","DE","60+",2024-10-24,2024-11-17,4,"quantile",0.9,191903.309958687
"336","DE","60+",2024-10-24,2024-11-17,4,"quantile",0.975,223906.127344073
"337","DE","00+",2024-10-31,2024-11-03,1,"quantile",0.025,432594.551471574
"338","DE","00+",2024-10-31,2024-11-03,1,"quantile",0.1,1153708.25894293
"339","DE","00+",2024-10-31,2024-11-03,1,"quantile",0.25,1263164.3132546
"340","DE","00+",2024-10-31,2024-11-03,1,"quantile",0.5,1338264.07738265
"341","DE","00+",2024-10-31,2024-11-03,1,"quantile",0.75,1384496.55066801
"342","DE","00+",2024-10-31,2024-11-03,1,"quantile",0.9,1425831.18189929
"343","DE","00+",2024-10-31,2024-11-03,1,"quantile",0.975,1538623.2482857
"344","DE","00+",2024-10-31,2024-11-10,2,"quantile",0.025,400844.808954668
"345","DE","00+",2024-10-31,2024-11-10,2,"quantile",0.1,1124942.21682234
"346","DE","00+",2024-10-31,2024-11-10,2,"quantile",0.25,1315874.22752742
"347","DE","00+",2024-10-31,2024-11-10,2,"quantile",0.5,1402108.19640629
"348","DE","00+",2024-10-31,2024-11-10,2,"quantile",0.75,1440244.28284027
"349","DE","00+",2024-10-31,2024-11-10,2,"quantile",0.9,1485475.07111256
"350","DE","00+",2024-10-31,2024-11-10,2,"quantile",0.975,1645237.14982622
"351","DE","00+",2024-10-31,2024-11-17,3,"quantile",0.025,385484.160398553
"352","DE","00+",2024-10-31,2024-11-17,3,"quantile",0.1,1071339.17716755
"353","DE","00+",2024-10-31,2024-11-17,3,"quantile",0.25,1339849.4895693
"354","DE","00+",2024-10-31,2024-11-17,3,"quantile",0.5,1405570.80618638
"355","DE","00+",2024-10-31,2024-11-17,3,"quantile",0.75,1471708.36886916
"356","DE","00+",2024-10-31,2024-11-17,3,"quantile",0.9,1532066.11980944
"357","DE","00+",2024-10-31,2024-11-17,3,"quantile",0.975,1760524.9419314
"358","DE","00+",2024-10-31,2024-11-24,4,"quantile",0.025,355356.49702566
"359","DE","00+",2024-10-31,2024-11-24,4,"quantile",0.1,1121104.51512844
"360","DE","00+",2024-10-31,2024-11-24,4,"quantile",0.25,1368545.92838707
"361","DE","00+",2024-10-31,2024-11-24,4,"quantile",0.5,1611388.19420416
"362","DE","00+",2024-10-31,2024-11-24,4,"quantile",0.75,1691331.27887805
"363","DE","00+",2024-10-31,2024-11-24,4,"quantile",0.9,1751533.01976364
"364","DE","00+",2024-10-31,2024-11-24,4,"quantile",0.975,1788799.41973016
"365","DE","00-04",2024-10-31,2024-11-03,1,"quantile",0.025,85495.986522471
"366","DE","00-04",2024-10-31,2024-11-03,1,"quantile",0.1,130607.97384344
"367","DE","00-04",2024-10-31,2024-11-03,1,"quantile",0.25,147578.606607147
"368","DE","00-04",2024-10-31,2024-11-03,1,"quantile",0.5,160364.906360266
"369","DE","00-04",2024-10-31,2024-11-03,1,"quantile",0.75,174433.510633092
"370","DE","00-04",2024-10-31,2024-11-03,1,"quantile",0.9,189024.513188811
"371","DE","00-04",2024-10-31,2024-11-03,1,"quantile",0.975,202281.149389565
"372","DE","00-04",2024-10-31,2024-11-10,2,"quantile",0.025,75959.4678250056
"373","DE","00-04",2024-10-31,2024-11-10,2,"quantile",0.1,147388.388638988
"374","DE","00-04",2024-10-31,2024-11-10,2,"quantile",0.25,164485.037062107
"375","DE","00-04",2024-10-31,2024-11-10,2,"quantile",0.5,173856.699184143
"376","DE","00-04",2024-10-31,2024-11-10,2,"quantile",0.75,181928.289056178
"377","DE","00-04",2024-10-31,2024-11-10,2,"quantile",0.9,202599.95778494
"378","DE","00-04",2024-10-31,2024-11-10,2,"quantile",0.975,219640.518707278
"379","DE","00-04",2024-10-31,2024-11-17,3,"quantile",0.025,62305.2260318503
"380","DE","00-04",2024-10-31,2024-11-17,3,"quantile",0.1,148547.952606026
"381","DE","00-04",2024-10-31,2024-11-17,3,"quantile",0.25,170485.899701684
"382","DE","00-04",2024-10-31,2024-11-17,3,"quantile",0.5,184104.895619113
"383","DE","00-04",2024-10-31,2024-11-17,3,"quantile",0.75,196928.105949699
"384","DE","00-04",2024-10-31,2024-11-17,3,"quantile",0.9,210508.825731376
"385","DE","00-04",2024-10-31,2024-11-17,3,"quantile",0.975,252947.95232624
"386","DE","00-04",2024-10-31,2024-11-24,4,"quantile",0.025,56175.9395940276
"387","DE","00-04",2024-10-31,2024-11-24,4,"quantile",0.1,153186.390000718
"388","DE","00-04",2024-10-31,2024-11-24,4,"quantile",0.25,190523.586098939
"389","DE","00-04",2024-10-31,2024-11-24,4,"quantile",0.5,209567.247001216
"390","DE","00-04",2024-10-31,2024-11-24,4,"quantile",0.75,220944.769594753
"391","DE","00-04",2024-10-31,2024-11-24,4,"quantile",0.9,231780.699375716
"392","DE","00-04",2024-10-31,2024-11-24,4,"quantile",0.975,281027.693734651
"393","DE","05-14",2024-10-31,2024-11-03,1,"quantile",0.025,50029.0541127461
"394","DE","05-14",2024-10-31,2024-11-03,1,"quantile",0.1,107516.927844861
"395","DE","05-14",2024-10-31,2024-11-03,1,"quantile",0.25,123070.969485862
"396","DE","05-14",2024-10-31,2024-11-03,1,"quantile",0.5,130512.866239955
"397","DE","05-14",2024-10-31,2024-11-03,1,"quantile",0.75,135716.513683544
"398","DE","05-14",2024-10-31,2024-11-03,1,"quantile",0.9,143575.859381783
"399","DE","05-14",2024-10-31,2024-11-03,1,"quantile",0.975,160777.419021408
"400","DE","05-14",2024-10-31,2024-11-10,2,"quantile",0.025,43272.3196439034
"401","DE","05-14",2024-10-31,2024-11-10,2,"quantile",0.1,115315.14592475
"402","DE","05-14",2024-10-31,2024-11-10,2,"quantile",0.25,138643.286837401
"403","DE","05-14",2024-10-31,2024-11-10,2,"quantile",0.5,148828.912907919
"404","DE","05-14",2024-10-31,2024-11-10,2,"quantile",0.75,156198.285248531
"405","DE","05-14",2024-10-31,2024-11-10,2,"quantile",0.9,166484.528971952
"406","DE","05-14",2024-10-31,2024-11-10,2,"quantile",0.975,187078.918702401
"407","DE","05-14",2024-10-31,2024-11-17,3,"quantile",0.025,38632.0698845676
"408","DE","05-14",2024-10-31,2024-11-17,3,"quantile",0.1,110769.917357249
"409","DE","05-14",2024-10-31,2024-11-17,3,"quantile",0.25,138351.758979646
"410","DE","05-14",2024-10-31,2024-11-17,3,"quantile",0.5,155308.225521383
"411","DE","05-14",2024-10-31,2024-11-17,3,"quantile",0.75,166626.904234606
"412","DE","05-14",2024-10-31,2024-11-17,3,"quantile",0.9,180995.04884397
"413","DE","05-14",2024-10-31,2024-11-17,3,"quantile",0.975,200731.584251902
"414","DE","05-14",2024-10-31,2024-11-24,4,"quantile",0.025,33672.8222862334
"415","DE","05-14",2024-10-31,2024-11-24,4,"quantile",0.1,114398.993634529
"416","DE","05-14",2024-10-31,2024-11-24,4,"quantile",0.25,158743.29851353
"417","DE","05-14",2024-10-31,2024-11-24,4,"quantile",0.5,187428.573753842
"418","DE","05-14",2024-10-31,2024-11-24,4,"quantile",0.75,196673.431604698
"419","DE","05-14",2024-10-31,2024-11-24,4,"quantile",0.9,207573.599088628
"420","DE","05-14",2024-10-31,2024-11-24,4,"quantile",0.975,215329.5623657
"421","DE","15-34",2024-10-31,2024-11-03,1,"quantile",0.025,114304.333481821
"422","DE","15-34",2024-10-31,2024-11-03,1,"quantile",0.1,328392.242342663
"423","DE","15-34",2024-10-31,2024-11-03,1,"quantile",0.25,371783.200159487
"424","DE","15-34",2024-10-31,2024-11-03,1,"quantile",0.5,393408.768220253
"425","DE","15-34",2024-10-31,2024-11-03,1,"quantile",0.75,402156.921201797
"426","DE","15-34",2024-10-31,2024-11-03,1,"quantile",0.9,412868.635949476
"427","DE","15-34",2024-10-31,2024-11-03,1,"quantile",0.975,442531.217551424
"428","DE","15-34",2024-10-31,2024-11-10,2,"quantile",0.025,102288.9093414
"429","DE","15-34",2024-10-31,2024-11-10,2,"quantile",0.1,310373.246447571
"430","DE","15-34",2024-10-31,2024-11-10,2,"quantile",0.25,393034.111388361
"431","DE","15-34",2024-10-31,2024-11-10,2,"quantile",0.5,408935.81698684
"432","DE","15-34",2024-10-31,2024-11-10,2,"quantile",0.75,419163.800170684
"433","DE","15-34",2024-10-31,2024-11-10,2,"quantile",0.9,436431.943784132
"434","DE","15-34",2024-10-31,2024-11-10,2,"quantile",0.975,486472.616584304
"435","DE","15-34",2024-10-31,2024-11-17,3,"quantile",0.025,97488.3871156167
"436","DE","15-34",2024-10-31,2024-11-17,3,"quantile",0.1,302779.601234303
"437","DE","15-34",2024-10-31,2024-11-17,3,"quantile",0.25,374919.989748862
"438","DE","15-34",2024-10-31,2024-11-17,3,"quantile",0.5,396351.395169123
"439","DE","15-34",2024-10-31,2024-11-17,3,"quantile",0.75,410836.637683194
"440","DE","15-34",2024-10-31,2024-11-17,3,"quantile",0.9,425993.230631032
"441","DE","15-34",2024-10-31,2024-11-17,3,"quantile",0.975,497823.464062761
"442","DE","15-34",2024-10-31,2024-11-24,4,"quantile",0.025,90010.5613382514
"443","DE","15-34",2024-10-31,2024-11-24,4,"quantile",0.1,305980.713000816
"444","DE","15-34",2024-10-31,2024-11-24,4,"quantile",0.25,409708.283262985
"445","DE","15-34",2024-10-31,2024-11-24,4,"quantile",0.5,449144.4973608
"446","DE","15-34",2024-10-31,2024-11-24,4,"quantile",0.75,464129.710484564
"447","DE","15-34",2024-10-31,2024-11-24,4,"quantile",0.9,485042.358428522
"448","DE","15-34",2024-10-31,2024-11-24,4,"quantile",0.975,505178.810190265
"449","DE","35-59",2024-10-31,2024-11-03,1,"quantile",0.025,118353.484687296
"450","DE","35-59",2024-10-31,2024-11-03,1,"quantile",0.1,403753.687223683
"451","DE","35-59",2024-10-31,2024-11-03,1,"quantile",0.25,476265.990304917
"452","DE","35-59",2024-10-31,2024-11-03,1,"quantile",0.5,495681.726272878
"453","DE","35-59",2024-10-31,2024-11-03,1,"quantile",0.75,506292.978389123
"454","DE","35-59",2024-10-31,2024-11-03,1,"quantile",0.9,518339.770271382
"455","DE","35-59",2024-10-31,2024-11-03,1,"quantile",0.975,557401.20621414
"456","DE","35-59",2024-10-31,2024-11-10,2,"quantile",0.025,117979.460004382
"457","DE","35-59",2024-10-31,2024-11-10,2,"quantile",0.1,383337.756218156
"458","DE","35-59",2024-10-31,2024-11-10,2,"quantile",0.25,479382.732980142
"459","DE","35-59",2024-10-31,2024-11-10,2,"quantile",0.5,516478.087108014
"460","DE","35-59",2024-10-31,2024-11-10,2,"quantile",0.75,530237.741076535
"461","DE","35-59",2024-10-31,2024-11-10,2,"quantile",0.9,543495.994946931
"462","DE","35-59",2024-10-31,2024-11-10,2,"quantile",0.975,612496.406123256
"463","DE","35-59",2024-10-31,2024-11-17,3,"quantile",0.025,111893.126026095
"464","DE","35-59",2024-10-31,2024-11-17,3,"quantile",0.1,361293.268230514
"465","DE","35-59",2024-10-31,2024-11-17,3,"quantile",0.25,455483.219144097
"466","DE","35-59",2024-10-31,2024-11-17,3,"quantile",0.5,484275.116307837
"467","DE","35-59",2024-10-31,2024-11-17,3,"quantile",0.75,510325.388573163
"468","DE","35-59",2024-10-31,2024-11-17,3,"quantile",0.9,574799.071315695
"469","DE","35-59",2024-10-31,2024-11-17,3,"quantile",0.975,662311.363415172
"470","DE","35-59",2024-10-31,2024-11-24,4,"quantile",0.025,111904.274720985
"471","DE","35-59",2024-10-31,2024-11-24,4,"quantile",0.1,365359.004597826
"472","DE","35-59",2024-10-31,2024-11-24,4,"quantile",0.25,464491.976516359
"473","DE","35-59",2024-10-31,2024-11-24,4,"quantile",0.5,558185.610749808
"474","DE","35-59",2024-10-31,2024-11-24,4,"quantile",0.75,591472.323381055
"475","DE","35-59",2024-10-31,2024-11-24,4,"quantile",0.9,631097.745113148
"476","DE","35-59",2024-10-31,2024-11-24,4,"quantile",0.975,658877.003971426
"477","DE","60+",2024-10-31,2024-11-03,1,"quantile",0.025,53136.8547372374
"478","DE","60+",2024-10-31,2024-11-03,1,"quantile",0.1,135596.992447366
"479","DE","60+",2024-10-31,2024-11-03,1,"quantile",0.25,153927.260244751
"480","DE","60+",2024-10-31,2024-11-03,1,"quantile",0.5,164412.546840457
"481","DE","60+",2024-10-31,2024-11-03,1,"quantile",0.75,171822.799140557
"482","DE","60+",2024-10-31,2024-11-03,1,"quantile",0.9,187724.963861829
"483","DE","60+",2024-10-31,2024-11-03,1,"quantile",0.975,215920.057378594
"484","DE","60+",2024-10-31,2024-11-10,2,"quantile",0.025,52128.1890004029
"485","DE","60+",2024-10-31,2024-11-10,2,"quantile",0.1,124932.489554969
"486","DE","60+",2024-10-31,2024-11-10,2,"quantile",0.25,150338.797269444
"487","DE","60+",2024-10-31,2024-11-10,2,"quantile",0.5,168903.500125351
"488","DE","60+",2024-10-31,2024-11-10,2,"quantile",0.75,176631.054350745
"489","DE","60+",2024-10-31,2024-11-10,2,"quantile",0.9,182319.10586948
"490","DE","60+",2024-10-31,2024-11-10,2,"quantile",0.975,205383.728135928
"491","DE","60+",2024-10-31,2024-11-17,3,"quantile",0.025,50516.3882230246
"492","DE","60+",2024-10-31,2024-11-17,3,"quantile",0.1,119053.193898928
"493","DE","60+",2024-10-31,2024-11-17,3,"quantile",0.25,138577.827403053
"494","DE","60+",2024-10-31,2024-11-17,3,"quantile",0.5,155977.683871891
"495","DE","60+",2024-10-31,2024-11-17,3,"quantile",0.75,165194.647395375
"496","DE","60+",2024-10-31,2024-11-17,3,"quantile",0.9,185979.178130568
"497","DE","60+",2024-10-31,2024-11-17,3,"quantile",0.975,206432.082704263
"498","DE","60+",2024-10-31,2024-11-24,4,"quantile",0.025,47741.7892643235
"499","DE","60+",2024-10-31,2024-11-24,4,"quantile",0.1,117936.187486896
"500","DE","60+",2024-10-31,2024-11-24,4,"quantile",0.25,141485.802511013
"501","DE","60+",2024-10-31,2024-11-24,4,"quantile",0.5,164864.610798451
"502","DE","60+",2024-10-31,2024-11-24,4,"quantile",0.75,175583.566092743
"503","DE","60+",2024-10-31,2024-11-24,4,"quantile",0.9,185796.951141409
"504","DE","60+",2024-10-31,2024-11-24,4,"quantile",0.975,212447.347608818
"505","DE","00+",2024-11-07,2024-11-10,1,"quantile",0.025,433216.718876518
"506","DE","00+",2024-11-07,2024-11-10,1,"quantile",0.1,930258.408210893
"507","DE","00+",2024-11-07,2024-11-10,1,"quantile",0.25,1069703.69607033
"508","DE","00+",2024-11-07,2024-11-10,1,"quantile",0.5,1150545.44298568
"509","DE","00+",2024-11-07,2024-11-10,1,"quantile",0.75,1239487.64684541
"510","DE","00+",2024-11-07,2024-11-10,1,"quantile",0.9,1317402.0824458
"511","DE","00+",2024-11-07,2024-11-10,1,"quantile",0.975,1396117.76882901
"512","DE","00+",2024-11-07,2024-11-17,2,"quantile",0.025,396450.501985636
"513","DE","00+",2024-11-07,2024-11-17,2,"quantile",0.1,917844.273659826
"514","DE","00+",2024-11-07,2024-11-17,2,"quantile",0.25,1074029.66435083
"515","DE","00+",2024-11-07,2024-11-17,2,"quantile",0.5,1231427.61725413
"516","DE","00+",2024-11-07,2024-11-17,2,"quantile",0.75,1307603.3502471
"517","DE","00+",2024-11-07,2024-11-17,2,"quantile",0.9,1367880.49566501
"518","DE","00+",2024-11-07,2024-11-17,2,"quantile",0.975,1515657.83558806
"519","DE","00+",2024-11-07,2024-11-24,3,"quantile",0.025,384020.16363361
"520","DE","00+",2024-11-07,2024-11-24,3,"quantile",0.1,963996.236801887
"521","DE","00+",2024-11-07,2024-11-24,3,"quantile",0.25,1216522.33032502
"522","DE","00+",2024-11-07,2024-11-24,3,"quantile",0.5,1355824.60162648
"523","DE","00+",2024-11-07,2024-11-24,3,"quantile",0.75,1468721.16111284
"524","DE","00+",2024-11-07,2024-11-24,3,"quantile",0.9,1607770.28006419
"525","DE","00+",2024-11-07,2024-11-24,3,"quantile",0.975,1687981.64964387
"526","DE","00+",2024-11-07,2024-12-01,4,"quantile",0.025,357101.953668663
"527","DE","00+",2024-11-07,2024-12-01,4,"quantile",0.1,991584.422024795
"528","DE","00+",2024-11-07,2024-12-01,4,"quantile",0.25,1173323.35657964
"529","DE","00+",2024-11-07,2024-12-01,4,"quantile",0.5,1379868.22991307
"530","DE","00+",2024-11-07,2024-12-01,4,"quantile",0.75,1573606.11652833
"531","DE","00+",2024-11-07,2024-12-01,4,"quantile",0.9,1713591.46508939
"532","DE","00+",2024-11-07,2024-12-01,4,"quantile",0.975,1809069.97361679
"533","DE","00-04",2024-11-07,2024-11-10,1,"quantile",0.025,85737.6900264671
"534","DE","00-04",2024-11-07,2024-11-10,1,"quantile",0.1,132828.805962345
"535","DE","00-04",2024-11-07,2024-11-10,1,"quantile",0.25,146996.722837392
"536","DE","00-04",2024-11-07,2024-11-10,1,"quantile",0.5,158249.55880809
"537","DE","00-04",2024-11-07,2024-11-10,1,"quantile",0.75,171339.980103639
"538","DE","00-04",2024-11-07,2024-11-10,1,"quantile",0.9,184674.448022837
"539","DE","00-04",2024-11-07,2024-11-10,1,"quantile",0.975,197462.099661375
"540","DE","00-04",2024-11-07,2024-11-17,2,"quantile",0.025,74776.7191194994
"541","DE","00-04",2024-11-07,2024-11-17,2,"quantile",0.1,137272.999312707
"542","DE","00-04",2024-11-07,2024-11-17,2,"quantile",0.25,149220.992464632
"543","DE","00-04",2024-11-07,2024-11-17,2,"quantile",0.5,167421.944719419
"544","DE","00-04",2024-11-07,2024-11-17,2,"quantile",0.75,187160.996391587
"545","DE","00-04",2024-11-07,2024-11-17,2,"quantile",0.9,203975.744592349
"546","DE","00-04",2024-11-07,2024-11-17,2,"quantile",0.975,221751.458652287
"547","DE","00-04",2024-11-07,2024-11-24,3,"quantile",0.025,59721.8617146371
"548","DE","00-04",2024-11-07,2024-11-24,3,"quantile",0.1,136958.167308516
"549","DE","00-04",2024-11-07,2024-11-24,3,"quantile",0.25,172055.205644177
"550","DE","00-04",2024-11-07,2024-11-24,3,"quantile",0.5,193391.079152968
"551","DE","00-04",2024-11-07,2024-11-24,3,"quantile",0.75,214418.131188667
"552","DE","00-04",2024-11-07,2024-11-24,3,"quantile",0.9,222650.914069198
"553","DE","00-04",2024-11-07,2024-11-24,3,"quantile",0.975,251300.329609534
"554","DE","00-04",2024-11-07,2024-12-01,4,"quantile",0.025,55049.2177244377
"555","DE","00-04",2024-11-07,2024-12-01,4,"quantile",0.1,137054.632074073
"556","DE","00-04",2024-11-07,2024-12-01,4,"quantile",0.25,158308.339351479
"557","DE","00-04",2024-11-07,2024-12-01,4,"quantile",0.5,186421.320135731
"558","DE","00-04",2024-11-07,2024-12-01,4,"quantile",0.75,223469.740399095
"559","DE","00-04",2024-11-07,2024-12-01,4,"quantile",0.9,237846.903648063
"560","DE","00-04",2024-11-07,2024-12-01,4,"quantile",0.975,285671.117565685
"561","DE","05-14",2024-11-07,2024-11-10,1,"quantile",0.025,50510.3248196561
"562","DE","05-14",2024-11-07,2024-11-10,1,"quantile",0.1,101615.764973823
"563","DE","05-14",2024-11-07,2024-11-10,1,"quantile",0.25,121231.021758186
"564","DE","05-14",2024-11-07,2024-11-10,1,"quantile",0.5,133115.321817944
"565","DE","05-14",2024-11-07,2024-11-10,1,"quantile",0.75,141722.939463787
"566","DE","05-14",2024-11-07,2024-11-10,1,"quantile",0.9,150298.287997466
"567","DE","05-14",2024-11-07,2024-11-10,1,"quantile",0.975,160234.524167098
"568","DE","05-14",2024-11-07,2024-11-17,2,"quantile",0.025,43446.9920236495
"569","DE","05-14",2024-11-07,2024-11-17,2,"quantile",0.1,100029.346635512
"570","DE","05-14",2024-11-07,2024-11-17,2,"quantile",0.25,116290.739619175
"571","DE","05-14",2024-11-07,2024-11-17,2,"quantile",0.5,146153.348295326
"572","DE","05-14",2024-11-07,2024-11-17,2,"quantile",0.75,160178.465269313
"573","DE","05-14",2024-11-07,2024-11-17,2,"quantile",0.9,178748.488936657
"574","DE","05-14",2024-11-07,2024-11-17,2,"quantile",0.975,190179.38918155
"575","DE","05-14",2024-11-07,2024-11-24,3,"quantile",0.025,38562.4089514935
"576","DE","05-14",2024-11-07,2024-11-24,3,"quantile",0.1,108929.966352117
"577","DE","05-14",2024-11-07,2024-11-24,3,"quantile",0.25,143803.624001512
"578","DE","05-14",2024-11-07,2024-11-24,3,"quantile",0.5,168712.793413103
"579","DE","05-14",2024-11-07,2024-11-24,3,"quantile",0.75,181402.514804354
"580","DE","05-14",2024-11-07,2024-11-24,3,"quantile",0.9,205579.421592716
"581","DE","05-14",2024-11-07,2024-11-24,3,"quantile",0.975,217578.324143647
"582","DE","05-14",2024-11-07,2024-12-01,4,"quantile",0.025,33292.5317487727
"583","DE","05-14",2024-11-07,2024-12-01,4,"quantile",0.1,108698.127755972
"584","DE","05-14",2024-11-07,2024-12-01,4,"quantile",0.25,139885.178095541
"585","DE","05-14",2024-11-07,2024-12-01,4,"quantile",0.5,171984.443775567
"586","DE","05-14",2024-11-07,2024-12-01,4,"quantile",0.75,193934.590349015
"587","DE","05-14",2024-11-07,2024-12-01,4,"quantile",0.9,228268.535017131
"588","DE","05-14",2024-11-07,2024-12-01,4,"quantile",0.975,250306.369184504
"589","DE","15-34",2024-11-07,2024-11-10,1,"quantile",0.025,115594.840350272
"590","DE","15-34",2024-11-07,2024-11-10,1,"quantile",0.1,262991.144572294
"591","DE","15-34",2024-11-07,2024-11-10,1,"quantile",0.25,303127.73764429
"592","DE","15-34",2024-11-07,2024-11-10,1,"quantile",0.5,326946.36250889
"593","DE","15-34",2024-11-07,2024-11-10,1,"quantile",0.75,343471.683951206
"594","DE","15-34",2024-11-07,2024-11-10,1,"quantile",0.9,371690.773306891
"595","DE","15-34",2024-11-07,2024-11-10,1,"quantile",0.975,388566.632324227
"596","DE","15-34",2024-11-07,2024-11-17,2,"quantile",0.025,102288.716539705
"597","DE","15-34",2024-11-07,2024-11-17,2,"quantile",0.1,253463.516689389
"598","DE","15-34",2024-11-07,2024-11-17,2,"quantile",0.25,304301.601869808
"599","DE","15-34",2024-11-07,2024-11-17,2,"quantile",0.5,347076.681729679
"600","DE","15-34",2024-11-07,2024-11-17,2,"quantile",0.75,362007.057851508
"601","DE","15-34",2024-11-07,2024-11-17,2,"quantile",0.9,380630.48395446
"602","DE","15-34",2024-11-07,2024-11-17,2,"quantile",0.975,409629.290897219
"603","DE","15-34",2024-11-07,2024-11-24,3,"quantile",0.025,97428.4932755873
"604","DE","15-34",2024-11-07,2024-11-24,3,"quantile",0.1,275770.648804611
"605","DE","15-34",2024-11-07,2024-11-24,3,"quantile",0.25,341630.669744116
"606","DE","15-34",2024-11-07,2024-11-24,3,"quantile",0.5,374109.141314541
"607","DE","15-34",2024-11-07,2024-11-24,3,"quantile",0.75,391981.074504926
"608","DE","15-34",2024-11-07,2024-11-24,3,"quantile",0.9,439172.094094325
"609","DE","15-34",2024-11-07,2024-11-24,3,"quantile",0.975,467825.232386535
"610","DE","15-34",2024-11-07,2024-12-01,4,"quantile",0.025,90717.5540447965
"611","DE","15-34",2024-11-07,2024-12-01,4,"quantile",0.1,286087.442530023
"612","DE","15-34",2024-11-07,2024-12-01,4,"quantile",0.25,342686.605095137
"613","DE","15-34",2024-11-07,2024-12-01,4,"quantile",0.5,380188.773355956
"614","DE","15-34",2024-11-07,2024-12-01,4,"quantile",0.75,405993.77748939
"615","DE","15-34",2024-11-07,2024-12-01,4,"quantile",0.9,457553.497335493
"616","DE","15-34",2024-11-07,2024-12-01,4,"quantile",0.975,514167.020756211
"617","DE","35-59",2024-11-07,2024-11-10,1,"quantile",0.025,119521.732282958
"618","DE","35-59",2024-11-07,2024-11-10,1,"quantile",0.1,339447.296232563
"619","DE","35-59",2024-11-07,2024-11-10,1,"quantile",0.25,382495.433596575
"620","DE","35-59",2024-11-07,2024-11-10,1,"quantile",0.5,404683.196981791
"621","DE","35-59",2024-11-07,2024-11-10,1,"quantile",0.75,418671.490491189
"622","DE","35-59",2024-11-07,2024-11-10,1,"quantile",0.9,465543.470784248
"623","DE","35-59",2024-11-07,2024-11-10,1,"quantile",0.975,506314.111740295
"624","DE","35-59",2024-11-07,2024-11-17,2,"quantile",0.025,117471.422413125
"625","DE","35-59",2024-11-07,2024-11-17,2,"quantile",0.1,295638.724581588
"626","DE","35-59",2024-11-07,2024-11-17,2,"quantile",0.25,356551.074288833
"627","DE","35-59",2024-11-07,2024-11-17,2,"quantile",0.5,407098.098976084
"628","DE","35-59",2024-11-07,2024-11-17,2,"quantile",0.75,442282.25691311
"629","DE","35-59",2024-11-07,2024-11-17,2,"quantile",0.9,460824.52300649
"630","DE","35-59",2024-11-07,2024-11-17,2,"quantile",0.975,493264.580713882
"631","DE","35-59",2024-11-07,2024-11-24,3,"quantile",0.025,112221.31081382
"632","DE","35-59",2024-11-07,2024-11-24,3,"quantile",0.1,312800.446219867
"633","DE","35-59",2024-11-07,2024-11-24,3,"quantile",0.25,382430.819167262
"634","DE","35-59",2024-11-07,2024-11-24,3,"quantile",0.5,450110.963193858
"635","DE","35-59",2024-11-07,2024-11-24,3,"quantile",0.75,508810.649876872
"636","DE","35-59",2024-11-07,2024-11-24,3,"quantile",0.9,541531.443129888
"637","DE","35-59",2024-11-07,2024-11-24,3,"quantile",0.975,585351.964507874
"638","DE","35-59",2024-11-07,2024-12-01,4,"quantile",0.025,113210.573841987
"639","DE","35-59",2024-11-07,2024-12-01,4,"quantile",0.1,325008.75526663
"640","DE","35-59",2024-11-07,2024-12-01,4,"quantile",0.25,382875.729655653
"641","DE","35-59",2024-11-07,2024-12-01,4,"quantile",0.5,479652.332932095
"642","DE","35-59",2024-11-07,2024-12-01,4,"quantile",0.75,535424.982355908
"643","DE","35-59",2024-11-07,2024-12-01,4,"quantile",0.9,585884.926024203
"644","DE","35-59",2024-11-07,2024-12-01,4,"quantile",0.975,644960.231173445
"645","DE","60+",2024-11-07,2024-11-10,1,"quantile",0.025,53283.5620757945
"646","DE","60+",2024-11-07,2024-11-10,1,"quantile",0.1,110273.534982837
"647","DE","60+",2024-11-07,2024-11-10,1,"quantile",0.25,124368.316636477
"648","DE","60+",2024-11-07,2024-11-10,1,"quantile",0.5,133043.777670278
"649","DE","60+",2024-11-07,2024-11-10,1,"quantile",0.75,149565.774175498
"650","DE","60+",2024-11-07,2024-11-10,1,"quantile",0.9,163664.732535899
"651","DE","60+",2024-11-07,2024-11-10,1,"quantile",0.975,186438.476749792
"652","DE","60+",2024-11-07,2024-11-17,2,"quantile",0.025,52197.4441047187
"653","DE","60+",2024-11-07,2024-11-17,2,"quantile",0.1,97585.3925036266
"654","DE","60+",2024-11-07,2024-11-17,2,"quantile",0.25,109578.240557637
"655","DE","60+",2024-11-07,2024-11-17,2,"quantile",0.5,121357.840792816
"656","DE","60+",2024-11-07,2024-11-17,2,"quantile",0.75,139960.884636436
"657","DE","60+",2024-11-07,2024-11-17,2,"quantile",0.9,160918.722108383
"658","DE","60+",2024-11-07,2024-11-17,2,"quantile",0.975,183208.999425459
"659","DE","60+",2024-11-07,2024-11-24,3,"quantile",0.025,50902.6454773946
"660","DE","60+",2024-11-07,2024-11-24,3,"quantile",0.1,98795.2187142272
"661","DE","60+",2024-11-07,2024-11-24,3,"quantile",0.25,119763.133200796
"662","DE","60+",2024-11-07,2024-11-24,3,"quantile",0.5,141137.847175479
"663","DE","60+",2024-11-07,2024-11-24,3,"quantile",0.75,156736.9432745
"664","DE","60+",2024-11-07,2024-11-24,3,"quantile",0.9,172043.673311398
"665","DE","60+",2024-11-07,2024-11-24,3,"quantile",0.975,183132.487400991
"666","DE","60+",2024-11-07,2024-12-01,4,"quantile",0.025,48443.9421459114
"667","DE","60+",2024-11-07,2024-12-01,4,"quantile",0.1,99837.2555974655
"668","DE","60+",2024-11-07,2024-12-01,4,"quantile",0.25,122006.062174926
"669","DE","60+",2024-11-07,2024-12-01,4,"quantile",0.5,150979.06169545
"670","DE","60+",2024-11-07,2024-12-01,4,"quantile",0.75,171338.52891442
"671","DE","60+",2024-11-07,2024-12-01,4,"quantile",0.9,184207.75393739
"672","DE","60+",2024-11-07,2024-12-01,4,"quantile",0.975,201725.13238913
"673","DE","00+",2024-11-14,2024-11-17,1,"quantile",0.025,431403.702560707
"674","DE","00+",2024-11-14,2024-11-17,1,"quantile",0.1,1115208.02789516
"675","DE","00+",2024-11-14,2024-11-17,1,"quantile",0.25,1213049.6620647
"676","DE","00+",2024-11-14,2024-11-17,1,"quantile",0.5,1313815.35145841
"677","DE","00+",2024-11-14,2024-11-17,1,"quantile",0.75,1393560.40449973
"678","DE","00+",2024-11-14,2024-11-17,1,"quantile",0.9,1470142.31794941
"679","DE","00+",2024-11-14,2024-11-17,1,"quantile",0.975,1552475.37899654
"680","DE","00+",2024-11-14,2024-11-24,2,"quantile",0.025,400659.13072642
"681","DE","00+",2024-11-14,2024-11-24,2,"quantile",0.1,1136037.26032239
"682","DE","00+",2024-11-14,2024-11-24,2,"quantile",0.25,1399348.52818287
"683","DE","00+",2024-11-14,2024-11-24,2,"quantile",0.5,1558392.43452051
"684","DE","00+",2024-11-14,2024-11-24,2,"quantile",0.75,1667369.3802423
"685","DE","00+",2024-11-14,2024-11-24,2,"quantile",0.9,1707322.32430517
"686","DE","00+",2024-11-14,2024-11-24,2,"quantile",0.975,1744625.91097462
"687","DE","00+",2024-11-14,2024-12-01,3,"quantile",0.025,385582.757185808
"688","DE","00+",2024-11-14,2024-12-01,3,"quantile",0.1,1130049.98340067
"689","DE","00+",2024-11-14,2024-12-01,3,"quantile",0.25,1426065.81342983
"690","DE","00+",2024-11-14,2024-12-01,3,"quantile",0.5,1677267.32908735
"691","DE","00+",2024-11-14,2024-12-01,3,"quantile",0.75,1790236.81194883
"692","DE","00+",2024-11-14,2024-12-01,3,"quantile",0.9,1839615.56186569
"693","DE","00+",2024-11-14,2024-12-01,3,"quantile",0.975,1868562.16162538
"694","DE","00+",2024-11-14,2024-12-08,4,"quantile",0.025,357820.778924967
"695","DE","00+",2024-11-14,2024-12-08,4,"quantile",0.1,1117716.10137721
"696","DE","00+",2024-11-14,2024-12-08,4,"quantile",0.25,1421498.72775402
"697","DE","00+",2024-11-14,2024-12-08,4,"quantile",0.5,1799794.83294442
"698","DE","00+",2024-11-14,2024-12-08,4,"quantile",0.75,1952340.32873151
"699","DE","00+",2024-11-14,2024-12-08,4,"quantile",0.9,2053560.22173965
"700","DE","00+",2024-11-14,2024-12-08,4,"quantile",0.975,2114724.7653332
"701","DE","00-04",2024-11-14,2024-11-17,1,"quantile",0.025,85785.6067262747
"702","DE","00-04",2024-11-14,2024-11-17,1,"quantile",0.1,142125.387731385
"703","DE","00-04",2024-11-14,2024-11-17,1,"quantile",0.25,160238.24643436
"704","DE","00-04",2024-11-14,2024-11-17,1,"quantile",0.5,169364.126647931
"705","DE","00-04",2024-11-14,2024-11-17,1,"quantile",0.75,179038.270492318
"706","DE","00-04",2024-11-14,2024-11-17,1,"quantile",0.9,185869.64306887
"707","DE","00-04",2024-11-14,2024-11-17,1,"quantile",0.975,198936.992397883
"708","DE","00-04",2024-11-14,2024-11-24,2,"quantile",0.025,76040.4360572094
"709","DE","00-04",2024-11-14,2024-11-24,2,"quantile",0.1,147505.238998127
"710","DE","00-04",2024-11-14,2024-11-24,2,"quantile",0.25,175856.767997527
"711","DE","00-04",2024-11-14,2024-11-24,2,"quantile",0.5,195106.991465107
"712","DE","00-04",2024-11-14,2024-11-24,2,"quantile",0.75,210386.34693135
"713","DE","00-04",2024-11-14,2024-11-24,2,"quantile",0.9,217341.022690657
"714","DE","00-04",2024-11-14,2024-11-24,2,"quantile",0.975,221986.186029099
"715","DE","00-04",2024-11-14,2024-12-01,3,"quantile",0.025,60262.963278306
"716","DE","00-04",2024-11-14,2024-12-01,3,"quantile",0.1,147029.433443106
"717","DE","00-04",2024-11-14,2024-12-01,3,"quantile",0.25,175388.718104497
"718","DE","00-04",2024-11-14,2024-12-01,3,"quantile",0.5,195598.480364233
"719","DE","00-04",2024-11-14,2024-12-01,3,"quantile",0.75,222313.54053183
"720","DE","00-04",2024-11-14,2024-12-01,3,"quantile",0.9,236447.277502898
"721","DE","00-04",2024-11-14,2024-12-01,3,"quantile",0.975,254380.88074746
"722","DE","00-04",2024-11-14,2024-12-08,4,"quantile",0.025,54178.2169636349
"723","DE","00-04",2024-11-14,2024-12-08,4,"quantile",0.1,154272.753179718
"724","DE","00-04",2024-11-14,2024-12-08,4,"quantile",0.25,186287.034364041
"725","DE","00-04",2024-11-14,2024-12-08,4,"quantile",0.5,209359.664412811
"726","DE","00-04",2024-11-14,2024-12-08,4,"quantile",0.75,238840.344388068
"727","DE","00-04",2024-11-14,2024-12-08,4,"quantile",0.9,249037.951026776
"728","DE","00-04",2024-11-14,2024-12-08,4,"quantile",0.975,283050.224625252
"729","DE","05-14",2024-11-14,2024-11-17,1,"quantile",0.025,50803.6528383665
"730","DE","05-14",2024-11-14,2024-11-17,1,"quantile",0.1,119228.863552849
"731","DE","05-14",2024-11-14,2024-11-17,1,"quantile",0.25,132013.804977254
"732","DE","05-14",2024-11-14,2024-11-17,1,"quantile",0.5,137685.287027151
"733","DE","05-14",2024-11-14,2024-11-17,1,"quantile",0.75,154406.771858485
"734","DE","05-14",2024-11-14,2024-11-17,1,"quantile",0.9,168274.212746939
"735","DE","05-14",2024-11-14,2024-11-17,1,"quantile",0.975,180389.216743114
"736","DE","05-14",2024-11-14,2024-11-24,2,"quantile",0.025,43415.5693462615
"737","DE","05-14",2024-11-14,2024-11-24,2,"quantile",0.1,115412.336260824
"738","DE","05-14",2024-11-14,2024-11-24,2,"quantile",0.25,157948.297283261
"739","DE","05-14",2024-11-14,2024-11-24,2,"quantile",0.5,182261.305260985
"740","DE","05-14",2024-11-14,2024-11-24,2,"quantile",0.75,189758.345977607
"741","DE","05-14",2024-11-14,2024-11-24,2,"quantile",0.9,197169.958279679
"742","DE","05-14",2024-11-14,2024-11-24,2,"quantile",0.975,206012.852131893
"743","DE","05-14",2024-11-14,2024-12-01,3,"quantile",0.025,38915.4371662106
"744","DE","05-14",2024-11-14,2024-12-01,3,"quantile",0.1,116736.993394915
"745","DE","05-14",2024-11-14,2024-12-01,3,"quantile",0.25,153845.725039279
"746","DE","05-14",2024-11-14,2024-12-01,3,"quantile",0.5,184566.293243324
"747","DE","05-14",2024-11-14,2024-12-01,3,"quantile",0.75,206336.699080649
"748","DE","05-14",2024-11-14,2024-12-01,3,"quantile",0.9,235263.926426414
"749","DE","05-14",2024-11-14,2024-12-01,3,"quantile",0.975,254014.692898927
"750","DE","05-14",2024-11-14,2024-12-08,4,"quantile",0.025,33528.2673204993
"751","DE","05-14",2024-11-14,2024-12-08,4,"quantile",0.1,125170.56382522
"752","DE","05-14",2024-11-14,2024-12-08,4,"quantile",0.25,169079.990132709
"753","DE","05-14",2024-11-14,2024-12-08,4,"quantile",0.5,208274.591071084
"754","DE","05-14",2024-11-14,2024-12-08,4,"quantile",0.75,243275.999782485
"755","DE","05-14",2024-11-14,2024-12-08,4,"quantile",0.9,264236.899718216
"756","DE","05-14",2024-11-14,2024-12-08,4,"quantile",0.975,286510.800362071
"757","DE","15-34",2024-11-14,2024-11-17,1,"quantile",0.025,114660.026812618
"758","DE","15-34",2024-11-14,2024-11-17,1,"quantile",0.1,319969.353000706
"759","DE","15-34",2024-11-14,2024-11-17,1,"quantile",0.25,357091.772932506
"760","DE","15-34",2024-11-14,2024-11-17,1,"quantile",0.5,385505.772092434
"761","DE","15-34",2024-11-14,2024-11-17,1,"quantile",0.75,405313.169866003
"762","DE","15-34",2024-11-14,2024-11-17,1,"quantile",0.9,430054.072794054
"763","DE","15-34",2024-11-14,2024-11-17,1,"quantile",0.975,478850.256589232
"764","DE","15-34",2024-11-14,2024-11-24,2,"quantile",0.025,103331.559831999
"765","DE","15-34",2024-11-14,2024-11-24,2,"quantile",0.1,330610.989442597
"766","DE","15-34",2024-11-14,2024-11-24,2,"quantile",0.25,415070.488659969
"767","DE","15-34",2024-11-14,2024-11-24,2,"quantile",0.5,444659.344492674
"768","DE","15-34",2024-11-14,2024-11-24,2,"quantile",0.75,470495.085403754
"769","DE","15-34",2024-11-14,2024-11-24,2,"quantile",0.9,491169.265200086
"770","DE","15-34",2024-11-14,2024-11-24,2,"quantile",0.975,514895.916500631
"771","DE","15-34",2024-11-14,2024-12-01,3,"quantile",0.025,97822.2521577546
"772","DE","15-34",2024-11-14,2024-12-01,3,"quantile",0.1,315164.801608941
"773","DE","15-34",2024-11-14,2024-12-01,3,"quantile",0.25,424224.748190322
"774","DE","15-34",2024-11-14,2024-12-01,3,"quantile",0.5,480832.599179485
"775","DE","15-34",2024-11-14,2024-12-01,3,"quantile",0.75,504389.090527245
"776","DE","15-34",2024-11-14,2024-12-01,3,"quantile",0.9,523474.17144211
"777","DE","15-34",2024-11-14,2024-12-01,3,"quantile",0.975,534836.779887669
"778","DE","15-34",2024-11-14,2024-12-08,4,"quantile",0.025,90510.754280259
"779","DE","15-34",2024-11-14,2024-12-08,4,"quantile",0.1,329875.890632104
"780","DE","15-34",2024-11-14,2024-12-08,4,"quantile",0.25,425208.976272991
"781","DE","15-34",2024-11-14,2024-12-08,4,"quantile",0.5,503755.163150633
"782","DE","15-34",2024-11-14,2024-12-08,4,"quantile",0.75,541605.413985395
"783","DE","15-34",2024-11-14,2024-12-08,4,"quantile",0.9,568707.691252839
"784","DE","15-34",2024-11-14,2024-12-08,4,"quantile",0.975,581977.20752388
"785","DE","35-59",2024-11-14,2024-11-17,1,"quantile",0.025,120488.282809759
"786","DE","35-59",2024-11-14,2024-11-17,1,"quantile",0.1,390971.526705998
"787","DE","35-59",2024-11-14,2024-11-17,1,"quantile",0.25,432274.016681677
"788","DE","35-59",2024-11-14,2024-11-17,1,"quantile",0.5,463362.537404481
"789","DE","35-59",2024-11-14,2024-11-17,1,"quantile",0.75,485992.972938879
"790","DE","35-59",2024-11-14,2024-11-17,1,"quantile",0.9,519490.450653526
"791","DE","35-59",2024-11-14,2024-11-17,1,"quantile",0.975,549771.366529031
"792","DE","35-59",2024-11-14,2024-11-24,2,"quantile",0.025,119076.101732862
"793","DE","35-59",2024-11-14,2024-11-24,2,"quantile",0.1,387975.982747332
"794","DE","35-59",2024-11-14,2024-11-24,2,"quantile",0.25,492910.426991778
"795","DE","35-59",2024-11-14,2024-11-24,2,"quantile",0.5,541663.066788326
"796","DE","35-59",2024-11-14,2024-11-24,2,"quantile",0.75,578284.090363514
"797","DE","35-59",2024-11-14,2024-11-24,2,"quantile",0.9,609249.83506938
"798","DE","35-59",2024-11-14,2024-11-24,2,"quantile",0.975,635476.234964787
"799","DE","35-59",2024-11-14,2024-12-01,3,"quantile",0.025,113157.808903534
"800","DE","35-59",2024-11-14,2024-12-01,3,"quantile",0.1,373936.99797574
"801","DE","35-59",2024-11-14,2024-12-01,3,"quantile",0.25,519698.891453674
"802","DE","35-59",2024-11-14,2024-12-01,3,"quantile",0.5,601263.763313612
"803","DE","35-59",2024-11-14,2024-12-01,3,"quantile",0.75,639488.024172819
"804","DE","35-59",2024-11-14,2024-12-01,3,"quantile",0.9,659252.791414759
"805","DE","35-59",2024-11-14,2024-12-01,3,"quantile",0.975,671478.63760517
"806","DE","35-59",2024-11-14,2024-12-08,4,"quantile",0.025,110855.735724656
"807","DE","35-59",2024-11-14,2024-12-08,4,"quantile",0.1,381531.579097311
"808","DE","35-59",2024-11-14,2024-12-08,4,"quantile",0.25,507999.709370668
"809","DE","35-59",2024-11-14,2024-12-08,4,"quantile",0.5,654184.866854971
"810","DE","35-59",2024-11-14,2024-12-08,4,"quantile",0.75,712444.173024024
"811","DE","35-59",2024-11-14,2024-12-08,4,"quantile",0.9,742235.423810861
"812","DE","35-59",2024-11-14,2024-12-08,4,"quantile",0.975,760038.609282277
"813","DE","60+",2024-11-14,2024-11-17,1,"quantile",0.025,53165.5063549744
"814","DE","60+",2024-11-14,2024-11-17,1,"quantile",0.1,121310.149676117
"815","DE","60+",2024-11-14,2024-11-17,1,"quantile",0.25,133491.988649748
"816","DE","60+",2024-11-14,2024-11-17,1,"quantile",0.5,143883.251671739
"817","DE","60+",2024-11-14,2024-11-17,1,"quantile",0.75,157382.084340358
"818","DE","60+",2024-11-14,2024-11-17,1,"quantile",0.9,173238.838630078
"819","DE","60+",2024-11-14,2024-11-17,1,"quantile",0.975,186488.29305391
"820","DE","60+",2024-11-14,2024-11-24,2,"quantile",0.025,52667.0271686386
"821","DE","60+",2024-11-14,2024-11-24,2,"quantile",0.1,124093.53728072
"822","DE","60+",2024-11-14,2024-11-24,2,"quantile",0.25,141639.723747882
"823","DE","60+",2024-11-14,2024-11-24,2,"quantile",0.5,160532.793871339
"824","DE","60+",2024-11-14,2024-11-24,2,"quantile",0.75,172563.133228739
"825","DE","60+",2024-11-14,2024-11-24,2,"quantile",0.9,186606.77033263
"826","DE","60+",2024-11-14,2024-11-24,2,"quantile",0.975,195851.341155028
"827","DE","60+",2024-11-14,2024-12-01,3,"quantile",0.025,51255.7184695229
"828","DE","60+",2024-11-14,2024-12-01,3,"quantile",0.1,121961.659862638
"829","DE","60+",2024-11-14,2024-12-01,3,"quantile",0.25,153515.010850538
"830","DE","60+",2024-11-14,2024-12-01,3,"quantile",0.5,179463.45640112
"831","DE","60+",2024-11-14,2024-12-01,3,"quantile",0.75,189235.881893829
"832","DE","60+",2024-11-14,2024-12-01,3,"quantile",0.9,195594.946503845
"833","DE","60+",2024-11-14,2024-12-01,3,"quantile",0.975,202797.922164813
"834","DE","60+",2024-11-14,2024-12-08,4,"quantile",0.025,47607.2990788483
"835","DE","60+",2024-11-14,2024-12-08,4,"quantile",0.1,113808.681681699
"836","DE","60+",2024-11-14,2024-12-08,4,"quantile",0.25,145729.993511104
"837","DE","60+",2024-11-14,2024-12-08,4,"quantile",0.5,197888.427927216
"838","DE","60+",2024-11-14,2024-12-08,4,"quantile",0.75,217588.085710542
"839","DE","60+",2024-11-14,2024-12-08,4,"quantile",0.9,222815.233252988
"840","DE","60+",2024-11-14,2024-12-08,4,"quantile",0.975,235832.469694289
"841","DE","00+",2024-11-21,2024-11-24,1,"quantile",0.025,433962.929253734
"842","DE","00+",2024-11-21,2024-11-24,1,"quantile",0.1,1222326.02446702
"843","DE","00+",2024-11-21,2024-11-24,1,"quantile",0.25,1398804.43335721
"844","DE","00+",2024-11-21,2024-11-24,1,"quantile",0.5,1495155.77866832
"845","DE","00+",2024-11-21,2024-11-24,1,"quantile",0.75,1536612.87599917
"846","DE","00+",2024-11-21,2024-11-24,1,"quantile",0.9,1572917.60893506
"847","DE","00+",2024-11-21,2024-11-24,1,"quantile",0.975,1613429.80628832
"848","DE","00+",2024-11-21,2024-12-01,2,"quantile",0.025,407314.598324915
"849","DE","00+",2024-11-21,2024-12-01,2,"quantile",0.1,1182994.82310032
"850","DE","00+",2024-11-21,2024-12-01,2,"quantile",0.25,1467216.25570348
"851","DE","00+",2024-11-21,2024-12-01,2,"quantile",0.5,1659811.48387575
"852","DE","00+",2024-11-21,2024-12-01,2,"quantile",0.75,1741118.61738141
"853","DE","00+",2024-11-21,2024-12-01,2,"quantile",0.9,1773160.77117297
"854","DE","00+",2024-11-21,2024-12-01,2,"quantile",0.975,1801099.43711015
"855","DE","00+",2024-11-21,2024-12-08,3,"quantile",0.025,386641.128871826
"856","DE","00+",2024-11-21,2024-12-08,3,"quantile",0.1,1136987.16819762
"857","DE","00+",2024-11-21,2024-12-08,3,"quantile",0.25,1551832.95297061
"858","DE","00+",2024-11-21,2024-12-08,3,"quantile",0.5,1839957.66210898
"859","DE","00+",2024-11-21,2024-12-08,3,"quantile",0.75,1968164.98381262
"860","DE","00+",2024-11-21,2024-12-08,3,"quantile",0.9,2010915.47105525
"861","DE","00+",2024-11-21,2024-12-08,3,"quantile",0.975,2037494.48004849
"862","DE","00+",2024-11-21,2024-12-15,4,"quantile",0.025,359493.418271225
"863","DE","00+",2024-11-21,2024-12-15,4,"quantile",0.1,1144335.2768256
"864","DE","00+",2024-11-21,2024-12-15,4,"quantile",0.25,1483813.11320586
"865","DE","00+",2024-11-21,2024-12-15,4,"quantile",0.5,1875664.76998604
"866","DE","00+",2024-11-21,2024-12-15,4,"quantile",0.75,2054632.62233309
"867","DE","00+",2024-11-21,2024-12-15,4,"quantile",0.9,2143209.16273774
"868","DE","00+",2024-11-21,2024-12-15,4,"quantile",0.975,2194116.64888593
"869","DE","00-04",2024-11-21,2024-11-24,1,"quantile",0.025,86093.8469099275
"870","DE","00-04",2024-11-21,2024-11-24,1,"quantile",0.1,167055.7179068
"871","DE","00-04",2024-11-21,2024-11-24,1,"quantile",0.25,183935.109583263
"872","DE","00-04",2024-11-21,2024-11-24,1,"quantile",0.5,194871.716362784
"873","DE","00-04",2024-11-21,2024-11-24,1,"quantile",0.75,204456.876375585
"874","DE","00-04",2024-11-21,2024-11-24,1,"quantile",0.9,210745.241052391
"875","DE","00-04",2024-11-21,2024-11-24,1,"quantile",0.975,218875.312657527
"876","DE","00-04",2024-11-21,2024-12-01,2,"quantile",0.025,74661.7948286287
"877","DE","00-04",2024-11-21,2024-12-01,2,"quantile",0.1,164289.578056585
"878","DE","00-04",2024-11-21,2024-12-01,2,"quantile",0.25,191445.98013664
"879","DE","00-04",2024-11-21,2024-12-01,2,"quantile",0.5,208877.1090317
"880","DE","00-04",2024-11-21,2024-12-01,2,"quantile",0.75,220176.879840718
"881","DE","00-04",2024-11-21,2024-12-01,2,"quantile",0.9,231242.823277957
"882","DE","00-04",2024-11-21,2024-12-01,2,"quantile",0.975,241284.292173514
"883","DE","00-04",2024-11-21,2024-12-08,3,"quantile",0.025,62317.5397378135
"884","DE","00-04",2024-11-21,2024-12-08,3,"quantile",0.1,169101.004105787
"885","DE","00-04",2024-11-21,2024-12-08,3,"quantile",0.25,205526.476360977
"886","DE","00-04",2024-11-21,2024-12-08,3,"quantile",0.5,220128.148071455
"887","DE","00-04",2024-11-21,2024-12-08,3,"quantile",0.75,242223.202172978
"888","DE","00-04",2024-11-21,2024-12-08,3,"quantile",0.9,250189.685255557
"889","DE","00-04",2024-11-21,2024-12-08,3,"quantile",0.975,259912.847949025
"890","DE","00-04",2024-11-21,2024-12-15,4,"quantile",0.025,53536.4222602478
"891","DE","00-04",2024-11-21,2024-12-15,4,"quantile",0.1,175610.732609752
"892","DE","00-04",2024-11-21,2024-12-15,4,"quantile",0.25,203842.351388968
"893","DE","00-04",2024-11-21,2024-12-15,4,"quantile",0.5,223194.351724787
"894","DE","00-04",2024-11-21,2024-12-15,4,"quantile",0.75,245944.317958063
"895","DE","00-04",2024-11-21,2024-12-15,4,"quantile",0.9,255505.318127684
"896","DE","00-04",2024-11-21,2024-12-15,4,"quantile",0.975,283270.261522374
"897","DE","05-14",2024-11-21,2024-11-24,1,"quantile",0.025,50579.1250985951
"898","DE","05-14",2024-11-21,2024-11-24,1,"quantile",0.1,148648.068785958
"899","DE","05-14",2024-11-21,2024-11-24,1,"quantile",0.25,181899.232227009
"900","DE","05-14",2024-11-21,2024-11-24,1,"quantile",0.5,192763.250993199
"901","DE","05-14",2024-11-21,2024-11-24,1,"quantile",0.75,198018.098793687
"902","DE","05-14",2024-11-21,2024-11-24,1,"quantile",0.9,201074.27375627
"903","DE","05-14",2024-11-21,2024-11-24,1,"quantile",0.975,204384.521204122
"904","DE","05-14",2024-11-21,2024-12-01,2,"quantile",0.025,43306.6583163987
"905","DE","05-14",2024-11-21,2024-12-01,2,"quantile",0.1,136694.509837657
"906","DE","05-14",2024-11-21,2024-12-01,2,"quantile",0.25,172883.070717854
"907","DE","05-14",2024-11-21,2024-12-01,2,"quantile",0.5,199562.030008357
"908","DE","05-14",2024-11-21,2024-12-01,2,"quantile",0.75,210784.922004341
"909","DE","05-14",2024-11-21,2024-12-01,2,"quantile",0.9,220977.48769544
"910","DE","05-14",2024-11-21,2024-12-01,2,"quantile",0.975,231872.539580894
"911","DE","05-14",2024-11-21,2024-12-08,3,"quantile",0.025,39272.2735687616
"912","DE","05-14",2024-11-21,2024-12-08,3,"quantile",0.1,132774.791899006
"913","DE","05-14",2024-11-21,2024-12-08,3,"quantile",0.25,184207.410160646
"914","DE","05-14",2024-11-21,2024-12-08,3,"quantile",0.5,218906.195451012
"915","DE","05-14",2024-11-21,2024-12-08,3,"quantile",0.75,258024.581503461
"916","DE","05-14",2024-11-21,2024-12-08,3,"quantile",0.9,270709.926122405
"917","DE","05-14",2024-11-21,2024-12-08,3,"quantile",0.975,295656.591588098
"918","DE","05-14",2024-11-21,2024-12-15,4,"quantile",0.025,33711.7994988328
"919","DE","05-14",2024-11-21,2024-12-15,4,"quantile",0.1,130661.892099378
"920","DE","05-14",2024-11-21,2024-12-15,4,"quantile",0.25,182848.644263102
"921","DE","05-14",2024-11-21,2024-12-15,4,"quantile",0.5,220233.687874483
"922","DE","05-14",2024-11-21,2024-12-15,4,"quantile",0.75,260718.020358824
"923","DE","05-14",2024-11-21,2024-12-15,4,"quantile",0.9,276694.646046469
"924","DE","05-14",2024-11-21,2024-12-15,4,"quantile",0.975,297091.378398118
"925","DE","15-34",2024-11-21,2024-11-24,1,"quantile",0.025,115081.308451157
"926","DE","15-34",2024-11-21,2024-11-24,1,"quantile",0.1,335693.578497703
"927","DE","15-34",2024-11-21,2024-11-24,1,"quantile",0.25,395621.276624594
"928","DE","15-34",2024-11-21,2024-11-24,1,"quantile",0.5,426845.550039347
"929","DE","15-34",2024-11-21,2024-11-24,1,"quantile",0.75,435333.033646681
"930","DE","15-34",2024-11-21,2024-11-24,1,"quantile",0.9,441547.275982702
"931","DE","15-34",2024-11-21,2024-11-24,1,"quantile",0.975,448100.91868856
"932","DE","15-34",2024-11-21,2024-12-01,2,"quantile",0.025,103478.994720681
"933","DE","15-34",2024-11-21,2024-12-01,2,"quantile",0.1,333342.820493639
"934","DE","15-34",2024-11-21,2024-12-01,2,"quantile",0.25,422545.209775467
"935","DE","15-34",2024-11-21,2024-12-01,2,"quantile",0.5,471817.935814719
"936","DE","15-34",2024-11-21,2024-12-01,2,"quantile",0.75,484637.339008732
"937","DE","15-34",2024-11-21,2024-12-01,2,"quantile",0.9,496489.100070865
"938","DE","15-34",2024-11-21,2024-12-01,2,"quantile",0.975,508219.677637286
"939","DE","15-34",2024-11-21,2024-12-08,3,"quantile",0.025,98780.066805327
"940","DE","15-34",2024-11-21,2024-12-08,3,"quantile",0.1,320659.717355244
"941","DE","15-34",2024-11-21,2024-12-08,3,"quantile",0.25,436134.359110064
"942","DE","15-34",2024-11-21,2024-12-08,3,"quantile",0.5,515275.069320422
"943","DE","15-34",2024-11-21,2024-12-08,3,"quantile",0.75,542091.408623927
"944","DE","15-34",2024-11-21,2024-12-08,3,"quantile",0.9,549654.638207782
"945","DE","15-34",2024-11-21,2024-12-08,3,"quantile",0.975,557647.591459822
"946","DE","15-34",2024-11-21,2024-12-15,4,"quantile",0.025,91436.6748304214
"947","DE","15-34",2024-11-21,2024-12-15,4,"quantile",0.1,316749.256336306
"948","DE","15-34",2024-11-21,2024-12-15,4,"quantile",0.25,429854.99801942
"949","DE","15-34",2024-11-21,2024-12-15,4,"quantile",0.5,515925.93927098
"950","DE","15-34",2024-11-21,2024-12-15,4,"quantile",0.75,564431.848227601
"951","DE","15-34",2024-11-21,2024-12-15,4,"quantile",0.9,581472.81737005
"952","DE","15-34",2024-11-21,2024-12-15,4,"quantile",0.975,589782.271262768
"953","DE","35-59",2024-11-21,2024-11-24,1,"quantile",0.025,121390.082282502
"954","DE","35-59",2024-11-21,2024-11-24,1,"quantile",0.1,397277.589276461
"955","DE","35-59",2024-11-21,2024-11-24,1,"quantile",0.25,476563.221134437
"956","DE","35-59",2024-11-21,2024-11-24,1,"quantile",0.5,510822.131670926
"957","DE","35-59",2024-11-21,2024-11-24,1,"quantile",0.75,524310.697840389
"958","DE","35-59",2024-11-21,2024-11-24,1,"quantile",0.9,537397.675173913
"959","DE","35-59",2024-11-21,2024-11-24,1,"quantile",0.975,551398.536117249
"960","DE","35-59",2024-11-21,2024-12-01,2,"quantile",0.025,118960.06217854
"961","DE","35-59",2024-11-21,2024-12-01,2,"quantile",0.1,394225.820775744
"962","DE","35-59",2024-11-21,2024-12-01,2,"quantile",0.25,496996.967380465
"963","DE","35-59",2024-11-21,2024-12-01,2,"quantile",0.5,581726.570699531
"964","DE","35-59",2024-11-21,2024-12-01,2,"quantile",0.75,602330.168925726
"965","DE","35-59",2024-11-21,2024-12-01,2,"quantile",0.9,613423.096919396
"966","DE","35-59",2024-11-21,2024-12-01,2,"quantile",0.975,633514.769607626
"967","DE","35-59",2024-11-21,2024-12-08,3,"quantile",0.025,115207.108907775
"968","DE","35-59",2024-11-21,2024-12-08,3,"quantile",0.1,380207.439276709
"969","DE","35-59",2024-11-21,2024-12-08,3,"quantile",0.25,530352.835220381
"970","DE","35-59",2024-11-21,2024-12-08,3,"quantile",0.5,676494.532300087
"971","DE","35-59",2024-11-21,2024-12-08,3,"quantile",0.75,712724.257022913
"972","DE","35-59",2024-11-21,2024-12-08,3,"quantile",0.9,725498.35885606
"973","DE","35-59",2024-11-21,2024-12-08,3,"quantile",0.975,739027.381906366
"974","DE","35-59",2024-11-21,2024-12-15,4,"quantile",0.025,111876.500192799
"975","DE","35-59",2024-11-21,2024-12-15,4,"quantile",0.1,364423.033715374
"976","DE","35-59",2024-11-21,2024-12-15,4,"quantile",0.25,520720.668066572
"977","DE","35-59",2024-11-21,2024-12-15,4,"quantile",0.5,671631.886331679
"978","DE","35-59",2024-11-21,2024-12-15,4,"quantile",0.75,750567.686989189
"979","DE","35-59",2024-11-21,2024-12-15,4,"quantile",0.9,778474.357887585
"980","DE","35-59",2024-11-21,2024-12-15,4,"quantile",0.975,798388.108100124
"981","DE","60+",2024-11-21,2024-11-24,1,"quantile",0.025,53227.3023530842
"982","DE","60+",2024-11-21,2024-11-24,1,"quantile",0.1,128789.045691026
"983","DE","60+",2024-11-21,2024-11-24,1,"quantile",0.25,142006.258891217
"984","DE","60+",2024-11-21,2024-11-24,1,"quantile",0.5,157835.205534576
"985","DE","60+",2024-11-21,2024-11-24,1,"quantile",0.75,163235.783160882
"986","DE","60+",2024-11-21,2024-11-24,1,"quantile",0.9,171254.779584923
"987","DE","60+",2024-11-21,2024-11-24,1,"quantile",0.975,182146.540025058
"988","DE","60+",2024-11-21,2024-12-01,2,"quantile",0.025,53179.3384597851
"989","DE","60+",2024-11-21,2024-12-01,2,"quantile",0.1,124627.786958066
"990","DE","60+",2024-11-21,2024-12-01,2,"quantile",0.25,150338.666420073
"991","DE","60+",2024-11-21,2024-12-01,2,"quantile",0.5,167247.884307003
"992","DE","60+",2024-11-21,2024-12-01,2,"quantile",0.75,175396.00646908
"993","DE","60+",2024-11-21,2024-12-01,2,"quantile",0.9,183034.435503603
"994","DE","60+",2024-11-21,2024-12-01,2,"quantile",0.975,200348.056918394
"995","DE","60+",2024-11-21,2024-12-08,3,"quantile",0.025,51466.0814988355
"996","DE","60+",2024-11-21,2024-12-08,3,"quantile",0.1,124244.093579311
"997","DE","60+",2024-11-21,2024-12-08,3,"quantile",0.25,164075.917852593
"998","DE","60+",2024-11-21,2024-12-08,3,"quantile",0.5,198784.672276696
"999","DE","60+",2024-11-21,2024-12-08,3,"quantile",0.75,207319.154808874
"1000","DE","60+",2024-11-21,2024-12-08,3,"quantile",0.9,214024.684837698
"1001","DE","60+",2024-11-21,2024-12-08,3,"quantile",0.975,221531.257747105
"1002","DE","60+",2024-11-21,2024-12-15,4,"quantile",0.025,47986.1729338698
"1003","DE","60+",2024-11-21,2024-12-15,4,"quantile",0.1,116837.196480503
"1004","DE","60+",2024-11-21,2024-12-15,4,"quantile",0.25,155014.060476006
"1005","DE","60+",2024-11-21,2024-12-15,4,"quantile",0.5,207830.545017519
"1006","DE","60+",2024-11-21,2024-12-15,4,"quantile",0.75,228643.009972554
"1007","DE","60+",2024-11-21,2024-12-15,4,"quantile",0.9,235725.359972098
"1008","DE","60+",2024-11-21,2024-12-15,4,"quantile",0.975,242576.123925549
"1009","DE","00+",2024-11-28,2024-12-01,1,"quantile",0.025,437298.40950821
"1010","DE","00+",2024-11-28,2024-12-01,1,"quantile",0.1,1253915.48161099
"1011","DE","00+",2024-11-28,2024-12-01,1,"quantile",0.25,1423967.22635943
"1012","DE","00+",2024-11-28,2024-12-01,1,"quantile",0.5,1474060.92458516
"1013","DE","00+",2024-11-28,2024-12-01,1,"quantile",0.75,1533562.85413562
"1014","DE","00+",2024-11-28,2024-12-01,1,"quantile",0.9,1579057.71816193
"1015","DE","00+",2024-11-28,2024-12-01,1,"quantile",0.975,1633228.80608546
"1016","DE","00+",2024-11-28,2024-12-08,2,"quantile",0.025,404908.691351086
"1017","DE","00+",2024-11-28,2024-12-08,2,"quantile",0.1,1205470.17455286
"1018","DE","00+",2024-11-28,2024-12-08,2,"quantile",0.25,1502170.88632494
"1019","DE","00+",2024-11-28,2024-12-08,2,"quantile",0.5,1735242.10087981
"1020","DE","00+",2024-11-28,2024-12-08,2,"quantile",0.75,1828798.83671456
"1021","DE","00+",2024-11-28,2024-12-08,2,"quantile",0.9,1864657.8483345
"1022","DE","00+",2024-11-28,2024-12-08,2,"quantile",0.975,1889607.25354944
"1023","DE","00+",2024-11-28,2024-12-15,3,"quantile",0.025,386777.878693615
"1024","DE","00+",2024-11-28,2024-12-15,3,"quantile",0.1,1151239.72287645
"1025","DE","00+",2024-11-28,2024-12-15,3,"quantile",0.25,1558920.6547378
"1026","DE","00+",2024-11-28,2024-12-15,3,"quantile",0.5,1910213.04906263
"1027","DE","00+",2024-11-28,2024-12-15,3,"quantile",0.75,2032361.28618118
"1028","DE","00+",2024-11-28,2024-12-15,3,"quantile",0.9,2097748.88413672
"1029","DE","00+",2024-11-28,2024-12-15,3,"quantile",0.975,2142198.57701923
"1030","DE","00+",2024-11-28,2024-12-22,4,"quantile",0.025,358092.738129259
"1031","DE","00+",2024-11-28,2024-12-22,4,"quantile",0.1,1121690.13024101
"1032","DE","00+",2024-11-28,2024-12-22,4,"quantile",0.25,1431594.15191917
"1033","DE","00+",2024-11-28,2024-12-22,4,"quantile",0.5,1793462.10326906
"1034","DE","00+",2024-11-28,2024-12-22,4,"quantile",0.75,1979144.00402694
"1035","DE","00+",2024-11-28,2024-12-22,4,"quantile",0.9,2051546.81213765
"1036","DE","00+",2024-11-28,2024-12-22,4,"quantile",0.975,2090878.53914069
"1037","DE","00-04",2024-11-28,2024-12-01,1,"quantile",0.025,86548.9437583889
"1038","DE","00-04",2024-11-28,2024-12-01,1,"quantile",0.1,163150.186674773
"1039","DE","00-04",2024-11-28,2024-12-01,1,"quantile",0.25,177318.147785547
"1040","DE","00-04",2024-11-28,2024-12-01,1,"quantile",0.5,184059.623920915
"1041","DE","00-04",2024-11-28,2024-12-01,1,"quantile",0.75,193667.301121862
"1042","DE","00-04",2024-11-28,2024-12-01,1,"quantile",0.9,202787.592725625
"1043","DE","00-04",2024-11-28,2024-12-01,1,"quantile",0.975,212251.831069693
"1044","DE","00-04",2024-11-28,2024-12-08,2,"quantile",0.025,74921.3639743742
"1045","DE","00-04",2024-11-28,2024-12-08,2,"quantile",0.1,170450.5658755
"1046","DE","00-04",2024-11-28,2024-12-08,2,"quantile",0.25,189819.105717945
"1047","DE","00-04",2024-11-28,2024-12-08,2,"quantile",0.5,201883.51801517
"1048","DE","00-04",2024-11-28,2024-12-08,2,"quantile",0.75,211866.023616329
"1049","DE","00-04",2024-11-28,2024-12-08,2,"quantile",0.9,221863.860080103
"1050","DE","00-04",2024-11-28,2024-12-08,2,"quantile",0.975,231293.490156371
"1051","DE","00-04",2024-11-28,2024-12-15,3,"quantile",0.025,60437.4446630618
"1052","DE","00-04",2024-11-28,2024-12-15,3,"quantile",0.1,167606.749948129
"1053","DE","00-04",2024-11-28,2024-12-15,3,"quantile",0.25,201108.958614688
"1054","DE","00-04",2024-11-28,2024-12-15,3,"quantile",0.5,217910.249211322
"1055","DE","00-04",2024-11-28,2024-12-15,3,"quantile",0.75,235858.035727748
"1056","DE","00-04",2024-11-28,2024-12-15,3,"quantile",0.9,242362.469816012
"1057","DE","00-04",2024-11-28,2024-12-15,3,"quantile",0.975,252987.795654029
"1058","DE","00-04",2024-11-28,2024-12-22,4,"quantile",0.025,54190.1500343034
"1059","DE","00-04",2024-11-28,2024-12-22,4,"quantile",0.1,167788.898253092
"1060","DE","00-04",2024-11-28,2024-12-22,4,"quantile",0.25,196546.825117121
"1061","DE","00-04",2024-11-28,2024-12-22,4,"quantile",0.5,210654.685497333
"1062","DE","00-04",2024-11-28,2024-12-22,4,"quantile",0.75,224023.815106783
"1063","DE","00-04",2024-11-28,2024-12-22,4,"quantile",0.9,232394.794381343
"1064","DE","00-04",2024-11-28,2024-12-22,4,"quantile",0.975,282199.391515403
"1065","DE","05-14",2024-11-28,2024-12-01,1,"quantile",0.025,50608.3245286846
"1066","DE","05-14",2024-11-28,2024-12-01,1,"quantile",0.1,151707.077633597
"1067","DE","05-14",2024-11-28,2024-12-01,1,"quantile",0.25,177856.749255804
"1068","DE","05-14",2024-11-28,2024-12-01,1,"quantile",0.5,190572.892106142
"1069","DE","05-14",2024-11-28,2024-12-01,1,"quantile",0.75,195585.694643209
"1070","DE","05-14",2024-11-28,2024-12-01,1,"quantile",0.9,200632.704379697
"1071","DE","05-14",2024-11-28,2024-12-01,1,"quantile",0.975,206689.680210006
"1072","DE","05-14",2024-11-28,2024-12-08,2,"quantile",0.025,43201.5332019018
"1073","DE","05-14",2024-11-28,2024-12-08,2,"quantile",0.1,141332.638011476
"1074","DE","05-14",2024-11-28,2024-12-08,2,"quantile",0.25,184736.785565918
"1075","DE","05-14",2024-11-28,2024-12-08,2,"quantile",0.5,211903.334419772
"1076","DE","05-14",2024-11-28,2024-12-08,2,"quantile",0.75,232338.130842537
"1077","DE","05-14",2024-11-28,2024-12-08,2,"quantile",0.9,242415.304653561
"1078","DE","05-14",2024-11-28,2024-12-08,2,"quantile",0.975,249122.633799069
"1079","DE","05-14",2024-11-28,2024-12-15,3,"quantile",0.025,38600.0207583431
"1080","DE","05-14",2024-11-28,2024-12-15,3,"quantile",0.1,126891.657123513
"1081","DE","05-14",2024-11-28,2024-12-15,3,"quantile",0.25,182766.212371099
"1082","DE","05-14",2024-11-28,2024-12-15,3,"quantile",0.5,221991.684860729
"1083","DE","05-14",2024-11-28,2024-12-15,3,"quantile",0.75,268154.865074031
"1084","DE","05-14",2024-11-28,2024-12-15,3,"quantile",0.9,285373.31597929
"1085","DE","05-14",2024-11-28,2024-12-15,3,"quantile",0.975,293412.729944213
"1086","DE","05-14",2024-11-28,2024-12-22,4,"quantile",0.025,34036.7380923997
"1087","DE","05-14",2024-11-28,2024-12-22,4,"quantile",0.1,117517.442958809
"1088","DE","05-14",2024-11-28,2024-12-22,4,"quantile",0.25,171933.283446896
"1089","DE","05-14",2024-11-28,2024-12-22,4,"quantile",0.5,211354.791014892
"1090","DE","05-14",2024-11-28,2024-12-22,4,"quantile",0.75,233558.05644368
"1091","DE","05-14",2024-11-28,2024-12-22,4,"quantile",0.9,246321.873834181
"1092","DE","05-14",2024-11-28,2024-12-22,4,"quantile",0.975,255453.426947126
"1093","DE","15-34",2024-11-28,2024-12-01,1,"quantile",0.025,114876.968871166
"1094","DE","15-34",2024-11-28,2024-12-01,1,"quantile",0.1,352865.328127364
"1095","DE","15-34",2024-11-28,2024-12-01,1,"quantile",0.25,412815.413977991
"1096","DE","15-34",2024-11-28,2024-12-01,1,"quantile",0.5,426770.534343101
"1097","DE","15-34",2024-11-28,2024-12-01,1,"quantile",0.75,434362.512737656
"1098","DE","15-34",2024-11-28,2024-12-01,1,"quantile",0.9,442286.414349189
"1099","DE","15-34",2024-11-28,2024-12-01,1,"quantile",0.975,457393.817092671
"1100","DE","15-34",2024-11-28,2024-12-08,2,"quantile",0.025,103321.734998619
"1101","DE","15-34",2024-11-28,2024-12-08,2,"quantile",0.1,338008.288160103
"1102","DE","15-34",2024-11-28,2024-12-08,2,"quantile",0.25,437933.636559573
"1103","DE","15-34",2024-11-28,2024-12-08,2,"quantile",0.5,504789.331029486
"1104","DE","15-34",2024-11-28,2024-12-08,2,"quantile",0.75,520559.996965109
"1105","DE","15-34",2024-11-28,2024-12-08,2,"quantile",0.9,536379.27223336
"1106","DE","15-34",2024-11-28,2024-12-08,2,"quantile",0.975,545230.156234886
"1107","DE","15-34",2024-11-28,2024-12-15,3,"quantile",0.025,98750.63432711
"1108","DE","15-34",2024-11-28,2024-12-15,3,"quantile",0.1,323827.475687603
"1109","DE","15-34",2024-11-28,2024-12-15,3,"quantile",0.25,453204.079531969
"1110","DE","15-34",2024-11-28,2024-12-15,3,"quantile",0.5,527084.400327504
"1111","DE","15-34",2024-11-28,2024-12-15,3,"quantile",0.75,550026.95441977
"1112","DE","15-34",2024-11-28,2024-12-15,3,"quantile",0.9,561410.024044284
"1113","DE","15-34",2024-11-28,2024-12-15,3,"quantile",0.975,570207.013172565
"1114","DE","15-34",2024-11-28,2024-12-22,4,"quantile",0.025,91352.0543140687
"1115","DE","15-34",2024-11-28,2024-12-22,4,"quantile",0.1,304109.555761539
"1116","DE","15-34",2024-11-28,2024-12-22,4,"quantile",0.25,408244.286228594
"1117","DE","15-34",2024-11-28,2024-12-22,4,"quantile",0.5,500824.685735059
"1118","DE","15-34",2024-11-28,2024-12-22,4,"quantile",0.75,551939.378569925
"1119","DE","15-34",2024-11-28,2024-12-22,4,"quantile",0.9,567948.710805711
"1120","DE","15-34",2024-11-28,2024-12-22,4,"quantile",0.975,578299.605654529
"1121","DE","35-59",2024-11-28,2024-12-01,1,"quantile",0.025,120265.715140124
"1122","DE","35-59",2024-11-28,2024-12-01,1,"quantile",0.1,406678.61563019
"1123","DE","35-59",2024-11-28,2024-12-01,1,"quantile",0.25,495510.511149483
"1124","DE","35-59",2024-11-28,2024-12-01,1,"quantile",0.5,520307.481477017
"1125","DE","35-59",2024-11-28,2024-12-01,1,"quantile",0.75,536011.948640364
"1126","DE","35-59",2024-11-28,2024-12-01,1,"quantile",0.9,547521.927754582
"1127","DE","35-59",2024-11-28,2024-12-01,1,"quantile",0.975,571709.419246132
"1128","DE","35-59",2024-11-28,2024-12-08,2,"quantile",0.025,118439.814125095
"1129","DE","35-59",2024-11-28,2024-12-08,2,"quantile",0.1,402142.944900948
"1130","DE","35-59",2024-11-28,2024-12-08,2,"quantile",0.25,526215.149207877
"1131","DE","35-59",2024-11-28,2024-12-08,2,"quantile",0.5,622296.494138044
"1132","DE","35-59",2024-11-28,2024-12-08,2,"quantile",0.75,645742.098761133
"1133","DE","35-59",2024-11-28,2024-12-08,2,"quantile",0.9,665109.595432336
"1134","DE","35-59",2024-11-28,2024-12-08,2,"quantile",0.975,681302.801702743
"1135","DE","35-59",2024-11-28,2024-12-15,3,"quantile",0.025,114104.488520758
"1136","DE","35-59",2024-11-28,2024-12-15,3,"quantile",0.1,376398.965086291
"1137","DE","35-59",2024-11-28,2024-12-15,3,"quantile",0.25,537588.167286292
"1138","DE","35-59",2024-11-28,2024-12-15,3,"quantile",0.5,680170.331545125
"1139","DE","35-59",2024-11-28,2024-12-15,3,"quantile",0.75,724511.857165389
"1140","DE","35-59",2024-11-28,2024-12-15,3,"quantile",0.9,754719.424805744
"1141","DE","35-59",2024-11-28,2024-12-15,3,"quantile",0.975,774029.995856457
"1142","DE","35-59",2024-11-28,2024-12-22,4,"quantile",0.025,111861.056023928
"1143","DE","35-59",2024-11-28,2024-12-22,4,"quantile",0.1,349922.315249512
"1144","DE","35-59",2024-11-28,2024-12-22,4,"quantile",0.25,490837.115683878
"1145","DE","35-59",2024-11-28,2024-12-22,4,"quantile",0.5,684673.977050702
"1146","DE","35-59",2024-11-28,2024-12-22,4,"quantile",0.75,734373.389812029
"1147","DE","35-59",2024-11-28,2024-12-22,4,"quantile",0.9,757710.071724911
"1148","DE","35-59",2024-11-28,2024-12-22,4,"quantile",0.975,775496.320005954
"1149","DE","60+",2024-11-28,2024-12-01,1,"quantile",0.025,53380.442131761
"1150","DE","60+",2024-11-28,2024-12-01,1,"quantile",0.1,128468.471989107
"1151","DE","60+",2024-11-28,2024-12-01,1,"quantile",0.25,139759.419247854
"1152","DE","60+",2024-11-28,2024-12-01,1,"quantile",0.5,153272.589442062
"1153","DE","60+",2024-11-28,2024-12-01,1,"quantile",0.75,159892.077008543
"1154","DE","60+",2024-11-28,2024-12-01,1,"quantile",0.9,164983.938974524
"1155","DE","60+",2024-11-28,2024-12-01,1,"quantile",0.975,179524.999640374
"1156","DE","60+",2024-11-28,2024-12-08,2,"quantile",0.025,52535.1791283284
"1157","DE","60+",2024-11-28,2024-12-08,2,"quantile",0.1,125614.579430448
"1158","DE","60+",2024-11-28,2024-12-08,2,"quantile",0.25,155047.702906919
"1159","DE","60+",2024-11-28,2024-12-08,2,"quantile",0.5,174132.03687689
"1160","DE","60+",2024-11-28,2024-12-08,2,"quantile",0.75,180628.109004085
"1161","DE","60+",2024-11-28,2024-12-08,2,"quantile",0.9,192919.087051066
"1162","DE","60+",2024-11-28,2024-12-08,2,"quantile",0.975,215470.671866402
"1163","DE","60+",2024-11-28,2024-12-15,3,"quantile",0.025,51798.3712971787
"1164","DE","60+",2024-11-28,2024-12-15,3,"quantile",0.1,123022.90501816
"1165","DE","60+",2024-11-28,2024-12-15,3,"quantile",0.25,160798.964973102
"1166","DE","60+",2024-11-28,2024-12-15,3,"quantile",0.5,199822.804160432
"1167","DE","60+",2024-11-28,2024-12-15,3,"quantile",0.75,206796.470555934
"1168","DE","60+",2024-11-28,2024-12-15,3,"quantile",0.9,219105.265205461
"1169","DE","60+",2024-11-28,2024-12-15,3,"quantile",0.975,225990.098695844
"1170","DE","60+",2024-11-28,2024-12-22,4,"quantile",0.025,47657.2869312201
"1171","DE","60+",2024-11-28,2024-12-22,4,"quantile",0.1,111747.862493669
"1172","DE","60+",2024-11-28,2024-12-22,4,"quantile",0.25,152938.846051517
"1173","DE","60+",2024-11-28,2024-12-22,4,"quantile",0.5,211574.273881308
"1174","DE","60+",2024-11-28,2024-12-22,4,"quantile",0.75,228069.289765396
"1175","DE","60+",2024-11-28,2024-12-22,4,"quantile",0.9,233599.784477817
"1176","DE","60+",2024-11-28,2024-12-22,4,"quantile",0.975,239215.451020957
"1177","DE","00+",2024-12-05,2024-12-08,1,"quantile",0.025,438142.436473056
"1178","DE","00+",2024-12-05,2024-12-08,1,"quantile",0.1,1195327.22828905
"1179","DE","00+",2024-12-05,2024-12-08,1,"quantile",0.25,1362555.14036239
"1180","DE","00+",2024-12-05,2024-12-08,1,"quantile",0.5,1444079.01484571
"1181","DE","00+",2024-12-05,2024-12-08,1,"quantile",0.75,1542301.6753426
"1182","DE","00+",2024-12-05,2024-12-08,1,"quantile",0.9,1599734.26120316
"1183","DE","00+",2024-12-05,2024-12-08,1,"quantile",0.975,1649125.76460942
"1184","DE","00+",2024-12-05,2024-12-15,2,"quantile",0.025,401756.058457857
"1185","DE","00+",2024-12-05,2024-12-15,2,"quantile",0.1,1068444.60978471
"1186","DE","00+",2024-12-05,2024-12-15,2,"quantile",0.25,1397960.97273575
"1187","DE","00+",2024-12-05,2024-12-15,2,"quantile",0.5,1608795.62615004
"1188","DE","00+",2024-12-05,2024-12-15,2,"quantile",0.75,1767979.42296784
"1189","DE","00+",2024-12-05,2024-12-15,2,"quantile",0.9,1872197.13955326
"1190","DE","00+",2024-12-05,2024-12-15,2,"quantile",0.975,1913523.67560422
"1191","DE","00+",2024-12-05,2024-12-22,3,"quantile",0.025,387724.57356172
"1192","DE","00+",2024-12-05,2024-12-22,3,"quantile",0.1,982662.568576097
"1193","DE","00+",2024-12-05,2024-12-22,3,"quantile",0.25,1371753.779409
"1194","DE","00+",2024-12-05,2024-12-22,3,"quantile",0.5,1688279.64744498
"1195","DE","00+",2024-12-05,2024-12-22,3,"quantile",0.75,1873414.45798316
"1196","DE","00+",2024-12-05,2024-12-22,3,"quantile",0.9,1947074.39939689
"1197","DE","00+",2024-12-05,2024-12-22,3,"quantile",0.975,1987909.36385523
"1198","DE","00+",2024-12-05,2024-12-29,4,"quantile",0.025,359626.226601503
"1199","DE","00+",2024-12-05,2024-12-29,4,"quantile",0.1,680360.3941347
"1200","DE","00+",2024-12-05,2024-12-29,4,"quantile",0.25,966559.348628363
"1201","DE","00+",2024-12-05,2024-12-29,4,"quantile",0.5,1233851.68595579
"1202","DE","00+",2024-12-05,2024-12-29,4,"quantile",0.75,1458294.40648687
"1203","DE","00+",2024-12-05,2024-12-29,4,"quantile",0.9,1673033.36260081
"1204","DE","00+",2024-12-05,2024-12-29,4,"quantile",0.975,1836409.52267674
"1205","DE","00-04",2024-12-05,2024-12-08,1,"quantile",0.025,86453.8818072834
"1206","DE","00-04",2024-12-05,2024-12-08,1,"quantile",0.1,164032.226406111
"1207","DE","00-04",2024-12-05,2024-12-08,1,"quantile",0.25,179806.418805491
"1208","DE","00-04",2024-12-05,2024-12-08,1,"quantile",0.5,190910.120261044
"1209","DE","00-04",2024-12-05,2024-12-08,1,"quantile",0.75,197675.409005325
"1210","DE","00-04",2024-12-05,2024-12-08,1,"quantile",0.9,204816.586490135
"1211","DE","00-04",2024-12-05,2024-12-08,1,"quantile",0.975,213088.30737907
"1212","DE","00-04",2024-12-05,2024-12-15,2,"quantile",0.025,74527.2113588506
"1213","DE","00-04",2024-12-05,2024-12-15,2,"quantile",0.1,163525.595448597
"1214","DE","00-04",2024-12-05,2024-12-15,2,"quantile",0.25,184016.743926662
"1215","DE","00-04",2024-12-05,2024-12-15,2,"quantile",0.5,200333.171809854
"1216","DE","00-04",2024-12-05,2024-12-15,2,"quantile",0.75,213968.198214676
"1217","DE","00-04",2024-12-05,2024-12-15,2,"quantile",0.9,219732.503185367
"1218","DE","00-04",2024-12-05,2024-12-15,2,"quantile",0.975,230357.93548557
"1219","DE","00-04",2024-12-05,2024-12-22,3,"quantile",0.025,63782.010380247
"1220","DE","00-04",2024-12-05,2024-12-22,3,"quantile",0.1,153580.561723182
"1221","DE","00-04",2024-12-05,2024-12-22,3,"quantile",0.25,185696.560317121
"1222","DE","00-04",2024-12-05,2024-12-22,3,"quantile",0.5,202561.010595491
"1223","DE","00-04",2024-12-05,2024-12-22,3,"quantile",0.75,219529.26808164
"1224","DE","00-04",2024-12-05,2024-12-22,3,"quantile",0.9,227505.444931137
"1225","DE","00-04",2024-12-05,2024-12-22,3,"quantile",0.975,250381.400739507
"1226","DE","00-04",2024-12-05,2024-12-29,4,"quantile",0.025,59907.9492576765
"1227","DE","00-04",2024-12-05,2024-12-29,4,"quantile",0.1,105412.249459535
"1228","DE","00-04",2024-12-05,2024-12-29,4,"quantile",0.25,122721.128675271
"1229","DE","00-04",2024-12-05,2024-12-29,4,"quantile",0.5,137152.472648722
"1230","DE","00-04",2024-12-05,2024-12-29,4,"quantile",0.75,159271.75444228
"1231","DE","00-04",2024-12-05,2024-12-29,4,"quantile",0.9,169693.977170398
"1232","DE","00-04",2024-12-05,2024-12-29,4,"quantile",0.975,273247.104415636
"1233","DE","05-14",2024-12-05,2024-12-08,1,"quantile",0.025,50249.4629929529
"1234","DE","05-14",2024-12-05,2024-12-08,1,"quantile",0.1,146838.238969901
"1235","DE","05-14",2024-12-05,2024-12-08,1,"quantile",0.25,174605.172943477
"1236","DE","05-14",2024-12-05,2024-12-08,1,"quantile",0.5,196871.531573258
"1237","DE","05-14",2024-12-05,2024-12-08,1,"quantile",0.75,206836.522487129
"1238","DE","05-14",2024-12-05,2024-12-08,1,"quantile",0.9,211881.559610589
"1239","DE","05-14",2024-12-05,2024-12-08,1,"quantile",0.975,217165.52017722
"1240","DE","05-14",2024-12-05,2024-12-15,2,"quantile",0.025,43716.8114947427
"1241","DE","05-14",2024-12-05,2024-12-15,2,"quantile",0.1,129408.911437185
"1242","DE","05-14",2024-12-05,2024-12-15,2,"quantile",0.25,176212.672649869
"1243","DE","05-14",2024-12-05,2024-12-15,2,"quantile",0.5,206636.021265354
"1244","DE","05-14",2024-12-05,2024-12-15,2,"quantile",0.75,230975.774822244
"1245","DE","05-14",2024-12-05,2024-12-15,2,"quantile",0.9,243219.965257114
"1246","DE","05-14",2024-12-05,2024-12-15,2,"quantile",0.975,252764.94553208
"1247","DE","05-14",2024-12-05,2024-12-22,3,"quantile",0.025,38733.165614007
"1248","DE","05-14",2024-12-05,2024-12-22,3,"quantile",0.1,114614.432353163
"1249","DE","05-14",2024-12-05,2024-12-22,3,"quantile",0.25,159262.166842998
"1250","DE","05-14",2024-12-05,2024-12-22,3,"quantile",0.5,195580.48307052
"1251","DE","05-14",2024-12-05,2024-12-22,3,"quantile",0.75,218385.529129182
"1252","DE","05-14",2024-12-05,2024-12-22,3,"quantile",0.9,229034.781680548
"1253","DE","05-14",2024-12-05,2024-12-22,3,"quantile",0.975,239112.081799787
"1254","DE","05-14",2024-12-05,2024-12-29,4,"quantile",0.025,33177.9176309137
"1255","DE","05-14",2024-12-05,2024-12-29,4,"quantile",0.1,68744.424463822
"1256","DE","05-14",2024-12-05,2024-12-29,4,"quantile",0.25,83193.6974649567
"1257","DE","05-14",2024-12-05,2024-12-29,4,"quantile",0.5,97855.1281308946
"1258","DE","05-14",2024-12-05,2024-12-29,4,"quantile",0.75,121904.99079702
"1259","DE","05-14",2024-12-05,2024-12-29,4,"quantile",0.9,153799.118271849
"1260","DE","05-14",2024-12-05,2024-12-29,4,"quantile",0.975,243408.12328807
"1261","DE","15-34",2024-12-05,2024-12-08,1,"quantile",0.025,114801.240158274
"1262","DE","15-34",2024-12-05,2024-12-08,1,"quantile",0.1,321496.509090208
"1263","DE","15-34",2024-12-05,2024-12-08,1,"quantile",0.25,376192.538552841
"1264","DE","15-34",2024-12-05,2024-12-08,1,"quantile",0.5,402100.022389623
"1265","DE","15-34",2024-12-05,2024-12-08,1,"quantile",0.75,446464.183087259
"1266","DE","15-34",2024-12-05,2024-12-08,1,"quantile",0.9,456702.657171519
"1267","DE","15-34",2024-12-05,2024-12-08,1,"quantile",0.975,478183.201559862
"1268","DE","15-34",2024-12-05,2024-12-15,2,"quantile",0.025,104684.159938548
"1269","DE","15-34",2024-12-05,2024-12-15,2,"quantile",0.1,301943.099778035
"1270","DE","15-34",2024-12-05,2024-12-15,2,"quantile",0.25,392689.835905606
"1271","DE","15-34",2024-12-05,2024-12-15,2,"quantile",0.5,450357.067140579
"1272","DE","15-34",2024-12-05,2024-12-15,2,"quantile",0.75,496684.351701108
"1273","DE","15-34",2024-12-05,2024-12-15,2,"quantile",0.9,532712.803858628
"1274","DE","15-34",2024-12-05,2024-12-15,2,"quantile",0.975,548811.250470724
"1275","DE","15-34",2024-12-05,2024-12-22,3,"quantile",0.025,98765.0761371096
"1276","DE","15-34",2024-12-05,2024-12-22,3,"quantile",0.1,273500.999112337
"1277","DE","15-34",2024-12-05,2024-12-22,3,"quantile",0.25,373345.238127379
"1278","DE","15-34",2024-12-05,2024-12-22,3,"quantile",0.5,459157.532777114
"1279","DE","15-34",2024-12-05,2024-12-22,3,"quantile",0.75,518062.661329082
"1280","DE","15-34",2024-12-05,2024-12-22,3,"quantile",0.9,539373.949638466
"1281","DE","15-34",2024-12-05,2024-12-22,3,"quantile",0.975,551433.849213609
"1282","DE","15-34",2024-12-05,2024-12-29,4,"quantile",0.025,89829.700301549
"1283","DE","15-34",2024-12-05,2024-12-29,4,"quantile",0.1,160813.047337026
"1284","DE","15-34",2024-12-05,2024-12-29,4,"quantile",0.25,255056.801805673
"1285","DE","15-34",2024-12-05,2024-12-29,4,"quantile",0.5,328578.608163202
"1286","DE","15-34",2024-12-05,2024-12-29,4,"quantile",0.75,410003.577672597
"1287","DE","15-34",2024-12-05,2024-12-29,4,"quantile",0.9,449872.880729768
"1288","DE","15-34",2024-12-05,2024-12-29,4,"quantile",0.975,515358.112251273
"1289","DE","35-59",2024-12-05,2024-12-08,1,"quantile",0.025,122827.878537322
"1290","DE","35-59",2024-12-05,2024-12-08,1,"quantile",0.1,365350.341237353
"1291","DE","35-59",2024-12-05,2024-12-08,1,"quantile",0.25,445025.874823619
"1292","DE","35-59",2024-12-05,2024-12-08,1,"quantile",0.5,489934.683712603
"1293","DE","35-59",2024-12-05,2024-12-08,1,"quantile",0.75,535263.370558754
"1294","DE","35-59",2024-12-05,2024-12-08,1,"quantile",0.9,557968.092000014
"1295","DE","35-59",2024-12-05,2024-12-08,1,"quantile",0.975,578468.289742071
"1296","DE","35-59",2024-12-05,2024-12-15,2,"quantile",0.025,119414.010621741
"1297","DE","35-59",2024-12-05,2024-12-15,2,"quantile",0.1,346962.357780795
"1298","DE","35-59",2024-12-05,2024-12-15,2,"quantile",0.25,455502.851463144
"1299","DE","35-59",2024-12-05,2024-12-15,2,"quantile",0.5,528604.669055043
"1300","DE","35-59",2024-12-05,2024-12-15,2,"quantile",0.75,605351.069656519
"1301","DE","35-59",2024-12-05,2024-12-15,2,"quantile",0.9,631057.218962514
"1302","DE","35-59",2024-12-05,2024-12-15,2,"quantile",0.975,646956.626271109
"1303","DE","35-59",2024-12-05,2024-12-22,3,"quantile",0.025,115657.28409532
"1304","DE","35-59",2024-12-05,2024-12-22,3,"quantile",0.1,319002.419295979
"1305","DE","35-59",2024-12-05,2024-12-22,3,"quantile",0.25,450303.005439869
"1306","DE","35-59",2024-12-05,2024-12-22,3,"quantile",0.5,576846.065474552
"1307","DE","35-59",2024-12-05,2024-12-22,3,"quantile",0.75,683052.450490251
"1308","DE","35-59",2024-12-05,2024-12-22,3,"quantile",0.9,708674.636528757
"1309","DE","35-59",2024-12-05,2024-12-22,3,"quantile",0.975,730226.544305822
"1310","DE","35-59",2024-12-05,2024-12-29,4,"quantile",0.025,113262.722746871
"1311","DE","35-59",2024-12-05,2024-12-29,4,"quantile",0.1,222114.638016534
"1312","DE","35-59",2024-12-05,2024-12-29,4,"quantile",0.25,348529.473031741
"1313","DE","35-59",2024-12-05,2024-12-29,4,"quantile",0.5,477885.864801815
"1314","DE","35-59",2024-12-05,2024-12-29,4,"quantile",0.75,586030.878015102
"1315","DE","35-59",2024-12-05,2024-12-29,4,"quantile",0.9,638128.450661144
"1316","DE","35-59",2024-12-05,2024-12-29,4,"quantile",0.975,716494.947600963
"1317","DE","60+",2024-12-05,2024-12-08,1,"quantile",0.025,53104.5433172435
"1318","DE","60+",2024-12-05,2024-12-08,1,"quantile",0.1,119647.38053211
"1319","DE","60+",2024-12-05,2024-12-08,1,"quantile",0.25,133260.613723297
"1320","DE","60+",2024-12-05,2024-12-08,1,"quantile",0.5,139024.766100046
"1321","DE","60+",2024-12-05,2024-12-08,1,"quantile",0.75,152933.433683416
"1322","DE","60+",2024-12-05,2024-12-08,1,"quantile",0.9,167814.933258908
"1323","DE","60+",2024-12-05,2024-12-08,1,"quantile",0.975,197727.068783818
"1324","DE","60+",2024-12-05,2024-12-15,2,"quantile",0.025,52726.374156892
"1325","DE","60+",2024-12-05,2024-12-15,2,"quantile",0.1,110505.150980044
"1326","DE","60+",2024-12-05,2024-12-15,2,"quantile",0.25,133740.869509944
"1327","DE","60+",2024-12-05,2024-12-15,2,"quantile",0.5,157140.16554883
"1328","DE","60+",2024-12-05,2024-12-15,2,"quantile",0.75,175292.644706479
"1329","DE","60+",2024-12-05,2024-12-15,2,"quantile",0.9,192325.653358295
"1330","DE","60+",2024-12-05,2024-12-15,2,"quantile",0.975,206664.756301373
"1331","DE","60+",2024-12-05,2024-12-22,3,"quantile",0.025,52116.5461021836
"1332","DE","60+",2024-12-05,2024-12-22,3,"quantile",0.1,105337.012107963
"1333","DE","60+",2024-12-05,2024-12-22,3,"quantile",0.25,149210.798781371
"1334","DE","60+",2024-12-05,2024-12-22,3,"quantile",0.5,181203.865842965
"1335","DE","60+",2024-12-05,2024-12-22,3,"quantile",0.75,198038.866554428
"1336","DE","60+",2024-12-05,2024-12-22,3,"quantile",0.9,205995.4453362
"1337","DE","60+",2024-12-05,2024-12-22,3,"quantile",0.975,215121.125407609
"1338","DE","60+",2024-12-05,2024-12-29,4,"quantile",0.025,48444.1489799332
"1339","DE","60+",2024-12-05,2024-12-29,4,"quantile",0.1,80625.6049930758
"1340","DE","60+",2024-12-05,2024-12-29,4,"quantile",0.25,117316.821530213
"1341","DE","60+",2024-12-05,2024-12-29,4,"quantile",0.5,167962.568265099
"1342","DE","60+",2024-12-05,2024-12-29,4,"quantile",0.75,205348.446296527
"1343","DE","60+",2024-12-05,2024-12-29,4,"quantile",0.9,215898.390870692
"1344","DE","60+",2024-12-05,2024-12-29,4,"quantile",0.975,231510.764103334
"1345","DE","00+",2024-12-12,2024-12-15,1,"quantile",0.025,442784.905746286
"1346","DE","00+",2024-12-12,2024-12-15,1,"quantile",0.1,1202839.31705135
"1347","DE","00+",2024-12-12,2024-12-15,1,"quantile",0.25,1393797.83904579
"1348","DE","00+",2024-12-12,2024-12-15,1,"quantile",0.5,1489357.83135557
"1349","DE","00+",2024-12-12,2024-12-15,1,"quantile",0.75,1554342.75116046
"1350","DE","00+",2024-12-12,2024-12-15,1,"quantile",0.9,1614908.31197166
"1351","DE","00+",2024-12-12,2024-12-15,1,"quantile",0.975,1656783.01505936
"1352","DE","00+",2024-12-12,2024-12-22,2,"quantile",0.025,404794.154710411
"1353","DE","00+",2024-12-12,2024-12-22,2,"quantile",0.1,1017025.93663373
"1354","DE","00+",2024-12-12,2024-12-22,2,"quantile",0.25,1400059.37756672
"1355","DE","00+",2024-12-12,2024-12-22,2,"quantile",0.5,1598801.3086526
"1356","DE","00+",2024-12-12,2024-12-22,2,"quantile",0.75,1725176.28806009
"1357","DE","00+",2024-12-12,2024-12-22,2,"quantile",0.9,1788753.75188953
"1358","DE","00+",2024-12-12,2024-12-22,2,"quantile",0.975,1825672.62003799
"1359","DE","00+",2024-12-12,2024-12-29,3,"quantile",0.025,382060.582703588
"1360","DE","00+",2024-12-12,2024-12-29,3,"quantile",0.1,659880.34461563
"1361","DE","00+",2024-12-12,2024-12-29,3,"quantile",0.25,916108.304427942
"1362","DE","00+",2024-12-12,2024-12-29,3,"quantile",0.5,1209700.12609862
"1363","DE","00+",2024-12-12,2024-12-29,3,"quantile",0.75,1401496.95147387
"1364","DE","00+",2024-12-12,2024-12-29,3,"quantile",0.9,1610489.88043749
"1365","DE","00+",2024-12-12,2024-12-29,3,"quantile",0.975,1839178.72292351
"1366","DE","00+",2024-12-12,2025-01-05,4,"quantile",0.025,358224.034828083
"1367","DE","00+",2024-12-12,2025-01-05,4,"quantile",0.1,701517.891391812
"1368","DE","00+",2024-12-12,2025-01-05,4,"quantile",0.25,1152690.08544166
"1369","DE","00+",2024-12-12,2025-01-05,4,"quantile",0.5,1469049.62010593
"1370","DE","00+",2024-12-12,2025-01-05,4,"quantile",0.75,1613744.39270317
"1371","DE","00+",2024-12-12,2025-01-05,4,"quantile",0.9,1706728.83139745
"1372","DE","00+",2024-12-12,2025-01-05,4,"quantile",0.975,1878036.06237013
"1373","DE","00-04",2024-12-12,2024-12-15,1,"quantile",0.025,86527.8713465656
"1374","DE","00-04",2024-12-12,2024-12-15,1,"quantile",0.1,168513.168392556
"1375","DE","00-04",2024-12-12,2024-12-15,1,"quantile",0.25,187409.072629291
"1376","DE","00-04",2024-12-12,2024-12-15,1,"quantile",0.5,198570.046217675
"1377","DE","00-04",2024-12-12,2024-12-15,1,"quantile",0.75,206830.164463553
"1378","DE","00-04",2024-12-12,2024-12-15,1,"quantile",0.9,210635.014851733
"1379","DE","00-04",2024-12-12,2024-12-15,1,"quantile",0.975,218200.483595095
"1380","DE","00-04",2024-12-12,2024-12-22,2,"quantile",0.025,77326.5600472178
"1381","DE","00-04",2024-12-12,2024-12-22,2,"quantile",0.1,160964.022229017
"1382","DE","00-04",2024-12-12,2024-12-22,2,"quantile",0.25,182065.991233247
"1383","DE","00-04",2024-12-12,2024-12-22,2,"quantile",0.5,203677.692382284
"1384","DE","00-04",2024-12-12,2024-12-22,2,"quantile",0.75,212889.248959858
"1385","DE","00-04",2024-12-12,2024-12-22,2,"quantile",0.9,219569.089543328
"1386","DE","00-04",2024-12-12,2024-12-22,2,"quantile",0.975,228002.848008989
"1387","DE","00-04",2024-12-12,2024-12-29,3,"quantile",0.025,60117.1129206452
"1388","DE","00-04",2024-12-12,2024-12-29,3,"quantile",0.1,106481.353368893
"1389","DE","00-04",2024-12-12,2024-12-29,3,"quantile",0.25,115920.951915268
"1390","DE","00-04",2024-12-12,2024-12-29,3,"quantile",0.5,131791.540256518
"1391","DE","00-04",2024-12-12,2024-12-29,3,"quantile",0.75,153753.151790698
"1392","DE","00-04",2024-12-12,2024-12-29,3,"quantile",0.9,168058.598281868
"1393","DE","00-04",2024-12-12,2024-12-29,3,"quantile",0.975,249147.256862957
"1394","DE","00-04",2024-12-12,2025-01-05,4,"quantile",0.025,53662.4823121358
"1395","DE","00-04",2024-12-12,2025-01-05,4,"quantile",0.1,120142.596241581
"1396","DE","00-04",2024-12-12,2025-01-05,4,"quantile",0.25,127720.177303282
"1397","DE","00-04",2024-12-12,2025-01-05,4,"quantile",0.5,138114.370851662
"1398","DE","00-04",2024-12-12,2025-01-05,4,"quantile",0.75,158558.369325698
"1399","DE","00-04",2024-12-12,2025-01-05,4,"quantile",0.9,167310.358460227
"1400","DE","00-04",2024-12-12,2025-01-05,4,"quantile",0.975,265612.958363372
"1401","DE","05-14",2024-12-12,2024-12-15,1,"quantile",0.025,51044.7418247704
"1402","DE","05-14",2024-12-12,2024-12-15,1,"quantile",0.1,153326.9786461
"1403","DE","05-14",2024-12-12,2024-12-15,1,"quantile",0.25,180388.35019526
"1404","DE","05-14",2024-12-12,2024-12-15,1,"quantile",0.5,194972.164721888
"1405","DE","05-14",2024-12-12,2024-12-15,1,"quantile",0.75,202683.575385549
"1406","DE","05-14",2024-12-12,2024-12-15,1,"quantile",0.9,208227.901582513
"1407","DE","05-14",2024-12-12,2024-12-15,1,"quantile",0.975,212503.961061771
"1408","DE","05-14",2024-12-12,2024-12-22,2,"quantile",0.025,43407.9861666557
"1409","DE","05-14",2024-12-12,2024-12-22,2,"quantile",0.1,127062.301447489
"1410","DE","05-14",2024-12-12,2024-12-22,2,"quantile",0.25,169163.650136431
"1411","DE","05-14",2024-12-12,2024-12-22,2,"quantile",0.5,198259.806187112
"1412","DE","05-14",2024-12-12,2024-12-22,2,"quantile",0.75,215646.996902751
"1413","DE","05-14",2024-12-12,2024-12-22,2,"quantile",0.9,222793.039733052
"1414","DE","05-14",2024-12-12,2024-12-22,2,"quantile",0.975,227284.687493685
"1415","DE","05-14",2024-12-12,2024-12-29,3,"quantile",0.025,36886.8859797862
"1416","DE","05-14",2024-12-12,2024-12-29,3,"quantile",0.1,65517.3405331237
"1417","DE","05-14",2024-12-12,2024-12-29,3,"quantile",0.25,86782.5102236315
"1418","DE","05-14",2024-12-12,2024-12-29,3,"quantile",0.5,96361.286422159
"1419","DE","05-14",2024-12-12,2024-12-29,3,"quantile",0.75,117289.325301151
"1420","DE","05-14",2024-12-12,2024-12-29,3,"quantile",0.9,160264.324773498
"1421","DE","05-14",2024-12-12,2024-12-29,3,"quantile",0.975,231717.408584977
"1422","DE","05-14",2024-12-12,2025-01-05,4,"quantile",0.025,33408.7362241098
"1423","DE","05-14",2024-12-12,2025-01-05,4,"quantile",0.1,74428.158301446
"1424","DE","05-14",2024-12-12,2025-01-05,4,"quantile",0.25,108282.388798254
"1425","DE","05-14",2024-12-12,2025-01-05,4,"quantile",0.5,121640.895663993
"1426","DE","05-14",2024-12-12,2025-01-05,4,"quantile",0.75,142808.126785089
"1427","DE","05-14",2024-12-12,2025-01-05,4,"quantile",0.9,175865.452401759
"1428","DE","05-14",2024-12-12,2025-01-05,4,"quantile",0.975,228245.109877514
"1429","DE","15-34",2024-12-12,2024-12-15,1,"quantile",0.025,115597.369360059
"1430","DE","15-34",2024-12-12,2024-12-15,1,"quantile",0.1,333572.492600144
"1431","DE","15-34",2024-12-12,2024-12-15,1,"quantile",0.25,396164.225068922
"1432","DE","15-34",2024-12-12,2024-12-15,1,"quantile",0.5,435966.845489708
"1433","DE","15-34",2024-12-12,2024-12-15,1,"quantile",0.75,446815.214067811
"1434","DE","15-34",2024-12-12,2024-12-15,1,"quantile",0.9,457840.45989146
"1435","DE","15-34",2024-12-12,2024-12-15,1,"quantile",0.975,488428.536118821
"1436","DE","15-34",2024-12-12,2024-12-22,2,"quantile",0.025,104678.956969815
"1437","DE","15-34",2024-12-12,2024-12-22,2,"quantile",0.1,290303.430068366
"1438","DE","15-34",2024-12-12,2024-12-22,2,"quantile",0.25,393806.295980269
"1439","DE","15-34",2024-12-12,2024-12-22,2,"quantile",0.5,466152.802150487
"1440","DE","15-34",2024-12-12,2024-12-22,2,"quantile",0.75,495985.753232841
"1441","DE","15-34",2024-12-12,2024-12-22,2,"quantile",0.9,510743.638973574
"1442","DE","15-34",2024-12-12,2024-12-22,2,"quantile",0.975,521470.777007729
"1443","DE","15-34",2024-12-12,2024-12-29,3,"quantile",0.025,94855.0587124282
"1444","DE","15-34",2024-12-12,2024-12-29,3,"quantile",0.1,152538.192982638
"1445","DE","15-34",2024-12-12,2024-12-29,3,"quantile",0.25,243565.926554866
"1446","DE","15-34",2024-12-12,2024-12-29,3,"quantile",0.5,322472.194203247
"1447","DE","15-34",2024-12-12,2024-12-29,3,"quantile",0.75,400690.491926741
"1448","DE","15-34",2024-12-12,2024-12-29,3,"quantile",0.9,455045.385780125
"1449","DE","15-34",2024-12-12,2024-12-29,3,"quantile",0.975,531132.347183902
"1450","DE","15-34",2024-12-12,2025-01-05,4,"quantile",0.025,90853.6730824465
"1451","DE","15-34",2024-12-12,2025-01-05,4,"quantile",0.1,167292.875094224
"1452","DE","15-34",2024-12-12,2025-01-05,4,"quantile",0.25,331540.671361112
"1453","DE","15-34",2024-12-12,2025-01-05,4,"quantile",0.5,404361.746008024
"1454","DE","15-34",2024-12-12,2025-01-05,4,"quantile",0.75,451140.84426713
"1455","DE","15-34",2024-12-12,2025-01-05,4,"quantile",0.9,465605.673678375
"1456","DE","15-34",2024-12-12,2025-01-05,4,"quantile",0.975,537152.845920087
"1457","DE","35-59",2024-12-12,2024-12-15,1,"quantile",0.025,121819.50206634
"1458","DE","35-59",2024-12-12,2024-12-15,1,"quantile",0.1,390428.9855814
"1459","DE","35-59",2024-12-12,2024-12-15,1,"quantile",0.25,471763.167417878
"1460","DE","35-59",2024-12-12,2024-12-15,1,"quantile",0.5,519924.102707179
"1461","DE","35-59",2024-12-12,2024-12-15,1,"quantile",0.75,543713.496712294
"1462","DE","35-59",2024-12-12,2024-12-15,1,"quantile",0.9,567762.34102075
"1463","DE","35-59",2024-12-12,2024-12-15,1,"quantile",0.975,588695.448109603
"1464","DE","35-59",2024-12-12,2024-12-22,2,"quantile",0.025,118240.859655597
"1465","DE","35-59",2024-12-12,2024-12-22,2,"quantile",0.1,339111.215137992
"1466","DE","35-59",2024-12-12,2024-12-22,2,"quantile",0.25,473680.321771081
"1467","DE","35-59",2024-12-12,2024-12-22,2,"quantile",0.5,578534.632316631
"1468","DE","35-59",2024-12-12,2024-12-22,2,"quantile",0.75,606246.331276797
"1469","DE","35-59",2024-12-12,2024-12-22,2,"quantile",0.9,620790.390999783
"1470","DE","35-59",2024-12-12,2024-12-22,2,"quantile",0.975,641585.085700753
"1471","DE","35-59",2024-12-12,2024-12-29,3,"quantile",0.025,113985.370394997
"1472","DE","35-59",2024-12-12,2024-12-29,3,"quantile",0.1,194900.013840841
"1473","DE","35-59",2024-12-12,2024-12-29,3,"quantile",0.25,361236.208876857
"1474","DE","35-59",2024-12-12,2024-12-29,3,"quantile",0.5,507565.645754385
"1475","DE","35-59",2024-12-12,2024-12-29,3,"quantile",0.75,593415.341653776
"1476","DE","35-59",2024-12-12,2024-12-29,3,"quantile",0.9,648811.874702515
"1477","DE","35-59",2024-12-12,2024-12-29,3,"quantile",0.975,697005.657737526
"1478","DE","35-59",2024-12-12,2025-01-05,4,"quantile",0.025,112589.032495606
"1479","DE","35-59",2024-12-12,2025-01-05,4,"quantile",0.1,228795.309805553
"1480","DE","35-59",2024-12-12,2025-01-05,4,"quantile",0.25,444135.450829876
"1481","DE","35-59",2024-12-12,2025-01-05,4,"quantile",0.5,604624.627489277
"1482","DE","35-59",2024-12-12,2025-01-05,4,"quantile",0.75,658635.490582606
"1483","DE","35-59",2024-12-12,2025-01-05,4,"quantile",0.9,680416.38047774
"1484","DE","35-59",2024-12-12,2025-01-05,4,"quantile",0.975,743042.152685371
"1485","DE","60+",2024-12-12,2024-12-15,1,"quantile",0.025,53057.698560997
"1486","DE","60+",2024-12-12,2024-12-15,1,"quantile",0.1,122838.808767363
"1487","DE","60+",2024-12-12,2024-12-15,1,"quantile",0.25,138966.550262646
"1488","DE","60+",2024-12-12,2024-12-15,1,"quantile",0.5,152169.941173216
"1489","DE","60+",2024-12-12,2024-12-15,1,"quantile",0.75,164310.635370156
"1490","DE","60+",2024-12-12,2024-12-15,1,"quantile",0.9,177987.83682712
"1491","DE","60+",2024-12-12,2024-12-15,1,"quantile",0.975,201635.199894227
"1492","DE","60+",2024-12-12,2024-12-22,2,"quantile",0.025,52567.3962458345
"1493","DE","60+",2024-12-12,2024-12-22,2,"quantile",0.1,108130.608110829
"1494","DE","60+",2024-12-12,2024-12-22,2,"quantile",0.25,138971.974021419
"1495","DE","60+",2024-12-12,2024-12-22,2,"quantile",0.5,163952.862689529
"1496","DE","60+",2024-12-12,2024-12-22,2,"quantile",0.75,177853.163925903
"1497","DE","60+",2024-12-12,2024-12-22,2,"quantile",0.9,192862.675587317
"1498","DE","60+",2024-12-12,2024-12-22,2,"quantile",0.975,213196.836424355
"1499","DE","60+",2024-12-12,2024-12-29,3,"quantile",0.025,52022.5371277534
"1500","DE","60+",2024-12-12,2024-12-29,3,"quantile",0.1,77921.9716591527
"1501","DE","60+",2024-12-12,2024-12-29,3,"quantile",0.25,117575.669457784
"1502","DE","60+",2024-12-12,2024-12-29,3,"quantile",0.5,159205.171010488
"1503","DE","60+",2024-12-12,2024-12-29,3,"quantile",0.75,176463.919887097
"1504","DE","60+",2024-12-12,2024-12-29,3,"quantile",0.9,209932.545227484
"1505","DE","60+",2024-12-12,2024-12-29,3,"quantile",0.975,221488.259429399
"1506","DE","60+",2024-12-12,2025-01-05,4,"quantile",0.025,48941.8412735523
"1507","DE","60+",2024-12-12,2025-01-05,4,"quantile",0.1,93528.720524998
"1508","DE","60+",2024-12-12,2025-01-05,4,"quantile",0.25,157559.900747802
"1509","DE","60+",2024-12-12,2025-01-05,4,"quantile",0.5,201564.822630222
"1510","DE","60+",2024-12-12,2025-01-05,4,"quantile",0.75,224164.926597601
"1511","DE","60+",2024-12-12,2025-01-05,4,"quantile",0.9,230989.242340555
"1512","DE","60+",2024-12-12,2025-01-05,4,"quantile",0.975,236600.162120242
"1513","DE","00+",2024-12-19,2024-12-22,1,"quantile",0.025,439162.143101113
"1514","DE","00+",2024-12-19,2024-12-22,1,"quantile",0.1,1110047.11759617
"1515","DE","00+",2024-12-19,2024-12-22,1,"quantile",0.25,1231560.86847514
"1516","DE","00+",2024-12-19,2024-12-22,1,"quantile",0.5,1453223.04047962
"1517","DE","00+",2024-12-19,2024-12-22,1,"quantile",0.75,1558736.15953933
"1518","DE","00+",2024-12-19,2024-12-22,1,"quantile",0.9,1638914.76114026
"1519","DE","00+",2024-12-19,2024-12-22,1,"quantile",0.975,1688910.95099974
"1520","DE","00+",2024-12-19,2024-12-29,2,"quantile",0.025,401271.118812008
"1521","DE","00+",2024-12-19,2024-12-29,2,"quantile",0.1,622037.825228152
"1522","DE","00+",2024-12-19,2024-12-29,2,"quantile",0.25,838521.847569909
"1523","DE","00+",2024-12-19,2024-12-29,2,"quantile",0.5,1060305.71667905
"1524","DE","00+",2024-12-19,2024-12-29,2,"quantile",0.75,1351433.76498228
"1525","DE","00+",2024-12-19,2024-12-29,2,"quantile",0.9,1482207.48830589
"1526","DE","00+",2024-12-19,2024-12-29,2,"quantile",0.975,1699647.00175763
"1527","DE","00+",2024-12-19,2025-01-05,3,"quantile",0.025,384165.265176958
"1528","DE","00+",2024-12-19,2025-01-05,3,"quantile",0.1,641552.683782385
"1529","DE","00+",2024-12-19,2025-01-05,3,"quantile",0.25,1027359.38085853
"1530","DE","00+",2024-12-19,2025-01-05,3,"quantile",0.5,1412934.76651082
"1531","DE","00+",2024-12-19,2025-01-05,3,"quantile",0.75,1511444.42370444
"1532","DE","00+",2024-12-19,2025-01-05,3,"quantile",0.9,1653380.07037527
"1533","DE","00+",2024-12-19,2025-01-05,3,"quantile",0.975,1904438.52204565
"1534","DE","00+",2024-12-19,2025-01-12,4,"quantile",0.025,357612.183682893
"1535","DE","00+",2024-12-19,2025-01-12,4,"quantile",0.1,729672.996956113
"1536","DE","00+",2024-12-19,2025-01-12,4,"quantile",0.25,1208597.03755899
"1537","DE","00+",2024-12-19,2025-01-12,4,"quantile",0.5,1519838.33519249
"1538","DE","00+",2024-12-19,2025-01-12,4,"quantile",0.75,1648302.02878487
"1539","DE","00+",2024-12-19,2025-01-12,4,"quantile",0.9,1730776.68027186
"1540","DE","00+",2024-12-19,2025-01-12,4,"quantile",0.975,1974347.2778262
"1541","DE","00-04",2024-12-19,2024-12-22,1,"quantile",0.025,84986.1436960165
"1542","DE","00-04",2024-12-19,2024-12-22,1,"quantile",0.1,162875.932938822
"1543","DE","00-04",2024-12-19,2024-12-22,1,"quantile",0.25,178414.239150794
"1544","DE","00-04",2024-12-19,2024-12-22,1,"quantile",0.5,196579.858737362
"1545","DE","00-04",2024-12-19,2024-12-22,1,"quantile",0.75,203003.554685532
"1546","DE","00-04",2024-12-19,2024-12-22,1,"quantile",0.9,208494.688903714
"1547","DE","00-04",2024-12-19,2024-12-22,1,"quantile",0.975,221945.356654535
"1548","DE","00-04",2024-12-19,2024-12-29,2,"quantile",0.025,73525.9251731437
"1549","DE","00-04",2024-12-19,2024-12-29,2,"quantile",0.1,94873.5723582858
"1550","DE","00-04",2024-12-19,2024-12-29,2,"quantile",0.25,105547.158221422
"1551","DE","00-04",2024-12-19,2024-12-29,2,"quantile",0.5,130274.517265184
"1552","DE","00-04",2024-12-19,2024-12-29,2,"quantile",0.75,151793.321683442
"1553","DE","00-04",2024-12-19,2024-12-29,2,"quantile",0.9,181530.624941595
"1554","DE","00-04",2024-12-19,2024-12-29,2,"quantile",0.975,230382.250002857
"1555","DE","00-04",2024-12-19,2025-01-05,3,"quantile",0.025,59486.7104199458
"1556","DE","00-04",2024-12-19,2025-01-05,3,"quantile",0.1,99496.6712012895
"1557","DE","00-04",2024-12-19,2025-01-05,3,"quantile",0.25,117684.443582554
"1558","DE","00-04",2024-12-19,2025-01-05,3,"quantile",0.5,136503.57637013
"1559","DE","00-04",2024-12-19,2025-01-05,3,"quantile",0.75,155020.110947071
"1560","DE","00-04",2024-12-19,2025-01-05,3,"quantile",0.9,169597.296103961
"1561","DE","00-04",2024-12-19,2025-01-05,3,"quantile",0.975,250597.344603739
"1562","DE","00-04",2024-12-19,2025-01-12,4,"quantile",0.025,53698.8480624492
"1563","DE","00-04",2024-12-19,2025-01-12,4,"quantile",0.1,116830.245652669
"1564","DE","00-04",2024-12-19,2025-01-12,4,"quantile",0.25,139232.799111171
"1565","DE","00-04",2024-12-19,2025-01-12,4,"quantile",0.5,155613.906298004
"1566","DE","00-04",2024-12-19,2025-01-12,4,"quantile",0.75,166107.57929932
"1567","DE","00-04",2024-12-19,2025-01-12,4,"quantile",0.9,175048.892272357
"1568","DE","00-04",2024-12-19,2025-01-12,4,"quantile",0.975,270695.686418221
"1569","DE","05-14",2024-12-19,2024-12-22,1,"quantile",0.025,50964.3714420746
"1570","DE","05-14",2024-12-19,2024-12-22,1,"quantile",0.1,134519.868552947
"1571","DE","05-14",2024-12-19,2024-12-22,1,"quantile",0.25,172737.080910179
"1572","DE","05-14",2024-12-19,2024-12-22,1,"quantile",0.5,191652.130296137
"1573","DE","05-14",2024-12-19,2024-12-22,1,"quantile",0.75,199164.197706371
"1574","DE","05-14",2024-12-19,2024-12-22,1,"quantile",0.9,202971.834124212
"1575","DE","05-14",2024-12-19,2024-12-22,1,"quantile",0.975,206565.252498685
"1576","DE","05-14",2024-12-19,2024-12-29,2,"quantile",0.025,38369.8338039768
"1577","DE","05-14",2024-12-19,2024-12-29,2,"quantile",0.1,72392.5341898853
"1578","DE","05-14",2024-12-19,2024-12-29,2,"quantile",0.25,86353.1774290359
"1579","DE","05-14",2024-12-19,2024-12-29,2,"quantile",0.5,108128.035549656
"1580","DE","05-14",2024-12-19,2024-12-29,2,"quantile",0.75,144440.568949673
"1581","DE","05-14",2024-12-19,2024-12-29,2,"quantile",0.9,162803.269370241
"1582","DE","05-14",2024-12-19,2024-12-29,2,"quantile",0.975,213808.325741388
"1583","DE","05-14",2024-12-19,2025-01-05,3,"quantile",0.025,37056.4728155406
"1584","DE","05-14",2024-12-19,2025-01-05,3,"quantile",0.1,64759.6340487773
"1585","DE","05-14",2024-12-19,2025-01-05,3,"quantile",0.25,99542.6883599293
"1586","DE","05-14",2024-12-19,2025-01-05,3,"quantile",0.5,115922.05567677
"1587","DE","05-14",2024-12-19,2025-01-05,3,"quantile",0.75,143925.334542373
"1588","DE","05-14",2024-12-19,2025-01-05,3,"quantile",0.9,166780.178958329
"1589","DE","05-14",2024-12-19,2025-01-05,3,"quantile",0.975,226047.615254172
"1590","DE","05-14",2024-12-19,2025-01-12,4,"quantile",0.025,33616.6572903396
"1591","DE","05-14",2024-12-19,2025-01-12,4,"quantile",0.1,71280.0930800035
"1592","DE","05-14",2024-12-19,2025-01-12,4,"quantile",0.25,113430.084234487
"1593","DE","05-14",2024-12-19,2025-01-12,4,"quantile",0.5,139872.927244357
"1594","DE","05-14",2024-12-19,2025-01-12,4,"quantile",0.75,158401.744487149
"1595","DE","05-14",2024-12-19,2025-01-12,4,"quantile",0.9,177388.944948468
"1596","DE","05-14",2024-12-19,2025-01-12,4,"quantile",0.975,217410.31078086
"1597","DE","15-34",2024-12-19,2024-12-22,1,"quantile",0.025,115163.177467369
"1598","DE","15-34",2024-12-19,2024-12-22,1,"quantile",0.1,307704.298642769
"1599","DE","15-34",2024-12-19,2024-12-22,1,"quantile",0.25,352486.91514635
"1600","DE","15-34",2024-12-19,2024-12-22,1,"quantile",0.5,412106.161845349
"1601","DE","15-34",2024-12-19,2024-12-22,1,"quantile",0.75,435890.919909519
"1602","DE","15-34",2024-12-19,2024-12-22,1,"quantile",0.9,467630.775265893
"1603","DE","15-34",2024-12-19,2024-12-22,1,"quantile",0.975,505448.5192176
"1604","DE","15-34",2024-12-19,2024-12-29,2,"quantile",0.025,98816.1801031363
"1605","DE","15-34",2024-12-19,2024-12-29,2,"quantile",0.1,156827.722228565
"1606","DE","15-34",2024-12-19,2024-12-29,2,"quantile",0.25,241188.758736983
"1607","DE","15-34",2024-12-19,2024-12-29,2,"quantile",0.5,298101.929630625
"1608","DE","15-34",2024-12-19,2024-12-29,2,"quantile",0.75,368764.302181044
"1609","DE","15-34",2024-12-19,2024-12-29,2,"quantile",0.9,418288.825236396
"1610","DE","15-34",2024-12-19,2024-12-29,2,"quantile",0.975,527634.540838009
"1611","DE","15-34",2024-12-19,2025-01-05,3,"quantile",0.025,95945.9665804153
"1612","DE","15-34",2024-12-19,2025-01-05,3,"quantile",0.1,150349.269141848
"1613","DE","15-34",2024-12-19,2025-01-05,3,"quantile",0.25,285119.606047224
"1614","DE","15-34",2024-12-19,2025-01-05,3,"quantile",0.5,379632.727527778
"1615","DE","15-34",2024-12-19,2025-01-05,3,"quantile",0.75,437699.661953176
"1616","DE","15-34",2024-12-19,2025-01-05,3,"quantile",0.9,464276.261672406
"1617","DE","15-34",2024-12-19,2025-01-05,3,"quantile",0.975,550317.290916549
"1618","DE","15-34",2024-12-19,2025-01-12,4,"quantile",0.025,90743.6252209945
"1619","DE","15-34",2024-12-19,2025-01-12,4,"quantile",0.1,175553.515508033
"1620","DE","15-34",2024-12-19,2025-01-12,4,"quantile",0.25,352769.540085878
"1621","DE","15-34",2024-12-19,2025-01-12,4,"quantile",0.5,415719.526562872
"1622","DE","15-34",2024-12-19,2025-01-12,4,"quantile",0.75,456077.715451351
"1623","DE","15-34",2024-12-19,2025-01-12,4,"quantile",0.9,472399.294159236
"1624","DE","15-34",2024-12-19,2025-01-12,4,"quantile",0.975,534303.898131829
"1625","DE","35-59",2024-12-19,2024-12-22,1,"quantile",0.025,122462.223372704
"1626","DE","35-59",2024-12-19,2024-12-22,1,"quantile",0.1,367169.191043464
"1627","DE","35-59",2024-12-19,2024-12-22,1,"quantile",0.25,445835.043280161
"1628","DE","35-59",2024-12-19,2024-12-22,1,"quantile",0.5,502192.439941249
"1629","DE","35-59",2024-12-19,2024-12-22,1,"quantile",0.75,527808.594819708
"1630","DE","35-59",2024-12-19,2024-12-22,1,"quantile",0.9,569577.64055294
"1631","DE","35-59",2024-12-19,2024-12-22,1,"quantile",0.975,597159.104100208
"1632","DE","35-59",2024-12-19,2024-12-29,2,"quantile",0.025,118333.560668178
"1633","DE","35-59",2024-12-19,2024-12-29,2,"quantile",0.1,225217.28885107
"1634","DE","35-59",2024-12-19,2024-12-29,2,"quantile",0.25,320280.114004177
"1635","DE","35-59",2024-12-19,2024-12-29,2,"quantile",0.5,443950.759785399
"1636","DE","35-59",2024-12-19,2024-12-29,2,"quantile",0.75,495202.825028001
"1637","DE","35-59",2024-12-19,2024-12-29,2,"quantile",0.9,630004.300483217
"1638","DE","35-59",2024-12-19,2024-12-29,2,"quantile",0.975,668963.300745017
"1639","DE","35-59",2024-12-19,2025-01-05,3,"quantile",0.025,115005.759941793
"1640","DE","35-59",2024-12-19,2025-01-05,3,"quantile",0.1,213083.945401895
"1641","DE","35-59",2024-12-19,2025-01-05,3,"quantile",0.25,384378.670281654
"1642","DE","35-59",2024-12-19,2025-01-05,3,"quantile",0.5,578132.351830194
"1643","DE","35-59",2024-12-19,2025-01-05,3,"quantile",0.75,646144.960312592
"1644","DE","35-59",2024-12-19,2025-01-05,3,"quantile",0.9,669282.1584832
"1645","DE","35-59",2024-12-19,2025-01-05,3,"quantile",0.975,733743.649709301
"1646","DE","35-59",2024-12-19,2025-01-12,4,"quantile",0.025,112802.479945031
"1647","DE","35-59",2024-12-19,2025-01-12,4,"quantile",0.1,241196.139850844
"1648","DE","35-59",2024-12-19,2025-01-12,4,"quantile",0.25,457920.262091705
"1649","DE","35-59",2024-12-19,2025-01-12,4,"quantile",0.5,587937.877053829
"1650","DE","35-59",2024-12-19,2025-01-12,4,"quantile",0.75,643534.51679899
"1651","DE","35-59",2024-12-19,2025-01-12,4,"quantile",0.9,664402.139482398
"1652","DE","35-59",2024-12-19,2025-01-12,4,"quantile",0.975,788929.18516246
"1653","DE","60+",2024-12-19,2024-12-22,1,"quantile",0.025,53596.7114133479
"1654","DE","60+",2024-12-19,2024-12-22,1,"quantile",0.1,118033.38613718
"1655","DE","60+",2024-12-19,2024-12-22,1,"quantile",0.25,146768.134856036
"1656","DE","60+",2024-12-19,2024-12-22,1,"quantile",0.5,161059.024596856
"1657","DE","60+",2024-12-19,2024-12-22,1,"quantile",0.75,171006.042180553
"1658","DE","60+",2024-12-19,2024-12-22,1,"quantile",0.9,185531.856150362
"1659","DE","60+",2024-12-19,2024-12-22,1,"quantile",0.975,209727.842242451
"1660","DE","60+",2024-12-19,2024-12-29,2,"quantile",0.025,52652.624223728
"1661","DE","60+",2024-12-19,2024-12-29,2,"quantile",0.1,78111.8013316358
"1662","DE","60+",2024-12-19,2024-12-29,2,"quantile",0.25,100827.419557943
"1663","DE","60+",2024-12-19,2024-12-29,2,"quantile",0.5,128673.146197235
"1664","DE","60+",2024-12-19,2024-12-29,2,"quantile",0.75,153302.833348096
"1665","DE","60+",2024-12-19,2024-12-29,2,"quantile",0.9,193433.370248303
"1666","DE","60+",2024-12-19,2024-12-29,2,"quantile",0.975,228814.9438787
"1667","DE","60+",2024-12-19,2025-01-05,3,"quantile",0.025,52133.6610134687
"1668","DE","60+",2024-12-19,2025-01-05,3,"quantile",0.1,82293.4722676838
"1669","DE","60+",2024-12-19,2025-01-05,3,"quantile",0.25,134780.130428405
"1670","DE","60+",2024-12-19,2025-01-05,3,"quantile",0.5,186379.55768397
"1671","DE","60+",2024-12-19,2025-01-05,3,"quantile",0.75,207567.954672723
"1672","DE","60+",2024-12-19,2025-01-05,3,"quantile",0.9,222226.242039541
"1673","DE","60+",2024-12-19,2025-01-05,3,"quantile",0.975,229203.813948191
"1674","DE","60+",2024-12-19,2025-01-12,4,"quantile",0.025,48208.44240601
"1675","DE","60+",2024-12-19,2025-01-12,4,"quantile",0.1,105198.481853611
"1676","DE","60+",2024-12-19,2025-01-12,4,"quantile",0.25,158061.458646841
"1677","DE","60+",2024-12-19,2025-01-12,4,"quantile",0.5,205958.600463277
"1678","DE","60+",2024-12-19,2025-01-12,4,"quantile",0.75,221753.152319518
"1679","DE","60+",2024-12-19,2025-01-12,4,"quantile",0.9,231199.193800754
"1680","DE","60+",2024-12-19,2025-01-12,4,"quantile",0.975,240101.142096588
"1681","DE","00+",2025-01-09,2025-01-12,1,"quantile",0.025,442460.805134772
"1682","DE","00+",2025-01-09,2025-01-12,1,"quantile",0.1,831217.117440568
"1683","DE","00+",2025-01-09,2025-01-12,1,"quantile",0.25,1058203.23586278
"1684","DE","00+",2025-01-09,2025-01-12,1,"quantile",0.5,1144933.52245455
"1685","DE","00+",2025-01-09,2025-01-12,1,"quantile",0.75,1189138.8357565
"1686","DE","00+",2025-01-09,2025-01-12,1,"quantile",0.9,1226987.71900164
"1687","DE","00+",2025-01-09,2025-01-12,1,"quantile",0.975,1362879.25247597
"1688","DE","00+",2025-01-09,2025-01-19,2,"quantile",0.025,403460.785796538
"1689","DE","00+",2025-01-09,2025-01-19,2,"quantile",0.1,941507.636285828
"1690","DE","00+",2025-01-09,2025-01-19,2,"quantile",0.25,1133837.81040753
"1691","DE","00+",2025-01-09,2025-01-19,2,"quantile",0.5,1192699.13122799
"1692","DE","00+",2025-01-09,2025-01-19,2,"quantile",0.75,1238389.75772759
"1693","DE","00+",2025-01-09,2025-01-19,2,"quantile",0.9,1276207.02130941
"1694","DE","00+",2025-01-09,2025-01-19,2,"quantile",0.975,1437505.37822217
"1695","DE","00+",2025-01-09,2025-01-26,3,"quantile",0.025,387862.743947473
"1696","DE","00+",2025-01-09,2025-01-26,3,"quantile",0.1,1125984.47757706
"1697","DE","00+",2025-01-09,2025-01-26,3,"quantile",0.25,1328836.47130539
"1698","DE","00+",2025-01-09,2025-01-26,3,"quantile",0.5,1417833.57796323
"1699","DE","00+",2025-01-09,2025-01-26,3,"quantile",0.75,1478289.10558377
"1700","DE","00+",2025-01-09,2025-01-26,3,"quantile",0.9,1518098.66467729
"1701","DE","00+",2025-01-09,2025-01-26,3,"quantile",0.975,1567595.16257259
"1702","DE","00+",2025-01-09,2025-02-02,4,"quantile",0.025,363408.560776679
"1703","DE","00+",2025-01-09,2025-02-02,4,"quantile",0.1,1111556.84067555
"1704","DE","00+",2025-01-09,2025-02-02,4,"quantile",0.25,1407773.33041596
"1705","DE","00+",2025-01-09,2025-02-02,4,"quantile",0.5,1467780.65094946
"1706","DE","00+",2025-01-09,2025-02-02,4,"quantile",0.75,1520302.84208205
"1707","DE","00+",2025-01-09,2025-02-02,4,"quantile",0.9,1576393.47602818
"1708","DE","00+",2025-01-09,2025-02-02,4,"quantile",0.975,1761314.60585911
"1709","DE","00-04",2025-01-09,2025-01-12,1,"quantile",0.025,86853.1127149033
"1710","DE","00-04",2025-01-09,2025-01-12,1,"quantile",0.1,125567.73509242
"1711","DE","00-04",2025-01-09,2025-01-12,1,"quantile",0.25,141047.949809845
"1712","DE","00-04",2025-01-09,2025-01-12,1,"quantile",0.5,147891.198216909
"1713","DE","00-04",2025-01-09,2025-01-12,1,"quantile",0.75,157706.233017453
"1714","DE","00-04",2025-01-09,2025-01-12,1,"quantile",0.9,165699.545498269
"1715","DE","00-04",2025-01-09,2025-01-12,1,"quantile",0.975,200073.916938355
"1716","DE","00-04",2025-01-09,2025-01-19,2,"quantile",0.025,76541.0568360531
"1717","DE","00-04",2025-01-09,2025-01-19,2,"quantile",0.1,138355.785256578
"1718","DE","00-04",2025-01-09,2025-01-19,2,"quantile",0.25,169993.165570978
"1719","DE","00-04",2025-01-09,2025-01-19,2,"quantile",0.5,185365.745966259
"1720","DE","00-04",2025-01-09,2025-01-19,2,"quantile",0.75,200655.235533432
"1721","DE","00-04",2025-01-09,2025-01-19,2,"quantile",0.9,214970.571132032
"1722","DE","00-04",2025-01-09,2025-01-19,2,"quantile",0.975,223538.456575756
"1723","DE","00-04",2025-01-09,2025-01-26,3,"quantile",0.025,61499.9462890542
"1724","DE","00-04",2025-01-09,2025-01-26,3,"quantile",0.1,151486.791166906
"1725","DE","00-04",2025-01-09,2025-01-26,3,"quantile",0.25,200857.559602896
"1726","DE","00-04",2025-01-09,2025-01-26,3,"quantile",0.5,224895.162333248
"1727","DE","00-04",2025-01-09,2025-01-26,3,"quantile",0.75,244198.74647625
"1728","DE","00-04",2025-01-09,2025-01-26,3,"quantile",0.9,258066.045910876
"1729","DE","00-04",2025-01-09,2025-01-26,3,"quantile",0.975,267274.928704278
"1730","DE","00-04",2025-01-09,2025-02-02,4,"quantile",0.025,54943.5478949139
"1731","DE","00-04",2025-01-09,2025-02-02,4,"quantile",0.1,149309.481141134
"1732","DE","00-04",2025-01-09,2025-02-02,4,"quantile",0.25,206315.46803972
"1733","DE","00-04",2025-01-09,2025-02-02,4,"quantile",0.5,225295.444522547
"1734","DE","00-04",2025-01-09,2025-02-02,4,"quantile",0.75,252889.658108306
"1735","DE","00-04",2025-01-09,2025-02-02,4,"quantile",0.9,277697.467274246
"1736","DE","00-04",2025-01-09,2025-02-02,4,"quantile",0.975,282193.774057923
"1737","DE","05-14",2025-01-09,2025-01-12,1,"quantile",0.025,50980.0862224701
"1738","DE","05-14",2025-01-09,2025-01-12,1,"quantile",0.1,88267.3559977903
"1739","DE","05-14",2025-01-09,2025-01-12,1,"quantile",0.25,109504.671784025
"1740","DE","05-14",2025-01-09,2025-01-12,1,"quantile",0.5,116553.862860914
"1741","DE","05-14",2025-01-09,2025-01-12,1,"quantile",0.75,120728.10630577
"1742","DE","05-14",2025-01-09,2025-01-12,1,"quantile",0.9,127117.02784118
"1743","DE","05-14",2025-01-09,2025-01-12,1,"quantile",0.975,165710.069520399
"1744","DE","05-14",2025-01-09,2025-01-19,2,"quantile",0.025,44654.0337439125
"1745","DE","05-14",2025-01-09,2025-01-19,2,"quantile",0.1,111676.192444117
"1746","DE","05-14",2025-01-09,2025-01-19,2,"quantile",0.25,147964.739871551
"1747","DE","05-14",2025-01-09,2025-01-19,2,"quantile",0.5,158149.435671696
"1748","DE","05-14",2025-01-09,2025-01-19,2,"quantile",0.75,164420.230362481
"1749","DE","05-14",2025-01-09,2025-01-19,2,"quantile",0.9,169530.418013495
"1750","DE","05-14",2025-01-09,2025-01-19,2,"quantile",0.975,196272.794709348
"1751","DE","05-14",2025-01-09,2025-01-26,3,"quantile",0.025,40030.20314784
"1752","DE","05-14",2025-01-09,2025-01-26,3,"quantile",0.1,127924.067567028
"1753","DE","05-14",2025-01-09,2025-01-26,3,"quantile",0.25,189326.816447377
"1754","DE","05-14",2025-01-09,2025-01-26,3,"quantile",0.5,205034.22904401
"1755","DE","05-14",2025-01-09,2025-01-26,3,"quantile",0.75,213840.49748554
"1756","DE","05-14",2025-01-09,2025-01-26,3,"quantile",0.9,221648.80901787
"1757","DE","05-14",2025-01-09,2025-01-26,3,"quantile",0.975,231252.911913206
"1758","DE","05-14",2025-01-09,2025-02-02,4,"quantile",0.025,34470.6452982801
"1759","DE","05-14",2025-01-09,2025-02-02,4,"quantile",0.1,140824.510243047
"1760","DE","05-14",2025-01-09,2025-02-02,4,"quantile",0.25,209009.709503432
"1761","DE","05-14",2025-01-09,2025-02-02,4,"quantile",0.5,226068.947698745
"1762","DE","05-14",2025-01-09,2025-02-02,4,"quantile",0.75,236005.039889043
"1763","DE","05-14",2025-01-09,2025-02-02,4,"quantile",0.9,254536.523703743
"1764","DE","05-14",2025-01-09,2025-02-02,4,"quantile",0.975,269079.366297581
"1765","DE","15-34",2025-01-09,2025-01-12,1,"quantile",0.025,114086.364967487
"1766","DE","15-34",2025-01-09,2025-01-12,1,"quantile",0.1,225044.472293004
"1767","DE","15-34",2025-01-09,2025-01-12,1,"quantile",0.25,289633.547344095
"1768","DE","15-34",2025-01-09,2025-01-12,1,"quantile",0.5,314177.032311696
"1769","DE","15-34",2025-01-09,2025-01-12,1,"quantile",0.75,325968.685290767
"1770","DE","15-34",2025-01-09,2025-01-12,1,"quantile",0.9,336791.908568437
"1771","DE","15-34",2025-01-09,2025-01-12,1,"quantile",0.975,363562.473974234
"1772","DE","15-34",2025-01-09,2025-01-19,2,"quantile",0.025,104314.243664469
"1773","DE","15-34",2025-01-09,2025-01-19,2,"quantile",0.1,248391.218331515
"1774","DE","15-34",2025-01-09,2025-01-19,2,"quantile",0.25,295378.890299284
"1775","DE","15-34",2025-01-09,2025-01-19,2,"quantile",0.5,312397.344318445
"1776","DE","15-34",2025-01-09,2025-01-19,2,"quantile",0.75,330318.721788697
"1777","DE","15-34",2025-01-09,2025-01-19,2,"quantile",0.9,341331.493024981
"1778","DE","15-34",2025-01-09,2025-01-19,2,"quantile",0.975,391528.608941251
"1779","DE","15-34",2025-01-09,2025-01-26,3,"quantile",0.025,98587.6449225522
"1780","DE","15-34",2025-01-09,2025-01-26,3,"quantile",0.1,288642.153276846
"1781","DE","15-34",2025-01-09,2025-01-26,3,"quantile",0.25,338999.214497731
"1782","DE","15-34",2025-01-09,2025-01-26,3,"quantile",0.5,356077.002944217
"1783","DE","15-34",2025-01-09,2025-01-26,3,"quantile",0.75,369576.547605216
"1784","DE","15-34",2025-01-09,2025-01-26,3,"quantile",0.9,387907.200362577
"1785","DE","15-34",2025-01-09,2025-01-26,3,"quantile",0.975,442519.621759034
"1786","DE","15-34",2025-01-09,2025-02-02,4,"quantile",0.025,92366.3793299402
"1787","DE","15-34",2025-01-09,2025-02-02,4,"quantile",0.1,267589.48059461
"1788","DE","15-34",2025-01-09,2025-02-02,4,"quantile",0.25,358328.497612515
"1789","DE","15-34",2025-01-09,2025-02-02,4,"quantile",0.5,374577.533344623
"1790","DE","15-34",2025-01-09,2025-02-02,4,"quantile",0.75,390141.081544701
"1791","DE","15-34",2025-01-09,2025-02-02,4,"quantile",0.9,415105.543309031
"1792","DE","15-34",2025-01-09,2025-02-02,4,"quantile",0.975,480286.468691944
"1793","DE","35-59",2025-01-09,2025-01-12,1,"quantile",0.025,124622.970185186
"1794","DE","35-59",2025-01-09,2025-01-12,1,"quantile",0.1,315423.63969247
"1795","DE","35-59",2025-01-09,2025-01-12,1,"quantile",0.25,380132.145424146
"1796","DE","35-59",2025-01-09,2025-01-12,1,"quantile",0.5,402544.794910087
"1797","DE","35-59",2025-01-09,2025-01-12,1,"quantile",0.75,413240.719585394
"1798","DE","35-59",2025-01-09,2025-01-12,1,"quantile",0.9,424321.715020682
"1799","DE","35-59",2025-01-09,2025-01-12,1,"quantile",0.975,446075.375068006
"1800","DE","35-59",2025-01-09,2025-01-19,2,"quantile",0.025,111791.394818632
"1801","DE","35-59",2025-01-09,2025-01-19,2,"quantile",0.1,302156.811818886
"1802","DE","35-59",2025-01-09,2025-01-19,2,"quantile",0.25,366482.589626694
"1803","DE","35-59",2025-01-09,2025-01-19,2,"quantile",0.5,382852.674475626
"1804","DE","35-59",2025-01-09,2025-01-19,2,"quantile",0.75,397565.613039218
"1805","DE","35-59",2025-01-09,2025-01-19,2,"quantile",0.9,412668.282161022
"1806","DE","35-59",2025-01-09,2025-01-19,2,"quantile",0.975,467571.305770504
"1807","DE","35-59",2025-01-09,2025-01-26,3,"quantile",0.025,117904.673698965
"1808","DE","35-59",2025-01-09,2025-01-26,3,"quantile",0.1,375600.523464328
"1809","DE","35-59",2025-01-09,2025-01-26,3,"quantile",0.25,425884.060935549
"1810","DE","35-59",2025-01-09,2025-01-26,3,"quantile",0.5,445846.294808196
"1811","DE","35-59",2025-01-09,2025-01-26,3,"quantile",0.75,460924.455284677
"1812","DE","35-59",2025-01-09,2025-01-26,3,"quantile",0.9,485660.279372407
"1813","DE","35-59",2025-01-09,2025-01-26,3,"quantile",0.975,545086.730623184
"1814","DE","35-59",2025-01-09,2025-02-02,4,"quantile",0.025,109588.501823504
"1815","DE","35-59",2025-01-09,2025-02-02,4,"quantile",0.1,345858.479943252
"1816","DE","35-59",2025-01-09,2025-02-02,4,"quantile",0.25,480606.925737891
"1817","DE","35-59",2025-01-09,2025-02-02,4,"quantile",0.5,500008.937230974
"1818","DE","35-59",2025-01-09,2025-02-02,4,"quantile",0.75,510042.989567397
"1819","DE","35-59",2025-01-09,2025-02-02,4,"quantile",0.9,532485.477329641
"1820","DE","35-59",2025-01-09,2025-02-02,4,"quantile",0.975,609288.8627708
"1821","DE","60+",2025-01-09,2025-01-12,1,"quantile",0.025,53032.7156705403
"1822","DE","60+",2025-01-09,2025-01-12,1,"quantile",0.1,129130.052694983
"1823","DE","60+",2025-01-09,2025-01-12,1,"quantile",0.25,162571.990837541
"1824","DE","60+",2025-01-09,2025-01-12,1,"quantile",0.5,176372.508956284
"1825","DE","60+",2025-01-09,2025-01-12,1,"quantile",0.75,184655.919299158
"1826","DE","60+",2025-01-09,2025-01-12,1,"quantile",0.9,193917.82230515
"1827","DE","60+",2025-01-09,2025-01-12,1,"quantile",0.975,212533.649793165
"1828","DE","60+",2025-01-09,2025-01-19,2,"quantile",0.025,48697.870261394
"1829","DE","60+",2025-01-09,2025-01-19,2,"quantile",0.1,108408.59183531
"1830","DE","60+",2025-01-09,2025-01-19,2,"quantile",0.25,133409.54599541
"1831","DE","60+",2025-01-09,2025-01-19,2,"quantile",0.5,141781.677238003
"1832","DE","60+",2025-01-09,2025-01-19,2,"quantile",0.75,146000.277540642
"1833","DE","60+",2025-01-09,2025-01-19,2,"quantile",0.9,151484.940824037
"1834","DE","60+",2025-01-09,2025-01-19,2,"quantile",0.975,177947.549371704
"1835","DE","60+",2025-01-09,2025-01-26,3,"quantile",0.025,52606.5323293026
"1836","DE","60+",2025-01-09,2025-01-26,3,"quantile",0.1,120157.734302966
"1837","DE","60+",2025-01-09,2025-01-26,3,"quantile",0.25,135246.134408899
"1838","DE","60+",2025-01-09,2025-01-26,3,"quantile",0.5,142161.163643156
"1839","DE","60+",2025-01-09,2025-01-26,3,"quantile",0.75,147438.860646126
"1840","DE","60+",2025-01-09,2025-01-26,3,"quantile",0.9,155812.374719778
"1841","DE","60+",2025-01-09,2025-01-26,3,"quantile",0.975,188754.032040657
"1842","DE","60+",2025-01-09,2025-02-02,4,"quantile",0.025,47524.5152750282
"1843","DE","60+",2025-01-09,2025-02-02,4,"quantile",0.1,111325.093082844
"1844","DE","60+",2025-01-09,2025-02-02,4,"quantile",0.25,140700.838709022
"1845","DE","60+",2025-01-09,2025-02-02,4,"quantile",0.5,148592.131793182
"1846","DE","60+",2025-01-09,2025-02-02,4,"quantile",0.75,157404.30815721
"1847","DE","60+",2025-01-09,2025-02-02,4,"quantile",0.9,166172.758587624
"1848","DE","60+",2025-01-09,2025-02-02,4,"quantile",0.975,216188.392762192
"1849","DE","00+",2025-01-16,2025-01-19,1,"quantile",0.025,446082.431220612
"1850","DE","00+",2025-01-16,2025-01-19,1,"quantile",0.1,1377968.68566976
"1851","DE","00+",2025-01-16,2025-01-19,1,"quantile",0.25,1482685.17575363
"1852","DE","00+",2025-01-16,2025-01-19,1,"quantile",0.5,1539544.16089848
"1853","DE","00+",2025-01-16,2025-01-19,1,"quantile",0.75,1576715.34162369
"1854","DE","00+",2025-01-16,2025-01-19,1,"quantile",0.9,1630742.41413469
"1855","DE","00+",2025-01-16,2025-01-19,1,"quantile",0.975,1753049.90409861
"1856","DE","00+",2025-01-16,2025-01-26,2,"quantile",0.025,418702.196646668
"1857","DE","00+",2025-01-16,2025-01-26,2,"quantile",0.1,1346653.65686003
"1858","DE","00+",2025-01-16,2025-01-26,2,"quantile",0.25,1448599.66614994
"1859","DE","00+",2025-01-16,2025-01-26,2,"quantile",0.5,1486571.65366295
"1860","DE","00+",2025-01-16,2025-01-26,2,"quantile",0.75,1551334.3006654
"1861","DE","00+",2025-01-16,2025-01-26,2,"quantile",0.9,1648037.45962218
"1862","DE","00+",2025-01-16,2025-01-26,2,"quantile",0.975,1822153.2260854
"1863","DE","00+",2025-01-16,2025-02-02,3,"quantile",0.025,389556.053979393
"1864","DE","00+",2025-01-16,2025-02-02,3,"quantile",0.1,1317281.05908005
"1865","DE","00+",2025-01-16,2025-02-02,3,"quantile",0.25,1601568.31310523
"1866","DE","00+",2025-01-16,2025-02-02,3,"quantile",0.5,1625403.78071415
"1867","DE","00+",2025-01-16,2025-02-02,3,"quantile",0.75,1692712.20153859
"1868","DE","00+",2025-01-16,2025-02-02,3,"quantile",0.9,1763506.85392668
"1869","DE","00+",2025-01-16,2025-02-02,3,"quantile",0.975,1797163.03267505
"1870","DE","00+",2025-01-16,2025-02-09,4,"quantile",0.025,353734.818467954
"1871","DE","00+",2025-01-16,2025-02-09,4,"quantile",0.1,1343205.56607895
"1872","DE","00+",2025-01-16,2025-02-09,4,"quantile",0.25,1646463.68416649
"1873","DE","00+",2025-01-16,2025-02-09,4,"quantile",0.5,1683449.82965131
"1874","DE","00+",2025-01-16,2025-02-09,4,"quantile",0.75,1714426.66345759
"1875","DE","00+",2025-01-16,2025-02-09,4,"quantile",0.9,1770884.33479714
"1876","DE","00+",2025-01-16,2025-02-09,4,"quantile",0.975,1824514.28642671
"1877","DE","00-04",2025-01-16,2025-01-19,1,"quantile",0.025,87524.4275227473
"1878","DE","00-04",2025-01-16,2025-01-19,1,"quantile",0.1,158121.044134483
"1879","DE","00-04",2025-01-16,2025-01-19,1,"quantile",0.25,183595.153230489
"1880","DE","00-04",2025-01-16,2025-01-19,1,"quantile",0.5,194455.971493778
"1881","DE","00-04",2025-01-16,2025-01-19,1,"quantile",0.75,202155.281401271
"1882","DE","00-04",2025-01-16,2025-01-19,1,"quantile",0.9,209213.956458302
"1883","DE","00-04",2025-01-16,2025-01-19,1,"quantile",0.975,220155.617124826
"1884","DE","00-04",2025-01-16,2025-01-26,2,"quantile",0.025,76210.9365073214
"1885","DE","00-04",2025-01-16,2025-01-26,2,"quantile",0.1,170773.136795802
"1886","DE","00-04",2025-01-16,2025-01-26,2,"quantile",0.25,204838.377823414
"1887","DE","00-04",2025-01-16,2025-01-26,2,"quantile",0.5,231002.543350606
"1888","DE","00-04",2025-01-16,2025-01-26,2,"quantile",0.75,243882.357008197
"1889","DE","00-04",2025-01-16,2025-01-26,2,"quantile",0.9,252618.592574943
"1890","DE","00-04",2025-01-16,2025-01-26,2,"quantile",0.975,257545.356019
"1891","DE","00-04",2025-01-16,2025-02-02,3,"quantile",0.025,61419.4522441834
"1892","DE","00-04",2025-01-16,2025-02-02,3,"quantile",0.1,174590.256512572
"1893","DE","00-04",2025-01-16,2025-02-02,3,"quantile",0.25,225075.892049145
"1894","DE","00-04",2025-01-16,2025-02-02,3,"quantile",0.5,241690.106251435
"1895","DE","00-04",2025-01-16,2025-02-02,3,"quantile",0.75,263962.107650466
"1896","DE","00-04",2025-01-16,2025-02-02,3,"quantile",0.9,276906.048888073
"1897","DE","00-04",2025-01-16,2025-02-02,3,"quantile",0.975,280673.850706354
"1898","DE","00-04",2025-01-16,2025-02-09,4,"quantile",0.025,54859.3871287181
"1899","DE","00-04",2025-01-16,2025-02-09,4,"quantile",0.1,173077.35510466
"1900","DE","00-04",2025-01-16,2025-02-09,4,"quantile",0.25,234337.368656216
"1901","DE","00-04",2025-01-16,2025-02-09,4,"quantile",0.5,246363.874250076
"1902","DE","00-04",2025-01-16,2025-02-09,4,"quantile",0.75,254985.292927713
"1903","DE","00-04",2025-01-16,2025-02-09,4,"quantile",0.9,276706.380045001
"1904","DE","00-04",2025-01-16,2025-02-09,4,"quantile",0.975,287095.49612772
"1905","DE","05-14",2025-01-16,2025-01-19,1,"quantile",0.025,51069.8570201162
"1906","DE","05-14",2025-01-16,2025-01-19,1,"quantile",0.1,139593.347736486
"1907","DE","05-14",2025-01-16,2025-01-19,1,"quantile",0.25,163058.899665174
"1908","DE","05-14",2025-01-16,2025-01-19,1,"quantile",0.5,182809.221067546
"1909","DE","05-14",2025-01-16,2025-01-19,1,"quantile",0.75,190727.34322519
"1910","DE","05-14",2025-01-16,2025-01-19,1,"quantile",0.9,193660.707696565
"1911","DE","05-14",2025-01-16,2025-01-19,1,"quantile",0.975,202306.138546014
"1912","DE","05-14",2025-01-16,2025-01-26,2,"quantile",0.025,44138.3351974007
"1913","DE","05-14",2025-01-16,2025-01-26,2,"quantile",0.1,153084.301468612
"1914","DE","05-14",2025-01-16,2025-01-26,2,"quantile",0.25,196856.867908225
"1915","DE","05-14",2025-01-16,2025-01-26,2,"quantile",0.5,209647.005752283
"1916","DE","05-14",2025-01-16,2025-01-26,2,"quantile",0.75,214056.075544638
"1917","DE","05-14",2025-01-16,2025-01-26,2,"quantile",0.9,223029.594745403
"1918","DE","05-14",2025-01-16,2025-01-26,2,"quantile",0.975,232747.185377217
"1919","DE","05-14",2025-01-16,2025-02-02,3,"quantile",0.025,39083.9159181597
"1920","DE","05-14",2025-01-16,2025-02-02,3,"quantile",0.1,148696.609767356
"1921","DE","05-14",2025-01-16,2025-02-02,3,"quantile",0.25,219203.40531273
"1922","DE","05-14",2025-01-16,2025-02-02,3,"quantile",0.5,235026.033669074
"1923","DE","05-14",2025-01-16,2025-02-02,3,"quantile",0.75,240923.466808088
"1924","DE","05-14",2025-01-16,2025-02-02,3,"quantile",0.9,247655.517616624
"1925","DE","05-14",2025-01-16,2025-02-02,3,"quantile",0.975,263804.389930172
"1926","DE","05-14",2025-01-16,2025-02-09,4,"quantile",0.025,34052.0007047775
"1927","DE","05-14",2025-01-16,2025-02-09,4,"quantile",0.1,152064.369131749
"1928","DE","05-14",2025-01-16,2025-02-09,4,"quantile",0.25,215957.420954843
"1929","DE","05-14",2025-01-16,2025-02-09,4,"quantile",0.5,224017.761246338
"1930","DE","05-14",2025-01-16,2025-02-09,4,"quantile",0.75,238741.254074805
"1931","DE","05-14",2025-01-16,2025-02-09,4,"quantile",0.9,247436.261719251
"1932","DE","05-14",2025-01-16,2025-02-09,4,"quantile",0.975,257396.779221981
"1933","DE","15-34",2025-01-16,2025-01-19,1,"quantile",0.025,116618.120666801
"1934","DE","15-34",2025-01-16,2025-01-19,1,"quantile",0.1,374463.547697737
"1935","DE","15-34",2025-01-16,2025-01-19,1,"quantile",0.25,410755.230534457
"1936","DE","15-34",2025-01-16,2025-01-19,1,"quantile",0.5,426104.900803746
"1937","DE","15-34",2025-01-16,2025-01-19,1,"quantile",0.75,435929.869932638
"1938","DE","15-34",2025-01-16,2025-01-19,1,"quantile",0.9,446979.541895128
"1939","DE","15-34",2025-01-16,2025-01-19,1,"quantile",0.975,492974.101966275
"1940","DE","15-34",2025-01-16,2025-01-26,2,"quantile",0.025,105202.335322008
"1941","DE","15-34",2025-01-16,2025-01-26,2,"quantile",0.1,357579.814931873
"1942","DE","15-34",2025-01-16,2025-01-26,2,"quantile",0.25,386327.831715711
"1943","DE","15-34",2025-01-16,2025-01-26,2,"quantile",0.5,397932.583589217
"1944","DE","15-34",2025-01-16,2025-01-26,2,"quantile",0.75,411455.301650625
"1945","DE","15-34",2025-01-16,2025-01-26,2,"quantile",0.9,446838.004329552
"1946","DE","15-34",2025-01-16,2025-01-26,2,"quantile",0.975,514553.625736626
"1947","DE","15-34",2025-01-16,2025-02-02,3,"quantile",0.025,98709.032607386
"1948","DE","15-34",2025-01-16,2025-02-02,3,"quantile",0.1,346603.288098812
"1949","DE","15-34",2025-01-16,2025-02-02,3,"quantile",0.25,407134.456149159
"1950","DE","15-34",2025-01-16,2025-02-02,3,"quantile",0.5,420809.371172199
"1951","DE","15-34",2025-01-16,2025-02-02,3,"quantile",0.75,433829.091208007
"1952","DE","15-34",2025-01-16,2025-02-02,3,"quantile",0.9,462807.570387124
"1953","DE","15-34",2025-01-16,2025-02-02,3,"quantile",0.975,510496.677005755
"1954","DE","15-34",2025-01-16,2025-02-09,4,"quantile",0.025,91948.3419183437
"1955","DE","15-34",2025-01-16,2025-02-09,4,"quantile",0.1,355563.252297892
"1956","DE","15-34",2025-01-16,2025-02-09,4,"quantile",0.25,428525.781084266
"1957","DE","15-34",2025-01-16,2025-02-09,4,"quantile",0.5,439548.773541583
"1958","DE","15-34",2025-01-16,2025-02-09,4,"quantile",0.75,448490.008527694
"1959","DE","15-34",2025-01-16,2025-02-09,4,"quantile",0.9,457228.49561327
"1960","DE","15-34",2025-01-16,2025-02-09,4,"quantile",0.975,498029.428922062
"1961","DE","35-59",2025-01-16,2025-01-19,1,"quantile",0.025,125578.696878596
"1962","DE","35-59",2025-01-16,2025-01-19,1,"quantile",0.1,495659.321052241
"1963","DE","35-59",2025-01-16,2025-01-19,1,"quantile",0.25,532263.205025445
"1964","DE","35-59",2025-01-16,2025-01-19,1,"quantile",0.5,549132.93150269
"1965","DE","35-59",2025-01-16,2025-01-19,1,"quantile",0.75,565692.221174722
"1966","DE","35-59",2025-01-16,2025-01-19,1,"quantile",0.9,594749.065795968
"1967","DE","35-59",2025-01-16,2025-01-19,1,"quantile",0.975,644307.074643785
"1968","DE","35-59",2025-01-16,2025-01-26,2,"quantile",0.025,121913.433663973
"1969","DE","35-59",2025-01-16,2025-01-26,2,"quantile",0.1,451510.874443388
"1970","DE","35-59",2025-01-16,2025-01-26,2,"quantile",0.25,498712.822856285
"1971","DE","35-59",2025-01-16,2025-01-26,2,"quantile",0.5,520680.981243244
"1972","DE","35-59",2025-01-16,2025-01-26,2,"quantile",0.75,557347.134071679
"1973","DE","35-59",2025-01-16,2025-01-26,2,"quantile",0.9,604679.30759218
"1974","DE","35-59",2025-01-16,2025-01-26,2,"quantile",0.975,713226.774184013
"1975","DE","35-59",2025-01-16,2025-02-02,3,"quantile",0.025,116993.251800301
"1976","DE","35-59",2025-01-16,2025-02-02,3,"quantile",0.1,478211.262070856
"1977","DE","35-59",2025-01-16,2025-02-02,3,"quantile",0.25,550576.128041098
"1978","DE","35-59",2025-01-16,2025-02-02,3,"quantile",0.5,572044.430669766
"1979","DE","35-59",2025-01-16,2025-02-02,3,"quantile",0.75,593073.676355862
"1980","DE","35-59",2025-01-16,2025-02-02,3,"quantile",0.9,642174.253263053
"1981","DE","35-59",2025-01-16,2025-02-02,3,"quantile",0.975,671161.062783355
"1982","DE","35-59",2025-01-16,2025-02-09,4,"quantile",0.025,107646.929556733
"1983","DE","35-59",2025-01-16,2025-02-09,4,"quantile",0.1,450241.821986965
"1984","DE","35-59",2025-01-16,2025-02-09,4,"quantile",0.25,557351.577838951
"1985","DE","35-59",2025-01-16,2025-02-09,4,"quantile",0.5,574697.41530647
"1986","DE","35-59",2025-01-16,2025-02-09,4,"quantile",0.75,611652.087966649
"1987","DE","35-59",2025-01-16,2025-02-09,4,"quantile",0.9,628790.494602693
"1988","DE","35-59",2025-01-16,2025-02-09,4,"quantile",0.975,707204.429847753
"1989","DE","60+",2025-01-16,2025-01-19,1,"quantile",0.025,53497.900140015
"1990","DE","60+",2025-01-16,2025-01-19,1,"quantile",0.1,159634.725716245
"1991","DE","60+",2025-01-16,2025-01-19,1,"quantile",0.25,190874.423750845
"1992","DE","60+",2025-01-16,2025-01-19,1,"quantile",0.5,199664.525349252
"1993","DE","60+",2025-01-16,2025-01-19,1,"quantile",0.75,205341.6651605
"1994","DE","60+",2025-01-16,2025-01-19,1,"quantile",0.9,210562.576698823
"1995","DE","60+",2025-01-16,2025-01-19,1,"quantile",0.975,218434.311693805
"1996","DE","60+",2025-01-16,2025-01-26,2,"quantile",0.025,53185.0770919673
"1997","DE","60+",2025-01-16,2025-01-26,2,"quantile",0.1,145030.088539087
"1998","DE","60+",2025-01-16,2025-01-26,2,"quantile",0.25,161855.974639858
"1999","DE","60+",2025-01-16,2025-01-26,2,"quantile",0.5,170521.88039046
"2000","DE","60+",2025-01-16,2025-01-26,2,"quantile",0.75,177384.207827669
"2001","DE","60+",2025-01-16,2025-01-26,2,"quantile",0.9,186256.281390011
"2002","DE","60+",2025-01-16,2025-01-26,2,"quantile",0.975,215409.33203181
"2003","DE","60+",2025-01-16,2025-02-02,3,"quantile",0.025,50643.8775244046
"2004","DE","60+",2025-01-16,2025-02-02,3,"quantile",0.1,149883.257547937
"2005","DE","60+",2025-01-16,2025-02-02,3,"quantile",0.25,173278.386683209
"2006","DE","60+",2025-01-16,2025-02-02,3,"quantile",0.5,183447.066065435
"2007","DE","60+",2025-01-16,2025-02-02,3,"quantile",0.75,192779.682279005
"2008","DE","60+",2025-01-16,2025-02-02,3,"quantile",0.9,205953.644080634
"2009","DE","60+",2025-01-16,2025-02-02,3,"quantile",0.975,222377.850598615
"2010","DE","60+",2025-01-16,2025-02-09,4,"quantile",0.025,46492.4802234795
"2011","DE","60+",2025-01-16,2025-02-09,4,"quantile",0.1,152671.639052412
"2012","DE","60+",2025-01-16,2025-02-09,4,"quantile",0.25,172780.37711332
"2013","DE","60+",2025-01-16,2025-02-09,4,"quantile",0.5,183225.177989774
"2014","DE","60+",2025-01-16,2025-02-09,4,"quantile",0.75,200180.026594353
"2015","DE","60+",2025-01-16,2025-02-09,4,"quantile",0.9,206229.817946768
"2016","DE","60+",2025-01-16,2025-02-09,4,"quantile",0.975,232839.531983289
"2017","DE","00+",2025-01-23,2025-01-26,1,"quantile",0.025,449529.284818223
"2018","DE","00+",2025-01-23,2025-01-26,1,"quantile",0.1,1364707.64835361
"2019","DE","00+",2025-01-23,2025-01-26,1,"quantile",0.25,1520646.15299575
"2020","DE","00+",2025-01-23,2025-01-26,1,"quantile",0.5,1575175.87726643
"2021","DE","00+",2025-01-23,2025-01-26,1,"quantile",0.75,1632211.9441171
"2022","DE","00+",2025-01-23,2025-01-26,1,"quantile",0.9,1708621.28149814
"2023","DE","00+",2025-01-23,2025-01-26,1,"quantile",0.975,1765115.55398657
"2024","DE","00+",2025-01-23,2025-02-02,2,"quantile",0.025,416651.091978573
"2025","DE","00+",2025-01-23,2025-02-02,2,"quantile",0.1,1317433.77458417
"2026","DE","00+",2025-01-23,2025-02-02,2,"quantile",0.25,1575062.31499692
"2027","DE","00+",2025-01-23,2025-02-02,2,"quantile",0.5,1623547.52501518
"2028","DE","00+",2025-01-23,2025-02-02,2,"quantile",0.75,1722820.48084321
"2029","DE","00+",2025-01-23,2025-02-02,2,"quantile",0.9,1841530.02733318
"2030","DE","00+",2025-01-23,2025-02-02,2,"quantile",0.975,1914221.25622876
"2031","DE","00+",2025-01-23,2025-02-09,3,"quantile",0.025,385419.155239629
"2032","DE","00+",2025-01-23,2025-02-09,3,"quantile",0.1,1361746.78260097
"2033","DE","00+",2025-01-23,2025-02-09,3,"quantile",0.25,1653525.93253333
"2034","DE","00+",2025-01-23,2025-02-09,3,"quantile",0.5,1702380.94834613
"2035","DE","00+",2025-01-23,2025-02-09,3,"quantile",0.75,1745474.00623476
"2036","DE","00+",2025-01-23,2025-02-09,3,"quantile",0.9,1900674.55755799
"2037","DE","00+",2025-01-23,2025-02-09,3,"quantile",0.975,1977861.34499584
"2038","DE","00+",2025-01-23,2025-02-16,4,"quantile",0.025,364487.369126452
"2039","DE","00+",2025-01-23,2025-02-16,4,"quantile",0.1,1301666.90902207
"2040","DE","00+",2025-01-23,2025-02-16,4,"quantile",0.25,1513696.8834294
"2041","DE","00+",2025-01-23,2025-02-16,4,"quantile",0.5,1589339.9910741
"2042","DE","00+",2025-01-23,2025-02-16,4,"quantile",0.75,1672305.3100762
"2043","DE","00+",2025-01-23,2025-02-16,4,"quantile",0.9,1783248.33384406
"2044","DE","00+",2025-01-23,2025-02-16,4,"quantile",0.975,2029488.17476536
"2045","DE","00-04",2025-01-23,2025-01-26,1,"quantile",0.025,86955.5130318987
"2046","DE","00-04",2025-01-23,2025-01-26,1,"quantile",0.1,179310.175440198
"2047","DE","00-04",2025-01-23,2025-01-26,1,"quantile",0.25,211661.63220835
"2048","DE","00-04",2025-01-23,2025-01-26,1,"quantile",0.5,223772.644121282
"2049","DE","00-04",2025-01-23,2025-01-26,1,"quantile",0.75,236268.699636703
"2050","DE","00-04",2025-01-23,2025-01-26,1,"quantile",0.9,246138.397587504
"2051","DE","00-04",2025-01-23,2025-01-26,1,"quantile",0.975,258314.332846963
"2052","DE","00-04",2025-01-23,2025-02-02,2,"quantile",0.025,77679.3599890748
"2053","DE","00-04",2025-01-23,2025-02-02,2,"quantile",0.1,182480.027659081
"2054","DE","00-04",2025-01-23,2025-02-02,2,"quantile",0.25,211023.120918093
"2055","DE","00-04",2025-01-23,2025-02-02,2,"quantile",0.5,234688.748292166
"2056","DE","00-04",2025-01-23,2025-02-02,2,"quantile",0.75,251700.046538509
"2057","DE","00-04",2025-01-23,2025-02-02,2,"quantile",0.9,264553.360233472
"2058","DE","00-04",2025-01-23,2025-02-02,2,"quantile",0.975,280932.796179945
"2059","DE","00-04",2025-01-23,2025-02-09,3,"quantile",0.025,63599.017422541
"2060","DE","00-04",2025-01-23,2025-02-09,3,"quantile",0.1,188477.175686128
"2061","DE","00-04",2025-01-23,2025-02-09,3,"quantile",0.25,232124.849977608
"2062","DE","00-04",2025-01-23,2025-02-09,3,"quantile",0.5,246785.755460211
"2063","DE","00-04",2025-01-23,2025-02-09,3,"quantile",0.75,260996.239758409
"2064","DE","00-04",2025-01-23,2025-02-09,3,"quantile",0.9,279229.542397143
"2065","DE","00-04",2025-01-23,2025-02-09,3,"quantile",0.975,305518.183246631
"2066","DE","00-04",2025-01-23,2025-02-16,4,"quantile",0.025,55645.8183291528
"2067","DE","00-04",2025-01-23,2025-02-16,4,"quantile",0.1,178104.243646524
"2068","DE","00-04",2025-01-23,2025-02-16,4,"quantile",0.25,223396.31474773
"2069","DE","00-04",2025-01-23,2025-02-16,4,"quantile",0.5,244020.901410502
"2070","DE","00-04",2025-01-23,2025-02-16,4,"quantile",0.75,255308.179619684
"2071","DE","00-04",2025-01-23,2025-02-16,4,"quantile",0.9,266339.680171947
"2072","DE","00-04",2025-01-23,2025-02-16,4,"quantile",0.975,286240.682846213
"2073","DE","05-14",2025-01-23,2025-01-26,1,"quantile",0.025,50905.9039778788
"2074","DE","05-14",2025-01-23,2025-01-26,1,"quantile",0.1,162779.838119536
"2075","DE","05-14",2025-01-23,2025-01-26,1,"quantile",0.25,198693.097255998
"2076","DE","05-14",2025-01-23,2025-01-26,1,"quantile",0.5,210074.531227731
"2077","DE","05-14",2025-01-23,2025-01-26,1,"quantile",0.75,214020.565133239
"2078","DE","05-14",2025-01-23,2025-01-26,1,"quantile",0.9,218749.882901824
"2079","DE","05-14",2025-01-23,2025-01-26,1,"quantile",0.975,222805.318658031
"2080","DE","05-14",2025-01-23,2025-02-02,2,"quantile",0.025,43484.811247483
"2081","DE","05-14",2025-01-23,2025-02-02,2,"quantile",0.1,159311.530140267
"2082","DE","05-14",2025-01-23,2025-02-02,2,"quantile",0.25,203037.938554711
"2083","DE","05-14",2025-01-23,2025-02-02,2,"quantile",0.5,224937.223896715
"2084","DE","05-14",2025-01-23,2025-02-02,2,"quantile",0.75,238980.432585025
"2085","DE","05-14",2025-01-23,2025-02-02,2,"quantile",0.9,249727.972613727
"2086","DE","05-14",2025-01-23,2025-02-02,2,"quantile",0.975,260521.112640531
"2087","DE","05-14",2025-01-23,2025-02-09,3,"quantile",0.025,40430.2694648653
"2088","DE","05-14",2025-01-23,2025-02-09,3,"quantile",0.1,148457.812728287
"2089","DE","05-14",2025-01-23,2025-02-09,3,"quantile",0.25,208386.487994043
"2090","DE","05-14",2025-01-23,2025-02-09,3,"quantile",0.5,225076.931225528
"2091","DE","05-14",2025-01-23,2025-02-09,3,"quantile",0.75,236818.130497508
"2092","DE","05-14",2025-01-23,2025-02-09,3,"quantile",0.9,250935.324023288
"2093","DE","05-14",2025-01-23,2025-02-09,3,"quantile",0.975,263825.955388483
"2094","DE","05-14",2025-01-23,2025-02-16,4,"quantile",0.025,33938.5183979148
"2095","DE","05-14",2025-01-23,2025-02-16,4,"quantile",0.1,152669.903638607
"2096","DE","05-14",2025-01-23,2025-02-16,4,"quantile",0.25,187281.795162426
"2097","DE","05-14",2025-01-23,2025-02-16,4,"quantile",0.5,200398.558850255
"2098","DE","05-14",2025-01-23,2025-02-16,4,"quantile",0.75,208152.673999216
"2099","DE","05-14",2025-01-23,2025-02-16,4,"quantile",0.9,214970.954908168
"2100","DE","05-14",2025-01-23,2025-02-16,4,"quantile",0.975,248849.060147056
"2101","DE","15-34",2025-01-23,2025-01-26,1,"quantile",0.025,116398.755206222
"2102","DE","15-34",2025-01-23,2025-01-26,1,"quantile",0.1,375056.020010043
"2103","DE","15-34",2025-01-23,2025-01-26,1,"quantile",0.25,411351.74169771
"2104","DE","15-34",2025-01-23,2025-01-26,1,"quantile",0.5,429633.757193308
"2105","DE","15-34",2025-01-23,2025-01-26,1,"quantile",0.75,442947.613928019
"2106","DE","15-34",2025-01-23,2025-01-26,1,"quantile",0.9,461515.728376144
"2107","DE","15-34",2025-01-23,2025-01-26,1,"quantile",0.975,500710.495314671
"2108","DE","15-34",2025-01-23,2025-02-02,2,"quantile",0.025,107922.071876939
"2109","DE","15-34",2025-01-23,2025-02-02,2,"quantile",0.1,345366.389101072
"2110","DE","15-34",2025-01-23,2025-02-02,2,"quantile",0.25,421238.073360928
"2111","DE","15-34",2025-01-23,2025-02-02,2,"quantile",0.5,431508.278125587
"2112","DE","15-34",2025-01-23,2025-02-02,2,"quantile",0.75,449563.552479367
"2113","DE","15-34",2025-01-23,2025-02-02,2,"quantile",0.9,478671.188633079
"2114","DE","15-34",2025-01-23,2025-02-02,2,"quantile",0.975,531293.310627532
"2115","DE","15-34",2025-01-23,2025-02-09,3,"quantile",0.025,97926.7696397868
"2116","DE","15-34",2025-01-23,2025-02-09,3,"quantile",0.1,352164.59391494
"2117","DE","15-34",2025-01-23,2025-02-09,3,"quantile",0.25,421287.200527602
"2118","DE","15-34",2025-01-23,2025-02-09,3,"quantile",0.5,440206.471996011
"2119","DE","15-34",2025-01-23,2025-02-09,3,"quantile",0.75,452070.243066929
"2120","DE","15-34",2025-01-23,2025-02-09,3,"quantile",0.9,474937.220190931
"2121","DE","15-34",2025-01-23,2025-02-09,3,"quantile",0.975,521129.826810538
"2122","DE","15-34",2025-01-23,2025-02-16,4,"quantile",0.025,92803.9819382477
"2123","DE","15-34",2025-01-23,2025-02-16,4,"quantile",0.1,339769.166115
"2124","DE","15-34",2025-01-23,2025-02-16,4,"quantile",0.25,384731.085862574
"2125","DE","15-34",2025-01-23,2025-02-16,4,"quantile",0.5,401148.111967105
"2126","DE","15-34",2025-01-23,2025-02-16,4,"quantile",0.75,423053.778036097
"2127","DE","15-34",2025-01-23,2025-02-16,4,"quantile",0.9,450050.994107342
"2128","DE","15-34",2025-01-23,2025-02-16,4,"quantile",0.975,517939.646633535
"2129","DE","35-59",2025-01-23,2025-01-26,1,"quantile",0.025,124628.475734653
"2130","DE","35-59",2025-01-23,2025-01-26,1,"quantile",0.1,461341.898353125
"2131","DE","35-59",2025-01-23,2025-01-26,1,"quantile",0.25,516904.562661173
"2132","DE","35-59",2025-01-23,2025-01-26,1,"quantile",0.5,540613.888268238
"2133","DE","35-59",2025-01-23,2025-01-26,1,"quantile",0.75,571042.540739952
"2134","DE","35-59",2025-01-23,2025-01-26,1,"quantile",0.9,602599.088400577
"2135","DE","35-59",2025-01-23,2025-01-26,1,"quantile",0.975,624465.095182315
"2136","DE","35-59",2025-01-23,2025-02-02,2,"quantile",0.025,121985.67320681
"2137","DE","35-59",2025-01-23,2025-02-02,2,"quantile",0.1,449668.087727084
"2138","DE","35-59",2025-01-23,2025-02-02,2,"quantile",0.25,548625.210090828
"2139","DE","35-59",2025-01-23,2025-02-02,2,"quantile",0.5,572933.534030339
"2140","DE","35-59",2025-01-23,2025-02-02,2,"quantile",0.75,600842.165118017
"2141","DE","35-59",2025-01-23,2025-02-02,2,"quantile",0.9,652298.015174928
"2142","DE","35-59",2025-01-23,2025-02-02,2,"quantile",0.975,716628.059910024
"2143","DE","35-59",2025-01-23,2025-02-09,3,"quantile",0.025,118669.783155704
"2144","DE","35-59",2025-01-23,2025-02-09,3,"quantile",0.1,470660.91144166
"2145","DE","35-59",2025-01-23,2025-02-09,3,"quantile",0.25,579932.618811913
"2146","DE","35-59",2025-01-23,2025-02-09,3,"quantile",0.5,599210.397144996
"2147","DE","35-59",2025-01-23,2025-02-09,3,"quantile",0.75,620874.418583802
"2148","DE","35-59",2025-01-23,2025-02-09,3,"quantile",0.9,679655.192751009
"2149","DE","35-59",2025-01-23,2025-02-09,3,"quantile",0.975,735043.010966529
"2150","DE","35-59",2025-01-23,2025-02-16,4,"quantile",0.025,112957.626298344
"2151","DE","35-59",2025-01-23,2025-02-16,4,"quantile",0.1,429176.514423154
"2152","DE","35-59",2025-01-23,2025-02-16,4,"quantile",0.25,509302.383902983
"2153","DE","35-59",2025-01-23,2025-02-16,4,"quantile",0.5,536932.068942129
"2154","DE","35-59",2025-01-23,2025-02-16,4,"quantile",0.75,578230.072478221
"2155","DE","35-59",2025-01-23,2025-02-16,4,"quantile",0.9,617001.849333156
"2156","DE","35-59",2025-01-23,2025-02-16,4,"quantile",0.975,762162.65913673
"2157","DE","60+",2025-01-23,2025-01-26,1,"quantile",0.025,54246.9546114656
"2158","DE","60+",2025-01-23,2025-01-26,1,"quantile",0.1,148740.744758762
"2159","DE","60+",2025-01-23,2025-01-26,1,"quantile",0.25,167645.912948469
"2160","DE","60+",2025-01-23,2025-01-26,1,"quantile",0.5,175797.150415231
"2161","DE","60+",2025-01-23,2025-01-26,1,"quantile",0.75,189652.578175557
"2162","DE","60+",2025-01-23,2025-01-26,1,"quantile",0.9,204362.971257836
"2163","DE","60+",2025-01-23,2025-01-26,1,"quantile",0.975,224316.354645519
"2164","DE","60+",2025-01-23,2025-02-02,2,"quantile",0.025,53338.2605572214
"2165","DE","60+",2025-01-23,2025-02-02,2,"quantile",0.1,140001.126921322
"2166","DE","60+",2025-01-23,2025-02-02,2,"quantile",0.25,173653.455962261
"2167","DE","60+",2025-01-23,2025-02-02,2,"quantile",0.5,184498.005769583
"2168","DE","60+",2025-01-23,2025-02-02,2,"quantile",0.75,193863.621119231
"2169","DE","60+",2025-01-23,2025-02-02,2,"quantile",0.9,210857.954113455
"2170","DE","60+",2025-01-23,2025-02-02,2,"quantile",0.975,247989.445450329
"2171","DE","60+",2025-01-23,2025-02-09,3,"quantile",0.025,52541.8780108084
"2172","DE","60+",2025-01-23,2025-02-09,3,"quantile",0.1,145065.970455082
"2173","DE","60+",2025-01-23,2025-02-09,3,"quantile",0.25,171845.962059663
"2174","DE","60+",2025-01-23,2025-02-09,3,"quantile",0.5,187211.325498256
"2175","DE","60+",2025-01-23,2025-02-09,3,"quantile",0.75,200339.151187493
"2176","DE","60+",2025-01-23,2025-02-09,3,"quantile",0.9,212801.216268754
"2177","DE","60+",2025-01-23,2025-02-09,3,"quantile",0.975,241031.786465008
"2178","DE","60+",2025-01-23,2025-02-16,4,"quantile",0.025,49128.6484108491
"2179","DE","60+",2025-01-23,2025-02-16,4,"quantile",0.1,138990.85386531
"2180","DE","60+",2025-01-23,2025-02-16,4,"quantile",0.25,165245.244833771
"2181","DE","60+",2025-01-23,2025-02-16,4,"quantile",0.5,182745.123369958
"2182","DE","60+",2025-01-23,2025-02-16,4,"quantile",0.75,202752.068566302
"2183","DE","60+",2025-01-23,2025-02-16,4,"quantile",0.9,212911.189576909
"2184","DE","60+",2025-01-23,2025-02-16,4,"quantile",0.975,262836.131438309
"2185","DE","00+",2025-01-30,2025-02-02,1,"quantile",0.025,442420.241176843
"2186","DE","00+",2025-01-30,2025-02-02,1,"quantile",0.1,1517537.0741385
"2187","DE","00+",2025-01-30,2025-02-02,1,"quantile",0.25,1778341.2208829
"2188","DE","00+",2025-01-30,2025-02-02,1,"quantile",0.5,2002446.15608928
"2189","DE","00+",2025-01-30,2025-02-02,1,"quantile",0.75,2071511.72747113
"2190","DE","00+",2025-01-30,2025-02-02,1,"quantile",0.9,2178714.13964975
"2191","DE","00+",2025-01-30,2025-02-02,1,"quantile",0.975,2487323.65371911
"2192","DE","00+",2025-01-30,2025-02-09,2,"quantile",0.025,423909.45914696
"2193","DE","00+",2025-01-30,2025-02-09,2,"quantile",0.1,1483098.47326759
"2194","DE","00+",2025-01-30,2025-02-09,2,"quantile",0.25,1745209.67815923
"2195","DE","00+",2025-01-30,2025-02-09,2,"quantile",0.5,1992920.21942565
"2196","DE","00+",2025-01-30,2025-02-09,2,"quantile",0.75,2073522.27007089
"2197","DE","00+",2025-01-30,2025-02-09,2,"quantile",0.9,2231831.95171348
"2198","DE","00+",2025-01-30,2025-02-09,2,"quantile",0.975,2435416.15779549
"2199","DE","00+",2025-01-30,2025-02-16,3,"quantile",0.025,390121.318037537
"2200","DE","00+",2025-01-30,2025-02-16,3,"quantile",0.1,1390331.05854683
"2201","DE","00+",2025-01-30,2025-02-16,3,"quantile",0.25,1623971.3518519
"2202","DE","00+",2025-01-30,2025-02-16,3,"quantile",0.5,1793325.94722114
"2203","DE","00+",2025-01-30,2025-02-16,3,"quantile",0.75,2008186.69663003
"2204","DE","00+",2025-01-30,2025-02-16,3,"quantile",0.9,2225041.89953405
"2205","DE","00+",2025-01-30,2025-02-16,3,"quantile",0.975,2407732.9686346
"2206","DE","00+",2025-01-30,2025-02-23,4,"quantile",0.025,345401.304184903
"2207","DE","00+",2025-01-30,2025-02-23,4,"quantile",0.1,1351026.26536228
"2208","DE","00+",2025-01-30,2025-02-23,4,"quantile",0.25,1495621.02380895
"2209","DE","00+",2025-01-30,2025-02-23,4,"quantile",0.5,1575192.88505312
"2210","DE","00+",2025-01-30,2025-02-23,4,"quantile",0.75,1863875.73228677
"2211","DE","00+",2025-01-30,2025-02-23,4,"quantile",0.9,1997729.54006297
"2212","DE","00+",2025-01-30,2025-02-23,4,"quantile",0.975,2254085.39495341
"2213","DE","00-04",2025-01-30,2025-02-02,1,"quantile",0.025,87130.6487921006
"2214","DE","00-04",2025-01-30,2025-02-02,1,"quantile",0.1,235246.3928482
"2215","DE","00-04",2025-01-30,2025-02-02,1,"quantile",0.25,275934.271002615
"2216","DE","00-04",2025-01-30,2025-02-02,1,"quantile",0.5,295220.788291394
"2217","DE","00-04",2025-01-30,2025-02-02,1,"quantile",0.75,308154.831054395
"2218","DE","00-04",2025-01-30,2025-02-02,1,"quantile",0.9,316559.910526478
"2219","DE","00-04",2025-01-30,2025-02-02,1,"quantile",0.975,359801.993137488
"2220","DE","00-04",2025-01-30,2025-02-09,2,"quantile",0.025,77938.3363777881
"2221","DE","00-04",2025-01-30,2025-02-09,2,"quantile",0.1,218190.95539545
"2222","DE","00-04",2025-01-30,2025-02-09,2,"quantile",0.25,260487.319770851
"2223","DE","00-04",2025-01-30,2025-02-09,2,"quantile",0.5,279670.933462973
"2224","DE","00-04",2025-01-30,2025-02-09,2,"quantile",0.75,295125.815565365
"2225","DE","00-04",2025-01-30,2025-02-09,2,"quantile",0.9,304370.014047619
"2226","DE","00-04",2025-01-30,2025-02-09,2,"quantile",0.975,324757.086551161
"2227","DE","00-04",2025-01-30,2025-02-16,3,"quantile",0.025,61019.4806684193
"2228","DE","00-04",2025-01-30,2025-02-16,3,"quantile",0.1,197392.047924889
"2229","DE","00-04",2025-01-30,2025-02-16,3,"quantile",0.25,236731.174537175
"2230","DE","00-04",2025-01-30,2025-02-16,3,"quantile",0.5,259248.119815436
"2231","DE","00-04",2025-01-30,2025-02-16,3,"quantile",0.75,271582.21180013
"2232","DE","00-04",2025-01-30,2025-02-16,3,"quantile",0.9,287999.826770525
"2233","DE","00-04",2025-01-30,2025-02-16,3,"quantile",0.975,304310.775588105
"2234","DE","00-04",2025-01-30,2025-02-23,4,"quantile",0.025,51594.1227651668
"2235","DE","00-04",2025-01-30,2025-02-23,4,"quantile",0.1,195510.861936139
"2236","DE","00-04",2025-01-30,2025-02-23,4,"quantile",0.25,211534.487274064
"2237","DE","00-04",2025-01-30,2025-02-23,4,"quantile",0.5,225444.975037897
"2238","DE","00-04",2025-01-30,2025-02-23,4,"quantile",0.75,232365.402017408
"2239","DE","00-04",2025-01-30,2025-02-23,4,"quantile",0.9,257216.459614989
"2240","DE","00-04",2025-01-30,2025-02-23,4,"quantile",0.975,302554.081822627
"2241","DE","05-14",2025-01-30,2025-02-02,1,"quantile",0.025,50923.7633805015
"2242","DE","05-14",2025-01-30,2025-02-02,1,"quantile",0.1,169356.138858918
"2243","DE","05-14",2025-01-30,2025-02-02,1,"quantile",0.25,239507.794362768
"2244","DE","05-14",2025-01-30,2025-02-02,1,"quantile",0.5,275599.597476383
"2245","DE","05-14",2025-01-30,2025-02-02,1,"quantile",0.75,309410.188311436
"2246","DE","05-14",2025-01-30,2025-02-02,1,"quantile",0.9,335663.550072168
"2247","DE","05-14",2025-01-30,2025-02-02,1,"quantile",0.975,391859.810456985
"2248","DE","05-14",2025-01-30,2025-02-09,2,"quantile",0.025,45016.2207898623
"2249","DE","05-14",2025-01-30,2025-02-09,2,"quantile",0.1,173902.333758164
"2250","DE","05-14",2025-01-30,2025-02-09,2,"quantile",0.25,215860.244327708
"2251","DE","05-14",2025-01-30,2025-02-09,2,"quantile",0.5,252309.98807977
"2252","DE","05-14",2025-01-30,2025-02-09,2,"quantile",0.75,286970.506541744
"2253","DE","05-14",2025-01-30,2025-02-09,2,"quantile",0.9,325344.22359409
"2254","DE","05-14",2025-01-30,2025-02-09,2,"quantile",0.975,359532.12015005
"2255","DE","05-14",2025-01-30,2025-02-16,3,"quantile",0.025,40628.307320286
"2256","DE","05-14",2025-01-30,2025-02-16,3,"quantile",0.1,152140.762330897
"2257","DE","05-14",2025-01-30,2025-02-16,3,"quantile",0.25,198032.902388951
"2258","DE","05-14",2025-01-30,2025-02-16,3,"quantile",0.5,215645.937976452
"2259","DE","05-14",2025-01-30,2025-02-16,3,"quantile",0.75,234963.838963539
"2260","DE","05-14",2025-01-30,2025-02-16,3,"quantile",0.9,264725.687038023
"2261","DE","05-14",2025-01-30,2025-02-16,3,"quantile",0.975,281562.927817186
"2262","DE","05-14",2025-01-30,2025-02-23,4,"quantile",0.025,32055.9790440847
"2263","DE","05-14",2025-01-30,2025-02-23,4,"quantile",0.1,149174.602096373
"2264","DE","05-14",2025-01-30,2025-02-23,4,"quantile",0.25,171237.835591443
"2265","DE","05-14",2025-01-30,2025-02-23,4,"quantile",0.5,180209.064870477
"2266","DE","05-14",2025-01-30,2025-02-23,4,"quantile",0.75,197377.317133749
"2267","DE","05-14",2025-01-30,2025-02-23,4,"quantile",0.9,214255.954669223
"2268","DE","05-14",2025-01-30,2025-02-23,4,"quantile",0.975,250893.925726124
"2269","DE","15-34",2025-01-30,2025-02-02,1,"quantile",0.025,115887.778336857
"2270","DE","15-34",2025-01-30,2025-02-02,1,"quantile",0.1,385819.213480833
"2271","DE","15-34",2025-01-30,2025-02-02,1,"quantile",0.25,460190.787457976
"2272","DE","15-34",2025-01-30,2025-02-02,1,"quantile",0.5,502613.438705692
"2273","DE","15-34",2025-01-30,2025-02-02,1,"quantile",0.75,526409.900622698
"2274","DE","15-34",2025-01-30,2025-02-02,1,"quantile",0.9,553365.238285346
"2275","DE","15-34",2025-01-30,2025-02-02,1,"quantile",0.975,618359.903373557
"2276","DE","15-34",2025-01-30,2025-02-09,2,"quantile",0.025,107002.871538899
"2277","DE","15-34",2025-01-30,2025-02-09,2,"quantile",0.1,374391.265786658
"2278","DE","15-34",2025-01-30,2025-02-09,2,"quantile",0.25,455319.52817068
"2279","DE","15-34",2025-01-30,2025-02-09,2,"quantile",0.5,509926.979315918
"2280","DE","15-34",2025-01-30,2025-02-09,2,"quantile",0.75,533562.317638083
"2281","DE","15-34",2025-01-30,2025-02-09,2,"quantile",0.9,565469.884467153
"2282","DE","15-34",2025-01-30,2025-02-09,2,"quantile",0.975,633855.215922667
"2283","DE","15-34",2025-01-30,2025-02-16,3,"quantile",0.025,98221.0178003731
"2284","DE","15-34",2025-01-30,2025-02-16,3,"quantile",0.1,363238.04772134
"2285","DE","15-34",2025-01-30,2025-02-16,3,"quantile",0.25,432481.36892831
"2286","DE","15-34",2025-01-30,2025-02-16,3,"quantile",0.5,472387.904766397
"2287","DE","15-34",2025-01-30,2025-02-16,3,"quantile",0.75,523290.558951134
"2288","DE","15-34",2025-01-30,2025-02-16,3,"quantile",0.9,554527.006351277
"2289","DE","15-34",2025-01-30,2025-02-16,3,"quantile",0.975,622912.913617683
"2290","DE","15-34",2025-01-30,2025-02-23,4,"quantile",0.025,88484.6984483542
"2291","DE","15-34",2025-01-30,2025-02-23,4,"quantile",0.1,358170.435795955
"2292","DE","15-34",2025-01-30,2025-02-23,4,"quantile",0.25,387618.095893586
"2293","DE","15-34",2025-01-30,2025-02-23,4,"quantile",0.5,418172.498499548
"2294","DE","15-34",2025-01-30,2025-02-23,4,"quantile",0.75,449721.761282625
"2295","DE","15-34",2025-01-30,2025-02-23,4,"quantile",0.9,486783.679978385
"2296","DE","15-34",2025-01-30,2025-02-23,4,"quantile",0.975,541024.613277486
"2297","DE","35-59",2025-01-30,2025-02-02,1,"quantile",0.025,125974.541544114
"2298","DE","35-59",2025-01-30,2025-02-02,1,"quantile",0.1,518741.367984321
"2299","DE","35-59",2025-01-30,2025-02-02,1,"quantile",0.25,644494.209999578
"2300","DE","35-59",2025-01-30,2025-02-02,1,"quantile",0.5,711709.526497916
"2301","DE","35-59",2025-01-30,2025-02-02,1,"quantile",0.75,732331.867044575
"2302","DE","35-59",2025-01-30,2025-02-02,1,"quantile",0.9,767636.845242042
"2303","DE","35-59",2025-01-30,2025-02-02,1,"quantile",0.975,839952.384455562
"2304","DE","35-59",2025-01-30,2025-02-09,2,"quantile",0.025,121068.353115565
"2305","DE","35-59",2025-01-30,2025-02-09,2,"quantile",0.1,472850.787413895
"2306","DE","35-59",2025-01-30,2025-02-09,2,"quantile",0.25,626474.095264856
"2307","DE","35-59",2025-01-30,2025-02-09,2,"quantile",0.5,681763.810127937
"2308","DE","35-59",2025-01-30,2025-02-09,2,"quantile",0.75,730661.412383168
"2309","DE","35-59",2025-01-30,2025-02-09,2,"quantile",0.9,769016.820752251
"2310","DE","35-59",2025-01-30,2025-02-09,2,"quantile",0.975,823854.105974802
"2311","DE","35-59",2025-01-30,2025-02-16,3,"quantile",0.025,118756.518477349
"2312","DE","35-59",2025-01-30,2025-02-16,3,"quantile",0.1,451500.143636817
"2313","DE","35-59",2025-01-30,2025-02-16,3,"quantile",0.25,561744.394309063
"2314","DE","35-59",2025-01-30,2025-02-16,3,"quantile",0.5,656338.823277041
"2315","DE","35-59",2025-01-30,2025-02-16,3,"quantile",0.75,728961.350276587
"2316","DE","35-59",2025-01-30,2025-02-16,3,"quantile",0.9,768429.808420922
"2317","DE","35-59",2025-01-30,2025-02-16,3,"quantile",0.975,812852.221809934
"2318","DE","35-59",2025-01-30,2025-02-23,4,"quantile",0.025,119132.875660872
"2319","DE","35-59",2025-01-30,2025-02-23,4,"quantile",0.1,418014.968188247
"2320","DE","35-59",2025-01-30,2025-02-23,4,"quantile",0.25,483274.047941189
"2321","DE","35-59",2025-01-30,2025-02-23,4,"quantile",0.5,532129.364889511
"2322","DE","35-59",2025-01-30,2025-02-23,4,"quantile",0.75,613666.789048622
"2323","DE","35-59",2025-01-30,2025-02-23,4,"quantile",0.9,728435.095269469
"2324","DE","35-59",2025-01-30,2025-02-23,4,"quantile",0.975,775548.108790175
"2325","DE","60+",2025-01-30,2025-02-02,1,"quantile",0.025,53638.30692662
"2326","DE","60+",2025-01-30,2025-02-02,1,"quantile",0.1,171835.201294606
"2327","DE","60+",2025-01-30,2025-02-02,1,"quantile",0.25,199899.780856358
"2328","DE","60+",2025-01-30,2025-02-02,1,"quantile",0.5,224104.940022373
"2329","DE","60+",2025-01-30,2025-02-02,1,"quantile",0.75,241154.20588496
"2330","DE","60+",2025-01-30,2025-02-02,1,"quantile",0.9,253158.150199398
"2331","DE","60+",2025-01-30,2025-02-02,1,"quantile",0.975,265052.45117291
"2332","DE","60+",2025-01-30,2025-02-09,2,"quantile",0.025,53167.7629310887
"2333","DE","60+",2025-01-30,2025-02-09,2,"quantile",0.1,161155.357143435
"2334","DE","60+",2025-01-30,2025-02-09,2,"quantile",0.25,205692.501894549
"2335","DE","60+",2025-01-30,2025-02-09,2,"quantile",0.5,228797.152884385
"2336","DE","60+",2025-01-30,2025-02-09,2,"quantile",0.75,243147.91168456
"2337","DE","60+",2025-01-30,2025-02-09,2,"quantile",0.9,252529.558012492
"2338","DE","60+",2025-01-30,2025-02-09,2,"quantile",0.975,294779.350000893
"2339","DE","60+",2025-01-30,2025-02-16,3,"quantile",0.025,53001.9417874712
"2340","DE","60+",2025-01-30,2025-02-16,3,"quantile",0.1,154786.249213663
"2341","DE","60+",2025-01-30,2025-02-16,3,"quantile",0.25,180591.546664344
"2342","DE","60+",2025-01-30,2025-02-16,3,"quantile",0.5,217212.818466034
"2343","DE","60+",2025-01-30,2025-02-16,3,"quantile",0.75,246747.168490244
"2344","DE","60+",2025-01-30,2025-02-16,3,"quantile",0.9,261805.053502602
"2345","DE","60+",2025-01-30,2025-02-16,3,"quantile",0.975,297043.023406366
"2346","DE","60+",2025-01-30,2025-02-23,4,"quantile",0.025,47197.0736739469
"2347","DE","60+",2025-01-30,2025-02-23,4,"quantile",0.1,148447.06563155
"2348","DE","60+",2025-01-30,2025-02-23,4,"quantile",0.25,171400.41617724
"2349","DE","60+",2025-01-30,2025-02-23,4,"quantile",0.5,191958.258520167
"2350","DE","60+",2025-01-30,2025-02-23,4,"quantile",0.75,247848.666614789
"2351","DE","60+",2025-01-30,2025-02-23,4,"quantile",0.9,262715.904802308
"2352","DE","60+",2025-01-30,2025-02-23,4,"quantile",0.975,291211.747559526
"2353","DE","00+",2025-02-06,2025-02-09,1,"quantile",0.025,451383.038513339
"2354","DE","00+",2025-02-06,2025-02-09,1,"quantile",0.1,1515664.00013333
"2355","DE","00+",2025-02-06,2025-02-09,1,"quantile",0.25,1855563.69015994
"2356","DE","00+",2025-02-06,2025-02-09,1,"quantile",0.5,2085196.94871546
"2357","DE","00+",2025-02-06,2025-02-09,1,"quantile",0.75,2167718.91474809
"2358","DE","00+",2025-02-06,2025-02-09,1,"quantile",0.9,2286537.92672651
"2359","DE","00+",2025-02-06,2025-02-09,1,"quantile",0.975,2541674.91389808
"2360","DE","00+",2025-02-06,2025-02-16,2,"quantile",0.025,427872.211169745
"2361","DE","00+",2025-02-06,2025-02-16,2,"quantile",0.1,1463840.74430068
"2362","DE","00+",2025-02-06,2025-02-16,2,"quantile",0.25,1657937.53873507
"2363","DE","00+",2025-02-06,2025-02-16,2,"quantile",0.5,1955522.20942033
"2364","DE","00+",2025-02-06,2025-02-16,2,"quantile",0.75,2178656.08205883
"2365","DE","00+",2025-02-06,2025-02-16,2,"quantile",0.9,2270248.63787751
"2366","DE","00+",2025-02-06,2025-02-16,2,"quantile",0.975,2495551.5528522
"2367","DE","00+",2025-02-06,2025-02-23,3,"quantile",0.025,379202.898948412
"2368","DE","00+",2025-02-06,2025-02-23,3,"quantile",0.1,1354878.97830517
"2369","DE","00+",2025-02-06,2025-02-23,3,"quantile",0.25,1517100.95375672
"2370","DE","00+",2025-02-06,2025-02-23,3,"quantile",0.5,1648973.15492381
"2371","DE","00+",2025-02-06,2025-02-23,3,"quantile",0.75,1920232.23976977
"2372","DE","00+",2025-02-06,2025-02-23,3,"quantile",0.9,2077276.01327733
"2373","DE","00+",2025-02-06,2025-02-23,3,"quantile",0.975,2354492.79628269
"2374","DE","00+",2025-02-06,2025-03-02,4,"quantile",0.025,337397.023712159
"2375","DE","00+",2025-02-06,2025-03-02,4,"quantile",0.1,1299856.8028802
"2376","DE","00+",2025-02-06,2025-03-02,4,"quantile",0.25,1350206.7177042
"2377","DE","00+",2025-02-06,2025-03-02,4,"quantile",0.5,1401527.53838022
"2378","DE","00+",2025-02-06,2025-03-02,4,"quantile",0.75,1603738.03091448
"2379","DE","00+",2025-02-06,2025-03-02,4,"quantile",0.9,1770452.08459288
"2380","DE","00+",2025-02-06,2025-03-02,4,"quantile",0.975,2267255.34618633
"2381","DE","00-04",2025-02-06,2025-02-09,1,"quantile",0.025,87492.5814910524
"2382","DE","00-04",2025-02-06,2025-02-09,1,"quantile",0.1,243927.105050084
"2383","DE","00-04",2025-02-06,2025-02-09,1,"quantile",0.25,278681.69521301
"2384","DE","00-04",2025-02-06,2025-02-09,1,"quantile",0.5,304251.950729014
"2385","DE","00-04",2025-02-06,2025-02-09,1,"quantile",0.75,313639.12632018
"2386","DE","00-04",2025-02-06,2025-02-09,1,"quantile",0.9,321571.504948744
"2387","DE","00-04",2025-02-06,2025-02-09,1,"quantile",0.975,361418.750944872
"2388","DE","00-04",2025-02-06,2025-02-16,2,"quantile",0.025,76187.0309822731
"2389","DE","00-04",2025-02-06,2025-02-16,2,"quantile",0.1,218688.006792917
"2390","DE","00-04",2025-02-06,2025-02-16,2,"quantile",0.25,247540.855153212
"2391","DE","00-04",2025-02-06,2025-02-16,2,"quantile",0.5,272380.149854773
"2392","DE","00-04",2025-02-06,2025-02-16,2,"quantile",0.75,286397.028488667
"2393","DE","00-04",2025-02-06,2025-02-16,2,"quantile",0.9,298836.211679955
"2394","DE","00-04",2025-02-06,2025-02-16,2,"quantile",0.975,316647.628308813
"2395","DE","00-04",2025-02-06,2025-02-23,3,"quantile",0.025,61766.660029243
"2396","DE","00-04",2025-02-06,2025-02-23,3,"quantile",0.1,210324.373413901
"2397","DE","00-04",2025-02-06,2025-02-23,3,"quantile",0.25,223262.356390129
"2398","DE","00-04",2025-02-06,2025-02-23,3,"quantile",0.5,241159.260944976
"2399","DE","00-04",2025-02-06,2025-02-23,3,"quantile",0.75,252320.270780262
"2400","DE","00-04",2025-02-06,2025-02-23,3,"quantile",0.9,260104.948524655
"2401","DE","00-04",2025-02-06,2025-02-23,3,"quantile",0.975,308312.620335803
"2402","DE","00-04",2025-02-06,2025-03-02,4,"quantile",0.025,52253.4694148278
"2403","DE","00-04",2025-02-06,2025-03-02,4,"quantile",0.1,193808.418672089
"2404","DE","00-04",2025-02-06,2025-03-02,4,"quantile",0.25,199067.391251149
"2405","DE","00-04",2025-02-06,2025-03-02,4,"quantile",0.5,213335.493901446
"2406","DE","00-04",2025-02-06,2025-03-02,4,"quantile",0.75,219468.172507239
"2407","DE","00-04",2025-02-06,2025-03-02,4,"quantile",0.9,237634.22617187
"2408","DE","00-04",2025-02-06,2025-03-02,4,"quantile",0.975,305156.475684904
"2409","DE","05-14",2025-02-06,2025-02-09,1,"quantile",0.025,52861.4872628902
"2410","DE","05-14",2025-02-06,2025-02-09,1,"quantile",0.1,177613.706526022
"2411","DE","05-14",2025-02-06,2025-02-09,1,"quantile",0.25,224133.648657344
"2412","DE","05-14",2025-02-06,2025-02-09,1,"quantile",0.5,280003.009045605
"2413","DE","05-14",2025-02-06,2025-02-09,1,"quantile",0.75,329057.085499333
"2414","DE","05-14",2025-02-06,2025-02-09,1,"quantile",0.9,369118.217630517
"2415","DE","05-14",2025-02-06,2025-02-09,1,"quantile",0.975,421205.371857141
"2416","DE","05-14",2025-02-06,2025-02-16,2,"quantile",0.025,46219.9584789536
"2417","DE","05-14",2025-02-06,2025-02-16,2,"quantile",0.1,166318.826740686
"2418","DE","05-14",2025-02-06,2025-02-16,2,"quantile",0.25,205458.356533376
"2419","DE","05-14",2025-02-06,2025-02-16,2,"quantile",0.5,235753.161135472
"2420","DE","05-14",2025-02-06,2025-02-16,2,"quantile",0.75,260469.570648947
"2421","DE","05-14",2025-02-06,2025-02-16,2,"quantile",0.9,316220.142688605
"2422","DE","05-14",2025-02-06,2025-02-16,2,"quantile",0.975,369439.198677559
"2423","DE","05-14",2025-02-06,2025-02-23,3,"quantile",0.025,39686.2467732414
"2424","DE","05-14",2025-02-06,2025-02-23,3,"quantile",0.1,159540.03739498
"2425","DE","05-14",2025-02-06,2025-02-23,3,"quantile",0.25,182235.885016783
"2426","DE","05-14",2025-02-06,2025-02-23,3,"quantile",0.5,191011.411430471
"2427","DE","05-14",2025-02-06,2025-02-23,3,"quantile",0.75,207788.518673591
"2428","DE","05-14",2025-02-06,2025-02-23,3,"quantile",0.9,236133.838848672
"2429","DE","05-14",2025-02-06,2025-02-23,3,"quantile",0.975,264042.627787436
"2430","DE","05-14",2025-02-06,2025-03-02,4,"quantile",0.025,32285.9340272701
"2431","DE","05-14",2025-02-06,2025-03-02,4,"quantile",0.1,140045.461308464
"2432","DE","05-14",2025-02-06,2025-03-02,4,"quantile",0.25,154541.635898851
"2433","DE","05-14",2025-02-06,2025-03-02,4,"quantile",0.5,166302.870753689
"2434","DE","05-14",2025-02-06,2025-03-02,4,"quantile",0.75,179533.425958917
"2435","DE","05-14",2025-02-06,2025-03-02,4,"quantile",0.9,212190.669192986
"2436","DE","05-14",2025-02-06,2025-03-02,4,"quantile",0.975,263722.615714833
"2437","DE","15-34",2025-02-06,2025-02-09,1,"quantile",0.025,116953.856197325
"2438","DE","15-34",2025-02-06,2025-02-09,1,"quantile",0.1,393348.957766506
"2439","DE","15-34",2025-02-06,2025-02-09,1,"quantile",0.25,489632.067680076
"2440","DE","15-34",2025-02-06,2025-02-09,1,"quantile",0.5,547170.34257746
"2441","DE","15-34",2025-02-06,2025-02-09,1,"quantile",0.75,567986.103087375
"2442","DE","15-34",2025-02-06,2025-02-09,1,"quantile",0.9,596013.524096735
"2443","DE","15-34",2025-02-06,2025-02-09,1,"quantile",0.975,672283.427219394
"2444","DE","15-34",2025-02-06,2025-02-16,2,"quantile",0.025,108391.819652446
"2445","DE","15-34",2025-02-06,2025-02-16,2,"quantile",0.1,371950.104424588
"2446","DE","15-34",2025-02-06,2025-02-16,2,"quantile",0.25,427220.25746821
"2447","DE","15-34",2025-02-06,2025-02-16,2,"quantile",0.5,502432.408660999
"2448","DE","15-34",2025-02-06,2025-02-16,2,"quantile",0.75,552871.723245872
"2449","DE","15-34",2025-02-06,2025-02-16,2,"quantile",0.9,583121.928182907
"2450","DE","15-34",2025-02-06,2025-02-16,2,"quantile",0.975,679916.586101151
"2451","DE","15-34",2025-02-06,2025-02-23,3,"quantile",0.025,98348.7507782773
"2452","DE","15-34",2025-02-06,2025-02-23,3,"quantile",0.1,349701.818982043
"2453","DE","15-34",2025-02-06,2025-02-23,3,"quantile",0.25,392648.452487405
"2454","DE","15-34",2025-02-06,2025-02-23,3,"quantile",0.5,432712.399721577
"2455","DE","15-34",2025-02-06,2025-02-23,3,"quantile",0.75,505811.986098111
"2456","DE","15-34",2025-02-06,2025-02-23,3,"quantile",0.9,539785.899652799
"2457","DE","15-34",2025-02-06,2025-02-23,3,"quantile",0.975,631407.222530016
"2458","DE","15-34",2025-02-06,2025-03-02,4,"quantile",0.025,89262.1514580954
"2459","DE","15-34",2025-02-06,2025-03-02,4,"quantile",0.1,330313.101605733
"2460","DE","15-34",2025-02-06,2025-03-02,4,"quantile",0.25,347375.248825015
"2461","DE","15-34",2025-02-06,2025-03-02,4,"quantile",0.5,372759.642076935
"2462","DE","15-34",2025-02-06,2025-03-02,4,"quantile",0.75,421214.324609456
"2463","DE","15-34",2025-02-06,2025-03-02,4,"quantile",0.9,459450.407109631
"2464","DE","15-34",2025-02-06,2025-03-02,4,"quantile",0.975,532277.023919979
"2465","DE","35-59",2025-02-06,2025-02-09,1,"quantile",0.025,129251.231350276
"2466","DE","35-59",2025-02-06,2025-02-09,1,"quantile",0.1,528570.60155781
"2467","DE","35-59",2025-02-06,2025-02-09,1,"quantile",0.25,658821.439320284
"2468","DE","35-59",2025-02-06,2025-02-09,1,"quantile",0.5,751176.420762943
"2469","DE","35-59",2025-02-06,2025-02-09,1,"quantile",0.75,770782.084752313
"2470","DE","35-59",2025-02-06,2025-02-09,1,"quantile",0.9,809717.94303697
"2471","DE","35-59",2025-02-06,2025-02-09,1,"quantile",0.975,855715.233599732
"2472","DE","35-59",2025-02-06,2025-02-16,2,"quantile",0.025,120647.369648608
"2473","DE","35-59",2025-02-06,2025-02-16,2,"quantile",0.1,470337.712631173
"2474","DE","35-59",2025-02-06,2025-02-16,2,"quantile",0.25,592103.890500555
"2475","DE","35-59",2025-02-06,2025-02-16,2,"quantile",0.5,671091.527191109
"2476","DE","35-59",2025-02-06,2025-02-16,2,"quantile",0.75,754074.030391358
"2477","DE","35-59",2025-02-06,2025-02-16,2,"quantile",0.9,779992.633477449
"2478","DE","35-59",2025-02-06,2025-02-16,2,"quantile",0.975,868793.186450603
"2479","DE","35-59",2025-02-06,2025-02-23,3,"quantile",0.025,117469.883360219
"2480","DE","35-59",2025-02-06,2025-02-23,3,"quantile",0.1,424468.538650871
"2481","DE","35-59",2025-02-06,2025-02-23,3,"quantile",0.25,515365.945258532
"2482","DE","35-59",2025-02-06,2025-02-23,3,"quantile",0.5,582414.08870594
"2483","DE","35-59",2025-02-06,2025-02-23,3,"quantile",0.75,698658.992387436
"2484","DE","35-59",2025-02-06,2025-02-23,3,"quantile",0.9,757626.419086888
"2485","DE","35-59",2025-02-06,2025-02-23,3,"quantile",0.975,780952.635575167
"2486","DE","35-59",2025-02-06,2025-03-02,4,"quantile",0.025,112396.532291108
"2487","DE","35-59",2025-02-06,2025-03-02,4,"quantile",0.1,411870.555534416
"2488","DE","35-59",2025-02-06,2025-03-02,4,"quantile",0.25,445825.776039183
"2489","DE","35-59",2025-02-06,2025-03-02,4,"quantile",0.5,468272.050718457
"2490","DE","35-59",2025-02-06,2025-03-02,4,"quantile",0.75,527107.131868441
"2491","DE","35-59",2025-02-06,2025-03-02,4,"quantile",0.9,646697.191587744
"2492","DE","35-59",2025-02-06,2025-03-02,4,"quantile",0.975,770415.417386779
"2493","DE","60+",2025-02-06,2025-02-09,1,"quantile",0.025,53915.5723941683
"2494","DE","60+",2025-02-06,2025-02-09,1,"quantile",0.1,180656.924889904
"2495","DE","60+",2025-02-06,2025-02-09,1,"quantile",0.25,219517.412418254
"2496","DE","60+",2025-02-06,2025-02-09,1,"quantile",0.5,257843.103689657
"2497","DE","60+",2025-02-06,2025-02-09,1,"quantile",0.75,269873.475270362
"2498","DE","60+",2025-02-06,2025-02-09,1,"quantile",0.9,279817.003219526
"2499","DE","60+",2025-02-06,2025-02-09,1,"quantile",0.975,300280.761555183
"2500","DE","60+",2025-02-06,2025-02-16,2,"quantile",0.025,53567.9750830527
"2501","DE","60+",2025-02-06,2025-02-16,2,"quantile",0.1,168734.800470685
"2502","DE","60+",2025-02-06,2025-02-16,2,"quantile",0.25,209123.188848639
"2503","DE","60+",2025-02-06,2025-02-16,2,"quantile",0.5,244069.148616902
"2504","DE","60+",2025-02-06,2025-02-16,2,"quantile",0.75,263264.476402671
"2505","DE","60+",2025-02-06,2025-02-16,2,"quantile",0.9,271978.332756068
"2506","DE","60+",2025-02-06,2025-02-16,2,"quantile",0.975,302686.622632773
"2507","DE","60+",2025-02-06,2025-02-23,3,"quantile",0.025,52514.8546228133
"2508","DE","60+",2025-02-06,2025-02-23,3,"quantile",0.1,152721.166119534
"2509","DE","60+",2025-02-06,2025-02-23,3,"quantile",0.25,193384.432168201
"2510","DE","60+",2025-02-06,2025-02-23,3,"quantile",0.5,217016.579133411
"2511","DE","60+",2025-02-06,2025-02-23,3,"quantile",0.75,272650.250308892
"2512","DE","60+",2025-02-06,2025-02-23,3,"quantile",0.9,284165.255173062
"2513","DE","60+",2025-02-06,2025-02-23,3,"quantile",0.975,300344.26293378
"2514","DE","60+",2025-02-06,2025-03-02,4,"quantile",0.025,49966.102486388
"2515","DE","60+",2025-02-06,2025-03-02,4,"quantile",0.1,145920.974143128
"2516","DE","60+",2025-02-06,2025-03-02,4,"quantile",0.25,167252.12634441
"2517","DE","60+",2025-02-06,2025-03-02,4,"quantile",0.5,184447.265625333
"2518","DE","60+",2025-02-06,2025-03-02,4,"quantile",0.75,236175.988761088
"2519","DE","60+",2025-02-06,2025-03-02,4,"quantile",0.9,263361.521134868
"2520","DE","60+",2025-02-06,2025-03-02,4,"quantile",0.975,289766.355758161
"2521","DE","00+",2025-02-13,2025-02-16,1,"quantile",0.025,452810.042686723
"2522","DE","00+",2025-02-13,2025-02-16,1,"quantile",0.1,1473470.06695421
"2523","DE","00+",2025-02-13,2025-02-16,1,"quantile",0.25,1829920.20275106
"2524","DE","00+",2025-02-13,2025-02-16,1,"quantile",0.5,2041906.59857047
"2525","DE","00+",2025-02-13,2025-02-16,1,"quantile",0.75,2198069.63573914
"2526","DE","00+",2025-02-13,2025-02-16,1,"quantile",0.9,2271617.79556446
"2527","DE","00+",2025-02-13,2025-02-16,1,"quantile",0.975,2554950.80981094
"2528","DE","00+",2025-02-13,2025-02-23,2,"quantile",0.025,426823.382951565
"2529","DE","00+",2025-02-13,2025-02-23,2,"quantile",0.1,1403366.38735852
"2530","DE","00+",2025-02-13,2025-02-23,2,"quantile",0.25,1602730.36898438
"2531","DE","00+",2025-02-13,2025-02-23,2,"quantile",0.5,1847642.09499309
"2532","DE","00+",2025-02-13,2025-02-23,2,"quantile",0.75,2114478.69550493
"2533","DE","00+",2025-02-13,2025-02-23,2,"quantile",0.9,2339851.83112212
"2534","DE","00+",2025-02-13,2025-02-23,2,"quantile",0.975,2500991.30036226
"2535","DE","00+",2025-02-13,2025-03-02,3,"quantile",0.025,387730.118296453
"2536","DE","00+",2025-02-13,2025-03-02,3,"quantile",0.1,1287383.5503796
"2537","DE","00+",2025-02-13,2025-03-02,3,"quantile",0.25,1380242.81774066
"2538","DE","00+",2025-02-13,2025-03-02,3,"quantile",0.5,1466739.98714854
"2539","DE","00+",2025-02-13,2025-03-02,3,"quantile",0.75,1755373.40234214
"2540","DE","00+",2025-02-13,2025-03-02,3,"quantile",0.9,1915805.93023358
"2541","DE","00+",2025-02-13,2025-03-02,3,"quantile",0.975,2342455.31841362
"2542","DE","00+",2025-02-13,2025-03-09,4,"quantile",0.025,328947.009588285
"2543","DE","00+",2025-02-13,2025-03-09,4,"quantile",0.1,1199600.2744867
"2544","DE","00+",2025-02-13,2025-03-09,4,"quantile",0.25,1340303.22028047
"2545","DE","00+",2025-02-13,2025-03-09,4,"quantile",0.5,1415452.56556367
"2546","DE","00+",2025-02-13,2025-03-09,4,"quantile",0.75,1548796.60356573
"2547","DE","00+",2025-02-13,2025-03-09,4,"quantile",0.9,1750252.59584657
"2548","DE","00+",2025-02-13,2025-03-09,4,"quantile",0.975,2313515.27166788
"2549","DE","00-04",2025-02-13,2025-02-16,1,"quantile",0.025,85725.8024962974
"2550","DE","00-04",2025-02-13,2025-02-16,1,"quantile",0.1,233912.018512595
"2551","DE","00-04",2025-02-13,2025-02-16,1,"quantile",0.25,255339.065473417
"2552","DE","00-04",2025-02-13,2025-02-16,1,"quantile",0.5,282071.549101519
"2553","DE","00-04",2025-02-13,2025-02-16,1,"quantile",0.75,299980.659710397
"2554","DE","00-04",2025-02-13,2025-02-16,1,"quantile",0.9,308142.984091789
"2555","DE","00-04",2025-02-13,2025-02-16,1,"quantile",0.975,362747.040920033
"2556","DE","00-04",2025-02-13,2025-02-23,2,"quantile",0.025,71163.4612094599
"2557","DE","00-04",2025-02-13,2025-02-23,2,"quantile",0.1,215351.71548998
"2558","DE","00-04",2025-02-13,2025-02-23,2,"quantile",0.25,234968.083423423
"2559","DE","00-04",2025-02-13,2025-02-23,2,"quantile",0.5,250344.644337674
"2560","DE","00-04",2025-02-13,2025-02-23,2,"quantile",0.75,269092.645265672
"2561","DE","00-04",2025-02-13,2025-02-23,2,"quantile",0.9,273927.312797653
"2562","DE","00-04",2025-02-13,2025-02-23,2,"quantile",0.975,314017.499781341
"2563","DE","00-04",2025-02-13,2025-03-02,3,"quantile",0.025,59433.263685015
"2564","DE","00-04",2025-02-13,2025-03-02,3,"quantile",0.1,200499.688214254
"2565","DE","00-04",2025-02-13,2025-03-02,3,"quantile",0.25,210273.645682675
"2566","DE","00-04",2025-02-13,2025-03-02,3,"quantile",0.5,216499.722137821
"2567","DE","00-04",2025-02-13,2025-03-02,3,"quantile",0.75,224147.418301683
"2568","DE","00-04",2025-02-13,2025-03-02,3,"quantile",0.9,236560.262763128
"2569","DE","00-04",2025-02-13,2025-03-02,3,"quantile",0.975,310461.237922029
"2570","DE","00-04",2025-02-13,2025-03-09,4,"quantile",0.025,51646.152733999
"2571","DE","00-04",2025-02-13,2025-03-09,4,"quantile",0.1,187664.736845776
"2572","DE","00-04",2025-02-13,2025-03-09,4,"quantile",0.25,199603.32711412
"2573","DE","00-04",2025-02-13,2025-03-09,4,"quantile",0.5,206784.604755396
"2574","DE","00-04",2025-02-13,2025-03-09,4,"quantile",0.75,214490.240982105
"2575","DE","00-04",2025-02-13,2025-03-09,4,"quantile",0.9,236350.656000046
"2576","DE","00-04",2025-02-13,2025-03-09,4,"quantile",0.975,310863.0297991
"2577","DE","05-14",2025-02-13,2025-02-16,1,"quantile",0.025,50969.0429267314
"2578","DE","05-14",2025-02-13,2025-02-16,1,"quantile",0.1,178642.691705128
"2579","DE","05-14",2025-02-13,2025-02-16,1,"quantile",0.25,214246.147259105
"2580","DE","05-14",2025-02-13,2025-02-16,1,"quantile",0.5,241998.452451929
"2581","DE","05-14",2025-02-13,2025-02-16,1,"quantile",0.75,283540.071951606
"2582","DE","05-14",2025-02-13,2025-02-16,1,"quantile",0.9,335856.905516614
"2583","DE","05-14",2025-02-13,2025-02-16,1,"quantile",0.975,430929.654206149
"2584","DE","05-14",2025-02-13,2025-02-23,2,"quantile",0.025,42633.9272322914
"2585","DE","05-14",2025-02-13,2025-02-23,2,"quantile",0.1,170177.761011286
"2586","DE","05-14",2025-02-13,2025-02-23,2,"quantile",0.25,190394.179878007
"2587","DE","05-14",2025-02-13,2025-02-23,2,"quantile",0.5,207628.542799672
"2588","DE","05-14",2025-02-13,2025-02-23,2,"quantile",0.75,237964.854488964
"2589","DE","05-14",2025-02-13,2025-02-23,2,"quantile",0.9,283541.48202604
"2590","DE","05-14",2025-02-13,2025-02-23,2,"quantile",0.975,360608.977680785
"2591","DE","05-14",2025-02-13,2025-03-02,3,"quantile",0.025,38840.3979200939
"2592","DE","05-14",2025-02-13,2025-03-02,3,"quantile",0.1,142864.210750911
"2593","DE","05-14",2025-02-13,2025-03-02,3,"quantile",0.25,156896.048496444
"2594","DE","05-14",2025-02-13,2025-03-02,3,"quantile",0.5,167297.262977717
"2595","DE","05-14",2025-02-13,2025-03-02,3,"quantile",0.75,182813.889266434
"2596","DE","05-14",2025-02-13,2025-03-02,3,"quantile",0.9,229973.318918038
"2597","DE","05-14",2025-02-13,2025-03-02,3,"quantile",0.975,286691.967435886
"2598","DE","05-14",2025-02-13,2025-03-09,4,"quantile",0.025,32792.7535706728
"2599","DE","05-14",2025-02-13,2025-03-09,4,"quantile",0.1,134195.536479829
"2600","DE","05-14",2025-02-13,2025-03-09,4,"quantile",0.25,160073.514848196
"2601","DE","05-14",2025-02-13,2025-03-09,4,"quantile",0.5,178053.862826866
"2602","DE","05-14",2025-02-13,2025-03-09,4,"quantile",0.75,199915.852027137
"2603","DE","05-14",2025-02-13,2025-03-09,4,"quantile",0.9,211834.65201212
"2604","DE","05-14",2025-02-13,2025-03-09,4,"quantile",0.975,314963.92717532
"2605","DE","15-34",2025-02-13,2025-02-16,1,"quantile",0.025,117229.976721479
"2606","DE","15-34",2025-02-13,2025-02-16,1,"quantile",0.1,382893.915443855
"2607","DE","15-34",2025-02-13,2025-02-16,1,"quantile",0.25,466410.390705334
"2608","DE","15-34",2025-02-13,2025-02-16,1,"quantile",0.5,512627.886270746
"2609","DE","15-34",2025-02-13,2025-02-16,1,"quantile",0.75,547645.031498863
"2610","DE","15-34",2025-02-13,2025-02-16,1,"quantile",0.9,589824.18849191
"2611","DE","15-34",2025-02-13,2025-02-16,1,"quantile",0.975,671560.568040564
"2612","DE","15-34",2025-02-13,2025-02-23,2,"quantile",0.025,105084.546075042
"2613","DE","15-34",2025-02-13,2025-02-23,2,"quantile",0.1,356992.676802649
"2614","DE","15-34",2025-02-13,2025-02-23,2,"quantile",0.25,412557.84234919
"2615","DE","15-34",2025-02-13,2025-02-23,2,"quantile",0.5,478516.012777147
"2616","DE","15-34",2025-02-13,2025-02-23,2,"quantile",0.75,543336.791340241
"2617","DE","15-34",2025-02-13,2025-02-23,2,"quantile",0.9,583119.031100309
"2618","DE","15-34",2025-02-13,2025-02-23,2,"quantile",0.975,676908.466173853
"2619","DE","15-34",2025-02-13,2025-03-02,3,"quantile",0.025,97335.0245643354
"2620","DE","15-34",2025-02-13,2025-03-02,3,"quantile",0.1,324574.472529123
"2621","DE","15-34",2025-02-13,2025-03-02,3,"quantile",0.25,354229.194396964
"2622","DE","15-34",2025-02-13,2025-03-02,3,"quantile",0.5,386012.253431649
"2623","DE","15-34",2025-02-13,2025-03-02,3,"quantile",0.75,430134.342026499
"2624","DE","15-34",2025-02-13,2025-03-02,3,"quantile",0.9,502719.3191687
"2625","DE","15-34",2025-02-13,2025-03-02,3,"quantile",0.975,625631.202673469
"2626","DE","15-34",2025-02-13,2025-03-09,4,"quantile",0.025,89956.4626781535
"2627","DE","15-34",2025-02-13,2025-03-09,4,"quantile",0.1,297478.568285452
"2628","DE","15-34",2025-02-13,2025-03-09,4,"quantile",0.25,349669.023699748
"2629","DE","15-34",2025-02-13,2025-03-09,4,"quantile",0.5,376248.415949938
"2630","DE","15-34",2025-02-13,2025-03-09,4,"quantile",0.75,398499.747487773
"2631","DE","15-34",2025-02-13,2025-03-09,4,"quantile",0.9,437337.384478451
"2632","DE","15-34",2025-02-13,2025-03-09,4,"quantile",0.975,545348.237546146
"2633","DE","35-59",2025-02-13,2025-02-16,1,"quantile",0.025,128545.757128528
"2634","DE","35-59",2025-02-13,2025-02-16,1,"quantile",0.1,522826.868829665
"2635","DE","35-59",2025-02-13,2025-02-16,1,"quantile",0.25,648983.402558084
"2636","DE","35-59",2025-02-13,2025-02-16,1,"quantile",0.5,730905.179935491
"2637","DE","35-59",2025-02-13,2025-02-16,1,"quantile",0.75,797866.078479932
"2638","DE","35-59",2025-02-13,2025-02-16,1,"quantile",0.9,814997.967163204
"2639","DE","35-59",2025-02-13,2025-02-16,1,"quantile",0.975,904727.996159144
"2640","DE","35-59",2025-02-13,2025-02-23,2,"quantile",0.025,121366.513091929
"2641","DE","35-59",2025-02-13,2025-02-23,2,"quantile",0.1,436884.492994106
"2642","DE","35-59",2025-02-13,2025-02-23,2,"quantile",0.25,558617.362210642
"2643","DE","35-59",2025-02-13,2025-02-23,2,"quantile",0.5,675584.112447768
"2644","DE","35-59",2025-02-13,2025-02-23,2,"quantile",0.75,716412.268445855
"2645","DE","35-59",2025-02-13,2025-02-23,2,"quantile",0.9,805427.929764025
"2646","DE","35-59",2025-02-13,2025-02-23,2,"quantile",0.975,856027.72611767
"2647","DE","35-59",2025-02-13,2025-03-02,3,"quantile",0.025,118700.53527942
"2648","DE","35-59",2025-02-13,2025-03-02,3,"quantile",0.1,403718.896958936
"2649","DE","35-59",2025-02-13,2025-03-02,3,"quantile",0.25,440471.167629368
"2650","DE","35-59",2025-02-13,2025-03-02,3,"quantile",0.5,484427.015093787
"2651","DE","35-59",2025-02-13,2025-03-02,3,"quantile",0.75,581554.492080132
"2652","DE","35-59",2025-02-13,2025-03-02,3,"quantile",0.9,686741.221505879
"2653","DE","35-59",2025-02-13,2025-03-02,3,"quantile",0.975,785101.403229445
"2654","DE","35-59",2025-02-13,2025-03-09,4,"quantile",0.025,111468.559111966
"2655","DE","35-59",2025-02-13,2025-03-09,4,"quantile",0.1,383567.359840901
"2656","DE","35-59",2025-02-13,2025-03-09,4,"quantile",0.25,431010.248870293
"2657","DE","35-59",2025-02-13,2025-03-09,4,"quantile",0.5,460721.251752501
"2658","DE","35-59",2025-02-13,2025-03-09,4,"quantile",0.75,517697.799682226
"2659","DE","35-59",2025-02-13,2025-03-09,4,"quantile",0.9,576334.112221141
"2660","DE","35-59",2025-02-13,2025-03-09,4,"quantile",0.975,765181.156458483
"2661","DE","60+",2025-02-13,2025-02-16,1,"quantile",0.025,53645.4720737982
"2662","DE","60+",2025-02-13,2025-02-16,1,"quantile",0.1,178109.358719633
"2663","DE","60+",2025-02-13,2025-02-16,1,"quantile",0.25,214423.157103667
"2664","DE","60+",2025-02-13,2025-02-16,1,"quantile",0.5,249776.331247343
"2665","DE","60+",2025-02-13,2025-02-16,1,"quantile",0.75,272206.76373984
"2666","DE","60+",2025-02-13,2025-02-16,1,"quantile",0.9,284810.672778193
"2667","DE","60+",2025-02-13,2025-02-16,1,"quantile",0.975,306578.718489055
"2668","DE","60+",2025-02-13,2025-02-23,2,"quantile",0.025,53445.2924019545
"2669","DE","60+",2025-02-13,2025-02-23,2,"quantile",0.1,168895.194861604
"2670","DE","60+",2025-02-13,2025-02-23,2,"quantile",0.25,211276.226379777
"2671","DE","60+",2025-02-13,2025-02-23,2,"quantile",0.5,244405.306472406
"2672","DE","60+",2025-02-13,2025-02-23,2,"quantile",0.75,275719.960047977
"2673","DE","60+",2025-02-13,2025-02-23,2,"quantile",0.9,284017.958025241
"2674","DE","60+",2025-02-13,2025-02-23,2,"quantile",0.975,302286.463519458
"2675","DE","60+",2025-02-13,2025-03-02,3,"quantile",0.025,52962.2619764523
"2676","DE","60+",2025-02-13,2025-03-02,3,"quantile",0.1,149798.271617363
"2677","DE","60+",2025-02-13,2025-03-02,3,"quantile",0.25,172180.688272506
"2678","DE","60+",2025-02-13,2025-03-02,3,"quantile",0.5,190127.281891212
"2679","DE","60+",2025-02-13,2025-03-02,3,"quantile",0.75,259285.250903588
"2680","DE","60+",2025-02-13,2025-03-02,3,"quantile",0.9,272542.510974455
"2681","DE","60+",2025-02-13,2025-03-02,3,"quantile",0.975,297080.145097378
"2682","DE","60+",2025-02-13,2025-03-09,4,"quantile",0.025,49681.8815753285
"2683","DE","60+",2025-02-13,2025-03-09,4,"quantile",0.1,141263.470364408
"2684","DE","60+",2025-02-13,2025-03-09,4,"quantile",0.25,159203.928586999
"2685","DE","60+",2025-02-13,2025-03-09,4,"quantile",0.5,169797.471210574
"2686","DE","60+",2025-02-13,2025-03-09,4,"quantile",0.75,206044.074630597
"2687","DE","60+",2025-02-13,2025-03-09,4,"quantile",0.9,240468.119134075
"2688","DE","60+",2025-02-13,2025-03-09,4,"quantile",0.975,293981.477613887
"2689","DE","00+",2025-02-20,2025-02-23,1,"quantile",0.025,449842.289641676
"2690","DE","00+",2025-02-20,2025-02-23,1,"quantile",0.1,1496918.3998327
"2691","DE","00+",2025-02-20,2025-02-23,1,"quantile",0.25,1730335.82983053
"2692","DE","00+",2025-02-20,2025-02-23,1,"quantile",0.5,1928894.59768855
"2693","DE","00+",2025-02-20,2025-02-23,1,"quantile",0.75,2148671.64607212
"2694","DE","00+",2025-02-20,2025-02-23,1,"quantile",0.9,2304391.91899398
"2695","DE","00+",2025-02-20,2025-02-23,1,"quantile",0.975,2592081.30322696
"2696","DE","00+",2025-02-20,2025-03-02,2,"quantile",0.025,426592.039655661
"2697","DE","00+",2025-02-20,2025-03-02,2,"quantile",0.1,1370123.84870767
"2698","DE","00+",2025-02-20,2025-03-02,2,"quantile",0.25,1492118.75782128
"2699","DE","00+",2025-02-20,2025-03-02,2,"quantile",0.5,1623508.23171786
"2700","DE","00+",2025-02-20,2025-03-02,2,"quantile",0.75,1737301.91759399
"2701","DE","00+",2025-02-20,2025-03-02,2,"quantile",0.9,1951460.73266016
"2702","DE","00+",2025-02-20,2025-03-02,2,"quantile",0.975,2420964.44085066
"2703","DE","00+",2025-02-20,2025-03-09,3,"quantile",0.025,386335.56592525
"2704","DE","00+",2025-02-20,2025-03-09,3,"quantile",0.1,1172894.23492871
"2705","DE","00+",2025-02-20,2025-03-09,3,"quantile",0.25,1297830.64030019
"2706","DE","00+",2025-02-20,2025-03-09,3,"quantile",0.5,1400811.78628937
"2707","DE","00+",2025-02-20,2025-03-09,3,"quantile",0.75,1586745.89382865
"2708","DE","00+",2025-02-20,2025-03-09,3,"quantile",0.9,1791766.45547247
"2709","DE","00+",2025-02-20,2025-03-09,3,"quantile",0.975,2289987.87436635
"2710","DE","00+",2025-02-20,2025-03-16,4,"quantile",0.025,332749.816572646
"2711","DE","00+",2025-02-20,2025-03-16,4,"quantile",0.1,1062103.47844946
"2712","DE","00+",2025-02-20,2025-03-16,4,"quantile",0.25,1294331.61857334
"2713","DE","00+",2025-02-20,2025-03-16,4,"quantile",0.5,1368721.15964048
"2714","DE","00+",2025-02-20,2025-03-16,4,"quantile",0.75,1424748.73911291
"2715","DE","00+",2025-02-20,2025-03-16,4,"quantile",0.9,1644337.04935762
"2716","DE","00+",2025-02-20,2025-03-16,4,"quantile",0.975,2316417.041764
"2717","DE","00-04",2025-02-20,2025-02-23,1,"quantile",0.025,85796.585765994
"2718","DE","00-04",2025-02-20,2025-02-23,1,"quantile",0.1,227661.561707201
"2719","DE","00-04",2025-02-20,2025-02-23,1,"quantile",0.25,243731.344547378
"2720","DE","00-04",2025-02-20,2025-02-23,1,"quantile",0.5,254201.703052747
"2721","DE","00-04",2025-02-20,2025-02-23,1,"quantile",0.75,271438.486190717
"2722","DE","00-04",2025-02-20,2025-02-23,1,"quantile",0.9,283316.281764064
"2723","DE","00-04",2025-02-20,2025-02-23,1,"quantile",0.975,343459.540133857
"2724","DE","00-04",2025-02-20,2025-03-02,2,"quantile",0.025,73913.4294090303
"2725","DE","00-04",2025-02-20,2025-03-02,2,"quantile",0.1,204061.005423177
"2726","DE","00-04",2025-02-20,2025-03-02,2,"quantile",0.25,215602.021409996
"2727","DE","00-04",2025-02-20,2025-03-02,2,"quantile",0.5,221729.820556657
"2728","DE","00-04",2025-02-20,2025-03-02,2,"quantile",0.75,230804.973107186
"2729","DE","00-04",2025-02-20,2025-03-02,2,"quantile",0.9,249951.904813556
"2730","DE","00-04",2025-02-20,2025-03-02,2,"quantile",0.975,338840.301813145
"2731","DE","00-04",2025-02-20,2025-03-09,3,"quantile",0.025,62006.5020184667
"2732","DE","00-04",2025-02-20,2025-03-09,3,"quantile",0.1,188626.271746313
"2733","DE","00-04",2025-02-20,2025-03-09,3,"quantile",0.25,202341.503890981
"2734","DE","00-04",2025-02-20,2025-03-09,3,"quantile",0.5,213342.269933234
"2735","DE","00-04",2025-02-20,2025-03-09,3,"quantile",0.75,219251.062543825
"2736","DE","00-04",2025-02-20,2025-03-09,3,"quantile",0.9,234717.215949242
"2737","DE","00-04",2025-02-20,2025-03-09,3,"quantile",0.975,333417.716721323
"2738","DE","00-04",2025-02-20,2025-03-16,4,"quantile",0.025,53786.618253345
"2739","DE","00-04",2025-02-20,2025-03-16,4,"quantile",0.1,175972.891062283
"2740","DE","00-04",2025-02-20,2025-03-16,4,"quantile",0.25,198157.521814977
"2741","DE","00-04",2025-02-20,2025-03-16,4,"quantile",0.5,204711.610238132
"2742","DE","00-04",2025-02-20,2025-03-16,4,"quantile",0.75,210226.130727852
"2743","DE","00-04",2025-02-20,2025-03-16,4,"quantile",0.9,220724.454310398
"2744","DE","00-04",2025-02-20,2025-03-16,4,"quantile",0.975,325360.664816324
"2745","DE","05-14",2025-02-20,2025-02-23,1,"quantile",0.025,52103.923682245
"2746","DE","05-14",2025-02-20,2025-02-23,1,"quantile",0.1,169322.130745691
"2747","DE","05-14",2025-02-20,2025-02-23,1,"quantile",0.25,191082.461546045
"2748","DE","05-14",2025-02-20,2025-02-23,1,"quantile",0.5,213363.608583181
"2749","DE","05-14",2025-02-20,2025-02-23,1,"quantile",0.75,246868.526492477
"2750","DE","05-14",2025-02-20,2025-02-23,1,"quantile",0.9,306674.699950527
"2751","DE","05-14",2025-02-20,2025-02-23,1,"quantile",0.975,382757.069297623
"2752","DE","05-14",2025-02-20,2025-03-02,2,"quantile",0.025,43883.659675118
"2753","DE","05-14",2025-02-20,2025-03-02,2,"quantile",0.1,158225.140888822
"2754","DE","05-14",2025-02-20,2025-03-02,2,"quantile",0.25,166644.981085135
"2755","DE","05-14",2025-02-20,2025-03-02,2,"quantile",0.5,177427.024198217
"2756","DE","05-14",2025-02-20,2025-03-02,2,"quantile",0.75,199932.617668878
"2757","DE","05-14",2025-02-20,2025-03-02,2,"quantile",0.9,247550.296249723
"2758","DE","05-14",2025-02-20,2025-03-02,2,"quantile",0.975,306883.333965548
"2759","DE","05-14",2025-02-20,2025-03-09,3,"quantile",0.025,39324.8236796974
"2760","DE","05-14",2025-02-20,2025-03-09,3,"quantile",0.1,131261.698259918
"2761","DE","05-14",2025-02-20,2025-03-09,3,"quantile",0.25,148361.980765312
"2762","DE","05-14",2025-02-20,2025-03-09,3,"quantile",0.5,164864.038696187
"2763","DE","05-14",2025-02-20,2025-03-09,3,"quantile",0.75,182964.82598334
"2764","DE","05-14",2025-02-20,2025-03-09,3,"quantile",0.9,218708.558838887
"2765","DE","05-14",2025-02-20,2025-03-09,3,"quantile",0.975,298190.638482287
"2766","DE","05-14",2025-02-20,2025-03-16,4,"quantile",0.025,32348.4959022115
"2767","DE","05-14",2025-02-20,2025-03-16,4,"quantile",0.1,125751.616827505
"2768","DE","05-14",2025-02-20,2025-03-16,4,"quantile",0.25,157429.630834091
"2769","DE","05-14",2025-02-20,2025-03-16,4,"quantile",0.5,175730.477723333
"2770","DE","05-14",2025-02-20,2025-03-16,4,"quantile",0.75,190737.052431214
"2771","DE","05-14",2025-02-20,2025-03-16,4,"quantile",0.9,203753.394937402
"2772","DE","05-14",2025-02-20,2025-03-16,4,"quantile",0.975,305333.425870573
"2773","DE","15-34",2025-02-20,2025-02-23,1,"quantile",0.025,114633.266160604
"2774","DE","15-34",2025-02-20,2025-02-23,1,"quantile",0.1,374858.792713624
"2775","DE","15-34",2025-02-20,2025-02-23,1,"quantile",0.25,438489.564934324
"2776","DE","15-34",2025-02-20,2025-02-23,1,"quantile",0.5,481623.629399779
"2777","DE","15-34",2025-02-20,2025-02-23,1,"quantile",0.75,556385.118013666
"2778","DE","15-34",2025-02-20,2025-02-23,1,"quantile",0.9,618037.119060559
"2779","DE","15-34",2025-02-20,2025-02-23,1,"quantile",0.975,673463.274569897
"2780","DE","15-34",2025-02-20,2025-03-02,2,"quantile",0.025,107718.81449147
"2781","DE","15-34",2025-02-20,2025-03-02,2,"quantile",0.1,350381.068168767
"2782","DE","15-34",2025-02-20,2025-03-02,2,"quantile",0.25,376498.237492129
"2783","DE","15-34",2025-02-20,2025-03-02,2,"quantile",0.5,412023.174830458
"2784","DE","15-34",2025-02-20,2025-03-02,2,"quantile",0.75,455634.373768881
"2785","DE","15-34",2025-02-20,2025-03-02,2,"quantile",0.9,529342.465048145
"2786","DE","15-34",2025-02-20,2025-03-02,2,"quantile",0.975,638120.228095756
"2787","DE","15-34",2025-02-20,2025-03-09,3,"quantile",0.025,97606.8857598265
"2788","DE","15-34",2025-02-20,2025-03-09,3,"quantile",0.1,294935.35504039
"2789","DE","15-34",2025-02-20,2025-03-09,3,"quantile",0.25,344165.624959444
"2790","DE","15-34",2025-02-20,2025-03-09,3,"quantile",0.5,376779.935108464
"2791","DE","15-34",2025-02-20,2025-03-09,3,"quantile",0.75,421092.362339576
"2792","DE","15-34",2025-02-20,2025-03-09,3,"quantile",0.9,471482.69585226
"2793","DE","15-34",2025-02-20,2025-03-09,3,"quantile",0.975,561699.141663734
"2794","DE","15-34",2025-02-20,2025-03-16,4,"quantile",0.025,89278.4235193923
"2795","DE","15-34",2025-02-20,2025-03-16,4,"quantile",0.1,289333.230843758
"2796","DE","15-34",2025-02-20,2025-03-16,4,"quantile",0.25,337453.044015991
"2797","DE","15-34",2025-02-20,2025-03-16,4,"quantile",0.5,356092.596615065
"2798","DE","15-34",2025-02-20,2025-03-16,4,"quantile",0.75,370002.052479121
"2799","DE","15-34",2025-02-20,2025-03-16,4,"quantile",0.9,437381.651874813
"2800","DE","15-34",2025-02-20,2025-03-16,4,"quantile",0.975,539096.613525837
"2801","DE","35-59",2025-02-20,2025-02-23,1,"quantile",0.025,129498.881172357
"2802","DE","35-59",2025-02-20,2025-02-23,1,"quantile",0.1,513705.155216811
"2803","DE","35-59",2025-02-20,2025-02-23,1,"quantile",0.25,614953.65187158
"2804","DE","35-59",2025-02-20,2025-02-23,1,"quantile",0.5,703518.88975904
"2805","DE","35-59",2025-02-20,2025-02-23,1,"quantile",0.75,768366.826513257
"2806","DE","35-59",2025-02-20,2025-02-23,1,"quantile",0.9,806544.414408451
"2807","DE","35-59",2025-02-20,2025-02-23,1,"quantile",0.975,903253.520420634
"2808","DE","35-59",2025-02-20,2025-03-02,2,"quantile",0.025,120848.94123654
"2809","DE","35-59",2025-02-20,2025-03-02,2,"quantile",0.1,429685.961840312
"2810","DE","35-59",2025-02-20,2025-03-02,2,"quantile",0.25,512795.644123579
"2811","DE","35-59",2025-02-20,2025-03-02,2,"quantile",0.5,570724.355924506
"2812","DE","35-59",2025-02-20,2025-03-02,2,"quantile",0.75,618176.530658229
"2813","DE","35-59",2025-02-20,2025-03-02,2,"quantile",0.9,708655.488891455
"2814","DE","35-59",2025-02-20,2025-03-02,2,"quantile",0.975,813858.276911774
"2815","DE","35-59",2025-02-20,2025-03-09,3,"quantile",0.025,118153.338497727
"2816","DE","35-59",2025-02-20,2025-03-09,3,"quantile",0.1,365888.812357132
"2817","DE","35-59",2025-02-20,2025-03-09,3,"quantile",0.25,433168.856967207
"2818","DE","35-59",2025-02-20,2025-03-09,3,"quantile",0.5,493106.848240898
"2819","DE","35-59",2025-02-20,2025-03-09,3,"quantile",0.75,551296.474604602
"2820","DE","35-59",2025-02-20,2025-03-09,3,"quantile",0.9,626788.239391482
"2821","DE","35-59",2025-02-20,2025-03-09,3,"quantile",0.975,772968.052698309
"2822","DE","35-59",2025-02-20,2025-03-16,4,"quantile",0.025,113320.286830621
"2823","DE","35-59",2025-02-20,2025-03-16,4,"quantile",0.1,357494.758836249
"2824","DE","35-59",2025-02-20,2025-03-16,4,"quantile",0.25,410531.605999674
"2825","DE","35-59",2025-02-20,2025-03-16,4,"quantile",0.5,447049.178284795
"2826","DE","35-59",2025-02-20,2025-03-16,4,"quantile",0.75,469861.692948839
"2827","DE","35-59",2025-02-20,2025-03-16,4,"quantile",0.9,539264.113121125
"2828","DE","35-59",2025-02-20,2025-03-16,4,"quantile",0.975,780091.975501215
"2829","DE","60+",2025-02-20,2025-02-23,1,"quantile",0.025,53642.8178301039
"2830","DE","60+",2025-02-20,2025-02-23,1,"quantile",0.1,182130.826141589
"2831","DE","60+",2025-02-20,2025-02-23,1,"quantile",0.25,220408.671540077
"2832","DE","60+",2025-02-20,2025-02-23,1,"quantile",0.5,260374.796605976
"2833","DE","60+",2025-02-20,2025-02-23,1,"quantile",0.75,286250.068319506
"2834","DE","60+",2025-02-20,2025-02-23,1,"quantile",0.9,295064.576968692
"2835","DE","60+",2025-02-20,2025-02-23,1,"quantile",0.975,306919.781287141
"2836","DE","60+",2025-02-20,2025-03-02,2,"quantile",0.025,53467.2991618427
"2837","DE","60+",2025-02-20,2025-03-02,2,"quantile",0.1,168015.366032905
"2838","DE","60+",2025-02-20,2025-03-02,2,"quantile",0.25,192176.018450084
"2839","DE","60+",2025-02-20,2025-03-02,2,"quantile",0.5,232350.447475929
"2840","DE","60+",2025-02-20,2025-03-02,2,"quantile",0.75,271448.435238307
"2841","DE","60+",2025-02-20,2025-03-02,2,"quantile",0.9,279518.380349656
"2842","DE","60+",2025-02-20,2025-03-02,2,"quantile",0.975,303441.961050057
"2843","DE","60+",2025-02-20,2025-03-09,3,"quantile",0.025,53069.7437280014
"2844","DE","60+",2025-02-20,2025-03-09,3,"quantile",0.1,145571.61423126
"2845","DE","60+",2025-02-20,2025-03-09,3,"quantile",0.25,164679.188514637
"2846","DE","60+",2025-02-20,2025-03-09,3,"quantile",0.5,187383.420417941
"2847","DE","60+",2025-02-20,2025-03-09,3,"quantile",0.75,227866.090933749
"2848","DE","60+",2025-02-20,2025-03-09,3,"quantile",0.9,255682.605885882
"2849","DE","60+",2025-02-20,2025-03-09,3,"quantile",0.975,297600.328043068
"2850","DE","60+",2025-02-20,2025-03-16,4,"quantile",0.025,49696.4616165261
"2851","DE","60+",2025-02-20,2025-03-16,4,"quantile",0.1,129571.532649345
"2852","DE","60+",2025-02-20,2025-03-16,4,"quantile",0.25,149913.44916926
"2853","DE","60+",2025-02-20,2025-03-16,4,"quantile",0.5,162431.763400709
"2854","DE","60+",2025-02-20,2025-03-16,4,"quantile",0.75,193498.516673065
"2855","DE","60+",2025-02-20,2025-03-16,4,"quantile",0.9,236639.370344361
"2856","DE","60+",2025-02-20,2025-03-16,4,"quantile",0.975,271152.346000058
"2857","DE","00+",2025-02-27,2025-03-02,1,"quantile",0.025,449812.902746418
"2858","DE","00+",2025-02-27,2025-03-02,1,"quantile",0.1,1460418.03794478
"2859","DE","00+",2025-02-27,2025-03-02,1,"quantile",0.25,1690948.11552674
"2860","DE","00+",2025-02-27,2025-03-02,1,"quantile",0.5,1844486.91924962
"2861","DE","00+",2025-02-27,2025-03-02,1,"quantile",0.75,2044220.69892479
"2862","DE","00+",2025-02-27,2025-03-02,1,"quantile",0.9,2272807.85028821
"2863","DE","00+",2025-02-27,2025-03-02,1,"quantile",0.975,2528840.0188954
"2864","DE","00+",2025-02-27,2025-03-09,2,"quantile",0.025,427444.84418158
"2865","DE","00+",2025-02-27,2025-03-09,2,"quantile",0.1,1384828.30420767
"2866","DE","00+",2025-02-27,2025-03-09,2,"quantile",0.25,1471673.73301741
"2867","DE","00+",2025-02-27,2025-03-09,2,"quantile",0.5,1553441.5616729
"2868","DE","00+",2025-02-27,2025-03-09,2,"quantile",0.75,1678355.4122962
"2869","DE","00+",2025-02-27,2025-03-09,2,"quantile",0.9,1874208.13692281
"2870","DE","00+",2025-02-27,2025-03-09,2,"quantile",0.975,2421810.31756435
"2871","DE","00+",2025-02-27,2025-03-16,3,"quantile",0.025,384506.025158472
"2872","DE","00+",2025-02-27,2025-03-16,3,"quantile",0.1,1176441.22954887
"2873","DE","00+",2025-02-27,2025-03-16,3,"quantile",0.25,1261248.64896993
"2874","DE","00+",2025-02-27,2025-03-16,3,"quantile",0.5,1378815.76772755
"2875","DE","00+",2025-02-27,2025-03-16,3,"quantile",0.75,1540641.38818832
"2876","DE","00+",2025-02-27,2025-03-16,3,"quantile",0.9,1762237.75831559
"2877","DE","00+",2025-02-27,2025-03-16,3,"quantile",0.975,2303614.97575219
"2878","DE","00+",2025-02-27,2025-03-23,4,"quantile",0.025,338884.11778863
"2879","DE","00+",2025-02-27,2025-03-23,4,"quantile",0.1,978079.043877439
"2880","DE","00+",2025-02-27,2025-03-23,4,"quantile",0.25,1118849.79212834
"2881","DE","00+",2025-02-27,2025-03-23,4,"quantile",0.5,1199257.13433624
"2882","DE","00+",2025-02-27,2025-03-23,4,"quantile",0.75,1261453.64786948
"2883","DE","00+",2025-02-27,2025-03-23,4,"quantile",0.9,1386018.49510021
"2884","DE","00+",2025-02-27,2025-03-23,4,"quantile",0.975,2340462.93545125
"2885","DE","00-04",2025-02-27,2025-03-02,1,"quantile",0.025,84401.9928845365
"2886","DE","00-04",2025-02-27,2025-03-02,1,"quantile",0.1,219951.986370314
"2887","DE","00-04",2025-02-27,2025-03-02,1,"quantile",0.25,231216.280496174
"2888","DE","00-04",2025-02-27,2025-03-02,1,"quantile",0.5,241115.218727432
"2889","DE","00-04",2025-02-27,2025-03-02,1,"quantile",0.75,255884.578919117
"2890","DE","00-04",2025-02-27,2025-03-02,1,"quantile",0.9,277290.613364294
"2891","DE","00-04",2025-02-27,2025-03-02,1,"quantile",0.975,346270.245802242
"2892","DE","00-04",2025-02-27,2025-03-09,2,"quantile",0.025,70161.7748447142
"2893","DE","00-04",2025-02-27,2025-03-09,2,"quantile",0.1,197767.563423379
"2894","DE","00-04",2025-02-27,2025-03-09,2,"quantile",0.25,205101.695082813
"2895","DE","00-04",2025-02-27,2025-03-09,2,"quantile",0.5,212469.789108919
"2896","DE","00-04",2025-02-27,2025-03-09,2,"quantile",0.75,220956.449849311
"2897","DE","00-04",2025-02-27,2025-03-09,2,"quantile",0.9,242967.748522797
"2898","DE","00-04",2025-02-27,2025-03-09,2,"quantile",0.975,327823.087417805
"2899","DE","00-04",2025-02-27,2025-03-16,3,"quantile",0.025,59936.2942274434
"2900","DE","00-04",2025-02-27,2025-03-16,3,"quantile",0.1,183540.964842879
"2901","DE","00-04",2025-02-27,2025-03-16,3,"quantile",0.25,190733.968534217
"2902","DE","00-04",2025-02-27,2025-03-16,3,"quantile",0.5,196722.619688506
"2903","DE","00-04",2025-02-27,2025-03-16,3,"quantile",0.75,203613.416649612
"2904","DE","00-04",2025-02-27,2025-03-16,3,"quantile",0.9,220690.268301342
"2905","DE","00-04",2025-02-27,2025-03-16,3,"quantile",0.975,335755.378200403
"2906","DE","00-04",2025-02-27,2025-03-23,4,"quantile",0.025,52174.1271383022
"2907","DE","00-04",2025-02-27,2025-03-23,4,"quantile",0.1,152937.560830125
"2908","DE","00-04",2025-02-27,2025-03-23,4,"quantile",0.25,180778.081897563
"2909","DE","00-04",2025-02-27,2025-03-23,4,"quantile",0.5,190716.16993321
"2910","DE","00-04",2025-02-27,2025-03-23,4,"quantile",0.75,196777.931109922
"2911","DE","00-04",2025-02-27,2025-03-23,4,"quantile",0.9,206123.526468257
"2912","DE","00-04",2025-02-27,2025-03-23,4,"quantile",0.975,338172.607052814
"2913","DE","05-14",2025-02-27,2025-03-02,1,"quantile",0.025,51688.8440952325
"2914","DE","05-14",2025-02-27,2025-03-02,1,"quantile",0.1,157208.071304145
"2915","DE","05-14",2025-02-27,2025-03-02,1,"quantile",0.25,183660.99735406
"2916","DE","05-14",2025-02-27,2025-03-02,1,"quantile",0.5,207884.168086578
"2917","DE","05-14",2025-02-27,2025-03-02,1,"quantile",0.75,250756.06029425
"2918","DE","05-14",2025-02-27,2025-03-02,1,"quantile",0.9,308067.321862617
"2919","DE","05-14",2025-02-27,2025-03-02,1,"quantile",0.975,389863.675218659
"2920","DE","05-14",2025-02-27,2025-03-09,2,"quantile",0.025,43724.867031588
"2921","DE","05-14",2025-02-27,2025-03-09,2,"quantile",0.1,143988.669804979
"2922","DE","05-14",2025-02-27,2025-03-09,2,"quantile",0.25,152149.055371692
"2923","DE","05-14",2025-02-27,2025-03-09,2,"quantile",0.5,169364.791474421
"2924","DE","05-14",2025-02-27,2025-03-09,2,"quantile",0.75,194541.662400865
"2925","DE","05-14",2025-02-27,2025-03-09,2,"quantile",0.9,245480.242123714
"2926","DE","05-14",2025-02-27,2025-03-09,2,"quantile",0.975,305516.17446123
"2927","DE","05-14",2025-02-27,2025-03-16,3,"quantile",0.025,39408.1635179349
"2928","DE","05-14",2025-02-27,2025-03-16,3,"quantile",0.1,127554.808172641
"2929","DE","05-14",2025-02-27,2025-03-16,3,"quantile",0.25,155302.122618672
"2930","DE","05-14",2025-02-27,2025-03-16,3,"quantile",0.5,168246.702680514
"2931","DE","05-14",2025-02-27,2025-03-16,3,"quantile",0.75,188829.168569274
"2932","DE","05-14",2025-02-27,2025-03-16,3,"quantile",0.9,212118.988115398
"2933","DE","05-14",2025-02-27,2025-03-16,3,"quantile",0.975,306565.953663633
"2934","DE","05-14",2025-02-27,2025-03-23,4,"quantile",0.025,31990.5795861192
"2935","DE","05-14",2025-02-27,2025-03-23,4,"quantile",0.1,106350.963965959
"2936","DE","05-14",2025-02-27,2025-03-23,4,"quantile",0.25,136645.439051497
"2937","DE","05-14",2025-02-27,2025-03-23,4,"quantile",0.5,146217.41352292
"2938","DE","05-14",2025-02-27,2025-03-23,4,"quantile",0.75,163713.076062152
"2939","DE","05-14",2025-02-27,2025-03-23,4,"quantile",0.9,191472.033568954
"2940","DE","05-14",2025-02-27,2025-03-23,4,"quantile",0.975,293803.919762364
"2941","DE","15-34",2025-02-27,2025-03-02,1,"quantile",0.025,114723.44941366
"2942","DE","15-34",2025-02-27,2025-03-02,1,"quantile",0.1,367586.682513817
"2943","DE","15-34",2025-02-27,2025-03-02,1,"quantile",0.25,419722.896383493
"2944","DE","15-34",2025-02-27,2025-03-02,1,"quantile",0.5,448903.003410308
"2945","DE","15-34",2025-02-27,2025-03-02,1,"quantile",0.75,515970.890172488
"2946","DE","15-34",2025-02-27,2025-03-02,1,"quantile",0.9,587215.139077316
"2947","DE","15-34",2025-02-27,2025-03-02,1,"quantile",0.975,677770.328504668
"2948","DE","15-34",2025-02-27,2025-03-09,2,"quantile",0.025,105819.100009636
"2949","DE","15-34",2025-02-27,2025-03-09,2,"quantile",0.1,334118.543651611
"2950","DE","15-34",2025-02-27,2025-03-09,2,"quantile",0.25,358854.20484525
"2951","DE","15-34",2025-02-27,2025-03-09,2,"quantile",0.5,398332.840319239
"2952","DE","15-34",2025-02-27,2025-03-09,2,"quantile",0.75,435751.136171381
"2953","DE","15-34",2025-02-27,2025-03-09,2,"quantile",0.9,494031.702529699
"2954","DE","15-34",2025-02-27,2025-03-09,2,"quantile",0.975,648557.79169172
"2955","DE","15-34",2025-02-27,2025-03-16,3,"quantile",0.025,96730.4579238414
"2956","DE","15-34",2025-02-27,2025-03-16,3,"quantile",0.1,298405.786588053
"2957","DE","15-34",2025-02-27,2025-03-16,3,"quantile",0.25,339346.190117239
"2958","DE","15-34",2025-02-27,2025-03-16,3,"quantile",0.5,357573.108389712
"2959","DE","15-34",2025-02-27,2025-03-16,3,"quantile",0.75,401807.603297271
"2960","DE","15-34",2025-02-27,2025-03-16,3,"quantile",0.9,453529.748276592
"2961","DE","15-34",2025-02-27,2025-03-16,3,"quantile",0.975,560108.79606575
"2962","DE","15-34",2025-02-27,2025-03-23,4,"quantile",0.025,89819.4355886211
"2963","DE","15-34",2025-02-27,2025-03-23,4,"quantile",0.1,262135.225452202
"2964","DE","15-34",2025-02-27,2025-03-23,4,"quantile",0.25,289925.777736924
"2965","DE","15-34",2025-02-27,2025-03-23,4,"quantile",0.5,315584.528922965
"2966","DE","15-34",2025-02-27,2025-03-23,4,"quantile",0.75,337812.909978689
"2967","DE","15-34",2025-02-27,2025-03-23,4,"quantile",0.9,383563.647318085
"2968","DE","15-34",2025-02-27,2025-03-23,4,"quantile",0.975,548744.963306353
"2969","DE","35-59",2025-02-27,2025-03-02,1,"quantile",0.025,130148.115715959
"2970","DE","35-59",2025-02-27,2025-03-02,1,"quantile",0.1,500170.111084086
"2971","DE","35-59",2025-02-27,2025-03-02,1,"quantile",0.25,597414.245627068
"2972","DE","35-59",2025-02-27,2025-03-02,1,"quantile",0.5,640334.931654552
"2973","DE","35-59",2025-02-27,2025-03-02,1,"quantile",0.75,729961.314257039
"2974","DE","35-59",2025-02-27,2025-03-02,1,"quantile",0.9,804887.911278466
"2975","DE","35-59",2025-02-27,2025-03-02,1,"quantile",0.975,865192.137763424
"2976","DE","35-59",2025-02-27,2025-03-09,2,"quantile",0.025,123687.882876147
"2977","DE","35-59",2025-02-27,2025-03-09,2,"quantile",0.1,434766.15643624
"2978","DE","35-59",2025-02-27,2025-03-09,2,"quantile",0.25,520963.890298507
"2979","DE","35-59",2025-02-27,2025-03-09,2,"quantile",0.5,564190.016262725
"2980","DE","35-59",2025-02-27,2025-03-09,2,"quantile",0.75,618893.972913758
"2981","DE","35-59",2025-02-27,2025-03-09,2,"quantile",0.9,693471.813531372
"2982","DE","35-59",2025-02-27,2025-03-09,2,"quantile",0.975,795159.408805291
"2983","DE","35-59",2025-02-27,2025-03-16,3,"quantile",0.025,117501.077543674
"2984","DE","35-59",2025-02-27,2025-03-16,3,"quantile",0.1,358222.445313062
"2985","DE","35-59",2025-02-27,2025-03-16,3,"quantile",0.25,417331.943588489
"2986","DE","35-59",2025-02-27,2025-03-16,3,"quantile",0.5,472313.311440753
"2987","DE","35-59",2025-02-27,2025-03-16,3,"quantile",0.75,537828.2735891
"2988","DE","35-59",2025-02-27,2025-03-16,3,"quantile",0.9,582971.688847397
"2989","DE","35-59",2025-02-27,2025-03-16,3,"quantile",0.975,760892.228037233
"2990","DE","35-59",2025-02-27,2025-03-23,4,"quantile",0.025,114900.581122574
"2991","DE","35-59",2025-02-27,2025-03-23,4,"quantile",0.1,316906.183918953
"2992","DE","35-59",2025-02-27,2025-03-23,4,"quantile",0.25,354400.686535554
"2993","DE","35-59",2025-02-27,2025-03-23,4,"quantile",0.5,391243.498694488
"2994","DE","35-59",2025-02-27,2025-03-23,4,"quantile",0.75,430405.935982748
"2995","DE","35-59",2025-02-27,2025-03-23,4,"quantile",0.9,509517.57175632
"2996","DE","35-59",2025-02-27,2025-03-23,4,"quantile",0.975,785338.832731012
"2997","DE","60+",2025-02-27,2025-03-02,1,"quantile",0.025,55801.9260069871
"2998","DE","60+",2025-02-27,2025-03-02,1,"quantile",0.1,183290.483126864
"2999","DE","60+",2025-02-27,2025-03-02,1,"quantile",0.25,214882.383126617
"3000","DE","60+",2025-02-27,2025-03-02,1,"quantile",0.5,256765.305299566
"3001","DE","60+",2025-02-27,2025-03-02,1,"quantile",0.75,283076.940849301
"3002","DE","60+",2025-02-27,2025-03-02,1,"quantile",0.9,296302.286145016
"3003","DE","60+",2025-02-27,2025-03-02,1,"quantile",0.975,311297.692673804
"3004","DE","60+",2025-02-27,2025-03-09,2,"quantile",0.025,53700.0954718665
"3005","DE","60+",2025-02-27,2025-03-09,2,"quantile",0.1,168396.823166074
"3006","DE","60+",2025-02-27,2025-03-09,2,"quantile",0.25,192453.152358907
"3007","DE","60+",2025-02-27,2025-03-09,2,"quantile",0.5,233836.13210835
"3008","DE","60+",2025-02-27,2025-03-09,2,"quantile",0.75,262243.025172503
"3009","DE","60+",2025-02-27,2025-03-09,2,"quantile",0.9,276433.311587648
"3010","DE","60+",2025-02-27,2025-03-09,2,"quantile",0.975,303982.953857285
"3011","DE","60+",2025-02-27,2025-03-16,3,"quantile",0.025,52958.0362198664
"3012","DE","60+",2025-02-27,2025-03-16,3,"quantile",0.1,147071.418614453
"3013","DE","60+",2025-02-27,2025-03-16,3,"quantile",0.25,159878.136977812
"3014","DE","60+",2025-02-27,2025-03-16,3,"quantile",0.5,186020.105064319
"3015","DE","60+",2025-02-27,2025-03-16,3,"quantile",0.75,214824.142262138
"3016","DE","60+",2025-02-27,2025-03-16,3,"quantile",0.9,240833.729472582
"3017","DE","60+",2025-02-27,2025-03-16,3,"quantile",0.975,295131.673497566
"3018","DE","60+",2025-02-27,2025-03-23,4,"quantile",0.025,49285.4269684816
"3019","DE","60+",2025-02-27,2025-03-23,4,"quantile",0.1,122716.985338126
"3020","DE","60+",2025-02-27,2025-03-23,4,"quantile",0.25,131887.017482007
"3021","DE","60+",2025-02-27,2025-03-23,4,"quantile",0.5,143526.090268563
"3022","DE","60+",2025-02-27,2025-03-23,4,"quantile",0.75,167288.770441235
"3023","DE","60+",2025-02-27,2025-03-23,4,"quantile",0.9,198572.12552073
"3024","DE","60+",2025-02-27,2025-03-23,4,"quantile",0.975,263258.369509979
"3025","DE","00+",2025-03-06,2025-03-09,1,"quantile",0.025,445539.666905401
"3026","DE","00+",2025-03-06,2025-03-09,1,"quantile",0.1,1387835.46830243
"3027","DE","00+",2025-03-06,2025-03-09,1,"quantile",0.25,1507568.7882418
"3028","DE","00+",2025-03-06,2025-03-09,1,"quantile",0.5,1673126.31778343
"3029","DE","00+",2025-03-06,2025-03-09,1,"quantile",0.75,1946316.56607272
"3030","DE","00+",2025-03-06,2025-03-09,1,"quantile",0.9,2182084.44798067
"3031","DE","00+",2025-03-06,2025-03-09,1,"quantile",0.975,2497000.8815898
"3032","DE","00+",2025-03-06,2025-03-16,2,"quantile",0.025,424750.9230446
"3033","DE","00+",2025-03-06,2025-03-16,2,"quantile",0.1,1316523.10092773
"3034","DE","00+",2025-03-06,2025-03-16,2,"quantile",0.25,1437166.74725672
"3035","DE","00+",2025-03-06,2025-03-16,2,"quantile",0.5,1513263.72360263
"3036","DE","00+",2025-03-06,2025-03-16,2,"quantile",0.75,1596831.84699356
"3037","DE","00+",2025-03-06,2025-03-16,2,"quantile",0.9,1778103.87792383
"3038","DE","00+",2025-03-06,2025-03-16,2,"quantile",0.975,2380096.66594439
"3039","DE","00+",2025-03-06,2025-03-23,3,"quantile",0.025,384580.329619997
"3040","DE","00+",2025-03-06,2025-03-23,3,"quantile",0.1,999953.943888083
"3041","DE","00+",2025-03-06,2025-03-23,3,"quantile",0.25,1149034.7865837
"3042","DE","00+",2025-03-06,2025-03-23,3,"quantile",0.5,1240481.81994968
"3043","DE","00+",2025-03-06,2025-03-23,3,"quantile",0.75,1369803.05872551
"3044","DE","00+",2025-03-06,2025-03-23,3,"quantile",0.9,1575959.83876982
"3045","DE","00+",2025-03-06,2025-03-23,3,"quantile",0.975,2313974.83227427
"3046","DE","00+",2025-03-06,2025-03-30,4,"quantile",0.025,329665.804200623
"3047","DE","00+",2025-03-06,2025-03-30,4,"quantile",0.1,830089.859597358
"3048","DE","00+",2025-03-06,2025-03-30,4,"quantile",0.25,882437.436934643
"3049","DE","00+",2025-03-06,2025-03-30,4,"quantile",0.5,917642.769832237
"3050","DE","00+",2025-03-06,2025-03-30,4,"quantile",0.75,1038970.74474942
"3051","DE","00+",2025-03-06,2025-03-30,4,"quantile",0.9,1330205.60492376
"3052","DE","00+",2025-03-06,2025-03-30,4,"quantile",0.975,2298713.35731453
"3053","DE","00-04",2025-03-06,2025-03-09,1,"quantile",0.025,84508.5440516187
"3054","DE","00-04",2025-03-06,2025-03-09,1,"quantile",0.1,206963.0993453
"3055","DE","00-04",2025-03-06,2025-03-09,1,"quantile",0.25,222954.804903004
"3056","DE","00-04",2025-03-06,2025-03-09,1,"quantile",0.5,231850.087010282
"3057","DE","00-04",2025-03-06,2025-03-09,1,"quantile",0.75,244704.97540963
"3058","DE","00-04",2025-03-06,2025-03-09,1,"quantile",0.9,267168.332362468
"3059","DE","00-04",2025-03-06,2025-03-09,1,"quantile",0.975,341116.418314162
"3060","DE","00-04",2025-03-06,2025-03-16,2,"quantile",0.025,70896.1030425032
"3061","DE","00-04",2025-03-06,2025-03-16,2,"quantile",0.1,186090.752479123
"3062","DE","00-04",2025-03-06,2025-03-16,2,"quantile",0.25,198307.940131342
"3063","DE","00-04",2025-03-06,2025-03-16,2,"quantile",0.5,204204.628265279
"3064","DE","00-04",2025-03-06,2025-03-16,2,"quantile",0.75,213780.555444392
"3065","DE","00-04",2025-03-06,2025-03-16,2,"quantile",0.9,240254.377930027
"3066","DE","00-04",2025-03-06,2025-03-16,2,"quantile",0.975,338279.077846269
"3067","DE","00-04",2025-03-06,2025-03-23,3,"quantile",0.025,59528.6260679936
"3068","DE","00-04",2025-03-06,2025-03-23,3,"quantile",0.1,149074.726194866
"3069","DE","00-04",2025-03-06,2025-03-23,3,"quantile",0.25,176281.774909722
"3070","DE","00-04",2025-03-06,2025-03-23,3,"quantile",0.5,184528.355663899
"3071","DE","00-04",2025-03-06,2025-03-23,3,"quantile",0.75,193359.888317141
"3072","DE","00-04",2025-03-06,2025-03-23,3,"quantile",0.9,215423.761826868
"3073","DE","00-04",2025-03-06,2025-03-23,3,"quantile",0.975,337907.987662059
"3074","DE","00-04",2025-03-06,2025-03-30,4,"quantile",0.025,51544.8283519455
"3075","DE","00-04",2025-03-06,2025-03-30,4,"quantile",0.1,103363.565084982
"3076","DE","00-04",2025-03-06,2025-03-30,4,"quantile",0.25,154038.143316296
"3077","DE","00-04",2025-03-06,2025-03-30,4,"quantile",0.5,163743.318087383
"3078","DE","00-04",2025-03-06,2025-03-30,4,"quantile",0.75,175943.124868844
"3079","DE","00-04",2025-03-06,2025-03-30,4,"quantile",0.9,203996.348977572
"3080","DE","00-04",2025-03-06,2025-03-30,4,"quantile",0.975,338546.076760406
"3081","DE","05-14",2025-03-06,2025-03-09,1,"quantile",0.025,51261.8781583436
"3082","DE","05-14",2025-03-06,2025-03-09,1,"quantile",0.1,149126.476675172
"3083","DE","05-14",2025-03-06,2025-03-09,1,"quantile",0.25,184061.009856055
"3084","DE","05-14",2025-03-06,2025-03-09,1,"quantile",0.5,207342.512078235
"3085","DE","05-14",2025-03-06,2025-03-09,1,"quantile",0.75,241229.929457073
"3086","DE","05-14",2025-03-06,2025-03-09,1,"quantile",0.9,293424.816298791
"3087","DE","05-14",2025-03-06,2025-03-09,1,"quantile",0.975,382942.415800542
"3088","DE","05-14",2025-03-06,2025-03-16,2,"quantile",0.025,42079.0560077644
"3089","DE","05-14",2025-03-06,2025-03-16,2,"quantile",0.1,133368.606923603
"3090","DE","05-14",2025-03-06,2025-03-16,2,"quantile",0.25,146078.67934346
"3091","DE","05-14",2025-03-06,2025-03-16,2,"quantile",0.5,179440.723678541
"3092","DE","05-14",2025-03-06,2025-03-16,2,"quantile",0.75,194618.759775495
"3093","DE","05-14",2025-03-06,2025-03-16,2,"quantile",0.9,229695.672367347
"3094","DE","05-14",2025-03-06,2025-03-16,2,"quantile",0.975,325848.836795543
"3095","DE","05-14",2025-03-06,2025-03-23,3,"quantile",0.025,38856.9948770309
"3096","DE","05-14",2025-03-06,2025-03-23,3,"quantile",0.1,103303.453289388
"3097","DE","05-14",2025-03-06,2025-03-23,3,"quantile",0.25,130035.344574176
"3098","DE","05-14",2025-03-06,2025-03-23,3,"quantile",0.5,148800.283459008
"3099","DE","05-14",2025-03-06,2025-03-23,3,"quantile",0.75,167654.060205362
"3100","DE","05-14",2025-03-06,2025-03-23,3,"quantile",0.9,196913.315296187
"3101","DE","05-14",2025-03-06,2025-03-23,3,"quantile",0.975,320011.060636545
"3102","DE","05-14",2025-03-06,2025-03-30,4,"quantile",0.025,32292.0210368381
"3103","DE","05-14",2025-03-06,2025-03-30,4,"quantile",0.1,70917.0503756415
"3104","DE","05-14",2025-03-06,2025-03-30,4,"quantile",0.25,94475.2020052066
"3105","DE","05-14",2025-03-06,2025-03-30,4,"quantile",0.5,111604.963150997
"3106","DE","05-14",2025-03-06,2025-03-30,4,"quantile",0.75,126181.672440525
"3107","DE","05-14",2025-03-06,2025-03-30,4,"quantile",0.9,188954.320974375
"3108","DE","05-14",2025-03-06,2025-03-30,4,"quantile",0.975,333826.044180643
"3109","DE","15-34",2025-03-06,2025-03-09,1,"quantile",0.025,114147.118650568
"3110","DE","15-34",2025-03-06,2025-03-09,1,"quantile",0.1,341934.617027967
"3111","DE","15-34",2025-03-06,2025-03-09,1,"quantile",0.25,383450.345298608
"3112","DE","15-34",2025-03-06,2025-03-09,1,"quantile",0.5,414222.327975266
"3113","DE","15-34",2025-03-06,2025-03-09,1,"quantile",0.75,464562.289316504
"3114","DE","15-34",2025-03-06,2025-03-09,1,"quantile",0.9,527370.899220897
"3115","DE","15-34",2025-03-06,2025-03-09,1,"quantile",0.975,642113.438062114
"3116","DE","15-34",2025-03-06,2025-03-16,2,"quantile",0.025,105707.615848837
"3117","DE","15-34",2025-03-06,2025-03-16,2,"quantile",0.1,323203.695828123
"3118","DE","15-34",2025-03-06,2025-03-16,2,"quantile",0.25,354482.630104798
"3119","DE","15-34",2025-03-06,2025-03-16,2,"quantile",0.5,379521.169512692
"3120","DE","15-34",2025-03-06,2025-03-16,2,"quantile",0.75,409442.302656592
"3121","DE","15-34",2025-03-06,2025-03-16,2,"quantile",0.9,462595.738576399
"3122","DE","15-34",2025-03-06,2025-03-16,2,"quantile",0.975,627350.98097652
"3123","DE","15-34",2025-03-06,2025-03-23,3,"quantile",0.025,97451.2109875308
"3124","DE","15-34",2025-03-06,2025-03-23,3,"quantile",0.1,257084.826093258
"3125","DE","15-34",2025-03-06,2025-03-23,3,"quantile",0.25,285788.260975232
"3126","DE","15-34",2025-03-06,2025-03-23,3,"quantile",0.5,326252.611765538
"3127","DE","15-34",2025-03-06,2025-03-23,3,"quantile",0.75,360073.979839085
"3128","DE","15-34",2025-03-06,2025-03-23,3,"quantile",0.9,413777.590267073
"3129","DE","15-34",2025-03-06,2025-03-23,3,"quantile",0.975,581711.910764005
"3130","DE","15-34",2025-03-06,2025-03-30,4,"quantile",0.025,87010.7318508063
"3131","DE","15-34",2025-03-06,2025-03-30,4,"quantile",0.1,210074.313277385
"3132","DE","15-34",2025-03-06,2025-03-30,4,"quantile",0.25,224776.117213151
"3133","DE","15-34",2025-03-06,2025-03-30,4,"quantile",0.5,239912.342620961
"3134","DE","15-34",2025-03-06,2025-03-30,4,"quantile",0.75,277464.473073703
"3135","DE","15-34",2025-03-06,2025-03-30,4,"quantile",0.9,347787.588019706
"3136","DE","15-34",2025-03-06,2025-03-30,4,"quantile",0.975,587208.147065144
"3137","DE","35-59",2025-03-06,2025-03-09,1,"quantile",0.025,130540.006279987
"3138","DE","35-59",2025-03-06,2025-03-09,1,"quantile",0.1,465885.73068914
"3139","DE","35-59",2025-03-06,2025-03-09,1,"quantile",0.25,543387.35558704
"3140","DE","35-59",2025-03-06,2025-03-09,1,"quantile",0.5,604971.196948521
"3141","DE","35-59",2025-03-06,2025-03-09,1,"quantile",0.75,689874.947360125
"3142","DE","35-59",2025-03-06,2025-03-09,1,"quantile",0.9,770133.946279347
"3143","DE","35-59",2025-03-06,2025-03-09,1,"quantile",0.975,857980.614681257
"3144","DE","35-59",2025-03-06,2025-03-16,2,"quantile",0.025,120705.500829043
"3145","DE","35-59",2025-03-06,2025-03-16,2,"quantile",0.1,402583.8264864
"3146","DE","35-59",2025-03-06,2025-03-16,2,"quantile",0.25,493397.314338785
"3147","DE","35-59",2025-03-06,2025-03-16,2,"quantile",0.5,530531.210695488
"3148","DE","35-59",2025-03-06,2025-03-16,2,"quantile",0.75,579961.793964267
"3149","DE","35-59",2025-03-06,2025-03-16,2,"quantile",0.9,631523.783289029
"3150","DE","35-59",2025-03-06,2025-03-16,2,"quantile",0.975,813168.324455885
"3151","DE","35-59",2025-03-06,2025-03-23,3,"quantile",0.025,118221.403651662
"3152","DE","35-59",2025-03-06,2025-03-23,3,"quantile",0.1,310588.381810152
"3153","DE","35-59",2025-03-06,2025-03-23,3,"quantile",0.25,369180.756957061
"3154","DE","35-59",2025-03-06,2025-03-23,3,"quantile",0.5,420000.486860024
"3155","DE","35-59",2025-03-06,2025-03-23,3,"quantile",0.75,476336.847490805
"3156","DE","35-59",2025-03-06,2025-03-23,3,"quantile",0.9,556124.154679507
"3157","DE","35-59",2025-03-06,2025-03-23,3,"quantile",0.975,761952.775860595
"3158","DE","35-59",2025-03-06,2025-03-30,4,"quantile",0.025,114627.929629533
"3159","DE","35-59",2025-03-06,2025-03-30,4,"quantile",0.1,272901.146786934
"3160","DE","35-59",2025-03-06,2025-03-30,4,"quantile",0.25,293055.827927093
"3161","DE","35-59",2025-03-06,2025-03-30,4,"quantile",0.5,311755.699133006
"3162","DE","35-59",2025-03-06,2025-03-30,4,"quantile",0.75,344331.302758402
"3163","DE","35-59",2025-03-06,2025-03-30,4,"quantile",0.9,435889.607383869
"3164","DE","35-59",2025-03-06,2025-03-30,4,"quantile",0.975,763054.45566476
"3165","DE","60+",2025-03-06,2025-03-09,1,"quantile",0.025,53970.3645087211
"3166","DE","60+",2025-03-06,2025-03-09,1,"quantile",0.1,174009.165307459
"3167","DE","60+",2025-03-06,2025-03-09,1,"quantile",0.25,198106.742729166
"3168","DE","60+",2025-03-06,2025-03-09,1,"quantile",0.5,235874.297092267
"3169","DE","60+",2025-03-06,2025-03-09,1,"quantile",0.75,268855.438666932
"3170","DE","60+",2025-03-06,2025-03-09,1,"quantile",0.9,285982.215551979
"3171","DE","60+",2025-03-06,2025-03-09,1,"quantile",0.975,301307.462731465
"3172","DE","60+",2025-03-06,2025-03-16,2,"quantile",0.025,53946.1576109194
"3173","DE","60+",2025-03-06,2025-03-16,2,"quantile",0.1,162872.093713351
"3174","DE","60+",2025-03-06,2025-03-16,2,"quantile",0.25,179586.828642891
"3175","DE","60+",2025-03-06,2025-03-16,2,"quantile",0.5,217793.765566145
"3176","DE","60+",2025-03-06,2025-03-16,2,"quantile",0.75,246280.956373473
"3177","DE","60+",2025-03-06,2025-03-16,2,"quantile",0.9,260125.16986629
"3178","DE","60+",2025-03-06,2025-03-16,2,"quantile",0.975,290545.503670179
"3179","DE","60+",2025-03-06,2025-03-23,3,"quantile",0.025,52953.8422951863
"3180","DE","60+",2025-03-06,2025-03-23,3,"quantile",0.1,136595.707390678
"3181","DE","60+",2025-03-06,2025-03-23,3,"quantile",0.25,148946.012169065
"3182","DE","60+",2025-03-06,2025-03-23,3,"quantile",0.5,165648.383807991
"3183","DE","60+",2025-03-06,2025-03-23,3,"quantile",0.75,189871.845737226
"3184","DE","60+",2025-03-06,2025-03-23,3,"quantile",0.9,220713.703729016
"3185","DE","60+",2025-03-06,2025-03-23,3,"quantile",0.975,288711.695068573
"3186","DE","60+",2025-03-06,2025-03-30,4,"quantile",0.025,49503.131853601
"3187","DE","60+",2025-03-06,2025-03-30,4,"quantile",0.1,110496.112330711
"3188","DE","60+",2025-03-06,2025-03-30,4,"quantile",0.25,119005.047536658
"3189","DE","60+",2025-03-06,2025-03-30,4,"quantile",0.5,126807.364475752
"3190","DE","60+",2025-03-06,2025-03-30,4,"quantile",0.75,145247.287787343
"3191","DE","60+",2025-03-06,2025-03-30,4,"quantile",0.9,173990.443772379
"3192","DE","60+",2025-03-06,2025-03-30,4,"quantile",0.975,277722.206225545
"3193","DE","00+",2025-03-13,2025-03-16,1,"quantile",0.025,447921.293242403
"3194","DE","00+",2025-03-13,2025-03-16,1,"quantile",0.1,1203817.84357941
"3195","DE","00+",2025-03-13,2025-03-16,1,"quantile",0.25,1342827.77171228
"3196","DE","00+",2025-03-13,2025-03-16,1,"quantile",0.5,1429928.29446793
"3197","DE","00+",2025-03-13,2025-03-16,1,"quantile",0.75,1589604.47163768
"3198","DE","00+",2025-03-13,2025-03-16,1,"quantile",0.9,1774691.24304832
"3199","DE","00+",2025-03-13,2025-03-16,1,"quantile",0.975,2063055.81319073
"3200","DE","00+",2025-03-13,2025-03-23,2,"quantile",0.025,425424.47099374
"3201","DE","00+",2025-03-13,2025-03-23,2,"quantile",0.1,1044010.44302259
"3202","DE","00+",2025-03-13,2025-03-23,2,"quantile",0.25,1145215.62815585
"3203","DE","00+",2025-03-13,2025-03-23,2,"quantile",0.5,1229433.19165844
"3204","DE","00+",2025-03-13,2025-03-23,2,"quantile",0.75,1317982.77949088
"3205","DE","00+",2025-03-13,2025-03-23,2,"quantile",0.9,1485513.7106983
"3206","DE","00+",2025-03-13,2025-03-23,2,"quantile",0.975,2074681.48685923
"3207","DE","00+",2025-03-13,2025-03-30,3,"quantile",0.025,384641.297394123
"3208","DE","00+",2025-03-13,2025-03-30,3,"quantile",0.1,800350.565181596
"3209","DE","00+",2025-03-13,2025-03-30,3,"quantile",0.25,838234.806000195
"3210","DE","00+",2025-03-13,2025-03-30,3,"quantile",0.5,883191.177366889
"3211","DE","00+",2025-03-13,2025-03-30,3,"quantile",0.75,1007616.13095503
"3212","DE","00+",2025-03-13,2025-03-30,3,"quantile",0.9,1243458.50837369
"3213","DE","00+",2025-03-13,2025-03-30,3,"quantile",0.975,2276362.79797702
"3214","DE","00+",2025-03-13,2025-04-06,4,"quantile",0.025,343303.373497741
"3215","DE","00+",2025-03-13,2025-04-06,4,"quantile",0.1,676635.980584874
"3216","DE","00+",2025-03-13,2025-04-06,4,"quantile",0.25,752745.006169977
"3217","DE","00+",2025-03-13,2025-04-06,4,"quantile",0.5,822150.0491675
"3218","DE","00+",2025-03-13,2025-04-06,4,"quantile",0.75,947455.900230227
"3219","DE","00+",2025-03-13,2025-04-06,4,"quantile",0.9,1188899.62733982
"3220","DE","00+",2025-03-13,2025-04-06,4,"quantile",0.975,2341943.52602211
"3221","DE","00-04",2025-03-13,2025-03-16,1,"quantile",0.025,84939.1156543182
"3222","DE","00-04",2025-03-13,2025-03-16,1,"quantile",0.1,179088.295249796
"3223","DE","00-04",2025-03-13,2025-03-16,1,"quantile",0.25,196526.494544835
"3224","DE","00-04",2025-03-13,2025-03-16,1,"quantile",0.5,206371.324047226
"3225","DE","00-04",2025-03-13,2025-03-16,1,"quantile",0.75,217620.156947219
"3226","DE","00-04",2025-03-13,2025-03-16,1,"quantile",0.9,232686.536012684
"3227","DE","00-04",2025-03-13,2025-03-16,1,"quantile",0.975,268410.665107158
"3228","DE","00-04",2025-03-13,2025-03-23,2,"quantile",0.025,69107.7398956895
"3229","DE","00-04",2025-03-13,2025-03-23,2,"quantile",0.1,160065.964572502
"3230","DE","00-04",2025-03-13,2025-03-23,2,"quantile",0.25,177122.637907837
"3231","DE","00-04",2025-03-13,2025-03-23,2,"quantile",0.5,182981.757635939
"3232","DE","00-04",2025-03-13,2025-03-23,2,"quantile",0.75,192127.816410366
"3233","DE","00-04",2025-03-13,2025-03-23,2,"quantile",0.9,223703.458113042
"3234","DE","00-04",2025-03-13,2025-03-23,2,"quantile",0.975,301710.78857783
"3235","DE","00-04",2025-03-13,2025-03-30,3,"quantile",0.025,60550.9671838255
"3236","DE","00-04",2025-03-13,2025-03-30,3,"quantile",0.1,103311.328313833
"3237","DE","00-04",2025-03-13,2025-03-30,3,"quantile",0.25,142214.603780255
"3238","DE","00-04",2025-03-13,2025-03-30,3,"quantile",0.5,154401.608354627
"3239","DE","00-04",2025-03-13,2025-03-30,3,"quantile",0.75,169851.921086181
"3240","DE","00-04",2025-03-13,2025-03-30,3,"quantile",0.9,199998.29578884
"3241","DE","00-04",2025-03-13,2025-03-30,3,"quantile",0.975,340478.327561129
"3242","DE","00-04",2025-03-13,2025-04-06,4,"quantile",0.025,50738.633516208
"3243","DE","00-04",2025-03-13,2025-04-06,4,"quantile",0.1,115004.569494538
"3244","DE","00-04",2025-03-13,2025-04-06,4,"quantile",0.25,147907.573051074
"3245","DE","00-04",2025-03-13,2025-04-06,4,"quantile",0.5,158605.008394837
"3246","DE","00-04",2025-03-13,2025-04-06,4,"quantile",0.75,168911.780351134
"3247","DE","00-04",2025-03-13,2025-04-06,4,"quantile",0.9,191114.016969247
"3248","DE","00-04",2025-03-13,2025-04-06,4,"quantile",0.975,342975.402114444
"3249","DE","05-14",2025-03-13,2025-03-16,1,"quantile",0.025,51458.386708014
"3250","DE","05-14",2025-03-13,2025-03-16,1,"quantile",0.1,133700.531713424
"3251","DE","05-14",2025-03-13,2025-03-16,1,"quantile",0.25,152788.138458233
"3252","DE","05-14",2025-03-13,2025-03-16,1,"quantile",0.5,168898.00174839
"3253","DE","05-14",2025-03-13,2025-03-16,1,"quantile",0.75,185322.083576543
"3254","DE","05-14",2025-03-13,2025-03-16,1,"quantile",0.9,211501.090455734
"3255","DE","05-14",2025-03-13,2025-03-16,1,"quantile",0.975,251780.962340386
"3256","DE","05-14",2025-03-13,2025-03-23,2,"quantile",0.025,43422.63513107
"3257","DE","05-14",2025-03-13,2025-03-23,2,"quantile",0.1,110352.51832814
"3258","DE","05-14",2025-03-13,2025-03-23,2,"quantile",0.25,120628.918550166
"3259","DE","05-14",2025-03-13,2025-03-23,2,"quantile",0.5,136291.657494356
"3260","DE","05-14",2025-03-13,2025-03-23,2,"quantile",0.75,151223.431897775
"3261","DE","05-14",2025-03-13,2025-03-23,2,"quantile",0.9,192413.542701559
"3262","DE","05-14",2025-03-13,2025-03-23,2,"quantile",0.975,264608.135467977
"3263","DE","05-14",2025-03-13,2025-03-30,3,"quantile",0.025,37940.1543847234
"3264","DE","05-14",2025-03-13,2025-03-30,3,"quantile",0.1,68802.8861479366
"3265","DE","05-14",2025-03-13,2025-03-30,3,"quantile",0.25,84810.6674527312
"3266","DE","05-14",2025-03-13,2025-03-30,3,"quantile",0.5,97353.0250062248
"3267","DE","05-14",2025-03-13,2025-03-30,3,"quantile",0.75,125581.04138207
"3268","DE","05-14",2025-03-13,2025-03-30,3,"quantile",0.9,181457.631906393
"3269","DE","05-14",2025-03-13,2025-03-30,3,"quantile",0.975,338115.329693539
"3270","DE","05-14",2025-03-13,2025-04-06,4,"quantile",0.025,30167.5905636898
"3271","DE","05-14",2025-03-13,2025-04-06,4,"quantile",0.1,64147.5831646952
"3272","DE","05-14",2025-03-13,2025-04-06,4,"quantile",0.25,83657.0892732973
"3273","DE","05-14",2025-03-13,2025-04-06,4,"quantile",0.5,92199.9701290125
"3274","DE","05-14",2025-03-13,2025-04-06,4,"quantile",0.75,124014.809184865
"3275","DE","05-14",2025-03-13,2025-04-06,4,"quantile",0.9,198608.015158318
"3276","DE","05-14",2025-03-13,2025-04-06,4,"quantile",0.975,329050.10437809
"3277","DE","15-34",2025-03-13,2025-03-16,1,"quantile",0.025,114382.109132613
"3278","DE","15-34",2025-03-13,2025-03-16,1,"quantile",0.1,315581.846094046
"3279","DE","15-34",2025-03-13,2025-03-16,1,"quantile",0.25,348898.003097111
"3280","DE","15-34",2025-03-13,2025-03-16,1,"quantile",0.5,370080.962340414
"3281","DE","15-34",2025-03-13,2025-03-16,1,"quantile",0.75,405617.029402673
"3282","DE","15-34",2025-03-13,2025-03-16,1,"quantile",0.9,457687.673582767
"3283","DE","15-34",2025-03-13,2025-03-16,1,"quantile",0.975,557213.213498545
"3284","DE","15-34",2025-03-13,2025-03-23,2,"quantile",0.025,106375.972482257
"3285","DE","15-34",2025-03-13,2025-03-23,2,"quantile",0.1,267003.53700876
"3286","DE","15-34",2025-03-13,2025-03-23,2,"quantile",0.25,293372.640445012
"3287","DE","15-34",2025-03-13,2025-03-23,2,"quantile",0.5,314293.213056125
"3288","DE","15-34",2025-03-13,2025-03-23,2,"quantile",0.75,349462.744770115
"3289","DE","15-34",2025-03-13,2025-03-23,2,"quantile",0.9,382963.444152934
"3290","DE","15-34",2025-03-13,2025-03-23,2,"quantile",0.975,530026.974050006
"3291","DE","15-34",2025-03-13,2025-03-30,3,"quantile",0.025,96695.462320695
"3292","DE","15-34",2025-03-13,2025-03-30,3,"quantile",0.1,207602.861418779
"3293","DE","15-34",2025-03-13,2025-03-30,3,"quantile",0.25,217554.882274238
"3294","DE","15-34",2025-03-13,2025-03-30,3,"quantile",0.5,236245.063873415
"3295","DE","15-34",2025-03-13,2025-03-30,3,"quantile",0.75,285261.523951684
"3296","DE","15-34",2025-03-13,2025-03-30,3,"quantile",0.9,339435.875327467
"3297","DE","15-34",2025-03-13,2025-03-30,3,"quantile",0.975,532572.279336933
"3298","DE","15-34",2025-03-13,2025-04-06,4,"quantile",0.025,89488.8860793146
"3299","DE","15-34",2025-03-13,2025-04-06,4,"quantile",0.1,165385.946097468
"3300","DE","15-34",2025-03-13,2025-04-06,4,"quantile",0.25,195212.598729096
"3301","DE","15-34",2025-03-13,2025-04-06,4,"quantile",0.5,220474.221206848
"3302","DE","15-34",2025-03-13,2025-04-06,4,"quantile",0.75,271547.874002481
"3303","DE","15-34",2025-03-13,2025-04-06,4,"quantile",0.9,329760.595696319
"3304","DE","15-34",2025-03-13,2025-04-06,4,"quantile",0.975,603990.540595964
"3305","DE","35-59",2025-03-13,2025-03-16,1,"quantile",0.025,129999.838464189
"3306","DE","35-59",2025-03-13,2025-03-16,1,"quantile",0.1,402211.091121411
"3307","DE","35-59",2025-03-13,2025-03-16,1,"quantile",0.25,456436.390906541
"3308","DE","35-59",2025-03-13,2025-03-16,1,"quantile",0.5,489905.25617243
"3309","DE","35-59",2025-03-13,2025-03-16,1,"quantile",0.75,582290.587308305
"3310","DE","35-59",2025-03-13,2025-03-16,1,"quantile",0.9,660031.673465317
"3311","DE","35-59",2025-03-13,2025-03-16,1,"quantile",0.975,770527.795536449
"3312","DE","35-59",2025-03-13,2025-03-23,2,"quantile",0.025,120067.04427514
"3313","DE","35-59",2025-03-13,2025-03-23,2,"quantile",0.1,341158.050980416
"3314","DE","35-59",2025-03-13,2025-03-23,2,"quantile",0.25,390426.684367399
"3315","DE","35-59",2025-03-13,2025-03-23,2,"quantile",0.5,442005.609660684
"3316","DE","35-59",2025-03-13,2025-03-23,2,"quantile",0.75,491095.965612193
"3317","DE","35-59",2025-03-13,2025-03-23,2,"quantile",0.9,551112.553452777
"3318","DE","35-59",2025-03-13,2025-03-23,2,"quantile",0.975,744486.937590712
"3319","DE","35-59",2025-03-13,2025-03-30,3,"quantile",0.025,117572.855614069
"3320","DE","35-59",2025-03-13,2025-03-30,3,"quantile",0.1,266546.078446299
"3321","DE","35-59",2025-03-13,2025-03-30,3,"quantile",0.25,289786.232374448
"3322","DE","35-59",2025-03-13,2025-03-30,3,"quantile",0.5,317334.617005781
"3323","DE","35-59",2025-03-13,2025-03-30,3,"quantile",0.75,356207.115132244
"3324","DE","35-59",2025-03-13,2025-03-30,3,"quantile",0.9,440703.755808841
"3325","DE","35-59",2025-03-13,2025-03-30,3,"quantile",0.975,729019.753032547
"3326","DE","35-59",2025-03-13,2025-04-06,4,"quantile",0.025,113158.541377394
"3327","DE","35-59",2025-03-13,2025-04-06,4,"quantile",0.1,221507.886685231
"3328","DE","35-59",2025-03-13,2025-04-06,4,"quantile",0.25,239526.205610431
"3329","DE","35-59",2025-03-13,2025-04-06,4,"quantile",0.5,267461.000747706
"3330","DE","35-59",2025-03-13,2025-04-06,4,"quantile",0.75,314925.555449033
"3331","DE","35-59",2025-03-13,2025-04-06,4,"quantile",0.9,387565.713474227
"3332","DE","35-59",2025-03-13,2025-04-06,4,"quantile",0.975,750614.064846489
"3333","DE","60+",2025-03-13,2025-03-16,1,"quantile",0.025,53888.8330156232
"3334","DE","60+",2025-03-13,2025-03-16,1,"quantile",0.1,142928.868985407
"3335","DE","60+",2025-03-13,2025-03-16,1,"quantile",0.25,164342.872344227
"3336","DE","60+",2025-03-13,2025-03-16,1,"quantile",0.5,182140.045372553
"3337","DE","60+",2025-03-13,2025-03-16,1,"quantile",0.75,217423.965482831
"3338","DE","60+",2025-03-13,2025-03-16,1,"quantile",0.9,251956.490945205
"3339","DE","60+",2025-03-13,2025-03-16,1,"quantile",0.975,282906.826093248
"3340","DE","60+",2025-03-13,2025-03-23,2,"quantile",0.025,53470.8794465792
"3341","DE","60+",2025-03-13,2025-03-23,2,"quantile",0.1,129308.597942737
"3342","DE","60+",2025-03-13,2025-03-23,2,"quantile",0.25,147936.802933606
"3343","DE","60+",2025-03-13,2025-03-23,2,"quantile",0.5,165219.029153937
"3344","DE","60+",2025-03-13,2025-03-23,2,"quantile",0.75,182551.311197385
"3345","DE","60+",2025-03-13,2025-03-23,2,"quantile",0.9,208102.645913498
"3346","DE","60+",2025-03-13,2025-03-23,2,"quantile",0.975,271573.731883627
"3347","DE","60+",2025-03-13,2025-03-30,3,"quantile",0.025,52992.5807422211
"3348","DE","60+",2025-03-13,2025-03-30,3,"quantile",0.1,111096.842947646
"3349","DE","60+",2025-03-13,2025-03-30,3,"quantile",0.25,117925.749517776
"3350","DE","60+",2025-03-13,2025-03-30,3,"quantile",0.5,127192.429264978
"3351","DE","60+",2025-03-13,2025-03-30,3,"quantile",0.75,139942.569753834
"3352","DE","60+",2025-03-13,2025-03-30,3,"quantile",0.9,166320.262942842
"3353","DE","60+",2025-03-13,2025-03-30,3,"quantile",0.975,272936.02286161
"3354","DE","60+",2025-03-13,2025-04-06,4,"quantile",0.025,50190.2372398199
"3355","DE","60+",2025-03-13,2025-04-06,4,"quantile",0.1,94220.5941520723
"3356","DE","60+",2025-03-13,2025-04-06,4,"quantile",0.25,99079.9339241488
"3357","DE","60+",2025-03-13,2025-04-06,4,"quantile",0.5,104593.858870113
"3358","DE","60+",2025-03-13,2025-04-06,4,"quantile",0.75,114932.536396124
"3359","DE","60+",2025-03-13,2025-04-06,4,"quantile",0.9,140962.370458862
"3360","DE","60+",2025-03-13,2025-04-06,4,"quantile",0.975,261507.091733952
"3361","DE","00+",2025-03-20,2025-03-23,1,"quantile",0.025,446470.719490866
"3362","DE","00+",2025-03-20,2025-03-23,1,"quantile",0.1,1088445.60072969
"3363","DE","00+",2025-03-20,2025-03-23,1,"quantile",0.25,1212648.26424191
"3364","DE","00+",2025-03-20,2025-03-23,1,"quantile",0.5,1298813.73584419
"3365","DE","00+",2025-03-20,2025-03-23,1,"quantile",0.75,1439852.00080524
"3366","DE","00+",2025-03-20,2025-03-23,1,"quantile",0.9,1650842.70687406
"3367","DE","00+",2025-03-20,2025-03-23,1,"quantile",0.975,1990968.09087649
"3368","DE","00+",2025-03-20,2025-03-30,2,"quantile",0.025,424591.928746863
"3369","DE","00+",2025-03-20,2025-03-30,2,"quantile",0.1,888775.077407141
"3370","DE","00+",2025-03-20,2025-03-30,2,"quantile",0.25,976286.421870017
"3371","DE","00+",2025-03-20,2025-03-30,2,"quantile",0.5,1054197.34440046
"3372","DE","00+",2025-03-20,2025-03-30,2,"quantile",0.75,1181221.3282994
"3373","DE","00+",2025-03-20,2025-03-30,2,"quantile",0.9,1401569.73919162
"3374","DE","00+",2025-03-20,2025-03-30,2,"quantile",0.975,2155417.81254166
"3375","DE","00+",2025-03-20,2025-04-06,3,"quantile",0.025,378413.40179241
"3376","DE","00+",2025-03-20,2025-04-06,3,"quantile",0.1,648778.112687869
"3377","DE","00+",2025-03-20,2025-04-06,3,"quantile",0.25,787543.673909226
"3378","DE","00+",2025-03-20,2025-04-06,3,"quantile",0.5,884865.458365598
"3379","DE","00+",2025-03-20,2025-04-06,3,"quantile",0.75,1052033.72476411
"3380","DE","00+",2025-03-20,2025-04-06,3,"quantile",0.9,1214809.7235703
"3381","DE","00+",2025-03-20,2025-04-06,3,"quantile",0.975,2236857.84952778
"3382","DE","00+",2025-03-20,2025-04-13,4,"quantile",0.025,349232.349947088
"3383","DE","00+",2025-03-20,2025-04-13,4,"quantile",0.1,537002.215119318
"3384","DE","00+",2025-03-20,2025-04-13,4,"quantile",0.25,706811.830637603
"3385","DE","00+",2025-03-20,2025-04-13,4,"quantile",0.5,812018.645973161
"3386","DE","00+",2025-03-20,2025-04-13,4,"quantile",0.75,982966.945970962
"3387","DE","00+",2025-03-20,2025-04-13,4,"quantile",0.9,1267350.59165224
"3388","DE","00+",2025-03-20,2025-04-13,4,"quantile",0.975,2299622.03893755
"3389","DE","00-04",2025-03-20,2025-03-23,1,"quantile",0.025,85817.05276913
"3390","DE","00-04",2025-03-20,2025-03-23,1,"quantile",0.1,142016.992049205
"3391","DE","00-04",2025-03-20,2025-03-23,1,"quantile",0.25,177103.438692518
"3392","DE","00-04",2025-03-20,2025-03-23,1,"quantile",0.5,189628.590096727
"3393","DE","00-04",2025-03-20,2025-03-23,1,"quantile",0.75,202764.31183984
"3394","DE","00-04",2025-03-20,2025-03-23,1,"quantile",0.9,225759.41632685
"3395","DE","00-04",2025-03-20,2025-03-23,1,"quantile",0.975,272143.652686148
"3396","DE","00-04",2025-03-20,2025-03-30,2,"quantile",0.025,71723.7101506362
"3397","DE","00-04",2025-03-20,2025-03-30,2,"quantile",0.1,101599.64312451
"3398","DE","00-04",2025-03-20,2025-03-30,2,"quantile",0.25,152471.638427502
"3399","DE","00-04",2025-03-20,2025-03-30,2,"quantile",0.5,169477.276340045
"3400","DE","00-04",2025-03-20,2025-03-30,2,"quantile",0.75,176023.535167989
"3401","DE","00-04",2025-03-20,2025-03-30,2,"quantile",0.9,220774.302737062
"3402","DE","00-04",2025-03-20,2025-03-30,2,"quantile",0.975,307107.593661916
"3403","DE","00-04",2025-03-20,2025-04-06,3,"quantile",0.025,61677.3372216604
"3404","DE","00-04",2025-03-20,2025-04-06,3,"quantile",0.1,98743.4846748185
"3405","DE","00-04",2025-03-20,2025-04-06,3,"quantile",0.25,149860.532142768
"3406","DE","00-04",2025-03-20,2025-04-06,3,"quantile",0.5,159248.829449794
"3407","DE","00-04",2025-03-20,2025-04-06,3,"quantile",0.75,169240.241656181
"3408","DE","00-04",2025-03-20,2025-04-06,3,"quantile",0.9,198179.377815781
"3409","DE","00-04",2025-03-20,2025-04-06,3,"quantile",0.975,332466.291933198
"3410","DE","00-04",2025-03-20,2025-04-13,4,"quantile",0.025,42961.9812684981
"3411","DE","00-04",2025-03-20,2025-04-13,4,"quantile",0.1,98051.2015888659
"3412","DE","00-04",2025-03-20,2025-04-13,4,"quantile",0.25,150199.585021195
"3413","DE","00-04",2025-03-20,2025-04-13,4,"quantile",0.5,154965.046033714
"3414","DE","00-04",2025-03-20,2025-04-13,4,"quantile",0.75,165615.892849947
"3415","DE","00-04",2025-03-20,2025-04-13,4,"quantile",0.9,204205.347442935
"3416","DE","00-04",2025-03-20,2025-04-13,4,"quantile",0.975,336990.195015136
"3417","DE","05-14",2025-03-20,2025-03-23,1,"quantile",0.025,52075.7815381324
"3418","DE","05-14",2025-03-20,2025-03-23,1,"quantile",0.1,97124.4612093087
"3419","DE","05-14",2025-03-20,2025-03-23,1,"quantile",0.25,131311.289395462
"3420","DE","05-14",2025-03-20,2025-03-23,1,"quantile",0.5,150444.860038557
"3421","DE","05-14",2025-03-20,2025-03-23,1,"quantile",0.75,175917.614837486
"3422","DE","05-14",2025-03-20,2025-03-23,1,"quantile",0.9,204321.795268064
"3423","DE","05-14",2025-03-20,2025-03-23,1,"quantile",0.975,267805.746198642
"3424","DE","05-14",2025-03-20,2025-03-30,2,"quantile",0.025,41753.0589487854
"3425","DE","05-14",2025-03-20,2025-03-30,2,"quantile",0.1,78009.2997214178
"3426","DE","05-14",2025-03-20,2025-03-30,2,"quantile",0.25,91976.4847574315
"3427","DE","05-14",2025-03-20,2025-03-30,2,"quantile",0.5,108206.105936122
"3428","DE","05-14",2025-03-20,2025-03-30,2,"quantile",0.75,129383.793730301
"3429","DE","05-14",2025-03-20,2025-03-30,2,"quantile",0.9,191570.930018262
"3430","DE","05-14",2025-03-20,2025-03-30,2,"quantile",0.975,356535.736284975
"3431","DE","05-14",2025-03-20,2025-04-06,3,"quantile",0.025,38045.1463980439
"3432","DE","05-14",2025-03-20,2025-04-06,3,"quantile",0.1,60224.4022480156
"3433","DE","05-14",2025-03-20,2025-04-06,3,"quantile",0.25,84925.0618408436
"3434","DE","05-14",2025-03-20,2025-04-06,3,"quantile",0.5,98500.7585074427
"3435","DE","05-14",2025-03-20,2025-04-06,3,"quantile",0.75,119512.93253585
"3436","DE","05-14",2025-03-20,2025-04-06,3,"quantile",0.9,195329.952067917
"3437","DE","05-14",2025-03-20,2025-04-06,3,"quantile",0.975,347775.842748679
"3438","DE","05-14",2025-03-20,2025-04-13,4,"quantile",0.025,30237.419772967
"3439","DE","05-14",2025-03-20,2025-04-13,4,"quantile",0.1,61304.1291383809
"3440","DE","05-14",2025-03-20,2025-04-13,4,"quantile",0.25,82665.8054345709
"3441","DE","05-14",2025-03-20,2025-04-13,4,"quantile",0.5,98870.4608803513
"3442","DE","05-14",2025-03-20,2025-04-13,4,"quantile",0.75,127632.137914659
"3443","DE","05-14",2025-03-20,2025-04-13,4,"quantile",0.9,208704.175925097
"3444","DE","05-14",2025-03-20,2025-04-13,4,"quantile",0.975,338789.946248721
"3445","DE","15-34",2025-03-20,2025-03-23,1,"quantile",0.025,113488.276428773
"3446","DE","15-34",2025-03-20,2025-03-23,1,"quantile",0.1,276060.660177042
"3447","DE","15-34",2025-03-20,2025-03-23,1,"quantile",0.25,307575.006288186
"3448","DE","15-34",2025-03-20,2025-03-23,1,"quantile",0.5,331194.550274624
"3449","DE","15-34",2025-03-20,2025-03-23,1,"quantile",0.75,372128.098874188
"3450","DE","15-34",2025-03-20,2025-03-23,1,"quantile",0.9,428430.741900139
"3451","DE","15-34",2025-03-20,2025-03-23,1,"quantile",0.975,545561.57164004
"3452","DE","15-34",2025-03-20,2025-03-30,2,"quantile",0.025,106526.357797361
"3453","DE","15-34",2025-03-20,2025-03-30,2,"quantile",0.1,225126.516352649
"3454","DE","15-34",2025-03-20,2025-03-30,2,"quantile",0.25,246983.705197724
"3455","DE","15-34",2025-03-20,2025-03-30,2,"quantile",0.5,269222.656498453
"3456","DE","15-34",2025-03-20,2025-03-30,2,"quantile",0.75,311699.12255671
"3457","DE","15-34",2025-03-20,2025-03-30,2,"quantile",0.9,361940.390648583
"3458","DE","15-34",2025-03-20,2025-03-30,2,"quantile",0.975,554301.821700852
"3459","DE","15-34",2025-03-20,2025-04-06,3,"quantile",0.025,97680.8236413102
"3460","DE","15-34",2025-03-20,2025-04-06,3,"quantile",0.1,163546.209405934
"3461","DE","15-34",2025-03-20,2025-04-06,3,"quantile",0.25,197855.788413055
"3462","DE","15-34",2025-03-20,2025-04-06,3,"quantile",0.5,241107.49128576
"3463","DE","15-34",2025-03-20,2025-04-06,3,"quantile",0.75,289060.912878775
"3464","DE","15-34",2025-03-20,2025-04-06,3,"quantile",0.9,327517.946852619
"3465","DE","15-34",2025-03-20,2025-04-06,3,"quantile",0.975,554303.450497491
"3466","DE","15-34",2025-03-20,2025-04-13,4,"quantile",0.025,88457.4401732857
"3467","DE","15-34",2025-03-20,2025-04-13,4,"quantile",0.1,138465.971288618
"3468","DE","15-34",2025-03-20,2025-04-13,4,"quantile",0.25,180113.333911726
"3469","DE","15-34",2025-03-20,2025-04-13,4,"quantile",0.5,218578.532413085
"3470","DE","15-34",2025-03-20,2025-04-13,4,"quantile",0.75,291552.695091832
"3471","DE","15-34",2025-03-20,2025-04-13,4,"quantile",0.9,353153.497361019
"3472","DE","15-34",2025-03-20,2025-04-13,4,"quantile",0.975,629923.769183567
"3473","DE","35-59",2025-03-20,2025-03-23,1,"quantile",0.025,133132.763377842
"3474","DE","35-59",2025-03-20,2025-03-23,1,"quantile",0.1,377165.146831255
"3475","DE","35-59",2025-03-20,2025-03-23,1,"quantile",0.25,435617.6705792
"3476","DE","35-59",2025-03-20,2025-03-23,1,"quantile",0.5,463410.669231464
"3477","DE","35-59",2025-03-20,2025-03-23,1,"quantile",0.75,533891.030907599
"3478","DE","35-59",2025-03-20,2025-03-23,1,"quantile",0.9,601362.242325763
"3479","DE","35-59",2025-03-20,2025-03-23,1,"quantile",0.975,746149.151735238
"3480","DE","35-59",2025-03-20,2025-03-30,2,"quantile",0.025,120373.158384933
"3481","DE","35-59",2025-03-20,2025-03-30,2,"quantile",0.1,297852.993447344
"3482","DE","35-59",2025-03-20,2025-03-30,2,"quantile",0.25,339172.311898019
"3483","DE","35-59",2025-03-20,2025-03-30,2,"quantile",0.5,385021.0396732
"3484","DE","35-59",2025-03-20,2025-03-30,2,"quantile",0.75,434410.803443831
"3485","DE","35-59",2025-03-20,2025-03-30,2,"quantile",0.9,510727.614750782
"3486","DE","35-59",2025-03-20,2025-03-30,2,"quantile",0.975,742781.223543563
"3487","DE","35-59",2025-03-20,2025-04-06,3,"quantile",0.025,117487.836437574
"3488","DE","35-59",2025-03-20,2025-04-06,3,"quantile",0.1,230809.738580419
"3489","DE","35-59",2025-03-20,2025-04-06,3,"quantile",0.25,274870.70574263
"3490","DE","35-59",2025-03-20,2025-04-06,3,"quantile",0.5,312904.908683752
"3491","DE","35-59",2025-03-20,2025-04-06,3,"quantile",0.75,358167.141706625
"3492","DE","35-59",2025-03-20,2025-04-06,3,"quantile",0.9,446848.96248677
"3493","DE","35-59",2025-03-20,2025-04-06,3,"quantile",0.975,757767.137698936
"3494","DE","35-59",2025-03-20,2025-04-13,4,"quantile",0.025,110897.878372673
"3495","DE","35-59",2025-03-20,2025-04-13,4,"quantile",0.1,179028.556786143
"3496","DE","35-59",2025-03-20,2025-04-13,4,"quantile",0.25,212039.705640477
"3497","DE","35-59",2025-03-20,2025-04-13,4,"quantile",0.5,249014.258610096
"3498","DE","35-59",2025-03-20,2025-04-13,4,"quantile",0.75,312420.798871767
"3499","DE","35-59",2025-03-20,2025-04-13,4,"quantile",0.9,376256.044564996
"3500","DE","35-59",2025-03-20,2025-04-13,4,"quantile",0.975,749849.343039138
"3501","DE","60+",2025-03-20,2025-03-23,1,"quantile",0.025,53954.9721407126
"3502","DE","60+",2025-03-20,2025-03-23,1,"quantile",0.1,136270.32979383
"3503","DE","60+",2025-03-20,2025-03-23,1,"quantile",0.25,154515.922872131
"3504","DE","60+",2025-03-20,2025-03-23,1,"quantile",0.5,172619.24608711
"3505","DE","60+",2025-03-20,2025-03-23,1,"quantile",0.75,201089.603432627
"3506","DE","60+",2025-03-20,2025-03-23,1,"quantile",0.9,223423.972096618
"3507","DE","60+",2025-03-20,2025-03-23,1,"quantile",0.975,273685.822859079
"3508","DE","60+",2025-03-20,2025-03-30,2,"quantile",0.025,53496.1605844906
"3509","DE","60+",2025-03-20,2025-03-30,2,"quantile",0.1,116362.177625849
"3510","DE","60+",2025-03-20,2025-03-30,2,"quantile",0.25,125005.168996602
"3511","DE","60+",2025-03-20,2025-03-30,2,"quantile",0.5,141137.036082219
"3512","DE","60+",2025-03-20,2025-03-30,2,"quantile",0.75,154692.024933721
"3513","DE","60+",2025-03-20,2025-03-30,2,"quantile",0.9,179360.906445371
"3514","DE","60+",2025-03-20,2025-03-30,2,"quantile",0.975,264247.854951382
"3515","DE","60+",2025-03-20,2025-04-06,3,"quantile",0.025,52987.3373110418
"3516","DE","60+",2025-03-20,2025-04-06,3,"quantile",0.1,101628.441278868
"3517","DE","60+",2025-03-20,2025-04-06,3,"quantile",0.25,109233.218426247
"3518","DE","60+",2025-03-20,2025-04-06,3,"quantile",0.5,117418.129927727
"3519","DE","60+",2025-03-20,2025-04-06,3,"quantile",0.75,133885.761955205
"3520","DE","60+",2025-03-20,2025-04-06,3,"quantile",0.9,162656.098647696
"3521","DE","60+",2025-03-20,2025-04-06,3,"quantile",0.975,265808.234394542
"3522","DE","60+",2025-03-20,2025-04-13,4,"quantile",0.025,49930.8250442321
"3523","DE","60+",2025-03-20,2025-04-13,4,"quantile",0.1,79284.1603269117
"3524","DE","60+",2025-03-20,2025-04-13,4,"quantile",0.25,90829.0102463374
"3525","DE","60+",2025-03-20,2025-04-13,4,"quantile",0.5,100557.927360318
"3526","DE","60+",2025-03-20,2025-04-13,4,"quantile",0.75,115640.640893745
"3527","DE","60+",2025-03-20,2025-04-13,4,"quantile",0.9,136372.38603811
"3528","DE","60+",2025-03-20,2025-04-13,4,"quantile",0.975,256397.016318306
"3529","DE","00+",2025-03-27,2025-03-30,1,"quantile",0.025,447278.155438448
"3530","DE","00+",2025-03-27,2025-03-30,1,"quantile",0.1,898517.771747576
"3531","DE","00+",2025-03-27,2025-03-30,1,"quantile",0.25,1035851.62461922
"3532","DE","00+",2025-03-27,2025-03-30,1,"quantile",0.5,1126573.3727867
"3533","DE","00+",2025-03-27,2025-03-30,1,"quantile",0.75,1227001.36707342
"3534","DE","00+",2025-03-27,2025-03-30,1,"quantile",0.9,1389648.94774728
"3535","DE","00+",2025-03-27,2025-03-30,1,"quantile",0.975,1668294.72200114
"3536","DE","00+",2025-03-27,2025-04-06,2,"quantile",0.025,424202.844854134
"3537","DE","00+",2025-03-27,2025-04-06,2,"quantile",0.1,815009.777950991
"3538","DE","00+",2025-03-27,2025-04-06,2,"quantile",0.25,875885.580871618
"3539","DE","00+",2025-03-27,2025-04-06,2,"quantile",0.5,922806.726724416
"3540","DE","00+",2025-03-27,2025-04-06,2,"quantile",0.75,1094709.74713447
"3541","DE","00+",2025-03-27,2025-04-06,2,"quantile",0.9,1322339.23123358
"3542","DE","00+",2025-03-27,2025-04-06,2,"quantile",0.975,1720194.26931144
"3543","DE","00+",2025-03-27,2025-04-13,3,"quantile",0.025,383707.9234572
"3544","DE","00+",2025-03-27,2025-04-13,3,"quantile",0.1,577297.359327653
"3545","DE","00+",2025-03-27,2025-04-13,3,"quantile",0.25,781565.51763062
"3546","DE","00+",2025-03-27,2025-04-13,3,"quantile",0.5,893266.45577255
"3547","DE","00+",2025-03-27,2025-04-13,3,"quantile",0.75,1054220.73090085
"3548","DE","00+",2025-03-27,2025-04-13,3,"quantile",0.9,1250337.24830691
"3549","DE","00+",2025-03-27,2025-04-13,3,"quantile",0.975,1926431.18117094
"3550","DE","00+",2025-03-27,2025-04-20,4,"quantile",0.025,359714.618636718
"3551","DE","00+",2025-03-27,2025-04-20,4,"quantile",0.1,565341.069209739
"3552","DE","00+",2025-03-27,2025-04-20,4,"quantile",0.25,694414.727256613
"3553","DE","00+",2025-03-27,2025-04-20,4,"quantile",0.5,761494.961396016
"3554","DE","00+",2025-03-27,2025-04-20,4,"quantile",0.75,1006332.07553071
"3555","DE","00+",2025-03-27,2025-04-20,4,"quantile",0.9,1290969.50308546
"3556","DE","00+",2025-03-27,2025-04-20,4,"quantile",0.975,2212714.42282056
"3557","DE","00-04",2025-03-27,2025-03-30,1,"quantile",0.025,86076.8293678138
"3558","DE","00-04",2025-03-27,2025-03-30,1,"quantile",0.1,131852.728408152
"3559","DE","00-04",2025-03-27,2025-03-30,1,"quantile",0.25,156123.094708095
"3560","DE","00-04",2025-03-27,2025-03-30,1,"quantile",0.5,169133.800112118
"3561","DE","00-04",2025-03-27,2025-03-30,1,"quantile",0.75,182354.311729025
"3562","DE","00-04",2025-03-27,2025-03-30,1,"quantile",0.9,204131.64251295
"3563","DE","00-04",2025-03-27,2025-03-30,1,"quantile",0.975,234829.337934413
"3564","DE","00-04",2025-03-27,2025-04-06,2,"quantile",0.025,73580.3067715351
"3565","DE","00-04",2025-03-27,2025-04-06,2,"quantile",0.1,128301.999917035
"3566","DE","00-04",2025-03-27,2025-04-06,2,"quantile",0.25,155592.250219566
"3567","DE","00-04",2025-03-27,2025-04-06,2,"quantile",0.5,161492.39668892
"3568","DE","00-04",2025-03-27,2025-04-06,2,"quantile",0.75,169793.262601683
"3569","DE","00-04",2025-03-27,2025-04-06,2,"quantile",0.9,199695.491964267
"3570","DE","00-04",2025-03-27,2025-04-06,2,"quantile",0.975,263010.575158274
"3571","DE","00-04",2025-03-27,2025-04-13,3,"quantile",0.025,62194.5498090278
"3572","DE","00-04",2025-03-27,2025-04-13,3,"quantile",0.1,113041.857174674
"3573","DE","00-04",2025-03-27,2025-04-13,3,"quantile",0.25,147774.359925468
"3574","DE","00-04",2025-03-27,2025-04-13,3,"quantile",0.5,156955.600909799
"3575","DE","00-04",2025-03-27,2025-04-13,3,"quantile",0.75,166815.930563793
"3576","DE","00-04",2025-03-27,2025-04-13,3,"quantile",0.9,187201.217436955
"3577","DE","00-04",2025-03-27,2025-04-13,3,"quantile",0.975,294676.543485402
"3578","DE","00-04",2025-03-27,2025-04-20,4,"quantile",0.025,49090.9895303756
"3579","DE","00-04",2025-03-27,2025-04-20,4,"quantile",0.1,111393.330299462
"3580","DE","00-04",2025-03-27,2025-04-20,4,"quantile",0.25,146666.188217297
"3581","DE","00-04",2025-03-27,2025-04-20,4,"quantile",0.5,152727.697588587
"3582","DE","00-04",2025-03-27,2025-04-20,4,"quantile",0.75,164116.523466563
"3583","DE","00-04",2025-03-27,2025-04-20,4,"quantile",0.9,196713.847308525
"3584","DE","00-04",2025-03-27,2025-04-20,4,"quantile",0.975,318072.103347295
"3585","DE","05-14",2025-03-27,2025-03-30,1,"quantile",0.025,52248.1368656345
"3586","DE","05-14",2025-03-27,2025-03-30,1,"quantile",0.1,87143.3648653562
"3587","DE","05-14",2025-03-27,2025-03-30,1,"quantile",0.25,110170.041620507
"3588","DE","05-14",2025-03-27,2025-03-30,1,"quantile",0.5,125890.96019546
"3589","DE","05-14",2025-03-27,2025-03-30,1,"quantile",0.75,147053.332501143
"3590","DE","05-14",2025-03-27,2025-03-30,1,"quantile",0.9,174768.973405176
"3591","DE","05-14",2025-03-27,2025-03-30,1,"quantile",0.975,200623.228567864
"3592","DE","05-14",2025-03-27,2025-04-06,2,"quantile",0.025,43938.7427608722
"3593","DE","05-14",2025-03-27,2025-04-06,2,"quantile",0.1,76921.2122098493
"3594","DE","05-14",2025-03-27,2025-04-06,2,"quantile",0.25,95593.0394106626
"3595","DE","05-14",2025-03-27,2025-04-06,2,"quantile",0.5,106365.063333386
"3596","DE","05-14",2025-03-27,2025-04-06,2,"quantile",0.75,127531.316739225
"3597","DE","05-14",2025-03-27,2025-04-06,2,"quantile",0.9,183805.386087304
"3598","DE","05-14",2025-03-27,2025-04-06,2,"quantile",0.975,265113.300964136
"3599","DE","05-14",2025-03-27,2025-04-13,3,"quantile",0.025,37900.0348815473
"3600","DE","05-14",2025-03-27,2025-04-13,3,"quantile",0.1,70267.1906572552
"3601","DE","05-14",2025-03-27,2025-04-13,3,"quantile",0.25,94862.6658539665
"3602","DE","05-14",2025-03-27,2025-04-13,3,"quantile",0.5,107147.090066234
"3603","DE","05-14",2025-03-27,2025-04-13,3,"quantile",0.75,126427.448052982
"3604","DE","05-14",2025-03-27,2025-04-13,3,"quantile",0.9,197656.877527798
"3605","DE","05-14",2025-03-27,2025-04-13,3,"quantile",0.975,331599.552691779
"3606","DE","05-14",2025-03-27,2025-04-20,4,"quantile",0.025,31445.9259679803
"3607","DE","05-14",2025-03-27,2025-04-20,4,"quantile",0.1,69315.5497770359
"3608","DE","05-14",2025-03-27,2025-04-20,4,"quantile",0.25,81040.3274361139
"3609","DE","05-14",2025-03-27,2025-04-20,4,"quantile",0.5,90386.0700868949
"3610","DE","05-14",2025-03-27,2025-04-20,4,"quantile",0.75,148220.794861659
"3611","DE","05-14",2025-03-27,2025-04-20,4,"quantile",0.9,227849.033644425
"3612","DE","05-14",2025-03-27,2025-04-20,4,"quantile",0.975,317422.710495518
"3613","DE","15-34",2025-03-27,2025-03-30,1,"quantile",0.025,113867.993460756
"3614","DE","15-34",2025-03-27,2025-03-30,1,"quantile",0.1,225326.093422992
"3615","DE","15-34",2025-03-27,2025-03-30,1,"quantile",0.25,272985.452779476
"3616","DE","15-34",2025-03-27,2025-03-30,1,"quantile",0.5,304332.744706342
"3617","DE","15-34",2025-03-27,2025-03-30,1,"quantile",0.75,325888.77850156
"3618","DE","15-34",2025-03-27,2025-03-30,1,"quantile",0.9,368646.338266984
"3619","DE","15-34",2025-03-27,2025-03-30,1,"quantile",0.975,469034.477145053
"3620","DE","15-34",2025-03-27,2025-04-06,2,"quantile",0.025,105096.589874641
"3621","DE","15-34",2025-03-27,2025-04-06,2,"quantile",0.1,203490.809301065
"3622","DE","15-34",2025-03-27,2025-04-06,2,"quantile",0.25,219588.325084414
"3623","DE","15-34",2025-03-27,2025-04-06,2,"quantile",0.5,242943.402864394
"3624","DE","15-34",2025-03-27,2025-04-06,2,"quantile",0.75,305767.598096838
"3625","DE","15-34",2025-03-27,2025-04-06,2,"quantile",0.9,354223.281219191
"3626","DE","15-34",2025-03-27,2025-04-06,2,"quantile",0.975,470162.855387539
"3627","DE","15-34",2025-03-27,2025-04-13,3,"quantile",0.025,97721.2870221771
"3628","DE","15-34",2025-03-27,2025-04-13,3,"quantile",0.1,156653.609264985
"3629","DE","15-34",2025-03-27,2025-04-13,3,"quantile",0.25,199330.90139925
"3630","DE","15-34",2025-03-27,2025-04-13,3,"quantile",0.5,259785.679534922
"3631","DE","15-34",2025-03-27,2025-04-13,3,"quantile",0.75,312254.757100234
"3632","DE","15-34",2025-03-27,2025-04-13,3,"quantile",0.9,347226.778465175
"3633","DE","15-34",2025-03-27,2025-04-13,3,"quantile",0.975,507630.967166811
"3634","DE","15-34",2025-03-27,2025-04-20,4,"quantile",0.025,89979.4909286077
"3635","DE","15-34",2025-03-27,2025-04-20,4,"quantile",0.1,146442.957193668
"3636","DE","15-34",2025-03-27,2025-04-20,4,"quantile",0.25,179890.575434868
"3637","DE","15-34",2025-03-27,2025-04-20,4,"quantile",0.5,211754.531473471
"3638","DE","15-34",2025-03-27,2025-04-20,4,"quantile",0.75,303552.337791463
"3639","DE","15-34",2025-03-27,2025-04-20,4,"quantile",0.9,372065.704545411
"3640","DE","15-34",2025-03-27,2025-04-20,4,"quantile",0.975,583557.618996803
"3641","DE","35-59",2025-03-27,2025-03-30,1,"quantile",0.025,134029.35776933
"3642","DE","35-59",2025-03-27,2025-03-30,1,"quantile",0.1,298792.112019568
"3643","DE","35-59",2025-03-27,2025-03-30,1,"quantile",0.25,346015.594031211
"3644","DE","35-59",2025-03-27,2025-03-30,1,"quantile",0.5,382518.247297301
"3645","DE","35-59",2025-03-27,2025-03-30,1,"quantile",0.75,420021.102177254
"3646","DE","35-59",2025-03-27,2025-03-30,1,"quantile",0.9,489375.036309235
"3647","DE","35-59",2025-03-27,2025-03-30,1,"quantile",0.975,584146.7298421
"3648","DE","35-59",2025-03-27,2025-04-06,2,"quantile",0.025,121327.250050555
"3649","DE","35-59",2025-03-27,2025-04-06,2,"quantile",0.1,253147.41294718
"3650","DE","35-59",2025-03-27,2025-04-06,2,"quantile",0.25,283290.070205463
"3651","DE","35-59",2025-03-27,2025-04-06,2,"quantile",0.5,308287.494169408
"3652","DE","35-59",2025-03-27,2025-04-06,2,"quantile",0.75,349533.154270829
"3653","DE","35-59",2025-03-27,2025-04-06,2,"quantile",0.9,444244.593298377
"3654","DE","35-59",2025-03-27,2025-04-06,2,"quantile",0.975,590946.916974149
"3655","DE","35-59",2025-03-27,2025-04-13,3,"quantile",0.025,119241.953438871
"3656","DE","35-59",2025-03-27,2025-04-13,3,"quantile",0.1,187803.880533583
"3657","DE","35-59",2025-03-27,2025-04-13,3,"quantile",0.25,245042.883158692
"3658","DE","35-59",2025-03-27,2025-04-13,3,"quantile",0.5,303769.160728198
"3659","DE","35-59",2025-03-27,2025-04-13,3,"quantile",0.75,355313.208644291
"3660","DE","35-59",2025-03-27,2025-04-13,3,"quantile",0.9,410370.45891575
"3661","DE","35-59",2025-03-27,2025-04-13,3,"quantile",0.975,646020.159574175
"3662","DE","35-59",2025-03-27,2025-04-20,4,"quantile",0.025,110542.262578661
"3663","DE","35-59",2025-03-27,2025-04-20,4,"quantile",0.1,154481.537920683
"3664","DE","35-59",2025-03-27,2025-04-20,4,"quantile",0.25,188508.138091164
"3665","DE","35-59",2025-03-27,2025-04-20,4,"quantile",0.5,231745.455233782
"3666","DE","35-59",2025-03-27,2025-04-20,4,"quantile",0.75,308367.882330117
"3667","DE","35-59",2025-03-27,2025-04-20,4,"quantile",0.9,385379.428940755
"3668","DE","35-59",2025-03-27,2025-04-20,4,"quantile",0.975,701433.728545903
"3669","DE","60+",2025-03-27,2025-03-30,1,"quantile",0.025,54055.2514567552
"3670","DE","60+",2025-03-27,2025-03-30,1,"quantile",0.1,121217.68996498
"3671","DE","60+",2025-03-27,2025-03-30,1,"quantile",0.25,129508.598765426
"3672","DE","60+",2025-03-27,2025-03-30,1,"quantile",0.5,138186.488124236
"3673","DE","60+",2025-03-27,2025-03-30,1,"quantile",0.75,151532.686953492
"3674","DE","60+",2025-03-27,2025-03-30,1,"quantile",0.9,175563.390168017
"3675","DE","60+",2025-03-27,2025-03-30,1,"quantile",0.975,236009.630733936
"3676","DE","60+",2025-03-27,2025-04-06,2,"quantile",0.025,53914.9252433253
"3677","DE","60+",2025-03-27,2025-04-06,2,"quantile",0.1,105100.669642208
"3678","DE","60+",2025-03-27,2025-04-06,2,"quantile",0.25,112047.327640378
"3679","DE","60+",2025-03-27,2025-04-06,2,"quantile",0.5,116884.123989372
"3680","DE","60+",2025-03-27,2025-04-06,2,"quantile",0.75,123442.706039422
"3681","DE","60+",2025-03-27,2025-04-06,2,"quantile",0.9,153805.846989805
"3682","DE","60+",2025-03-27,2025-04-06,2,"quantile",0.975,221774.759059996
"3683","DE","60+",2025-03-27,2025-04-13,3,"quantile",0.025,52760.8814081419
"3684","DE","60+",2025-03-27,2025-04-13,3,"quantile",0.1,78735.0476496538
"3685","DE","60+",2025-03-27,2025-04-13,3,"quantile",0.25,99649.505480573
"3686","DE","60+",2025-03-27,2025-04-13,3,"quantile",0.5,108553.797130037
"3687","DE","60+",2025-03-27,2025-04-13,3,"quantile",0.75,116568.923553918
"3688","DE","60+",2025-03-27,2025-04-13,3,"quantile",0.9,144666.507049325
"3689","DE","60+",2025-03-27,2025-04-13,3,"quantile",0.975,199700.49742012
"3690","DE","60+",2025-03-27,2025-04-20,4,"quantile",0.025,50088.4605799172
"3691","DE","60+",2025-03-27,2025-04-20,4,"quantile",0.1,70310.8875684921
"3692","DE","60+",2025-03-27,2025-04-20,4,"quantile",0.25,80501.9144039767
"3693","DE","60+",2025-03-27,2025-04-20,4,"quantile",0.5,99001.3219876441
"3694","DE","60+",2025-03-27,2025-04-20,4,"quantile",0.75,117418.053846963
"3695","DE","60+",2025-03-27,2025-04-20,4,"quantile",0.9,130378.301253986
"3696","DE","60+",2025-03-27,2025-04-20,4,"quantile",0.975,198943.458961895
