location,age_group,forecast_date,target_end_date,horizon,type,quantile,value
DE,00+,2024-10-17,2024-10-20,1,quantile,0.025,431090.5560028033
DE,00+,2024-10-17,2024-10-20,1,quantile,0.1,1282672.4820537965
DE,00+,2024-10-17,2024-10-20,1,quantile,0.25,1395608.4292277298
DE,00+,2024-10-17,2024-10-20,1,quantile,0.5,1462439.0938024884
DE,00+,2024-10-17,2024-10-20,1,quantile,0.75,1523669.0620506417
DE,00+,2024-10-17,2024-10-20,1,quantile,0.9,1609055.4268893807
DE,00+,2024-10-17,2024-10-20,1,quantile,0.975,1692831.4673467178
DE,00+,2024-10-17,2024-10-27,2,quantile,0.025,398281.62624787795
DE,00+,2024-10-17,2024-10-27,2,quantile,0.1,1174653.4658179893
DE,00+,2024-10-17,2024-10-27,2,quantile,0.25,1307195.189978657
DE,00+,2024-10-17,2024-10-27,2,quantile,0.5,1362748.0105253034
DE,00+,2024-10-17,2024-10-27,2,quantile,0.75,1436111.7746011722
DE,00+,2024-10-17,2024-10-27,2,quantile,0.9,1524658.2301409415
DE,00+,2024-10-17,2024-10-27,2,quantile,0.975,1754890.3652691748
DE,00+,2024-10-17,2024-11-03,3,quantile,0.025,382592.12224742334
DE,00+,2024-10-17,2024-11-03,3,quantile,0.1,1082890.547384419
DE,00+,2024-10-17,2024-11-03,3,quantile,0.25,1246190.495988333
DE,00+,2024-10-17,2024-11-03,3,quantile,0.5,1347923.1048041242
DE,00+,2024-10-17,2024-11-03,3,quantile,0.75,1427470.780808808
DE,00+,2024-10-17,2024-11-03,3,quantile,0.9,1471514.1467279412
DE,00+,2024-10-17,2024-11-03,3,quantile,0.975,1686492.0275555067
DE,00+,2024-10-17,2024-11-10,4,quantile,0.025,356151.9649369664
DE,00+,2024-10-17,2024-11-10,4,quantile,0.1,1098810.335877198
DE,00+,2024-10-17,2024-11-10,4,quantile,0.25,1311856.7147686214
DE,00+,2024-10-17,2024-11-10,4,quantile,0.5,1420060.7474074569
DE,00+,2024-10-17,2024-11-10,4,quantile,0.75,1459644.9184788219
DE,00+,2024-10-17,2024-11-10,4,quantile,0.9,1515253.701829189
DE,00+,2024-10-17,2024-11-10,4,quantile,0.975,1708012.2654725169
DE,00-04,2024-10-17,2024-10-20,1,quantile,0.025,85574.0535654213
DE,00-04,2024-10-17,2024-10-20,1,quantile,0.1,140646.4682782341
DE,00-04,2024-10-17,2024-10-20,1,quantile,0.25,148729.015174839
DE,00-04,2024-10-17,2024-10-20,1,quantile,0.5,157511.0847958135
DE,00-04,2024-10-17,2024-10-20,1,quantile,0.75,171661.00062323306
DE,00-04,2024-10-17,2024-10-20,1,quantile,0.9,182527.11150579154
DE,00-04,2024-10-17,2024-10-20,1,quantile,0.975,200374.53337888268
DE,00-04,2024-10-17,2024-10-27,2,quantile,0.025,74648.44374381195
DE,00-04,2024-10-17,2024-10-27,2,quantile,0.1,141593.4433077379
DE,00-04,2024-10-17,2024-10-27,2,quantile,0.25,152966.54904665455
DE,00-04,2024-10-17,2024-10-27,2,quantile,0.5,159529.10790594868
DE,00-04,2024-10-17,2024-10-27,2,quantile,0.75,167393.79781127063
DE,00-04,2024-10-17,2024-10-27,2,quantile,0.9,189528.32294394178
DE,00-04,2024-10-17,2024-10-27,2,quantile,0.975,222072.5697297799
DE,00-04,2024-10-17,2024-11-03,3,quantile,0.025,62840.09072670271
DE,00-04,2024-10-17,2024-11-03,3,quantile,0.1,137063.86716124215
DE,00-04,2024-10-17,2024-11-03,3,quantile,0.25,144996.0581221599
DE,00-04,2024-10-17,2024-11-03,3,quantile,0.5,148798.93574025072
DE,00-04,2024-10-17,2024-11-03,3,quantile,0.75,155878.43921169662
DE,00-04,2024-10-17,2024-11-03,3,quantile,0.9,187732.50631727438
DE,00-04,2024-10-17,2024-11-03,3,quantile,0.975,251793.58562566986
DE,00-04,2024-10-17,2024-11-10,4,quantile,0.025,56655.832367847746
DE,00-04,2024-10-17,2024-11-10,4,quantile,0.1,151249.48793587703
DE,00-04,2024-10-17,2024-11-10,4,quantile,0.25,166366.30753824706
DE,00-04,2024-10-17,2024-11-10,4,quantile,0.5,171589.64449456875
DE,00-04,2024-10-17,2024-11-10,4,quantile,0.75,177170.62402898984
DE,00-04,2024-10-17,2024-11-10,4,quantile,0.9,185546.2549281334
DE,00-04,2024-10-17,2024-11-10,4,quantile,0.975,273280.14900185185
DE,05-14,2024-10-17,2024-10-20,1,quantile,0.025,50563.893375816544
DE,05-14,2024-10-17,2024-10-20,1,quantile,0.1,111371.04214117506
DE,05-14,2024-10-17,2024-10-20,1,quantile,0.25,123385.64206421161
DE,05-14,2024-10-17,2024-10-20,1,quantile,0.5,136521.7208044278
DE,05-14,2024-10-17,2024-10-20,1,quantile,0.75,158345.3177825412
DE,05-14,2024-10-17,2024-10-20,1,quantile,0.9,168869.6561503248
DE,05-14,2024-10-17,2024-10-20,1,quantile,0.975,187366.252270527
DE,05-14,2024-10-17,2024-10-27,2,quantile,0.025,43886.0002079363
DE,05-14,2024-10-17,2024-10-27,2,quantile,0.1,109338.98810468808
DE,05-14,2024-10-17,2024-10-27,2,quantile,0.25,120340.28813215702
DE,05-14,2024-10-17,2024-10-27,2,quantile,0.5,125878.6239867544
DE,05-14,2024-10-17,2024-10-27,2,quantile,0.75,131940.37544070493
DE,05-14,2024-10-17,2024-10-27,2,quantile,0.9,161643.23671519465
DE,05-14,2024-10-17,2024-10-27,2,quantile,0.975,189541.6993729138
DE,05-14,2024-10-17,2024-11-03,3,quantile,0.025,38276.819885040764
DE,05-14,2024-10-17,2024-11-03,3,quantile,0.1,103350.71469885981
DE,05-14,2024-10-17,2024-11-03,3,quantile,0.25,115304.42445594417
DE,05-14,2024-10-17,2024-11-03,3,quantile,0.5,121206.8595517993
DE,05-14,2024-10-17,2024-11-03,3,quantile,0.75,127139.3180372295
DE,05-14,2024-10-17,2024-11-03,3,quantile,0.9,156178.2953005719
DE,05-14,2024-10-17,2024-11-03,3,quantile,0.975,196368.57983717253
DE,05-14,2024-10-17,2024-11-10,4,quantile,0.025,33412.157557298735
DE,05-14,2024-10-17,2024-11-10,4,quantile,0.1,110798.18671203444
DE,05-14,2024-10-17,2024-11-10,4,quantile,0.25,141450.4294476056
DE,05-14,2024-10-17,2024-11-10,4,quantile,0.5,150173.36604842125
DE,05-14,2024-10-17,2024-11-10,4,quantile,0.75,156342.478330329
DE,05-14,2024-10-17,2024-11-10,4,quantile,0.9,175049.21414296393
DE,05-14,2024-10-17,2024-11-10,4,quantile,0.975,191012.1716374171
DE,15-34,2024-10-17,2024-10-20,1,quantile,0.025,114720.04198842884
DE,15-34,2024-10-17,2024-10-20,1,quantile,0.1,371701.06421946856
DE,15-34,2024-10-17,2024-10-20,1,quantile,0.25,416605.4557281175
DE,15-34,2024-10-17,2024-10-20,1,quantile,0.5,435595.0829312382
DE,15-34,2024-10-17,2024-10-20,1,quantile,0.75,457136.2074135094
DE,15-34,2024-10-17,2024-10-20,1,quantile,0.9,472530.1809357728
DE,15-34,2024-10-17,2024-10-20,1,quantile,0.975,515539.1599290419
DE,15-34,2024-10-17,2024-10-27,2,quantile,0.025,102751.0942557012
DE,15-34,2024-10-17,2024-10-27,2,quantile,0.1,329441.6448353534
DE,15-34,2024-10-17,2024-10-27,2,quantile,0.25,386570.3368232941
DE,15-34,2024-10-17,2024-10-27,2,quantile,0.5,402499.1439979831
DE,15-34,2024-10-17,2024-10-27,2,quantile,0.75,417471.3698881257
DE,15-34,2024-10-17,2024-10-27,2,quantile,0.9,429708.46811851097
DE,15-34,2024-10-17,2024-10-27,2,quantile,0.975,513268.60996349715
DE,15-34,2024-10-17,2024-11-03,3,quantile,0.025,97621.8774004856
DE,15-34,2024-10-17,2024-11-03,3,quantile,0.1,294352.0690263004
DE,15-34,2024-10-17,2024-11-03,3,quantile,0.25,368324.9524494605
DE,15-34,2024-10-17,2024-11-03,3,quantile,0.5,383760.2954358611
DE,15-34,2024-10-17,2024-11-03,3,quantile,0.75,402638.318121875
DE,15-34,2024-10-17,2024-11-03,3,quantile,0.9,418279.5095311556
DE,15-34,2024-10-17,2024-11-03,3,quantile,0.975,503069.0204274835
DE,15-34,2024-10-17,2024-11-10,4,quantile,0.025,90388.62058382924
DE,15-34,2024-10-17,2024-11-10,4,quantile,0.1,318599.92142863455
DE,15-34,2024-10-17,2024-11-10,4,quantile,0.25,376848.6964166905
DE,15-34,2024-10-17,2024-11-10,4,quantile,0.5,404564.2531807036
DE,15-34,2024-10-17,2024-11-10,4,quantile,0.75,417742.0123699992
DE,15-34,2024-10-17,2024-11-10,4,quantile,0.9,429165.0815890711
DE,15-34,2024-10-17,2024-11-10,4,quantile,0.975,497896.2190065654
DE,35-59,2024-10-17,2024-10-20,1,quantile,0.025,119496.62564804088
DE,35-59,2024-10-17,2024-10-20,1,quantile,0.1,471142.98746250477
DE,35-59,2024-10-17,2024-10-20,1,quantile,0.25,533170.0633565431
DE,35-59,2024-10-17,2024-10-20,1,quantile,0.5,561204.6905679705
DE,35-59,2024-10-17,2024-10-20,1,quantile,0.75,580038.5148620898
DE,35-59,2024-10-17,2024-10-20,1,quantile,0.9,604615.2490093375
DE,35-59,2024-10-17,2024-10-20,1,quantile,0.975,631677.5604882283
DE,35-59,2024-10-17,2024-10-27,2,quantile,0.025,116957.16550960203
DE,35-59,2024-10-17,2024-10-27,2,quantile,0.1,421245.58153864444
DE,35-59,2024-10-17,2024-10-27,2,quantile,0.25,506326.39655467623
DE,35-59,2024-10-17,2024-10-27,2,quantile,0.5,530588.8370378865
DE,35-59,2024-10-17,2024-10-27,2,quantile,0.75,548550.5004714011
DE,35-59,2024-10-17,2024-10-27,2,quantile,0.9,574771.4227816776
DE,35-59,2024-10-17,2024-10-27,2,quantile,0.975,666298.8023502114
DE,35-59,2024-10-17,2024-11-03,3,quantile,0.025,112183.33338773441
DE,35-59,2024-10-17,2024-11-03,3,quantile,0.1,371431.6273424403
DE,35-59,2024-10-17,2024-11-03,3,quantile,0.25,466356.16999721806
DE,35-59,2024-10-17,2024-11-03,3,quantile,0.5,505510.4004521856
DE,35-59,2024-10-17,2024-11-03,3,quantile,0.75,525583.8556947324
DE,35-59,2024-10-17,2024-11-03,3,quantile,0.9,543599.921404296
DE,35-59,2024-10-17,2024-11-03,3,quantile,0.975,663762.2744442972
DE,35-59,2024-10-17,2024-11-10,4,quantile,0.025,112792.96988761754
DE,35-59,2024-10-17,2024-11-10,4,quantile,0.1,391198.23057607975
DE,35-59,2024-10-17,2024-11-10,4,quantile,0.25,466499.7446826445
DE,35-59,2024-10-17,2024-11-10,4,quantile,0.5,520599.83708415105
DE,35-59,2024-10-17,2024-11-10,4,quantile,0.75,535847.1735233612
DE,35-59,2024-10-17,2024-11-10,4,quantile,0.9,578870.6984008478
DE,35-59,2024-10-17,2024-11-10,4,quantile,0.975,659617.7416915412
DE,60+,2024-10-17,2024-10-20,1,quantile,0.025,52849.76525466866
DE,60+,2024-10-17,2024-10-20,1,quantile,0.1,149429.91916443015
DE,60+,2024-10-17,2024-10-20,1,quantile,0.25,177279.4030606851
DE,60+,2024-10-17,2024-10-20,1,quantile,0.5,191822.8127512552
DE,60+,2024-10-17,2024-10-20,1,quantile,0.75,203862.4799222921
DE,60+,2024-10-17,2024-10-20,1,quantile,0.9,212216.89415409666
DE,60+,2024-10-17,2024-10-20,1,quantile,0.975,223198.96662280904
DE,60+,2024-10-17,2024-10-27,2,quantile,0.025,51880.83206930196
DE,60+,2024-10-17,2024-10-27,2,quantile,0.1,134232.23213149738
DE,60+,2024-10-17,2024-10-27,2,quantile,0.25,163814.1109634586
DE,60+,2024-10-17,2024-10-27,2,quantile,0.5,177161.81872226187
DE,60+,2024-10-17,2024-10-27,2,quantile,0.75,187726.64596637987
DE,60+,2024-10-17,2024-10-27,2,quantile,0.9,202275.06694318415
DE,60+,2024-10-17,2024-10-27,2,quantile,0.975,209538.3225703314
DE,60+,2024-10-17,2024-11-03,3,quantile,0.025,50336.297442850584
DE,60+,2024-10-17,2024-11-03,3,quantile,0.1,122103.64687183782
DE,60+,2024-10-17,2024-11-03,3,quantile,0.25,146332.26625796896
DE,60+,2024-10-17,2024-11-03,3,quantile,0.5,162951.2395098429
DE,60+,2024-10-17,2024-11-03,3,quantile,0.75,178105.28799748665
DE,60+,2024-10-17,2024-11-03,3,quantile,0.9,195654.46483292215
DE,60+,2024-10-17,2024-11-03,3,quantile,0.975,210684.43430862235
DE,60+,2024-10-17,2024-11-10,4,quantile,0.025,47124.991712975345
DE,60+,2024-10-17,2024-11-10,4,quantile,0.1,118675.4456712304
DE,60+,2024-10-17,2024-11-10,4,quantile,0.25,136785.37721368312
DE,60+,2024-10-17,2024-11-10,4,quantile,0.5,166557.40039509084
DE,60+,2024-10-17,2024-11-10,4,quantile,0.75,178796.9164421012
DE,60+,2024-10-17,2024-11-10,4,quantile,0.9,195078.25813093453
DE,60+,2024-10-17,2024-11-10,4,quantile,0.975,212642.74609898045
DE,00+,2024-10-24,2024-10-27,1,quantile,0.025,429117.35696042643
DE,00+,2024-10-24,2024-10-27,1,quantile,0.1,1230970.5312403894
DE,00+,2024-10-24,2024-10-27,1,quantile,0.25,1353903.4853042604
DE,00+,2024-10-24,2024-10-27,1,quantile,0.5,1417613.3643526183
DE,00+,2024-10-24,2024-10-27,1,quantile,0.75,1465606.5993037496
DE,00+,2024-10-24,2024-10-27,1,quantile,0.9,1520897.298608082
DE,00+,2024-10-24,2024-10-27,1,quantile,0.975,1597364.361822683
DE,00+,2024-10-24,2024-11-03,2,quantile,0.025,396913.8642394761
DE,00+,2024-10-24,2024-11-03,2,quantile,0.1,1143836.6157685358
DE,00+,2024-10-24,2024-11-03,2,quantile,0.25,1317690.5027306885
DE,00+,2024-10-24,2024-11-03,2,quantile,0.5,1370952.6713223145
DE,00+,2024-10-24,2024-11-03,2,quantile,0.75,1429295.6953976506
DE,00+,2024-10-24,2024-11-03,2,quantile,0.9,1493121.4607885412
DE,00+,2024-10-24,2024-11-03,2,quantile,0.975,1714401.494627752
DE,00+,2024-10-24,2024-11-10,3,quantile,0.025,384032.6529765177
DE,00+,2024-10-24,2024-11-10,3,quantile,0.1,1087385.1339837136
DE,00+,2024-10-24,2024-11-10,3,quantile,0.25,1371857.5803946075
DE,00+,2024-10-24,2024-11-10,3,quantile,0.5,1430456.003246984
DE,00+,2024-10-24,2024-11-10,3,quantile,0.75,1462426.535428284
DE,00+,2024-10-24,2024-11-10,3,quantile,0.9,1533983.5124690845
DE,00+,2024-10-24,2024-11-10,3,quantile,0.975,1765937.3942049865
DE,00+,2024-10-24,2024-11-17,4,quantile,0.025,355519.74656952673
DE,00+,2024-10-24,2024-11-17,4,quantile,0.1,1111736.7135001363
DE,00+,2024-10-24,2024-11-17,4,quantile,0.25,1349191.1282166098
DE,00+,2024-10-24,2024-11-17,4,quantile,0.5,1446534.7207571422
DE,00+,2024-10-24,2024-11-17,4,quantile,0.75,1520051.230040861
DE,00+,2024-10-24,2024-11-17,4,quantile,0.9,1584244.6518363203
DE,00+,2024-10-24,2024-11-17,4,quantile,0.975,1746680.2247405003
DE,00-04,2024-10-24,2024-10-27,1,quantile,0.025,85212.03789967883
DE,00-04,2024-10-24,2024-10-27,1,quantile,0.1,155668.57209367512
DE,00-04,2024-10-24,2024-10-27,1,quantile,0.25,167634.11357542576
DE,00-04,2024-10-24,2024-10-27,1,quantile,0.5,178717.29084502842
DE,00-04,2024-10-24,2024-10-27,1,quantile,0.75,191892.441431337
DE,00-04,2024-10-24,2024-10-27,1,quantile,0.9,208063.35847132216
DE,00-04,2024-10-24,2024-10-27,1,quantile,0.975,220862.60010597264
DE,00-04,2024-10-24,2024-11-03,2,quantile,0.025,73729.94372797689
DE,00-04,2024-10-24,2024-11-03,2,quantile,0.1,154029.90110160824
DE,00-04,2024-10-24,2024-11-03,2,quantile,0.25,167632.45434898732
DE,00-04,2024-10-24,2024-11-03,2,quantile,0.5,175029.75780791556
DE,00-04,2024-10-24,2024-11-03,2,quantile,0.75,183787.3556932786
DE,00-04,2024-10-24,2024-11-03,2,quantile,0.9,206368.2538872285
DE,00-04,2024-10-24,2024-11-03,2,quantile,0.975,228922.85927213676
DE,00-04,2024-10-24,2024-11-10,3,quantile,0.025,60764.03575088922
DE,00-04,2024-10-24,2024-11-10,3,quantile,0.1,158284.73704704532
DE,00-04,2024-10-24,2024-11-10,3,quantile,0.25,173688.43304561236
DE,00-04,2024-10-24,2024-11-10,3,quantile,0.5,186355.7764523321
DE,00-04,2024-10-24,2024-11-10,3,quantile,0.75,195469.9631111804
DE,00-04,2024-10-24,2024-11-10,3,quantile,0.9,211244.42925041085
DE,00-04,2024-10-24,2024-11-10,3,quantile,0.975,252531.65235285158
DE,00-04,2024-10-24,2024-11-17,4,quantile,0.025,56490.082679282736
DE,00-04,2024-10-24,2024-11-17,4,quantile,0.1,164490.76593723783
DE,00-04,2024-10-24,2024-11-17,4,quantile,0.25,187673.6462312906
DE,00-04,2024-10-24,2024-11-17,4,quantile,0.5,195715.61785688504
DE,00-04,2024-10-24,2024-11-17,4,quantile,0.75,210004.85383906262
DE,00-04,2024-10-24,2024-11-17,4,quantile,0.9,223934.88484116067
DE,00-04,2024-10-24,2024-11-17,4,quantile,0.975,278545.45800981595
DE,05-14,2024-10-24,2024-10-27,1,quantile,0.025,50907.20619044939
DE,05-14,2024-10-24,2024-10-27,1,quantile,0.1,114098.62121643398
DE,05-14,2024-10-24,2024-10-27,1,quantile,0.25,122527.18856178378
DE,05-14,2024-10-24,2024-10-27,1,quantile,0.5,128779.50443488939
DE,05-14,2024-10-24,2024-10-27,1,quantile,0.75,133664.15523315553
DE,05-14,2024-10-24,2024-10-27,1,quantile,0.9,150028.7218673365
DE,05-14,2024-10-24,2024-10-27,1,quantile,0.975,165786.94686989515
DE,05-14,2024-10-24,2024-11-03,2,quantile,0.025,42743.52974205742
DE,05-14,2024-10-24,2024-11-03,2,quantile,0.1,106825.7872380038
DE,05-14,2024-10-24,2024-11-03,2,quantile,0.25,127202.15766555311
DE,05-14,2024-10-24,2024-11-03,2,quantile,0.5,135154.49893725206
DE,05-14,2024-10-24,2024-11-03,2,quantile,0.75,140469.94731647635
DE,05-14,2024-10-24,2024-11-03,2,quantile,0.9,164118.22771136052
DE,05-14,2024-10-24,2024-11-03,2,quantile,0.975,195200.99846630654
DE,05-14,2024-10-24,2024-11-10,3,quantile,0.025,37706.89248946034
DE,05-14,2024-10-24,2024-11-10,3,quantile,0.1,106701.43357317068
DE,05-14,2024-10-24,2024-11-10,3,quantile,0.25,142832.88127074626
DE,05-14,2024-10-24,2024-11-10,3,quantile,0.5,152559.70665714837
DE,05-14,2024-10-24,2024-11-10,3,quantile,0.75,161207.02381023945
DE,05-14,2024-10-24,2024-11-10,3,quantile,0.9,169428.21148403682
DE,05-14,2024-10-24,2024-11-10,3,quantile,0.975,200202.55283529175
DE,05-14,2024-10-24,2024-11-17,4,quantile,0.025,33630.11910162246
DE,05-14,2024-10-24,2024-11-17,4,quantile,0.1,110291.81703615918
DE,05-14,2024-10-24,2024-11-17,4,quantile,0.25,148058.25353022106
DE,05-14,2024-10-24,2024-11-17,4,quantile,0.5,159301.1374478066
DE,05-14,2024-10-24,2024-11-17,4,quantile,0.75,168419.04689800116
DE,05-14,2024-10-24,2024-11-17,4,quantile,0.9,183086.98755696774
DE,05-14,2024-10-24,2024-11-17,4,quantile,0.975,196031.36058340693
DE,15-34,2024-10-24,2024-10-27,1,quantile,0.025,115530.26552192106
DE,15-34,2024-10-24,2024-10-27,1,quantile,0.1,357064.41679442546
DE,15-34,2024-10-24,2024-10-27,1,quantile,0.25,403059.79648786155
DE,15-34,2024-10-24,2024-10-27,1,quantile,0.5,416324.7697559537
DE,15-34,2024-10-24,2024-10-27,1,quantile,0.75,433601.04446580925
DE,15-34,2024-10-24,2024-10-27,1,quantile,0.9,454198.5560856912
DE,15-34,2024-10-24,2024-10-27,1,quantile,0.975,495500.97622684774
DE,15-34,2024-10-24,2024-11-03,2,quantile,0.025,102504.24748386742
DE,15-34,2024-10-24,2024-11-03,2,quantile,0.1,319368.2523674188
DE,15-34,2024-10-24,2024-11-03,2,quantile,0.25,385242.60415062343
DE,15-34,2024-10-24,2024-11-03,2,quantile,0.5,401836.45313731476
DE,15-34,2024-10-24,2024-11-03,2,quantile,0.75,414027.3471209087
DE,15-34,2024-10-24,2024-11-03,2,quantile,0.9,433208.56551964703
DE,15-34,2024-10-24,2024-11-03,2,quantile,0.975,508800.8166279004
DE,15-34,2024-10-24,2024-11-10,3,quantile,0.025,98026.6392492662
DE,15-34,2024-10-24,2024-11-10,3,quantile,0.1,304263.6389781183
DE,15-34,2024-10-24,2024-11-10,3,quantile,0.25,392902.3072263634
DE,15-34,2024-10-24,2024-11-10,3,quantile,0.5,409327.4452404835
DE,15-34,2024-10-24,2024-11-10,3,quantile,0.75,422134.2491983562
DE,15-34,2024-10-24,2024-11-10,3,quantile,0.9,437126.2596061483
DE,15-34,2024-10-24,2024-11-10,3,quantile,0.975,511991.0018171625
DE,15-34,2024-10-24,2024-11-17,4,quantile,0.025,89984.88169652726
DE,15-34,2024-10-24,2024-11-17,4,quantile,0.1,310410.03135496605
DE,15-34,2024-10-24,2024-11-17,4,quantile,0.25,370512.8691147828
DE,15-34,2024-10-24,2024-11-17,4,quantile,0.5,407910.80565654684
DE,15-34,2024-10-24,2024-11-17,4,quantile,0.75,427262.4510718153
DE,15-34,2024-10-24,2024-11-17,4,quantile,0.9,453151.87831117335
DE,15-34,2024-10-24,2024-11-17,4,quantile,0.975,496030.23671599117
DE,35-59,2024-10-24,2024-10-27,1,quantile,0.025,118240.14581774824
DE,35-59,2024-10-24,2024-10-27,1,quantile,0.1,431039.74009457557
DE,35-59,2024-10-24,2024-10-27,1,quantile,0.25,499955.43925635936
DE,35-59,2024-10-24,2024-10-27,1,quantile,0.5,518708.997497325
DE,35-59,2024-10-24,2024-10-27,1,quantile,0.75,545480.042145676
DE,35-59,2024-10-24,2024-10-27,1,quantile,0.9,575459.4641919613
DE,35-59,2024-10-24,2024-10-27,1,quantile,0.975,610258.2428278037
DE,35-59,2024-10-24,2024-11-03,2,quantile,0.025,117691.54411326295
DE,35-59,2024-10-24,2024-11-03,2,quantile,0.1,404448.53817951586
DE,35-59,2024-10-24,2024-11-03,2,quantile,0.25,490129.69909191906
DE,35-59,2024-10-24,2024-11-03,2,quantile,0.5,507005.3692757032
DE,35-59,2024-10-24,2024-11-03,2,quantile,0.75,522932.27149696817
DE,35-59,2024-10-24,2024-11-03,2,quantile,0.9,551961.6181988188
DE,35-59,2024-10-24,2024-11-03,2,quantile,0.975,640828.2358955676
DE,35-59,2024-10-24,2024-11-10,3,quantile,0.025,111386.95661324504
DE,35-59,2024-10-24,2024-11-10,3,quantile,0.1,372635.7048163706
DE,35-59,2024-10-24,2024-11-10,3,quantile,0.25,482188.49557197065
DE,35-59,2024-10-24,2024-11-10,3,quantile,0.5,524481.3274232291
DE,35-59,2024-10-24,2024-11-10,3,quantile,0.75,539520.4193530281
DE,35-59,2024-10-24,2024-11-10,3,quantile,0.9,572398.8161798657
DE,35-59,2024-10-24,2024-11-10,3,quantile,0.975,666988.7370662789
DE,35-59,2024-10-24,2024-11-17,4,quantile,0.025,113863.21999640441
DE,35-59,2024-10-24,2024-11-17,4,quantile,0.1,364321.4405699368
DE,35-59,2024-10-24,2024-11-17,4,quantile,0.25,453985.2581016414
DE,35-59,2024-10-24,2024-11-17,4,quantile,0.5,501660.5375180955
DE,35-59,2024-10-24,2024-11-17,4,quantile,0.75,545179.9120268439
DE,35-59,2024-10-24,2024-11-17,4,quantile,0.9,588882.1307224898
DE,35-59,2024-10-24,2024-11-17,4,quantile,0.975,643359.9947746404
DE,60+,2024-10-24,2024-10-27,1,quantile,0.025,52775.09974270307
DE,60+,2024-10-24,2024-10-27,1,quantile,0.1,144345.3520072755
DE,60+,2024-10-24,2024-10-27,1,quantile,0.25,166374.11722024038
DE,60+,2024-10-24,2024-10-27,1,quantile,0.5,176036.75532800105
DE,60+,2024-10-24,2024-10-27,1,quantile,0.75,186821.26578659017
DE,60+,2024-10-24,2024-10-27,1,quantile,0.9,203099.35752564293
DE,60+,2024-10-24,2024-10-27,1,quantile,0.975,222795.65138962166
DE,60+,2024-10-24,2024-11-03,2,quantile,0.025,51964.761669904954
DE,60+,2024-10-24,2024-11-03,2,quantile,0.1,127669.43253965178
DE,60+,2024-10-24,2024-11-03,2,quantile,0.25,157567.5220772197
DE,60+,2024-10-24,2024-11-03,2,quantile,0.5,168486.0116773781
DE,60+,2024-10-24,2024-11-03,2,quantile,0.75,181644.08777219878
DE,60+,2024-10-24,2024-11-03,2,quantile,0.9,200403.17448671587
DE,60+,2024-10-24,2024-11-03,2,quantile,0.975,212405.5831800039
DE,60+,2024-10-24,2024-11-10,3,quantile,0.025,50347.406575817804
DE,60+,2024-10-24,2024-11-10,3,quantile,0.1,126047.49735651708
DE,60+,2024-10-24,2024-11-10,3,quantile,0.25,154065.58772832877
DE,60+,2024-10-24,2024-11-10,3,quantile,0.5,174493.93647107508
DE,60+,2024-10-24,2024-11-10,3,quantile,0.75,181891.18393581646
DE,60+,2024-10-24,2024-11-10,3,quantile,0.9,193611.25653089155
DE,60+,2024-10-24,2024-11-10,3,quantile,0.975,210882.29651327635
DE,60+,2024-10-24,2024-11-17,4,quantile,0.025,47935.42533871033
DE,60+,2024-10-24,2024-11-17,4,quantile,0.1,121777.64101736798
DE,60+,2024-10-24,2024-11-17,4,quantile,0.25,140443.13702852573
DE,60+,2024-10-24,2024-11-17,4,quantile,0.5,161430.3569371701
DE,60+,2024-10-24,2024-11-17,4,quantile,0.75,170576.32323483744
DE,60+,2024-10-24,2024-11-17,4,quantile,0.9,191903.30995868682
DE,60+,2024-10-24,2024-11-17,4,quantile,0.975,223906.12734407262
DE,00+,2024-10-31,2024-11-03,1,quantile,0.025,432594.55147157435
DE,00+,2024-10-31,2024-11-03,1,quantile,0.1,1153708.2589429251
DE,00+,2024-10-31,2024-11-03,1,quantile,0.25,1263164.3132545974
DE,00+,2024-10-31,2024-11-03,1,quantile,0.5,1338264.0773826516
DE,00+,2024-10-31,2024-11-03,1,quantile,0.75,1384496.550668012
DE,00+,2024-10-31,2024-11-03,1,quantile,0.9,1425831.1818992933
DE,00+,2024-10-31,2024-11-03,1,quantile,0.975,1538623.2482856961
DE,00+,2024-10-31,2024-11-10,2,quantile,0.025,400844.80895466765
DE,00+,2024-10-31,2024-11-10,2,quantile,0.1,1124942.2168223425
DE,00+,2024-10-31,2024-11-10,2,quantile,0.25,1315874.2275274238
DE,00+,2024-10-31,2024-11-10,2,quantile,0.5,1402108.1964062892
DE,00+,2024-10-31,2024-11-10,2,quantile,0.75,1440244.2828402694
DE,00+,2024-10-31,2024-11-10,2,quantile,0.9,1485475.0711125631
DE,00+,2024-10-31,2024-11-10,2,quantile,0.975,1645237.149826218
DE,00+,2024-10-31,2024-11-17,3,quantile,0.025,385484.1603985534
DE,00+,2024-10-31,2024-11-17,3,quantile,0.1,1071339.1771675549
DE,00+,2024-10-31,2024-11-17,3,quantile,0.25,1339849.4895692957
DE,00+,2024-10-31,2024-11-17,3,quantile,0.5,1405570.8061863752
DE,00+,2024-10-31,2024-11-17,3,quantile,0.75,1471708.3688691626
DE,00+,2024-10-31,2024-11-17,3,quantile,0.9,1532066.1198094408
DE,00+,2024-10-31,2024-11-17,3,quantile,0.975,1760524.9419313993
DE,00+,2024-10-31,2024-11-24,4,quantile,0.025,355356.49702566036
DE,00+,2024-10-31,2024-11-24,4,quantile,0.1,1121104.5151284416
DE,00+,2024-10-31,2024-11-24,4,quantile,0.25,1368545.9283870733
DE,00+,2024-10-31,2024-11-24,4,quantile,0.5,1611388.1942041605
DE,00+,2024-10-31,2024-11-24,4,quantile,0.75,1691331.2788780485
DE,00+,2024-10-31,2024-11-24,4,quantile,0.9,1751533.0197636397
DE,00+,2024-10-31,2024-11-24,4,quantile,0.975,1788799.4197301585
DE,00-04,2024-10-31,2024-11-03,1,quantile,0.025,85495.98652247098
DE,00-04,2024-10-31,2024-11-03,1,quantile,0.1,130607.97384344014
DE,00-04,2024-10-31,2024-11-03,1,quantile,0.25,147578.60660714732
DE,00-04,2024-10-31,2024-11-03,1,quantile,0.5,160364.90636026635
DE,00-04,2024-10-31,2024-11-03,1,quantile,0.75,174433.51063309226
DE,00-04,2024-10-31,2024-11-03,1,quantile,0.9,189024.51318881143
DE,00-04,2024-10-31,2024-11-03,1,quantile,0.975,202281.14938956455
DE,00-04,2024-10-31,2024-11-10,2,quantile,0.025,75959.46782500557
DE,00-04,2024-10-31,2024-11-10,2,quantile,0.1,147388.3886389879
DE,00-04,2024-10-31,2024-11-10,2,quantile,0.25,164485.03706210738
DE,00-04,2024-10-31,2024-11-10,2,quantile,0.5,173856.6991841431
DE,00-04,2024-10-31,2024-11-10,2,quantile,0.75,181928.28905617807
DE,00-04,2024-10-31,2024-11-10,2,quantile,0.9,202599.95778494043
DE,00-04,2024-10-31,2024-11-10,2,quantile,0.975,219640.51870727778
DE,00-04,2024-10-31,2024-11-17,3,quantile,0.025,62305.22603185028
DE,00-04,2024-10-31,2024-11-17,3,quantile,0.1,148547.9526060255
DE,00-04,2024-10-31,2024-11-17,3,quantile,0.25,170485.89970168416
DE,00-04,2024-10-31,2024-11-17,3,quantile,0.5,184104.8956191126
DE,00-04,2024-10-31,2024-11-17,3,quantile,0.75,196928.10594969883
DE,00-04,2024-10-31,2024-11-17,3,quantile,0.9,210508.82573137563
DE,00-04,2024-10-31,2024-11-17,3,quantile,0.975,252947.95232623973
DE,00-04,2024-10-31,2024-11-24,4,quantile,0.025,56175.939594027586
DE,00-04,2024-10-31,2024-11-24,4,quantile,0.1,153186.39000071818
DE,00-04,2024-10-31,2024-11-24,4,quantile,0.25,190523.58609893871
DE,00-04,2024-10-31,2024-11-24,4,quantile,0.5,209567.24700121602
DE,00-04,2024-10-31,2024-11-24,4,quantile,0.75,220944.7695947533
DE,00-04,2024-10-31,2024-11-24,4,quantile,0.9,231780.69937571613
DE,00-04,2024-10-31,2024-11-24,4,quantile,0.975,281027.6937346513
DE,05-14,2024-10-31,2024-11-03,1,quantile,0.025,50029.05411274606
DE,05-14,2024-10-31,2024-11-03,1,quantile,0.1,107516.92784486075
DE,05-14,2024-10-31,2024-11-03,1,quantile,0.25,123070.96948586153
DE,05-14,2024-10-31,2024-11-03,1,quantile,0.5,130512.86623995472
DE,05-14,2024-10-31,2024-11-03,1,quantile,0.75,135716.51368354398
DE,05-14,2024-10-31,2024-11-03,1,quantile,0.9,143575.85938178297
DE,05-14,2024-10-31,2024-11-03,1,quantile,0.975,160777.419021408
DE,05-14,2024-10-31,2024-11-10,2,quantile,0.025,43272.31964390336
DE,05-14,2024-10-31,2024-11-10,2,quantile,0.1,115315.14592474958
DE,05-14,2024-10-31,2024-11-10,2,quantile,0.25,138643.2868374009
DE,05-14,2024-10-31,2024-11-10,2,quantile,0.5,148828.91290791883
DE,05-14,2024-10-31,2024-11-10,2,quantile,0.75,156198.285248531
DE,05-14,2024-10-31,2024-11-10,2,quantile,0.9,166484.52897195207
DE,05-14,2024-10-31,2024-11-10,2,quantile,0.975,187078.9187024012
DE,05-14,2024-10-31,2024-11-17,3,quantile,0.025,38632.06988456762
DE,05-14,2024-10-31,2024-11-17,3,quantile,0.1,110769.91735724891
DE,05-14,2024-10-31,2024-11-17,3,quantile,0.25,138351.75897964608
DE,05-14,2024-10-31,2024-11-17,3,quantile,0.5,155308.22552138346
DE,05-14,2024-10-31,2024-11-17,3,quantile,0.75,166626.90423460552
DE,05-14,2024-10-31,2024-11-17,3,quantile,0.9,180995.0488439702
DE,05-14,2024-10-31,2024-11-17,3,quantile,0.975,200731.58425190178
DE,05-14,2024-10-31,2024-11-24,4,quantile,0.025,33672.82228623342
DE,05-14,2024-10-31,2024-11-24,4,quantile,0.1,114398.99363452879
DE,05-14,2024-10-31,2024-11-24,4,quantile,0.25,158743.29851352965
DE,05-14,2024-10-31,2024-11-24,4,quantile,0.5,187428.57375384157
DE,05-14,2024-10-31,2024-11-24,4,quantile,0.75,196673.43160469763
DE,05-14,2024-10-31,2024-11-24,4,quantile,0.9,207573.59908862849
DE,05-14,2024-10-31,2024-11-24,4,quantile,0.975,215329.56236570035
DE,15-34,2024-10-31,2024-11-03,1,quantile,0.025,114304.33348182058
DE,15-34,2024-10-31,2024-11-03,1,quantile,0.1,328392.24234266265
DE,15-34,2024-10-31,2024-11-03,1,quantile,0.25,371783.20015948743
DE,15-34,2024-10-31,2024-11-03,1,quantile,0.5,393408.76822025294
DE,15-34,2024-10-31,2024-11-03,1,quantile,0.75,402156.9212017967
DE,15-34,2024-10-31,2024-11-03,1,quantile,0.9,412868.6359494756
DE,15-34,2024-10-31,2024-11-03,1,quantile,0.975,442531.21755142417
DE,15-34,2024-10-31,2024-11-10,2,quantile,0.025,102288.90934140013
DE,15-34,2024-10-31,2024-11-10,2,quantile,0.1,310373.2464475705
DE,15-34,2024-10-31,2024-11-10,2,quantile,0.25,393034.11138836085
DE,15-34,2024-10-31,2024-11-10,2,quantile,0.5,408935.81698683987
DE,15-34,2024-10-31,2024-11-10,2,quantile,0.75,419163.800170684
DE,15-34,2024-10-31,2024-11-10,2,quantile,0.9,436431.94378413184
DE,15-34,2024-10-31,2024-11-10,2,quantile,0.975,486472.6165843036
DE,15-34,2024-10-31,2024-11-17,3,quantile,0.025,97488.38711561669
DE,15-34,2024-10-31,2024-11-17,3,quantile,0.1,302779.601234303
DE,15-34,2024-10-31,2024-11-17,3,quantile,0.25,374919.98974886176
DE,15-34,2024-10-31,2024-11-17,3,quantile,0.5,396351.39516912284
DE,15-34,2024-10-31,2024-11-17,3,quantile,0.75,410836.63768319413
DE,15-34,2024-10-31,2024-11-17,3,quantile,0.9,425993.2306310325
DE,15-34,2024-10-31,2024-11-17,3,quantile,0.975,497823.4640627612
DE,15-34,2024-10-31,2024-11-24,4,quantile,0.025,90010.56133825141
DE,15-34,2024-10-31,2024-11-24,4,quantile,0.1,305980.7130008159
DE,15-34,2024-10-31,2024-11-24,4,quantile,0.25,409708.2832629849
DE,15-34,2024-10-31,2024-11-24,4,quantile,0.5,449144.49736079964
DE,15-34,2024-10-31,2024-11-24,4,quantile,0.75,464129.71048456355
DE,15-34,2024-10-31,2024-11-24,4,quantile,0.9,485042.3584285217
DE,15-34,2024-10-31,2024-11-24,4,quantile,0.975,505178.8101902647
DE,35-59,2024-10-31,2024-11-03,1,quantile,0.025,118353.48468729583
DE,35-59,2024-10-31,2024-11-03,1,quantile,0.1,403753.68722368253
DE,35-59,2024-10-31,2024-11-03,1,quantile,0.25,476265.99030491745
DE,35-59,2024-10-31,2024-11-03,1,quantile,0.5,495681.72627287835
DE,35-59,2024-10-31,2024-11-03,1,quantile,0.75,506292.9783891233
DE,35-59,2024-10-31,2024-11-03,1,quantile,0.9,518339.7702713822
DE,35-59,2024-10-31,2024-11-03,1,quantile,0.975,557401.2062141399
DE,35-59,2024-10-31,2024-11-10,2,quantile,0.025,117979.46000438207
DE,35-59,2024-10-31,2024-11-10,2,quantile,0.1,383337.75621815625
DE,35-59,2024-10-31,2024-11-10,2,quantile,0.25,479382.732980142
DE,35-59,2024-10-31,2024-11-10,2,quantile,0.5,516478.0871080137
DE,35-59,2024-10-31,2024-11-10,2,quantile,0.75,530237.7410765354
DE,35-59,2024-10-31,2024-11-10,2,quantile,0.9,543495.9949469306
DE,35-59,2024-10-31,2024-11-10,2,quantile,0.975,612496.4061232558
DE,35-59,2024-10-31,2024-11-17,3,quantile,0.025,111893.12602609454
DE,35-59,2024-10-31,2024-11-17,3,quantile,0.1,361293.26823051367
DE,35-59,2024-10-31,2024-11-17,3,quantile,0.25,455483.21914409724
DE,35-59,2024-10-31,2024-11-17,3,quantile,0.5,484275.11630783725
DE,35-59,2024-10-31,2024-11-17,3,quantile,0.75,510325.3885731629
DE,35-59,2024-10-31,2024-11-17,3,quantile,0.9,574799.0713156951
DE,35-59,2024-10-31,2024-11-17,3,quantile,0.975,662311.363415172
DE,35-59,2024-10-31,2024-11-24,4,quantile,0.025,111904.2747209846
DE,35-59,2024-10-31,2024-11-24,4,quantile,0.1,365359.00459782564
DE,35-59,2024-10-31,2024-11-24,4,quantile,0.25,464491.9765163595
DE,35-59,2024-10-31,2024-11-24,4,quantile,0.5,558185.6107498076
DE,35-59,2024-10-31,2024-11-24,4,quantile,0.75,591472.323381055
DE,35-59,2024-10-31,2024-11-24,4,quantile,0.9,631097.7451131481
DE,35-59,2024-10-31,2024-11-24,4,quantile,0.975,658877.003971426
DE,60+,2024-10-31,2024-11-03,1,quantile,0.025,53136.8547372374
DE,60+,2024-10-31,2024-11-03,1,quantile,0.1,135596.99244736595
DE,60+,2024-10-31,2024-11-03,1,quantile,0.25,153927.26024475144
DE,60+,2024-10-31,2024-11-03,1,quantile,0.5,164412.54684045698
DE,60+,2024-10-31,2024-11-03,1,quantile,0.75,171822.7991405569
DE,60+,2024-10-31,2024-11-03,1,quantile,0.9,187724.9638618286
DE,60+,2024-10-31,2024-11-03,1,quantile,0.975,215920.05737859407
DE,60+,2024-10-31,2024-11-10,2,quantile,0.025,52128.18900040294
DE,60+,2024-10-31,2024-11-10,2,quantile,0.1,124932.48955496892
DE,60+,2024-10-31,2024-11-10,2,quantile,0.25,150338.7972694437
DE,60+,2024-10-31,2024-11-10,2,quantile,0.5,168903.5001253513
DE,60+,2024-10-31,2024-11-10,2,quantile,0.75,176631.05435074522
DE,60+,2024-10-31,2024-11-10,2,quantile,0.9,182319.10586947988
DE,60+,2024-10-31,2024-11-10,2,quantile,0.975,205383.728135928
DE,60+,2024-10-31,2024-11-17,3,quantile,0.025,50516.38822302455
DE,60+,2024-10-31,2024-11-17,3,quantile,0.1,119053.1938989282
DE,60+,2024-10-31,2024-11-17,3,quantile,0.25,138577.82740305344
DE,60+,2024-10-31,2024-11-17,3,quantile,0.5,155977.68387189144
DE,60+,2024-10-31,2024-11-17,3,quantile,0.75,165194.64739537513
DE,60+,2024-10-31,2024-11-17,3,quantile,0.9,185979.17813056818
DE,60+,2024-10-31,2024-11-17,3,quantile,0.975,206432.08270426324
DE,60+,2024-10-31,2024-11-24,4,quantile,0.025,47741.789264323495
DE,60+,2024-10-31,2024-11-24,4,quantile,0.1,117936.18748689641
DE,60+,2024-10-31,2024-11-24,4,quantile,0.25,141485.8025110134
DE,60+,2024-10-31,2024-11-24,4,quantile,0.5,164864.6107984507
DE,60+,2024-10-31,2024-11-24,4,quantile,0.75,175583.56609274267
DE,60+,2024-10-31,2024-11-24,4,quantile,0.9,185796.9511414089
DE,60+,2024-10-31,2024-11-24,4,quantile,0.975,212447.34760881768
DE,00+,2024-11-07,2024-11-10,1,quantile,0.025,433216.7188765182
DE,00+,2024-11-07,2024-11-10,1,quantile,0.1,930258.4082108934
DE,00+,2024-11-07,2024-11-10,1,quantile,0.25,1069703.696070334
DE,00+,2024-11-07,2024-11-10,1,quantile,0.5,1150545.4429856825
DE,00+,2024-11-07,2024-11-10,1,quantile,0.75,1239487.646845406
DE,00+,2024-11-07,2024-11-10,1,quantile,0.9,1317402.0824458003
DE,00+,2024-11-07,2024-11-10,1,quantile,0.975,1396117.768829006
DE,00+,2024-11-07,2024-11-17,2,quantile,0.025,396450.50198563555
DE,00+,2024-11-07,2024-11-17,2,quantile,0.1,917844.2736598265
DE,00+,2024-11-07,2024-11-17,2,quantile,0.25,1074029.6643508314
DE,00+,2024-11-07,2024-11-17,2,quantile,0.5,1231427.6172541329
DE,00+,2024-11-07,2024-11-17,2,quantile,0.75,1307603.3502470963
DE,00+,2024-11-07,2024-11-17,2,quantile,0.9,1367880.4956650054
DE,00+,2024-11-07,2024-11-17,2,quantile,0.975,1515657.8355880603
DE,00+,2024-11-07,2024-11-24,3,quantile,0.025,384020.16363360995
DE,00+,2024-11-07,2024-11-24,3,quantile,0.1,963996.2368018866
DE,00+,2024-11-07,2024-11-24,3,quantile,0.25,1216522.3303250158
DE,00+,2024-11-07,2024-11-24,3,quantile,0.5,1355824.6016264756
DE,00+,2024-11-07,2024-11-24,3,quantile,0.75,1468721.1611128352
DE,00+,2024-11-07,2024-11-24,3,quantile,0.9,1607770.2800641868
DE,00+,2024-11-07,2024-11-24,3,quantile,0.975,1687981.649643872
DE,00+,2024-11-07,2024-12-01,4,quantile,0.025,357101.9536686628
DE,00+,2024-11-07,2024-12-01,4,quantile,0.1,991584.4220247945
DE,00+,2024-11-07,2024-12-01,4,quantile,0.25,1173323.3565796395
DE,00+,2024-11-07,2024-12-01,4,quantile,0.5,1379868.2299130696
DE,00+,2024-11-07,2024-12-01,4,quantile,0.75,1573606.1165283283
DE,00+,2024-11-07,2024-12-01,4,quantile,0.9,1713591.465089387
DE,00+,2024-11-07,2024-12-01,4,quantile,0.975,1809069.9736167877
DE,00-04,2024-11-07,2024-11-10,1,quantile,0.025,85737.69002646714
DE,00-04,2024-11-07,2024-11-10,1,quantile,0.1,132828.80596234536
DE,00-04,2024-11-07,2024-11-10,1,quantile,0.25,146996.7228373917
DE,00-04,2024-11-07,2024-11-10,1,quantile,0.5,158249.55880808982
DE,00-04,2024-11-07,2024-11-10,1,quantile,0.75,171339.98010363866
DE,00-04,2024-11-07,2024-11-10,1,quantile,0.9,184674.44802283688
DE,00-04,2024-11-07,2024-11-10,1,quantile,0.975,197462.09966137525
DE,00-04,2024-11-07,2024-11-17,2,quantile,0.025,74776.71911949935
DE,00-04,2024-11-07,2024-11-17,2,quantile,0.1,137272.99931270714
DE,00-04,2024-11-07,2024-11-17,2,quantile,0.25,149220.99246463162
DE,00-04,2024-11-07,2024-11-17,2,quantile,0.5,167421.9447194187
DE,00-04,2024-11-07,2024-11-17,2,quantile,0.75,187160.99639158702
DE,00-04,2024-11-07,2024-11-17,2,quantile,0.9,203975.74459234904
DE,00-04,2024-11-07,2024-11-17,2,quantile,0.975,221751.4586522872
DE,00-04,2024-11-07,2024-11-24,3,quantile,0.025,59721.86171463708
DE,00-04,2024-11-07,2024-11-24,3,quantile,0.1,136958.1673085162
DE,00-04,2024-11-07,2024-11-24,3,quantile,0.25,172055.20564417727
DE,00-04,2024-11-07,2024-11-24,3,quantile,0.5,193391.07915296804
DE,00-04,2024-11-07,2024-11-24,3,quantile,0.75,214418.13118866662
DE,00-04,2024-11-07,2024-11-24,3,quantile,0.9,222650.91406919825
DE,00-04,2024-11-07,2024-11-24,3,quantile,0.975,251300.32960953432
DE,00-04,2024-11-07,2024-12-01,4,quantile,0.025,55049.21772443773
DE,00-04,2024-11-07,2024-12-01,4,quantile,0.1,137054.63207407336
DE,00-04,2024-11-07,2024-12-01,4,quantile,0.25,158308.3393514791
DE,00-04,2024-11-07,2024-12-01,4,quantile,0.5,186421.32013573064
DE,00-04,2024-11-07,2024-12-01,4,quantile,0.75,223469.7403990954
DE,00-04,2024-11-07,2024-12-01,4,quantile,0.9,237846.90364806255
DE,00-04,2024-11-07,2024-12-01,4,quantile,0.975,285671.11756568466
DE,05-14,2024-11-07,2024-11-10,1,quantile,0.025,50510.32481965607
DE,05-14,2024-11-07,2024-11-10,1,quantile,0.1,101615.76497382282
DE,05-14,2024-11-07,2024-11-10,1,quantile,0.25,121231.0217581862
DE,05-14,2024-11-07,2024-11-10,1,quantile,0.5,133115.32181794447
DE,05-14,2024-11-07,2024-11-10,1,quantile,0.75,141722.93946378742
DE,05-14,2024-11-07,2024-11-10,1,quantile,0.9,150298.28799746587
DE,05-14,2024-11-07,2024-11-10,1,quantile,0.975,160234.52416709837
DE,05-14,2024-11-07,2024-11-17,2,quantile,0.025,43446.99202364953
DE,05-14,2024-11-07,2024-11-17,2,quantile,0.1,100029.3466355124
DE,05-14,2024-11-07,2024-11-17,2,quantile,0.25,116290.73961917525
DE,05-14,2024-11-07,2024-11-17,2,quantile,0.5,146153.3482953262
DE,05-14,2024-11-07,2024-11-17,2,quantile,0.75,160178.46526931328
DE,05-14,2024-11-07,2024-11-17,2,quantile,0.9,178748.4889366567
DE,05-14,2024-11-07,2024-11-17,2,quantile,0.975,190179.38918154972
DE,05-14,2024-11-07,2024-11-24,3,quantile,0.025,38562.40895149349
DE,05-14,2024-11-07,2024-11-24,3,quantile,0.1,108929.9663521172
DE,05-14,2024-11-07,2024-11-24,3,quantile,0.25,143803.62400151245
DE,05-14,2024-11-07,2024-11-24,3,quantile,0.5,168712.79341310347
DE,05-14,2024-11-07,2024-11-24,3,quantile,0.75,181402.51480435437
DE,05-14,2024-11-07,2024-11-24,3,quantile,0.9,205579.42159271552
DE,05-14,2024-11-07,2024-11-24,3,quantile,0.975,217578.3241436474
DE,05-14,2024-11-07,2024-12-01,4,quantile,0.025,33292.531748772664
DE,05-14,2024-11-07,2024-12-01,4,quantile,0.1,108698.12775597241
DE,05-14,2024-11-07,2024-12-01,4,quantile,0.25,139885.17809554093
DE,05-14,2024-11-07,2024-12-01,4,quantile,0.5,171984.44377556737
DE,05-14,2024-11-07,2024-12-01,4,quantile,0.75,193934.59034901502
DE,05-14,2024-11-07,2024-12-01,4,quantile,0.9,228268.53501713107
DE,05-14,2024-11-07,2024-12-01,4,quantile,0.975,250306.36918450412
DE,15-34,2024-11-07,2024-11-10,1,quantile,0.025,115594.8403502716
DE,15-34,2024-11-07,2024-11-10,1,quantile,0.1,262991.1445722935
DE,15-34,2024-11-07,2024-11-10,1,quantile,0.25,303127.7376442902
DE,15-34,2024-11-07,2024-11-10,1,quantile,0.5,326946.36250889016
DE,15-34,2024-11-07,2024-11-10,1,quantile,0.75,343471.6839512064
DE,15-34,2024-11-07,2024-11-10,1,quantile,0.9,371690.773306891
DE,15-34,2024-11-07,2024-11-10,1,quantile,0.975,388566.6323242275
DE,15-34,2024-11-07,2024-11-17,2,quantile,0.025,102288.71653970491
DE,15-34,2024-11-07,2024-11-17,2,quantile,0.1,253463.5166893891
DE,15-34,2024-11-07,2024-11-17,2,quantile,0.25,304301.6018698079
DE,15-34,2024-11-07,2024-11-17,2,quantile,0.5,347076.68172967905
DE,15-34,2024-11-07,2024-11-17,2,quantile,0.75,362007.0578515082
DE,15-34,2024-11-07,2024-11-17,2,quantile,0.9,380630.4839544598
DE,15-34,2024-11-07,2024-11-17,2,quantile,0.975,409629.2908972186
DE,15-34,2024-11-07,2024-11-24,3,quantile,0.025,97428.49327558729
DE,15-34,2024-11-07,2024-11-24,3,quantile,0.1,275770.64880461135
DE,15-34,2024-11-07,2024-11-24,3,quantile,0.25,341630.6697441165
DE,15-34,2024-11-07,2024-11-24,3,quantile,0.5,374109.14131454093
DE,15-34,2024-11-07,2024-11-24,3,quantile,0.75,391981.0745049256
DE,15-34,2024-11-07,2024-11-24,3,quantile,0.9,439172.09409432515
DE,15-34,2024-11-07,2024-11-24,3,quantile,0.975,467825.2323865352
DE,15-34,2024-11-07,2024-12-01,4,quantile,0.025,90717.55404479653
DE,15-34,2024-11-07,2024-12-01,4,quantile,0.1,286087.442530023
DE,15-34,2024-11-07,2024-12-01,4,quantile,0.25,342686.60509513685
DE,15-34,2024-11-07,2024-12-01,4,quantile,0.5,380188.77335595567
DE,15-34,2024-11-07,2024-12-01,4,quantile,0.75,405993.7774893896
DE,15-34,2024-11-07,2024-12-01,4,quantile,0.9,457553.4973354933
DE,15-34,2024-11-07,2024-12-01,4,quantile,0.975,514167.0207562108
DE,35-59,2024-11-07,2024-11-10,1,quantile,0.025,119521.73228295846
DE,35-59,2024-11-07,2024-11-10,1,quantile,0.1,339447.29623256315
DE,35-59,2024-11-07,2024-11-10,1,quantile,0.25,382495.4335965747
DE,35-59,2024-11-07,2024-11-10,1,quantile,0.5,404683.19698179077
DE,35-59,2024-11-07,2024-11-10,1,quantile,0.75,418671.49049118895
DE,35-59,2024-11-07,2024-11-10,1,quantile,0.9,465543.470784248
DE,35-59,2024-11-07,2024-11-10,1,quantile,0.975,506314.111740295
DE,35-59,2024-11-07,2024-11-17,2,quantile,0.025,117471.42241312496
DE,35-59,2024-11-07,2024-11-17,2,quantile,0.1,295638.7245815882
DE,35-59,2024-11-07,2024-11-17,2,quantile,0.25,356551.0742888333
DE,35-59,2024-11-07,2024-11-17,2,quantile,0.5,407098.09897608415
DE,35-59,2024-11-07,2024-11-17,2,quantile,0.75,442282.25691311
DE,35-59,2024-11-07,2024-11-17,2,quantile,0.9,460824.5230064895
DE,35-59,2024-11-07,2024-11-17,2,quantile,0.975,493264.58071388165
DE,35-59,2024-11-07,2024-11-24,3,quantile,0.025,112221.31081381999
DE,35-59,2024-11-07,2024-11-24,3,quantile,0.1,312800.4462198665
DE,35-59,2024-11-07,2024-11-24,3,quantile,0.25,382430.81916726194
DE,35-59,2024-11-07,2024-11-24,3,quantile,0.5,450110.9631938579
DE,35-59,2024-11-07,2024-11-24,3,quantile,0.75,508810.6498768719
DE,35-59,2024-11-07,2024-11-24,3,quantile,0.9,541531.4431298884
DE,35-59,2024-11-07,2024-11-24,3,quantile,0.975,585351.9645078735
DE,35-59,2024-11-07,2024-12-01,4,quantile,0.025,113210.57384198715
DE,35-59,2024-11-07,2024-12-01,4,quantile,0.1,325008.7552666303
DE,35-59,2024-11-07,2024-12-01,4,quantile,0.25,382875.72965565324
DE,35-59,2024-11-07,2024-12-01,4,quantile,0.5,479652.3329320952
DE,35-59,2024-11-07,2024-12-01,4,quantile,0.75,535424.9823559083
DE,35-59,2024-11-07,2024-12-01,4,quantile,0.9,585884.9260242033
DE,35-59,2024-11-07,2024-12-01,4,quantile,0.975,644960.231173445
DE,60+,2024-11-07,2024-11-10,1,quantile,0.025,53283.562075794456
DE,60+,2024-11-07,2024-11-10,1,quantile,0.1,110273.53498283657
DE,60+,2024-11-07,2024-11-10,1,quantile,0.25,124368.31663647704
DE,60+,2024-11-07,2024-11-10,1,quantile,0.5,133043.77767027804
DE,60+,2024-11-07,2024-11-10,1,quantile,0.75,149565.77417549753
DE,60+,2024-11-07,2024-11-10,1,quantile,0.9,163664.73253589944
DE,60+,2024-11-07,2024-11-10,1,quantile,0.975,186438.47674979188
DE,60+,2024-11-07,2024-11-17,2,quantile,0.025,52197.444104718714
DE,60+,2024-11-07,2024-11-17,2,quantile,0.1,97585.39250362663
DE,60+,2024-11-07,2024-11-17,2,quantile,0.25,109578.24055763721
DE,60+,2024-11-07,2024-11-17,2,quantile,0.5,121357.8407928156
DE,60+,2024-11-07,2024-11-17,2,quantile,0.75,139960.88463643598
DE,60+,2024-11-07,2024-11-17,2,quantile,0.9,160918.72210838273
DE,60+,2024-11-07,2024-11-17,2,quantile,0.975,183208.9994254589
DE,60+,2024-11-07,2024-11-24,3,quantile,0.025,50902.645477394566
DE,60+,2024-11-07,2024-11-24,3,quantile,0.1,98795.21871422717
DE,60+,2024-11-07,2024-11-24,3,quantile,0.25,119763.13320079618
DE,60+,2024-11-07,2024-11-24,3,quantile,0.5,141137.84717547917
DE,60+,2024-11-07,2024-11-24,3,quantile,0.75,156736.9432745005
DE,60+,2024-11-07,2024-11-24,3,quantile,0.9,172043.67331139842
DE,60+,2024-11-07,2024-11-24,3,quantile,0.975,183132.48740099085
DE,60+,2024-11-07,2024-12-01,4,quantile,0.025,48443.942145911446
DE,60+,2024-11-07,2024-12-01,4,quantile,0.1,99837.25559746553
DE,60+,2024-11-07,2024-12-01,4,quantile,0.25,122006.06217492608
DE,60+,2024-11-07,2024-12-01,4,quantile,0.5,150979.06169544958
DE,60+,2024-11-07,2024-12-01,4,quantile,0.75,171338.5289144202
DE,60+,2024-11-07,2024-12-01,4,quantile,0.9,184207.75393738988
DE,60+,2024-11-07,2024-12-01,4,quantile,0.975,201725.13238912958
DE,00+,2024-11-14,2024-11-17,1,quantile,0.025,431403.7025607068
DE,00+,2024-11-14,2024-11-17,1,quantile,0.1,1115208.0278951596
DE,00+,2024-11-14,2024-11-17,1,quantile,0.25,1213049.6620646971
DE,00+,2024-11-14,2024-11-17,1,quantile,0.5,1313815.3514584117
DE,00+,2024-11-14,2024-11-17,1,quantile,0.75,1393560.404499727
DE,00+,2024-11-14,2024-11-17,1,quantile,0.9,1470142.31794941
DE,00+,2024-11-14,2024-11-17,1,quantile,0.975,1552475.378996541
DE,00+,2024-11-14,2024-11-24,2,quantile,0.025,400659.1307264202
DE,00+,2024-11-14,2024-11-24,2,quantile,0.1,1136037.2603223943
DE,00+,2024-11-14,2024-11-24,2,quantile,0.25,1399348.528182875
DE,00+,2024-11-14,2024-11-24,2,quantile,0.5,1558392.434520514
DE,00+,2024-11-14,2024-11-24,2,quantile,0.75,1667369.3802422977
DE,00+,2024-11-14,2024-11-24,2,quantile,0.9,1707322.3243051686
DE,00+,2024-11-14,2024-11-24,2,quantile,0.975,1744625.9109746192
DE,00+,2024-11-14,2024-12-01,3,quantile,0.025,385582.7571858079
DE,00+,2024-11-14,2024-12-01,3,quantile,0.1,1130049.9834006652
DE,00+,2024-11-14,2024-12-01,3,quantile,0.25,1426065.8134298306
DE,00+,2024-11-14,2024-12-01,3,quantile,0.5,1677267.3290873484
DE,00+,2024-11-14,2024-12-01,3,quantile,0.75,1790236.811948834
DE,00+,2024-11-14,2024-12-01,3,quantile,0.9,1839615.561865686
DE,00+,2024-11-14,2024-12-01,3,quantile,0.975,1868562.1616253785
DE,00+,2024-11-14,2024-12-08,4,quantile,0.025,357820.77892496693
DE,00+,2024-11-14,2024-12-08,4,quantile,0.1,1117716.101377214
DE,00+,2024-11-14,2024-12-08,4,quantile,0.25,1421498.7277540178
DE,00+,2024-11-14,2024-12-08,4,quantile,0.5,1799794.8329444178
DE,00+,2024-11-14,2024-12-08,4,quantile,0.75,1952340.3287315131
DE,00+,2024-11-14,2024-12-08,4,quantile,0.9,2053560.2217396528
DE,00+,2024-11-14,2024-12-08,4,quantile,0.975,2114724.765333201
DE,00-04,2024-11-14,2024-11-17,1,quantile,0.025,85785.6067262747
DE,00-04,2024-11-14,2024-11-17,1,quantile,0.1,142125.38773138524
DE,00-04,2024-11-14,2024-11-17,1,quantile,0.25,160238.24643435955
DE,00-04,2024-11-14,2024-11-17,1,quantile,0.5,169364.12664793094
DE,00-04,2024-11-14,2024-11-17,1,quantile,0.75,179038.2704923185
DE,00-04,2024-11-14,2024-11-17,1,quantile,0.9,185869.64306887
DE,00-04,2024-11-14,2024-11-17,1,quantile,0.975,198936.99239788327
DE,00-04,2024-11-14,2024-11-24,2,quantile,0.025,76040.43605720942
DE,00-04,2024-11-14,2024-11-24,2,quantile,0.1,147505.23899812705
DE,00-04,2024-11-14,2024-11-24,2,quantile,0.25,175856.76799752683
DE,00-04,2024-11-14,2024-11-24,2,quantile,0.5,195106.99146510736
DE,00-04,2024-11-14,2024-11-24,2,quantile,0.75,210386.34693134978
DE,00-04,2024-11-14,2024-11-24,2,quantile,0.9,217341.0226906572
DE,00-04,2024-11-14,2024-11-24,2,quantile,0.975,221986.1860290994
DE,00-04,2024-11-14,2024-12-01,3,quantile,0.025,60262.96327830603
DE,00-04,2024-11-14,2024-12-01,3,quantile,0.1,147029.4334431059
DE,00-04,2024-11-14,2024-12-01,3,quantile,0.25,175388.71810449695
DE,00-04,2024-11-14,2024-12-01,3,quantile,0.5,195598.48036423323
DE,00-04,2024-11-14,2024-12-01,3,quantile,0.75,222313.54053183022
DE,00-04,2024-11-14,2024-12-01,3,quantile,0.9,236447.27750289784
DE,00-04,2024-11-14,2024-12-01,3,quantile,0.975,254380.88074746015
DE,00-04,2024-11-14,2024-12-08,4,quantile,0.025,54178.21696363487
DE,00-04,2024-11-14,2024-12-08,4,quantile,0.1,154272.75317971822
DE,00-04,2024-11-14,2024-12-08,4,quantile,0.25,186287.03436404056
DE,00-04,2024-11-14,2024-12-08,4,quantile,0.5,209359.6644128107
DE,00-04,2024-11-14,2024-12-08,4,quantile,0.75,238840.34438806825
DE,00-04,2024-11-14,2024-12-08,4,quantile,0.9,249037.95102677617
DE,00-04,2024-11-14,2024-12-08,4,quantile,0.975,283050.22462525207
DE,05-14,2024-11-14,2024-11-17,1,quantile,0.025,50803.65283836654
DE,05-14,2024-11-14,2024-11-17,1,quantile,0.1,119228.86355284919
DE,05-14,2024-11-14,2024-11-17,1,quantile,0.25,132013.80497725372
DE,05-14,2024-11-14,2024-11-17,1,quantile,0.5,137685.28702715115
DE,05-14,2024-11-14,2024-11-17,1,quantile,0.75,154406.77185848478
DE,05-14,2024-11-14,2024-11-17,1,quantile,0.9,168274.21274693884
DE,05-14,2024-11-14,2024-11-17,1,quantile,0.975,180389.21674311423
DE,05-14,2024-11-14,2024-11-24,2,quantile,0.025,43415.569346261545
DE,05-14,2024-11-14,2024-11-24,2,quantile,0.1,115412.33626082362
DE,05-14,2024-11-14,2024-11-24,2,quantile,0.25,157948.2972832614
DE,05-14,2024-11-14,2024-11-24,2,quantile,0.5,182261.30526098516
DE,05-14,2024-11-14,2024-11-24,2,quantile,0.75,189758.34597760712
DE,05-14,2024-11-14,2024-11-24,2,quantile,0.9,197169.95827967874
DE,05-14,2024-11-14,2024-11-24,2,quantile,0.975,206012.85213189252
DE,05-14,2024-11-14,2024-12-01,3,quantile,0.025,38915.43716621065
DE,05-14,2024-11-14,2024-12-01,3,quantile,0.1,116736.99339491522
DE,05-14,2024-11-14,2024-12-01,3,quantile,0.25,153845.725039279
DE,05-14,2024-11-14,2024-12-01,3,quantile,0.5,184566.2932433242
DE,05-14,2024-11-14,2024-12-01,3,quantile,0.75,206336.69908064906
DE,05-14,2024-11-14,2024-12-01,3,quantile,0.9,235263.92642641385
DE,05-14,2024-11-14,2024-12-01,3,quantile,0.975,254014.69289892726
DE,05-14,2024-11-14,2024-12-08,4,quantile,0.025,33528.26732049929
DE,05-14,2024-11-14,2024-12-08,4,quantile,0.1,125170.5638252201
DE,05-14,2024-11-14,2024-12-08,4,quantile,0.25,169079.9901327086
DE,05-14,2024-11-14,2024-12-08,4,quantile,0.5,208274.59107108408
DE,05-14,2024-11-14,2024-12-08,4,quantile,0.75,243275.99978248472
DE,05-14,2024-11-14,2024-12-08,4,quantile,0.9,264236.8997182156
DE,05-14,2024-11-14,2024-12-08,4,quantile,0.975,286510.80036207143
DE,15-34,2024-11-14,2024-11-17,1,quantile,0.025,114660.02681261755
DE,15-34,2024-11-14,2024-11-17,1,quantile,0.1,319969.35300070565
DE,15-34,2024-11-14,2024-11-17,1,quantile,0.25,357091.7729325063
DE,15-34,2024-11-14,2024-11-17,1,quantile,0.5,385505.7720924343
DE,15-34,2024-11-14,2024-11-17,1,quantile,0.75,405313.1698660027
DE,15-34,2024-11-14,2024-11-17,1,quantile,0.9,430054.0727940536
DE,15-34,2024-11-14,2024-11-17,1,quantile,0.975,478850.256589232
DE,15-34,2024-11-14,2024-11-24,2,quantile,0.025,103331.55983199945
DE,15-34,2024-11-14,2024-11-24,2,quantile,0.1,330610.9894425975
DE,15-34,2024-11-14,2024-11-24,2,quantile,0.25,415070.48865996854
DE,15-34,2024-11-14,2024-11-24,2,quantile,0.5,444659.34449267416
DE,15-34,2024-11-14,2024-11-24,2,quantile,0.75,470495.0854037544
DE,15-34,2024-11-14,2024-11-24,2,quantile,0.9,491169.2652000862
DE,15-34,2024-11-14,2024-11-24,2,quantile,0.975,514895.9165006308
DE,15-34,2024-11-14,2024-12-01,3,quantile,0.025,97822.25215775463
DE,15-34,2024-11-14,2024-12-01,3,quantile,0.1,315164.80160894094
DE,15-34,2024-11-14,2024-12-01,3,quantile,0.25,424224.74819032225
DE,15-34,2024-11-14,2024-12-01,3,quantile,0.5,480832.599179485
DE,15-34,2024-11-14,2024-12-01,3,quantile,0.75,504389.09052724484
DE,15-34,2024-11-14,2024-12-01,3,quantile,0.9,523474.1714421098
DE,15-34,2024-11-14,2024-12-01,3,quantile,0.975,534836.7798876686
DE,15-34,2024-11-14,2024-12-08,4,quantile,0.025,90510.75428025896
DE,15-34,2024-11-14,2024-12-08,4,quantile,0.1,329875.8906321038
DE,15-34,2024-11-14,2024-12-08,4,quantile,0.25,425208.97627299064
DE,15-34,2024-11-14,2024-12-08,4,quantile,0.5,503755.16315063287
DE,15-34,2024-11-14,2024-12-08,4,quantile,0.75,541605.4139853946
DE,15-34,2024-11-14,2024-12-08,4,quantile,0.9,568707.6912528393
DE,15-34,2024-11-14,2024-12-08,4,quantile,0.975,581977.2075238804
DE,35-59,2024-11-14,2024-11-17,1,quantile,0.025,120488.28280975933
DE,35-59,2024-11-14,2024-11-17,1,quantile,0.1,390971.5267059982
DE,35-59,2024-11-14,2024-11-17,1,quantile,0.25,432274.0166816775
DE,35-59,2024-11-14,2024-11-17,1,quantile,0.5,463362.53740448086
DE,35-59,2024-11-14,2024-11-17,1,quantile,0.75,485992.9729388794
DE,35-59,2024-11-14,2024-11-17,1,quantile,0.9,519490.4506535257
DE,35-59,2024-11-14,2024-11-17,1,quantile,0.975,549771.3665290314
DE,35-59,2024-11-14,2024-11-24,2,quantile,0.025,119076.10173286169
DE,35-59,2024-11-14,2024-11-24,2,quantile,0.1,387975.98274733196
DE,35-59,2024-11-14,2024-11-24,2,quantile,0.25,492910.42699177825
DE,35-59,2024-11-14,2024-11-24,2,quantile,0.5,541663.0667883258
DE,35-59,2024-11-14,2024-11-24,2,quantile,0.75,578284.090363514
DE,35-59,2024-11-14,2024-11-24,2,quantile,0.9,609249.8350693804
DE,35-59,2024-11-14,2024-11-24,2,quantile,0.975,635476.2349647868
DE,35-59,2024-11-14,2024-12-01,3,quantile,0.025,113157.80890353446
DE,35-59,2024-11-14,2024-12-01,3,quantile,0.1,373936.99797574
DE,35-59,2024-11-14,2024-12-01,3,quantile,0.25,519698.8914536738
DE,35-59,2024-11-14,2024-12-01,3,quantile,0.5,601263.7633136121
DE,35-59,2024-11-14,2024-12-01,3,quantile,0.75,639488.0241728191
DE,35-59,2024-11-14,2024-12-01,3,quantile,0.9,659252.7914147594
DE,35-59,2024-11-14,2024-12-01,3,quantile,0.975,671478.6376051705
DE,35-59,2024-11-14,2024-12-08,4,quantile,0.025,110855.73572465614
DE,35-59,2024-11-14,2024-12-08,4,quantile,0.1,381531.5790973111
DE,35-59,2024-11-14,2024-12-08,4,quantile,0.25,507999.7093706684
DE,35-59,2024-11-14,2024-12-08,4,quantile,0.5,654184.8668549709
DE,35-59,2024-11-14,2024-12-08,4,quantile,0.75,712444.1730240241
DE,35-59,2024-11-14,2024-12-08,4,quantile,0.9,742235.4238108614
DE,35-59,2024-11-14,2024-12-08,4,quantile,0.975,760038.609282277
DE,60+,2024-11-14,2024-11-17,1,quantile,0.025,53165.506354974365
DE,60+,2024-11-14,2024-11-17,1,quantile,0.1,121310.14967611743
DE,60+,2024-11-14,2024-11-17,1,quantile,0.25,133491.98864974827
DE,60+,2024-11-14,2024-11-17,1,quantile,0.5,143883.2516717388
DE,60+,2024-11-14,2024-11-17,1,quantile,0.75,157382.08434035847
DE,60+,2024-11-14,2024-11-17,1,quantile,0.9,173238.83863007778
DE,60+,2024-11-14,2024-11-17,1,quantile,0.975,186488.2930539103
DE,60+,2024-11-14,2024-11-24,2,quantile,0.025,52667.0271686386
DE,60+,2024-11-14,2024-11-24,2,quantile,0.1,124093.53728072028
DE,60+,2024-11-14,2024-11-24,2,quantile,0.25,141639.7237478823
DE,60+,2024-11-14,2024-11-24,2,quantile,0.5,160532.79387133857
DE,60+,2024-11-14,2024-11-24,2,quantile,0.75,172563.13322873876
DE,60+,2024-11-14,2024-11-24,2,quantile,0.9,186606.77033262997
DE,60+,2024-11-14,2024-11-24,2,quantile,0.975,195851.34115502803
DE,60+,2024-11-14,2024-12-01,3,quantile,0.025,51255.71846952289
DE,60+,2024-11-14,2024-12-01,3,quantile,0.1,121961.65986263783
DE,60+,2024-11-14,2024-12-01,3,quantile,0.25,153515.01085053844
DE,60+,2024-11-14,2024-12-01,3,quantile,0.5,179463.4564011205
DE,60+,2024-11-14,2024-12-01,3,quantile,0.75,189235.88189382877
DE,60+,2024-11-14,2024-12-01,3,quantile,0.9,195594.94650384533
DE,60+,2024-11-14,2024-12-01,3,quantile,0.975,202797.92216481324
DE,60+,2024-11-14,2024-12-08,4,quantile,0.025,47607.29907884827
DE,60+,2024-11-14,2024-12-08,4,quantile,0.1,113808.68168169889
DE,60+,2024-11-14,2024-12-08,4,quantile,0.25,145729.99351110376
DE,60+,2024-11-14,2024-12-08,4,quantile,0.5,197888.4279272156
DE,60+,2024-11-14,2024-12-08,4,quantile,0.75,217588.08571054172
DE,60+,2024-11-14,2024-12-08,4,quantile,0.9,222815.2332529882
DE,60+,2024-11-14,2024-12-08,4,quantile,0.975,235832.46969428947
DE,00+,2024-11-21,2024-11-24,1,quantile,0.025,433962.92925373383
DE,00+,2024-11-21,2024-11-24,1,quantile,0.1,1222326.02446702
DE,00+,2024-11-21,2024-11-24,1,quantile,0.25,1398804.4333572094
DE,00+,2024-11-21,2024-11-24,1,quantile,0.5,1495155.7786683228
DE,00+,2024-11-21,2024-11-24,1,quantile,0.75,1536612.8759991652
DE,00+,2024-11-21,2024-11-24,1,quantile,0.9,1572917.6089350635
DE,00+,2024-11-21,2024-11-24,1,quantile,0.975,1613429.806288318
DE,00+,2024-11-21,2024-12-01,2,quantile,0.025,407314.598324915
DE,00+,2024-11-21,2024-12-01,2,quantile,0.1,1182994.8231003163
DE,00+,2024-11-21,2024-12-01,2,quantile,0.25,1467216.2557034753
DE,00+,2024-11-21,2024-12-01,2,quantile,0.5,1659811.483875751
DE,00+,2024-11-21,2024-12-01,2,quantile,0.75,1741118.6173814065
DE,00+,2024-11-21,2024-12-01,2,quantile,0.9,1773160.7711729729
DE,00+,2024-11-21,2024-12-01,2,quantile,0.975,1801099.4371101514
DE,00+,2024-11-21,2024-12-08,3,quantile,0.025,386641.1288718261
DE,00+,2024-11-21,2024-12-08,3,quantile,0.1,1136987.1681976172
DE,00+,2024-11-21,2024-12-08,3,quantile,0.25,1551832.9529706112
DE,00+,2024-11-21,2024-12-08,3,quantile,0.5,1839957.6621089794
DE,00+,2024-11-21,2024-12-08,3,quantile,0.75,1968164.983812624
DE,00+,2024-11-21,2024-12-08,3,quantile,0.9,2010915.4710552532
DE,00+,2024-11-21,2024-12-08,3,quantile,0.975,2037494.4800484907
DE,00+,2024-11-21,2024-12-15,4,quantile,0.025,359493.4182712251
DE,00+,2024-11-21,2024-12-15,4,quantile,0.1,1144335.2768255952
DE,00+,2024-11-21,2024-12-15,4,quantile,0.25,1483813.1132058648
DE,00+,2024-11-21,2024-12-15,4,quantile,0.5,1875664.7699860446
DE,00+,2024-11-21,2024-12-15,4,quantile,0.75,2054632.6223330852
DE,00+,2024-11-21,2024-12-15,4,quantile,0.9,2143209.162737738
DE,00+,2024-11-21,2024-12-15,4,quantile,0.975,2194116.6488859328
DE,00-04,2024-11-21,2024-11-24,1,quantile,0.025,86093.84690992752
DE,00-04,2024-11-21,2024-11-24,1,quantile,0.1,167055.71790679955
DE,00-04,2024-11-21,2024-11-24,1,quantile,0.25,183935.10958326256
DE,00-04,2024-11-21,2024-11-24,1,quantile,0.5,194871.71636278383
DE,00-04,2024-11-21,2024-11-24,1,quantile,0.75,204456.87637558533
DE,00-04,2024-11-21,2024-11-24,1,quantile,0.9,210745.2410523907
DE,00-04,2024-11-21,2024-11-24,1,quantile,0.975,218875.31265752733
DE,00-04,2024-11-21,2024-12-01,2,quantile,0.025,74661.79482862867
DE,00-04,2024-11-21,2024-12-01,2,quantile,0.1,164289.57805658533
DE,00-04,2024-11-21,2024-12-01,2,quantile,0.25,191445.9801366402
DE,00-04,2024-11-21,2024-12-01,2,quantile,0.5,208877.1090316998
DE,00-04,2024-11-21,2024-12-01,2,quantile,0.75,220176.8798407177
DE,00-04,2024-11-21,2024-12-01,2,quantile,0.9,231242.82327795666
DE,00-04,2024-11-21,2024-12-01,2,quantile,0.975,241284.29217351362
DE,00-04,2024-11-21,2024-12-08,3,quantile,0.025,62317.539737813546
DE,00-04,2024-11-21,2024-12-08,3,quantile,0.1,169101.00410578732
DE,00-04,2024-11-21,2024-12-08,3,quantile,0.25,205526.47636097667
DE,00-04,2024-11-21,2024-12-08,3,quantile,0.5,220128.14807145484
DE,00-04,2024-11-21,2024-12-08,3,quantile,0.75,242223.2021729784
DE,00-04,2024-11-21,2024-12-08,3,quantile,0.9,250189.6852555565
DE,00-04,2024-11-21,2024-12-08,3,quantile,0.975,259912.84794902452
DE,00-04,2024-11-21,2024-12-15,4,quantile,0.025,53536.42226024781
DE,00-04,2024-11-21,2024-12-15,4,quantile,0.1,175610.73260975236
DE,00-04,2024-11-21,2024-12-15,4,quantile,0.25,203842.35138896754
DE,00-04,2024-11-21,2024-12-15,4,quantile,0.5,223194.35172478724
DE,00-04,2024-11-21,2024-12-15,4,quantile,0.75,245944.31795806304
DE,00-04,2024-11-21,2024-12-15,4,quantile,0.9,255505.3181276839
DE,00-04,2024-11-21,2024-12-15,4,quantile,0.975,283270.26152237447
DE,05-14,2024-11-21,2024-11-24,1,quantile,0.025,50579.1250985951
DE,05-14,2024-11-21,2024-11-24,1,quantile,0.1,148648.06878595814
DE,05-14,2024-11-21,2024-11-24,1,quantile,0.25,181899.23222700885
DE,05-14,2024-11-21,2024-11-24,1,quantile,0.5,192763.25099319906
DE,05-14,2024-11-21,2024-11-24,1,quantile,0.75,198018.0987936865
DE,05-14,2024-11-21,2024-11-24,1,quantile,0.9,201074.27375627018
DE,05-14,2024-11-21,2024-11-24,1,quantile,0.975,204384.52120412156
DE,05-14,2024-11-21,2024-12-01,2,quantile,0.025,43306.65831639873
DE,05-14,2024-11-21,2024-12-01,2,quantile,0.1,136694.50983765698
DE,05-14,2024-11-21,2024-12-01,2,quantile,0.25,172883.0707178538
DE,05-14,2024-11-21,2024-12-01,2,quantile,0.5,199562.0300083573
DE,05-14,2024-11-21,2024-12-01,2,quantile,0.75,210784.922004341
DE,05-14,2024-11-21,2024-12-01,2,quantile,0.9,220977.48769543995
DE,05-14,2024-11-21,2024-12-01,2,quantile,0.975,231872.53958089408
DE,05-14,2024-11-21,2024-12-08,3,quantile,0.025,39272.27356876163
DE,05-14,2024-11-21,2024-12-08,3,quantile,0.1,132774.79189900577
DE,05-14,2024-11-21,2024-12-08,3,quantile,0.25,184207.41016064648
DE,05-14,2024-11-21,2024-12-08,3,quantile,0.5,218906.19545101203
DE,05-14,2024-11-21,2024-12-08,3,quantile,0.75,258024.5815034614
DE,05-14,2024-11-21,2024-12-08,3,quantile,0.9,270709.9261224045
DE,05-14,2024-11-21,2024-12-08,3,quantile,0.975,295656.5915880985
DE,05-14,2024-11-21,2024-12-15,4,quantile,0.025,33711.799498832785
DE,05-14,2024-11-21,2024-12-15,4,quantile,0.1,130661.89209937843
DE,05-14,2024-11-21,2024-12-15,4,quantile,0.25,182848.6442631021
DE,05-14,2024-11-21,2024-12-15,4,quantile,0.5,220233.68787448265
DE,05-14,2024-11-21,2024-12-15,4,quantile,0.75,260718.0203588245
DE,05-14,2024-11-21,2024-12-15,4,quantile,0.9,276694.64604646876
DE,05-14,2024-11-21,2024-12-15,4,quantile,0.975,297091.37839811767
DE,15-34,2024-11-21,2024-11-24,1,quantile,0.025,115081.30845115698
DE,15-34,2024-11-21,2024-11-24,1,quantile,0.1,335693.5784977033
DE,15-34,2024-11-21,2024-11-24,1,quantile,0.25,395621.27662459423
DE,15-34,2024-11-21,2024-11-24,1,quantile,0.5,426845.5500393469
DE,15-34,2024-11-21,2024-11-24,1,quantile,0.75,435333.03364668123
DE,15-34,2024-11-21,2024-11-24,1,quantile,0.9,441547.2759827015
DE,15-34,2024-11-21,2024-11-24,1,quantile,0.975,448100.9186885605
DE,15-34,2024-11-21,2024-12-01,2,quantile,0.025,103478.99472068142
DE,15-34,2024-11-21,2024-12-01,2,quantile,0.1,333342.82049363933
DE,15-34,2024-11-21,2024-12-01,2,quantile,0.25,422545.2097754666
DE,15-34,2024-11-21,2024-12-01,2,quantile,0.5,471817.93581471936
DE,15-34,2024-11-21,2024-12-01,2,quantile,0.75,484637.3390087319
DE,15-34,2024-11-21,2024-12-01,2,quantile,0.9,496489.10007086507
DE,15-34,2024-11-21,2024-12-01,2,quantile,0.975,508219.677637286
DE,15-34,2024-11-21,2024-12-08,3,quantile,0.025,98780.06680532702
DE,15-34,2024-11-21,2024-12-08,3,quantile,0.1,320659.71735524375
DE,15-34,2024-11-21,2024-12-08,3,quantile,0.25,436134.3591100642
DE,15-34,2024-11-21,2024-12-08,3,quantile,0.5,515275.0693204224
DE,15-34,2024-11-21,2024-12-08,3,quantile,0.75,542091.4086239272
DE,15-34,2024-11-21,2024-12-08,3,quantile,0.9,549654.6382077817
DE,15-34,2024-11-21,2024-12-08,3,quantile,0.975,557647.5914598218
DE,15-34,2024-11-21,2024-12-15,4,quantile,0.025,91436.67483042141
DE,15-34,2024-11-21,2024-12-15,4,quantile,0.1,316749.256336306
DE,15-34,2024-11-21,2024-12-15,4,quantile,0.25,429854.99801942037
DE,15-34,2024-11-21,2024-12-15,4,quantile,0.5,515925.9392709801
DE,15-34,2024-11-21,2024-12-15,4,quantile,0.75,564431.8482276008
DE,15-34,2024-11-21,2024-12-15,4,quantile,0.9,581472.8173700497
DE,15-34,2024-11-21,2024-12-15,4,quantile,0.975,589782.271262768
DE,35-59,2024-11-21,2024-11-24,1,quantile,0.025,121390.08228250165
DE,35-59,2024-11-21,2024-11-24,1,quantile,0.1,397277.5892764606
DE,35-59,2024-11-21,2024-11-24,1,quantile,0.25,476563.22113443725
DE,35-59,2024-11-21,2024-11-24,1,quantile,0.5,510822.1316709261
DE,35-59,2024-11-21,2024-11-24,1,quantile,0.75,524310.6978403891
DE,35-59,2024-11-21,2024-11-24,1,quantile,0.9,537397.6751739125
DE,35-59,2024-11-21,2024-11-24,1,quantile,0.975,551398.5361172493
DE,35-59,2024-11-21,2024-12-01,2,quantile,0.025,118960.0621785396
DE,35-59,2024-11-21,2024-12-01,2,quantile,0.1,394225.8207757437
DE,35-59,2024-11-21,2024-12-01,2,quantile,0.25,496996.9673804647
DE,35-59,2024-11-21,2024-12-01,2,quantile,0.5,581726.5706995314
DE,35-59,2024-11-21,2024-12-01,2,quantile,0.75,602330.1689257262
DE,35-59,2024-11-21,2024-12-01,2,quantile,0.9,613423.0969193963
DE,35-59,2024-11-21,2024-12-01,2,quantile,0.975,633514.7696076257
DE,35-59,2024-11-21,2024-12-08,3,quantile,0.025,115207.10890777525
DE,35-59,2024-11-21,2024-12-08,3,quantile,0.1,380207.43927670864
DE,35-59,2024-11-21,2024-12-08,3,quantile,0.25,530352.8352203814
DE,35-59,2024-11-21,2024-12-08,3,quantile,0.5,676494.5323000869
DE,35-59,2024-11-21,2024-12-08,3,quantile,0.75,712724.2570229126
DE,35-59,2024-11-21,2024-12-08,3,quantile,0.9,725498.3588560604
DE,35-59,2024-11-21,2024-12-08,3,quantile,0.975,739027.3819063661
DE,35-59,2024-11-21,2024-12-15,4,quantile,0.025,111876.50019279859
DE,35-59,2024-11-21,2024-12-15,4,quantile,0.1,364423.0337153741
DE,35-59,2024-11-21,2024-12-15,4,quantile,0.25,520720.6680665721
DE,35-59,2024-11-21,2024-12-15,4,quantile,0.5,671631.8863316791
DE,35-59,2024-11-21,2024-12-15,4,quantile,0.75,750567.6869891891
DE,35-59,2024-11-21,2024-12-15,4,quantile,0.9,778474.3578875851
DE,35-59,2024-11-21,2024-12-15,4,quantile,0.975,798388.1081001237
DE,60+,2024-11-21,2024-11-24,1,quantile,0.025,53227.30235308416
DE,60+,2024-11-21,2024-11-24,1,quantile,0.1,128789.04569102584
DE,60+,2024-11-21,2024-11-24,1,quantile,0.25,142006.25889121654
DE,60+,2024-11-21,2024-11-24,1,quantile,0.5,157835.20553457612
DE,60+,2024-11-21,2024-11-24,1,quantile,0.75,163235.78316088245
DE,60+,2024-11-21,2024-11-24,1,quantile,0.9,171254.77958492265
DE,60+,2024-11-21,2024-11-24,1,quantile,0.975,182146.5400250579
DE,60+,2024-11-21,2024-12-01,2,quantile,0.025,53179.33845978508
DE,60+,2024-11-21,2024-12-01,2,quantile,0.1,124627.78695806647
DE,60+,2024-11-21,2024-12-01,2,quantile,0.25,150338.66642007255
DE,60+,2024-11-21,2024-12-01,2,quantile,0.5,167247.88430700294
DE,60+,2024-11-21,2024-12-01,2,quantile,0.75,175396.00646907976
DE,60+,2024-11-21,2024-12-01,2,quantile,0.9,183034.4355036033
DE,60+,2024-11-21,2024-12-01,2,quantile,0.975,200348.0569183935
DE,60+,2024-11-21,2024-12-08,3,quantile,0.025,51466.08149883553
DE,60+,2024-11-21,2024-12-08,3,quantile,0.1,124244.09357931078
DE,60+,2024-11-21,2024-12-08,3,quantile,0.25,164075.91785259283
DE,60+,2024-11-21,2024-12-08,3,quantile,0.5,198784.67227669552
DE,60+,2024-11-21,2024-12-08,3,quantile,0.75,207319.15480887378
DE,60+,2024-11-21,2024-12-08,3,quantile,0.9,214024.68483769824
DE,60+,2024-11-21,2024-12-08,3,quantile,0.975,221531.25774710486
DE,60+,2024-11-21,2024-12-15,4,quantile,0.025,47986.17293386978
DE,60+,2024-11-21,2024-12-15,4,quantile,0.1,116837.19648050275
DE,60+,2024-11-21,2024-12-15,4,quantile,0.25,155014.0604760057
DE,60+,2024-11-21,2024-12-15,4,quantile,0.5,207830.54501751906
DE,60+,2024-11-21,2024-12-15,4,quantile,0.75,228643.00997255422
DE,60+,2024-11-21,2024-12-15,4,quantile,0.9,235725.3599720982
DE,60+,2024-11-21,2024-12-15,4,quantile,0.975,242576.1239255488
DE,00+,2024-11-28,2024-12-01,1,quantile,0.025,437298.40950820985
DE,00+,2024-11-28,2024-12-01,1,quantile,0.1,1253915.481610994
DE,00+,2024-11-28,2024-12-01,1,quantile,0.25,1423967.226359435
DE,00+,2024-11-28,2024-12-01,1,quantile,0.5,1474060.9245851575
DE,00+,2024-11-28,2024-12-01,1,quantile,0.75,1533562.854135619
DE,00+,2024-11-28,2024-12-01,1,quantile,0.9,1579057.718161928
DE,00+,2024-11-28,2024-12-01,1,quantile,0.975,1633228.8060854636
DE,00+,2024-11-28,2024-12-08,2,quantile,0.025,404908.69135108637
DE,00+,2024-11-28,2024-12-08,2,quantile,0.1,1205470.1745528597
DE,00+,2024-11-28,2024-12-08,2,quantile,0.25,1502170.8863249442
DE,00+,2024-11-28,2024-12-08,2,quantile,0.5,1735242.1008798103
DE,00+,2024-11-28,2024-12-08,2,quantile,0.75,1828798.8367145646
DE,00+,2024-11-28,2024-12-08,2,quantile,0.9,1864657.8483345031
DE,00+,2024-11-28,2024-12-08,2,quantile,0.975,1889607.253549443
DE,00+,2024-11-28,2024-12-15,3,quantile,0.025,386777.8786936152
DE,00+,2024-11-28,2024-12-15,3,quantile,0.1,1151239.7228764514
DE,00+,2024-11-28,2024-12-15,3,quantile,0.25,1558920.6547378013
DE,00+,2024-11-28,2024-12-15,3,quantile,0.5,1910213.0490626306
DE,00+,2024-11-28,2024-12-15,3,quantile,0.75,2032361.2861811756
DE,00+,2024-11-28,2024-12-15,3,quantile,0.9,2097748.8841367206
DE,00+,2024-11-28,2024-12-15,3,quantile,0.975,2142198.577019234
DE,00+,2024-11-28,2024-12-22,4,quantile,0.025,358092.73812925897
DE,00+,2024-11-28,2024-12-22,4,quantile,0.1,1121690.1302410145
DE,00+,2024-11-28,2024-12-22,4,quantile,0.25,1431594.1519191663
DE,00+,2024-11-28,2024-12-22,4,quantile,0.5,1793462.1032690578
DE,00+,2024-11-28,2024-12-22,4,quantile,0.75,1979144.0040269434
DE,00+,2024-11-28,2024-12-22,4,quantile,0.9,2051546.812137648
DE,00+,2024-11-28,2024-12-22,4,quantile,0.975,2090878.5391406945
DE,00-04,2024-11-28,2024-12-01,1,quantile,0.025,86548.9437583889
DE,00-04,2024-11-28,2024-12-01,1,quantile,0.1,163150.18667477297
DE,00-04,2024-11-28,2024-12-01,1,quantile,0.25,177318.14778554696
DE,00-04,2024-11-28,2024-12-01,1,quantile,0.5,184059.62392091454
DE,00-04,2024-11-28,2024-12-01,1,quantile,0.75,193667.30112186182
DE,00-04,2024-11-28,2024-12-01,1,quantile,0.9,202787.59272562532
DE,00-04,2024-11-28,2024-12-01,1,quantile,0.975,212251.8310696929
DE,00-04,2024-11-28,2024-12-08,2,quantile,0.025,74921.3639743742
DE,00-04,2024-11-28,2024-12-08,2,quantile,0.1,170450.56587550003
DE,00-04,2024-11-28,2024-12-08,2,quantile,0.25,189819.1057179453
DE,00-04,2024-11-28,2024-12-08,2,quantile,0.5,201883.5180151698
DE,00-04,2024-11-28,2024-12-08,2,quantile,0.75,211866.02361632878
DE,00-04,2024-11-28,2024-12-08,2,quantile,0.9,221863.86008010284
DE,00-04,2024-11-28,2024-12-08,2,quantile,0.975,231293.49015637062
DE,00-04,2024-11-28,2024-12-15,3,quantile,0.025,60437.44466306183
DE,00-04,2024-11-28,2024-12-15,3,quantile,0.1,167606.74994812917
DE,00-04,2024-11-28,2024-12-15,3,quantile,0.25,201108.9586146883
DE,00-04,2024-11-28,2024-12-15,3,quantile,0.5,217910.2492113219
DE,00-04,2024-11-28,2024-12-15,3,quantile,0.75,235858.03572774772
DE,00-04,2024-11-28,2024-12-15,3,quantile,0.9,242362.4698160124
DE,00-04,2024-11-28,2024-12-15,3,quantile,0.975,252987.79565402927
DE,00-04,2024-11-28,2024-12-22,4,quantile,0.025,54190.15003430343
DE,00-04,2024-11-28,2024-12-22,4,quantile,0.1,167788.89825309213
DE,00-04,2024-11-28,2024-12-22,4,quantile,0.25,196546.82511712072
DE,00-04,2024-11-28,2024-12-22,4,quantile,0.5,210654.68549733312
DE,00-04,2024-11-28,2024-12-22,4,quantile,0.75,224023.81510678292
DE,00-04,2024-11-28,2024-12-22,4,quantile,0.9,232394.794381343
DE,00-04,2024-11-28,2024-12-22,4,quantile,0.975,282199.391515403
DE,05-14,2024-11-28,2024-12-01,1,quantile,0.025,50608.324528684636
DE,05-14,2024-11-28,2024-12-01,1,quantile,0.1,151707.07763359684
DE,05-14,2024-11-28,2024-12-01,1,quantile,0.25,177856.74925580394
DE,05-14,2024-11-28,2024-12-01,1,quantile,0.5,190572.8921061422
DE,05-14,2024-11-28,2024-12-01,1,quantile,0.75,195585.69464320934
DE,05-14,2024-11-28,2024-12-01,1,quantile,0.9,200632.70437969663
DE,05-14,2024-11-28,2024-12-01,1,quantile,0.975,206689.68021000596
DE,05-14,2024-11-28,2024-12-08,2,quantile,0.025,43201.53320190181
DE,05-14,2024-11-28,2024-12-08,2,quantile,0.1,141332.6380114758
DE,05-14,2024-11-28,2024-12-08,2,quantile,0.25,184736.78556591846
DE,05-14,2024-11-28,2024-12-08,2,quantile,0.5,211903.3344197722
DE,05-14,2024-11-28,2024-12-08,2,quantile,0.75,232338.13084253733
DE,05-14,2024-11-28,2024-12-08,2,quantile,0.9,242415.30465356057
DE,05-14,2024-11-28,2024-12-08,2,quantile,0.975,249122.6337990691
DE,05-14,2024-11-28,2024-12-15,3,quantile,0.025,38600.02075834312
DE,05-14,2024-11-28,2024-12-15,3,quantile,0.1,126891.65712351305
DE,05-14,2024-11-28,2024-12-15,3,quantile,0.25,182766.21237109922
DE,05-14,2024-11-28,2024-12-15,3,quantile,0.5,221991.68486072947
DE,05-14,2024-11-28,2024-12-15,3,quantile,0.75,268154.8650740306
DE,05-14,2024-11-28,2024-12-15,3,quantile,0.9,285373.3159792896
DE,05-14,2024-11-28,2024-12-15,3,quantile,0.975,293412.72994421294
DE,05-14,2024-11-28,2024-12-22,4,quantile,0.025,34036.73809239965
DE,05-14,2024-11-28,2024-12-22,4,quantile,0.1,117517.44295880916
DE,05-14,2024-11-28,2024-12-22,4,quantile,0.25,171933.28344689604
DE,05-14,2024-11-28,2024-12-22,4,quantile,0.5,211354.79101489237
DE,05-14,2024-11-28,2024-12-22,4,quantile,0.75,233558.05644368049
DE,05-14,2024-11-28,2024-12-22,4,quantile,0.9,246321.87383418065
DE,05-14,2024-11-28,2024-12-22,4,quantile,0.975,255453.4269471256
DE,15-34,2024-11-28,2024-12-01,1,quantile,0.025,114876.96887116603
DE,15-34,2024-11-28,2024-12-01,1,quantile,0.1,352865.32812736393
DE,15-34,2024-11-28,2024-12-01,1,quantile,0.25,412815.41397799144
DE,15-34,2024-11-28,2024-12-01,1,quantile,0.5,426770.53434310143
DE,15-34,2024-11-28,2024-12-01,1,quantile,0.75,434362.51273765636
DE,15-34,2024-11-28,2024-12-01,1,quantile,0.9,442286.41434918885
DE,15-34,2024-11-28,2024-12-01,1,quantile,0.975,457393.81709267077
DE,15-34,2024-11-28,2024-12-08,2,quantile,0.025,103321.73499861923
DE,15-34,2024-11-28,2024-12-08,2,quantile,0.1,338008.28816010297
DE,15-34,2024-11-28,2024-12-08,2,quantile,0.25,437933.63655957347
DE,15-34,2024-11-28,2024-12-08,2,quantile,0.5,504789.3310294865
DE,15-34,2024-11-28,2024-12-08,2,quantile,0.75,520559.9969651088
DE,15-34,2024-11-28,2024-12-08,2,quantile,0.9,536379.2722333602
DE,15-34,2024-11-28,2024-12-08,2,quantile,0.975,545230.156234886
DE,15-34,2024-11-28,2024-12-15,3,quantile,0.025,98750.63432711005
DE,15-34,2024-11-28,2024-12-15,3,quantile,0.1,323827.47568760277
DE,15-34,2024-11-28,2024-12-15,3,quantile,0.25,453204.07953196915
DE,15-34,2024-11-28,2024-12-15,3,quantile,0.5,527084.4003275039
DE,15-34,2024-11-28,2024-12-15,3,quantile,0.75,550026.9544197699
DE,15-34,2024-11-28,2024-12-15,3,quantile,0.9,561410.0240442844
DE,15-34,2024-11-28,2024-12-15,3,quantile,0.975,570207.0131725649
DE,15-34,2024-11-28,2024-12-22,4,quantile,0.025,91352.05431406872
DE,15-34,2024-11-28,2024-12-22,4,quantile,0.1,304109.5557615393
DE,15-34,2024-11-28,2024-12-22,4,quantile,0.25,408244.28622859356
DE,15-34,2024-11-28,2024-12-22,4,quantile,0.5,500824.68573505915
DE,15-34,2024-11-28,2024-12-22,4,quantile,0.75,551939.3785699249
DE,15-34,2024-11-28,2024-12-22,4,quantile,0.9,567948.7108057112
DE,15-34,2024-11-28,2024-12-22,4,quantile,0.975,578299.6056545294
DE,35-59,2024-11-28,2024-12-01,1,quantile,0.025,120265.71514012429
DE,35-59,2024-11-28,2024-12-01,1,quantile,0.1,406678.61563018995
DE,35-59,2024-11-28,2024-12-01,1,quantile,0.25,495510.5111494825
DE,35-59,2024-11-28,2024-12-01,1,quantile,0.5,520307.48147701676
DE,35-59,2024-11-28,2024-12-01,1,quantile,0.75,536011.9486403645
DE,35-59,2024-11-28,2024-12-01,1,quantile,0.9,547521.9277545823
DE,35-59,2024-11-28,2024-12-01,1,quantile,0.975,571709.4192461319
DE,35-59,2024-11-28,2024-12-08,2,quantile,0.025,118439.81412509523
DE,35-59,2024-11-28,2024-12-08,2,quantile,0.1,402142.9449009477
DE,35-59,2024-11-28,2024-12-08,2,quantile,0.25,526215.1492078769
DE,35-59,2024-11-28,2024-12-08,2,quantile,0.5,622296.4941380436
DE,35-59,2024-11-28,2024-12-08,2,quantile,0.75,645742.0987611328
DE,35-59,2024-11-28,2024-12-08,2,quantile,0.9,665109.5954323361
DE,35-59,2024-11-28,2024-12-08,2,quantile,0.975,681302.801702743
DE,35-59,2024-11-28,2024-12-15,3,quantile,0.025,114104.4885207583
DE,35-59,2024-11-28,2024-12-15,3,quantile,0.1,376398.9650862913
DE,35-59,2024-11-28,2024-12-15,3,quantile,0.25,537588.167286292
DE,35-59,2024-11-28,2024-12-15,3,quantile,0.5,680170.3315451248
DE,35-59,2024-11-28,2024-12-15,3,quantile,0.75,724511.8571653886
DE,35-59,2024-11-28,2024-12-15,3,quantile,0.9,754719.4248057435
DE,35-59,2024-11-28,2024-12-15,3,quantile,0.975,774029.9958564574
DE,35-59,2024-11-28,2024-12-22,4,quantile,0.025,111861.05602392757
DE,35-59,2024-11-28,2024-12-22,4,quantile,0.1,349922.3152495118
DE,35-59,2024-11-28,2024-12-22,4,quantile,0.25,490837.11568387813
DE,35-59,2024-11-28,2024-12-22,4,quantile,0.5,684673.9770507019
DE,35-59,2024-11-28,2024-12-22,4,quantile,0.75,734373.3898120293
DE,35-59,2024-11-28,2024-12-22,4,quantile,0.9,757710.0717249106
DE,35-59,2024-11-28,2024-12-22,4,quantile,0.975,775496.3200059542
DE,60+,2024-11-28,2024-12-01,1,quantile,0.025,53380.44213176096
DE,60+,2024-11-28,2024-12-01,1,quantile,0.1,128468.47198910736
DE,60+,2024-11-28,2024-12-01,1,quantile,0.25,139759.4192478542
DE,60+,2024-11-28,2024-12-01,1,quantile,0.5,153272.58944206208
DE,60+,2024-11-28,2024-12-01,1,quantile,0.75,159892.0770085431
DE,60+,2024-11-28,2024-12-01,1,quantile,0.9,164983.93897452406
DE,60+,2024-11-28,2024-12-01,1,quantile,0.975,179524.99964037427
DE,60+,2024-11-28,2024-12-08,2,quantile,0.025,52535.17912832838
DE,60+,2024-11-28,2024-12-08,2,quantile,0.1,125614.5794304478
DE,60+,2024-11-28,2024-12-08,2,quantile,0.25,155047.70290691865
DE,60+,2024-11-28,2024-12-08,2,quantile,0.5,174132.03687688973
DE,60+,2024-11-28,2024-12-08,2,quantile,0.75,180628.10900408536
DE,60+,2024-11-28,2024-12-08,2,quantile,0.9,192919.0870510661
DE,60+,2024-11-28,2024-12-08,2,quantile,0.975,215470.6718664015
DE,60+,2024-11-28,2024-12-15,3,quantile,0.025,51798.371297178746
DE,60+,2024-11-28,2024-12-15,3,quantile,0.1,123022.90501816
DE,60+,2024-11-28,2024-12-15,3,quantile,0.25,160798.9649731018
DE,60+,2024-11-28,2024-12-15,3,quantile,0.5,199822.80416043228
DE,60+,2024-11-28,2024-12-15,3,quantile,0.75,206796.47055593433
DE,60+,2024-11-28,2024-12-15,3,quantile,0.9,219105.2652054606
DE,60+,2024-11-28,2024-12-15,3,quantile,0.975,225990.0986958437
DE,60+,2024-11-28,2024-12-22,4,quantile,0.025,47657.28693122007
DE,60+,2024-11-28,2024-12-22,4,quantile,0.1,111747.86249366947
DE,60+,2024-11-28,2024-12-22,4,quantile,0.25,152938.846051517
DE,60+,2024-11-28,2024-12-22,4,quantile,0.5,211574.27388130774
DE,60+,2024-11-28,2024-12-22,4,quantile,0.75,228069.28976539578
DE,60+,2024-11-28,2024-12-22,4,quantile,0.9,233599.7844778173
DE,60+,2024-11-28,2024-12-22,4,quantile,0.975,239215.45102095688
DE,00+,2024-12-05,2024-12-08,1,quantile,0.025,438142.4364730563
DE,00+,2024-12-05,2024-12-08,1,quantile,0.1,1195327.2282890487
DE,00+,2024-12-05,2024-12-08,1,quantile,0.25,1362555.140362388
DE,00+,2024-12-05,2024-12-08,1,quantile,0.5,1444079.0148457147
DE,00+,2024-12-05,2024-12-08,1,quantile,0.75,1542301.6753425992
DE,00+,2024-12-05,2024-12-08,1,quantile,0.9,1599734.2612031563
DE,00+,2024-12-05,2024-12-08,1,quantile,0.975,1649125.7646094165
DE,00+,2024-12-05,2024-12-15,2,quantile,0.025,401756.0584578567
DE,00+,2024-12-05,2024-12-15,2,quantile,0.1,1068444.6097847142
DE,00+,2024-12-05,2024-12-15,2,quantile,0.25,1397960.9727357463
DE,00+,2024-12-05,2024-12-15,2,quantile,0.5,1608795.6261500446
DE,00+,2024-12-05,2024-12-15,2,quantile,0.75,1767979.4229678407
DE,00+,2024-12-05,2024-12-15,2,quantile,0.9,1872197.139553259
DE,00+,2024-12-05,2024-12-15,2,quantile,0.975,1913523.67560422
DE,00+,2024-12-05,2024-12-22,3,quantile,0.025,387724.5735617195
DE,00+,2024-12-05,2024-12-22,3,quantile,0.1,982662.5685760966
DE,00+,2024-12-05,2024-12-22,3,quantile,0.25,1371753.7794089974
DE,00+,2024-12-05,2024-12-22,3,quantile,0.5,1688279.647444977
DE,00+,2024-12-05,2024-12-22,3,quantile,0.75,1873414.4579831555
DE,00+,2024-12-05,2024-12-22,3,quantile,0.9,1947074.3993968884
DE,00+,2024-12-05,2024-12-22,3,quantile,0.975,1987909.3638552283
DE,00+,2024-12-05,2024-12-29,4,quantile,0.025,359626.2266015032
DE,00+,2024-12-05,2024-12-29,4,quantile,0.1,680360.3941346996
DE,00+,2024-12-05,2024-12-29,4,quantile,0.25,966559.3486283632
DE,00+,2024-12-05,2024-12-29,4,quantile,0.5,1233851.6859557936
DE,00+,2024-12-05,2024-12-29,4,quantile,0.75,1458294.4064868696
DE,00+,2024-12-05,2024-12-29,4,quantile,0.9,1673033.3626008076
DE,00+,2024-12-05,2024-12-29,4,quantile,0.975,1836409.5226767375
DE,00-04,2024-12-05,2024-12-08,1,quantile,0.025,86453.88180728338
DE,00-04,2024-12-05,2024-12-08,1,quantile,0.1,164032.22640611112
DE,00-04,2024-12-05,2024-12-08,1,quantile,0.25,179806.41880549083
DE,00-04,2024-12-05,2024-12-08,1,quantile,0.5,190910.12026104386
DE,00-04,2024-12-05,2024-12-08,1,quantile,0.75,197675.4090053255
DE,00-04,2024-12-05,2024-12-08,1,quantile,0.9,204816.5864901346
DE,00-04,2024-12-05,2024-12-08,1,quantile,0.975,213088.30737907035
DE,00-04,2024-12-05,2024-12-15,2,quantile,0.025,74527.21135885062
DE,00-04,2024-12-05,2024-12-15,2,quantile,0.1,163525.59544859699
DE,00-04,2024-12-05,2024-12-15,2,quantile,0.25,184016.74392666243
DE,00-04,2024-12-05,2024-12-15,2,quantile,0.5,200333.17180985387
DE,00-04,2024-12-05,2024-12-15,2,quantile,0.75,213968.19821467553
DE,00-04,2024-12-05,2024-12-15,2,quantile,0.9,219732.50318536698
DE,00-04,2024-12-05,2024-12-15,2,quantile,0.975,230357.93548557028
DE,00-04,2024-12-05,2024-12-22,3,quantile,0.025,63782.01038024699
DE,00-04,2024-12-05,2024-12-22,3,quantile,0.1,153580.5617231816
DE,00-04,2024-12-05,2024-12-22,3,quantile,0.25,185696.56031712095
DE,00-04,2024-12-05,2024-12-22,3,quantile,0.5,202561.01059549145
DE,00-04,2024-12-05,2024-12-22,3,quantile,0.75,219529.26808163972
DE,00-04,2024-12-05,2024-12-22,3,quantile,0.9,227505.44493113746
DE,00-04,2024-12-05,2024-12-22,3,quantile,0.975,250381.40073950746
DE,00-04,2024-12-05,2024-12-29,4,quantile,0.025,59907.94925767645
DE,00-04,2024-12-05,2024-12-29,4,quantile,0.1,105412.24945953488
DE,00-04,2024-12-05,2024-12-29,4,quantile,0.25,122721.1286752715
DE,00-04,2024-12-05,2024-12-29,4,quantile,0.5,137152.4726487221
DE,00-04,2024-12-05,2024-12-29,4,quantile,0.75,159271.75444228048
DE,00-04,2024-12-05,2024-12-29,4,quantile,0.9,169693.97717039846
DE,00-04,2024-12-05,2024-12-29,4,quantile,0.975,273247.10441563634
DE,05-14,2024-12-05,2024-12-08,1,quantile,0.025,50249.46299295291
DE,05-14,2024-12-05,2024-12-08,1,quantile,0.1,146838.2389699013
DE,05-14,2024-12-05,2024-12-08,1,quantile,0.25,174605.1729434767
DE,05-14,2024-12-05,2024-12-08,1,quantile,0.5,196871.53157325802
DE,05-14,2024-12-05,2024-12-08,1,quantile,0.75,206836.5224871288
DE,05-14,2024-12-05,2024-12-08,1,quantile,0.9,211881.55961058862
DE,05-14,2024-12-05,2024-12-08,1,quantile,0.975,217165.5201772199
DE,05-14,2024-12-05,2024-12-15,2,quantile,0.025,43716.8114947427
DE,05-14,2024-12-05,2024-12-15,2,quantile,0.1,129408.91143718483
DE,05-14,2024-12-05,2024-12-15,2,quantile,0.25,176212.6726498694
DE,05-14,2024-12-05,2024-12-15,2,quantile,0.5,206636.02126535377
DE,05-14,2024-12-05,2024-12-15,2,quantile,0.75,230975.77482224442
DE,05-14,2024-12-05,2024-12-15,2,quantile,0.9,243219.96525711362
DE,05-14,2024-12-05,2024-12-15,2,quantile,0.975,252764.9455320798
DE,05-14,2024-12-05,2024-12-22,3,quantile,0.025,38733.16561400695
DE,05-14,2024-12-05,2024-12-22,3,quantile,0.1,114614.43235316267
DE,05-14,2024-12-05,2024-12-22,3,quantile,0.25,159262.16684299835
DE,05-14,2024-12-05,2024-12-22,3,quantile,0.5,195580.48307052013
DE,05-14,2024-12-05,2024-12-22,3,quantile,0.75,218385.52912918205
DE,05-14,2024-12-05,2024-12-22,3,quantile,0.9,229034.78168054827
DE,05-14,2024-12-05,2024-12-22,3,quantile,0.975,239112.08179978732
DE,05-14,2024-12-05,2024-12-29,4,quantile,0.025,33177.91763091372
DE,05-14,2024-12-05,2024-12-29,4,quantile,0.1,68744.42446382195
DE,05-14,2024-12-05,2024-12-29,4,quantile,0.25,83193.69746495665
DE,05-14,2024-12-05,2024-12-29,4,quantile,0.5,97855.12813089456
DE,05-14,2024-12-05,2024-12-29,4,quantile,0.75,121904.99079702006
DE,05-14,2024-12-05,2024-12-29,4,quantile,0.9,153799.11827184883
DE,05-14,2024-12-05,2024-12-29,4,quantile,0.975,243408.12328807026
DE,15-34,2024-12-05,2024-12-08,1,quantile,0.025,114801.24015827411
DE,15-34,2024-12-05,2024-12-08,1,quantile,0.1,321496.50909020763
DE,15-34,2024-12-05,2024-12-08,1,quantile,0.25,376192.5385528413
DE,15-34,2024-12-05,2024-12-08,1,quantile,0.5,402100.02238962305
DE,15-34,2024-12-05,2024-12-08,1,quantile,0.75,446464.1830872586
DE,15-34,2024-12-05,2024-12-08,1,quantile,0.9,456702.657171519
DE,15-34,2024-12-05,2024-12-08,1,quantile,0.975,478183.2015598621
DE,15-34,2024-12-05,2024-12-15,2,quantile,0.025,104684.15993854772
DE,15-34,2024-12-05,2024-12-15,2,quantile,0.1,301943.09977803536
DE,15-34,2024-12-05,2024-12-15,2,quantile,0.25,392689.83590560575
DE,15-34,2024-12-05,2024-12-15,2,quantile,0.5,450357.06714057893
DE,15-34,2024-12-05,2024-12-15,2,quantile,0.75,496684.3517011077
DE,15-34,2024-12-05,2024-12-15,2,quantile,0.9,532712.8038586279
DE,15-34,2024-12-05,2024-12-15,2,quantile,0.975,548811.2504707236
DE,15-34,2024-12-05,2024-12-22,3,quantile,0.025,98765.07613710957
DE,15-34,2024-12-05,2024-12-22,3,quantile,0.1,273500.9991123375
DE,15-34,2024-12-05,2024-12-22,3,quantile,0.25,373345.23812737927
DE,15-34,2024-12-05,2024-12-22,3,quantile,0.5,459157.5327771142
DE,15-34,2024-12-05,2024-12-22,3,quantile,0.75,518062.66132908163
DE,15-34,2024-12-05,2024-12-22,3,quantile,0.9,539373.9496384657
DE,15-34,2024-12-05,2024-12-22,3,quantile,0.975,551433.8492136092
DE,15-34,2024-12-05,2024-12-29,4,quantile,0.025,89829.70030154902
DE,15-34,2024-12-05,2024-12-29,4,quantile,0.1,160813.04733702584
DE,15-34,2024-12-05,2024-12-29,4,quantile,0.25,255056.80180567256
DE,15-34,2024-12-05,2024-12-29,4,quantile,0.5,328578.6081632016
DE,15-34,2024-12-05,2024-12-29,4,quantile,0.75,410003.57767259714
DE,15-34,2024-12-05,2024-12-29,4,quantile,0.9,449872.88072976784
DE,15-34,2024-12-05,2024-12-29,4,quantile,0.975,515358.1122512726
DE,35-59,2024-12-05,2024-12-08,1,quantile,0.025,122827.87853732184
DE,35-59,2024-12-05,2024-12-08,1,quantile,0.1,365350.3412373526
DE,35-59,2024-12-05,2024-12-08,1,quantile,0.25,445025.87482361903
DE,35-59,2024-12-05,2024-12-08,1,quantile,0.5,489934.6837126034
DE,35-59,2024-12-05,2024-12-08,1,quantile,0.75,535263.3705587536
DE,35-59,2024-12-05,2024-12-08,1,quantile,0.9,557968.0920000144
DE,35-59,2024-12-05,2024-12-08,1,quantile,0.975,578468.2897420714
DE,35-59,2024-12-05,2024-12-15,2,quantile,0.025,119414.01062174134
DE,35-59,2024-12-05,2024-12-15,2,quantile,0.1,346962.35778079514
DE,35-59,2024-12-05,2024-12-15,2,quantile,0.25,455502.85146314447
DE,35-59,2024-12-05,2024-12-15,2,quantile,0.5,528604.669055043
DE,35-59,2024-12-05,2024-12-15,2,quantile,0.75,605351.0696565195
DE,35-59,2024-12-05,2024-12-15,2,quantile,0.9,631057.2189625136
DE,35-59,2024-12-05,2024-12-15,2,quantile,0.975,646956.6262711089
DE,35-59,2024-12-05,2024-12-22,3,quantile,0.025,115657.28409531977
DE,35-59,2024-12-05,2024-12-22,3,quantile,0.1,319002.41929597885
DE,35-59,2024-12-05,2024-12-22,3,quantile,0.25,450303.00543986924
DE,35-59,2024-12-05,2024-12-22,3,quantile,0.5,576846.0654745519
DE,35-59,2024-12-05,2024-12-22,3,quantile,0.75,683052.450490251
DE,35-59,2024-12-05,2024-12-22,3,quantile,0.9,708674.6365287573
DE,35-59,2024-12-05,2024-12-22,3,quantile,0.975,730226.5443058215
DE,35-59,2024-12-05,2024-12-29,4,quantile,0.025,113262.7227468713
DE,35-59,2024-12-05,2024-12-29,4,quantile,0.1,222114.63801653433
DE,35-59,2024-12-05,2024-12-29,4,quantile,0.25,348529.47303174087
DE,35-59,2024-12-05,2024-12-29,4,quantile,0.5,477885.86480181507
DE,35-59,2024-12-05,2024-12-29,4,quantile,0.75,586030.8780151022
DE,35-59,2024-12-05,2024-12-29,4,quantile,0.9,638128.4506611445
DE,35-59,2024-12-05,2024-12-29,4,quantile,0.975,716494.9476009628
DE,60+,2024-12-05,2024-12-08,1,quantile,0.025,53104.54331724353
DE,60+,2024-12-05,2024-12-08,1,quantile,0.1,119647.38053211004
DE,60+,2024-12-05,2024-12-08,1,quantile,0.25,133260.6137232966
DE,60+,2024-12-05,2024-12-08,1,quantile,0.5,139024.76610004643
DE,60+,2024-12-05,2024-12-08,1,quantile,0.75,152933.43368341614
DE,60+,2024-12-05,2024-12-08,1,quantile,0.9,167814.9332589083
DE,60+,2024-12-05,2024-12-08,1,quantile,0.975,197727.0687838179
DE,60+,2024-12-05,2024-12-15,2,quantile,0.025,52726.374156892045
DE,60+,2024-12-05,2024-12-15,2,quantile,0.1,110505.15098004411
DE,60+,2024-12-05,2024-12-15,2,quantile,0.25,133740.8695099445
DE,60+,2024-12-05,2024-12-15,2,quantile,0.5,157140.1655488302
DE,60+,2024-12-05,2024-12-15,2,quantile,0.75,175292.64470647936
DE,60+,2024-12-05,2024-12-15,2,quantile,0.9,192325.65335829512
DE,60+,2024-12-05,2024-12-15,2,quantile,0.975,206664.75630137324
DE,60+,2024-12-05,2024-12-22,3,quantile,0.025,52116.54610218359
DE,60+,2024-12-05,2024-12-22,3,quantile,0.1,105337.01210796306
DE,60+,2024-12-05,2024-12-22,3,quantile,0.25,149210.7987813708
DE,60+,2024-12-05,2024-12-22,3,quantile,0.5,181203.8658429649
DE,60+,2024-12-05,2024-12-22,3,quantile,0.75,198038.86655442792
DE,60+,2024-12-05,2024-12-22,3,quantile,0.9,205995.4453362
DE,60+,2024-12-05,2024-12-22,3,quantile,0.975,215121.12540760907
DE,60+,2024-12-05,2024-12-29,4,quantile,0.025,48444.14897993316
DE,60+,2024-12-05,2024-12-29,4,quantile,0.1,80625.60499307579
DE,60+,2024-12-05,2024-12-29,4,quantile,0.25,117316.8215302133
DE,60+,2024-12-05,2024-12-29,4,quantile,0.5,167962.5682650988
DE,60+,2024-12-05,2024-12-29,4,quantile,0.75,205348.4462965275
DE,60+,2024-12-05,2024-12-29,4,quantile,0.9,215898.39087069215
DE,60+,2024-12-05,2024-12-29,4,quantile,0.975,231510.76410333352
DE,00+,2024-12-12,2024-12-15,1,quantile,0.025,442784.90574628627
DE,00+,2024-12-12,2024-12-15,1,quantile,0.1,1202839.3170513473
DE,00+,2024-12-12,2024-12-15,1,quantile,0.25,1393797.8390457868
DE,00+,2024-12-12,2024-12-15,1,quantile,0.5,1489357.8313555727
DE,00+,2024-12-12,2024-12-15,1,quantile,0.75,1554342.751160459
DE,00+,2024-12-12,2024-12-15,1,quantile,0.9,1614908.3119716595
DE,00+,2024-12-12,2024-12-15,1,quantile,0.975,1656783.0150593568
DE,00+,2024-12-12,2024-12-22,2,quantile,0.025,404794.15471041127
DE,00+,2024-12-12,2024-12-22,2,quantile,0.1,1017025.9366337297
DE,00+,2024-12-12,2024-12-22,2,quantile,0.25,1400059.3775667243
DE,00+,2024-12-12,2024-12-22,2,quantile,0.5,1598801.3086525956
DE,00+,2024-12-12,2024-12-22,2,quantile,0.75,1725176.2880600877
DE,00+,2024-12-12,2024-12-22,2,quantile,0.9,1788753.7518895275
DE,00+,2024-12-12,2024-12-22,2,quantile,0.975,1825672.6200379897
DE,00+,2024-12-12,2024-12-29,3,quantile,0.025,382060.58270358824
DE,00+,2024-12-12,2024-12-29,3,quantile,0.1,659880.3446156298
DE,00+,2024-12-12,2024-12-29,3,quantile,0.25,916108.3044279425
DE,00+,2024-12-12,2024-12-29,3,quantile,0.5,1209700.126098622
DE,00+,2024-12-12,2024-12-29,3,quantile,0.75,1401496.951473869
DE,00+,2024-12-12,2024-12-29,3,quantile,0.9,1610489.8804374908
DE,00+,2024-12-12,2024-12-29,3,quantile,0.975,1839178.7229235112
DE,00+,2024-12-12,2025-01-05,4,quantile,0.025,358224.03482808254
DE,00+,2024-12-12,2025-01-05,4,quantile,0.1,701517.8913918122
DE,00+,2024-12-12,2025-01-05,4,quantile,0.25,1152690.085441664
DE,00+,2024-12-12,2025-01-05,4,quantile,0.5,1469049.6201059297
DE,00+,2024-12-12,2025-01-05,4,quantile,0.75,1613744.392703169
DE,00+,2024-12-12,2025-01-05,4,quantile,0.9,1706728.8313974482
DE,00+,2024-12-12,2025-01-05,4,quantile,0.975,1878036.0623701345
DE,00-04,2024-12-12,2024-12-15,1,quantile,0.025,86527.87134656562
DE,00-04,2024-12-12,2024-12-15,1,quantile,0.1,168513.16839255593
DE,00-04,2024-12-12,2024-12-15,1,quantile,0.25,187409.07262929078
DE,00-04,2024-12-12,2024-12-15,1,quantile,0.5,198570.04621767465
DE,00-04,2024-12-12,2024-12-15,1,quantile,0.75,206830.16446355282
DE,00-04,2024-12-12,2024-12-15,1,quantile,0.9,210635.01485173294
DE,00-04,2024-12-12,2024-12-15,1,quantile,0.975,218200.48359509473
DE,00-04,2024-12-12,2024-12-22,2,quantile,0.025,77326.5600472178
DE,00-04,2024-12-12,2024-12-22,2,quantile,0.1,160964.02222901737
DE,00-04,2024-12-12,2024-12-22,2,quantile,0.25,182065.99123324722
DE,00-04,2024-12-12,2024-12-22,2,quantile,0.5,203677.69238228403
DE,00-04,2024-12-12,2024-12-22,2,quantile,0.75,212889.24895985765
DE,00-04,2024-12-12,2024-12-22,2,quantile,0.9,219569.08954332798
DE,00-04,2024-12-12,2024-12-22,2,quantile,0.975,228002.84800898904
DE,00-04,2024-12-12,2024-12-29,3,quantile,0.025,60117.11292064517
DE,00-04,2024-12-12,2024-12-29,3,quantile,0.1,106481.35336889257
DE,00-04,2024-12-12,2024-12-29,3,quantile,0.25,115920.95191526797
DE,00-04,2024-12-12,2024-12-29,3,quantile,0.5,131791.54025651765
DE,00-04,2024-12-12,2024-12-29,3,quantile,0.75,153753.15179069754
DE,00-04,2024-12-12,2024-12-29,3,quantile,0.9,168058.59828186786
DE,00-04,2024-12-12,2024-12-29,3,quantile,0.975,249147.25686295689
DE,00-04,2024-12-12,2025-01-05,4,quantile,0.025,53662.482312135784
DE,00-04,2024-12-12,2025-01-05,4,quantile,0.1,120142.59624158121
DE,00-04,2024-12-12,2025-01-05,4,quantile,0.25,127720.17730328203
DE,00-04,2024-12-12,2025-01-05,4,quantile,0.5,138114.3708516619
DE,00-04,2024-12-12,2025-01-05,4,quantile,0.75,158558.36932569803
DE,00-04,2024-12-12,2025-01-05,4,quantile,0.9,167310.358460227
DE,00-04,2024-12-12,2025-01-05,4,quantile,0.975,265612.9583633718
DE,05-14,2024-12-12,2024-12-15,1,quantile,0.025,51044.74182477038
DE,05-14,2024-12-12,2024-12-15,1,quantile,0.1,153326.9786461002
DE,05-14,2024-12-12,2024-12-15,1,quantile,0.25,180388.3501952596
DE,05-14,2024-12-12,2024-12-15,1,quantile,0.5,194972.16472188834
DE,05-14,2024-12-12,2024-12-15,1,quantile,0.75,202683.5753855487
DE,05-14,2024-12-12,2024-12-15,1,quantile,0.9,208227.9015825134
DE,05-14,2024-12-12,2024-12-15,1,quantile,0.975,212503.96106177117
DE,05-14,2024-12-12,2024-12-22,2,quantile,0.025,43407.98616665571
DE,05-14,2024-12-12,2024-12-22,2,quantile,0.1,127062.30144748911
DE,05-14,2024-12-12,2024-12-22,2,quantile,0.25,169163.65013643104
DE,05-14,2024-12-12,2024-12-22,2,quantile,0.5,198259.80618711197
DE,05-14,2024-12-12,2024-12-22,2,quantile,0.75,215646.99690275095
DE,05-14,2024-12-12,2024-12-22,2,quantile,0.9,222793.0397330518
DE,05-14,2024-12-12,2024-12-22,2,quantile,0.975,227284.6874936848
DE,05-14,2024-12-12,2024-12-29,3,quantile,0.025,36886.88597978618
DE,05-14,2024-12-12,2024-12-29,3,quantile,0.1,65517.340533123715
DE,05-14,2024-12-12,2024-12-29,3,quantile,0.25,86782.51022363151
DE,05-14,2024-12-12,2024-12-29,3,quantile,0.5,96361.28642215901
DE,05-14,2024-12-12,2024-12-29,3,quantile,0.75,117289.32530115072
DE,05-14,2024-12-12,2024-12-29,3,quantile,0.9,160264.32477349805
DE,05-14,2024-12-12,2024-12-29,3,quantile,0.975,231717.4085849771
DE,05-14,2024-12-12,2025-01-05,4,quantile,0.025,33408.736224109845
DE,05-14,2024-12-12,2025-01-05,4,quantile,0.1,74428.15830144603
DE,05-14,2024-12-12,2025-01-05,4,quantile,0.25,108282.3887982544
DE,05-14,2024-12-12,2025-01-05,4,quantile,0.5,121640.89566399288
DE,05-14,2024-12-12,2025-01-05,4,quantile,0.75,142808.12678508912
DE,05-14,2024-12-12,2025-01-05,4,quantile,0.9,175865.45240175872
DE,05-14,2024-12-12,2025-01-05,4,quantile,0.975,228245.10987751358
DE,15-34,2024-12-12,2024-12-15,1,quantile,0.025,115597.36936005946
DE,15-34,2024-12-12,2024-12-15,1,quantile,0.1,333572.4926001439
DE,15-34,2024-12-12,2024-12-15,1,quantile,0.25,396164.2250689222
DE,15-34,2024-12-12,2024-12-15,1,quantile,0.5,435966.8454897081
DE,15-34,2024-12-12,2024-12-15,1,quantile,0.75,446815.21406781086
DE,15-34,2024-12-12,2024-12-15,1,quantile,0.9,457840.4598914605
DE,15-34,2024-12-12,2024-12-15,1,quantile,0.975,488428.53611882107
DE,15-34,2024-12-12,2024-12-22,2,quantile,0.025,104678.95696981541
DE,15-34,2024-12-12,2024-12-22,2,quantile,0.1,290303.4300683656
DE,15-34,2024-12-12,2024-12-22,2,quantile,0.25,393806.295980269
DE,15-34,2024-12-12,2024-12-22,2,quantile,0.5,466152.8021504868
DE,15-34,2024-12-12,2024-12-22,2,quantile,0.75,495985.7532328414
DE,15-34,2024-12-12,2024-12-22,2,quantile,0.9,510743.63897357445
DE,15-34,2024-12-12,2024-12-22,2,quantile,0.975,521470.77700772864
DE,15-34,2024-12-12,2024-12-29,3,quantile,0.025,94855.05871242822
DE,15-34,2024-12-12,2024-12-29,3,quantile,0.1,152538.19298263817
DE,15-34,2024-12-12,2024-12-29,3,quantile,0.25,243565.92655486622
DE,15-34,2024-12-12,2024-12-29,3,quantile,0.5,322472.1942032472
DE,15-34,2024-12-12,2024-12-29,3,quantile,0.75,400690.49192674085
DE,15-34,2024-12-12,2024-12-29,3,quantile,0.9,455045.3857801246
DE,15-34,2024-12-12,2024-12-29,3,quantile,0.975,531132.3471839017
DE,15-34,2024-12-12,2025-01-05,4,quantile,0.025,90853.67308244646
DE,15-34,2024-12-12,2025-01-05,4,quantile,0.1,167292.8750942242
DE,15-34,2024-12-12,2025-01-05,4,quantile,0.25,331540.6713611117
DE,15-34,2024-12-12,2025-01-05,4,quantile,0.5,404361.7460080242
DE,15-34,2024-12-12,2025-01-05,4,quantile,0.75,451140.8442671297
DE,15-34,2024-12-12,2025-01-05,4,quantile,0.9,465605.6736783747
DE,15-34,2024-12-12,2025-01-05,4,quantile,0.975,537152.8459200866
DE,35-59,2024-12-12,2024-12-15,1,quantile,0.025,121819.50206634006
DE,35-59,2024-12-12,2024-12-15,1,quantile,0.1,390428.9855813995
DE,35-59,2024-12-12,2024-12-15,1,quantile,0.25,471763.167417878
DE,35-59,2024-12-12,2024-12-15,1,quantile,0.5,519924.10270717944
DE,35-59,2024-12-12,2024-12-15,1,quantile,0.75,543713.496712294
DE,35-59,2024-12-12,2024-12-15,1,quantile,0.9,567762.3410207498
DE,35-59,2024-12-12,2024-12-15,1,quantile,0.975,588695.4481096026
DE,35-59,2024-12-12,2024-12-22,2,quantile,0.025,118240.85965559745
DE,35-59,2024-12-12,2024-12-22,2,quantile,0.1,339111.215137992
DE,35-59,2024-12-12,2024-12-22,2,quantile,0.25,473680.3217710812
DE,35-59,2024-12-12,2024-12-22,2,quantile,0.5,578534.6323166306
DE,35-59,2024-12-12,2024-12-22,2,quantile,0.75,606246.3312767972
DE,35-59,2024-12-12,2024-12-22,2,quantile,0.9,620790.3909997828
DE,35-59,2024-12-12,2024-12-22,2,quantile,0.975,641585.0857007527
DE,35-59,2024-12-12,2024-12-29,3,quantile,0.025,113985.37039499739
DE,35-59,2024-12-12,2024-12-29,3,quantile,0.1,194900.0138408411
DE,35-59,2024-12-12,2024-12-29,3,quantile,0.25,361236.2088768568
DE,35-59,2024-12-12,2024-12-29,3,quantile,0.5,507565.6457543851
DE,35-59,2024-12-12,2024-12-29,3,quantile,0.75,593415.3416537758
DE,35-59,2024-12-12,2024-12-29,3,quantile,0.9,648811.8747025153
DE,35-59,2024-12-12,2024-12-29,3,quantile,0.975,697005.6577375261
DE,35-59,2024-12-12,2025-01-05,4,quantile,0.025,112589.0324956056
DE,35-59,2024-12-12,2025-01-05,4,quantile,0.1,228795.3098055535
DE,35-59,2024-12-12,2025-01-05,4,quantile,0.25,444135.45082987566
DE,35-59,2024-12-12,2025-01-05,4,quantile,0.5,604624.6274892772
DE,35-59,2024-12-12,2025-01-05,4,quantile,0.75,658635.4905826064
DE,35-59,2024-12-12,2025-01-05,4,quantile,0.9,680416.3804777402
DE,35-59,2024-12-12,2025-01-05,4,quantile,0.975,743042.152685371
DE,60+,2024-12-12,2024-12-15,1,quantile,0.025,53057.69856099701
DE,60+,2024-12-12,2024-12-15,1,quantile,0.1,122838.80876736347
DE,60+,2024-12-12,2024-12-15,1,quantile,0.25,138966.55026264567
DE,60+,2024-12-12,2024-12-15,1,quantile,0.5,152169.9411732164
DE,60+,2024-12-12,2024-12-15,1,quantile,0.75,164310.63537015617
DE,60+,2024-12-12,2024-12-15,1,quantile,0.9,177987.83682712037
DE,60+,2024-12-12,2024-12-15,1,quantile,0.975,201635.19989422668
DE,60+,2024-12-12,2024-12-22,2,quantile,0.025,52567.39624583451
DE,60+,2024-12-12,2024-12-22,2,quantile,0.1,108130.60811082863
DE,60+,2024-12-12,2024-12-22,2,quantile,0.25,138971.97402141892
DE,60+,2024-12-12,2024-12-22,2,quantile,0.5,163952.86268952856
DE,60+,2024-12-12,2024-12-22,2,quantile,0.75,177853.16392590277
DE,60+,2024-12-12,2024-12-22,2,quantile,0.9,192862.67558731706
DE,60+,2024-12-12,2024-12-22,2,quantile,0.975,213196.836424355
DE,60+,2024-12-12,2024-12-29,3,quantile,0.025,52022.537127753385
DE,60+,2024-12-12,2024-12-29,3,quantile,0.1,77921.9716591527
DE,60+,2024-12-12,2024-12-29,3,quantile,0.25,117575.66945778385
DE,60+,2024-12-12,2024-12-29,3,quantile,0.5,159205.1710104875
DE,60+,2024-12-12,2024-12-29,3,quantile,0.75,176463.91988709714
DE,60+,2024-12-12,2024-12-29,3,quantile,0.9,209932.54522748417
DE,60+,2024-12-12,2024-12-29,3,quantile,0.975,221488.25942939948
DE,60+,2024-12-12,2025-01-05,4,quantile,0.025,48941.841273552316
DE,60+,2024-12-12,2025-01-05,4,quantile,0.1,93528.72052499799
DE,60+,2024-12-12,2025-01-05,4,quantile,0.25,157559.90074780156
DE,60+,2024-12-12,2025-01-05,4,quantile,0.5,201564.82263022245
DE,60+,2024-12-12,2025-01-05,4,quantile,0.75,224164.9265976005
DE,60+,2024-12-12,2025-01-05,4,quantile,0.9,230989.24234055536
DE,60+,2024-12-12,2025-01-05,4,quantile,0.975,236600.16212024182
DE,00+,2024-12-19,2024-12-22,1,quantile,0.025,439162.1431011128
DE,00+,2024-12-19,2024-12-22,1,quantile,0.1,1110047.1175961732
DE,00+,2024-12-19,2024-12-22,1,quantile,0.25,1231560.8684751375
DE,00+,2024-12-19,2024-12-22,1,quantile,0.5,1453223.0404796214
DE,00+,2024-12-19,2024-12-22,1,quantile,0.75,1558736.1595393284
DE,00+,2024-12-19,2024-12-22,1,quantile,0.9,1638914.7611402606
DE,00+,2024-12-19,2024-12-22,1,quantile,0.975,1688910.9509997428
DE,00+,2024-12-19,2024-12-29,2,quantile,0.025,401271.11881200795
DE,00+,2024-12-19,2024-12-29,2,quantile,0.1,622037.8252281523
DE,00+,2024-12-19,2024-12-29,2,quantile,0.25,838521.8475699087
DE,00+,2024-12-19,2024-12-29,2,quantile,0.5,1060305.7166790473
DE,00+,2024-12-19,2024-12-29,2,quantile,0.75,1351433.7649822829
DE,00+,2024-12-19,2024-12-29,2,quantile,0.9,1482207.4883058912
DE,00+,2024-12-19,2024-12-29,2,quantile,0.975,1699647.0017576304
DE,00+,2024-12-19,2025-01-05,3,quantile,0.025,384165.26517695776
DE,00+,2024-12-19,2025-01-05,3,quantile,0.1,641552.6837823846
DE,00+,2024-12-19,2025-01-05,3,quantile,0.25,1027359.3808585333
DE,00+,2024-12-19,2025-01-05,3,quantile,0.5,1412934.7665108193
DE,00+,2024-12-19,2025-01-05,3,quantile,0.75,1511444.4237044388
DE,00+,2024-12-19,2025-01-05,3,quantile,0.9,1653380.0703752663
DE,00+,2024-12-19,2025-01-05,3,quantile,0.975,1904438.5220456547
DE,00+,2024-12-19,2025-01-12,4,quantile,0.025,357612.18368289346
DE,00+,2024-12-19,2025-01-12,4,quantile,0.1,729672.9969561126
DE,00+,2024-12-19,2025-01-12,4,quantile,0.25,1208597.0375589896
DE,00+,2024-12-19,2025-01-12,4,quantile,0.5,1519838.3351924946
DE,00+,2024-12-19,2025-01-12,4,quantile,0.75,1648302.028784867
DE,00+,2024-12-19,2025-01-12,4,quantile,0.9,1730776.6802718553
DE,00+,2024-12-19,2025-01-12,4,quantile,0.975,1974347.2778262037
DE,00-04,2024-12-19,2024-12-22,1,quantile,0.025,84986.14369601654
DE,00-04,2024-12-19,2024-12-22,1,quantile,0.1,162875.93293882196
DE,00-04,2024-12-19,2024-12-22,1,quantile,0.25,178414.2391507936
DE,00-04,2024-12-19,2024-12-22,1,quantile,0.5,196579.85873736173
DE,00-04,2024-12-19,2024-12-22,1,quantile,0.75,203003.55468553206
DE,00-04,2024-12-19,2024-12-22,1,quantile,0.9,208494.68890371354
DE,00-04,2024-12-19,2024-12-22,1,quantile,0.975,221945.3566545352
DE,00-04,2024-12-19,2024-12-29,2,quantile,0.025,73525.92517314368
DE,00-04,2024-12-19,2024-12-29,2,quantile,0.1,94873.5723582858
DE,00-04,2024-12-19,2024-12-29,2,quantile,0.25,105547.15822142173
DE,00-04,2024-12-19,2024-12-29,2,quantile,0.5,130274.51726518448
DE,00-04,2024-12-19,2024-12-29,2,quantile,0.75,151793.3216834423
DE,00-04,2024-12-19,2024-12-29,2,quantile,0.9,181530.62494159458
DE,00-04,2024-12-19,2024-12-29,2,quantile,0.975,230382.25000285666
DE,00-04,2024-12-19,2025-01-05,3,quantile,0.025,59486.710419945804
DE,00-04,2024-12-19,2025-01-05,3,quantile,0.1,99496.67120128953
DE,00-04,2024-12-19,2025-01-05,3,quantile,0.25,117684.443582554
DE,00-04,2024-12-19,2025-01-05,3,quantile,0.5,136503.57637013035
DE,00-04,2024-12-19,2025-01-05,3,quantile,0.75,155020.11094707114
DE,00-04,2024-12-19,2025-01-05,3,quantile,0.9,169597.2961039613
DE,00-04,2024-12-19,2025-01-05,3,quantile,0.975,250597.34460373875
DE,00-04,2024-12-19,2025-01-12,4,quantile,0.025,53698.84806244924
DE,00-04,2024-12-19,2025-01-12,4,quantile,0.1,116830.24565266914
DE,00-04,2024-12-19,2025-01-12,4,quantile,0.25,139232.7991111714
DE,00-04,2024-12-19,2025-01-12,4,quantile,0.5,155613.90629800418
DE,00-04,2024-12-19,2025-01-12,4,quantile,0.75,166107.57929932018
DE,00-04,2024-12-19,2025-01-12,4,quantile,0.9,175048.89227235658
DE,00-04,2024-12-19,2025-01-12,4,quantile,0.975,270695.686418221
DE,05-14,2024-12-19,2024-12-22,1,quantile,0.025,50964.37144207456
DE,05-14,2024-12-19,2024-12-22,1,quantile,0.1,134519.86855294654
DE,05-14,2024-12-19,2024-12-22,1,quantile,0.25,172737.08091017936
DE,05-14,2024-12-19,2024-12-22,1,quantile,0.5,191652.13029613657
DE,05-14,2024-12-19,2024-12-22,1,quantile,0.75,199164.19770637096
DE,05-14,2024-12-19,2024-12-22,1,quantile,0.9,202971.8341242119
DE,05-14,2024-12-19,2024-12-22,1,quantile,0.975,206565.25249868495
DE,05-14,2024-12-19,2024-12-29,2,quantile,0.025,38369.83380397684
DE,05-14,2024-12-19,2024-12-29,2,quantile,0.1,72392.53418988534
DE,05-14,2024-12-19,2024-12-29,2,quantile,0.25,86353.17742903595
DE,05-14,2024-12-19,2024-12-29,2,quantile,0.5,108128.03554965576
DE,05-14,2024-12-19,2024-12-29,2,quantile,0.75,144440.56894967292
DE,05-14,2024-12-19,2024-12-29,2,quantile,0.9,162803.26937024103
DE,05-14,2024-12-19,2024-12-29,2,quantile,0.975,213808.3257413882
DE,05-14,2024-12-19,2025-01-05,3,quantile,0.025,37056.47281554056
DE,05-14,2024-12-19,2025-01-05,3,quantile,0.1,64759.63404877726
DE,05-14,2024-12-19,2025-01-05,3,quantile,0.25,99542.68835992934
DE,05-14,2024-12-19,2025-01-05,3,quantile,0.5,115922.05567677002
DE,05-14,2024-12-19,2025-01-05,3,quantile,0.75,143925.33454237285
DE,05-14,2024-12-19,2025-01-05,3,quantile,0.9,166780.17895832862
DE,05-14,2024-12-19,2025-01-05,3,quantile,0.975,226047.61525417183
DE,05-14,2024-12-19,2025-01-12,4,quantile,0.025,33616.657290339564
DE,05-14,2024-12-19,2025-01-12,4,quantile,0.1,71280.09308000353
DE,05-14,2024-12-19,2025-01-12,4,quantile,0.25,113430.08423448665
DE,05-14,2024-12-19,2025-01-12,4,quantile,0.5,139872.92724435718
DE,05-14,2024-12-19,2025-01-12,4,quantile,0.75,158401.7444871485
DE,05-14,2024-12-19,2025-01-12,4,quantile,0.9,177388.9449484681
DE,05-14,2024-12-19,2025-01-12,4,quantile,0.975,217410.3107808597
DE,15-34,2024-12-19,2024-12-22,1,quantile,0.025,115163.17746736897
DE,15-34,2024-12-19,2024-12-22,1,quantile,0.1,307704.29864276916
DE,15-34,2024-12-19,2024-12-22,1,quantile,0.25,352486.9151463498
DE,15-34,2024-12-19,2024-12-22,1,quantile,0.5,412106.16184534924
DE,15-34,2024-12-19,2024-12-22,1,quantile,0.75,435890.919909519
DE,15-34,2024-12-19,2024-12-22,1,quantile,0.9,467630.77526589343
DE,15-34,2024-12-19,2024-12-22,1,quantile,0.975,505448.5192176003
DE,15-34,2024-12-19,2024-12-29,2,quantile,0.025,98816.18010313631
DE,15-34,2024-12-19,2024-12-29,2,quantile,0.1,156827.72222856493
DE,15-34,2024-12-19,2024-12-29,2,quantile,0.25,241188.75873698262
DE,15-34,2024-12-19,2024-12-29,2,quantile,0.5,298101.9296306247
DE,15-34,2024-12-19,2024-12-29,2,quantile,0.75,368764.30218104395
DE,15-34,2024-12-19,2024-12-29,2,quantile,0.9,418288.8252363958
DE,15-34,2024-12-19,2024-12-29,2,quantile,0.975,527634.5408380092
DE,15-34,2024-12-19,2025-01-05,3,quantile,0.025,95945.96658041529
DE,15-34,2024-12-19,2025-01-05,3,quantile,0.1,150349.26914184826
DE,15-34,2024-12-19,2025-01-05,3,quantile,0.25,285119.6060472241
DE,15-34,2024-12-19,2025-01-05,3,quantile,0.5,379632.7275277783
DE,15-34,2024-12-19,2025-01-05,3,quantile,0.75,437699.6619531764
DE,15-34,2024-12-19,2025-01-05,3,quantile,0.9,464276.26167240646
DE,15-34,2024-12-19,2025-01-05,3,quantile,0.975,550317.2909165489
DE,15-34,2024-12-19,2025-01-12,4,quantile,0.025,90743.62522099448
DE,15-34,2024-12-19,2025-01-12,4,quantile,0.1,175553.51550803252
DE,15-34,2024-12-19,2025-01-12,4,quantile,0.25,352769.5400858783
DE,15-34,2024-12-19,2025-01-12,4,quantile,0.5,415719.5265628719
DE,15-34,2024-12-19,2025-01-12,4,quantile,0.75,456077.71545135125
DE,15-34,2024-12-19,2025-01-12,4,quantile,0.9,472399.2941592357
DE,15-34,2024-12-19,2025-01-12,4,quantile,0.975,534303.8981318293
DE,35-59,2024-12-19,2024-12-22,1,quantile,0.025,122462.2233727042
DE,35-59,2024-12-19,2024-12-22,1,quantile,0.1,367169.19104346435
DE,35-59,2024-12-19,2024-12-22,1,quantile,0.25,445835.0432801605
DE,35-59,2024-12-19,2024-12-22,1,quantile,0.5,502192.43994124886
DE,35-59,2024-12-19,2024-12-22,1,quantile,0.75,527808.5948197076
DE,35-59,2024-12-19,2024-12-22,1,quantile,0.9,569577.6405529401
DE,35-59,2024-12-19,2024-12-22,1,quantile,0.975,597159.1041002077
DE,35-59,2024-12-19,2024-12-29,2,quantile,0.025,118333.56066817822
DE,35-59,2024-12-19,2024-12-29,2,quantile,0.1,225217.28885106993
DE,35-59,2024-12-19,2024-12-29,2,quantile,0.25,320280.1140041767
DE,35-59,2024-12-19,2024-12-29,2,quantile,0.5,443950.75978539884
DE,35-59,2024-12-19,2024-12-29,2,quantile,0.75,495202.8250280005
DE,35-59,2024-12-19,2024-12-29,2,quantile,0.9,630004.3004832171
DE,35-59,2024-12-19,2024-12-29,2,quantile,0.975,668963.3007450174
DE,35-59,2024-12-19,2025-01-05,3,quantile,0.025,115005.75994179343
DE,35-59,2024-12-19,2025-01-05,3,quantile,0.1,213083.94540189463
DE,35-59,2024-12-19,2025-01-05,3,quantile,0.25,384378.6702816541
DE,35-59,2024-12-19,2025-01-05,3,quantile,0.5,578132.3518301935
DE,35-59,2024-12-19,2025-01-05,3,quantile,0.75,646144.9603125921
DE,35-59,2024-12-19,2025-01-05,3,quantile,0.9,669282.1584832005
DE,35-59,2024-12-19,2025-01-05,3,quantile,0.975,733743.6497093008
DE,35-59,2024-12-19,2025-01-12,4,quantile,0.025,112802.4799450306
DE,35-59,2024-12-19,2025-01-12,4,quantile,0.1,241196.13985084352
DE,35-59,2024-12-19,2025-01-12,4,quantile,0.25,457920.2620917048
DE,35-59,2024-12-19,2025-01-12,4,quantile,0.5,587937.8770538291
DE,35-59,2024-12-19,2025-01-12,4,quantile,0.75,643534.5167989897
DE,35-59,2024-12-19,2025-01-12,4,quantile,0.9,664402.1394823983
DE,35-59,2024-12-19,2025-01-12,4,quantile,0.975,788929.1851624597
DE,60+,2024-12-19,2024-12-22,1,quantile,0.025,53596.7114133479
DE,60+,2024-12-19,2024-12-22,1,quantile,0.1,118033.38613718006
DE,60+,2024-12-19,2024-12-22,1,quantile,0.25,146768.13485603622
DE,60+,2024-12-19,2024-12-22,1,quantile,0.5,161059.02459685554
DE,60+,2024-12-19,2024-12-22,1,quantile,0.75,171006.04218055276
DE,60+,2024-12-19,2024-12-22,1,quantile,0.9,185531.85615036226
DE,60+,2024-12-19,2024-12-22,1,quantile,0.975,209727.84224245133
DE,60+,2024-12-19,2024-12-29,2,quantile,0.025,52652.62422372795
DE,60+,2024-12-19,2024-12-29,2,quantile,0.1,78111.80133163577
DE,60+,2024-12-19,2024-12-29,2,quantile,0.25,100827.41955794275
DE,60+,2024-12-19,2024-12-29,2,quantile,0.5,128673.14619723498
DE,60+,2024-12-19,2024-12-29,2,quantile,0.75,153302.83334809617
DE,60+,2024-12-19,2024-12-29,2,quantile,0.9,193433.3702483029
DE,60+,2024-12-19,2024-12-29,2,quantile,0.975,228814.94387869994
DE,60+,2024-12-19,2025-01-05,3,quantile,0.025,52133.661013468736
DE,60+,2024-12-19,2025-01-05,3,quantile,0.1,82293.47226768377
DE,60+,2024-12-19,2025-01-05,3,quantile,0.25,134780.13042840495
DE,60+,2024-12-19,2025-01-05,3,quantile,0.5,186379.55768396962
DE,60+,2024-12-19,2025-01-05,3,quantile,0.75,207567.95467272325
DE,60+,2024-12-19,2025-01-05,3,quantile,0.9,222226.24203954148
DE,60+,2024-12-19,2025-01-05,3,quantile,0.975,229203.81394819115
DE,60+,2024-12-19,2025-01-12,4,quantile,0.025,48208.442406010014
DE,60+,2024-12-19,2025-01-12,4,quantile,0.1,105198.48185361133
DE,60+,2024-12-19,2025-01-12,4,quantile,0.25,158061.45864684117
DE,60+,2024-12-19,2025-01-12,4,quantile,0.5,205958.60046327655
DE,60+,2024-12-19,2025-01-12,4,quantile,0.75,221753.1523195181
DE,60+,2024-12-19,2025-01-12,4,quantile,0.9,231199.19380075354
DE,60+,2024-12-19,2025-01-12,4,quantile,0.975,240101.14209658833
DE,00+,2025-01-09,2025-01-12,1,quantile,0.025,442460.8051347723
DE,00+,2025-01-09,2025-01-12,1,quantile,0.1,831217.117440568
DE,00+,2025-01-09,2025-01-12,1,quantile,0.25,1058203.23586278
DE,00+,2025-01-09,2025-01-12,1,quantile,0.5,1144933.5224545507
DE,00+,2025-01-09,2025-01-12,1,quantile,0.75,1189138.8357564986
DE,00+,2025-01-09,2025-01-12,1,quantile,0.9,1226987.7190016366
DE,00+,2025-01-09,2025-01-12,1,quantile,0.975,1362879.2524759744
DE,00+,2025-01-09,2025-01-19,2,quantile,0.025,403460.7857965376
DE,00+,2025-01-09,2025-01-19,2,quantile,0.1,941507.6362858281
DE,00+,2025-01-09,2025-01-19,2,quantile,0.25,1133837.8104075266
DE,00+,2025-01-09,2025-01-19,2,quantile,0.5,1192699.1312279946
DE,00+,2025-01-09,2025-01-19,2,quantile,0.75,1238389.7577275895
DE,00+,2025-01-09,2025-01-19,2,quantile,0.9,1276207.0213094077
DE,00+,2025-01-09,2025-01-19,2,quantile,0.975,1437505.3782221712
DE,00+,2025-01-09,2025-01-26,3,quantile,0.025,387862.74394747295
DE,00+,2025-01-09,2025-01-26,3,quantile,0.1,1125984.477577062
DE,00+,2025-01-09,2025-01-26,3,quantile,0.25,1328836.4713053901
DE,00+,2025-01-09,2025-01-26,3,quantile,0.5,1417833.5779632283
DE,00+,2025-01-09,2025-01-26,3,quantile,0.75,1478289.10558377
DE,00+,2025-01-09,2025-01-26,3,quantile,0.9,1518098.6646772898
DE,00+,2025-01-09,2025-01-26,3,quantile,0.975,1567595.1625725883
DE,00+,2025-01-09,2025-02-02,4,quantile,0.025,363408.5607766792
DE,00+,2025-01-09,2025-02-02,4,quantile,0.1,1111556.8406755468
DE,00+,2025-01-09,2025-02-02,4,quantile,0.25,1407773.3304159616
DE,00+,2025-01-09,2025-02-02,4,quantile,0.5,1467780.6509494598
DE,00+,2025-01-09,2025-02-02,4,quantile,0.75,1520302.8420820518
DE,00+,2025-01-09,2025-02-02,4,quantile,0.9,1576393.4760281835
DE,00+,2025-01-09,2025-02-02,4,quantile,0.975,1761314.6058591078
DE,00-04,2025-01-09,2025-01-12,1,quantile,0.025,86853.11271490334
DE,00-04,2025-01-09,2025-01-12,1,quantile,0.1,125567.73509241993
DE,00-04,2025-01-09,2025-01-12,1,quantile,0.25,141047.94980984478
DE,00-04,2025-01-09,2025-01-12,1,quantile,0.5,147891.1982169086
DE,00-04,2025-01-09,2025-01-12,1,quantile,0.75,157706.23301745305
DE,00-04,2025-01-09,2025-01-12,1,quantile,0.9,165699.5454982692
DE,00-04,2025-01-09,2025-01-12,1,quantile,0.975,200073.91693835487
DE,00-04,2025-01-09,2025-01-19,2,quantile,0.025,76541.05683605306
DE,00-04,2025-01-09,2025-01-19,2,quantile,0.1,138355.78525657847
DE,00-04,2025-01-09,2025-01-19,2,quantile,0.25,169993.16557097793
DE,00-04,2025-01-09,2025-01-19,2,quantile,0.5,185365.7459662591
DE,00-04,2025-01-09,2025-01-19,2,quantile,0.75,200655.23553343173
DE,00-04,2025-01-09,2025-01-19,2,quantile,0.9,214970.57113203182
DE,00-04,2025-01-09,2025-01-19,2,quantile,0.975,223538.45657575628
DE,00-04,2025-01-09,2025-01-26,3,quantile,0.025,61499.946289054154
DE,00-04,2025-01-09,2025-01-26,3,quantile,0.1,151486.7911669062
DE,00-04,2025-01-09,2025-01-26,3,quantile,0.25,200857.55960289633
DE,00-04,2025-01-09,2025-01-26,3,quantile,0.5,224895.16233324824
DE,00-04,2025-01-09,2025-01-26,3,quantile,0.75,244198.74647624983
DE,00-04,2025-01-09,2025-01-26,3,quantile,0.9,258066.04591087633
DE,00-04,2025-01-09,2025-01-26,3,quantile,0.975,267274.9287042784
DE,00-04,2025-01-09,2025-02-02,4,quantile,0.025,54943.54789491386
DE,00-04,2025-01-09,2025-02-02,4,quantile,0.1,149309.481141134
DE,00-04,2025-01-09,2025-02-02,4,quantile,0.25,206315.4680397196
DE,00-04,2025-01-09,2025-02-02,4,quantile,0.5,225295.44452254713
DE,00-04,2025-01-09,2025-02-02,4,quantile,0.75,252889.6581083055
DE,00-04,2025-01-09,2025-02-02,4,quantile,0.9,277697.4672742457
DE,00-04,2025-01-09,2025-02-02,4,quantile,0.975,282193.77405792294
DE,05-14,2025-01-09,2025-01-12,1,quantile,0.025,50980.086222470076
DE,05-14,2025-01-09,2025-01-12,1,quantile,0.1,88267.35599779029
DE,05-14,2025-01-09,2025-01-12,1,quantile,0.25,109504.67178402522
DE,05-14,2025-01-09,2025-01-12,1,quantile,0.5,116553.86286091394
DE,05-14,2025-01-09,2025-01-12,1,quantile,0.75,120728.1063057702
DE,05-14,2025-01-09,2025-01-12,1,quantile,0.9,127117.02784117979
DE,05-14,2025-01-09,2025-01-12,1,quantile,0.975,165710.06952039935
DE,05-14,2025-01-09,2025-01-19,2,quantile,0.025,44654.03374391253
DE,05-14,2025-01-09,2025-01-19,2,quantile,0.1,111676.19244411674
DE,05-14,2025-01-09,2025-01-19,2,quantile,0.25,147964.73987155076
DE,05-14,2025-01-09,2025-01-19,2,quantile,0.5,158149.43567169618
DE,05-14,2025-01-09,2025-01-19,2,quantile,0.75,164420.23036248083
DE,05-14,2025-01-09,2025-01-19,2,quantile,0.9,169530.41801349464
DE,05-14,2025-01-09,2025-01-19,2,quantile,0.975,196272.79470934812
DE,05-14,2025-01-09,2025-01-26,3,quantile,0.025,40030.20314783999
DE,05-14,2025-01-09,2025-01-26,3,quantile,0.1,127924.06756702773
DE,05-14,2025-01-09,2025-01-26,3,quantile,0.25,189326.81644737738
DE,05-14,2025-01-09,2025-01-26,3,quantile,0.5,205034.22904400964
DE,05-14,2025-01-09,2025-01-26,3,quantile,0.75,213840.49748553964
DE,05-14,2025-01-09,2025-01-26,3,quantile,0.9,221648.80901786982
DE,05-14,2025-01-09,2025-01-26,3,quantile,0.975,231252.9119132058
DE,05-14,2025-01-09,2025-02-02,4,quantile,0.025,34470.64529828011
DE,05-14,2025-01-09,2025-02-02,4,quantile,0.1,140824.51024304706
DE,05-14,2025-01-09,2025-02-02,4,quantile,0.25,209009.70950343195
DE,05-14,2025-01-09,2025-02-02,4,quantile,0.5,226068.9476987449
DE,05-14,2025-01-09,2025-02-02,4,quantile,0.75,236005.0398890426
DE,05-14,2025-01-09,2025-02-02,4,quantile,0.9,254536.52370374338
DE,05-14,2025-01-09,2025-02-02,4,quantile,0.975,269079.3662975812
DE,15-34,2025-01-09,2025-01-12,1,quantile,0.025,114086.36496748698
DE,15-34,2025-01-09,2025-01-12,1,quantile,0.1,225044.4722930037
DE,15-34,2025-01-09,2025-01-12,1,quantile,0.25,289633.54734409455
DE,15-34,2025-01-09,2025-01-12,1,quantile,0.5,314177.0323116957
DE,15-34,2025-01-09,2025-01-12,1,quantile,0.75,325968.68529076676
DE,15-34,2025-01-09,2025-01-12,1,quantile,0.9,336791.90856843686
DE,15-34,2025-01-09,2025-01-12,1,quantile,0.975,363562.4739742338
DE,15-34,2025-01-09,2025-01-19,2,quantile,0.025,104314.24366446913
DE,15-34,2025-01-09,2025-01-19,2,quantile,0.1,248391.21833151462
DE,15-34,2025-01-09,2025-01-19,2,quantile,0.25,295378.8902992841
DE,15-34,2025-01-09,2025-01-19,2,quantile,0.5,312397.3443184453
DE,15-34,2025-01-09,2025-01-19,2,quantile,0.75,330318.72178869665
DE,15-34,2025-01-09,2025-01-19,2,quantile,0.9,341331.4930249808
DE,15-34,2025-01-09,2025-01-19,2,quantile,0.975,391528.60894125106
DE,15-34,2025-01-09,2025-01-26,3,quantile,0.025,98587.64492255221
DE,15-34,2025-01-09,2025-01-26,3,quantile,0.1,288642.15327684634
DE,15-34,2025-01-09,2025-01-26,3,quantile,0.25,338999.2144977306
DE,15-34,2025-01-09,2025-01-26,3,quantile,0.5,356077.00294421654
DE,15-34,2025-01-09,2025-01-26,3,quantile,0.75,369576.5476052157
DE,15-34,2025-01-09,2025-01-26,3,quantile,0.9,387907.2003625772
DE,15-34,2025-01-09,2025-01-26,3,quantile,0.975,442519.6217590336
DE,15-34,2025-01-09,2025-02-02,4,quantile,0.025,92366.37932994017
DE,15-34,2025-01-09,2025-02-02,4,quantile,0.1,267589.4805946095
DE,15-34,2025-01-09,2025-02-02,4,quantile,0.25,358328.49761251546
DE,15-34,2025-01-09,2025-02-02,4,quantile,0.5,374577.53334462334
DE,15-34,2025-01-09,2025-02-02,4,quantile,0.75,390141.08154470054
DE,15-34,2025-01-09,2025-02-02,4,quantile,0.9,415105.54330903117
DE,15-34,2025-01-09,2025-02-02,4,quantile,0.975,480286.46869194397
DE,35-59,2025-01-09,2025-01-12,1,quantile,0.025,124622.97018518578
DE,35-59,2025-01-09,2025-01-12,1,quantile,0.1,315423.63969247014
DE,35-59,2025-01-09,2025-01-12,1,quantile,0.25,380132.1454241464
DE,35-59,2025-01-09,2025-01-12,1,quantile,0.5,402544.79491008655
DE,35-59,2025-01-09,2025-01-12,1,quantile,0.75,413240.719585394
DE,35-59,2025-01-09,2025-01-12,1,quantile,0.9,424321.7150206824
DE,35-59,2025-01-09,2025-01-12,1,quantile,0.975,446075.3750680062
DE,35-59,2025-01-09,2025-01-19,2,quantile,0.025,111791.39481863225
DE,35-59,2025-01-09,2025-01-19,2,quantile,0.1,302156.81181888573
DE,35-59,2025-01-09,2025-01-19,2,quantile,0.25,366482.5896266935
DE,35-59,2025-01-09,2025-01-19,2,quantile,0.5,382852.67447562644
DE,35-59,2025-01-09,2025-01-19,2,quantile,0.75,397565.6130392179
DE,35-59,2025-01-09,2025-01-19,2,quantile,0.9,412668.28216102195
DE,35-59,2025-01-09,2025-01-19,2,quantile,0.975,467571.30577050365
DE,35-59,2025-01-09,2025-01-26,3,quantile,0.025,117904.67369896537
DE,35-59,2025-01-09,2025-01-26,3,quantile,0.1,375600.5234643278
DE,35-59,2025-01-09,2025-01-26,3,quantile,0.25,425884.0609355487
DE,35-59,2025-01-09,2025-01-26,3,quantile,0.5,445846.294808196
DE,35-59,2025-01-09,2025-01-26,3,quantile,0.75,460924.455284677
DE,35-59,2025-01-09,2025-01-26,3,quantile,0.9,485660.27937240724
DE,35-59,2025-01-09,2025-01-26,3,quantile,0.975,545086.7306231841
DE,35-59,2025-01-09,2025-02-02,4,quantile,0.025,109588.5018235038
DE,35-59,2025-01-09,2025-02-02,4,quantile,0.1,345858.4799432518
DE,35-59,2025-01-09,2025-02-02,4,quantile,0.25,480606.9257378906
DE,35-59,2025-01-09,2025-02-02,4,quantile,0.5,500008.93723097385
DE,35-59,2025-01-09,2025-02-02,4,quantile,0.75,510042.9895673966
DE,35-59,2025-01-09,2025-02-02,4,quantile,0.9,532485.4773296415
DE,35-59,2025-01-09,2025-02-02,4,quantile,0.975,609288.8627708002
DE,60+,2025-01-09,2025-01-12,1,quantile,0.025,53032.7156705403
DE,60+,2025-01-09,2025-01-12,1,quantile,0.1,129130.05269498262
DE,60+,2025-01-09,2025-01-12,1,quantile,0.25,162571.99083754065
DE,60+,2025-01-09,2025-01-12,1,quantile,0.5,176372.50895628417
DE,60+,2025-01-09,2025-01-12,1,quantile,0.75,184655.91929915795
DE,60+,2025-01-09,2025-01-12,1,quantile,0.9,193917.82230515045
DE,60+,2025-01-09,2025-01-12,1,quantile,0.975,212533.64979316533
DE,60+,2025-01-09,2025-01-19,2,quantile,0.025,48697.87026139398
DE,60+,2025-01-09,2025-01-19,2,quantile,0.1,108408.59183530959
DE,60+,2025-01-09,2025-01-19,2,quantile,0.25,133409.54599540954
DE,60+,2025-01-09,2025-01-19,2,quantile,0.5,141781.67723800338
DE,60+,2025-01-09,2025-01-19,2,quantile,0.75,146000.277540642
DE,60+,2025-01-09,2025-01-19,2,quantile,0.9,151484.94082403678
DE,60+,2025-01-09,2025-01-19,2,quantile,0.975,177947.54937170376
DE,60+,2025-01-09,2025-01-26,3,quantile,0.025,52606.532329302594
DE,60+,2025-01-09,2025-01-26,3,quantile,0.1,120157.7343029662
DE,60+,2025-01-09,2025-01-26,3,quantile,0.25,135246.1344088993
DE,60+,2025-01-09,2025-01-26,3,quantile,0.5,142161.16364315635
DE,60+,2025-01-09,2025-01-26,3,quantile,0.75,147438.8606461264
DE,60+,2025-01-09,2025-01-26,3,quantile,0.9,155812.37471977816
DE,60+,2025-01-09,2025-01-26,3,quantile,0.975,188754.0320406568
DE,60+,2025-01-09,2025-02-02,4,quantile,0.025,47524.51527502819
DE,60+,2025-01-09,2025-02-02,4,quantile,0.1,111325.09308284431
DE,60+,2025-01-09,2025-02-02,4,quantile,0.25,140700.83870902166
DE,60+,2025-01-09,2025-02-02,4,quantile,0.5,148592.13179318217
DE,60+,2025-01-09,2025-02-02,4,quantile,0.75,157404.30815721018
DE,60+,2025-01-09,2025-02-02,4,quantile,0.9,166172.75858762412
DE,60+,2025-01-09,2025-02-02,4,quantile,0.975,216188.3927621915
DE,00+,2025-01-16,2025-01-19,1,quantile,0.025,446082.4312206117
DE,00+,2025-01-16,2025-01-19,1,quantile,0.1,1377968.6856697625
DE,00+,2025-01-16,2025-01-19,1,quantile,0.25,1482685.175753634
DE,00+,2025-01-16,2025-01-19,1,quantile,0.5,1539544.1608984754
DE,00+,2025-01-16,2025-01-19,1,quantile,0.75,1576715.3416236907
DE,00+,2025-01-16,2025-01-19,1,quantile,0.9,1630742.4141346933
DE,00+,2025-01-16,2025-01-19,1,quantile,0.975,1753049.9040986088
DE,00+,2025-01-16,2025-01-26,2,quantile,0.025,418702.1966466684
DE,00+,2025-01-16,2025-01-26,2,quantile,0.1,1346653.6568600275
DE,00+,2025-01-16,2025-01-26,2,quantile,0.25,1448599.6661499352
DE,00+,2025-01-16,2025-01-26,2,quantile,0.5,1486571.6536629458
DE,00+,2025-01-16,2025-01-26,2,quantile,0.75,1551334.3006653986
DE,00+,2025-01-16,2025-01-26,2,quantile,0.9,1648037.459622183
DE,00+,2025-01-16,2025-01-26,2,quantile,0.975,1822153.2260854016
DE,00+,2025-01-16,2025-02-02,3,quantile,0.025,389556.0539793928
DE,00+,2025-01-16,2025-02-02,3,quantile,0.1,1317281.0590800545
DE,00+,2025-01-16,2025-02-02,3,quantile,0.25,1601568.313105234
DE,00+,2025-01-16,2025-02-02,3,quantile,0.5,1625403.7807141503
DE,00+,2025-01-16,2025-02-02,3,quantile,0.75,1692712.2015385858
DE,00+,2025-01-16,2025-02-02,3,quantile,0.9,1763506.8539266759
DE,00+,2025-01-16,2025-02-02,3,quantile,0.975,1797163.032675046
DE,00+,2025-01-16,2025-02-09,4,quantile,0.025,353734.81846795406
DE,00+,2025-01-16,2025-02-09,4,quantile,0.1,1343205.566078948
DE,00+,2025-01-16,2025-02-09,4,quantile,0.25,1646463.6841664899
DE,00+,2025-01-16,2025-02-09,4,quantile,0.5,1683449.8296513068
DE,00+,2025-01-16,2025-02-09,4,quantile,0.75,1714426.6634575934
DE,00+,2025-01-16,2025-02-09,4,quantile,0.9,1770884.334797135
DE,00+,2025-01-16,2025-02-09,4,quantile,0.975,1824514.2864267118
DE,00-04,2025-01-16,2025-01-19,1,quantile,0.025,87524.4275227473
DE,00-04,2025-01-16,2025-01-19,1,quantile,0.1,158121.0441344827
DE,00-04,2025-01-16,2025-01-19,1,quantile,0.25,183595.15323048868
DE,00-04,2025-01-16,2025-01-19,1,quantile,0.5,194455.97149377843
DE,00-04,2025-01-16,2025-01-19,1,quantile,0.75,202155.2814012711
DE,00-04,2025-01-16,2025-01-19,1,quantile,0.9,209213.95645830192
DE,00-04,2025-01-16,2025-01-19,1,quantile,0.975,220155.61712482566
DE,00-04,2025-01-16,2025-01-26,2,quantile,0.025,76210.9365073214
DE,00-04,2025-01-16,2025-01-26,2,quantile,0.1,170773.13679580242
DE,00-04,2025-01-16,2025-01-26,2,quantile,0.25,204838.37782341364
DE,00-04,2025-01-16,2025-01-26,2,quantile,0.5,231002.54335060623
DE,00-04,2025-01-16,2025-01-26,2,quantile,0.75,243882.35700819705
DE,00-04,2025-01-16,2025-01-26,2,quantile,0.9,252618.59257494338
DE,00-04,2025-01-16,2025-01-26,2,quantile,0.975,257545.35601900044
DE,00-04,2025-01-16,2025-02-02,3,quantile,0.025,61419.452244183354
DE,00-04,2025-01-16,2025-02-02,3,quantile,0.1,174590.25651257235
DE,00-04,2025-01-16,2025-02-02,3,quantile,0.25,225075.89204914458
DE,00-04,2025-01-16,2025-02-02,3,quantile,0.5,241690.1062514346
DE,00-04,2025-01-16,2025-02-02,3,quantile,0.75,263962.1076504665
DE,00-04,2025-01-16,2025-02-02,3,quantile,0.9,276906.04888807295
DE,00-04,2025-01-16,2025-02-02,3,quantile,0.975,280673.85070635413
DE,00-04,2025-01-16,2025-02-09,4,quantile,0.025,54859.38712871808
DE,00-04,2025-01-16,2025-02-09,4,quantile,0.1,173077.35510465963
DE,00-04,2025-01-16,2025-02-09,4,quantile,0.25,234337.36865621601
DE,00-04,2025-01-16,2025-02-09,4,quantile,0.5,246363.8742500764
DE,00-04,2025-01-16,2025-02-09,4,quantile,0.75,254985.29292771258
DE,00-04,2025-01-16,2025-02-09,4,quantile,0.9,276706.38004500116
DE,00-04,2025-01-16,2025-02-09,4,quantile,0.975,287095.49612772017
DE,05-14,2025-01-16,2025-01-19,1,quantile,0.025,51069.857020116164
DE,05-14,2025-01-16,2025-01-19,1,quantile,0.1,139593.34773648603
DE,05-14,2025-01-16,2025-01-19,1,quantile,0.25,163058.89966517378
DE,05-14,2025-01-16,2025-01-19,1,quantile,0.5,182809.22106754588
DE,05-14,2025-01-16,2025-01-19,1,quantile,0.75,190727.34322519036
DE,05-14,2025-01-16,2025-01-19,1,quantile,0.9,193660.707696565
DE,05-14,2025-01-16,2025-01-19,1,quantile,0.975,202306.1385460138
DE,05-14,2025-01-16,2025-01-26,2,quantile,0.025,44138.33519740071
DE,05-14,2025-01-16,2025-01-26,2,quantile,0.1,153084.3014686123
DE,05-14,2025-01-16,2025-01-26,2,quantile,0.25,196856.86790822537
DE,05-14,2025-01-16,2025-01-26,2,quantile,0.5,209647.0057522825
DE,05-14,2025-01-16,2025-01-26,2,quantile,0.75,214056.07554463754
DE,05-14,2025-01-16,2025-01-26,2,quantile,0.9,223029.5947454034
DE,05-14,2025-01-16,2025-01-26,2,quantile,0.975,232747.1853772172
DE,05-14,2025-01-16,2025-02-02,3,quantile,0.025,39083.91591815972
DE,05-14,2025-01-16,2025-02-02,3,quantile,0.1,148696.6097673564
DE,05-14,2025-01-16,2025-02-02,3,quantile,0.25,219203.4053127299
DE,05-14,2025-01-16,2025-02-02,3,quantile,0.5,235026.03366907444
DE,05-14,2025-01-16,2025-02-02,3,quantile,0.75,240923.46680808818
DE,05-14,2025-01-16,2025-02-02,3,quantile,0.9,247655.51761662425
DE,05-14,2025-01-16,2025-02-02,3,quantile,0.975,263804.389930172
DE,05-14,2025-01-16,2025-02-09,4,quantile,0.025,34052.000704777456
DE,05-14,2025-01-16,2025-02-09,4,quantile,0.1,152064.36913174903
DE,05-14,2025-01-16,2025-02-09,4,quantile,0.25,215957.42095484334
DE,05-14,2025-01-16,2025-02-09,4,quantile,0.5,224017.7612463378
DE,05-14,2025-01-16,2025-02-09,4,quantile,0.75,238741.25407480524
DE,05-14,2025-01-16,2025-02-09,4,quantile,0.9,247436.261719251
DE,05-14,2025-01-16,2025-02-09,4,quantile,0.975,257396.77922198144
DE,15-34,2025-01-16,2025-01-19,1,quantile,0.025,116618.12066680056
DE,15-34,2025-01-16,2025-01-19,1,quantile,0.1,374463.5476977369
DE,15-34,2025-01-16,2025-01-19,1,quantile,0.25,410755.230534457
DE,15-34,2025-01-16,2025-01-19,1,quantile,0.5,426104.9008037457
DE,15-34,2025-01-16,2025-01-19,1,quantile,0.75,435929.8699326383
DE,15-34,2025-01-16,2025-01-19,1,quantile,0.9,446979.54189512844
DE,15-34,2025-01-16,2025-01-19,1,quantile,0.975,492974.101966275
DE,15-34,2025-01-16,2025-01-26,2,quantile,0.025,105202.3353220078
DE,15-34,2025-01-16,2025-01-26,2,quantile,0.1,357579.8149318729
DE,15-34,2025-01-16,2025-01-26,2,quantile,0.25,386327.8317157108
DE,15-34,2025-01-16,2025-01-26,2,quantile,0.5,397932.5835892174
DE,15-34,2025-01-16,2025-01-26,2,quantile,0.75,411455.3016506253
DE,15-34,2025-01-16,2025-01-26,2,quantile,0.9,446838.00432955206
DE,15-34,2025-01-16,2025-01-26,2,quantile,0.975,514553.6257366257
DE,15-34,2025-01-16,2025-02-02,3,quantile,0.025,98709.03260738603
DE,15-34,2025-01-16,2025-02-02,3,quantile,0.1,346603.28809881245
DE,15-34,2025-01-16,2025-02-02,3,quantile,0.25,407134.45614915923
DE,15-34,2025-01-16,2025-02-02,3,quantile,0.5,420809.3711721992
DE,15-34,2025-01-16,2025-02-02,3,quantile,0.75,433829.09120800684
DE,15-34,2025-01-16,2025-02-02,3,quantile,0.9,462807.57038712426
DE,15-34,2025-01-16,2025-02-02,3,quantile,0.975,510496.6770057551
DE,15-34,2025-01-16,2025-02-09,4,quantile,0.025,91948.34191834372
DE,15-34,2025-01-16,2025-02-09,4,quantile,0.1,355563.252297892
DE,15-34,2025-01-16,2025-02-09,4,quantile,0.25,428525.7810842665
DE,15-34,2025-01-16,2025-02-09,4,quantile,0.5,439548.77354158275
DE,15-34,2025-01-16,2025-02-09,4,quantile,0.75,448490.00852769427
DE,15-34,2025-01-16,2025-02-09,4,quantile,0.9,457228.49561327044
DE,15-34,2025-01-16,2025-02-09,4,quantile,0.975,498029.428922062
DE,35-59,2025-01-16,2025-01-19,1,quantile,0.025,125578.69687859583
DE,35-59,2025-01-16,2025-01-19,1,quantile,0.1,495659.32105224114
DE,35-59,2025-01-16,2025-01-19,1,quantile,0.25,532263.205025445
DE,35-59,2025-01-16,2025-01-19,1,quantile,0.5,549132.9315026901
DE,35-59,2025-01-16,2025-01-19,1,quantile,0.75,565692.2211747221
DE,35-59,2025-01-16,2025-01-19,1,quantile,0.9,594749.0657959679
DE,35-59,2025-01-16,2025-01-19,1,quantile,0.975,644307.0746437854
DE,35-59,2025-01-16,2025-01-26,2,quantile,0.025,121913.43366397319
DE,35-59,2025-01-16,2025-01-26,2,quantile,0.1,451510.87444338796
DE,35-59,2025-01-16,2025-01-26,2,quantile,0.25,498712.82285628526
DE,35-59,2025-01-16,2025-01-26,2,quantile,0.5,520680.98124324373
DE,35-59,2025-01-16,2025-01-26,2,quantile,0.75,557347.1340716785
DE,35-59,2025-01-16,2025-01-26,2,quantile,0.9,604679.3075921803
DE,35-59,2025-01-16,2025-01-26,2,quantile,0.975,713226.7741840135
DE,35-59,2025-01-16,2025-02-02,3,quantile,0.025,116993.25180030118
DE,35-59,2025-01-16,2025-02-02,3,quantile,0.1,478211.26207085623
DE,35-59,2025-01-16,2025-02-02,3,quantile,0.25,550576.1280410977
DE,35-59,2025-01-16,2025-02-02,3,quantile,0.5,572044.4306697662
DE,35-59,2025-01-16,2025-02-02,3,quantile,0.75,593073.676355862
DE,35-59,2025-01-16,2025-02-02,3,quantile,0.9,642174.253263053
DE,35-59,2025-01-16,2025-02-02,3,quantile,0.975,671161.062783355
DE,35-59,2025-01-16,2025-02-09,4,quantile,0.025,107646.92955673297
DE,35-59,2025-01-16,2025-02-09,4,quantile,0.1,450241.8219869651
DE,35-59,2025-01-16,2025-02-09,4,quantile,0.25,557351.5778389509
DE,35-59,2025-01-16,2025-02-09,4,quantile,0.5,574697.41530647
DE,35-59,2025-01-16,2025-02-09,4,quantile,0.75,611652.0879666489
DE,35-59,2025-01-16,2025-02-09,4,quantile,0.9,628790.4946026931
DE,35-59,2025-01-16,2025-02-09,4,quantile,0.975,707204.429847753
DE,60+,2025-01-16,2025-01-19,1,quantile,0.025,53497.900140014965
DE,60+,2025-01-16,2025-01-19,1,quantile,0.1,159634.72571624495
DE,60+,2025-01-16,2025-01-19,1,quantile,0.25,190874.42375084537
DE,60+,2025-01-16,2025-01-19,1,quantile,0.5,199664.52534925184
DE,60+,2025-01-16,2025-01-19,1,quantile,0.75,205341.66516049992
DE,60+,2025-01-16,2025-01-19,1,quantile,0.9,210562.57669882267
DE,60+,2025-01-16,2025-01-19,1,quantile,0.975,218434.3116938051
DE,60+,2025-01-16,2025-01-26,2,quantile,0.025,53185.077091967316
DE,60+,2025-01-16,2025-01-26,2,quantile,0.1,145030.08853908704
DE,60+,2025-01-16,2025-01-26,2,quantile,0.25,161855.97463985824
DE,60+,2025-01-16,2025-01-26,2,quantile,0.5,170521.8803904602
DE,60+,2025-01-16,2025-01-26,2,quantile,0.75,177384.20782766867
DE,60+,2025-01-16,2025-01-26,2,quantile,0.9,186256.28139001149
DE,60+,2025-01-16,2025-01-26,2,quantile,0.975,215409.33203180967
DE,60+,2025-01-16,2025-02-02,3,quantile,0.025,50643.87752440458
DE,60+,2025-01-16,2025-02-02,3,quantile,0.1,149883.25754793716
DE,60+,2025-01-16,2025-02-02,3,quantile,0.25,173278.38668320928
DE,60+,2025-01-16,2025-02-02,3,quantile,0.5,183447.06606543483
DE,60+,2025-01-16,2025-02-02,3,quantile,0.75,192779.68227900483
DE,60+,2025-01-16,2025-02-02,3,quantile,0.9,205953.64408063388
DE,60+,2025-01-16,2025-02-02,3,quantile,0.975,222377.85059861466
DE,60+,2025-01-16,2025-02-09,4,quantile,0.025,46492.48022347955
DE,60+,2025-01-16,2025-02-09,4,quantile,0.1,152671.63905241236
DE,60+,2025-01-16,2025-02-09,4,quantile,0.25,172780.37711331953
DE,60+,2025-01-16,2025-02-09,4,quantile,0.5,183225.17798977433
DE,60+,2025-01-16,2025-02-09,4,quantile,0.75,200180.0265943528
DE,60+,2025-01-16,2025-02-09,4,quantile,0.9,206229.8179467683
DE,60+,2025-01-16,2025-02-09,4,quantile,0.975,232839.53198328876
DE,00+,2025-01-23,2025-01-26,1,quantile,0.025,449529.2848182233
DE,00+,2025-01-23,2025-01-26,1,quantile,0.1,1364707.648353605
DE,00+,2025-01-23,2025-01-26,1,quantile,0.25,1520646.152995754
DE,00+,2025-01-23,2025-01-26,1,quantile,0.5,1575175.8772664277
DE,00+,2025-01-23,2025-01-26,1,quantile,0.75,1632211.9441171014
DE,00+,2025-01-23,2025-01-26,1,quantile,0.9,1708621.2814981397
DE,00+,2025-01-23,2025-01-26,1,quantile,0.975,1765115.5539865654
DE,00+,2025-01-23,2025-02-02,2,quantile,0.025,416651.0919785729
DE,00+,2025-01-23,2025-02-02,2,quantile,0.1,1317433.7745841655
DE,00+,2025-01-23,2025-02-02,2,quantile,0.25,1575062.314996919
DE,00+,2025-01-23,2025-02-02,2,quantile,0.5,1623547.5250151819
DE,00+,2025-01-23,2025-02-02,2,quantile,0.75,1722820.4808432101
DE,00+,2025-01-23,2025-02-02,2,quantile,0.9,1841530.0273331802
DE,00+,2025-01-23,2025-02-02,2,quantile,0.975,1914221.2562287566
DE,00+,2025-01-23,2025-02-09,3,quantile,0.025,385419.1552396285
DE,00+,2025-01-23,2025-02-09,3,quantile,0.1,1361746.782600971
DE,00+,2025-01-23,2025-02-09,3,quantile,0.25,1653525.9325333298
DE,00+,2025-01-23,2025-02-09,3,quantile,0.5,1702380.9483461292
DE,00+,2025-01-23,2025-02-09,3,quantile,0.75,1745474.0062347576
DE,00+,2025-01-23,2025-02-09,3,quantile,0.9,1900674.5575579903
DE,00+,2025-01-23,2025-02-09,3,quantile,0.975,1977861.344995844
DE,00+,2025-01-23,2025-02-16,4,quantile,0.025,364487.3691264523
DE,00+,2025-01-23,2025-02-16,4,quantile,0.1,1301666.909022069
DE,00+,2025-01-23,2025-02-16,4,quantile,0.25,1513696.8834294034
DE,00+,2025-01-23,2025-02-16,4,quantile,0.5,1589339.9910741013
DE,00+,2025-01-23,2025-02-16,4,quantile,0.75,1672305.310076198
DE,00+,2025-01-23,2025-02-16,4,quantile,0.9,1783248.333844065
DE,00+,2025-01-23,2025-02-16,4,quantile,0.975,2029488.1747653626
DE,00-04,2025-01-23,2025-01-26,1,quantile,0.025,86955.51303189874
DE,00-04,2025-01-23,2025-01-26,1,quantile,0.1,179310.17544019836
DE,00-04,2025-01-23,2025-01-26,1,quantile,0.25,211661.63220835043
DE,00-04,2025-01-23,2025-01-26,1,quantile,0.5,223772.6441212821
DE,00-04,2025-01-23,2025-01-26,1,quantile,0.75,236268.69963670342
DE,00-04,2025-01-23,2025-01-26,1,quantile,0.9,246138.3975875036
DE,00-04,2025-01-23,2025-01-26,1,quantile,0.975,258314.33284696308
DE,00-04,2025-01-23,2025-02-02,2,quantile,0.025,77679.35998907483
DE,00-04,2025-01-23,2025-02-02,2,quantile,0.1,182480.02765908052
DE,00-04,2025-01-23,2025-02-02,2,quantile,0.25,211023.12091809273
DE,00-04,2025-01-23,2025-02-02,2,quantile,0.5,234688.74829216595
DE,00-04,2025-01-23,2025-02-02,2,quantile,0.75,251700.04653850856
DE,00-04,2025-01-23,2025-02-02,2,quantile,0.9,264553.3602334716
DE,00-04,2025-01-23,2025-02-02,2,quantile,0.975,280932.7961799453
DE,00-04,2025-01-23,2025-02-09,3,quantile,0.025,63599.017422541
DE,00-04,2025-01-23,2025-02-09,3,quantile,0.1,188477.17568612783
DE,00-04,2025-01-23,2025-02-09,3,quantile,0.25,232124.84997760813
DE,00-04,2025-01-23,2025-02-09,3,quantile,0.5,246785.7554602106
DE,00-04,2025-01-23,2025-02-09,3,quantile,0.75,260996.23975840927
DE,00-04,2025-01-23,2025-02-09,3,quantile,0.9,279229.5423971435
DE,00-04,2025-01-23,2025-02-09,3,quantile,0.975,305518.1832466311
DE,00-04,2025-01-23,2025-02-16,4,quantile,0.025,55645.818329152804
DE,00-04,2025-01-23,2025-02-16,4,quantile,0.1,178104.2436465245
DE,00-04,2025-01-23,2025-02-16,4,quantile,0.25,223396.31474772975
DE,00-04,2025-01-23,2025-02-16,4,quantile,0.5,244020.90141050186
DE,00-04,2025-01-23,2025-02-16,4,quantile,0.75,255308.17961968374
DE,00-04,2025-01-23,2025-02-16,4,quantile,0.9,266339.68017194665
DE,00-04,2025-01-23,2025-02-16,4,quantile,0.975,286240.68284621346
DE,05-14,2025-01-23,2025-01-26,1,quantile,0.025,50905.9039778788
DE,05-14,2025-01-23,2025-01-26,1,quantile,0.1,162779.83811953582
DE,05-14,2025-01-23,2025-01-26,1,quantile,0.25,198693.09725599817
DE,05-14,2025-01-23,2025-01-26,1,quantile,0.5,210074.53122773123
DE,05-14,2025-01-23,2025-01-26,1,quantile,0.75,214020.56513323938
DE,05-14,2025-01-23,2025-01-26,1,quantile,0.9,218749.88290182385
DE,05-14,2025-01-23,2025-01-26,1,quantile,0.975,222805.3186580305
DE,05-14,2025-01-23,2025-02-02,2,quantile,0.025,43484.81124748297
DE,05-14,2025-01-23,2025-02-02,2,quantile,0.1,159311.53014026667
DE,05-14,2025-01-23,2025-02-02,2,quantile,0.25,203037.93855471077
DE,05-14,2025-01-23,2025-02-02,2,quantile,0.5,224937.22389671532
DE,05-14,2025-01-23,2025-02-02,2,quantile,0.75,238980.4325850248
DE,05-14,2025-01-23,2025-02-02,2,quantile,0.9,249727.9726137269
DE,05-14,2025-01-23,2025-02-02,2,quantile,0.975,260521.11264053074
DE,05-14,2025-01-23,2025-02-09,3,quantile,0.025,40430.269464865276
DE,05-14,2025-01-23,2025-02-09,3,quantile,0.1,148457.81272828695
DE,05-14,2025-01-23,2025-02-09,3,quantile,0.25,208386.4879940427
DE,05-14,2025-01-23,2025-02-09,3,quantile,0.5,225076.93122552795
DE,05-14,2025-01-23,2025-02-09,3,quantile,0.75,236818.1304975076
DE,05-14,2025-01-23,2025-02-09,3,quantile,0.9,250935.32402328844
DE,05-14,2025-01-23,2025-02-09,3,quantile,0.975,263825.9553884835
DE,05-14,2025-01-23,2025-02-16,4,quantile,0.025,33938.51839791476
DE,05-14,2025-01-23,2025-02-16,4,quantile,0.1,152669.90363860657
DE,05-14,2025-01-23,2025-02-16,4,quantile,0.25,187281.79516242602
DE,05-14,2025-01-23,2025-02-16,4,quantile,0.5,200398.55885025527
DE,05-14,2025-01-23,2025-02-16,4,quantile,0.75,208152.67399921638
DE,05-14,2025-01-23,2025-02-16,4,quantile,0.9,214970.9549081684
DE,05-14,2025-01-23,2025-02-16,4,quantile,0.975,248849.06014705612
DE,15-34,2025-01-23,2025-01-26,1,quantile,0.025,116398.75520622211
DE,15-34,2025-01-23,2025-01-26,1,quantile,0.1,375056.0200100426
DE,15-34,2025-01-23,2025-01-26,1,quantile,0.25,411351.74169771
DE,15-34,2025-01-23,2025-01-26,1,quantile,0.5,429633.7571933085
DE,15-34,2025-01-23,2025-01-26,1,quantile,0.75,442947.6139280189
DE,15-34,2025-01-23,2025-01-26,1,quantile,0.9,461515.72837614425
DE,15-34,2025-01-23,2025-01-26,1,quantile,0.975,500710.49531467137
DE,15-34,2025-01-23,2025-02-02,2,quantile,0.025,107922.07187693877
DE,15-34,2025-01-23,2025-02-02,2,quantile,0.1,345366.38910107233
DE,15-34,2025-01-23,2025-02-02,2,quantile,0.25,421238.0733609275
DE,15-34,2025-01-23,2025-02-02,2,quantile,0.5,431508.2781255871
DE,15-34,2025-01-23,2025-02-02,2,quantile,0.75,449563.5524793671
DE,15-34,2025-01-23,2025-02-02,2,quantile,0.9,478671.1886330793
DE,15-34,2025-01-23,2025-02-02,2,quantile,0.975,531293.3106275317
DE,15-34,2025-01-23,2025-02-09,3,quantile,0.025,97926.76963978678
DE,15-34,2025-01-23,2025-02-09,3,quantile,0.1,352164.59391493996
DE,15-34,2025-01-23,2025-02-09,3,quantile,0.25,421287.20052760246
DE,15-34,2025-01-23,2025-02-09,3,quantile,0.5,440206.47199601086
DE,15-34,2025-01-23,2025-02-09,3,quantile,0.75,452070.24306692916
DE,15-34,2025-01-23,2025-02-09,3,quantile,0.9,474937.2201909311
DE,15-34,2025-01-23,2025-02-09,3,quantile,0.975,521129.8268105382
DE,15-34,2025-01-23,2025-02-16,4,quantile,0.025,92803.98193824771
DE,15-34,2025-01-23,2025-02-16,4,quantile,0.1,339769.16611500026
DE,15-34,2025-01-23,2025-02-16,4,quantile,0.25,384731.08586257417
DE,15-34,2025-01-23,2025-02-16,4,quantile,0.5,401148.11196710484
DE,15-34,2025-01-23,2025-02-16,4,quantile,0.75,423053.7780360974
DE,15-34,2025-01-23,2025-02-16,4,quantile,0.9,450050.99410734157
DE,15-34,2025-01-23,2025-02-16,4,quantile,0.975,517939.64663353533
DE,35-59,2025-01-23,2025-01-26,1,quantile,0.025,124628.47573465337
DE,35-59,2025-01-23,2025-01-26,1,quantile,0.1,461341.8983531251
DE,35-59,2025-01-23,2025-01-26,1,quantile,0.25,516904.56266117294
DE,35-59,2025-01-23,2025-01-26,1,quantile,0.5,540613.8882682377
DE,35-59,2025-01-23,2025-01-26,1,quantile,0.75,571042.5407399522
DE,35-59,2025-01-23,2025-01-26,1,quantile,0.9,602599.0884005767
DE,35-59,2025-01-23,2025-01-26,1,quantile,0.975,624465.0951823147
DE,35-59,2025-01-23,2025-02-02,2,quantile,0.025,121985.67320680959
DE,35-59,2025-01-23,2025-02-02,2,quantile,0.1,449668.0877270838
DE,35-59,2025-01-23,2025-02-02,2,quantile,0.25,548625.2100908277
DE,35-59,2025-01-23,2025-02-02,2,quantile,0.5,572933.5340303387
DE,35-59,2025-01-23,2025-02-02,2,quantile,0.75,600842.1651180172
DE,35-59,2025-01-23,2025-02-02,2,quantile,0.9,652298.015174928
DE,35-59,2025-01-23,2025-02-02,2,quantile,0.975,716628.0599100244
DE,35-59,2025-01-23,2025-02-09,3,quantile,0.025,118669.78315570418
DE,35-59,2025-01-23,2025-02-09,3,quantile,0.1,470660.91144165973
DE,35-59,2025-01-23,2025-02-09,3,quantile,0.25,579932.618811913
DE,35-59,2025-01-23,2025-02-09,3,quantile,0.5,599210.3971449956
DE,35-59,2025-01-23,2025-02-09,3,quantile,0.75,620874.4185838018
DE,35-59,2025-01-23,2025-02-09,3,quantile,0.9,679655.1927510095
DE,35-59,2025-01-23,2025-02-09,3,quantile,0.975,735043.0109665287
DE,35-59,2025-01-23,2025-02-16,4,quantile,0.025,112957.6262983438
DE,35-59,2025-01-23,2025-02-16,4,quantile,0.1,429176.5144231537
DE,35-59,2025-01-23,2025-02-16,4,quantile,0.25,509302.38390298345
DE,35-59,2025-01-23,2025-02-16,4,quantile,0.5,536932.0689421286
DE,35-59,2025-01-23,2025-02-16,4,quantile,0.75,578230.0724782215
DE,35-59,2025-01-23,2025-02-16,4,quantile,0.9,617001.8493331565
DE,35-59,2025-01-23,2025-02-16,4,quantile,0.975,762162.6591367298
DE,60+,2025-01-23,2025-01-26,1,quantile,0.025,54246.95461146557
DE,60+,2025-01-23,2025-01-26,1,quantile,0.1,148740.74475876166
DE,60+,2025-01-23,2025-01-26,1,quantile,0.25,167645.9129484692
DE,60+,2025-01-23,2025-01-26,1,quantile,0.5,175797.1504152306
DE,60+,2025-01-23,2025-01-26,1,quantile,0.75,189652.5781755569
DE,60+,2025-01-23,2025-01-26,1,quantile,0.9,204362.97125783624
DE,60+,2025-01-23,2025-01-26,1,quantile,0.975,224316.35464551946
DE,60+,2025-01-23,2025-02-02,2,quantile,0.025,53338.26055722135
DE,60+,2025-01-23,2025-02-02,2,quantile,0.1,140001.1269213217
DE,60+,2025-01-23,2025-02-02,2,quantile,0.25,173653.4559622611
DE,60+,2025-01-23,2025-02-02,2,quantile,0.5,184498.00576958284
DE,60+,2025-01-23,2025-02-02,2,quantile,0.75,193863.62111923133
DE,60+,2025-01-23,2025-02-02,2,quantile,0.9,210857.95411345473
DE,60+,2025-01-23,2025-02-02,2,quantile,0.975,247989.4454503289
DE,60+,2025-01-23,2025-02-09,3,quantile,0.025,52541.878010808374
DE,60+,2025-01-23,2025-02-09,3,quantile,0.1,145065.97045508155
DE,60+,2025-01-23,2025-02-09,3,quantile,0.25,171845.96205966276
DE,60+,2025-01-23,2025-02-09,3,quantile,0.5,187211.32549825596
DE,60+,2025-01-23,2025-02-09,3,quantile,0.75,200339.15118749294
DE,60+,2025-01-23,2025-02-09,3,quantile,0.9,212801.21626875433
DE,60+,2025-01-23,2025-02-09,3,quantile,0.975,241031.78646500834
DE,60+,2025-01-23,2025-02-16,4,quantile,0.025,49128.648410849084
DE,60+,2025-01-23,2025-02-16,4,quantile,0.1,138990.85386530968
DE,60+,2025-01-23,2025-02-16,4,quantile,0.25,165245.24483377085
DE,60+,2025-01-23,2025-02-16,4,quantile,0.5,182745.12336995846
DE,60+,2025-01-23,2025-02-16,4,quantile,0.75,202752.06856630236
DE,60+,2025-01-23,2025-02-16,4,quantile,0.9,212911.18957690935
DE,60+,2025-01-23,2025-02-16,4,quantile,0.975,262836.13143830927
DE,00+,2025-01-30,2025-02-02,1,quantile,0.025,442420.241176843
DE,00+,2025-01-30,2025-02-02,1,quantile,0.1,1517537.0741385
DE,00+,2025-01-30,2025-02-02,1,quantile,0.25,1778341.2208828977
DE,00+,2025-01-30,2025-02-02,1,quantile,0.5,2002446.1560892765
DE,00+,2025-01-30,2025-02-02,1,quantile,0.75,2071511.727471128
DE,00+,2025-01-30,2025-02-02,1,quantile,0.9,2178714.13964975
DE,00+,2025-01-30,2025-02-02,1,quantile,0.975,2487323.653719114
DE,00+,2025-01-30,2025-02-09,2,quantile,0.025,423909.45914695953
DE,00+,2025-01-30,2025-02-09,2,quantile,0.1,1483098.473267586
DE,00+,2025-01-30,2025-02-09,2,quantile,0.25,1745209.6781592309
DE,00+,2025-01-30,2025-02-09,2,quantile,0.5,1992920.2194256461
DE,00+,2025-01-30,2025-02-09,2,quantile,0.75,2073522.27007089
DE,00+,2025-01-30,2025-02-09,2,quantile,0.9,2231831.951713481
DE,00+,2025-01-30,2025-02-09,2,quantile,0.975,2435416.157795491
DE,00+,2025-01-30,2025-02-16,3,quantile,0.025,390121.31803753664
DE,00+,2025-01-30,2025-02-16,3,quantile,0.1,1390331.058546828
DE,00+,2025-01-30,2025-02-16,3,quantile,0.25,1623971.3518519013
DE,00+,2025-01-30,2025-02-16,3,quantile,0.5,1793325.9472211364
DE,00+,2025-01-30,2025-02-16,3,quantile,0.75,2008186.6966300264
DE,00+,2025-01-30,2025-02-16,3,quantile,0.9,2225041.89953405
DE,00+,2025-01-30,2025-02-16,3,quantile,0.975,2407732.968634604
DE,00+,2025-01-30,2025-02-23,4,quantile,0.025,345401.30418490275
DE,00+,2025-01-30,2025-02-23,4,quantile,0.1,1351026.2653622818
DE,00+,2025-01-30,2025-02-23,4,quantile,0.25,1495621.023808953
DE,00+,2025-01-30,2025-02-23,4,quantile,0.5,1575192.885053117
DE,00+,2025-01-30,2025-02-23,4,quantile,0.75,1863875.7322867718
DE,00+,2025-01-30,2025-02-23,4,quantile,0.9,1997729.5400629744
DE,00+,2025-01-30,2025-02-23,4,quantile,0.975,2254085.3949534073
DE,00-04,2025-01-30,2025-02-02,1,quantile,0.025,87130.64879210062
DE,00-04,2025-01-30,2025-02-02,1,quantile,0.1,235246.3928482001
DE,00-04,2025-01-30,2025-02-02,1,quantile,0.25,275934.27100261487
DE,00-04,2025-01-30,2025-02-02,1,quantile,0.5,295220.7882913939
DE,00-04,2025-01-30,2025-02-02,1,quantile,0.75,308154.8310543952
DE,00-04,2025-01-30,2025-02-02,1,quantile,0.9,316559.91052647756
DE,00-04,2025-01-30,2025-02-02,1,quantile,0.975,359801.9931374876
DE,00-04,2025-01-30,2025-02-09,2,quantile,0.025,77938.33637778809
DE,00-04,2025-01-30,2025-02-09,2,quantile,0.1,218190.95539544956
DE,00-04,2025-01-30,2025-02-09,2,quantile,0.25,260487.31977085077
DE,00-04,2025-01-30,2025-02-09,2,quantile,0.5,279670.93346297264
DE,00-04,2025-01-30,2025-02-09,2,quantile,0.75,295125.8155653655
DE,00-04,2025-01-30,2025-02-09,2,quantile,0.9,304370.0140476192
DE,00-04,2025-01-30,2025-02-09,2,quantile,0.975,324757.08655116137
DE,00-04,2025-01-30,2025-02-16,3,quantile,0.025,61019.48066841933
DE,00-04,2025-01-30,2025-02-16,3,quantile,0.1,197392.04792488946
DE,00-04,2025-01-30,2025-02-16,3,quantile,0.25,236731.17453717548
DE,00-04,2025-01-30,2025-02-16,3,quantile,0.5,259248.11981543613
DE,00-04,2025-01-30,2025-02-16,3,quantile,0.75,271582.21180012997
DE,00-04,2025-01-30,2025-02-16,3,quantile,0.9,287999.8267705251
DE,00-04,2025-01-30,2025-02-16,3,quantile,0.975,304310.7755881045
DE,00-04,2025-01-30,2025-02-23,4,quantile,0.025,51594.122765166794
DE,00-04,2025-01-30,2025-02-23,4,quantile,0.1,195510.86193613912
DE,00-04,2025-01-30,2025-02-23,4,quantile,0.25,211534.48727406375
DE,00-04,2025-01-30,2025-02-23,4,quantile,0.5,225444.97503789724
DE,00-04,2025-01-30,2025-02-23,4,quantile,0.75,232365.40201740837
DE,00-04,2025-01-30,2025-02-23,4,quantile,0.9,257216.45961498911
DE,00-04,2025-01-30,2025-02-23,4,quantile,0.975,302554.0818226271
DE,05-14,2025-01-30,2025-02-02,1,quantile,0.025,50923.76338050146
DE,05-14,2025-01-30,2025-02-02,1,quantile,0.1,169356.1388589181
DE,05-14,2025-01-30,2025-02-02,1,quantile,0.25,239507.7943627677
DE,05-14,2025-01-30,2025-02-02,1,quantile,0.5,275599.5974763835
DE,05-14,2025-01-30,2025-02-02,1,quantile,0.75,309410.18831143575
DE,05-14,2025-01-30,2025-02-02,1,quantile,0.9,335663.55007216823
DE,05-14,2025-01-30,2025-02-02,1,quantile,0.975,391859.8104569845
DE,05-14,2025-01-30,2025-02-09,2,quantile,0.025,45016.220789862346
DE,05-14,2025-01-30,2025-02-09,2,quantile,0.1,173902.33375816402
DE,05-14,2025-01-30,2025-02-09,2,quantile,0.25,215860.24432770832
DE,05-14,2025-01-30,2025-02-09,2,quantile,0.5,252309.98807976983
DE,05-14,2025-01-30,2025-02-09,2,quantile,0.75,286970.506541744
DE,05-14,2025-01-30,2025-02-09,2,quantile,0.9,325344.22359409044
DE,05-14,2025-01-30,2025-02-09,2,quantile,0.975,359532.1201500497
DE,05-14,2025-01-30,2025-02-16,3,quantile,0.025,40628.30732028601
DE,05-14,2025-01-30,2025-02-16,3,quantile,0.1,152140.76233089663
DE,05-14,2025-01-30,2025-02-16,3,quantile,0.25,198032.90238895084
DE,05-14,2025-01-30,2025-02-16,3,quantile,0.5,215645.93797645235
DE,05-14,2025-01-30,2025-02-16,3,quantile,0.75,234963.83896353934
DE,05-14,2025-01-30,2025-02-16,3,quantile,0.9,264725.6870380232
DE,05-14,2025-01-30,2025-02-16,3,quantile,0.975,281562.9278171858
DE,05-14,2025-01-30,2025-02-23,4,quantile,0.025,32055.97904408466
DE,05-14,2025-01-30,2025-02-23,4,quantile,0.1,149174.60209637258
DE,05-14,2025-01-30,2025-02-23,4,quantile,0.25,171237.83559144268
DE,05-14,2025-01-30,2025-02-23,4,quantile,0.5,180209.06487047728
DE,05-14,2025-01-30,2025-02-23,4,quantile,0.75,197377.3171337494
DE,05-14,2025-01-30,2025-02-23,4,quantile,0.9,214255.95466922293
DE,05-14,2025-01-30,2025-02-23,4,quantile,0.975,250893.92572612446
DE,15-34,2025-01-30,2025-02-02,1,quantile,0.025,115887.77833685694
DE,15-34,2025-01-30,2025-02-02,1,quantile,0.1,385819.21348083264
DE,15-34,2025-01-30,2025-02-02,1,quantile,0.25,460190.78745797556
DE,15-34,2025-01-30,2025-02-02,1,quantile,0.5,502613.43870569224
DE,15-34,2025-01-30,2025-02-02,1,quantile,0.75,526409.9006226978
DE,15-34,2025-01-30,2025-02-02,1,quantile,0.9,553365.2382853457
DE,15-34,2025-01-30,2025-02-02,1,quantile,0.975,618359.9033735567
DE,15-34,2025-01-30,2025-02-09,2,quantile,0.025,107002.87153889926
DE,15-34,2025-01-30,2025-02-09,2,quantile,0.1,374391.2657866575
DE,15-34,2025-01-30,2025-02-09,2,quantile,0.25,455319.52817067987
DE,15-34,2025-01-30,2025-02-09,2,quantile,0.5,509926.97931591776
DE,15-34,2025-01-30,2025-02-09,2,quantile,0.75,533562.3176380825
DE,15-34,2025-01-30,2025-02-09,2,quantile,0.9,565469.8844671529
DE,15-34,2025-01-30,2025-02-09,2,quantile,0.975,633855.215922667
DE,15-34,2025-01-30,2025-02-16,3,quantile,0.025,98221.01780037311
DE,15-34,2025-01-30,2025-02-16,3,quantile,0.1,363238.04772134026
DE,15-34,2025-01-30,2025-02-16,3,quantile,0.25,432481.3689283097
DE,15-34,2025-01-30,2025-02-16,3,quantile,0.5,472387.90476639726
DE,15-34,2025-01-30,2025-02-16,3,quantile,0.75,523290.5589511337
DE,15-34,2025-01-30,2025-02-16,3,quantile,0.9,554527.006351277
DE,15-34,2025-01-30,2025-02-16,3,quantile,0.975,622912.9136176833
DE,15-34,2025-01-30,2025-02-23,4,quantile,0.025,88484.6984483542
DE,15-34,2025-01-30,2025-02-23,4,quantile,0.1,358170.4357959555
DE,15-34,2025-01-30,2025-02-23,4,quantile,0.25,387618.0958935857
DE,15-34,2025-01-30,2025-02-23,4,quantile,0.5,418172.4984995482
DE,15-34,2025-01-30,2025-02-23,4,quantile,0.75,449721.7612826253
DE,15-34,2025-01-30,2025-02-23,4,quantile,0.9,486783.67997838464
DE,15-34,2025-01-30,2025-02-23,4,quantile,0.975,541024.6132774857
DE,35-59,2025-01-30,2025-02-02,1,quantile,0.025,125974.54154411354
DE,35-59,2025-01-30,2025-02-02,1,quantile,0.1,518741.36798432085
DE,35-59,2025-01-30,2025-02-02,1,quantile,0.25,644494.2099995778
DE,35-59,2025-01-30,2025-02-02,1,quantile,0.5,711709.5264979164
DE,35-59,2025-01-30,2025-02-02,1,quantile,0.75,732331.8670445753
DE,35-59,2025-01-30,2025-02-02,1,quantile,0.9,767636.8452420421
DE,35-59,2025-01-30,2025-02-02,1,quantile,0.975,839952.3844555622
DE,35-59,2025-01-30,2025-02-09,2,quantile,0.025,121068.35311556526
DE,35-59,2025-01-30,2025-02-09,2,quantile,0.1,472850.78741389455
DE,35-59,2025-01-30,2025-02-09,2,quantile,0.25,626474.0952648565
DE,35-59,2025-01-30,2025-02-09,2,quantile,0.5,681763.8101279365
DE,35-59,2025-01-30,2025-02-09,2,quantile,0.75,730661.4123831678
DE,35-59,2025-01-30,2025-02-09,2,quantile,0.9,769016.8207522512
DE,35-59,2025-01-30,2025-02-09,2,quantile,0.975,823854.1059748018
DE,35-59,2025-01-30,2025-02-16,3,quantile,0.025,118756.51847734934
DE,35-59,2025-01-30,2025-02-16,3,quantile,0.1,451500.14363681665
DE,35-59,2025-01-30,2025-02-16,3,quantile,0.25,561744.3943090625
DE,35-59,2025-01-30,2025-02-16,3,quantile,0.5,656338.8232770407
DE,35-59,2025-01-30,2025-02-16,3,quantile,0.75,728961.3502765867
DE,35-59,2025-01-30,2025-02-16,3,quantile,0.9,768429.8084209217
DE,35-59,2025-01-30,2025-02-16,3,quantile,0.975,812852.2218099345
DE,35-59,2025-01-30,2025-02-23,4,quantile,0.025,119132.87566087174
DE,35-59,2025-01-30,2025-02-23,4,quantile,0.1,418014.96818824665
DE,35-59,2025-01-30,2025-02-23,4,quantile,0.25,483274.04794118914
DE,35-59,2025-01-30,2025-02-23,4,quantile,0.5,532129.364889511
DE,35-59,2025-01-30,2025-02-23,4,quantile,0.75,613666.7890486215
DE,35-59,2025-01-30,2025-02-23,4,quantile,0.9,728435.0952694692
DE,35-59,2025-01-30,2025-02-23,4,quantile,0.975,775548.1087901747
DE,60+,2025-01-30,2025-02-02,1,quantile,0.025,53638.30692662004
DE,60+,2025-01-30,2025-02-02,1,quantile,0.1,171835.20129460626
DE,60+,2025-01-30,2025-02-02,1,quantile,0.25,199899.78085635835
DE,60+,2025-01-30,2025-02-02,1,quantile,0.5,224104.94002237255
DE,60+,2025-01-30,2025-02-02,1,quantile,0.75,241154.20588495984
DE,60+,2025-01-30,2025-02-02,1,quantile,0.9,253158.15019939753
DE,60+,2025-01-30,2025-02-02,1,quantile,0.975,265052.45117291005
DE,60+,2025-01-30,2025-02-09,2,quantile,0.025,53167.76293108867
DE,60+,2025-01-30,2025-02-09,2,quantile,0.1,161155.3571434349
DE,60+,2025-01-30,2025-02-09,2,quantile,0.25,205692.5018945493
DE,60+,2025-01-30,2025-02-09,2,quantile,0.5,228797.152884385
DE,60+,2025-01-30,2025-02-09,2,quantile,0.75,243147.91168456012
DE,60+,2025-01-30,2025-02-09,2,quantile,0.9,252529.55801249208
DE,60+,2025-01-30,2025-02-09,2,quantile,0.975,294779.35000089346
DE,60+,2025-01-30,2025-02-16,3,quantile,0.025,53001.9417874712
DE,60+,2025-01-30,2025-02-16,3,quantile,0.1,154786.2492136633
DE,60+,2025-01-30,2025-02-16,3,quantile,0.25,180591.54666434415
DE,60+,2025-01-30,2025-02-16,3,quantile,0.5,217212.8184660338
DE,60+,2025-01-30,2025-02-16,3,quantile,0.75,246747.168490244
DE,60+,2025-01-30,2025-02-16,3,quantile,0.9,261805.05350260186
DE,60+,2025-01-30,2025-02-16,3,quantile,0.975,297043.0234063656
DE,60+,2025-01-30,2025-02-23,4,quantile,0.025,47197.073673946936
DE,60+,2025-01-30,2025-02-23,4,quantile,0.1,148447.06563155045
DE,60+,2025-01-30,2025-02-23,4,quantile,0.25,171400.41617723962
DE,60+,2025-01-30,2025-02-23,4,quantile,0.5,191958.25852016712
DE,60+,2025-01-30,2025-02-23,4,quantile,0.75,247848.66661478928
DE,60+,2025-01-30,2025-02-23,4,quantile,0.9,262715.90480230754
DE,60+,2025-01-30,2025-02-23,4,quantile,0.975,291211.7475595263
DE,00+,2025-02-06,2025-02-09,1,quantile,0.025,451383.03851333866
DE,00+,2025-02-06,2025-02-09,1,quantile,0.1,1515664.000133333
DE,00+,2025-02-06,2025-02-09,1,quantile,0.25,1855563.6901599425
DE,00+,2025-02-06,2025-02-09,1,quantile,0.5,2085196.9487154558
DE,00+,2025-02-06,2025-02-09,1,quantile,0.75,2167718.9147480945
DE,00+,2025-02-06,2025-02-09,1,quantile,0.9,2286537.926726508
DE,00+,2025-02-06,2025-02-09,1,quantile,0.975,2541674.9138980783
DE,00+,2025-02-06,2025-02-16,2,quantile,0.025,427872.2111697452
DE,00+,2025-02-06,2025-02-16,2,quantile,0.1,1463840.7443006795
DE,00+,2025-02-06,2025-02-16,2,quantile,0.25,1657937.5387350726
DE,00+,2025-02-06,2025-02-16,2,quantile,0.5,1955522.2094203322
DE,00+,2025-02-06,2025-02-16,2,quantile,0.75,2178656.082058829
DE,00+,2025-02-06,2025-02-16,2,quantile,0.9,2270248.63787751
DE,00+,2025-02-06,2025-02-16,2,quantile,0.975,2495551.5528522003
DE,00+,2025-02-06,2025-02-23,3,quantile,0.025,379202.89894841175
DE,00+,2025-02-06,2025-02-23,3,quantile,0.1,1354878.9783051708
DE,00+,2025-02-06,2025-02-23,3,quantile,0.25,1517100.9537567196
DE,00+,2025-02-06,2025-02-23,3,quantile,0.5,1648973.154923812
DE,00+,2025-02-06,2025-02-23,3,quantile,0.75,1920232.239769773
DE,00+,2025-02-06,2025-02-23,3,quantile,0.9,2077276.0132773283
DE,00+,2025-02-06,2025-02-23,3,quantile,0.975,2354492.7962826868
DE,00+,2025-02-06,2025-03-02,4,quantile,0.025,337397.023712159
DE,00+,2025-02-06,2025-03-02,4,quantile,0.1,1299856.802880201
DE,00+,2025-02-06,2025-03-02,4,quantile,0.25,1350206.717704201
DE,00+,2025-02-06,2025-03-02,4,quantile,0.5,1401527.5383802198
DE,00+,2025-02-06,2025-03-02,4,quantile,0.75,1603738.030914484
DE,00+,2025-02-06,2025-03-02,4,quantile,0.9,1770452.084592877
DE,00+,2025-02-06,2025-03-02,4,quantile,0.975,2267255.346186334
DE,00-04,2025-02-06,2025-02-09,1,quantile,0.025,87492.58149105244
DE,00-04,2025-02-06,2025-02-09,1,quantile,0.1,243927.1050500838
DE,00-04,2025-02-06,2025-02-09,1,quantile,0.25,278681.6952130097
DE,00-04,2025-02-06,2025-02-09,1,quantile,0.5,304251.9507290144
DE,00-04,2025-02-06,2025-02-09,1,quantile,0.75,313639.12632018037
DE,00-04,2025-02-06,2025-02-09,1,quantile,0.9,321571.5049487436
DE,00-04,2025-02-06,2025-02-09,1,quantile,0.975,361418.75094487227
DE,00-04,2025-02-06,2025-02-16,2,quantile,0.025,76187.03098227306
DE,00-04,2025-02-06,2025-02-16,2,quantile,0.1,218688.00679291686
DE,00-04,2025-02-06,2025-02-16,2,quantile,0.25,247540.85515321224
DE,00-04,2025-02-06,2025-02-16,2,quantile,0.5,272380.1498547729
DE,00-04,2025-02-06,2025-02-16,2,quantile,0.75,286397.0284886667
DE,00-04,2025-02-06,2025-02-16,2,quantile,0.9,298836.21167995536
DE,00-04,2025-02-06,2025-02-16,2,quantile,0.975,316647.62830881256
DE,00-04,2025-02-06,2025-02-23,3,quantile,0.025,61766.660029243016
DE,00-04,2025-02-06,2025-02-23,3,quantile,0.1,210324.37341390076
DE,00-04,2025-02-06,2025-02-23,3,quantile,0.25,223262.35639012893
DE,00-04,2025-02-06,2025-02-23,3,quantile,0.5,241159.26094497647
DE,00-04,2025-02-06,2025-02-23,3,quantile,0.75,252320.27078026193
DE,00-04,2025-02-06,2025-02-23,3,quantile,0.9,260104.94852465522
DE,00-04,2025-02-06,2025-02-23,3,quantile,0.975,308312.62033580313
DE,00-04,2025-02-06,2025-03-02,4,quantile,0.025,52253.46941482782
DE,00-04,2025-02-06,2025-03-02,4,quantile,0.1,193808.4186720887
DE,00-04,2025-02-06,2025-03-02,4,quantile,0.25,199067.3912511488
DE,00-04,2025-02-06,2025-03-02,4,quantile,0.5,213335.49390144605
DE,00-04,2025-02-06,2025-03-02,4,quantile,0.75,219468.1725072392
DE,00-04,2025-02-06,2025-03-02,4,quantile,0.9,237634.2261718696
DE,00-04,2025-02-06,2025-03-02,4,quantile,0.975,305156.47568490356
DE,05-14,2025-02-06,2025-02-09,1,quantile,0.025,52861.487262890245
DE,05-14,2025-02-06,2025-02-09,1,quantile,0.1,177613.70652602226
DE,05-14,2025-02-06,2025-02-09,1,quantile,0.25,224133.64865734405
DE,05-14,2025-02-06,2025-02-09,1,quantile,0.5,280003.00904560497
DE,05-14,2025-02-06,2025-02-09,1,quantile,0.75,329057.08549933287
DE,05-14,2025-02-06,2025-02-09,1,quantile,0.9,369118.2176305174
DE,05-14,2025-02-06,2025-02-09,1,quantile,0.975,421205.3718571408
DE,05-14,2025-02-06,2025-02-16,2,quantile,0.025,46219.958478953566
DE,05-14,2025-02-06,2025-02-16,2,quantile,0.1,166318.8267406858
DE,05-14,2025-02-06,2025-02-16,2,quantile,0.25,205458.35653337615
DE,05-14,2025-02-06,2025-02-16,2,quantile,0.5,235753.16113547172
DE,05-14,2025-02-06,2025-02-16,2,quantile,0.75,260469.57064894657
DE,05-14,2025-02-06,2025-02-16,2,quantile,0.9,316220.14268860535
DE,05-14,2025-02-06,2025-02-16,2,quantile,0.975,369439.19867755903
DE,05-14,2025-02-06,2025-02-23,3,quantile,0.025,39686.246773241386
DE,05-14,2025-02-06,2025-02-23,3,quantile,0.1,159540.03739497968
DE,05-14,2025-02-06,2025-02-23,3,quantile,0.25,182235.88501678314
DE,05-14,2025-02-06,2025-02-23,3,quantile,0.5,191011.41143047105
DE,05-14,2025-02-06,2025-02-23,3,quantile,0.75,207788.51867359126
DE,05-14,2025-02-06,2025-02-23,3,quantile,0.9,236133.83884867182
DE,05-14,2025-02-06,2025-02-23,3,quantile,0.975,264042.62778743566
DE,05-14,2025-02-06,2025-03-02,4,quantile,0.025,32285.934027270065
DE,05-14,2025-02-06,2025-03-02,4,quantile,0.1,140045.4613084644
DE,05-14,2025-02-06,2025-03-02,4,quantile,0.25,154541.63589885092
DE,05-14,2025-02-06,2025-03-02,4,quantile,0.5,166302.87075368877
DE,05-14,2025-02-06,2025-03-02,4,quantile,0.75,179533.42595891692
DE,05-14,2025-02-06,2025-03-02,4,quantile,0.9,212190.6691929858
DE,05-14,2025-02-06,2025-03-02,4,quantile,0.975,263722.6157148325
DE,15-34,2025-02-06,2025-02-09,1,quantile,0.025,116953.85619732532
DE,15-34,2025-02-06,2025-02-09,1,quantile,0.1,393348.9577665058
DE,15-34,2025-02-06,2025-02-09,1,quantile,0.25,489632.06768007576
DE,15-34,2025-02-06,2025-02-09,1,quantile,0.5,547170.3425774596
DE,15-34,2025-02-06,2025-02-09,1,quantile,0.75,567986.1030873747
DE,15-34,2025-02-06,2025-02-09,1,quantile,0.9,596013.524096735
DE,15-34,2025-02-06,2025-02-09,1,quantile,0.975,672283.4272193935
DE,15-34,2025-02-06,2025-02-16,2,quantile,0.025,108391.81965244631
DE,15-34,2025-02-06,2025-02-16,2,quantile,0.1,371950.1044245878
DE,15-34,2025-02-06,2025-02-16,2,quantile,0.25,427220.25746821024
DE,15-34,2025-02-06,2025-02-16,2,quantile,0.5,502432.40866099857
DE,15-34,2025-02-06,2025-02-16,2,quantile,0.75,552871.7232458718
DE,15-34,2025-02-06,2025-02-16,2,quantile,0.9,583121.9281829068
DE,15-34,2025-02-06,2025-02-16,2,quantile,0.975,679916.5861011508
DE,15-34,2025-02-06,2025-02-23,3,quantile,0.025,98348.75077827727
DE,15-34,2025-02-06,2025-02-23,3,quantile,0.1,349701.8189820428
DE,15-34,2025-02-06,2025-02-23,3,quantile,0.25,392648.4524874051
DE,15-34,2025-02-06,2025-02-23,3,quantile,0.5,432712.3997215767
DE,15-34,2025-02-06,2025-02-23,3,quantile,0.75,505811.98609811097
DE,15-34,2025-02-06,2025-02-23,3,quantile,0.9,539785.8996527995
DE,15-34,2025-02-06,2025-02-23,3,quantile,0.975,631407.2225300164
DE,15-34,2025-02-06,2025-03-02,4,quantile,0.025,89262.15145809538
DE,15-34,2025-02-06,2025-03-02,4,quantile,0.1,330313.10160573345
DE,15-34,2025-02-06,2025-03-02,4,quantile,0.25,347375.24882501474
DE,15-34,2025-02-06,2025-03-02,4,quantile,0.5,372759.64207693504
DE,15-34,2025-02-06,2025-03-02,4,quantile,0.75,421214.3246094563
DE,15-34,2025-02-06,2025-03-02,4,quantile,0.9,459450.4071096309
DE,15-34,2025-02-06,2025-03-02,4,quantile,0.975,532277.0239199793
DE,35-59,2025-02-06,2025-02-09,1,quantile,0.025,129251.23135027564
DE,35-59,2025-02-06,2025-02-09,1,quantile,0.1,528570.60155781
DE,35-59,2025-02-06,2025-02-09,1,quantile,0.25,658821.4393202837
DE,35-59,2025-02-06,2025-02-09,1,quantile,0.5,751176.420762943
DE,35-59,2025-02-06,2025-02-09,1,quantile,0.75,770782.0847523131
DE,35-59,2025-02-06,2025-02-09,1,quantile,0.9,809717.9430369698
DE,35-59,2025-02-06,2025-02-09,1,quantile,0.975,855715.2335997317
DE,35-59,2025-02-06,2025-02-16,2,quantile,0.025,120647.3696486081
DE,35-59,2025-02-06,2025-02-16,2,quantile,0.1,470337.7126311727
DE,35-59,2025-02-06,2025-02-16,2,quantile,0.25,592103.8905005549
DE,35-59,2025-02-06,2025-02-16,2,quantile,0.5,671091.5271911094
DE,35-59,2025-02-06,2025-02-16,2,quantile,0.75,754074.0303913577
DE,35-59,2025-02-06,2025-02-16,2,quantile,0.9,779992.6334774494
DE,35-59,2025-02-06,2025-02-16,2,quantile,0.975,868793.1864506034
DE,35-59,2025-02-06,2025-02-23,3,quantile,0.025,117469.88336021926
DE,35-59,2025-02-06,2025-02-23,3,quantile,0.1,424468.5386508711
DE,35-59,2025-02-06,2025-02-23,3,quantile,0.25,515365.9452585323
DE,35-59,2025-02-06,2025-02-23,3,quantile,0.5,582414.0887059404
DE,35-59,2025-02-06,2025-02-23,3,quantile,0.75,698658.9923874356
DE,35-59,2025-02-06,2025-02-23,3,quantile,0.9,757626.4190868881
DE,35-59,2025-02-06,2025-02-23,3,quantile,0.975,780952.6355751671
DE,35-59,2025-02-06,2025-03-02,4,quantile,0.025,112396.53229110832
DE,35-59,2025-02-06,2025-03-02,4,quantile,0.1,411870.55553441565
DE,35-59,2025-02-06,2025-03-02,4,quantile,0.25,445825.77603918297
DE,35-59,2025-02-06,2025-03-02,4,quantile,0.5,468272.05071845744
DE,35-59,2025-02-06,2025-03-02,4,quantile,0.75,527107.1318684408
DE,35-59,2025-02-06,2025-03-02,4,quantile,0.9,646697.1915877436
DE,35-59,2025-02-06,2025-03-02,4,quantile,0.975,770415.4173867789
DE,60+,2025-02-06,2025-02-09,1,quantile,0.025,53915.57239416825
DE,60+,2025-02-06,2025-02-09,1,quantile,0.1,180656.92488990448
DE,60+,2025-02-06,2025-02-09,1,quantile,0.25,219517.41241825424
DE,60+,2025-02-06,2025-02-09,1,quantile,0.5,257843.10368965668
DE,60+,2025-02-06,2025-02-09,1,quantile,0.75,269873.47527036245
DE,60+,2025-02-06,2025-02-09,1,quantile,0.9,279817.00321952574
DE,60+,2025-02-06,2025-02-09,1,quantile,0.975,300280.7615551829
DE,60+,2025-02-06,2025-02-16,2,quantile,0.025,53567.975083052705
DE,60+,2025-02-06,2025-02-16,2,quantile,0.1,168734.80047068486
DE,60+,2025-02-06,2025-02-16,2,quantile,0.25,209123.1888486392
DE,60+,2025-02-06,2025-02-16,2,quantile,0.5,244069.14861690174
DE,60+,2025-02-06,2025-02-16,2,quantile,0.75,263264.47640267084
DE,60+,2025-02-06,2025-02-16,2,quantile,0.9,271978.3327560675
DE,60+,2025-02-06,2025-02-16,2,quantile,0.975,302686.62263277307
DE,60+,2025-02-06,2025-02-23,3,quantile,0.025,52514.85462281333
DE,60+,2025-02-06,2025-02-23,3,quantile,0.1,152721.16611953374
DE,60+,2025-02-06,2025-02-23,3,quantile,0.25,193384.43216820087
DE,60+,2025-02-06,2025-02-23,3,quantile,0.5,217016.5791334111
DE,60+,2025-02-06,2025-02-23,3,quantile,0.75,272650.25030889234
DE,60+,2025-02-06,2025-02-23,3,quantile,0.9,284165.25517306186
DE,60+,2025-02-06,2025-02-23,3,quantile,0.975,300344.2629337803
DE,60+,2025-02-06,2025-03-02,4,quantile,0.025,49966.102486387994
DE,60+,2025-02-06,2025-03-02,4,quantile,0.1,145920.97414312788
DE,60+,2025-02-06,2025-03-02,4,quantile,0.25,167252.1263444104
DE,60+,2025-02-06,2025-03-02,4,quantile,0.5,184447.265625333
DE,60+,2025-02-06,2025-03-02,4,quantile,0.75,236175.98876108797
DE,60+,2025-02-06,2025-03-02,4,quantile,0.9,263361.5211348685
DE,60+,2025-02-06,2025-03-02,4,quantile,0.975,289766.35575816093
DE,00+,2025-02-13,2025-02-16,1,quantile,0.025,452810.0426867233
DE,00+,2025-02-13,2025-02-16,1,quantile,0.1,1473470.066954206
DE,00+,2025-02-13,2025-02-16,1,quantile,0.25,1829920.2027510633
DE,00+,2025-02-13,2025-02-16,1,quantile,0.5,2041906.598570468
DE,00+,2025-02-13,2025-02-16,1,quantile,0.75,2198069.6357391416
DE,00+,2025-02-13,2025-02-16,1,quantile,0.9,2271617.795564457
DE,00+,2025-02-13,2025-02-16,1,quantile,0.975,2554950.8098109374
DE,00+,2025-02-13,2025-02-23,2,quantile,0.025,426823.3829515649
DE,00+,2025-02-13,2025-02-23,2,quantile,0.1,1403366.387358522
DE,00+,2025-02-13,2025-02-23,2,quantile,0.25,1602730.3689843782
DE,00+,2025-02-13,2025-02-23,2,quantile,0.5,1847642.0949930903
DE,00+,2025-02-13,2025-02-23,2,quantile,0.75,2114478.695504928
DE,00+,2025-02-13,2025-02-23,2,quantile,0.9,2339851.8311221236
DE,00+,2025-02-13,2025-02-23,2,quantile,0.975,2500991.300362256
DE,00+,2025-02-13,2025-03-02,3,quantile,0.025,387730.1182964531
DE,00+,2025-02-13,2025-03-02,3,quantile,0.1,1287383.5503796013
DE,00+,2025-02-13,2025-03-02,3,quantile,0.25,1380242.8177406632
DE,00+,2025-02-13,2025-03-02,3,quantile,0.5,1466739.9871485431
DE,00+,2025-02-13,2025-03-02,3,quantile,0.75,1755373.4023421449
DE,00+,2025-02-13,2025-03-02,3,quantile,0.9,1915805.9302335768
DE,00+,2025-02-13,2025-03-02,3,quantile,0.975,2342455.3184136227
DE,00+,2025-02-13,2025-03-09,4,quantile,0.025,328947.0095882849
DE,00+,2025-02-13,2025-03-09,4,quantile,0.1,1199600.2744866959
DE,00+,2025-02-13,2025-03-09,4,quantile,0.25,1340303.220280472
DE,00+,2025-02-13,2025-03-09,4,quantile,0.5,1415452.5655636676
DE,00+,2025-02-13,2025-03-09,4,quantile,0.75,1548796.6035657253
DE,00+,2025-02-13,2025-03-09,4,quantile,0.9,1750252.5958465685
DE,00+,2025-02-13,2025-03-09,4,quantile,0.975,2313515.271667881
DE,00-04,2025-02-13,2025-02-16,1,quantile,0.025,85725.80249629737
DE,00-04,2025-02-13,2025-02-16,1,quantile,0.1,233912.01851259457
DE,00-04,2025-02-13,2025-02-16,1,quantile,0.25,255339.06547341746
DE,00-04,2025-02-13,2025-02-16,1,quantile,0.5,282071.5491015186
DE,00-04,2025-02-13,2025-02-16,1,quantile,0.75,299980.65971039666
DE,00-04,2025-02-13,2025-02-16,1,quantile,0.9,308142.98409178935
DE,00-04,2025-02-13,2025-02-16,1,quantile,0.975,362747.04092003265
DE,00-04,2025-02-13,2025-02-23,2,quantile,0.025,71163.46120945993
DE,00-04,2025-02-13,2025-02-23,2,quantile,0.1,215351.7154899795
DE,00-04,2025-02-13,2025-02-23,2,quantile,0.25,234968.08342342294
DE,00-04,2025-02-13,2025-02-23,2,quantile,0.5,250344.6443376739
DE,00-04,2025-02-13,2025-02-23,2,quantile,0.75,269092.6452656718
DE,00-04,2025-02-13,2025-02-23,2,quantile,0.9,273927.31279765273
DE,00-04,2025-02-13,2025-02-23,2,quantile,0.975,314017.4997813412
DE,00-04,2025-02-13,2025-03-02,3,quantile,0.025,59433.263685015045
DE,00-04,2025-02-13,2025-03-02,3,quantile,0.1,200499.68821425384
DE,00-04,2025-02-13,2025-03-02,3,quantile,0.25,210273.64568267483
DE,00-04,2025-02-13,2025-03-02,3,quantile,0.5,216499.7221378212
DE,00-04,2025-02-13,2025-03-02,3,quantile,0.75,224147.41830168344
DE,00-04,2025-02-13,2025-03-02,3,quantile,0.9,236560.26276312786
DE,00-04,2025-02-13,2025-03-02,3,quantile,0.975,310461.237922029
DE,00-04,2025-02-13,2025-03-09,4,quantile,0.025,51646.15273399897
DE,00-04,2025-02-13,2025-03-09,4,quantile,0.1,187664.73684577623
DE,00-04,2025-02-13,2025-03-09,4,quantile,0.25,199603.32711412045
DE,00-04,2025-02-13,2025-03-09,4,quantile,0.5,206784.6047553957
DE,00-04,2025-02-13,2025-03-09,4,quantile,0.75,214490.24098210485
DE,00-04,2025-02-13,2025-03-09,4,quantile,0.9,236350.6560000459
DE,00-04,2025-02-13,2025-03-09,4,quantile,0.975,310863.0297990999
DE,05-14,2025-02-13,2025-02-16,1,quantile,0.025,50969.04292673142
DE,05-14,2025-02-13,2025-02-16,1,quantile,0.1,178642.69170512763
DE,05-14,2025-02-13,2025-02-16,1,quantile,0.25,214246.147259105
DE,05-14,2025-02-13,2025-02-16,1,quantile,0.5,241998.45245192904
DE,05-14,2025-02-13,2025-02-16,1,quantile,0.75,283540.0719516057
DE,05-14,2025-02-13,2025-02-16,1,quantile,0.9,335856.9055166143
DE,05-14,2025-02-13,2025-02-16,1,quantile,0.975,430929.654206149
DE,05-14,2025-02-13,2025-02-23,2,quantile,0.025,42633.927232291426
DE,05-14,2025-02-13,2025-02-23,2,quantile,0.1,170177.76101128577
DE,05-14,2025-02-13,2025-02-23,2,quantile,0.25,190394.17987800713
DE,05-14,2025-02-13,2025-02-23,2,quantile,0.5,207628.5427996723
DE,05-14,2025-02-13,2025-02-23,2,quantile,0.75,237964.85448896443
DE,05-14,2025-02-13,2025-02-23,2,quantile,0.9,283541.48202603974
DE,05-14,2025-02-13,2025-02-23,2,quantile,0.975,360608.97768078465
DE,05-14,2025-02-13,2025-03-02,3,quantile,0.025,38840.397920093885
DE,05-14,2025-02-13,2025-03-02,3,quantile,0.1,142864.21075091098
DE,05-14,2025-02-13,2025-03-02,3,quantile,0.25,156896.04849644407
DE,05-14,2025-02-13,2025-03-02,3,quantile,0.5,167297.2629777167
DE,05-14,2025-02-13,2025-03-02,3,quantile,0.75,182813.88926643392
DE,05-14,2025-02-13,2025-03-02,3,quantile,0.9,229973.31891803784
DE,05-14,2025-02-13,2025-03-02,3,quantile,0.975,286691.9674358863
DE,05-14,2025-02-13,2025-03-09,4,quantile,0.025,32792.75357067281
DE,05-14,2025-02-13,2025-03-09,4,quantile,0.1,134195.53647982923
DE,05-14,2025-02-13,2025-03-09,4,quantile,0.25,160073.51484819557
DE,05-14,2025-02-13,2025-03-09,4,quantile,0.5,178053.8628268664
DE,05-14,2025-02-13,2025-03-09,4,quantile,0.75,199915.85202713744
DE,05-14,2025-02-13,2025-03-09,4,quantile,0.9,211834.6520121201
DE,05-14,2025-02-13,2025-03-09,4,quantile,0.975,314963.9271753197
DE,15-34,2025-02-13,2025-02-16,1,quantile,0.025,117229.97672147912
DE,15-34,2025-02-13,2025-02-16,1,quantile,0.1,382893.91544385476
DE,15-34,2025-02-13,2025-02-16,1,quantile,0.25,466410.390705334
DE,15-34,2025-02-13,2025-02-16,1,quantile,0.5,512627.8862707463
DE,15-34,2025-02-13,2025-02-16,1,quantile,0.75,547645.0314988629
DE,15-34,2025-02-13,2025-02-16,1,quantile,0.9,589824.1884919099
DE,15-34,2025-02-13,2025-02-16,1,quantile,0.975,671560.5680405644
DE,15-34,2025-02-13,2025-02-23,2,quantile,0.025,105084.5460750423
DE,15-34,2025-02-13,2025-02-23,2,quantile,0.1,356992.6768026488
DE,15-34,2025-02-13,2025-02-23,2,quantile,0.25,412557.8423491899
DE,15-34,2025-02-13,2025-02-23,2,quantile,0.5,478516.01277714677
DE,15-34,2025-02-13,2025-02-23,2,quantile,0.75,543336.7913402414
DE,15-34,2025-02-13,2025-02-23,2,quantile,0.9,583119.0311003092
DE,15-34,2025-02-13,2025-02-23,2,quantile,0.975,676908.4661738527
DE,15-34,2025-02-13,2025-03-02,3,quantile,0.025,97335.02456433538
DE,15-34,2025-02-13,2025-03-02,3,quantile,0.1,324574.4725291229
DE,15-34,2025-02-13,2025-03-02,3,quantile,0.25,354229.1943969638
DE,15-34,2025-02-13,2025-03-02,3,quantile,0.5,386012.2534316495
DE,15-34,2025-02-13,2025-03-02,3,quantile,0.75,430134.3420264989
DE,15-34,2025-02-13,2025-03-02,3,quantile,0.9,502719.3191686998
DE,15-34,2025-02-13,2025-03-02,3,quantile,0.975,625631.202673469
DE,15-34,2025-02-13,2025-03-09,4,quantile,0.025,89956.46267815353
DE,15-34,2025-02-13,2025-03-09,4,quantile,0.1,297478.5682854515
DE,15-34,2025-02-13,2025-03-09,4,quantile,0.25,349669.02369974816
DE,15-34,2025-02-13,2025-03-09,4,quantile,0.5,376248.4159499376
DE,15-34,2025-02-13,2025-03-09,4,quantile,0.75,398499.7474877726
DE,15-34,2025-02-13,2025-03-09,4,quantile,0.9,437337.3844784514
DE,15-34,2025-02-13,2025-03-09,4,quantile,0.975,545348.2375461458
DE,35-59,2025-02-13,2025-02-16,1,quantile,0.025,128545.75712852793
DE,35-59,2025-02-13,2025-02-16,1,quantile,0.1,522826.86882966507
DE,35-59,2025-02-13,2025-02-16,1,quantile,0.25,648983.4025580839
DE,35-59,2025-02-13,2025-02-16,1,quantile,0.5,730905.179935491
DE,35-59,2025-02-13,2025-02-16,1,quantile,0.75,797866.0784799323
DE,35-59,2025-02-13,2025-02-16,1,quantile,0.9,814997.9671632042
DE,35-59,2025-02-13,2025-02-16,1,quantile,0.975,904727.9961591443
DE,35-59,2025-02-13,2025-02-23,2,quantile,0.025,121366.51309192942
DE,35-59,2025-02-13,2025-02-23,2,quantile,0.1,436884.4929941064
DE,35-59,2025-02-13,2025-02-23,2,quantile,0.25,558617.3622106423
DE,35-59,2025-02-13,2025-02-23,2,quantile,0.5,675584.1124477681
DE,35-59,2025-02-13,2025-02-23,2,quantile,0.75,716412.2684458552
DE,35-59,2025-02-13,2025-02-23,2,quantile,0.9,805427.9297640251
DE,35-59,2025-02-13,2025-02-23,2,quantile,0.975,856027.7261176702
DE,35-59,2025-02-13,2025-03-02,3,quantile,0.025,118700.53527941955
DE,35-59,2025-02-13,2025-03-02,3,quantile,0.1,403718.89695893636
DE,35-59,2025-02-13,2025-03-02,3,quantile,0.25,440471.16762936796
DE,35-59,2025-02-13,2025-03-02,3,quantile,0.5,484427.01509378693
DE,35-59,2025-02-13,2025-03-02,3,quantile,0.75,581554.4920801321
DE,35-59,2025-02-13,2025-03-02,3,quantile,0.9,686741.2215058793
DE,35-59,2025-02-13,2025-03-02,3,quantile,0.975,785101.403229445
DE,35-59,2025-02-13,2025-03-09,4,quantile,0.025,111468.55911196631
DE,35-59,2025-02-13,2025-03-09,4,quantile,0.1,383567.35984090075
DE,35-59,2025-02-13,2025-03-09,4,quantile,0.25,431010.2488702927
DE,35-59,2025-02-13,2025-03-09,4,quantile,0.5,460721.25175250124
DE,35-59,2025-02-13,2025-03-09,4,quantile,0.75,517697.7996822265
DE,35-59,2025-02-13,2025-03-09,4,quantile,0.9,576334.1122211406
DE,35-59,2025-02-13,2025-03-09,4,quantile,0.975,765181.1564584828
DE,60+,2025-02-13,2025-02-16,1,quantile,0.025,53645.47207379822
DE,60+,2025-02-13,2025-02-16,1,quantile,0.1,178109.35871963264
DE,60+,2025-02-13,2025-02-16,1,quantile,0.25,214423.1571036671
DE,60+,2025-02-13,2025-02-16,1,quantile,0.5,249776.33124734266
DE,60+,2025-02-13,2025-02-16,1,quantile,0.75,272206.7637398397
DE,60+,2025-02-13,2025-02-16,1,quantile,0.9,284810.67277819326
DE,60+,2025-02-13,2025-02-16,1,quantile,0.975,306578.71848905465
DE,60+,2025-02-13,2025-02-23,2,quantile,0.025,53445.292401954546
DE,60+,2025-02-13,2025-02-23,2,quantile,0.1,168895.1948616038
DE,60+,2025-02-13,2025-02-23,2,quantile,0.25,211276.22637977725
DE,60+,2025-02-13,2025-02-23,2,quantile,0.5,244405.30647240573
DE,60+,2025-02-13,2025-02-23,2,quantile,0.75,275719.9600479774
DE,60+,2025-02-13,2025-02-23,2,quantile,0.9,284017.95802524115
DE,60+,2025-02-13,2025-02-23,2,quantile,0.975,302286.46351945814
DE,60+,2025-02-13,2025-03-02,3,quantile,0.025,52962.26197645235
DE,60+,2025-02-13,2025-03-02,3,quantile,0.1,149798.27161736306
DE,60+,2025-02-13,2025-03-02,3,quantile,0.25,172180.6882725065
DE,60+,2025-02-13,2025-03-02,3,quantile,0.5,190127.281891212
DE,60+,2025-02-13,2025-03-02,3,quantile,0.75,259285.2509035884
DE,60+,2025-02-13,2025-03-02,3,quantile,0.9,272542.5109744548
DE,60+,2025-02-13,2025-03-02,3,quantile,0.975,297080.1450973778
DE,60+,2025-02-13,2025-03-09,4,quantile,0.025,49681.881575328465
DE,60+,2025-02-13,2025-03-09,4,quantile,0.1,141263.4703644078
DE,60+,2025-02-13,2025-03-09,4,quantile,0.25,159203.92858699948
DE,60+,2025-02-13,2025-03-09,4,quantile,0.5,169797.4712105744
DE,60+,2025-02-13,2025-03-09,4,quantile,0.75,206044.07463059708
DE,60+,2025-02-13,2025-03-09,4,quantile,0.9,240468.11913407533
DE,60+,2025-02-13,2025-03-09,4,quantile,0.975,293981.4776138869
DE,00+,2025-02-20,2025-02-23,1,quantile,0.025,449842.2896416763
DE,00+,2025-02-20,2025-02-23,1,quantile,0.1,1496918.3998326992
DE,00+,2025-02-20,2025-02-23,1,quantile,0.25,1730335.8298305315
DE,00+,2025-02-20,2025-02-23,1,quantile,0.5,1928894.5976885501
DE,00+,2025-02-20,2025-02-23,1,quantile,0.75,2148671.64607212
DE,00+,2025-02-20,2025-02-23,1,quantile,0.9,2304391.91899398
DE,00+,2025-02-20,2025-02-23,1,quantile,0.975,2592081.3032269618
DE,00+,2025-02-20,2025-03-02,2,quantile,0.025,426592.03965566057
DE,00+,2025-02-20,2025-03-02,2,quantile,0.1,1370123.8487076678
DE,00+,2025-02-20,2025-03-02,2,quantile,0.25,1492118.7578212803
DE,00+,2025-02-20,2025-03-02,2,quantile,0.5,1623508.2317178552
DE,00+,2025-02-20,2025-03-02,2,quantile,0.75,1737301.9175939872
DE,00+,2025-02-20,2025-03-02,2,quantile,0.9,1951460.7326601564
DE,00+,2025-02-20,2025-03-02,2,quantile,0.975,2420964.440850663
DE,00+,2025-02-20,2025-03-09,3,quantile,0.025,386335.5659252496
DE,00+,2025-02-20,2025-03-09,3,quantile,0.1,1172894.2349287109
DE,00+,2025-02-20,2025-03-09,3,quantile,0.25,1297830.6403001905
DE,00+,2025-02-20,2025-03-09,3,quantile,0.5,1400811.786289371
DE,00+,2025-02-20,2025-03-09,3,quantile,0.75,1586745.8938286484
DE,00+,2025-02-20,2025-03-09,3,quantile,0.9,1791766.4554724668
DE,00+,2025-02-20,2025-03-09,3,quantile,0.975,2289987.8743663533
DE,00+,2025-02-20,2025-03-16,4,quantile,0.025,332749.81657264597
DE,00+,2025-02-20,2025-03-16,4,quantile,0.1,1062103.4784494566
DE,00+,2025-02-20,2025-03-16,4,quantile,0.25,1294331.618573338
DE,00+,2025-02-20,2025-03-16,4,quantile,0.5,1368721.1596404791
DE,00+,2025-02-20,2025-03-16,4,quantile,0.75,1424748.7391129108
DE,00+,2025-02-20,2025-03-16,4,quantile,0.9,1644337.0493576196
DE,00+,2025-02-20,2025-03-16,4,quantile,0.975,2316417.0417639986
DE,00-04,2025-02-20,2025-02-23,1,quantile,0.025,85796.58576599401
DE,00-04,2025-02-20,2025-02-23,1,quantile,0.1,227661.56170720072
DE,00-04,2025-02-20,2025-02-23,1,quantile,0.25,243731.3445473779
DE,00-04,2025-02-20,2025-02-23,1,quantile,0.5,254201.70305274706
DE,00-04,2025-02-20,2025-02-23,1,quantile,0.75,271438.4861907169
DE,00-04,2025-02-20,2025-02-23,1,quantile,0.9,283316.28176406363
DE,00-04,2025-02-20,2025-02-23,1,quantile,0.975,343459.5401338566
DE,00-04,2025-02-20,2025-03-02,2,quantile,0.025,73913.42940903032
DE,00-04,2025-02-20,2025-03-02,2,quantile,0.1,204061.00542317724
DE,00-04,2025-02-20,2025-03-02,2,quantile,0.25,215602.02140999626
DE,00-04,2025-02-20,2025-03-02,2,quantile,0.5,221729.82055665724
DE,00-04,2025-02-20,2025-03-02,2,quantile,0.75,230804.97310718562
DE,00-04,2025-02-20,2025-03-02,2,quantile,0.9,249951.9048135561
DE,00-04,2025-02-20,2025-03-02,2,quantile,0.975,338840.3018131445
DE,00-04,2025-02-20,2025-03-09,3,quantile,0.025,62006.50201846673
DE,00-04,2025-02-20,2025-03-09,3,quantile,0.1,188626.27174631337
DE,00-04,2025-02-20,2025-03-09,3,quantile,0.25,202341.50389098137
DE,00-04,2025-02-20,2025-03-09,3,quantile,0.5,213342.26993323356
DE,00-04,2025-02-20,2025-03-09,3,quantile,0.75,219251.0625438254
DE,00-04,2025-02-20,2025-03-09,3,quantile,0.9,234717.21594924215
DE,00-04,2025-02-20,2025-03-09,3,quantile,0.975,333417.7167213225
DE,00-04,2025-02-20,2025-03-16,4,quantile,0.025,53786.61825334498
DE,00-04,2025-02-20,2025-03-16,4,quantile,0.1,175972.89106228287
DE,00-04,2025-02-20,2025-03-16,4,quantile,0.25,198157.52181497743
DE,00-04,2025-02-20,2025-03-16,4,quantile,0.5,204711.610238132
DE,00-04,2025-02-20,2025-03-16,4,quantile,0.75,210226.13072785205
DE,00-04,2025-02-20,2025-03-16,4,quantile,0.9,220724.45431039785
DE,00-04,2025-02-20,2025-03-16,4,quantile,0.975,325360.66481632367
DE,05-14,2025-02-20,2025-02-23,1,quantile,0.025,52103.92368224498
DE,05-14,2025-02-20,2025-02-23,1,quantile,0.1,169322.1307456906
DE,05-14,2025-02-20,2025-02-23,1,quantile,0.25,191082.4615460455
DE,05-14,2025-02-20,2025-02-23,1,quantile,0.5,213363.608583181
DE,05-14,2025-02-20,2025-02-23,1,quantile,0.75,246868.5264924771
DE,05-14,2025-02-20,2025-02-23,1,quantile,0.9,306674.6999505273
DE,05-14,2025-02-20,2025-02-23,1,quantile,0.975,382757.0692976234
DE,05-14,2025-02-20,2025-03-02,2,quantile,0.025,43883.65967511799
DE,05-14,2025-02-20,2025-03-02,2,quantile,0.1,158225.14088882244
DE,05-14,2025-02-20,2025-03-02,2,quantile,0.25,166644.9810851352
DE,05-14,2025-02-20,2025-03-02,2,quantile,0.5,177427.02419821714
DE,05-14,2025-02-20,2025-03-02,2,quantile,0.75,199932.6176688778
DE,05-14,2025-02-20,2025-03-02,2,quantile,0.9,247550.29624972268
DE,05-14,2025-02-20,2025-03-02,2,quantile,0.975,306883.3339655478
DE,05-14,2025-02-20,2025-03-09,3,quantile,0.025,39324.82367969737
DE,05-14,2025-02-20,2025-03-09,3,quantile,0.1,131261.69825991825
DE,05-14,2025-02-20,2025-03-09,3,quantile,0.25,148361.9807653121
DE,05-14,2025-02-20,2025-03-09,3,quantile,0.5,164864.03869618688
DE,05-14,2025-02-20,2025-03-09,3,quantile,0.75,182964.82598333963
DE,05-14,2025-02-20,2025-03-09,3,quantile,0.9,218708.55883888743
DE,05-14,2025-02-20,2025-03-09,3,quantile,0.975,298190.63848228706
DE,05-14,2025-02-20,2025-03-16,4,quantile,0.025,32348.495902211464
DE,05-14,2025-02-20,2025-03-16,4,quantile,0.1,125751.61682750506
DE,05-14,2025-02-20,2025-03-16,4,quantile,0.25,157429.63083409125
DE,05-14,2025-02-20,2025-03-16,4,quantile,0.5,175730.47772333308
DE,05-14,2025-02-20,2025-03-16,4,quantile,0.75,190737.05243121405
DE,05-14,2025-02-20,2025-03-16,4,quantile,0.9,203753.3949374018
DE,05-14,2025-02-20,2025-03-16,4,quantile,0.975,305333.4258705726
DE,15-34,2025-02-20,2025-02-23,1,quantile,0.025,114633.26616060364
DE,15-34,2025-02-20,2025-02-23,1,quantile,0.1,374858.7927136242
DE,15-34,2025-02-20,2025-02-23,1,quantile,0.25,438489.5649343243
DE,15-34,2025-02-20,2025-02-23,1,quantile,0.5,481623.62939977914
DE,15-34,2025-02-20,2025-02-23,1,quantile,0.75,556385.1180136664
DE,15-34,2025-02-20,2025-02-23,1,quantile,0.9,618037.1190605588
DE,15-34,2025-02-20,2025-02-23,1,quantile,0.975,673463.2745698966
DE,15-34,2025-02-20,2025-03-02,2,quantile,0.025,107718.8144914695
DE,15-34,2025-02-20,2025-03-02,2,quantile,0.1,350381.06816876685
DE,15-34,2025-02-20,2025-03-02,2,quantile,0.25,376498.23749212886
DE,15-34,2025-02-20,2025-03-02,2,quantile,0.5,412023.1748304582
DE,15-34,2025-02-20,2025-03-02,2,quantile,0.75,455634.3737688814
DE,15-34,2025-02-20,2025-03-02,2,quantile,0.9,529342.4650481448
DE,15-34,2025-02-20,2025-03-02,2,quantile,0.975,638120.2280957564
DE,15-34,2025-02-20,2025-03-09,3,quantile,0.025,97606.88575982655
DE,15-34,2025-02-20,2025-03-09,3,quantile,0.1,294935.3550403897
DE,15-34,2025-02-20,2025-03-09,3,quantile,0.25,344165.6249594438
DE,15-34,2025-02-20,2025-03-09,3,quantile,0.5,376779.9351084637
DE,15-34,2025-02-20,2025-03-09,3,quantile,0.75,421092.36233957566
DE,15-34,2025-02-20,2025-03-09,3,quantile,0.9,471482.6958522601
DE,15-34,2025-02-20,2025-03-09,3,quantile,0.975,561699.1416637342
DE,15-34,2025-02-20,2025-03-16,4,quantile,0.025,89278.42351939227
DE,15-34,2025-02-20,2025-03-16,4,quantile,0.1,289333.2308437584
DE,15-34,2025-02-20,2025-03-16,4,quantile,0.25,337453.0440159907
DE,15-34,2025-02-20,2025-03-16,4,quantile,0.5,356092.5966150648
DE,15-34,2025-02-20,2025-03-16,4,quantile,0.75,370002.0524791212
DE,15-34,2025-02-20,2025-03-16,4,quantile,0.9,437381.6518748131
DE,15-34,2025-02-20,2025-03-16,4,quantile,0.975,539096.6135258371
DE,35-59,2025-02-20,2025-02-23,1,quantile,0.025,129498.88117235745
DE,35-59,2025-02-20,2025-02-23,1,quantile,0.1,513705.15521681076
DE,35-59,2025-02-20,2025-02-23,1,quantile,0.25,614953.6518715796
DE,35-59,2025-02-20,2025-02-23,1,quantile,0.5,703518.8897590396
DE,35-59,2025-02-20,2025-02-23,1,quantile,0.75,768366.8265132569
DE,35-59,2025-02-20,2025-02-23,1,quantile,0.9,806544.4144084508
DE,35-59,2025-02-20,2025-02-23,1,quantile,0.975,903253.5204206344
DE,35-59,2025-02-20,2025-03-02,2,quantile,0.025,120848.94123653963
DE,35-59,2025-02-20,2025-03-02,2,quantile,0.1,429685.9618403122
DE,35-59,2025-02-20,2025-03-02,2,quantile,0.25,512795.64412357856
DE,35-59,2025-02-20,2025-03-02,2,quantile,0.5,570724.3559245059
DE,35-59,2025-02-20,2025-03-02,2,quantile,0.75,618176.5306582286
DE,35-59,2025-02-20,2025-03-02,2,quantile,0.9,708655.488891455
DE,35-59,2025-02-20,2025-03-02,2,quantile,0.975,813858.2769117737
DE,35-59,2025-02-20,2025-03-09,3,quantile,0.025,118153.33849772737
DE,35-59,2025-02-20,2025-03-09,3,quantile,0.1,365888.8123571322
DE,35-59,2025-02-20,2025-03-09,3,quantile,0.25,433168.8569672072
DE,35-59,2025-02-20,2025-03-09,3,quantile,0.5,493106.8482408975
DE,35-59,2025-02-20,2025-03-09,3,quantile,0.75,551296.4746046021
DE,35-59,2025-02-20,2025-03-09,3,quantile,0.9,626788.2393914822
DE,35-59,2025-02-20,2025-03-09,3,quantile,0.975,772968.0526983091
DE,35-59,2025-02-20,2025-03-16,4,quantile,0.025,113320.28683062103
DE,35-59,2025-02-20,2025-03-16,4,quantile,0.1,357494.7588362495
DE,35-59,2025-02-20,2025-03-16,4,quantile,0.25,410531.60599967407
DE,35-59,2025-02-20,2025-03-16,4,quantile,0.5,447049.17828479514
DE,35-59,2025-02-20,2025-03-16,4,quantile,0.75,469861.6929488385
DE,35-59,2025-02-20,2025-03-16,4,quantile,0.9,539264.1131211249
DE,35-59,2025-02-20,2025-03-16,4,quantile,0.975,780091.9755012145
DE,60+,2025-02-20,2025-02-23,1,quantile,0.025,53642.81783010386
DE,60+,2025-02-20,2025-02-23,1,quantile,0.1,182130.82614158915
DE,60+,2025-02-20,2025-02-23,1,quantile,0.25,220408.6715400773
DE,60+,2025-02-20,2025-02-23,1,quantile,0.5,260374.796605976
DE,60+,2025-02-20,2025-02-23,1,quantile,0.75,286250.06831950566
DE,60+,2025-02-20,2025-02-23,1,quantile,0.9,295064.5769686923
DE,60+,2025-02-20,2025-02-23,1,quantile,0.975,306919.78128714126
DE,60+,2025-02-20,2025-03-02,2,quantile,0.025,53467.29916184265
DE,60+,2025-02-20,2025-03-02,2,quantile,0.1,168015.36603290544
DE,60+,2025-02-20,2025-03-02,2,quantile,0.25,192176.01845008443
DE,60+,2025-02-20,2025-03-02,2,quantile,0.5,232350.4474759291
DE,60+,2025-02-20,2025-03-02,2,quantile,0.75,271448.4352383065
DE,60+,2025-02-20,2025-03-02,2,quantile,0.9,279518.38034965645
DE,60+,2025-02-20,2025-03-02,2,quantile,0.975,303441.9610500575
DE,60+,2025-02-20,2025-03-09,3,quantile,0.025,53069.74372800137
DE,60+,2025-02-20,2025-03-09,3,quantile,0.1,145571.6142312596
DE,60+,2025-02-20,2025-03-09,3,quantile,0.25,164679.18851463686
DE,60+,2025-02-20,2025-03-09,3,quantile,0.5,187383.4204179405
DE,60+,2025-02-20,2025-03-09,3,quantile,0.75,227866.09093374913
DE,60+,2025-02-20,2025-03-09,3,quantile,0.9,255682.60588588202
DE,60+,2025-02-20,2025-03-09,3,quantile,0.975,297600.32804306794
DE,60+,2025-02-20,2025-03-16,4,quantile,0.025,49696.46161652614
DE,60+,2025-02-20,2025-03-16,4,quantile,0.1,129571.53264934491
DE,60+,2025-02-20,2025-03-16,4,quantile,0.25,149913.44916926048
DE,60+,2025-02-20,2025-03-16,4,quantile,0.5,162431.7634007092
DE,60+,2025-02-20,2025-03-16,4,quantile,0.75,193498.51667306502
DE,60+,2025-02-20,2025-03-16,4,quantile,0.9,236639.37034436053
DE,60+,2025-02-20,2025-03-16,4,quantile,0.975,271152.3460000582
DE,00+,2025-02-27,2025-03-02,1,quantile,0.025,449812.9027464183
DE,00+,2025-02-27,2025-03-02,1,quantile,0.1,1460418.0379447807
DE,00+,2025-02-27,2025-03-02,1,quantile,0.25,1690948.1155267362
DE,00+,2025-02-27,2025-03-02,1,quantile,0.5,1844486.9192496208
DE,00+,2025-02-27,2025-03-02,1,quantile,0.75,2044220.6989247887
DE,00+,2025-02-27,2025-03-02,1,quantile,0.9,2272807.8502882146
DE,00+,2025-02-27,2025-03-02,1,quantile,0.975,2528840.0188954007
DE,00+,2025-02-27,2025-03-09,2,quantile,0.025,427444.84418158035
DE,00+,2025-02-27,2025-03-09,2,quantile,0.1,1384828.3042076747
DE,00+,2025-02-27,2025-03-09,2,quantile,0.25,1471673.733017412
DE,00+,2025-02-27,2025-03-09,2,quantile,0.5,1553441.5616729003
DE,00+,2025-02-27,2025-03-09,2,quantile,0.75,1678355.4122962013
DE,00+,2025-02-27,2025-03-09,2,quantile,0.9,1874208.1369228053
DE,00+,2025-02-27,2025-03-09,2,quantile,0.975,2421810.3175643496
DE,00+,2025-02-27,2025-03-16,3,quantile,0.025,384506.02515847224
DE,00+,2025-02-27,2025-03-16,3,quantile,0.1,1176441.229548872
DE,00+,2025-02-27,2025-03-16,3,quantile,0.25,1261248.6489699264
DE,00+,2025-02-27,2025-03-16,3,quantile,0.5,1378815.7677275478
DE,00+,2025-02-27,2025-03-16,3,quantile,0.75,1540641.3881883177
DE,00+,2025-02-27,2025-03-16,3,quantile,0.9,1762237.7583155888
DE,00+,2025-02-27,2025-03-16,3,quantile,0.975,2303614.975752187
DE,00+,2025-02-27,2025-03-23,4,quantile,0.025,338884.1177886305
DE,00+,2025-02-27,2025-03-23,4,quantile,0.1,978079.0438774389
DE,00+,2025-02-27,2025-03-23,4,quantile,0.25,1118849.7921283387
DE,00+,2025-02-27,2025-03-23,4,quantile,0.5,1199257.1343362445
DE,00+,2025-02-27,2025-03-23,4,quantile,0.75,1261453.6478694782
DE,00+,2025-02-27,2025-03-23,4,quantile,0.9,1386018.495100208
DE,00+,2025-02-27,2025-03-23,4,quantile,0.975,2340462.9354512473
DE,00-04,2025-02-27,2025-03-02,1,quantile,0.025,84401.99288453649
DE,00-04,2025-02-27,2025-03-02,1,quantile,0.1,219951.9863703136
DE,00-04,2025-02-27,2025-03-02,1,quantile,0.25,231216.28049617406
DE,00-04,2025-02-27,2025-03-02,1,quantile,0.5,241115.2187274321
DE,00-04,2025-02-27,2025-03-02,1,quantile,0.75,255884.57891911705
DE,00-04,2025-02-27,2025-03-02,1,quantile,0.9,277290.6133642943
DE,00-04,2025-02-27,2025-03-02,1,quantile,0.975,346270.24580224184
DE,00-04,2025-02-27,2025-03-09,2,quantile,0.025,70161.77484471416
DE,00-04,2025-02-27,2025-03-09,2,quantile,0.1,197767.56342337854
DE,00-04,2025-02-27,2025-03-09,2,quantile,0.25,205101.695082813
DE,00-04,2025-02-27,2025-03-09,2,quantile,0.5,212469.78910891915
DE,00-04,2025-02-27,2025-03-09,2,quantile,0.75,220956.44984931074
DE,00-04,2025-02-27,2025-03-09,2,quantile,0.9,242967.7485227968
DE,00-04,2025-02-27,2025-03-09,2,quantile,0.975,327823.0874178046
DE,00-04,2025-02-27,2025-03-16,3,quantile,0.025,59936.29422744342
DE,00-04,2025-02-27,2025-03-16,3,quantile,0.1,183540.9648428787
DE,00-04,2025-02-27,2025-03-16,3,quantile,0.25,190733.96853421704
DE,00-04,2025-02-27,2025-03-16,3,quantile,0.5,196722.61968850606
DE,00-04,2025-02-27,2025-03-16,3,quantile,0.75,203613.41664961175
DE,00-04,2025-02-27,2025-03-16,3,quantile,0.9,220690.26830134197
DE,00-04,2025-02-27,2025-03-16,3,quantile,0.975,335755.37820040324
DE,00-04,2025-02-27,2025-03-23,4,quantile,0.025,52174.12713830218
DE,00-04,2025-02-27,2025-03-23,4,quantile,0.1,152937.56083012474
DE,00-04,2025-02-27,2025-03-23,4,quantile,0.25,180778.08189756286
DE,00-04,2025-02-27,2025-03-23,4,quantile,0.5,190716.16993320998
DE,00-04,2025-02-27,2025-03-23,4,quantile,0.75,196777.93110992206
DE,00-04,2025-02-27,2025-03-23,4,quantile,0.9,206123.52646825704
DE,00-04,2025-02-27,2025-03-23,4,quantile,0.975,338172.6070528144
DE,05-14,2025-02-27,2025-03-02,1,quantile,0.025,51688.84409523246
DE,05-14,2025-02-27,2025-03-02,1,quantile,0.1,157208.07130414492
DE,05-14,2025-02-27,2025-03-02,1,quantile,0.25,183660.9973540603
DE,05-14,2025-02-27,2025-03-02,1,quantile,0.5,207884.16808657753
DE,05-14,2025-02-27,2025-03-02,1,quantile,0.75,250756.06029424988
DE,05-14,2025-02-27,2025-03-02,1,quantile,0.9,308067.32186261733
DE,05-14,2025-02-27,2025-03-02,1,quantile,0.975,389863.67521865864
DE,05-14,2025-02-27,2025-03-09,2,quantile,0.025,43724.86703158796
DE,05-14,2025-02-27,2025-03-09,2,quantile,0.1,143988.6698049794
DE,05-14,2025-02-27,2025-03-09,2,quantile,0.25,152149.05537169188
DE,05-14,2025-02-27,2025-03-09,2,quantile,0.5,169364.79147442072
DE,05-14,2025-02-27,2025-03-09,2,quantile,0.75,194541.66240086488
DE,05-14,2025-02-27,2025-03-09,2,quantile,0.9,245480.242123714
DE,05-14,2025-02-27,2025-03-09,2,quantile,0.975,305516.1744612299
DE,05-14,2025-02-27,2025-03-16,3,quantile,0.025,39408.16351793487
DE,05-14,2025-02-27,2025-03-16,3,quantile,0.1,127554.80817264132
DE,05-14,2025-02-27,2025-03-16,3,quantile,0.25,155302.1226186725
DE,05-14,2025-02-27,2025-03-16,3,quantile,0.5,168246.70268051393
DE,05-14,2025-02-27,2025-03-16,3,quantile,0.75,188829.16856927448
DE,05-14,2025-02-27,2025-03-16,3,quantile,0.9,212118.9881153983
DE,05-14,2025-02-27,2025-03-16,3,quantile,0.975,306565.9536636327
DE,05-14,2025-02-27,2025-03-23,4,quantile,0.025,31990.57958611916
DE,05-14,2025-02-27,2025-03-23,4,quantile,0.1,106350.96396595892
DE,05-14,2025-02-27,2025-03-23,4,quantile,0.25,136645.43905149726
DE,05-14,2025-02-27,2025-03-23,4,quantile,0.5,146217.41352292002
DE,05-14,2025-02-27,2025-03-23,4,quantile,0.75,163713.0760621516
DE,05-14,2025-02-27,2025-03-23,4,quantile,0.9,191472.03356895433
DE,05-14,2025-02-27,2025-03-23,4,quantile,0.975,293803.9197623639
DE,15-34,2025-02-27,2025-03-02,1,quantile,0.025,114723.4494136598
DE,15-34,2025-02-27,2025-03-02,1,quantile,0.1,367586.6825138169
DE,15-34,2025-02-27,2025-03-02,1,quantile,0.25,419722.8963834935
DE,15-34,2025-02-27,2025-03-02,1,quantile,0.5,448903.00341030804
DE,15-34,2025-02-27,2025-03-02,1,quantile,0.75,515970.8901724884
DE,15-34,2025-02-27,2025-03-02,1,quantile,0.9,587215.1390773157
DE,15-34,2025-02-27,2025-03-02,1,quantile,0.975,677770.3285046677
DE,15-34,2025-02-27,2025-03-09,2,quantile,0.025,105819.10000963559
DE,15-34,2025-02-27,2025-03-09,2,quantile,0.1,334118.54365161073
DE,15-34,2025-02-27,2025-03-09,2,quantile,0.25,358854.2048452504
DE,15-34,2025-02-27,2025-03-09,2,quantile,0.5,398332.8403192389
DE,15-34,2025-02-27,2025-03-09,2,quantile,0.75,435751.1361713809
DE,15-34,2025-02-27,2025-03-09,2,quantile,0.9,494031.70252969925
DE,15-34,2025-02-27,2025-03-09,2,quantile,0.975,648557.7916917198
DE,15-34,2025-02-27,2025-03-16,3,quantile,0.025,96730.45792384143
DE,15-34,2025-02-27,2025-03-16,3,quantile,0.1,298405.78658805287
DE,15-34,2025-02-27,2025-03-16,3,quantile,0.25,339346.19011723885
DE,15-34,2025-02-27,2025-03-16,3,quantile,0.5,357573.1083897118
DE,15-34,2025-02-27,2025-03-16,3,quantile,0.75,401807.6032972707
DE,15-34,2025-02-27,2025-03-16,3,quantile,0.9,453529.7482765919
DE,15-34,2025-02-27,2025-03-16,3,quantile,0.975,560108.7960657504
DE,15-34,2025-02-27,2025-03-23,4,quantile,0.025,89819.4355886211
DE,15-34,2025-02-27,2025-03-23,4,quantile,0.1,262135.2254522022
DE,15-34,2025-02-27,2025-03-23,4,quantile,0.25,289925.777736924
DE,15-34,2025-02-27,2025-03-23,4,quantile,0.5,315584.5289229649
DE,15-34,2025-02-27,2025-03-23,4,quantile,0.75,337812.9099786888
DE,15-34,2025-02-27,2025-03-23,4,quantile,0.9,383563.6473180848
DE,15-34,2025-02-27,2025-03-23,4,quantile,0.975,548744.9633063531
DE,35-59,2025-02-27,2025-03-02,1,quantile,0.025,130148.11571595949
DE,35-59,2025-02-27,2025-03-02,1,quantile,0.1,500170.11108408554
DE,35-59,2025-02-27,2025-03-02,1,quantile,0.25,597414.2456270675
DE,35-59,2025-02-27,2025-03-02,1,quantile,0.5,640334.9316545519
DE,35-59,2025-02-27,2025-03-02,1,quantile,0.75,729961.3142570388
DE,35-59,2025-02-27,2025-03-02,1,quantile,0.9,804887.9112784656
DE,35-59,2025-02-27,2025-03-02,1,quantile,0.975,865192.1377634242
DE,35-59,2025-02-27,2025-03-09,2,quantile,0.025,123687.88287614743
DE,35-59,2025-02-27,2025-03-09,2,quantile,0.1,434766.15643624
DE,35-59,2025-02-27,2025-03-09,2,quantile,0.25,520963.8902985066
DE,35-59,2025-02-27,2025-03-09,2,quantile,0.5,564190.0162627252
DE,35-59,2025-02-27,2025-03-09,2,quantile,0.75,618893.9729137577
DE,35-59,2025-02-27,2025-03-09,2,quantile,0.9,693471.8135313725
DE,35-59,2025-02-27,2025-03-09,2,quantile,0.975,795159.4088052914
DE,35-59,2025-02-27,2025-03-16,3,quantile,0.025,117501.07754367385
DE,35-59,2025-02-27,2025-03-16,3,quantile,0.1,358222.44531306176
DE,35-59,2025-02-27,2025-03-16,3,quantile,0.25,417331.94358848856
DE,35-59,2025-02-27,2025-03-16,3,quantile,0.5,472313.31144075264
DE,35-59,2025-02-27,2025-03-16,3,quantile,0.75,537828.2735891002
DE,35-59,2025-02-27,2025-03-16,3,quantile,0.9,582971.688847397
DE,35-59,2025-02-27,2025-03-16,3,quantile,0.975,760892.2280372331
DE,35-59,2025-02-27,2025-03-23,4,quantile,0.025,114900.58112257444
DE,35-59,2025-02-27,2025-03-23,4,quantile,0.1,316906.1839189526
DE,35-59,2025-02-27,2025-03-23,4,quantile,0.25,354400.68653555424
DE,35-59,2025-02-27,2025-03-23,4,quantile,0.5,391243.49869448773
DE,35-59,2025-02-27,2025-03-23,4,quantile,0.75,430405.9359827481
DE,35-59,2025-02-27,2025-03-23,4,quantile,0.9,509517.5717563197
DE,35-59,2025-02-27,2025-03-23,4,quantile,0.975,785338.8327310117
DE,60+,2025-02-27,2025-03-02,1,quantile,0.025,55801.92600698713
DE,60+,2025-02-27,2025-03-02,1,quantile,0.1,183290.48312686424
DE,60+,2025-02-27,2025-03-02,1,quantile,0.25,214882.38312661723
DE,60+,2025-02-27,2025-03-02,1,quantile,0.5,256765.30529956584
DE,60+,2025-02-27,2025-03-02,1,quantile,0.75,283076.9408493006
DE,60+,2025-02-27,2025-03-02,1,quantile,0.9,296302.28614501556
DE,60+,2025-02-27,2025-03-02,1,quantile,0.975,311297.6926738038
DE,60+,2025-02-27,2025-03-09,2,quantile,0.025,53700.095471866545
DE,60+,2025-02-27,2025-03-09,2,quantile,0.1,168396.82316607406
DE,60+,2025-02-27,2025-03-09,2,quantile,0.25,192453.15235890727
DE,60+,2025-02-27,2025-03-09,2,quantile,0.5,233836.13210835034
DE,60+,2025-02-27,2025-03-09,2,quantile,0.75,262243.02517250256
DE,60+,2025-02-27,2025-03-09,2,quantile,0.9,276433.3115876481
DE,60+,2025-02-27,2025-03-09,2,quantile,0.975,303982.9538572845
DE,60+,2025-02-27,2025-03-16,3,quantile,0.025,52958.03621986641
DE,60+,2025-02-27,2025-03-16,3,quantile,0.1,147071.41861445332
DE,60+,2025-02-27,2025-03-16,3,quantile,0.25,159878.13697781184
DE,60+,2025-02-27,2025-03-16,3,quantile,0.5,186020.1050643187
DE,60+,2025-02-27,2025-03-16,3,quantile,0.75,214824.1422621381
DE,60+,2025-02-27,2025-03-16,3,quantile,0.9,240833.72947258205
DE,60+,2025-02-27,2025-03-16,3,quantile,0.975,295131.67349756625
DE,60+,2025-02-27,2025-03-23,4,quantile,0.025,49285.42696848157
DE,60+,2025-02-27,2025-03-23,4,quantile,0.1,122716.98533812624
DE,60+,2025-02-27,2025-03-23,4,quantile,0.25,131887.01748200704
DE,60+,2025-02-27,2025-03-23,4,quantile,0.5,143526.09026856296
DE,60+,2025-02-27,2025-03-23,4,quantile,0.75,167288.77044123507
DE,60+,2025-02-27,2025-03-23,4,quantile,0.9,198572.12552073025
DE,60+,2025-02-27,2025-03-23,4,quantile,0.975,263258.3695099785
DE,00+,2025-03-06,2025-03-09,1,quantile,0.025,445539.66690540145
DE,00+,2025-03-06,2025-03-09,1,quantile,0.1,1387835.468302432
DE,00+,2025-03-06,2025-03-09,1,quantile,0.25,1507568.7882417992
DE,00+,2025-03-06,2025-03-09,1,quantile,0.5,1673126.3177834281
DE,00+,2025-03-06,2025-03-09,1,quantile,0.75,1946316.5660727217
DE,00+,2025-03-06,2025-03-09,1,quantile,0.9,2182084.447980665
DE,00+,2025-03-06,2025-03-09,1,quantile,0.975,2497000.8815898043
DE,00+,2025-03-06,2025-03-16,2,quantile,0.025,424750.92304460035
DE,00+,2025-03-06,2025-03-16,2,quantile,0.1,1316523.1009277268
DE,00+,2025-03-06,2025-03-16,2,quantile,0.25,1437166.74725672
DE,00+,2025-03-06,2025-03-16,2,quantile,0.5,1513263.7236026304
DE,00+,2025-03-06,2025-03-16,2,quantile,0.75,1596831.8469935595
DE,00+,2025-03-06,2025-03-16,2,quantile,0.9,1778103.8779238272
DE,00+,2025-03-06,2025-03-16,2,quantile,0.975,2380096.66594439
DE,00+,2025-03-06,2025-03-23,3,quantile,0.025,384580.3296199966
DE,00+,2025-03-06,2025-03-23,3,quantile,0.1,999953.9438880828
DE,00+,2025-03-06,2025-03-23,3,quantile,0.25,1149034.7865836958
DE,00+,2025-03-06,2025-03-23,3,quantile,0.5,1240481.8199496777
DE,00+,2025-03-06,2025-03-23,3,quantile,0.75,1369803.058725509
DE,00+,2025-03-06,2025-03-23,3,quantile,0.9,1575959.8387698221
DE,00+,2025-03-06,2025-03-23,3,quantile,0.975,2313974.832274273
DE,00+,2025-03-06,2025-03-30,4,quantile,0.025,329665.80420062284
DE,00+,2025-03-06,2025-03-30,4,quantile,0.1,830089.8595973577
DE,00+,2025-03-06,2025-03-30,4,quantile,0.25,882437.4369346431
DE,00+,2025-03-06,2025-03-30,4,quantile,0.5,917642.7698322367
DE,00+,2025-03-06,2025-03-30,4,quantile,0.75,1038970.7447494182
DE,00+,2025-03-06,2025-03-30,4,quantile,0.9,1330205.6049237603
DE,00+,2025-03-06,2025-03-30,4,quantile,0.975,2298713.357314528
DE,00-04,2025-03-06,2025-03-09,1,quantile,0.025,84508.5440516187
DE,00-04,2025-03-06,2025-03-09,1,quantile,0.1,206963.0993452996
DE,00-04,2025-03-06,2025-03-09,1,quantile,0.25,222954.80490300414
DE,00-04,2025-03-06,2025-03-09,1,quantile,0.5,231850.08701028224
DE,00-04,2025-03-06,2025-03-09,1,quantile,0.75,244704.9754096303
DE,00-04,2025-03-06,2025-03-09,1,quantile,0.9,267168.33236246795
DE,00-04,2025-03-06,2025-03-09,1,quantile,0.975,341116.4183141623
DE,00-04,2025-03-06,2025-03-16,2,quantile,0.025,70896.10304250318
DE,00-04,2025-03-06,2025-03-16,2,quantile,0.1,186090.75247912254
DE,00-04,2025-03-06,2025-03-16,2,quantile,0.25,198307.94013134175
DE,00-04,2025-03-06,2025-03-16,2,quantile,0.5,204204.62826527882
DE,00-04,2025-03-06,2025-03-16,2,quantile,0.75,213780.55544439232
DE,00-04,2025-03-06,2025-03-16,2,quantile,0.9,240254.37793002668
DE,00-04,2025-03-06,2025-03-16,2,quantile,0.975,338279.0778462688
DE,00-04,2025-03-06,2025-03-23,3,quantile,0.025,59528.62606799358
DE,00-04,2025-03-06,2025-03-23,3,quantile,0.1,149074.72619486594
DE,00-04,2025-03-06,2025-03-23,3,quantile,0.25,176281.77490972198
DE,00-04,2025-03-06,2025-03-23,3,quantile,0.5,184528.355663899
DE,00-04,2025-03-06,2025-03-23,3,quantile,0.75,193359.88831714063
DE,00-04,2025-03-06,2025-03-23,3,quantile,0.9,215423.76182686762
DE,00-04,2025-03-06,2025-03-23,3,quantile,0.975,337907.98766205925
DE,00-04,2025-03-06,2025-03-30,4,quantile,0.025,51544.82835194551
DE,00-04,2025-03-06,2025-03-30,4,quantile,0.1,103363.56508498236
DE,00-04,2025-03-06,2025-03-30,4,quantile,0.25,154038.14331629593
DE,00-04,2025-03-06,2025-03-30,4,quantile,0.5,163743.3180873826
DE,00-04,2025-03-06,2025-03-30,4,quantile,0.75,175943.1248688436
DE,00-04,2025-03-06,2025-03-30,4,quantile,0.9,203996.3489775724
DE,00-04,2025-03-06,2025-03-30,4,quantile,0.975,338546.0767604061
DE,05-14,2025-03-06,2025-03-09,1,quantile,0.025,51261.87815834364
DE,05-14,2025-03-06,2025-03-09,1,quantile,0.1,149126.4766751724
DE,05-14,2025-03-06,2025-03-09,1,quantile,0.25,184061.00985605497
DE,05-14,2025-03-06,2025-03-09,1,quantile,0.5,207342.51207823522
DE,05-14,2025-03-06,2025-03-09,1,quantile,0.75,241229.9294570731
DE,05-14,2025-03-06,2025-03-09,1,quantile,0.9,293424.8162987915
DE,05-14,2025-03-06,2025-03-09,1,quantile,0.975,382942.41580054245
DE,05-14,2025-03-06,2025-03-16,2,quantile,0.025,42079.056007764404
DE,05-14,2025-03-06,2025-03-16,2,quantile,0.1,133368.6069236034
DE,05-14,2025-03-06,2025-03-16,2,quantile,0.25,146078.6793434596
DE,05-14,2025-03-06,2025-03-16,2,quantile,0.5,179440.7236785407
DE,05-14,2025-03-06,2025-03-16,2,quantile,0.75,194618.7597754954
DE,05-14,2025-03-06,2025-03-16,2,quantile,0.9,229695.6723673475
DE,05-14,2025-03-06,2025-03-16,2,quantile,0.975,325848.8367955425
DE,05-14,2025-03-06,2025-03-23,3,quantile,0.025,38856.994877030935
DE,05-14,2025-03-06,2025-03-23,3,quantile,0.1,103303.45328938801
DE,05-14,2025-03-06,2025-03-23,3,quantile,0.25,130035.3445741764
DE,05-14,2025-03-06,2025-03-23,3,quantile,0.5,148800.28345900838
DE,05-14,2025-03-06,2025-03-23,3,quantile,0.75,167654.06020536175
DE,05-14,2025-03-06,2025-03-23,3,quantile,0.9,196913.31529618666
DE,05-14,2025-03-06,2025-03-23,3,quantile,0.975,320011.0606365446
DE,05-14,2025-03-06,2025-03-30,4,quantile,0.025,32292.021036838134
DE,05-14,2025-03-06,2025-03-30,4,quantile,0.1,70917.05037564148
DE,05-14,2025-03-06,2025-03-30,4,quantile,0.25,94475.20200520658
DE,05-14,2025-03-06,2025-03-30,4,quantile,0.5,111604.96315099703
DE,05-14,2025-03-06,2025-03-30,4,quantile,0.75,126181.67244052494
DE,05-14,2025-03-06,2025-03-30,4,quantile,0.9,188954.32097437486
DE,05-14,2025-03-06,2025-03-30,4,quantile,0.975,333826.0441806425
DE,15-34,2025-03-06,2025-03-09,1,quantile,0.025,114147.11865056783
DE,15-34,2025-03-06,2025-03-09,1,quantile,0.1,341934.6170279671
DE,15-34,2025-03-06,2025-03-09,1,quantile,0.25,383450.34529860783
DE,15-34,2025-03-06,2025-03-09,1,quantile,0.5,414222.3279752662
DE,15-34,2025-03-06,2025-03-09,1,quantile,0.75,464562.2893165035
DE,15-34,2025-03-06,2025-03-09,1,quantile,0.9,527370.8992208974
DE,15-34,2025-03-06,2025-03-09,1,quantile,0.975,642113.4380621137
DE,15-34,2025-03-06,2025-03-16,2,quantile,0.025,105707.61584883727
DE,15-34,2025-03-06,2025-03-16,2,quantile,0.1,323203.6958281229
DE,15-34,2025-03-06,2025-03-16,2,quantile,0.25,354482.6301047985
DE,15-34,2025-03-06,2025-03-16,2,quantile,0.5,379521.16951269226
DE,15-34,2025-03-06,2025-03-16,2,quantile,0.75,409442.30265659164
DE,15-34,2025-03-06,2025-03-16,2,quantile,0.9,462595.7385763989
DE,15-34,2025-03-06,2025-03-16,2,quantile,0.975,627350.9809765199
DE,15-34,2025-03-06,2025-03-23,3,quantile,0.025,97451.2109875308
DE,15-34,2025-03-06,2025-03-23,3,quantile,0.1,257084.8260932582
DE,15-34,2025-03-06,2025-03-23,3,quantile,0.25,285788.26097523223
DE,15-34,2025-03-06,2025-03-23,3,quantile,0.5,326252.61176553834
DE,15-34,2025-03-06,2025-03-23,3,quantile,0.75,360073.9798390849
DE,15-34,2025-03-06,2025-03-23,3,quantile,0.9,413777.59026707325
DE,15-34,2025-03-06,2025-03-23,3,quantile,0.975,581711.9107640052
DE,15-34,2025-03-06,2025-03-30,4,quantile,0.025,87010.73185080632
DE,15-34,2025-03-06,2025-03-30,4,quantile,0.1,210074.31327738528
DE,15-34,2025-03-06,2025-03-30,4,quantile,0.25,224776.11721315066
DE,15-34,2025-03-06,2025-03-30,4,quantile,0.5,239912.34262096114
DE,15-34,2025-03-06,2025-03-30,4,quantile,0.75,277464.4730737029
DE,15-34,2025-03-06,2025-03-30,4,quantile,0.9,347787.5880197064
DE,15-34,2025-03-06,2025-03-30,4,quantile,0.975,587208.1470651445
DE,35-59,2025-03-06,2025-03-09,1,quantile,0.025,130540.00627998654
DE,35-59,2025-03-06,2025-03-09,1,quantile,0.1,465885.7306891402
DE,35-59,2025-03-06,2025-03-09,1,quantile,0.25,543387.35558704
DE,35-59,2025-03-06,2025-03-09,1,quantile,0.5,604971.1969485206
DE,35-59,2025-03-06,2025-03-09,1,quantile,0.75,689874.9473601255
DE,35-59,2025-03-06,2025-03-09,1,quantile,0.9,770133.9462793472
DE,35-59,2025-03-06,2025-03-09,1,quantile,0.975,857980.6146812569
DE,35-59,2025-03-06,2025-03-16,2,quantile,0.025,120705.5008290427
DE,35-59,2025-03-06,2025-03-16,2,quantile,0.1,402583.8264864
DE,35-59,2025-03-06,2025-03-16,2,quantile,0.25,493397.31433878513
DE,35-59,2025-03-06,2025-03-16,2,quantile,0.5,530531.210695488
DE,35-59,2025-03-06,2025-03-16,2,quantile,0.75,579961.7939642675
DE,35-59,2025-03-06,2025-03-16,2,quantile,0.9,631523.783289029
DE,35-59,2025-03-06,2025-03-16,2,quantile,0.975,813168.3244558853
DE,35-59,2025-03-06,2025-03-23,3,quantile,0.025,118221.40365166201
DE,35-59,2025-03-06,2025-03-23,3,quantile,0.1,310588.3818101522
DE,35-59,2025-03-06,2025-03-23,3,quantile,0.25,369180.7569570608
DE,35-59,2025-03-06,2025-03-23,3,quantile,0.5,420000.4868600244
DE,35-59,2025-03-06,2025-03-23,3,quantile,0.75,476336.8474908054
DE,35-59,2025-03-06,2025-03-23,3,quantile,0.9,556124.1546795068
DE,35-59,2025-03-06,2025-03-23,3,quantile,0.975,761952.7758605949
DE,35-59,2025-03-06,2025-03-30,4,quantile,0.025,114627.92962953344
DE,35-59,2025-03-06,2025-03-30,4,quantile,0.1,272901.1467869341
DE,35-59,2025-03-06,2025-03-30,4,quantile,0.25,293055.827927093
DE,35-59,2025-03-06,2025-03-30,4,quantile,0.5,311755.69913300633
DE,35-59,2025-03-06,2025-03-30,4,quantile,0.75,344331.30275840237
DE,35-59,2025-03-06,2025-03-30,4,quantile,0.9,435889.6073838693
DE,35-59,2025-03-06,2025-03-30,4,quantile,0.975,763054.4556647601
DE,60+,2025-03-06,2025-03-09,1,quantile,0.025,53970.36450872115
DE,60+,2025-03-06,2025-03-09,1,quantile,0.1,174009.16530745878
DE,60+,2025-03-06,2025-03-09,1,quantile,0.25,198106.74272916568
DE,60+,2025-03-06,2025-03-09,1,quantile,0.5,235874.29709226693
DE,60+,2025-03-06,2025-03-09,1,quantile,0.75,268855.43866693217
DE,60+,2025-03-06,2025-03-09,1,quantile,0.9,285982.2155519791
DE,60+,2025-03-06,2025-03-09,1,quantile,0.975,301307.4627314649
DE,60+,2025-03-06,2025-03-16,2,quantile,0.025,53946.15761091943
DE,60+,2025-03-06,2025-03-16,2,quantile,0.1,162872.09371335144
DE,60+,2025-03-06,2025-03-16,2,quantile,0.25,179586.82864289125
DE,60+,2025-03-06,2025-03-16,2,quantile,0.5,217793.76556614452
DE,60+,2025-03-06,2025-03-16,2,quantile,0.75,246280.95637347345
DE,60+,2025-03-06,2025-03-16,2,quantile,0.9,260125.1698662904
DE,60+,2025-03-06,2025-03-16,2,quantile,0.975,290545.50367017917
DE,60+,2025-03-06,2025-03-23,3,quantile,0.025,52953.84229518628
DE,60+,2025-03-06,2025-03-23,3,quantile,0.1,136595.7073906784
DE,60+,2025-03-06,2025-03-23,3,quantile,0.25,148946.01216906524
DE,60+,2025-03-06,2025-03-23,3,quantile,0.5,165648.38380799102
DE,60+,2025-03-06,2025-03-23,3,quantile,0.75,189871.84573722584
DE,60+,2025-03-06,2025-03-23,3,quantile,0.9,220713.70372901592
DE,60+,2025-03-06,2025-03-23,3,quantile,0.975,288711.69506857346
DE,60+,2025-03-06,2025-03-30,4,quantile,0.025,49503.13185360098
DE,60+,2025-03-06,2025-03-30,4,quantile,0.1,110496.11233071101
DE,60+,2025-03-06,2025-03-30,4,quantile,0.25,119005.04753665793
DE,60+,2025-03-06,2025-03-30,4,quantile,0.5,126807.36447575234
DE,60+,2025-03-06,2025-03-30,4,quantile,0.75,145247.28778734314
DE,60+,2025-03-06,2025-03-30,4,quantile,0.9,173990.44377237945
DE,60+,2025-03-06,2025-03-30,4,quantile,0.975,277722.20622554515
DE,00+,2025-03-13,2025-03-16,1,quantile,0.025,447921.29324240267
DE,00+,2025-03-13,2025-03-16,1,quantile,0.1,1203817.8435794073
DE,00+,2025-03-13,2025-03-16,1,quantile,0.25,1342827.7717122808
DE,00+,2025-03-13,2025-03-16,1,quantile,0.5,1429928.2944679311
DE,00+,2025-03-13,2025-03-16,1,quantile,0.75,1589604.4716376765
DE,00+,2025-03-13,2025-03-16,1,quantile,0.9,1774691.2430483229
DE,00+,2025-03-13,2025-03-16,1,quantile,0.975,2063055.8131907308
DE,00+,2025-03-13,2025-03-23,2,quantile,0.025,425424.4709937397
DE,00+,2025-03-13,2025-03-23,2,quantile,0.1,1044010.4430225851
DE,00+,2025-03-13,2025-03-23,2,quantile,0.25,1145215.6281558548
DE,00+,2025-03-13,2025-03-23,2,quantile,0.5,1229433.1916584354
DE,00+,2025-03-13,2025-03-23,2,quantile,0.75,1317982.7794908779
DE,00+,2025-03-13,2025-03-23,2,quantile,0.9,1485513.7106983038
DE,00+,2025-03-13,2025-03-23,2,quantile,0.975,2074681.486859233
DE,00+,2025-03-13,2025-03-30,3,quantile,0.025,384641.2973941232
DE,00+,2025-03-13,2025-03-30,3,quantile,0.1,800350.5651815961
DE,00+,2025-03-13,2025-03-30,3,quantile,0.25,838234.8060001947
DE,00+,2025-03-13,2025-03-30,3,quantile,0.5,883191.1773668888
DE,00+,2025-03-13,2025-03-30,3,quantile,0.75,1007616.1309550324
DE,00+,2025-03-13,2025-03-30,3,quantile,0.9,1243458.5083736894
DE,00+,2025-03-13,2025-03-30,3,quantile,0.975,2276362.7979770233
DE,00+,2025-03-13,2025-04-06,4,quantile,0.025,343303.3734977409
DE,00+,2025-03-13,2025-04-06,4,quantile,0.1,676635.9805848736
DE,00+,2025-03-13,2025-04-06,4,quantile,0.25,752745.0061699772
DE,00+,2025-03-13,2025-04-06,4,quantile,0.5,822150.0491675002
DE,00+,2025-03-13,2025-04-06,4,quantile,0.75,947455.9002302267
DE,00+,2025-03-13,2025-04-06,4,quantile,0.9,1188899.6273398153
DE,00+,2025-03-13,2025-04-06,4,quantile,0.975,2341943.5260221083
DE,00-04,2025-03-13,2025-03-16,1,quantile,0.025,84939.11565431824
DE,00-04,2025-03-13,2025-03-16,1,quantile,0.1,179088.2952497955
DE,00-04,2025-03-13,2025-03-16,1,quantile,0.25,196526.49454483527
DE,00-04,2025-03-13,2025-03-16,1,quantile,0.5,206371.32404722646
DE,00-04,2025-03-13,2025-03-16,1,quantile,0.75,217620.15694721875
DE,00-04,2025-03-13,2025-03-16,1,quantile,0.9,232686.53601268394
DE,00-04,2025-03-13,2025-03-16,1,quantile,0.975,268410.66510715836
DE,00-04,2025-03-13,2025-03-23,2,quantile,0.025,69107.73989568955
DE,00-04,2025-03-13,2025-03-23,2,quantile,0.1,160065.96457250227
DE,00-04,2025-03-13,2025-03-23,2,quantile,0.25,177122.63790783682
DE,00-04,2025-03-13,2025-03-23,2,quantile,0.5,182981.75763593908
DE,00-04,2025-03-13,2025-03-23,2,quantile,0.75,192127.8164103656
DE,00-04,2025-03-13,2025-03-23,2,quantile,0.9,223703.45811304176
DE,00-04,2025-03-13,2025-03-23,2,quantile,0.975,301710.7885778296
DE,00-04,2025-03-13,2025-03-30,3,quantile,0.025,60550.96718382549
DE,00-04,2025-03-13,2025-03-30,3,quantile,0.1,103311.32831383341
DE,00-04,2025-03-13,2025-03-30,3,quantile,0.25,142214.60378025475
DE,00-04,2025-03-13,2025-03-30,3,quantile,0.5,154401.6083546267
DE,00-04,2025-03-13,2025-03-30,3,quantile,0.75,169851.92108618125
DE,00-04,2025-03-13,2025-03-30,3,quantile,0.9,199998.2957888401
DE,00-04,2025-03-13,2025-03-30,3,quantile,0.975,340478.32756112923
DE,00-04,2025-03-13,2025-04-06,4,quantile,0.025,50738.63351620799
DE,00-04,2025-03-13,2025-04-06,4,quantile,0.1,115004.56949453785
DE,00-04,2025-03-13,2025-04-06,4,quantile,0.25,147907.57305107382
DE,00-04,2025-03-13,2025-04-06,4,quantile,0.5,158605.0083948375
DE,00-04,2025-03-13,2025-04-06,4,quantile,0.75,168911.78035113408
DE,00-04,2025-03-13,2025-04-06,4,quantile,0.9,191114.01696924696
DE,00-04,2025-03-13,2025-04-06,4,quantile,0.975,342975.40211444366
DE,05-14,2025-03-13,2025-03-16,1,quantile,0.025,51458.38670801395
DE,05-14,2025-03-13,2025-03-16,1,quantile,0.1,133700.5317134238
DE,05-14,2025-03-13,2025-03-16,1,quantile,0.25,152788.1384582326
DE,05-14,2025-03-13,2025-03-16,1,quantile,0.5,168898.0017483901
DE,05-14,2025-03-13,2025-03-16,1,quantile,0.75,185322.08357654308
DE,05-14,2025-03-13,2025-03-16,1,quantile,0.9,211501.09045573353
DE,05-14,2025-03-13,2025-03-16,1,quantile,0.975,251780.9623403856
DE,05-14,2025-03-13,2025-03-23,2,quantile,0.025,43422.63513107004
DE,05-14,2025-03-13,2025-03-23,2,quantile,0.1,110352.51832813998
DE,05-14,2025-03-13,2025-03-23,2,quantile,0.25,120628.91855016576
DE,05-14,2025-03-13,2025-03-23,2,quantile,0.5,136291.65749435595
DE,05-14,2025-03-13,2025-03-23,2,quantile,0.75,151223.4318977745
DE,05-14,2025-03-13,2025-03-23,2,quantile,0.9,192413.54270155882
DE,05-14,2025-03-13,2025-03-23,2,quantile,0.975,264608.13546797715
DE,05-14,2025-03-13,2025-03-30,3,quantile,0.025,37940.15438472344
DE,05-14,2025-03-13,2025-03-30,3,quantile,0.1,68802.88614793665
DE,05-14,2025-03-13,2025-03-30,3,quantile,0.25,84810.66745273124
DE,05-14,2025-03-13,2025-03-30,3,quantile,0.5,97353.02500622484
DE,05-14,2025-03-13,2025-03-30,3,quantile,0.75,125581.04138207035
DE,05-14,2025-03-13,2025-03-30,3,quantile,0.9,181457.63190639258
DE,05-14,2025-03-13,2025-03-30,3,quantile,0.975,338115.3296935394
DE,05-14,2025-03-13,2025-04-06,4,quantile,0.025,30167.590563689795
DE,05-14,2025-03-13,2025-04-06,4,quantile,0.1,64147.58316469524
DE,05-14,2025-03-13,2025-04-06,4,quantile,0.25,83657.08927329733
DE,05-14,2025-03-13,2025-04-06,4,quantile,0.5,92199.97012901251
DE,05-14,2025-03-13,2025-04-06,4,quantile,0.75,124014.80918486507
DE,05-14,2025-03-13,2025-04-06,4,quantile,0.9,198608.01515831792
DE,05-14,2025-03-13,2025-04-06,4,quantile,0.975,329050.1043780901
DE,15-34,2025-03-13,2025-03-16,1,quantile,0.025,114382.10913261266
DE,15-34,2025-03-13,2025-03-16,1,quantile,0.1,315581.8460940465
DE,15-34,2025-03-13,2025-03-16,1,quantile,0.25,348898.00309711124
DE,15-34,2025-03-13,2025-03-16,1,quantile,0.5,370080.9623404138
DE,15-34,2025-03-13,2025-03-16,1,quantile,0.75,405617.0294026728
DE,15-34,2025-03-13,2025-03-16,1,quantile,0.9,457687.67358276655
DE,15-34,2025-03-13,2025-03-16,1,quantile,0.975,557213.2134985448
DE,15-34,2025-03-13,2025-03-23,2,quantile,0.025,106375.97248225713
DE,15-34,2025-03-13,2025-03-23,2,quantile,0.1,267003.5370087597
DE,15-34,2025-03-13,2025-03-23,2,quantile,0.25,293372.6404450119
DE,15-34,2025-03-13,2025-03-23,2,quantile,0.5,314293.21305612463
DE,15-34,2025-03-13,2025-03-23,2,quantile,0.75,349462.744770115
DE,15-34,2025-03-13,2025-03-23,2,quantile,0.9,382963.4441529342
DE,15-34,2025-03-13,2025-03-23,2,quantile,0.975,530026.9740500055
DE,15-34,2025-03-13,2025-03-30,3,quantile,0.025,96695.46232069502
DE,15-34,2025-03-13,2025-03-30,3,quantile,0.1,207602.86141877886
DE,15-34,2025-03-13,2025-03-30,3,quantile,0.25,217554.88227423845
DE,15-34,2025-03-13,2025-03-30,3,quantile,0.5,236245.06387341488
DE,15-34,2025-03-13,2025-03-30,3,quantile,0.75,285261.52395168424
DE,15-34,2025-03-13,2025-03-30,3,quantile,0.9,339435.8753274668
DE,15-34,2025-03-13,2025-03-30,3,quantile,0.975,532572.279336933
DE,15-34,2025-03-13,2025-04-06,4,quantile,0.025,89488.88607931465
DE,15-34,2025-03-13,2025-04-06,4,quantile,0.1,165385.94609746806
DE,15-34,2025-03-13,2025-04-06,4,quantile,0.25,195212.5987290963
DE,15-34,2025-03-13,2025-04-06,4,quantile,0.5,220474.22120684836
DE,15-34,2025-03-13,2025-04-06,4,quantile,0.75,271547.87400248094
DE,15-34,2025-03-13,2025-04-06,4,quantile,0.9,329760.59569631855
DE,15-34,2025-03-13,2025-04-06,4,quantile,0.975,603990.5405959641
DE,35-59,2025-03-13,2025-03-16,1,quantile,0.025,129999.83846418858
DE,35-59,2025-03-13,2025-03-16,1,quantile,0.1,402211.0911214115
DE,35-59,2025-03-13,2025-03-16,1,quantile,0.25,456436.39090654114
DE,35-59,2025-03-13,2025-03-16,1,quantile,0.5,489905.25617242977
DE,35-59,2025-03-13,2025-03-16,1,quantile,0.75,582290.5873083053
DE,35-59,2025-03-13,2025-03-16,1,quantile,0.9,660031.6734653172
DE,35-59,2025-03-13,2025-03-16,1,quantile,0.975,770527.7955364491
DE,35-59,2025-03-13,2025-03-23,2,quantile,0.025,120067.04427514024
DE,35-59,2025-03-13,2025-03-23,2,quantile,0.1,341158.0509804162
DE,35-59,2025-03-13,2025-03-23,2,quantile,0.25,390426.68436739873
DE,35-59,2025-03-13,2025-03-23,2,quantile,0.5,442005.60966068384
DE,35-59,2025-03-13,2025-03-23,2,quantile,0.75,491095.9656121931
DE,35-59,2025-03-13,2025-03-23,2,quantile,0.9,551112.5534527767
DE,35-59,2025-03-13,2025-03-23,2,quantile,0.975,744486.9375907123
DE,35-59,2025-03-13,2025-03-30,3,quantile,0.025,117572.85561406908
DE,35-59,2025-03-13,2025-03-30,3,quantile,0.1,266546.078446299
DE,35-59,2025-03-13,2025-03-30,3,quantile,0.25,289786.23237444845
DE,35-59,2025-03-13,2025-03-30,3,quantile,0.5,317334.61700578075
DE,35-59,2025-03-13,2025-03-30,3,quantile,0.75,356207.11513224366
DE,35-59,2025-03-13,2025-03-30,3,quantile,0.9,440703.7558088405
DE,35-59,2025-03-13,2025-03-30,3,quantile,0.975,729019.7530325468
DE,35-59,2025-03-13,2025-04-06,4,quantile,0.025,113158.5413773943
DE,35-59,2025-03-13,2025-04-06,4,quantile,0.1,221507.88668523123
DE,35-59,2025-03-13,2025-04-06,4,quantile,0.25,239526.20561043074
DE,35-59,2025-03-13,2025-04-06,4,quantile,0.5,267461.00074770564
DE,35-59,2025-03-13,2025-04-06,4,quantile,0.75,314925.5554490325
DE,35-59,2025-03-13,2025-04-06,4,quantile,0.9,387565.71347422677
DE,35-59,2025-03-13,2025-04-06,4,quantile,0.975,750614.0648464895
DE,60+,2025-03-13,2025-03-16,1,quantile,0.025,53888.8330156232
DE,60+,2025-03-13,2025-03-16,1,quantile,0.1,142928.86898540676
DE,60+,2025-03-13,2025-03-16,1,quantile,0.25,164342.87234422652
DE,60+,2025-03-13,2025-03-16,1,quantile,0.5,182140.04537255332
DE,60+,2025-03-13,2025-03-16,1,quantile,0.75,217423.9654828311
DE,60+,2025-03-13,2025-03-16,1,quantile,0.9,251956.4909452051
DE,60+,2025-03-13,2025-03-16,1,quantile,0.975,282906.82609324774
DE,60+,2025-03-13,2025-03-23,2,quantile,0.025,53470.879446579165
DE,60+,2025-03-13,2025-03-23,2,quantile,0.1,129308.59794273725
DE,60+,2025-03-13,2025-03-23,2,quantile,0.25,147936.80293360568
DE,60+,2025-03-13,2025-03-23,2,quantile,0.5,165219.02915393715
DE,60+,2025-03-13,2025-03-23,2,quantile,0.75,182551.31119738493
DE,60+,2025-03-13,2025-03-23,2,quantile,0.9,208102.64591349819
DE,60+,2025-03-13,2025-03-23,2,quantile,0.975,271573.7318836272
DE,60+,2025-03-13,2025-03-30,3,quantile,0.025,52992.58074222107
DE,60+,2025-03-13,2025-03-30,3,quantile,0.1,111096.84294764581
DE,60+,2025-03-13,2025-03-30,3,quantile,0.25,117925.74951777626
DE,60+,2025-03-13,2025-03-30,3,quantile,0.5,127192.4292649783
DE,60+,2025-03-13,2025-03-30,3,quantile,0.75,139942.56975383416
DE,60+,2025-03-13,2025-03-30,3,quantile,0.9,166320.26294284215
DE,60+,2025-03-13,2025-03-30,3,quantile,0.975,272936.0228616099
DE,60+,2025-03-13,2025-04-06,4,quantile,0.025,50190.237239819886
DE,60+,2025-03-13,2025-04-06,4,quantile,0.1,94220.59415207231
DE,60+,2025-03-13,2025-04-06,4,quantile,0.25,99079.93392414876
DE,60+,2025-03-13,2025-04-06,4,quantile,0.5,104593.85887011306
DE,60+,2025-03-13,2025-04-06,4,quantile,0.75,114932.53639612402
DE,60+,2025-03-13,2025-04-06,4,quantile,0.9,140962.37045886207
DE,60+,2025-03-13,2025-04-06,4,quantile,0.975,261507.0917339522
DE,00+,2025-03-20,2025-03-23,1,quantile,0.025,446470.7194908662
DE,00+,2025-03-20,2025-03-23,1,quantile,0.1,1088445.6007296913
DE,00+,2025-03-20,2025-03-23,1,quantile,0.25,1212648.2642419143
DE,00+,2025-03-20,2025-03-23,1,quantile,0.5,1298813.7358441902
DE,00+,2025-03-20,2025-03-23,1,quantile,0.75,1439852.0008052415
DE,00+,2025-03-20,2025-03-23,1,quantile,0.9,1650842.706874061
DE,00+,2025-03-20,2025-03-23,1,quantile,0.975,1990968.0908764885
DE,00+,2025-03-20,2025-03-30,2,quantile,0.025,424591.9287468629
DE,00+,2025-03-20,2025-03-30,2,quantile,0.1,888775.0774071412
DE,00+,2025-03-20,2025-03-30,2,quantile,0.25,976286.4218700167
DE,00+,2025-03-20,2025-03-30,2,quantile,0.5,1054197.3444004627
DE,00+,2025-03-20,2025-03-30,2,quantile,0.75,1181221.3282993988
DE,00+,2025-03-20,2025-03-30,2,quantile,0.9,1401569.739191623
DE,00+,2025-03-20,2025-03-30,2,quantile,0.975,2155417.8125416595
DE,00+,2025-03-20,2025-04-06,3,quantile,0.025,378413.4017924097
DE,00+,2025-03-20,2025-04-06,3,quantile,0.1,648778.1126878692
DE,00+,2025-03-20,2025-04-06,3,quantile,0.25,787543.6739092256
DE,00+,2025-03-20,2025-04-06,3,quantile,0.5,884865.4583655983
DE,00+,2025-03-20,2025-04-06,3,quantile,0.75,1052033.7247641066
DE,00+,2025-03-20,2025-04-06,3,quantile,0.9,1214809.723570296
DE,00+,2025-03-20,2025-04-06,3,quantile,0.975,2236857.8495277776
DE,00+,2025-03-20,2025-04-13,4,quantile,0.025,349232.3499470879
DE,00+,2025-03-20,2025-04-13,4,quantile,0.1,537002.2151193185
DE,00+,2025-03-20,2025-04-13,4,quantile,0.25,706811.8306376026
DE,00+,2025-03-20,2025-04-13,4,quantile,0.5,812018.6459731607
DE,00+,2025-03-20,2025-04-13,4,quantile,0.75,982966.9459709622
DE,00+,2025-03-20,2025-04-13,4,quantile,0.9,1267350.5916522383
DE,00+,2025-03-20,2025-04-13,4,quantile,0.975,2299622.0389375524
DE,00-04,2025-03-20,2025-03-23,1,quantile,0.025,85817.05276913001
DE,00-04,2025-03-20,2025-03-23,1,quantile,0.1,142016.99204920453
DE,00-04,2025-03-20,2025-03-23,1,quantile,0.25,177103.43869251767
DE,00-04,2025-03-20,2025-03-23,1,quantile,0.5,189628.59009672707
DE,00-04,2025-03-20,2025-03-23,1,quantile,0.75,202764.31183983962
DE,00-04,2025-03-20,2025-03-23,1,quantile,0.9,225759.41632685025
DE,00-04,2025-03-20,2025-03-23,1,quantile,0.975,272143.65268614824
DE,00-04,2025-03-20,2025-03-30,2,quantile,0.025,71723.71015063624
DE,00-04,2025-03-20,2025-03-30,2,quantile,0.1,101599.64312450966
DE,00-04,2025-03-20,2025-03-30,2,quantile,0.25,152471.63842750227
DE,00-04,2025-03-20,2025-03-30,2,quantile,0.5,169477.27634004486
DE,00-04,2025-03-20,2025-03-30,2,quantile,0.75,176023.5351679895
DE,00-04,2025-03-20,2025-03-30,2,quantile,0.9,220774.30273706195
DE,00-04,2025-03-20,2025-03-30,2,quantile,0.975,307107.5936619161
DE,00-04,2025-03-20,2025-04-06,3,quantile,0.025,61677.33722166042
DE,00-04,2025-03-20,2025-04-06,3,quantile,0.1,98743.4846748185
DE,00-04,2025-03-20,2025-04-06,3,quantile,0.25,149860.5321427675
DE,00-04,2025-03-20,2025-04-06,3,quantile,0.5,159248.82944979385
DE,00-04,2025-03-20,2025-04-06,3,quantile,0.75,169240.24165618105
DE,00-04,2025-03-20,2025-04-06,3,quantile,0.9,198179.37781578055
DE,00-04,2025-03-20,2025-04-06,3,quantile,0.975,332466.2919331978
DE,00-04,2025-03-20,2025-04-13,4,quantile,0.025,42961.98126849814
DE,00-04,2025-03-20,2025-04-13,4,quantile,0.1,98051.20158886592
DE,00-04,2025-03-20,2025-04-13,4,quantile,0.25,150199.58502119474
DE,00-04,2025-03-20,2025-04-13,4,quantile,0.5,154965.04603371443
DE,00-04,2025-03-20,2025-04-13,4,quantile,0.75,165615.89284994727
DE,00-04,2025-03-20,2025-04-13,4,quantile,0.9,204205.34744293534
DE,00-04,2025-03-20,2025-04-13,4,quantile,0.975,336990.1950151357
DE,05-14,2025-03-20,2025-03-23,1,quantile,0.025,52075.78153813242
DE,05-14,2025-03-20,2025-03-23,1,quantile,0.1,97124.46120930873
DE,05-14,2025-03-20,2025-03-23,1,quantile,0.25,131311.28939546185
DE,05-14,2025-03-20,2025-03-23,1,quantile,0.5,150444.86003855657
DE,05-14,2025-03-20,2025-03-23,1,quantile,0.75,175917.6148374859
DE,05-14,2025-03-20,2025-03-23,1,quantile,0.9,204321.79526806372
DE,05-14,2025-03-20,2025-03-23,1,quantile,0.975,267805.7461986417
DE,05-14,2025-03-20,2025-03-30,2,quantile,0.025,41753.0589487854
DE,05-14,2025-03-20,2025-03-30,2,quantile,0.1,78009.29972141779
DE,05-14,2025-03-20,2025-03-30,2,quantile,0.25,91976.48475743152
DE,05-14,2025-03-20,2025-03-30,2,quantile,0.5,108206.10593612198
DE,05-14,2025-03-20,2025-03-30,2,quantile,0.75,129383.7937303009
DE,05-14,2025-03-20,2025-03-30,2,quantile,0.9,191570.93001826233
DE,05-14,2025-03-20,2025-03-30,2,quantile,0.975,356535.7362849752
DE,05-14,2025-03-20,2025-04-06,3,quantile,0.025,38045.14639804386
DE,05-14,2025-03-20,2025-04-06,3,quantile,0.1,60224.402248015555
DE,05-14,2025-03-20,2025-04-06,3,quantile,0.25,84925.06184084361
DE,05-14,2025-03-20,2025-04-06,3,quantile,0.5,98500.75850744269
DE,05-14,2025-03-20,2025-04-06,3,quantile,0.75,119512.93253585
DE,05-14,2025-03-20,2025-04-06,3,quantile,0.9,195329.9520679167
DE,05-14,2025-03-20,2025-04-06,3,quantile,0.975,347775.84274867864
DE,05-14,2025-03-20,2025-04-13,4,quantile,0.025,30237.419772966976
DE,05-14,2025-03-20,2025-04-13,4,quantile,0.1,61304.129138380886
DE,05-14,2025-03-20,2025-04-13,4,quantile,0.25,82665.80543457085
DE,05-14,2025-03-20,2025-04-13,4,quantile,0.5,98870.46088035128
DE,05-14,2025-03-20,2025-04-13,4,quantile,0.75,127632.13791465883
DE,05-14,2025-03-20,2025-04-13,4,quantile,0.9,208704.1759250974
DE,05-14,2025-03-20,2025-04-13,4,quantile,0.975,338789.946248721
DE,15-34,2025-03-20,2025-03-23,1,quantile,0.025,113488.27642877269
DE,15-34,2025-03-20,2025-03-23,1,quantile,0.1,276060.6601770416
DE,15-34,2025-03-20,2025-03-23,1,quantile,0.25,307575.0062881856
DE,15-34,2025-03-20,2025-03-23,1,quantile,0.5,331194.55027462443
DE,15-34,2025-03-20,2025-03-23,1,quantile,0.75,372128.09887418774
DE,15-34,2025-03-20,2025-03-23,1,quantile,0.9,428430.74190013873
DE,15-34,2025-03-20,2025-03-23,1,quantile,0.975,545561.5716400405
DE,15-34,2025-03-20,2025-03-30,2,quantile,0.025,106526.35779736089
DE,15-34,2025-03-20,2025-03-30,2,quantile,0.1,225126.5163526495
DE,15-34,2025-03-20,2025-03-30,2,quantile,0.25,246983.70519772352
DE,15-34,2025-03-20,2025-03-30,2,quantile,0.5,269222.65649845253
DE,15-34,2025-03-20,2025-03-30,2,quantile,0.75,311699.12255671003
DE,15-34,2025-03-20,2025-03-30,2,quantile,0.9,361940.39064858295
DE,15-34,2025-03-20,2025-03-30,2,quantile,0.975,554301.8217008518
DE,15-34,2025-03-20,2025-04-06,3,quantile,0.025,97680.82364131024
DE,15-34,2025-03-20,2025-04-06,3,quantile,0.1,163546.20940593394
DE,15-34,2025-03-20,2025-04-06,3,quantile,0.25,197855.7884130554
DE,15-34,2025-03-20,2025-04-06,3,quantile,0.5,241107.4912857601
DE,15-34,2025-03-20,2025-04-06,3,quantile,0.75,289060.91287877515
DE,15-34,2025-03-20,2025-04-06,3,quantile,0.9,327517.9468526189
DE,15-34,2025-03-20,2025-04-06,3,quantile,0.975,554303.4504974906
DE,15-34,2025-03-20,2025-04-13,4,quantile,0.025,88457.44017328566
DE,15-34,2025-03-20,2025-04-13,4,quantile,0.1,138465.97128861782
DE,15-34,2025-03-20,2025-04-13,4,quantile,0.25,180113.3339117256
DE,15-34,2025-03-20,2025-04-13,4,quantile,0.5,218578.53241308537
DE,15-34,2025-03-20,2025-04-13,4,quantile,0.75,291552.6950918322
DE,15-34,2025-03-20,2025-04-13,4,quantile,0.9,353153.4973610186
DE,15-34,2025-03-20,2025-04-13,4,quantile,0.975,629923.7691835675
DE,35-59,2025-03-20,2025-03-23,1,quantile,0.025,133132.7633778419
DE,35-59,2025-03-20,2025-03-23,1,quantile,0.1,377165.14683125506
DE,35-59,2025-03-20,2025-03-23,1,quantile,0.25,435617.67057920026
DE,35-59,2025-03-20,2025-03-23,1,quantile,0.5,463410.6692314635
DE,35-59,2025-03-20,2025-03-23,1,quantile,0.75,533891.0309075986
DE,35-59,2025-03-20,2025-03-23,1,quantile,0.9,601362.2423257628
DE,35-59,2025-03-20,2025-03-23,1,quantile,0.975,746149.1517352385
DE,35-59,2025-03-20,2025-03-30,2,quantile,0.025,120373.1583849327
DE,35-59,2025-03-20,2025-03-30,2,quantile,0.1,297852.99344734376
DE,35-59,2025-03-20,2025-03-30,2,quantile,0.25,339172.3118980188
DE,35-59,2025-03-20,2025-03-30,2,quantile,0.5,385021.03967320046
DE,35-59,2025-03-20,2025-03-30,2,quantile,0.75,434410.8034438306
DE,35-59,2025-03-20,2025-03-30,2,quantile,0.9,510727.6147507822
DE,35-59,2025-03-20,2025-03-30,2,quantile,0.975,742781.2235435632
DE,35-59,2025-03-20,2025-04-06,3,quantile,0.025,117487.836437574
DE,35-59,2025-03-20,2025-04-06,3,quantile,0.1,230809.73858041936
DE,35-59,2025-03-20,2025-04-06,3,quantile,0.25,274870.7057426303
DE,35-59,2025-03-20,2025-04-06,3,quantile,0.5,312904.90868375154
DE,35-59,2025-03-20,2025-04-06,3,quantile,0.75,358167.14170662506
DE,35-59,2025-03-20,2025-04-06,3,quantile,0.9,446848.96248676965
DE,35-59,2025-03-20,2025-04-06,3,quantile,0.975,757767.1376989364
DE,35-59,2025-03-20,2025-04-13,4,quantile,0.025,110897.87837267322
DE,35-59,2025-03-20,2025-04-13,4,quantile,0.1,179028.55678614313
DE,35-59,2025-03-20,2025-04-13,4,quantile,0.25,212039.7056404769
DE,35-59,2025-03-20,2025-04-13,4,quantile,0.5,249014.25861009615
DE,35-59,2025-03-20,2025-04-13,4,quantile,0.75,312420.7988717667
DE,35-59,2025-03-20,2025-04-13,4,quantile,0.9,376256.0445649964
DE,35-59,2025-03-20,2025-04-13,4,quantile,0.975,749849.3430391375
DE,60+,2025-03-20,2025-03-23,1,quantile,0.025,53954.97214071259
DE,60+,2025-03-20,2025-03-23,1,quantile,0.1,136270.32979383034
DE,60+,2025-03-20,2025-03-23,1,quantile,0.25,154515.92287213108
DE,60+,2025-03-20,2025-03-23,1,quantile,0.5,172619.24608711
DE,60+,2025-03-20,2025-03-23,1,quantile,0.75,201089.60343262745
DE,60+,2025-03-20,2025-03-23,1,quantile,0.9,223423.9720966179
DE,60+,2025-03-20,2025-03-23,1,quantile,0.975,273685.82285907853
DE,60+,2025-03-20,2025-03-30,2,quantile,0.025,53496.16058449059
DE,60+,2025-03-20,2025-03-30,2,quantile,0.1,116362.17762584884
DE,60+,2025-03-20,2025-03-30,2,quantile,0.25,125005.16899660195
DE,60+,2025-03-20,2025-03-30,2,quantile,0.5,141137.0360822186
DE,60+,2025-03-20,2025-03-30,2,quantile,0.75,154692.024933721
DE,60+,2025-03-20,2025-03-30,2,quantile,0.9,179360.9064453714
DE,60+,2025-03-20,2025-03-30,2,quantile,0.975,264247.8549513818
DE,60+,2025-03-20,2025-04-06,3,quantile,0.025,52987.33731104175
DE,60+,2025-03-20,2025-04-06,3,quantile,0.1,101628.44127886827
DE,60+,2025-03-20,2025-04-06,3,quantile,0.25,109233.2184262465
DE,60+,2025-03-20,2025-04-06,3,quantile,0.5,117418.12992772678
DE,60+,2025-03-20,2025-04-06,3,quantile,0.75,133885.76195520465
DE,60+,2025-03-20,2025-04-06,3,quantile,0.9,162656.09864769602
DE,60+,2025-03-20,2025-04-06,3,quantile,0.975,265808.23439454177
DE,60+,2025-03-20,2025-04-13,4,quantile,0.025,49930.825044232086
DE,60+,2025-03-20,2025-04-13,4,quantile,0.1,79284.16032691169
DE,60+,2025-03-20,2025-04-13,4,quantile,0.25,90829.01024633736
DE,60+,2025-03-20,2025-04-13,4,quantile,0.5,100557.92736031766
DE,60+,2025-03-20,2025-04-13,4,quantile,0.75,115640.64089374496
DE,60+,2025-03-20,2025-04-13,4,quantile,0.9,136372.38603810975
DE,60+,2025-03-20,2025-04-13,4,quantile,0.975,256397.01631830615
DE,00+,2025-03-27,2025-03-30,1,quantile,0.025,447278.15543844795
DE,00+,2025-03-27,2025-03-30,1,quantile,0.1,898517.7717475764
DE,00+,2025-03-27,2025-03-30,1,quantile,0.25,1035851.6246192195
DE,00+,2025-03-27,2025-03-30,1,quantile,0.5,1126573.3727866993
DE,00+,2025-03-27,2025-03-30,1,quantile,0.75,1227001.3670734207
DE,00+,2025-03-27,2025-03-30,1,quantile,0.9,1389648.9477472827
DE,00+,2025-03-27,2025-03-30,1,quantile,0.975,1668294.7220011363
DE,00+,2025-03-27,2025-04-06,2,quantile,0.025,424202.84485413413
DE,00+,2025-03-27,2025-04-06,2,quantile,0.1,815009.7779509914
DE,00+,2025-03-27,2025-04-06,2,quantile,0.25,875885.5808716177
DE,00+,2025-03-27,2025-04-06,2,quantile,0.5,922806.7267244164
DE,00+,2025-03-27,2025-04-06,2,quantile,0.75,1094709.7471344746
DE,00+,2025-03-27,2025-04-06,2,quantile,0.9,1322339.231233576
DE,00+,2025-03-27,2025-04-06,2,quantile,0.975,1720194.269311436
DE,00+,2025-03-27,2025-04-13,3,quantile,0.025,383707.9234571996
DE,00+,2025-03-27,2025-04-13,3,quantile,0.1,577297.3593276532
DE,00+,2025-03-27,2025-04-13,3,quantile,0.25,781565.5176306202
DE,00+,2025-03-27,2025-04-13,3,quantile,0.5,893266.4557725502
DE,00+,2025-03-27,2025-04-13,3,quantile,0.75,1054220.7309008525
DE,00+,2025-03-27,2025-04-13,3,quantile,0.9,1250337.248306911
DE,00+,2025-03-27,2025-04-13,3,quantile,0.975,1926431.1811709446
DE,00+,2025-03-27,2025-04-20,4,quantile,0.025,359714.61863671755
DE,00+,2025-03-27,2025-04-20,4,quantile,0.1,565341.0692097389
DE,00+,2025-03-27,2025-04-20,4,quantile,0.25,694414.7272566132
DE,00+,2025-03-27,2025-04-20,4,quantile,0.5,761494.9613960162
DE,00+,2025-03-27,2025-04-20,4,quantile,0.75,1006332.0755307067
DE,00+,2025-03-27,2025-04-20,4,quantile,0.9,1290969.5030854573
DE,00+,2025-03-27,2025-04-20,4,quantile,0.975,2212714.4228205597
DE,00-04,2025-03-27,2025-03-30,1,quantile,0.025,86076.82936781377
DE,00-04,2025-03-27,2025-03-30,1,quantile,0.1,131852.7284081523
DE,00-04,2025-03-27,2025-03-30,1,quantile,0.25,156123.0947080953
DE,00-04,2025-03-27,2025-03-30,1,quantile,0.5,169133.80011211816
DE,00-04,2025-03-27,2025-03-30,1,quantile,0.75,182354.3117290246
DE,00-04,2025-03-27,2025-03-30,1,quantile,0.9,204131.64251295006
DE,00-04,2025-03-27,2025-03-30,1,quantile,0.975,234829.33793441308
DE,00-04,2025-03-27,2025-04-06,2,quantile,0.025,73580.30677153506
DE,00-04,2025-03-27,2025-04-06,2,quantile,0.1,128301.99991703534
DE,00-04,2025-03-27,2025-04-06,2,quantile,0.25,155592.25021956602
DE,00-04,2025-03-27,2025-04-06,2,quantile,0.5,161492.3966889195
DE,00-04,2025-03-27,2025-04-06,2,quantile,0.75,169793.2626016829
DE,00-04,2025-03-27,2025-04-06,2,quantile,0.9,199695.49196426733
DE,00-04,2025-03-27,2025-04-06,2,quantile,0.975,263010.57515827357
DE,00-04,2025-03-27,2025-04-13,3,quantile,0.025,62194.54980902785
DE,00-04,2025-03-27,2025-04-13,3,quantile,0.1,113041.85717467433
DE,00-04,2025-03-27,2025-04-13,3,quantile,0.25,147774.35992546822
DE,00-04,2025-03-27,2025-04-13,3,quantile,0.5,156955.6009097986
DE,00-04,2025-03-27,2025-04-13,3,quantile,0.75,166815.9305637931
DE,00-04,2025-03-27,2025-04-13,3,quantile,0.9,187201.21743695452
DE,00-04,2025-03-27,2025-04-13,3,quantile,0.975,294676.543485402
DE,00-04,2025-03-27,2025-04-20,4,quantile,0.025,49090.98953037556
DE,00-04,2025-03-27,2025-04-20,4,quantile,0.1,111393.33029946228
DE,00-04,2025-03-27,2025-04-20,4,quantile,0.25,146666.18821729676
DE,00-04,2025-03-27,2025-04-20,4,quantile,0.5,152727.69758858663
DE,00-04,2025-03-27,2025-04-20,4,quantile,0.75,164116.5234665631
DE,00-04,2025-03-27,2025-04-20,4,quantile,0.9,196713.847308525
DE,00-04,2025-03-27,2025-04-20,4,quantile,0.975,318072.10334729514
DE,05-14,2025-03-27,2025-03-30,1,quantile,0.025,52248.136865634544
DE,05-14,2025-03-27,2025-03-30,1,quantile,0.1,87143.36486535624
DE,05-14,2025-03-27,2025-03-30,1,quantile,0.25,110170.04162050714
DE,05-14,2025-03-27,2025-03-30,1,quantile,0.5,125890.96019546044
DE,05-14,2025-03-27,2025-03-30,1,quantile,0.75,147053.33250114307
DE,05-14,2025-03-27,2025-03-30,1,quantile,0.9,174768.9734051764
DE,05-14,2025-03-27,2025-03-30,1,quantile,0.975,200623.22856786387
DE,05-14,2025-03-27,2025-04-06,2,quantile,0.025,43938.74276087222
DE,05-14,2025-03-27,2025-04-06,2,quantile,0.1,76921.21220984928
DE,05-14,2025-03-27,2025-04-06,2,quantile,0.25,95593.0394106626
DE,05-14,2025-03-27,2025-04-06,2,quantile,0.5,106365.06333338577
DE,05-14,2025-03-27,2025-04-06,2,quantile,0.75,127531.31673922483
DE,05-14,2025-03-27,2025-04-06,2,quantile,0.9,183805.3860873044
DE,05-14,2025-03-27,2025-04-06,2,quantile,0.975,265113.3009641363
DE,05-14,2025-03-27,2025-04-13,3,quantile,0.025,37900.034881547326
DE,05-14,2025-03-27,2025-04-13,3,quantile,0.1,70267.19065725518
DE,05-14,2025-03-27,2025-04-13,3,quantile,0.25,94862.66585396651
DE,05-14,2025-03-27,2025-04-13,3,quantile,0.5,107147.090066234
DE,05-14,2025-03-27,2025-04-13,3,quantile,0.75,126427.44805298155
DE,05-14,2025-03-27,2025-04-13,3,quantile,0.9,197656.8775277982
DE,05-14,2025-03-27,2025-04-13,3,quantile,0.975,331599.5526917785
DE,05-14,2025-03-27,2025-04-20,4,quantile,0.025,31445.92596798033
DE,05-14,2025-03-27,2025-04-20,4,quantile,0.1,69315.54977703588
DE,05-14,2025-03-27,2025-04-20,4,quantile,0.25,81040.32743611395
DE,05-14,2025-03-27,2025-04-20,4,quantile,0.5,90386.07008689495
DE,05-14,2025-03-27,2025-04-20,4,quantile,0.75,148220.7948616591
DE,05-14,2025-03-27,2025-04-20,4,quantile,0.9,227849.03364442498
DE,05-14,2025-03-27,2025-04-20,4,quantile,0.975,317422.71049551753
DE,15-34,2025-03-27,2025-03-30,1,quantile,0.025,113867.99346075646
DE,15-34,2025-03-27,2025-03-30,1,quantile,0.1,225326.0934229922
DE,15-34,2025-03-27,2025-03-30,1,quantile,0.25,272985.4527794757
DE,15-34,2025-03-27,2025-03-30,1,quantile,0.5,304332.74470634235
DE,15-34,2025-03-27,2025-03-30,1,quantile,0.75,325888.7785015601
DE,15-34,2025-03-27,2025-03-30,1,quantile,0.9,368646.3382669836
DE,15-34,2025-03-27,2025-03-30,1,quantile,0.975,469034.4771450528
DE,15-34,2025-03-27,2025-04-06,2,quantile,0.025,105096.58987464148
DE,15-34,2025-03-27,2025-04-06,2,quantile,0.1,203490.80930106546
DE,15-34,2025-03-27,2025-04-06,2,quantile,0.25,219588.3250844142
DE,15-34,2025-03-27,2025-04-06,2,quantile,0.5,242943.40286439372
DE,15-34,2025-03-27,2025-04-06,2,quantile,0.75,305767.5980968377
DE,15-34,2025-03-27,2025-04-06,2,quantile,0.9,354223.2812191908
DE,15-34,2025-03-27,2025-04-06,2,quantile,0.975,470162.8553875395
DE,15-34,2025-03-27,2025-04-13,3,quantile,0.025,97721.2870221771
DE,15-34,2025-03-27,2025-04-13,3,quantile,0.1,156653.60926498484
DE,15-34,2025-03-27,2025-04-13,3,quantile,0.25,199330.90139924985
DE,15-34,2025-03-27,2025-04-13,3,quantile,0.5,259785.67953492174
DE,15-34,2025-03-27,2025-04-13,3,quantile,0.75,312254.7571002341
DE,15-34,2025-03-27,2025-04-13,3,quantile,0.9,347226.7784651751
DE,15-34,2025-03-27,2025-04-13,3,quantile,0.975,507630.9671668109
DE,15-34,2025-03-27,2025-04-20,4,quantile,0.025,89979.49092860772
DE,15-34,2025-03-27,2025-04-20,4,quantile,0.1,146442.95719366847
DE,15-34,2025-03-27,2025-04-20,4,quantile,0.25,179890.5754348676
DE,15-34,2025-03-27,2025-04-20,4,quantile,0.5,211754.531473471
DE,15-34,2025-03-27,2025-04-20,4,quantile,0.75,303552.3377914634
DE,15-34,2025-03-27,2025-04-20,4,quantile,0.9,372065.7045454111
DE,15-34,2025-03-27,2025-04-20,4,quantile,0.975,583557.6189968031
DE,35-59,2025-03-27,2025-03-30,1,quantile,0.025,134029.35776933044
DE,35-59,2025-03-27,2025-03-30,1,quantile,0.1,298792.11201956775
DE,35-59,2025-03-27,2025-03-30,1,quantile,0.25,346015.5940312108
DE,35-59,2025-03-27,2025-03-30,1,quantile,0.5,382518.2472973009
DE,35-59,2025-03-27,2025-03-30,1,quantile,0.75,420021.1021772541
DE,35-59,2025-03-27,2025-03-30,1,quantile,0.9,489375.0363092351
DE,35-59,2025-03-27,2025-03-30,1,quantile,0.975,584146.7298420998
DE,35-59,2025-03-27,2025-04-06,2,quantile,0.025,121327.25005055514
DE,35-59,2025-03-27,2025-04-06,2,quantile,0.1,253147.41294717992
DE,35-59,2025-03-27,2025-04-06,2,quantile,0.25,283290.0702054632
DE,35-59,2025-03-27,2025-04-06,2,quantile,0.5,308287.49416940776
DE,35-59,2025-03-27,2025-04-06,2,quantile,0.75,349533.15427082946
DE,35-59,2025-03-27,2025-04-06,2,quantile,0.9,444244.59329837665
DE,35-59,2025-03-27,2025-04-06,2,quantile,0.975,590946.9169741492
DE,35-59,2025-03-27,2025-04-13,3,quantile,0.025,119241.95343887087
DE,35-59,2025-03-27,2025-04-13,3,quantile,0.1,187803.8805335833
DE,35-59,2025-03-27,2025-04-13,3,quantile,0.25,245042.88315869233
DE,35-59,2025-03-27,2025-04-13,3,quantile,0.5,303769.1607281979
DE,35-59,2025-03-27,2025-04-13,3,quantile,0.75,355313.2086442914
DE,35-59,2025-03-27,2025-04-13,3,quantile,0.9,410370.45891575015
DE,35-59,2025-03-27,2025-04-13,3,quantile,0.975,646020.1595741749
DE,35-59,2025-03-27,2025-04-20,4,quantile,0.025,110542.26257866109
DE,35-59,2025-03-27,2025-04-20,4,quantile,0.1,154481.53792068304
DE,35-59,2025-03-27,2025-04-20,4,quantile,0.25,188508.13809116447
DE,35-59,2025-03-27,2025-04-20,4,quantile,0.5,231745.4552337823
DE,35-59,2025-03-27,2025-04-20,4,quantile,0.75,308367.8823301168
DE,35-59,2025-03-27,2025-04-20,4,quantile,0.9,385379.4289407554
DE,35-59,2025-03-27,2025-04-20,4,quantile,0.975,701433.7285459026
DE,60+,2025-03-27,2025-03-30,1,quantile,0.025,54055.251456755235
DE,60+,2025-03-27,2025-03-30,1,quantile,0.1,121217.68996498016
DE,60+,2025-03-27,2025-03-30,1,quantile,0.25,129508.59876542559
DE,60+,2025-03-27,2025-03-30,1,quantile,0.5,138186.4881242355
DE,60+,2025-03-27,2025-03-30,1,quantile,0.75,151532.6869534924
DE,60+,2025-03-27,2025-03-30,1,quantile,0.9,175563.39016801727
DE,60+,2025-03-27,2025-03-30,1,quantile,0.975,236009.63073393604
DE,60+,2025-03-27,2025-04-06,2,quantile,0.025,53914.925243325284
DE,60+,2025-03-27,2025-04-06,2,quantile,0.1,105100.6696422081
DE,60+,2025-03-27,2025-04-06,2,quantile,0.25,112047.32764037789
DE,60+,2025-03-27,2025-04-06,2,quantile,0.5,116884.12398937205
DE,60+,2025-03-27,2025-04-06,2,quantile,0.75,123442.7060394224
DE,60+,2025-03-27,2025-04-06,2,quantile,0.9,153805.84698980537
DE,60+,2025-03-27,2025-04-06,2,quantile,0.975,221774.75905999643
DE,60+,2025-03-27,2025-04-13,3,quantile,0.025,52760.88140814191
DE,60+,2025-03-27,2025-04-13,3,quantile,0.1,78735.04764965379
DE,60+,2025-03-27,2025-04-13,3,quantile,0.25,99649.50548057302
DE,60+,2025-03-27,2025-04-13,3,quantile,0.5,108553.79713003694
DE,60+,2025-03-27,2025-04-13,3,quantile,0.75,116568.92355391764
DE,60+,2025-03-27,2025-04-13,3,quantile,0.9,144666.50704932507
DE,60+,2025-03-27,2025-04-13,3,quantile,0.975,199700.4974201204
DE,60+,2025-03-27,2025-04-20,4,quantile,0.025,50088.46057991716
DE,60+,2025-03-27,2025-04-20,4,quantile,0.1,70310.88756849206
DE,60+,2025-03-27,2025-04-20,4,quantile,0.25,80501.91440397667
DE,60+,2025-03-27,2025-04-20,4,quantile,0.5,99001.32198764409
DE,60+,2025-03-27,2025-04-20,4,quantile,0.75,117418.05384696259
DE,60+,2025-03-27,2025-04-20,4,quantile,0.9,130378.30125398646
DE,60+,2025-03-27,2025-04-20,4,quantile,0.975,198943.45896189503
DE,00+,2025-12-18,2025-12-21,1,quantile,0.025,447898.5804542744
DE,00+,2025-12-18,2025-12-21,1,quantile,0.1,771183.3222402132
DE,00+,2025-12-18,2025-12-21,1,quantile,0.25,1020331.0617538642
DE,00+,2025-12-18,2025-12-21,1,quantile,0.5,1330058.0733240184
DE,00+,2025-12-18,2025-12-21,1,quantile,0.75,1444449.8217555908
DE,00+,2025-12-18,2025-12-21,1,quantile,0.9,1566105.33954197
DE,00+,2025-12-18,2025-12-21,1,quantile,0.975,1619700.1858249665
DE,00+,2025-12-18,2025-12-28,2,quantile,0.025,453001.5618115604
DE,00+,2025-12-18,2025-12-28,2,quantile,0.1,628825.5627094541
DE,00+,2025-12-18,2025-12-28,2,quantile,0.25,873910.3875993795
DE,00+,2025-12-18,2025-12-28,2,quantile,0.5,1245841.9523470593
DE,00+,2025-12-18,2025-12-28,2,quantile,0.75,1532556.6261633835
DE,00+,2025-12-18,2025-12-28,2,quantile,0.9,1642279.1306122283
DE,00+,2025-12-18,2025-12-28,2,quantile,0.975,1687753.8080805999
DE,00+,2025-12-18,2026-01-04,3,quantile,0.025,432826.5304933234
DE,00+,2025-12-18,2026-01-04,3,quantile,0.1,606651.3515862823
DE,00+,2025-12-18,2026-01-04,3,quantile,0.25,870319.0476810079
DE,00+,2025-12-18,2026-01-04,3,quantile,0.5,1231361.9286342259
DE,00+,2025-12-18,2026-01-04,3,quantile,0.75,1582785.8554588973
DE,00+,2025-12-18,2026-01-04,3,quantile,0.9,1701244.570977126
DE,00+,2025-12-18,2026-01-04,3,quantile,0.975,1749090.2750872069
DE,00+,2025-12-18,2026-01-11,4,quantile,0.025,506624.9343880685
DE,00+,2025-12-18,2026-01-11,4,quantile,0.1,694406.0323091438
DE,00+,2025-12-18,2026-01-11,4,quantile,0.25,876027.3154978591
DE,00+,2025-12-18,2026-01-11,4,quantile,0.5,1178094.0733275695
DE,00+,2025-12-18,2026-01-11,4,quantile,0.75,1538456.305627625
DE,00+,2025-12-18,2026-01-11,4,quantile,0.9,1674711.5502799184
DE,00+,2025-12-18,2026-01-11,4,quantile,0.975,1701970.3100081682
DE,00-04,2025-12-18,2025-12-21,1,quantile,0.025,84290.92711739586
DE,00-04,2025-12-18,2025-12-21,1,quantile,0.1,105861.30506395255
DE,00-04,2025-12-18,2025-12-21,1,quantile,0.25,140828.97056528705
DE,00-04,2025-12-18,2025-12-21,1,quantile,0.5,175349.33991552202
DE,00-04,2025-12-18,2025-12-21,1,quantile,0.75,190801.89865693118
DE,00-04,2025-12-18,2025-12-21,1,quantile,0.9,206060.0338885333
DE,00-04,2025-12-18,2025-12-21,1,quantile,0.975,216631.23595966655
DE,00-04,2025-12-18,2025-12-28,2,quantile,0.025,73233.66921406539
DE,00-04,2025-12-18,2025-12-28,2,quantile,0.1,91044.76328250664
DE,00-04,2025-12-18,2025-12-28,2,quantile,0.25,107867.61623140631
DE,00-04,2025-12-18,2025-12-28,2,quantile,0.5,141317.29490912304
DE,00-04,2025-12-18,2025-12-28,2,quantile,0.75,185939.18912743917
DE,00-04,2025-12-18,2025-12-28,2,quantile,0.9,210833.98754734764
DE,00-04,2025-12-18,2025-12-28,2,quantile,0.975,219888.65587517
DE,00-04,2025-12-18,2026-01-04,3,quantile,0.025,58451.07664238964
DE,00-04,2025-12-18,2026-01-04,3,quantile,0.1,94934.00611619398
DE,00-04,2025-12-18,2026-01-04,3,quantile,0.25,112426.48183588413
DE,00-04,2025-12-18,2026-01-04,3,quantile,0.5,141934.4684983216
DE,00-04,2025-12-18,2026-01-04,3,quantile,0.75,171330.76568540037
DE,00-04,2025-12-18,2026-01-04,3,quantile,0.9,209850.9578948257
DE,00-04,2025-12-18,2026-01-04,3,quantile,0.975,218751.873232627
DE,00-04,2025-12-18,2026-01-11,4,quantile,0.025,68417.21398445903
DE,00-04,2025-12-18,2026-01-11,4,quantile,0.1,98739.09927876737
DE,00-04,2025-12-18,2026-01-11,4,quantile,0.25,121131.7046508585
DE,00-04,2025-12-18,2026-01-11,4,quantile,0.5,155844.56827529133
DE,00-04,2025-12-18,2026-01-11,4,quantile,0.75,176759.25261642487
DE,00-04,2025-12-18,2026-01-11,4,quantile,0.9,212751.20066416272
DE,00-04,2025-12-18,2026-01-11,4,quantile,0.975,228570.17000686013
DE,05-14,2025-12-18,2025-12-21,1,quantile,0.025,46277.206083620826
DE,05-14,2025-12-18,2025-12-21,1,quantile,0.1,76858.31225544676
DE,05-14,2025-12-18,2025-12-21,1,quantile,0.25,100519.24077648943
DE,05-14,2025-12-18,2025-12-21,1,quantile,0.5,154922.9092944925
DE,05-14,2025-12-18,2025-12-21,1,quantile,0.75,172507.2856932038
DE,05-14,2025-12-18,2025-12-21,1,quantile,0.9,185069.5784541547
DE,05-14,2025-12-18,2025-12-21,1,quantile,0.975,192981.99866816454
DE,05-14,2025-12-18,2025-12-28,2,quantile,0.025,39311.43971460154
DE,05-14,2025-12-18,2025-12-28,2,quantile,0.1,59240.11277862547
DE,05-14,2025-12-18,2025-12-28,2,quantile,0.25,76637.54369443971
DE,05-14,2025-12-18,2025-12-28,2,quantile,0.5,99362.67522201195
DE,05-14,2025-12-18,2025-12-28,2,quantile,0.75,173151.7913110806
DE,05-14,2025-12-18,2025-12-28,2,quantile,0.9,185852.32475847728
DE,05-14,2025-12-18,2025-12-28,2,quantile,0.975,195680.21037762993
DE,05-14,2025-12-18,2026-01-04,3,quantile,0.025,32800.84509823522
DE,05-14,2025-12-18,2026-01-04,3,quantile,0.1,56911.21051267212
DE,05-14,2025-12-18,2026-01-04,3,quantile,0.25,71190.06149180702
DE,05-14,2025-12-18,2026-01-04,3,quantile,0.5,102892.7489900981
DE,05-14,2025-12-18,2026-01-04,3,quantile,0.75,145801.1333587169
DE,05-14,2025-12-18,2026-01-04,3,quantile,0.9,182949.55457709287
DE,05-14,2025-12-18,2026-01-04,3,quantile,0.975,193664.7951677263
DE,05-14,2025-12-18,2026-01-11,4,quantile,0.025,39815.82484862445
DE,05-14,2025-12-18,2026-01-11,4,quantile,0.1,61321.56069488022
DE,05-14,2025-12-18,2026-01-11,4,quantile,0.25,74996.9324521161
DE,05-14,2025-12-18,2026-01-11,4,quantile,0.5,119066.91254436175
DE,05-14,2025-12-18,2026-01-11,4,quantile,0.75,152423.5694645759
DE,05-14,2025-12-18,2026-01-11,4,quantile,0.9,176376.39010892258
DE,05-14,2025-12-18,2026-01-11,4,quantile,0.975,192590.3722877085
DE,15-34,2025-12-18,2025-12-21,1,quantile,0.025,106559.32607414972
DE,15-34,2025-12-18,2025-12-21,1,quantile,0.1,199513.42807781024
DE,15-34,2025-12-18,2025-12-21,1,quantile,0.25,268844.34085404396
DE,15-34,2025-12-18,2025-12-21,1,quantile,0.5,383127.84018296155
DE,15-34,2025-12-18,2025-12-21,1,quantile,0.75,421235.4481230147
DE,15-34,2025-12-18,2025-12-21,1,quantile,0.9,447341.45277340326
DE,15-34,2025-12-18,2025-12-21,1,quantile,0.975,472939.76949294127
DE,15-34,2025-12-18,2025-12-28,2,quantile,0.025,110819.43428241066
DE,15-34,2025-12-18,2025-12-28,2,quantile,0.1,174003.0911533286
DE,15-34,2025-12-18,2025-12-28,2,quantile,0.25,224202.575125121
DE,15-34,2025-12-18,2025-12-28,2,quantile,0.5,339728.98793313105
DE,15-34,2025-12-18,2025-12-28,2,quantile,0.75,439508.0188767461
DE,15-34,2025-12-18,2025-12-28,2,quantile,0.9,472240.1284646963
DE,15-34,2025-12-18,2025-12-28,2,quantile,0.975,493386.50863425026
DE,15-34,2025-12-18,2026-01-04,3,quantile,0.025,100482.74120536158
DE,15-34,2025-12-18,2026-01-04,3,quantile,0.1,156539.11626475333
DE,15-34,2025-12-18,2026-01-04,3,quantile,0.25,218239.0398343076
DE,15-34,2025-12-18,2026-01-04,3,quantile,0.5,355715.50132498005
DE,15-34,2025-12-18,2026-01-04,3,quantile,0.75,440330.5039774484
DE,15-34,2025-12-18,2026-01-04,3,quantile,0.9,478447.8925105282
DE,15-34,2025-12-18,2026-01-04,3,quantile,0.975,493824.48882899416
DE,15-34,2025-12-18,2026-01-11,4,quantile,0.025,131398.98552511854
DE,15-34,2025-12-18,2026-01-11,4,quantile,0.1,172126.97058152026
DE,15-34,2025-12-18,2026-01-11,4,quantile,0.25,223692.75193509256
DE,15-34,2025-12-18,2026-01-11,4,quantile,0.5,318283.3299813111
DE,15-34,2025-12-18,2026-01-11,4,quantile,0.75,426237.73035269306
DE,15-34,2025-12-18,2026-01-11,4,quantile,0.9,456579.57487639354
DE,15-34,2025-12-18,2026-01-11,4,quantile,0.975,471576.2202427186
DE,35-59,2025-12-18,2025-12-21,1,quantile,0.025,145705.85630683874
DE,35-59,2025-12-18,2025-12-21,1,quantile,0.1,287737.8676325448
DE,35-59,2025-12-18,2025-12-21,1,quantile,0.25,385538.20619149075
DE,35-59,2025-12-18,2025-12-21,1,quantile,0.5,471054.8328411
DE,35-59,2025-12-18,2025-12-21,1,quantile,0.75,515610.0317400933
DE,35-59,2025-12-18,2025-12-21,1,quantile,0.9,549664.3283156006
DE,35-59,2025-12-18,2025-12-21,1,quantile,0.975,581781.3574827465
DE,35-59,2025-12-18,2025-12-28,2,quantile,0.025,145077.92441539187
DE,35-59,2025-12-18,2025-12-28,2,quantile,0.1,238596.88055425984
DE,35-59,2025-12-18,2025-12-28,2,quantile,0.25,320900.3420128588
DE,35-59,2025-12-18,2025-12-28,2,quantile,0.5,463938.5518755163
DE,35-59,2025-12-18,2025-12-28,2,quantile,0.75,563325.3306227954
DE,35-59,2025-12-18,2025-12-28,2,quantile,0.9,591093.2280077841
DE,35-59,2025-12-18,2025-12-28,2,quantile,0.975,621388.6375285797
DE,35-59,2025-12-18,2026-01-04,3,quantile,0.025,143573.0640173626
DE,35-59,2025-12-18,2026-01-04,3,quantile,0.1,220454.8472573519
DE,35-59,2025-12-18,2026-01-04,3,quantile,0.25,332853.8821273209
DE,35-59,2025-12-18,2026-01-04,3,quantile,0.5,483401.69465290627
DE,35-59,2025-12-18,2026-01-04,3,quantile,0.75,580381.9537738148
DE,35-59,2025-12-18,2026-01-04,3,quantile,0.9,653596.7688499235
DE,35-59,2025-12-18,2026-01-04,3,quantile,0.975,664548.0053798106
DE,35-59,2025-12-18,2026-01-11,4,quantile,0.025,170671.90123820826
DE,35-59,2025-12-18,2026-01-11,4,quantile,0.1,253596.19995659016
DE,35-59,2025-12-18,2026-01-11,4,quantile,0.25,340259.39704453264
DE,35-59,2025-12-18,2026-01-11,4,quantile,0.5,428962.4065751656
DE,35-59,2025-12-18,2026-01-11,4,quantile,0.75,576333.1214110795
DE,35-59,2025-12-18,2026-01-11,4,quantile,0.9,646419.6173074337
DE,35-59,2025-12-18,2026-01-11,4,quantile,0.975,654806.9692567263
DE,60+,2025-12-18,2025-12-21,1,quantile,0.025,67434.370989748
DE,60+,2025-12-18,2025-12-21,1,quantile,0.1,94897.31407854006
DE,60+,2025-12-18,2025-12-21,1,quantile,0.25,132807.67680511443
DE,60+,2025-12-18,2025-12-21,1,quantile,0.5,160725.5361055148
DE,60+,2025-12-18,2025-12-21,1,quantile,0.75,166935.81339862075
DE,60+,2025-12-18,2025-12-21,1,quantile,0.9,178415.99380721102
DE,60+,2025-12-18,2025-12-21,1,quantile,0.975,186192.19546248962
DE,60+,2025-12-18,2025-12-28,2,quantile,0.025,69275.42131407223
DE,60+,2025-12-18,2025-12-28,2,quantile,0.1,87522.55369023536
DE,60+,2025-12-18,2025-12-28,2,quantile,0.25,126233.42261785732
DE,60+,2025-12-18,2025-12-28,2,quantile,0.5,169508.20880863775
DE,60+,2025-12-18,2025-12-28,2,quantile,0.75,181582.04139500333
DE,60+,2025-12-18,2025-12-28,2,quantile,0.9,189782.34541189478
DE,60+,2025-12-18,2025-12-28,2,quantile,0.975,200744.879189528
DE,60+,2025-12-18,2026-01-04,3,quantile,0.025,63896.22213924187
DE,60+,2025-12-18,2026-01-04,3,quantile,0.1,93124.05516436016
DE,60+,2025-12-18,2026-01-04,3,quantile,0.25,129256.01920014892
DE,60+,2025-12-18,2026-01-04,3,quantile,0.5,177093.44162483493
DE,60+,2025-12-18,2026-01-04,3,quantile,0.75,194642.27456030122
DE,60+,2025-12-18,2026-01-04,3,quantile,0.9,206710.87591261615
DE,60+,2025-12-18,2026-01-04,3,quantile,0.975,209632.50236227567
DE,60+,2025-12-18,2026-01-11,4,quantile,0.025,73334.19091300006
DE,60+,2025-12-18,2026-01-11,4,quantile,0.1,103620.56113281453
DE,60+,2025-12-18,2026-01-11,4,quantile,0.25,135318.97100456545
DE,60+,2025-12-18,2026-01-11,4,quantile,0.5,173267.08770232552
DE,60+,2025-12-18,2026-01-11,4,quantile,0.75,200258.94809389085
DE,60+,2025-12-18,2026-01-11,4,quantile,0.9,217126.9218497015
DE,60+,2025-12-18,2026-01-11,4,quantile,0.975,221496.25565661545
DE,00+,2026-01-08,2026-01-11,1,quantile,0.025,554040.7819967112
DE,00+,2026-01-08,2026-01-11,1,quantile,0.1,718509.7963145911
DE,00+,2026-01-08,2026-01-11,1,quantile,0.25,901331.0252809474
DE,00+,2026-01-08,2026-01-11,1,quantile,0.5,1040895.1386280891
DE,00+,2026-01-08,2026-01-11,1,quantile,0.75,1201070.906634582
DE,00+,2026-01-08,2026-01-11,1,quantile,0.9,1305918.9999890076
DE,00+,2026-01-08,2026-01-11,1,quantile,0.975,1380747.2423831362
DE,00+,2026-01-08,2026-01-18,2,quantile,0.025,458403.381597723
DE,00+,2026-01-08,2026-01-18,2,quantile,0.1,698557.2136108368
DE,00+,2026-01-08,2026-01-18,2,quantile,0.25,1065816.8398837498
DE,00+,2026-01-08,2026-01-18,2,quantile,0.5,1172755.7382680117
DE,00+,2026-01-08,2026-01-18,2,quantile,0.75,1239839.7182557813
DE,00+,2026-01-08,2026-01-18,2,quantile,0.9,1337558.0837686071
DE,00+,2026-01-08,2026-01-18,2,quantile,0.975,1398189.2250007973
DE,00+,2026-01-08,2026-01-25,3,quantile,0.025,569813.2002294967
DE,00+,2026-01-08,2026-01-25,3,quantile,0.1,863298.585281635
DE,00+,2026-01-08,2026-01-25,3,quantile,0.25,1188896.7442226252
DE,00+,2026-01-08,2026-01-25,3,quantile,0.5,1321905.3460279708
DE,00+,2026-01-08,2026-01-25,3,quantile,0.75,1443875.3862668942
DE,00+,2026-01-08,2026-01-25,3,quantile,0.9,1634169.0482881241
DE,00+,2026-01-08,2026-01-25,3,quantile,0.975,1721494.864644083
DE,00+,2026-01-08,2026-02-01,4,quantile,0.025,535821.6726557622
DE,00+,2026-01-08,2026-02-01,4,quantile,0.1,875486.4399448173
DE,00+,2026-01-08,2026-02-01,4,quantile,0.25,1232438.0660585614
DE,00+,2026-01-08,2026-02-01,4,quantile,0.5,1506871.4606000055
DE,00+,2026-01-08,2026-02-01,4,quantile,0.75,1651583.0333656357
DE,00+,2026-01-08,2026-02-01,4,quantile,0.9,1867451.707440221
DE,00+,2026-01-08,2026-02-01,4,quantile,0.975,1976368.6308498196
DE,00-04,2026-01-08,2026-01-11,1,quantile,0.025,82581.16380988149
DE,00-04,2026-01-08,2026-01-11,1,quantile,0.1,107745.32889731796
DE,00-04,2026-01-08,2026-01-11,1,quantile,0.25,124835.45448156795
DE,00-04,2026-01-08,2026-01-11,1,quantile,0.5,130223.35601414842
DE,00-04,2026-01-08,2026-01-11,1,quantile,0.75,146104.38268912394
DE,00-04,2026-01-08,2026-01-11,1,quantile,0.9,161626.8069458681
DE,00-04,2026-01-08,2026-01-11,1,quantile,0.975,183734.52827409573
DE,00-04,2026-01-08,2026-01-18,2,quantile,0.025,78624.52100280832
DE,00-04,2026-01-08,2026-01-18,2,quantile,0.1,115031.09973161136
DE,00-04,2026-01-08,2026-01-18,2,quantile,0.25,137996.51972235594
DE,00-04,2026-01-08,2026-01-18,2,quantile,0.5,164338.95367235647
DE,00-04,2026-01-08,2026-01-18,2,quantile,0.75,194440.6489535311
DE,00-04,2026-01-08,2026-01-18,2,quantile,0.9,201326.5777884812
DE,00-04,2026-01-08,2026-01-18,2,quantile,0.975,215923.13997128428
DE,00-04,2026-01-08,2026-01-25,3,quantile,0.025,83997.63742619849
DE,00-04,2026-01-08,2026-01-25,3,quantile,0.1,126723.74256355167
DE,00-04,2026-01-08,2026-01-25,3,quantile,0.25,171051.57373450662
DE,00-04,2026-01-08,2026-01-25,3,quantile,0.5,209323.17319376598
DE,00-04,2026-01-08,2026-01-25,3,quantile,0.75,265046.3249768955
DE,00-04,2026-01-08,2026-01-25,3,quantile,0.9,276597.78947772225
DE,00-04,2026-01-08,2026-01-25,3,quantile,0.975,278370.1200072898
DE,00-04,2026-01-08,2026-02-01,4,quantile,0.025,84446.37792814171
DE,00-04,2026-01-08,2026-02-01,4,quantile,0.1,130923.956196535
DE,00-04,2026-01-08,2026-02-01,4,quantile,0.25,180693.06320833735
DE,00-04,2026-01-08,2026-02-01,4,quantile,0.5,236897.35534884897
DE,00-04,2026-01-08,2026-02-01,4,quantile,0.75,281311.25155823556
DE,00-04,2026-01-08,2026-02-01,4,quantile,0.9,294167.18390292174
DE,00-04,2026-01-08,2026-02-01,4,quantile,0.975,296156.64365187567
DE,05-14,2026-01-08,2026-01-11,1,quantile,0.025,56113.3979318321
DE,05-14,2026-01-08,2026-01-11,1,quantile,0.1,73174.0408302538
DE,05-14,2026-01-08,2026-01-11,1,quantile,0.25,82728.69204259818
DE,05-14,2026-01-08,2026-01-11,1,quantile,0.5,94604.54316845536
DE,05-14,2026-01-08,2026-01-11,1,quantile,0.75,108127.0948733893
DE,05-14,2026-01-08,2026-01-11,1,quantile,0.9,124028.95282957106
DE,05-14,2026-01-08,2026-01-11,1,quantile,0.975,161789.85934495085
DE,05-14,2026-01-08,2026-01-18,2,quantile,0.025,56642.106712603396
DE,05-14,2026-01-08,2026-01-18,2,quantile,0.1,103395.5605626843
DE,05-14,2026-01-08,2026-01-18,2,quantile,0.25,122689.53239949435
DE,05-14,2026-01-08,2026-01-18,2,quantile,0.5,139255.64064458123
DE,05-14,2026-01-08,2026-01-18,2,quantile,0.75,151097.69953552505
DE,05-14,2026-01-08,2026-01-18,2,quantile,0.9,162704.48941641813
DE,05-14,2026-01-08,2026-01-18,2,quantile,0.975,192867.14262826793
DE,05-14,2026-01-08,2026-01-25,3,quantile,0.025,57859.46318466541
DE,05-14,2026-01-08,2026-01-25,3,quantile,0.1,130139.95044971761
DE,05-14,2026-01-08,2026-01-25,3,quantile,0.25,162425.13348146802
DE,05-14,2026-01-08,2026-01-25,3,quantile,0.5,178508.2938769388
DE,05-14,2026-01-08,2026-01-25,3,quantile,0.75,217112.0314000259
DE,05-14,2026-01-08,2026-01-25,3,quantile,0.9,247473.75455321255
DE,05-14,2026-01-08,2026-01-25,3,quantile,0.975,252997.70608115982
DE,05-14,2026-01-08,2026-02-01,4,quantile,0.025,58036.92590411743
DE,05-14,2026-01-08,2026-02-01,4,quantile,0.1,131430.992279761
DE,05-14,2026-01-08,2026-02-01,4,quantile,0.25,178853.53607469596
DE,05-14,2026-01-08,2026-02-01,4,quantile,0.5,209592.45573956004
DE,05-14,2026-01-08,2026-02-01,4,quantile,0.75,258301.18333165123
DE,05-14,2026-01-08,2026-02-01,4,quantile,0.9,296808.4600415545
DE,05-14,2026-01-08,2026-02-01,4,quantile,0.975,329465.48418276856
DE,15-34,2026-01-08,2026-01-11,1,quantile,0.025,160008.43927845056
DE,15-34,2026-01-08,2026-01-11,1,quantile,0.1,200798.17736516878
DE,15-34,2026-01-08,2026-01-11,1,quantile,0.25,242079.08965554554
DE,15-34,2026-01-08,2026-01-11,1,quantile,0.5,288581.65719055216
DE,15-34,2026-01-08,2026-01-11,1,quantile,0.75,332588.02015331335
DE,15-34,2026-01-08,2026-01-11,1,quantile,0.9,362532.9341134017
DE,15-34,2026-01-08,2026-01-11,1,quantile,0.975,381288.65142302477
DE,15-34,2026-01-08,2026-01-18,2,quantile,0.025,133881.70864389493
DE,15-34,2026-01-08,2026-01-18,2,quantile,0.1,203569.945304831
DE,15-34,2026-01-08,2026-01-18,2,quantile,0.25,276081.10366935085
DE,15-34,2026-01-08,2026-01-18,2,quantile,0.5,306641.8927025506
DE,15-34,2026-01-08,2026-01-18,2,quantile,0.75,345230.3225282254
DE,15-34,2026-01-08,2026-01-18,2,quantile,0.9,366912.9795448462
DE,15-34,2026-01-08,2026-01-18,2,quantile,0.975,389783.74020495
DE,15-34,2026-01-08,2026-01-25,3,quantile,0.025,161828.80989164766
DE,15-34,2026-01-08,2026-01-25,3,quantile,0.1,248908.3418305317
DE,15-34,2026-01-08,2026-01-25,3,quantile,0.25,297274.77077765384
DE,15-34,2026-01-08,2026-01-25,3,quantile,0.5,342476.5355684119
DE,15-34,2026-01-08,2026-01-25,3,quantile,0.75,378772.6397829786
DE,15-34,2026-01-08,2026-01-25,3,quantile,0.9,417478.0079784423
DE,15-34,2026-01-08,2026-01-25,3,quantile,0.975,456747.0416094152
DE,15-34,2026-01-08,2026-02-01,4,quantile,0.025,152069.30375504546
DE,15-34,2026-01-08,2026-02-01,4,quantile,0.1,247401.91041880165
DE,15-34,2026-01-08,2026-02-01,4,quantile,0.25,321640.850961304
DE,15-34,2026-01-08,2026-02-01,4,quantile,0.5,391609.7648515596
DE,15-34,2026-01-08,2026-02-01,4,quantile,0.75,420894.56854746584
DE,15-34,2026-01-08,2026-02-01,4,quantile,0.9,465977.7212975559
DE,15-34,2026-01-08,2026-02-01,4,quantile,0.975,504855.6031497841
DE,35-59,2026-01-08,2026-01-11,1,quantile,0.025,171047.97734966164
DE,35-59,2026-01-08,2026-01-11,1,quantile,0.1,226337.1036938241
DE,35-59,2026-01-08,2026-01-11,1,quantile,0.25,288591.5665983533
DE,35-59,2026-01-08,2026-01-11,1,quantile,0.5,359247.04991176806
DE,35-59,2026-01-08,2026-01-11,1,quantile,0.75,429793.2318875237
DE,35-59,2026-01-08,2026-01-11,1,quantile,0.9,462857.6321556857
DE,35-59,2026-01-08,2026-01-11,1,quantile,0.975,476889.4394503952
DE,35-59,2026-01-08,2026-01-18,2,quantile,0.025,154809.6051770662
DE,35-59,2026-01-08,2026-01-18,2,quantile,0.1,229348.75420737904
DE,35-59,2026-01-08,2026-01-18,2,quantile,0.25,325858.8152940048
DE,35-59,2026-01-08,2026-01-18,2,quantile,0.5,389684.37649013323
DE,35-59,2026-01-08,2026-01-18,2,quantile,0.75,417541.72539077944
DE,35-59,2026-01-08,2026-01-18,2,quantile,0.9,446625.28040699026
DE,35-59,2026-01-08,2026-01-18,2,quantile,0.975,453366.4902998234
DE,35-59,2026-01-08,2026-01-25,3,quantile,0.025,170468.82871367718
DE,35-59,2026-01-08,2026-01-25,3,quantile,0.1,265533.8520637303
DE,35-59,2026-01-08,2026-01-25,3,quantile,0.25,373979.61213798646
DE,35-59,2026-01-08,2026-01-25,3,quantile,0.5,434643.0345241693
DE,35-59,2026-01-08,2026-01-25,3,quantile,0.75,468192.84949560696
DE,35-59,2026-01-08,2026-01-25,3,quantile,0.9,538878.912571952
DE,35-59,2026-01-08,2026-01-25,3,quantile,0.975,566874.4038531412
DE,35-59,2026-01-08,2026-02-01,4,quantile,0.025,166795.3457664091
DE,35-59,2026-01-08,2026-02-01,4,quantile,0.1,250907.52612720773
DE,35-59,2026-01-08,2026-02-01,4,quantile,0.25,390200.65876426705
DE,35-59,2026-01-08,2026-02-01,4,quantile,0.5,506667.0400854402
DE,35-59,2026-01-08,2026-02-01,4,quantile,0.75,535720.8123954663
DE,35-59,2026-01-08,2026-02-01,4,quantile,0.9,626459.7734190596
DE,35-59,2026-01-08,2026-02-01,4,quantile,0.975,678471.7980824548
DE,60+,2026-01-08,2026-01-11,1,quantile,0.025,60581.30492159141
DE,60+,2026-01-08,2026-01-11,1,quantile,0.1,82409.36617466788
DE,60+,2026-01-08,2026-01-11,1,quantile,0.25,112571.92421302144
DE,60+,2026-01-08,2026-01-11,1,quantile,0.5,156887.3760634718
DE,60+,2026-01-08,2026-01-11,1,quantile,0.75,185375.74450609583
DE,60+,2026-01-08,2026-01-11,1,quantile,0.9,226007.66848724228
DE,60+,2026-01-08,2026-01-11,1,quantile,0.975,227906.1024098058
DE,60+,2026-01-08,2026-01-18,2,quantile,0.025,56147.010105864574
DE,60+,2026-01-08,2026-01-18,2,quantile,0.1,76585.50816068186
DE,60+,2026-01-08,2026-01-18,2,quantile,0.25,108484.03787051918
DE,60+,2026-01-08,2026-01-18,2,quantile,0.5,139835.21940937004
DE,60+,2026-01-08,2026-01-18,2,quantile,0.75,162368.02143085675
DE,60+,2026-01-08,2026-01-18,2,quantile,0.9,175392.83722080075
DE,60+,2026-01-08,2026-01-18,2,quantile,0.975,179099.5698967063
DE,60+,2026-01-08,2026-01-25,3,quantile,0.025,62370.37501380617
DE,60+,2026-01-08,2026-01-25,3,quantile,0.1,97651.14734910047
DE,60+,2026-01-08,2026-01-25,3,quantile,0.25,113637.73585283387
DE,60+,2026-01-08,2026-01-25,3,quantile,0.5,133594.68975268232
DE,60+,2026-01-08,2026-01-25,3,quantile,0.75,163305.57284104804
DE,60+,2026-01-08,2026-01-25,3,quantile,0.9,179768.2540995754
DE,60+,2026-01-08,2026-01-25,3,quantile,0.975,181514.7615908003
DE,60+,2026-01-08,2026-02-01,4,quantile,0.025,67118.13492634396
DE,60+,2026-01-08,2026-02-01,4,quantile,0.1,83965.52181220576
DE,60+,2026-01-08,2026-02-01,4,quantile,0.25,121435.46030461244
DE,60+,2026-01-08,2026-02-01,4,quantile,0.5,154306.40864343318
DE,60+,2026-01-08,2026-02-01,4,quantile,0.75,176538.7465446181
DE,60+,2026-01-08,2026-02-01,4,quantile,0.9,206008.61180541612
DE,60+,2026-01-08,2026-02-01,4,quantile,0.975,208368.6510138172
DE,00+,2026-01-15,2026-01-18,1,quantile,0.025,692466.7829509539
DE,00+,2026-01-15,2026-01-18,1,quantile,0.1,1204486.5044070333
DE,00+,2026-01-15,2026-01-18,1,quantile,0.25,1366204.2140540162
DE,00+,2026-01-15,2026-01-18,1,quantile,0.5,1406915.2050074458
DE,00+,2026-01-15,2026-01-18,1,quantile,0.75,1473116.0915598297
DE,00+,2026-01-15,2026-01-18,1,quantile,0.9,1577675.4347571938
DE,00+,2026-01-15,2026-01-18,1,quantile,0.975,1673784.7121954297
DE,00+,2026-01-15,2026-01-25,2,quantile,0.025,685609.0474905594
DE,00+,2026-01-15,2026-01-25,2,quantile,0.1,1124204.3626689478
DE,00+,2026-01-15,2026-01-25,2,quantile,0.25,1425914.0402490539
DE,00+,2026-01-15,2026-01-25,2,quantile,0.5,1497383.353276486
DE,00+,2026-01-15,2026-01-25,2,quantile,0.75,1694007.9709402113
DE,00+,2026-01-15,2026-01-25,2,quantile,0.9,1802758.298559542
DE,00+,2026-01-15,2026-01-25,2,quantile,0.975,1832783.0444807566
DE,00+,2026-01-15,2026-02-01,3,quantile,0.025,606157.0328034839
DE,00+,2026-01-15,2026-02-01,3,quantile,0.1,1044865.408669536
DE,00+,2026-01-15,2026-02-01,3,quantile,0.25,1524568.682428571
DE,00+,2026-01-15,2026-02-01,3,quantile,0.5,1691032.6531736106
DE,00+,2026-01-15,2026-02-01,3,quantile,0.75,1840428.794192934
DE,00+,2026-01-15,2026-02-01,3,quantile,0.9,2061233.5879835412
DE,00+,2026-01-15,2026-02-01,3,quantile,0.975,2125276.3202434927
DE,00+,2026-01-15,2026-02-08,4,quantile,0.025,577504.9552316036
DE,00+,2026-01-15,2026-02-08,4,quantile,0.1,1040467.5960622884
DE,00+,2026-01-15,2026-02-08,4,quantile,0.25,1554223.2387938346
DE,00+,2026-01-15,2026-02-08,4,quantile,0.5,1727255.5580607287
DE,00+,2026-01-15,2026-02-08,4,quantile,0.75,1842385.8569337674
DE,00+,2026-01-15,2026-02-08,4,quantile,0.9,1966715.529475954
DE,00+,2026-01-15,2026-02-08,4,quantile,0.975,1986412.3382905878
DE,00-04,2026-01-15,2026-01-18,1,quantile,0.025,104418.19343811105
DE,00-04,2026-01-15,2026-01-18,1,quantile,0.1,139307.26002549994
DE,00-04,2026-01-15,2026-01-18,1,quantile,0.25,152263.45394067527
DE,00-04,2026-01-15,2026-01-18,1,quantile,0.5,158869.38353317633
DE,00-04,2026-01-15,2026-01-18,1,quantile,0.75,172287.97935847897
DE,00-04,2026-01-15,2026-01-18,1,quantile,0.9,180010.95991820708
DE,00-04,2026-01-15,2026-01-18,1,quantile,0.975,187440.45405571625
DE,00-04,2026-01-15,2026-01-25,2,quantile,0.025,100278.54181944733
DE,00-04,2026-01-15,2026-01-25,2,quantile,0.1,144255.9459932597
DE,00-04,2026-01-15,2026-01-25,2,quantile,0.25,169973.72563681906
DE,00-04,2026-01-15,2026-01-25,2,quantile,0.5,199479.78316191077
DE,00-04,2026-01-15,2026-01-25,2,quantile,0.75,239816.05289249672
DE,00-04,2026-01-15,2026-01-25,2,quantile,0.9,246226.25269904538
DE,00-04,2026-01-15,2026-01-25,2,quantile,0.975,250388.3053423095
DE,00-04,2026-01-15,2026-02-01,3,quantile,0.025,88338.43487254917
DE,00-04,2026-01-15,2026-02-01,3,quantile,0.1,135285.88208928538
DE,00-04,2026-01-15,2026-02-01,3,quantile,0.25,187385.39569355742
DE,00-04,2026-01-15,2026-02-01,3,quantile,0.5,234852.7364299688
DE,00-04,2026-01-15,2026-02-01,3,quantile,0.75,278093.9581670787
DE,00-04,2026-01-15,2026-02-01,3,quantile,0.9,289368.78916345874
DE,00-04,2026-01-15,2026-02-01,3,quantile,0.975,294362.7819210506
DE,00-04,2026-01-15,2026-02-08,4,quantile,0.025,82791.66608189148
DE,00-04,2026-01-15,2026-02-08,4,quantile,0.1,132741.45062562474
DE,00-04,2026-01-15,2026-02-08,4,quantile,0.25,191050.69073285797
DE,00-04,2026-01-15,2026-02-08,4,quantile,0.5,231261.40706312904
DE,00-04,2026-01-15,2026-02-08,4,quantile,0.75,277991.2221132493
DE,00-04,2026-01-15,2026-02-08,4,quantile,0.9,287579.88077898236
DE,00-04,2026-01-15,2026-02-08,4,quantile,0.975,289401.7334066313
DE,05-14,2026-01-15,2026-01-18,1,quantile,0.025,77588.31996768857
DE,05-14,2026-01-15,2026-01-18,1,quantile,0.1,115178.28816056892
DE,05-14,2026-01-15,2026-01-18,1,quantile,0.25,128384.13997040215
DE,05-14,2026-01-15,2026-01-18,1,quantile,0.5,136069.65306353327
DE,05-14,2026-01-15,2026-01-18,1,quantile,0.75,146347.22375560668
DE,05-14,2026-01-15,2026-01-18,1,quantile,0.9,156902.01173669254
DE,05-14,2026-01-15,2026-01-18,1,quantile,0.975,170386.21191096818
DE,05-14,2026-01-15,2026-01-25,2,quantile,0.025,67849.65052985647
DE,05-14,2026-01-15,2026-01-25,2,quantile,0.1,132377.72249524598
DE,05-14,2026-01-15,2026-01-25,2,quantile,0.25,164824.36394989226
DE,05-14,2026-01-15,2026-01-25,2,quantile,0.5,180525.18750672837
DE,05-14,2026-01-15,2026-01-25,2,quantile,0.75,213653.95695207338
DE,05-14,2026-01-15,2026-01-25,2,quantile,0.9,239045.17293829043
DE,05-14,2026-01-15,2026-01-25,2,quantile,0.975,249265.0721001184
DE,05-14,2026-01-15,2026-02-01,3,quantile,0.025,63117.88068388511
DE,05-14,2026-01-15,2026-02-01,3,quantile,0.1,138600.14793896882
DE,05-14,2026-01-15,2026-02-01,3,quantile,0.25,190487.77030738682
DE,05-14,2026-01-15,2026-02-01,3,quantile,0.5,217806.5976211018
DE,05-14,2026-01-15,2026-02-01,3,quantile,0.75,266416.7710994424
DE,05-14,2026-01-15,2026-02-01,3,quantile,0.9,322221.459444944
DE,05-14,2026-01-15,2026-02-01,3,quantile,0.975,358926.6614331092
DE,05-14,2026-01-15,2026-02-08,4,quantile,0.025,59348.34090001024
DE,05-14,2026-01-15,2026-02-08,4,quantile,0.1,128189.3479089451
DE,05-14,2026-01-15,2026-02-08,4,quantile,0.25,191078.83972239099
DE,05-14,2026-01-15,2026-02-08,4,quantile,0.5,229747.29342929414
DE,05-14,2026-01-15,2026-02-08,4,quantile,0.75,273031.2777092966
DE,05-14,2026-01-15,2026-02-08,4,quantile,0.9,312594.87362229533
DE,05-14,2026-01-15,2026-02-08,4,quantile,0.975,329474.89046557323
DE,15-34,2026-01-15,2026-01-18,1,quantile,0.025,201688.9594163272
DE,15-34,2026-01-15,2026-01-18,1,quantile,0.1,336102.0488760259
DE,15-34,2026-01-15,2026-01-18,1,quantile,0.25,394862.0406603608
DE,15-34,2026-01-15,2026-01-18,1,quantile,0.5,419697.6347657402
DE,15-34,2026-01-15,2026-01-18,1,quantile,0.75,439517.8601921111
DE,15-34,2026-01-15,2026-01-18,1,quantile,0.9,462465.2646521857
DE,15-34,2026-01-15,2026-01-18,1,quantile,0.975,487287.04800996167
DE,15-34,2026-01-15,2026-01-25,2,quantile,0.025,198147.8164404366
DE,15-34,2026-01-15,2026-01-25,2,quantile,0.1,329800.1298645593
DE,15-34,2026-01-15,2026-01-25,2,quantile,0.25,386675.7405655024
DE,15-34,2026-01-15,2026-01-25,2,quantile,0.5,417809.73738801
DE,15-34,2026-01-15,2026-01-25,2,quantile,0.75,466709.0656384237
DE,15-34,2026-01-15,2026-01-25,2,quantile,0.9,481308.2620839233
DE,15-34,2026-01-15,2026-01-25,2,quantile,0.975,492937.3970710242
DE,15-34,2026-01-15,2026-02-01,3,quantile,0.025,164016.8777547605
DE,15-34,2026-01-15,2026-02-01,3,quantile,0.1,299926.7660476421
DE,15-34,2026-01-15,2026-02-01,3,quantile,0.25,396966.8566056083
DE,15-34,2026-01-15,2026-02-01,3,quantile,0.5,444777.10763773334
DE,15-34,2026-01-15,2026-02-01,3,quantile,0.75,475987.2410069136
DE,15-34,2026-01-15,2026-02-01,3,quantile,0.9,512954.32370088005
DE,15-34,2026-01-15,2026-02-01,3,quantile,0.975,528900.6196126944
DE,15-34,2026-01-15,2026-02-08,4,quantile,0.025,169370.68754255632
DE,15-34,2026-01-15,2026-02-08,4,quantile,0.1,304575.27477855876
DE,15-34,2026-01-15,2026-02-08,4,quantile,0.25,411676.1300583298
DE,15-34,2026-01-15,2026-02-08,4,quantile,0.5,458666.11218068923
DE,15-34,2026-01-15,2026-02-08,4,quantile,0.75,482687.03116475185
DE,15-34,2026-01-15,2026-02-08,4,quantile,0.9,510559.48953838286
DE,15-34,2026-01-15,2026-02-08,4,quantile,0.975,524265.7496104112
DE,35-59,2026-01-15,2026-01-18,1,quantile,0.025,220471.30059514134
DE,35-59,2026-01-15,2026-01-18,1,quantile,0.1,398788.8229224482
DE,35-59,2026-01-15,2026-01-18,1,quantile,0.25,493183.3972584989
DE,35-59,2026-01-15,2026-01-18,1,quantile,0.5,524699.5223755256
DE,35-59,2026-01-15,2026-01-18,1,quantile,0.75,552787.5004268703
DE,35-59,2026-01-15,2026-01-18,1,quantile,0.9,592939.5217961764
DE,35-59,2026-01-15,2026-01-18,1,quantile,0.975,637168.6217234243
DE,35-59,2026-01-15,2026-01-25,2,quantile,0.025,205283.9071415539
DE,35-59,2026-01-15,2026-01-25,2,quantile,0.1,381905.33719011024
DE,35-59,2026-01-15,2026-01-25,2,quantile,0.25,485512.13693089987
DE,35-59,2026-01-15,2026-01-25,2,quantile,0.5,536184.0402193962
DE,35-59,2026-01-15,2026-01-25,2,quantile,0.75,614880.0661431834
DE,35-59,2026-01-15,2026-01-25,2,quantile,0.9,643552.1103642979
DE,35-59,2026-01-15,2026-01-25,2,quantile,0.975,665086.8241776836
DE,35-59,2026-01-15,2026-02-01,3,quantile,0.025,191853.6216571012
DE,35-59,2026-01-15,2026-02-01,3,quantile,0.1,347094.62879820383
DE,35-59,2026-01-15,2026-02-01,3,quantile,0.25,519555.4385821209
DE,35-59,2026-01-15,2026-02-01,3,quantile,0.5,588469.4228313355
DE,35-59,2026-01-15,2026-02-01,3,quantile,0.75,642757.7511964409
DE,35-59,2026-01-15,2026-02-01,3,quantile,0.9,719612.9872529097
DE,35-59,2026-01-15,2026-02-01,3,quantile,0.975,727832.0998068431
DE,35-59,2026-01-15,2026-02-08,4,quantile,0.025,181301.53130645576
DE,35-59,2026-01-15,2026-02-08,4,quantile,0.1,348122.7279300775
DE,35-59,2026-01-15,2026-02-08,4,quantile,0.25,525024.9348682772
DE,35-59,2026-01-15,2026-02-08,4,quantile,0.5,612466.5361020436
DE,35-59,2026-01-15,2026-02-08,4,quantile,0.75,655780.870477522
DE,35-59,2026-01-15,2026-02-08,4,quantile,0.9,683553.2240137507
DE,35-59,2026-01-15,2026-02-08,4,quantile,0.975,691742.3205322324
DE,60+,2026-01-15,2026-01-18,1,quantile,0.025,83229.61990976479
DE,60+,2026-01-15,2026-01-18,1,quantile,0.1,131373.56194426306
DE,60+,2026-01-15,2026-01-18,1,quantile,0.25,160253.42294809312
DE,60+,2026-01-15,2026-01-18,1,quantile,0.5,185355.61849760005
DE,60+,2026-01-15,2026-01-18,1,quantile,0.75,200216.983587778
DE,60+,2026-01-15,2026-01-18,1,quantile,0.9,218171.45189930074
DE,60+,2026-01-15,2026-01-18,1,quantile,0.975,230953.1989916103
DE,60+,2026-01-15,2026-01-25,2,quantile,0.025,82054.57942194455
DE,60+,2026-01-15,2026-01-25,2,quantile,0.1,121317.05804735825
DE,60+,2026-01-15,2026-01-25,2,quantile,0.25,155349.0739409576
DE,60+,2026-01-15,2026-01-25,2,quantile,0.5,173886.30355268402
DE,60+,2026-01-15,2026-01-25,2,quantile,0.75,189630.52445355657
DE,60+,2026-01-15,2026-01-25,2,quantile,0.9,192731.143189853
DE,60+,2026-01-15,2026-01-25,2,quantile,0.975,200521.7882398997
DE,60+,2026-01-15,2026-02-01,3,quantile,0.025,68683.33750927934
DE,60+,2026-01-15,2026-02-01,3,quantile,0.1,115660.72811397661
DE,60+,2026-01-15,2026-02-01,3,quantile,0.25,149027.1302430064
DE,60+,2026-01-15,2026-02-01,3,quantile,0.5,178666.35586007035
DE,60+,2026-01-15,2026-02-01,3,quantile,0.75,208608.5544780671
DE,60+,2026-01-15,2026-02-01,3,quantile,0.9,213678.42961664847
DE,60+,2026-01-15,2026-02-01,3,quantile,0.975,216323.9765002401
DE,60+,2026-01-15,2026-02-08,4,quantile,0.025,72969.19842393664
DE,60+,2026-01-15,2026-02-08,4,quantile,0.1,102403.64475778553
DE,60+,2026-01-15,2026-02-08,4,quantile,0.25,158498.0284541181
DE,60+,2026-01-15,2026-02-08,4,quantile,0.5,184246.32213058128
DE,60+,2026-01-15,2026-02-08,4,quantile,0.75,187978.61299086132
DE,60+,2026-01-15,2026-02-08,4,quantile,0.9,200620.83277129824
DE,60+,2026-01-15,2026-02-08,4,quantile,0.975,224858.28749109284
DE,00+,2026-01-22,2026-01-25,1,quantile,0.025,758492.4029427203
DE,00+,2026-01-22,2026-01-25,1,quantile,0.1,1154955.237755578
DE,00+,2026-01-22,2026-01-25,1,quantile,0.25,1327876.2407033106
DE,00+,2026-01-22,2026-01-25,1,quantile,0.5,1369684.384987314
DE,00+,2026-01-22,2026-01-25,1,quantile,0.75,1438677.293918381
DE,00+,2026-01-22,2026-01-25,1,quantile,0.9,1566687.291126519
DE,00+,2026-01-22,2026-01-25,1,quantile,0.975,1612342.1776881167
DE,00+,2026-01-22,2026-02-01,2,quantile,0.025,784727.0964385389
DE,00+,2026-01-22,2026-02-01,2,quantile,0.1,1221192.2283135809
DE,00+,2026-01-22,2026-02-01,2,quantile,0.25,1535354.063352722
DE,00+,2026-01-22,2026-02-01,2,quantile,0.5,1625222.8619885272
DE,00+,2026-01-22,2026-02-01,2,quantile,0.75,1679291.8721969142
DE,00+,2026-01-22,2026-02-01,2,quantile,0.9,1783817.0927062233
DE,00+,2026-01-22,2026-02-01,2,quantile,0.975,1898465.1688309168
DE,00+,2026-01-22,2026-02-08,3,quantile,0.025,652608.519394931
DE,00+,2026-01-22,2026-02-08,3,quantile,0.1,1089743.9796069707
DE,00+,2026-01-22,2026-02-08,3,quantile,0.25,1593183.3764745723
DE,00+,2026-01-22,2026-02-08,3,quantile,0.5,1719057.0396735133
DE,00+,2026-01-22,2026-02-08,3,quantile,0.75,1772301.327003038
DE,00+,2026-01-22,2026-02-08,3,quantile,0.9,1811165.5309120747
DE,00+,2026-01-22,2026-02-08,3,quantile,0.975,1939421.1266288839
DE,00+,2026-01-22,2026-02-15,4,quantile,0.025,668768.3979646972
DE,00+,2026-01-22,2026-02-15,4,quantile,0.1,1120318.288058514
DE,00+,2026-01-22,2026-02-15,4,quantile,0.25,1562909.5130321747
DE,00+,2026-01-22,2026-02-15,4,quantile,0.5,1693553.194990816
DE,00+,2026-01-22,2026-02-15,4,quantile,0.75,1910405.5813515417
DE,00+,2026-01-22,2026-02-15,4,quantile,0.9,2013956.6814402502
DE,00+,2026-01-22,2026-02-15,4,quantile,0.975,2077442.9562687639
DE,00-04,2026-01-22,2026-01-25,1,quantile,0.025,118116.6019467189
DE,00-04,2026-01-22,2026-01-25,1,quantile,0.1,156285.9584269504
DE,00-04,2026-01-22,2026-01-25,1,quantile,0.25,172710.41355630828
DE,00-04,2026-01-22,2026-01-25,1,quantile,0.5,196094.56859843986
DE,00-04,2026-01-22,2026-01-25,1,quantile,0.75,210417.23682902692
DE,00-04,2026-01-22,2026-01-25,1,quantile,0.9,226565.892719395
DE,00-04,2026-01-22,2026-01-25,1,quantile,0.975,232914.84690247066
DE,00-04,2026-01-22,2026-02-01,2,quantile,0.025,109795.02110293538
DE,00-04,2026-01-22,2026-02-01,2,quantile,0.1,162007.62848776623
DE,00-04,2026-01-22,2026-02-01,2,quantile,0.25,182285.33203569287
DE,00-04,2026-01-22,2026-02-01,2,quantile,0.5,227743.99293779075
DE,00-04,2026-01-22,2026-02-01,2,quantile,0.75,263083.8897582084
DE,00-04,2026-01-22,2026-02-01,2,quantile,0.9,275461.8303971315
DE,00-04,2026-01-22,2026-02-01,2,quantile,0.975,278769.07428622333
DE,00-04,2026-01-22,2026-02-08,3,quantile,0.025,100209.88433339927
DE,00-04,2026-01-22,2026-02-08,3,quantile,0.1,149235.68223596274
DE,00-04,2026-01-22,2026-02-08,3,quantile,0.25,202189.36324121972
DE,00-04,2026-01-22,2026-02-08,3,quantile,0.5,248956.29052635166
DE,00-04,2026-01-22,2026-02-08,3,quantile,0.75,264835.9913714662
DE,00-04,2026-01-22,2026-02-08,3,quantile,0.9,282360.9549150703
DE,00-04,2026-01-22,2026-02-08,3,quantile,0.975,286189.8373268744
DE,00-04,2026-01-22,2026-02-15,4,quantile,0.025,101559.94181877149
DE,00-04,2026-01-22,2026-02-15,4,quantile,0.1,155768.91009402
DE,00-04,2026-01-22,2026-02-15,4,quantile,0.25,202566.0503736153
DE,00-04,2026-01-22,2026-02-15,4,quantile,0.5,257030.61950498298
DE,00-04,2026-01-22,2026-02-15,4,quantile,0.75,271066.1678934135
DE,00-04,2026-01-22,2026-02-15,4,quantile,0.9,272608.4890135977
DE,00-04,2026-01-22,2026-02-15,4,quantile,0.975,273877.18418195785
DE,05-14,2026-01-22,2026-01-25,1,quantile,0.025,82818.6318475019
DE,05-14,2026-01-22,2026-01-25,1,quantile,0.1,134621.56173161953
DE,05-14,2026-01-22,2026-01-25,1,quantile,0.25,164652.24485591386
DE,05-14,2026-01-22,2026-01-25,1,quantile,0.5,176843.27523355352
DE,05-14,2026-01-22,2026-01-25,1,quantile,0.75,184302.3941013866
DE,05-14,2026-01-22,2026-01-25,1,quantile,0.9,208420.94682799245
DE,05-14,2026-01-22,2026-01-25,1,quantile,0.975,218688.96961737698
DE,05-14,2026-01-22,2026-02-01,2,quantile,0.025,78077.33831650062
DE,05-14,2026-01-22,2026-02-01,2,quantile,0.1,153829.34646529547
DE,05-14,2026-01-22,2026-02-01,2,quantile,0.25,187437.08462703665
DE,05-14,2026-01-22,2026-02-01,2,quantile,0.5,221089.48659502677
DE,05-14,2026-01-22,2026-02-01,2,quantile,0.75,247341.97662723396
DE,05-14,2026-01-22,2026-02-01,2,quantile,0.9,287096.95449553774
DE,05-14,2026-01-22,2026-02-01,2,quantile,0.975,309101.967130764
DE,05-14,2026-01-22,2026-02-08,3,quantile,0.025,73085.45345989119
DE,05-14,2026-01-22,2026-02-08,3,quantile,0.1,144123.46877831113
DE,05-14,2026-01-22,2026-02-08,3,quantile,0.25,203313.32219509236
DE,05-14,2026-01-22,2026-02-08,3,quantile,0.5,235505.45276229415
DE,05-14,2026-01-22,2026-02-08,3,quantile,0.75,271281.56210526
DE,05-14,2026-01-22,2026-02-08,3,quantile,0.9,296643.57578585314
DE,05-14,2026-01-22,2026-02-08,3,quantile,0.975,300819.6336647385
DE,05-14,2026-01-22,2026-02-15,4,quantile,0.025,76480.35174949716
DE,05-14,2026-01-22,2026-02-15,4,quantile,0.1,139448.29861279274
DE,05-14,2026-01-22,2026-02-15,4,quantile,0.25,197870.09675893275
DE,05-14,2026-01-22,2026-02-15,4,quantile,0.5,226130.12744132298
DE,05-14,2026-01-22,2026-02-15,4,quantile,0.75,269782.47716294735
DE,05-14,2026-01-22,2026-02-15,4,quantile,0.9,294949.77572754276
DE,05-14,2026-01-22,2026-02-15,4,quantile,0.975,307924.1376906639
DE,15-34,2026-01-22,2026-01-25,1,quantile,0.025,211156.8840459451
DE,15-34,2026-01-22,2026-01-25,1,quantile,0.1,315360.4467814831
DE,15-34,2026-01-22,2026-01-25,1,quantile,0.25,352877.8040138928
DE,15-34,2026-01-22,2026-01-25,1,quantile,0.5,376415.14798020094
DE,15-34,2026-01-22,2026-01-25,1,quantile,0.75,400952.0984108569
DE,15-34,2026-01-22,2026-01-25,1,quantile,0.9,434975.5453903092
DE,15-34,2026-01-22,2026-01-25,1,quantile,0.975,445955.7413280966
DE,15-34,2026-01-22,2026-02-01,2,quantile,0.025,214239.49908291077
DE,15-34,2026-01-22,2026-02-01,2,quantile,0.1,345001.1894924473
DE,15-34,2026-01-22,2026-02-01,2,quantile,0.25,414877.3318206334
DE,15-34,2026-01-22,2026-02-01,2,quantile,0.5,437263.56043292023
DE,15-34,2026-01-22,2026-02-01,2,quantile,0.75,459839.8278514288
DE,15-34,2026-01-22,2026-02-01,2,quantile,0.9,480105.19711748476
DE,15-34,2026-01-22,2026-02-01,2,quantile,0.975,497854.47461908235
DE,15-34,2026-01-22,2026-02-08,3,quantile,0.025,187358.62551538445
DE,15-34,2026-01-22,2026-02-08,3,quantile,0.1,320769.1696352891
DE,15-34,2026-01-22,2026-02-08,3,quantile,0.25,426808.93151636265
DE,15-34,2026-01-22,2026-02-08,3,quantile,0.5,461012.32228609436
DE,15-34,2026-01-22,2026-02-08,3,quantile,0.75,476296.68589632586
DE,15-34,2026-01-22,2026-02-08,3,quantile,0.9,486823.6325303494
DE,15-34,2026-01-22,2026-02-08,3,quantile,0.975,512544.2084012624
DE,15-34,2026-01-22,2026-02-15,4,quantile,0.025,186237.83378421678
DE,15-34,2026-01-22,2026-02-15,4,quantile,0.1,315451.45904560026
DE,15-34,2026-01-22,2026-02-15,4,quantile,0.25,419512.7794902896
DE,15-34,2026-01-22,2026-02-15,4,quantile,0.5,449500.3353582757
DE,15-34,2026-01-22,2026-02-15,4,quantile,0.75,514251.0073690309
DE,15-34,2026-01-22,2026-02-15,4,quantile,0.9,542869.5126347272
DE,15-34,2026-01-22,2026-02-15,4,quantile,0.975,552709.7413118996
DE,35-59,2026-01-22,2026-01-25,1,quantile,0.025,241374.03952245726
DE,35-59,2026-01-22,2026-01-25,1,quantile,0.1,370400.18791419064
DE,35-59,2026-01-22,2026-01-25,1,quantile,0.25,435812.37177074776
DE,35-59,2026-01-22,2026-01-25,1,quantile,0.5,476923.2857152005
DE,35-59,2026-01-22,2026-01-25,1,quantile,0.75,513238.19738295954
DE,35-59,2026-01-22,2026-01-25,1,quantile,0.9,555235.5095463976
DE,35-59,2026-01-22,2026-01-25,1,quantile,0.975,574411.1118613204
DE,35-59,2026-01-22,2026-02-01,2,quantile,0.025,234506.64324123078
DE,35-59,2026-01-22,2026-02-01,2,quantile,0.1,408343.7603635258
DE,35-59,2026-01-22,2026-02-01,2,quantile,0.25,515374.2997020702
DE,35-59,2026-01-22,2026-02-01,2,quantile,0.5,562369.5035300369
DE,35-59,2026-01-22,2026-02-01,2,quantile,0.75,581487.422130837
DE,35-59,2026-01-22,2026-02-01,2,quantile,0.9,603727.0966420107
DE,35-59,2026-01-22,2026-02-01,2,quantile,0.975,648058.6570655697
DE,35-59,2026-01-22,2026-02-08,3,quantile,0.025,202583.0990164475
DE,35-59,2026-01-22,2026-02-08,3,quantile,0.1,371634.22798594617
DE,35-59,2026-01-22,2026-02-08,3,quantile,0.25,553711.678943334
DE,35-59,2026-01-22,2026-02-08,3,quantile,0.5,604957.35259813
DE,35-59,2026-01-22,2026-02-08,3,quantile,0.75,618774.1703195798
DE,35-59,2026-01-22,2026-02-08,3,quantile,0.9,638898.7721492657
DE,35-59,2026-01-22,2026-02-08,3,quantile,0.975,685790.0636436773
DE,35-59,2026-01-22,2026-02-15,4,quantile,0.025,202911.14195183368
DE,35-59,2026-01-22,2026-02-15,4,quantile,0.1,366924.7381270238
DE,35-59,2026-01-22,2026-02-15,4,quantile,0.25,541327.5693737969
DE,35-59,2026-01-22,2026-02-15,4,quantile,0.5,599544.8495591974
DE,35-59,2026-01-22,2026-02-15,4,quantile,0.75,653888.0952403252
DE,35-59,2026-01-22,2026-02-15,4,quantile,0.9,686856.785860972
DE,35-59,2026-01-22,2026-02-15,4,quantile,0.975,703723.3932390909
DE,60+,2026-01-22,2026-01-25,1,quantile,0.025,88467.82922975835
DE,60+,2026-01-22,2026-01-25,1,quantile,0.1,123627.53136727207
DE,60+,2026-01-22,2026-01-25,1,quantile,0.25,150890.1361825452
DE,60+,2026-01-22,2026-01-25,1,quantile,0.5,163371.06475075425
DE,60+,2026-01-22,2026-01-25,1,quantile,0.75,171631.44399036787
DE,60+,2026-01-22,2026-01-25,1,quantile,0.9,183239.1063203556
DE,60+,2026-01-22,2026-01-25,1,quantile,0.975,192593.37289399558
DE,60+,2026-01-22,2026-02-01,2,quantile,0.025,84931.9534142307
DE,60+,2026-01-22,2026-02-01,2,quantile,0.1,126419.03618937041
DE,60+,2026-01-22,2026-02-01,2,quantile,0.25,160132.92763214436
DE,60+,2026-01-22,2026-02-01,2,quantile,0.5,175083.2735802909
DE,60+,2026-01-22,2026-02-01,2,quantile,0.75,193672.78260774503
DE,60+,2026-01-22,2026-02-01,2,quantile,0.9,200523.9721935211
DE,60+,2026-01-22,2026-02-01,2,quantile,0.975,206790.94138492746
DE,60+,2026-01-22,2026-02-08,3,quantile,0.025,73250.41192091836
DE,60+,2026-01-22,2026-02-08,3,quantile,0.1,119234.74059298114
DE,60+,2026-01-22,2026-02-08,3,quantile,0.25,158388.3021799634
DE,60+,2026-01-22,2026-02-08,3,quantile,0.5,176043.86552324667
DE,60+,2026-01-22,2026-02-08,3,quantile,0.75,183752.79638431352
DE,60+,2026-01-22,2026-02-08,3,quantile,0.9,198666.57790483447
DE,60+,2026-01-22,2026-02-08,3,quantile,0.975,209009.78996350366
DE,60+,2026-01-22,2026-02-15,4,quantile,0.025,83253.31287536888
DE,60+,2026-01-22,2026-02-15,4,quantile,0.1,112685.33811741178
DE,60+,2026-01-22,2026-02-15,4,quantile,0.25,159199.78837821074
DE,60+,2026-01-22,2026-02-15,4,quantile,0.5,183831.70799200126
DE,60+,2026-01-22,2026-02-15,4,quantile,0.75,199130.3210250953
DE,60+,2026-01-22,2026-02-15,4,quantile,0.9,207560.54110654036
DE,60+,2026-01-22,2026-02-15,4,quantile,0.975,215375.255221328
DE,00+,2026-01-29,2026-02-01,1,quantile,0.025,789429.9684541684
DE,00+,2026-01-29,2026-02-01,1,quantile,0.1,1205710.2958124739
DE,00+,2026-01-29,2026-02-01,1,quantile,0.25,1408510.9813882397
DE,00+,2026-01-29,2026-02-01,1,quantile,0.5,1496256.179900451
DE,00+,2026-01-29,2026-02-01,1,quantile,0.75,1524896.1444589435
DE,00+,2026-01-29,2026-02-01,1,quantile,0.9,1571035.178897199
DE,00+,2026-01-29,2026-02-01,1,quantile,0.975,1659387.7632294993
DE,00+,2026-01-29,2026-02-08,2,quantile,0.025,853595.8508043836
DE,00+,2026-01-29,2026-02-08,2,quantile,0.1,1288290.9014731501
DE,00+,2026-01-29,2026-02-08,2,quantile,0.25,1563368.9977333182
DE,00+,2026-01-29,2026-02-08,2,quantile,0.5,1624740.6231165866
DE,00+,2026-01-29,2026-02-08,2,quantile,0.75,1670535.7385395186
DE,00+,2026-01-29,2026-02-08,2,quantile,0.9,1718030.2724045464
DE,00+,2026-01-29,2026-02-08,2,quantile,0.975,1764679.6779483904
DE,00+,2026-01-29,2026-02-15,3,quantile,0.025,805845.4114972345
DE,00+,2026-01-29,2026-02-15,3,quantile,0.1,1241616.5709507277
DE,00+,2026-01-29,2026-02-15,3,quantile,0.25,1540919.759977337
DE,00+,2026-01-29,2026-02-15,3,quantile,0.5,1672602.6542301797
DE,00+,2026-01-29,2026-02-15,3,quantile,0.75,1778957.2446383894
DE,00+,2026-01-29,2026-02-15,3,quantile,0.9,1829374.03318431
DE,00+,2026-01-29,2026-02-15,3,quantile,0.975,1876870.8941596258
DE,00+,2026-01-29,2026-02-22,4,quantile,0.025,697925.8521898009
DE,00+,2026-01-29,2026-02-22,4,quantile,0.1,1188177.8484073437
DE,00+,2026-01-29,2026-02-22,4,quantile,0.25,1452372.42418474
DE,00+,2026-01-29,2026-02-22,4,quantile,0.5,1575659.2553494112
DE,00+,2026-01-29,2026-02-22,4,quantile,0.75,1863066.085955243
DE,00+,2026-01-29,2026-02-22,4,quantile,0.9,1922429.802283321
DE,00+,2026-01-29,2026-02-22,4,quantile,0.975,1963579.117164183
DE,00-04,2026-01-29,2026-02-01,1,quantile,0.025,121829.67094650751
DE,00-04,2026-01-29,2026-02-01,1,quantile,0.1,166427.64893742133
DE,00-04,2026-01-29,2026-02-01,1,quantile,0.25,188689.2843310106
DE,00-04,2026-01-29,2026-02-01,1,quantile,0.5,218623.68093735026
DE,00-04,2026-01-29,2026-02-01,1,quantile,0.75,230597.4687762044
DE,00-04,2026-01-29,2026-02-01,1,quantile,0.9,238524.1588394966
DE,00-04,2026-01-29,2026-02-01,1,quantile,0.975,256206.34950689197
DE,00-04,2026-01-29,2026-02-08,2,quantile,0.025,115879.83096164491
DE,00-04,2026-01-29,2026-02-08,2,quantile,0.1,166373.83435868743
DE,00-04,2026-01-29,2026-02-08,2,quantile,0.25,189507.74541596675
DE,00-04,2026-01-29,2026-02-08,2,quantile,0.5,233897.17427639678
DE,00-04,2026-01-29,2026-02-08,2,quantile,0.75,238754.90127773024
DE,00-04,2026-01-29,2026-02-08,2,quantile,0.9,243851.12207188486
DE,00-04,2026-01-29,2026-02-08,2,quantile,0.975,259629.9920061774
DE,00-04,2026-01-29,2026-02-15,3,quantile,0.025,118353.35196444963
DE,00-04,2026-01-29,2026-02-15,3,quantile,0.1,172649.54532730445
DE,00-04,2026-01-29,2026-02-15,3,quantile,0.25,199816.26917540003
DE,00-04,2026-01-29,2026-02-15,3,quantile,0.5,242488.99239465123
DE,00-04,2026-01-29,2026-02-15,3,quantile,0.75,254440.5236017923
DE,00-04,2026-01-29,2026-02-15,3,quantile,0.9,258917.7464767662
DE,00-04,2026-01-29,2026-02-15,3,quantile,0.975,272666.928928846
DE,00-04,2026-01-29,2026-02-22,4,quantile,0.025,121307.79291229395
DE,00-04,2026-01-29,2026-02-22,4,quantile,0.1,166034.59253128912
DE,00-04,2026-01-29,2026-02-22,4,quantile,0.25,196546.30561242945
DE,00-04,2026-01-29,2026-02-22,4,quantile,0.5,228071.16954492126
DE,00-04,2026-01-29,2026-02-22,4,quantile,0.75,244476.04903767855
DE,00-04,2026-01-29,2026-02-22,4,quantile,0.9,253189.23834950203
DE,00-04,2026-01-29,2026-02-22,4,quantile,0.975,259173.1924891016
DE,05-14,2026-01-29,2026-02-01,1,quantile,0.025,92602.54474178793
DE,05-14,2026-01-29,2026-02-01,1,quantile,0.1,153153.2957255487
DE,05-14,2026-01-29,2026-02-01,1,quantile,0.25,181975.92867582076
DE,05-14,2026-01-29,2026-02-01,1,quantile,0.5,202296.44371223828
DE,05-14,2026-01-29,2026-02-01,1,quantile,0.75,216105.35240229702
DE,05-14,2026-01-29,2026-02-01,1,quantile,0.9,220936.62387305885
DE,05-14,2026-01-29,2026-02-01,1,quantile,0.975,234790.45711655956
DE,05-14,2026-01-29,2026-02-08,2,quantile,0.025,84885.10418398134
DE,05-14,2026-01-29,2026-02-08,2,quantile,0.1,171078.50227083827
DE,05-14,2026-01-29,2026-02-08,2,quantile,0.25,202545.29809198732
DE,05-14,2026-01-29,2026-02-08,2,quantile,0.5,223949.9348914972
DE,05-14,2026-01-29,2026-02-08,2,quantile,0.75,231859.22082891868
DE,05-14,2026-01-29,2026-02-08,2,quantile,0.9,236494.6698041043
DE,05-14,2026-01-29,2026-02-08,2,quantile,0.975,249075.80380734763
DE,05-14,2026-01-29,2026-02-15,3,quantile,0.025,89501.67968113012
DE,05-14,2026-01-29,2026-02-15,3,quantile,0.1,163500.45040663984
DE,05-14,2026-01-29,2026-02-15,3,quantile,0.25,203793.0724389018
DE,05-14,2026-01-29,2026-02-15,3,quantile,0.5,225327.08634490793
DE,05-14,2026-01-29,2026-02-15,3,quantile,0.75,251538.2950772731
DE,05-14,2026-01-29,2026-02-15,3,quantile,0.9,259390.4616272312
DE,05-14,2026-01-29,2026-02-15,3,quantile,0.975,269738.09371957893
DE,05-14,2026-01-29,2026-02-22,4,quantile,0.025,81189.63154064809
DE,05-14,2026-01-29,2026-02-22,4,quantile,0.1,136660.40625467672
DE,05-14,2026-01-29,2026-02-22,4,quantile,0.25,176093.27584586834
DE,05-14,2026-01-29,2026-02-22,4,quantile,0.5,195848.09890211342
DE,05-14,2026-01-29,2026-02-22,4,quantile,0.75,248487.50365317072
DE,05-14,2026-01-29,2026-02-22,4,quantile,0.9,260872.646279395
DE,05-14,2026-01-29,2026-02-22,4,quantile,0.975,265895.9706081891
DE,15-34,2026-01-29,2026-02-01,1,quantile,0.025,216693.2694355171
DE,15-34,2026-01-29,2026-02-01,1,quantile,0.1,326480.3467591382
DE,15-34,2026-01-29,2026-02-01,1,quantile,0.25,375715.96559830324
DE,15-34,2026-01-29,2026-02-01,1,quantile,0.5,398305.5786283921
DE,15-34,2026-01-29,2026-02-01,1,quantile,0.75,418408.6672797842
DE,15-34,2026-01-29,2026-02-01,1,quantile,0.9,435960.55663124984
DE,15-34,2026-01-29,2026-02-01,1,quantile,0.975,455451.3733454511
DE,15-34,2026-01-29,2026-02-08,2,quantile,0.025,227980.9562376854
DE,15-34,2026-01-29,2026-02-08,2,quantile,0.1,359154.42316099093
DE,15-34,2026-01-29,2026-02-08,2,quantile,0.25,428764.99587382714
DE,15-34,2026-01-29,2026-02-08,2,quantile,0.5,447120.6687808822
DE,15-34,2026-01-29,2026-02-08,2,quantile,0.75,453578.30387738656
DE,15-34,2026-01-29,2026-02-08,2,quantile,0.9,465295.9470171047
DE,15-34,2026-01-29,2026-02-08,2,quantile,0.975,474837.9345885309
DE,15-34,2026-01-29,2026-02-15,3,quantile,0.025,212560.11593697444
DE,15-34,2026-01-29,2026-02-15,3,quantile,0.1,348863.79378985596
DE,15-34,2026-01-29,2026-02-15,3,quantile,0.25,420503.2883291066
DE,15-34,2026-01-29,2026-02-15,3,quantile,0.5,454000.7190984753
DE,15-34,2026-01-29,2026-02-15,3,quantile,0.75,478883.56293476204
DE,15-34,2026-01-29,2026-02-15,3,quantile,0.9,496442.41908770567
DE,15-34,2026-01-29,2026-02-15,3,quantile,0.975,506144.6878050963
DE,15-34,2026-01-29,2026-02-22,4,quantile,0.025,187756.57884725247
DE,15-34,2026-01-29,2026-02-22,4,quantile,0.1,337254.06219893007
DE,15-34,2026-01-29,2026-02-22,4,quantile,0.25,400714.67542067874
DE,15-34,2026-01-29,2026-02-22,4,quantile,0.5,429713.4174358339
DE,15-34,2026-01-29,2026-02-22,4,quantile,0.75,508964.08338437823
DE,15-34,2026-01-29,2026-02-22,4,quantile,0.9,516118.8989654228
DE,15-34,2026-01-29,2026-02-22,4,quantile,0.975,526666.9646664275
DE,35-59,2026-01-29,2026-02-01,1,quantile,0.025,265093.62035674776
DE,35-59,2026-01-29,2026-02-01,1,quantile,0.1,402234.5151673807
DE,35-59,2026-01-29,2026-02-01,1,quantile,0.25,466186.54320423154
DE,35-59,2026-01-29,2026-02-01,1,quantile,0.5,507904.71356151515
DE,35-59,2026-01-29,2026-02-01,1,quantile,0.75,532979.8788204977
DE,35-59,2026-01-29,2026-02-01,1,quantile,0.9,548353.2902551711
DE,35-59,2026-01-29,2026-02-01,1,quantile,0.975,572800.5033657319
DE,35-59,2026-01-29,2026-02-08,2,quantile,0.025,259970.5843073177
DE,35-59,2026-01-29,2026-02-08,2,quantile,0.1,425874.5103989059
DE,35-59,2026-01-29,2026-02-08,2,quantile,0.25,531550.539521511
DE,35-59,2026-01-29,2026-02-08,2,quantile,0.5,564441.1163075798
DE,35-59,2026-01-29,2026-02-08,2,quantile,0.75,581429.1597917757
DE,35-59,2026-01-29,2026-02-08,2,quantile,0.9,603891.9440851134
DE,35-59,2026-01-29,2026-02-08,2,quantile,0.975,621990.3357416885
DE,35-59,2026-01-29,2026-02-15,3,quantile,0.025,260187.85636606472
DE,35-59,2026-01-29,2026-02-15,3,quantile,0.1,412909.6299455477
DE,35-59,2026-01-29,2026-02-15,3,quantile,0.25,546650.8742961318
DE,35-59,2026-01-29,2026-02-15,3,quantile,0.5,589101.4374918852
DE,35-59,2026-01-29,2026-02-15,3,quantile,0.75,611858.3379969643
DE,35-59,2026-01-29,2026-02-15,3,quantile,0.9,631676.9249366639
DE,35-59,2026-01-29,2026-02-15,3,quantile,0.975,661220.9592850851
DE,35-59,2026-01-29,2026-02-22,4,quantile,0.025,209311.94320109935
DE,35-59,2026-01-29,2026-02-22,4,quantile,0.1,395247.6383142615
DE,35-59,2026-01-29,2026-02-22,4,quantile,0.25,505229.3700641742
DE,35-59,2026-01-29,2026-02-22,4,quantile,0.5,555861.1446374103
DE,35-59,2026-01-29,2026-02-22,4,quantile,0.75,640309.2454904646
DE,35-59,2026-01-29,2026-02-22,4,quantile,0.9,671332.7902565916
DE,35-59,2026-01-29,2026-02-22,4,quantile,0.975,691660.2930183738
DE,60+,2026-01-29,2026-02-01,1,quantile,0.025,93027.0971163995
DE,60+,2026-01-29,2026-02-01,1,quantile,0.1,122550.83145816084
DE,60+,2026-01-29,2026-02-01,1,quantile,0.25,141610.61072388382
DE,60+,2026-01-29,2026-02-01,1,quantile,0.5,158755.6901453462
DE,60+,2026-01-29,2026-02-01,1,quantile,0.75,171277.22316079104
DE,60+,2026-01-29,2026-02-01,1,quantile,0.9,183604.71238154295
DE,60+,2026-01-29,2026-02-01,1,quantile,0.975,188674.8713741423
DE,60+,2026-01-29,2026-02-08,2,quantile,0.025,94810.3073089665
DE,60+,2026-01-29,2026-02-08,2,quantile,0.1,132446.02905484196
DE,60+,2026-01-29,2026-02-08,2,quantile,0.25,158265.95241476299
DE,60+,2026-01-29,2026-02-08,2,quantile,0.5,167337.33588136575
DE,60+,2026-01-29,2026-02-08,2,quantile,0.75,186017.09267536542
DE,60+,2026-01-29,2026-02-08,2,quantile,0.9,196250.71951020803
DE,60+,2026-01-29,2026-02-08,2,quantile,0.975,207943.54724321354
DE,60+,2026-01-29,2026-02-15,3,quantile,0.025,93575.14191955753
DE,60+,2026-01-29,2026-02-15,3,quantile,0.1,128873.49724601589
DE,60+,2026-01-29,2026-02-15,3,quantile,0.25,151367.58958726446
DE,60+,2026-01-29,2026-02-15,3,quantile,0.5,176335.24275271024
DE,60+,2026-01-29,2026-02-15,3,quantile,0.75,186860.28698202298
DE,60+,2026-01-29,2026-02-15,3,quantile,0.9,194842.22341339072
DE,60+,2026-01-29,2026-02-15,3,quantile,0.975,205931.1107567571
DE,60+,2026-01-29,2026-02-22,4,quantile,0.025,90624.09088077195
DE,60+,2026-01-29,2026-02-22,4,quantile,0.1,128609.8602527132
DE,60+,2026-01-29,2026-02-22,4,quantile,0.25,150602.6607663848
DE,60+,2026-01-29,2026-02-22,4,quantile,0.5,180261.3686731796
DE,60+,2026-01-29,2026-02-22,4,quantile,0.75,201255.08395129535
DE,60+,2026-01-29,2026-02-22,4,quantile,0.9,212668.5238908863
DE,60+,2026-01-29,2026-02-22,4,quantile,0.975,228841.5840420238
DE,00+,2026-02-05,2026-02-08,1,quantile,0.025,708938.5520377592
DE,00+,2026-02-05,2026-02-08,1,quantile,0.1,1340991.3317718583
DE,00+,2026-02-05,2026-02-08,1,quantile,0.25,1619952.3470894464
DE,00+,2026-02-05,2026-02-08,1,quantile,0.5,1713649.1638457652
DE,00+,2026-02-05,2026-02-08,1,quantile,0.75,1767727.059284353
DE,00+,2026-02-05,2026-02-08,1,quantile,0.9,1847279.4534392196
DE,00+,2026-02-05,2026-02-08,1,quantile,0.975,2068579.7692220495
DE,00+,2026-02-05,2026-02-15,2,quantile,0.025,747216.6047510507
DE,00+,2026-02-05,2026-02-15,2,quantile,0.1,1260068.8451134954
DE,00+,2026-02-05,2026-02-15,2,quantile,0.25,1579575.2042977985
DE,00+,2026-02-05,2026-02-15,2,quantile,0.5,1720328.3238478384
DE,00+,2026-02-05,2026-02-15,2,quantile,0.75,1826881.6529646278
DE,00+,2026-02-05,2026-02-15,2,quantile,0.9,1903351.537790838
DE,00+,2026-02-05,2026-02-15,2,quantile,0.975,2067361.688760468
DE,00+,2026-02-05,2026-02-22,3,quantile,0.025,612437.8025113356
DE,00+,2026-02-05,2026-02-22,3,quantile,0.1,1190552.5622745487
DE,00+,2026-02-05,2026-02-22,3,quantile,0.25,1497610.7787439395
DE,00+,2026-02-05,2026-02-22,3,quantile,0.5,1616668.987170924
DE,00+,2026-02-05,2026-02-22,3,quantile,0.75,1841166.579539181
DE,00+,2026-02-05,2026-02-22,3,quantile,0.9,1960245.5512927312
DE,00+,2026-02-05,2026-02-22,3,quantile,0.975,2070006.4001698743
DE,00+,2026-02-05,2026-03-01,4,quantile,0.025,547490.7775233603
DE,00+,2026-02-05,2026-03-01,4,quantile,0.1,1157324.3211205176
DE,00+,2026-02-05,2026-03-01,4,quantile,0.25,1426870.5813876914
DE,00+,2026-02-05,2026-03-01,4,quantile,0.5,1513282.105911009
DE,00+,2026-02-05,2026-03-01,4,quantile,0.75,1834761.4618111078
DE,00+,2026-02-05,2026-03-01,4,quantile,0.9,1980370.8729239996
DE,00+,2026-02-05,2026-03-01,4,quantile,0.975,2019048.0343458864
DE,00-04,2026-02-05,2026-02-08,1,quantile,0.025,115442.41532962045
DE,00-04,2026-02-05,2026-02-08,1,quantile,0.1,175591.1362663595
DE,00-04,2026-02-05,2026-02-08,1,quantile,0.25,233170.9232005997
DE,00-04,2026-02-05,2026-02-08,1,quantile,0.5,248528.02460560942
DE,00-04,2026-02-05,2026-02-08,1,quantile,0.75,255585.65732180624
DE,00-04,2026-02-05,2026-02-08,1,quantile,0.9,261132.1235098716
DE,00-04,2026-02-05,2026-02-08,1,quantile,0.975,288713.7188965566
DE,00-04,2026-02-05,2026-02-15,2,quantile,0.025,106005.2464068026
DE,00-04,2026-02-05,2026-02-15,2,quantile,0.1,178228.76240637968
DE,00-04,2026-02-05,2026-02-15,2,quantile,0.25,218023.86074154236
DE,00-04,2026-02-05,2026-02-15,2,quantile,0.5,259369.25949327002
DE,00-04,2026-02-05,2026-02-15,2,quantile,0.75,263603.0829317622
DE,00-04,2026-02-05,2026-02-15,2,quantile,0.9,269626.8765749298
DE,00-04,2026-02-05,2026-02-15,2,quantile,0.975,278423.04451434186
DE,00-04,2026-02-05,2026-02-22,3,quantile,0.025,98957.09464362703
DE,00-04,2026-02-05,2026-02-22,3,quantile,0.1,169124.3582353482
DE,00-04,2026-02-05,2026-02-22,3,quantile,0.25,217978.84762064004
DE,00-04,2026-02-05,2026-02-22,3,quantile,0.5,245704.28039166649
DE,00-04,2026-02-05,2026-02-22,3,quantile,0.75,258320.56474011642
DE,00-04,2026-02-05,2026-02-22,3,quantile,0.9,269710.8811269278
DE,00-04,2026-02-05,2026-02-22,3,quantile,0.975,282118.9789981289
DE,00-04,2026-02-05,2026-03-01,4,quantile,0.025,92756.360423854
DE,00-04,2026-02-05,2026-03-01,4,quantile,0.1,157387.90494083785
DE,00-04,2026-02-05,2026-03-01,4,quantile,0.25,203013.03788622894
DE,00-04,2026-02-05,2026-03-01,4,quantile,0.5,232110.1794275889
DE,00-04,2026-02-05,2026-03-01,4,quantile,0.75,253644.7705123991
DE,00-04,2026-02-05,2026-03-01,4,quantile,0.9,258692.37738063367
DE,00-04,2026-02-05,2026-03-01,4,quantile,0.975,276620.6483322295
DE,05-14,2026-02-05,2026-02-08,1,quantile,0.025,86762.7386002479
DE,05-14,2026-02-05,2026-02-08,1,quantile,0.1,173458.33237156377
DE,05-14,2026-02-05,2026-02-08,1,quantile,0.25,210358.30065005663
DE,05-14,2026-02-05,2026-02-08,1,quantile,0.5,234868.70316100874
DE,05-14,2026-02-05,2026-02-08,1,quantile,0.75,247129.96143267298
DE,05-14,2026-02-05,2026-02-08,1,quantile,0.9,253520.40570106535
DE,05-14,2026-02-05,2026-02-08,1,quantile,0.975,296741.62718136114
DE,05-14,2026-02-05,2026-02-15,2,quantile,0.025,78795.39120332742
DE,05-14,2026-02-05,2026-02-15,2,quantile,0.1,171340.08461993447
DE,05-14,2026-02-05,2026-02-15,2,quantile,0.25,205846.26838942376
DE,05-14,2026-02-05,2026-02-15,2,quantile,0.5,229873.0358688124
DE,05-14,2026-02-05,2026-02-15,2,quantile,0.75,247698.649646626
DE,05-14,2026-02-05,2026-02-15,2,quantile,0.9,255013.48344160887
DE,05-14,2026-02-05,2026-02-15,2,quantile,0.975,274794.63555376866
DE,05-14,2026-02-05,2026-02-22,3,quantile,0.025,67824.37868197405
DE,05-14,2026-02-05,2026-02-22,3,quantile,0.1,151111.62527206208
DE,05-14,2026-02-05,2026-02-22,3,quantile,0.25,189784.17395487687
DE,05-14,2026-02-05,2026-02-22,3,quantile,0.5,205648.2221329945
DE,05-14,2026-02-05,2026-02-22,3,quantile,0.75,246210.66912466305
DE,05-14,2026-02-05,2026-02-22,3,quantile,0.9,256548.32519839355
DE,05-14,2026-02-05,2026-02-22,3,quantile,0.975,272449.66153766296
DE,05-14,2026-02-05,2026-03-01,4,quantile,0.025,63650.90843451838
DE,05-14,2026-02-05,2026-03-01,4,quantile,0.1,135945.04634525982
DE,05-14,2026-02-05,2026-03-01,4,quantile,0.25,170745.64049829854
DE,05-14,2026-02-05,2026-03-01,4,quantile,0.5,197693.56809376858
DE,05-14,2026-02-05,2026-03-01,4,quantile,0.75,246556.347418273
DE,05-14,2026-02-05,2026-03-01,4,quantile,0.9,256592.65761004481
DE,05-14,2026-02-05,2026-03-01,4,quantile,0.975,263243.0565187966
DE,15-34,2026-02-05,2026-02-08,1,quantile,0.025,208134.209849678
DE,15-34,2026-02-05,2026-02-08,1,quantile,0.1,381688.8731659716
DE,15-34,2026-02-05,2026-02-08,1,quantile,0.25,443002.7300292356
DE,15-34,2026-02-05,2026-02-08,1,quantile,0.5,454259.173630396
DE,15-34,2026-02-05,2026-02-08,1,quantile,0.75,467168.3906803081
DE,15-34,2026-02-05,2026-02-08,1,quantile,0.9,491619.9848723655
DE,15-34,2026-02-05,2026-02-08,1,quantile,0.975,534956.9824466773
DE,15-34,2026-02-05,2026-02-15,2,quantile,0.025,209160.66544462708
DE,15-34,2026-02-05,2026-02-15,2,quantile,0.1,363263.64656589366
DE,15-34,2026-02-05,2026-02-15,2,quantile,0.25,431729.9129044193
DE,15-34,2026-02-05,2026-02-15,2,quantile,0.5,462453.8772123352
DE,15-34,2026-02-05,2026-02-15,2,quantile,0.75,484542.4658411367
DE,15-34,2026-02-05,2026-02-15,2,quantile,0.9,505808.4035507421
DE,15-34,2026-02-05,2026-02-15,2,quantile,0.975,540788.6480366003
DE,15-34,2026-02-05,2026-02-22,3,quantile,0.025,174306.44108058346
DE,15-34,2026-02-05,2026-02-22,3,quantile,0.1,347570.9016797332
DE,15-34,2026-02-05,2026-02-22,3,quantile,0.25,407772.75740463834
DE,15-34,2026-02-05,2026-02-22,3,quantile,0.5,438658.8534650117
DE,15-34,2026-02-05,2026-02-22,3,quantile,0.75,494194.8758669292
DE,15-34,2026-02-05,2026-02-22,3,quantile,0.9,524303.5623807248
DE,15-34,2026-02-05,2026-02-22,3,quantile,0.975,554224.9489322016
DE,15-34,2026-02-05,2026-03-01,4,quantile,0.025,162808.79360414765
DE,15-34,2026-02-05,2026-03-01,4,quantile,0.1,326560.83580251585
DE,15-34,2026-02-05,2026-03-01,4,quantile,0.25,393380.2411141511
DE,15-34,2026-02-05,2026-03-01,4,quantile,0.5,422064.9415785769
DE,15-34,2026-02-05,2026-03-01,4,quantile,0.75,501867.5752189825
DE,15-34,2026-02-05,2026-03-01,4,quantile,0.9,526232.9943345126
DE,15-34,2026-02-05,2026-03-01,4,quantile,0.975,546130.7610033132
DE,35-59,2026-02-05,2026-02-08,1,quantile,0.025,237409.5143605594
DE,35-59,2026-02-05,2026-02-08,1,quantile,0.1,448700.8265055812
DE,35-59,2026-02-05,2026-02-08,1,quantile,0.25,552359.771674747
DE,35-59,2026-02-05,2026-02-08,1,quantile,0.5,602238.6624375866
DE,35-59,2026-02-05,2026-02-08,1,quantile,0.75,628540.8866504556
DE,35-59,2026-02-05,2026-02-08,1,quantile,0.9,668207.4247481262
DE,35-59,2026-02-05,2026-02-08,1,quantile,0.975,724802.1212118451
DE,35-59,2026-02-05,2026-02-15,2,quantile,0.025,222548.9689489839
DE,35-59,2026-02-05,2026-02-15,2,quantile,0.1,423892.8799499981
DE,35-59,2026-02-05,2026-02-15,2,quantile,0.25,554311.847124828
DE,35-59,2026-02-05,2026-02-15,2,quantile,0.5,614565.1458962037
DE,35-59,2026-02-05,2026-02-15,2,quantile,0.75,661274.6244564678
DE,35-59,2026-02-05,2026-02-15,2,quantile,0.9,707628.800479681
DE,35-59,2026-02-05,2026-02-15,2,quantile,0.975,755962.6914810039
DE,35-59,2026-02-05,2026-02-22,3,quantile,0.025,191204.21643718588
DE,35-59,2026-02-05,2026-02-22,3,quantile,0.1,393904.12523377844
DE,35-59,2026-02-05,2026-02-22,3,quantile,0.25,526543.6050939744
DE,35-59,2026-02-05,2026-02-22,3,quantile,0.5,587871.9858283282
DE,35-59,2026-02-05,2026-02-22,3,quantile,0.75,655749.7828311039
DE,35-59,2026-02-05,2026-02-22,3,quantile,0.9,709926.2331144174
DE,35-59,2026-02-05,2026-02-22,3,quantile,0.975,759357.5665211658
DE,35-59,2026-02-05,2026-03-01,4,quantile,0.025,159259.57381058153
DE,35-59,2026-02-05,2026-03-01,4,quantile,0.1,370598.4842275109
DE,35-59,2026-02-05,2026-03-01,4,quantile,0.25,478214.15539691754
DE,35-59,2026-02-05,2026-03-01,4,quantile,0.5,533487.336607851
DE,35-59,2026-02-05,2026-03-01,4,quantile,0.75,667950.102137746
DE,35-59,2026-02-05,2026-03-01,4,quantile,0.9,714319.2374285969
DE,35-59,2026-02-05,2026-03-01,4,quantile,0.975,745620.4340293856
DE,60+,2026-02-05,2026-02-08,1,quantile,0.025,88099.7100334847
DE,60+,2026-02-05,2026-02-08,1,quantile,0.1,140806.8641525015
DE,60+,2026-02-05,2026-02-08,1,quantile,0.25,170999.19097729132
DE,60+,2026-02-05,2026-02-08,1,quantile,0.5,185484.50009306177
DE,60+,2026-02-05,2026-02-08,1,quantile,0.75,196443.47831117213
DE,60+,2026-02-05,2026-02-08,1,quantile,0.9,202170.3641595326
DE,60+,2026-02-05,2026-02-08,1,quantile,0.975,227499.60890556787
DE,60+,2026-02-05,2026-02-15,2,quantile,0.025,86665.21212346051
DE,60+,2026-02-05,2026-02-15,2,quantile,0.1,131364.38286584665
DE,60+,2026-02-05,2026-02-15,2,quantile,0.25,165979.04588558915
DE,60+,2026-02-05,2026-02-15,2,quantile,0.5,183816.99869264223
DE,60+,2026-02-05,2026-02-15,2,quantile,0.75,204465.20878414478
DE,60+,2026-02-05,2026-02-15,2,quantile,0.9,228137.22287813487
DE,60+,2026-02-05,2026-02-15,2,quantile,0.975,256872.51380426757
DE,60+,2026-02-05,2026-02-22,3,quantile,0.025,69761.18885382333
DE,60+,2026-02-05,2026-02-22,3,quantile,0.1,128265.9964566461
DE,60+,2026-02-05,2026-02-22,3,quantile,0.25,158973.71625322825
DE,60+,2026-02-05,2026-02-22,3,quantile,0.5,180589.1025960178
DE,60+,2026-02-05,2026-02-22,3,quantile,0.75,197206.59857092268
DE,60+,2026-02-05,2026-02-22,3,quantile,0.9,223708.9339452081
DE,60+,2026-02-05,2026-02-22,3,quantile,0.975,242731.71250474415
DE,60+,2026-02-05,2026-03-01,4,quantile,0.025,73722.00465029982
DE,60+,2026-02-05,2026-03-01,4,quantile,0.1,121836.0545734083
DE,60+,2026-02-05,2026-03-01,4,quantile,0.25,151399.9219906847
DE,60+,2026-02-05,2026-03-01,4,quantile,0.5,178889.87276503857
DE,60+,2026-02-05,2026-03-01,4,quantile,0.75,215084.6027385795
DE,60+,2026-02-05,2026-03-01,4,quantile,0.9,237930.04430809306
DE,60+,2026-02-05,2026-03-01,4,quantile,0.975,250378.46537034662
DE,00+,2026-02-12,2026-02-15,1,quantile,0.025,724972.1545263941
DE,00+,2026-02-12,2026-02-15,1,quantile,0.1,1344283.049696444
DE,00+,2026-02-12,2026-02-15,1,quantile,0.25,1594406.4223765046
DE,00+,2026-02-12,2026-02-15,1,quantile,0.5,1736559.5049355538
DE,00+,2026-02-12,2026-02-15,1,quantile,0.75,1803212.7974757464
DE,00+,2026-02-12,2026-02-15,1,quantile,0.9,1885971.9467787307
DE,00+,2026-02-12,2026-02-15,1,quantile,0.975,2090223.2637467664
DE,00+,2026-02-12,2026-02-22,2,quantile,0.025,736603.4646912527
DE,00+,2026-02-12,2026-02-22,2,quantile,0.1,1299880.0790969816
DE,00+,2026-02-12,2026-02-22,2,quantile,0.25,1546142.4644406051
DE,00+,2026-02-12,2026-02-22,2,quantile,0.5,1656671.3376763747
DE,00+,2026-02-12,2026-02-22,2,quantile,0.75,1789146.5433445268
DE,00+,2026-02-12,2026-02-22,2,quantile,0.9,1853608.4456635923
DE,00+,2026-02-12,2026-02-22,2,quantile,0.975,2040837.8518694595
DE,00+,2026-02-12,2026-03-01,3,quantile,0.025,648965.6346690154
DE,00+,2026-02-12,2026-03-01,3,quantile,0.1,1165665.196943179
DE,00+,2026-02-12,2026-03-01,3,quantile,0.25,1394739.4573862483
DE,00+,2026-02-12,2026-03-01,3,quantile,0.5,1504767.6460730678
DE,00+,2026-02-12,2026-03-01,3,quantile,0.75,1761027.76761988
DE,00+,2026-02-12,2026-03-01,3,quantile,0.9,1853654.3968120036
DE,00+,2026-02-12,2026-03-01,3,quantile,0.975,1961032.998948257
DE,00+,2026-02-12,2026-03-08,4,quantile,0.025,616699.8619659417
DE,00+,2026-02-12,2026-03-08,4,quantile,0.1,1173875.324194522
DE,00+,2026-02-12,2026-03-08,4,quantile,0.25,1319376.2012288119
DE,00+,2026-02-12,2026-03-08,4,quantile,0.5,1475831.8052136968
DE,00+,2026-02-12,2026-03-08,4,quantile,0.75,1608731.4086701393
DE,00+,2026-02-12,2026-03-08,4,quantile,0.9,1732091.0122246481
DE,00+,2026-02-12,2026-03-08,4,quantile,0.975,1924011.4928995613
DE,00-04,2026-02-12,2026-02-15,1,quantile,0.025,113520.44262851549
DE,00-04,2026-02-12,2026-02-15,1,quantile,0.1,183234.64997714572
DE,00-04,2026-02-12,2026-02-15,1,quantile,0.25,228961.65829208368
DE,00-04,2026-02-12,2026-02-15,1,quantile,0.5,242576.33322695005
DE,00-04,2026-02-12,2026-02-15,1,quantile,0.75,245952.51749265497
DE,00-04,2026-02-12,2026-02-15,1,quantile,0.9,260795.28194288365
DE,00-04,2026-02-12,2026-02-15,1,quantile,0.975,277076.8939259914
DE,00-04,2026-02-12,2026-02-22,2,quantile,0.025,106914.63370291745
DE,00-04,2026-02-12,2026-02-22,2,quantile,0.1,177731.2964028629
DE,00-04,2026-02-12,2026-02-22,2,quantile,0.25,217047.29219717477
DE,00-04,2026-02-12,2026-02-22,2,quantile,0.5,239293.63844628842
DE,00-04,2026-02-12,2026-02-22,2,quantile,0.75,248823.36624576477
DE,00-04,2026-02-12,2026-02-22,2,quantile,0.9,260576.11654051027
DE,00-04,2026-02-12,2026-02-22,2,quantile,0.975,275373.7913345821
DE,00-04,2026-02-12,2026-03-01,3,quantile,0.025,96793.7644839373
DE,00-04,2026-02-12,2026-03-01,3,quantile,0.1,165581.75436712796
DE,00-04,2026-02-12,2026-03-01,3,quantile,0.25,213538.83973092918
DE,00-04,2026-02-12,2026-03-01,3,quantile,0.5,231330.561254586
DE,00-04,2026-02-12,2026-03-01,3,quantile,0.75,243895.13250767376
DE,00-04,2026-02-12,2026-03-01,3,quantile,0.9,252227.39056627112
DE,00-04,2026-02-12,2026-03-01,3,quantile,0.975,277515.6181209576
DE,00-04,2026-02-12,2026-03-08,4,quantile,0.025,99099.42917946748
DE,00-04,2026-02-12,2026-03-08,4,quantile,0.1,162894.46199391052
DE,00-04,2026-02-12,2026-03-08,4,quantile,0.25,200635.79111708966
DE,00-04,2026-02-12,2026-03-08,4,quantile,0.5,216975.04511279878
DE,00-04,2026-02-12,2026-03-08,4,quantile,0.75,224607.87072791593
DE,00-04,2026-02-12,2026-03-08,4,quantile,0.9,232611.6393515206
DE,00-04,2026-02-12,2026-03-08,4,quantile,0.975,254559.30168947802
DE,05-14,2026-02-12,2026-02-15,1,quantile,0.025,83552.14412314694
DE,05-14,2026-02-12,2026-02-15,1,quantile,0.1,172400.70483538156
DE,05-14,2026-02-12,2026-02-15,1,quantile,0.25,201319.4475887054
DE,05-14,2026-02-12,2026-02-15,1,quantile,0.5,210673.91952250758
DE,05-14,2026-02-12,2026-02-15,1,quantile,0.75,216319.9462117712
DE,05-14,2026-02-12,2026-02-15,1,quantile,0.9,232379.4562034146
DE,05-14,2026-02-12,2026-02-15,1,quantile,0.975,260443.29761953605
DE,05-14,2026-02-12,2026-02-22,2,quantile,0.025,74363.00607798534
DE,05-14,2026-02-12,2026-02-22,2,quantile,0.1,162224.77254290652
DE,05-14,2026-02-12,2026-02-22,2,quantile,0.25,187300.81945269278
DE,05-14,2026-02-12,2026-02-22,2,quantile,0.5,202044.96278813807
DE,05-14,2026-02-12,2026-02-22,2,quantile,0.75,221228.4002002477
DE,05-14,2026-02-12,2026-02-22,2,quantile,0.9,235064.98501443345
DE,05-14,2026-02-12,2026-02-22,2,quantile,0.975,252015.5436300314
DE,05-14,2026-02-12,2026-03-01,3,quantile,0.025,69499.68191550518
DE,05-14,2026-02-12,2026-03-01,3,quantile,0.1,148375.947702554
DE,05-14,2026-02-12,2026-03-01,3,quantile,0.25,166976.71947955026
DE,05-14,2026-02-12,2026-03-01,3,quantile,0.5,189391.32907254942
DE,05-14,2026-02-12,2026-03-01,3,quantile,0.75,230341.0736620787
DE,05-14,2026-02-12,2026-03-01,3,quantile,0.9,245786.72435622808
DE,05-14,2026-02-12,2026-03-01,3,quantile,0.975,255055.4426701686
DE,05-14,2026-02-12,2026-03-08,4,quantile,0.025,64818.7284218245
DE,05-14,2026-02-12,2026-03-08,4,quantile,0.1,131887.2595191929
DE,05-14,2026-02-12,2026-03-08,4,quantile,0.25,164564.95239990723
DE,05-14,2026-02-12,2026-03-08,4,quantile,0.5,185698.02885162947
DE,05-14,2026-02-12,2026-03-08,4,quantile,0.75,206547.72479439844
DE,05-14,2026-02-12,2026-03-08,4,quantile,0.9,222988.43033856415
DE,05-14,2026-02-12,2026-03-08,4,quantile,0.975,265574.97065568925
DE,15-34,2026-02-12,2026-02-15,1,quantile,0.025,210978.93960618047
DE,15-34,2026-02-12,2026-02-15,1,quantile,0.1,373937.9812087221
DE,15-34,2026-02-12,2026-02-15,1,quantile,0.25,437449.9921127906
DE,15-34,2026-02-12,2026-02-15,1,quantile,0.5,465497.73096459534
DE,15-34,2026-02-12,2026-02-15,1,quantile,0.75,491452.8992018206
DE,15-34,2026-02-12,2026-02-15,1,quantile,0.9,515637.63496897445
DE,15-34,2026-02-12,2026-02-15,1,quantile,0.975,550967.3450305857
DE,15-34,2026-02-12,2026-02-22,2,quantile,0.025,206153.7103202034
DE,15-34,2026-02-12,2026-02-22,2,quantile,0.1,358427.71009293594
DE,15-34,2026-02-12,2026-02-22,2,quantile,0.25,415583.28007371083
DE,15-34,2026-02-12,2026-02-22,2,quantile,0.5,440374.16969884775
DE,15-34,2026-02-12,2026-02-22,2,quantile,0.75,481542.96651757637
DE,15-34,2026-02-12,2026-02-22,2,quantile,0.9,499398.29942771763
DE,15-34,2026-02-12,2026-02-22,2,quantile,0.975,541627.4479960594
DE,15-34,2026-02-12,2026-03-01,3,quantile,0.025,178744.41046270262
DE,15-34,2026-02-12,2026-03-01,3,quantile,0.1,337662.1361786704
DE,15-34,2026-02-12,2026-03-01,3,quantile,0.25,374326.85931654955
DE,15-34,2026-02-12,2026-03-01,3,quantile,0.5,406327.3003057103
DE,15-34,2026-02-12,2026-03-01,3,quantile,0.75,469460.5340713885
DE,15-34,2026-02-12,2026-03-01,3,quantile,0.9,492334.8575239321
DE,15-34,2026-02-12,2026-03-01,3,quantile,0.975,514504.5539081334
DE,15-34,2026-02-12,2026-03-08,4,quantile,0.025,176776.2142392095
DE,15-34,2026-02-12,2026-03-08,4,quantile,0.1,314426.9309263832
DE,15-34,2026-02-12,2026-03-08,4,quantile,0.25,356910.63289981184
DE,15-34,2026-02-12,2026-03-08,4,quantile,0.5,407251.93473896646
DE,15-34,2026-02-12,2026-03-08,4,quantile,0.75,447841.7444331037
DE,15-34,2026-02-12,2026-03-08,4,quantile,0.9,473699.2266003719
DE,15-34,2026-02-12,2026-03-08,4,quantile,0.975,510810.5968565247
DE,35-59,2026-02-12,2026-02-15,1,quantile,0.025,243465.0494091517
DE,35-59,2026-02-12,2026-02-15,1,quantile,0.1,454013.0521830862
DE,35-59,2026-02-12,2026-02-15,1,quantile,0.25,556785.0629654424
DE,35-59,2026-02-12,2026-02-15,1,quantile,0.5,624040.7595324453
DE,35-59,2026-02-12,2026-02-15,1,quantile,0.75,672189.7786361144
DE,35-59,2026-02-12,2026-02-15,1,quantile,0.9,706884.4198635395
DE,35-59,2026-02-12,2026-02-15,1,quantile,0.975,751323.7988304583
DE,35-59,2026-02-12,2026-02-22,2,quantile,0.025,219398.91474684057
DE,35-59,2026-02-12,2026-02-22,2,quantile,0.1,442959.33487014053
DE,35-59,2026-02-12,2026-02-22,2,quantile,0.25,552057.8038336465
DE,35-59,2026-02-12,2026-02-22,2,quantile,0.5,596130.5208889217
DE,35-59,2026-02-12,2026-02-22,2,quantile,0.75,665350.5838730172
DE,35-59,2026-02-12,2026-02-22,2,quantile,0.9,718238.3755183418
DE,35-59,2026-02-12,2026-02-22,2,quantile,0.975,766489.131456401
DE,35-59,2026-02-12,2026-03-01,3,quantile,0.025,202916.46962201863
DE,35-59,2026-02-12,2026-03-01,3,quantile,0.1,397457.40793879447
DE,35-59,2026-02-12,2026-03-01,3,quantile,0.25,476847.3071666034
DE,35-59,2026-02-12,2026-03-01,3,quantile,0.5,536731.0244839231
DE,35-59,2026-02-12,2026-03-01,3,quantile,0.75,632623.1715192202
DE,35-59,2026-02-12,2026-03-01,3,quantile,0.9,682727.9139879807
DE,35-59,2026-02-12,2026-03-01,3,quantile,0.975,725011.7268036399
DE,35-59,2026-02-12,2026-03-08,4,quantile,0.025,185845.78989767106
DE,35-59,2026-02-12,2026-03-08,4,quantile,0.1,384873.73753332795
DE,35-59,2026-02-12,2026-03-08,4,quantile,0.25,435923.09847726877
DE,35-59,2026-02-12,2026-03-08,4,quantile,0.5,510201.82951385697
DE,35-59,2026-02-12,2026-03-08,4,quantile,0.75,558007.253036668
DE,35-59,2026-02-12,2026-03-08,4,quantile,0.9,608975.1541643869
DE,35-59,2026-02-12,2026-03-08,4,quantile,0.975,681604.7066770395
DE,60+,2026-02-12,2026-02-15,1,quantile,0.025,87273.54764037475
DE,60+,2026-02-12,2026-02-15,1,quantile,0.1,140330.82279393502
DE,60+,2026-02-12,2026-02-15,1,quantile,0.25,169248.18091969553
DE,60+,2026-02-12,2026-02-15,1,quantile,0.5,187445.05466166133
DE,60+,2026-02-12,2026-02-15,1,quantile,0.75,209148.82945531857
DE,60+,2026-02-12,2026-02-15,1,quantile,0.9,226020.50931868347
DE,60+,2026-02-12,2026-02-15,1,quantile,0.975,244414.70228466537
DE,60+,2026-02-12,2026-02-22,2,quantile,0.025,83803.19260815105
DE,60+,2026-02-12,2026-02-22,2,quantile,0.1,136157.96795173254
DE,60+,2026-02-12,2026-02-22,2,quantile,0.25,171032.10908342508
DE,60+,2026-02-12,2026-02-22,2,quantile,0.5,195809.5613070714
DE,60+,2026-02-12,2026-02-22,2,quantile,0.75,211269.60847103567
DE,60+,2026-02-12,2026-02-22,2,quantile,0.9,235058.0728353719
DE,60+,2026-02-12,2026-02-22,2,quantile,0.975,254216.06330542668
DE,60+,2026-02-12,2026-03-01,3,quantile,0.025,72625.89532255453
DE,60+,2026-02-12,2026-03-01,3,quantile,0.1,130248.75607096036
DE,60+,2026-02-12,2026-03-01,3,quantile,0.25,153479.51010858017
DE,60+,2026-02-12,2026-03-01,3,quantile,0.5,174246.70959280414
DE,60+,2026-02-12,2026-03-01,3,quantile,0.75,197126.6062195386
DE,60+,2026-02-12,2026-03-01,3,quantile,0.9,224430.75655058905
DE,60+,2026-02-12,2026-03-01,3,quantile,0.975,238023.558606451
DE,60+,2026-02-12,2026-03-08,4,quantile,0.025,78832.91948096047
DE,60+,2026-02-12,2026-03-08,4,quantile,0.1,126125.50515418919
DE,60+,2026-02-12,2026-03-08,4,quantile,0.25,150447.536728709
DE,60+,2026-02-12,2026-03-08,4,quantile,0.5,167000.27645479547
DE,60+,2026-02-12,2026-03-08,4,quantile,0.75,188548.38566288157
DE,60+,2026-02-12,2026-03-08,4,quantile,0.9,213729.8617739956
DE,60+,2026-02-12,2026-03-08,4,quantile,0.975,240400.0543478229
DE,00+,2026-02-19,2026-02-22,1,quantile,0.025,727374.0566079209
DE,00+,2026-02-19,2026-02-22,1,quantile,0.1,1276899.0629802786
DE,00+,2026-02-19,2026-02-22,1,quantile,0.25,1445691.6974934363
DE,00+,2026-02-19,2026-02-22,1,quantile,0.5,1560189.3252355556
DE,00+,2026-02-19,2026-02-22,1,quantile,0.75,1624873.8269370408
DE,00+,2026-02-19,2026-02-22,1,quantile,0.9,1752257.1631267394
DE,00+,2026-02-19,2026-02-22,1,quantile,0.975,1910941.2510754236
DE,00+,2026-02-19,2026-03-01,2,quantile,0.025,750900.8155530733
DE,00+,2026-02-19,2026-03-01,2,quantile,0.1,1200706.4177585766
DE,00+,2026-02-19,2026-03-01,2,quantile,0.25,1356912.5554424583
DE,00+,2026-02-19,2026-03-01,2,quantile,0.5,1478954.5703632946
DE,00+,2026-02-19,2026-03-01,2,quantile,0.75,1617336.819637969
DE,00+,2026-02-19,2026-03-01,2,quantile,0.9,1788275.424420001
DE,00+,2026-02-19,2026-03-01,2,quantile,0.975,1934274.5701572
DE,00+,2026-02-19,2026-03-08,3,quantile,0.025,686794.3861541783
DE,00+,2026-02-19,2026-03-08,3,quantile,0.1,1139310.3500267332
DE,00+,2026-02-19,2026-03-08,3,quantile,0.25,1257886.529579544
DE,00+,2026-02-19,2026-03-08,3,quantile,0.5,1449852.0220096842
DE,00+,2026-02-19,2026-03-08,3,quantile,0.75,1604367.0983560295
DE,00+,2026-02-19,2026-03-08,3,quantile,0.9,1702249.8016306732
DE,00+,2026-02-19,2026-03-08,3,quantile,0.975,1843082.0852197907
DE,00+,2026-02-19,2026-03-15,4,quantile,0.025,672569.8185065854
DE,00+,2026-02-19,2026-03-15,4,quantile,0.1,1109146.6606273125
DE,00+,2026-02-19,2026-03-15,4,quantile,0.25,1279357.9528280566
DE,00+,2026-02-19,2026-03-15,4,quantile,0.5,1468030.8595641747
DE,00+,2026-02-19,2026-03-15,4,quantile,0.75,1557482.4765624267
DE,00+,2026-02-19,2026-03-15,4,quantile,0.9,1611242.3474685154
DE,00+,2026-02-19,2026-03-15,4,quantile,0.975,1900040.1405013879
DE,00-04,2026-02-19,2026-02-22,1,quantile,0.025,111578.09414292857
DE,00-04,2026-02-19,2026-02-22,1,quantile,0.1,179611.21498029286
DE,00-04,2026-02-19,2026-02-22,1,quantile,0.25,201983.0695774106
DE,00-04,2026-02-19,2026-02-22,1,quantile,0.5,211986.17844201787
DE,00-04,2026-02-19,2026-02-22,1,quantile,0.75,222714.1004883345
DE,00-04,2026-02-19,2026-02-22,1,quantile,0.9,234907.37569770566
DE,00-04,2026-02-19,2026-02-22,1,quantile,0.975,255716.13842886616
DE,00-04,2026-02-19,2026-03-01,2,quantile,0.025,106989.19898353591
DE,00-04,2026-02-19,2026-03-01,2,quantile,0.1,168721.37728760316
DE,00-04,2026-02-19,2026-03-01,2,quantile,0.25,198818.0706016154
DE,00-04,2026-02-19,2026-03-01,2,quantile,0.5,220221.45675133105
DE,00-04,2026-02-19,2026-03-01,2,quantile,0.75,225826.45901986104
DE,00-04,2026-02-19,2026-03-01,2,quantile,0.9,238043.26185118157
DE,00-04,2026-02-19,2026-03-01,2,quantile,0.975,249525.69210845785
DE,00-04,2026-02-19,2026-03-08,3,quantile,0.025,95783.2817619989
DE,00-04,2026-02-19,2026-03-08,3,quantile,0.1,164213.42457006554
DE,00-04,2026-02-19,2026-03-08,3,quantile,0.25,203967.6952806454
DE,00-04,2026-02-19,2026-03-08,3,quantile,0.5,218487.16829910484
DE,00-04,2026-02-19,2026-03-08,3,quantile,0.75,222890.25480357563
DE,00-04,2026-02-19,2026-03-08,3,quantile,0.9,229301.25125243212
DE,00-04,2026-02-19,2026-03-08,3,quantile,0.975,253816.281127044
DE,00-04,2026-02-19,2026-03-15,4,quantile,0.025,106085.27265455096
DE,00-04,2026-02-19,2026-03-15,4,quantile,0.1,176332.3894969044
DE,00-04,2026-02-19,2026-03-15,4,quantile,0.25,193456.31701508706
DE,00-04,2026-02-19,2026-03-15,4,quantile,0.5,205143.16108435078
DE,00-04,2026-02-19,2026-03-15,4,quantile,0.75,212093.055205126
DE,00-04,2026-02-19,2026-03-15,4,quantile,0.9,223795.26341231883
DE,00-04,2026-02-19,2026-03-15,4,quantile,0.975,244311.95080847153
DE,05-14,2026-02-19,2026-02-22,1,quantile,0.025,80523.88286435141
DE,05-14,2026-02-19,2026-02-22,1,quantile,0.1,141595.9351886008
DE,05-14,2026-02-19,2026-02-22,1,quantile,0.25,164141.87507898491
DE,05-14,2026-02-19,2026-02-22,1,quantile,0.5,172439.3248200345
DE,05-14,2026-02-19,2026-02-22,1,quantile,0.75,182396.34387491716
DE,05-14,2026-02-19,2026-02-22,1,quantile,0.9,196309.76411188632
DE,05-14,2026-02-19,2026-02-22,1,quantile,0.975,221122.25256958682
DE,05-14,2026-02-19,2026-03-01,2,quantile,0.025,68479.84904884672
DE,05-14,2026-02-19,2026-03-01,2,quantile,0.1,129441.93271565871
DE,05-14,2026-02-19,2026-03-01,2,quantile,0.25,151068.5904532384
DE,05-14,2026-02-19,2026-03-01,2,quantile,0.5,175520.49035187028
DE,05-14,2026-02-19,2026-03-01,2,quantile,0.75,194862.54583421134
DE,05-14,2026-02-19,2026-03-01,2,quantile,0.9,212421.31141035544
DE,05-14,2026-02-19,2026-03-01,2,quantile,0.975,237392.28842878505
DE,05-14,2026-02-19,2026-03-08,3,quantile,0.025,66273.27702477174
DE,05-14,2026-02-19,2026-03-08,3,quantile,0.1,127841.16456107062
DE,05-14,2026-02-19,2026-03-08,3,quantile,0.25,154731.32250895898
DE,05-14,2026-02-19,2026-03-08,3,quantile,0.5,183519.14797262923
DE,05-14,2026-02-19,2026-03-08,3,quantile,0.75,201499.49783957604
DE,05-14,2026-02-19,2026-03-08,3,quantile,0.9,215770.3139063907
DE,05-14,2026-02-19,2026-03-08,3,quantile,0.975,261673.03549863858
DE,05-14,2026-02-19,2026-03-15,4,quantile,0.025,63211.71234755268
DE,05-14,2026-02-19,2026-03-15,4,quantile,0.1,127434.89692411374
DE,05-14,2026-02-19,2026-03-15,4,quantile,0.25,160457.95705916276
DE,05-14,2026-02-19,2026-03-15,4,quantile,0.5,182974.52628292952
DE,05-14,2026-02-19,2026-03-15,4,quantile,0.75,192354.59664559076
DE,05-14,2026-02-19,2026-03-15,4,quantile,0.9,214867.88825089662
DE,05-14,2026-02-19,2026-03-15,4,quantile,0.975,261554.93953422207
DE,15-34,2026-02-19,2026-02-22,1,quantile,0.025,217120.51940481388
DE,15-34,2026-02-19,2026-02-22,1,quantile,0.1,354661.7223503332
DE,15-34,2026-02-19,2026-02-22,1,quantile,0.25,401977.42670310626
DE,15-34,2026-02-19,2026-02-22,1,quantile,0.5,437263.01009455556
DE,15-34,2026-02-19,2026-02-22,1,quantile,0.75,453125.5578922485
DE,15-34,2026-02-19,2026-02-22,1,quantile,0.9,481315.044395536
DE,15-34,2026-02-19,2026-02-22,1,quantile,0.975,523929.8575139785
DE,15-34,2026-02-19,2026-03-01,2,quantile,0.025,213143.4231955548
DE,15-34,2026-02-19,2026-03-01,2,quantile,0.1,323369.16544757807
DE,15-34,2026-02-19,2026-03-01,2,quantile,0.25,372908.7968799431
DE,15-34,2026-02-19,2026-03-01,2,quantile,0.5,411512.7799640223
DE,15-34,2026-02-19,2026-03-01,2,quantile,0.75,446759.860464183
DE,15-34,2026-02-19,2026-03-01,2,quantile,0.9,480469.5528772733
DE,15-34,2026-02-19,2026-03-01,2,quantile,0.975,510445.35355189425
DE,15-34,2026-02-19,2026-03-08,3,quantile,0.025,186792.5277499767
DE,15-34,2026-02-19,2026-03-08,3,quantile,0.1,305041.024528067
DE,15-34,2026-02-19,2026-03-08,3,quantile,0.25,337295.7085080013
DE,15-34,2026-02-19,2026-03-08,3,quantile,0.5,392902.89015190164
DE,15-34,2026-02-19,2026-03-08,3,quantile,0.75,439652.34945642017
DE,15-34,2026-02-19,2026-03-08,3,quantile,0.9,464025.5774365546
DE,15-34,2026-02-19,2026-03-08,3,quantile,0.975,488425.81248143956
DE,15-34,2026-02-19,2026-03-15,4,quantile,0.025,188892.00683270307
DE,15-34,2026-02-19,2026-03-15,4,quantile,0.1,284954.2965341591
DE,15-34,2026-02-19,2026-03-15,4,quantile,0.25,333514.0452581491
DE,15-34,2026-02-19,2026-03-15,4,quantile,0.5,388904.2892452732
DE,15-34,2026-02-19,2026-03-15,4,quantile,0.75,423039.0101959513
DE,15-34,2026-02-19,2026-03-15,4,quantile,0.9,437180.8077279233
DE,15-34,2026-02-19,2026-03-15,4,quantile,0.975,514708.4509079227
DE,35-59,2026-02-19,2026-02-22,1,quantile,0.025,251992.548109726
DE,35-59,2026-02-19,2026-02-22,1,quantile,0.1,438463.09484047646
DE,35-59,2026-02-19,2026-02-22,1,quantile,0.25,516482.2274792427
DE,35-59,2026-02-19,2026-02-22,1,quantile,0.5,573711.7383311751
DE,35-59,2026-02-19,2026-02-22,1,quantile,0.75,618763.035793674
DE,35-59,2026-02-19,2026-02-22,1,quantile,0.9,659838.6748843421
DE,35-59,2026-02-19,2026-02-22,1,quantile,0.975,721414.5190715671
DE,35-59,2026-02-19,2026-03-01,2,quantile,0.025,237032.60629222012
DE,35-59,2026-02-19,2026-03-01,2,quantile,0.1,409254.3205096424
DE,35-59,2026-02-19,2026-03-01,2,quantile,0.25,490897.21798454307
DE,35-59,2026-02-19,2026-03-01,2,quantile,0.5,532851.1998752652
DE,35-59,2026-02-19,2026-03-01,2,quantile,0.75,580863.54353176
DE,35-59,2026-02-19,2026-03-01,2,quantile,0.9,659861.6021416612
DE,35-59,2026-02-19,2026-03-01,2,quantile,0.975,724666.0692065537
DE,35-59,2026-02-19,2026-03-08,3,quantile,0.025,231356.28743252336
DE,35-59,2026-02-19,2026-03-08,3,quantile,0.1,369816.5026527311
DE,35-59,2026-02-19,2026-03-08,3,quantile,0.25,413791.6573270528
DE,35-59,2026-02-19,2026-03-08,3,quantile,0.5,495800.2310557527
DE,35-59,2026-02-19,2026-03-08,3,quantile,0.75,552743.060245476
DE,35-59,2026-02-19,2026-03-08,3,quantile,0.9,606079.5267786467
DE,35-59,2026-02-19,2026-03-08,3,quantile,0.975,657382.0082961188
DE,35-59,2026-02-19,2026-03-15,4,quantile,0.025,209484.08095630506
DE,35-59,2026-02-19,2026-03-15,4,quantile,0.1,354195.70028884243
DE,35-59,2026-02-19,2026-03-15,4,quantile,0.25,405018.0019001579
DE,35-59,2026-02-19,2026-03-15,4,quantile,0.5,490651.5854708607
DE,35-59,2026-02-19,2026-03-15,4,quantile,0.75,541940.6808438094
DE,35-59,2026-02-19,2026-03-15,4,quantile,0.9,579611.828715132
DE,35-59,2026-02-19,2026-03-15,4,quantile,0.975,663355.9510474566
DE,60+,2026-02-19,2026-02-22,1,quantile,0.025,86379.3451197537
DE,60+,2026-02-19,2026-02-22,1,quantile,0.1,141159.77130299193
DE,60+,2026-02-19,2026-02-22,1,quantile,0.25,170210.67263600862
DE,60+,2026-02-19,2026-02-22,1,quantile,0.5,190646.2143372275
DE,60+,2026-02-19,2026-02-22,1,quantile,0.75,200163.4466251374
DE,60+,2026-02-19,2026-02-22,1,quantile,0.9,213630.23757201125
DE,60+,2026-02-19,2026-02-22,1,quantile,0.975,245997.03290389426
DE,60+,2026-02-19,2026-03-01,2,quantile,0.025,85437.3401582654
DE,60+,2026-02-19,2026-03-01,2,quantile,0.1,133403.8952352672
DE,60+,2026-02-19,2026-03-01,2,quantile,0.25,162020.86947793074
DE,60+,2026-02-19,2026-03-01,2,quantile,0.5,176261.3861520521
DE,60+,2026-02-19,2026-03-01,2,quantile,0.75,196091.0212056167
DE,60+,2026-02-19,2026-03-01,2,quantile,0.9,223666.71558441958
DE,60+,2026-02-19,2026-03-01,2,quantile,0.975,250221.79343502442
DE,60+,2026-02-19,2026-03-08,3,quantile,0.025,76714.54001992125
DE,60+,2026-02-19,2026-03-08,3,quantile,0.1,130822.71795874562
DE,60+,2026-02-19,2026-03-08,3,quantile,0.25,144206.12215617052
DE,60+,2026-02-19,2026-03-08,3,quantile,0.5,160104.62969346068
DE,60+,2026-02-19,2026-03-08,3,quantile,0.75,179350.5876418768
DE,60+,2026-02-19,2026-03-08,3,quantile,0.9,206026.38034253567
DE,60+,2026-02-19,2026-03-08,3,quantile,0.975,240860.93372564515
DE,60+,2026-02-19,2026-03-15,4,quantile,0.025,84628.72277858068
DE,60+,2026-02-19,2026-03-15,4,quantile,0.1,129720.86660097205
DE,60+,2026-02-19,2026-03-15,4,quantile,0.25,145908.59502935235
DE,60+,2026-02-19,2026-03-15,4,quantile,0.5,163351.98210660688
DE,60+,2026-02-19,2026-03-15,4,quantile,0.75,184378.8990464447
DE,60+,2026-02-19,2026-03-15,4,quantile,0.9,199948.48079563072
DE,60+,2026-02-19,2026-03-15,4,quantile,0.975,218023.8972063059
DE,00+,2026-03-05,2026-03-08,1,quantile,0.025,706646.6062583865
DE,00+,2026-03-05,2026-03-08,1,quantile,0.1,1210711.19163239
DE,00+,2026-03-05,2026-03-08,1,quantile,0.25,1276996.6338239182
DE,00+,2026-03-05,2026-03-08,1,quantile,0.5,1313332.7471201564
DE,00+,2026-03-05,2026-03-08,1,quantile,0.75,1382073.91943666
DE,00+,2026-03-05,2026-03-08,1,quantile,0.9,1524389.9007668972
DE,00+,2026-03-05,2026-03-08,1,quantile,0.975,1631662.4519660068
DE,00+,2026-03-05,2026-03-15,2,quantile,0.025,740634.0140919674
DE,00+,2026-03-05,2026-03-15,2,quantile,0.1,1150788.719887692
DE,00+,2026-03-05,2026-03-15,2,quantile,0.25,1229121.8998566414
DE,00+,2026-03-05,2026-03-15,2,quantile,0.5,1289976.442808111
DE,00+,2026-03-05,2026-03-15,2,quantile,0.75,1360918.480362466
DE,00+,2026-03-05,2026-03-15,2,quantile,0.9,1489802.4038692864
DE,00+,2026-03-05,2026-03-15,2,quantile,0.975,1637443.5137000454
DE,00+,2026-03-05,2026-03-22,3,quantile,0.025,695468.3003738734
DE,00+,2026-03-05,2026-03-22,3,quantile,0.1,1113904.9909113995
DE,00+,2026-03-05,2026-03-22,3,quantile,0.25,1263513.4187177345
DE,00+,2026-03-05,2026-03-22,3,quantile,0.5,1336585.4807177659
DE,00+,2026-03-05,2026-03-22,3,quantile,0.75,1358895.1741089842
DE,00+,2026-03-05,2026-03-22,3,quantile,0.9,1424524.483733606
DE,00+,2026-03-05,2026-03-22,3,quantile,0.975,1630716.8016262192
DE,00+,2026-03-05,2026-03-29,4,quantile,0.025,689963.3612717763
DE,00+,2026-03-05,2026-03-29,4,quantile,0.1,1033338.1854674947
DE,00+,2026-03-05,2026-03-29,4,quantile,0.25,1132456.5723596148
DE,00+,2026-03-05,2026-03-29,4,quantile,0.5,1197958.0325898845
DE,00+,2026-03-05,2026-03-29,4,quantile,0.75,1279701.8509882386
DE,00+,2026-03-05,2026-03-29,4,quantile,0.9,1311052.8629351114
DE,00+,2026-03-05,2026-03-29,4,quantile,0.975,1526041.5152550084
DE,00-04,2026-03-05,2026-03-08,1,quantile,0.025,116424.56146785764
DE,00-04,2026-03-05,2026-03-08,1,quantile,0.1,173413.96398330323
DE,00-04,2026-03-05,2026-03-08,1,quantile,0.25,185323.0117325241
DE,00-04,2026-03-05,2026-03-08,1,quantile,0.5,197201.9357455299
DE,00-04,2026-03-05,2026-03-08,1,quantile,0.75,209009.7866586972
DE,00-04,2026-03-05,2026-03-08,1,quantile,0.9,226737.44775094354
DE,00-04,2026-03-05,2026-03-08,1,quantile,0.975,237513.52015308398
DE,00-04,2026-03-05,2026-03-15,2,quantile,0.025,115738.37521740838
DE,00-04,2026-03-05,2026-03-15,2,quantile,0.1,178803.1216227254
DE,00-04,2026-03-05,2026-03-15,2,quantile,0.25,194189.0800309678
DE,00-04,2026-03-05,2026-03-15,2,quantile,0.5,199720.5645573586
DE,00-04,2026-03-05,2026-03-15,2,quantile,0.75,206716.26297991426
DE,00-04,2026-03-05,2026-03-15,2,quantile,0.9,223065.4337931714
DE,00-04,2026-03-05,2026-03-15,2,quantile,0.975,238678.45592125683
DE,00-04,2026-03-05,2026-03-22,3,quantile,0.025,109740.31381345582
DE,00-04,2026-03-05,2026-03-22,3,quantile,0.1,176754.97855399965
DE,00-04,2026-03-05,2026-03-22,3,quantile,0.25,196058.56513321114
DE,00-04,2026-03-05,2026-03-22,3,quantile,0.5,209035.3079083656
DE,00-04,2026-03-05,2026-03-22,3,quantile,0.75,213156.05599782252
DE,00-04,2026-03-05,2026-03-22,3,quantile,0.9,220556.95996232616
DE,00-04,2026-03-05,2026-03-22,3,quantile,0.975,240292.17901080038
DE,00-04,2026-03-05,2026-03-29,4,quantile,0.025,110716.24303359343
DE,00-04,2026-03-05,2026-03-29,4,quantile,0.1,151115.7869259581
DE,00-04,2026-03-05,2026-03-29,4,quantile,0.25,176609.2916229859
DE,00-04,2026-03-05,2026-03-29,4,quantile,0.5,194956.76950239172
DE,00-04,2026-03-05,2026-03-29,4,quantile,0.75,205521.34001565902
DE,00-04,2026-03-05,2026-03-29,4,quantile,0.9,213959.13401062082
DE,00-04,2026-03-05,2026-03-29,4,quantile,0.975,246243.8275375472
DE,05-14,2026-03-05,2026-03-08,1,quantile,0.025,83487.89852096085
DE,05-14,2026-03-05,2026-03-08,1,quantile,0.1,125593.1449142821
DE,05-14,2026-03-05,2026-03-08,1,quantile,0.25,143741.82830870786
DE,05-14,2026-03-05,2026-03-08,1,quantile,0.5,149757.13526343036
DE,05-14,2026-03-05,2026-03-08,1,quantile,0.75,161927.00948132452
DE,05-14,2026-03-05,2026-03-08,1,quantile,0.9,182853.15306333837
DE,05-14,2026-03-05,2026-03-08,1,quantile,0.975,194608.77372322362
DE,05-14,2026-03-05,2026-03-15,2,quantile,0.025,78381.3997341361
DE,05-14,2026-03-05,2026-03-15,2,quantile,0.1,132545.16511270977
DE,05-14,2026-03-05,2026-03-15,2,quantile,0.25,157661.13169258105
DE,05-14,2026-03-05,2026-03-15,2,quantile,0.5,181747.7634938539
DE,05-14,2026-03-05,2026-03-15,2,quantile,0.75,187773.94782048074
DE,05-14,2026-03-05,2026-03-15,2,quantile,0.9,201646.1391012527
DE,05-14,2026-03-05,2026-03-15,2,quantile,0.975,216135.91724696686
DE,05-14,2026-03-05,2026-03-22,3,quantile,0.025,73732.41238305924
DE,05-14,2026-03-05,2026-03-22,3,quantile,0.1,139883.81998768856
DE,05-14,2026-03-05,2026-03-22,3,quantile,0.25,164979.63560832
DE,05-14,2026-03-05,2026-03-22,3,quantile,0.5,183271.25334853944
DE,05-14,2026-03-05,2026-03-22,3,quantile,0.75,190734.0922319135
DE,05-14,2026-03-05,2026-03-22,3,quantile,0.9,198645.34511431915
DE,05-14,2026-03-05,2026-03-22,3,quantile,0.975,212026.9819914823
DE,05-14,2026-03-05,2026-03-29,4,quantile,0.025,70641.57117420128
DE,05-14,2026-03-05,2026-03-29,4,quantile,0.1,116857.34824020547
DE,05-14,2026-03-05,2026-03-29,4,quantile,0.25,144799.50082561641
DE,05-14,2026-03-05,2026-03-29,4,quantile,0.5,158404.6083734104
DE,05-14,2026-03-05,2026-03-29,4,quantile,0.75,176117.5066150098
DE,05-14,2026-03-05,2026-03-29,4,quantile,0.9,191883.24259015374
DE,05-14,2026-03-05,2026-03-29,4,quantile,0.975,231113.8418070577
DE,15-34,2026-03-05,2026-03-08,1,quantile,0.025,201201.5165202675
DE,15-34,2026-03-05,2026-03-08,1,quantile,0.1,331509.93187624245
DE,15-34,2026-03-05,2026-03-08,1,quantile,0.25,344578.2399782079
DE,15-34,2026-03-05,2026-03-08,1,quantile,0.5,359520.40696557757
DE,15-34,2026-03-05,2026-03-08,1,quantile,0.75,384352.92545147135
DE,15-34,2026-03-05,2026-03-08,1,quantile,0.9,424730.08289842727
DE,15-34,2026-03-05,2026-03-08,1,quantile,0.975,454535.1130457812
DE,15-34,2026-03-05,2026-03-15,2,quantile,0.025,205525.00694584317
DE,15-34,2026-03-05,2026-03-15,2,quantile,0.1,313578.65260598686
DE,15-34,2026-03-05,2026-03-15,2,quantile,0.25,336805.03839407495
DE,15-34,2026-03-05,2026-03-15,2,quantile,0.5,351081.1889838149
DE,15-34,2026-03-05,2026-03-15,2,quantile,0.75,375173.4005976452
DE,15-34,2026-03-05,2026-03-15,2,quantile,0.9,411253.270392654
DE,15-34,2026-03-05,2026-03-15,2,quantile,0.975,468935.45972989174
DE,15-34,2026-03-05,2026-03-22,3,quantile,0.025,189045.77303713225
DE,15-34,2026-03-05,2026-03-22,3,quantile,0.1,307094.8581429472
DE,15-34,2026-03-05,2026-03-22,3,quantile,0.25,349479.95090610854
DE,15-34,2026-03-05,2026-03-22,3,quantile,0.5,359197.62430868996
DE,15-34,2026-03-05,2026-03-22,3,quantile,0.75,364171.960200747
DE,15-34,2026-03-05,2026-03-22,3,quantile,0.9,380723.0700298097
DE,15-34,2026-03-05,2026-03-22,3,quantile,0.975,456174.2589532475
DE,15-34,2026-03-05,2026-03-29,4,quantile,0.025,196692.1833948979
DE,15-34,2026-03-05,2026-03-29,4,quantile,0.1,273188.9626682581
DE,15-34,2026-03-05,2026-03-29,4,quantile,0.25,316844.6050223982
DE,15-34,2026-03-05,2026-03-29,4,quantile,0.5,324170.6326011553
DE,15-34,2026-03-05,2026-03-29,4,quantile,0.75,344900.6665538608
DE,15-34,2026-03-05,2026-03-29,4,quantile,0.9,353725.54886891425
DE,15-34,2026-03-05,2026-03-29,4,quantile,0.975,414643.4378372635
DE,35-59,2026-03-05,2026-03-08,1,quantile,0.025,239676.57051051484
DE,35-59,2026-03-05,2026-03-08,1,quantile,0.1,399978.14433255966
DE,35-59,2026-03-05,2026-03-08,1,quantile,0.25,421883.9096167612
DE,35-59,2026-03-05,2026-03-08,1,quantile,0.5,442978.6029808905
DE,35-59,2026-03-05,2026-03-08,1,quantile,0.75,470924.99321675196
DE,35-59,2026-03-05,2026-03-08,1,quantile,0.9,529839.1843882867
DE,35-59,2026-03-05,2026-03-08,1,quantile,0.975,578346.1625327345
DE,35-59,2026-03-05,2026-03-15,2,quantile,0.025,235727.2144409453
DE,35-59,2026-03-05,2026-03-15,2,quantile,0.1,366659.71811497473
DE,35-59,2026-03-05,2026-03-15,2,quantile,0.25,397486.7082369457
DE,35-59,2026-03-05,2026-03-15,2,quantile,0.5,414107.8065058415
DE,35-59,2026-03-05,2026-03-15,2,quantile,0.75,452175.88301915664
DE,35-59,2026-03-05,2026-03-15,2,quantile,0.9,515294.5354404341
DE,35-59,2026-03-05,2026-03-15,2,quantile,0.975,569997.648401527
DE,35-59,2026-03-05,2026-03-22,3,quantile,0.025,219181.0990918369
DE,35-59,2026-03-05,2026-03-22,3,quantile,0.1,348234.24282738834
DE,35-59,2026-03-05,2026-03-22,3,quantile,0.25,388761.0261116642
DE,35-59,2026-03-05,2026-03-22,3,quantile,0.5,424080.1170280684
DE,35-59,2026-03-05,2026-03-22,3,quantile,0.75,453851.88403914764
DE,35-59,2026-03-05,2026-03-22,3,quantile,0.9,506878.2985587789
DE,35-59,2026-03-05,2026-03-22,3,quantile,0.975,605867.2803275536
DE,35-59,2026-03-05,2026-03-29,4,quantile,0.025,192157.87153338894
DE,35-59,2026-03-05,2026-03-29,4,quantile,0.1,306936.41688340035
DE,35-59,2026-03-05,2026-03-29,4,quantile,0.25,339530.91574609606
DE,35-59,2026-03-05,2026-03-29,4,quantile,0.5,394862.7437106168
DE,35-59,2026-03-05,2026-03-29,4,quantile,0.75,438012.1889399183
DE,35-59,2026-03-05,2026-03-29,4,quantile,0.9,448039.95919228636
DE,35-59,2026-03-05,2026-03-29,4,quantile,0.975,541838.5297828872
DE,60+,2026-03-05,2026-03-08,1,quantile,0.025,88683.82553592543
DE,60+,2026-03-05,2026-03-08,1,quantile,0.1,129368.0630433998
DE,60+,2026-03-05,2026-03-08,1,quantile,0.25,144713.78260606946
DE,60+,2026-03-05,2026-03-08,1,quantile,0.5,153375.138133679
DE,60+,2026-03-05,2026-03-08,1,quantile,0.75,160969.60765292327
DE,60+,2026-03-05,2026-03-08,1,quantile,0.9,175137.4284674943
DE,60+,2026-03-05,2026-03-08,1,quantile,0.975,183952.28555569064
DE,60+,2026-03-05,2026-03-15,2,quantile,0.025,89311.05192941354
DE,60+,2026-03-05,2026-03-15,2,quantile,0.1,123779.93188919283
DE,60+,2026-03-05,2026-03-15,2,quantile,0.25,138161.44888587805
DE,60+,2026-03-05,2026-03-15,2,quantile,0.5,147983.47340062898
DE,60+,2026-03-05,2026-03-15,2,quantile,0.75,156747.62703702267
DE,60+,2026-03-05,2026-03-15,2,quantile,0.9,172257.0976943712
DE,60+,2026-03-05,2026-03-15,2,quantile,0.975,185320.9688572083
DE,60+,2026-03-05,2026-03-22,3,quantile,0.025,78963.64207055086
DE,60+,2026-03-05,2026-03-22,3,quantile,0.1,122868.91895541563
DE,60+,2026-03-05,2026-03-22,3,quantile,0.25,139126.07078995073
DE,60+,2026-03-05,2026-03-22,3,quantile,0.5,150851.55075617746
DE,60+,2026-03-05,2026-03-22,3,quantile,0.75,158905.2892329465
DE,60+,2026-03-05,2026-03-22,3,quantile,0.9,169669.0074771506
DE,60+,2026-03-05,2026-03-22,3,quantile,0.975,199831.3881766409
DE,60+,2026-03-05,2026-03-29,4,quantile,0.025,82849.86796196023
DE,60+,2026-03-05,2026-03-29,4,quantile,0.1,112579.54218147811
DE,60+,2026-03-05,2026-03-29,4,quantile,0.25,123978.28056243432
DE,60+,2026-03-05,2026-03-29,4,quantile,0.5,147182.1461265796
DE,60+,2026-03-05,2026-03-29,4,quantile,0.75,152431.5458704923
DE,60+,2026-03-05,2026-03-29,4,quantile,0.9,157419.41359734206
DE,60+,2026-03-05,2026-03-29,4,quantile,0.975,187376.9913740268
DE,00+,2026-03-12,2026-03-15,1,quantile,0.025,715587.361622718
DE,00+,2026-03-12,2026-03-15,1,quantile,0.1,1026897.1653105008
DE,00+,2026-03-12,2026-03-15,1,quantile,0.25,1108593.3085853576
DE,00+,2026-03-12,2026-03-15,1,quantile,0.5,1161075.95151111
DE,00+,2026-03-12,2026-03-15,1,quantile,0.75,1249935.5034454002
DE,00+,2026-03-12,2026-03-15,1,quantile,0.9,1346950.4905400747
DE,00+,2026-03-12,2026-03-15,1,quantile,0.975,1438674.3814049892
DE,00+,2026-03-12,2026-03-22,2,quantile,0.025,704276.6433047494
DE,00+,2026-03-12,2026-03-22,2,quantile,0.1,979265.8408146126
DE,00+,2026-03-12,2026-03-22,2,quantile,0.25,1133297.445242049
DE,00+,2026-03-12,2026-03-22,2,quantile,0.5,1197789.0742203074
DE,00+,2026-03-12,2026-03-22,2,quantile,0.75,1228820.2035813397
DE,00+,2026-03-12,2026-03-22,2,quantile,0.9,1297729.3334094668
DE,00+,2026-03-12,2026-03-22,2,quantile,0.975,1448337.8869300797
DE,00+,2026-03-12,2026-03-29,3,quantile,0.025,692403.5899914213
DE,00+,2026-03-12,2026-03-29,3,quantile,0.1,972641.1578558956
DE,00+,2026-03-12,2026-03-29,3,quantile,0.25,1034894.1078142945
DE,00+,2026-03-12,2026-03-29,3,quantile,0.5,1088679.705291478
DE,00+,2026-03-12,2026-03-29,3,quantile,0.75,1191714.867576319
DE,00+,2026-03-12,2026-03-29,3,quantile,0.9,1318416.3364468135
DE,00+,2026-03-12,2026-03-29,3,quantile,0.975,1545415.8273379188
DE,00+,2026-03-12,2026-04-05,4,quantile,0.025,674060.3936178983
DE,00+,2026-03-12,2026-04-05,4,quantile,0.1,877484.87695638
DE,00+,2026-03-12,2026-04-05,4,quantile,0.25,902196.3223510524
DE,00+,2026-03-12,2026-04-05,4,quantile,0.5,925192.0997135928
DE,00+,2026-03-12,2026-04-05,4,quantile,0.75,1052668.932426097
DE,00+,2026-03-12,2026-04-05,4,quantile,0.9,1224277.1565999049
DE,00+,2026-03-12,2026-04-05,4,quantile,0.975,1536465.2792745293
DE,00-04,2026-03-12,2026-03-15,1,quantile,0.025,112868.09877262494
DE,00-04,2026-03-12,2026-03-15,1,quantile,0.1,166152.86004545545
DE,00-04,2026-03-12,2026-03-15,1,quantile,0.25,180541.32494512736
DE,00-04,2026-03-12,2026-03-15,1,quantile,0.5,189527.88054673275
DE,00-04,2026-03-12,2026-03-15,1,quantile,0.75,200490.02028224288
DE,00-04,2026-03-12,2026-03-15,1,quantile,0.9,215458.62034468507
DE,00-04,2026-03-12,2026-03-15,1,quantile,0.975,225283.892117292
DE,00-04,2026-03-12,2026-03-22,2,quantile,0.025,110586.44686741014
DE,00-04,2026-03-12,2026-03-22,2,quantile,0.1,171450.0944897715
DE,00-04,2026-03-12,2026-03-22,2,quantile,0.25,185217.39169144226
DE,00-04,2026-03-12,2026-03-22,2,quantile,0.5,197028.42993015912
DE,00-04,2026-03-12,2026-03-22,2,quantile,0.75,203696.17986164647
DE,00-04,2026-03-12,2026-03-22,2,quantile,0.9,217756.93727960074
DE,00-04,2026-03-12,2026-03-22,2,quantile,0.975,229751.0188238648
DE,00-04,2026-03-12,2026-03-29,3,quantile,0.025,108350.20903169124
DE,00-04,2026-03-12,2026-03-29,3,quantile,0.1,155273.26003584516
DE,00-04,2026-03-12,2026-03-29,3,quantile,0.25,180242.51544889755
DE,00-04,2026-03-12,2026-03-29,3,quantile,0.5,193945.1989968505
DE,00-04,2026-03-12,2026-03-29,3,quantile,0.75,203413.46126793424
DE,00-04,2026-03-12,2026-03-29,3,quantile,0.9,216343.84960446446
DE,00-04,2026-03-12,2026-03-29,3,quantile,0.975,228679.49413266085
DE,00-04,2026-03-12,2026-04-05,4,quantile,0.025,105383.76121565413
DE,00-04,2026-03-12,2026-04-05,4,quantile,0.1,142316.16871176733
DE,00-04,2026-03-12,2026-04-05,4,quantile,0.25,164397.50279506418
DE,00-04,2026-03-12,2026-04-05,4,quantile,0.5,171696.1236668347
DE,00-04,2026-03-12,2026-04-05,4,quantile,0.75,184933.53617408237
DE,00-04,2026-03-12,2026-04-05,4,quantile,0.9,213545.60354597913
DE,00-04,2026-03-12,2026-04-05,4,quantile,0.975,234382.21443967166
DE,05-14,2026-03-12,2026-03-15,1,quantile,0.025,82271.14837306592
DE,05-14,2026-03-12,2026-03-15,1,quantile,0.1,116738.1968494498
DE,05-14,2026-03-12,2026-03-15,1,quantile,0.25,131588.09474040833
DE,05-14,2026-03-12,2026-03-15,1,quantile,0.5,147565.79077539887
DE,05-14,2026-03-12,2026-03-15,1,quantile,0.75,155484.84495976559
DE,05-14,2026-03-12,2026-03-15,1,quantile,0.9,165885.7260880984
DE,05-14,2026-03-12,2026-03-15,1,quantile,0.975,179202.37645242098
DE,05-14,2026-03-12,2026-03-22,2,quantile,0.025,78583.53933076156
DE,05-14,2026-03-12,2026-03-22,2,quantile,0.1,133401.76420838377
DE,05-14,2026-03-12,2026-03-22,2,quantile,0.25,155318.6396182774
DE,05-14,2026-03-12,2026-03-22,2,quantile,0.5,170042.83205290744
DE,05-14,2026-03-12,2026-03-22,2,quantile,0.75,175737.83003719075
DE,05-14,2026-03-12,2026-03-22,2,quantile,0.9,187185.88907985922
DE,05-14,2026-03-12,2026-03-22,2,quantile,0.975,200819.1901716596
DE,05-14,2026-03-12,2026-03-29,3,quantile,0.025,73388.4797695459
DE,05-14,2026-03-12,2026-03-29,3,quantile,0.1,120008.15966467874
DE,05-14,2026-03-12,2026-03-29,3,quantile,0.25,138566.22086454654
DE,05-14,2026-03-12,2026-03-29,3,quantile,0.5,151850.30094856728
DE,05-14,2026-03-12,2026-03-29,3,quantile,0.75,167077.6724506122
DE,05-14,2026-03-12,2026-03-29,3,quantile,0.9,188305.166588793
DE,05-14,2026-03-12,2026-03-29,3,quantile,0.975,220000.02956833347
DE,05-14,2026-03-12,2026-04-05,4,quantile,0.025,68782.39965637101
DE,05-14,2026-03-12,2026-04-05,4,quantile,0.1,99372.42889340219
DE,05-14,2026-03-12,2026-04-05,4,quantile,0.25,117098.52514263836
DE,05-14,2026-03-12,2026-04-05,4,quantile,0.5,126308.33096644466
DE,05-14,2026-03-12,2026-04-05,4,quantile,0.75,150178.47238772255
DE,05-14,2026-03-12,2026-04-05,4,quantile,0.9,172755.13761480254
DE,05-14,2026-03-12,2026-04-05,4,quantile,0.975,207776.27226737325
DE,15-34,2026-03-12,2026-03-15,1,quantile,0.025,205847.43113598877
DE,15-34,2026-03-12,2026-03-15,1,quantile,0.1,271773.1949369397
DE,15-34,2026-03-12,2026-03-15,1,quantile,0.25,289226.1496374034
DE,15-34,2026-03-12,2026-03-15,1,quantile,0.5,304216.7837180276
DE,15-34,2026-03-12,2026-03-15,1,quantile,0.75,335661.2299265662
DE,15-34,2026-03-12,2026-03-15,1,quantile,0.9,377905.99040860287
DE,15-34,2026-03-12,2026-03-15,1,quantile,0.975,419678.41063420085
DE,15-34,2026-03-12,2026-03-22,2,quantile,0.025,194942.17257089014
DE,15-34,2026-03-12,2026-03-22,2,quantile,0.1,270390.23910393036
DE,15-34,2026-03-12,2026-03-22,2,quantile,0.25,298562.09307959967
DE,15-34,2026-03-12,2026-03-22,2,quantile,0.5,315613.86726085964
DE,15-34,2026-03-12,2026-03-22,2,quantile,0.75,324914.82776488306
DE,15-34,2026-03-12,2026-03-22,2,quantile,0.9,351681.59037325997
DE,15-34,2026-03-12,2026-03-22,2,quantile,0.975,410296.5039483997
DE,15-34,2026-03-12,2026-03-29,3,quantile,0.025,191087.4284731623
DE,15-34,2026-03-12,2026-03-29,3,quantile,0.1,257428.23470509582
DE,15-34,2026-03-12,2026-03-29,3,quantile,0.25,275427.8654092166
DE,15-34,2026-03-12,2026-03-29,3,quantile,0.5,282562.8884398849
DE,15-34,2026-03-12,2026-03-29,3,quantile,0.75,300380.25905463356
DE,15-34,2026-03-12,2026-03-29,3,quantile,0.9,338672.91183118534
DE,15-34,2026-03-12,2026-03-29,3,quantile,0.975,421909.38988458115
DE,15-34,2026-03-12,2026-04-05,4,quantile,0.025,190004.74590809195
DE,15-34,2026-03-12,2026-04-05,4,quantile,0.1,233818.9174780958
DE,15-34,2026-03-12,2026-04-05,4,quantile,0.25,238021.80104697993
DE,15-34,2026-03-12,2026-04-05,4,quantile,0.5,244408.74054065178
DE,15-34,2026-03-12,2026-04-05,4,quantile,0.75,285269.47662072396
DE,15-34,2026-03-12,2026-04-05,4,quantile,0.9,333468.35329274967
DE,15-34,2026-03-12,2026-04-05,4,quantile,0.975,410784.0959663146
DE,35-59,2026-03-12,2026-03-15,1,quantile,0.025,238106.45702008888
DE,35-59,2026-03-12,2026-03-15,1,quantile,0.1,333182.60552568815
DE,35-59,2026-03-12,2026-03-15,1,quantile,0.25,360040.6929500598
DE,35-59,2026-03-12,2026-03-15,1,quantile,0.5,378578.13359088596
DE,35-59,2026-03-12,2026-03-15,1,quantile,0.75,404439.5820533625
DE,35-59,2026-03-12,2026-03-15,1,quantile,0.9,446371.84611184493
DE,35-59,2026-03-12,2026-03-15,1,quantile,0.975,515527.8475514576
DE,35-59,2026-03-12,2026-03-22,2,quantile,0.025,207459.2965500922
DE,35-59,2026-03-12,2026-03-22,2,quantile,0.1,316472.8792158372
DE,35-59,2026-03-12,2026-03-22,2,quantile,0.25,348170.7780826393
DE,35-59,2026-03-12,2026-03-22,2,quantile,0.5,359462.1842592631
DE,35-59,2026-03-12,2026-03-22,2,quantile,0.75,379334.5299611349
DE,35-59,2026-03-12,2026-03-22,2,quantile,0.9,420106.8798774012
DE,35-59,2026-03-12,2026-03-22,2,quantile,0.975,492615.75878992473
DE,35-59,2026-03-12,2026-03-29,3,quantile,0.025,200152.8196863838
DE,35-59,2026-03-12,2026-03-29,3,quantile,0.1,283439.4589895719
DE,35-59,2026-03-12,2026-03-29,3,quantile,0.25,302918.4293170068
DE,35-59,2026-03-12,2026-03-29,3,quantile,0.5,326625.01162407856
DE,35-59,2026-03-12,2026-03-29,3,quantile,0.75,364457.7507327422
DE,35-59,2026-03-12,2026-03-29,3,quantile,0.9,414983.1913230716
DE,35-59,2026-03-12,2026-03-29,3,quantile,0.975,519386.2076704843
DE,35-59,2026-03-12,2026-04-05,4,quantile,0.025,196639.10950755107
DE,35-59,2026-03-12,2026-04-05,4,quantile,0.1,272323.92648375774
DE,35-59,2026-03-12,2026-04-05,4,quantile,0.25,279109.03282004
DE,35-59,2026-03-12,2026-04-05,4,quantile,0.5,292002.9546631843
DE,35-59,2026-03-12,2026-04-05,4,quantile,0.75,330192.3757354644
DE,35-59,2026-03-12,2026-04-05,4,quantile,0.9,411095.34292742587
DE,35-59,2026-03-12,2026-04-05,4,quantile,0.975,523218.4436579991
DE,60+,2026-03-12,2026-03-15,1,quantile,0.025,86355.09660761051
DE,60+,2026-03-12,2026-03-15,1,quantile,0.1,116736.1111111115
DE,60+,2026-03-12,2026-03-15,1,quantile,0.25,128428.09126916931
DE,60+,2026-03-12,2026-03-15,1,quantile,0.5,136474.34312250154
DE,60+,2026-03-12,2026-03-15,1,quantile,0.75,150317.84791887974
DE,60+,2026-03-12,2026-03-15,1,quantile,0.9,158948.81638682113
DE,60+,2026-03-12,2026-03-15,1,quantile,0.975,172627.70846013533
DE,60+,2026-03-12,2026-03-22,2,quantile,0.025,80370.87167777806
DE,60+,2026-03-12,2026-03-22,2,quantile,0.1,109150.72921367145
DE,60+,2026-03-12,2026-03-22,2,quantile,0.25,124608.06911130287
DE,60+,2026-03-12,2026-03-22,2,quantile,0.5,133884.57765823853
DE,60+,2026-03-12,2026-03-22,2,quantile,0.75,142888.35311743358
DE,60+,2026-03-12,2026-03-22,2,quantile,0.9,153020.91057151137
DE,60+,2026-03-12,2026-03-22,2,quantile,0.975,170244.05998105407
DE,60+,2026-03-12,2026-03-29,3,quantile,0.025,72710.01062081051
DE,60+,2026-03-12,2026-03-29,3,quantile,0.1,105572.52481973675
DE,60+,2026-03-12,2026-03-29,3,quantile,0.25,120134.63236853124
DE,60+,2026-03-12,2026-03-29,3,quantile,0.5,125766.92396853674
DE,60+,2026-03-12,2026-03-29,3,quantile,0.75,134217.3882057892
DE,60+,2026-03-12,2026-03-29,3,quantile,0.9,144219.26199135295
DE,60+,2026-03-12,2026-03-29,3,quantile,0.975,174862.09709323494
DE,60+,2026-03-12,2026-04-05,4,quantile,0.025,81261.07547135439
DE,60+,2026-03-12,2026-04-05,4,quantile,0.1,103158.27285857694
DE,60+,2026-03-12,2026-04-05,4,quantile,0.25,108950.9671188991
DE,60+,2026-03-12,2026-04-05,4,quantile,0.5,118420.11345051517
DE,60+,2026-03-12,2026-04-05,4,quantile,0.75,133453.2002696781
DE,60+,2026-03-12,2026-04-05,4,quantile,0.9,150101.68367089005
DE,60+,2026-03-12,2026-04-05,4,quantile,0.975,177926.9026509068
DE,00+,2026-03-19,2026-03-22,1,quantile,0.025,715560.273820956
DE,00+,2026-03-19,2026-03-22,1,quantile,0.1,1021559.0480160335
DE,00+,2026-03-19,2026-03-22,1,quantile,0.25,1057013.7892780756
DE,00+,2026-03-19,2026-03-22,1,quantile,0.5,1103862.7168377233
DE,00+,2026-03-19,2026-03-22,1,quantile,0.75,1185059.8496093624
DE,00+,2026-03-19,2026-03-22,1,quantile,0.9,1249947.5112274387
DE,00+,2026-03-19,2026-03-22,1,quantile,0.975,1407999.5268788
DE,00+,2026-03-19,2026-03-29,2,quantile,0.025,670419.483672103
DE,00+,2026-03-19,2026-03-29,2,quantile,0.1,900696.2866285176
DE,00+,2026-03-19,2026-03-29,2,quantile,0.25,991270.3391851399
DE,00+,2026-03-19,2026-03-29,2,quantile,0.5,1018162.4060710843
DE,00+,2026-03-19,2026-03-29,2,quantile,0.75,1082205.985238344
DE,00+,2026-03-19,2026-03-29,2,quantile,0.9,1184972.685163111
DE,00+,2026-03-19,2026-03-29,2,quantile,0.975,1422937.1366208186
DE,00+,2026-03-19,2026-04-05,3,quantile,0.025,658503.8575222936
DE,00+,2026-03-19,2026-04-05,3,quantile,0.1,825187.9215415233
DE,00+,2026-03-19,2026-04-05,3,quantile,0.25,852666.9295253425
DE,00+,2026-03-19,2026-04-05,3,quantile,0.5,889689.8169672098
DE,00+,2026-03-19,2026-04-05,3,quantile,0.75,960890.6569768494
DE,00+,2026-03-19,2026-04-05,3,quantile,0.9,1204312.4283169112
DE,00+,2026-03-19,2026-04-05,3,quantile,0.975,1502772.9190715607
DE,00+,2026-03-19,2026-04-12,4,quantile,0.025,615265.48686065
DE,00+,2026-03-19,2026-04-12,4,quantile,0.1,746730.0805899489
DE,00+,2026-03-19,2026-04-12,4,quantile,0.25,835198.9614984859
DE,00+,2026-03-19,2026-04-12,4,quantile,0.5,861326.9163074583
DE,00+,2026-03-19,2026-04-12,4,quantile,0.75,952526.7195667636
DE,00+,2026-03-19,2026-04-12,4,quantile,0.9,1161142.9493659309
DE,00+,2026-03-19,2026-04-12,4,quantile,0.975,1540137.8427347986
DE,00-04,2026-03-19,2026-03-22,1,quantile,0.025,115957.15001436176
DE,00-04,2026-03-19,2026-03-22,1,quantile,0.1,160135.41000890193
DE,00-04,2026-03-19,2026-03-22,1,quantile,0.25,167517.95778735867
DE,00-04,2026-03-19,2026-03-22,1,quantile,0.5,175070.40840945754
DE,00-04,2026-03-19,2026-03-22,1,quantile,0.75,181887.57117181947
DE,00-04,2026-03-19,2026-03-22,1,quantile,0.9,190957.60034639953
DE,00-04,2026-03-19,2026-03-22,1,quantile,0.975,200642.39871371922
DE,00-04,2026-03-19,2026-03-29,2,quantile,0.025,110564.07810465022
DE,00-04,2026-03-19,2026-03-29,2,quantile,0.1,151772.6861982154
DE,00-04,2026-03-19,2026-03-29,2,quantile,0.25,167162.24245224518
DE,00-04,2026-03-19,2026-03-29,2,quantile,0.5,178270.01575969366
DE,00-04,2026-03-19,2026-03-29,2,quantile,0.75,184732.7462573697
DE,00-04,2026-03-19,2026-03-29,2,quantile,0.9,192699.20588158804
DE,00-04,2026-03-19,2026-03-29,2,quantile,0.975,206403.81144687685
DE,00-04,2026-03-19,2026-04-05,3,quantile,0.025,101320.62095258801
DE,00-04,2026-03-19,2026-04-05,3,quantile,0.1,132799.1788122137
DE,00-04,2026-03-19,2026-04-05,3,quantile,0.25,155530.65198869232
DE,00-04,2026-03-19,2026-04-05,3,quantile,0.5,162838.87045727516
DE,00-04,2026-03-19,2026-04-05,3,quantile,0.75,168745.68940893427
DE,00-04,2026-03-19,2026-04-05,3,quantile,0.9,184359.55701781815
DE,00-04,2026-03-19,2026-04-05,3,quantile,0.975,210658.00132626574
DE,00-04,2026-03-19,2026-04-12,4,quantile,0.025,95393.27662440842
DE,00-04,2026-03-19,2026-04-12,4,quantile,0.1,129406.47439019056
DE,00-04,2026-03-19,2026-04-12,4,quantile,0.25,152754.95594085736
DE,00-04,2026-03-19,2026-04-12,4,quantile,0.5,156595.3216583373
DE,00-04,2026-03-19,2026-04-12,4,quantile,0.75,168399.1724999617
DE,00-04,2026-03-19,2026-04-12,4,quantile,0.9,186889.97093363458
DE,00-04,2026-03-19,2026-04-12,4,quantile,0.975,232521.95114228028
DE,05-14,2026-03-19,2026-03-22,1,quantile,0.025,82275.07938338546
DE,05-14,2026-03-19,2026-03-22,1,quantile,0.1,120671.0731471858
DE,05-14,2026-03-19,2026-03-22,1,quantile,0.25,132704.992719711
DE,05-14,2026-03-19,2026-03-22,1,quantile,0.5,143040.92623072586
DE,05-14,2026-03-19,2026-03-22,1,quantile,0.75,150661.33042162325
DE,05-14,2026-03-19,2026-03-22,1,quantile,0.9,159942.87702719617
DE,05-14,2026-03-19,2026-03-22,1,quantile,0.975,177204.55214015298
DE,05-14,2026-03-19,2026-03-29,2,quantile,0.025,74365.31004694772
DE,05-14,2026-03-19,2026-03-29,2,quantile,0.1,113852.26966657338
DE,05-14,2026-03-19,2026-03-29,2,quantile,0.25,129041.79196659659
DE,05-14,2026-03-19,2026-03-29,2,quantile,0.5,138583.32201637764
DE,05-14,2026-03-19,2026-03-29,2,quantile,0.75,153508.65905189147
DE,05-14,2026-03-19,2026-03-29,2,quantile,0.9,172800.48878130026
DE,05-14,2026-03-19,2026-03-29,2,quantile,0.975,199447.61580205255
DE,05-14,2026-03-19,2026-04-05,3,quantile,0.025,68694.53251251052
DE,05-14,2026-03-19,2026-04-05,3,quantile,0.1,95432.29995700163
DE,05-14,2026-03-19,2026-04-05,3,quantile,0.25,113368.29715525273
DE,05-14,2026-03-19,2026-04-05,3,quantile,0.5,120326.51611844679
DE,05-14,2026-03-19,2026-04-05,3,quantile,0.75,127242.41765287577
DE,05-14,2026-03-19,2026-04-05,3,quantile,0.9,159877.830042188
DE,05-14,2026-03-19,2026-04-05,3,quantile,0.975,194985.62702569104
DE,05-14,2026-03-19,2026-04-12,4,quantile,0.025,61447.26510100344
DE,05-14,2026-03-19,2026-04-12,4,quantile,0.1,81139.34075676103
DE,05-14,2026-03-19,2026-04-12,4,quantile,0.25,100641.11340911125
DE,05-14,2026-03-19,2026-04-12,4,quantile,0.5,115312.6232112369
DE,05-14,2026-03-19,2026-04-12,4,quantile,0.75,141436.02532584584
DE,05-14,2026-03-19,2026-04-12,4,quantile,0.9,166060.55276873475
DE,05-14,2026-03-19,2026-04-12,4,quantile,0.975,231048.1094460925
DE,15-34,2026-03-19,2026-03-22,1,quantile,0.025,201326.9112175943
DE,15-34,2026-03-19,2026-03-22,1,quantile,0.1,269281.7815535533
DE,15-34,2026-03-19,2026-03-22,1,quantile,0.25,285809.7414340454
DE,15-34,2026-03-19,2026-03-22,1,quantile,0.5,295346.88929680426
DE,15-34,2026-03-19,2026-03-22,1,quantile,0.75,316070.9794235095
DE,15-34,2026-03-19,2026-03-22,1,quantile,0.9,350558.0386533246
DE,15-34,2026-03-19,2026-03-22,1,quantile,0.975,404877.34333496063
DE,15-34,2026-03-19,2026-03-29,2,quantile,0.025,185869.48845025094
DE,15-34,2026-03-19,2026-03-29,2,quantile,0.1,242470.83796638338
DE,15-34,2026-03-19,2026-03-29,2,quantile,0.25,259712.1025946085
DE,15-34,2026-03-19,2026-03-29,2,quantile,0.5,267992.2108222223
DE,15-34,2026-03-19,2026-03-29,2,quantile,0.75,284825.74029313715
DE,15-34,2026-03-19,2026-03-29,2,quantile,0.9,317363.3118592469
DE,15-34,2026-03-19,2026-03-29,2,quantile,0.975,393777.37166211626
DE,15-34,2026-03-19,2026-04-05,3,quantile,0.025,181578.39098830312
DE,15-34,2026-03-19,2026-04-05,3,quantile,0.1,213647.18202510625
DE,15-34,2026-03-19,2026-04-05,3,quantile,0.25,219450.2027118622
DE,15-34,2026-03-19,2026-04-05,3,quantile,0.5,228170.9497496373
DE,15-34,2026-03-19,2026-04-05,3,quantile,0.75,253086.29120360105
DE,15-34,2026-03-19,2026-04-05,3,quantile,0.9,320055.05573701876
DE,15-34,2026-03-19,2026-04-05,3,quantile,0.975,420602.43196979223
DE,15-34,2026-03-19,2026-04-12,4,quantile,0.025,169740.3591887303
DE,15-34,2026-03-19,2026-04-12,4,quantile,0.1,201505.74797447847
DE,15-34,2026-03-19,2026-04-12,4,quantile,0.25,216431.4546670835
DE,15-34,2026-03-19,2026-04-12,4,quantile,0.5,229512.20314866173
DE,15-34,2026-03-19,2026-04-12,4,quantile,0.75,257514.12466785443
DE,15-34,2026-03-19,2026-04-12,4,quantile,0.9,319963.76937248826
DE,15-34,2026-03-19,2026-04-12,4,quantile,0.975,422015.6632629133
DE,35-59,2026-03-19,2026-03-22,1,quantile,0.025,229602.536252021
DE,35-59,2026-03-19,2026-03-22,1,quantile,0.1,311702.3077717053
DE,35-59,2026-03-19,2026-03-22,1,quantile,0.25,319982.64807206125
DE,35-59,2026-03-19,2026-03-22,1,quantile,0.5,339305.4481558621
DE,35-59,2026-03-19,2026-03-22,1,quantile,0.75,367254.19085711293
DE,35-59,2026-03-19,2026-03-22,1,quantile,0.9,396216.4432833489
DE,35-59,2026-03-19,2026-03-22,1,quantile,0.975,486300.98072986666
DE,35-59,2026-03-19,2026-03-29,2,quantile,0.025,205088.46630250188
DE,35-59,2026-03-19,2026-03-29,2,quantile,0.1,284934.2726254077
DE,35-59,2026-03-19,2026-03-29,2,quantile,0.25,299844.0455036784
DE,35-59,2026-03-19,2026-03-29,2,quantile,0.5,307810.0691602111
DE,35-59,2026-03-19,2026-03-29,2,quantile,0.75,328273.6281749593
DE,35-59,2026-03-19,2026-03-29,2,quantile,0.9,370625.9143371744
DE,35-59,2026-03-19,2026-03-29,2,quantile,0.975,459303.8355971767
DE,35-59,2026-03-19,2026-04-05,3,quantile,0.025,195233.4523039842
DE,35-59,2026-03-19,2026-04-05,3,quantile,0.1,242827.8790259563
DE,35-59,2026-03-19,2026-04-05,3,quantile,0.25,252991.32360018982
DE,35-59,2026-03-19,2026-04-05,3,quantile,0.5,269581.2627888791
DE,35-59,2026-03-19,2026-04-05,3,quantile,0.75,297189.8457915638
DE,35-59,2026-03-19,2026-04-05,3,quantile,0.9,366741.35117778427
DE,35-59,2026-03-19,2026-04-05,3,quantile,0.975,511556.3618336598
DE,35-59,2026-03-19,2026-04-12,4,quantile,0.025,180578.78324201863
DE,35-59,2026-03-19,2026-04-12,4,quantile,0.1,224663.3918443201
DE,35-59,2026-03-19,2026-04-12,4,quantile,0.25,252746.88532081427
DE,35-59,2026-03-19,2026-04-12,4,quantile,0.5,260816.322928172
DE,35-59,2026-03-19,2026-04-12,4,quantile,0.75,285777.54013671767
DE,35-59,2026-03-19,2026-04-12,4,quantile,0.9,362287.09035617
DE,35-59,2026-03-19,2026-04-12,4,quantile,0.975,540801.9069025981
DE,60+,2026-03-19,2026-03-22,1,quantile,0.025,84059.17655928378
DE,60+,2026-03-19,2026-03-22,1,quantile,0.1,110918.34307499754
DE,60+,2026-03-19,2026-03-22,1,quantile,0.25,123844.10239873928
DE,60+,2026-03-19,2026-03-22,1,quantile,0.5,128891.27925314938
DE,60+,2026-03-19,2026-03-22,1,quantile,0.75,138708.05570319455
DE,60+,2026-03-19,2026-03-22,1,quantile,0.9,146159.6543123605
DE,60+,2026-03-19,2026-03-22,1,quantile,0.975,164776.6676292217
DE,60+,2026-03-19,2026-03-29,2,quantile,0.025,77548.54294985694
DE,60+,2026-03-19,2026-03-29,2,quantile,0.1,102874.10833920483
DE,60+,2026-03-19,2026-03-29,2,quantile,0.25,116659.02889257607
DE,60+,2026-03-19,2026-03-29,2,quantile,0.5,120836.60024180594
DE,60+,2026-03-19,2026-03-29,2,quantile,0.75,128080.52948875239
DE,60+,2026-03-19,2026-03-29,2,quantile,0.9,139613.15193166852
DE,60+,2026-03-19,2026-03-29,2,quantile,0.975,154194.53847182094
DE,60+,2026-03-19,2026-04-05,3,quantile,0.025,68497.67913938407
DE,60+,2026-03-19,2026-04-05,3,quantile,0.1,97463.85685074284
DE,60+,2026-03-19,2026-04-05,3,quantile,0.25,105228.90037835218
DE,60+,2026-03-19,2026-04-05,3,quantile,0.5,110055.65861504893
DE,60+,2026-03-19,2026-04-05,3,quantile,0.75,117590.05043547384
DE,60+,2026-03-19,2026-04-05,3,quantile,0.9,130380.72237360482
DE,60+,2026-03-19,2026-04-05,3,quantile,0.975,164597.9307080683
DE,60+,2026-03-19,2026-04-12,4,quantile,0.025,73580.24971933322
DE,60+,2026-03-19,2026-04-12,4,quantile,0.1,87149.07820534345
DE,60+,2026-03-19,2026-04-12,4,quantile,0.25,99437.66042676612
DE,60+,2026-03-19,2026-04-12,4,quantile,0.5,104728.16105172108
DE,60+,2026-03-19,2026-04-12,4,quantile,0.75,120076.1618855508
DE,60+,2026-03-19,2026-04-12,4,quantile,0.9,132220.20646329218
DE,60+,2026-03-19,2026-04-12,4,quantile,0.975,171199.91041506553
DE,00+,2026-03-26,2026-03-29,1,quantile,0.025,672691.525701279
DE,00+,2026-03-26,2026-03-29,1,quantile,0.1,871492.093461562
DE,00+,2026-03-26,2026-03-29,1,quantile,0.25,902609.2991456675
DE,00+,2026-03-26,2026-03-29,1,quantile,0.5,929358.704724477
DE,00+,2026-03-26,2026-03-29,1,quantile,0.75,961103.6694392121
DE,00+,2026-03-26,2026-03-29,1,quantile,0.9,1073223.0958927558
DE,00+,2026-03-26,2026-03-29,1,quantile,0.975,1303058.4258980714
DE,00+,2026-03-26,2026-04-05,2,quantile,0.025,651117.448966855
DE,00+,2026-03-26,2026-04-05,2,quantile,0.1,749682.6714748713
DE,00+,2026-03-26,2026-04-05,2,quantile,0.25,819725.0575571709
DE,00+,2026-03-26,2026-04-05,2,quantile,0.5,848851.114058657
DE,00+,2026-03-26,2026-04-05,2,quantile,0.75,896748.5224988507
DE,00+,2026-03-26,2026-04-05,2,quantile,0.9,1008661.5951838361
DE,00+,2026-03-26,2026-04-05,2,quantile,0.975,1239861.5791326999
DE,00+,2026-03-26,2026-04-12,3,quantile,0.025,563969.3372192059
DE,00+,2026-03-26,2026-04-12,3,quantile,0.1,678178.3766535196
DE,00+,2026-03-26,2026-04-12,3,quantile,0.25,747150.2486165969
DE,00+,2026-03-26,2026-04-12,3,quantile,0.5,796649.5941660502
DE,00+,2026-03-26,2026-04-12,3,quantile,0.75,857323.2610669319
DE,00+,2026-03-26,2026-04-12,3,quantile,0.9,990290.135093455
DE,00+,2026-03-26,2026-04-12,3,quantile,0.975,1311337.5488207643
DE,00+,2026-03-26,2026-04-19,4,quantile,0.025,547445.1328989161
DE,00+,2026-03-26,2026-04-19,4,quantile,0.1,639158.6807155391
DE,00+,2026-03-26,2026-04-19,4,quantile,0.25,701415.7683074264
DE,00+,2026-03-26,2026-04-19,4,quantile,0.5,767650.2693777354
DE,00+,2026-03-26,2026-04-19,4,quantile,0.75,851609.5039862307
DE,00+,2026-03-26,2026-04-19,4,quantile,0.9,1005556.9428935597
DE,00+,2026-03-26,2026-04-19,4,quantile,0.975,1338521.4461490733
DE,00-04,2026-03-26,2026-03-29,1,quantile,0.025,121312.83426651813
DE,00-04,2026-03-26,2026-03-29,1,quantile,0.1,150854.45397740163
DE,00-04,2026-03-26,2026-03-29,1,quantile,0.25,163866.5498705793
DE,00-04,2026-03-26,2026-03-29,1,quantile,0.5,175899.1631789363
DE,00-04,2026-03-26,2026-03-29,1,quantile,0.75,184669.8958676345
DE,00-04,2026-03-26,2026-03-29,1,quantile,0.9,195846.16218183693
DE,00-04,2026-03-26,2026-03-29,1,quantile,0.975,208590.67246723693
DE,00-04,2026-03-26,2026-04-05,2,quantile,0.025,104223.15811668122
DE,00-04,2026-03-26,2026-04-05,2,quantile,0.1,136861.73555547395
DE,00-04,2026-03-26,2026-04-05,2,quantile,0.25,155955.3177539725
DE,00-04,2026-03-26,2026-04-05,2,quantile,0.5,167693.65183686605
DE,00-04,2026-03-26,2026-04-05,2,quantile,0.75,176920.46460136745
DE,00-04,2026-03-26,2026-04-05,2,quantile,0.9,191392.32295226917
DE,00-04,2026-03-26,2026-04-05,2,quantile,0.975,205575.30771790323
DE,00-04,2026-03-26,2026-04-12,3,quantile,0.025,98956.95748461416
DE,00-04,2026-03-26,2026-04-12,3,quantile,0.1,127026.04789577995
DE,00-04,2026-03-26,2026-04-12,3,quantile,0.25,142424.52632522426
DE,00-04,2026-03-26,2026-04-12,3,quantile,0.5,151770.37591019113
DE,00-04,2026-03-26,2026-04-12,3,quantile,0.75,171029.71727620013
DE,00-04,2026-03-26,2026-04-12,3,quantile,0.9,191217.12544464722
DE,00-04,2026-03-26,2026-04-12,3,quantile,0.975,208152.442165555
DE,00-04,2026-03-26,2026-04-19,4,quantile,0.025,97046.27205534738
DE,00-04,2026-03-26,2026-04-19,4,quantile,0.1,118348.32455512436
DE,00-04,2026-03-26,2026-04-19,4,quantile,0.25,141140.96930720806
DE,00-04,2026-03-26,2026-04-19,4,quantile,0.5,147562.85054138125
DE,00-04,2026-03-26,2026-04-19,4,quantile,0.75,168018.24616569286
DE,00-04,2026-03-26,2026-04-19,4,quantile,0.9,187730.3725534368
DE,00-04,2026-03-26,2026-04-19,4,quantile,0.975,206268.2517467027
DE,05-14,2026-03-26,2026-03-29,1,quantile,0.025,74588.13656396011
DE,05-14,2026-03-26,2026-03-29,1,quantile,0.1,103035.76377447465
DE,05-14,2026-03-26,2026-03-29,1,quantile,0.25,111915.7229817586
DE,05-14,2026-03-26,2026-03-29,1,quantile,0.5,120155.75413901634
DE,05-14,2026-03-26,2026-03-29,1,quantile,0.75,135106.5406459913
DE,05-14,2026-03-26,2026-03-29,1,quantile,0.9,151820.8505912256
DE,05-14,2026-03-26,2026-03-29,1,quantile,0.975,170734.44253557856
DE,05-14,2026-03-26,2026-04-05,2,quantile,0.025,63873.30091404853
DE,05-14,2026-03-26,2026-04-05,2,quantile,0.1,90328.03941764013
DE,05-14,2026-03-26,2026-04-05,2,quantile,0.25,105035.54214298472
DE,05-14,2026-03-26,2026-04-05,2,quantile,0.5,113012.91431265224
DE,05-14,2026-03-26,2026-04-05,2,quantile,0.75,123457.11024972095
DE,05-14,2026-03-26,2026-04-05,2,quantile,0.9,148548.29995646887
DE,05-14,2026-03-26,2026-04-05,2,quantile,0.975,182982.55468948215
DE,05-14,2026-03-26,2026-04-12,3,quantile,0.025,56452.65778229894
DE,05-14,2026-03-26,2026-04-12,3,quantile,0.1,75499.28372796069
DE,05-14,2026-03-26,2026-04-12,3,quantile,0.25,97566.07548410099
DE,05-14,2026-03-26,2026-04-12,3,quantile,0.5,112337.22073231972
DE,05-14,2026-03-26,2026-04-12,3,quantile,0.75,126684.37097128427
DE,05-14,2026-03-26,2026-04-12,3,quantile,0.9,154477.68998003093
DE,05-14,2026-03-26,2026-04-12,3,quantile,0.975,207795.06742692154
DE,05-14,2026-03-26,2026-04-19,4,quantile,0.025,56680.882488371535
DE,05-14,2026-03-26,2026-04-19,4,quantile,0.1,76630.99768443414
DE,05-14,2026-03-26,2026-04-19,4,quantile,0.25,94138.02986281672
DE,05-14,2026-03-26,2026-04-19,4,quantile,0.5,108860.23090595953
DE,05-14,2026-03-26,2026-04-19,4,quantile,0.75,132975.68476022972
DE,05-14,2026-03-26,2026-04-19,4,quantile,0.9,159752.064383557
DE,05-14,2026-03-26,2026-04-19,4,quantile,0.975,208054.3343917572
DE,15-34,2026-03-26,2026-03-29,1,quantile,0.025,183996.7512916094
DE,15-34,2026-03-26,2026-03-29,1,quantile,0.1,233416.18777889115
DE,15-34,2026-03-26,2026-03-29,1,quantile,0.25,237336.97141935411
DE,15-34,2026-03-26,2026-03-29,1,quantile,0.5,244287.33137423912
DE,15-34,2026-03-26,2026-03-29,1,quantile,0.75,260749.51259285863
DE,15-34,2026-03-26,2026-03-29,1,quantile,0.9,297470.6683503716
DE,15-34,2026-03-26,2026-03-29,1,quantile,0.975,369686.064375243
DE,15-34,2026-03-26,2026-04-05,2,quantile,0.025,178999.5967245371
DE,15-34,2026-03-26,2026-04-05,2,quantile,0.1,205187.47320763237
DE,15-34,2026-03-26,2026-04-05,2,quantile,0.25,209725.98221657658
DE,15-34,2026-03-26,2026-04-05,2,quantile,0.5,217216.78208192904
DE,15-34,2026-03-26,2026-04-05,2,quantile,0.75,235700.86834549106
DE,15-34,2026-03-26,2026-04-05,2,quantile,0.9,267211.1280806711
DE,15-34,2026-03-26,2026-04-05,2,quantile,0.975,349807.28520006
DE,15-34,2026-03-26,2026-04-12,3,quantile,0.025,150247.82038046094
DE,15-34,2026-03-26,2026-04-12,3,quantile,0.1,182092.06185673893
DE,15-34,2026-03-26,2026-04-12,3,quantile,0.25,190346.0488902386
DE,15-34,2026-03-26,2026-04-12,3,quantile,0.5,213430.4530629373
DE,15-34,2026-03-26,2026-04-12,3,quantile,0.75,230461.8854505999
DE,15-34,2026-03-26,2026-04-12,3,quantile,0.9,266118.67485634645
DE,15-34,2026-03-26,2026-04-12,3,quantile,0.975,371114.64967463014
DE,15-34,2026-03-26,2026-04-19,4,quantile,0.025,143577.88511087827
DE,15-34,2026-03-26,2026-04-19,4,quantile,0.1,170946.0348915782
DE,15-34,2026-03-26,2026-04-19,4,quantile,0.25,191370.04113281606
DE,15-34,2026-03-26,2026-04-19,4,quantile,0.5,206036.694747569
DE,15-34,2026-03-26,2026-04-19,4,quantile,0.75,236042.6233467258
DE,15-34,2026-03-26,2026-04-19,4,quantile,0.9,278751.90939986747
DE,15-34,2026-03-26,2026-04-19,4,quantile,0.975,357231.8037447936
DE,35-59,2026-03-26,2026-03-29,1,quantile,0.025,216634.29341823817
DE,35-59,2026-03-26,2026-03-29,1,quantile,0.1,263356.82762034
DE,35-59,2026-03-26,2026-03-29,1,quantile,0.25,271771.3218489054
DE,35-59,2026-03-26,2026-03-29,1,quantile,0.5,275524.8903948751
DE,35-59,2026-03-26,2026-03-29,1,quantile,0.75,287690.06749439397
DE,35-59,2026-03-26,2026-03-29,1,quantile,0.9,331652.66622761625
DE,35-59,2026-03-26,2026-03-29,1,quantile,0.975,442989.2004882321
DE,35-59,2026-03-26,2026-04-05,2,quantile,0.025,193055.66308218
DE,35-59,2026-03-26,2026-04-05,2,quantile,0.1,230262.8833288868
DE,35-59,2026-03-26,2026-04-05,2,quantile,0.25,237448.37479449474
DE,35-59,2026-03-26,2026-04-05,2,quantile,0.5,247901.60992050002
DE,35-59,2026-03-26,2026-04-05,2,quantile,0.75,262473.35804045916
DE,35-59,2026-03-26,2026-04-05,2,quantile,0.9,298010.31610030297
DE,35-59,2026-03-26,2026-04-05,2,quantile,0.975,383237.7906582052
DE,35-59,2026-03-26,2026-04-12,3,quantile,0.025,169605.770449495
DE,35-59,2026-03-26,2026-04-12,3,quantile,0.1,200934.39149565995
DE,35-59,2026-03-26,2026-04-12,3,quantile,0.25,213861.84041992534
DE,35-59,2026-03-26,2026-04-12,3,quantile,0.5,230648.58127077046
DE,35-59,2026-03-26,2026-04-12,3,quantile,0.75,244822.32020050674
DE,35-59,2026-03-26,2026-04-12,3,quantile,0.9,292034.95761030924
DE,35-59,2026-03-26,2026-04-12,3,quantile,0.975,440863.07628163474
DE,35-59,2026-03-26,2026-04-19,4,quantile,0.025,156018.71380198633
DE,35-59,2026-03-26,2026-04-19,4,quantile,0.1,177551.44380320254
DE,35-59,2026-03-26,2026-04-19,4,quantile,0.25,204181.1776803023
DE,35-59,2026-03-26,2026-04-19,4,quantile,0.5,219900.5370736071
DE,35-59,2026-03-26,2026-04-19,4,quantile,0.75,250627.32684562652
DE,35-59,2026-03-26,2026-04-19,4,quantile,0.9,310061.0177411408
DE,35-59,2026-03-26,2026-04-19,4,quantile,0.975,483848.20682513237
DE,60+,2026-03-26,2026-03-29,1,quantile,0.025,80421.14756931958
DE,60+,2026-03-26,2026-03-29,1,quantile,0.1,98167.04223370578
DE,60+,2026-03-26,2026-03-29,1,quantile,0.25,109316.76175957386
DE,60+,2026-03-26,2026-03-29,1,quantile,0.5,114517.3014453662
DE,60+,2026-03-26,2026-03-29,1,quantile,0.75,118321.98569965284
DE,60+,2026-03-26,2026-03-29,1,quantile,0.9,129188.83889658542
DE,60+,2026-03-26,2026-03-29,1,quantile,0.975,144930.8925045855
DE,60+,2026-03-26,2026-04-05,2,quantile,0.025,73112.11265776507
DE,60+,2026-03-26,2026-04-05,2,quantile,0.1,91439.72722397567
DE,60+,2026-03-26,2026-04-05,2,quantile,0.25,102148.63804228505
DE,60+,2026-03-26,2026-04-05,2,quantile,0.5,104595.02489002916
DE,60+,2026-03-26,2026-04-05,2,quantile,0.75,107428.97116274577
DE,60+,2026-03-26,2026-04-05,2,quantile,0.9,116992.36830456913
DE,60+,2026-03-26,2026-04-05,2,quantile,0.975,129867.79576996279
DE,60+,2026-03-26,2026-04-12,3,quantile,0.025,64099.88910570015
DE,60+,2026-03-26,2026-04-12,3,quantile,0.1,79248.5369967082
DE,60+,2026-03-26,2026-04-12,3,quantile,0.25,89616.35387190818
DE,60+,2026-03-26,2026-04-12,3,quantile,0.5,96171.8020255389
DE,60+,2026-03-26,2026-04-12,3,quantile,0.75,99131.55216178342
DE,60+,2026-03-26,2026-04-12,3,quantile,0.9,117354.28262185371
DE,60+,2026-03-26,2026-04-12,3,quantile,0.975,138789.78953107685
DE,60+,2026-03-26,2026-04-19,4,quantile,0.025,62246.28614713765
DE,60+,2026-03-26,2026-04-19,4,quantile,0.1,72669.71574624887
DE,60+,2026-03-26,2026-04-19,4,quantile,0.25,82186.14859514892
DE,60+,2026-03-26,2026-04-19,4,quantile,0.5,86249.7799686578
DE,60+,2026-03-26,2026-04-19,4,quantile,0.75,94437.69268334653
DE,60+,2026-03-26,2026-04-19,4,quantile,0.9,116641.7038869037
DE,60+,2026-03-26,2026-04-19,4,quantile,0.975,145045.92903081293
DE,00+,2026-04-02,2026-04-05,1,quantile,0.025,694221.0873892013
DE,00+,2026-04-02,2026-04-05,1,quantile,0.1,798517.2806870164
DE,00+,2026-04-02,2026-04-05,1,quantile,0.25,852491.2016020513
DE,00+,2026-04-02,2026-04-05,1,quantile,0.5,902165.3751177726
DE,00+,2026-04-02,2026-04-05,1,quantile,0.75,979743.8928638144
DE,00+,2026-04-02,2026-04-05,1,quantile,0.9,1069671.0197578366
DE,00+,2026-04-02,2026-04-05,1,quantile,0.975,1304129.146354528
DE,00+,2026-04-02,2026-04-12,2,quantile,0.025,631976.4245204098
DE,00+,2026-04-02,2026-04-12,2,quantile,0.1,718036.9402006569
DE,00+,2026-04-02,2026-04-12,2,quantile,0.25,752913.8571086954
DE,00+,2026-04-02,2026-04-12,2,quantile,0.5,838390.6524916599
DE,00+,2026-04-02,2026-04-12,2,quantile,0.75,920131.7762013653
DE,00+,2026-04-02,2026-04-12,2,quantile,0.9,1030331.8427490307
DE,00+,2026-04-02,2026-04-12,2,quantile,0.975,1245455.5995009728
DE,00+,2026-04-02,2026-04-19,3,quantile,0.025,553863.2858602179
DE,00+,2026-04-02,2026-04-19,3,quantile,0.1,645222.3327690223
DE,00+,2026-04-02,2026-04-19,3,quantile,0.25,738606.3174511475
DE,00+,2026-04-02,2026-04-19,3,quantile,0.5,843979.6930165382
DE,00+,2026-04-02,2026-04-19,3,quantile,0.75,941959.6201289007
DE,00+,2026-04-02,2026-04-19,3,quantile,0.9,1035543.9898945304
DE,00+,2026-04-02,2026-04-19,3,quantile,0.975,1311985.5766983707
DE,00+,2026-04-02,2026-04-26,4,quantile,0.025,542188.7854165839
DE,00+,2026-04-02,2026-04-26,4,quantile,0.1,656599.3945873869
DE,00+,2026-04-02,2026-04-26,4,quantile,0.25,781002.8043797032
DE,00+,2026-04-02,2026-04-26,4,quantile,0.5,814371.2964264688
DE,00+,2026-04-02,2026-04-26,4,quantile,0.75,913608.9603597492
DE,00+,2026-04-02,2026-04-26,4,quantile,0.9,1023474.0110353151
DE,00+,2026-04-02,2026-04-26,4,quantile,0.975,1286372.2961371145
DE,00-04,2026-04-02,2026-04-05,1,quantile,0.025,118185.70112079402
DE,00-04,2026-04-02,2026-04-05,1,quantile,0.1,143777.42670602686
DE,00-04,2026-04-02,2026-04-05,1,quantile,0.25,150791.7290509459
DE,00-04,2026-04-02,2026-04-05,1,quantile,0.5,163411.659159059
DE,00-04,2026-04-02,2026-04-05,1,quantile,0.75,173158.36467934021
DE,00-04,2026-04-02,2026-04-05,1,quantile,0.9,182665.60033486327
DE,00-04,2026-04-02,2026-04-05,1,quantile,0.975,192102.8997011723
DE,00-04,2026-04-02,2026-04-12,2,quantile,0.025,106272.591520789
DE,00-04,2026-04-02,2026-04-12,2,quantile,0.1,129984.22031446612
DE,00-04,2026-04-02,2026-04-12,2,quantile,0.25,141615.30472976624
DE,00-04,2026-04-02,2026-04-12,2,quantile,0.5,150627.21849464375
DE,00-04,2026-04-02,2026-04-12,2,quantile,0.75,168839.4402005481
DE,00-04,2026-04-02,2026-04-12,2,quantile,0.9,181265.8174764642
DE,00-04,2026-04-02,2026-04-12,2,quantile,0.975,193917.70824390653
DE,00-04,2026-04-02,2026-04-19,3,quantile,0.025,100909.68719181344
DE,00-04,2026-04-02,2026-04-19,3,quantile,0.1,122900.43320559831
DE,00-04,2026-04-02,2026-04-19,3,quantile,0.25,136821.22737410152
DE,00-04,2026-04-02,2026-04-19,3,quantile,0.5,143860.74222309157
DE,00-04,2026-04-02,2026-04-19,3,quantile,0.75,161200.45966460207
DE,00-04,2026-04-02,2026-04-19,3,quantile,0.9,172146.40683854878
DE,00-04,2026-04-02,2026-04-19,3,quantile,0.975,184663.76571284258
DE,00-04,2026-04-02,2026-04-26,4,quantile,0.025,95296.9024165517
DE,00-04,2026-04-02,2026-04-26,4,quantile,0.1,118599.07906926403
DE,00-04,2026-04-02,2026-04-26,4,quantile,0.25,127859.6372811705
DE,00-04,2026-04-02,2026-04-26,4,quantile,0.5,131991.13843782738
DE,00-04,2026-04-02,2026-04-26,4,quantile,0.75,148275.04067787
DE,00-04,2026-04-02,2026-04-26,4,quantile,0.9,167940.9324631997
DE,00-04,2026-04-02,2026-04-26,4,quantile,0.975,199453.6534583451
DE,05-14,2026-04-02,2026-04-05,1,quantile,0.025,77718.67495470258
DE,05-14,2026-04-02,2026-04-05,1,quantile,0.1,101337.81650672822
DE,05-14,2026-04-02,2026-04-05,1,quantile,0.25,107773.83129728472
DE,05-14,2026-04-02,2026-04-05,1,quantile,0.5,117488.09707830337
DE,05-14,2026-04-02,2026-04-05,1,quantile,0.75,129610.16243494295
DE,05-14,2026-04-02,2026-04-05,1,quantile,0.9,151778.3628575651
DE,05-14,2026-04-02,2026-04-05,1,quantile,0.975,172529.93616160564
DE,05-14,2026-04-02,2026-04-12,2,quantile,0.025,62315.41057740905
DE,05-14,2026-04-02,2026-04-12,2,quantile,0.1,78639.28181007663
DE,05-14,2026-04-02,2026-04-12,2,quantile,0.25,91381.64939102656
DE,05-14,2026-04-02,2026-04-12,2,quantile,0.5,113749.5682366414
DE,05-14,2026-04-02,2026-04-12,2,quantile,0.75,128764.63999296697
DE,05-14,2026-04-02,2026-04-12,2,quantile,0.9,150531.44520553265
DE,05-14,2026-04-02,2026-04-12,2,quantile,0.975,177012.43708207077
DE,05-14,2026-04-02,2026-04-19,3,quantile,0.025,58716.034353190415
DE,05-14,2026-04-02,2026-04-19,3,quantile,0.1,79796.54562420165
DE,05-14,2026-04-02,2026-04-19,3,quantile,0.25,94561.7618868399
DE,05-14,2026-04-02,2026-04-19,3,quantile,0.5,108611.07809767248
DE,05-14,2026-04-02,2026-04-19,3,quantile,0.75,133119.7806534345
DE,05-14,2026-04-02,2026-04-19,3,quantile,0.9,157536.63103724032
DE,05-14,2026-04-02,2026-04-19,3,quantile,0.975,200728.77154871039
DE,05-14,2026-04-02,2026-04-26,4,quantile,0.025,61247.53114772319
DE,05-14,2026-04-02,2026-04-26,4,quantile,0.1,78857.15585971743
DE,05-14,2026-04-02,2026-04-26,4,quantile,0.25,94031.65570006405
DE,05-14,2026-04-02,2026-04-26,4,quantile,0.5,105185.68144530505
DE,05-14,2026-04-02,2026-04-26,4,quantile,0.75,123270.37943316836
DE,05-14,2026-04-02,2026-04-26,4,quantile,0.9,150997.00533416262
DE,05-14,2026-04-02,2026-04-26,4,quantile,0.975,206314.31101522478
DE,15-34,2026-04-02,2026-04-05,1,quantile,0.025,189209.04178660564
DE,15-34,2026-04-02,2026-04-05,1,quantile,0.1,210993.27101486578
DE,15-34,2026-04-02,2026-04-05,1,quantile,0.25,225093.10018660905
DE,15-34,2026-04-02,2026-04-05,1,quantile,0.5,243051.65552876875
DE,15-34,2026-04-02,2026-04-05,1,quantile,0.75,265796.88580998016
DE,15-34,2026-04-02,2026-04-05,1,quantile,0.9,299801.97331841785
DE,15-34,2026-04-02,2026-04-05,1,quantile,0.975,376631.73055855907
DE,15-34,2026-04-02,2026-04-12,2,quantile,0.025,170864.37734558995
DE,15-34,2026-04-02,2026-04-12,2,quantile,0.1,195762.41618583948
DE,15-34,2026-04-02,2026-04-12,2,quantile,0.25,207059.986362723
DE,15-34,2026-04-02,2026-04-12,2,quantile,0.5,227885.33974183694
DE,15-34,2026-04-02,2026-04-12,2,quantile,0.75,248693.95912286104
DE,15-34,2026-04-02,2026-04-12,2,quantile,0.9,280910.4699562791
DE,15-34,2026-04-02,2026-04-12,2,quantile,0.975,342604.7148054055
DE,15-34,2026-04-02,2026-04-19,3,quantile,0.025,145775.25071277836
DE,15-34,2026-04-02,2026-04-19,3,quantile,0.1,173389.20481145044
DE,15-34,2026-04-02,2026-04-19,3,quantile,0.25,197544.93888317785
DE,15-34,2026-04-02,2026-04-19,3,quantile,0.5,237923.0776714467
DE,15-34,2026-04-02,2026-04-19,3,quantile,0.75,262997.87638073094
DE,15-34,2026-04-02,2026-04-19,3,quantile,0.9,291130.7804839318
DE,15-34,2026-04-02,2026-04-19,3,quantile,0.975,366906.86753612745
DE,15-34,2026-04-02,2026-04-26,4,quantile,0.025,147541.59205951093
DE,15-34,2026-04-02,2026-04-26,4,quantile,0.1,182343.97773606933
DE,15-34,2026-04-02,2026-04-26,4,quantile,0.25,219629.16601975347
DE,15-34,2026-04-02,2026-04-26,4,quantile,0.5,231787.30164665863
DE,15-34,2026-04-02,2026-04-26,4,quantile,0.75,264003.3155514829
DE,15-34,2026-04-02,2026-04-26,4,quantile,0.9,289158.08765078813
DE,15-34,2026-04-02,2026-04-26,4,quantile,0.975,367821.67841599265
DE,35-59,2026-04-02,2026-04-05,1,quantile,0.025,219933.41405287944
DE,35-59,2026-04-02,2026-04-05,1,quantile,0.1,242829.8784840168
DE,35-59,2026-04-02,2026-04-05,1,quantile,0.25,254867.34990848042
DE,35-59,2026-04-02,2026-04-05,1,quantile,0.5,273347.4113569272
DE,35-59,2026-04-02,2026-04-05,1,quantile,0.75,299169.2167538257
DE,35-59,2026-04-02,2026-04-05,1,quantile,0.9,322199.0210194838
DE,35-59,2026-04-02,2026-04-05,1,quantile,0.975,434500.196501653
DE,35-59,2026-04-02,2026-04-12,2,quantile,0.025,185331.17201873648
DE,35-59,2026-04-02,2026-04-12,2,quantile,0.1,214895.47784875808
DE,35-59,2026-04-02,2026-04-12,2,quantile,0.25,235909.51809511386
DE,35-59,2026-04-02,2026-04-12,2,quantile,0.5,254430.84262815613
DE,35-59,2026-04-02,2026-04-12,2,quantile,0.75,276333.3191390925
DE,35-59,2026-04-02,2026-04-12,2,quantile,0.9,318171.572269234
DE,35-59,2026-04-02,2026-04-12,2,quantile,0.975,387220.8348929606
DE,35-59,2026-04-02,2026-04-19,3,quantile,0.025,166318.42773154046
DE,35-59,2026-04-02,2026-04-19,3,quantile,0.1,186912.7845883411
DE,35-59,2026-04-02,2026-04-19,3,quantile,0.25,212431.08026460907
DE,35-59,2026-04-02,2026-04-19,3,quantile,0.5,244471.67850553448
DE,35-59,2026-04-02,2026-04-19,3,quantile,0.75,290901.487768598
DE,35-59,2026-04-02,2026-04-19,3,quantile,0.9,329865.78586141503
DE,35-59,2026-04-02,2026-04-19,3,quantile,0.975,445657.6278503281
DE,35-59,2026-04-02,2026-04-26,4,quantile,0.025,155769.26924268506
DE,35-59,2026-04-02,2026-04-26,4,quantile,0.1,188254.05833580295
DE,35-59,2026-04-02,2026-04-26,4,quantile,0.25,232856.13412126125
DE,35-59,2026-04-02,2026-04-26,4,quantile,0.5,250941.044510938
DE,35-59,2026-04-02,2026-04-26,4,quantile,0.75,294936.33477618074
DE,35-59,2026-04-02,2026-04-26,4,quantile,0.9,329638.6040808597
DE,35-59,2026-04-02,2026-04-26,4,quantile,0.975,419337.83716940734
DE,60+,2026-04-02,2026-04-05,1,quantile,0.025,84914.7735363853
DE,60+,2026-04-02,2026-04-05,1,quantile,0.1,98328.14839851655
DE,60+,2026-04-02,2026-04-05,1,quantile,0.25,103488.66779664363
DE,60+,2026-04-02,2026-04-05,1,quantile,0.5,106903.8592018394
DE,60+,2026-04-02,2026-04-05,1,quantile,0.75,112297.01913811352
DE,60+,2026-04-02,2026-04-05,1,quantile,0.9,120655.77368709026
DE,60+,2026-04-02,2026-04-05,1,quantile,0.975,140366.20243332727
DE,60+,2026-04-02,2026-04-12,2,quantile,0.025,72937.9246817327
DE,60+,2026-04-02,2026-04-12,2,quantile,0.1,83239.72333426971
DE,60+,2026-04-02,2026-04-12,2,quantile,0.25,91337.18563157396
DE,60+,2026-04-02,2026-04-12,2,quantile,0.5,97246.5640179564
DE,60+,2026-04-02,2026-04-12,2,quantile,0.75,102712.27592306105
DE,60+,2026-04-02,2026-04-12,2,quantile,0.9,113505.72284295864
DE,60+,2026-04-02,2026-04-12,2,quantile,0.975,124455.39859949014
DE,60+,2026-04-02,2026-04-19,3,quantile,0.025,64003.82917004358
DE,60+,2026-04-02,2026-04-19,3,quantile,0.1,74863.0536025161
DE,60+,2026-04-02,2026-04-19,3,quantile,0.25,82981.15701691328
DE,60+,2026-04-02,2026-04-19,3,quantile,0.5,92570.98736216463
DE,60+,2026-04-02,2026-04-19,3,quantile,0.75,100935.48286328686
DE,60+,2026-04-02,2026-04-19,3,quantile,0.9,112229.58532699523
DE,60+,2026-04-02,2026-04-19,3,quantile,0.975,136062.3126776427
DE,60+,2026-04-02,2026-04-26,4,quantile,0.025,64067.24906237241
DE,60+,2026-04-02,2026-04-26,4,quantile,0.1,75948.97745350537
DE,60+,2026-04-02,2026-04-26,4,quantile,0.25,84435.01732352217
DE,60+,2026-04-02,2026-04-26,4,quantile,0.5,89151.84922708283
DE,60+,2026-04-02,2026-04-26,4,quantile,0.75,97946.68050950306
DE,60+,2026-04-02,2026-04-26,4,quantile,0.9,114649.92694784209
DE,60+,2026-04-02,2026-04-26,4,quantile,0.975,137039.8899759737
DE,00+,2026-04-09,2026-04-12,1,quantile,0.025,609451.0713765088
DE,00+,2026-04-09,2026-04-12,1,quantile,0.1,672848.5469137471
DE,00+,2026-04-09,2026-04-12,1,quantile,0.25,709384.4423240154
DE,00+,2026-04-09,2026-04-12,1,quantile,0.5,800617.3667918952
DE,00+,2026-04-09,2026-04-12,1,quantile,0.75,902070.2338415636
DE,00+,2026-04-09,2026-04-12,1,quantile,0.9,985778.1295901935
DE,00+,2026-04-09,2026-04-12,1,quantile,0.975,1341827.5993264893
DE,00+,2026-04-09,2026-04-19,2,quantile,0.025,553581.7441249227
DE,00+,2026-04-09,2026-04-19,2,quantile,0.1,615262.1484909892
DE,00+,2026-04-09,2026-04-19,2,quantile,0.25,675625.5720004691
DE,00+,2026-04-09,2026-04-19,2,quantile,0.5,763153.8421433106
DE,00+,2026-04-09,2026-04-19,2,quantile,0.75,858959.7550934913
DE,00+,2026-04-09,2026-04-19,2,quantile,0.9,952687.0379196231
DE,00+,2026-04-09,2026-04-19,2,quantile,0.975,1333496.5683559142
DE,00+,2026-04-09,2026-04-26,3,quantile,0.025,582152.670510776
DE,00+,2026-04-09,2026-04-26,3,quantile,0.1,652536.5220614831
DE,00+,2026-04-09,2026-04-26,3,quantile,0.25,678084.056992363
DE,00+,2026-04-09,2026-04-26,3,quantile,0.5,732432.3227626558
DE,00+,2026-04-09,2026-04-26,3,quantile,0.75,846049.9240938753
DE,00+,2026-04-09,2026-04-26,3,quantile,0.9,923980.1871740036
DE,00+,2026-04-09,2026-04-26,3,quantile,0.975,1273568.784067817
DE,00+,2026-04-09,2026-05-03,4,quantile,0.025,540519.7558199823
DE,00+,2026-04-09,2026-05-03,4,quantile,0.1,606794.2735025163
DE,00+,2026-04-09,2026-05-03,4,quantile,0.25,671349.2697238275
DE,00+,2026-04-09,2026-05-03,4,quantile,0.5,695940.8971175335
DE,00+,2026-04-09,2026-05-03,4,quantile,0.75,803467.320657672
DE,00+,2026-04-09,2026-05-03,4,quantile,0.9,905739.2971655263
DE,00+,2026-04-09,2026-05-03,4,quantile,0.975,1276419.753157217
DE,00-04,2026-04-09,2026-04-12,1,quantile,0.025,110821.05174612286
DE,00-04,2026-04-09,2026-04-12,1,quantile,0.1,125244.34183416676
DE,00-04,2026-04-09,2026-04-12,1,quantile,0.25,133417.62331054706
DE,00-04,2026-04-09,2026-04-12,1,quantile,0.5,147882.22738985872
DE,00-04,2026-04-09,2026-04-12,1,quantile,0.75,159086.08300145116
DE,00-04,2026-04-09,2026-04-12,1,quantile,0.9,170193.05424973494
DE,00-04,2026-04-09,2026-04-12,1,quantile,0.975,180215.25664199685
DE,00-04,2026-04-09,2026-04-19,2,quantile,0.025,105917.43991796843
DE,00-04,2026-04-09,2026-04-19,2,quantile,0.1,122261.01988716808
DE,00-04,2026-04-09,2026-04-19,2,quantile,0.25,131896.3882637281
DE,00-04,2026-04-09,2026-04-19,2,quantile,0.5,145279.5377337851
DE,00-04,2026-04-09,2026-04-19,2,quantile,0.75,155820.61464483864
DE,00-04,2026-04-09,2026-04-19,2,quantile,0.9,166484.44614094307
DE,00-04,2026-04-09,2026-04-19,2,quantile,0.975,188057.61769319512
DE,00-04,2026-04-09,2026-04-26,3,quantile,0.025,99816.70653162253
DE,00-04,2026-04-09,2026-04-26,3,quantile,0.1,115310.9075885268
DE,00-04,2026-04-09,2026-04-26,3,quantile,0.25,121867.55197527938
DE,00-04,2026-04-09,2026-04-26,3,quantile,0.5,137455.46957984747
DE,00-04,2026-04-09,2026-04-26,3,quantile,0.75,147730.1743147404
DE,00-04,2026-04-09,2026-04-26,3,quantile,0.9,158196.73168305497
DE,00-04,2026-04-09,2026-04-26,3,quantile,0.975,194573.64651911583
DE,00-04,2026-04-09,2026-05-03,4,quantile,0.025,95129.2706304779
DE,00-04,2026-04-09,2026-05-03,4,quantile,0.1,112489.2851274129
DE,00-04,2026-04-09,2026-05-03,4,quantile,0.25,125316.14780993764
DE,00-04,2026-04-09,2026-05-03,4,quantile,0.5,130385.04706080181
DE,00-04,2026-04-09,2026-05-03,4,quantile,0.75,138325.3119740758
DE,00-04,2026-04-09,2026-05-03,4,quantile,0.9,146898.87079157468
DE,00-04,2026-04-09,2026-05-03,4,quantile,0.975,191041.98650356792
DE,05-14,2026-04-09,2026-04-12,1,quantile,0.025,63761.35157922217
DE,05-14,2026-04-09,2026-04-12,1,quantile,0.1,70962.0835203114
DE,05-14,2026-04-09,2026-04-12,1,quantile,0.25,77370.18578829337
DE,05-14,2026-04-09,2026-04-12,1,quantile,0.5,90409.35292216451
DE,05-14,2026-04-09,2026-04-12,1,quantile,0.75,103218.17423383487
DE,05-14,2026-04-09,2026-04-12,1,quantile,0.9,119684.30090720074
DE,05-14,2026-04-09,2026-04-12,1,quantile,0.975,174669.82680037577
DE,05-14,2026-04-09,2026-04-19,2,quantile,0.025,63592.56573176793
DE,05-14,2026-04-09,2026-04-19,2,quantile,0.1,75319.08985389066
DE,05-14,2026-04-09,2026-04-19,2,quantile,0.25,92389.85596654247
DE,05-14,2026-04-09,2026-04-19,2,quantile,0.5,99946.17752907376
DE,05-14,2026-04-09,2026-04-19,2,quantile,0.75,118231.57677555364
DE,05-14,2026-04-09,2026-04-19,2,quantile,0.9,137504.06243149488
DE,05-14,2026-04-09,2026-04-19,2,quantile,0.975,186052.3065332591
DE,05-14,2026-04-09,2026-04-26,3,quantile,0.025,65511.811133652016
DE,05-14,2026-04-09,2026-04-26,3,quantile,0.1,81010.18161580943
DE,05-14,2026-04-09,2026-04-26,3,quantile,0.25,89204.60778165012
DE,05-14,2026-04-09,2026-04-26,3,quantile,0.5,100093.12362630376
DE,05-14,2026-04-09,2026-04-26,3,quantile,0.75,124621.22395322355
DE,05-14,2026-04-09,2026-04-26,3,quantile,0.9,145613.03280792004
DE,05-14,2026-04-09,2026-04-26,3,quantile,0.975,192137.067594791
DE,05-14,2026-04-09,2026-05-03,4,quantile,0.025,64282.775775899914
DE,05-14,2026-04-09,2026-05-03,4,quantile,0.1,77165.59481323611
DE,05-14,2026-04-09,2026-05-03,4,quantile,0.25,88686.38450387835
DE,05-14,2026-04-09,2026-05-03,4,quantile,0.5,93344.70390477605
DE,05-14,2026-04-09,2026-05-03,4,quantile,0.75,111816.90098747044
DE,05-14,2026-04-09,2026-05-03,4,quantile,0.9,126886.8899310199
DE,05-14,2026-04-09,2026-05-03,4,quantile,0.975,194683.96878021973
DE,15-34,2026-04-09,2026-04-12,1,quantile,0.025,166296.09774119605
DE,15-34,2026-04-09,2026-04-12,1,quantile,0.1,180834.99520638795
DE,15-34,2026-04-09,2026-04-12,1,quantile,0.25,189609.80944389562
DE,15-34,2026-04-09,2026-04-12,1,quantile,0.5,210643.1029916994
DE,15-34,2026-04-09,2026-04-12,1,quantile,0.75,235820.95527239222
DE,15-34,2026-04-09,2026-04-12,1,quantile,0.9,268262.397520782
DE,15-34,2026-04-09,2026-04-12,1,quantile,0.975,376259.69855242537
DE,15-34,2026-04-09,2026-04-19,2,quantile,0.025,147674.08764659037
DE,15-34,2026-04-09,2026-04-19,2,quantile,0.1,164727.83069669156
DE,15-34,2026-04-09,2026-04-19,2,quantile,0.25,183907.53439381585
DE,15-34,2026-04-09,2026-04-19,2,quantile,0.5,213873.78878203817
DE,15-34,2026-04-09,2026-04-19,2,quantile,0.75,240628.40874500442
DE,15-34,2026-04-09,2026-04-19,2,quantile,0.9,268885.36832068267
DE,15-34,2026-04-09,2026-04-19,2,quantile,0.975,366232.39717000496
DE,15-34,2026-04-09,2026-04-26,3,quantile,0.025,157474.02980909884
DE,15-34,2026-04-09,2026-04-26,3,quantile,0.1,176925.75589406508
DE,15-34,2026-04-09,2026-04-26,3,quantile,0.25,189575.94907742203
DE,15-34,2026-04-09,2026-04-26,3,quantile,0.5,203780.50517814193
DE,15-34,2026-04-09,2026-04-26,3,quantile,0.75,235503.17461043753
DE,15-34,2026-04-09,2026-04-26,3,quantile,0.9,265704.1943773429
DE,15-34,2026-04-09,2026-04-26,3,quantile,0.975,376226.7573872622
DE,15-34,2026-04-09,2026-05-03,4,quantile,0.025,151052.14373933306
DE,15-34,2026-04-09,2026-05-03,4,quantile,0.1,168361.22759501712
DE,15-34,2026-04-09,2026-05-03,4,quantile,0.25,193014.3215192864
DE,15-34,2026-04-09,2026-05-03,4,quantile,0.5,201199.98496194903
DE,15-34,2026-04-09,2026-05-03,4,quantile,0.75,228891.18123830837
DE,15-34,2026-04-09,2026-05-03,4,quantile,0.9,265533.9644604151
DE,15-34,2026-04-09,2026-05-03,4,quantile,0.975,387561.2598184456
DE,35-59,2026-04-09,2026-04-12,1,quantile,0.025,179651.08409187561
DE,35-59,2026-04-09,2026-04-12,1,quantile,0.1,203996.52687229883
DE,35-59,2026-04-09,2026-04-12,1,quantile,0.25,212622.0107344618
DE,35-59,2026-04-09,2026-04-12,1,quantile,0.5,251565.1917765552
DE,35-59,2026-04-09,2026-04-12,1,quantile,0.75,274360.33541641216
DE,35-59,2026-04-09,2026-04-12,1,quantile,0.9,298649.14463196317
DE,35-59,2026-04-09,2026-04-12,1,quantile,0.975,440368.33271490724
DE,35-59,2026-04-09,2026-04-19,2,quantile,0.025,171655.90950579068
DE,35-59,2026-04-09,2026-04-19,2,quantile,0.1,191407.35432997864
DE,35-59,2026-04-09,2026-04-19,2,quantile,0.25,200653.08112081094
DE,35-59,2026-04-09,2026-04-19,2,quantile,0.5,239061.7753364166
DE,35-59,2026-04-09,2026-04-19,2,quantile,0.75,260061.70101119514
DE,35-59,2026-04-09,2026-04-19,2,quantile,0.9,291864.72903289384
DE,35-59,2026-04-09,2026-04-19,2,quantile,0.975,418382.50093740795
DE,35-59,2026-04-09,2026-04-26,3,quantile,0.025,166211.96604913205
DE,35-59,2026-04-09,2026-04-26,3,quantile,0.1,189598.84106969537
DE,35-59,2026-04-09,2026-04-26,3,quantile,0.25,211306.7586421185
DE,35-59,2026-04-09,2026-04-26,3,quantile,0.5,230037.63731527462
DE,35-59,2026-04-09,2026-04-26,3,quantile,0.75,255907.1837688412
DE,35-59,2026-04-09,2026-04-26,3,quantile,0.9,277298.50649617217
DE,35-59,2026-04-09,2026-04-26,3,quantile,0.975,448824.7874215309
DE,35-59,2026-04-09,2026-05-03,4,quantile,0.025,159050.21599782788
DE,35-59,2026-04-09,2026-05-03,4,quantile,0.1,172793.47455702547
DE,35-59,2026-04-09,2026-05-03,4,quantile,0.25,199807.9286797839
DE,35-59,2026-04-09,2026-05-03,4,quantile,0.5,209295.39685071752
DE,35-59,2026-04-09,2026-05-03,4,quantile,0.75,237412.63568376977
DE,35-59,2026-04-09,2026-05-03,4,quantile,0.9,276768.87779287715
DE,35-59,2026-04-09,2026-05-03,4,quantile,0.975,445874.75864286337
DE,60+,2026-04-09,2026-04-12,1,quantile,0.025,73585.595833906
DE,60+,2026-04-09,2026-04-12,1,quantile,0.1,85805.5721812701
DE,60+,2026-04-09,2026-04-12,1,quantile,0.25,93229.70315796814
DE,60+,2026-04-09,2026-04-12,1,quantile,0.5,104205.5243434541
DE,60+,2026-04-09,2026-04-12,1,quantile,0.75,108152.22762457022
DE,60+,2026-04-09,2026-04-12,1,quantile,0.9,116266.25161621084
DE,60+,2026-04-09,2026-04-12,1,quantile,0.975,143114.18568632027
DE,60+,2026-04-09,2026-04-19,2,quantile,0.025,68836.11033033408
DE,60+,2026-04-09,2026-04-19,2,quantile,0.1,79370.60196113013
DE,60+,2026-04-09,2026-04-19,2,quantile,0.25,84837.3337283217
DE,60+,2026-04-09,2026-04-19,2,quantile,0.5,94463.2831224364
DE,60+,2026-04-09,2026-04-19,2,quantile,0.75,97296.33365769533
DE,60+,2026-04-09,2026-04-19,2,quantile,0.9,104522.98242795686
DE,60+,2026-04-09,2026-04-19,2,quantile,0.975,126321.92007383537
DE,60+,2026-04-09,2026-04-26,3,quantile,0.025,65938.21113862583
DE,60+,2026-04-09,2026-04-26,3,quantile,0.1,75976.05833794893
DE,60+,2026-04-09,2026-04-26,3,quantile,0.25,79735.50591844111
DE,60+,2026-04-09,2026-04-26,3,quantile,0.5,84115.37499426969
DE,60+,2026-04-09,2026-04-26,3,quantile,0.75,87817.46125850127
DE,60+,2026-04-09,2026-04-26,3,quantile,0.9,100771.3506161182
DE,60+,2026-04-09,2026-04-26,3,quantile,0.975,147062.62350888422
DE,60+,2026-04-09,2026-05-03,4,quantile,0.025,65191.70538405234
DE,60+,2026-04-09,2026-05-03,4,quantile,0.1,72785.50841339045
DE,60+,2026-04-09,2026-05-03,4,quantile,0.25,77145.935561499
DE,60+,2026-04-09,2026-05-03,4,quantile,0.5,80286.44083593239
DE,60+,2026-04-09,2026-05-03,4,quantile,0.75,84764.25172435926
DE,60+,2026-04-09,2026-05-03,4,quantile,0.9,97905.92453540089
DE,60+,2026-04-09,2026-05-03,4,quantile,0.975,142112.6942867687
DE,00+,2026-04-16,2026-04-19,1,quantile,0.025,591633.4029136829
DE,00+,2026-04-16,2026-04-19,1,quantile,0.1,633587.0428384047
DE,00+,2026-04-16,2026-04-19,1,quantile,0.25,661385.0636015519
DE,00+,2026-04-16,2026-04-19,1,quantile,0.5,793603.6813839922
DE,00+,2026-04-16,2026-04-19,1,quantile,0.75,858350.4697746771
DE,00+,2026-04-16,2026-04-19,1,quantile,0.9,976560.8428917229
DE,00+,2026-04-16,2026-04-19,1,quantile,0.975,1365439.2067170723
DE,00+,2026-04-16,2026-04-26,2,quantile,0.025,476598.8393462285
DE,00+,2026-04-16,2026-04-26,2,quantile,0.1,564417.4903978913
DE,00+,2026-04-16,2026-04-26,2,quantile,0.25,674549.156961728
DE,00+,2026-04-16,2026-04-26,2,quantile,0.5,719201.36234671
DE,00+,2026-04-16,2026-04-26,2,quantile,0.75,812675.959969942
DE,00+,2026-04-16,2026-04-26,2,quantile,0.9,935368.5248812385
DE,00+,2026-04-16,2026-04-26,2,quantile,0.975,1383291.1762635089
DE,00+,2026-04-16,2026-05-03,3,quantile,0.025,442720.12852486194
DE,00+,2026-04-16,2026-05-03,3,quantile,0.1,571629.1693605303
DE,00+,2026-04-16,2026-05-03,3,quantile,0.25,624095.2471585636
DE,00+,2026-04-16,2026-05-03,3,quantile,0.5,676141.5286465806
DE,00+,2026-04-16,2026-05-03,3,quantile,0.75,781862.2055899405
DE,00+,2026-04-16,2026-05-03,3,quantile,0.9,947781.380764028
DE,00+,2026-04-16,2026-05-03,3,quantile,0.975,1343377.7272566825
DE,00+,2026-04-16,2026-05-10,4,quantile,0.025,487130.35124343325
DE,00+,2026-04-16,2026-05-10,4,quantile,0.1,582386.2812659602
DE,00+,2026-04-16,2026-05-10,4,quantile,0.25,614322.068643153
DE,00+,2026-04-16,2026-05-10,4,quantile,0.5,634682.6006570279
DE,00+,2026-04-16,2026-05-10,4,quantile,0.75,746578.722781555
DE,00+,2026-04-16,2026-05-10,4,quantile,0.9,899061.0391528556
DE,00+,2026-04-16,2026-05-10,4,quantile,0.975,1367471.8818586068
DE,00-04,2026-04-16,2026-04-19,1,quantile,0.025,92338.49414487056
DE,00-04,2026-04-16,2026-04-19,1,quantile,0.1,109917.92317177165
DE,00-04,2026-04-16,2026-04-19,1,quantile,0.25,118825.76606210155
DE,00-04,2026-04-16,2026-04-19,1,quantile,0.5,131940.68413091186
DE,00-04,2026-04-16,2026-04-19,1,quantile,0.75,142726.49226371307
DE,00-04,2026-04-16,2026-04-19,1,quantile,0.9,156584.34177694196
DE,00-04,2026-04-16,2026-04-19,1,quantile,0.975,180207.52253994602
DE,00-04,2026-04-16,2026-04-26,2,quantile,0.025,89288.9488806739
DE,00-04,2026-04-16,2026-04-26,2,quantile,0.1,111387.09358575377
DE,00-04,2026-04-16,2026-04-26,2,quantile,0.25,123111.17742200088
DE,00-04,2026-04-16,2026-04-26,2,quantile,0.5,134323.96450180118
DE,00-04,2026-04-16,2026-04-26,2,quantile,0.75,144866.1855780933
DE,00-04,2026-04-16,2026-04-26,2,quantile,0.9,154932.34937117627
DE,00-04,2026-04-16,2026-04-26,2,quantile,0.975,176097.19974884295
DE,00-04,2026-04-16,2026-05-03,3,quantile,0.025,88124.11532685516
DE,00-04,2026-04-16,2026-05-03,3,quantile,0.1,105893.14733947623
DE,00-04,2026-04-16,2026-05-03,3,quantile,0.25,115376.88210023928
DE,00-04,2026-04-16,2026-05-03,3,quantile,0.5,126370.58635725302
DE,00-04,2026-04-16,2026-05-03,3,quantile,0.75,134294.45132122783
DE,00-04,2026-04-16,2026-05-03,3,quantile,0.9,148210.29300182755
DE,00-04,2026-04-16,2026-05-03,3,quantile,0.975,196234.49318111228
DE,00-04,2026-04-16,2026-05-10,4,quantile,0.025,86347.39071803234
DE,00-04,2026-04-16,2026-05-10,4,quantile,0.1,100921.26933048244
DE,00-04,2026-04-16,2026-05-10,4,quantile,0.25,111531.53196682708
DE,00-04,2026-04-16,2026-05-10,4,quantile,0.5,113782.04174036879
DE,00-04,2026-04-16,2026-05-10,4,quantile,0.75,125071.69447044062
DE,00-04,2026-04-16,2026-05-10,4,quantile,0.9,139016.6721572227
DE,00-04,2026-04-16,2026-05-10,4,quantile,0.975,198212.57502605388
DE,05-14,2026-04-16,2026-04-19,1,quantile,0.025,52707.96816603182
DE,05-14,2026-04-16,2026-04-19,1,quantile,0.1,56330.698678647306
DE,05-14,2026-04-16,2026-04-19,1,quantile,0.25,66580.2887752295
DE,05-14,2026-04-16,2026-04-19,1,quantile,0.5,78362.59287441184
DE,05-14,2026-04-16,2026-04-19,1,quantile,0.75,84720.83752190066
DE,05-14,2026-04-16,2026-04-19,1,quantile,0.9,106039.60564648535
DE,05-14,2026-04-16,2026-04-19,1,quantile,0.975,172728.31189690047
DE,05-14,2026-04-16,2026-04-26,2,quantile,0.025,50124.65697823661
DE,05-14,2026-04-16,2026-04-26,2,quantile,0.1,64739.39171589581
DE,05-14,2026-04-16,2026-04-26,2,quantile,0.25,81228.8580709652
DE,05-14,2026-04-16,2026-04-26,2,quantile,0.5,88395.18920009854
DE,05-14,2026-04-16,2026-04-26,2,quantile,0.75,103506.60003632693
DE,05-14,2026-04-16,2026-04-26,2,quantile,0.9,127168.66976612953
DE,05-14,2026-04-16,2026-04-26,2,quantile,0.975,181977.56333577647
DE,05-14,2026-04-16,2026-05-03,3,quantile,0.025,51859.66036654094
DE,05-14,2026-04-16,2026-05-03,3,quantile,0.1,72337.72243068917
DE,05-14,2026-04-16,2026-05-03,3,quantile,0.25,82073.05765235962
DE,05-14,2026-04-16,2026-05-03,3,quantile,0.5,87868.71957546003
DE,05-14,2026-04-16,2026-05-03,3,quantile,0.75,106397.06183185584
DE,05-14,2026-04-16,2026-05-03,3,quantile,0.9,130850.16606714914
DE,05-14,2026-04-16,2026-05-03,3,quantile,0.975,187250.68438836
DE,05-14,2026-04-16,2026-05-10,4,quantile,0.025,59047.37279474414
DE,05-14,2026-04-16,2026-05-10,4,quantile,0.1,74816.2636923171
DE,05-14,2026-04-16,2026-05-10,4,quantile,0.25,83190.15530246162
DE,05-14,2026-04-16,2026-05-10,4,quantile,0.5,85252.56286031155
DE,05-14,2026-04-16,2026-05-10,4,quantile,0.75,96780.05194891542
DE,05-14,2026-04-16,2026-05-10,4,quantile,0.9,121420.30409384212
DE,05-14,2026-04-16,2026-05-10,4,quantile,0.975,181274.88508773677
DE,15-34,2026-04-16,2026-04-19,1,quantile,0.025,161267.25283924298
DE,15-34,2026-04-16,2026-04-19,1,quantile,0.1,173693.42978711828
DE,15-34,2026-04-16,2026-04-19,1,quantile,0.25,182443.71684895188
DE,15-34,2026-04-16,2026-04-19,1,quantile,0.5,212879.9015159838
DE,15-34,2026-04-16,2026-04-19,1,quantile,0.75,233058.32968574288
DE,15-34,2026-04-16,2026-04-19,1,quantile,0.9,272699.31936454476
DE,15-34,2026-04-16,2026-04-19,1,quantile,0.975,384381.885080822
DE,15-34,2026-04-16,2026-04-26,2,quantile,0.025,129458.76476614627
DE,15-34,2026-04-16,2026-04-26,2,quantile,0.1,154465.32927757275
DE,15-34,2026-04-16,2026-04-26,2,quantile,0.25,184229.14814292899
DE,15-34,2026-04-16,2026-04-26,2,quantile,0.5,208793.67960943267
DE,15-34,2026-04-16,2026-04-26,2,quantile,0.75,227722.9234175323
DE,15-34,2026-04-16,2026-04-26,2,quantile,0.9,263234.3642838764
DE,15-34,2026-04-16,2026-04-26,2,quantile,0.975,378917.57953921787
DE,15-34,2026-04-16,2026-05-03,3,quantile,0.025,125330.84677894416
DE,15-34,2026-04-16,2026-05-03,3,quantile,0.1,161163.6318307227
DE,15-34,2026-04-16,2026-05-03,3,quantile,0.25,176179.96599039406
DE,15-34,2026-04-16,2026-05-03,3,quantile,0.5,191152.9290407985
DE,15-34,2026-04-16,2026-05-03,3,quantile,0.75,220098.31528622302
DE,15-34,2026-04-16,2026-05-03,3,quantile,0.9,270415.75823699275
DE,15-34,2026-04-16,2026-05-03,3,quantile,0.975,406834.0909577089
DE,15-34,2026-04-16,2026-05-10,4,quantile,0.025,135885.54567344527
DE,15-34,2026-04-16,2026-05-10,4,quantile,0.1,164167.69411181923
DE,15-34,2026-04-16,2026-05-10,4,quantile,0.25,176874.3466291809
DE,15-34,2026-04-16,2026-05-10,4,quantile,0.5,185527.31173169884
DE,15-34,2026-04-16,2026-05-10,4,quantile,0.75,211094.6467218109
DE,15-34,2026-04-16,2026-05-10,4,quantile,0.9,265518.25506533135
DE,15-34,2026-04-16,2026-05-10,4,quantile,0.975,402256.0011643729
DE,35-59,2026-04-16,2026-04-19,1,quantile,0.025,178237.0103670586
DE,35-59,2026-04-16,2026-04-19,1,quantile,0.1,198071.5613525999
DE,35-59,2026-04-16,2026-04-19,1,quantile,0.25,204015.49553590713
DE,35-59,2026-04-16,2026-04-19,1,quantile,0.5,244528.08912636043
DE,35-59,2026-04-16,2026-04-19,1,quantile,0.75,261885.53460555448
DE,35-59,2026-04-16,2026-04-19,1,quantile,0.9,295769.14188103226
DE,35-59,2026-04-16,2026-04-19,1,quantile,0.975,449643.56798175804
DE,35-59,2026-04-16,2026-04-26,2,quantile,0.025,168700.98070910055
DE,35-59,2026-04-16,2026-04-26,2,quantile,0.1,192676.31029814488
DE,35-59,2026-04-16,2026-04-26,2,quantile,0.25,208957.81800847923
DE,35-59,2026-04-16,2026-04-26,2,quantile,0.5,230652.44827251826
DE,35-59,2026-04-16,2026-04-26,2,quantile,0.75,248548.04035064037
DE,35-59,2026-04-16,2026-04-26,2,quantile,0.9,282133.17198052036
DE,35-59,2026-04-16,2026-04-26,2,quantile,0.975,439732.3515487734
DE,35-59,2026-04-16,2026-05-03,3,quantile,0.025,144128.9794108079
DE,35-59,2026-04-16,2026-05-03,3,quantile,0.1,169274.53140732693
DE,35-59,2026-04-16,2026-05-03,3,quantile,0.25,189009.17323461236
DE,35-59,2026-04-16,2026-05-03,3,quantile,0.5,204657.05939454227
DE,35-59,2026-04-16,2026-05-03,3,quantile,0.75,240770.99070262033
DE,35-59,2026-04-16,2026-05-03,3,quantile,0.9,292480.687503217
DE,35-59,2026-04-16,2026-05-03,3,quantile,0.975,488319.07146723836
DE,35-59,2026-04-16,2026-05-10,4,quantile,0.025,153917.65937907842
DE,35-59,2026-04-16,2026-05-10,4,quantile,0.1,168518.3906194203
DE,35-59,2026-04-16,2026-05-10,4,quantile,0.25,185808.10008033374
DE,35-59,2026-04-16,2026-05-10,4,quantile,0.5,192861.316010092
DE,35-59,2026-04-16,2026-05-10,4,quantile,0.75,222196.0381788087
DE,35-59,2026-04-16,2026-05-10,4,quantile,0.9,281192.29005687084
DE,35-59,2026-04-16,2026-05-10,4,quantile,0.975,491722.1085063309
DE,60+,2026-04-16,2026-04-19,1,quantile,0.025,68873.80734612582
DE,60+,2026-04-16,2026-04-19,1,quantile,0.1,85006.61783372152
DE,60+,2026-04-16,2026-04-19,1,quantile,0.25,89799.7004618607
DE,60+,2026-04-16,2026-04-19,1,quantile,0.5,100859.80953600924
DE,60+,2026-04-16,2026-04-19,1,quantile,0.75,108524.28815133931
DE,60+,2026-04-16,2026-04-19,1,quantile,0.9,119425.76814802294
DE,60+,2026-04-16,2026-04-19,1,quantile,0.975,147592.35077885064
DE,60+,2026-04-16,2026-04-26,2,quantile,0.025,67473.61548026776
DE,60+,2026-04-16,2026-04-26,2,quantile,0.1,79144.0599728089
DE,60+,2026-04-16,2026-04-26,2,quantile,0.25,85724.17669062298
DE,60+,2026-04-16,2026-04-26,2,quantile,0.5,89783.7339630104
DE,60+,2026-04-16,2026-04-26,2,quantile,0.75,92076.78166905527
DE,60+,2026-04-16,2026-04-26,2,quantile,0.9,101797.61950913872
DE,60+,2026-04-16,2026-04-26,2,quantile,0.975,130655.67614263305
DE,60+,2026-04-16,2026-05-03,3,quantile,0.025,63159.92159396503
DE,60+,2026-04-16,2026-05-03,3,quantile,0.1,70905.4708824721
DE,60+,2026-04-16,2026-05-03,3,quantile,0.25,75613.01018557351
DE,60+,2026-04-16,2026-05-03,3,quantile,0.5,80062.06814798385
DE,60+,2026-04-16,2026-05-03,3,quantile,0.75,87761.98349050106
DE,60+,2026-04-16,2026-05-03,3,quantile,0.9,105554.52287412365
DE,60+,2026-04-16,2026-05-03,3,quantile,0.975,154457.40180387808
DE,60+,2026-04-16,2026-05-10,4,quantile,0.025,61898.40984082164
DE,60+,2026-04-16,2026-05-10,4,quantile,0.1,69703.90860752448
DE,60+,2026-04-16,2026-05-10,4,quantile,0.25,71195.94964491858
DE,60+,2026-04-16,2026-05-10,4,quantile,0.5,74348.35053995394
DE,60+,2026-04-16,2026-05-10,4,quantile,0.75,82131.08777542175
DE,60+,2026-04-16,2026-05-10,4,quantile,0.9,104187.19367103424
DE,60+,2026-04-16,2026-05-10,4,quantile,0.975,159469.2447956371
DE,00+,2026-04-23,2026-04-26,1,quantile,0.025,610589.6331954186
DE,00+,2026-04-23,2026-04-26,1,quantile,0.1,692436.7426016214
DE,00+,2026-04-23,2026-04-26,1,quantile,0.25,722166.096840451
DE,00+,2026-04-23,2026-04-26,1,quantile,0.5,781986.291459768
DE,00+,2026-04-23,2026-04-26,1,quantile,0.75,877673.9691728048
DE,00+,2026-04-23,2026-04-26,1,quantile,0.9,1008920.8441548015
DE,00+,2026-04-23,2026-04-26,1,quantile,0.975,1378698.3087976626
DE,00+,2026-04-23,2026-05-03,2,quantile,0.025,612378.9642072046
DE,00+,2026-04-23,2026-05-03,2,quantile,0.1,700237.6570494559
DE,00+,2026-04-23,2026-05-03,2,quantile,0.25,739332.1628155505
DE,00+,2026-04-23,2026-05-03,2,quantile,0.5,770073.1099301975
DE,00+,2026-04-23,2026-05-03,2,quantile,0.75,863984.2358538006
DE,00+,2026-04-23,2026-05-03,2,quantile,0.9,984843.038396048
DE,00+,2026-04-23,2026-05-03,2,quantile,0.975,1375954.9753282506
DE,00+,2026-04-23,2026-05-10,3,quantile,0.025,605442.3720794701
DE,00+,2026-04-23,2026-05-10,3,quantile,0.1,661526.0404699321
DE,00+,2026-04-23,2026-05-10,3,quantile,0.25,674939.0409246916
DE,00+,2026-04-23,2026-05-10,3,quantile,0.5,708763.1998992681
DE,00+,2026-04-23,2026-05-10,3,quantile,0.75,839671.3320766122
DE,00+,2026-04-23,2026-05-10,3,quantile,0.9,1005566.2792851009
DE,00+,2026-04-23,2026-05-10,3,quantile,0.975,1472564.5237722788
DE,00+,2026-04-23,2026-05-17,4,quantile,0.025,560716.208529953
DE,00+,2026-04-23,2026-05-17,4,quantile,0.1,597502.4445485882
DE,00+,2026-04-23,2026-05-17,4,quantile,0.25,609344.1895425429
DE,00+,2026-04-23,2026-05-17,4,quantile,0.5,677820.7612578769
DE,00+,2026-04-23,2026-05-17,4,quantile,0.75,812920.2148420591
DE,00+,2026-04-23,2026-05-17,4,quantile,0.9,964302.0454653803
DE,00+,2026-04-23,2026-05-17,4,quantile,0.975,1377042.5803856342
DE,00-04,2026-04-23,2026-04-26,1,quantile,0.025,108911.51060604418
DE,00-04,2026-04-23,2026-04-26,1,quantile,0.1,122452.67768419979
DE,00-04,2026-04-23,2026-04-26,1,quantile,0.25,129994.63976420385
DE,00-04,2026-04-23,2026-04-26,1,quantile,0.5,136787.37323618893
DE,00-04,2026-04-23,2026-04-26,1,quantile,0.75,147856.2339803519
DE,00-04,2026-04-23,2026-04-26,1,quantile,0.9,160778.921039263
DE,00-04,2026-04-23,2026-04-26,1,quantile,0.975,182045.9763752479
DE,00-04,2026-04-23,2026-05-03,2,quantile,0.025,103522.27187855783
DE,00-04,2026-04-23,2026-05-03,2,quantile,0.1,117999.28146080059
DE,00-04,2026-04-23,2026-05-03,2,quantile,0.25,127446.6238317696
DE,00-04,2026-04-23,2026-05-03,2,quantile,0.5,139520.70639466375
DE,00-04,2026-04-23,2026-05-03,2,quantile,0.75,149308.3664498352
DE,00-04,2026-04-23,2026-05-03,2,quantile,0.9,160439.62175478708
DE,00-04,2026-04-23,2026-05-03,2,quantile,0.975,179136.21978755711
DE,00-04,2026-04-23,2026-05-10,3,quantile,0.025,94528.29943527516
DE,00-04,2026-04-23,2026-05-10,3,quantile,0.1,109798.03928347342
DE,00-04,2026-04-23,2026-05-10,3,quantile,0.25,118854.58687661504
DE,00-04,2026-04-23,2026-05-10,3,quantile,0.5,128957.45711189097
DE,00-04,2026-04-23,2026-05-10,3,quantile,0.75,137543.4378192992
DE,00-04,2026-04-23,2026-05-10,3,quantile,0.9,151428.70080800046
DE,00-04,2026-04-23,2026-05-10,3,quantile,0.975,199663.1383421227
DE,00-04,2026-04-23,2026-05-17,4,quantile,0.025,91445.67773937702
DE,00-04,2026-04-23,2026-05-17,4,quantile,0.1,102130.05761131001
DE,00-04,2026-04-23,2026-05-17,4,quantile,0.25,109402.00864081907
DE,00-04,2026-04-23,2026-05-17,4,quantile,0.5,116591.91799671596
DE,00-04,2026-04-23,2026-05-17,4,quantile,0.75,130150.30248597758
DE,00-04,2026-04-23,2026-05-17,4,quantile,0.9,142825.8445424826
DE,00-04,2026-04-23,2026-05-17,4,quantile,0.975,200309.49416398522
DE,05-14,2026-04-23,2026-04-26,1,quantile,0.025,69224.3884052146
DE,05-14,2026-04-23,2026-04-26,1,quantile,0.1,78306.2008612345
DE,05-14,2026-04-23,2026-04-26,1,quantile,0.25,86932.72562917175
DE,05-14,2026-04-23,2026-04-26,1,quantile,0.5,97805.11414081452
DE,05-14,2026-04-23,2026-04-26,1,quantile,0.75,106237.07091035429
DE,05-14,2026-04-23,2026-04-26,1,quantile,0.9,123456.46524618732
DE,05-14,2026-04-23,2026-04-26,1,quantile,0.975,171327.89326627325
DE,05-14,2026-04-23,2026-05-03,2,quantile,0.025,71419.67105658655
DE,05-14,2026-04-23,2026-05-03,2,quantile,0.1,85186.27179954606
DE,05-14,2026-04-23,2026-05-03,2,quantile,0.25,91862.16319425053
DE,05-14,2026-04-23,2026-05-03,2,quantile,0.5,97219.72183641215
DE,05-14,2026-04-23,2026-05-03,2,quantile,0.75,117088.40692788079
DE,05-14,2026-04-23,2026-05-03,2,quantile,0.9,133074.65144185707
DE,05-14,2026-04-23,2026-05-03,2,quantile,0.975,178017.0997942003
DE,05-14,2026-04-23,2026-05-10,3,quantile,0.025,67345.14834034155
DE,05-14,2026-04-23,2026-05-10,3,quantile,0.1,81162.48028004462
DE,05-14,2026-04-23,2026-05-10,3,quantile,0.25,85446.10007543545
DE,05-14,2026-04-23,2026-05-10,3,quantile,0.5,95860.92514225823
DE,05-14,2026-04-23,2026-05-10,3,quantile,0.75,119554.44179167124
DE,05-14,2026-04-23,2026-05-10,3,quantile,0.9,136100.15356220014
DE,05-14,2026-04-23,2026-05-10,3,quantile,0.975,185778.70164427502
DE,05-14,2026-04-23,2026-05-17,4,quantile,0.025,66267.34017353498
DE,05-14,2026-04-23,2026-05-17,4,quantile,0.1,75456.97493605764
DE,05-14,2026-04-23,2026-05-17,4,quantile,0.25,81710.30205383743
DE,05-14,2026-04-23,2026-05-17,4,quantile,0.5,88667.17649072988
DE,05-14,2026-04-23,2026-05-17,4,quantile,0.75,107364.5733367174
DE,05-14,2026-04-23,2026-05-17,4,quantile,0.9,123026.34294297101
DE,05-14,2026-04-23,2026-05-17,4,quantile,0.975,179068.93292698896
DE,15-34,2026-04-23,2026-04-26,1,quantile,0.025,169791.43993606555
DE,15-34,2026-04-23,2026-04-26,1,quantile,0.1,187075.39745981572
DE,15-34,2026-04-23,2026-04-26,1,quantile,0.25,201377.17995064234
DE,15-34,2026-04-23,2026-04-26,1,quantile,0.5,219557.17852656334
DE,15-34,2026-04-23,2026-04-26,1,quantile,0.75,242232.90572545351
DE,15-34,2026-04-23,2026-04-26,1,quantile,0.9,275497.61232675053
DE,15-34,2026-04-23,2026-04-26,1,quantile,0.975,386946.28855691536
DE,15-34,2026-04-23,2026-05-03,2,quantile,0.025,167589.4635155775
DE,15-34,2026-04-23,2026-05-03,2,quantile,0.1,193246.3966031919
DE,15-34,2026-04-23,2026-05-03,2,quantile,0.25,200040.4316757649
DE,15-34,2026-04-23,2026-05-03,2,quantile,0.5,207578.8942802142
DE,15-34,2026-04-23,2026-05-03,2,quantile,0.75,235702.64368019399
DE,15-34,2026-04-23,2026-05-03,2,quantile,0.9,274572.90152972995
DE,15-34,2026-04-23,2026-05-03,2,quantile,0.975,382928.42676331184
DE,15-34,2026-04-23,2026-05-10,3,quantile,0.025,169719.5247742753
DE,15-34,2026-04-23,2026-05-10,3,quantile,0.1,187905.53872314747
DE,15-34,2026-04-23,2026-05-10,3,quantile,0.25,192110.32220914096
DE,15-34,2026-04-23,2026-05-10,3,quantile,0.5,201967.50317258862
DE,15-34,2026-04-23,2026-05-10,3,quantile,0.75,228952.96564978076
DE,15-34,2026-04-23,2026-05-10,3,quantile,0.9,278917.8329259356
DE,15-34,2026-04-23,2026-05-10,3,quantile,0.975,419981.29607004876
DE,15-34,2026-04-23,2026-05-17,4,quantile,0.025,156092.86156739178
DE,15-34,2026-04-23,2026-05-17,4,quantile,0.1,167267.2318254324
DE,15-34,2026-04-23,2026-05-17,4,quantile,0.25,175050.78014918737
DE,15-34,2026-04-23,2026-05-17,4,quantile,0.5,197851.04001611294
DE,15-34,2026-04-23,2026-05-17,4,quantile,0.75,222281.40281377602
DE,15-34,2026-04-23,2026-05-17,4,quantile,0.9,273668.4513558181
DE,15-34,2026-04-23,2026-05-17,4,quantile,0.975,414096.2142541578
DE,35-59,2026-04-23,2026-04-26,1,quantile,0.025,181106.0273040223
DE,35-59,2026-04-23,2026-04-26,1,quantile,0.1,208147.79430951978
DE,35-59,2026-04-23,2026-04-26,1,quantile,0.25,219349.95362563414
DE,35-59,2026-04-23,2026-04-26,1,quantile,0.5,244546.60508034664
DE,35-59,2026-04-23,2026-04-26,1,quantile,0.75,264860.62584090343
DE,35-59,2026-04-23,2026-04-26,1,quantile,0.9,306135.07315674156
DE,35-59,2026-04-23,2026-04-26,1,quantile,0.975,451626.4132660361
DE,35-59,2026-04-23,2026-05-03,2,quantile,0.025,179970.88114941516
DE,35-59,2026-04-23,2026-05-03,2,quantile,0.1,208460.13008105612
DE,35-59,2026-04-23,2026-05-03,2,quantile,0.25,222845.4151681855
DE,35-59,2026-04-23,2026-05-03,2,quantile,0.5,233017.82900638942
DE,35-59,2026-04-23,2026-05-03,2,quantile,0.75,257062.54459968559
DE,35-59,2026-04-23,2026-05-03,2,quantile,0.9,301328.21343775245
DE,35-59,2026-04-23,2026-05-03,2,quantile,0.975,438515.45284699125
DE,35-59,2026-04-23,2026-05-10,3,quantile,0.025,169268.06203961693
DE,35-59,2026-04-23,2026-05-10,3,quantile,0.1,192517.2344562429
DE,35-59,2026-04-23,2026-05-10,3,quantile,0.25,200202.63024324304
DE,35-59,2026-04-23,2026-05-10,3,quantile,0.5,215569.9093193036
DE,35-59,2026-04-23,2026-05-10,3,quantile,0.75,254167.24250645144
DE,35-59,2026-04-23,2026-05-10,3,quantile,0.9,319746.05326444295
DE,35-59,2026-04-23,2026-05-10,3,quantile,0.975,507572.10837890365
DE,35-59,2026-04-23,2026-05-17,4,quantile,0.025,163222.84151732054
DE,35-59,2026-04-23,2026-05-17,4,quantile,0.1,177374.7516375609
DE,35-59,2026-04-23,2026-05-17,4,quantile,0.25,183913.4586273728
DE,35-59,2026-04-23,2026-05-17,4,quantile,0.5,203255.0961918414
DE,35-59,2026-04-23,2026-05-17,4,quantile,0.75,238461.0028744564
DE,35-59,2026-04-23,2026-05-17,4,quantile,0.9,313101.0512712704
DE,35-59,2026-04-23,2026-05-17,4,quantile,0.975,494363.52577999915
DE,60+,2026-04-23,2026-04-26,1,quantile,0.025,70328.11236908304
DE,60+,2026-04-23,2026-04-26,1,quantile,0.1,85761.15866604816
DE,60+,2026-04-23,2026-04-26,1,quantile,0.25,93808.75636926257
DE,60+,2026-04-23,2026-04-26,1,quantile,0.5,103237.03829251978
DE,60+,2026-04-23,2026-04-26,1,quantile,0.75,108148.00335831459
DE,60+,2026-04-23,2026-04-26,1,quantile,0.9,124585.36225252153
DE,60+,2026-04-23,2026-04-26,1,quantile,0.975,151345.58239587108
DE,60+,2026-04-23,2026-05-03,2,quantile,0.025,71642.66198153532
DE,60+,2026-04-23,2026-05-03,2,quantile,0.1,86589.16114306972
DE,60+,2026-04-23,2026-05-03,2,quantile,0.25,89001.09606924056
DE,60+,2026-04-23,2026-05-03,2,quantile,0.5,90935.48287410452
DE,60+,2026-04-23,2026-05-03,2,quantile,0.75,94356.69910890961
DE,60+,2026-04-23,2026-05-03,2,quantile,0.9,104647.91026716772
DE,60+,2026-04-23,2026-05-03,2,quantile,0.975,132548.03805403085
DE,60+,2026-04-23,2026-05-10,3,quantile,0.025,64254.97097249894
DE,60+,2026-04-23,2026-05-10,3,quantile,0.1,76981.96038474409
DE,60+,2026-04-23,2026-05-10,3,quantile,0.25,80867.06096625605
DE,60+,2026-04-23,2026-05-10,3,quantile,0.5,85113.91150747277
DE,60+,2026-04-23,2026-05-10,3,quantile,0.75,104809.44055738577
DE,60+,2026-04-23,2026-05-10,3,quantile,0.9,117088.21512222772
DE,60+,2026-04-23,2026-05-10,3,quantile,0.975,163500.50614955073
DE,60+,2026-04-23,2026-05-17,4,quantile,0.025,64483.63427706907
DE,60+,2026-04-23,2026-05-17,4,quantile,0.1,68586.25410380944
DE,60+,2026-04-23,2026-05-17,4,quantile,0.25,70839.7220452445
DE,60+,2026-04-23,2026-05-17,4,quantile,0.5,83386.92129703457
DE,60+,2026-04-23,2026-05-17,4,quantile,0.75,104900.5833968597
DE,60+,2026-04-23,2026-05-17,4,quantile,0.9,122098.20500167631
DE,60+,2026-04-23,2026-05-17,4,quantile,0.975,167576.75870635497
DE,00+,2026-04-30,2026-05-03,1,quantile,0.025,591676.4427664983
DE,00+,2026-04-30,2026-05-03,1,quantile,0.1,644803.9759876517
DE,00+,2026-04-30,2026-05-03,1,quantile,0.25,665971.0013315516
DE,00+,2026-04-30,2026-05-03,1,quantile,0.5,726771.3463681028
DE,00+,2026-04-30,2026-05-03,1,quantile,0.75,795517.1019789939
DE,00+,2026-04-30,2026-05-03,1,quantile,0.9,918995.501466758
DE,00+,2026-04-30,2026-05-03,1,quantile,0.975,1342863.9033944402
DE,00+,2026-04-30,2026-05-10,2,quantile,0.025,567064.2954181101
DE,00+,2026-04-30,2026-05-10,2,quantile,0.1,617295.6848841219
DE,00+,2026-04-30,2026-05-10,2,quantile,0.25,663698.546602838
DE,00+,2026-04-30,2026-05-10,2,quantile,0.5,722647.1315321996
DE,00+,2026-04-30,2026-05-10,2,quantile,0.75,797300.6827142573
DE,00+,2026-04-30,2026-05-10,2,quantile,0.9,918662.6886369914
DE,00+,2026-04-30,2026-05-10,2,quantile,0.975,1383895.638994426
DE,00+,2026-04-30,2026-05-17,3,quantile,0.025,542806.0088069901
DE,00+,2026-04-30,2026-05-17,3,quantile,0.1,573744.0412856643
DE,00+,2026-04-30,2026-05-17,3,quantile,0.25,595686.4942740558
DE,00+,2026-04-30,2026-05-17,3,quantile,0.5,655153.969644543
DE,00+,2026-04-30,2026-05-17,3,quantile,0.75,751353.0124743693
DE,00+,2026-04-30,2026-05-17,3,quantile,0.9,908040.96756025
DE,00+,2026-04-30,2026-05-17,3,quantile,0.975,1302927.1747063345
DE,00+,2026-04-30,2026-05-24,4,quantile,0.025,535804.9226508732
DE,00+,2026-04-30,2026-05-24,4,quantile,0.1,577972.7355313438
DE,00+,2026-04-30,2026-05-24,4,quantile,0.25,599128.7838909057
DE,00+,2026-04-30,2026-05-24,4,quantile,0.5,650633.956882721
DE,00+,2026-04-30,2026-05-24,4,quantile,0.75,728754.057044026
DE,00+,2026-04-30,2026-05-24,4,quantile,0.9,891968.5134359809
DE,00+,2026-04-30,2026-05-24,4,quantile,0.975,1349935.8381390476
DE,00-04,2026-04-30,2026-05-03,1,quantile,0.025,102860.8987613742
DE,00-04,2026-04-30,2026-05-03,1,quantile,0.1,112036.77670659617
DE,00-04,2026-04-30,2026-05-03,1,quantile,0.25,118867.49286691305
DE,00-04,2026-04-30,2026-05-03,1,quantile,0.5,131223.5215544714
DE,00-04,2026-04-30,2026-05-03,1,quantile,0.75,142254.9427480511
DE,00-04,2026-04-30,2026-05-03,1,quantile,0.9,154112.35889516523
DE,00-04,2026-04-30,2026-05-03,1,quantile,0.975,182411.18407444822
DE,00-04,2026-04-30,2026-05-10,2,quantile,0.025,102377.26884087788
DE,00-04,2026-04-30,2026-05-10,2,quantile,0.1,113074.04804528874
DE,00-04,2026-04-30,2026-05-10,2,quantile,0.25,121657.08753594008
DE,00-04,2026-04-30,2026-05-10,2,quantile,0.5,127711.09268666625
DE,00-04,2026-04-30,2026-05-10,2,quantile,0.75,136561.22506640913
DE,00-04,2026-04-30,2026-05-10,2,quantile,0.9,149555.94721674873
DE,00-04,2026-04-30,2026-05-10,2,quantile,0.975,187675.46341785716
DE,00-04,2026-04-30,2026-05-17,3,quantile,0.025,89403.58192976011
DE,00-04,2026-04-30,2026-05-17,3,quantile,0.1,100872.107896905
DE,00-04,2026-04-30,2026-05-17,3,quantile,0.25,105319.78662653388
DE,00-04,2026-04-30,2026-05-17,3,quantile,0.5,113819.77453995873
DE,00-04,2026-04-30,2026-05-17,3,quantile,0.75,129245.15031968155
DE,00-04,2026-04-30,2026-05-17,3,quantile,0.9,145549.2764472152
DE,00-04,2026-04-30,2026-05-17,3,quantile,0.975,202638.79695772674
DE,00-04,2026-04-30,2026-05-24,4,quantile,0.025,88035.42406430597
DE,00-04,2026-04-30,2026-05-24,4,quantile,0.1,97565.65158825448
DE,00-04,2026-04-30,2026-05-24,4,quantile,0.25,103068.25702966642
DE,00-04,2026-04-30,2026-05-24,4,quantile,0.5,111859.73055290346
DE,00-04,2026-04-30,2026-05-24,4,quantile,0.75,122056.40699158318
DE,00-04,2026-04-30,2026-05-24,4,quantile,0.9,142605.20666416275
DE,00-04,2026-04-30,2026-05-24,4,quantile,0.975,208019.73550838535
DE,05-14,2026-04-30,2026-05-03,1,quantile,0.025,69228.75362997189
DE,05-14,2026-04-30,2026-05-03,1,quantile,0.1,77149.6603256318
DE,05-14,2026-04-30,2026-05-03,1,quantile,0.25,86042.32538172159
DE,05-14,2026-04-30,2026-05-03,1,quantile,0.5,92863.89802668527
DE,05-14,2026-04-30,2026-05-03,1,quantile,0.75,101019.70377391505
DE,05-14,2026-04-30,2026-05-03,1,quantile,0.9,118399.85935569505
DE,05-14,2026-04-30,2026-05-03,1,quantile,0.975,170323.56718467834
DE,05-14,2026-04-30,2026-05-10,2,quantile,0.025,65507.55425073705
DE,05-14,2026-04-30,2026-05-10,2,quantile,0.1,79322.25694170837
DE,05-14,2026-04-30,2026-05-10,2,quantile,0.25,88034.89823866892
DE,05-14,2026-04-30,2026-05-10,2,quantile,0.5,98782.75160293389
DE,05-14,2026-04-30,2026-05-10,2,quantile,0.75,109594.35108690178
DE,05-14,2026-04-30,2026-05-10,2,quantile,0.9,127083.42813570553
DE,05-14,2026-04-30,2026-05-10,2,quantile,0.975,177047.11125966453
DE,05-14,2026-04-30,2026-05-17,3,quantile,0.025,62447.16606098092
DE,05-14,2026-04-30,2026-05-17,3,quantile,0.1,74018.67689637888
DE,05-14,2026-04-30,2026-05-17,3,quantile,0.25,77385.9407377202
DE,05-14,2026-04-30,2026-05-17,3,quantile,0.5,82939.13350749417
DE,05-14,2026-04-30,2026-05-17,3,quantile,0.75,106101.19263174807
DE,05-14,2026-04-30,2026-05-17,3,quantile,0.9,126241.09557937636
DE,05-14,2026-04-30,2026-05-17,3,quantile,0.975,180699.02099400508
DE,05-14,2026-04-30,2026-05-24,4,quantile,0.025,60922.24598164014
DE,05-14,2026-04-30,2026-05-24,4,quantile,0.1,75306.35538040516
DE,05-14,2026-04-30,2026-05-24,4,quantile,0.25,76453.1423805313
DE,05-14,2026-04-30,2026-05-24,4,quantile,0.5,79668.73652788847
DE,05-14,2026-04-30,2026-05-24,4,quantile,0.75,95806.2996895746
DE,05-14,2026-04-30,2026-05-24,4,quantile,0.9,116618.29702318208
DE,05-14,2026-04-30,2026-05-24,4,quantile,0.975,173682.35738319642
DE,15-34,2026-04-30,2026-05-03,1,quantile,0.025,165460.50647673607
DE,15-34,2026-04-30,2026-05-03,1,quantile,0.1,182751.51369567538
DE,15-34,2026-04-30,2026-05-03,1,quantile,0.25,185886.83796226047
DE,15-34,2026-04-30,2026-05-03,1,quantile,0.5,196553.08339577809
DE,15-34,2026-04-30,2026-05-03,1,quantile,0.75,222567.87731993635
DE,15-34,2026-04-30,2026-05-03,1,quantile,0.9,258874.0190606708
DE,15-34,2026-04-30,2026-05-03,1,quantile,0.975,362444.03974188515
DE,15-34,2026-04-30,2026-05-10,2,quantile,0.025,154963.27800142826
DE,15-34,2026-04-30,2026-05-10,2,quantile,0.1,169367.27678580605
DE,15-34,2026-04-30,2026-05-10,2,quantile,0.25,183112.22882013052
DE,15-34,2026-04-30,2026-05-10,2,quantile,0.5,203201.48967109065
DE,15-34,2026-04-30,2026-05-10,2,quantile,0.75,223526.52304657904
DE,15-34,2026-04-30,2026-05-10,2,quantile,0.9,266381.92070540634
DE,15-34,2026-04-30,2026-05-10,2,quantile,0.975,380524.1504742749
DE,15-34,2026-04-30,2026-05-17,3,quantile,0.025,154415.93820614667
DE,15-34,2026-04-30,2026-05-17,3,quantile,0.1,163369.89835916518
DE,15-34,2026-04-30,2026-05-17,3,quantile,0.25,167111.6040034683
DE,15-34,2026-04-30,2026-05-17,3,quantile,0.5,185128.74080346344
DE,15-34,2026-04-30,2026-05-17,3,quantile,0.75,207153.13172964714
DE,15-34,2026-04-30,2026-05-17,3,quantile,0.9,249546.5370299731
DE,15-34,2026-04-30,2026-05-17,3,quantile,0.975,380303.2054240671
DE,15-34,2026-04-30,2026-05-24,4,quantile,0.025,149675.53975648506
DE,15-34,2026-04-30,2026-05-24,4,quantile,0.1,167193.15986997492
DE,15-34,2026-04-30,2026-05-24,4,quantile,0.25,171004.4026333623
DE,15-34,2026-04-30,2026-05-24,4,quantile,0.5,188020.154142664
DE,15-34,2026-04-30,2026-05-24,4,quantile,0.75,207442.7966543329
DE,15-34,2026-04-30,2026-05-24,4,quantile,0.9,254793.40164049802
DE,15-34,2026-04-30,2026-05-24,4,quantile,0.975,389108.9788775882
DE,35-59,2026-04-30,2026-05-03,1,quantile,0.025,174343.1264576337
DE,35-59,2026-04-30,2026-05-03,1,quantile,0.1,193352.1761221047
DE,35-59,2026-04-30,2026-05-03,1,quantile,0.25,198556.71205959882
DE,35-59,2026-04-30,2026-05-03,1,quantile,0.5,218681.5265978313
DE,35-59,2026-04-30,2026-05-03,1,quantile,0.75,248032.58165588247
DE,35-59,2026-04-30,2026-05-03,1,quantile,0.9,281917.5550832792
DE,35-59,2026-04-30,2026-05-03,1,quantile,0.975,430530.654256588
DE,35-59,2026-04-30,2026-05-10,2,quantile,0.025,169569.2160234539
DE,35-59,2026-04-30,2026-05-10,2,quantile,0.1,191695.4867272635
DE,35-59,2026-04-30,2026-05-10,2,quantile,0.25,197833.69925976868
DE,35-59,2026-04-30,2026-05-10,2,quantile,0.5,213955.630152518
DE,35-59,2026-04-30,2026-05-10,2,quantile,0.75,241400.0563007392
DE,35-59,2026-04-30,2026-05-10,2,quantile,0.9,283441.4450723048
DE,35-59,2026-04-30,2026-05-10,2,quantile,0.975,437731.19358190184
DE,35-59,2026-04-30,2026-05-17,3,quantile,0.025,159026.96942982698
DE,35-59,2026-04-30,2026-05-17,3,quantile,0.1,176875.03757515544
DE,35-59,2026-04-30,2026-05-17,3,quantile,0.25,180567.2992039426
DE,35-59,2026-04-30,2026-05-17,3,quantile,0.5,194684.5039355985
DE,35-59,2026-04-30,2026-05-17,3,quantile,0.75,221721.2004671563
DE,35-59,2026-04-30,2026-05-17,3,quantile,0.9,280463.1570955439
DE,35-59,2026-04-30,2026-05-17,3,quantile,0.975,438140.2674634905
DE,35-59,2026-04-30,2026-05-24,4,quantile,0.025,162521.20723774217
DE,35-59,2026-04-30,2026-05-24,4,quantile,0.1,178021.8673485383
DE,35-59,2026-04-30,2026-05-24,4,quantile,0.25,181620.42203751463
DE,35-59,2026-04-30,2026-05-24,4,quantile,0.5,189075.90160736055
DE,35-59,2026-04-30,2026-05-24,4,quantile,0.75,220547.083305821
DE,35-59,2026-04-30,2026-05-24,4,quantile,0.9,273373.23343951243
DE,35-59,2026-04-30,2026-05-24,4,quantile,0.975,442772.33738124033
DE,60+,2026-04-30,2026-05-03,1,quantile,0.025,67056.90475411448
DE,60+,2026-04-30,2026-05-03,1,quantile,0.1,77292.75223786813
DE,60+,2026-04-30,2026-05-03,1,quantile,0.25,79761.8683327011
DE,60+,2026-04-30,2026-05-03,1,quantile,0.5,85215.7643026213
DE,60+,2026-04-30,2026-05-03,1,quantile,0.75,92617.54753591274
DE,60+,2026-04-30,2026-05-03,1,quantile,0.9,102665.83749844698
DE,60+,2026-04-30,2026-05-03,1,quantile,0.975,131331.85140741352
DE,60+,2026-04-30,2026-05-10,2,quantile,0.025,65229.504407989894
DE,60+,2026-04-30,2026-05-10,2,quantile,0.1,72322.61125897887
DE,60+,2026-04-30,2026-05-10,2,quantile,0.25,77891.62097654692
DE,60+,2026-04-30,2026-05-10,2,quantile,0.5,83538.91211309543
DE,60+,2026-04-30,2026-05-10,2,quantile,0.75,88870.05753629628
DE,60+,2026-04-30,2026-05-10,2,quantile,0.9,100244.1298931292
DE,60+,2026-04-30,2026-05-10,2,quantile,0.975,141903.93241643897
DE,60+,2026-04-30,2026-05-17,3,quantile,0.025,62056.894367059926
DE,60+,2026-04-30,2026-05-17,3,quantile,0.1,70297.9262498111
DE,60+,2026-04-30,2026-05-17,3,quantile,0.25,73544.04632915769
DE,60+,2026-04-30,2026-05-17,3,quantile,0.5,79452.38185494985
DE,60+,2026-04-30,2026-05-17,3,quantile,0.75,85808.5284117136
DE,60+,2026-04-30,2026-05-17,3,quantile,0.9,98470.41199064125
DE,60+,2026-04-30,2026-05-17,3,quantile,0.975,160838.1804262406
DE,60+,2026-04-30,2026-05-24,4,quantile,0.025,65210.487454958165
DE,60+,2026-04-30,2026-05-24,4,quantile,0.1,71209.21496422814
DE,60+,2026-04-30,2026-05-24,4,quantile,0.25,72678.38618956273
DE,60+,2026-04-30,2026-05-24,4,quantile,0.5,76224.73897608349
DE,60+,2026-04-30,2026-05-24,4,quantile,0.75,84580.64102266096
DE,60+,2026-04-30,2026-05-24,4,quantile,0.9,105966.12320276156
DE,60+,2026-04-30,2026-05-24,4,quantile,0.975,158984.21762654046
DE,00+,2026-05-07,2026-05-10,1,quantile,0.025,504197.25197778235
DE,00+,2026-05-07,2026-05-10,1,quantile,0.1,547965.3506680056
DE,00+,2026-05-07,2026-05-10,1,quantile,0.25,598045.7142323896
DE,00+,2026-05-07,2026-05-10,1,quantile,0.5,701334.811423032
DE,00+,2026-05-07,2026-05-10,1,quantile,0.75,783629.4506959902
DE,00+,2026-05-07,2026-05-10,1,quantile,0.9,871025.3006352565
DE,00+,2026-05-07,2026-05-10,1,quantile,0.975,1343142.8681811807
DE,00+,2026-05-07,2026-05-17,2,quantile,0.025,531800.8519825571
DE,00+,2026-05-07,2026-05-17,2,quantile,0.1,551284.9659989408
DE,00+,2026-05-07,2026-05-17,2,quantile,0.25,574380.3184292343
DE,00+,2026-05-07,2026-05-17,2,quantile,0.5,643491.8415186243
DE,00+,2026-05-07,2026-05-17,2,quantile,0.75,731069.2217205708
DE,00+,2026-05-07,2026-05-17,2,quantile,0.9,852537.4032891004
DE,00+,2026-05-07,2026-05-17,2,quantile,0.975,1352209.9948457335
DE,00+,2026-05-07,2026-05-24,3,quantile,0.025,499122.75171210925
DE,00+,2026-05-07,2026-05-24,3,quantile,0.1,529507.0964582312
DE,00+,2026-05-07,2026-05-24,3,quantile,0.25,563545.2597489555
DE,00+,2026-05-07,2026-05-24,3,quantile,0.5,620237.2915915954
DE,00+,2026-05-07,2026-05-24,3,quantile,0.75,704102.2242174328
DE,00+,2026-05-07,2026-05-24,3,quantile,0.9,860516.625187284
DE,00+,2026-05-07,2026-05-24,3,quantile,0.975,1291545.3653242723
DE,00+,2026-05-07,2026-05-31,4,quantile,0.025,463850.87853505445
DE,00+,2026-05-07,2026-05-31,4,quantile,0.1,503349.6697901342
DE,00+,2026-05-07,2026-05-31,4,quantile,0.25,533495.3241055472
DE,00+,2026-05-07,2026-05-31,4,quantile,0.5,566542.5482327908
DE,00+,2026-05-07,2026-05-31,4,quantile,0.75,654624.8178825373
DE,00+,2026-05-07,2026-05-31,4,quantile,0.9,848680.8138205406
DE,00+,2026-05-07,2026-05-31,4,quantile,0.975,1339046.7264524405
DE,00-04,2026-05-07,2026-05-10,1,quantile,0.025,95103.93076556438
DE,00-04,2026-05-07,2026-05-10,1,quantile,0.1,101240.79818356902
DE,00-04,2026-05-07,2026-05-10,1,quantile,0.25,111903.82518321369
DE,00-04,2026-05-07,2026-05-10,1,quantile,0.5,131482.47147335095
DE,00-04,2026-05-07,2026-05-10,1,quantile,0.75,140120.84924564202
DE,00-04,2026-05-07,2026-05-10,1,quantile,0.9,153164.81990243617
DE,00-04,2026-05-07,2026-05-10,1,quantile,0.975,180611.01023916504
DE,00-04,2026-05-07,2026-05-17,2,quantile,0.025,89358.69494049148
DE,00-04,2026-05-07,2026-05-17,2,quantile,0.1,98505.23367525017
DE,00-04,2026-05-07,2026-05-17,2,quantile,0.25,107428.53512770084
DE,00-04,2026-05-07,2026-05-17,2,quantile,0.5,114971.2132850257
DE,00-04,2026-05-07,2026-05-17,2,quantile,0.75,128818.69065904061
DE,00-04,2026-05-07,2026-05-17,2,quantile,0.9,146613.72562756
DE,00-04,2026-05-07,2026-05-17,2,quantile,0.975,187068.8997266846
DE,00-04,2026-05-07,2026-05-24,3,quantile,0.025,86722.96962644652
DE,00-04,2026-05-07,2026-05-24,3,quantile,0.1,95526.69833345964
DE,00-04,2026-05-07,2026-05-24,3,quantile,0.25,99697.5938706397
DE,00-04,2026-05-07,2026-05-24,3,quantile,0.5,103923.49115946706
DE,00-04,2026-05-07,2026-05-24,3,quantile,0.75,121106.47519368869
DE,00-04,2026-05-07,2026-05-24,3,quantile,0.9,140398.60619321623
DE,00-04,2026-05-07,2026-05-24,3,quantile,0.975,201313.79799732388
DE,00-04,2026-05-07,2026-05-31,4,quantile,0.025,85957.6297177148
DE,00-04,2026-05-07,2026-05-31,4,quantile,0.1,90816.7467349204
DE,00-04,2026-05-07,2026-05-31,4,quantile,0.25,93745.95390816088
DE,00-04,2026-05-07,2026-05-31,4,quantile,0.5,100733.24969258129
DE,00-04,2026-05-07,2026-05-31,4,quantile,0.75,115001.64864907325
DE,00-04,2026-05-07,2026-05-31,4,quantile,0.9,136574.5512913161
DE,00-04,2026-05-07,2026-05-31,4,quantile,0.975,205068.16329839165
DE,05-14,2026-05-07,2026-05-10,1,quantile,0.025,66558.98750885294
DE,05-14,2026-05-07,2026-05-10,1,quantile,0.1,75488.78304982101
DE,05-14,2026-05-07,2026-05-10,1,quantile,0.25,85867.83823098846
DE,05-14,2026-05-07,2026-05-10,1,quantile,0.5,103891.89018556033
DE,05-14,2026-05-07,2026-05-10,1,quantile,0.75,114290.25304222635
DE,05-14,2026-05-07,2026-05-10,1,quantile,0.9,122522.166533538
DE,05-14,2026-05-07,2026-05-10,1,quantile,0.975,165903.08531691175
DE,05-14,2026-05-07,2026-05-17,2,quantile,0.025,61184.84122932922
DE,05-14,2026-05-07,2026-05-17,2,quantile,0.1,69728.03675560268
DE,05-14,2026-05-07,2026-05-17,2,quantile,0.25,77909.15166598085
DE,05-14,2026-05-07,2026-05-17,2,quantile,0.5,90258.58345037393
DE,05-14,2026-05-07,2026-05-17,2,quantile,0.75,104386.95488430915
DE,05-14,2026-05-07,2026-05-17,2,quantile,0.9,122788.60081687069
DE,05-14,2026-05-07,2026-05-17,2,quantile,0.975,173033.09363782365
DE,05-14,2026-05-07,2026-05-24,3,quantile,0.025,58384.974073168865
DE,05-14,2026-05-07,2026-05-24,3,quantile,0.1,73232.03899417556
DE,05-14,2026-05-07,2026-05-24,3,quantile,0.25,76035.26892740655
DE,05-14,2026-05-07,2026-05-24,3,quantile,0.5,79159.16805746837
DE,05-14,2026-05-07,2026-05-24,3,quantile,0.75,96666.68375347639
DE,05-14,2026-05-07,2026-05-24,3,quantile,0.9,119865.39887944066
DE,05-14,2026-05-07,2026-05-24,3,quantile,0.975,179476.23530717933
DE,05-14,2026-05-07,2026-05-31,4,quantile,0.025,56668.41976552948
DE,05-14,2026-05-07,2026-05-31,4,quantile,0.1,64837.649057892464
DE,05-14,2026-05-07,2026-05-31,4,quantile,0.25,67747.20940236084
DE,05-14,2026-05-07,2026-05-31,4,quantile,0.5,76385.42976642345
DE,05-14,2026-05-07,2026-05-31,4,quantile,0.75,89968.11758195983
DE,05-14,2026-05-07,2026-05-31,4,quantile,0.9,114137.8780826962
DE,05-14,2026-05-07,2026-05-31,4,quantile,0.975,170552.60481709283
DE,15-34,2026-05-07,2026-05-10,1,quantile,0.025,134326.26384711976
DE,15-34,2026-05-07,2026-05-10,1,quantile,0.1,145088.18231548855
DE,15-34,2026-05-07,2026-05-10,1,quantile,0.25,163072.76065735935
DE,15-34,2026-05-07,2026-05-10,1,quantile,0.5,189803.7113493883
DE,15-34,2026-05-07,2026-05-10,1,quantile,0.75,213845.66789280245
DE,15-34,2026-05-07,2026-05-10,1,quantile,0.9,248060.54972143247
DE,15-34,2026-05-07,2026-05-10,1,quantile,0.975,362665.02747122245
DE,15-34,2026-05-07,2026-05-17,2,quantile,0.025,142166.41011230947
DE,15-34,2026-05-07,2026-05-17,2,quantile,0.1,150971.82721148702
DE,15-34,2026-05-07,2026-05-17,2,quantile,0.25,160190.16982769873
DE,15-34,2026-05-07,2026-05-17,2,quantile,0.5,179670.0624260688
DE,15-34,2026-05-07,2026-05-17,2,quantile,0.75,205836.95377824805
DE,15-34,2026-05-07,2026-05-17,2,quantile,0.9,238072.93040212235
DE,15-34,2026-05-07,2026-05-17,2,quantile,0.975,376610.75440136634
DE,15-34,2026-05-07,2026-05-24,3,quantile,0.025,131481.01848302645
DE,15-34,2026-05-07,2026-05-24,3,quantile,0.1,145085.20091951507
DE,15-34,2026-05-07,2026-05-24,3,quantile,0.25,157647.5800176778
DE,15-34,2026-05-07,2026-05-24,3,quantile,0.5,175462.666565055
DE,15-34,2026-05-07,2026-05-24,3,quantile,0.75,200493.34319506283
DE,15-34,2026-05-07,2026-05-24,3,quantile,0.9,234489.17720245733
DE,15-34,2026-05-07,2026-05-24,3,quantile,0.975,381236.29171162914
DE,15-34,2026-05-07,2026-05-31,4,quantile,0.025,130831.45574761373
DE,15-34,2026-05-07,2026-05-31,4,quantile,0.1,143872.0162143223
DE,15-34,2026-05-07,2026-05-31,4,quantile,0.25,150872.6117965964
DE,15-34,2026-05-07,2026-05-31,4,quantile,0.5,160620.0997467601
DE,15-34,2026-05-07,2026-05-31,4,quantile,0.75,185316.4667690432
DE,15-34,2026-05-07,2026-05-31,4,quantile,0.9,232841.27229345898
DE,15-34,2026-05-07,2026-05-31,4,quantile,0.975,385809.11947973043
DE,35-59,2026-05-07,2026-05-10,1,quantile,0.025,141860.7373874035
DE,35-59,2026-05-07,2026-05-10,1,quantile,0.1,157215.56799267197
DE,35-59,2026-05-07,2026-05-10,1,quantile,0.25,176927.48252047662
DE,35-59,2026-05-07,2026-05-10,1,quantile,0.5,205261.97459598866
DE,35-59,2026-05-07,2026-05-10,1,quantile,0.75,227076.06356199598
DE,35-59,2026-05-07,2026-05-10,1,quantile,0.9,263313.13778683776
DE,35-59,2026-05-07,2026-05-10,1,quantile,0.975,420813.719870828
DE,35-59,2026-05-07,2026-05-17,2,quantile,0.025,143675.33940121887
DE,35-59,2026-05-07,2026-05-17,2,quantile,0.1,154585.96331732863
DE,35-59,2026-05-07,2026-05-17,2,quantile,0.25,167885.5337064694
DE,35-59,2026-05-07,2026-05-17,2,quantile,0.5,193282.72072198463
DE,35-59,2026-05-07,2026-05-17,2,quantile,0.75,214986.08789227172
DE,35-59,2026-05-07,2026-05-17,2,quantile,0.9,255974.11087812492
DE,35-59,2026-05-07,2026-05-17,2,quantile,0.975,426548.7156195929
DE,35-59,2026-05-07,2026-05-24,3,quantile,0.025,145706.5155028181
DE,35-59,2026-05-07,2026-05-24,3,quantile,0.1,157344.62262645943
DE,35-59,2026-05-07,2026-05-24,3,quantile,0.25,166000.91268048808
DE,35-59,2026-05-07,2026-05-24,3,quantile,0.5,182047.2900849344
DE,35-59,2026-05-07,2026-05-24,3,quantile,0.75,213615.40771876104
DE,35-59,2026-05-07,2026-05-24,3,quantile,0.9,259401.15094690825
DE,35-59,2026-05-07,2026-05-24,3,quantile,0.975,437559.1053360858
DE,35-59,2026-05-07,2026-05-31,4,quantile,0.025,123534.28664755778
DE,35-59,2026-05-07,2026-05-31,4,quantile,0.1,139147.9662884362
DE,35-59,2026-05-07,2026-05-31,4,quantile,0.25,154283.464237883
DE,35-59,2026-05-07,2026-05-31,4,quantile,0.5,165246.04574174123
DE,35-59,2026-05-07,2026-05-31,4,quantile,0.75,198677.5591803181
DE,35-59,2026-05-07,2026-05-31,4,quantile,0.9,251522.3244855681
DE,35-59,2026-05-07,2026-05-31,4,quantile,0.975,442824.25932844996
DE,60+,2026-05-07,2026-05-10,1,quantile,0.025,59086.108322197826
DE,60+,2026-05-07,2026-05-10,1,quantile,0.1,66180.70572815691
DE,60+,2026-05-07,2026-05-10,1,quantile,0.25,72657.75554439872
DE,60+,2026-05-07,2026-05-10,1,quantile,0.5,84279.63275151019
DE,60+,2026-05-07,2026-05-10,1,quantile,0.75,89423.10101344001
DE,60+,2026-05-07,2026-05-10,1,quantile,0.9,99437.47861208016
DE,60+,2026-05-07,2026-05-10,1,quantile,0.975,132239.40531677316
DE,60+,2026-05-07,2026-05-17,2,quantile,0.025,57662.08223299051
DE,60+,2026-05-07,2026-05-17,2,quantile,0.1,63982.77657987111
DE,60+,2026-05-07,2026-05-17,2,quantile,0.25,68482.60421080275
DE,60+,2026-05-07,2026-05-17,2,quantile,0.5,78406.48414128552
DE,60+,2026-05-07,2026-05-17,2,quantile,0.75,83649.68763944649
DE,60+,2026-05-07,2026-05-17,2,quantile,0.9,95406.34142828092
DE,60+,2026-05-07,2026-05-17,2,quantile,0.975,137261.10993087216
DE,60+,2026-05-07,2026-05-24,3,quantile,0.025,55238.2204042372
DE,60+,2026-05-07,2026-05-24,3,quantile,0.1,61376.47956437998
DE,60+,2026-05-07,2026-05-24,3,quantile,0.25,66880.78073033676
DE,60+,2026-05-07,2026-05-24,3,quantile,0.5,72662.40725062476
DE,60+,2026-05-07,2026-05-24,3,quantile,0.75,80933.8188814679
DE,60+,2026-05-07,2026-05-24,3,quantile,0.9,94253.67648407973
DE,60+,2026-05-07,2026-05-24,3,quantile,0.975,159383.8943924654
DE,60+,2026-05-07,2026-05-31,4,quantile,0.025,51790.839028984934
DE,60+,2026-05-07,2026-05-31,4,quantile,0.1,56851.61154664025
DE,60+,2026-05-07,2026-05-31,4,quantile,0.25,60996.2244973843
DE,60+,2026-05-07,2026-05-31,4,quantile,0.5,67405.27809152412
DE,60+,2026-05-07,2026-05-31,4,quantile,0.75,77206.05810730442
DE,60+,2026-05-07,2026-05-31,4,quantile,0.9,95296.50944438629
DE,60+,2026-05-07,2026-05-31,4,quantile,0.975,157117.4140801379
