"","location","age_group","forecast_date","target_end_date","horizon","type","quantile","value"
"1","DE","00+",2024-10-17,2024-10-20,1,"quantile",0.025,1075627
"2","DE","00+",2024-10-17,2024-10-20,1,"quantile",0.1,1252194
"3","DE","00+",2024-10-17,2024-10-20,1,"quantile",0.25,1426125
"4","DE","00+",2024-10-17,2024-10-20,1,"quantile",0.5,1659657.50086447
"5","DE","00+",2024-10-17,2024-10-20,1,"quantile",0.75,1869294
"6","DE","00+",2024-10-17,2024-10-20,1,"quantile",0.9,2095354
"7","DE","00+",2024-10-17,2024-10-20,1,"quantile",0.975,2368314
"8","DE","00+",2024-10-17,2024-10-27,2,"quantile",0.025,1032979
"9","DE","00+",2024-10-17,2024-10-27,2,"quantile",0.1,1253883
"10","DE","00+",2024-10-17,2024-10-27,2,"quantile",0.25,1477330
"11","DE","00+",2024-10-17,2024-10-27,2,"quantile",0.5,1791801.1619186
"12","DE","00+",2024-10-17,2024-10-27,2,"quantile",0.75,2066870
"13","DE","00+",2024-10-17,2024-10-27,2,"quantile",0.9,2376336
"14","DE","00+",2024-10-17,2024-10-27,2,"quantile",0.975,2756171
"15","DE","00+",2024-10-17,2024-11-03,3,"quantile",0.025,1070104
"16","DE","00+",2024-10-17,2024-11-03,3,"quantile",0.1,1342522
"17","DE","00+",2024-10-17,2024-11-03,3,"quantile",0.25,1623908
"18","DE","00+",2024-10-17,2024-11-03,3,"quantile",0.5,2034395.53378259
"19","DE","00+",2024-10-17,2024-11-03,3,"quantile",0.75,2386505
"20","DE","00+",2024-10-17,2024-11-03,3,"quantile",0.9,2795416
"21","DE","00+",2024-10-17,2024-11-03,3,"quantile",0.975,3303282
"22","DE","00+",2024-10-17,2024-11-10,4,"quantile",0.025,854178
"23","DE","00+",2024-10-17,2024-11-10,4,"quantile",0.1,1123002
"24","DE","00+",2024-10-17,2024-11-10,4,"quantile",0.25,1409066
"25","DE","00+",2024-10-17,2024-11-10,4,"quantile",0.5,1847444.76805151
"26","DE","00+",2024-10-17,2024-11-10,4,"quantile",0.75,2213670
"27","DE","00+",2024-10-17,2024-11-10,4,"quantile",0.9,2657514
"28","DE","00+",2024-10-17,2024-11-10,4,"quantile",0.975,3217312
"29","DE","00-04",2024-10-17,2024-10-20,1,"quantile",0.025,123616
"30","DE","00-04",2024-10-17,2024-10-20,1,"quantile",0.1,141841
"31","DE","00-04",2024-10-17,2024-10-20,1,"quantile",0.25,159631
"32","DE","00-04",2024-10-17,2024-10-20,1,"quantile",0.5,183120.793067786
"33","DE","00-04",2024-10-17,2024-10-20,1,"quantile",0.75,204404
"34","DE","00-04",2024-10-17,2024-10-20,1,"quantile",0.9,227006
"35","DE","00-04",2024-10-17,2024-10-20,1,"quantile",0.975,254132
"36","DE","00-04",2024-10-17,2024-10-27,2,"quantile",0.025,133095
"37","DE","00-04",2024-10-17,2024-10-27,2,"quantile",0.1,155673
"38","DE","00-04",2024-10-17,2024-10-27,2,"quantile",0.25,177980
"39","DE","00-04",2024-10-17,2024-10-27,2,"quantile",0.5,208092.322859854
"40","DE","00-04",2024-10-17,2024-10-27,2,"quantile",0.75,235043
"41","DE","00-04",2024-10-17,2024-10-27,2,"quantile",0.9,264248
"42","DE","00-04",2024-10-17,2024-10-27,2,"quantile",0.975,299580
"43","DE","00-04",2024-10-17,2024-11-03,3,"quantile",0.025,135410
"44","DE","00-04",2024-10-17,2024-11-03,3,"quantile",0.1,161386
"45","DE","00-04",2024-10-17,2024-11-03,3,"quantile",0.25,187358
"46","DE","00-04",2024-10-17,2024-11-03,3,"quantile",0.5,223171.76741599
"47","DE","00-04",2024-10-17,2024-11-03,3,"quantile",0.75,254851
"48","DE","00-04",2024-10-17,2024-11-03,3,"quantile",0.9,289847
"49","DE","00-04",2024-10-17,2024-11-03,3,"quantile",0.975,332502
"50","DE","00-04",2024-10-17,2024-11-10,4,"quantile",0.025,137051
"51","DE","00-04",2024-10-17,2024-11-10,4,"quantile",0.1,166384
"52","DE","00-04",2024-10-17,2024-11-10,4,"quantile",0.25,196058
"53","DE","00-04",2024-10-17,2024-11-10,4,"quantile",0.5,237825.457713956
"54","DE","00-04",2024-10-17,2024-11-10,4,"quantile",0.75,274357
"55","DE","00-04",2024-10-17,2024-11-10,4,"quantile",0.9,315462
"56","DE","00-04",2024-10-17,2024-11-10,4,"quantile",0.975,365916
"57","DE","05-14",2024-10-17,2024-10-20,1,"quantile",0.025,78052
"58","DE","05-14",2024-10-17,2024-10-20,1,"quantile",0.1,98341
"59","DE","05-14",2024-10-17,2024-10-20,1,"quantile",0.25,119355
"60","DE","05-14",2024-10-17,2024-10-20,1,"quantile",0.5,150150.49505674
"61","DE","05-14",2024-10-17,2024-10-20,1,"quantile",0.75,176501
"62","DE","05-14",2024-10-17,2024-10-20,1,"quantile",0.9,207226
"63","DE","05-14",2024-10-17,2024-10-20,1,"quantile",0.975,245441
"64","DE","05-14",2024-10-17,2024-10-27,2,"quantile",0.025,82113
"65","DE","05-14",2024-10-17,2024-10-27,2,"quantile",0.1,107263
"66","DE","05-14",2024-10-17,2024-10-27,2,"quantile",0.25,133917
"67","DE","05-14",2024-10-17,2024-10-27,2,"quantile",0.5,174490.172103304
"68","DE","05-14",2024-10-17,2024-10-27,2,"quantile",0.75,208506
"69","DE","05-14",2024-10-17,2024-10-27,2,"quantile",0.9,249497
"70","DE","05-14",2024-10-17,2024-10-27,2,"quantile",0.975,301091
"71","DE","05-14",2024-10-17,2024-11-03,3,"quantile",0.025,84264
"72","DE","05-14",2024-10-17,2024-11-03,3,"quantile",0.1,111289
"73","DE","05-14",2024-10-17,2024-11-03,3,"quantile",0.25,140130
"74","DE","05-14",2024-10-17,2024-11-03,3,"quantile",0.5,184534.160766605
"75","DE","05-14",2024-10-17,2024-11-03,3,"quantile",0.75,221538
"76","DE","05-14",2024-10-17,2024-11-03,3,"quantile",0.9,266564
"77","DE","05-14",2024-10-17,2024-11-03,3,"quantile",0.975,323433
"78","DE","05-14",2024-10-17,2024-11-10,4,"quantile",0.025,84862
"79","DE","05-14",2024-10-17,2024-11-10,4,"quantile",0.1,113857
"80","DE","05-14",2024-10-17,2024-11-10,4,"quantile",0.25,145112
"81","DE","05-14",2024-10-17,2024-11-10,4,"quantile",0.5,194015.227517815
"82","DE","05-14",2024-10-17,2024-11-10,4,"quantile",0.75,234421
"83","DE","05-14",2024-10-17,2024-11-10,4,"quantile",0.9,284266
"84","DE","05-14",2024-10-17,2024-11-10,4,"quantile",0.975,347524
"85","DE","15-34",2024-10-17,2024-10-20,1,"quantile",0.025,239874
"86","DE","15-34",2024-10-17,2024-10-20,1,"quantile",0.1,289260
"87","DE","15-34",2024-10-17,2024-10-20,1,"quantile",0.25,339007
"88","DE","15-34",2024-10-17,2024-10-20,1,"quantile",0.5,408510.329499949
"89","DE","15-34",2024-10-17,2024-10-20,1,"quantile",0.75,469548
"90","DE","15-34",2024-10-17,2024-10-20,1,"quantile",0.9,537773
"91","DE","15-34",2024-10-17,2024-10-20,1,"quantile",0.975,621305
"92","DE","15-34",2024-10-17,2024-10-27,2,"quantile",0.025,243964
"93","DE","15-34",2024-10-17,2024-10-27,2,"quantile",0.1,302597
"94","DE","15-34",2024-10-17,2024-10-27,2,"quantile",0.25,362722
"95","DE","15-34",2024-10-17,2024-10-27,2,"quantile",0.5,449361.382183928
"96","DE","15-34",2024-10-17,2024-10-27,2,"quantile",0.75,524176
"97","DE","15-34",2024-10-17,2024-10-27,2,"quantile",0.9,610126
"98","DE","15-34",2024-10-17,2024-10-27,2,"quantile",0.975,716449
"99","DE","15-34",2024-10-17,2024-11-03,3,"quantile",0.025,235057
"100","DE","15-34",2024-10-17,2024-11-03,3,"quantile",0.1,298873
"101","DE","15-34",2024-10-17,2024-11-03,3,"quantile",0.25,365354
"102","DE","15-34",2024-10-17,2024-11-03,3,"quantile",0.5,463729.685712742
"103","DE","15-34",2024-10-17,2024-11-03,3,"quantile",0.75,547467
"104","DE","15-34",2024-10-17,2024-11-03,3,"quantile",0.9,645934
"105","DE","15-34",2024-10-17,2024-11-03,3,"quantile",0.975,768788
"106","DE","15-34",2024-10-17,2024-11-10,4,"quantile",0.025,227893
"107","DE","15-34",2024-10-17,2024-11-10,4,"quantile",0.1,299758
"108","DE","15-34",2024-10-17,2024-11-10,4,"quantile",0.25,376255
"109","DE","15-34",2024-10-17,2024-11-10,4,"quantile",0.5,493541.633613232
"110","DE","15-34",2024-10-17,2024-11-10,4,"quantile",0.75,591498
"111","DE","15-34",2024-10-17,2024-11-10,4,"quantile",0.9,710265
"112","DE","15-34",2024-10-17,2024-11-10,4,"quantile",0.975,860082
"113","DE","35-59",2024-10-17,2024-10-20,1,"quantile",0.025,326360
"114","DE","35-59",2024-10-17,2024-10-20,1,"quantile",0.1,390316
"115","DE","35-59",2024-10-17,2024-10-20,1,"quantile",0.25,454402
"116","DE","35-59",2024-10-17,2024-10-20,1,"quantile",0.5,543119.131213852
"117","DE","35-59",2024-10-17,2024-10-20,1,"quantile",0.75,621425
"118","DE","35-59",2024-10-17,2024-10-20,1,"quantile",0.9,708233
"119","DE","35-59",2024-10-17,2024-10-20,1,"quantile",0.975,814182
"120","DE","35-59",2024-10-17,2024-10-27,2,"quantile",0.025,328472
"121","DE","35-59",2024-10-17,2024-10-27,2,"quantile",0.1,406757
"122","DE","35-59",2024-10-17,2024-10-27,2,"quantile",0.25,486952
"123","DE","35-59",2024-10-17,2024-10-27,2,"quantile",0.5,602309.074198254
"124","DE","35-59",2024-10-17,2024-10-27,2,"quantile",0.75,702017
"125","DE","35-59",2024-10-17,2024-10-27,2,"quantile",0.9,816388
"126","DE","35-59",2024-10-17,2024-10-27,2,"quantile",0.975,957789
"127","DE","35-59",2024-10-17,2024-11-03,3,"quantile",0.025,310737
"128","DE","35-59",2024-10-17,2024-11-03,3,"quantile",0.1,400180
"129","DE","35-59",2024-10-17,2024-11-03,3,"quantile",0.25,494118
"130","DE","35-59",2024-10-17,2024-11-03,3,"quantile",0.5,635010.857474909
"131","DE","35-59",2024-10-17,2024-11-03,3,"quantile",0.75,754074
"132","DE","35-59",2024-10-17,2024-11-03,3,"quantile",0.9,895726
"133","DE","35-59",2024-10-17,2024-11-03,3,"quantile",0.975,1073210
"134","DE","35-59",2024-10-17,2024-11-10,4,"quantile",0.025,289532
"135","DE","35-59",2024-10-17,2024-11-10,4,"quantile",0.1,393298
"136","DE","35-59",2024-10-17,2024-11-10,4,"quantile",0.25,506041
"137","DE","35-59",2024-10-17,2024-11-10,4,"quantile",0.5,684665.015094746
"138","DE","35-59",2024-10-17,2024-11-10,4,"quantile",0.75,831280
"139","DE","35-59",2024-10-17,2024-11-10,4,"quantile",0.9,1014071
"140","DE","35-59",2024-10-17,2024-11-10,4,"quantile",0.975,1246907
"141","DE","60+",2024-10-17,2024-10-20,1,"quantile",0.025,109397
"142","DE","60+",2024-10-17,2024-10-20,1,"quantile",0.1,127589
"143","DE","60+",2024-10-17,2024-10-20,1,"quantile",0.25,145530
"144","DE","60+",2024-10-17,2024-10-20,1,"quantile",0.5,169669.001337841
"145","DE","60+",2024-10-17,2024-10-20,1,"quantile",0.75,191313
"146","DE","60+",2024-10-17,2024-10-20,1,"quantile",0.9,214698
"147","DE","60+",2024-10-17,2024-10-20,1,"quantile",0.975,242955
"148","DE","60+",2024-10-17,2024-10-27,2,"quantile",0.025,114910
"149","DE","60+",2024-10-17,2024-10-27,2,"quantile",0.1,135036
"150","DE","60+",2024-10-17,2024-10-27,2,"quantile",0.25,154980
"151","DE","60+",2024-10-17,2024-10-27,2,"quantile",0.5,182046.008302653
"152","DE","60+",2024-10-17,2024-10-27,2,"quantile",0.75,206199
"153","DE","60+",2024-10-17,2024-10-27,2,"quantile",0.9,232499
"154","DE","60+",2024-10-17,2024-10-27,2,"quantile",0.975,264377
"155","DE","60+",2024-10-17,2024-11-03,3,"quantile",0.025,105568
"156","DE","60+",2024-10-17,2024-11-03,3,"quantile",0.1,128295
"157","DE","60+",2024-10-17,2024-11-03,3,"quantile",0.25,151301
"158","DE","60+",2024-10-17,2024-11-03,3,"quantile",0.5,183719.989211987
"159","DE","60+",2024-10-17,2024-11-03,3,"quantile",0.75,212057
"160","DE","60+",2024-10-17,2024-11-03,3,"quantile",0.9,243974
"161","DE","60+",2024-10-17,2024-11-03,3,"quantile",0.975,283167
"162","DE","60+",2024-10-17,2024-11-10,4,"quantile",0.025,99626
"163","DE","60+",2024-10-17,2024-11-10,4,"quantile",0.1,126220
"164","DE","60+",2024-10-17,2024-11-10,4,"quantile",0.25,153861
"165","DE","60+",2024-10-17,2024-11-10,4,"quantile",0.5,194607.706054694
"166","DE","60+",2024-10-17,2024-11-10,4,"quantile",0.75,229363
"167","DE","60+",2024-10-17,2024-11-10,4,"quantile",0.9,270095
"168","DE","60+",2024-10-17,2024-11-10,4,"quantile",0.975,320854
"169","DE","00+",2024-10-24,2024-10-27,1,"quantile",0.025,1024842
"170","DE","00+",2024-10-24,2024-10-27,1,"quantile",0.1,1193073
"171","DE","00+",2024-10-24,2024-10-27,1,"quantile",0.25,1358792
"172","DE","00+",2024-10-24,2024-10-27,1,"quantile",0.5,1581298.70237316
"173","DE","00+",2024-10-24,2024-10-27,1,"quantile",0.75,1781038
"174","DE","00+",2024-10-24,2024-10-27,1,"quantile",0.9,1996424
"175","DE","00+",2024-10-24,2024-10-27,1,"quantile",0.975,2256497
"176","DE","00+",2024-10-24,2024-11-03,2,"quantile",0.025,918390
"177","DE","00+",2024-10-24,2024-11-03,2,"quantile",0.1,1114789
"178","DE","00+",2024-10-24,2024-11-03,2,"quantile",0.25,1313449
"179","DE","00+",2024-10-24,2024-11-03,2,"quantile",0.5,1593036.34098275
"180","DE","00+",2024-10-24,2024-11-03,2,"quantile",0.75,1837592
"181","DE","00+",2024-10-24,2024-11-03,2,"quantile",0.9,2112729
"182","DE","00+",2024-10-24,2024-11-03,2,"quantile",0.975,2450429
"183","DE","00+",2024-10-24,2024-11-10,3,"quantile",0.025,890963
"184","DE","00+",2024-10-24,2024-11-10,3,"quantile",0.1,1117778
"185","DE","00+",2024-10-24,2024-11-10,3,"quantile",0.25,1352059
"186","DE","00+",2024-10-24,2024-11-10,3,"quantile",0.5,1693829.17957754
"187","DE","00+",2024-10-24,2024-11-10,3,"quantile",0.75,1986995
"188","DE","00+",2024-10-24,2024-11-10,3,"quantile",0.9,2327452
"189","DE","00+",2024-10-24,2024-11-10,3,"quantile",0.975,2750299
"190","DE","00+",2024-10-24,2024-11-17,4,"quantile",0.025,729734
"191","DE","00+",2024-10-24,2024-11-17,4,"quantile",0.1,959393
"192","DE","00+",2024-10-24,2024-11-17,4,"quantile",0.25,1203782
"193","DE","00+",2024-10-24,2024-11-17,4,"quantile",0.5,1578294.1189261
"194","DE","00+",2024-10-24,2024-11-17,4,"quantile",0.75,1891165
"195","DE","00+",2024-10-24,2024-11-17,4,"quantile",0.9,2270346
"196","DE","00+",2024-10-24,2024-11-17,4,"quantile",0.975,2748588
"197","DE","00-04",2024-10-24,2024-10-27,1,"quantile",0.025,155904
"198","DE","00-04",2024-10-24,2024-10-27,1,"quantile",0.1,178890
"199","DE","00-04",2024-10-24,2024-10-27,1,"quantile",0.25,201326
"200","DE","00-04",2024-10-24,2024-10-27,1,"quantile",0.5,230950.460636226
"201","DE","00-04",2024-10-24,2024-10-27,1,"quantile",0.75,257792
"202","DE","00-04",2024-10-24,2024-10-27,1,"quantile",0.9,286297
"203","DE","00-04",2024-10-24,2024-10-27,1,"quantile",0.975,320507
"204","DE","00-04",2024-10-24,2024-11-03,2,"quantile",0.025,155296
"205","DE","00-04",2024-10-24,2024-11-03,2,"quantile",0.1,181640
"206","DE","00-04",2024-10-24,2024-11-03,2,"quantile",0.25,207668
"207","DE","00-04",2024-10-24,2024-11-03,2,"quantile",0.5,242803.596315872
"208","DE","00-04",2024-10-24,2024-11-03,2,"quantile",0.75,274250
"209","DE","00-04",2024-10-24,2024-11-03,2,"quantile",0.9,308326
"210","DE","00-04",2024-10-24,2024-11-03,2,"quantile",0.975,349551
"211","DE","00-04",2024-10-24,2024-11-10,3,"quantile",0.025,152527
"212","DE","00-04",2024-10-24,2024-11-10,3,"quantile",0.1,181786
"213","DE","00-04",2024-10-24,2024-11-10,3,"quantile",0.25,211041
"214","DE","00-04",2024-10-24,2024-11-10,3,"quantile",0.5,251381.414530898
"215","DE","00-04",2024-10-24,2024-11-10,3,"quantile",0.75,287065
"216","DE","00-04",2024-10-24,2024-11-10,3,"quantile",0.9,326484
"217","DE","00-04",2024-10-24,2024-11-10,3,"quantile",0.975,374531
"218","DE","00-04",2024-10-24,2024-11-17,4,"quantile",0.025,148186
"219","DE","00-04",2024-10-24,2024-11-17,4,"quantile",0.1,179902
"220","DE","00-04",2024-10-24,2024-11-17,4,"quantile",0.25,211986
"221","DE","00-04",2024-10-24,2024-11-17,4,"quantile",0.5,257146.468941567
"222","DE","00-04",2024-10-24,2024-11-17,4,"quantile",0.75,296645
"223","DE","00-04",2024-10-24,2024-11-17,4,"quantile",0.9,341090
"224","DE","00-04",2024-10-24,2024-11-17,4,"quantile",0.975,395643
"225","DE","05-14",2024-10-24,2024-10-27,1,"quantile",0.025,97647
"226","DE","05-14",2024-10-24,2024-10-27,1,"quantile",0.1,123030
"227","DE","05-14",2024-10-24,2024-10-27,1,"quantile",0.25,149319
"228","DE","05-14",2024-10-24,2024-10-27,1,"quantile",0.5,187845.603062305
"229","DE","05-14",2024-10-24,2024-10-27,1,"quantile",0.75,220812
"230","DE","05-14",2024-10-24,2024-10-27,1,"quantile",0.9,259249
"231","DE","05-14",2024-10-24,2024-10-27,1,"quantile",0.975,307057
"232","DE","05-14",2024-10-24,2024-11-03,2,"quantile",0.025,92526
"233","DE","05-14",2024-10-24,2024-11-03,2,"quantile",0.1,120864
"234","DE","05-14",2024-10-24,2024-11-03,2,"quantile",0.25,150897
"235","DE","05-14",2024-10-24,2024-11-03,2,"quantile",0.5,196615.387647013
"236","DE","05-14",2024-10-24,2024-11-03,2,"quantile",0.75,234945
"237","DE","05-14",2024-10-24,2024-11-03,2,"quantile",0.9,281132
"238","DE","05-14",2024-10-24,2024-11-03,2,"quantile",0.975,339268
"239","DE","05-14",2024-10-24,2024-11-10,3,"quantile",0.025,96235
"240","DE","05-14",2024-10-24,2024-11-10,3,"quantile",0.1,127099
"241","DE","05-14",2024-10-24,2024-11-10,3,"quantile",0.25,160037
"242","DE","05-14",2024-10-24,2024-11-10,3,"quantile",0.5,210749.96719128
"243","DE","05-14",2024-10-24,2024-11-10,3,"quantile",0.75,253010
"244","DE","05-14",2024-10-24,2024-11-10,3,"quantile",0.9,304433
"245","DE","05-14",2024-10-24,2024-11-10,3,"quantile",0.975,369381
"246","DE","05-14",2024-10-24,2024-11-17,4,"quantile",0.025,95636
"247","DE","05-14",2024-10-24,2024-11-17,4,"quantile",0.1,128311
"248","DE","05-14",2024-10-24,2024-11-17,4,"quantile",0.25,163535
"249","DE","05-14",2024-10-24,2024-11-17,4,"quantile",0.5,218646.459701305
"250","DE","05-14",2024-10-24,2024-11-17,4,"quantile",0.75,264182
"251","DE","05-14",2024-10-24,2024-11-17,4,"quantile",0.9,320355
"252","DE","05-14",2024-10-24,2024-11-17,4,"quantile",0.975,391644
"253","DE","15-34",2024-10-24,2024-10-27,1,"quantile",0.025,274576
"254","DE","15-34",2024-10-24,2024-10-27,1,"quantile",0.1,331107
"255","DE","15-34",2024-10-24,2024-10-27,1,"quantile",0.25,388050
"256","DE","15-34",2024-10-24,2024-10-27,1,"quantile",0.5,467608.022505377
"257","DE","15-34",2024-10-24,2024-10-27,1,"quantile",0.75,537476
"258","DE","15-34",2024-10-24,2024-10-27,1,"quantile",0.9,615570
"259","DE","15-34",2024-10-24,2024-10-27,1,"quantile",0.975,711186
"260","DE","15-34",2024-10-24,2024-11-03,2,"quantile",0.025,266714
"261","DE","15-34",2024-10-24,2024-11-03,2,"quantile",0.1,330814
"262","DE","15-34",2024-10-24,2024-11-03,2,"quantile",0.25,396547
"263","DE","15-34",2024-10-24,2024-11-03,2,"quantile",0.5,491264.755791584
"264","DE","15-34",2024-10-24,2024-11-03,2,"quantile",0.75,573056
"265","DE","15-34",2024-10-24,2024-11-03,2,"quantile",0.9,667020
"266","DE","15-34",2024-10-24,2024-11-03,2,"quantile",0.975,783258
"267","DE","15-34",2024-10-24,2024-11-10,3,"quantile",0.025,258486
"268","DE","15-34",2024-10-24,2024-11-10,3,"quantile",0.1,328663
"269","DE","15-34",2024-10-24,2024-11-10,3,"quantile",0.25,401769
"270","DE","15-34",2024-10-24,2024-11-10,3,"quantile",0.5,509950.794431983
"271","DE","15-34",2024-10-24,2024-11-10,3,"quantile",0.75,602035
"272","DE","15-34",2024-10-24,2024-11-10,3,"quantile",0.9,710315
"273","DE","15-34",2024-10-24,2024-11-10,3,"quantile",0.975,845414
"274","DE","15-34",2024-10-24,2024-11-17,4,"quantile",0.025,225450
"275","DE","15-34",2024-10-24,2024-11-17,4,"quantile",0.1,296545
"276","DE","15-34",2024-10-24,2024-11-17,4,"quantile",0.25,372222
"277","DE","15-34",2024-10-24,2024-11-17,4,"quantile",0.5,488250.965086513
"278","DE","15-34",2024-10-24,2024-11-17,4,"quantile",0.75,585157
"279","DE","15-34",2024-10-24,2024-11-17,4,"quantile",0.9,702651
"280","DE","15-34",2024-10-24,2024-11-17,4,"quantile",0.975,850862
"281","DE","35-59",2024-10-24,2024-10-27,1,"quantile",0.025,377842
"282","DE","35-59",2024-10-24,2024-10-27,1,"quantile",0.1,451886
"283","DE","35-59",2024-10-24,2024-10-27,1,"quantile",0.25,526082
"284","DE","35-59",2024-10-24,2024-10-27,1,"quantile",0.5,628792.901588033
"285","DE","35-59",2024-10-24,2024-10-27,1,"quantile",0.75,719451
"286","DE","35-59",2024-10-24,2024-10-27,1,"quantile",0.9,819952
"287","DE","35-59",2024-10-24,2024-10-27,1,"quantile",0.975,942613
"288","DE","35-59",2024-10-24,2024-11-03,2,"quantile",0.025,369357
"289","DE","35-59",2024-10-24,2024-11-03,2,"quantile",0.1,457386
"290","DE","35-59",2024-10-24,2024-11-03,2,"quantile",0.25,547563
"291","DE","35-59",2024-10-24,2024-11-03,2,"quantile",0.5,677278.128309001
"292","DE","35-59",2024-10-24,2024-11-03,2,"quantile",0.75,789397
"293","DE","35-59",2024-10-24,2024-11-03,2,"quantile",0.9,918003
"294","DE","35-59",2024-10-24,2024-11-03,2,"quantile",0.975,1077004
"295","DE","35-59",2024-10-24,2024-11-10,3,"quantile",0.025,354323
"296","DE","35-59",2024-10-24,2024-11-10,3,"quantile",0.1,456313
"297","DE","35-59",2024-10-24,2024-11-10,3,"quantile",0.25,563426
"298","DE","35-59",2024-10-24,2024-11-10,3,"quantile",0.5,724081.560068446
"299","DE","35-59",2024-10-24,2024-11-10,3,"quantile",0.75,859845
"300","DE","35-59",2024-10-24,2024-11-10,3,"quantile",0.9,1021365
"301","DE","35-59",2024-10-24,2024-11-10,3,"quantile",0.975,1223744
"302","DE","35-59",2024-10-24,2024-11-17,4,"quantile",0.025,305920
"303","DE","35-59",2024-10-24,2024-11-17,4,"quantile",0.1,415560
"304","DE","35-59",2024-10-24,2024-11-17,4,"quantile",0.25,534685
"305","DE","35-59",2024-10-24,2024-11-17,4,"quantile",0.5,723419.310614031
"306","DE","35-59",2024-10-24,2024-11-17,4,"quantile",0.75,878333
"307","DE","35-59",2024-10-24,2024-11-17,4,"quantile",0.9,1071471
"308","DE","35-59",2024-10-24,2024-11-17,4,"quantile",0.975,1317485
"309","DE","60+",2024-10-24,2024-10-27,1,"quantile",0.025,116589
"310","DE","60+",2024-10-24,2024-10-27,1,"quantile",0.1,135976
"311","DE","60+",2024-10-24,2024-10-27,1,"quantile",0.25,155097
"312","DE","60+",2024-10-24,2024-10-27,1,"quantile",0.5,180822.834389602
"313","DE","60+",2024-10-24,2024-10-27,1,"quantile",0.75,203890
"314","DE","60+",2024-10-24,2024-10-27,1,"quantile",0.9,228811
"315","DE","60+",2024-10-24,2024-10-27,1,"quantile",0.975,258926
"316","DE","60+",2024-10-24,2024-11-03,2,"quantile",0.025,121947
"317","DE","60+",2024-10-24,2024-11-03,2,"quantile",0.1,143305
"318","DE","60+",2024-10-24,2024-11-03,2,"quantile",0.25,164470
"319","DE","60+",2024-10-24,2024-11-03,2,"quantile",0.5,193193.188263492
"320","DE","60+",2024-10-24,2024-11-03,2,"quantile",0.75,218825
"321","DE","60+",2024-10-24,2024-11-03,2,"quantile",0.9,246735
"322","DE","60+",2024-10-24,2024-11-03,2,"quantile",0.975,280565
"323","DE","60+",2024-10-24,2024-11-10,3,"quantile",0.025,122994
"324","DE","60+",2024-10-24,2024-11-10,3,"quantile",0.1,149473
"325","DE","60+",2024-10-24,2024-11-10,3,"quantile",0.25,176276
"326","DE","60+",2024-10-24,2024-11-10,3,"quantile",0.5,214045.909656336
"327","DE","60+",2024-10-24,2024-11-10,3,"quantile",0.75,247060
"328","DE","60+",2024-10-24,2024-11-10,3,"quantile",0.9,284246
"329","DE","60+",2024-10-24,2024-11-10,3,"quantile",0.975,329907
"330","DE","60+",2024-10-24,2024-11-17,4,"quantile",0.025,115060
"331","DE","60+",2024-10-24,2024-11-17,4,"quantile",0.1,145773
"332","DE","60+",2024-10-24,2024-11-17,4,"quantile",0.25,177696
"333","DE","60+",2024-10-24,2024-11-17,4,"quantile",0.5,224754.660151176
"334","DE","60+",2024-10-24,2024-11-17,4,"quantile",0.75,264894
"335","DE","60+",2024-10-24,2024-11-17,4,"quantile",0.9,311936
"336","DE","60+",2024-10-24,2024-11-17,4,"quantile",0.975,370558
"337","DE","00+",2024-10-31,2024-11-03,1,"quantile",0.025,950615
"338","DE","00+",2024-10-31,2024-11-03,1,"quantile",0.1,1106662
"339","DE","00+",2024-10-31,2024-11-03,1,"quantile",0.25,1260378
"340","DE","00+",2024-10-31,2024-11-03,1,"quantile",0.5,1466769.84724238
"341","DE","00+",2024-10-31,2024-11-03,1,"quantile",0.75,1652043
"342","DE","00+",2024-10-31,2024-11-03,1,"quantile",0.9,1851829
"343","DE","00+",2024-10-31,2024-11-03,1,"quantile",0.975,2093066
"344","DE","00+",2024-10-31,2024-11-10,2,"quantile",0.025,876273
"345","DE","00+",2024-10-31,2024-11-10,2,"quantile",0.1,1063665
"346","DE","00+",2024-10-31,2024-11-10,2,"quantile",0.25,1253214
"347","DE","00+",2024-10-31,2024-11-10,2,"quantile",0.5,1519979.54430968
"348","DE","00+",2024-10-31,2024-11-10,2,"quantile",0.75,1753320
"349","DE","00+",2024-10-31,2024-11-10,2,"quantile",0.9,2015839
"350","DE","00+",2024-10-31,2024-11-10,2,"quantile",0.975,2338053
"351","DE","00+",2024-10-31,2024-11-17,3,"quantile",0.025,744070
"352","DE","00+",2024-10-31,2024-11-17,3,"quantile",0.1,933490
"353","DE","00+",2024-10-31,2024-11-17,3,"quantile",0.25,1129146
"354","DE","00+",2024-10-31,2024-11-17,3,"quantile",0.5,1414568.85692936
"355","DE","00+",2024-10-31,2024-11-17,3,"quantile",0.75,1659400
"356","DE","00+",2024-10-31,2024-11-17,3,"quantile",0.9,1943727
"357","DE","00+",2024-10-31,2024-11-17,3,"quantile",0.975,2296860
"358","DE","00+",2024-10-31,2024-11-24,4,"quantile",0.025,614216
"359","DE","00+",2024-10-31,2024-11-24,4,"quantile",0.1,807520
"360","DE","00+",2024-10-31,2024-11-24,4,"quantile",0.25,1013222
"361","DE","00+",2024-10-31,2024-11-24,4,"quantile",0.5,1328448.9448274
"362","DE","00+",2024-10-31,2024-11-24,4,"quantile",0.75,1591792
"363","DE","00+",2024-10-31,2024-11-24,4,"quantile",0.9,1910949
"364","DE","00+",2024-10-31,2024-11-24,4,"quantile",0.975,2313485
"365","DE","00-04",2024-10-31,2024-11-03,1,"quantile",0.025,153881
"366","DE","00-04",2024-10-31,2024-11-03,1,"quantile",0.1,176569
"367","DE","00-04",2024-10-31,2024-11-03,1,"quantile",0.25,198714
"368","DE","00-04",2024-10-31,2024-11-03,1,"quantile",0.5,227953.840322466
"369","DE","00-04",2024-10-31,2024-11-03,1,"quantile",0.75,254447
"370","DE","00-04",2024-10-31,2024-11-03,1,"quantile",0.9,282582
"371","DE","00-04",2024-10-31,2024-11-03,1,"quantile",0.975,316349
"372","DE","00-04",2024-10-31,2024-11-10,2,"quantile",0.025,154733
"373","DE","00-04",2024-10-31,2024-11-10,2,"quantile",0.1,180981
"374","DE","00-04",2024-10-31,2024-11-10,2,"quantile",0.25,206915
"375","DE","00-04",2024-10-31,2024-11-10,2,"quantile",0.5,241922.367830238
"376","DE","00-04",2024-10-31,2024-11-10,2,"quantile",0.75,273255
"377","DE","00-04",2024-10-31,2024-11-10,2,"quantile",0.9,307207
"378","DE","00-04",2024-10-31,2024-11-10,2,"quantile",0.975,348282
"379","DE","00-04",2024-10-31,2024-11-17,3,"quantile",0.025,146126
"380","DE","00-04",2024-10-31,2024-11-17,3,"quantile",0.1,174158
"381","DE","00-04",2024-10-31,2024-11-17,3,"quantile",0.25,202185
"382","DE","00-04",2024-10-31,2024-11-17,3,"quantile",0.5,240833.495503517
"383","DE","00-04",2024-10-31,2024-11-17,3,"quantile",0.75,275020
"384","DE","00-04",2024-10-31,2024-11-17,3,"quantile",0.9,312785
"385","DE","00-04",2024-10-31,2024-11-17,3,"quantile",0.975,358815
"386","DE","00-04",2024-10-31,2024-11-24,4,"quantile",0.025,147105
"387","DE","00-04",2024-10-31,2024-11-24,4,"quantile",0.1,178590
"388","DE","00-04",2024-10-31,2024-11-24,4,"quantile",0.25,210440
"389","DE","00-04",2024-10-31,2024-11-24,4,"quantile",0.5,255271.790833484
"390","DE","00-04",2024-10-31,2024-11-24,4,"quantile",0.75,294483
"391","DE","00-04",2024-10-31,2024-11-24,4,"quantile",0.9,338603
"392","DE","00-04",2024-10-31,2024-11-24,4,"quantile",0.975,392759
"393","DE","05-14",2024-10-31,2024-11-03,1,"quantile",0.025,97459
"394","DE","05-14",2024-10-31,2024-11-03,1,"quantile",0.1,122793
"395","DE","05-14",2024-10-31,2024-11-03,1,"quantile",0.25,149032
"396","DE","05-14",2024-10-31,2024-11-03,1,"quantile",0.5,187484.080670923
"397","DE","05-14",2024-10-31,2024-11-03,1,"quantile",0.75,220387
"398","DE","05-14",2024-10-31,2024-11-03,1,"quantile",0.9,258750
"399","DE","05-14",2024-10-31,2024-11-03,1,"quantile",0.975,306467
"400","DE","05-14",2024-10-31,2024-11-10,2,"quantile",0.025,96630
"401","DE","05-14",2024-10-31,2024-11-10,2,"quantile",0.1,126226
"402","DE","05-14",2024-10-31,2024-11-10,2,"quantile",0.25,157591
"403","DE","05-14",2024-10-31,2024-11-10,2,"quantile",0.5,205336.416357372
"404","DE","05-14",2024-10-31,2024-11-10,2,"quantile",0.75,245366
"405","DE","05-14",2024-10-31,2024-11-10,2,"quantile",0.9,293602
"406","DE","05-14",2024-10-31,2024-11-10,2,"quantile",0.975,354317
"407","DE","05-14",2024-10-31,2024-11-17,3,"quantile",0.025,95038
"408","DE","05-14",2024-10-31,2024-11-17,3,"quantile",0.1,125517
"409","DE","05-14",2024-10-31,2024-11-17,3,"quantile",0.25,158045
"410","DE","05-14",2024-10-31,2024-11-17,3,"quantile",0.5,208126.940397691
"411","DE","05-14",2024-10-31,2024-11-17,3,"quantile",0.75,249861
"412","DE","05-14",2024-10-31,2024-11-17,3,"quantile",0.9,300644
"413","DE","05-14",2024-10-31,2024-11-17,3,"quantile",0.975,364784
"414","DE","05-14",2024-10-31,2024-11-24,4,"quantile",0.025,92312
"415","DE","05-14",2024-10-31,2024-11-24,4,"quantile",0.1,123853
"416","DE","05-14",2024-10-31,2024-11-24,4,"quantile",0.25,157852
"417","DE","05-14",2024-10-31,2024-11-24,4,"quantile",0.5,211048.532144574
"418","DE","05-14",2024-10-31,2024-11-24,4,"quantile",0.75,255002
"419","DE","05-14",2024-10-31,2024-11-24,4,"quantile",0.9,309223
"420","DE","05-14",2024-10-31,2024-11-24,4,"quantile",0.975,378034
"421","DE","15-34",2024-10-31,2024-11-03,1,"quantile",0.025,274835
"422","DE","15-34",2024-10-31,2024-11-03,1,"quantile",0.1,331419
"423","DE","15-34",2024-10-31,2024-11-03,1,"quantile",0.25,388416
"424","DE","15-34",2024-10-31,2024-11-03,1,"quantile",0.5,468048.674671166
"425","DE","15-34",2024-10-31,2024-11-03,1,"quantile",0.75,537982
"426","DE","15-34",2024-10-31,2024-11-03,1,"quantile",0.9,616150
"427","DE","15-34",2024-10-31,2024-11-03,1,"quantile",0.975,711856
"428","DE","15-34",2024-10-31,2024-11-10,2,"quantile",0.025,262010
"429","DE","15-34",2024-10-31,2024-11-10,2,"quantile",0.1,324980
"430","DE","15-34",2024-10-31,2024-11-10,2,"quantile",0.25,389553
"431","DE","15-34",2024-10-31,2024-11-10,2,"quantile",0.5,482601.140483342
"432","DE","15-34",2024-10-31,2024-11-10,2,"quantile",0.75,562950
"433","DE","15-34",2024-10-31,2024-11-10,2,"quantile",0.9,655257
"434","DE","15-34",2024-10-31,2024-11-10,2,"quantile",0.975,769445
"435","DE","15-34",2024-10-31,2024-11-17,3,"quantile",0.025,241461
"436","DE","15-34",2024-10-31,2024-11-17,3,"quantile",0.1,307015
"437","DE","15-34",2024-10-31,2024-11-17,3,"quantile",0.25,375306
"438","DE","15-34",2024-10-31,2024-11-17,3,"quantile",0.5,476362.388158724
"439","DE","15-34",2024-10-31,2024-11-17,3,"quantile",0.75,562381
"440","DE","15-34",2024-10-31,2024-11-17,3,"quantile",0.9,663530
"441","DE","15-34",2024-10-31,2024-11-17,3,"quantile",0.975,789730
"442","DE","15-34",2024-10-31,2024-11-24,4,"quantile",0.025,216184
"443","DE","15-34",2024-10-31,2024-11-24,4,"quantile",0.1,284357
"444","DE","15-34",2024-10-31,2024-11-24,4,"quantile",0.25,356924
"445","DE","15-34",2024-10-31,2024-11-24,4,"quantile",0.5,468183.836052653
"446","DE","15-34",2024-10-31,2024-11-24,4,"quantile",0.75,561107
"447","DE","15-34",2024-10-31,2024-11-24,4,"quantile",0.9,673772
"448","DE","15-34",2024-10-31,2024-11-24,4,"quantile",0.975,815892
"449","DE","35-59",2024-10-31,2024-11-03,1,"quantile",0.025,381664
"450","DE","35-59",2024-10-31,2024-11-03,1,"quantile",0.1,456457
"451","DE","35-59",2024-10-31,2024-11-03,1,"quantile",0.25,531403
"452","DE","35-59",2024-10-31,2024-11-03,1,"quantile",0.5,635152.663141126
"453","DE","35-59",2024-10-31,2024-11-03,1,"quantile",0.75,726728
"454","DE","35-59",2024-10-31,2024-11-03,1,"quantile",0.9,828245
"455","DE","35-59",2024-10-31,2024-11-03,1,"quantile",0.975,952147
"456","DE","35-59",2024-10-31,2024-11-10,2,"quantile",0.025,356643
"457","DE","35-59",2024-10-31,2024-11-10,2,"quantile",0.1,441642
"458","DE","35-59",2024-10-31,2024-11-10,2,"quantile",0.25,528715
"459","DE","35-59",2024-10-31,2024-11-10,2,"quantile",0.5,653965.11615105
"460","DE","35-59",2024-10-31,2024-11-10,2,"quantile",0.75,762225
"461","DE","35-59",2024-10-31,2024-11-10,2,"quantile",0.9,886404
"462","DE","35-59",2024-10-31,2024-11-10,2,"quantile",0.975,1039932
"463","DE","35-59",2024-10-31,2024-11-17,3,"quantile",0.025,332862
"464","DE","35-59",2024-10-31,2024-11-17,3,"quantile",0.1,428673
"465","DE","35-59",2024-10-31,2024-11-17,3,"quantile",0.25,529299
"466","DE","35-59",2024-10-31,2024-11-17,3,"quantile",0.5,680223.202274504
"467","DE","35-59",2024-10-31,2024-11-17,3,"quantile",0.75,807763
"468","DE","35-59",2024-10-31,2024-11-17,3,"quantile",0.9,959500
"469","DE","35-59",2024-10-31,2024-11-17,3,"quantile",0.975,1149621
"470","DE","35-59",2024-10-31,2024-11-24,4,"quantile",0.025,271353
"471","DE","35-59",2024-10-31,2024-11-24,4,"quantile",0.1,368604
"472","DE","35-59",2024-10-31,2024-11-24,4,"quantile",0.25,474269
"473","DE","35-59",2024-10-31,2024-11-24,4,"quantile",0.5,641677.398885095
"474","DE","35-59",2024-10-31,2024-11-24,4,"quantile",0.75,779087
"475","DE","35-59",2024-10-31,2024-11-24,4,"quantile",0.9,950402
"476","DE","35-59",2024-10-31,2024-11-24,4,"quantile",0.975,1168618
"477","DE","60+",2024-10-31,2024-11-03,1,"quantile",0.025,119168
"478","DE","60+",2024-10-31,2024-11-03,1,"quantile",0.1,138985
"479","DE","60+",2024-10-31,2024-11-03,1,"quantile",0.25,158528
"480","DE","60+",2024-10-31,2024-11-03,1,"quantile",0.5,184823.839130602
"481","DE","60+",2024-10-31,2024-11-03,1,"quantile",0.75,208401
"482","DE","60+",2024-10-31,2024-11-03,1,"quantile",0.9,233874
"483","DE","60+",2024-10-31,2024-11-03,1,"quantile",0.975,264655
"484","DE","60+",2024-10-31,2024-11-10,2,"quantile",0.025,121087
"485","DE","60+",2024-10-31,2024-11-10,2,"quantile",0.1,142295
"486","DE","60+",2024-10-31,2024-11-10,2,"quantile",0.25,163310
"487","DE","60+",2024-10-31,2024-11-10,2,"quantile",0.5,191831.181679994
"488","DE","60+",2024-10-31,2024-11-10,2,"quantile",0.75,217282
"489","DE","60+",2024-10-31,2024-11-10,2,"quantile",0.9,244996
"490","DE","60+",2024-10-31,2024-11-10,2,"quantile",0.975,278587
"491","DE","60+",2024-10-31,2024-11-17,3,"quantile",0.025,117590
"492","DE","60+",2024-10-31,2024-11-17,3,"quantile",0.1,142905
"493","DE","60+",2024-10-31,2024-11-17,3,"quantile",0.25,168531
"494","DE","60+",2024-10-31,2024-11-17,3,"quantile",0.5,204641.407385985
"495","DE","60+",2024-10-31,2024-11-17,3,"quantile",0.75,236205
"496","DE","60+",2024-10-31,2024-11-17,3,"quantile",0.9,271757
"497","DE","60+",2024-10-31,2024-11-17,3,"quantile",0.975,315412
"498","DE","60+",2024-10-31,2024-11-24,4,"quantile",0.025,100364
"499","DE","60+",2024-10-31,2024-11-24,4,"quantile",0.1,127155
"500","DE","60+",2024-10-31,2024-11-24,4,"quantile",0.25,155001
"501","DE","60+",2024-10-31,2024-11-24,4,"quantile",0.5,196049.365220665
"502","DE","60+",2024-10-31,2024-11-24,4,"quantile",0.75,231062
"503","DE","60+",2024-10-31,2024-11-24,4,"quantile",0.9,272096
"504","DE","60+",2024-10-31,2024-11-24,4,"quantile",0.975,323231
"505","DE","00+",2024-11-07,2024-11-10,1,"quantile",0.025,805146
"506","DE","00+",2024-11-07,2024-11-10,1,"quantile",0.1,937313
"507","DE","00+",2024-11-07,2024-11-10,1,"quantile",0.25,1067507
"508","DE","00+",2024-11-07,2024-11-10,1,"quantile",0.5,1242315.87972023
"509","DE","00+",2024-11-07,2024-11-10,1,"quantile",0.75,1399237
"510","DE","00+",2024-11-07,2024-11-10,1,"quantile",0.9,1568452
"511","DE","00+",2024-11-07,2024-11-10,1,"quantile",0.975,1772773
"512","DE","00+",2024-11-07,2024-11-17,2,"quantile",0.025,767704
"513","DE","00+",2024-11-07,2024-11-17,2,"quantile",0.1,931878
"514","DE","00+",2024-11-07,2024-11-17,2,"quantile",0.25,1097943
"515","DE","00+",2024-11-07,2024-11-17,2,"quantile",0.5,1331657.25570865
"516","DE","00+",2024-11-07,2024-11-17,2,"quantile",0.75,1536087
"517","DE","00+",2024-11-07,2024-11-17,2,"quantile",0.9,1766081
"518","DE","00+",2024-11-07,2024-11-17,2,"quantile",0.975,2048373
"519","DE","00+",2024-11-07,2024-11-24,3,"quantile",0.025,659129
"520","DE","00+",2024-11-07,2024-11-24,3,"quantile",0.1,826926
"521","DE","00+",2024-11-07,2024-11-24,3,"quantile",0.25,1000246
"522","DE","00+",2024-11-07,2024-11-24,3,"quantile",0.5,1253085.93295402
"523","DE","00+",2024-11-07,2024-11-24,3,"quantile",0.75,1469968
"524","DE","00+",2024-11-07,2024-11-24,3,"quantile",0.9,1721837
"525","DE","00+",2024-11-07,2024-11-24,3,"quantile",0.975,2034658
"526","DE","00+",2024-11-07,2024-12-01,4,"quantile",0.025,591789
"527","DE","00+",2024-11-07,2024-12-01,4,"quantile",0.1,778035
"528","DE","00+",2024-11-07,2024-12-01,4,"quantile",0.25,976226
"529","DE","00+",2024-11-07,2024-12-01,4,"quantile",0.5,1279943.15643189
"530","DE","00+",2024-11-07,2024-12-01,4,"quantile",0.75,1533671
"531","DE","00+",2024-11-07,2024-12-01,4,"quantile",0.9,1841174
"532","DE","00+",2024-11-07,2024-12-01,4,"quantile",0.975,2229013
"533","DE","00-04",2024-11-07,2024-11-10,1,"quantile",0.025,130452
"534","DE","00-04",2024-11-07,2024-11-10,1,"quantile",0.1,149686
"535","DE","00-04",2024-11-07,2024-11-10,1,"quantile",0.25,168459
"536","DE","00-04",2024-11-07,2024-11-10,1,"quantile",0.5,193247.783382121
"537","DE","00-04",2024-11-07,2024-11-10,1,"quantile",0.75,215708
"538","DE","00-04",2024-11-07,2024-11-10,1,"quantile",0.9,239559
"539","DE","00-04",2024-11-07,2024-11-10,1,"quantile",0.975,268185
"540","DE","00-04",2024-11-07,2024-11-17,2,"quantile",0.025,123014
"541","DE","00-04",2024-11-07,2024-11-17,2,"quantile",0.1,143882
"542","DE","00-04",2024-11-07,2024-11-17,2,"quantile",0.25,164500
"543","DE","00-04",2024-11-07,2024-11-17,2,"quantile",0.5,192331.552059138
"544","DE","00-04",2024-11-07,2024-11-17,2,"quantile",0.75,217241
"545","DE","00-04",2024-11-07,2024-11-17,2,"quantile",0.9,244234
"546","DE","00-04",2024-11-07,2024-11-17,2,"quantile",0.975,276890
"547","DE","00-04",2024-11-07,2024-11-24,3,"quantile",0.025,120713
"548","DE","00-04",2024-11-07,2024-11-24,3,"quantile",0.1,143870
"549","DE","00-04",2024-11-07,2024-11-24,3,"quantile",0.25,167023
"550","DE","00-04",2024-11-07,2024-11-24,3,"quantile",0.5,198950.749591985
"551","DE","00-04",2024-11-07,2024-11-24,3,"quantile",0.75,227192
"552","DE","00-04",2024-11-07,2024-11-24,3,"quantile",0.9,258390
"553","DE","00-04",2024-11-07,2024-11-24,3,"quantile",0.975,296416
"554","DE","00-04",2024-11-07,2024-12-01,4,"quantile",0.025,116133
"555","DE","00-04",2024-11-07,2024-12-01,4,"quantile",0.1,140989
"556","DE","00-04",2024-11-07,2024-12-01,4,"quantile",0.25,166134
"557","DE","00-04",2024-11-07,2024-12-01,4,"quantile",0.5,201526.662202724
"558","DE","00-04",2024-11-07,2024-12-01,4,"quantile",0.75,232482
"559","DE","00-04",2024-11-07,2024-12-01,4,"quantile",0.9,267314
"560","DE","00-04",2024-11-07,2024-12-01,4,"quantile",0.975,310068
"561","DE","05-14",2024-11-07,2024-11-10,1,"quantile",0.025,73284
"562","DE","05-14",2024-11-07,2024-11-10,1,"quantile",0.1,92334
"563","DE","05-14",2024-11-07,2024-11-10,1,"quantile",0.25,112064
"564","DE","05-14",2024-11-07,2024-11-10,1,"quantile",0.5,140978.611419272
"565","DE","05-14",2024-11-07,2024-11-10,1,"quantile",0.75,165720
"566","DE","05-14",2024-11-07,2024-11-10,1,"quantile",0.9,194567
"567","DE","05-14",2024-11-07,2024-11-10,1,"quantile",0.975,230448
"568","DE","05-14",2024-11-07,2024-11-17,2,"quantile",0.025,67794
"569","DE","05-14",2024-11-07,2024-11-17,2,"quantile",0.1,88558
"570","DE","05-14",2024-11-07,2024-11-17,2,"quantile",0.25,110564
"571","DE","05-14",2024-11-07,2024-11-17,2,"quantile",0.5,144062.274948481
"572","DE","05-14",2024-11-07,2024-11-17,2,"quantile",0.75,172147
"573","DE","05-14",2024-11-07,2024-11-17,2,"quantile",0.9,205989
"574","DE","05-14",2024-11-07,2024-11-17,2,"quantile",0.975,248587
"575","DE","05-14",2024-11-07,2024-11-24,3,"quantile",0.025,69705
"576","DE","05-14",2024-11-07,2024-11-24,3,"quantile",0.1,92061
"577","DE","05-14",2024-11-07,2024-11-24,3,"quantile",0.25,115919
"578","DE","05-14",2024-11-07,2024-11-24,3,"quantile",0.5,152651.334470026
"579","DE","05-14",2024-11-07,2024-11-24,3,"quantile",0.75,183262
"580","DE","05-14",2024-11-07,2024-11-24,3,"quantile",0.9,220509
"581","DE","05-14",2024-11-07,2024-11-24,3,"quantile",0.975,267553
"582","DE","05-14",2024-11-07,2024-12-01,4,"quantile",0.025,65861
"583","DE","05-14",2024-11-07,2024-12-01,4,"quantile",0.1,88364
"584","DE","05-14",2024-11-07,2024-12-01,4,"quantile",0.25,112622
"585","DE","05-14",2024-11-07,2024-12-01,4,"quantile",0.5,150575.676347279
"586","DE","05-14",2024-11-07,2024-12-01,4,"quantile",0.75,181935
"587","DE","05-14",2024-11-07,2024-12-01,4,"quantile",0.9,220620
"588","DE","05-14",2024-11-07,2024-12-01,4,"quantile",0.975,269715
"589","DE","15-34",2024-11-07,2024-11-10,1,"quantile",0.025,212018
"590","DE","15-34",2024-11-07,2024-11-10,1,"quantile",0.1,255670
"591","DE","15-34",2024-11-07,2024-11-10,1,"quantile",0.25,299640
"592","DE","15-34",2024-11-07,2024-11-10,1,"quantile",0.5,361072.222461473
"593","DE","15-34",2024-11-07,2024-11-10,1,"quantile",0.75,415022
"594","DE","15-34",2024-11-07,2024-11-10,1,"quantile",0.9,475325
"595","DE","15-34",2024-11-07,2024-11-10,1,"quantile",0.975,549157
"596","DE","15-34",2024-11-07,2024-11-17,2,"quantile",0.025,190531
"597","DE","15-34",2024-11-07,2024-11-17,2,"quantile",0.1,236323
"598","DE","15-34",2024-11-07,2024-11-17,2,"quantile",0.25,283281
"599","DE","15-34",2024-11-07,2024-11-17,2,"quantile",0.5,350944.720622883
"600","DE","15-34",2024-11-07,2024-11-17,2,"quantile",0.75,409374
"601","DE","15-34",2024-11-07,2024-11-17,2,"quantile",0.9,476500
"602","DE","15-34",2024-11-07,2024-11-17,2,"quantile",0.975,559537
"603","DE","15-34",2024-11-07,2024-11-24,3,"quantile",0.025,170325
"604","DE","15-34",2024-11-07,2024-11-24,3,"quantile",0.1,216568
"605","DE","15-34",2024-11-07,2024-11-24,3,"quantile",0.25,264740
"606","DE","15-34",2024-11-07,2024-11-24,3,"quantile",0.5,336025.505937441
"607","DE","15-34",2024-11-07,2024-11-24,3,"quantile",0.75,396703
"608","DE","15-34",2024-11-07,2024-11-24,3,"quantile",0.9,468054
"609","DE","15-34",2024-11-07,2024-11-24,3,"quantile",0.975,557076
"610","DE","15-34",2024-11-07,2024-12-01,4,"quantile",0.025,151446
"611","DE","15-34",2024-11-07,2024-12-01,4,"quantile",0.1,199205
"612","DE","15-34",2024-11-07,2024-12-01,4,"quantile",0.25,250042
"613","DE","15-34",2024-11-07,2024-12-01,4,"quantile",0.5,327985.006696775
"614","DE","15-34",2024-11-07,2024-12-01,4,"quantile",0.75,393082
"615","DE","15-34",2024-11-07,2024-12-01,4,"quantile",0.9,472010
"616","DE","15-34",2024-11-07,2024-12-01,4,"quantile",0.975,571572
"617","DE","35-59",2024-11-07,2024-11-10,1,"quantile",0.025,273566
"618","DE","35-59",2024-11-07,2024-11-10,1,"quantile",0.1,327177
"619","DE","35-59",2024-11-07,2024-11-10,1,"quantile",0.25,380896
"620","DE","35-59",2024-11-07,2024-11-10,1,"quantile",0.5,455262.234621422
"621","DE","35-59",2024-11-07,2024-11-10,1,"quantile",0.75,520902
"622","DE","35-59",2024-11-07,2024-11-10,1,"quantile",0.9,593667
"623","DE","35-59",2024-11-07,2024-11-10,1,"quantile",0.975,682478
"624","DE","35-59",2024-11-07,2024-11-17,2,"quantile",0.025,244868
"625","DE","35-59",2024-11-07,2024-11-17,2,"quantile",0.1,303228
"626","DE","35-59",2024-11-07,2024-11-17,2,"quantile",0.25,363012
"627","DE","35-59",2024-11-07,2024-11-17,2,"quantile",0.5,449008.702168452
"628","DE","35-59",2024-11-07,2024-11-17,2,"quantile",0.75,523339
"629","DE","35-59",2024-11-07,2024-11-17,2,"quantile",0.9,608601
"630","DE","35-59",2024-11-07,2024-11-17,2,"quantile",0.975,714012
"631","DE","35-59",2024-11-07,2024-11-24,3,"quantile",0.025,211034
"632","DE","35-59",2024-11-07,2024-11-24,3,"quantile",0.1,271779
"633","DE","35-59",2024-11-07,2024-11-24,3,"quantile",0.25,335575
"634","DE","35-59",2024-11-07,2024-11-24,3,"quantile",0.5,431262.190300738
"635","DE","35-59",2024-11-07,2024-11-24,3,"quantile",0.75,512123
"636","DE","35-59",2024-11-07,2024-11-24,3,"quantile",0.9,608325
"637","DE","35-59",2024-11-07,2024-11-24,3,"quantile",0.975,728862
"638","DE","35-59",2024-11-07,2024-12-01,4,"quantile",0.025,178008
"639","DE","35-59",2024-11-07,2024-12-01,4,"quantile",0.1,241805
"640","DE","35-59",2024-11-07,2024-12-01,4,"quantile",0.25,311121
"641","DE","35-59",2024-11-07,2024-12-01,4,"quantile",0.5,420942.565018952
"642","DE","35-59",2024-11-07,2024-12-01,4,"quantile",0.75,511084
"643","DE","35-59",2024-11-07,2024-12-01,4,"quantile",0.9,623467
"644","DE","35-59",2024-11-07,2024-12-01,4,"quantile",0.975,766618
"645","DE","60+",2024-11-07,2024-11-10,1,"quantile",0.025,107548
"646","DE","60+",2024-11-07,2024-11-10,1,"quantile",0.1,125433
"647","DE","60+",2024-11-07,2024-11-10,1,"quantile",0.25,143071
"648","DE","60+",2024-11-07,2024-11-10,1,"quantile",0.5,166802.084728178
"649","DE","60+",2024-11-07,2024-11-10,1,"quantile",0.75,188081
"650","DE","60+",2024-11-07,2024-11-10,1,"quantile",0.9,211070
"651","DE","60+",2024-11-07,2024-11-10,1,"quantile",0.975,238849
"652","DE","60+",2024-11-07,2024-11-17,2,"quantile",0.025,101189
"653","DE","60+",2024-11-07,2024-11-17,2,"quantile",0.1,118911
"654","DE","60+",2024-11-07,2024-11-17,2,"quantile",0.25,136474
"655","DE","60+",2024-11-07,2024-11-17,2,"quantile",0.5,160308.235983715
"656","DE","60+",2024-11-07,2024-11-17,2,"quantile",0.75,181577
"657","DE","60+",2024-11-07,2024-11-17,2,"quantile",0.9,204737
"658","DE","60+",2024-11-07,2024-11-17,2,"quantile",0.975,232809
"659","DE","60+",2024-11-07,2024-11-24,3,"quantile",0.025,87704
"660","DE","60+",2024-11-07,2024-11-24,3,"quantile",0.1,106585
"661","DE","60+",2024-11-07,2024-11-24,3,"quantile",0.25,125698
"662","DE","60+",2024-11-07,2024-11-24,3,"quantile",0.5,152631.643729878
"663","DE","60+",2024-11-07,2024-11-24,3,"quantile",0.75,176174
"664","DE","60+",2024-11-07,2024-11-24,3,"quantile",0.9,202691
"665","DE","60+",2024-11-07,2024-11-24,3,"quantile",0.975,235251
"666","DE","60+",2024-11-07,2024-12-01,4,"quantile",0.025,75668
"667","DE","60+",2024-11-07,2024-12-01,4,"quantile",0.1,95868
"668","DE","60+",2024-11-07,2024-12-01,4,"quantile",0.25,116862
"669","DE","60+",2024-11-07,2024-12-01,4,"quantile",0.5,147810.808673225
"670","DE","60+",2024-11-07,2024-12-01,4,"quantile",0.75,174209
"671","DE","60+",2024-11-07,2024-12-01,4,"quantile",0.9,205147
"672","DE","60+",2024-11-07,2024-12-01,4,"quantile",0.975,243700
"673","DE","00+",2024-11-14,2024-11-17,1,"quantile",0.025,853588
"674","DE","00+",2024-11-14,2024-11-17,1,"quantile",0.1,993708
"675","DE","00+",2024-11-14,2024-11-17,1,"quantile",0.25,1131735
"676","DE","00+",2024-11-14,2024-11-17,1,"quantile",0.5,1317061.04999721
"677","DE","00+",2024-11-14,2024-11-17,1,"quantile",0.75,1483424
"678","DE","00+",2024-11-14,2024-11-17,1,"quantile",0.9,1662819
"679","DE","00+",2024-11-14,2024-11-17,1,"quantile",0.975,1879434
"680","DE","00+",2024-11-14,2024-11-24,2,"quantile",0.025,739231
"681","DE","00+",2024-11-14,2024-11-24,2,"quantile",0.1,897317
"682","DE","00+",2024-11-14,2024-11-24,2,"quantile",0.25,1057223
"683","DE","00+",2024-11-14,2024-11-24,2,"quantile",0.5,1282268.92150806
"684","DE","00+",2024-11-14,2024-11-24,2,"quantile",0.75,1479117
"685","DE","00+",2024-11-14,2024-11-24,2,"quantile",0.9,1700581
"686","DE","00+",2024-11-14,2024-11-24,2,"quantile",0.975,1972404
"687","DE","00+",2024-11-14,2024-12-01,3,"quantile",0.025,649407
"688","DE","00+",2024-11-14,2024-12-01,3,"quantile",0.1,814728
"689","DE","00+",2024-11-14,2024-12-01,3,"quantile",0.25,985492
"690","DE","00+",2024-11-14,2024-12-01,3,"quantile",0.5,1234602.85195168
"691","DE","00+",2024-11-14,2024-12-01,3,"quantile",0.75,1448286
"692","DE","00+",2024-11-14,2024-12-01,3,"quantile",0.9,1696440
"693","DE","00+",2024-11-14,2024-12-01,3,"quantile",0.975,2004647
"694","DE","00+",2024-11-14,2024-12-08,4,"quantile",0.025,451460
"695","DE","00+",2024-11-14,2024-12-08,4,"quantile",0.1,593542
"696","DE","00+",2024-11-14,2024-12-08,4,"quantile",0.25,744737
"697","DE","00+",2024-11-14,2024-12-08,4,"quantile",0.5,976434.924516819
"698","DE","00+",2024-11-14,2024-12-08,4,"quantile",0.75,1169997
"699","DE","00+",2024-11-14,2024-12-08,4,"quantile",0.9,1404584
"700","DE","00+",2024-11-14,2024-12-08,4,"quantile",0.975,1700456
"701","DE","00-04",2024-11-14,2024-11-17,1,"quantile",0.025,128693
"702","DE","00-04",2024-11-14,2024-11-17,1,"quantile",0.1,147667
"703","DE","00-04",2024-11-14,2024-11-17,1,"quantile",0.25,166187
"704","DE","00-04",2024-11-14,2024-11-17,1,"quantile",0.5,190641.386048288
"705","DE","00-04",2024-11-14,2024-11-17,1,"quantile",0.75,212799
"706","DE","00-04",2024-11-14,2024-11-17,1,"quantile",0.9,236329
"707","DE","00-04",2024-11-14,2024-11-17,1,"quantile",0.975,264568
"708","DE","00-04",2024-11-14,2024-11-24,2,"quantile",0.025,122340
"709","DE","00-04",2024-11-14,2024-11-24,2,"quantile",0.1,143094
"710","DE","00-04",2024-11-14,2024-11-24,2,"quantile",0.25,163598
"711","DE","00-04",2024-11-14,2024-11-24,2,"quantile",0.5,191277.900292579
"712","DE","00-04",2024-11-14,2024-11-24,2,"quantile",0.75,216051
"713","DE","00-04",2024-11-14,2024-11-24,2,"quantile",0.9,242896
"714","DE","00-04",2024-11-14,2024-11-24,2,"quantile",0.975,275373
"715","DE","00-04",2024-11-14,2024-12-01,3,"quantile",0.025,123801
"716","DE","00-04",2024-11-14,2024-12-01,3,"quantile",0.1,147551
"717","DE","00-04",2024-11-14,2024-12-01,3,"quantile",0.25,171296
"718","DE","00-04",2024-11-14,2024-12-01,3,"quantile",0.5,204039.94369464
"719","DE","00-04",2024-11-14,2024-12-01,3,"quantile",0.75,233003
"720","DE","00-04",2024-11-14,2024-12-01,3,"quantile",0.9,264999
"721","DE","00-04",2024-11-14,2024-12-01,3,"quantile",0.975,303998
"722","DE","00-04",2024-11-14,2024-12-08,4,"quantile",0.025,118693
"723","DE","00-04",2024-11-14,2024-12-08,4,"quantile",0.1,144097
"724","DE","00-04",2024-11-14,2024-12-08,4,"quantile",0.25,169796
"725","DE","00-04",2024-11-14,2024-12-08,4,"quantile",0.5,205969.098001704
"726","DE","00-04",2024-11-14,2024-12-08,4,"quantile",0.75,237607
"727","DE","00-04",2024-11-14,2024-12-08,4,"quantile",0.9,273206
"728","DE","00-04",2024-11-14,2024-12-08,4,"quantile",0.975,316903
"729","DE","05-14",2024-11-14,2024-11-17,1,"quantile",0.025,75004
"730","DE","05-14",2024-11-14,2024-11-17,1,"quantile",0.1,94502
"731","DE","05-14",2024-11-14,2024-11-17,1,"quantile",0.25,114695
"732","DE","05-14",2024-11-14,2024-11-17,1,"quantile",0.5,144288.8584516
"733","DE","05-14",2024-11-14,2024-11-17,1,"quantile",0.75,169611
"734","DE","05-14",2024-11-14,2024-11-17,1,"quantile",0.9,199136
"735","DE","05-14",2024-11-14,2024-11-17,1,"quantile",0.975,235859
"736","DE","05-14",2024-11-14,2024-11-24,2,"quantile",0.025,67598
"737","DE","05-14",2024-11-14,2024-11-24,2,"quantile",0.1,88303
"738","DE","05-14",2024-11-14,2024-11-24,2,"quantile",0.25,110245
"739","DE","05-14",2024-11-14,2024-11-24,2,"quantile",0.5,143646.238056575
"740","DE","05-14",2024-11-14,2024-11-24,2,"quantile",0.75,171650
"741","DE","05-14",2024-11-14,2024-11-24,2,"quantile",0.9,205394
"742","DE","05-14",2024-11-14,2024-11-24,2,"quantile",0.975,247869
"743","DE","05-14",2024-11-14,2024-12-01,3,"quantile",0.025,69550
"744","DE","05-14",2024-11-14,2024-12-01,3,"quantile",0.1,91855
"745","DE","05-14",2024-11-14,2024-12-01,3,"quantile",0.25,115660
"746","DE","05-14",2024-11-14,2024-12-01,3,"quantile",0.5,152311.316399121
"747","DE","05-14",2024-11-14,2024-12-01,3,"quantile",0.75,182854
"748","DE","05-14",2024-11-14,2024-12-01,3,"quantile",0.9,220018
"749","DE","05-14",2024-11-14,2024-12-01,3,"quantile",0.975,266957
"750","DE","05-14",2024-11-14,2024-12-08,4,"quantile",0.025,68400
"751","DE","05-14",2024-11-14,2024-12-08,4,"quantile",0.1,91771
"752","DE","05-14",2024-11-14,2024-12-08,4,"quantile",0.25,116964
"753","DE","05-14",2024-11-14,2024-12-08,4,"quantile",0.5,156381.526689374
"754","DE","05-14",2024-11-14,2024-12-08,4,"quantile",0.75,188950
"755","DE","05-14",2024-11-14,2024-12-08,4,"quantile",0.9,229126
"756","DE","05-14",2024-11-14,2024-12-08,4,"quantile",0.975,280115
"757","DE","15-34",2024-11-14,2024-11-17,1,"quantile",0.025,191084
"758","DE","15-34",2024-11-14,2024-11-17,1,"quantile",0.1,230426
"759","DE","15-34",2024-11-14,2024-11-17,1,"quantile",0.25,270055
"760","DE","15-34",2024-11-14,2024-11-17,1,"quantile",0.5,325422.027912505
"761","DE","15-34",2024-11-14,2024-11-17,1,"quantile",0.75,374045
"762","DE","15-34",2024-11-14,2024-11-17,1,"quantile",0.9,428394
"763","DE","15-34",2024-11-14,2024-11-17,1,"quantile",0.975,494937
"764","DE","15-34",2024-11-14,2024-11-24,2,"quantile",0.025,185896
"765","DE","15-34",2024-11-14,2024-11-24,2,"quantile",0.1,230574
"766","DE","15-34",2024-11-14,2024-11-24,2,"quantile",0.25,276389
"767","DE","15-34",2024-11-14,2024-11-24,2,"quantile",0.5,342407.052246157
"768","DE","15-34",2024-11-14,2024-11-24,2,"quantile",0.75,399415
"769","DE","15-34",2024-11-14,2024-11-24,2,"quantile",0.9,464908
"770","DE","15-34",2024-11-14,2024-11-24,2,"quantile",0.975,545925
"771","DE","15-34",2024-11-14,2024-12-01,3,"quantile",0.025,174426
"772","DE","15-34",2024-11-14,2024-12-01,3,"quantile",0.1,221782
"773","DE","15-34",2024-11-14,2024-12-01,3,"quantile",0.25,271115
"774","DE","15-34",2024-11-14,2024-12-01,3,"quantile",0.5,344116.229675711
"775","DE","15-34",2024-11-14,2024-12-01,3,"quantile",0.75,406255
"776","DE","15-34",2024-11-14,2024-12-01,3,"quantile",0.9,479324
"777","DE","15-34",2024-11-14,2024-12-01,3,"quantile",0.975,570489
"778","DE","15-34",2024-11-14,2024-12-08,4,"quantile",0.025,162319
"779","DE","15-34",2024-11-14,2024-12-08,4,"quantile",0.1,213507
"780","DE","15-34",2024-11-14,2024-12-08,4,"quantile",0.25,267994
"781","DE","15-34",2024-11-14,2024-12-08,4,"quantile",0.5,351532.923949605
"782","DE","15-34",2024-11-14,2024-12-08,4,"quantile",0.75,421304
"783","DE","15-34",2024-11-14,2024-12-08,4,"quantile",0.9,505898
"784","DE","15-34",2024-11-14,2024-12-08,4,"quantile",0.975,612608
"785","DE","35-59",2024-11-14,2024-11-17,1,"quantile",0.025,253108
"786","DE","35-59",2024-11-14,2024-11-17,1,"quantile",0.1,302709
"787","DE","35-59",2024-11-14,2024-11-17,1,"quantile",0.25,352412
"788","DE","35-59",2024-11-14,2024-11-17,1,"quantile",0.5,421216.483465823
"789","DE","35-59",2024-11-14,2024-11-17,1,"quantile",0.75,481947
"790","DE","35-59",2024-11-14,2024-11-17,1,"quantile",0.9,549271
"791","DE","35-59",2024-11-14,2024-11-17,1,"quantile",0.975,631440
"792","DE","35-59",2024-11-14,2024-11-24,2,"quantile",0.025,236872
"793","DE","35-59",2024-11-14,2024-11-24,2,"quantile",0.1,293326
"794","DE","35-59",2024-11-14,2024-11-24,2,"quantile",0.25,351159
"795","DE","35-59",2024-11-14,2024-11-24,2,"quantile",0.5,434347.087162296
"796","DE","35-59",2024-11-14,2024-11-24,2,"quantile",0.75,506251
"797","DE","35-59",2024-11-14,2024-11-24,2,"quantile",0.9,588728
"798","DE","35-59",2024-11-14,2024-11-24,2,"quantile",0.975,690698
"799","DE","35-59",2024-11-14,2024-12-01,3,"quantile",0.025,216657
"800","DE","35-59",2024-11-14,2024-12-01,3,"quantile",0.1,279021
"801","DE","35-59",2024-11-14,2024-12-01,3,"quantile",0.25,344517
"802","DE","35-59",2024-11-14,2024-12-01,3,"quantile",0.5,442753.872099261
"803","DE","35-59",2024-11-14,2024-12-01,3,"quantile",0.75,525769
"804","DE","35-59",2024-11-14,2024-12-01,3,"quantile",0.9,624535
"805","DE","35-59",2024-11-14,2024-12-01,3,"quantile",0.975,748284
"806","DE","35-59",2024-11-14,2024-12-08,4,"quantile",0.025,190979
"807","DE","35-59",2024-11-14,2024-12-08,4,"quantile",0.1,259424
"808","DE","35-59",2024-11-14,2024-12-08,4,"quantile",0.25,333792
"809","DE","35-59",2024-11-14,2024-12-08,4,"quantile",0.5,451614.930019213
"810","DE","35-59",2024-11-14,2024-12-08,4,"quantile",0.75,548324
"811","DE","35-59",2024-11-14,2024-12-08,4,"quantile",0.9,668897
"812","DE","35-59",2024-11-14,2024-12-08,4,"quantile",0.975,822479
"813","DE","60+",2024-11-14,2024-11-17,1,"quantile",0.025,96632
"814","DE","60+",2024-11-14,2024-11-17,1,"quantile",0.1,112702
"815","DE","60+",2024-11-14,2024-11-17,1,"quantile",0.25,128550
"816","DE","60+",2024-11-14,2024-11-17,1,"quantile",0.5,149872.798037848
"817","DE","60+",2024-11-14,2024-11-17,1,"quantile",0.75,168992
"818","DE","60+",2024-11-14,2024-11-17,1,"quantile",0.9,189648
"819","DE","60+",2024-11-14,2024-11-17,1,"quantile",0.975,214608
"820","DE","60+",2024-11-14,2024-11-24,2,"quantile",0.025,92454
"821","DE","60+",2024-11-14,2024-11-24,2,"quantile",0.1,108647
"822","DE","60+",2024-11-14,2024-11-24,2,"quantile",0.25,124693
"823","DE","60+",2024-11-14,2024-11-24,2,"quantile",0.5,146470.911941534
"824","DE","60+",2024-11-14,2024-11-24,2,"quantile",0.75,165904
"825","DE","60+",2024-11-14,2024-11-24,2,"quantile",0.9,187065
"826","DE","60+",2024-11-14,2024-11-24,2,"quantile",0.975,212714
"827","DE","60+",2024-11-14,2024-12-01,3,"quantile",0.025,87109
"828","DE","60+",2024-11-14,2024-12-01,3,"quantile",0.1,105863
"829","DE","60+",2024-11-14,2024-12-01,3,"quantile",0.25,124846
"830","DE","60+",2024-11-14,2024-12-01,3,"quantile",0.5,151597.18084682
"831","DE","60+",2024-11-14,2024-12-01,3,"quantile",0.75,174980
"832","DE","60+",2024-11-14,2024-12-01,3,"quantile",0.9,201317
"833","DE","60+",2024-11-14,2024-12-01,3,"quantile",0.975,233657
"834","DE","60+",2024-11-14,2024-12-08,4,"quantile",0.025,75800
"835","DE","60+",2024-11-14,2024-12-08,4,"quantile",0.1,96034
"836","DE","60+",2024-11-14,2024-12-08,4,"quantile",0.25,117065
"837","DE","60+",2024-11-14,2024-12-08,4,"quantile",0.5,148067.18591042
"838","DE","60+",2024-11-14,2024-12-08,4,"quantile",0.75,174511
"839","DE","60+",2024-11-14,2024-12-08,4,"quantile",0.9,205502
"840","DE","60+",2024-11-14,2024-12-08,4,"quantile",0.975,244123
"841","DE","00+",2024-11-21,2024-11-24,1,"quantile",0.025,1055677
"842","DE","00+",2024-11-21,2024-11-24,1,"quantile",0.1,1228970
"843","DE","00+",2024-11-21,2024-11-24,1,"quantile",0.25,1399675
"844","DE","00+",2024-11-21,2024-11-24,1,"quantile",0.5,1628876.20217612
"845","DE","00+",2024-11-21,2024-11-24,1,"quantile",0.75,1834625
"846","DE","00+",2024-11-21,2024-11-24,1,"quantile",0.9,2056492
"847","DE","00+",2024-11-21,2024-11-24,1,"quantile",0.975,2324390
"848","DE","00+",2024-11-21,2024-12-01,2,"quantile",0.025,938155
"849","DE","00+",2024-11-21,2024-12-01,2,"quantile",0.1,1138780
"850","DE","00+",2024-11-21,2024-12-01,2,"quantile",0.25,1341716
"851","DE","00+",2024-11-21,2024-12-01,2,"quantile",0.5,1627319.62632806
"852","DE","00+",2024-11-21,2024-12-01,2,"quantile",0.75,1877138
"853","DE","00+",2024-11-21,2024-12-01,2,"quantile",0.9,2158196
"854","DE","00+",2024-11-21,2024-12-01,2,"quantile",0.975,2503164
"855","DE","00+",2024-11-21,2024-12-08,3,"quantile",0.025,905078
"856","DE","00+",2024-11-21,2024-12-08,3,"quantile",0.1,1135486
"857","DE","00+",2024-11-21,2024-12-08,3,"quantile",0.25,1373478
"858","DE","00+",2024-11-21,2024-12-08,3,"quantile",0.5,1720662.50632881
"859","DE","00+",2024-11-21,2024-12-08,3,"quantile",0.75,2018472
"860","DE","00+",2024-11-21,2024-12-08,3,"quantile",0.9,2364323
"861","DE","00+",2024-11-21,2024-12-08,3,"quantile",0.975,2793869
"862","DE","00+",2024-11-21,2024-12-15,4,"quantile",0.025,695386
"863","DE","00+",2024-11-21,2024-12-15,4,"quantile",0.1,914236
"864","DE","00+",2024-11-21,2024-12-15,4,"quantile",0.25,1147121
"865","DE","00+",2024-11-21,2024-12-15,4,"quantile",0.5,1504005.30216601
"866","DE","00+",2024-11-21,2024-12-15,4,"quantile",0.75,1802149
"867","DE","00+",2024-11-21,2024-12-15,4,"quantile",0.9,2163483
"868","DE","00+",2024-11-21,2024-12-15,4,"quantile",0.975,2619215
"869","DE","00-04",2024-11-21,2024-11-24,1,"quantile",0.025,142335
"870","DE","00-04",2024-11-21,2024-11-24,1,"quantile",0.1,163320
"871","DE","00-04",2024-11-21,2024-11-24,1,"quantile",0.25,183804
"872","DE","00-04",2024-11-21,2024-11-24,1,"quantile",0.5,210850.049507922
"873","DE","00-04",2024-11-21,2024-11-24,1,"quantile",0.75,235356
"874","DE","00-04",2024-11-21,2024-11-24,1,"quantile",0.9,261380
"875","DE","00-04",2024-11-21,2024-11-24,1,"quantile",0.975,292613
"876","DE","00-04",2024-11-21,2024-12-01,2,"quantile",0.025,140515
"877","DE","00-04",2024-11-21,2024-12-01,2,"quantile",0.1,164351
"878","DE","00-04",2024-11-21,2024-12-01,2,"quantile",0.25,187902
"879","DE","00-04",2024-11-21,2024-12-01,2,"quantile",0.5,219693.14480289
"880","DE","00-04",2024-11-21,2024-12-01,2,"quantile",0.75,248147
"881","DE","00-04",2024-11-21,2024-12-01,2,"quantile",0.9,278979
"882","DE","00-04",2024-11-21,2024-12-01,2,"quantile",0.975,316280
"883","DE","00-04",2024-11-21,2024-12-08,3,"quantile",0.025,139077
"884","DE","00-04",2024-11-21,2024-12-08,3,"quantile",0.1,165756
"885","DE","00-04",2024-11-21,2024-12-08,3,"quantile",0.25,192431
"886","DE","00-04",2024-11-21,2024-12-08,3,"quantile",0.5,229215.088328608
"887","DE","00-04",2024-11-21,2024-12-08,3,"quantile",0.75,261752
"888","DE","00-04",2024-11-21,2024-12-08,3,"quantile",0.9,297695
"889","DE","00-04",2024-11-21,2024-12-08,3,"quantile",0.975,341506
"890","DE","00-04",2024-11-21,2024-12-15,4,"quantile",0.025,135667
"891","DE","00-04",2024-11-21,2024-12-15,4,"quantile",0.1,164704
"892","DE","00-04",2024-11-21,2024-12-15,4,"quantile",0.25,194078
"893","DE","00-04",2024-11-21,2024-12-15,4,"quantile",0.5,235423.750366391
"894","DE","00-04",2024-11-21,2024-12-15,4,"quantile",0.75,271586
"895","DE","00-04",2024-11-21,2024-12-15,4,"quantile",0.9,312276
"896","DE","00-04",2024-11-21,2024-12-15,4,"quantile",0.975,362221
"897","DE","05-14",2024-11-21,2024-11-24,1,"quantile",0.025,88790
"898","DE","05-14",2024-11-21,2024-11-24,1,"quantile",0.1,111871
"899","DE","05-14",2024-11-21,2024-11-24,1,"quantile",0.25,135776
"900","DE","05-14",2024-11-21,2024-11-24,1,"quantile",0.5,170808.534302256
"901","DE","05-14",2024-11-21,2024-11-24,1,"quantile",0.75,200785
"902","DE","05-14",2024-11-21,2024-11-24,1,"quantile",0.9,235736
"903","DE","05-14",2024-11-21,2024-11-24,1,"quantile",0.975,279209
"904","DE","05-14",2024-11-21,2024-12-01,2,"quantile",0.025,82964
"905","DE","05-14",2024-11-21,2024-12-01,2,"quantile",0.1,108375
"906","DE","05-14",2024-11-21,2024-12-01,2,"quantile",0.25,135305
"907","DE","05-14",2024-11-21,2024-12-01,2,"quantile",0.5,176298.68175784
"908","DE","05-14",2024-11-21,2024-12-01,2,"quantile",0.75,210667
"909","DE","05-14",2024-11-21,2024-12-01,2,"quantile",0.9,252082
"910","DE","05-14",2024-11-21,2024-12-01,2,"quantile",0.975,304211
"911","DE","05-14",2024-11-21,2024-12-08,3,"quantile",0.025,81715
"912","DE","05-14",2024-11-21,2024-12-08,3,"quantile",0.1,107922
"913","DE","05-14",2024-11-21,2024-12-08,3,"quantile",0.25,135891
"914","DE","05-14",2024-11-21,2024-12-08,3,"quantile",0.5,178952.104307239
"915","DE","05-14",2024-11-21,2024-12-08,3,"quantile",0.75,214836
"916","DE","05-14",2024-11-21,2024-12-08,3,"quantile",0.9,258501
"917","DE","05-14",2024-11-21,2024-12-08,3,"quantile",0.975,313650
"918","DE","05-14",2024-11-21,2024-12-15,4,"quantile",0.025,82248
"919","DE","05-14",2024-11-21,2024-12-15,4,"quantile",0.1,110350
"920","DE","05-14",2024-11-21,2024-12-15,4,"quantile",0.25,140643
"921","DE","05-14",2024-11-21,2024-12-15,4,"quantile",0.5,188040.405478756
"922","DE","05-14",2024-11-21,2024-12-15,4,"quantile",0.75,227202
"923","DE","05-14",2024-11-21,2024-12-15,4,"quantile",0.9,275512
"924","DE","05-14",2024-11-21,2024-12-15,4,"quantile",0.975,336822
"925","DE","15-34",2024-11-21,2024-11-24,1,"quantile",0.025,244037
"926","DE","15-34",2024-11-21,2024-11-24,1,"quantile",0.1,294281
"927","DE","15-34",2024-11-21,2024-11-24,1,"quantile",0.25,344891
"928","DE","15-34",2024-11-21,2024-11-24,1,"quantile",0.5,415600.40159044
"929","DE","15-34",2024-11-21,2024-11-24,1,"quantile",0.75,477698
"930","DE","15-34",2024-11-21,2024-11-24,1,"quantile",0.9,547107
"931","DE","15-34",2024-11-21,2024-11-24,1,"quantile",0.975,632088
"932","DE","15-34",2024-11-21,2024-12-01,2,"quantile",0.025,227150
"933","DE","15-34",2024-11-21,2024-12-01,2,"quantile",0.1,281742
"934","DE","15-34",2024-11-21,2024-12-01,2,"quantile",0.25,337724
"935","DE","15-34",2024-11-21,2024-12-01,2,"quantile",0.5,418392.62036597
"936","DE","15-34",2024-11-21,2024-12-01,2,"quantile",0.75,488052
"937","DE","15-34",2024-11-21,2024-12-01,2,"quantile",0.9,568078
"938","DE","15-34",2024-11-21,2024-12-01,2,"quantile",0.975,667074
"939","DE","15-34",2024-11-21,2024-12-08,3,"quantile",0.025,225349
"940","DE","15-34",2024-11-21,2024-12-08,3,"quantile",0.1,286530
"941","DE","15-34",2024-11-21,2024-12-08,3,"quantile",0.25,350264
"942","DE","15-34",2024-11-21,2024-12-08,3,"quantile",0.5,444577.230981946
"943","DE","15-34",2024-11-21,2024-12-08,3,"quantile",0.75,524857
"944","DE","15-34",2024-11-21,2024-12-08,3,"quantile",0.9,619256
"945","DE","15-34",2024-11-21,2024-12-08,3,"quantile",0.975,737036
"946","DE","15-34",2024-11-21,2024-12-15,4,"quantile",0.025,211628
"947","DE","15-34",2024-11-21,2024-12-15,4,"quantile",0.1,278365
"948","DE","15-34",2024-11-21,2024-12-15,4,"quantile",0.25,349403
"949","DE","15-34",2024-11-21,2024-12-15,4,"quantile",0.5,458318.397394362
"950","DE","15-34",2024-11-21,2024-12-15,4,"quantile",0.75,549284
"951","DE","15-34",2024-11-21,2024-12-15,4,"quantile",0.9,659575
"952","DE","15-34",2024-11-21,2024-12-15,4,"quantile",0.975,798700
"953","DE","35-59",2024-11-21,2024-11-24,1,"quantile",0.025,334396
"954","DE","35-59",2024-11-21,2024-11-24,1,"quantile",0.1,399926
"955","DE","35-59",2024-11-21,2024-11-24,1,"quantile",0.25,465590
"956","DE","35-59",2024-11-21,2024-11-24,1,"quantile",0.5,556491.568198743
"957","DE","35-59",2024-11-21,2024-11-24,1,"quantile",0.75,636726
"958","DE","35-59",2024-11-21,2024-11-24,1,"quantile",0.9,725670
"959","DE","35-59",2024-11-21,2024-11-24,1,"quantile",0.975,834228
"960","DE","35-59",2024-11-21,2024-12-01,2,"quantile",0.025,308022
"961","DE","35-59",2024-11-21,2024-12-01,2,"quantile",0.1,381433
"962","DE","35-59",2024-11-21,2024-12-01,2,"quantile",0.25,456636
"963","DE","35-59",2024-11-21,2024-12-01,2,"quantile",0.5,564810.914321993
"964","DE","35-59",2024-11-21,2024-12-01,2,"quantile",0.75,658312
"965","DE","35-59",2024-11-21,2024-12-01,2,"quantile",0.9,765562
"966","DE","35-59",2024-11-21,2024-12-01,2,"quantile",0.975,898160
"967","DE","35-59",2024-11-21,2024-12-08,3,"quantile",0.025,297364
"968","DE","35-59",2024-11-21,2024-12-08,3,"quantile",0.1,382958
"969","DE","35-59",2024-11-21,2024-12-08,3,"quantile",0.25,472853
"970","DE","35-59",2024-11-21,2024-12-08,3,"quantile",0.5,607682.791308968
"971","DE","35-59",2024-11-21,2024-12-08,3,"quantile",0.75,721622
"972","DE","35-59",2024-11-21,2024-12-08,3,"quantile",0.9,857178
"973","DE","35-59",2024-11-21,2024-12-08,3,"quantile",0.975,1027024
"974","DE","35-59",2024-11-21,2024-12-15,4,"quantile",0.025,283636
"975","DE","35-59",2024-11-21,2024-12-15,4,"quantile",0.1,385289
"976","DE","35-59",2024-11-21,2024-12-15,4,"quantile",0.25,495737
"977","DE","35-59",2024-11-21,2024-12-15,4,"quantile",0.5,670723.88276809
"978","DE","35-59",2024-11-21,2024-12-15,4,"quantile",0.75,814353
"979","DE","35-59",2024-11-21,2024-12-15,4,"quantile",0.9,993423
"980","DE","35-59",2024-11-21,2024-12-15,4,"quantile",0.975,1221517
"981","DE","60+",2024-11-21,2024-11-24,1,"quantile",0.025,111632
"982","DE","60+",2024-11-21,2024-11-24,1,"quantile",0.1,130196
"983","DE","60+",2024-11-21,2024-11-24,1,"quantile",0.25,148503
"984","DE","60+",2024-11-21,2024-11-24,1,"quantile",0.5,173135.976242461
"985","DE","60+",2024-11-21,2024-11-24,1,"quantile",0.75,195222
"986","DE","60+",2024-11-21,2024-11-24,1,"quantile",0.9,219085
"987","DE","60+",2024-11-21,2024-11-24,1,"quantile",0.975,247919
"988","DE","60+",2024-11-21,2024-12-01,2,"quantile",0.025,108350
"989","DE","60+",2024-11-21,2024-12-01,2,"quantile",0.1,127327
"990","DE","60+",2024-11-21,2024-12-01,2,"quantile",0.25,146132
"991","DE","60+",2024-11-21,2024-12-01,2,"quantile",0.5,171652.697600722
"992","DE","60+",2024-11-21,2024-12-01,2,"quantile",0.75,194427
"993","DE","60+",2024-11-21,2024-12-01,2,"quantile",0.9,219225
"994","DE","60+",2024-11-21,2024-12-01,2,"quantile",0.975,249284
"995","DE","60+",2024-11-21,2024-12-08,3,"quantile",0.025,104925
"996","DE","60+",2024-11-21,2024-12-08,3,"quantile",0.1,127514
"997","DE","60+",2024-11-21,2024-12-08,3,"quantile",0.25,150380
"998","DE","60+",2024-11-21,2024-12-08,3,"quantile",0.5,182601.436907547
"999","DE","60+",2024-11-21,2024-12-08,3,"quantile",0.75,210766
"1000","DE","60+",2024-11-21,2024-12-08,3,"quantile",0.9,242489
"1001","DE","60+",2024-11-21,2024-12-08,3,"quantile",0.975,281443
"1002","DE","60+",2024-11-21,2024-12-15,4,"quantile",0.025,105317
"1003","DE","60+",2024-11-21,2024-12-15,4,"quantile",0.1,133430
"1004","DE","60+",2024-11-21,2024-12-15,4,"quantile",0.25,162650
"1005","DE","60+",2024-11-21,2024-12-15,4,"quantile",0.5,205724.587423786
"1006","DE","60+",2024-11-21,2024-12-15,4,"quantile",0.75,242465
"1007","DE","60+",2024-11-21,2024-12-15,4,"quantile",0.9,285524
"1008","DE","60+",2024-11-21,2024-12-15,4,"quantile",0.975,339183
"1009","DE","00+",2024-11-28,2024-12-01,1,"quantile",0.025,996293
"1010","DE","00+",2024-11-28,2024-12-01,1,"quantile",0.1,1159838
"1011","DE","00+",2024-11-28,2024-12-01,1,"quantile",0.25,1320940
"1012","DE","00+",2024-11-28,2024-12-01,1,"quantile",0.5,1537248.98984083
"1013","DE","00+",2024-11-28,2024-12-01,1,"quantile",0.75,1731424
"1014","DE","00+",2024-11-28,2024-12-01,1,"quantile",0.9,1940811
"1015","DE","00+",2024-11-28,2024-12-01,1,"quantile",0.975,2193639
"1016","DE","00+",2024-11-28,2024-12-08,2,"quantile",0.025,919080
"1017","DE","00+",2024-11-28,2024-12-08,2,"quantile",0.1,1115626
"1018","DE","00+",2024-11-28,2024-12-08,2,"quantile",0.25,1314435
"1019","DE","00+",2024-11-28,2024-12-08,2,"quantile",0.5,1594232.16233873
"1020","DE","00+",2024-11-28,2024-12-08,2,"quantile",0.75,1838971
"1021","DE","00+",2024-11-28,2024-12-08,2,"quantile",0.9,2114314
"1022","DE","00+",2024-11-28,2024-12-08,2,"quantile",0.975,2452269
"1023","DE","00+",2024-11-28,2024-12-15,3,"quantile",0.025,832966
"1024","DE","00+",2024-11-28,2024-12-15,3,"quantile",0.1,1045016
"1025","DE","00+",2024-11-28,2024-12-15,3,"quantile",0.25,1264046
"1026","DE","00+",2024-11-28,2024-12-15,3,"quantile",0.5,1583568.81191658
"1027","DE","00+",2024-11-28,2024-12-15,3,"quantile",0.75,1857651
"1028","DE","00+",2024-11-28,2024-12-15,3,"quantile",0.9,2175946
"1029","DE","00+",2024-11-28,2024-12-15,3,"quantile",0.975,2571268
"1030","DE","00+",2024-11-28,2024-12-22,4,"quantile",0.025,715688
"1031","DE","00+",2024-11-28,2024-12-22,4,"quantile",0.1,940927
"1032","DE","00+",2024-11-28,2024-12-22,4,"quantile",0.25,1180611
"1033","DE","00+",2024-11-28,2024-12-22,4,"quantile",0.5,1547914.86377371
"1034","DE","00+",2024-11-28,2024-12-22,4,"quantile",0.75,1854763
"1035","DE","00+",2024-11-28,2024-12-22,4,"quantile",0.9,2226646
"1036","DE","00+",2024-11-28,2024-12-22,4,"quantile",0.975,2695683
"1037","DE","00-04",2024-11-28,2024-12-01,1,"quantile",0.025,150681
"1038","DE","00-04",2024-11-28,2024-12-01,1,"quantile",0.1,172897
"1039","DE","00-04",2024-11-28,2024-12-01,1,"quantile",0.25,194581
"1040","DE","00-04",2024-11-28,2024-12-01,1,"quantile",0.5,223212.786190577
"1041","DE","00-04",2024-11-28,2024-12-01,1,"quantile",0.75,249155
"1042","DE","00-04",2024-11-28,2024-12-01,1,"quantile",0.9,276705
"1043","DE","00-04",2024-11-28,2024-12-01,1,"quantile",0.975,309769
"1044","DE","00-04",2024-11-28,2024-12-08,2,"quantile",0.025,148297
"1045","DE","00-04",2024-11-28,2024-12-08,2,"quantile",0.1,173454
"1046","DE","00-04",2024-11-28,2024-12-08,2,"quantile",0.25,198308
"1047","DE","00-04",2024-11-28,2024-12-08,2,"quantile",0.5,231860.262381627
"1048","DE","00-04",2024-11-28,2024-12-08,2,"quantile",0.75,261889
"1049","DE","00-04",2024-11-28,2024-12-08,2,"quantile",0.9,294430
"1050","DE","00-04",2024-11-28,2024-12-08,2,"quantile",0.975,333797
"1051","DE","00-04",2024-11-28,2024-12-15,3,"quantile",0.025,136665
"1052","DE","00-04",2024-11-28,2024-12-15,3,"quantile",0.1,162882
"1053","DE","00-04",2024-11-28,2024-12-15,3,"quantile",0.25,189095
"1054","DE","00-04",2024-11-28,2024-12-15,3,"quantile",0.5,225241.070818573
"1055","DE","00-04",2024-11-28,2024-12-15,3,"quantile",0.75,257214
"1056","DE","00-04",2024-11-28,2024-12-15,3,"quantile",0.9,292534
"1057","DE","00-04",2024-11-28,2024-12-15,3,"quantile",0.975,335585
"1058","DE","00-04",2024-11-28,2024-12-22,4,"quantile",0.025,130011
"1059","DE","00-04",2024-11-28,2024-12-22,4,"quantile",0.1,157837
"1060","DE","00-04",2024-11-28,2024-12-22,4,"quantile",0.25,185986
"1061","DE","00-04",2024-11-28,2024-12-22,4,"quantile",0.5,225608.228171941
"1062","DE","00-04",2024-11-28,2024-12-22,4,"quantile",0.75,260263
"1063","DE","00-04",2024-11-28,2024-12-22,4,"quantile",0.9,299256
"1064","DE","00-04",2024-11-28,2024-12-22,4,"quantile",0.975,347119
"1065","DE","05-14",2024-11-28,2024-12-01,1,"quantile",0.025,101412
"1066","DE","05-14",2024-11-28,2024-12-01,1,"quantile",0.1,127773
"1067","DE","05-14",2024-11-28,2024-12-01,1,"quantile",0.25,155076
"1068","DE","05-14",2024-11-28,2024-12-01,1,"quantile",0.5,195087.307125443
"1069","DE","05-14",2024-11-28,2024-12-01,1,"quantile",0.75,229324
"1070","DE","05-14",2024-11-28,2024-12-01,1,"quantile",0.9,269243
"1071","DE","05-14",2024-11-28,2024-12-01,1,"quantile",0.975,318895
"1072","DE","05-14",2024-11-28,2024-12-08,2,"quantile",0.025,93954
"1073","DE","05-14",2024-11-28,2024-12-08,2,"quantile",0.1,122730
"1074","DE","05-14",2024-11-28,2024-12-08,2,"quantile",0.25,153226
"1075","DE","05-14",2024-11-28,2024-12-08,2,"quantile",0.5,199649.858082295
"1076","DE","05-14",2024-11-28,2024-12-08,2,"quantile",0.75,238571
"1077","DE","05-14",2024-11-28,2024-12-08,2,"quantile",0.9,285471
"1078","DE","05-14",2024-11-28,2024-12-08,2,"quantile",0.975,344505
"1079","DE","05-14",2024-11-28,2024-12-15,3,"quantile",0.025,84662
"1080","DE","05-14",2024-11-28,2024-12-15,3,"quantile",0.1,111814
"1081","DE","05-14",2024-11-28,2024-12-15,3,"quantile",0.25,140791
"1082","DE","05-14",2024-11-28,2024-12-15,3,"quantile",0.5,185405.005387449
"1083","DE","05-14",2024-11-28,2024-12-15,3,"quantile",0.75,222583
"1084","DE","05-14",2024-11-28,2024-12-15,3,"quantile",0.9,267822
"1085","DE","05-14",2024-11-28,2024-12-15,3,"quantile",0.975,324960
"1086","DE","05-14",2024-11-28,2024-12-22,4,"quantile",0.025,78048
"1087","DE","05-14",2024-11-28,2024-12-22,4,"quantile",0.1,104715
"1088","DE","05-14",2024-11-28,2024-12-22,4,"quantile",0.25,133462
"1089","DE","05-14",2024-11-28,2024-12-22,4,"quantile",0.5,178438.727986207
"1090","DE","05-14",2024-11-28,2024-12-22,4,"quantile",0.75,215601
"1091","DE","05-14",2024-11-28,2024-12-22,4,"quantile",0.9,261444
"1092","DE","05-14",2024-11-28,2024-12-22,4,"quantile",0.975,319624
"1093","DE","15-34",2024-11-28,2024-12-01,1,"quantile",0.025,247936
"1094","DE","15-34",2024-11-28,2024-12-01,1,"quantile",0.1,298983
"1095","DE","15-34",2024-11-28,2024-12-01,1,"quantile",0.25,350402
"1096","DE","15-34",2024-11-28,2024-12-01,1,"quantile",0.5,422240.719271553
"1097","DE","15-34",2024-11-28,2024-12-01,1,"quantile",0.75,485330
"1098","DE","15-34",2024-11-28,2024-12-01,1,"quantile",0.9,555848
"1099","DE","15-34",2024-11-28,2024-12-01,1,"quantile",0.975,642187
"1100","DE","15-34",2024-11-28,2024-12-08,2,"quantile",0.025,239037
"1101","DE","15-34",2024-11-28,2024-12-08,2,"quantile",0.1,296486
"1102","DE","15-34",2024-11-28,2024-12-08,2,"quantile",0.25,355398
"1103","DE","15-34",2024-11-28,2024-12-08,2,"quantile",0.5,440287.572406015
"1104","DE","15-34",2024-11-28,2024-12-08,2,"quantile",0.75,513592
"1105","DE","15-34",2024-11-28,2024-12-08,2,"quantile",0.9,597806
"1106","DE","15-34",2024-11-28,2024-12-08,2,"quantile",0.975,701982
"1107","DE","15-34",2024-11-28,2024-12-15,3,"quantile",0.025,217368
"1108","DE","15-34",2024-11-28,2024-12-15,3,"quantile",0.1,276382
"1109","DE","15-34",2024-11-28,2024-12-15,3,"quantile",0.25,337859
"1110","DE","15-34",2024-11-28,2024-12-15,3,"quantile",0.5,428831.690383771
"1111","DE","15-34",2024-11-28,2024-12-15,3,"quantile",0.75,506268
"1112","DE","15-34",2024-11-28,2024-12-15,3,"quantile",0.9,597324
"1113","DE","15-34",2024-11-28,2024-12-15,3,"quantile",0.975,710933
"1114","DE","15-34",2024-11-28,2024-12-22,4,"quantile",0.025,199402
"1115","DE","15-34",2024-11-28,2024-12-22,4,"quantile",0.1,262284
"1116","DE","15-34",2024-11-28,2024-12-22,4,"quantile",0.25,329218
"1117","DE","15-34",2024-11-28,2024-12-22,4,"quantile",0.5,431841.527112791
"1118","DE","15-34",2024-11-28,2024-12-22,4,"quantile",0.75,517552
"1119","DE","15-34",2024-11-28,2024-12-22,4,"quantile",0.9,621471
"1120","DE","15-34",2024-11-28,2024-12-22,4,"quantile",0.975,752560
"1121","DE","35-59",2024-11-28,2024-12-01,1,"quantile",0.025,326148
"1122","DE","35-59",2024-11-28,2024-12-01,1,"quantile",0.1,390063
"1123","DE","35-59",2024-11-28,2024-12-01,1,"quantile",0.25,454108
"1124","DE","35-59",2024-11-28,2024-12-01,1,"quantile",0.5,542766.983057979
"1125","DE","35-59",2024-11-28,2024-12-01,1,"quantile",0.75,621022
"1126","DE","35-59",2024-11-28,2024-12-01,1,"quantile",0.9,707773
"1127","DE","35-59",2024-11-28,2024-12-01,1,"quantile",0.975,813654
"1128","DE","35-59",2024-11-28,2024-12-08,2,"quantile",0.025,311728
"1129","DE","35-59",2024-11-28,2024-12-08,2,"quantile",0.1,386022
"1130","DE","35-59",2024-11-28,2024-12-08,2,"quantile",0.25,462130
"1131","DE","35-59",2024-11-28,2024-12-08,2,"quantile",0.5,571606.737962966
"1132","DE","35-59",2024-11-28,2024-12-08,2,"quantile",0.75,666233
"1133","DE","35-59",2024-11-28,2024-12-08,2,"quantile",0.9,774773
"1134","DE","35-59",2024-11-28,2024-12-08,2,"quantile",0.975,908966
"1135","DE","35-59",2024-11-28,2024-12-15,3,"quantile",0.025,279430
"1136","DE","35-59",2024-11-28,2024-12-15,3,"quantile",0.1,359863
"1137","DE","35-59",2024-11-28,2024-12-15,3,"quantile",0.25,444336
"1138","DE","35-59",2024-11-28,2024-12-15,3,"quantile",0.5,571034.444282608
"1139","DE","35-59",2024-11-28,2024-12-15,3,"quantile",0.75,678102
"1140","DE","35-59",2024-11-28,2024-12-15,3,"quantile",0.9,805483
"1141","DE","35-59",2024-11-28,2024-12-15,3,"quantile",0.975,965086
"1142","DE","35-59",2024-11-28,2024-12-22,4,"quantile",0.025,245691
"1143","DE","35-59",2024-11-28,2024-12-22,4,"quantile",0.1,333745
"1144","DE","35-59",2024-11-28,2024-12-22,4,"quantile",0.25,429417
"1145","DE","35-59",2024-11-28,2024-12-22,4,"quantile",0.5,580994.28812782
"1146","DE","35-59",2024-11-28,2024-12-22,4,"quantile",0.75,705409
"1147","DE","35-59",2024-11-28,2024-12-22,4,"quantile",0.9,860523
"1148","DE","35-59",2024-11-28,2024-12-22,4,"quantile",0.975,1058103
"1149","DE","60+",2024-11-28,2024-12-01,1,"quantile",0.025,109214
"1150","DE","60+",2024-11-28,2024-12-01,1,"quantile",0.1,127375
"1151","DE","60+",2024-11-28,2024-12-01,1,"quantile",0.25,145286
"1152","DE","60+",2024-11-28,2024-12-01,1,"quantile",0.5,169385.061203448
"1153","DE","60+",2024-11-28,2024-12-01,1,"quantile",0.75,190993
"1154","DE","60+",2024-11-28,2024-12-01,1,"quantile",0.9,214338
"1155","DE","60+",2024-11-28,2024-12-01,1,"quantile",0.975,242548
"1156","DE","60+",2024-11-28,2024-12-08,2,"quantile",0.025,111471
"1157","DE","60+",2024-11-28,2024-12-08,2,"quantile",0.1,130994
"1158","DE","60+",2024-11-28,2024-12-08,2,"quantile",0.25,150341
"1159","DE","60+",2024-11-28,2024-12-08,2,"quantile",0.5,176597.341581975
"1160","DE","60+",2024-11-28,2024-12-08,2,"quantile",0.75,200027
"1161","DE","60+",2024-11-28,2024-12-08,2,"quantile",0.9,225540
"1162","DE","60+",2024-11-28,2024-12-08,2,"quantile",0.975,256464
"1163","DE","60+",2024-11-28,2024-12-15,3,"quantile",0.025,101677
"1164","DE","60+",2024-11-28,2024-12-15,3,"quantile",0.1,123567
"1165","DE","60+",2024-11-28,2024-12-15,3,"quantile",0.25,145725
"1166","DE","60+",2024-11-28,2024-12-15,3,"quantile",0.5,176949.332333545
"1167","DE","60+",2024-11-28,2024-12-15,3,"quantile",0.75,204242
"1168","DE","60+",2024-11-28,2024-12-15,3,"quantile",0.9,234983
"1169","DE","60+",2024-11-28,2024-12-15,3,"quantile",0.975,272731
"1170","DE","60+",2024-11-28,2024-12-22,4,"quantile",0.025,92832
"1171","DE","60+",2024-11-28,2024-12-22,4,"quantile",0.1,117612
"1172","DE","60+",2024-11-28,2024-12-22,4,"quantile",0.25,143368
"1173","DE","60+",2024-11-28,2024-12-22,4,"quantile",0.5,181336.196656656
"1174","DE","60+",2024-11-28,2024-12-22,4,"quantile",0.75,213721
"1175","DE","60+",2024-11-28,2024-12-22,4,"quantile",0.9,251676
"1176","DE","60+",2024-11-28,2024-12-22,4,"quantile",0.975,298974
"1177","DE","00+",2024-12-05,2024-12-08,1,"quantile",0.025,942535
"1178","DE","00+",2024-12-05,2024-12-08,1,"quantile",0.1,1097255
"1179","DE","00+",2024-12-05,2024-12-08,1,"quantile",0.25,1249665
"1180","DE","00+",2024-12-05,2024-12-08,1,"quantile",0.5,1454301.73224897
"1181","DE","00+",2024-12-05,2024-12-08,1,"quantile",0.75,1638000
"1182","DE","00+",2024-12-05,2024-12-08,1,"quantile",0.9,1836088
"1183","DE","00+",2024-12-05,2024-12-08,1,"quantile",0.975,2075274
"1184","DE","00+",2024-12-05,2024-12-15,2,"quantile",0.025,946733
"1185","DE","00+",2024-12-05,2024-12-15,2,"quantile",0.1,1149193
"1186","DE","00+",2024-12-05,2024-12-15,2,"quantile",0.25,1353984
"1187","DE","00+",2024-12-05,2024-12-15,2,"quantile",0.5,1642200.05178341
"1188","DE","00+",2024-12-05,2024-12-15,2,"quantile",0.75,1894303
"1189","DE","00+",2024-12-05,2024-12-15,2,"quantile",0.9,2177931
"1190","DE","00+",2024-12-05,2024-12-15,2,"quantile",0.975,2526053
"1191","DE","00+",2024-12-05,2024-12-22,3,"quantile",0.025,858487
"1192","DE","00+",2024-12-05,2024-12-22,3,"quantile",0.1,1077035
"1193","DE","00+",2024-12-05,2024-12-22,3,"quantile",0.25,1302776
"1194","DE","00+",2024-12-05,2024-12-22,3,"quantile",0.5,1632088.71072925
"1195","DE","00+",2024-12-05,2024-12-22,3,"quantile",0.75,1914568
"1196","DE","00+",2024-12-05,2024-12-22,3,"quantile",0.9,2242616
"1197","DE","00+",2024-12-05,2024-12-22,3,"quantile",0.975,2650050
"1198","DE","00+",2024-12-05,2024-12-29,4,"quantile",0.025,777799
"1199","DE","00+",2024-12-05,2024-12-29,4,"quantile",0.1,1022585
"1200","DE","00+",2024-12-05,2024-12-29,4,"quantile",0.25,1283070
"1201","DE","00+",2024-12-05,2024-12-29,4,"quantile",0.5,1682250.04883842
"1202","DE","00+",2024-12-05,2024-12-29,4,"quantile",0.75,2015728
"1203","DE","00+",2024-12-05,2024-12-29,4,"quantile",0.9,2419884
"1204","DE","00+",2024-12-05,2024-12-29,4,"quantile",0.975,2929627
"1205","DE","00-04",2024-12-05,2024-12-08,1,"quantile",0.025,141641
"1206","DE","00-04",2024-12-05,2024-12-08,1,"quantile",0.1,162524
"1207","DE","00-04",2024-12-05,2024-12-08,1,"quantile",0.25,182907
"1208","DE","00-04",2024-12-05,2024-12-08,1,"quantile",0.5,209821.727179827
"1209","DE","00-04",2024-12-05,2024-12-08,1,"quantile",0.75,234208
"1210","DE","00-04",2024-12-05,2024-12-08,1,"quantile",0.9,260105
"1211","DE","00-04",2024-12-05,2024-12-08,1,"quantile",0.975,291186
"1212","DE","00-04",2024-12-05,2024-12-15,2,"quantile",0.025,130152
"1213","DE","00-04",2024-12-05,2024-12-15,2,"quantile",0.1,152231
"1214","DE","00-04",2024-12-05,2024-12-15,2,"quantile",0.25,174045
"1215","DE","00-04",2024-12-05,2024-12-15,2,"quantile",0.5,203491.372801764
"1216","DE","00-04",2024-12-05,2024-12-15,2,"quantile",0.75,229846
"1217","DE","00-04",2024-12-05,2024-12-15,2,"quantile",0.9,258406
"1218","DE","00-04",2024-12-05,2024-12-15,2,"quantile",0.975,292956
"1219","DE","00-04",2024-12-05,2024-12-22,3,"quantile",0.025,127308
"1220","DE","00-04",2024-12-05,2024-12-22,3,"quantile",0.1,151730
"1221","DE","00-04",2024-12-05,2024-12-22,3,"quantile",0.25,176148
"1222","DE","00-04",2024-12-05,2024-12-22,3,"quantile",0.5,209818.919862875
"1223","DE","00-04",2024-12-05,2024-12-22,3,"quantile",0.75,239603
"1224","DE","00-04",2024-12-05,2024-12-22,3,"quantile",0.9,272505
"1225","DE","00-04",2024-12-05,2024-12-22,3,"quantile",0.975,312608
"1226","DE","00-04",2024-12-05,2024-12-29,4,"quantile",0.025,124904
"1227","DE","00-04",2024-12-05,2024-12-29,4,"quantile",0.1,151637
"1228","DE","00-04",2024-12-05,2024-12-29,4,"quantile",0.25,178681
"1229","DE","00-04",2024-12-05,2024-12-29,4,"quantile",0.5,216746.735037601
"1230","DE","00-04",2024-12-05,2024-12-29,4,"quantile",0.75,250040
"1231","DE","00-04",2024-12-05,2024-12-29,4,"quantile",0.9,287502
"1232","DE","00-04",2024-12-05,2024-12-29,4,"quantile",0.975,333485
"1233","DE","05-14",2024-12-05,2024-12-08,1,"quantile",0.025,97070
"1234","DE","05-14",2024-12-05,2024-12-08,1,"quantile",0.1,122303
"1235","DE","05-14",2024-12-05,2024-12-08,1,"quantile",0.25,148437
"1236","DE","05-14",2024-12-05,2024-12-08,1,"quantile",0.5,186735.745238312
"1237","DE","05-14",2024-12-05,2024-12-08,1,"quantile",0.75,219507
"1238","DE","05-14",2024-12-05,2024-12-08,1,"quantile",0.9,257717
"1239","DE","05-14",2024-12-05,2024-12-08,1,"quantile",0.975,305243
"1240","DE","05-14",2024-12-05,2024-12-15,2,"quantile",0.025,81155
"1241","DE","05-14",2024-12-05,2024-12-15,2,"quantile",0.1,106011
"1242","DE","05-14",2024-12-05,2024-12-15,2,"quantile",0.25,132354
"1243","DE","05-14",2024-12-05,2024-12-15,2,"quantile",0.5,172453.597599659
"1244","DE","05-14",2024-12-05,2024-12-15,2,"quantile",0.75,206073
"1245","DE","05-14",2024-12-05,2024-12-15,2,"quantile",0.9,246585
"1246","DE","05-14",2024-12-05,2024-12-15,2,"quantile",0.975,297577
"1247","DE","05-14",2024-12-05,2024-12-22,3,"quantile",0.025,72978
"1248","DE","05-14",2024-12-05,2024-12-22,3,"quantile",0.1,96383
"1249","DE","05-14",2024-12-05,2024-12-22,3,"quantile",0.25,121362
"1250","DE","05-14",2024-12-05,2024-12-22,3,"quantile",0.5,159818.94750908
"1251","DE","05-14",2024-12-05,2024-12-22,3,"quantile",0.75,191867
"1252","DE","05-14",2024-12-05,2024-12-22,3,"quantile",0.9,230862
"1253","DE","05-14",2024-12-05,2024-12-22,3,"quantile",0.975,280115
"1254","DE","05-14",2024-12-05,2024-12-29,4,"quantile",0.025,72757
"1255","DE","05-14",2024-12-05,2024-12-29,4,"quantile",0.1,97617
"1256","DE","05-14",2024-12-05,2024-12-29,4,"quantile",0.25,124414
"1257","DE","05-14",2024-12-05,2024-12-29,4,"quantile",0.5,166342.112025688
"1258","DE","05-14",2024-12-05,2024-12-29,4,"quantile",0.75,200985
"1259","DE","05-14",2024-12-05,2024-12-29,4,"quantile",0.9,243720
"1260","DE","05-14",2024-12-05,2024-12-29,4,"quantile",0.975,297956
"1261","DE","15-34",2024-12-05,2024-12-08,1,"quantile",0.025,242915
"1262","DE","15-34",2024-12-05,2024-12-08,1,"quantile",0.1,292928
"1263","DE","15-34",2024-12-05,2024-12-08,1,"quantile",0.25,343306
"1264","DE","15-34",2024-12-05,2024-12-08,1,"quantile",0.5,413690.114642393
"1265","DE","15-34",2024-12-05,2024-12-08,1,"quantile",0.75,475502
"1266","DE","15-34",2024-12-05,2024-12-08,1,"quantile",0.9,544592
"1267","DE","15-34",2024-12-05,2024-12-08,1,"quantile",0.975,629183
"1268","DE","15-34",2024-12-05,2024-12-15,2,"quantile",0.025,220811
"1269","DE","15-34",2024-12-05,2024-12-15,2,"quantile",0.1,273879
"1270","DE","15-34",2024-12-05,2024-12-15,2,"quantile",0.25,328299
"1271","DE","15-34",2024-12-05,2024-12-15,2,"quantile",0.5,406716.161165743
"1272","DE","15-34",2024-12-05,2024-12-15,2,"quantile",0.75,474431
"1273","DE","15-34",2024-12-05,2024-12-15,2,"quantile",0.9,552224
"1274","DE","15-34",2024-12-05,2024-12-15,2,"quantile",0.975,648457
"1275","DE","15-34",2024-12-05,2024-12-22,3,"quantile",0.025,203199
"1276","DE","15-34",2024-12-05,2024-12-22,3,"quantile",0.1,258366
"1277","DE","15-34",2024-12-05,2024-12-22,3,"quantile",0.25,315836
"1278","DE","15-34",2024-12-05,2024-12-22,3,"quantile",0.5,400879.727249936
"1279","DE","15-34",2024-12-05,2024-12-22,3,"quantile",0.75,473268
"1280","DE","15-34",2024-12-05,2024-12-22,3,"quantile",0.9,558390
"1281","DE","15-34",2024-12-05,2024-12-22,3,"quantile",0.975,664593
"1282","DE","15-34",2024-12-05,2024-12-29,4,"quantile",0.025,194225
"1283","DE","15-34",2024-12-05,2024-12-29,4,"quantile",0.1,255474
"1284","DE","15-34",2024-12-05,2024-12-29,4,"quantile",0.25,320670
"1285","DE","15-34",2024-12-05,2024-12-29,4,"quantile",0.5,420629.697695158
"1286","DE","15-34",2024-12-05,2024-12-29,4,"quantile",0.75,504115
"1287","DE","15-34",2024-12-05,2024-12-29,4,"quantile",0.9,605336
"1288","DE","15-34",2024-12-05,2024-12-29,4,"quantile",0.975,733021
"1289","DE","35-59",2024-12-05,2024-12-08,1,"quantile",0.025,320319
"1290","DE","35-59",2024-12-05,2024-12-08,1,"quantile",0.1,383091
"1291","DE","35-59",2024-12-05,2024-12-08,1,"quantile",0.25,445991
"1292","DE","35-59",2024-12-05,2024-12-08,1,"quantile",0.5,533065.224094916
"1293","DE","35-59",2024-12-05,2024-12-08,1,"quantile",0.75,609922
"1294","DE","35-59",2024-12-05,2024-12-08,1,"quantile",0.9,695122
"1295","DE","35-59",2024-12-05,2024-12-08,1,"quantile",0.975,799110
"1296","DE","35-59",2024-12-05,2024-12-15,2,"quantile",0.025,291173
"1297","DE","35-59",2024-12-05,2024-12-15,2,"quantile",0.1,360569
"1298","DE","35-59",2024-12-05,2024-12-15,2,"quantile",0.25,431658
"1299","DE","35-59",2024-12-05,2024-12-15,2,"quantile",0.5,533916.695676011
"1300","DE","35-59",2024-12-05,2024-12-15,2,"quantile",0.75,622303
"1301","DE","35-59",2024-12-05,2024-12-15,2,"quantile",0.9,723687
"1302","DE","35-59",2024-12-05,2024-12-15,2,"quantile",0.975,849032
"1303","DE","35-59",2024-12-05,2024-12-22,3,"quantile",0.025,265936
"1304","DE","35-59",2024-12-05,2024-12-22,3,"quantile",0.1,342484
"1305","DE","35-59",2024-12-05,2024-12-22,3,"quantile",0.25,422877
"1306","DE","35-59",2024-12-05,2024-12-22,3,"quantile",0.5,543457.223384138
"1307","DE","35-59",2024-12-05,2024-12-22,3,"quantile",0.75,645354
"1308","DE","35-59",2024-12-05,2024-12-22,3,"quantile",0.9,766583
"1309","DE","35-59",2024-12-05,2024-12-22,3,"quantile",0.975,918479
"1310","DE","35-59",2024-12-05,2024-12-29,4,"quantile",0.025,240448
"1311","DE","35-59",2024-12-05,2024-12-29,4,"quantile",0.1,326623
"1312","DE","35-59",2024-12-05,2024-12-29,4,"quantile",0.25,420253
"1313","DE","35-59",2024-12-05,2024-12-29,4,"quantile",0.5,568595.695524422
"1314","DE","35-59",2024-12-05,2024-12-29,4,"quantile",0.75,690355
"1315","DE","35-59",2024-12-05,2024-12-29,4,"quantile",0.9,842159
"1316","DE","35-59",2024-12-05,2024-12-29,4,"quantile",0.975,1035523
"1317","DE","60+",2024-12-05,2024-12-08,1,"quantile",0.025,114369
"1318","DE","60+",2024-12-05,2024-12-08,1,"quantile",0.1,133388
"1319","DE","60+",2024-12-05,2024-12-08,1,"quantile",0.25,152144
"1320","DE","60+",2024-12-05,2024-12-08,1,"quantile",0.5,177380.703780758
"1321","DE","60+",2024-12-05,2024-12-08,1,"quantile",0.75,200009
"1322","DE","60+",2024-12-05,2024-12-08,1,"quantile",0.9,224456
"1323","DE","60+",2024-12-05,2024-12-08,1,"quantile",0.975,253997
"1324","DE","60+",2024-12-05,2024-12-15,2,"quantile",0.025,108139
"1325","DE","60+",2024-12-05,2024-12-15,2,"quantile",0.1,127079
"1326","DE","60+",2024-12-05,2024-12-15,2,"quantile",0.25,145848
"1327","DE","60+",2024-12-05,2024-12-15,2,"quantile",0.5,171319.108588234
"1328","DE","60+",2024-12-05,2024-12-15,2,"quantile",0.75,194049
"1329","DE","60+",2024-12-05,2024-12-15,2,"quantile",0.9,218799
"1330","DE","60+",2024-12-05,2024-12-15,2,"quantile",0.975,248799
"1331","DE","60+",2024-12-05,2024-12-22,3,"quantile",0.025,97172
"1332","DE","60+",2024-12-05,2024-12-22,3,"quantile",0.1,118092
"1333","DE","60+",2024-12-05,2024-12-22,3,"quantile",0.25,139268
"1334","DE","60+",2024-12-05,2024-12-22,3,"quantile",0.5,169108.822833446
"1335","DE","60+",2024-12-05,2024-12-22,3,"quantile",0.75,195192
"1336","DE","60+",2024-12-05,2024-12-22,3,"quantile",0.9,224572
"1337","DE","60+",2024-12-05,2024-12-22,3,"quantile",0.975,260647
"1338","DE","60+",2024-12-05,2024-12-29,4,"quantile",0.025,93548
"1339","DE","60+",2024-12-05,2024-12-29,4,"quantile",0.1,118519
"1340","DE","60+",2024-12-05,2024-12-29,4,"quantile",0.25,144474
"1341","DE","60+",2024-12-05,2024-12-29,4,"quantile",0.5,182734.914771028
"1342","DE","60+",2024-12-05,2024-12-29,4,"quantile",0.75,215370
"1343","DE","60+",2024-12-05,2024-12-29,4,"quantile",0.9,253617
"1344","DE","60+",2024-12-05,2024-12-29,4,"quantile",0.975,301280
"1345","DE","00+",2024-12-12,2024-12-15,1,"quantile",0.025,978552
"1346","DE","00+",2024-12-12,2024-12-15,1,"quantile",0.1,1139184
"1347","DE","00+",2024-12-12,2024-12-15,1,"quantile",0.25,1297418
"1348","DE","00+",2024-12-12,2024-12-15,1,"quantile",0.5,1509875.05592174
"1349","DE","00+",2024-12-12,2024-12-15,1,"quantile",0.75,1700593
"1350","DE","00+",2024-12-12,2024-12-15,1,"quantile",0.9,1906250
"1351","DE","00+",2024-12-12,2024-12-15,1,"quantile",0.975,2154577
"1352","DE","00+",2024-12-12,2024-12-22,2,"quantile",0.025,857354
"1353","DE","00+",2024-12-12,2024-12-22,2,"quantile",0.1,1040700
"1354","DE","00+",2024-12-12,2024-12-22,2,"quantile",0.25,1226157
"1355","DE","00+",2024-12-12,2024-12-22,2,"quantile",0.5,1487162.71820769
"1356","DE","00+",2024-12-12,2024-12-22,2,"quantile",0.75,1715465
"1357","DE","00+",2024-12-12,2024-12-22,2,"quantile",0.9,1972316
"1358","DE","00+",2024-12-12,2024-12-22,2,"quantile",0.975,2287573
"1359","DE","00+",2024-12-12,2024-12-29,3,"quantile",0.025,815520
"1360","DE","00+",2024-12-12,2024-12-29,3,"quantile",0.1,1023129
"1361","DE","00+",2024-12-12,2024-12-29,3,"quantile",0.25,1237573
"1362","DE","00+",2024-12-12,2024-12-29,3,"quantile",0.5,1550403.36529062
"1363","DE","00+",2024-12-12,2024-12-29,3,"quantile",0.75,1818745
"1364","DE","00+",2024-12-12,2024-12-29,3,"quantile",0.9,2130374
"1365","DE","00+",2024-12-12,2024-12-29,3,"quantile",0.975,2517417
"1366","DE","00+",2024-12-12,2025-01-05,4,"quantile",0.025,472468
"1367","DE","00+",2024-12-12,2025-01-05,4,"quantile",0.1,621163
"1368","DE","00+",2024-12-12,2025-01-05,4,"quantile",0.25,779393
"1369","DE","00+",2024-12-12,2025-01-05,4,"quantile",0.5,1021873.21536536
"1370","DE","00+",2024-12-12,2025-01-05,4,"quantile",0.75,1224443
"1371","DE","00+",2024-12-12,2025-01-05,4,"quantile",0.9,1469946
"1372","DE","00+",2024-12-12,2025-01-05,4,"quantile",0.975,1779586
"1373","DE","00-04",2024-12-12,2024-12-15,1,"quantile",0.025,128228
"1374","DE","00-04",2024-12-12,2024-12-15,1,"quantile",0.1,147134
"1375","DE","00-04",2024-12-12,2024-12-15,1,"quantile",0.25,165587
"1376","DE","00-04",2024-12-12,2024-12-15,1,"quantile",0.5,189953.384752402
"1377","DE","00-04",2024-12-12,2024-12-15,1,"quantile",0.75,212031
"1378","DE","00-04",2024-12-12,2024-12-15,1,"quantile",0.9,235476
"1379","DE","00-04",2024-12-12,2024-12-15,1,"quantile",0.975,263614
"1380","DE","00-04",2024-12-12,2024-12-22,2,"quantile",0.025,124484
"1381","DE","00-04",2024-12-12,2024-12-22,2,"quantile",0.1,145602
"1382","DE","00-04",2024-12-12,2024-12-22,2,"quantile",0.25,166466
"1383","DE","00-04",2024-12-12,2024-12-22,2,"quantile",0.5,194630.50372486
"1384","DE","00-04",2024-12-12,2024-12-22,2,"quantile",0.75,219838
"1385","DE","00-04",2024-12-12,2024-12-22,2,"quantile",0.9,247154
"1386","DE","00-04",2024-12-12,2024-12-22,2,"quantile",0.975,280200
"1387","DE","00-04",2024-12-12,2024-12-29,3,"quantile",0.025,118665
"1388","DE","00-04",2024-12-12,2024-12-29,3,"quantile",0.1,141429
"1389","DE","00-04",2024-12-12,2024-12-29,3,"quantile",0.25,164190
"1390","DE","00-04",2024-12-12,2024-12-29,3,"quantile",0.5,195575.268489826
"1391","DE","00-04",2024-12-12,2024-12-29,3,"quantile",0.75,223337
"1392","DE","00-04",2024-12-12,2024-12-29,3,"quantile",0.9,254006
"1393","DE","00-04",2024-12-12,2024-12-29,3,"quantile",0.975,291387
"1394","DE","00-04",2024-12-12,2025-01-05,4,"quantile",0.025,110854
"1395","DE","00-04",2024-12-12,2025-01-05,4,"quantile",0.1,134581
"1396","DE","00-04",2024-12-12,2025-01-05,4,"quantile",0.25,158582
"1397","DE","00-04",2024-12-12,2025-01-05,4,"quantile",0.5,192366.87981488
"1398","DE","00-04",2024-12-12,2025-01-05,4,"quantile",0.75,221916
"1399","DE","00-04",2024-12-12,2025-01-05,4,"quantile",0.9,255164
"1400","DE","00-04",2024-12-12,2025-01-05,4,"quantile",0.975,295975
"1401","DE","05-14",2024-12-12,2024-12-15,1,"quantile",0.025,80072
"1402","DE","05-14",2024-12-12,2024-12-15,1,"quantile",0.1,100887
"1403","DE","05-14",2024-12-12,2024-12-15,1,"quantile",0.25,122445
"1404","DE","05-14",2024-12-12,2024-12-15,1,"quantile",0.5,154037.333817735
"1405","DE","05-14",2024-12-12,2024-12-15,1,"quantile",0.75,181070
"1406","DE","05-14",2024-12-12,2024-12-15,1,"quantile",0.9,212590
"1407","DE","05-14",2024-12-12,2024-12-15,1,"quantile",0.975,251794
"1408","DE","05-14",2024-12-12,2024-12-22,2,"quantile",0.025,66488
"1409","DE","05-14",2024-12-12,2024-12-22,2,"quantile",0.1,86853
"1410","DE","05-14",2024-12-12,2024-12-22,2,"quantile",0.25,108434
"1411","DE","05-14",2024-12-12,2024-12-22,2,"quantile",0.5,141287.504525464
"1412","DE","05-14",2024-12-12,2024-12-22,2,"quantile",0.75,168831
"1413","DE","05-14",2024-12-12,2024-12-22,2,"quantile",0.9,202022
"1414","DE","05-14",2024-12-12,2024-12-22,2,"quantile",0.975,243799
"1415","DE","05-14",2024-12-12,2024-12-29,3,"quantile",0.025,66289
"1416","DE","05-14",2024-12-12,2024-12-29,3,"quantile",0.1,87549
"1417","DE","05-14",2024-12-12,2024-12-29,3,"quantile",0.25,110238
"1418","DE","05-14",2024-12-12,2024-12-29,3,"quantile",0.5,145171.177148562
"1419","DE","05-14",2024-12-12,2024-12-29,3,"quantile",0.75,174282
"1420","DE","05-14",2024-12-12,2024-12-29,3,"quantile",0.9,209704
"1421","DE","05-14",2024-12-12,2024-12-29,3,"quantile",0.975,254443
"1422","DE","05-14",2024-12-12,2025-01-05,4,"quantile",0.025,62981
"1423","DE","05-14",2024-12-12,2025-01-05,4,"quantile",0.1,84500
"1424","DE","05-14",2024-12-12,2025-01-05,4,"quantile",0.25,107697
"1425","DE","05-14",2024-12-12,2025-01-05,4,"quantile",0.5,143991.368956307
"1426","DE","05-14",2024-12-12,2025-01-05,4,"quantile",0.75,173980
"1427","DE","05-14",2024-12-12,2025-01-05,4,"quantile",0.9,210973
"1428","DE","05-14",2024-12-12,2025-01-05,4,"quantile",0.975,257921
"1429","DE","15-34",2024-12-12,2024-12-15,1,"quantile",0.025,213207
"1430","DE","15-34",2024-12-12,2024-12-15,1,"quantile",0.1,257104
"1431","DE","15-34",2024-12-12,2024-12-15,1,"quantile",0.25,301321
"1432","DE","15-34",2024-12-12,2024-12-15,1,"quantile",0.5,363097.353488226
"1433","DE","15-34",2024-12-12,2024-12-15,1,"quantile",0.75,417350
"1434","DE","15-34",2024-12-12,2024-12-15,1,"quantile",0.9,477991
"1435","DE","15-34",2024-12-12,2024-12-15,1,"quantile",0.975,552237
"1436","DE","15-34",2024-12-12,2024-12-22,2,"quantile",0.025,185248
"1437","DE","15-34",2024-12-12,2024-12-22,2,"quantile",0.1,229770
"1438","DE","15-34",2024-12-12,2024-12-22,2,"quantile",0.25,275425
"1439","DE","15-34",2024-12-12,2024-12-22,2,"quantile",0.5,341212.829794533
"1440","DE","15-34",2024-12-12,2024-12-22,2,"quantile",0.75,398022
"1441","DE","15-34",2024-12-12,2024-12-22,2,"quantile",0.9,463286
"1442","DE","15-34",2024-12-12,2024-12-22,2,"quantile",0.975,544021
"1443","DE","15-34",2024-12-12,2024-12-29,3,"quantile",0.025,170813
"1444","DE","15-34",2024-12-12,2024-12-29,3,"quantile",0.1,217187
"1445","DE","15-34",2024-12-12,2024-12-29,3,"quantile",0.25,265498
"1446","DE","15-34",2024-12-12,2024-12-29,3,"quantile",0.5,336986.913155718
"1447","DE","15-34",2024-12-12,2024-12-29,3,"quantile",0.75,397838
"1448","DE","15-34",2024-12-12,2024-12-29,3,"quantile",0.9,469393
"1449","DE","15-34",2024-12-12,2024-12-29,3,"quantile",0.975,558670
"1450","DE","15-34",2024-12-12,2025-01-05,4,"quantile",0.025,154653
"1451","DE","15-34",2024-12-12,2025-01-05,4,"quantile",0.1,203422
"1452","DE","15-34",2024-12-12,2025-01-05,4,"quantile",0.25,255336
"1453","DE","15-34",2024-12-12,2025-01-05,4,"quantile",0.5,334929.249441032
"1454","DE","15-34",2024-12-12,2025-01-05,4,"quantile",0.75,401405
"1455","DE","15-34",2024-12-12,2025-01-05,4,"quantile",0.9,482004
"1456","DE","15-34",2024-12-12,2025-01-05,4,"quantile",0.975,583674
"1457","DE","35-59",2024-12-12,2024-12-15,1,"quantile",0.025,275983
"1458","DE","35-59",2024-12-12,2024-12-15,1,"quantile",0.1,330066
"1459","DE","35-59",2024-12-12,2024-12-15,1,"quantile",0.25,384261
"1460","DE","35-59",2024-12-12,2024-12-15,1,"quantile",0.5,459283.366247103
"1461","DE","35-59",2024-12-12,2024-12-15,1,"quantile",0.75,525502
"1462","DE","35-59",2024-12-12,2024-12-15,1,"quantile",0.9,598910
"1463","DE","35-59",2024-12-12,2024-12-15,1,"quantile",0.975,688506
"1464","DE","35-59",2024-12-12,2024-12-22,2,"quantile",0.025,244357
"1465","DE","35-59",2024-12-12,2024-12-22,2,"quantile",0.1,302595
"1466","DE","35-59",2024-12-12,2024-12-22,2,"quantile",0.25,362255
"1467","DE","35-59",2024-12-12,2024-12-22,2,"quantile",0.5,448071.829502569
"1468","DE","35-59",2024-12-12,2024-12-22,2,"quantile",0.75,522247
"1469","DE","35-59",2024-12-12,2024-12-22,2,"quantile",0.9,607331
"1470","DE","35-59",2024-12-12,2024-12-22,2,"quantile",0.975,712523
"1471","DE","35-59",2024-12-12,2024-12-29,3,"quantile",0.025,212476
"1472","DE","35-59",2024-12-12,2024-12-29,3,"quantile",0.1,273637
"1473","DE","35-59",2024-12-12,2024-12-29,3,"quantile",0.25,337870
"1474","DE","35-59",2024-12-12,2024-12-29,3,"quantile",0.5,434210.426644289
"1475","DE","35-59",2024-12-12,2024-12-29,3,"quantile",0.75,515624
"1476","DE","35-59",2024-12-12,2024-12-29,3,"quantile",0.9,612484
"1477","DE","35-59",2024-12-12,2024-12-29,3,"quantile",0.975,733845
"1478","DE","35-59",2024-12-12,2025-01-05,4,"quantile",0.025,185933
"1479","DE","35-59",2024-12-12,2025-01-05,4,"quantile",0.1,252571
"1480","DE","35-59",2024-12-12,2025-01-05,4,"quantile",0.25,324973
"1481","DE","35-59",2024-12-12,2025-01-05,4,"quantile",0.5,439683.957692842
"1482","DE","35-59",2024-12-12,2025-01-05,4,"quantile",0.75,533839
"1483","DE","35-59",2024-12-12,2025-01-05,4,"quantile",0.9,651226
"1484","DE","35-59",2024-12-12,2025-01-05,4,"quantile",0.975,800750
"1485","DE","60+",2024-12-12,2024-12-15,1,"quantile",0.025,104982
"1486","DE","60+",2024-12-12,2024-12-15,1,"quantile",0.1,122440
"1487","DE","60+",2024-12-12,2024-12-15,1,"quantile",0.25,139657
"1488","DE","60+",2024-12-12,2024-12-15,1,"quantile",0.5,162821.975317273
"1489","DE","60+",2024-12-12,2024-12-15,1,"quantile",0.75,183593
"1490","DE","60+",2024-12-12,2024-12-15,1,"quantile",0.9,206034
"1491","DE","60+",2024-12-12,2024-12-15,1,"quantile",0.975,233150
"1492","DE","60+",2024-12-12,2024-12-22,2,"quantile",0.025,98454
"1493","DE","60+",2024-12-12,2024-12-22,2,"quantile",0.1,115698
"1494","DE","60+",2024-12-12,2024-12-22,2,"quantile",0.25,132786
"1495","DE","60+",2024-12-12,2024-12-22,2,"quantile",0.5,155976.605574957
"1496","DE","60+",2024-12-12,2024-12-22,2,"quantile",0.75,176671
"1497","DE","60+",2024-12-12,2024-12-22,2,"quantile",0.9,199205
"1498","DE","60+",2024-12-12,2024-12-22,2,"quantile",0.975,226518
"1499","DE","60+",2024-12-12,2024-12-29,3,"quantile",0.025,91136
"1500","DE","60+",2024-12-12,2024-12-29,3,"quantile",0.1,110757
"1501","DE","60+",2024-12-12,2024-12-29,3,"quantile",0.25,130618
"1502","DE","60+",2024-12-12,2024-12-29,3,"quantile",0.5,158605.748391381
"1503","DE","60+",2024-12-12,2024-12-29,3,"quantile",0.75,183069
"1504","DE","60+",2024-12-12,2024-12-29,3,"quantile",0.9,210624
"1505","DE","60+",2024-12-12,2024-12-29,3,"quantile",0.975,244459
"1506","DE","60+",2024-12-12,2025-01-05,4,"quantile",0.025,75845
"1507","DE","60+",2024-12-12,2025-01-05,4,"quantile",0.1,96091
"1508","DE","60+",2024-12-12,2025-01-05,4,"quantile",0.25,117134
"1509","DE","60+",2024-12-12,2025-01-05,4,"quantile",0.5,148155.363310614
"1510","DE","60+",2024-12-12,2025-01-05,4,"quantile",0.75,174615
"1511","DE","60+",2024-12-12,2025-01-05,4,"quantile",0.9,205625
"1512","DE","60+",2024-12-12,2025-01-05,4,"quantile",0.975,244268
"1513","DE","00+",2024-12-19,2024-12-22,1,"quantile",0.025,1057461
"1514","DE","00+",2024-12-19,2024-12-22,1,"quantile",0.1,1231046
"1515","DE","00+",2024-12-19,2024-12-22,1,"quantile",0.25,1402040
"1516","DE","00+",2024-12-19,2024-12-22,1,"quantile",0.5,1631628.60078194
"1517","DE","00+",2024-12-19,2024-12-22,1,"quantile",0.75,1837725
"1518","DE","00+",2024-12-19,2024-12-22,1,"quantile",0.9,2059967
"1519","DE","00+",2024-12-19,2024-12-22,1,"quantile",0.975,2328317
"1520","DE","00+",2024-12-19,2024-12-29,2,"quantile",0.025,971163
"1521","DE","00+",2024-12-19,2024-12-29,2,"quantile",0.1,1178848
"1522","DE","00+",2024-12-19,2024-12-29,2,"quantile",0.25,1388923
"1523","DE","00+",2024-12-19,2024-12-29,2,"quantile",0.5,1684576.03578081
"1524","DE","00+",2024-12-19,2024-12-29,2,"quantile",0.75,1943184
"1525","DE","00+",2024-12-19,2024-12-29,2,"quantile",0.9,2234131
"1526","DE","00+",2024-12-19,2024-12-29,2,"quantile",0.975,2591237
"1527","DE","00+",2024-12-19,2025-01-05,3,"quantile",0.025,826422
"1528","DE","00+",2024-12-19,2025-01-05,3,"quantile",0.1,1036807
"1529","DE","00+",2024-12-19,2025-01-05,3,"quantile",0.25,1254116
"1530","DE","00+",2024-12-19,2025-01-05,3,"quantile",0.5,1571129.10754947
"1531","DE","00+",2024-12-19,2025-01-05,3,"quantile",0.75,1843058
"1532","DE","00+",2024-12-19,2025-01-05,3,"quantile",0.9,2158853
"1533","DE","00+",2024-12-19,2025-01-05,3,"quantile",0.975,2551069
"1534","DE","00+",2024-12-19,2025-01-12,4,"quantile",0.025,548970
"1535","DE","00+",2024-12-19,2025-01-12,4,"quantile",0.1,721740
"1536","DE","00+",2024-12-19,2025-01-12,4,"quantile",0.25,905591
"1537","DE","00+",2024-12-19,2025-01-12,4,"quantile",0.5,1187332.39851271
"1538","DE","00+",2024-12-19,2025-01-12,4,"quantile",0.75,1422701
"1539","DE","00+",2024-12-19,2025-01-12,4,"quantile",0.9,1707955
"1540","DE","00+",2024-12-19,2025-01-12,4,"quantile",0.975,2067732
"1541","DE","00-04",2024-12-19,2024-12-22,1,"quantile",0.025,140643
"1542","DE","00-04",2024-12-19,2024-12-22,1,"quantile",0.1,161379
"1543","DE","00-04",2024-12-19,2024-12-22,1,"quantile",0.25,181619
"1544","DE","00-04",2024-12-19,2024-12-22,1,"quantile",0.5,208343.365892056
"1545","DE","00-04",2024-12-19,2024-12-22,1,"quantile",0.75,232558
"1546","DE","00-04",2024-12-19,2024-12-22,1,"quantile",0.9,258272
"1547","DE","00-04",2024-12-19,2024-12-22,1,"quantile",0.975,289134
"1548","DE","00-04",2024-12-19,2024-12-29,2,"quantile",0.025,123976
"1549","DE","00-04",2024-12-19,2024-12-29,2,"quantile",0.1,145008
"1550","DE","00-04",2024-12-19,2024-12-29,2,"quantile",0.25,165787
"1551","DE","00-04",2024-12-19,2024-12-29,2,"quantile",0.5,193836.301128571
"1552","DE","00-04",2024-12-19,2024-12-29,2,"quantile",0.75,218941
"1553","DE","00-04",2024-12-19,2024-12-29,2,"quantile",0.9,246145
"1554","DE","00-04",2024-12-19,2024-12-29,2,"quantile",0.975,279056
"1555","DE","00-04",2024-12-19,2025-01-05,3,"quantile",0.025,116152
"1556","DE","00-04",2024-12-19,2025-01-05,3,"quantile",0.1,138434
"1557","DE","00-04",2024-12-19,2025-01-05,3,"quantile",0.25,160712
"1558","DE","00-04",2024-12-19,2025-01-05,3,"quantile",0.5,191433.165710401
"1559","DE","00-04",2024-12-19,2025-01-05,3,"quantile",0.75,218607
"1560","DE","00-04",2024-12-19,2025-01-05,3,"quantile",0.9,248626
"1561","DE","00-04",2024-12-19,2025-01-05,3,"quantile",0.975,285215
"1562","DE","00-04",2024-12-19,2025-01-12,4,"quantile",0.025,108791
"1563","DE","00-04",2024-12-19,2025-01-12,4,"quantile",0.1,132075
"1564","DE","00-04",2024-12-19,2025-01-12,4,"quantile",0.25,155630
"1565","DE","00-04",2024-12-19,2025-01-12,4,"quantile",0.5,188785.807488626
"1566","DE","00-04",2024-12-19,2025-01-12,4,"quantile",0.75,217785
"1567","DE","00-04",2024-12-19,2025-01-12,4,"quantile",0.9,250414
"1568","DE","00-04",2024-12-19,2025-01-12,4,"quantile",0.975,290465
"1569","DE","05-14",2024-12-19,2024-12-22,1,"quantile",0.025,97601
"1570","DE","05-14",2024-12-19,2024-12-22,1,"quantile",0.1,122972
"1571","DE","05-14",2024-12-19,2024-12-22,1,"quantile",0.25,149249
"1572","DE","05-14",2024-12-19,2024-12-22,1,"quantile",0.5,187757.597919231
"1573","DE","05-14",2024-12-19,2024-12-22,1,"quantile",0.75,220708
"1574","DE","05-14",2024-12-19,2024-12-22,1,"quantile",0.9,259127
"1575","DE","05-14",2024-12-19,2024-12-22,1,"quantile",0.975,306914
"1576","DE","05-14",2024-12-19,2024-12-29,2,"quantile",0.025,71728
"1577","DE","05-14",2024-12-19,2024-12-29,2,"quantile",0.1,93697
"1578","DE","05-14",2024-12-19,2024-12-29,2,"quantile",0.25,116980
"1579","DE","05-14",2024-12-19,2024-12-29,2,"quantile",0.5,152422.126444231
"1580","DE","05-14",2024-12-19,2024-12-29,2,"quantile",0.75,182136
"1581","DE","05-14",2024-12-19,2024-12-29,2,"quantile",0.9,217943
"1582","DE","05-14",2024-12-19,2024-12-29,2,"quantile",0.975,263012
"1583","DE","05-14",2024-12-19,2025-01-05,3,"quantile",0.025,61385
"1584","DE","05-14",2024-12-19,2025-01-05,3,"quantile",0.1,81072
"1585","DE","05-14",2024-12-19,2025-01-05,3,"quantile",0.25,102083
"1586","DE","05-14",2024-12-19,2025-01-05,3,"quantile",0.5,134431.026219431
"1587","DE","05-14",2024-12-19,2025-01-05,3,"quantile",0.75,161388
"1588","DE","05-14",2024-12-19,2025-01-05,3,"quantile",0.9,194189
"1589","DE","05-14",2024-12-19,2025-01-05,3,"quantile",0.975,235618
"1590","DE","05-14",2024-12-19,2025-01-12,4,"quantile",0.025,61104
"1591","DE","05-14",2024-12-19,2025-01-12,4,"quantile",0.1,81982
"1592","DE","05-14",2024-12-19,2025-01-12,4,"quantile",0.25,104488
"1593","DE","05-14",2024-12-19,2025-01-12,4,"quantile",0.5,139701.372202453
"1594","DE","05-14",2024-12-19,2025-01-12,4,"quantile",0.75,168796
"1595","DE","05-14",2024-12-19,2025-01-12,4,"quantile",0.9,204687
"1596","DE","05-14",2024-12-19,2025-01-12,4,"quantile",0.975,250237
"1597","DE","15-34",2024-12-19,2024-12-22,1,"quantile",0.025,222299
"1598","DE","15-34",2024-12-19,2024-12-22,1,"quantile",0.1,268068
"1599","DE","15-34",2024-12-19,2024-12-22,1,"quantile",0.25,314170
"1600","DE","15-34",2024-12-19,2024-12-22,1,"quantile",0.5,378581.031575984
"1601","DE","15-34",2024-12-19,2024-12-22,1,"quantile",0.75,435147
"1602","DE","15-34",2024-12-19,2024-12-22,1,"quantile",0.9,498374
"1603","DE","15-34",2024-12-19,2024-12-22,1,"quantile",0.975,575786
"1604","DE","15-34",2024-12-19,2024-12-29,2,"quantile",0.025,190924
"1605","DE","15-34",2024-12-19,2024-12-29,2,"quantile",0.1,236810
"1606","DE","15-34",2024-12-19,2024-12-29,2,"quantile",0.25,283864
"1607","DE","15-34",2024-12-19,2024-12-29,2,"quantile",0.5,351667.703962693
"1608","DE","15-34",2024-12-19,2024-12-29,2,"quantile",0.75,410218
"1609","DE","15-34",2024-12-19,2024-12-29,2,"quantile",0.9,477481
"1610","DE","15-34",2024-12-19,2024-12-29,2,"quantile",0.975,560690
"1611","DE","15-34",2024-12-19,2025-01-05,3,"quantile",0.025,170537
"1612","DE","15-34",2024-12-19,2025-01-05,3,"quantile",0.1,216837
"1613","DE","15-34",2024-12-19,2025-01-05,3,"quantile",0.25,265069
"1614","DE","15-34",2024-12-19,2025-01-05,3,"quantile",0.5,336442.722001366
"1615","DE","15-34",2024-12-19,2025-01-05,3,"quantile",0.75,397196
"1616","DE","15-34",2024-12-19,2025-01-05,3,"quantile",0.9,468635
"1617","DE","15-34",2024-12-19,2025-01-05,3,"quantile",0.975,557768
"1618","DE","15-34",2024-12-19,2025-01-12,4,"quantile",0.025,157964
"1619","DE","15-34",2024-12-19,2025-01-12,4,"quantile",0.1,207779
"1620","DE","15-34",2024-12-19,2025-01-12,4,"quantile",0.25,260804
"1621","DE","15-34",2024-12-19,2025-01-12,4,"quantile",0.5,342101.509486457
"1622","DE","15-34",2024-12-19,2025-01-12,4,"quantile",0.75,410001
"1623","DE","15-34",2024-12-19,2025-01-12,4,"quantile",0.9,492325
"1624","DE","15-34",2024-12-19,2025-01-12,4,"quantile",0.975,596173
"1625","DE","35-59",2024-12-19,2024-12-22,1,"quantile",0.025,287011
"1626","DE","35-59",2024-12-19,2024-12-22,1,"quantile",0.1,343256
"1627","DE","35-59",2024-12-19,2024-12-22,1,"quantile",0.25,399616
"1628","DE","35-59",2024-12-19,2024-12-22,1,"quantile",0.5,477636.507634928
"1629","DE","35-59",2024-12-19,2024-12-22,1,"quantile",0.75,546502
"1630","DE","35-59",2024-12-19,2024-12-22,1,"quantile",0.9,622843
"1631","DE","35-59",2024-12-19,2024-12-22,1,"quantile",0.975,716018
"1632","DE","35-59",2024-12-19,2024-12-29,2,"quantile",0.025,247649
"1633","DE","35-59",2024-12-19,2024-12-29,2,"quantile",0.1,306672
"1634","DE","35-59",2024-12-19,2024-12-29,2,"quantile",0.25,367135
"1635","DE","35-59",2024-12-19,2024-12-29,2,"quantile",0.5,454108.459990712
"1636","DE","35-59",2024-12-19,2024-12-29,2,"quantile",0.75,529283
"1637","DE","35-59",2024-12-19,2024-12-29,2,"quantile",0.9,615513
"1638","DE","35-59",2024-12-19,2024-12-29,2,"quantile",0.975,722122
"1639","DE","35-59",2024-12-19,2025-01-05,3,"quantile",0.025,216193
"1640","DE","35-59",2024-12-19,2025-01-05,3,"quantile",0.1,278423
"1641","DE","35-59",2024-12-19,2025-01-05,3,"quantile",0.25,343779
"1642","DE","35-59",2024-12-19,2025-01-05,3,"quantile",0.5,441805.34736287
"1643","DE","35-59",2024-12-19,2025-01-05,3,"quantile",0.75,524643
"1644","DE","35-59",2024-12-19,2025-01-05,3,"quantile",0.9,623197
"1645","DE","35-59",2024-12-19,2025-01-05,3,"quantile",0.975,746681
"1646","DE","35-59",2024-12-19,2025-01-12,4,"quantile",0.025,189348
"1647","DE","35-59",2024-12-19,2025-01-12,4,"quantile",0.1,257209
"1648","DE","35-59",2024-12-19,2025-01-12,4,"quantile",0.25,330942
"1649","DE","35-59",2024-12-19,2025-01-12,4,"quantile",0.5,447758.927483505
"1650","DE","35-59",2024-12-19,2025-01-12,4,"quantile",0.75,543643
"1651","DE","35-59",2024-12-19,2025-01-12,4,"quantile",0.9,663186
"1652","DE","35-59",2024-12-19,2025-01-12,4,"quantile",0.975,815456
"1653","DE","60+",2024-12-19,2024-12-22,1,"quantile",0.025,108356
"1654","DE","60+",2024-12-19,2024-12-22,1,"quantile",0.1,126375
"1655","DE","60+",2024-12-19,2024-12-22,1,"quantile",0.25,144145
"1656","DE","60+",2024-12-19,2024-12-22,1,"quantile",0.5,168054.924877284
"1657","DE","60+",2024-12-19,2024-12-22,1,"quantile",0.75,189493
"1658","DE","60+",2024-12-19,2024-12-22,1,"quantile",0.9,212655
"1659","DE","60+",2024-12-19,2024-12-22,1,"quantile",0.975,240643
"1660","DE","60+",2024-12-19,2024-12-29,2,"quantile",0.025,100129
"1661","DE","60+",2024-12-19,2024-12-29,2,"quantile",0.1,117667
"1662","DE","60+",2024-12-19,2024-12-29,2,"quantile",0.25,135045
"1663","DE","60+",2024-12-19,2024-12-29,2,"quantile",0.5,158630.045621263
"1664","DE","60+",2024-12-19,2024-12-29,2,"quantile",0.75,179676
"1665","DE","60+",2024-12-19,2024-12-29,2,"quantile",0.9,202594
"1666","DE","60+",2024-12-19,2024-12-29,2,"quantile",0.975,230372
"1667","DE","60+",2024-12-19,2025-01-05,3,"quantile",0.025,91347
"1668","DE","60+",2024-12-19,2025-01-05,3,"quantile",0.1,111012
"1669","DE","60+",2024-12-19,2025-01-05,3,"quantile",0.25,130919
"1670","DE","60+",2024-12-19,2025-01-05,3,"quantile",0.5,158971.238232767
"1671","DE","60+",2024-12-19,2025-01-05,3,"quantile",0.75,183491
"1672","DE","60+",2024-12-19,2025-01-05,3,"quantile",0.9,211109
"1673","DE","60+",2024-12-19,2025-01-05,3,"quantile",0.975,245022
"1674","DE","60+",2024-12-19,2025-01-12,4,"quantile",0.025,81354
"1675","DE","60+",2024-12-19,2025-01-12,4,"quantile",0.1,103071
"1676","DE","60+",2024-12-19,2025-01-12,4,"quantile",0.25,125643
"1677","DE","60+",2024-12-19,2025-01-12,4,"quantile",0.5,158917.125473509
"1678","DE","60+",2024-12-19,2025-01-12,4,"quantile",0.75,187298
"1679","DE","60+",2024-12-19,2025-01-12,4,"quantile",0.9,220561
"1680","DE","60+",2024-12-19,2025-01-12,4,"quantile",0.975,262011
"1681","DE","00+",2024-12-26,2024-12-29,1,"quantile",0.025,1033059
"1682","DE","00+",2024-12-26,2024-12-29,1,"quantile",0.1,1202639
"1683","DE","00+",2024-12-26,2024-12-29,1,"quantile",0.25,1369687
"1684","DE","00+",2024-12-26,2024-12-29,1,"quantile",0.5,1593977.73133803
"1685","DE","00+",2024-12-26,2024-12-29,1,"quantile",0.75,1795318
"1686","DE","00+",2024-12-26,2024-12-29,1,"quantile",0.9,2012432
"1687","DE","00+",2024-12-26,2024-12-29,1,"quantile",0.975,2274590
"1688","DE","00+",2024-12-26,2025-01-05,2,"quantile",0.025,927156
"1689","DE","00+",2024-12-26,2025-01-05,2,"quantile",0.1,1125429
"1690","DE","00+",2024-12-26,2025-01-05,2,"quantile",0.25,1325986
"1691","DE","00+",2024-12-26,2025-01-05,2,"quantile",0.5,1608241.52878621
"1692","DE","00+",2024-12-26,2025-01-05,2,"quantile",0.75,1855131
"1693","DE","00+",2024-12-26,2025-01-05,2,"quantile",0.9,2132894
"1694","DE","00+",2024-12-26,2025-01-05,2,"quantile",0.975,2473818
"1695","DE","00+",2024-12-26,2025-01-12,3,"quantile",0.025,786657
"1696","DE","00+",2024-12-26,2025-01-12,3,"quantile",0.1,986918
"1697","DE","00+",2024-12-26,2025-01-12,3,"quantile",0.25,1193772
"1698","DE","00+",2024-12-26,2025-01-12,3,"quantile",0.5,1495531.25653621
"1699","DE","00+",2024-12-26,2025-01-12,3,"quantile",0.75,1754376
"1700","DE","00+",2024-12-26,2025-01-12,3,"quantile",0.9,2054975
"1701","DE","00+",2024-12-26,2025-01-12,3,"quantile",0.975,2428320
"1702","DE","00+",2024-12-26,2025-01-19,4,"quantile",0.025,475743
"1703","DE","00+",2024-12-26,2025-01-19,4,"quantile",0.1,625468
"1704","DE","00+",2024-12-26,2025-01-19,4,"quantile",0.25,784795
"1705","DE","00+",2024-12-26,2025-01-19,4,"quantile",0.5,1028956.08827317
"1706","DE","00+",2024-12-26,2025-01-19,4,"quantile",0.75,1232930
"1707","DE","00+",2024-12-26,2025-01-19,4,"quantile",0.9,1480134
"1708","DE","00+",2024-12-26,2025-01-19,4,"quantile",0.975,1791921
"1709","DE","00-04",2024-12-26,2024-12-29,1,"quantile",0.025,137590
"1710","DE","00-04",2024-12-26,2024-12-29,1,"quantile",0.1,157876
"1711","DE","00-04",2024-12-26,2024-12-29,1,"quantile",0.25,177676
"1712","DE","00-04",2024-12-26,2024-12-29,1,"quantile",0.5,203820.740737867
"1713","DE","00-04",2024-12-26,2024-12-29,1,"quantile",0.75,227510
"1714","DE","00-04",2024-12-26,2024-12-29,1,"quantile",0.9,252666
"1715","DE","00-04",2024-12-26,2024-12-29,1,"quantile",0.975,282858
"1716","DE","00-04",2024-12-26,2025-01-05,2,"quantile",0.025,119132
"1717","DE","00-04",2024-12-26,2025-01-05,2,"quantile",0.1,139342
"1718","DE","00-04",2024-12-26,2025-01-05,2,"quantile",0.25,159309
"1719","DE","00-04",2024-12-26,2025-01-05,2,"quantile",0.5,186263.228626042
"1720","DE","00-04",2024-12-26,2025-01-05,2,"quantile",0.75,210387
"1721","DE","00-04",2024-12-26,2025-01-05,2,"quantile",0.9,236528
"1722","DE","00-04",2024-12-26,2025-01-05,2,"quantile",0.975,268154
"1723","DE","00-04",2024-12-26,2025-01-12,3,"quantile",0.025,111827
"1724","DE","00-04",2024-12-26,2025-01-12,3,"quantile",0.1,133280
"1725","DE","00-04",2024-12-26,2025-01-12,3,"quantile",0.25,154728
"1726","DE","00-04",2024-12-26,2025-01-12,3,"quantile",0.5,184305.679122267
"1727","DE","00-04",2024-12-26,2025-01-12,3,"quantile",0.75,210468
"1728","DE","00-04",2024-12-26,2025-01-12,3,"quantile",0.9,239369
"1729","DE","00-04",2024-12-26,2025-01-12,3,"quantile",0.975,274596
"1730","DE","00-04",2024-12-26,2025-01-19,4,"quantile",0.025,101627
"1731","DE","00-04",2024-12-26,2025-01-19,4,"quantile",0.1,123379
"1732","DE","00-04",2024-12-26,2025-01-19,4,"quantile",0.25,145383
"1733","DE","00-04",2024-12-26,2025-01-19,4,"quantile",0.5,176355.227056019
"1734","DE","00-04",2024-12-26,2025-01-19,4,"quantile",0.75,203445
"1735","DE","00-04",2024-12-26,2025-01-19,4,"quantile",0.9,233926
"1736","DE","00-04",2024-12-26,2025-01-19,4,"quantile",0.975,271340
"1737","DE","05-14",2024-12-26,2024-12-29,1,"quantile",0.025,95225
"1738","DE","05-14",2024-12-26,2024-12-29,1,"quantile",0.1,119978
"1739","DE","05-14",2024-12-26,2024-12-29,1,"quantile",0.25,145615
"1740","DE","05-14",2024-12-26,2024-12-29,1,"quantile",0.5,183186.259538466
"1741","DE","05-14",2024-12-26,2024-12-29,1,"quantile",0.75,215335
"1742","DE","05-14",2024-12-26,2024-12-29,1,"quantile",0.9,252818
"1743","DE","05-14",2024-12-26,2024-12-29,1,"quantile",0.975,299441
"1744","DE","05-14",2024-12-26,2025-01-05,2,"quantile",0.025,65718
"1745","DE","05-14",2024-12-26,2025-01-05,2,"quantile",0.1,85847
"1746","DE","05-14",2024-12-26,2025-01-05,2,"quantile",0.25,107179
"1747","DE","05-14",2024-12-26,2025-01-05,2,"quantile",0.5,139652.064761934
"1748","DE","05-14",2024-12-26,2025-01-05,2,"quantile",0.75,166877
"1749","DE","05-14",2024-12-26,2025-01-05,2,"quantile",0.9,199683
"1750","DE","05-14",2024-12-26,2025-01-05,2,"quantile",0.975,240977
"1751","DE","05-14",2024-12-26,2025-01-12,3,"quantile",0.025,57822
"1752","DE","05-14",2024-12-26,2025-01-12,3,"quantile",0.1,76367
"1753","DE","05-14",2024-12-26,2025-01-12,3,"quantile",0.25,96158
"1754","DE","05-14",2024-12-26,2025-01-12,3,"quantile",0.5,126629.263330094
"1755","DE","05-14",2024-12-26,2025-01-12,3,"quantile",0.75,152022
"1756","DE","05-14",2024-12-26,2025-01-12,3,"quantile",0.9,182920
"1757","DE","05-14",2024-12-26,2025-01-12,3,"quantile",0.975,221944
"1758","DE","05-14",2024-12-26,2025-01-19,4,"quantile",0.025,56280
"1759","DE","05-14",2024-12-26,2025-01-19,4,"quantile",0.1,75510
"1760","DE","05-14",2024-12-26,2025-01-19,4,"quantile",0.25,96239
"1761","DE","05-14",2024-12-26,2025-01-19,4,"quantile",0.5,128672.61311709
"1762","DE","05-14",2024-12-26,2025-01-19,4,"quantile",0.75,155471
"1763","DE","05-14",2024-12-26,2025-01-19,4,"quantile",0.9,188528
"1764","DE","05-14",2024-12-26,2025-01-19,4,"quantile",0.975,230482
"1765","DE","15-34",2024-12-26,2024-12-29,1,"quantile",0.025,211376
"1766","DE","15-34",2024-12-26,2024-12-29,1,"quantile",0.1,254895
"1767","DE","15-34",2024-12-26,2024-12-29,1,"quantile",0.25,298732
"1768","DE","15-34",2024-12-26,2024-12-29,1,"quantile",0.5,359977.888220526
"1769","DE","15-34",2024-12-26,2024-12-29,1,"quantile",0.75,413764
"1770","DE","15-34",2024-12-26,2024-12-29,1,"quantile",0.9,473884
"1771","DE","15-34",2024-12-26,2024-12-29,1,"quantile",0.975,547492
"1772","DE","15-34",2024-12-26,2025-01-05,2,"quantile",0.025,177700
"1773","DE","15-34",2024-12-26,2025-01-05,2,"quantile",0.1,220408
"1774","DE","15-34",2024-12-26,2025-01-05,2,"quantile",0.25,264203
"1775","DE","15-34",2024-12-26,2025-01-05,2,"quantile",0.5,327311.002926
"1776","DE","15-34",2024-12-26,2025-01-05,2,"quantile",0.75,381806
"1777","DE","15-34",2024-12-26,2025-01-05,2,"quantile",0.9,444411
"1778","DE","15-34",2024-12-26,2025-01-05,2,"quantile",0.975,521856
"1779","DE","15-34",2024-12-26,2025-01-12,3,"quantile",0.025,159364
"1780","DE","15-34",2024-12-26,2025-01-12,3,"quantile",0.1,202630
"1781","DE","15-34",2024-12-26,2025-01-12,3,"quantile",0.25,247703
"1782","DE","15-34",2024-12-26,2025-01-12,3,"quantile",0.5,314400.548102836
"1783","DE","15-34",2024-12-26,2025-01-12,3,"quantile",0.75,371174
"1784","DE","15-34",2024-12-26,2025-01-12,3,"quantile",0.9,437932
"1785","DE","15-34",2024-12-26,2025-01-12,3,"quantile",0.975,521226
"1786","DE","15-34",2024-12-26,2025-01-19,4,"quantile",0.025,140177
"1787","DE","15-34",2024-12-26,2025-01-19,4,"quantile",0.1,184382
"1788","DE","15-34",2024-12-26,2025-01-19,4,"quantile",0.25,231436
"1789","DE","15-34",2024-12-26,2025-01-19,4,"quantile",0.5,303579.698590205
"1790","DE","15-34",2024-12-26,2025-01-19,4,"quantile",0.75,363833
"1791","DE","15-34",2024-12-26,2025-01-19,4,"quantile",0.9,436888
"1792","DE","15-34",2024-12-26,2025-01-19,4,"quantile",0.975,529042
"1793","DE","35-59",2024-12-26,2024-12-29,1,"quantile",0.025,268733
"1794","DE","35-59",2024-12-26,2024-12-29,1,"quantile",0.1,321396
"1795","DE","35-59",2024-12-26,2024-12-29,1,"quantile",0.25,374167
"1796","DE","35-59",2024-12-26,2024-12-29,1,"quantile",0.5,447218.586633384
"1797","DE","35-59",2024-12-26,2024-12-29,1,"quantile",0.75,511698
"1798","DE","35-59",2024-12-26,2024-12-29,1,"quantile",0.9,583178
"1799","DE","35-59",2024-12-26,2024-12-29,1,"quantile",0.975,670420
"1800","DE","35-59",2024-12-26,2025-01-05,2,"quantile",0.025,228824
"1801","DE","35-59",2024-12-26,2025-01-05,2,"quantile",0.1,283360
"1802","DE","35-59",2024-12-26,2025-01-05,2,"quantile",0.25,339228
"1803","DE","35-59",2024-12-26,2025-01-05,2,"quantile",0.5,419589.580211395
"1804","DE","35-59",2024-12-26,2025-01-05,2,"quantile",0.75,489050
"1805","DE","35-59",2024-12-26,2025-01-05,2,"quantile",0.9,568725
"1806","DE","35-59",2024-12-26,2025-01-05,2,"quantile",0.975,667230
"1807","DE","35-59",2024-12-26,2025-01-12,3,"quantile",0.025,197934
"1808","DE","35-59",2024-12-26,2025-01-12,3,"quantile",0.1,254908
"1809","DE","35-59",2024-12-26,2025-01-12,3,"quantile",0.25,314745
"1810","DE","35-59",2024-12-26,2025-01-12,3,"quantile",0.5,404492.085936069
"1811","DE","35-59",2024-12-26,2025-01-12,3,"quantile",0.75,480334
"1812","DE","35-59",2024-12-26,2025-01-12,3,"quantile",0.9,570564
"1813","DE","35-59",2024-12-26,2025-01-12,3,"quantile",0.975,683619
"1814","DE","35-59",2024-12-26,2025-01-19,4,"quantile",0.025,164989
"1815","DE","35-59",2024-12-26,2025-01-19,4,"quantile",0.1,224120
"1816","DE","35-59",2024-12-26,2025-01-19,4,"quantile",0.25,288368
"1817","DE","35-59",2024-12-26,2025-01-19,4,"quantile",0.5,390157.044703507
"1818","DE","35-59",2024-12-26,2025-01-19,4,"quantile",0.75,473706
"1819","DE","35-59",2024-12-26,2025-01-19,4,"quantile",0.9,577870
"1820","DE","35-59",2024-12-26,2025-01-19,4,"quantile",0.975,710552
"1821","DE","60+",2024-12-26,2024-12-29,1,"quantile",0.025,105682
"1822","DE","60+",2024-12-26,2024-12-29,1,"quantile",0.1,123256
"1823","DE","60+",2024-12-26,2024-12-29,1,"quantile",0.25,140588
"1824","DE","60+",2024-12-26,2024-12-29,1,"quantile",0.5,163907.739955808
"1825","DE","60+",2024-12-26,2024-12-29,1,"quantile",0.75,184817
"1826","DE","60+",2024-12-26,2024-12-29,1,"quantile",0.9,207407
"1827","DE","60+",2024-12-26,2024-12-29,1,"quantile",0.975,234705
"1828","DE","60+",2024-12-26,2025-01-05,2,"quantile",0.025,96464
"1829","DE","60+",2024-12-26,2025-01-05,2,"quantile",0.1,113359
"1830","DE","60+",2024-12-26,2025-01-05,2,"quantile",0.25,130101
"1831","DE","60+",2024-12-26,2025-01-05,2,"quantile",0.5,152823.212316735
"1832","DE","60+",2024-12-26,2025-01-05,2,"quantile",0.75,173099
"1833","DE","60+",2024-12-26,2025-01-05,2,"quantile",0.9,195178
"1834","DE","60+",2024-12-26,2025-01-05,2,"quantile",0.975,221939
"1835","DE","60+",2024-12-26,2025-01-12,3,"quantile",0.025,89732
"1836","DE","60+",2024-12-26,2025-01-12,3,"quantile",0.1,109050
"1837","DE","60+",2024-12-26,2025-01-12,3,"quantile",0.25,128605
"1838","DE","60+",2024-12-26,2025-01-12,3,"quantile",0.5,156161.040805151
"1839","DE","60+",2024-12-26,2025-01-12,3,"quantile",0.75,180248
"1840","DE","60+",2024-12-26,2025-01-12,3,"quantile",0.9,207377
"1841","DE","60+",2024-12-26,2025-01-12,3,"quantile",0.975,240691
"1842","DE","60+",2024-12-26,2025-01-19,4,"quantile",0.025,74280
"1843","DE","60+",2024-12-26,2025-01-19,4,"quantile",0.1,94108
"1844","DE","60+",2024-12-26,2025-01-19,4,"quantile",0.25,114717
"1845","DE","60+",2024-12-26,2025-01-19,4,"quantile",0.5,145097.865172868
"1846","DE","60+",2024-12-26,2025-01-19,4,"quantile",0.75,171011
"1847","DE","60+",2024-12-26,2025-01-19,4,"quantile",0.9,201381
"1848","DE","60+",2024-12-26,2025-01-19,4,"quantile",0.975,239227
"1849","DE","00+",2025-01-02,2025-01-05,1,"quantile",0.025,620847
"1850","DE","00+",2025-01-02,2025-01-05,1,"quantile",0.1,722762
"1851","DE","00+",2025-01-02,2025-01-05,1,"quantile",0.25,823155
"1852","DE","00+",2025-01-02,2025-01-05,1,"quantile",0.5,957950.448840424
"1853","DE","00+",2025-01-02,2025-01-05,1,"quantile",0.75,1078953
"1854","DE","00+",2025-01-02,2025-01-05,1,"quantile",0.9,1209435
"1855","DE","00+",2025-01-02,2025-01-05,1,"quantile",0.975,1366988
"1856","DE","00+",2025-01-02,2025-01-12,2,"quantile",0.025,741164
"1857","DE","00+",2025-01-02,2025-01-12,2,"quantile",0.1,899663
"1858","DE","00+",2025-01-02,2025-01-12,2,"quantile",0.25,1059987
"1859","DE","00+",2025-01-02,2025-01-12,2,"quantile",0.5,1285620.79962814
"1860","DE","00+",2025-01-02,2025-01-12,2,"quantile",0.75,1482983
"1861","DE","00+",2025-01-02,2025-01-12,2,"quantile",0.9,1705026
"1862","DE","00+",2025-01-02,2025-01-12,2,"quantile",0.975,1977560
"1863","DE","00+",2025-01-02,2025-01-19,3,"quantile",0.025,658938
"1864","DE","00+",2025-01-02,2025-01-19,3,"quantile",0.1,826685
"1865","DE","00+",2025-01-02,2025-01-19,3,"quantile",0.25,999955
"1866","DE","00+",2025-01-02,2025-01-19,3,"quantile",0.5,1252721.9386831
"1867","DE","00+",2025-01-02,2025-01-19,3,"quantile",0.75,1469541
"1868","DE","00+",2025-01-02,2025-01-19,3,"quantile",0.9,1721337
"1869","DE","00+",2025-01-02,2025-01-19,3,"quantile",0.975,2034067
"1870","DE","00+",2025-01-02,2025-01-26,4,"quantile",0.025,655263
"1871","DE","00+",2025-01-02,2025-01-26,4,"quantile",0.1,861486
"1872","DE","00+",2025-01-02,2025-01-26,4,"quantile",0.25,1080934
"1873","DE","00+",2025-01-02,2025-01-26,4,"quantile",0.5,1417226.7125771
"1874","DE","00+",2025-01-02,2025-01-26,4,"quantile",0.75,1698168
"1875","DE","00+",2025-01-02,2025-01-26,4,"quantile",0.9,2038654
"1876","DE","00+",2025-01-02,2025-01-26,4,"quantile",0.975,2468091
"1877","DE","00-04",2025-01-02,2025-01-05,1,"quantile",0.025,106793
"1878","DE","00-04",2025-01-02,2025-01-05,1,"quantile",0.1,122539
"1879","DE","00-04",2025-01-02,2025-01-05,1,"quantile",0.25,137908
"1880","DE","00-04",2025-01-02,2025-01-05,1,"quantile",0.5,158201.205192524
"1881","DE","00-04",2025-01-02,2025-01-05,1,"quantile",0.75,176588
"1882","DE","00-04",2025-01-02,2025-01-05,1,"quantile",0.9,196115
"1883","DE","00-04",2025-01-02,2025-01-05,1,"quantile",0.975,219550
"1884","DE","00-04",2025-01-02,2025-01-12,2,"quantile",0.025,114342
"1885","DE","00-04",2025-01-02,2025-01-12,2,"quantile",0.1,133739
"1886","DE","00-04",2025-01-02,2025-01-12,2,"quantile",0.25,152903
"1887","DE","00-04",2025-01-02,2025-01-12,2,"quantile",0.5,178773.451477645
"1888","DE","00-04",2025-01-02,2025-01-12,2,"quantile",0.75,201927
"1889","DE","00-04",2025-01-02,2025-01-12,2,"quantile",0.9,227018
"1890","DE","00-04",2025-01-02,2025-01-12,2,"quantile",0.975,257372
"1891","DE","00-04",2025-01-02,2025-01-19,3,"quantile",0.025,127643
"1892","DE","00-04",2025-01-02,2025-01-19,3,"quantile",0.1,152129
"1893","DE","00-04",2025-01-02,2025-01-19,3,"quantile",0.25,176612
"1894","DE","00-04",2025-01-02,2025-01-19,3,"quantile",0.5,210371.575344043
"1895","DE","00-04",2025-01-02,2025-01-19,3,"quantile",0.75,240234
"1896","DE","00-04",2025-01-02,2025-01-19,3,"quantile",0.9,273222
"1897","DE","00-04",2025-01-02,2025-01-19,3,"quantile",0.975,313431
"1898","DE","00-04",2025-01-02,2025-01-26,4,"quantile",0.025,128574
"1899","DE","00-04",2025-01-02,2025-01-26,4,"quantile",0.1,156093
"1900","DE","00-04",2025-01-02,2025-01-26,4,"quantile",0.25,183931
"1901","DE","00-04",2025-01-02,2025-01-26,4,"quantile",0.5,223114.832368838
"1902","DE","00-04",2025-01-02,2025-01-26,4,"quantile",0.75,257387
"1903","DE","00-04",2025-01-02,2025-01-26,4,"quantile",0.9,295949
"1904","DE","00-04",2025-01-02,2025-01-26,4,"quantile",0.975,343283
"1905","DE","05-14",2025-01-02,2025-01-05,1,"quantile",0.025,45578
"1906","DE","05-14",2025-01-02,2025-01-05,1,"quantile",0.1,57427
"1907","DE","05-14",2025-01-02,2025-01-05,1,"quantile",0.25,69699
"1908","DE","05-14",2025-01-02,2025-01-05,1,"quantile",0.5,87682.7885278322
"1909","DE","05-14",2025-01-02,2025-01-05,1,"quantile",0.75,103071
"1910","DE","05-14",2025-01-02,2025-01-05,1,"quantile",0.9,121014
"1911","DE","05-14",2025-01-02,2025-01-05,1,"quantile",0.975,143331
"1912","DE","05-14",2025-01-02,2025-01-12,2,"quantile",0.025,56552
"1913","DE","05-14",2025-01-02,2025-01-12,2,"quantile",0.1,73874
"1914","DE","05-14",2025-01-02,2025-01-12,2,"quantile",0.25,92231
"1915","DE","05-14",2025-01-02,2025-01-12,2,"quantile",0.5,120174.994846471
"1916","DE","05-14",2025-01-02,2025-01-12,2,"quantile",0.75,143603
"1917","DE","05-14",2025-01-02,2025-01-12,2,"quantile",0.9,171834
"1918","DE","05-14",2025-01-02,2025-01-12,2,"quantile",0.975,207369
"1919","DE","05-14",2025-01-02,2025-01-19,3,"quantile",0.025,66496
"1920","DE","05-14",2025-01-02,2025-01-19,3,"quantile",0.1,87823
"1921","DE","05-14",2025-01-02,2025-01-19,3,"quantile",0.25,110582
"1922","DE","05-14",2025-01-02,2025-01-19,3,"quantile",0.5,145624.212860935
"1923","DE","05-14",2025-01-02,2025-01-19,3,"quantile",0.75,174826
"1924","DE","05-14",2025-01-02,2025-01-19,3,"quantile",0.9,210358
"1925","DE","05-14",2025-01-02,2025-01-19,3,"quantile",0.975,255237
"1926","DE","05-14",2025-01-02,2025-01-26,4,"quantile",0.025,73639
"1927","DE","05-14",2025-01-02,2025-01-26,4,"quantile",0.1,98800
"1928","DE","05-14",2025-01-02,2025-01-26,4,"quantile",0.25,125923
"1929","DE","05-14",2025-01-02,2025-01-26,4,"quantile",0.5,168358.851898281
"1930","DE","05-14",2025-01-02,2025-01-26,4,"quantile",0.75,203422
"1931","DE","05-14",2025-01-02,2025-01-26,4,"quantile",0.9,246675
"1932","DE","05-14",2025-01-02,2025-01-26,4,"quantile",0.975,301568
"1933","DE","15-34",2025-01-02,2025-01-05,1,"quantile",0.025,160243
"1934","DE","15-34",2025-01-02,2025-01-05,1,"quantile",0.1,193235
"1935","DE","15-34",2025-01-02,2025-01-05,1,"quantile",0.25,226468
"1936","DE","15-34",2025-01-02,2025-01-05,1,"quantile",0.5,272898.697548728
"1937","DE","15-34",2025-01-02,2025-01-05,1,"quantile",0.75,313674
"1938","DE","15-34",2025-01-02,2025-01-05,1,"quantile",0.9,359251
"1939","DE","15-34",2025-01-02,2025-01-05,1,"quantile",0.975,415054
"1940","DE","15-34",2025-01-02,2025-01-12,2,"quantile",0.025,173418
"1941","DE","15-34",2025-01-02,2025-01-12,2,"quantile",0.1,215097
"1942","DE","15-34",2025-01-02,2025-01-12,2,"quantile",0.25,257837
"1943","DE","15-34",2025-01-02,2025-01-12,2,"quantile",0.5,319423.822787479
"1944","DE","15-34",2025-01-02,2025-01-12,2,"quantile",0.75,372606
"1945","DE","15-34",2025-01-02,2025-01-12,2,"quantile",0.9,433702
"1946","DE","15-34",2025-01-02,2025-01-12,2,"quantile",0.975,509281
"1947","DE","15-34",2025-01-02,2025-01-19,3,"quantile",0.025,153547
"1948","DE","15-34",2025-01-02,2025-01-19,3,"quantile",0.1,195235
"1949","DE","15-34",2025-01-02,2025-01-19,3,"quantile",0.25,238662
"1950","DE","15-34",2025-01-02,2025-01-19,3,"quantile",0.5,302925.539821589
"1951","DE","15-34",2025-01-02,2025-01-19,3,"quantile",0.75,357626
"1952","DE","15-34",2025-01-02,2025-01-19,3,"quantile",0.9,421949
"1953","DE","15-34",2025-01-02,2025-01-19,3,"quantile",0.975,502202
"1954","DE","15-34",2025-01-02,2025-01-26,4,"quantile",0.025,143744
"1955","DE","15-34",2025-01-02,2025-01-26,4,"quantile",0.1,189074
"1956","DE","15-34",2025-01-02,2025-01-26,4,"quantile",0.25,237325
"1957","DE","15-34",2025-01-02,2025-01-26,4,"quantile",0.5,311304.653537784
"1958","DE","15-34",2025-01-02,2025-01-26,4,"quantile",0.75,373091
"1959","DE","15-34",2025-01-02,2025-01-26,4,"quantile",0.9,448005
"1960","DE","15-34",2025-01-02,2025-01-26,4,"quantile",0.975,542504
"1961","DE","35-59",2025-01-02,2025-01-05,1,"quantile",0.025,214888
"1962","DE","35-59",2025-01-02,2025-01-05,1,"quantile",0.1,257000
"1963","DE","35-59",2025-01-02,2025-01-05,1,"quantile",0.25,299198
"1964","DE","35-59",2025-01-02,2025-01-05,1,"quantile",0.5,357613.228283566
"1965","DE","35-59",2025-01-02,2025-01-05,1,"quantile",0.75,409174
"1966","DE","35-59",2025-01-02,2025-01-05,1,"quantile",0.9,466332
"1967","DE","35-59",2025-01-02,2025-01-05,1,"quantile",0.975,536094
"1968","DE","35-59",2025-01-02,2025-01-12,2,"quantile",0.025,223340
"1969","DE","35-59",2025-01-02,2025-01-12,2,"quantile",0.1,276569
"1970","DE","35-59",2025-01-02,2025-01-12,2,"quantile",0.25,331098
"1971","DE","35-59",2025-01-02,2025-01-12,2,"quantile",0.5,409534.028959822
"1972","DE","35-59",2025-01-02,2025-01-12,2,"quantile",0.75,477330
"1973","DE","35-59",2025-01-02,2025-01-12,2,"quantile",0.9,555096
"1974","DE","35-59",2025-01-02,2025-01-12,2,"quantile",0.975,651240
"1975","DE","35-59",2025-01-02,2025-01-19,3,"quantile",0.025,176451
"1976","DE","35-59",2025-01-02,2025-01-19,3,"quantile",0.1,227241
"1977","DE","35-59",2025-01-02,2025-01-19,3,"quantile",0.25,280584
"1978","DE","35-59",2025-01-02,2025-01-19,3,"quantile",0.5,360590.189508889
"1979","DE","35-59",2025-01-02,2025-01-19,3,"quantile",0.75,428200
"1980","DE","35-59",2025-01-02,2025-01-19,3,"quantile",0.9,508638
"1981","DE","35-59",2025-01-02,2025-01-19,3,"quantile",0.975,609422
"1982","DE","35-59",2025-01-02,2025-01-26,4,"quantile",0.025,160635
"1983","DE","35-59",2025-01-02,2025-01-26,4,"quantile",0.1,218205
"1984","DE","35-59",2025-01-02,2025-01-26,4,"quantile",0.25,280757
"1985","DE","35-59",2025-01-02,2025-01-26,4,"quantile",0.5,379859.80470116
"1986","DE","35-59",2025-01-02,2025-01-26,4,"quantile",0.75,461204
"1987","DE","35-59",2025-01-02,2025-01-26,4,"quantile",0.9,562619
"1988","DE","35-59",2025-01-02,2025-01-26,4,"quantile",0.975,691799
"1989","DE","60+",2025-01-02,2025-01-05,1,"quantile",0.025,102869
"1990","DE","60+",2025-01-02,2025-01-05,1,"quantile",0.1,119976
"1991","DE","60+",2025-01-02,2025-01-05,1,"quantile",0.25,136846
"1992","DE","60+",2025-01-02,2025-01-05,1,"quantile",0.5,159545.562062855
"1993","DE","60+",2025-01-02,2025-01-05,1,"quantile",0.75,179898
"1994","DE","60+",2025-01-02,2025-01-05,1,"quantile",0.9,201888
"1995","DE","60+",2025-01-02,2025-01-05,1,"quantile",0.975,228459
"1996","DE","60+",2025-01-02,2025-01-12,2,"quantile",0.025,115270
"1997","DE","60+",2025-01-02,2025-01-12,2,"quantile",0.1,135459
"1998","DE","60+",2025-01-02,2025-01-12,2,"quantile",0.25,155465
"1999","DE","60+",2025-01-02,2025-01-12,2,"quantile",0.5,182615.708810716
"2000","DE","60+",2025-01-02,2025-01-12,2,"quantile",0.75,206844
"2001","DE","60+",2025-01-02,2025-01-12,2,"quantile",0.9,233227
"2002","DE","60+",2025-01-02,2025-01-12,2,"quantile",0.975,265204
"2003","DE","60+",2025-01-02,2025-01-19,3,"quantile",0.025,85704
"2004","DE","60+",2025-01-02,2025-01-19,3,"quantile",0.1,104156
"2005","DE","60+",2025-01-02,2025-01-19,3,"quantile",0.25,122833
"2006","DE","60+",2025-01-02,2025-01-19,3,"quantile",0.5,149152.65978493
"2007","DE","60+",2025-01-02,2025-01-19,3,"quantile",0.75,172158
"2008","DE","60+",2025-01-02,2025-01-19,3,"quantile",0.9,198071
"2009","DE","60+",2025-01-02,2025-01-19,3,"quantile",0.975,229889
"2010","DE","60+",2025-01-02,2025-01-26,4,"quantile",0.025,72556
"2011","DE","60+",2025-01-02,2025-01-26,4,"quantile",0.1,91925
"2012","DE","60+",2025-01-02,2025-01-26,4,"quantile",0.25,112056
"2013","DE","60+",2025-01-02,2025-01-26,4,"quantile",0.5,141731.853554297
"2014","DE","60+",2025-01-02,2025-01-26,4,"quantile",0.75,167044
"2015","DE","60+",2025-01-02,2025-01-26,4,"quantile",0.9,196710
"2016","DE","60+",2025-01-02,2025-01-26,4,"quantile",0.975,233678
"2017","DE","00+",2025-01-09,2025-01-12,1,"quantile",0.025,691343
"2018","DE","00+",2025-01-09,2025-01-12,1,"quantile",0.1,804829
"2019","DE","00+",2025-01-09,2025-01-12,1,"quantile",0.25,916621
"2020","DE","00+",2025-01-09,2025-01-12,1,"quantile",0.5,1066722.06420811
"2021","DE","00+",2025-01-09,2025-01-12,1,"quantile",0.75,1201464
"2022","DE","00+",2025-01-09,2025-01-12,1,"quantile",0.9,1346761
"2023","DE","00+",2025-01-09,2025-01-12,1,"quantile",0.975,1522203
"2024","DE","00+",2025-01-09,2025-01-19,2,"quantile",0.025,564322
"2025","DE","00+",2025-01-09,2025-01-19,2,"quantile",0.1,685004
"2026","DE","00+",2025-01-09,2025-01-19,2,"quantile",0.25,807075
"2027","DE","00+",2025-01-09,2025-01-19,2,"quantile",0.5,978873.761627188
"2028","DE","00+",2025-01-09,2025-01-19,2,"quantile",0.75,1129146
"2029","DE","00+",2025-01-09,2025-01-19,2,"quantile",0.9,1298210
"2030","DE","00+",2025-01-09,2025-01-19,2,"quantile",0.975,1505718
"2031","DE","00+",2025-01-09,2025-01-26,3,"quantile",0.025,537616
"2032","DE","00+",2025-01-09,2025-01-26,3,"quantile",0.1,674479
"2033","DE","00+",2025-01-09,2025-01-26,3,"quantile",0.25,815847
"2034","DE","00+",2025-01-09,2025-01-26,3,"quantile",0.5,1022075.07734151
"2035","DE","00+",2025-01-09,2025-01-26,3,"quantile",0.75,1198975
"2036","DE","00+",2025-01-09,2025-01-26,3,"quantile",0.9,1404411
"2037","DE","00+",2025-01-09,2025-01-26,3,"quantile",0.975,1659562
"2038","DE","00+",2025-01-09,2025-02-02,4,"quantile",0.025,572601
"2039","DE","00+",2025-01-09,2025-02-02,4,"quantile",0.1,752809
"2040","DE","00+",2025-01-09,2025-02-02,4,"quantile",0.25,944574
"2041","DE","00+",2025-01-09,2025-02-02,4,"quantile",0.5,1238443.63858111
"2042","DE","00+",2025-01-09,2025-02-02,4,"quantile",0.75,1483945
"2043","DE","00+",2025-01-09,2025-02-02,4,"quantile",0.9,1781478
"2044","DE","00+",2025-01-09,2025-02-02,4,"quantile",0.975,2156742
"2045","DE","00-04",2025-01-09,2025-01-12,1,"quantile",0.025,107565
"2046","DE","00-04",2025-01-09,2025-01-12,1,"quantile",0.1,123424
"2047","DE","00-04",2025-01-09,2025-01-12,1,"quantile",0.25,138904
"2048","DE","00-04",2025-01-09,2025-01-12,1,"quantile",0.5,159344.367836412
"2049","DE","00-04",2025-01-09,2025-01-12,1,"quantile",0.75,177864
"2050","DE","00-04",2025-01-09,2025-01-12,1,"quantile",0.9,197532
"2051","DE","00-04",2025-01-09,2025-01-12,1,"quantile",0.975,221136
"2052","DE","00-04",2025-01-09,2025-01-19,2,"quantile",0.025,108979
"2053","DE","00-04",2025-01-09,2025-01-19,2,"quantile",0.1,127467
"2054","DE","00-04",2025-01-09,2025-01-19,2,"quantile",0.25,145733
"2055","DE","00-04",2025-01-09,2025-01-19,2,"quantile",0.5,170389.634692166
"2056","DE","00-04",2025-01-09,2025-01-19,2,"quantile",0.75,192458
"2057","DE","00-04",2025-01-09,2025-01-19,2,"quantile",0.9,216371
"2058","DE","00-04",2025-01-09,2025-01-19,2,"quantile",0.975,245302
"2059","DE","00-04",2025-01-09,2025-01-26,3,"quantile",0.025,101727
"2060","DE","00-04",2025-01-09,2025-01-26,3,"quantile",0.1,121242
"2061","DE","00-04",2025-01-09,2025-01-26,3,"quantile",0.25,140753
"2062","DE","00-04",2025-01-09,2025-01-26,3,"quantile",0.5,167659.288573481
"2063","DE","00-04",2025-01-09,2025-01-26,3,"quantile",0.75,191459
"2064","DE","00-04",2025-01-09,2025-01-26,3,"quantile",0.9,217750
"2065","DE","00-04",2025-01-09,2025-01-26,3,"quantile",0.975,249795
"2066","DE","00-04",2025-01-09,2025-02-02,4,"quantile",0.025,109416
"2067","DE","00-04",2025-01-09,2025-02-02,4,"quantile",0.1,132835
"2068","DE","00-04",2025-01-09,2025-02-02,4,"quantile",0.25,156525
"2069","DE","00-04",2025-01-09,2025-02-02,4,"quantile",0.5,189870.97153906
"2070","DE","00-04",2025-01-09,2025-02-02,4,"quantile",0.75,219036
"2071","DE","00-04",2025-01-09,2025-02-02,4,"quantile",0.9,251853
"2072","DE","00-04",2025-01-09,2025-02-02,4,"quantile",0.975,292135
"2073","DE","05-14",2025-01-09,2025-01-12,1,"quantile",0.025,52912
"2074","DE","05-14",2025-01-09,2025-01-12,1,"quantile",0.1,66667
"2075","DE","05-14",2025-01-09,2025-01-12,1,"quantile",0.25,80914
"2076","DE","05-14",2025-01-09,2025-01-12,1,"quantile",0.5,101791.119208093
"2077","DE","05-14",2025-01-09,2025-01-12,1,"quantile",0.75,119655
"2078","DE","05-14",2025-01-09,2025-01-12,1,"quantile",0.9,140485
"2079","DE","05-14",2025-01-09,2025-01-12,1,"quantile",0.975,166392
"2080","DE","05-14",2025-01-09,2025-01-19,2,"quantile",0.025,53603
"2081","DE","05-14",2025-01-09,2025-01-19,2,"quantile",0.1,70021
"2082","DE","05-14",2025-01-09,2025-01-19,2,"quantile",0.25,87421
"2083","DE","05-14",2025-01-09,2025-01-19,2,"quantile",0.5,113908.119081051
"2084","DE","05-14",2025-01-09,2025-01-19,2,"quantile",0.75,136114
"2085","DE","05-14",2025-01-09,2025-01-19,2,"quantile",0.9,162873
"2086","DE","05-14",2025-01-09,2025-01-19,2,"quantile",0.975,196555
"2087","DE","05-14",2025-01-09,2025-01-26,3,"quantile",0.025,53215
"2088","DE","05-14",2025-01-09,2025-01-26,3,"quantile",0.1,70282
"2089","DE","05-14",2025-01-09,2025-01-26,3,"quantile",0.25,88496
"2090","DE","05-14",2025-01-09,2025-01-26,3,"quantile",0.5,116539.68552058
"2091","DE","05-14",2025-01-09,2025-01-26,3,"quantile",0.75,139909
"2092","DE","05-14",2025-01-09,2025-01-26,3,"quantile",0.9,168345
"2093","DE","05-14",2025-01-09,2025-01-26,3,"quantile",0.975,204261
"2094","DE","05-14",2025-01-09,2025-02-02,4,"quantile",0.025,58918
"2095","DE","05-14",2025-01-09,2025-02-02,4,"quantile",0.1,79049
"2096","DE","05-14",2025-01-09,2025-02-02,4,"quantile",0.25,100750
"2097","DE","05-14",2025-01-09,2025-02-02,4,"quantile",0.5,134703.700214739
"2098","DE","05-14",2025-01-09,2025-02-02,4,"quantile",0.75,162758
"2099","DE","05-14",2025-01-09,2025-02-02,4,"quantile",0.9,197365
"2100","DE","05-14",2025-01-09,2025-02-02,4,"quantile",0.975,241285
"2101","DE","15-34",2025-01-09,2025-01-12,1,"quantile",0.025,157857
"2102","DE","15-34",2025-01-09,2025-01-12,1,"quantile",0.1,190358
"2103","DE","15-34",2025-01-09,2025-01-12,1,"quantile",0.25,223096
"2104","DE","15-34",2025-01-09,2025-01-12,1,"quantile",0.5,268836.009925943
"2105","DE","15-34",2025-01-09,2025-01-12,1,"quantile",0.75,309005
"2106","DE","15-34",2025-01-09,2025-01-12,1,"quantile",0.9,353903
"2107","DE","15-34",2025-01-09,2025-01-12,1,"quantile",0.975,408875
"2108","DE","15-34",2025-01-09,2025-01-19,2,"quantile",0.025,130618
"2109","DE","15-34",2025-01-09,2025-01-19,2,"quantile",0.1,162011
"2110","DE","15-34",2025-01-09,2025-01-19,2,"quantile",0.25,194204
"2111","DE","15-34",2025-01-09,2025-01-19,2,"quantile",0.5,240591.43701892
"2112","DE","15-34",2025-01-09,2025-01-19,2,"quantile",0.75,280648
"2113","DE","15-34",2025-01-09,2025-01-19,2,"quantile",0.9,326667
"2114","DE","15-34",2025-01-09,2025-01-19,2,"quantile",0.975,383594
"2115","DE","15-34",2025-01-09,2025-01-26,3,"quantile",0.025,113369
"2116","DE","15-34",2025-01-09,2025-01-26,3,"quantile",0.1,144149
"2117","DE","15-34",2025-01-09,2025-01-26,3,"quantile",0.25,176213
"2118","DE","15-34",2025-01-09,2025-01-26,3,"quantile",0.5,223661.538318148
"2119","DE","15-34",2025-01-09,2025-01-26,3,"quantile",0.75,264050
"2120","DE","15-34",2025-01-09,2025-01-26,3,"quantile",0.9,311542
"2121","DE","15-34",2025-01-09,2025-01-26,3,"quantile",0.975,370796
"2122","DE","15-34",2025-01-09,2025-02-02,4,"quantile",0.025,120106
"2123","DE","15-34",2025-01-09,2025-02-02,4,"quantile",0.1,157982
"2124","DE","15-34",2025-01-09,2025-02-02,4,"quantile",0.25,198299
"2125","DE","15-34",2025-01-09,2025-02-02,4,"quantile",0.5,260113.719551581
"2126","DE","15-34",2025-01-09,2025-02-02,4,"quantile",0.75,311740
"2127","DE","15-34",2025-01-09,2025-02-02,4,"quantile",0.9,374335
"2128","DE","15-34",2025-01-09,2025-02-02,4,"quantile",0.975,453295
"2129","DE","35-59",2025-01-09,2025-01-12,1,"quantile",0.025,200885
"2130","DE","35-59",2025-01-09,2025-01-12,1,"quantile",0.1,240252
"2131","DE","35-59",2025-01-09,2025-01-12,1,"quantile",0.25,279700
"2132","DE","35-59",2025-01-09,2025-01-12,1,"quantile",0.5,334308.943197053
"2133","DE","35-59",2025-01-09,2025-01-12,1,"quantile",0.75,382510
"2134","DE","35-59",2025-01-09,2025-01-12,1,"quantile",0.9,435943
"2135","DE","35-59",2025-01-09,2025-01-12,1,"quantile",0.975,501159
"2136","DE","35-59",2025-01-09,2025-01-19,2,"quantile",0.025,151849
"2137","DE","35-59",2025-01-09,2025-01-19,2,"quantile",0.1,188041
"2138","DE","35-59",2025-01-09,2025-01-19,2,"quantile",0.25,225115
"2139","DE","35-59",2025-01-09,2025-01-19,2,"quantile",0.5,278444.819389393
"2140","DE","35-59",2025-01-09,2025-01-19,2,"quantile",0.75,324540
"2141","DE","35-59",2025-01-09,2025-01-19,2,"quantile",0.9,377414
"2142","DE","35-59",2025-01-09,2025-01-19,2,"quantile",0.975,442784
"2143","DE","35-59",2025-01-09,2025-01-26,3,"quantile",0.025,128364
"2144","DE","35-59",2025-01-09,2025-01-26,3,"quantile",0.1,165314
"2145","DE","35-59",2025-01-09,2025-01-26,3,"quantile",0.25,204120
"2146","DE","35-59",2025-01-09,2025-01-26,3,"quantile",0.5,262323.498454903
"2147","DE","35-59",2025-01-09,2025-01-26,3,"quantile",0.75,311509
"2148","DE","35-59",2025-01-09,2025-01-26,3,"quantile",0.9,370026
"2149","DE","35-59",2025-01-09,2025-01-26,3,"quantile",0.975,443346
"2150","DE","35-59",2025-01-09,2025-02-02,4,"quantile",0.025,130407
"2151","DE","35-59",2025-01-09,2025-02-02,4,"quantile",0.1,177144
"2152","DE","35-59",2025-01-09,2025-02-02,4,"quantile",0.25,227926
"2153","DE","35-59",2025-01-09,2025-02-02,4,"quantile",0.5,308380.206450723
"2154","DE","35-59",2025-01-09,2025-02-02,4,"quantile",0.75,374418
"2155","DE","35-59",2025-01-09,2025-02-02,4,"quantile",0.9,456749
"2156","DE","35-59",2025-01-09,2025-02-02,4,"quantile",0.975,561621
"2157","DE","60+",2025-01-09,2025-01-12,1,"quantile",0.025,95000
"2158","DE","60+",2025-01-09,2025-01-12,1,"quantile",0.1,110798
"2159","DE","60+",2025-01-09,2025-01-12,1,"quantile",0.25,126379
"2160","DE","60+",2025-01-09,2025-01-12,1,"quantile",0.5,147341.585375034
"2161","DE","60+",2025-01-09,2025-01-12,1,"quantile",0.75,166138
"2162","DE","60+",2025-01-09,2025-01-12,1,"quantile",0.9,186445
"2163","DE","60+",2025-01-09,2025-01-12,1,"quantile",0.975,210984
"2164","DE","60+",2025-01-09,2025-01-19,2,"quantile",0.025,73851
"2165","DE","60+",2025-01-09,2025-01-19,2,"quantile",0.1,86786
"2166","DE","60+",2025-01-09,2025-01-19,2,"quantile",0.25,99604
"2167","DE","60+",2025-01-09,2025-01-19,2,"quantile",0.5,116999.958302692
"2168","DE","60+",2025-01-09,2025-01-19,2,"quantile",0.75,132523
"2169","DE","60+",2025-01-09,2025-01-19,2,"quantile",0.9,149427
"2170","DE","60+",2025-01-09,2025-01-19,2,"quantile",0.975,169916
"2171","DE","60+",2025-01-09,2025-01-26,3,"quantile",0.025,53725
"2172","DE","60+",2025-01-09,2025-01-26,3,"quantile",0.1,65291
"2173","DE","60+",2025-01-09,2025-01-26,3,"quantile",0.25,77000
"2174","DE","60+",2025-01-09,2025-01-26,3,"quantile",0.5,93499.9365552427
"2175","DE","60+",2025-01-09,2025-01-26,3,"quantile",0.75,107922
"2176","DE","60+",2025-01-09,2025-01-26,3,"quantile",0.9,124166
"2177","DE","60+",2025-01-09,2025-01-26,3,"quantile",0.975,144113
"2178","DE","60+",2025-01-09,2025-02-02,4,"quantile",0.025,54083
"2179","DE","60+",2025-01-09,2025-02-02,4,"quantile",0.1,68521
"2180","DE","60+",2025-01-09,2025-02-02,4,"quantile",0.25,83527
"2181","DE","60+",2025-01-09,2025-02-02,4,"quantile",0.5,105647.868640408
"2182","DE","60+",2025-01-09,2025-02-02,4,"quantile",0.75,124516
"2183","DE","60+",2025-01-09,2025-02-02,4,"quantile",0.9,146629
"2184","DE","60+",2025-01-09,2025-02-02,4,"quantile",0.975,174186
"2185","DE","00+",2025-01-16,2025-01-19,1,"quantile",0.025,734898
"2186","DE","00+",2025-01-16,2025-01-19,1,"quantile",0.1,855534
"2187","DE","00+",2025-01-16,2025-01-19,1,"quantile",0.25,974369
"2188","DE","00+",2025-01-16,2025-01-19,1,"quantile",0.5,1133925.45009525
"2189","DE","00+",2025-01-16,2025-01-19,1,"quantile",0.75,1277156
"2190","DE","00+",2025-01-16,2025-01-19,1,"quantile",0.9,1431607
"2191","DE","00+",2025-01-16,2025-01-19,1,"quantile",0.975,1618102
"2192","DE","00+",2025-01-16,2025-01-26,2,"quantile",0.025,741460
"2193","DE","00+",2025-01-16,2025-01-26,2,"quantile",0.1,900022
"2194","DE","00+",2025-01-16,2025-01-26,2,"quantile",0.25,1060410
"2195","DE","00+",2025-01-16,2025-01-26,2,"quantile",0.5,1286134.85582401
"2196","DE","00+",2025-01-16,2025-01-26,2,"quantile",0.75,1483576
"2197","DE","00+",2025-01-16,2025-01-26,2,"quantile",0.9,1705708
"2198","DE","00+",2025-01-16,2025-01-26,2,"quantile",0.975,1978350
"2199","DE","00+",2025-01-16,2025-02-02,3,"quantile",0.025,822694
"2200","DE","00+",2025-01-16,2025-02-02,3,"quantile",0.1,1032130
"2201","DE","00+",2025-01-16,2025-02-02,3,"quantile",0.25,1248459
"2202","DE","00+",2025-01-16,2025-02-02,3,"quantile",0.5,1564041.96730874
"2203","DE","00+",2025-01-16,2025-02-02,3,"quantile",0.75,1834744
"2204","DE","00+",2025-01-16,2025-02-02,3,"quantile",0.9,2149114
"2205","DE","00+",2025-01-16,2025-02-02,3,"quantile",0.975,2539562
"2206","DE","00+",2025-01-16,2025-02-09,4,"quantile",0.025,780335
"2207","DE","00+",2025-01-16,2025-02-09,4,"quantile",0.1,1025920
"2208","DE","00+",2025-01-16,2025-02-09,4,"quantile",0.25,1287254
"2209","DE","00+",2025-01-16,2025-02-09,4,"quantile",0.5,1687735.95422394
"2210","DE","00+",2025-01-16,2025-02-09,4,"quantile",0.75,2022301
"2211","DE","00+",2025-01-16,2025-02-09,4,"quantile",0.9,2427776
"2212","DE","00+",2025-01-16,2025-02-09,4,"quantile",0.975,2939180
"2213","DE","00-04",2025-01-16,2025-01-19,1,"quantile",0.025,128869
"2214","DE","00-04",2025-01-16,2025-01-19,1,"quantile",0.1,147869
"2215","DE","00-04",2025-01-16,2025-01-19,1,"quantile",0.25,166415
"2216","DE","00-04",2025-01-16,2025-01-19,1,"quantile",0.5,190902.117058131
"2217","DE","00-04",2025-01-16,2025-01-19,1,"quantile",0.75,213090
"2218","DE","00-04",2025-01-16,2025-01-19,1,"quantile",0.9,236652
"2219","DE","00-04",2025-01-16,2025-01-19,1,"quantile",0.975,264930
"2220","DE","00-04",2025-01-16,2025-01-26,2,"quantile",0.025,137353
"2221","DE","00-04",2025-01-16,2025-01-26,2,"quantile",0.1,160654
"2222","DE","00-04",2025-01-16,2025-01-26,2,"quantile",0.25,183675
"2223","DE","00-04",2025-01-16,2025-01-26,2,"quantile",0.5,214750.797180474
"2224","DE","00-04",2025-01-16,2025-01-26,2,"quantile",0.75,242564
"2225","DE","00-04",2025-01-16,2025-01-26,2,"quantile",0.9,272703
"2226","DE","00-04",2025-01-16,2025-01-26,2,"quantile",0.975,309165
"2227","DE","00-04",2025-01-16,2025-02-02,3,"quantile",0.025,148920
"2228","DE","00-04",2025-01-16,2025-02-02,3,"quantile",0.1,177488
"2229","DE","00-04",2025-01-16,2025-02-02,3,"quantile",0.25,206051
"2230","DE","00-04",2025-01-16,2025-02-02,3,"quantile",0.5,245438.189946353
"2231","DE","00-04",2025-01-16,2025-02-02,3,"quantile",0.75,280278
"2232","DE","00-04",2025-01-16,2025-02-02,3,"quantile",0.9,318765
"2233","DE","00-04",2025-01-16,2025-02-02,3,"quantile",0.975,365676
"2234","DE","00-04",2025-01-16,2025-02-09,4,"quantile",0.025,136437
"2235","DE","00-04",2025-01-16,2025-02-09,4,"quantile",0.1,165638
"2236","DE","00-04",2025-01-16,2025-02-09,4,"quantile",0.25,195178
"2237","DE","00-04",2025-01-16,2025-02-09,4,"quantile",0.5,236758.72410868
"2238","DE","00-04",2025-01-16,2025-02-09,4,"quantile",0.75,273126
"2239","DE","00-04",2025-01-16,2025-02-09,4,"quantile",0.9,314047
"2240","DE","00-04",2025-01-16,2025-02-09,4,"quantile",0.975,364275
"2241","DE","05-14",2025-01-16,2025-01-19,1,"quantile",0.025,66475
"2242","DE","05-14",2025-01-16,2025-01-19,1,"quantile",0.1,83755
"2243","DE","05-14",2025-01-16,2025-01-19,1,"quantile",0.25,101653
"2244","DE","05-14",2025-01-16,2025-01-19,1,"quantile",0.5,127881.260853362
"2245","DE","05-14",2025-01-16,2025-01-19,1,"quantile",0.75,150324
"2246","DE","05-14",2025-01-16,2025-01-19,1,"quantile",0.9,176492
"2247","DE","05-14",2025-01-16,2025-01-19,1,"quantile",0.975,209039
"2248","DE","05-14",2025-01-16,2025-01-26,2,"quantile",0.025,69093
"2249","DE","05-14",2025-01-16,2025-01-26,2,"quantile",0.1,90256
"2250","DE","05-14",2025-01-16,2025-01-26,2,"quantile",0.25,112683
"2251","DE","05-14",2025-01-16,2025-01-26,2,"quantile",0.5,146823.313685861
"2252","DE","05-14",2025-01-16,2025-01-26,2,"quantile",0.75,175446
"2253","DE","05-14",2025-01-16,2025-01-26,2,"quantile",0.9,209937
"2254","DE","05-14",2025-01-16,2025-01-26,2,"quantile",0.975,253351
"2255","DE","05-14",2025-01-16,2025-02-02,3,"quantile",0.025,84349
"2256","DE","05-14",2025-01-16,2025-02-02,3,"quantile",0.1,111401
"2257","DE","05-14",2025-01-16,2025-02-02,3,"quantile",0.25,140272
"2258","DE","05-14",2025-01-16,2025-02-02,3,"quantile",0.5,184721.104086791
"2259","DE","05-14",2025-01-16,2025-02-02,3,"quantile",0.75,221762
"2260","DE","05-14",2025-01-16,2025-02-02,3,"quantile",0.9,266834
"2261","DE","05-14",2025-01-16,2025-02-02,3,"quantile",0.975,323761
"2262","DE","05-14",2025-01-16,2025-02-09,4,"quantile",0.025,80438
"2263","DE","05-14",2025-01-16,2025-02-09,4,"quantile",0.1,107921
"2264","DE","05-14",2025-01-16,2025-02-09,4,"quantile",0.25,137548
"2265","DE","05-14",2025-01-16,2025-02-09,4,"quantile",0.5,183901.362441269
"2266","DE","05-14",2025-01-16,2025-02-09,4,"quantile",0.75,222201
"2267","DE","05-14",2025-01-16,2025-02-09,4,"quantile",0.9,269448
"2268","DE","05-14",2025-01-16,2025-02-09,4,"quantile",0.975,329408
"2269","DE","15-34",2025-01-16,2025-01-19,1,"quantile",0.025,164069
"2270","DE","15-34",2025-01-16,2025-01-19,1,"quantile",0.1,197849
"2271","DE","15-34",2025-01-16,2025-01-19,1,"quantile",0.25,231875
"2272","DE","15-34",2025-01-16,2025-01-19,1,"quantile",0.5,279414.483417906
"2273","DE","15-34",2025-01-16,2025-01-19,1,"quantile",0.75,321164
"2274","DE","15-34",2025-01-16,2025-01-19,1,"quantile",0.9,367829
"2275","DE","15-34",2025-01-16,2025-01-19,1,"quantile",0.975,424964
"2276","DE","15-34",2025-01-16,2025-01-26,2,"quantile",0.025,155017
"2277","DE","15-34",2025-01-16,2025-01-26,2,"quantile",0.1,192274
"2278","DE","15-34",2025-01-16,2025-01-26,2,"quantile",0.25,230479
"2279","DE","15-34",2025-01-16,2025-01-26,2,"quantile",0.5,285531.460088563
"2280","DE","15-34",2025-01-16,2025-01-26,2,"quantile",0.75,333071
"2281","DE","15-34",2025-01-16,2025-01-26,2,"quantile",0.9,387685
"2282","DE","15-34",2025-01-16,2025-01-26,2,"quantile",0.975,455245
"2283","DE","15-34",2025-01-16,2025-02-02,3,"quantile",0.025,171749
"2284","DE","15-34",2025-01-16,2025-02-02,3,"quantile",0.1,218378
"2285","DE","15-34",2025-01-16,2025-02-02,3,"quantile",0.25,266953
"2286","DE","15-34",2025-01-16,2025-02-02,3,"quantile",0.5,338834.425660507
"2287","DE","15-34",2025-01-16,2025-02-02,3,"quantile",0.75,400020
"2288","DE","15-34",2025-01-16,2025-02-02,3,"quantile",0.9,471967
"2289","DE","15-34",2025-01-16,2025-02-02,3,"quantile",0.975,561733
"2290","DE","15-34",2025-01-16,2025-02-09,4,"quantile",0.025,160013
"2291","DE","15-34",2025-01-16,2025-02-09,4,"quantile",0.1,210474
"2292","DE","15-34",2025-01-16,2025-02-09,4,"quantile",0.25,264186
"2293","DE","15-34",2025-01-16,2025-02-09,4,"quantile",0.5,346538.794271183
"2294","DE","15-34",2025-01-16,2025-02-09,4,"quantile",0.75,415319
"2295","DE","15-34",2025-01-16,2025-02-09,4,"quantile",0.9,498711
"2296","DE","15-34",2025-01-16,2025-02-09,4,"quantile",0.975,603905
"2297","DE","35-59",2025-01-16,2025-01-19,1,"quantile",0.025,203478
"2298","DE","35-59",2025-01-16,2025-01-19,1,"quantile",0.1,243353
"2299","DE","35-59",2025-01-16,2025-01-19,1,"quantile",0.25,283310
"2300","DE","35-59",2025-01-16,2025-01-19,1,"quantile",0.5,338624.190646038
"2301","DE","35-59",2025-01-16,2025-01-19,1,"quantile",0.75,387447
"2302","DE","35-59",2025-01-16,2025-01-19,1,"quantile",0.9,441570
"2303","DE","35-59",2025-01-16,2025-01-19,1,"quantile",0.975,507628
"2304","DE","35-59",2025-01-16,2025-01-26,2,"quantile",0.025,189211
"2305","DE","35-59",2025-01-16,2025-01-26,2,"quantile",0.1,234306
"2306","DE","35-59",2025-01-16,2025-01-26,2,"quantile",0.25,280502
"2307","DE","35-59",2025-01-16,2025-01-26,2,"quantile",0.5,346952.432045555
"2308","DE","35-59",2025-01-16,2025-01-26,2,"quantile",0.75,404389
"2309","DE","35-59",2025-01-16,2025-01-26,2,"quantile",0.9,470271
"2310","DE","35-59",2025-01-16,2025-01-26,2,"quantile",0.975,551724
"2311","DE","35-59",2025-01-16,2025-02-02,3,"quantile",0.025,210847
"2312","DE","35-59",2025-01-16,2025-02-02,3,"quantile",0.1,271538
"2313","DE","35-59",2025-01-16,2025-02-02,3,"quantile",0.25,335279
"2314","DE","35-59",2025-01-16,2025-02-02,3,"quantile",0.5,430881.256521801
"2315","DE","35-59",2025-01-16,2025-02-02,3,"quantile",0.75,511671
"2316","DE","35-59",2025-01-16,2025-02-02,3,"quantile",0.9,607788
"2317","DE","35-59",2025-01-16,2025-02-02,3,"quantile",0.975,728219
"2318","DE","35-59",2025-01-16,2025-02-09,4,"quantile",0.025,187399
"2319","DE","35-59",2025-01-16,2025-02-09,4,"quantile",0.1,254562
"2320","DE","35-59",2025-01-16,2025-02-09,4,"quantile",0.25,327535
"2321","DE","35-59",2025-01-16,2025-02-09,4,"quantile",0.5,443150.081147937
"2322","DE","35-59",2025-01-16,2025-02-09,4,"quantile",0.75,538047
"2323","DE","35-59",2025-01-16,2025-02-09,4,"quantile",0.9,656359
"2324","DE","35-59",2025-01-16,2025-02-09,4,"quantile",0.975,807063
"2325","DE","60+",2025-01-16,2025-01-19,1,"quantile",0.025,89448
"2326","DE","60+",2025-01-16,2025-01-19,1,"quantile",0.1,104323
"2327","DE","60+",2025-01-16,2025-01-19,1,"quantile",0.25,118993
"2328","DE","60+",2025-01-16,2025-01-19,1,"quantile",0.5,138731.101827662
"2329","DE","60+",2025-01-16,2025-01-19,1,"quantile",0.75,156429
"2330","DE","60+",2025-01-16,2025-01-19,1,"quantile",0.9,175550
"2331","DE","60+",2025-01-16,2025-01-19,1,"quantile",0.975,198655
"2332","DE","60+",2025-01-16,2025-01-26,2,"quantile",0.025,78389
"2333","DE","60+",2025-01-16,2025-01-26,2,"quantile",0.1,92119
"2334","DE","60+",2025-01-16,2025-01-26,2,"quantile",0.25,105725
"2335","DE","60+",2025-01-16,2025-01-26,2,"quantile",0.5,124189.796081377
"2336","DE","60+",2025-01-16,2025-01-26,2,"quantile",0.75,140667
"2337","DE","60+",2025-01-16,2025-01-26,2,"quantile",0.9,158609
"2338","DE","60+",2025-01-16,2025-01-26,2,"quantile",0.975,180357
"2339","DE","60+",2025-01-16,2025-02-02,3,"quantile",0.025,81236
"2340","DE","60+",2025-01-16,2025-02-02,3,"quantile",0.1,98725
"2341","DE","60+",2025-01-16,2025-02-02,3,"quantile",0.25,116428
"2342","DE","60+",2025-01-16,2025-02-02,3,"quantile",0.5,141375.874133603
"2343","DE","60+",2025-01-16,2025-02-02,3,"quantile",0.75,163182
"2344","DE","60+",2025-01-16,2025-02-02,3,"quantile",0.9,187743
"2345","DE","60+",2025-01-16,2025-02-02,3,"quantile",0.975,217903
"2346","DE","60+",2025-01-16,2025-02-09,4,"quantile",0.025,77701
"2347","DE","60+",2025-01-16,2025-02-09,4,"quantile",0.1,98442
"2348","DE","60+",2025-01-16,2025-02-09,4,"quantile",0.25,120001
"2349","DE","60+",2025-01-16,2025-02-09,4,"quantile",0.5,151780.471431224
"2350","DE","60+",2025-01-16,2025-02-09,4,"quantile",0.75,178887
"2351","DE","60+",2025-01-16,2025-02-09,4,"quantile",0.9,210656
"2352","DE","60+",2025-01-16,2025-02-09,4,"quantile",0.975,250245
"2353","DE","00+",2025-01-23,2025-01-26,1,"quantile",0.025,841125
"2354","DE","00+",2025-01-23,2025-01-26,1,"quantile",0.1,979198
"2355","DE","00+",2025-01-23,2025-01-26,1,"quantile",0.25,1115210
"2356","DE","00+",2025-01-23,2025-01-26,1,"quantile",0.5,1297830.47860179
"2357","DE","00+",2025-01-23,2025-01-26,1,"quantile",0.75,1461764
"2358","DE","00+",2025-01-23,2025-01-26,1,"quantile",0.9,1638540
"2359","DE","00+",2025-01-23,2025-01-26,1,"quantile",0.975,1851992
"2360","DE","00+",2025-01-23,2025-02-02,2,"quantile",0.025,909048
"2361","DE","00+",2025-01-23,2025-02-02,2,"quantile",0.1,1103449
"2362","DE","00+",2025-01-23,2025-02-02,2,"quantile",0.25,1300088
"2363","DE","00+",2025-01-23,2025-02-02,2,"quantile",0.5,1576831.36046132
"2364","DE","00+",2025-01-23,2025-02-02,2,"quantile",0.75,1818899
"2365","DE","00+",2025-01-23,2025-02-02,2,"quantile",0.9,2091237
"2366","DE","00+",2025-01-23,2025-02-02,2,"quantile",0.975,2425503
"2367","DE","00+",2025-01-23,2025-02-09,3,"quantile",0.025,892797
"2368","DE","00+",2025-01-23,2025-02-09,3,"quantile",0.1,1120079
"2369","DE","00+",2025-01-23,2025-02-09,3,"quantile",0.25,1354842
"2370","DE","00+",2025-01-23,2025-02-09,3,"quantile",0.5,1697315.82356582
"2371","DE","00+",2025-01-23,2025-02-09,3,"quantile",0.75,1991085
"2372","DE","00+",2025-01-23,2025-02-09,3,"quantile",0.9,2332243
"2373","DE","00+",2025-01-23,2025-02-09,3,"quantile",0.975,2755961
"2374","DE","00+",2025-01-23,2025-02-16,4,"quantile",0.025,839555
"2375","DE","00+",2025-01-23,2025-02-16,4,"quantile",0.1,1103777
"2376","DE","00+",2025-01-23,2025-02-16,4,"quantile",0.25,1384945
"2377","DE","00+",2025-01-23,2025-02-16,4,"quantile",0.5,1815819.36095932
"2378","DE","00+",2025-01-23,2025-02-16,4,"quantile",0.75,2175775
"2379","DE","00+",2025-01-23,2025-02-16,4,"quantile",0.9,2612021
"2380","DE","00+",2025-01-23,2025-02-16,4,"quantile",0.975,3162236
"2381","DE","00-04",2025-01-23,2025-01-26,1,"quantile",0.025,167772
"2382","DE","00-04",2025-01-23,2025-01-26,1,"quantile",0.1,192507
"2383","DE","00-04",2025-01-23,2025-01-26,1,"quantile",0.25,216651
"2384","DE","00-04",2025-01-23,2025-01-26,1,"quantile",0.5,248530.365809262
"2385","DE","00-04",2025-01-23,2025-01-26,1,"quantile",0.75,277415
"2386","DE","00-04",2025-01-23,2025-01-26,1,"quantile",0.9,308089
"2387","DE","00-04",2025-01-23,2025-01-26,1,"quantile",0.975,344904
"2388","DE","00-04",2025-01-23,2025-02-02,2,"quantile",0.025,182085
"2389","DE","00-04",2025-01-23,2025-02-02,2,"quantile",0.1,212973
"2390","DE","00-04",2025-01-23,2025-02-02,2,"quantile",0.25,243490
"2391","DE","00-04",2025-01-23,2025-02-02,2,"quantile",0.5,284685.530675993
"2392","DE","00-04",2025-01-23,2025-02-02,2,"quantile",0.75,321556
"2393","DE","00-04",2025-01-23,2025-02-02,2,"quantile",0.9,361509
"2394","DE","00-04",2025-01-23,2025-02-02,2,"quantile",0.975,409845
"2395","DE","00-04",2025-01-23,2025-02-09,3,"quantile",0.025,175384
"2396","DE","00-04",2025-01-23,2025-02-09,3,"quantile",0.1,209027
"2397","DE","00-04",2025-01-23,2025-02-09,3,"quantile",0.25,242666
"2398","DE","00-04",2025-01-23,2025-02-09,3,"quantile",0.5,289051.361808413
"2399","DE","00-04",2025-01-23,2025-02-09,3,"quantile",0.75,330082
"2400","DE","00-04",2025-01-23,2025-02-09,3,"quantile",0.9,375407
"2401","DE","00-04",2025-01-23,2025-02-09,3,"quantile",0.975,430654
"2402","DE","00-04",2025-01-23,2025-02-16,4,"quantile",0.025,160787
"2403","DE","00-04",2025-01-23,2025-02-16,4,"quantile",0.1,195200
"2404","DE","00-04",2025-01-23,2025-02-16,4,"quantile",0.25,230013
"2405","DE","00-04",2025-01-23,2025-02-16,4,"quantile",0.5,279013.573591972
"2406","DE","00-04",2025-01-23,2025-02-16,4,"quantile",0.75,321871
"2407","DE","00-04",2025-01-23,2025-02-16,4,"quantile",0.9,370095
"2408","DE","00-04",2025-01-23,2025-02-16,4,"quantile",0.975,429287
"2409","DE","05-14",2025-01-23,2025-01-26,1,"quantile",0.025,91062
"2410","DE","05-14",2025-01-23,2025-01-26,1,"quantile",0.1,114733
"2411","DE","05-14",2025-01-23,2025-01-26,1,"quantile",0.25,139250
"2412","DE","05-14",2025-01-23,2025-01-26,1,"quantile",0.5,175178.330830453
"2413","DE","05-14",2025-01-23,2025-01-26,1,"quantile",0.75,205921
"2414","DE","05-14",2025-01-23,2025-01-26,1,"quantile",0.9,241767
"2415","DE","05-14",2025-01-23,2025-01-26,1,"quantile",0.975,286351
"2416","DE","05-14",2025-01-23,2025-02-02,2,"quantile",0.025,104110
"2417","DE","05-14",2025-01-23,2025-02-02,2,"quantile",0.1,135997
"2418","DE","05-14",2025-01-23,2025-02-02,2,"quantile",0.25,169790
"2419","DE","05-14",2025-01-23,2025-02-02,2,"quantile",0.5,221231.99104382
"2420","DE","05-14",2025-01-23,2025-02-02,2,"quantile",0.75,264360
"2421","DE","05-14",2025-01-23,2025-02-02,2,"quantile",0.9,316330
"2422","DE","05-14",2025-01-23,2025-02-02,2,"quantile",0.975,381745
"2423","DE","05-14",2025-01-23,2025-02-09,3,"quantile",0.025,106221
"2424","DE","05-14",2025-01-23,2025-02-09,3,"quantile",0.1,140287
"2425","DE","05-14",2025-01-23,2025-02-09,3,"quantile",0.25,176643
"2426","DE","05-14",2025-01-23,2025-02-09,3,"quantile",0.5,232617.676376566
"2427","DE","05-14",2025-01-23,2025-02-09,3,"quantile",0.75,279263
"2428","DE","05-14",2025-01-23,2025-02-09,3,"quantile",0.9,336021
"2429","DE","05-14",2025-01-23,2025-02-09,3,"quantile",0.975,407709
"2430","DE","05-14",2025-01-23,2025-02-16,4,"quantile",0.025,97084
"2431","DE","05-14",2025-01-23,2025-02-16,4,"quantile",0.1,130255
"2432","DE","05-14",2025-01-23,2025-02-16,4,"quantile",0.25,166013
"2433","DE","05-14",2025-01-23,2025-02-16,4,"quantile",0.5,221958.95056684
"2434","DE","05-14",2025-01-23,2025-02-16,4,"quantile",0.75,268184
"2435","DE","05-14",2025-01-23,2025-02-16,4,"quantile",0.9,325208
"2436","DE","05-14",2025-01-23,2025-02-16,4,"quantile",0.975,397577
"2437","DE","15-34",2025-01-23,2025-01-26,1,"quantile",0.025,190193
"2438","DE","15-34",2025-01-23,2025-01-26,1,"quantile",0.1,229351
"2439","DE","15-34",2025-01-23,2025-01-26,1,"quantile",0.25,268795
"2440","DE","15-34",2025-01-23,2025-01-26,1,"quantile",0.5,323903.969318582
"2441","DE","15-34",2025-01-23,2025-01-26,1,"quantile",0.75,372301
"2442","DE","15-34",2025-01-23,2025-01-26,1,"quantile",0.9,426396
"2443","DE","15-34",2025-01-23,2025-01-26,1,"quantile",0.975,492628
"2444","DE","15-34",2025-01-23,2025-02-02,2,"quantile",0.025,213407
"2445","DE","15-34",2025-01-23,2025-02-02,2,"quantile",0.1,264696
"2446","DE","15-34",2025-01-23,2025-02-02,2,"quantile",0.25,317291
"2447","DE","15-34",2025-01-23,2025-02-02,2,"quantile",0.5,393078.760158557
"2448","DE","15-34",2025-01-23,2025-02-02,2,"quantile",0.75,458523
"2449","DE","15-34",2025-01-23,2025-02-02,2,"quantile",0.9,533708
"2450","DE","15-34",2025-01-23,2025-02-02,2,"quantile",0.975,626714
"2451","DE","15-34",2025-01-23,2025-02-09,3,"quantile",0.025,212234
"2452","DE","15-34",2025-01-23,2025-02-09,3,"quantile",0.1,269854
"2453","DE","15-34",2025-01-23,2025-02-09,3,"quantile",0.25,329879
"2454","DE","15-34",2025-01-23,2025-02-09,3,"quantile",0.5,418703.667044555
"2455","DE","15-34",2025-01-23,2025-02-09,3,"quantile",0.75,494311
"2456","DE","15-34",2025-01-23,2025-02-09,3,"quantile",0.9,583217
"2457","DE","15-34",2025-01-23,2025-02-09,3,"quantile",0.975,694142
"2458","DE","15-34",2025-01-23,2025-02-16,4,"quantile",0.025,213448
"2459","DE","15-34",2025-01-23,2025-02-16,4,"quantile",0.1,280758
"2460","DE","15-34",2025-01-23,2025-02-16,4,"quantile",0.25,352407
"2461","DE","15-34",2025-01-23,2025-02-16,4,"quantile",0.5,462259.624782879
"2462","DE","15-34",2025-01-23,2025-02-16,4,"quantile",0.75,554007
"2463","DE","15-34",2025-01-23,2025-02-16,4,"quantile",0.9,665247
"2464","DE","15-34",2025-01-23,2025-02-16,4,"quantile",0.975,805568
"2465","DE","35-59",2025-01-23,2025-01-26,1,"quantile",0.025,244466
"2466","DE","35-59",2025-01-23,2025-01-26,1,"quantile",0.1,292374
"2467","DE","35-59",2025-01-23,2025-01-26,1,"quantile",0.25,340380
"2468","DE","35-59",2025-01-23,2025-01-26,1,"quantile",0.5,406835.233491377
"2469","DE","35-59",2025-01-23,2025-01-26,1,"quantile",0.75,465493
"2470","DE","35-59",2025-01-23,2025-01-26,1,"quantile",0.9,530518
"2471","DE","35-59",2025-01-23,2025-01-26,1,"quantile",0.975,609882
"2472","DE","35-59",2025-01-23,2025-02-02,2,"quantile",0.025,276507
"2473","DE","35-59",2025-01-23,2025-02-02,2,"quantile",0.1,342407
"2474","DE","35-59",2025-01-23,2025-02-02,2,"quantile",0.25,409916
"2475","DE","35-59",2025-01-23,2025-02-02,2,"quantile",0.5,507024.052906414
"2476","DE","35-59",2025-01-23,2025-02-02,2,"quantile",0.75,590959
"2477","DE","35-59",2025-01-23,2025-02-02,2,"quantile",0.9,687236
"2478","DE","35-59",2025-01-23,2025-02-02,2,"quantile",0.975,806268
"2479","DE","35-59",2025-01-23,2025-02-09,3,"quantile",0.025,272888
"2480","DE","35-59",2025-01-23,2025-02-09,3,"quantile",0.1,351437
"2481","DE","35-59",2025-01-23,2025-02-09,3,"quantile",0.25,433932
"2482","DE","35-59",2025-01-23,2025-02-09,3,"quantile",0.5,557664.130704216
"2483","DE","35-59",2025-01-23,2025-02-09,3,"quantile",0.75,662225
"2484","DE","35-59",2025-01-23,2025-02-09,3,"quantile",0.9,786623
"2485","DE","35-59",2025-01-23,2025-02-09,3,"quantile",0.975,942489
"2486","DE","35-59",2025-01-23,2025-02-16,4,"quantile",0.025,263156
"2487","DE","35-59",2025-01-23,2025-02-16,4,"quantile",0.1,357468
"2488","DE","35-59",2025-01-23,2025-02-16,4,"quantile",0.25,459941
"2489","DE","35-59",2025-01-23,2025-02-16,4,"quantile",0.5,622292.504925426
"2490","DE","35-59",2025-01-23,2025-02-16,4,"quantile",0.75,755551
"2491","DE","35-59",2025-01-23,2025-02-16,4,"quantile",0.9,921690
"2492","DE","35-59",2025-01-23,2025-02-16,4,"quantile",0.975,1133314
"2493","DE","60+",2025-01-23,2025-01-26,1,"quantile",0.025,90751
"2494","DE","60+",2025-01-23,2025-01-26,1,"quantile",0.1,105842
"2495","DE","60+",2025-01-23,2025-01-26,1,"quantile",0.25,120726
"2496","DE","60+",2025-01-23,2025-01-26,1,"quantile",0.5,140751.00589601
"2497","DE","60+",2025-01-23,2025-01-26,1,"quantile",0.75,158707
"2498","DE","60+",2025-01-23,2025-01-26,1,"quantile",0.9,178106
"2499","DE","60+",2025-01-23,2025-01-26,1,"quantile",0.975,201547
"2500","DE","60+",2025-01-23,2025-02-02,2,"quantile",0.025,102871
"2501","DE","60+",2025-01-23,2025-02-02,2,"quantile",0.1,120888
"2502","DE","60+",2025-01-23,2025-02-02,2,"quantile",0.25,138742
"2503","DE","60+",2025-01-23,2025-02-02,2,"quantile",0.5,162973.02669268
"2504","DE","60+",2025-01-23,2025-02-02,2,"quantile",0.75,184596
"2505","DE","60+",2025-01-23,2025-02-02,2,"quantile",0.9,208140
"2506","DE","60+",2025-01-23,2025-02-02,2,"quantile",0.975,236679
"2507","DE","60+",2025-01-23,2025-02-09,3,"quantile",0.025,110175
"2508","DE","60+",2025-01-23,2025-02-09,3,"quantile",0.1,133893
"2509","DE","60+",2025-01-23,2025-02-09,3,"quantile",0.25,157903
"2510","DE","60+",2025-01-23,2025-02-09,3,"quantile",0.5,191736.909717166
"2511","DE","60+",2025-01-23,2025-02-09,3,"quantile",0.75,221311
"2512","DE","60+",2025-01-23,2025-02-09,3,"quantile",0.9,254621
"2513","DE","60+",2025-01-23,2025-02-09,3,"quantile",0.975,295523
"2514","DE","60+",2025-01-23,2025-02-16,4,"quantile",0.025,110956
"2515","DE","60+",2025-01-23,2025-02-16,4,"quantile",0.1,140575
"2516","DE","60+",2025-01-23,2025-02-16,4,"quantile",0.25,171359
"2517","DE","60+",2025-01-23,2025-02-16,4,"quantile",0.5,216739.628258602
"2518","DE","60+",2025-01-23,2025-02-16,4,"quantile",0.75,255447
"2519","DE","60+",2025-01-23,2025-02-16,4,"quantile",0.9,300812
"2520","DE","60+",2025-01-23,2025-02-16,4,"quantile",0.975,357343
"2521","DE","00+",2025-01-30,2025-02-02,1,"quantile",0.025,1131086
"2522","DE","00+",2025-01-30,2025-02-02,1,"quantile",0.1,1316757
"2523","DE","00+",2025-01-30,2025-02-02,1,"quantile",0.25,1499656
"2524","DE","00+",2025-01-30,2025-02-02,1,"quantile",0.5,1745229.63613485
"2525","DE","00+",2025-01-30,2025-02-02,1,"quantile",0.75,1965675
"2526","DE","00+",2025-01-30,2025-02-02,1,"quantile",0.9,2203390
"2527","DE","00+",2025-01-30,2025-02-02,1,"quantile",0.975,2490425
"2528","DE","00+",2025-01-30,2025-02-09,2,"quantile",0.025,1079192
"2529","DE","00+",2025-01-30,2025-02-09,2,"quantile",0.1,1309978
"2530","DE","00+",2025-01-30,2025-02-09,2,"quantile",0.25,1543422
"2531","DE","00+",2025-01-30,2025-02-09,2,"quantile",0.5,1871961.53431195
"2532","DE","00+",2025-01-30,2025-02-09,2,"quantile",0.75,2159336
"2533","DE","00+",2025-01-30,2025-02-09,2,"quantile",0.9,2482646
"2534","DE","00+",2025-01-30,2025-02-09,2,"quantile",0.975,2879475
"2535","DE","00+",2025-01-30,2025-02-16,3,"quantile",0.025,1042132
"2536","DE","00+",2025-01-30,2025-02-16,3,"quantile",0.1,1307430
"2537","DE","00+",2025-01-30,2025-02-16,3,"quantile",0.25,1581461
"2538","DE","00+",2025-01-30,2025-02-16,3,"quantile",0.5,1981218.26029174
"2539","DE","00+",2025-01-30,2025-02-16,3,"quantile",0.75,2324124
"2540","DE","00+",2025-01-30,2025-02-16,3,"quantile",0.9,2722346
"2541","DE","00+",2025-01-30,2025-02-16,3,"quantile",0.975,3216937
"2542","DE","00+",2025-01-30,2025-02-23,4,"quantile",0.025,953038
"2543","DE","00+",2025-01-30,2025-02-23,4,"quantile",0.1,1252974
"2544","DE","00+",2025-01-30,2025-02-23,4,"quantile",0.25,1572147
"2545","DE","00+",2025-01-30,2025-02-23,4,"quantile",0.5,2061262.20942234
"2546","DE","00+",2025-01-30,2025-02-23,4,"quantile",0.75,2469873
"2547","DE","00+",2025-01-30,2025-02-23,4,"quantile",0.9,2965086
"2548","DE","00+",2025-01-30,2025-02-23,4,"quantile",0.975,3589673
"2549","DE","00-04",2025-01-30,2025-02-02,1,"quantile",0.025,201279
"2550","DE","00-04",2025-01-30,2025-02-02,1,"quantile",0.1,230954
"2551","DE","00-04",2025-01-30,2025-02-02,1,"quantile",0.25,259919
"2552","DE","00-04",2025-01-30,2025-02-02,1,"quantile",0.5,298164.026124931
"2553","DE","00-04",2025-01-30,2025-02-02,1,"quantile",0.75,332817
"2554","DE","00-04",2025-01-30,2025-02-02,1,"quantile",0.9,369617
"2555","DE","00-04",2025-01-30,2025-02-02,1,"quantile",0.975,413783
"2556","DE","00-04",2025-01-30,2025-02-09,2,"quantile",0.025,190174
"2557","DE","00-04",2025-01-30,2025-02-09,2,"quantile",0.1,222435
"2558","DE","00-04",2025-01-30,2025-02-09,2,"quantile",0.25,254308
"2559","DE","00-04",2025-01-30,2025-02-09,2,"quantile",0.5,297333.526399669
"2560","DE","00-04",2025-01-30,2025-02-09,2,"quantile",0.75,335842
"2561","DE","00-04",2025-01-30,2025-02-09,2,"quantile",0.9,377570
"2562","DE","00-04",2025-01-30,2025-02-09,2,"quantile",0.975,428053
"2563","DE","00-04",2025-01-30,2025-02-16,3,"quantile",0.025,175791
"2564","DE","00-04",2025-01-30,2025-02-16,3,"quantile",0.1,209512
"2565","DE","00-04",2025-01-30,2025-02-16,3,"quantile",0.25,243229
"2566","DE","00-04",2025-01-30,2025-02-16,3,"quantile",0.5,289722.196223307
"2567","DE","00-04",2025-01-30,2025-02-16,3,"quantile",0.75,330848
"2568","DE","00-04",2025-01-30,2025-02-16,3,"quantile",0.9,376279
"2569","DE","00-04",2025-01-30,2025-02-16,3,"quantile",0.975,431653
"2570","DE","00-04",2025-01-30,2025-02-23,4,"quantile",0.025,163619
"2571","DE","00-04",2025-01-30,2025-02-23,4,"quantile",0.1,198639
"2572","DE","00-04",2025-01-30,2025-02-23,4,"quantile",0.25,234064
"2573","DE","00-04",2025-01-30,2025-02-23,4,"quantile",0.5,283928.204518211
"2574","DE","00-04",2025-01-30,2025-02-23,4,"quantile",0.75,327541
"2575","DE","00-04",2025-01-30,2025-02-23,4,"quantile",0.9,376614
"2576","DE","00-04",2025-01-30,2025-02-23,4,"quantile",0.975,436849
"2577","DE","05-14",2025-01-30,2025-02-02,1,"quantile",0.025,134776
"2578","DE","05-14",2025-01-30,2025-02-02,1,"quantile",0.1,169810
"2579","DE","05-14",2025-01-30,2025-02-02,1,"quantile",0.25,206095
"2580","DE","05-14",2025-01-30,2025-02-02,1,"quantile",0.5,259269.582432035
"2581","DE","05-14",2025-01-30,2025-02-02,1,"quantile",0.75,304770
"2582","DE","05-14",2025-01-30,2025-02-02,1,"quantile",0.9,357821
"2583","DE","05-14",2025-01-30,2025-02-02,1,"quantile",0.975,423808
"2584","DE","05-14",2025-01-30,2025-02-09,2,"quantile",0.025,117579
"2585","DE","05-14",2025-01-30,2025-02-09,2,"quantile",0.1,153590
"2586","DE","05-14",2025-01-30,2025-02-09,2,"quantile",0.25,191755
"2587","DE","05-14",2025-01-30,2025-02-09,2,"quantile",0.5,249851.270660716
"2588","DE","05-14",2025-01-30,2025-02-09,2,"quantile",0.75,298558
"2589","DE","05-14",2025-01-30,2025-02-09,2,"quantile",0.9,357252
"2590","DE","05-14",2025-01-30,2025-02-09,2,"quantile",0.975,431128
"2591","DE","05-14",2025-01-30,2025-02-16,3,"quantile",0.025,107230
"2592","DE","05-14",2025-01-30,2025-02-16,3,"quantile",0.1,141619
"2593","DE","05-14",2025-01-30,2025-02-16,3,"quantile",0.25,178320
"2594","DE","05-14",2025-01-30,2025-02-16,3,"quantile",0.5,234825.868283986
"2595","DE","05-14",2025-01-30,2025-02-16,3,"quantile",0.75,281914
"2596","DE","05-14",2025-01-30,2025-02-16,3,"quantile",0.9,339211
"2597","DE","05-14",2025-01-30,2025-02-16,3,"quantile",0.975,411579
"2598","DE","05-14",2025-01-30,2025-02-23,4,"quantile",0.025,110947
"2599","DE","05-14",2025-01-30,2025-02-23,4,"quantile",0.1,148854
"2600","DE","05-14",2025-01-30,2025-02-23,4,"quantile",0.25,189717
"2601","DE","05-14",2025-01-30,2025-02-23,4,"quantile",0.5,253651.928308813
"2602","DE","05-14",2025-01-30,2025-02-23,4,"quantile",0.75,306478
"2603","DE","05-14",2025-01-30,2025-02-23,4,"quantile",0.9,371644
"2604","DE","05-14",2025-01-30,2025-02-23,4,"quantile",0.975,454346
"2605","DE","15-34",2025-01-30,2025-02-02,1,"quantile",0.025,253891
"2606","DE","15-34",2025-01-30,2025-02-02,1,"quantile",0.1,306164
"2607","DE","15-34",2025-01-30,2025-02-02,1,"quantile",0.25,358818
"2608","DE","15-34",2025-01-30,2025-02-02,1,"quantile",0.5,432382.071811059
"2609","DE","15-34",2025-01-30,2025-02-02,1,"quantile",0.75,496987
"2610","DE","15-34",2025-01-30,2025-02-02,1,"quantile",0.9,569198
"2611","DE","15-34",2025-01-30,2025-02-02,1,"quantile",0.975,657611
"2612","DE","15-34",2025-01-30,2025-02-09,2,"quantile",0.025,256685
"2613","DE","15-34",2025-01-30,2025-02-09,2,"quantile",0.1,318376
"2614","DE","15-34",2025-01-30,2025-02-09,2,"quantile",0.25,381637
"2615","DE","15-34",2025-01-30,2025-02-09,2,"quantile",0.5,472793.469496401
"2616","DE","15-34",2025-01-30,2025-02-09,2,"quantile",0.75,551510
"2617","DE","15-34",2025-01-30,2025-02-09,2,"quantile",0.9,641941
"2618","DE","15-34",2025-01-30,2025-02-09,2,"quantile",0.975,753808
"2619","DE","15-34",2025-01-30,2025-02-16,3,"quantile",0.025,258454
"2620","DE","15-34",2025-01-30,2025-02-16,3,"quantile",0.1,328622
"2621","DE","15-34",2025-01-30,2025-02-16,3,"quantile",0.25,401719
"2622","DE","15-34",2025-01-30,2025-02-16,3,"quantile",0.5,509887.131758807
"2623","DE","15-34",2025-01-30,2025-02-16,3,"quantile",0.75,601960
"2624","DE","15-34",2025-01-30,2025-02-16,3,"quantile",0.9,710227
"2625","DE","15-34",2025-01-30,2025-02-16,3,"quantile",0.975,845309
"2626","DE","15-34",2025-01-30,2025-02-23,4,"quantile",0.025,241193
"2627","DE","15-34",2025-01-30,2025-02-23,4,"quantile",0.1,317253
"2628","DE","15-34",2025-01-30,2025-02-23,4,"quantile",0.25,398215
"2629","DE","15-34",2025-01-30,2025-02-23,4,"quantile",0.5,522346.699720845
"2630","DE","15-34",2025-01-30,2025-02-23,4,"quantile",0.75,626020
"2631","DE","15-34",2025-01-30,2025-02-23,4,"quantile",0.9,751719
"2632","DE","15-34",2025-01-30,2025-02-23,4,"quantile",0.975,910280
"2633","DE","35-59",2025-01-30,2025-02-02,1,"quantile",0.025,343300
"2634","DE","35-59",2025-01-30,2025-02-02,1,"quantile",0.1,410575
"2635","DE","35-59",2025-01-30,2025-02-02,1,"quantile",0.25,477988
"2636","DE","35-59",2025-01-30,2025-02-02,1,"quantile",0.5,571309.690288944
"2637","DE","35-59",2025-01-30,2025-02-02,1,"quantile",0.75,653680
"2638","DE","35-59",2025-01-30,2025-02-02,1,"quantile",0.9,744993
"2639","DE","35-59",2025-01-30,2025-02-02,1,"quantile",0.975,856442
"2640","DE","35-59",2025-01-30,2025-02-09,2,"quantile",0.025,348745
"2641","DE","35-59",2025-01-30,2025-02-09,2,"quantile",0.1,431861
"2642","DE","35-59",2025-01-30,2025-02-09,2,"quantile",0.25,517006
"2643","DE","35-59",2025-01-30,2025-02-09,2,"quantile",0.5,639482.482329412
"2644","DE","35-59",2025-01-30,2025-02-09,2,"quantile",0.75,745345
"2645","DE","35-59",2025-01-30,2025-02-09,2,"quantile",0.9,866774
"2646","DE","35-59",2025-01-30,2025-02-09,2,"quantile",0.975,1016901
"2647","DE","35-59",2025-01-30,2025-02-16,3,"quantile",0.025,344336
"2648","DE","35-59",2025-01-30,2025-02-16,3,"quantile",0.1,443450
"2649","DE","35-59",2025-01-30,2025-02-16,3,"quantile",0.25,547544
"2650","DE","35-59",2025-01-30,2025-02-16,3,"quantile",0.5,703671.050223537
"2651","DE","35-59",2025-01-30,2025-02-16,3,"quantile",0.75,835607
"2652","DE","35-59",2025-01-30,2025-02-16,3,"quantile",0.9,992575
"2653","DE","35-59",2025-01-30,2025-02-16,3,"quantile",0.975,1189249
"2654","DE","35-59",2025-01-30,2025-02-23,4,"quantile",0.025,315634
"2655","DE","35-59",2025-01-30,2025-02-23,4,"quantile",0.1,428755
"2656","DE","35-59",2025-01-30,2025-02-23,4,"quantile",0.25,551662
"2657","DE","35-59",2025-01-30,2025-02-23,4,"quantile",0.5,746389.276513273
"2658","DE","35-59",2025-01-30,2025-02-23,4,"quantile",0.75,906222
"2659","DE","35-59",2025-01-30,2025-02-23,4,"quantile",0.9,1105492
"2660","DE","35-59",2025-01-30,2025-02-23,4,"quantile",0.975,1359318
"2661","DE","60+",2025-01-30,2025-02-02,1,"quantile",0.025,122130
"2662","DE","60+",2025-01-30,2025-02-02,1,"quantile",0.1,142440
"2663","DE","60+",2025-01-30,2025-02-02,1,"quantile",0.25,162469
"2664","DE","60+",2025-01-30,2025-02-02,1,"quantile",0.5,189417.798971436
"2665","DE","60+",2025-01-30,2025-02-02,1,"quantile",0.75,213581
"2666","DE","60+",2025-01-30,2025-02-02,1,"quantile",0.9,239687
"2667","DE","60+",2025-01-30,2025-02-02,1,"quantile",0.975,271233
"2668","DE","60+",2025-01-30,2025-02-09,2,"quantile",0.025,138140
"2669","DE","60+",2025-01-30,2025-02-09,2,"quantile",0.1,162334
"2670","DE","60+",2025-01-30,2025-02-09,2,"quantile",0.25,186308
"2671","DE","60+",2025-01-30,2025-02-09,2,"quantile",0.5,218845.845835908
"2672","DE","60+",2025-01-30,2025-02-09,2,"quantile",0.75,247881
"2673","DE","60+",2025-01-30,2025-02-09,2,"quantile",0.9,279497
"2674","DE","60+",2025-01-30,2025-02-09,2,"quantile",0.975,317819
"2675","DE","60+",2025-01-30,2025-02-16,3,"quantile",0.025,139366
"2676","DE","60+",2025-01-30,2025-02-16,3,"quantile",0.1,169369
"2677","DE","60+",2025-01-30,2025-02-16,3,"quantile",0.25,199740
"2678","DE","60+",2025-01-30,2025-02-16,3,"quantile",0.5,242537.589730629
"2679","DE","60+",2025-01-30,2025-02-16,3,"quantile",0.75,279946
"2680","DE","60+",2025-01-30,2025-02-16,3,"quantile",0.9,322082
"2681","DE","60+",2025-01-30,2025-02-16,3,"quantile",0.975,373820
"2682","DE","60+",2025-01-30,2025-02-23,4,"quantile",0.025,131194
"2683","DE","60+",2025-01-30,2025-02-23,4,"quantile",0.1,166215
"2684","DE","60+",2025-01-30,2025-02-23,4,"quantile",0.25,202614
"2685","DE","60+",2025-01-30,2025-02-23,4,"quantile",0.5,256270.975074337
"2686","DE","60+",2025-01-30,2025-02-23,4,"quantile",0.75,302038
"2687","DE","60+",2025-01-30,2025-02-23,4,"quantile",0.9,355677
"2688","DE","60+",2025-01-30,2025-02-23,4,"quantile",0.975,422519
"2689","DE","00+",2025-02-06,2025-02-09,1,"quantile",0.025,1421945
"2690","DE","00+",2025-02-06,2025-02-09,1,"quantile",0.1,1655361
"2691","DE","00+",2025-02-06,2025-02-09,1,"quantile",0.25,1885291
"2692","DE","00+",2025-02-06,2025-02-09,1,"quantile",0.5,2194013.70239213
"2693","DE","00+",2025-02-06,2025-02-09,1,"quantile",0.75,2471146
"2694","DE","00+",2025-02-06,2025-02-09,1,"quantile",0.9,2769989
"2695","DE","00+",2025-02-06,2025-02-09,1,"quantile",0.975,3130833
"2696","DE","00+",2025-02-06,2025-02-16,2,"quantile",0.025,1289215
"2697","DE","00+",2025-02-06,2025-02-16,2,"quantile",0.1,1564914
"2698","DE","00+",2025-02-06,2025-02-16,2,"quantile",0.25,1843788
"2699","DE","00+",2025-02-06,2025-02-16,2,"quantile",0.5,2236264.76752762
"2700","DE","00+",2025-02-06,2025-02-16,2,"quantile",0.75,2579565
"2701","DE","00+",2025-02-06,2025-02-16,2,"quantile",0.9,2965795
"2702","DE","00+",2025-02-06,2025-02-16,2,"quantile",0.975,3439850
"2703","DE","00+",2025-02-06,2025-02-23,3,"quantile",0.025,973796
"2704","DE","00+",2025-02-06,2025-02-23,3,"quantile",0.1,1221698
"2705","DE","00+",2025-02-06,2025-02-23,3,"quantile",0.25,1477760
"2706","DE","00+",2025-02-06,2025-02-23,3,"quantile",0.5,1851304.04601744
"2707","DE","00+",2025-02-06,2025-02-23,3,"quantile",0.75,2171725
"2708","DE","00+",2025-02-06,2025-02-23,3,"quantile",0.9,2543834
"2709","DE","00+",2025-02-06,2025-02-23,3,"quantile",0.975,3005993
"2710","DE","00+",2025-02-06,2025-03-02,4,"quantile",0.025,693620
"2711","DE","00+",2025-02-06,2025-03-02,4,"quantile",0.1,911914
"2712","DE","00+",2025-02-06,2025-03-02,4,"quantile",0.25,1144208
"2713","DE","00+",2025-02-06,2025-03-02,4,"quantile",0.5,1500185.96386784
"2714","DE","00+",2025-02-06,2025-03-02,4,"quantile",0.75,1797573
"2715","DE","00+",2025-02-06,2025-03-02,4,"quantile",0.9,2157989
"2716","DE","00+",2025-02-06,2025-03-02,4,"quantile",0.975,2612564
"2717","DE","00-04",2025-02-06,2025-02-09,1,"quantile",0.025,186029
"2718","DE","00-04",2025-02-06,2025-02-09,1,"quantile",0.1,213456
"2719","DE","00-04",2025-02-06,2025-02-09,1,"quantile",0.25,240226
"2720","DE","00-04",2025-02-06,2025-02-09,1,"quantile",0.5,275574.395869632
"2721","DE","00-04",2025-02-06,2025-02-09,1,"quantile",0.75,307602
"2722","DE","00-04",2025-02-06,2025-02-09,1,"quantile",0.9,341614
"2723","DE","00-04",2025-02-06,2025-02-09,1,"quantile",0.975,382434
"2724","DE","00-04",2025-02-06,2025-02-16,2,"quantile",0.025,175354
"2725","DE","00-04",2025-02-06,2025-02-16,2,"quantile",0.1,205101
"2726","DE","00-04",2025-02-06,2025-02-16,2,"quantile",0.25,234490
"2727","DE","00-04",2025-02-06,2025-02-16,2,"quantile",0.5,274163.232002335
"2728","DE","00-04",2025-02-06,2025-02-16,2,"quantile",0.75,309671
"2729","DE","00-04",2025-02-06,2025-02-16,2,"quantile",0.9,348148
"2730","DE","00-04",2025-02-06,2025-02-16,2,"quantile",0.975,394697
"2731","DE","00-04",2025-02-06,2025-02-23,3,"quantile",0.025,143799
"2732","DE","00-04",2025-02-06,2025-02-23,3,"quantile",0.1,171384
"2733","DE","00-04",2025-02-06,2025-02-23,3,"quantile",0.25,198965
"2734","DE","00-04",2025-02-06,2025-02-23,3,"quantile",0.5,236997.172600261
"2735","DE","00-04",2025-02-06,2025-02-23,3,"quantile",0.75,270639
"2736","DE","00-04",2025-02-06,2025-02-23,3,"quantile",0.9,307802
"2737","DE","00-04",2025-02-06,2025-02-23,3,"quantile",0.975,353100
"2738","DE","00-04",2025-02-06,2025-03-02,4,"quantile",0.025,125589
"2739","DE","00-04",2025-02-06,2025-03-02,4,"quantile",0.1,152469
"2740","DE","00-04",2025-02-06,2025-03-02,4,"quantile",0.25,179661
"2741","DE","00-04",2025-02-06,2025-03-02,4,"quantile",0.5,217936.190908249
"2742","DE","00-04",2025-02-06,2025-03-02,4,"quantile",0.75,251412
"2743","DE","00-04",2025-02-06,2025-03-02,4,"quantile",0.9,289080
"2744","DE","00-04",2025-02-06,2025-03-02,4,"quantile",0.975,335315
"2745","DE","05-14",2025-02-06,2025-02-09,1,"quantile",0.025,125897
"2746","DE","05-14",2025-02-06,2025-02-09,1,"quantile",0.1,158622
"2747","DE","05-14",2025-02-06,2025-02-09,1,"quantile",0.25,192517
"2748","DE","05-14",2025-02-06,2025-02-09,1,"quantile",0.5,242188.12702288
"2749","DE","05-14",2025-02-06,2025-02-09,1,"quantile",0.75,284691
"2750","DE","05-14",2025-02-06,2025-02-09,1,"quantile",0.9,334247
"2751","DE","05-14",2025-02-06,2025-02-09,1,"quantile",0.975,395886
"2752","DE","05-14",2025-02-06,2025-02-16,2,"quantile",0.025,115521
"2753","DE","05-14",2025-02-06,2025-02-16,2,"quantile",0.1,150902
"2754","DE","05-14",2025-02-06,2025-02-16,2,"quantile",0.25,188399
"2755","DE","05-14",2025-02-06,2025-02-16,2,"quantile",0.5,245478.006397329
"2756","DE","05-14",2025-02-06,2025-02-16,2,"quantile",0.75,293332
"2757","DE","05-14",2025-02-06,2025-02-16,2,"quantile",0.9,350998
"2758","DE","05-14",2025-02-06,2025-02-16,2,"quantile",0.975,423582
"2759","DE","05-14",2025-02-06,2025-02-23,3,"quantile",0.025,95209
"2760","DE","05-14",2025-02-06,2025-02-23,3,"quantile",0.1,125744
"2761","DE","05-14",2025-02-06,2025-02-23,3,"quantile",0.25,158331
"2762","DE","05-14",2025-02-06,2025-02-23,3,"quantile",0.5,208502.332133368
"2763","DE","05-14",2025-02-06,2025-02-23,3,"quantile",0.75,250312
"2764","DE","05-14",2025-02-06,2025-02-23,3,"quantile",0.9,301186
"2765","DE","05-14",2025-02-06,2025-02-23,3,"quantile",0.975,365442
"2766","DE","05-14",2025-02-06,2025-03-02,4,"quantile",0.025,80378
"2767","DE","05-14",2025-02-06,2025-03-02,4,"quantile",0.1,107842
"2768","DE","05-14",2025-02-06,2025-03-02,4,"quantile",0.25,137446
"2769","DE","05-14",2025-02-06,2025-03-02,4,"quantile",0.5,183765.976203114
"2770","DE","05-14",2025-02-06,2025-03-02,4,"quantile",0.75,222038
"2771","DE","05-14",2025-02-06,2025-03-02,4,"quantile",0.9,269249
"2772","DE","05-14",2025-02-06,2025-03-02,4,"quantile",0.975,329166
"2773","DE","15-34",2025-02-06,2025-02-09,1,"quantile",0.025,298955
"2774","DE","15-34",2025-02-06,2025-02-09,1,"quantile",0.1,360505
"2775","DE","15-34",2025-02-06,2025-02-09,1,"quantile",0.25,422505
"2776","DE","15-34",2025-02-06,2025-02-09,1,"quantile",0.5,509125.80416283
"2777","DE","15-34",2025-02-06,2025-02-09,1,"quantile",0.75,585197
"2778","DE","15-34",2025-02-06,2025-02-09,1,"quantile",0.9,670225
"2779","DE","15-34",2025-02-06,2025-02-09,1,"quantile",0.975,774330
"2780","DE","15-34",2025-02-06,2025-02-16,2,"quantile",0.025,286451
"2781","DE","15-34",2025-02-06,2025-02-16,2,"quantile",0.1,355295
"2782","DE","15-34",2025-02-06,2025-02-16,2,"quantile",0.25,425892
"2783","DE","15-34",2025-02-06,2025-02-16,2,"quantile",0.5,527619.401514585
"2784","DE","15-34",2025-02-06,2025-02-16,2,"quantile",0.75,615463
"2785","DE","15-34",2025-02-06,2025-02-16,2,"quantile",0.9,716381
"2786","DE","15-34",2025-02-06,2025-02-16,2,"quantile",0.975,841221
"2787","DE","15-34",2025-02-06,2025-02-23,3,"quantile",0.025,218112
"2788","DE","15-34",2025-02-06,2025-02-23,3,"quantile",0.1,277327
"2789","DE","15-34",2025-02-06,2025-02-23,3,"quantile",0.25,339015
"2790","DE","15-34",2025-02-06,2025-02-23,3,"quantile",0.5,430298.679853302
"2791","DE","15-34",2025-02-06,2025-02-23,3,"quantile",0.75,508000
"2792","DE","15-34",2025-02-06,2025-02-23,3,"quantile",0.9,599368
"2793","DE","15-34",2025-02-06,2025-02-23,3,"quantile",0.975,713365
"2794","DE","15-34",2025-02-06,2025-03-02,4,"quantile",0.025,176873
"2795","DE","15-34",2025-02-06,2025-03-02,4,"quantile",0.1,232649
"2796","DE","15-34",2025-02-06,2025-03-02,4,"quantile",0.25,292021
"2797","DE","15-34",2025-02-06,2025-03-02,4,"quantile",0.5,383049.999395036
"2798","DE","15-34",2025-02-06,2025-03-02,4,"quantile",0.75,459076
"2799","DE","15-34",2025-02-06,2025-03-02,4,"quantile",0.9,551255
"2800","DE","15-34",2025-02-06,2025-03-02,4,"quantile",0.975,667532
"2801","DE","35-59",2025-02-06,2025-02-09,1,"quantile",0.025,452492
"2802","DE","35-59",2025-02-06,2025-02-09,1,"quantile",0.1,541165
"2803","DE","35-59",2025-02-06,2025-02-09,1,"quantile",0.25,630019
"2804","DE","35-59",2025-02-06,2025-02-09,1,"quantile",0.5,753022.010885231
"2805","DE","35-59",2025-02-06,2025-02-09,1,"quantile",0.75,861591
"2806","DE","35-59",2025-02-06,2025-02-09,1,"quantile",0.9,981947
"2807","DE","35-59",2025-02-06,2025-02-09,1,"quantile",0.975,1128842
"2808","DE","35-59",2025-02-06,2025-02-16,2,"quantile",0.025,421578
"2809","DE","35-59",2025-02-06,2025-02-16,2,"quantile",0.1,522053
"2810","DE","35-59",2025-02-06,2025-02-16,2,"quantile",0.25,624980
"2811","DE","35-59",2025-02-06,2025-02-16,2,"quantile",0.5,773034.064301713
"2812","DE","35-59",2025-02-06,2025-02-16,2,"quantile",0.75,901004
"2813","DE","35-59",2025-02-06,2025-02-16,2,"quantile",0.9,1047793
"2814","DE","35-59",2025-02-06,2025-02-16,2,"quantile",0.975,1229274
"2815","DE","35-59",2025-02-06,2025-02-23,3,"quantile",0.025,309957
"2816","DE","35-59",2025-02-06,2025-02-23,3,"quantile",0.1,399175
"2817","DE","35-59",2025-02-06,2025-02-23,3,"quantile",0.25,492877
"2818","DE","35-59",2025-02-06,2025-02-23,3,"quantile",0.5,633415.802110121
"2819","DE","35-59",2025-02-06,2025-02-23,3,"quantile",0.75,752179
"2820","DE","35-59",2025-02-06,2025-02-23,3,"quantile",0.9,893476
"2821","DE","35-59",2025-02-06,2025-02-23,3,"quantile",0.975,1070514
"2822","DE","35-59",2025-02-06,2025-03-02,4,"quantile",0.025,229903
"2823","DE","35-59",2025-02-06,2025-03-02,4,"quantile",0.1,312299
"2824","DE","35-59",2025-02-06,2025-03-02,4,"quantile",0.25,401824
"2825","DE","35-59",2025-02-06,2025-03-02,4,"quantile",0.5,543660.727384897
"2826","DE","35-59",2025-02-06,2025-03-02,4,"quantile",0.75,660081
"2827","DE","35-59",2025-02-06,2025-03-02,4,"quantile",0.9,805227
"2828","DE","35-59",2025-02-06,2025-03-02,4,"quantile",0.975,990111
"2829","DE","60+",2025-02-06,2025-02-09,1,"quantile",0.025,167959
"2830","DE","60+",2025-02-06,2025-02-09,1,"quantile",0.1,195888
"2831","DE","60+",2025-02-06,2025-02-09,1,"quantile",0.25,223432
"2832","DE","60+",2025-02-06,2025-02-09,1,"quantile",0.5,260492.70858142
"2833","DE","60+",2025-02-06,2025-02-09,1,"quantile",0.75,293722
"2834","DE","60+",2025-02-06,2025-02-09,1,"quantile",0.9,329623
"2835","DE","60+",2025-02-06,2025-02-09,1,"quantile",0.975,373005
"2836","DE","60+",2025-02-06,2025-02-16,2,"quantile",0.025,165334
"2837","DE","60+",2025-02-06,2025-02-16,2,"quantile",0.1,194291
"2838","DE","60+",2025-02-06,2025-02-16,2,"quantile",0.25,222985
"2839","DE","60+",2025-02-06,2025-02-16,2,"quantile",0.5,261926.984417489
"2840","DE","60+",2025-02-06,2025-02-16,2,"quantile",0.75,296677
"2841","DE","60+",2025-02-06,2025-02-16,2,"quantile",0.9,334517
"2842","DE","60+",2025-02-06,2025-02-16,2,"quantile",0.975,380382
"2843","DE","60+",2025-02-06,2025-02-23,3,"quantile",0.025,132062
"2844","DE","60+",2025-02-06,2025-02-23,3,"quantile",0.1,160492
"2845","DE","60+",2025-02-06,2025-02-23,3,"quantile",0.25,189271
"2846","DE","60+",2025-02-06,2025-02-23,3,"quantile",0.5,229825.97649322
"2847","DE","60+",2025-02-06,2025-02-23,3,"quantile",0.75,265274
"2848","DE","60+",2025-02-06,2025-02-23,3,"quantile",0.9,305201
"2849","DE","60+",2025-02-06,2025-02-23,3,"quantile",0.975,354228
"2850","DE","60+",2025-02-06,2025-03-02,4,"quantile",0.025,106269
"2851","DE","60+",2025-02-06,2025-03-02,4,"quantile",0.1,134636
"2852","DE","60+",2025-02-06,2025-03-02,4,"quantile",0.25,164120
"2853","DE","60+",2025-02-06,2025-03-02,4,"quantile",0.5,207583.808352281
"2854","DE","60+",2025-02-06,2025-03-02,4,"quantile",0.75,244656
"2855","DE","60+",2025-02-06,2025-03-02,4,"quantile",0.9,288105
"2856","DE","60+",2025-02-06,2025-03-02,4,"quantile",0.975,342248
"2857","DE","00+",2025-02-13,2025-02-16,1,"quantile",0.025,1362869
"2858","DE","00+",2025-02-13,2025-02-16,1,"quantile",0.1,1586587
"2859","DE","00+",2025-02-13,2025-02-16,1,"quantile",0.25,1806965
"2860","DE","00+",2025-02-13,2025-02-16,1,"quantile",0.5,2102860.91334405
"2861","DE","00+",2025-02-13,2025-02-16,1,"quantile",0.75,2368480
"2862","DE","00+",2025-02-13,2025-02-16,1,"quantile",0.9,2654907
"2863","DE","00+",2025-02-13,2025-02-16,1,"quantile",0.975,3000760
"2864","DE","00+",2025-02-13,2025-02-23,2,"quantile",0.025,954626
"2865","DE","00+",2025-02-13,2025-02-23,2,"quantile",0.1,1158774
"2866","DE","00+",2025-02-13,2025-02-23,2,"quantile",0.25,1365273
"2867","DE","00+",2025-02-13,2025-02-23,2,"quantile",0.5,1655891.05312169
"2868","DE","00+",2025-02-13,2025-02-23,2,"quantile",0.75,1910095
"2869","DE","00+",2025-02-13,2025-02-23,2,"quantile",0.9,2196088
"2870","DE","00+",2025-02-13,2025-02-23,2,"quantile",0.975,2547113
"2871","DE","00+",2025-02-13,2025-03-02,3,"quantile",0.025,687141
"2872","DE","00+",2025-02-13,2025-03-02,3,"quantile",0.1,862068
"2873","DE","00+",2025-02-13,2025-03-02,3,"quantile",0.25,1042754
"2874","DE","00+",2025-02-13,2025-03-02,3,"quantile",0.5,1306338.72301105
"2875","DE","00+",2025-02-13,2025-03-02,3,"quantile",0.75,1532438
"2876","DE","00+",2025-02-13,2025-03-02,3,"quantile",0.9,1795011
"2877","DE","00+",2025-02-13,2025-03-02,3,"quantile",0.975,2121125
"2878","DE","00+",2025-02-13,2025-03-09,4,"quantile",0.025,481486
"2879","DE","00+",2025-02-13,2025-03-09,4,"quantile",0.1,633018
"2880","DE","00+",2025-02-13,2025-03-09,4,"quantile",0.25,794269
"2881","DE","00+",2025-02-13,2025-03-09,4,"quantile",0.5,1041376.71494491
"2882","DE","00+",2025-02-13,2025-03-09,4,"quantile",0.75,1247813
"2883","DE","00+",2025-02-13,2025-03-09,4,"quantile",0.9,1498001
"2884","DE","00+",2025-02-13,2025-03-09,4,"quantile",0.975,1813552
"2885","DE","00-04",2025-02-13,2025-02-16,1,"quantile",0.025,170101
"2886","DE","00-04",2025-02-13,2025-02-16,1,"quantile",0.1,195180
"2887","DE","00-04",2025-02-13,2025-02-16,1,"quantile",0.25,219659
"2888","DE","00-04",2025-02-13,2025-02-16,1,"quantile",0.5,251980.313042285
"2889","DE","00-04",2025-02-13,2025-02-16,1,"quantile",0.75,281266
"2890","DE","00-04",2025-02-13,2025-02-16,1,"quantile",0.9,312366
"2891","DE","00-04",2025-02-13,2025-02-16,1,"quantile",0.975,349691
"2892","DE","00-04",2025-02-13,2025-02-23,2,"quantile",0.025,139339
"2893","DE","00-04",2025-02-13,2025-02-23,2,"quantile",0.1,162976
"2894","DE","00-04",2025-02-13,2025-02-23,2,"quantile",0.25,186330
"2895","DE","00-04",2025-02-13,2025-02-23,2,"quantile",0.5,217855.004899214
"2896","DE","00-04",2025-02-13,2025-02-23,2,"quantile",0.75,246070
"2897","DE","00-04",2025-02-13,2025-02-23,2,"quantile",0.9,276645
"2898","DE","00-04",2025-02-13,2025-02-23,2,"quantile",0.975,313634
"2899","DE","00-04",2025-02-13,2025-03-02,3,"quantile",0.025,115751
"2900","DE","00-04",2025-02-13,2025-03-02,3,"quantile",0.1,137956
"2901","DE","00-04",2025-02-13,2025-03-02,3,"quantile",0.25,160157
"2902","DE","00-04",2025-02-13,2025-03-02,3,"quantile",0.5,190771.881700189
"2903","DE","00-04",2025-02-13,2025-03-02,3,"quantile",0.75,217852
"2904","DE","00-04",2025-02-13,2025-03-02,3,"quantile",0.9,247767
"2905","DE","00-04",2025-02-13,2025-03-02,3,"quantile",0.975,284230
"2906","DE","00-04",2025-02-13,2025-03-09,4,"quantile",0.025,111917
"2907","DE","00-04",2025-02-13,2025-03-09,4,"quantile",0.1,135871
"2908","DE","00-04",2025-02-13,2025-03-09,4,"quantile",0.25,160103
"2909","DE","00-04",2025-02-13,2025-03-09,4,"quantile",0.5,194211.162259273
"2910","DE","00-04",2025-02-13,2025-03-09,4,"quantile",0.75,224043
"2911","DE","00-04",2025-02-13,2025-03-09,4,"quantile",0.9,257610
"2912","DE","00-04",2025-02-13,2025-03-09,4,"quantile",0.975,298813
"2913","DE","05-14",2025-02-13,2025-02-16,1,"quantile",0.025,107411
"2914","DE","05-14",2025-02-13,2025-02-16,1,"quantile",0.1,135332
"2915","DE","05-14",2025-02-13,2025-02-16,1,"quantile",0.25,164250
"2916","DE","05-14",2025-02-13,2025-02-16,1,"quantile",0.5,206628.987331193
"2917","DE","05-14",2025-02-13,2025-02-16,1,"quantile",0.75,242891
"2918","DE","05-14",2025-02-13,2025-02-16,1,"quantile",0.9,285172
"2919","DE","05-14",2025-02-13,2025-02-16,1,"quantile",0.975,337761
"2920","DE","05-14",2025-02-13,2025-02-23,2,"quantile",0.025,86152
"2921","DE","05-14",2025-02-13,2025-02-23,2,"quantile",0.1,112539
"2922","DE","05-14",2025-02-13,2025-02-23,2,"quantile",0.25,140503
"2923","DE","05-14",2025-02-13,2025-02-23,2,"quantile",0.5,183071.859895224
"2924","DE","05-14",2025-02-13,2025-02-23,2,"quantile",0.75,218761
"2925","DE","05-14",2025-02-13,2025-02-23,2,"quantile",0.9,261767
"2926","DE","05-14",2025-02-13,2025-02-23,2,"quantile",0.975,315899
"2927","DE","05-14",2025-02-13,2025-03-02,3,"quantile",0.025,72452
"2928","DE","05-14",2025-02-13,2025-03-02,3,"quantile",0.1,95689
"2929","DE","05-14",2025-02-13,2025-03-02,3,"quantile",0.25,120488
"2930","DE","05-14",2025-02-13,2025-03-02,3,"quantile",0.5,158668.005343394
"2931","DE","05-14",2025-02-13,2025-03-02,3,"quantile",0.75,190485
"2932","DE","05-14",2025-02-13,2025-03-02,3,"quantile",0.9,229200
"2933","DE","05-14",2025-02-13,2025-03-02,3,"quantile",0.975,278098
"2934","DE","05-14",2025-02-13,2025-03-09,4,"quantile",0.025,65806
"2935","DE","05-14",2025-02-13,2025-03-09,4,"quantile",0.1,88291
"2936","DE","05-14",2025-02-13,2025-03-09,4,"quantile",0.25,112529
"2937","DE","05-14",2025-02-13,2025-03-09,4,"quantile",0.5,150451.450225683
"2938","DE","05-14",2025-02-13,2025-03-09,4,"quantile",0.75,181785
"2939","DE","05-14",2025-02-13,2025-03-09,4,"quantile",0.9,220438
"2940","DE","05-14",2025-02-13,2025-03-09,4,"quantile",0.975,269493
"2941","DE","15-34",2025-02-13,2025-02-16,1,"quantile",0.025,274793
"2942","DE","15-34",2025-02-13,2025-02-16,1,"quantile",0.1,331369
"2943","DE","15-34",2025-02-13,2025-02-16,1,"quantile",0.25,388357
"2944","DE","15-34",2025-02-13,2025-02-16,1,"quantile",0.5,467977.497502948
"2945","DE","15-34",2025-02-13,2025-02-16,1,"quantile",0.75,537901
"2946","DE","15-34",2025-02-13,2025-02-16,1,"quantile",0.9,616057
"2947","DE","15-34",2025-02-13,2025-02-16,1,"quantile",0.975,711748
"2948","DE","15-34",2025-02-13,2025-02-23,2,"quantile",0.025,214088
"2949","DE","15-34",2025-02-13,2025-02-23,2,"quantile",0.1,265541
"2950","DE","15-34",2025-02-13,2025-02-23,2,"quantile",0.25,318303
"2951","DE","15-34",2025-02-13,2025-02-23,2,"quantile",0.5,394332.873116043
"2952","DE","15-34",2025-02-13,2025-02-23,2,"quantile",0.75,459986
"2953","DE","15-34",2025-02-13,2025-02-23,2,"quantile",0.9,535410
"2954","DE","15-34",2025-02-13,2025-02-23,2,"quantile",0.975,628714
"2955","DE","15-34",2025-02-13,2025-03-02,3,"quantile",0.025,169045
"2956","DE","15-34",2025-02-13,2025-03-02,3,"quantile",0.1,214939
"2957","DE","15-34",2025-02-13,2025-03-02,3,"quantile",0.25,262750
"2958","DE","15-34",2025-02-13,2025-03-02,3,"quantile",0.5,333498.939666666
"2959","DE","15-34",2025-02-13,2025-03-02,3,"quantile",0.75,393721
"2960","DE","15-34",2025-02-13,2025-03-02,3,"quantile",0.9,464535
"2961","DE","15-34",2025-02-13,2025-03-02,3,"quantile",0.975,552887
"2962","DE","15-34",2025-02-13,2025-03-09,4,"quantile",0.025,138918
"2963","DE","15-34",2025-02-13,2025-03-09,4,"quantile",0.1,182726
"2964","DE","15-34",2025-02-13,2025-03-09,4,"quantile",0.25,229358
"2965","DE","15-34",2025-02-13,2025-03-09,4,"quantile",0.5,300854.177944527
"2966","DE","15-34",2025-02-13,2025-03-09,4,"quantile",0.75,360567
"2967","DE","15-34",2025-02-13,2025-03-09,4,"quantile",0.9,432966
"2968","DE","15-34",2025-02-13,2025-03-09,4,"quantile",0.975,524292
"2969","DE","35-59",2025-02-13,2025-02-16,1,"quantile",0.025,398668
"2970","DE","35-59",2025-02-13,2025-02-16,1,"quantile",0.1,476794
"2971","DE","35-59",2025-02-13,2025-02-16,1,"quantile",0.25,555079
"2972","DE","35-59",2025-02-13,2025-02-16,1,"quantile",0.5,663450.974800197
"2973","DE","35-59",2025-02-13,2025-02-16,1,"quantile",0.75,759106
"2974","DE","35-59",2025-02-13,2025-02-16,1,"quantile",0.9,865146
"2975","DE","35-59",2025-02-13,2025-02-16,1,"quantile",0.975,994568
"2976","DE","35-59",2025-02-13,2025-02-23,2,"quantile",0.025,293807
"2977","DE","35-59",2025-02-13,2025-02-23,2,"quantile",0.1,363830
"2978","DE","35-59",2025-02-13,2025-02-23,2,"quantile",0.25,435563
"2979","DE","35-59",2025-02-13,2025-02-23,2,"quantile",0.5,538746.078734044
"2980","DE","35-59",2025-02-13,2025-02-23,2,"quantile",0.75,627932
"2981","DE","35-59",2025-02-13,2025-02-23,2,"quantile",0.9,730233
"2982","DE","35-59",2025-02-13,2025-02-23,2,"quantile",0.975,856712
"2983","DE","35-59",2025-02-13,2025-03-02,3,"quantile",0.025,213448
"2984","DE","35-59",2025-02-13,2025-03-02,3,"quantile",0.1,274887
"2985","DE","35-59",2025-02-13,2025-03-02,3,"quantile",0.25,339414
"2986","DE","35-59",2025-02-13,2025-03-02,3,"quantile",0.5,436195.370220357
"2987","DE","35-59",2025-02-13,2025-03-02,3,"quantile",0.75,517981
"2988","DE","35-59",2025-02-13,2025-03-02,3,"quantile",0.9,615284
"2989","DE","35-59",2025-02-13,2025-03-02,3,"quantile",0.975,737200
"2990","DE","35-59",2025-02-13,2025-03-09,4,"quantile",0.025,163753
"2991","DE","35-59",2025-02-13,2025-03-09,4,"quantile",0.1,222441
"2992","DE","35-59",2025-02-13,2025-03-09,4,"quantile",0.25,286207
"2993","DE","35-59",2025-02-13,2025-03-09,4,"quantile",0.5,387234.120766407
"2994","DE","35-59",2025-02-13,2025-03-09,4,"quantile",0.75,470157
"2995","DE","35-59",2025-02-13,2025-03-09,4,"quantile",0.9,573541
"2996","DE","35-59",2025-02-13,2025-03-09,4,"quantile",0.975,705229
"2997","DE","60+",2025-02-13,2025-02-16,1,"quantile",0.025,154020
"2998","DE","60+",2025-02-13,2025-02-16,1,"quantile",0.1,179631
"2999","DE","60+",2025-02-13,2025-02-16,1,"quantile",0.25,204890
"3000","DE","60+",2025-02-13,2025-02-16,1,"quantile",0.5,238874.298856051
"3001","DE","60+",2025-02-13,2025-02-16,1,"quantile",0.75,269346
"3002","DE","60+",2025-02-13,2025-02-16,1,"quantile",0.9,302268
"3003","DE","60+",2025-02-13,2025-02-16,1,"quantile",0.975,342050
"3004","DE","60+",2025-02-13,2025-02-23,2,"quantile",0.025,127956
"3005","DE","60+",2025-02-13,2025-02-23,2,"quantile",0.1,150367
"3006","DE","60+",2025-02-13,2025-02-23,2,"quantile",0.25,172574
"3007","DE","60+",2025-02-13,2025-02-23,2,"quantile",0.5,202712.831303282
"3008","DE","60+",2025-02-13,2025-02-23,2,"quantile",0.75,229608
"3009","DE","60+",2025-02-13,2025-02-23,2,"quantile",0.9,258893
"3010","DE","60+",2025-02-13,2025-02-23,2,"quantile",0.975,294390
"3011","DE","60+",2025-02-13,2025-03-02,3,"quantile",0.025,93079
"3012","DE","60+",2025-02-13,2025-03-02,3,"quantile",0.1,113118
"3013","DE","60+",2025-02-13,2025-03-02,3,"quantile",0.25,133402
"3014","DE","60+",2025-02-13,2025-03-02,3,"quantile",0.5,161986.47069281
"3015","DE","60+",2025-02-13,2025-03-02,3,"quantile",0.75,186972
"3016","DE","60+",2025-02-13,2025-03-02,3,"quantile",0.9,215113
"3017","DE","60+",2025-02-13,2025-03-02,3,"quantile",0.975,249669
"3018","DE","60+",2025-02-13,2025-03-09,4,"quantile",0.025,74653
"3019","DE","60+",2025-02-13,2025-03-09,4,"quantile",0.1,94581
"3020","DE","60+",2025-02-13,2025-03-09,4,"quantile",0.25,115294
"3021","DE","60+",2025-02-13,2025-03-09,4,"quantile",0.5,145827.013825408
"3022","DE","60+",2025-02-13,2025-03-09,4,"quantile",0.75,171871
"3023","DE","60+",2025-02-13,2025-03-09,4,"quantile",0.9,202393
"3024","DE","60+",2025-02-13,2025-03-09,4,"quantile",0.975,240429
"3025","DE","00+",2025-02-20,2025-02-23,1,"quantile",0.025,1157368
"3026","DE","00+",2025-02-20,2025-02-23,1,"quantile",0.1,1347353
"3027","DE","00+",2025-02-20,2025-02-23,1,"quantile",0.25,1534502
"3028","DE","00+",2025-02-20,2025-02-23,1,"quantile",0.5,1785781.74482102
"3029","DE","00+",2025-02-20,2025-02-23,1,"quantile",0.75,2011350
"3030","DE","00+",2025-02-20,2025-02-23,1,"quantile",0.9,2254588
"3031","DE","00+",2025-02-20,2025-02-23,1,"quantile",0.975,2548292
"3032","DE","00+",2025-02-20,2025-03-02,2,"quantile",0.025,823179
"3033","DE","00+",2025-02-20,2025-03-02,2,"quantile",0.1,999216
"3034","DE","00+",2025-02-20,2025-03-02,2,"quantile",0.25,1177281
"3035","DE","00+",2025-02-20,2025-03-02,2,"quantile",0.5,1427883.06057704
"3036","DE","00+",2025-02-20,2025-03-02,2,"quantile",0.75,1647085
"3037","DE","00+",2025-02-20,2025-03-02,2,"quantile",0.9,1893698
"3038","DE","00+",2025-02-20,2025-03-02,2,"quantile",0.975,2196389
"3039","DE","00+",2025-02-20,2025-03-09,3,"quantile",0.025,569594
"3040","DE","00+",2025-02-20,2025-03-09,3,"quantile",0.1,714597
"3041","DE","00+",2025-02-20,2025-03-09,3,"quantile",0.25,864374
"3042","DE","00+",2025-02-20,2025-03-09,3,"quantile",0.5,1082868.38560572
"3043","DE","00+",2025-02-20,2025-03-09,3,"quantile",0.75,1270290
"3044","DE","00+",2025-02-20,2025-03-09,3,"quantile",0.9,1487945
"3045","DE","00+",2025-02-20,2025-03-09,3,"quantile",0.975,1758273
"3046","DE","00+",2025-02-20,2025-03-16,4,"quantile",0.025,428565
"3047","DE","00+",2025-02-20,2025-03-16,4,"quantile",0.1,563442
"3048","DE","00+",2025-02-20,2025-03-16,4,"quantile",0.25,706969
"3049","DE","00+",2025-02-20,2025-03-16,4,"quantile",0.5,926917.040942849
"3050","DE","00+",2025-02-20,2025-03-16,4,"quantile",0.75,1110663
"3051","DE","00+",2025-02-20,2025-03-16,4,"quantile",0.9,1333353
"3052","DE","00+",2025-02-20,2025-03-16,4,"quantile",0.975,1614221
"3053","DE","00-04",2025-02-20,2025-02-23,1,"quantile",0.025,159792
"3054","DE","00-04",2025-02-20,2025-02-23,1,"quantile",0.1,183351
"3055","DE","00-04",2025-02-20,2025-02-23,1,"quantile",0.25,206347
"3056","DE","00-04",2025-02-20,2025-02-23,1,"quantile",0.5,236709.686164991
"3057","DE","00-04",2025-02-20,2025-02-23,1,"quantile",0.75,264221
"3058","DE","00-04",2025-02-20,2025-02-23,1,"quantile",0.9,293436
"3059","DE","00-04",2025-02-20,2025-02-23,1,"quantile",0.975,328500
"3060","DE","00-04",2025-02-20,2025-03-02,2,"quantile",0.025,135163
"3061","DE","00-04",2025-02-20,2025-03-02,2,"quantile",0.1,158093
"3062","DE","00-04",2025-02-20,2025-03-02,2,"quantile",0.25,180746
"3063","DE","00-04",2025-02-20,2025-03-02,2,"quantile",0.5,211327.081256757
"3064","DE","00-04",2025-02-20,2025-03-02,2,"quantile",0.75,238697
"3065","DE","00-04",2025-02-20,2025-03-02,2,"quantile",0.9,268356
"3066","DE","00-04",2025-02-20,2025-03-02,2,"quantile",0.975,304236
"3067","DE","00-04",2025-02-20,2025-03-09,3,"quantile",0.025,113489
"3068","DE","00-04",2025-02-20,2025-03-09,3,"quantile",0.1,135261
"3069","DE","00-04",2025-02-20,2025-03-09,3,"quantile",0.25,157028
"3070","DE","00-04",2025-02-20,2025-03-09,3,"quantile",0.5,187045.227482385
"3071","DE","00-04",2025-02-20,2025-03-09,3,"quantile",0.75,213596
"3072","DE","00-04",2025-02-20,2025-03-09,3,"quantile",0.9,242927
"3073","DE","00-04",2025-02-20,2025-03-09,3,"quantile",0.975,278678
"3074","DE","00-04",2025-02-20,2025-03-16,4,"quantile",0.025,96772
"3075","DE","00-04",2025-02-20,2025-03-16,4,"quantile",0.1,117485
"3076","DE","00-04",2025-02-20,2025-03-16,4,"quantile",0.25,138438
"3077","DE","00-04",2025-02-20,2025-03-16,4,"quantile",0.5,167931.072845663
"3078","DE","00-04",2025-02-20,2025-03-16,4,"quantile",0.75,193727
"3079","DE","00-04",2025-02-20,2025-03-16,4,"quantile",0.9,222752
"3080","DE","00-04",2025-02-20,2025-03-16,4,"quantile",0.975,258379
"3081","DE","05-14",2025-02-20,2025-02-23,1,"quantile",0.025,112408
"3082","DE","05-14",2025-02-20,2025-02-23,1,"quantile",0.1,141627
"3083","DE","05-14",2025-02-20,2025-02-23,1,"quantile",0.25,171890
"3084","DE","05-14",2025-02-20,2025-02-23,1,"quantile",0.5,216240.313415108
"3085","DE","05-14",2025-02-20,2025-02-23,1,"quantile",0.75,254189
"3086","DE","05-14",2025-02-20,2025-02-23,1,"quantile",0.9,298436
"3087","DE","05-14",2025-02-20,2025-02-23,1,"quantile",0.975,353472
"3088","DE","05-14",2025-02-20,2025-03-02,2,"quantile",0.025,83403
"3089","DE","05-14",2025-02-20,2025-03-02,2,"quantile",0.1,108949
"3090","DE","05-14",2025-02-20,2025-03-02,2,"quantile",0.25,136021
"3091","DE","05-14",2025-02-20,2025-03-02,2,"quantile",0.5,177231.616608689
"3092","DE","05-14",2025-02-20,2025-03-02,2,"quantile",0.75,211782
"3093","DE","05-14",2025-02-20,2025-03-02,2,"quantile",0.9,253416
"3094","DE","05-14",2025-02-20,2025-03-02,2,"quantile",0.975,305821
"3095","DE","05-14",2025-02-20,2025-03-09,3,"quantile",0.025,65713
"3096","DE","05-14",2025-02-20,2025-03-09,3,"quantile",0.1,86788
"3097","DE","05-14",2025-02-20,2025-03-09,3,"quantile",0.25,109280
"3098","DE","05-14",2025-02-20,2025-03-09,3,"quantile",0.5,143909.5147638
"3099","DE","05-14",2025-02-20,2025-03-09,3,"quantile",0.75,172767
"3100","DE","05-14",2025-02-20,2025-03-09,3,"quantile",0.9,207881
"3101","DE","05-14",2025-02-20,2025-03-09,3,"quantile",0.975,252231
"3102","DE","05-14",2025-02-20,2025-03-16,4,"quantile",0.025,52825
"3103","DE","05-14",2025-02-20,2025-03-16,4,"quantile",0.1,70874
"3104","DE","05-14",2025-02-20,2025-03-16,4,"quantile",0.25,90331
"3105","DE","05-14",2025-02-20,2025-03-16,4,"quantile",0.5,120772.960155126
"3106","DE","05-14",2025-02-20,2025-03-16,4,"quantile",0.75,145926
"3107","DE","05-14",2025-02-20,2025-03-16,4,"quantile",0.9,176954
"3108","DE","05-14",2025-02-20,2025-03-16,4,"quantile",0.975,216332
"3109","DE","15-34",2025-02-20,2025-02-23,1,"quantile",0.025,244786
"3110","DE","15-34",2025-02-20,2025-02-23,1,"quantile",0.1,295183
"3111","DE","15-34",2025-02-20,2025-02-23,1,"quantile",0.25,345949
"3112","DE","15-34",2025-02-20,2025-02-23,1,"quantile",0.5,416875.019545869
"3113","DE","15-34",2025-02-20,2025-02-23,1,"quantile",0.75,479163
"3114","DE","15-34",2025-02-20,2025-02-23,1,"quantile",0.9,548784
"3115","DE","15-34",2025-02-20,2025-02-23,1,"quantile",0.975,634027
"3116","DE","15-34",2025-02-20,2025-03-02,2,"quantile",0.025,185015
"3117","DE","15-34",2025-02-20,2025-03-02,2,"quantile",0.1,229481
"3118","DE","15-34",2025-02-20,2025-03-02,2,"quantile",0.25,275079
"3119","DE","15-34",2025-02-20,2025-03-02,2,"quantile",0.5,340784.528306603
"3120","DE","15-34",2025-02-20,2025-03-02,2,"quantile",0.75,397523
"3121","DE","15-34",2025-02-20,2025-03-02,2,"quantile",0.9,462705
"3122","DE","15-34",2025-02-20,2025-03-02,2,"quantile",0.975,543338
"3123","DE","15-34",2025-02-20,2025-03-09,3,"quantile",0.025,142339
"3124","DE","15-34",2025-02-20,2025-03-09,3,"quantile",0.1,180983
"3125","DE","15-34",2025-02-20,2025-03-09,3,"quantile",0.25,221241
"3126","DE","15-34",2025-02-20,2025-03-09,3,"quantile",0.5,280813.150509598
"3127","DE","15-34",2025-02-20,2025-03-09,3,"quantile",0.75,331521
"3128","DE","15-34",2025-02-20,2025-03-09,3,"quantile",0.9,391148
"3129","DE","15-34",2025-02-20,2025-03-09,3,"quantile",0.975,465544
"3130","DE","15-34",2025-02-20,2025-03-16,4,"quantile",0.025,118975
"3131","DE","15-34",2025-02-20,2025-03-16,4,"quantile",0.1,156494
"3132","DE","15-34",2025-02-20,2025-03-16,4,"quantile",0.25,196432
"3133","DE","15-34",2025-02-20,2025-03-16,4,"quantile",0.5,257663.87123442
"3134","DE","15-34",2025-02-20,2025-03-16,4,"quantile",0.75,308804
"3135","DE","15-34",2025-02-20,2025-03-16,4,"quantile",0.9,370810
"3136","DE","15-34",2025-02-20,2025-03-16,4,"quantile",0.975,449026
"3137","DE","35-59",2025-02-20,2025-02-23,1,"quantile",0.025,367385
"3138","DE","35-59",2025-02-20,2025-02-23,1,"quantile",0.1,439380
"3139","DE","35-59",2025-02-20,2025-02-23,1,"quantile",0.25,511522
"3140","DE","35-59",2025-02-20,2025-02-23,1,"quantile",0.5,611390.358646293
"3141","DE","35-59",2025-02-20,2025-02-23,1,"quantile",0.75,699540
"3142","DE","35-59",2025-02-20,2025-02-23,1,"quantile",0.9,797259
"3143","DE","35-59",2025-02-20,2025-02-23,1,"quantile",0.975,916526
"3144","DE","35-59",2025-02-20,2025-03-02,2,"quantile",0.025,266466
"3145","DE","35-59",2025-02-20,2025-03-02,2,"quantile",0.1,329973
"3146","DE","35-59",2025-02-20,2025-03-02,2,"quantile",0.25,395030
"3147","DE","35-59",2025-02-20,2025-03-02,2,"quantile",0.5,488611.412210503
"3148","DE","35-59",2025-02-20,2025-03-02,2,"quantile",0.75,569498
"3149","DE","35-59",2025-02-20,2025-03-02,2,"quantile",0.9,662279
"3150","DE","35-59",2025-02-20,2025-03-02,2,"quantile",0.975,776988
"3151","DE","35-59",2025-02-20,2025-03-09,3,"quantile",0.025,191482
"3152","DE","35-59",2025-02-20,2025-03-09,3,"quantile",0.1,246599
"3153","DE","35-59",2025-02-20,2025-03-09,3,"quantile",0.25,304486
"3154","DE","35-59",2025-02-20,2025-03-09,3,"quantile",0.5,391307.913035172
"3155","DE","35-59",2025-02-20,2025-03-09,3,"quantile",0.75,464677
"3156","DE","35-59",2025-02-20,2025-03-09,3,"quantile",0.9,551967
"3157","DE","35-59",2025-02-20,2025-03-09,3,"quantile",0.975,661337
"3158","DE","35-59",2025-02-20,2025-03-16,4,"quantile",0.025,151035
"3159","DE","35-59",2025-02-20,2025-03-16,4,"quantile",0.1,205166
"3160","DE","35-59",2025-02-20,2025-03-16,4,"quantile",0.25,263979
"3161","DE","35-59",2025-02-20,2025-03-16,4,"quantile",0.5,357160.13884364
"3162","DE","35-59",2025-02-20,2025-03-16,4,"quantile",0.75,433643
"3163","DE","35-59",2025-02-20,2025-03-16,4,"quantile",0.9,528998
"3164","DE","35-59",2025-02-20,2025-03-16,4,"quantile",0.975,650459
"3165","DE","60+",2025-02-20,2025-02-23,1,"quantile",0.025,151875
"3166","DE","60+",2025-02-20,2025-02-23,1,"quantile",0.1,177130
"3167","DE","60+",2025-02-20,2025-02-23,1,"quantile",0.25,202036
"3168","DE","60+",2025-02-20,2025-02-23,1,"quantile",0.5,235547.834672912
"3169","DE","60+",2025-02-20,2025-02-23,1,"quantile",0.75,265595
"3170","DE","60+",2025-02-20,2025-02-23,1,"quantile",0.9,298059
"3171","DE","60+",2025-02-20,2025-02-23,1,"quantile",0.975,337287
"3172","DE","60+",2025-02-20,2025-03-02,2,"quantile",0.025,122568
"3173","DE","60+",2025-02-20,2025-03-02,2,"quantile",0.1,144034
"3174","DE","60+",2025-02-20,2025-03-02,2,"quantile",0.25,165307
"3175","DE","60+",2025-02-20,2025-03-02,2,"quantile",0.5,194176.42013959
"3176","DE","60+",2025-02-20,2025-03-02,2,"quantile",0.75,219939
"3177","DE","60+",2025-02-20,2025-03-02,2,"quantile",0.9,247991
"3178","DE","60+",2025-02-20,2025-03-02,2,"quantile",0.975,281993
"3179","DE","60+",2025-02-20,2025-03-09,3,"quantile",0.025,91336
"3180","DE","60+",2025-02-20,2025-03-09,3,"quantile",0.1,110999
"3181","DE","60+",2025-02-20,2025-03-09,3,"quantile",0.25,130904
"3182","DE","60+",2025-02-20,2025-03-09,3,"quantile",0.5,158952.696826623
"3183","DE","60+",2025-02-20,2025-03-09,3,"quantile",0.75,183470
"3184","DE","60+",2025-02-20,2025-03-09,3,"quantile",0.9,211085
"3185","DE","60+",2025-02-20,2025-03-09,3,"quantile",0.975,244993
"3186","DE","60+",2025-02-20,2025-03-16,4,"quantile",0.025,76919
"3187","DE","60+",2025-02-20,2025-03-16,4,"quantile",0.1,97452
"3188","DE","60+",2025-02-20,2025-03-16,4,"quantile",0.25,118793
"3189","DE","60+",2025-02-20,2025-03-16,4,"quantile",0.5,150253.330200051
"3190","DE","60+",2025-02-20,2025-03-16,4,"quantile",0.75,177087
"3191","DE","60+",2025-02-20,2025-03-16,4,"quantile",0.9,208536
"3192","DE","60+",2025-02-20,2025-03-16,4,"quantile",0.975,247727
"3193","DE","00+",2025-02-27,2025-03-02,1,"quantile",0.025,972528
"3194","DE","00+",2025-02-27,2025-03-02,1,"quantile",0.1,1132172
"3195","DE","00+",2025-02-27,2025-03-02,1,"quantile",0.25,1289431
"3196","DE","00+",2025-02-27,2025-03-02,1,"quantile",0.5,1500580.53418001
"3197","DE","00+",2025-02-27,2025-03-02,1,"quantile",0.75,1690124
"3198","DE","00+",2025-02-27,2025-03-02,1,"quantile",0.9,1894516
"3199","DE","00+",2025-02-27,2025-03-02,1,"quantile",0.975,2141314
"3200","DE","00+",2025-02-27,2025-03-09,2,"quantile",0.025,641006
"3201","DE","00+",2025-02-27,2025-03-09,2,"quantile",0.1,778086
"3202","DE","00+",2025-02-27,2025-03-09,2,"quantile",0.25,916744
"3203","DE","00+",2025-02-27,2025-03-09,2,"quantile",0.5,1111887.6705464
"3204","DE","00+",2025-02-27,2025-03-09,2,"quantile",0.75,1282580
"3205","DE","00+",2025-02-27,2025-03-09,2,"quantile",0.9,1474617
"3206","DE","00+",2025-02-27,2025-03-09,2,"quantile",0.975,1710321
"3207","DE","00+",2025-02-27,2025-03-16,3,"quantile",0.025,468152
"3208","DE","00+",2025-02-27,2025-03-16,3,"quantile",0.1,587331
"3209","DE","00+",2025-02-27,2025-03-16,3,"quantile",0.25,710433
"3210","DE","00+",2025-02-27,2025-03-16,3,"quantile",0.5,890015.629576737
"3211","DE","00+",2025-02-27,2025-03-16,3,"quantile",0.75,1044059
"3212","DE","00+",2025-02-27,2025-03-16,3,"quantile",0.9,1222951
"3213","DE","00+",2025-02-27,2025-03-16,3,"quantile",0.975,1445135
"3214","DE","00+",2025-02-27,2025-03-23,4,"quantile",0.025,356761
"3215","DE","00+",2025-02-27,2025-03-23,4,"quantile",0.1,469041
"3216","DE","00+",2025-02-27,2025-03-23,4,"quantile",0.25,588521
"3217","DE","00+",2025-02-27,2025-03-23,4,"quantile",0.5,771619.062903911
"3218","DE","00+",2025-02-27,2025-03-23,4,"quantile",0.75,924580
"3219","DE","00+",2025-02-27,2025-03-23,4,"quantile",0.9,1109960
"3220","DE","00+",2025-02-27,2025-03-23,4,"quantile",0.975,1343771
"3221","DE","00-04",2025-02-27,2025-03-02,1,"quantile",0.025,159448
"3222","DE","00-04",2025-02-27,2025-03-02,1,"quantile",0.1,182956
"3223","DE","00-04",2025-02-27,2025-03-02,1,"quantile",0.25,205902
"3224","DE","00-04",2025-02-27,2025-03-02,1,"quantile",0.5,236199.599431746
"3225","DE","00-04",2025-02-27,2025-03-02,1,"quantile",0.75,263651
"3226","DE","00-04",2025-02-27,2025-03-02,1,"quantile",0.9,292804
"3227","DE","00-04",2025-02-27,2025-03-02,1,"quantile",0.975,327792
"3228","DE","00-04",2025-02-27,2025-03-09,2,"quantile",0.025,128815
"3229","DE","00-04",2025-02-27,2025-03-09,2,"quantile",0.1,150667
"3230","DE","00-04",2025-02-27,2025-03-09,2,"quantile",0.25,172257
"3231","DE","00-04",2025-02-27,2025-03-09,2,"quantile",0.5,201401.511498748
"3232","DE","00-04",2025-02-27,2025-03-09,2,"quantile",0.75,227486
"3233","DE","00-04",2025-02-27,2025-03-09,2,"quantile",0.9,255752
"3234","DE","00-04",2025-02-27,2025-03-09,2,"quantile",0.975,289947
"3235","DE","00-04",2025-02-27,2025-03-16,3,"quantile",0.025,109845
"3236","DE","00-04",2025-02-27,2025-03-16,3,"quantile",0.1,130918
"3237","DE","00-04",2025-02-27,2025-03-16,3,"quantile",0.25,151987
"3238","DE","00-04",2025-02-27,2025-03-16,3,"quantile",0.5,181039.666949429
"3239","DE","00-04",2025-02-27,2025-03-16,3,"quantile",0.75,206738
"3240","DE","00-04",2025-02-27,2025-03-16,3,"quantile",0.9,235128
"3241","DE","00-04",2025-02-27,2025-03-16,3,"quantile",0.975,269730
"3242","DE","00-04",2025-02-27,2025-03-23,4,"quantile",0.025,92448
"3243","DE","00-04",2025-02-27,2025-03-23,4,"quantile",0.1,112236
"3244","DE","00-04",2025-02-27,2025-03-23,4,"quantile",0.25,132252
"3245","DE","00-04",2025-02-27,2025-03-23,4,"quantile",0.5,160427.843935906
"3246","DE","00-04",2025-02-27,2025-03-23,4,"quantile",0.75,185071
"3247","DE","00-04",2025-02-27,2025-03-23,4,"quantile",0.9,212799
"3248","DE","00-04",2025-02-27,2025-03-23,4,"quantile",0.975,246834
"3249","DE","05-14",2025-02-27,2025-03-02,1,"quantile",0.025,107314
"3250","DE","05-14",2025-02-27,2025-03-02,1,"quantile",0.1,135209
"3251","DE","05-14",2025-02-27,2025-03-02,1,"quantile",0.25,164101
"3252","DE","05-14",2025-02-27,2025-03-02,1,"quantile",0.5,206440.857730768
"3253","DE","05-14",2025-02-27,2025-03-02,1,"quantile",0.75,242670
"3254","DE","05-14",2025-02-27,2025-03-02,1,"quantile",0.9,284912
"3255","DE","05-14",2025-02-27,2025-03-02,1,"quantile",0.975,337453
"3256","DE","05-14",2025-02-27,2025-03-09,2,"quantile",0.025,81764
"3257","DE","05-14",2025-02-27,2025-03-09,2,"quantile",0.1,106807
"3258","DE","05-14",2025-02-27,2025-03-09,2,"quantile",0.25,133347
"3259","DE","05-14",2025-02-27,2025-03-09,2,"quantile",0.5,173748.39101062
"3260","DE","05-14",2025-02-27,2025-03-09,2,"quantile",0.75,207620
"3261","DE","05-14",2025-02-27,2025-03-09,2,"quantile",0.9,248436
"3262","DE","05-14",2025-02-27,2025-03-09,2,"quantile",0.975,299811
"3263","DE","05-14",2025-02-27,2025-03-16,3,"quantile",0.025,58659
"3264","DE","05-14",2025-02-27,2025-03-16,3,"quantile",0.1,77472
"3265","DE","05-14",2025-02-27,2025-03-16,3,"quantile",0.25,97550
"3266","DE","05-14",2025-02-27,2025-03-16,3,"quantile",0.5,128462.459201808
"3267","DE","05-14",2025-02-27,2025-03-16,3,"quantile",0.75,154223
"3268","DE","05-14",2025-02-27,2025-03-16,3,"quantile",0.9,185568
"3269","DE","05-14",2025-02-27,2025-03-16,3,"quantile",0.975,225157
"3270","DE","05-14",2025-02-27,2025-03-23,4,"quantile",0.025,44995
"3271","DE","05-14",2025-02-27,2025-03-23,4,"quantile",0.1,60370
"3272","DE","05-14",2025-02-27,2025-03-23,4,"quantile",0.25,76943
"3273","DE","05-14",2025-02-27,2025-03-23,4,"quantile",0.5,102873.298049136
"3274","DE","05-14",2025-02-27,2025-03-23,4,"quantile",0.75,124298
"3275","DE","05-14",2025-02-27,2025-03-23,4,"quantile",0.9,150728
"3276","DE","05-14",2025-02-27,2025-03-23,4,"quantile",0.975,184270
"3277","DE","15-34",2025-02-27,2025-03-02,1,"quantile",0.025,228051
"3278","DE","15-34",2025-02-27,2025-03-02,1,"quantile",0.1,275004
"3279","DE","15-34",2025-02-27,2025-03-02,1,"quantile",0.25,322299
"3280","DE","15-34",2025-02-27,2025-03-02,1,"quantile",0.5,388376.884342978
"3281","DE","15-34",2025-02-27,2025-03-02,1,"quantile",0.75,446407
"3282","DE","15-34",2025-02-27,2025-03-02,1,"quantile",0.9,511269
"3283","DE","15-34",2025-02-27,2025-03-02,1,"quantile",0.975,590684
"3284","DE","15-34",2025-02-27,2025-03-09,2,"quantile",0.025,181371
"3285","DE","15-34",2025-02-27,2025-03-09,2,"quantile",0.1,224961
"3286","DE","15-34",2025-02-27,2025-03-09,2,"quantile",0.25,269661
"3287","DE","15-34",2025-02-27,2025-03-09,2,"quantile",0.5,334072.521128049
"3288","DE","15-34",2025-02-27,2025-03-09,2,"quantile",0.75,389693
"3289","DE","15-34",2025-02-27,2025-03-09,2,"quantile",0.9,453591
"3290","DE","15-34",2025-02-27,2025-03-09,2,"quantile",0.975,532637
"3291","DE","15-34",2025-02-27,2025-03-16,3,"quantile",0.025,132046
"3292","DE","15-34",2025-02-27,2025-03-16,3,"quantile",0.1,167895
"3293","DE","15-34",2025-02-27,2025-03-16,3,"quantile",0.25,205242
"3294","DE","15-34",2025-02-27,2025-03-16,3,"quantile",0.5,260506.509692317
"3295","DE","15-34",2025-02-27,2025-03-16,3,"quantile",0.75,307548
"3296","DE","15-34",2025-02-27,2025-03-16,3,"quantile",0.9,362863
"3297","DE","15-34",2025-02-27,2025-03-16,3,"quantile",0.975,431879
"3298","DE","15-34",2025-02-27,2025-03-23,4,"quantile",0.025,106410
"3299","DE","15-34",2025-02-27,2025-03-23,4,"quantile",0.1,139967
"3300","DE","15-34",2025-02-27,2025-03-23,4,"quantile",0.25,175687
"3301","DE","15-34",2025-02-27,2025-03-23,4,"quantile",0.5,230452.974411104
"3302","DE","15-34",2025-02-27,2025-03-23,4,"quantile",0.75,276193
"3303","DE","15-34",2025-02-27,2025-03-23,4,"quantile",0.9,331650
"3304","DE","15-34",2025-02-27,2025-03-23,4,"quantile",0.975,401606
"3305","DE","35-59",2025-02-27,2025-03-02,1,"quantile",0.025,344773
"3306","DE","35-59",2025-02-27,2025-03-02,1,"quantile",0.1,412337
"3307","DE","35-59",2025-02-27,2025-03-02,1,"quantile",0.25,480039
"3308","DE","35-59",2025-02-27,2025-03-02,1,"quantile",0.5,573761.331273069
"3309","DE","35-59",2025-02-27,2025-03-02,1,"quantile",0.75,656485
"3310","DE","35-59",2025-02-27,2025-03-02,1,"quantile",0.9,748190
"3311","DE","35-59",2025-02-27,2025-03-02,1,"quantile",0.975,860117
"3312","DE","35-59",2025-02-27,2025-03-09,2,"quantile",0.025,251906
"3313","DE","35-59",2025-02-27,2025-03-09,2,"quantile",0.1,311943
"3314","DE","35-59",2025-02-27,2025-03-09,2,"quantile",0.25,373446
"3315","DE","35-59",2025-02-27,2025-03-09,2,"quantile",0.5,461914.033932474
"3316","DE","35-59",2025-02-27,2025-03-09,2,"quantile",0.75,538381
"3317","DE","35-59",2025-02-27,2025-03-09,2,"quantile",0.9,626093
"3318","DE","35-59",2025-02-27,2025-03-09,2,"quantile",0.975,734534
"3319","DE","35-59",2025-02-27,2025-03-16,3,"quantile",0.025,182386
"3320","DE","35-59",2025-02-27,2025-03-16,3,"quantile",0.1,234884
"3321","DE","35-59",2025-02-27,2025-03-16,3,"quantile",0.25,290021
"3322","DE","35-59",2025-02-27,2025-03-16,3,"quantile",0.5,372718.584508021
"3323","DE","35-59",2025-02-27,2025-03-16,3,"quantile",0.75,442603
"3324","DE","35-59",2025-02-27,2025-03-16,3,"quantile",0.9,525746
"3325","DE","35-59",2025-02-27,2025-03-16,3,"quantile",0.975,629920
"3326","DE","35-59",2025-02-27,2025-03-23,4,"quantile",0.025,135899
"3327","DE","35-59",2025-02-27,2025-03-23,4,"quantile",0.1,184605
"3328","DE","35-59",2025-02-27,2025-03-23,4,"quantile",0.25,237524
"3329","DE","35-59",2025-02-27,2025-03-23,4,"quantile",0.5,321367.290939011
"3330","DE","35-59",2025-02-27,2025-03-23,4,"quantile",0.75,390186
"3331","DE","35-59",2025-02-27,2025-03-23,4,"quantile",0.9,475985
"3332","DE","35-59",2025-02-27,2025-03-23,4,"quantile",0.975,585273
"3333","DE","60+",2025-02-27,2025-03-02,1,"quantile",0.025,148088
"3334","DE","60+",2025-02-27,2025-03-02,1,"quantile",0.1,172714
"3335","DE","60+",2025-02-27,2025-03-02,1,"quantile",0.25,196999
"3336","DE","60+",2025-02-27,2025-03-02,1,"quantile",0.5,229675.363365845
"3337","DE","60+",2025-02-27,2025-03-02,1,"quantile",0.75,258974
"3338","DE","60+",2025-02-27,2025-03-02,1,"quantile",0.9,290628
"3339","DE","60+",2025-02-27,2025-03-02,1,"quantile",0.975,328878
"3340","DE","60+",2025-02-27,2025-03-09,2,"quantile",0.025,116019
"3341","DE","60+",2025-02-27,2025-03-09,2,"quantile",0.1,136339
"3342","DE","60+",2025-02-27,2025-03-09,2,"quantile",0.25,156474
"3343","DE","60+",2025-02-27,2025-03-09,2,"quantile",0.5,183801.88980043
"3344","DE","60+",2025-02-27,2025-03-09,2,"quantile",0.75,208188
"3345","DE","60+",2025-02-27,2025-03-09,2,"quantile",0.9,234741
"3346","DE","60+",2025-02-27,2025-03-09,2,"quantile",0.975,266927
"3347","DE","60+",2025-02-27,2025-03-16,3,"quantile",0.025,90783
"3348","DE","60+",2025-02-27,2025-03-16,3,"quantile",0.1,110328
"3349","DE","60+",2025-02-27,2025-03-16,3,"quantile",0.25,130112
"3350","DE","60+",2025-02-27,2025-03-16,3,"quantile",0.5,157991.234949483
"3351","DE","60+",2025-02-27,2025-03-16,3,"quantile",0.75,182360
"3352","DE","60+",2025-02-27,2025-03-16,3,"quantile",0.9,209808
"3353","DE","60+",2025-02-27,2025-03-16,3,"quantile",0.975,243512
"3354","DE","60+",2025-02-27,2025-03-23,4,"quantile",0.025,70148
"3355","DE","60+",2025-02-27,2025-03-23,4,"quantile",0.1,88874
"3356","DE","60+",2025-02-27,2025-03-23,4,"quantile",0.25,108337
"3357","DE","60+",2025-02-27,2025-03-23,4,"quantile",0.5,137028.412914369
"3358","DE","60+",2025-02-27,2025-03-23,4,"quantile",0.75,161501
"3359","DE","60+",2025-02-27,2025-03-23,4,"quantile",0.9,190182
"3360","DE","60+",2025-02-27,2025-03-23,4,"quantile",0.975,225923
"3361","DE","00+",2025-03-06,2025-03-09,1,"quantile",0.025,931985
"3362","DE","00+",2025-03-06,2025-03-09,1,"quantile",0.1,1084973
"3363","DE","00+",2025-03-06,2025-03-09,1,"quantile",0.25,1235677
"3364","DE","00+",2025-03-06,2025-03-09,1,"quantile",0.5,1438024.12693568
"3365","DE","00+",2025-03-06,2025-03-09,1,"quantile",0.75,1619666
"3366","DE","00+",2025-03-06,2025-03-09,1,"quantile",0.9,1815537
"3367","DE","00+",2025-03-06,2025-03-09,1,"quantile",0.975,2052046
"3368","DE","00+",2025-03-06,2025-03-16,2,"quantile",0.025,608898
"3369","DE","00+",2025-03-06,2025-03-16,2,"quantile",0.1,739112
"3370","DE","00+",2025-03-06,2025-03-16,2,"quantile",0.25,870826
"3371","DE","00+",2025-03-06,2025-03-16,2,"quantile",0.5,1056194.63956299
"3372","DE","00+",2025-03-06,2025-03-16,2,"quantile",0.75,1218337
"3373","DE","00+",2025-03-06,2025-03-16,2,"quantile",0.9,1400755
"3374","DE","00+",2025-03-06,2025-03-16,2,"quantile",0.975,1624654
"3375","DE","00+",2025-03-06,2025-03-23,3,"quantile",0.025,465527
"3376","DE","00+",2025-03-06,2025-03-23,3,"quantile",0.1,584038
"3377","DE","00+",2025-03-06,2025-03-23,3,"quantile",0.25,706450
"3378","DE","00+",2025-03-06,2025-03-23,3,"quantile",0.5,885025.431081144
"3379","DE","00+",2025-03-06,2025-03-23,3,"quantile",0.75,1038205
"3380","DE","00+",2025-03-06,2025-03-23,3,"quantile",0.9,1216094
"3381","DE","00+",2025-03-06,2025-03-23,3,"quantile",0.975,1437033
"3382","DE","00+",2025-03-06,2025-03-30,4,"quantile",0.025,355093
"3383","DE","00+",2025-03-06,2025-03-30,4,"quantile",0.1,466847
"3384","DE","00+",2025-03-06,2025-03-30,4,"quantile",0.25,585768
"3385","DE","00+",2025-03-06,2025-03-30,4,"quantile",0.5,768009.386455704
"3386","DE","00+",2025-03-06,2025-03-30,4,"quantile",0.75,920255
"3387","DE","00+",2025-03-06,2025-03-30,4,"quantile",0.9,1104768
"3388","DE","00+",2025-03-06,2025-03-30,4,"quantile",0.975,1337485
"3389","DE","00-04",2025-03-06,2025-03-09,1,"quantile",0.025,122533
"3390","DE","00-04",2025-03-06,2025-03-09,1,"quantile",0.1,140599
"3391","DE","00-04",2025-03-06,2025-03-09,1,"quantile",0.25,158233
"3392","DE","00-04",2025-03-06,2025-03-09,1,"quantile",0.5,181516.556577405
"3393","DE","00-04",2025-03-06,2025-03-09,1,"quantile",0.75,202613
"3394","DE","00-04",2025-03-06,2025-03-09,1,"quantile",0.9,225017
"3395","DE","00-04",2025-03-06,2025-03-09,1,"quantile",0.975,251905
"3396","DE","00-04",2025-03-06,2025-03-16,2,"quantile",0.025,105807
"3397","DE","00-04",2025-03-06,2025-03-16,2,"quantile",0.1,123756
"3398","DE","00-04",2025-03-06,2025-03-16,2,"quantile",0.25,141490
"3399","DE","00-04",2025-03-06,2025-03-16,2,"quantile",0.5,165429.621208299
"3400","DE","00-04",2025-03-06,2025-03-16,2,"quantile",0.75,186855
"3401","DE","00-04",2025-03-06,2025-03-16,2,"quantile",0.9,210073
"3402","DE","00-04",2025-03-06,2025-03-16,2,"quantile",0.975,238161
"3403","DE","00-04",2025-03-06,2025-03-23,3,"quantile",0.025,95607
"3404","DE","00-04",2025-03-06,2025-03-23,3,"quantile",0.1,113948
"3405","DE","00-04",2025-03-06,2025-03-23,3,"quantile",0.25,132287
"3406","DE","00-04",2025-03-06,2025-03-23,3,"quantile",0.5,157574.161043524
"3407","DE","00-04",2025-03-06,2025-03-23,3,"quantile",0.75,179942
"3408","DE","00-04",2025-03-06,2025-03-23,3,"quantile",0.9,204652
"3409","DE","00-04",2025-03-06,2025-03-23,3,"quantile",0.975,234770
"3410","DE","00-04",2025-03-06,2025-03-30,4,"quantile",0.025,96701
"3411","DE","00-04",2025-03-06,2025-03-30,4,"quantile",0.1,117398
"3412","DE","00-04",2025-03-06,2025-03-30,4,"quantile",0.25,138336
"3413","DE","00-04",2025-03-06,2025-03-30,4,"quantile",0.5,167807.01866178
"3414","DE","00-04",2025-03-06,2025-03-30,4,"quantile",0.75,193583
"3415","DE","00-04",2025-03-06,2025-03-30,4,"quantile",0.9,222587
"3416","DE","00-04",2025-03-06,2025-03-30,4,"quantile",0.975,258188
"3417","DE","05-14",2025-03-06,2025-03-09,1,"quantile",0.025,67923
"3418","DE","05-14",2025-03-06,2025-03-09,1,"quantile",0.1,85579
"3419","DE","05-14",2025-03-06,2025-03-09,1,"quantile",0.25,103866
"3420","DE","05-14",2025-03-06,2025-03-09,1,"quantile",0.5,130665.953987356
"3421","DE","05-14",2025-03-06,2025-03-09,1,"quantile",0.75,153598
"3422","DE","05-14",2025-03-06,2025-03-09,1,"quantile",0.9,180335
"3423","DE","05-14",2025-03-06,2025-03-09,1,"quantile",0.975,213591
"3424","DE","05-14",2025-03-06,2025-03-16,2,"quantile",0.025,50080
"3425","DE","05-14",2025-03-06,2025-03-16,2,"quantile",0.1,65419
"3426","DE","05-14",2025-03-06,2025-03-16,2,"quantile",0.25,81675
"3427","DE","05-14",2025-03-06,2025-03-16,2,"quantile",0.5,106421.340993957
"3428","DE","05-14",2025-03-06,2025-03-16,2,"quantile",0.75,127168
"3429","DE","05-14",2025-03-06,2025-03-16,2,"quantile",0.9,152168
"3430","DE","05-14",2025-03-06,2025-03-16,2,"quantile",0.975,183636
"3431","DE","05-14",2025-03-06,2025-03-23,3,"quantile",0.025,49965
"3432","DE","05-14",2025-03-06,2025-03-23,3,"quantile",0.1,65990
"3433","DE","05-14",2025-03-06,2025-03-23,3,"quantile",0.25,83093
"3434","DE","05-14",2025-03-06,2025-03-23,3,"quantile",0.5,109423.581750593
"3435","DE","05-14",2025-03-06,2025-03-23,3,"quantile",0.75,131366
"3436","DE","05-14",2025-03-06,2025-03-23,3,"quantile",0.9,158066
"3437","DE","05-14",2025-03-06,2025-03-23,3,"quantile",0.975,191788
"3438","DE","05-14",2025-03-06,2025-03-30,4,"quantile",0.025,50721
"3439","DE","05-14",2025-03-06,2025-03-30,4,"quantile",0.1,68052
"3440","DE","05-14",2025-03-06,2025-03-30,4,"quantile",0.25,86734
"3441","DE","05-14",2025-03-06,2025-03-30,4,"quantile",0.5,115964.250023146
"3442","DE","05-14",2025-03-06,2025-03-30,4,"quantile",0.75,140116
"3443","DE","05-14",2025-03-06,2025-03-30,4,"quantile",0.9,169909
"3444","DE","05-14",2025-03-06,2025-03-30,4,"quantile",0.975,207719
"3445","DE","15-34",2025-03-06,2025-03-09,1,"quantile",0.025,165543
"3446","DE","15-34",2025-03-06,2025-03-09,1,"quantile",0.1,199626
"3447","DE","15-34",2025-03-06,2025-03-09,1,"quantile",0.25,233958
"3448","DE","15-34",2025-03-06,2025-03-09,1,"quantile",0.5,281924.988635626
"3449","DE","15-34",2025-03-06,2025-03-09,1,"quantile",0.75,324049
"3450","DE","15-34",2025-03-06,2025-03-09,1,"quantile",0.9,371134
"3451","DE","15-34",2025-03-06,2025-03-09,1,"quantile",0.975,428782
"3452","DE","15-34",2025-03-06,2025-03-16,2,"quantile",0.025,154051
"3453","DE","15-34",2025-03-06,2025-03-16,2,"quantile",0.1,191076
"3454","DE","15-34",2025-03-06,2025-03-16,2,"quantile",0.25,229043
"3455","DE","15-34",2025-03-06,2025-03-16,2,"quantile",0.5,283752.262585373
"3456","DE","15-34",2025-03-06,2025-03-16,2,"quantile",0.75,330995
"3457","DE","15-34",2025-03-06,2025-03-16,2,"quantile",0.9,385269
"3458","DE","15-34",2025-03-06,2025-03-16,2,"quantile",0.975,452408
"3459","DE","15-34",2025-03-06,2025-03-23,3,"quantile",0.025,141042
"3460","DE","15-34",2025-03-06,2025-03-23,3,"quantile",0.1,179334
"3461","DE","15-34",2025-03-06,2025-03-23,3,"quantile",0.25,219225
"3462","DE","15-34",2025-03-06,2025-03-23,3,"quantile",0.5,278254.657885089
"3463","DE","15-34",2025-03-06,2025-03-23,3,"quantile",0.75,328501
"3464","DE","15-34",2025-03-06,2025-03-23,3,"quantile",0.9,387585
"3465","DE","15-34",2025-03-06,2025-03-23,3,"quantile",0.975,461302
"3466","DE","15-34",2025-03-06,2025-03-30,4,"quantile",0.025,116991
"3467","DE","15-34",2025-03-06,2025-03-30,4,"quantile",0.1,153884
"3468","DE","15-34",2025-03-06,2025-03-30,4,"quantile",0.25,193156
"3469","DE","15-34",2025-03-06,2025-03-30,4,"quantile",0.5,253366.896207314
"3470","DE","15-34",2025-03-06,2025-03-30,4,"quantile",0.75,303655
"3471","DE","15-34",2025-03-06,2025-03-30,4,"quantile",0.9,364626
"3472","DE","15-34",2025-03-06,2025-03-30,4,"quantile",0.975,441538
"3473","DE","35-59",2025-03-06,2025-03-09,1,"quantile",0.025,249153
"3474","DE","35-59",2025-03-06,2025-03-09,1,"quantile",0.1,297979
"3475","DE","35-59",2025-03-06,2025-03-09,1,"quantile",0.25,346905
"3476","DE","35-59",2025-03-06,2025-03-09,1,"quantile",0.5,414634.62178006
"3477","DE","35-59",2025-03-06,2025-03-09,1,"quantile",0.75,474416
"3478","DE","35-59",2025-03-06,2025-03-09,1,"quantile",0.9,540688
"3479","DE","35-59",2025-03-06,2025-03-09,1,"quantile",0.975,621574
"3480","DE","35-59",2025-03-06,2025-03-16,2,"quantile",0.025,230231
"3481","DE","35-59",2025-03-06,2025-03-16,2,"quantile",0.1,285103
"3482","DE","35-59",2025-03-06,2025-03-16,2,"quantile",0.25,341314
"3483","DE","35-59",2025-03-06,2025-03-16,2,"quantile",0.5,422170.329463421
"3484","DE","35-59",2025-03-06,2025-03-16,2,"quantile",0.75,492058
"3485","DE","35-59",2025-03-06,2025-03-16,2,"quantile",0.9,572223
"3486","DE","35-59",2025-03-06,2025-03-16,2,"quantile",0.975,671334
"3487","DE","35-59",2025-03-06,2025-03-23,3,"quantile",0.025,185096
"3488","DE","35-59",2025-03-06,2025-03-23,3,"quantile",0.1,238376
"3489","DE","35-59",2025-03-06,2025-03-23,3,"quantile",0.25,294332
"3490","DE","35-59",2025-03-06,2025-03-23,3,"quantile",0.5,378258.149997416
"3491","DE","35-59",2025-03-06,2025-03-23,3,"quantile",0.75,449181
"3492","DE","35-59",2025-03-06,2025-03-23,3,"quantile",0.9,533559
"3493","DE","35-59",2025-03-06,2025-03-23,3,"quantile",0.975,639282
"3494","DE","35-59",2025-03-06,2025-03-30,4,"quantile",0.025,141419
"3495","DE","35-59",2025-03-06,2025-03-30,4,"quantile",0.1,192104
"3496","DE","35-59",2025-03-06,2025-03-30,4,"quantile",0.25,247173
"3497","DE","35-59",2025-03-06,2025-03-30,4,"quantile",0.5,334421.34484894
"3498","DE","35-59",2025-03-06,2025-03-30,4,"quantile",0.75,406035
"3499","DE","35-59",2025-03-06,2025-03-30,4,"quantile",0.9,495319
"3500","DE","35-59",2025-03-06,2025-03-30,4,"quantile",0.975,609047
"3501","DE","60+",2025-03-06,2025-03-09,1,"quantile",0.025,106438
"3502","DE","60+",2025-03-06,2025-03-09,1,"quantile",0.1,124138
"3503","DE","60+",2025-03-06,2025-03-09,1,"quantile",0.25,141594
"3504","DE","60+",2025-03-06,2025-03-09,1,"quantile",0.5,165080.593404615
"3505","DE","60+",2025-03-06,2025-03-09,1,"quantile",0.75,186140
"3506","DE","60+",2025-03-06,2025-03-09,1,"quantile",0.9,208892
"3507","DE","60+",2025-03-06,2025-03-09,1,"quantile",0.975,236384
"3508","DE","60+",2025-03-06,2025-03-16,2,"quantile",0.025,105810
"3509","DE","60+",2025-03-06,2025-03-16,2,"quantile",0.1,124342
"3510","DE","60+",2025-03-06,2025-03-16,2,"quantile",0.25,142707
"3511","DE","60+",2025-03-06,2025-03-16,2,"quantile",0.5,167629.622236448
"3512","DE","60+",2025-03-06,2025-03-16,2,"quantile",0.75,189870
"3513","DE","60+",2025-03-06,2025-03-16,2,"quantile",0.9,214087
"3514","DE","60+",2025-03-06,2025-03-16,2,"quantile",0.975,243441
"3515","DE","60+",2025-03-06,2025-03-23,3,"quantile",0.025,88802
"3516","DE","60+",2025-03-06,2025-03-23,3,"quantile",0.1,107920
"3517","DE","60+",2025-03-06,2025-03-23,3,"quantile",0.25,127272
"3518","DE","60+",2025-03-06,2025-03-23,3,"quantile",0.5,154542.787743151
"3519","DE","60+",2025-03-06,2025-03-23,3,"quantile",0.75,178380
"3520","DE","60+",2025-03-06,2025-03-23,3,"quantile",0.9,205228
"3521","DE","60+",2025-03-06,2025-03-23,3,"quantile",0.975,238197
"3522","DE","60+",2025-03-06,2025-03-30,4,"quantile",0.025,64278
"3523","DE","60+",2025-03-06,2025-03-30,4,"quantile",0.1,81437
"3524","DE","60+",2025-03-06,2025-03-30,4,"quantile",0.25,99271
"3525","DE","60+",2025-03-06,2025-03-30,4,"quantile",0.5,125561.199282787
"3526","DE","60+",2025-03-06,2025-03-30,4,"quantile",0.75,147986
"3527","DE","60+",2025-03-06,2025-03-30,4,"quantile",0.9,174267
"3528","DE","60+",2025-03-06,2025-03-30,4,"quantile",0.975,207017
"3529","DE","00+",2025-03-13,2025-03-16,1,"quantile",0.025,734230
"3530","DE","00+",2025-03-13,2025-03-16,1,"quantile",0.1,854756
"3531","DE","00+",2025-03-13,2025-03-16,1,"quantile",0.25,973483
"3532","DE","00+",2025-03-13,2025-03-16,1,"quantile",0.5,1132895.19858577
"3533","DE","00+",2025-03-13,2025-03-16,1,"quantile",0.75,1275995
"3534","DE","00+",2025-03-13,2025-03-16,1,"quantile",0.9,1430306
"3535","DE","00+",2025-03-13,2025-03-16,1,"quantile",0.975,1616632
"3536","DE","00+",2025-03-13,2025-03-23,2,"quantile",0.025,522007
"3537","DE","00+",2025-03-13,2025-03-23,2,"quantile",0.1,633640
"3538","DE","00+",2025-03-13,2025-03-23,2,"quantile",0.25,746558
"3539","DE","00+",2025-03-13,2025-03-23,2,"quantile",0.5,905474.518029581
"3540","DE","00+",2025-03-13,2025-03-23,2,"quantile",0.75,1044479
"3541","DE","00+",2025-03-13,2025-03-23,2,"quantile",0.9,1200866
"3542","DE","00+",2025-03-13,2025-03-23,2,"quantile",0.975,1392815
"3543","DE","00+",2025-03-13,2025-03-30,3,"quantile",0.025,406756
"3544","DE","00+",2025-03-13,2025-03-30,3,"quantile",0.1,510306
"3545","DE","00+",2025-03-13,2025-03-30,3,"quantile",0.25,617264
"3546","DE","00+",2025-03-13,2025-03-30,3,"quantile",0.5,773295.851578571
"3547","DE","00+",2025-03-13,2025-03-30,3,"quantile",0.75,907137
"3548","DE","00+",2025-03-13,2025-03-30,3,"quantile",0.9,1062569
"3549","DE","00+",2025-03-13,2025-03-30,3,"quantile",0.975,1255616
"3550","DE","00+",2025-03-13,2025-04-06,4,"quantile",0.025,318678
"3551","DE","00+",2025-03-13,2025-04-06,4,"quantile",0.1,418973
"3552","DE","00+",2025-03-13,2025-04-06,4,"quantile",0.25,525699
"3553","DE","00+",2025-03-13,2025-04-06,4,"quantile",0.5,689251.693439293
"3554","DE","00+",2025-03-13,2025-04-06,4,"quantile",0.75,825885
"3555","DE","00+",2025-03-13,2025-04-06,4,"quantile",0.9,991477
"3556","DE","00+",2025-03-13,2025-04-06,4,"quantile",0.975,1200329
"3557","DE","00-04",2025-03-13,2025-03-16,1,"quantile",0.025,127769
"3558","DE","00-04",2025-03-13,2025-03-16,1,"quantile",0.1,146607
"3559","DE","00-04",2025-03-13,2025-03-16,1,"quantile",0.25,164995
"3560","DE","00-04",2025-03-13,2025-03-16,1,"quantile",0.5,189273.447902433
"3561","DE","00-04",2025-03-13,2025-03-16,1,"quantile",0.75,211272
"3562","DE","00-04",2025-03-13,2025-03-16,1,"quantile",0.9,234633
"3563","DE","00-04",2025-03-13,2025-03-16,1,"quantile",0.975,262670
"3564","DE","00-04",2025-03-13,2025-03-23,2,"quantile",0.025,106760
"3565","DE","00-04",2025-03-13,2025-03-23,2,"quantile",0.1,124871
"3566","DE","00-04",2025-03-13,2025-03-23,2,"quantile",0.25,142765
"3567","DE","00-04",2025-03-13,2025-03-23,2,"quantile",0.5,166919.983115719
"3568","DE","00-04",2025-03-13,2025-03-23,2,"quantile",0.75,188539
"3569","DE","00-04",2025-03-13,2025-03-23,2,"quantile",0.9,211966
"3570","DE","00-04",2025-03-13,2025-03-23,2,"quantile",0.975,240307
"3571","DE","00-04",2025-03-13,2025-03-30,3,"quantile",0.025,87030
"3572","DE","00-04",2025-03-13,2025-03-30,3,"quantile",0.1,103726
"3573","DE","00-04",2025-03-13,2025-03-30,3,"quantile",0.25,120420
"3574","DE","00-04",2025-03-13,2025-03-30,3,"quantile",0.5,143438.942778208
"3575","DE","00-04",2025-03-13,2025-03-30,3,"quantile",0.75,163801
"3576","DE","00-04",2025-03-13,2025-03-30,3,"quantile",0.9,186294
"3577","DE","00-04",2025-03-13,2025-03-30,3,"quantile",0.975,213710
"3578","DE","00-04",2025-03-13,2025-04-06,4,"quantile",0.025,75093
"3579","DE","00-04",2025-03-13,2025-04-06,4,"quantile",0.1,91166
"3580","DE","00-04",2025-03-13,2025-04-06,4,"quantile",0.25,107426
"3581","DE","00-04",2025-03-13,2025-04-06,4,"quantile",0.5,130312.494823396
"3582","DE","00-04",2025-03-13,2025-04-06,4,"quantile",0.75,150330
"3583","DE","00-04",2025-03-13,2025-04-06,4,"quantile",0.9,172853
"3584","DE","00-04",2025-03-13,2025-04-06,4,"quantile",0.975,200500
"3585","DE","05-14",2025-03-13,2025-03-16,1,"quantile",0.025,77616
"3586","DE","05-14",2025-03-13,2025-03-16,1,"quantile",0.1,97792
"3587","DE","05-14",2025-03-13,2025-03-16,1,"quantile",0.25,118689
"3588","DE","05-14",2025-03-13,2025-03-16,1,"quantile",0.5,149312.534197419
"3589","DE","05-14",2025-03-13,2025-03-16,1,"quantile",0.75,175516
"3590","DE","05-14",2025-03-13,2025-03-16,1,"quantile",0.9,206069
"3591","DE","05-14",2025-03-13,2025-03-16,1,"quantile",0.975,244071
"3592","DE","05-14",2025-03-13,2025-03-23,2,"quantile",0.025,53437
"3593","DE","05-14",2025-03-13,2025-03-23,2,"quantile",0.1,69805
"3594","DE","05-14",2025-03-13,2025-03-23,2,"quantile",0.25,87151
"3595","DE","05-14",2025-03-13,2025-03-23,2,"quantile",0.5,113555.740822196
"3596","DE","05-14",2025-03-13,2025-03-23,2,"quantile",0.75,135693
"3597","DE","05-14",2025-03-13,2025-03-23,2,"quantile",0.9,162370
"3598","DE","05-14",2025-03-13,2025-03-23,2,"quantile",0.975,195947
"3599","DE","05-14",2025-03-13,2025-03-30,3,"quantile",0.025,39477
"3600","DE","05-14",2025-03-13,2025-03-30,3,"quantile",0.1,52138
"3601","DE","05-14",2025-03-13,2025-03-30,3,"quantile",0.25,65651
"3602","DE","05-14",2025-03-13,2025-03-30,3,"quantile",0.5,86454.8547354072
"3603","DE","05-14",2025-03-13,2025-03-30,3,"quantile",0.75,103792
"3604","DE","05-14",2025-03-13,2025-03-30,3,"quantile",0.9,124887
"3605","DE","05-14",2025-03-13,2025-03-30,3,"quantile",0.975,151531
"3606","DE","05-14",2025-03-13,2025-04-06,4,"quantile",0.025,31251
"3607","DE","05-14",2025-03-13,2025-04-06,4,"quantile",0.1,41930
"3608","DE","05-14",2025-03-13,2025-04-06,4,"quantile",0.25,53441
"3609","DE","05-14",2025-03-13,2025-04-06,4,"quantile",0.5,71452.1084084845
"3610","DE","05-14",2025-03-13,2025-04-06,4,"quantile",0.75,86333
"3611","DE","05-14",2025-03-13,2025-04-06,4,"quantile",0.9,104691
"3612","DE","05-14",2025-03-13,2025-04-06,4,"quantile",0.975,127989
"3613","DE","15-34",2025-03-13,2025-03-16,1,"quantile",0.025,189914
"3614","DE","15-34",2025-03-13,2025-03-16,1,"quantile",0.1,229015
"3615","DE","15-34",2025-03-13,2025-03-16,1,"quantile",0.25,268401
"3616","DE","15-34",2025-03-13,2025-03-16,1,"quantile",0.5,323428.696666161
"3617","DE","15-34",2025-03-13,2025-03-16,1,"quantile",0.75,371754
"3618","DE","15-34",2025-03-13,2025-03-16,1,"quantile",0.9,425770
"3619","DE","15-34",2025-03-13,2025-03-16,1,"quantile",0.975,491905
"3620","DE","15-34",2025-03-13,2025-03-23,2,"quantile",0.025,141277
"3621","DE","15-34",2025-03-13,2025-03-23,2,"quantile",0.1,175232
"3622","DE","15-34",2025-03-13,2025-03-23,2,"quantile",0.25,210051
"3623","DE","15-34",2025-03-13,2025-03-23,2,"quantile",0.5,260223.771493932
"3624","DE","15-34",2025-03-13,2025-03-23,2,"quantile",0.75,303549
"3625","DE","15-34",2025-03-13,2025-03-23,2,"quantile",0.9,353323
"3626","DE","15-34",2025-03-13,2025-03-23,2,"quantile",0.975,414895
"3627","DE","15-34",2025-03-13,2025-03-30,3,"quantile",0.025,111667
"3628","DE","15-34",2025-03-13,2025-03-30,3,"quantile",0.1,141985
"3629","DE","15-34",2025-03-13,2025-03-30,3,"quantile",0.25,173568
"3630","DE","15-34",2025-03-13,2025-03-30,3,"quantile",0.5,220303.74822074
"3631","DE","15-34",2025-03-13,2025-03-30,3,"quantile",0.75,260086
"3632","DE","15-34",2025-03-13,2025-03-30,3,"quantile",0.9,306865
"3633","DE","15-34",2025-03-13,2025-03-30,3,"quantile",0.975,365229
"3634","DE","15-34",2025-03-13,2025-04-06,4,"quantile",0.025,86772
"3635","DE","15-34",2025-03-13,2025-04-06,4,"quantile",0.1,114137
"3636","DE","15-34",2025-03-13,2025-04-06,4,"quantile",0.25,143265
"3637","DE","15-34",2025-03-13,2025-04-06,4,"quantile",0.5,187923.892447596
"3638","DE","15-34",2025-03-13,2025-04-06,4,"quantile",0.75,225223
"3639","DE","15-34",2025-03-13,2025-04-06,4,"quantile",0.9,270446
"3640","DE","15-34",2025-03-13,2025-04-06,4,"quantile",0.975,327492
"3641","DE","35-59",2025-03-13,2025-03-16,1,"quantile",0.025,275070
"3642","DE","35-59",2025-03-13,2025-03-16,1,"quantile",0.1,328975
"3643","DE","35-59",2025-03-13,2025-03-16,1,"quantile",0.25,382990
"3644","DE","35-59",2025-03-13,2025-03-16,1,"quantile",0.5,457765.155070739
"3645","DE","35-59",2025-03-13,2025-03-16,1,"quantile",0.75,523765
"3646","DE","35-59",2025-03-13,2025-03-16,1,"quantile",0.9,596931
"3647","DE","35-59",2025-03-13,2025-03-16,1,"quantile",0.975,686230
"3648","DE","35-59",2025-03-13,2025-03-23,2,"quantile",0.025,199818
"3649","DE","35-59",2025-03-13,2025-03-23,2,"quantile",0.1,247441
"3650","DE","35-59",2025-03-13,2025-03-23,2,"quantile",0.25,296227
"3651","DE","35-59",2025-03-13,2025-03-23,2,"quantile",0.5,366402.032006286
"3652","DE","35-59",2025-03-13,2025-03-23,2,"quantile",0.75,427058
"3653","DE","35-59",2025-03-13,2025-03-23,2,"quantile",0.9,496633
"3654","DE","35-59",2025-03-13,2025-03-23,2,"quantile",0.975,582652
"3655","DE","35-59",2025-03-13,2025-03-30,3,"quantile",0.025,150586
"3656","DE","35-59",2025-03-13,2025-03-30,3,"quantile",0.1,193932
"3657","DE","35-59",2025-03-13,2025-03-30,3,"quantile",0.25,239456
"3658","DE","35-59",2025-03-13,2025-03-30,3,"quantile",0.5,307735.569764882
"3659","DE","35-59",2025-03-13,2025-03-30,3,"quantile",0.75,365436
"3660","DE","35-59",2025-03-13,2025-03-30,3,"quantile",0.9,434083
"3661","DE","35-59",2025-03-13,2025-03-30,3,"quantile",0.975,520095
"3662","DE","35-59",2025-03-13,2025-04-06,4,"quantile",0.025,108303
"3663","DE","35-59",2025-03-13,2025-04-06,4,"quantile",0.1,147118
"3664","DE","35-59",2025-03-13,2025-04-06,4,"quantile",0.25,189292
"3665","DE","35-59",2025-03-13,2025-04-06,4,"quantile",0.5,256109.860377396
"3666","DE","35-59",2025-03-13,2025-04-06,4,"quantile",0.75,310954
"3667","DE","35-59",2025-03-13,2025-04-06,4,"quantile",0.9,379331
"3668","DE","35-59",2025-03-13,2025-04-06,4,"quantile",0.975,466427
"3669","DE","60+",2025-03-13,2025-03-16,1,"quantile",0.025,119996
"3670","DE","60+",2025-03-13,2025-03-16,1,"quantile",0.1,139951
"3671","DE","60+",2025-03-13,2025-03-16,1,"quantile",0.25,159630
"3672","DE","60+",2025-03-13,2025-03-16,1,"quantile",0.5,186108.001399644
"3673","DE","60+",2025-03-13,2025-03-16,1,"quantile",0.75,209849
"3674","DE","60+",2025-03-13,2025-03-16,1,"quantile",0.9,235499
"3675","DE","60+",2025-03-13,2025-03-16,1,"quantile",0.975,266494
"3676","DE","60+",2025-03-13,2025-03-23,2,"quantile",0.025,96464
"3677","DE","60+",2025-03-13,2025-03-23,2,"quantile",0.1,113359
"3678","DE","60+",2025-03-13,2025-03-23,2,"quantile",0.25,130102
"3679","DE","60+",2025-03-13,2025-03-23,2,"quantile",0.5,152823.472010936
"3680","DE","60+",2025-03-13,2025-03-23,2,"quantile",0.75,173100
"3681","DE","60+",2025-03-13,2025-03-23,2,"quantile",0.9,195178
"3682","DE","60+",2025-03-13,2025-03-23,2,"quantile",0.975,221939
"3683","DE","60+",2025-03-13,2025-03-30,3,"quantile",0.025,74529
"3684","DE","60+",2025-03-13,2025-03-30,3,"quantile",0.1,90574
"3685","DE","60+",2025-03-13,2025-03-30,3,"quantile",0.25,106817
"3686","DE","60+",2025-03-13,2025-03-30,3,"quantile",0.5,129704.809000398
"3687","DE","60+",2025-03-13,2025-03-30,3,"quantile",0.75,149711
"3688","DE","60+",2025-03-13,2025-03-30,3,"quantile",0.9,172245
"3689","DE","60+",2025-03-13,2025-03-30,3,"quantile",0.975,199915
"3690","DE","60+",2025-03-13,2025-04-06,4,"quantile",0.025,58174
"3691","DE","60+",2025-03-13,2025-04-06,4,"quantile",0.1,73703
"3692","DE","60+",2025-03-13,2025-04-06,4,"quantile",0.25,89844
"3693","DE","60+",2025-03-13,2025-04-06,4,"quantile",0.5,113637.450572499
"3694","DE","60+",2025-03-13,2025-04-06,4,"quantile",0.75,133932
"3695","DE","60+",2025-03-13,2025-04-06,4,"quantile",0.9,157718
"3696","DE","60+",2025-03-13,2025-04-06,4,"quantile",0.975,187358
"3697","DE","00+",2025-03-20,2025-03-23,1,"quantile",0.025,706470
"3698","DE","00+",2025-03-20,2025-03-23,1,"quantile",0.1,822439
"3699","DE","00+",2025-03-20,2025-03-23,1,"quantile",0.25,936677
"3700","DE","00+",2025-03-20,2025-03-23,1,"quantile",0.5,1090062.37305556
"3701","DE","00+",2025-03-20,2025-03-23,1,"quantile",0.75,1227752
"3702","DE","00+",2025-03-20,2025-03-23,1,"quantile",0.9,1376229
"3703","DE","00+",2025-03-20,2025-03-23,1,"quantile",0.975,1555510
"3704","DE","00+",2025-03-20,2025-03-30,2,"quantile",0.025,547494
"3705","DE","00+",2025-03-20,2025-03-30,2,"quantile",0.1,664577
"3706","DE","00+",2025-03-20,2025-03-30,2,"quantile",0.25,783008
"3707","DE","00+",2025-03-20,2025-03-30,2,"quantile",0.5,949683.409427571
"3708","DE","00+",2025-03-20,2025-03-30,2,"quantile",0.75,1095475
"3709","DE","00+",2025-03-20,2025-03-30,2,"quantile",0.9,1259497
"3710","DE","00+",2025-03-20,2025-03-30,2,"quantile",0.975,1460817
"3711","DE","00+",2025-03-20,2025-04-06,3,"quantile",0.025,430416
"3712","DE","00+",2025-03-20,2025-04-06,3,"quantile",0.1,539989
"3713","DE","00+",2025-03-20,2025-04-06,3,"quantile",0.25,653169
"3714","DE","00+",2025-03-20,2025-04-06,3,"quantile",0.5,818276.697059394
"3715","DE","00+",2025-03-20,2025-04-06,3,"quantile",0.75,959903
"3716","DE","00+",2025-03-20,2025-04-06,3,"quantile",0.9,1124376
"3717","DE","00+",2025-03-20,2025-04-06,3,"quantile",0.975,1328652
"3718","DE","00+",2025-03-20,2025-04-13,4,"quantile",0.025,342475
"3719","DE","00+",2025-03-20,2025-04-13,4,"quantile",0.1,450258
"3720","DE","00+",2025-03-20,2025-04-13,4,"quantile",0.25,564954
"3721","DE","00+",2025-03-20,2025-04-13,4,"quantile",0.5,740719.143177688
"3722","DE","00+",2025-03-20,2025-04-13,4,"quantile",0.75,887555
"3723","DE","00+",2025-03-20,2025-04-13,4,"quantile",0.9,1065511
"3724","DE","00+",2025-03-20,2025-04-13,4,"quantile",0.975,1289959
"3725","DE","00-04",2025-03-20,2025-03-23,1,"quantile",0.025,122158
"3726","DE","00-04",2025-03-20,2025-03-23,1,"quantile",0.1,140169
"3727","DE","00-04",2025-03-20,2025-03-23,1,"quantile",0.25,157749
"3728","DE","00-04",2025-03-20,2025-03-23,1,"quantile",0.5,180961.854682208
"3729","DE","00-04",2025-03-20,2025-03-23,1,"quantile",0.75,201994
"3730","DE","00-04",2025-03-20,2025-03-23,1,"quantile",0.9,224329
"3731","DE","00-04",2025-03-20,2025-03-23,1,"quantile",0.975,251136
"3732","DE","00-04",2025-03-20,2025-03-30,2,"quantile",0.025,102546
"3733","DE","00-04",2025-03-20,2025-03-30,2,"quantile",0.1,119942
"3734","DE","00-04",2025-03-20,2025-03-30,2,"quantile",0.25,137129
"3735","DE","00-04",2025-03-20,2025-03-30,2,"quantile",0.5,160330.741670807
"3736","DE","00-04",2025-03-20,2025-03-30,2,"quantile",0.75,181096
"3737","DE","00-04",2025-03-20,2025-03-30,2,"quantile",0.9,203598
"3738","DE","00-04",2025-03-20,2025-03-30,2,"quantile",0.975,230821
"3739","DE","00-04",2025-03-20,2025-04-06,3,"quantile",0.025,85238
"3740","DE","00-04",2025-03-20,2025-04-06,3,"quantile",0.1,101590
"3741","DE","00-04",2025-03-20,2025-04-06,3,"quantile",0.25,117939
"3742","DE","00-04",2025-03-20,2025-04-06,3,"quantile",0.5,140484.494210424
"3743","DE","00-04",2025-03-20,2025-04-06,3,"quantile",0.75,160427
"3744","DE","00-04",2025-03-20,2025-04-06,3,"quantile",0.9,182457
"3745","DE","00-04",2025-03-20,2025-04-06,3,"quantile",0.975,209308
"3746","DE","00-04",2025-03-20,2025-04-13,4,"quantile",0.025,77135
"3747","DE","00-04",2025-03-20,2025-04-13,4,"quantile",0.1,93644
"3748","DE","00-04",2025-03-20,2025-04-13,4,"quantile",0.25,110346
"3749","DE","00-04",2025-03-20,2025-04-13,4,"quantile",0.5,133854.495919441
"3750","DE","00-04",2025-03-20,2025-04-13,4,"quantile",0.75,154416
"3751","DE","00-04",2025-03-20,2025-04-13,4,"quantile",0.9,177551
"3752","DE","00-04",2025-03-20,2025-04-13,4,"quantile",0.975,205949
"3753","DE","05-14",2025-03-20,2025-03-23,1,"quantile",0.025,66921
"3754","DE","05-14",2025-03-20,2025-03-23,1,"quantile",0.1,84318
"3755","DE","05-14",2025-03-20,2025-03-23,1,"quantile",0.25,102335
"3756","DE","05-14",2025-03-20,2025-03-23,1,"quantile",0.5,128739.650979524
"3757","DE","05-14",2025-03-20,2025-03-23,1,"quantile",0.75,151333
"3758","DE","05-14",2025-03-20,2025-03-23,1,"quantile",0.9,177676
"3759","DE","05-14",2025-03-20,2025-03-23,1,"quantile",0.975,210443
"3760","DE","05-14",2025-03-20,2025-03-30,2,"quantile",0.025,49130
"3761","DE","05-14",2025-03-20,2025-03-30,2,"quantile",0.1,64178
"3762","DE","05-14",2025-03-20,2025-03-30,2,"quantile",0.25,80125
"3763","DE","05-14",2025-03-20,2025-03-30,2,"quantile",0.5,104401.986292245
"3764","DE","05-14",2025-03-20,2025-03-30,2,"quantile",0.75,124755
"3765","DE","05-14",2025-03-20,2025-03-30,2,"quantile",0.9,149281
"3766","DE","05-14",2025-03-20,2025-03-30,2,"quantile",0.975,180152
"3767","DE","05-14",2025-03-20,2025-04-06,3,"quantile",0.025,36368
"3768","DE","05-14",2025-03-20,2025-04-06,3,"quantile",0.1,48032
"3769","DE","05-14",2025-03-20,2025-04-06,3,"quantile",0.25,60480
"3770","DE","05-14",2025-03-20,2025-04-06,3,"quantile",0.5,79646.3738991692
"3771","DE","05-14",2025-03-20,2025-04-06,3,"quantile",0.75,95618
"3772","DE","05-14",2025-03-20,2025-04-06,3,"quantile",0.9,115052
"3773","DE","05-14",2025-03-20,2025-04-06,3,"quantile",0.975,139598
"3774","DE","05-14",2025-03-20,2025-04-13,4,"quantile",0.025,32951
"3775","DE","05-14",2025-03-20,2025-04-13,4,"quantile",0.1,44211
"3776","DE","05-14",2025-03-20,2025-04-13,4,"quantile",0.25,56348
"3777","DE","05-14",2025-03-20,2025-04-13,4,"quantile",0.5,75338.6035327901
"3778","DE","05-14",2025-03-20,2025-04-13,4,"quantile",0.75,91029
"3779","DE","05-14",2025-03-20,2025-04-13,4,"quantile",0.9,110385
"3780","DE","05-14",2025-03-20,2025-04-13,4,"quantile",0.975,134950
"3781","DE","15-34",2025-03-20,2025-03-23,1,"quantile",0.025,154369
"3782","DE","15-34",2025-03-20,2025-03-23,1,"quantile",0.1,186153
"3783","DE","15-34",2025-03-20,2025-03-23,1,"quantile",0.25,218168
"3784","DE","15-34",2025-03-20,2025-03-23,1,"quantile",0.5,262896.836503234
"3785","DE","15-34",2025-03-20,2025-03-23,1,"quantile",0.75,302178
"3786","DE","15-34",2025-03-20,2025-03-23,1,"quantile",0.9,346085
"3787","DE","15-34",2025-03-20,2025-03-23,1,"quantile",0.975,399842
"3788","DE","15-34",2025-03-20,2025-03-30,2,"quantile",0.025,127293
"3789","DE","15-34",2025-03-20,2025-03-30,2,"quantile",0.1,157886
"3790","DE","15-34",2025-03-20,2025-03-30,2,"quantile",0.25,189259
"3791","DE","15-34",2025-03-20,2025-03-30,2,"quantile",0.5,234465.646562815
"3792","DE","15-34",2025-03-20,2025-03-30,2,"quantile",0.75,273503
"3793","DE","15-34",2025-03-20,2025-03-30,2,"quantile",0.9,318350
"3794","DE","15-34",2025-03-20,2025-03-30,2,"quantile",0.975,373827
"3795","DE","15-34",2025-03-20,2025-04-06,3,"quantile",0.025,101173
"3796","DE","15-34",2025-03-20,2025-04-06,3,"quantile",0.1,128641
"3797","DE","15-34",2025-03-20,2025-04-06,3,"quantile",0.25,157257
"3798","DE","15-34",2025-03-20,2025-04-06,3,"quantile",0.5,199600.792401191
"3799","DE","15-34",2025-03-20,2025-04-06,3,"quantile",0.75,235644
"3800","DE","15-34",2025-03-20,2025-04-06,3,"quantile",0.9,278027
"3801","DE","15-34",2025-03-20,2025-04-06,3,"quantile",0.975,330907
"3802","DE","15-34",2025-03-20,2025-04-13,4,"quantile",0.025,85622
"3803","DE","15-34",2025-03-20,2025-04-13,4,"quantile",0.1,112623
"3804","DE","15-34",2025-03-20,2025-04-13,4,"quantile",0.25,141365
"3805","DE","15-34",2025-03-20,2025-04-13,4,"quantile",0.5,185431.880594314
"3806","DE","15-34",2025-03-20,2025-04-13,4,"quantile",0.75,222236
"3807","DE","15-34",2025-03-20,2025-04-13,4,"quantile",0.9,266860
"3808","DE","15-34",2025-03-20,2025-04-13,4,"quantile",0.975,323149
"3809","DE","35-59",2025-03-20,2025-03-23,1,"quantile",0.025,226013
"3810","DE","35-59",2025-03-20,2025-03-23,1,"quantile",0.1,270304
"3811","DE","35-59",2025-03-20,2025-03-23,1,"quantile",0.25,314686
"3812","DE","35-59",2025-03-20,2025-03-23,1,"quantile",0.5,376125.763657513
"3813","DE","35-59",2025-03-20,2025-03-23,1,"quantile",0.75,430355
"3814","DE","35-59",2025-03-20,2025-03-23,1,"quantile",0.9,490473
"3815","DE","35-59",2025-03-20,2025-03-23,1,"quantile",0.975,563846
"3816","DE","35-59",2025-03-20,2025-03-30,2,"quantile",0.025,177878
"3817","DE","35-59",2025-03-20,2025-03-30,2,"quantile",0.1,220272
"3818","DE","35-59",2025-03-20,2025-03-30,2,"quantile",0.25,263701
"3819","DE","35-59",2025-03-20,2025-03-30,2,"quantile",0.5,326171.55793266
"3820","DE","35-59",2025-03-20,2025-03-30,2,"quantile",0.75,380168
"3821","DE","35-59",2025-03-20,2025-03-30,2,"quantile",0.9,442104
"3822","DE","35-59",2025-03-20,2025-03-30,2,"quantile",0.975,518678
"3823","DE","35-59",2025-03-20,2025-04-06,3,"quantile",0.025,137044
"3824","DE","35-59",2025-03-20,2025-04-06,3,"quantile",0.1,176492
"3825","DE","35-59",2025-03-20,2025-04-06,3,"quantile",0.25,217922
"3826","DE","35-59",2025-03-20,2025-04-06,3,"quantile",0.5,280061.386527316
"3827","DE","35-59",2025-03-20,2025-04-06,3,"quantile",0.75,332573
"3828","DE","35-59",2025-03-20,2025-04-06,3,"quantile",0.9,395047
"3829","DE","35-59",2025-03-20,2025-04-06,3,"quantile",0.975,473324
"3830","DE","35-59",2025-03-20,2025-04-13,4,"quantile",0.025,102565
"3831","DE","35-59",2025-03-20,2025-04-13,4,"quantile",0.1,139324
"3832","DE","35-59",2025-03-20,2025-04-13,4,"quantile",0.25,179264
"3833","DE","35-59",2025-03-20,2025-04-13,4,"quantile",0.5,242542.192509333
"3834","DE","35-59",2025-03-20,2025-04-13,4,"quantile",0.75,294481
"3835","DE","35-59",2025-03-20,2025-04-13,4,"quantile",0.9,359235
"3836","DE","35-59",2025-03-20,2025-04-13,4,"quantile",0.975,441718
"3837","DE","60+",2025-03-20,2025-03-23,1,"quantile",0.025,102347
"3838","DE","60+",2025-03-20,2025-03-23,1,"quantile",0.1,119367
"3839","DE","60+",2025-03-20,2025-03-23,1,"quantile",0.25,136152
"3840","DE","60+",2025-03-20,2025-03-23,1,"quantile",0.5,158736.198191887
"3841","DE","60+",2025-03-20,2025-03-23,1,"quantile",0.75,178986
"3842","DE","60+",2025-03-20,2025-03-23,1,"quantile",0.9,200863
"3843","DE","60+",2025-03-20,2025-03-23,1,"quantile",0.975,227300
"3844","DE","60+",2025-03-20,2025-03-30,2,"quantile",0.025,87220
"3845","DE","60+",2025-03-20,2025-03-30,2,"quantile",0.1,102497
"3846","DE","60+",2025-03-20,2025-03-30,2,"quantile",0.25,117635
"3847","DE","60+",2025-03-20,2025-03-30,2,"quantile",0.5,138179.880142661
"3848","DE","60+",2025-03-20,2025-03-30,2,"quantile",0.75,156513
"3849","DE","60+",2025-03-20,2025-03-30,2,"quantile",0.9,176476
"3850","DE","60+",2025-03-20,2025-03-30,2,"quantile",0.975,200674
"3851","DE","60+",2025-03-20,2025-04-06,3,"quantile",0.025,71583
"3852","DE","60+",2025-03-20,2025-04-06,3,"quantile",0.1,86994
"3853","DE","60+",2025-03-20,2025-04-06,3,"quantile",0.25,102594
"3854","DE","60+",2025-03-20,2025-04-06,3,"quantile",0.5,124577.135633946
"3855","DE","60+",2025-03-20,2025-04-06,3,"quantile",0.75,143792
"3856","DE","60+",2025-03-20,2025-04-06,3,"quantile",0.9,165435
"3857","DE","60+",2025-03-20,2025-04-06,3,"quantile",0.975,192011
"3858","DE","60+",2025-03-20,2025-04-13,4,"quantile",0.025,60334
"3859","DE","60+",2025-03-20,2025-04-13,4,"quantile",0.1,76440
"3860","DE","60+",2025-03-20,2025-04-13,4,"quantile",0.25,93180
"3861","DE","60+",2025-03-20,2025-04-13,4,"quantile",0.5,117857.450834546
"3862","DE","60+",2025-03-20,2025-04-13,4,"quantile",0.75,138906
"3863","DE","60+",2025-03-20,2025-04-13,4,"quantile",0.9,163575
"3864","DE","60+",2025-03-20,2025-04-13,4,"quantile",0.975,194316
"3865","DE","00+",2025-03-27,2025-03-30,1,"quantile",0.025,678853
"3866","DE","00+",2025-03-27,2025-03-30,1,"quantile",0.1,790289
"3867","DE","00+",2025-03-27,2025-03-30,1,"quantile",0.25,900061
"3868","DE","00+",2025-03-27,2025-03-30,1,"quantile",0.5,1047450.42244904
"3869","DE","00+",2025-03-27,2025-03-30,1,"quantile",0.75,1179758
"3870","DE","00+",2025-03-27,2025-03-30,1,"quantile",0.9,1322430
"3871","DE","00+",2025-03-27,2025-03-30,1,"quantile",0.975,1494703
"3872","DE","00+",2025-03-27,2025-04-06,2,"quantile",0.025,519911
"3873","DE","00+",2025-03-27,2025-04-06,2,"quantile",0.1,631096
"3874","DE","00+",2025-03-27,2025-04-06,2,"quantile",0.25,743560
"3875","DE","00+",2025-03-27,2025-04-06,2,"quantile",0.5,901838.918466039
"3876","DE","00+",2025-03-27,2025-04-06,2,"quantile",0.75,1040285
"3877","DE","00+",2025-03-27,2025-04-06,2,"quantile",0.9,1196045
"3878","DE","00+",2025-03-27,2025-04-06,2,"quantile",0.975,1387222
"3879","DE","00+",2025-03-27,2025-04-13,3,"quantile",0.025,457723
"3880","DE","00+",2025-03-27,2025-04-13,3,"quantile",0.1,574247
"3881","DE","00+",2025-03-27,2025-04-13,3,"quantile",0.25,694607
"3882","DE","00+",2025-03-27,2025-04-13,3,"quantile",0.5,870189.055687534
"3883","DE","00+",2025-03-27,2025-04-13,3,"quantile",0.75,1020801
"3884","DE","00+",2025-03-27,2025-04-13,3,"quantile",0.9,1195708
"3885","DE","00+",2025-03-27,2025-04-13,3,"quantile",0.975,1412943
"3886","DE","00+",2025-03-27,2025-04-20,4,"quantile",0.025,353929
"3887","DE","00+",2025-03-27,2025-04-20,4,"quantile",0.1,465317
"3888","DE","00+",2025-03-27,2025-04-20,4,"quantile",0.25,583849
"3889","DE","00+",2025-03-27,2025-04-20,4,"quantile",0.5,765492.877466038
"3890","DE","00+",2025-03-27,2025-04-20,4,"quantile",0.75,917240
"3891","DE","00+",2025-03-27,2025-04-20,4,"quantile",0.9,1101148
"3892","DE","00+",2025-03-27,2025-04-20,4,"quantile",0.975,1333102
"3893","DE","00-04",2025-03-27,2025-03-30,1,"quantile",0.025,122365
"3894","DE","00-04",2025-03-27,2025-03-30,1,"quantile",0.1,140406
"3895","DE","00-04",2025-03-27,2025-03-30,1,"quantile",0.25,158016
"3896","DE","00-04",2025-03-27,2025-03-30,1,"quantile",0.5,181267.871509271
"3897","DE","00-04",2025-03-27,2025-03-30,1,"quantile",0.75,202336
"3898","DE","00-04",2025-03-27,2025-03-30,1,"quantile",0.9,224709
"3899","DE","00-04",2025-03-27,2025-03-30,1,"quantile",0.975,251560
"3900","DE","00-04",2025-03-27,2025-04-06,2,"quantile",0.025,101612
"3901","DE","00-04",2025-03-27,2025-04-06,2,"quantile",0.1,118850
"3902","DE","00-04",2025-03-27,2025-04-06,2,"quantile",0.25,135881
"3903","DE","00-04",2025-03-27,2025-04-06,2,"quantile",0.5,158871.027118185
"3904","DE","00-04",2025-03-27,2025-04-06,2,"quantile",0.75,179447
"3905","DE","00-04",2025-03-27,2025-04-06,2,"quantile",0.9,201745
"3906","DE","00-04",2025-03-27,2025-04-06,2,"quantile",0.975,228720
"3907","DE","00-04",2025-03-27,2025-04-13,3,"quantile",0.025,94769
"3908","DE","00-04",2025-03-27,2025-04-13,3,"quantile",0.1,112950
"3909","DE","00-04",2025-03-27,2025-04-13,3,"quantile",0.25,131127
"3910","DE","00-04",2025-03-27,2025-04-13,3,"quantile",0.5,156192.949564721
"3911","DE","00-04",2025-03-27,2025-04-13,3,"quantile",0.75,178365
"3912","DE","00-04",2025-03-27,2025-04-13,3,"quantile",0.9,202858
"3913","DE","00-04",2025-03-27,2025-04-13,3,"quantile",0.975,232712
"3914","DE","00-04",2025-03-27,2025-04-20,4,"quantile",0.025,86055
"3915","DE","00-04",2025-03-27,2025-04-20,4,"quantile",0.1,104474
"3916","DE","00-04",2025-03-27,2025-04-20,4,"quantile",0.25,123107
"3917","DE","00-04",2025-03-27,2025-04-20,4,"quantile",0.5,149334.234571382
"3918","DE","00-04",2025-03-27,2025-04-20,4,"quantile",0.75,172273
"3919","DE","00-04",2025-03-27,2025-04-20,4,"quantile",0.9,198084
"3920","DE","00-04",2025-03-27,2025-04-20,4,"quantile",0.975,229766
"3921","DE","05-14",2025-03-27,2025-03-30,1,"quantile",0.025,65737
"3922","DE","05-14",2025-03-27,2025-03-30,1,"quantile",0.1,82825
"3923","DE","05-14",2025-03-27,2025-03-30,1,"quantile",0.25,100524
"3924","DE","05-14",2025-03-27,2025-03-30,1,"quantile",0.5,126461.132959044
"3925","DE","05-14",2025-03-27,2025-03-30,1,"quantile",0.75,148655
"3926","DE","05-14",2025-03-27,2025-03-30,1,"quantile",0.9,174532
"3927","DE","05-14",2025-03-27,2025-03-30,1,"quantile",0.975,206718
"3928","DE","05-14",2025-03-27,2025-04-06,2,"quantile",0.025,44058
"3929","DE","05-14",2025-03-27,2025-04-06,2,"quantile",0.1,57552
"3930","DE","05-14",2025-03-27,2025-04-06,2,"quantile",0.25,71854
"3931","DE","05-14",2025-03-27,2025-04-06,2,"quantile",0.5,93624.4303454059
"3932","DE","05-14",2025-03-27,2025-04-06,2,"quantile",0.75,111877
"3933","DE","05-14",2025-03-27,2025-04-06,2,"quantile",0.9,133871
"3934","DE","05-14",2025-03-27,2025-04-06,2,"quantile",0.975,161555
"3935","DE","05-14",2025-03-27,2025-04-13,3,"quantile",0.025,40056
"3936","DE","05-14",2025-03-27,2025-04-13,3,"quantile",0.1,52903
"3937","DE","05-14",2025-03-27,2025-04-13,3,"quantile",0.25,66614
"3938","DE","05-14",2025-03-27,2025-04-13,3,"quantile",0.5,87722.9260650613
"3939","DE","05-14",2025-03-27,2025-04-13,3,"quantile",0.75,105314
"3940","DE","05-14",2025-03-27,2025-04-13,3,"quantile",0.9,126719
"3941","DE","05-14",2025-03-27,2025-04-13,3,"quantile",0.975,153754
"3942","DE","05-14",2025-03-27,2025-04-20,4,"quantile",0.025,39688
"3943","DE","05-14",2025-03-27,2025-04-20,4,"quantile",0.1,53249
"3944","DE","05-14",2025-03-27,2025-04-20,4,"quantile",0.25,67867
"3945","DE","05-14",2025-03-27,2025-04-20,4,"quantile",0.5,90739.5222403515
"3946","DE","05-14",2025-03-27,2025-04-20,4,"quantile",0.75,109638
"3947","DE","05-14",2025-03-27,2025-04-20,4,"quantile",0.9,132950
"3948","DE","05-14",2025-03-27,2025-04-20,4,"quantile",0.975,162536
"3949","DE","15-34",2025-03-27,2025-03-30,1,"quantile",0.025,154858
"3950","DE","15-34",2025-03-27,2025-03-30,1,"quantile",0.1,186742
"3951","DE","15-34",2025-03-27,2025-03-30,1,"quantile",0.25,218858
"3952","DE","15-34",2025-03-27,2025-03-30,1,"quantile",0.5,263729.036262316
"3953","DE","15-34",2025-03-27,2025-03-30,1,"quantile",0.75,303135
"3954","DE","15-34",2025-03-27,2025-03-30,1,"quantile",0.9,347180
"3955","DE","15-34",2025-03-27,2025-03-30,1,"quantile",0.975,401108
"3956","DE","15-34",2025-03-27,2025-04-06,2,"quantile",0.025,116833
"3957","DE","15-34",2025-03-27,2025-04-06,2,"quantile",0.1,144913
"3958","DE","15-34",2025-03-27,2025-04-06,2,"quantile",0.25,173708
"3959","DE","15-34",2025-03-27,2025-04-06,2,"quantile",0.5,215200.217458798
"3960","DE","15-34",2025-03-27,2025-04-06,2,"quantile",0.75,251030
"3961","DE","15-34",2025-03-27,2025-04-06,2,"quantile",0.9,292192
"3962","DE","15-34",2025-03-27,2025-04-06,2,"quantile",0.975,343111
"3963","DE","15-34",2025-03-27,2025-04-13,3,"quantile",0.025,107063
"3964","DE","15-34",2025-03-27,2025-04-13,3,"quantile",0.1,136131
"3965","DE","15-34",2025-03-27,2025-04-13,3,"quantile",0.25,166412
"3966","DE","15-34",2025-03-27,2025-04-13,3,"quantile",0.5,211220.885422353
"3967","DE","15-34",2025-03-27,2025-04-13,3,"quantile",0.75,249363
"3968","DE","15-34",2025-03-27,2025-04-13,3,"quantile",0.9,294213
"3969","DE","15-34",2025-03-27,2025-04-13,3,"quantile",0.975,350172
"3970","DE","15-34",2025-03-27,2025-04-20,4,"quantile",0.025,89333
"3971","DE","15-34",2025-03-27,2025-04-20,4,"quantile",0.1,117505
"3972","DE","15-34",2025-03-27,2025-04-20,4,"quantile",0.25,147492
"3973","DE","15-34",2025-03-27,2025-04-20,4,"quantile",0.5,193469.357461141
"3974","DE","15-34",2025-03-27,2025-04-20,4,"quantile",0.75,231869
"3975","DE","15-34",2025-03-27,2025-04-20,4,"quantile",0.9,278427
"3976","DE","15-34",2025-03-27,2025-04-20,4,"quantile",0.975,337156
"3977","DE","35-59",2025-03-27,2025-03-30,1,"quantile",0.025,213964
"3978","DE","35-59",2025-03-27,2025-03-30,1,"quantile",0.1,255895
"3979","DE","35-59",2025-03-27,2025-03-30,1,"quantile",0.25,297911
"3980","DE","35-59",2025-03-27,2025-03-30,1,"quantile",0.5,356075.134253425
"3981","DE","35-59",2025-03-27,2025-03-30,1,"quantile",0.75,407414
"3982","DE","35-59",2025-03-27,2025-03-30,1,"quantile",0.9,464326
"3983","DE","35-59",2025-03-27,2025-03-30,1,"quantile",0.975,533789
"3984","DE","35-59",2025-03-27,2025-04-06,2,"quantile",0.025,163133
"3985","DE","35-59",2025-03-27,2025-04-06,2,"quantile",0.1,202013
"3986","DE","35-59",2025-03-27,2025-04-06,2,"quantile",0.25,241843
"3987","DE","35-59",2025-03-27,2025-04-06,2,"quantile",0.5,299135.109561017
"3988","DE","35-59",2025-03-27,2025-04-06,2,"quantile",0.75,348656
"3989","DE","35-59",2025-03-27,2025-04-06,2,"quantile",0.9,405458
"3990","DE","35-59",2025-03-27,2025-04-06,2,"quantile",0.975,475685
"3991","DE","35-59",2025-03-27,2025-04-13,3,"quantile",0.025,134199
"3992","DE","35-59",2025-03-27,2025-04-13,3,"quantile",0.1,172828
"3993","DE","35-59",2025-03-27,2025-04-13,3,"quantile",0.25,213398
"3994","DE","35-59",2025-03-27,2025-04-13,3,"quantile",0.5,274247.756045027
"3995","DE","35-59",2025-03-27,2025-04-13,3,"quantile",0.75,325669
"3996","DE","35-59",2025-03-27,2025-04-13,3,"quantile",0.9,386846
"3997","DE","35-59",2025-03-27,2025-04-13,3,"quantile",0.975,463499
"3998","DE","35-59",2025-03-27,2025-04-20,4,"quantile",0.025,98340
"3999","DE","35-59",2025-03-27,2025-04-20,4,"quantile",0.1,133586
"4000","DE","35-59",2025-03-27,2025-04-20,4,"quantile",0.25,171880
"4001","DE","35-59",2025-03-27,2025-04-20,4,"quantile",0.5,232551.967750749
"4002","DE","35-59",2025-03-27,2025-04-20,4,"quantile",0.75,282351
"4003","DE","35-59",2025-03-27,2025-04-20,4,"quantile",0.9,344439
"4004","DE","35-59",2025-03-27,2025-04-20,4,"quantile",0.975,423524
"4005","DE","60+",2025-03-27,2025-03-30,1,"quantile",0.025,92954
"4006","DE","60+",2025-03-27,2025-03-30,1,"quantile",0.1,108412
"4007","DE","60+",2025-03-27,2025-03-30,1,"quantile",0.25,123657
"4008","DE","60+",2025-03-27,2025-03-30,1,"quantile",0.5,144168.560891486
"4009","DE","60+",2025-03-27,2025-03-30,1,"quantile",0.75,162560
"4010","DE","60+",2025-03-27,2025-03-30,1,"quantile",0.9,182430
"4011","DE","60+",2025-03-27,2025-03-30,1,"quantile",0.975,206441
"4012","DE","60+",2025-03-27,2025-04-06,2,"quantile",0.025,80513
"4013","DE","60+",2025-03-27,2025-04-06,2,"quantile",0.1,94614
"4014","DE","60+",2025-03-27,2025-04-06,2,"quantile",0.25,108588
"4015","DE","60+",2025-03-27,2025-04-06,2,"quantile",0.5,127553.451198152
"4016","DE","60+",2025-03-27,2025-04-06,2,"quantile",0.75,144477
"4017","DE","60+",2025-03-27,2025-04-06,2,"quantile",0.9,162905
"4018","DE","60+",2025-03-27,2025-04-06,2,"quantile",0.975,185242
"4019","DE","60+",2025-03-27,2025-04-13,3,"quantile",0.025,72441
"4020","DE","60+",2025-03-27,2025-04-13,3,"quantile",0.1,88037
"4021","DE","60+",2025-03-27,2025-04-13,3,"quantile",0.25,103824
"4022","DE","60+",2025-03-27,2025-04-13,3,"quantile",0.5,126071.144373052
"4023","DE","60+",2025-03-27,2025-04-13,3,"quantile",0.75,145517
"4024","DE","60+",2025-03-27,2025-04-13,3,"quantile",0.9,167419
"4025","DE","60+",2025-03-27,2025-04-13,3,"quantile",0.975,194314
"4026","DE","60+",2025-03-27,2025-04-20,4,"quantile",0.025,58049
"4027","DE","60+",2025-03-27,2025-04-20,4,"quantile",0.1,73545
"4028","DE","60+",2025-03-27,2025-04-20,4,"quantile",0.25,89651
"4029","DE","60+",2025-03-27,2025-04-20,4,"quantile",0.5,113394.011593331
"4030","DE","60+",2025-03-27,2025-04-20,4,"quantile",0.75,133646
"4031","DE","60+",2025-03-27,2025-04-20,4,"quantile",0.9,157380
"4032","DE","60+",2025-03-27,2025-04-20,4,"quantile",0.975,186957
"4033","DE","00+",2025-04-03,2025-04-06,1,"quantile",0.025,669516
"4034","DE","00+",2025-04-03,2025-04-06,1,"quantile",0.1,779420
"4035","DE","00+",2025-04-03,2025-04-06,1,"quantile",0.25,887683
"4036","DE","00+",2025-04-03,2025-04-06,1,"quantile",0.5,1033044.41155855
"4037","DE","00+",2025-04-03,2025-04-06,1,"quantile",0.75,1163532
"4038","DE","00+",2025-04-03,2025-04-06,1,"quantile",0.9,1304242
"4039","DE","00+",2025-04-03,2025-04-06,1,"quantile",0.975,1474146
"4040","DE","00+",2025-04-03,2025-04-13,2,"quantile",0.025,564115
"4041","DE","00+",2025-04-03,2025-04-13,2,"quantile",0.1,684752
"4042","DE","00+",2025-04-03,2025-04-13,2,"quantile",0.25,806778
"4043","DE","00+",2025-04-03,2025-04-13,2,"quantile",0.5,978513.62255071
"4044","DE","00+",2025-04-03,2025-04-13,2,"quantile",0.75,1128731
"4045","DE","00+",2025-04-03,2025-04-13,2,"quantile",0.9,1297733
"4046","DE","00+",2025-04-03,2025-04-13,2,"quantile",0.975,1505164
"4047","DE","00+",2025-04-03,2025-04-20,3,"quantile",0.025,447786
"4048","DE","00+",2025-04-03,2025-04-20,3,"quantile",0.1,561781
"4049","DE","00+",2025-04-03,2025-04-20,3,"quantile",0.25,679528
"4050","DE","00+",2025-04-03,2025-04-20,3,"quantile",0.5,851298.151328804
"4051","DE","00+",2025-04-03,2025-04-20,3,"quantile",0.75,998640
"4052","DE","00+",2025-04-03,2025-04-20,3,"quantile",0.9,1169750
"4053","DE","00+",2025-04-03,2025-04-20,3,"quantile",0.975,1382269
"4054","DE","00+",2025-04-03,2025-04-27,4,"quantile",0.025,378415
"4055","DE","00+",2025-04-03,2025-04-27,4,"quantile",0.1,497509
"4056","DE","00+",2025-04-03,2025-04-27,4,"quantile",0.25,624241
"4057","DE","00+",2025-04-03,2025-04-27,4,"quantile",0.5,818451.832812286
"4058","DE","00+",2025-04-03,2025-04-27,4,"quantile",0.75,980697
"4059","DE","00+",2025-04-03,2025-04-27,4,"quantile",0.9,1177328
"4060","DE","00+",2025-04-03,2025-04-27,4,"quantile",0.975,1425330
"4061","DE","00-04",2025-04-03,2025-04-06,1,"quantile",0.025,121452
"4062","DE","00-04",2025-04-03,2025-04-06,1,"quantile",0.1,139359
"4063","DE","00-04",2025-04-03,2025-04-06,1,"quantile",0.25,156838
"4064","DE","00-04",2025-04-03,2025-04-06,1,"quantile",0.5,179916.148686516
"4065","DE","00-04",2025-04-03,2025-04-06,1,"quantile",0.75,200827
"4066","DE","00-04",2025-04-03,2025-04-06,1,"quantile",0.9,223033
"4067","DE","00-04",2025-04-03,2025-04-06,1,"quantile",0.975,249684
"4068","DE","00-04",2025-04-03,2025-04-13,2,"quantile",0.025,104128
"4069","DE","00-04",2025-04-03,2025-04-13,2,"quantile",0.1,121793
"4070","DE","00-04",2025-04-03,2025-04-13,2,"quantile",0.25,139246
"4071","DE","00-04",2025-04-03,2025-04-13,2,"quantile",0.5,162805.271222914
"4072","DE","00-04",2025-04-03,2025-04-13,2,"quantile",0.75,183891
"4073","DE","00-04",2025-04-03,2025-04-13,2,"quantile",0.9,206741
"4074","DE","00-04",2025-04-03,2025-04-13,2,"quantile",0.975,234383
"4075","DE","00-04",2025-04-03,2025-04-20,3,"quantile",0.025,102352
"4076","DE","00-04",2025-04-03,2025-04-20,3,"quantile",0.1,121987
"4077","DE","00-04",2025-04-03,2025-04-20,3,"quantile",0.25,141618
"4078","DE","00-04",2025-04-03,2025-04-20,3,"quantile",0.5,168689.463725629
"4079","DE","00-04",2025-04-03,2025-04-20,3,"quantile",0.75,192635
"4080","DE","00-04",2025-04-03,2025-04-20,3,"quantile",0.9,219088
"4081","DE","00-04",2025-04-03,2025-04-20,3,"quantile",0.975,251330
"4082","DE","00-04",2025-04-03,2025-04-27,4,"quantile",0.025,96973
"4083","DE","00-04",2025-04-03,2025-04-27,4,"quantile",0.1,117729
"4084","DE","00-04",2025-04-03,2025-04-27,4,"quantile",0.25,138725
"4085","DE","00-04",2025-04-03,2025-04-27,4,"quantile",0.5,168279.124910488
"4086","DE","00-04",2025-04-03,2025-04-27,4,"quantile",0.75,194128
"4087","DE","00-04",2025-04-03,2025-04-27,4,"quantile",0.9,223213
"4088","DE","00-04",2025-04-03,2025-04-27,4,"quantile",0.975,258914
"4089","DE","05-14",2025-04-03,2025-04-06,1,"quantile",0.025,62771
"4090","DE","05-14",2025-04-03,2025-04-06,1,"quantile",0.1,79088
"4091","DE","05-14",2025-04-03,2025-04-06,1,"quantile",0.25,95988
"4092","DE","05-14",2025-04-03,2025-04-06,1,"quantile",0.5,120755.223425873
"4093","DE","05-14",2025-04-03,2025-04-06,1,"quantile",0.75,141948
"4094","DE","05-14",2025-04-03,2025-04-06,1,"quantile",0.9,166657
"4095","DE","05-14",2025-04-03,2025-04-06,1,"quantile",0.975,197391
"4096","DE","05-14",2025-04-03,2025-04-13,2,"quantile",0.025,44765
"4097","DE","05-14",2025-04-03,2025-04-13,2,"quantile",0.1,58476
"4098","DE","05-14",2025-04-03,2025-04-13,2,"quantile",0.25,73007
"4099","DE","05-14",2025-04-03,2025-04-13,2,"quantile",0.5,95127.37845961
"4100","DE","05-14",2025-04-03,2025-04-13,2,"quantile",0.75,113672
"4101","DE","05-14",2025-04-03,2025-04-13,2,"quantile",0.9,136020
"4102","DE","05-14",2025-04-03,2025-04-13,2,"quantile",0.975,164148
"4103","DE","05-14",2025-04-03,2025-04-20,3,"quantile",0.025,50241
"4104","DE","05-14",2025-04-03,2025-04-20,3,"quantile",0.1,66354
"4105","DE","05-14",2025-04-03,2025-04-20,3,"quantile",0.25,83551
"4106","DE","05-14",2025-04-03,2025-04-20,3,"quantile",0.5,110027.191322235
"4107","DE","05-14",2025-04-03,2025-04-20,3,"quantile",0.75,132091
"4108","DE","05-14",2025-04-03,2025-04-20,3,"quantile",0.9,158938
"4109","DE","05-14",2025-04-03,2025-04-20,3,"quantile",0.975,192846
"4110","DE","05-14",2025-04-03,2025-04-27,4,"quantile",0.025,48885
"4111","DE","05-14",2025-04-03,2025-04-27,4,"quantile",0.1,65588
"4112","DE","05-14",2025-04-03,2025-04-27,4,"quantile",0.25,83594
"4113","DE","05-14",2025-04-03,2025-04-27,4,"quantile",0.5,111765.973713608
"4114","DE","05-14",2025-04-03,2025-04-27,4,"quantile",0.75,135043
"4115","DE","05-14",2025-04-03,2025-04-27,4,"quantile",0.9,163757
"4116","DE","05-14",2025-04-03,2025-04-27,4,"quantile",0.975,200199
"4117","DE","15-34",2025-04-03,2025-04-06,1,"quantile",0.025,133067
"4118","DE","15-34",2025-04-03,2025-04-06,1,"quantile",0.1,160465
"4119","DE","15-34",2025-04-03,2025-04-06,1,"quantile",0.25,188062
"4120","DE","15-34",2025-04-03,2025-04-06,1,"quantile",0.5,226619.037892169
"4121","DE","15-34",2025-04-03,2025-04-06,1,"quantile",0.75,260480
"4122","DE","15-34",2025-04-03,2025-04-06,1,"quantile",0.9,298328
"4123","DE","15-34",2025-04-03,2025-04-06,1,"quantile",0.975,344668
"4124","DE","15-34",2025-04-03,2025-04-13,2,"quantile",0.025,127031
"4125","DE","15-34",2025-04-03,2025-04-13,2,"quantile",0.1,157562
"4126","DE","15-34",2025-04-03,2025-04-13,2,"quantile",0.25,188870
"4127","DE","15-34",2025-04-03,2025-04-13,2,"quantile",0.5,233983.534557862
"4128","DE","15-34",2025-04-03,2025-04-13,2,"quantile",0.75,272940
"4129","DE","15-34",2025-04-03,2025-04-13,2,"quantile",0.9,317695
"4130","DE","15-34",2025-04-03,2025-04-13,2,"quantile",0.975,373059
"4131","DE","15-34",2025-04-03,2025-04-20,3,"quantile",0.025,123898
"4132","DE","15-34",2025-04-03,2025-04-20,3,"quantile",0.1,157536
"4133","DE","15-34",2025-04-03,2025-04-20,3,"quantile",0.25,192578
"4134","DE","15-34",2025-04-03,2025-04-20,3,"quantile",0.5,244432.679161312
"4135","DE","15-34",2025-04-03,2025-04-20,3,"quantile",0.75,288571
"4136","DE","15-34",2025-04-03,2025-04-20,3,"quantile",0.9,340474
"4137","DE","15-34",2025-04-03,2025-04-20,3,"quantile",0.975,405231
"4138","DE","15-34",2025-04-03,2025-04-27,4,"quantile",0.025,94859
"4139","DE","15-34",2025-04-03,2025-04-27,4,"quantile",0.1,124773
"4140","DE","15-34",2025-04-03,2025-04-27,4,"quantile",0.25,156616
"4141","DE","15-34",2025-04-03,2025-04-27,4,"quantile",0.5,205436.684739399
"4142","DE","15-34",2025-04-03,2025-04-27,4,"quantile",0.75,246211
"4143","DE","15-34",2025-04-03,2025-04-27,4,"quantile",0.9,295649
"4144","DE","15-34",2025-04-03,2025-04-27,4,"quantile",0.975,358011
"4145","DE","35-59",2025-04-03,2025-04-06,1,"quantile",0.025,176359
"4146","DE","35-59",2025-04-03,2025-04-06,1,"quantile",0.1,210920
"4147","DE","35-59",2025-04-03,2025-04-06,1,"quantile",0.25,245552
"4148","DE","35-59",2025-04-03,2025-04-06,1,"quantile",0.5,293494.382293954
"4149","DE","35-59",2025-04-03,2025-04-06,1,"quantile",0.75,335811
"4150","DE","35-59",2025-04-03,2025-04-06,1,"quantile",0.9,382721
"4151","DE","35-59",2025-04-03,2025-04-06,1,"quantile",0.975,439975
"4152","DE","35-59",2025-04-03,2025-04-13,2,"quantile",0.025,160793
"4153","DE","35-59",2025-04-03,2025-04-13,2,"quantile",0.1,199116
"4154","DE","35-59",2025-04-03,2025-04-13,2,"quantile",0.25,238374
"4155","DE","35-59",2025-04-03,2025-04-13,2,"quantile",0.5,294845.142056851
"4156","DE","35-59",2025-04-03,2025-04-13,2,"quantile",0.75,343655
"4157","DE","35-59",2025-04-03,2025-04-13,2,"quantile",0.9,399643
"4158","DE","35-59",2025-04-03,2025-04-13,2,"quantile",0.975,468863
"4159","DE","35-59",2025-04-03,2025-04-20,3,"quantile",0.025,139898
"4160","DE","35-59",2025-04-03,2025-04-20,3,"quantile",0.1,180168
"4161","DE","35-59",2025-04-03,2025-04-20,3,"quantile",0.25,222461
"4162","DE","35-59",2025-04-03,2025-04-20,3,"quantile",0.5,285894.254037636
"4163","DE","35-59",2025-04-03,2025-04-20,3,"quantile",0.75,339499
"4164","DE","35-59",2025-04-03,2025-04-20,3,"quantile",0.9,403274
"4165","DE","35-59",2025-04-03,2025-04-20,3,"quantile",0.975,483182
"4166","DE","35-59",2025-04-03,2025-04-27,4,"quantile",0.025,102546
"4167","DE","35-59",2025-04-03,2025-04-27,4,"quantile",0.1,139299
"4168","DE","35-59",2025-04-03,2025-04-27,4,"quantile",0.25,179231
"4169","DE","35-59",2025-04-03,2025-04-27,4,"quantile",0.5,242497.857856867
"4170","DE","35-59",2025-04-03,2025-04-27,4,"quantile",0.75,294427
"4171","DE","35-59",2025-04-03,2025-04-27,4,"quantile",0.9,359170
"4172","DE","35-59",2025-04-03,2025-04-27,4,"quantile",0.975,441637
"4173","DE","60+",2025-04-03,2025-04-06,1,"quantile",0.025,79285
"4174","DE","60+",2025-04-03,2025-04-06,1,"quantile",0.1,92470
"4175","DE","60+",2025-04-03,2025-04-06,1,"quantile",0.25,105473
"4176","DE","60+",2025-04-03,2025-04-06,1,"quantile",0.5,122968.419408493
"4177","DE","60+",2025-04-03,2025-04-06,1,"quantile",0.75,138656
"4178","DE","60+",2025-04-03,2025-04-06,1,"quantile",0.9,155604
"4179","DE","60+",2025-04-03,2025-04-06,1,"quantile",0.975,176084
"4180","DE","60+",2025-04-03,2025-04-13,2,"quantile",0.025,76798
"4181","DE","60+",2025-04-03,2025-04-13,2,"quantile",0.1,90249
"4182","DE","60+",2025-04-03,2025-04-13,2,"quantile",0.25,103578
"4183","DE","60+",2025-04-03,2025-04-13,2,"quantile",0.5,121668.233748003
"4184","DE","60+",2025-04-03,2025-04-13,2,"quantile",0.75,137811
"4185","DE","60+",2025-04-03,2025-04-13,2,"quantile",0.9,155389
"4186","DE","60+",2025-04-03,2025-04-13,2,"quantile",0.975,176695
"4187","DE","60+",2025-04-03,2025-04-20,3,"quantile",0.025,72993
"4188","DE","60+",2025-04-03,2025-04-20,3,"quantile",0.1,88708
"4189","DE","60+",2025-04-03,2025-04-20,3,"quantile",0.25,104615
"4190","DE","60+",2025-04-03,2025-04-20,3,"quantile",0.5,127031.859041742
"4191","DE","60+",2025-04-03,2025-04-20,3,"quantile",0.75,146626
"4192","DE","60+",2025-04-03,2025-04-20,3,"quantile",0.9,168695
"4193","DE","60+",2025-04-03,2025-04-20,3,"quantile",0.975,195795
"4194","DE","60+",2025-04-03,2025-04-27,4,"quantile",0.025,55689
"4195","DE","60+",2025-04-03,2025-04-27,4,"quantile",0.1,70555
"4196","DE","60+",2025-04-03,2025-04-27,4,"quantile",0.25,86007
"4197","DE","60+",2025-04-03,2025-04-27,4,"quantile",0.5,108784.267131279
"4198","DE","60+",2025-04-03,2025-04-27,4,"quantile",0.75,128213
"4199","DE","60+",2025-04-03,2025-04-27,4,"quantile",0.9,150982
"4200","DE","60+",2025-04-03,2025-04-27,4,"quantile",0.975,179357
"4201","DE","00+",2025-04-10,2025-04-13,1,"quantile",0.025,707956
"4202","DE","00+",2025-04-10,2025-04-13,1,"quantile",0.1,824170
"4203","DE","00+",2025-04-10,2025-04-13,1,"quantile",0.25,938648
"4204","DE","00+",2025-04-10,2025-04-13,1,"quantile",0.5,1092356.03924377
"4205","DE","00+",2025-04-10,2025-04-13,1,"quantile",0.75,1230336
"4206","DE","00+",2025-04-10,2025-04-13,1,"quantile",0.9,1379124
"4207","DE","00+",2025-04-10,2025-04-13,1,"quantile",0.975,1558783
"4208","DE","00+",2025-04-10,2025-04-20,2,"quantile",0.025,536809
"4209","DE","00+",2025-04-10,2025-04-20,2,"quantile",0.1,651607
"4210","DE","00+",2025-04-10,2025-04-20,2,"quantile",0.25,767726
"4211","DE","00+",2025-04-10,2025-04-20,2,"quantile",0.5,931148.878181577
"4212","DE","00+",2025-04-10,2025-04-20,2,"quantile",0.75,1074095
"4213","DE","00+",2025-04-10,2025-04-20,2,"quantile",0.9,1234916
"4214","DE","00+",2025-04-10,2025-04-20,2,"quantile",0.975,1432307
"4215","DE","00+",2025-04-10,2025-04-27,3,"quantile",0.025,502134
"4216","DE","00+",2025-04-10,2025-04-27,3,"quantile",0.1,629964
"4217","DE","00+",2025-04-10,2025-04-27,3,"quantile",0.25,762003
"4218","DE","00+",2025-04-10,2025-04-27,3,"quantile",0.5,954620.548663913
"4219","DE","00+",2025-04-10,2025-04-27,3,"quantile",0.75,1119845
"4220","DE","00+",2025-04-10,2025-04-27,3,"quantile",0.9,1311723
"4221","DE","00+",2025-04-10,2025-04-27,3,"quantile",0.975,1550035
"4222","DE","00+",2025-04-10,2025-05-04,4,"quantile",0.025,411082
"4223","DE","00+",2025-04-10,2025-05-04,4,"quantile",0.1,540458
"4224","DE","00+",2025-04-10,2025-05-04,4,"quantile",0.25,678130
"4225","DE","00+",2025-04-10,2025-05-04,4,"quantile",0.5,889106.004625972
"4226","DE","00+",2025-04-10,2025-05-04,4,"quantile",0.75,1065357
"4227","DE","00+",2025-04-10,2025-05-04,4,"quantile",0.9,1278963
"4228","DE","00+",2025-04-10,2025-05-04,4,"quantile",0.975,1548373
"4229","DE","00-04",2025-04-10,2025-04-13,1,"quantile",0.025,128684
"4230","DE","00-04",2025-04-10,2025-04-13,1,"quantile",0.1,147657
"4231","DE","00-04",2025-04-10,2025-04-13,1,"quantile",0.25,166176
"4232","DE","00-04",2025-04-10,2025-04-13,1,"quantile",0.5,190628.750054171
"4233","DE","00-04",2025-04-10,2025-04-13,1,"quantile",0.75,212785
"4234","DE","00-04",2025-04-10,2025-04-13,1,"quantile",0.9,236313
"4235","DE","00-04",2025-04-10,2025-04-13,1,"quantile",0.975,264551
"4236","DE","00-04",2025-04-10,2025-04-20,2,"quantile",0.025,113129
"4237","DE","00-04",2025-04-10,2025-04-20,2,"quantile",0.1,132321
"4238","DE","00-04",2025-04-10,2025-04-20,2,"quantile",0.25,151282
"4239","DE","00-04",2025-04-10,2025-04-20,2,"quantile",0.5,176877.50643973
"4240","DE","00-04",2025-04-10,2025-04-20,2,"quantile",0.75,199786
"4241","DE","00-04",2025-04-10,2025-04-20,2,"quantile",0.9,224610
"4242","DE","00-04",2025-04-10,2025-04-20,2,"quantile",0.975,254642
"4243","DE","00-04",2025-04-10,2025-04-27,3,"quantile",0.025,108696
"4244","DE","00-04",2025-04-10,2025-04-27,3,"quantile",0.1,129548
"4245","DE","00-04",2025-04-10,2025-04-27,3,"quantile",0.25,150397
"4246","DE","00-04",2025-04-10,2025-04-27,3,"quantile",0.5,179146.015844734
"4247","DE","00-04",2025-04-10,2025-04-27,3,"quantile",0.75,204576
"4248","DE","00-04",2025-04-10,2025-04-27,3,"quantile",0.9,232668
"4249","DE","00-04",2025-04-10,2025-04-27,3,"quantile",0.975,266909
"4250","DE","00-04",2025-04-10,2025-05-04,4,"quantile",0.025,94535
"4251","DE","00-04",2025-04-10,2025-05-04,4,"quantile",0.1,114769
"4252","DE","00-04",2025-04-10,2025-05-04,4,"quantile",0.25,135237
"4253","DE","00-04",2025-04-10,2025-05-04,4,"quantile",0.5,164048.325442694
"4254","DE","00-04",2025-04-10,2025-05-04,4,"quantile",0.75,189247
"4255","DE","00-04",2025-04-10,2025-05-04,4,"quantile",0.9,217601
"4256","DE","00-04",2025-04-10,2025-05-04,4,"quantile",0.975,252405
"4257","DE","05-14",2025-04-10,2025-04-13,1,"quantile",0.025,77355
"4258","DE","05-14",2025-04-10,2025-04-13,1,"quantile",0.1,97463
"4259","DE","05-14",2025-04-10,2025-04-13,1,"quantile",0.25,118289
"4260","DE","05-14",2025-04-10,2025-04-13,1,"quantile",0.5,148810.114891265
"4261","DE","05-14",2025-04-10,2025-04-13,1,"quantile",0.75,174926
"4262","DE","05-14",2025-04-10,2025-04-13,1,"quantile",0.9,205376
"4263","DE","05-14",2025-04-10,2025-04-13,1,"quantile",0.975,243250
"4264","DE","05-14",2025-04-10,2025-04-20,2,"quantile",0.025,59875
"4265","DE","05-14",2025-04-10,2025-04-20,2,"quantile",0.1,78214
"4266","DE","05-14",2025-04-10,2025-04-20,2,"quantile",0.25,97649
"4267","DE","05-14",2025-04-10,2025-04-20,2,"quantile",0.5,127234.620030457
"4268","DE","05-14",2025-04-10,2025-04-20,2,"quantile",0.75,152039
"4269","DE","05-14",2025-04-10,2025-04-20,2,"quantile",0.9,181928
"4270","DE","05-14",2025-04-10,2025-04-20,2,"quantile",0.975,219550
"4271","DE","05-14",2025-04-10,2025-04-27,3,"quantile",0.025,54701
"4272","DE","05-14",2025-04-10,2025-04-27,3,"quantile",0.1,72245
"4273","DE","05-14",2025-04-10,2025-04-27,3,"quantile",0.25,90968
"4274","DE","05-14",2025-04-10,2025-04-27,3,"quantile",0.5,119794.850288657
"4275","DE","05-14",2025-04-10,2025-04-27,3,"quantile",0.75,143817
"4276","DE","05-14",2025-04-10,2025-04-27,3,"quantile",0.9,173047
"4277","DE","05-14",2025-04-10,2025-04-27,3,"quantile",0.975,209966
"4278","DE","05-14",2025-04-10,2025-05-04,4,"quantile",0.025,48788
"4279","DE","05-14",2025-04-10,2025-05-04,4,"quantile",0.1,65459
"4280","DE","05-14",2025-04-10,2025-05-04,4,"quantile",0.25,83429
"4281","DE","05-14",2025-04-10,2025-05-04,4,"quantile",0.5,111544.787305854
"4282","DE","05-14",2025-04-10,2025-05-04,4,"quantile",0.75,134776
"4283","DE","05-14",2025-04-10,2025-05-04,4,"quantile",0.9,163433
"4284","DE","05-14",2025-04-10,2025-05-04,4,"quantile",0.975,199803
"4285","DE","15-34",2025-04-10,2025-04-13,1,"quantile",0.025,164191
"4286","DE","15-34",2025-04-10,2025-04-13,1,"quantile",0.1,197996
"4287","DE","15-34",2025-04-10,2025-04-13,1,"quantile",0.25,232048
"4288","DE","15-34",2025-04-10,2025-04-13,1,"quantile",0.5,279623.050404987
"4289","DE","15-34",2025-04-10,2025-04-13,1,"quantile",0.75,321404
"4290","DE","15-34",2025-04-10,2025-04-13,1,"quantile",0.9,368104
"4291","DE","15-34",2025-04-10,2025-04-13,1,"quantile",0.975,425281
"4292","DE","15-34",2025-04-10,2025-04-20,2,"quantile",0.025,134367
"4293","DE","15-34",2025-04-10,2025-04-20,2,"quantile",0.1,166660
"4294","DE","15-34",2025-04-10,2025-04-20,2,"quantile",0.25,199776
"4295","DE","15-34",2025-04-10,2025-04-20,2,"quantile",0.5,247495.20177051
"4296","DE","15-34",2025-04-10,2025-04-20,2,"quantile",0.75,288702
"4297","DE","15-34",2025-04-10,2025-04-20,2,"quantile",0.9,336041
"4298","DE","15-34",2025-04-10,2025-04-20,2,"quantile",0.975,394601
"4299","DE","15-34",2025-04-10,2025-04-27,3,"quantile",0.025,124770
"4300","DE","15-34",2025-04-10,2025-04-27,3,"quantile",0.1,158644
"4301","DE","15-34",2025-04-10,2025-04-27,3,"quantile",0.25,193933
"4302","DE","15-34",2025-04-10,2025-04-27,3,"quantile",0.5,246152.812703714
"4303","DE","15-34",2025-04-10,2025-04-27,3,"quantile",0.75,290602
"4304","DE","15-34",2025-04-10,2025-04-27,3,"quantile",0.9,342870
"4305","DE","15-34",2025-04-10,2025-04-27,3,"quantile",0.975,408083
"4306","DE","15-34",2025-04-10,2025-05-04,4,"quantile",0.025,101701
"4307","DE","15-34",2025-04-10,2025-05-04,4,"quantile",0.1,133773
"4308","DE","15-34",2025-04-10,2025-05-04,4,"quantile",0.25,167912
"4309","DE","15-34",2025-04-10,2025-05-04,4,"quantile",0.5,220253.952153555
"4310","DE","15-34",2025-04-10,2025-05-04,4,"quantile",0.75,263970
"4311","DE","15-34",2025-04-10,2025-05-04,4,"quantile",0.9,316973
"4312","DE","15-34",2025-04-10,2025-05-04,4,"quantile",0.975,383833
"4313","DE","35-59",2025-04-10,2025-04-13,1,"quantile",0.025,195015
"4314","DE","35-59",2025-04-10,2025-04-13,1,"quantile",0.1,233232
"4315","DE","35-59",2025-04-10,2025-04-13,1,"quantile",0.25,271527
"4316","DE","35-59",2025-04-10,2025-04-13,1,"quantile",0.5,324540.754276739
"4317","DE","35-59",2025-04-10,2025-04-13,1,"quantile",0.75,371333
"4318","DE","35-59",2025-04-10,2025-04-13,1,"quantile",0.9,423205
"4319","DE","35-59",2025-04-10,2025-04-13,1,"quantile",0.975,486516
"4320","DE","35-59",2025-04-10,2025-04-20,2,"quantile",0.025,157326
"4321","DE","35-59",2025-04-10,2025-04-20,2,"quantile",0.1,194823
"4322","DE","35-59",2025-04-10,2025-04-20,2,"quantile",0.25,233234
"4323","DE","35-59",2025-04-10,2025-04-20,2,"quantile",0.5,288487.31165448
"4324","DE","35-59",2025-04-10,2025-04-20,2,"quantile",0.75,336245
"4325","DE","35-59",2025-04-10,2025-04-20,2,"quantile",0.9,391026
"4326","DE","35-59",2025-04-10,2025-04-20,2,"quantile",0.975,458753
"4327","DE","35-59",2025-04-10,2025-04-27,3,"quantile",0.025,141295
"4328","DE","35-59",2025-04-10,2025-04-27,3,"quantile",0.1,181966
"4329","DE","35-59",2025-04-10,2025-04-27,3,"quantile",0.25,224681
"4330","DE","35-59",2025-04-10,2025-04-27,3,"quantile",0.5,288748.029963592
"4331","DE","35-59",2025-04-10,2025-04-27,3,"quantile",0.75,342888
"4332","DE","35-59",2025-04-10,2025-04-27,3,"quantile",0.9,407300
"4333","DE","35-59",2025-04-10,2025-04-27,3,"quantile",0.975,488005
"4334","DE","35-59",2025-04-10,2025-05-04,4,"quantile",0.025,103755
"4335","DE","35-59",2025-04-10,2025-05-04,4,"quantile",0.1,140940
"4336","DE","35-59",2025-04-10,2025-05-04,4,"quantile",0.25,181343
"4337","DE","35-59",2025-04-10,2025-05-04,4,"quantile",0.5,245354.911820159
"4338","DE","35-59",2025-04-10,2025-05-04,4,"quantile",0.75,297896
"4339","DE","35-59",2025-04-10,2025-05-04,4,"quantile",0.9,363401
"4340","DE","35-59",2025-04-10,2025-05-04,4,"quantile",0.975,446840
"4341","DE","60+",2025-04-10,2025-04-13,1,"quantile",0.025,83613
"4342","DE","60+",2025-04-10,2025-04-13,1,"quantile",0.1,97518
"4343","DE","60+",2025-04-10,2025-04-13,1,"quantile",0.25,111230
"4344","DE","60+",2025-04-10,2025-04-13,1,"quantile",0.5,129681.082423031
"4345","DE","60+",2025-04-10,2025-04-13,1,"quantile",0.75,146225
"4346","DE","60+",2025-04-10,2025-04-13,1,"quantile",0.9,164098
"4347","DE","60+",2025-04-10,2025-04-13,1,"quantile",0.975,185696
"4348","DE","60+",2025-04-10,2025-04-20,2,"quantile",0.025,75340
"4349","DE","60+",2025-04-10,2025-04-20,2,"quantile",0.1,88535
"4350","DE","60+",2025-04-10,2025-04-20,2,"quantile",0.25,101612
"4351","DE","60+",2025-04-10,2025-04-20,2,"quantile",0.5,119358.488599644
"4352","DE","60+",2025-04-10,2025-04-20,2,"quantile",0.75,135195
"4353","DE","60+",2025-04-10,2025-04-20,2,"quantile",0.9,152439
"4354","DE","60+",2025-04-10,2025-04-20,2,"quantile",0.975,173341
"4355","DE","60+",2025-04-10,2025-04-27,3,"quantile",0.025,69452
"4356","DE","60+",2025-04-10,2025-04-27,3,"quantile",0.1,84405
"4357","DE","60+",2025-04-10,2025-04-27,3,"quantile",0.25,99541
"4358","DE","60+",2025-04-10,2025-04-27,3,"quantile",0.5,120869.912209026
"4359","DE","60+",2025-04-10,2025-04-27,3,"quantile",0.75,139513
"4360","DE","60+",2025-04-10,2025-04-27,3,"quantile",0.9,160512
"4361","DE","60+",2025-04-10,2025-04-27,3,"quantile",0.975,186298
"4362","DE","60+",2025-04-10,2025-05-04,4,"quantile",0.025,53805
"4363","DE","60+",2025-04-10,2025-05-04,4,"quantile",0.1,68168
"4364","DE","60+",2025-04-10,2025-05-04,4,"quantile",0.25,83097
"4365","DE","60+",2025-04-10,2025-05-04,4,"quantile",0.5,105103.838827871
"4366","DE","60+",2025-04-10,2025-05-04,4,"quantile",0.75,123875
"4367","DE","60+",2025-04-10,2025-05-04,4,"quantile",0.9,145874
"4368","DE","60+",2025-04-10,2025-05-04,4,"quantile",0.975,173289
"4369","DE","00+",2025-04-17,2025-04-20,1,"quantile",0.025,607510
"4370","DE","00+",2025-04-17,2025-04-20,1,"quantile",0.1,707236
"4371","DE","00+",2025-04-17,2025-04-20,1,"quantile",0.25,805472
"4372","DE","00+",2025-04-17,2025-04-20,1,"quantile",0.5,937371.66448991
"4373","DE","00+",2025-04-17,2025-04-20,1,"quantile",0.75,1055775
"4374","DE","00+",2025-04-17,2025-04-20,1,"quantile",0.9,1183454
"4375","DE","00+",2025-04-17,2025-04-20,1,"quantile",0.975,1337622
"4376","DE","00+",2025-04-17,2025-04-27,2,"quantile",0.025,549737
"4377","DE","00+",2025-04-17,2025-04-27,2,"quantile",0.1,667300
"4378","DE","00+",2025-04-17,2025-04-27,2,"quantile",0.25,786216
"4379","DE","00+",2025-04-17,2025-04-27,2,"quantile",0.5,953574.604224314
"4380","DE","00+",2025-04-17,2025-04-27,2,"quantile",0.75,1099963
"4381","DE","00+",2025-04-17,2025-04-27,2,"quantile",0.9,1264658
"4382","DE","00+",2025-04-17,2025-04-27,2,"quantile",0.975,1466803
"4383","DE","00+",2025-04-17,2025-05-04,3,"quantile",0.025,461326
"4384","DE","00+",2025-04-17,2025-05-04,3,"quantile",0.1,578767
"4385","DE","00+",2025-04-17,2025-05-04,3,"quantile",0.25,700074
"4386","DE","00+",2025-04-17,2025-05-04,3,"quantile",0.5,877038.366328135
"4387","DE","00+",2025-04-17,2025-05-04,3,"quantile",0.75,1028835
"4388","DE","00+",2025-04-17,2025-05-04,3,"quantile",0.9,1205119
"4389","DE","00+",2025-04-17,2025-05-04,3,"quantile",0.975,1424064
"4390","DE","00+",2025-04-17,2025-05-11,4,"quantile",0.025,342807
"4391","DE","00+",2025-04-17,2025-05-11,4,"quantile",0.1,450695
"4392","DE","00+",2025-04-17,2025-05-11,4,"quantile",0.25,565502
"4393","DE","00+",2025-04-17,2025-05-11,4,"quantile",0.5,741437.538192921
"4394","DE","00+",2025-04-17,2025-05-11,4,"quantile",0.75,888416
"4395","DE","00+",2025-04-17,2025-05-11,4,"quantile",0.9,1066545
"4396","DE","00+",2025-04-17,2025-05-11,4,"quantile",0.975,1291210
"4397","DE","00-04",2025-04-17,2025-04-20,1,"quantile",0.025,119646
"4398","DE","00-04",2025-04-17,2025-04-20,1,"quantile",0.1,137287
"4399","DE","00-04",2025-04-17,2025-04-20,1,"quantile",0.25,154506
"4400","DE","00-04",2025-04-17,2025-04-20,1,"quantile",0.5,177241.139732062
"4401","DE","00-04",2025-04-17,2025-04-20,1,"quantile",0.75,197841
"4402","DE","00-04",2025-04-17,2025-04-20,1,"quantile",0.9,219717
"4403","DE","00-04",2025-04-17,2025-04-20,1,"quantile",0.975,245972
"4404","DE","00-04",2025-04-17,2025-04-27,2,"quantile",0.025,115205
"4405","DE","00-04",2025-04-17,2025-04-27,2,"quantile",0.1,134748
"4406","DE","00-04",2025-04-17,2025-04-27,2,"quantile",0.25,154057
"4407","DE","00-04",2025-04-17,2025-04-27,2,"quantile",0.5,180122.551474045
"4408","DE","00-04",2025-04-17,2025-04-27,2,"quantile",0.75,203451
"4409","DE","00-04",2025-04-17,2025-04-27,2,"quantile",0.9,228731
"4410","DE","00-04",2025-04-17,2025-04-27,2,"quantile",0.975,259314
"4411","DE","00-04",2025-04-17,2025-05-04,3,"quantile",0.025,100049
"4412","DE","00-04",2025-04-17,2025-05-04,3,"quantile",0.1,119242
"4413","DE","00-04",2025-04-17,2025-05-04,3,"quantile",0.25,138432
"4414","DE","00-04",2025-04-17,2025-05-04,3,"quantile",0.5,164894.458672317
"4415","DE","00-04",2025-04-17,2025-05-04,3,"quantile",0.75,188301
"4416","DE","00-04",2025-04-17,2025-05-04,3,"quantile",0.9,214159
"4417","DE","00-04",2025-04-17,2025-05-04,3,"quantile",0.975,245676
"4418","DE","00-04",2025-04-17,2025-05-11,4,"quantile",0.025,79131
"4419","DE","00-04",2025-04-17,2025-05-11,4,"quantile",0.1,96068
"4420","DE","00-04",2025-04-17,2025-05-11,4,"quantile",0.25,113202
"4421","DE","00-04",2025-04-17,2025-05-11,4,"quantile",0.5,137318.612326277
"4422","DE","00-04",2025-04-17,2025-05-11,4,"quantile",0.75,158412
"4423","DE","00-04",2025-04-17,2025-05-11,4,"quantile",0.9,182146
"4424","DE","00-04",2025-04-17,2025-05-11,4,"quantile",0.975,211279
"4425","DE","05-14",2025-04-17,2025-04-20,1,"quantile",0.025,66399
"4426","DE","05-14",2025-04-17,2025-04-20,1,"quantile",0.1,83659
"4427","DE","05-14",2025-04-17,2025-04-20,1,"quantile",0.25,101536
"4428","DE","05-14",2025-04-17,2025-04-20,1,"quantile",0.5,127734.385940493
"4429","DE","05-14",2025-04-17,2025-04-20,1,"quantile",0.75,150152
"4430","DE","05-14",2025-04-17,2025-04-20,1,"quantile",0.9,176289
"4431","DE","05-14",2025-04-17,2025-04-20,1,"quantile",0.975,208799
"4432","DE","05-14",2025-04-17,2025-04-27,2,"quantile",0.025,56863
"4433","DE","05-14",2025-04-17,2025-04-27,2,"quantile",0.1,74280
"4434","DE","05-14",2025-04-17,2025-04-27,2,"quantile",0.25,92737
"4435","DE","05-14",2025-04-17,2025-04-27,2,"quantile",0.5,120834.996981848
"4436","DE","05-14",2025-04-17,2025-04-27,2,"quantile",0.75,144392
"4437","DE","05-14",2025-04-17,2025-04-27,2,"quantile",0.9,172778
"4438","DE","05-14",2025-04-17,2025-04-27,2,"quantile",0.975,208507
"4439","DE","05-14",2025-04-17,2025-05-04,3,"quantile",0.025,51081
"4440","DE","05-14",2025-04-17,2025-05-04,3,"quantile",0.1,67463
"4441","DE","05-14",2025-04-17,2025-05-04,3,"quantile",0.25,84947
"4442","DE","05-14",2025-04-17,2025-05-04,3,"quantile",0.5,111865.894666624
"4443","DE","05-14",2025-04-17,2025-05-04,3,"quantile",0.75,134298
"4444","DE","05-14",2025-04-17,2025-05-04,3,"quantile",0.9,161594
"4445","DE","05-14",2025-04-17,2025-05-04,3,"quantile",0.975,196069
"4446","DE","05-14",2025-04-17,2025-05-11,4,"quantile",0.025,36954
"4447","DE","05-14",2025-04-17,2025-05-11,4,"quantile",0.1,49581
"4448","DE","05-14",2025-04-17,2025-05-11,4,"quantile",0.25,63192
"4449","DE","05-14",2025-04-17,2025-05-11,4,"quantile",0.5,84488.987379987
"4450","DE","05-14",2025-04-17,2025-05-11,4,"quantile",0.75,102085
"4451","DE","05-14",2025-04-17,2025-05-11,4,"quantile",0.9,123792
"4452","DE","05-14",2025-04-17,2025-05-11,4,"quantile",0.975,151340
"4453","DE","15-34",2025-04-17,2025-04-20,1,"quantile",0.025,146109
"4454","DE","15-34",2025-04-17,2025-04-20,1,"quantile",0.1,176191
"4455","DE","15-34",2025-04-17,2025-04-20,1,"quantile",0.25,206493
"4456","DE","15-34",2025-04-17,2025-04-20,1,"quantile",0.5,248828.447203451
"4457","DE","15-34",2025-04-17,2025-04-20,1,"quantile",0.75,286008
"4458","DE","15-34",2025-04-17,2025-04-20,1,"quantile",0.9,327565
"4459","DE","15-34",2025-04-17,2025-04-20,1,"quantile",0.975,378446
"4460","DE","15-34",2025-04-17,2025-04-27,2,"quantile",0.025,133730
"4461","DE","15-34",2025-04-17,2025-04-27,2,"quantile",0.1,165871
"4462","DE","15-34",2025-04-17,2025-04-27,2,"quantile",0.25,198830
"4463","DE","15-34",2025-04-17,2025-04-27,2,"quantile",0.5,246322.340278643
"4464","DE","15-34",2025-04-17,2025-04-27,2,"quantile",0.75,287333
"4465","DE","15-34",2025-04-17,2025-04-27,2,"quantile",0.9,334448
"4466","DE","15-34",2025-04-17,2025-04-27,2,"quantile",0.975,392731
"4467","DE","15-34",2025-04-17,2025-05-04,3,"quantile",0.025,111363
"4468","DE","15-34",2025-04-17,2025-05-04,3,"quantile",0.1,141598
"4469","DE","15-34",2025-04-17,2025-05-04,3,"quantile",0.25,173095
"4470","DE","15-34",2025-04-17,2025-05-04,3,"quantile",0.5,219703.861927505
"4471","DE","15-34",2025-04-17,2025-05-04,3,"quantile",0.75,259377
"4472","DE","15-34",2025-04-17,2025-05-04,3,"quantile",0.9,306029
"4473","DE","15-34",2025-04-17,2025-05-04,3,"quantile",0.975,364235
"4474","DE","15-34",2025-04-17,2025-05-11,4,"quantile",0.025,80422
"4475","DE","15-34",2025-04-17,2025-05-11,4,"quantile",0.1,105784
"4476","DE","15-34",2025-04-17,2025-05-11,4,"quantile",0.25,132781
"4477","DE","15-34",2025-04-17,2025-05-11,4,"quantile",0.5,174172.036925148
"4478","DE","15-34",2025-04-17,2025-05-11,4,"quantile",0.75,208742
"4479","DE","15-34",2025-04-17,2025-05-11,4,"quantile",0.9,250656
"4480","DE","15-34",2025-04-17,2025-05-11,4,"quantile",0.975,303527
"4481","DE","35-59",2025-04-17,2025-04-20,1,"quantile",0.025,174554
"4482","DE","35-59",2025-04-17,2025-04-20,1,"quantile",0.1,208762
"4483","DE","35-59",2025-04-17,2025-04-20,1,"quantile",0.25,243039
"4484","DE","35-59",2025-04-17,2025-04-20,1,"quantile",0.5,290490.512931035
"4485","DE","35-59",2025-04-17,2025-04-20,1,"quantile",0.75,332374
"4486","DE","35-59",2025-04-17,2025-04-20,1,"quantile",0.9,378804
"4487","DE","35-59",2025-04-17,2025-04-20,1,"quantile",0.975,435472
"4488","DE","35-59",2025-04-17,2025-04-27,2,"quantile",0.025,157717
"4489","DE","35-59",2025-04-17,2025-04-27,2,"quantile",0.1,195307
"4490","DE","35-59",2025-04-17,2025-04-27,2,"quantile",0.25,233814
"4491","DE","35-59",2025-04-17,2025-04-27,2,"quantile",0.5,289203.956221298
"4492","DE","35-59",2025-04-17,2025-04-27,2,"quantile",0.75,337080
"4493","DE","35-59",2025-04-17,2025-04-27,2,"quantile",0.9,391997
"4494","DE","35-59",2025-04-17,2025-04-27,2,"quantile",0.975,459893
"4495","DE","35-59",2025-04-17,2025-05-04,3,"quantile",0.025,120224
"4496","DE","35-59",2025-04-17,2025-05-04,3,"quantile",0.1,154831
"4497","DE","35-59",2025-04-17,2025-05-04,3,"quantile",0.25,191176
"4498","DE","35-59",2025-04-17,2025-05-04,3,"quantile",0.5,245689.571537569
"4499","DE","35-59",2025-04-17,2025-05-04,3,"quantile",0.75,291756
"4500","DE","35-59",2025-04-17,2025-05-04,3,"quantile",0.9,346563
"4501","DE","35-59",2025-04-17,2025-05-04,3,"quantile",0.975,415234
"4502","DE","35-59",2025-04-17,2025-05-11,4,"quantile",0.025,81776
"4503","DE","35-59",2025-04-17,2025-05-11,4,"quantile",0.1,111085
"4504","DE","35-59",2025-04-17,2025-05-11,4,"quantile",0.25,142929
"4505","DE","35-59",2025-04-17,2025-05-11,4,"quantile",0.5,193381.629004556
"4506","DE","35-59",2025-04-17,2025-05-11,4,"quantile",0.75,234793
"4507","DE","35-59",2025-04-17,2025-05-11,4,"quantile",0.9,286423
"4508","DE","35-59",2025-04-17,2025-05-11,4,"quantile",0.975,352187
"4509","DE","60+",2025-04-17,2025-04-20,1,"quantile",0.025,77707
"4510","DE","60+",2025-04-17,2025-04-20,1,"quantile",0.1,90630
"4511","DE","60+",2025-04-17,2025-04-20,1,"quantile",0.25,103375
"4512","DE","60+",2025-04-17,2025-04-20,1,"quantile",0.5,120522.353242085
"4513","DE","60+",2025-04-17,2025-04-20,1,"quantile",0.75,135898
"4514","DE","60+",2025-04-17,2025-04-20,1,"quantile",0.9,152509
"4515","DE","60+",2025-04-17,2025-04-20,1,"quantile",0.975,172581
"4516","DE","60+",2025-04-17,2025-04-27,2,"quantile",0.025,76586
"4517","DE","60+",2025-04-17,2025-04-27,2,"quantile",0.1,90000
"4518","DE","60+",2025-04-17,2025-04-27,2,"quantile",0.25,103293
"4519","DE","60+",2025-04-17,2025-04-27,2,"quantile",0.5,121333.195688528
"4520","DE","60+",2025-04-17,2025-04-27,2,"quantile",0.75,137432
"4521","DE","60+",2025-04-17,2025-04-27,2,"quantile",0.9,154961
"4522","DE","60+",2025-04-17,2025-04-27,2,"quantile",0.975,176208
"4523","DE","60+",2025-04-17,2025-05-04,3,"quantile",0.025,60324
"4524","DE","60+",2025-04-17,2025-05-04,3,"quantile",0.1,73311
"4525","DE","60+",2025-04-17,2025-05-04,3,"quantile",0.25,86458
"4526","DE","60+",2025-04-17,2025-05-04,3,"quantile",0.5,104984.240233864
"4527","DE","60+",2025-04-17,2025-05-04,3,"quantile",0.75,121178
"4528","DE","60+",2025-04-17,2025-05-04,3,"quantile",0.9,139417
"4529","DE","60+",2025-04-17,2025-05-04,3,"quantile",0.975,161813
"4530","DE","60+",2025-04-17,2025-05-11,4,"quantile",0.025,45916
"4531","DE","60+",2025-04-17,2025-05-11,4,"quantile",0.1,58174
"4532","DE","60+",2025-04-17,2025-05-11,4,"quantile",0.25,70914
"4533","DE","60+",2025-04-17,2025-05-11,4,"quantile",0.5,89694.53821719
"4534","DE","60+",2025-04-17,2025-05-11,4,"quantile",0.75,105714
"4535","DE","60+",2025-04-17,2025-05-11,4,"quantile",0.9,124488
"4536","DE","60+",2025-04-17,2025-05-11,4,"quantile",0.975,147884
"4537","DE","00+",2025-04-24,2025-04-27,1,"quantile",0.025,537207
"4538","DE","00+",2025-04-24,2025-04-27,1,"quantile",0.1,625392
"4539","DE","00+",2025-04-24,2025-04-27,1,"quantile",0.25,712261
"4540","DE","00+",2025-04-24,2025-04-27,1,"quantile",0.5,828896.921454844
"4541","DE","00+",2025-04-24,2025-04-27,1,"quantile",0.75,933598
"4542","DE","00+",2025-04-24,2025-04-27,1,"quantile",0.9,1046502
"4543","DE","00+",2025-04-24,2025-04-27,1,"quantile",0.975,1182830
"4544","DE","00+",2025-04-24,2025-05-04,2,"quantile",0.025,458504
"4545","DE","00+",2025-04-24,2025-05-04,2,"quantile",0.1,556556
"4546","DE","00+",2025-04-24,2025-05-04,2,"quantile",0.25,655737
"4547","DE","00+",2025-04-24,2025-05-04,2,"quantile",0.5,795321.728456465
"4548","DE","00+",2025-04-24,2025-05-04,2,"quantile",0.75,917416
"4549","DE","00+",2025-04-24,2025-05-04,2,"quantile",0.9,1054779
"4550","DE","00+",2025-04-24,2025-05-04,2,"quantile",0.975,1223376
"4551","DE","00+",2025-04-24,2025-05-11,3,"quantile",0.025,394175
"4552","DE","00+",2025-04-24,2025-05-11,3,"quantile",0.1,494522
"4553","DE","00+",2025-04-24,2025-05-11,3,"quantile",0.25,598173
"4554","DE","00+",2025-04-24,2025-05-11,3,"quantile",0.5,749378.103290523
"4555","DE","00+",2025-04-24,2025-05-11,3,"quantile",0.75,879080
"4556","DE","00+",2025-04-24,2025-05-11,3,"quantile",0.9,1029705
"4557","DE","00+",2025-04-24,2025-05-11,3,"quantile",0.975,1216780
"4558","DE","00+",2025-04-24,2025-05-18,4,"quantile",0.025,396381
"4559","DE","00+",2025-04-24,2025-05-18,4,"quantile",0.1,521129
"4560","DE","00+",2025-04-24,2025-05-18,4,"quantile",0.25,653878
"4561","DE","00+",2025-04-24,2025-05-18,4,"quantile",0.5,857309.166059156
"4562","DE","00+",2025-04-24,2025-05-18,4,"quantile",0.75,1027257
"4563","DE","00+",2025-04-24,2025-05-18,4,"quantile",0.9,1233224
"4564","DE","00+",2025-04-24,2025-05-18,4,"quantile",0.975,1493000
"4565","DE","00-04",2025-04-24,2025-04-27,1,"quantile",0.025,112341
"4566","DE","00-04",2025-04-24,2025-04-27,1,"quantile",0.1,128905
"4567","DE","00-04",2025-04-24,2025-04-27,1,"quantile",0.25,145072
"4568","DE","00-04",2025-04-24,2025-04-27,1,"quantile",0.5,166419.791851582
"4569","DE","00-04",2025-04-24,2025-04-27,1,"quantile",0.75,185762
"4570","DE","00-04",2025-04-24,2025-04-27,1,"quantile",0.9,206303
"4571","DE","00-04",2025-04-24,2025-04-27,1,"quantile",0.975,230955
"4572","DE","00-04",2025-04-24,2025-05-04,2,"quantile",0.025,105801
"4573","DE","00-04",2025-04-24,2025-05-04,2,"quantile",0.1,123750
"4574","DE","00-04",2025-04-24,2025-05-04,2,"quantile",0.25,141483
"4575","DE","00-04",2025-04-24,2025-05-04,2,"quantile",0.5,165421.019831848
"4576","DE","00-04",2025-04-24,2025-05-04,2,"quantile",0.75,186846
"4577","DE","00-04",2025-04-24,2025-05-04,2,"quantile",0.9,210062
"4578","DE","00-04",2025-04-24,2025-05-04,2,"quantile",0.975,238149
"4579","DE","00-04",2025-04-24,2025-05-11,3,"quantile",0.025,85934
"4580","DE","00-04",2025-04-24,2025-05-11,3,"quantile",0.1,102420
"4581","DE","00-04",2025-04-24,2025-05-11,3,"quantile",0.25,118903
"4582","DE","00-04",2025-04-24,2025-05-11,3,"quantile",0.5,141632.480121029
"4583","DE","00-04",2025-04-24,2025-05-11,3,"quantile",0.75,161738
"4584","DE","00-04",2025-04-24,2025-05-11,3,"quantile",0.9,183948
"4585","DE","00-04",2025-04-24,2025-05-11,3,"quantile",0.975,211019
"4586","DE","00-04",2025-04-24,2025-05-18,4,"quantile",0.025,82533
"4587","DE","00-04",2025-04-24,2025-05-18,4,"quantile",0.1,100198
"4588","DE","00-04",2025-04-24,2025-05-18,4,"quantile",0.25,118068
"4589","DE","00-04",2025-04-24,2025-05-18,4,"quantile",0.5,143221.981243685
"4590","DE","00-04",2025-04-24,2025-05-18,4,"quantile",0.75,165222
"4591","DE","00-04",2025-04-24,2025-05-18,4,"quantile",0.9,189977
"4592","DE","00-04",2025-04-24,2025-05-18,4,"quantile",0.975,220362
"4593","DE","05-14",2025-04-24,2025-04-27,1,"quantile",0.025,58203
"4594","DE","05-14",2025-04-24,2025-04-27,1,"quantile",0.1,73333
"4595","DE","05-14",2025-04-24,2025-04-27,1,"quantile",0.25,89003
"4596","DE","05-14",2025-04-24,2025-04-27,1,"quantile",0.5,111967.864239849
"4597","DE","05-14",2025-04-24,2025-04-27,1,"quantile",0.75,131618
"4598","DE","05-14",2025-04-24,2025-04-27,1,"quantile",0.9,154530
"4599","DE","05-14",2025-04-24,2025-04-27,1,"quantile",0.975,183027
"4600","DE","05-14",2025-04-24,2025-05-04,2,"quantile",0.025,57067
"4601","DE","05-14",2025-04-24,2025-05-04,2,"quantile",0.1,74546
"4602","DE","05-14",2025-04-24,2025-05-04,2,"quantile",0.25,93070
"4603","DE","05-14",2025-04-24,2025-05-04,2,"quantile",0.5,121268.641212885
"4604","DE","05-14",2025-04-24,2025-05-04,2,"quantile",0.75,144910
"4605","DE","05-14",2025-04-24,2025-05-04,2,"quantile",0.9,173398
"4606","DE","05-14",2025-04-24,2025-05-04,2,"quantile",0.975,209256
"4607","DE","05-14",2025-04-24,2025-05-11,3,"quantile",0.025,45875
"4608","DE","05-14",2025-04-24,2025-05-11,3,"quantile",0.1,60588
"4609","DE","05-14",2025-04-24,2025-05-11,3,"quantile",0.25,76290
"4610","DE","05-14",2025-04-24,2025-05-11,3,"quantile",0.5,100465.622254082
"4611","DE","05-14",2025-04-24,2025-05-11,3,"quantile",0.75,120612
"4612","DE","05-14",2025-04-24,2025-05-11,3,"quantile",0.9,145126
"4613","DE","05-14",2025-04-24,2025-05-11,3,"quantile",0.975,176088
"4614","DE","05-14",2025-04-24,2025-05-18,4,"quantile",0.025,43707
"4615","DE","05-14",2025-04-24,2025-05-18,4,"quantile",0.1,58641
"4616","DE","05-14",2025-04-24,2025-05-18,4,"quantile",0.25,74739
"4617","DE","05-14",2025-04-24,2025-05-18,4,"quantile",0.5,99926.9389611251
"4618","DE","05-14",2025-04-24,2025-05-18,4,"quantile",0.75,120738
"4619","DE","05-14",2025-04-24,2025-05-18,4,"quantile",0.9,146411
"4620","DE","05-14",2025-04-24,2025-05-18,4,"quantile",0.975,178993
"4621","DE","15-34",2025-04-24,2025-04-27,1,"quantile",0.025,135456
"4622","DE","15-34",2025-04-24,2025-04-27,1,"quantile",0.1,163345
"4623","DE","15-34",2025-04-24,2025-04-27,1,"quantile",0.25,191438
"4624","DE","15-34",2025-04-24,2025-04-27,1,"quantile",0.5,230687.326235058
"4625","DE","15-34",2025-04-24,2025-04-27,1,"quantile",0.75,265156
"4626","DE","15-34",2025-04-24,2025-04-27,1,"quantile",0.9,303684
"4627","DE","15-34",2025-04-24,2025-04-27,1,"quantile",0.975,350855
"4628","DE","15-34",2025-04-24,2025-05-04,2,"quantile",0.025,124643
"4629","DE","15-34",2025-04-24,2025-05-04,2,"quantile",0.1,154600
"4630","DE","15-34",2025-04-24,2025-05-04,2,"quantile",0.25,185320
"4631","DE","15-34",2025-04-24,2025-05-04,2,"quantile",0.5,229585.649317471
"4632","DE","15-34",2025-04-24,2025-05-04,2,"quantile",0.75,267810
"4633","DE","15-34",2025-04-24,2025-05-04,2,"quantile",0.9,311724
"4634","DE","15-34",2025-04-24,2025-05-04,2,"quantile",0.975,366047
"4635","DE","15-34",2025-04-24,2025-05-11,3,"quantile",0.025,92571
"4636","DE","15-34",2025-04-24,2025-05-11,3,"quantile",0.1,117704
"4637","DE","15-34",2025-04-24,2025-05-11,3,"quantile",0.25,143887
"4638","DE","15-34",2025-04-24,2025-05-11,3,"quantile",0.5,182631.117877487
"4639","DE","15-34",2025-04-24,2025-05-11,3,"quantile",0.75,215610
"4640","DE","15-34",2025-04-24,2025-05-11,3,"quantile",0.9,254390
"4641","DE","15-34",2025-04-24,2025-05-11,3,"quantile",0.975,302775
"4642","DE","15-34",2025-04-24,2025-05-18,4,"quantile",0.025,91615
"4643","DE","15-34",2025-04-24,2025-05-18,4,"quantile",0.1,120507
"4644","DE","15-34",2025-04-24,2025-05-18,4,"quantile",0.25,151260
"4645","DE","15-34",2025-04-24,2025-05-18,4,"quantile",0.5,198411.953075555
"4646","DE","15-34",2025-04-24,2025-05-18,4,"quantile",0.75,237792
"4647","DE","15-34",2025-04-24,2025-05-18,4,"quantile",0.9,285540
"4648","DE","15-34",2025-04-24,2025-05-18,4,"quantile",0.975,345769
"4649","DE","35-59",2025-04-24,2025-04-27,1,"quantile",0.025,159496
"4650","DE","35-59",2025-04-24,2025-04-27,1,"quantile",0.1,190753
"4651","DE","35-59",2025-04-24,2025-04-27,1,"quantile",0.25,222074
"4652","DE","35-59",2025-04-24,2025-04-27,1,"quantile",0.5,265432.137092619
"4653","DE","35-59",2025-04-24,2025-04-27,1,"quantile",0.75,303702
"4654","DE","35-59",2025-04-24,2025-04-27,1,"quantile",0.9,346128
"4655","DE","35-59",2025-04-24,2025-04-27,1,"quantile",0.975,397908
"4656","DE","35-59",2025-04-24,2025-05-04,2,"quantile",0.025,137975
"4657","DE","35-59",2025-04-24,2025-05-04,2,"quantile",0.1,170860
"4658","DE","35-59",2025-04-24,2025-05-04,2,"quantile",0.25,204547
"4659","DE","35-59",2025-04-24,2025-05-04,2,"quantile",0.5,253004.602200827
"4660","DE","35-59",2025-04-24,2025-05-04,2,"quantile",0.75,294889
"4661","DE","35-59",2025-04-24,2025-05-04,2,"quantile",0.9,342932
"4662","DE","35-59",2025-04-24,2025-05-04,2,"quantile",0.975,402329
"4663","DE","35-59",2025-04-24,2025-05-11,3,"quantile",0.025,95141
"4664","DE","35-59",2025-04-24,2025-05-11,3,"quantile",0.1,122527
"4665","DE","35-59",2025-04-24,2025-05-11,3,"quantile",0.25,151290
"4666","DE","35-59",2025-04-24,2025-05-11,3,"quantile",0.5,194429.462639396
"4667","DE","35-59",2025-04-24,2025-05-11,3,"quantile",0.75,230885
"4668","DE","35-59",2025-04-24,2025-05-11,3,"quantile",0.9,274257
"4669","DE","35-59",2025-04-24,2025-05-11,3,"quantile",0.975,328601
"4670","DE","35-59",2025-04-24,2025-05-18,4,"quantile",0.025,91456
"4671","DE","35-59",2025-04-24,2025-05-18,4,"quantile",0.1,124234
"4672","DE","35-59",2025-04-24,2025-05-18,4,"quantile",0.25,159848
"4673","DE","35-59",2025-04-24,2025-05-18,4,"quantile",0.5,216272.74740912
"4674","DE","35-59",2025-04-24,2025-05-18,4,"quantile",0.75,262586
"4675","DE","35-59",2025-04-24,2025-05-18,4,"quantile",0.9,320327
"4676","DE","35-59",2025-04-24,2025-05-18,4,"quantile",0.975,393876
"4677","DE","60+",2025-04-24,2025-04-27,1,"quantile",0.025,71292
"4678","DE","60+",2025-04-24,2025-04-27,1,"quantile",0.1,83148
"4679","DE","60+",2025-04-24,2025-04-27,1,"quantile",0.25,94840
"4680","DE","60+",2025-04-24,2025-04-27,1,"quantile",0.5,110572.18070926
"4681","DE","60+",2025-04-24,2025-04-27,1,"quantile",0.75,124678
"4682","DE","60+",2025-04-24,2025-04-27,1,"quantile",0.9,139918
"4683","DE","60+",2025-04-24,2025-04-27,1,"quantile",0.975,158334
"4684","DE","60+",2025-04-24,2025-05-04,2,"quantile",0.025,64365
"4685","DE","60+",2025-04-24,2025-05-04,2,"quantile",0.1,75638
"4686","DE","60+",2025-04-24,2025-05-04,2,"quantile",0.25,86810
"4687","DE","60+",2025-04-24,2025-05-04,2,"quantile",0.5,101971.98241151
"4688","DE","60+",2025-04-24,2025-05-04,2,"quantile",0.75,115502
"4689","DE","60+",2025-04-24,2025-05-04,2,"quantile",0.9,130234
"4690","DE","60+",2025-04-24,2025-05-04,2,"quantile",0.975,148092
"4691","DE","60+",2025-04-24,2025-05-11,3,"quantile",0.025,47800
"4692","DE","60+",2025-04-24,2025-05-11,3,"quantile",0.1,58092
"4693","DE","60+",2025-04-24,2025-05-11,3,"quantile",0.25,68510
"4694","DE","60+",2025-04-24,2025-05-11,3,"quantile",0.5,83190.2730163949
"4695","DE","60+",2025-04-24,2025-05-11,3,"quantile",0.75,96022
"4696","DE","60+",2025-04-24,2025-05-11,3,"quantile",0.9,110476
"4697","DE","60+",2025-04-24,2025-05-11,3,"quantile",0.975,128223
"4698","DE","60+",2025-04-24,2025-05-18,4,"quantile",0.025,44862
"4699","DE","60+",2025-04-24,2025-05-18,4,"quantile",0.1,56838
"4700","DE","60+",2025-04-24,2025-05-18,4,"quantile",0.25,69286
"4701","DE","60+",2025-04-24,2025-05-18,4,"quantile",0.5,87635.8748361966
"4702","DE","60+",2025-04-24,2025-05-18,4,"quantile",0.75,103287
"4703","DE","60+",2025-04-24,2025-05-18,4,"quantile",0.9,121631
"4704","DE","60+",2025-04-24,2025-05-18,4,"quantile",0.975,144489
"4705","DE","00+",2025-05-01,2025-05-04,1,"quantile",0.025,459226
"4706","DE","00+",2025-05-01,2025-05-04,1,"quantile",0.1,534610
"4707","DE","00+",2025-05-01,2025-05-04,1,"quantile",0.25,608869
"4708","DE","00+",2025-05-01,2025-05-04,1,"quantile",0.5,708574.165675154
"4709","DE","00+",2025-05-01,2025-05-04,1,"quantile",0.75,798077
"4710","DE","00+",2025-05-01,2025-05-04,1,"quantile",0.9,894592
"4711","DE","00+",2025-05-01,2025-05-04,1,"quantile",0.975,1011131
"4712","DE","00+",2025-05-01,2025-05-11,2,"quantile",0.025,316988
"4713","DE","00+",2025-05-01,2025-05-11,2,"quantile",0.1,384777
"4714","DE","00+",2025-05-01,2025-05-11,2,"quantile",0.25,453347
"4715","DE","00+",2025-05-01,2025-05-11,2,"quantile",0.5,549849.929809547
"4716","DE","00+",2025-05-01,2025-05-11,2,"quantile",0.75,634261
"4717","DE","00+",2025-05-01,2025-05-11,2,"quantile",0.9,729228
"4718","DE","00+",2025-05-01,2025-05-11,2,"quantile",0.975,845789
"4719","DE","00+",2025-05-01,2025-05-18,3,"quantile",0.025,326815
"4720","DE","00+",2025-05-01,2025-05-18,3,"quantile",0.1,410014
"4721","DE","00+",2025-05-01,2025-05-18,3,"quantile",0.25,495952
"4722","DE","00+",2025-05-01,2025-05-18,3,"quantile",0.5,621318.189763055
"4723","DE","00+",2025-05-01,2025-05-18,3,"quantile",0.75,728856
"4724","DE","00+",2025-05-01,2025-05-18,3,"quantile",0.9,853741
"4725","DE","00+",2025-05-01,2025-05-18,3,"quantile",0.975,1008847
"4726","DE","00+",2025-05-01,2025-05-25,4,"quantile",0.025,273362
"4727","DE","00+",2025-05-01,2025-05-25,4,"quantile",0.1,359395
"4728","DE","00+",2025-05-01,2025-05-25,4,"quantile",0.25,450945
"4729","DE","00+",2025-05-01,2025-05-25,4,"quantile",0.5,591240.466308105
"4730","DE","00+",2025-05-01,2025-05-25,4,"quantile",0.75,708445
"4731","DE","00+",2025-05-01,2025-05-25,4,"quantile",0.9,850489
"4732","DE","00+",2025-05-01,2025-05-25,4,"quantile",0.975,1029643
"4733","DE","00-04",2025-05-01,2025-05-04,1,"quantile",0.025,99804
"4734","DE","00-04",2025-05-01,2025-05-04,1,"quantile",0.1,114520
"4735","DE","00-04",2025-05-01,2025-05-04,1,"quantile",0.25,128883
"4736","DE","00-04",2025-05-01,2025-05-04,1,"quantile",0.5,147848.692386915
"4737","DE","00-04",2025-05-01,2025-05-04,1,"quantile",0.75,165033
"4738","DE","00-04",2025-05-01,2025-05-04,1,"quantile",0.9,183281
"4739","DE","00-04",2025-05-01,2025-05-04,1,"quantile",0.975,205183
"4740","DE","00-04",2025-05-01,2025-05-11,2,"quantile",0.025,78879
"4741","DE","00-04",2025-05-01,2025-05-11,2,"quantile",0.1,92260
"4742","DE","00-04",2025-05-01,2025-05-11,2,"quantile",0.25,105482
"4743","DE","00-04",2025-05-01,2025-05-11,2,"quantile",0.5,123328.883454329
"4744","DE","00-04",2025-05-01,2025-05-11,2,"quantile",0.75,139302
"4745","DE","00-04",2025-05-01,2025-05-11,2,"quantile",0.9,156612
"4746","DE","00-04",2025-05-01,2025-05-11,2,"quantile",0.975,177552
"4747","DE","00-04",2025-05-01,2025-05-18,3,"quantile",0.025,74989
"4748","DE","00-04",2025-05-01,2025-05-18,3,"quantile",0.1,89376
"4749","DE","00-04",2025-05-01,2025-05-18,3,"quantile",0.25,103759
"4750","DE","00-04",2025-05-01,2025-05-18,3,"quantile",0.5,123594.19368856
"4751","DE","00-04",2025-05-01,2025-05-18,3,"quantile",0.75,141139
"4752","DE","00-04",2025-05-01,2025-05-18,3,"quantile",0.9,160520
"4753","DE","00-04",2025-05-01,2025-05-18,3,"quantile",0.975,184144
"4754","DE","00-04",2025-05-01,2025-05-25,4,"quantile",0.025,61011
"4755","DE","00-04",2025-05-01,2025-05-25,4,"quantile",0.1,74070
"4756","DE","00-04",2025-05-01,2025-05-25,4,"quantile",0.25,87281
"4757","DE","00-04",2025-05-01,2025-05-25,4,"quantile",0.5,105875.79064991
"4758","DE","00-04",2025-05-01,2025-05-25,4,"quantile",0.75,122140
"4759","DE","00-04",2025-05-01,2025-05-25,4,"quantile",0.9,140440
"4760","DE","00-04",2025-05-01,2025-05-25,4,"quantile",0.975,162902
"4761","DE","05-14",2025-05-01,2025-05-04,1,"quantile",0.025,51104
"4762","DE","05-14",2025-05-01,2025-05-04,1,"quantile",0.1,64389
"4763","DE","05-14",2025-05-01,2025-05-04,1,"quantile",0.25,78148
"4764","DE","05-14",2025-05-01,2025-05-04,1,"quantile",0.5,98312.2532828897
"4765","DE","05-14",2025-05-01,2025-05-04,1,"quantile",0.75,115566
"4766","DE","05-14",2025-05-01,2025-05-04,1,"quantile",0.9,135683
"4767","DE","05-14",2025-05-01,2025-05-04,1,"quantile",0.975,160706
"4768","DE","05-14",2025-05-01,2025-05-11,2,"quantile",0.025,35190
"4769","DE","05-14",2025-05-01,2025-05-11,2,"quantile",0.1,45969
"4770","DE","05-14",2025-05-01,2025-05-11,2,"quantile",0.25,57392
"4771","DE","05-14",2025-05-01,2025-05-11,2,"quantile",0.5,74781.4180595212
"4772","DE","05-14",2025-05-01,2025-05-11,2,"quantile",0.75,89360
"4773","DE","05-14",2025-05-01,2025-05-11,2,"quantile",0.9,106928
"4774","DE","05-14",2025-05-01,2025-05-11,2,"quantile",0.975,129041
"4775","DE","05-14",2025-05-01,2025-05-18,3,"quantile",0.025,33788
"4776","DE","05-14",2025-05-01,2025-05-18,3,"quantile",0.1,44625
"4777","DE","05-14",2025-05-01,2025-05-18,3,"quantile",0.25,56191
"4778","DE","05-14",2025-05-01,2025-05-18,3,"quantile",0.5,73997.5355465359
"4779","DE","05-14",2025-05-01,2025-05-18,3,"quantile",0.75,88836
"4780","DE","05-14",2025-05-01,2025-05-18,3,"quantile",0.9,106892
"4781","DE","05-14",2025-05-01,2025-05-18,3,"quantile",0.975,129698
"4782","DE","05-14",2025-05-01,2025-05-25,4,"quantile",0.025,26873
"4783","DE","05-14",2025-05-01,2025-05-25,4,"quantile",0.1,36056
"4784","DE","05-14",2025-05-01,2025-05-25,4,"quantile",0.25,45955
"4785","DE","05-14",2025-05-01,2025-05-25,4,"quantile",0.5,61442.4694638139
"4786","DE","05-14",2025-05-01,2025-05-25,4,"quantile",0.75,74239
"4787","DE","05-14",2025-05-01,2025-05-25,4,"quantile",0.9,90025
"4788","DE","05-14",2025-05-01,2025-05-25,4,"quantile",0.975,110059
"4789","DE","15-34",2025-05-01,2025-05-04,1,"quantile",0.025,109758
"4790","DE","15-34",2025-05-01,2025-05-04,1,"quantile",0.1,132356
"4791","DE","15-34",2025-05-01,2025-05-04,1,"quantile",0.25,155120
"4792","DE","15-34",2025-05-01,2025-05-04,1,"quantile",0.5,186923.146100089
"4793","DE","15-34",2025-05-01,2025-05-04,1,"quantile",0.75,214853
"4794","DE","15-34",2025-05-01,2025-05-04,1,"quantile",0.9,246072
"4795","DE","15-34",2025-05-01,2025-05-04,1,"quantile",0.975,284295
"4796","DE","15-34",2025-05-01,2025-05-11,2,"quantile",0.025,77656
"4797","DE","15-34",2025-05-01,2025-05-11,2,"quantile",0.1,96321
"4798","DE","15-34",2025-05-01,2025-05-11,2,"quantile",0.25,115461
"4799","DE","15-34",2025-05-01,2025-05-11,2,"quantile",0.5,143040.925468776
"4800","DE","15-34",2025-05-01,2025-05-11,2,"quantile",0.75,166857
"4801","DE","15-34",2025-05-01,2025-05-11,2,"quantile",0.9,194217
"4802","DE","15-34",2025-05-01,2025-05-11,2,"quantile",0.975,228063
"4803","DE","15-34",2025-05-01,2025-05-18,3,"quantile",0.025,87709
"4804","DE","15-34",2025-05-01,2025-05-18,3,"quantile",0.1,111522
"4805","DE","15-34",2025-05-01,2025-05-18,3,"quantile",0.25,136329
"4806","DE","15-34",2025-05-01,2025-05-18,3,"quantile",0.5,173038.487948248
"4807","DE","15-34",2025-05-01,2025-05-18,3,"quantile",0.75,204285
"4808","DE","15-34",2025-05-01,2025-05-18,3,"quantile",0.9,241028
"4809","DE","15-34",2025-05-01,2025-05-18,3,"quantile",0.975,286872
"4810","DE","15-34",2025-05-01,2025-05-25,4,"quantile",0.025,67069
"4811","DE","15-34",2025-05-01,2025-05-25,4,"quantile",0.1,88220
"4812","DE","15-34",2025-05-01,2025-05-25,4,"quantile",0.25,110734
"4813","DE","15-34",2025-05-01,2025-05-25,4,"quantile",0.5,145253.43621246
"4814","DE","15-34",2025-05-01,2025-05-25,4,"quantile",0.75,174083
"4815","DE","15-34",2025-05-01,2025-05-25,4,"quantile",0.9,209038
"4816","DE","15-34",2025-05-01,2025-05-25,4,"quantile",0.975,253132
"4817","DE","35-59",2025-05-01,2025-05-04,1,"quantile",0.025,131650
"4818","DE","35-59",2025-05-01,2025-05-04,1,"quantile",0.1,157450
"4819","DE","35-59",2025-05-01,2025-05-04,1,"quantile",0.25,183302
"4820","DE","35-59",2025-05-01,2025-05-04,1,"quantile",0.5,219091.238434273
"4821","DE","35-59",2025-05-01,2025-05-04,1,"quantile",0.75,250680
"4822","DE","35-59",2025-05-01,2025-05-04,1,"quantile",0.9,285699
"4823","DE","35-59",2025-05-01,2025-05-04,1,"quantile",0.975,328439
"4824","DE","35-59",2025-05-01,2025-05-11,2,"quantile",0.025,85250
"4825","DE","35-59",2025-05-01,2025-05-11,2,"quantile",0.1,105569
"4826","DE","35-59",2025-05-01,2025-05-11,2,"quantile",0.25,126383
"4827","DE","35-59",2025-05-01,2025-05-11,2,"quantile",0.5,156324.410919635
"4828","DE","35-59",2025-05-01,2025-05-11,2,"quantile",0.75,182204
"4829","DE","35-59",2025-05-01,2025-05-11,2,"quantile",0.9,211889
"4830","DE","35-59",2025-05-01,2025-05-11,2,"quantile",0.975,248589
"4831","DE","35-59",2025-05-01,2025-05-18,3,"quantile",0.025,90452
"4832","DE","35-59",2025-05-01,2025-05-18,3,"quantile",0.1,116489
"4833","DE","35-59",2025-05-01,2025-05-18,3,"quantile",0.25,143834
"4834","DE","35-59",2025-05-01,2025-05-18,3,"quantile",0.5,184847.774003187
"4835","DE","35-59",2025-05-01,2025-05-18,3,"quantile",0.75,219507
"4836","DE","35-59",2025-05-01,2025-05-18,3,"quantile",0.9,260742
"4837","DE","35-59",2025-05-01,2025-05-18,3,"quantile",0.975,312407
"4838","DE","35-59",2025-05-01,2025-05-25,4,"quantile",0.025,69565
"4839","DE","35-59",2025-05-01,2025-05-25,4,"quantile",0.1,94498
"4840","DE","35-59",2025-05-01,2025-05-25,4,"quantile",0.25,121587
"4841","DE","35-59",2025-05-01,2025-05-25,4,"quantile",0.5,164506.710146274
"4842","DE","35-59",2025-05-01,2025-05-25,4,"quantile",0.75,199735
"4843","DE","35-59",2025-05-01,2025-05-25,4,"quantile",0.9,243656
"4844","DE","35-59",2025-05-01,2025-05-25,4,"quantile",0.975,299601
"4845","DE","60+",2025-05-01,2025-05-04,1,"quantile",0.025,58994
"4846","DE","60+",2025-05-01,2025-05-04,1,"quantile",0.1,68805
"4847","DE","60+",2025-05-01,2025-05-04,1,"quantile",0.25,78481
"4848","DE","60+",2025-05-01,2025-05-04,1,"quantile",0.5,91499.9353386453
"4849","DE","60+",2025-05-01,2025-05-04,1,"quantile",0.75,103173
"4850","DE","60+",2025-05-01,2025-05-04,1,"quantile",0.9,115785
"4851","DE","60+",2025-05-01,2025-05-04,1,"quantile",0.975,131024
"4852","DE","60+",2025-05-01,2025-05-11,2,"quantile",0.025,41971
"4853","DE","60+",2025-05-01,2025-05-11,2,"quantile",0.1,49323
"4854","DE","60+",2025-05-01,2025-05-11,2,"quantile",0.25,56608
"4855","DE","60+",2025-05-01,2025-05-11,2,"quantile",0.5,66496.0486516858
"4856","DE","60+",2025-05-01,2025-05-11,2,"quantile",0.75,75319
"4857","DE","60+",2025-05-01,2025-05-11,2,"quantile",0.9,84927
"4858","DE","60+",2025-05-01,2025-05-11,2,"quantile",0.975,96572
"4859","DE","60+",2025-05-01,2025-05-18,3,"quantile",0.025,44757
"4860","DE","60+",2025-05-01,2025-05-18,3,"quantile",0.1,54394
"4861","DE","60+",2025-05-01,2025-05-18,3,"quantile",0.25,64148
"4862","DE","60+",2025-05-01,2025-05-18,3,"quantile",0.5,77894.4993739342
"4863","DE","60+",2025-05-01,2025-05-18,3,"quantile",0.75,89910
"4864","DE","60+",2025-05-01,2025-05-18,3,"quantile",0.9,103443
"4865","DE","60+",2025-05-01,2025-05-18,3,"quantile",0.975,120061
"4866","DE","60+",2025-05-01,2025-05-25,4,"quantile",0.025,34896
"4867","DE","60+",2025-05-01,2025-05-25,4,"quantile",0.1,44212
"4868","DE","60+",2025-05-01,2025-05-25,4,"quantile",0.25,53894
"4869","DE","60+",2025-05-01,2025-05-25,4,"quantile",0.5,68168.2920378792
"4870","DE","60+",2025-05-01,2025-05-25,4,"quantile",0.75,80343
"4871","DE","60+",2025-05-01,2025-05-25,4,"quantile",0.9,94612
"4872","DE","60+",2025-05-01,2025-05-25,4,"quantile",0.975,112393
"4873","DE","00+",2025-05-08,2025-05-11,1,"quantile",0.025,356211
"4874","DE","00+",2025-05-08,2025-05-11,1,"quantile",0.1,414685
"4875","DE","00+",2025-05-08,2025-05-11,1,"quantile",0.25,472287
"4876","DE","00+",2025-05-08,2025-05-11,1,"quantile",0.5,549626.714351662
"4877","DE","00+",2025-05-08,2025-05-11,1,"quantile",0.75,619053
"4878","DE","00+",2025-05-08,2025-05-11,1,"quantile",0.9,693918
"4879","DE","00+",2025-05-08,2025-05-11,1,"quantile",0.975,784315
"4880","DE","00+",2025-05-08,2025-05-18,2,"quantile",0.025,321830
"4881","DE","00+",2025-05-08,2025-05-18,2,"quantile",0.1,390655
"4882","DE","00+",2025-05-08,2025-05-18,2,"quantile",0.25,460272
"4883","DE","00+",2025-05-08,2025-05-18,2,"quantile",0.5,558248.672074232
"4884","DE","00+",2025-05-08,2025-05-18,2,"quantile",0.75,643949
"4885","DE","00+",2025-05-08,2025-05-18,2,"quantile",0.9,740366
"4886","DE","00+",2025-05-08,2025-05-18,2,"quantile",0.975,858708
"4887","DE","00+",2025-05-08,2025-05-25,3,"quantile",0.025,265327
"4888","DE","00+",2025-05-08,2025-05-25,3,"quantile",0.1,332873
"4889","DE","00+",2025-05-08,2025-05-25,3,"quantile",0.25,402643
"4890","DE","00+",2025-05-08,2025-05-25,3,"quantile",0.5,504423.153148945
"4891","DE","00+",2025-05-08,2025-05-25,3,"quantile",0.75,591729
"4892","DE","00+",2025-05-08,2025-05-25,3,"quantile",0.9,693118
"4893","DE","00+",2025-05-08,2025-05-25,3,"quantile",0.975,819043
"4894","DE","00+",2025-05-08,2025-06-01,4,"quantile",0.025,260385
"4895","DE","00+",2025-05-08,2025-06-01,4,"quantile",0.1,342333
"4896","DE","00+",2025-05-08,2025-06-01,4,"quantile",0.25,429537
"4897","DE","00+",2025-05-08,2025-06-01,4,"quantile",0.5,563172.55447177
"4898","DE","00+",2025-05-08,2025-06-01,4,"quantile",0.75,674813
"4899","DE","00+",2025-05-08,2025-06-01,4,"quantile",0.9,810114
"4900","DE","00+",2025-05-08,2025-06-01,4,"quantile",0.975,980763
"4901","DE","00-04",2025-05-08,2025-05-11,1,"quantile",0.025,84703
"4902","DE","00-04",2025-05-08,2025-05-11,1,"quantile",0.1,97192
"4903","DE","00-04",2025-05-08,2025-05-11,1,"quantile",0.25,109383
"4904","DE","00-04",2025-05-08,2025-05-11,1,"quantile",0.5,125478.818023175
"4905","DE","00-04",2025-05-08,2025-05-11,1,"quantile",0.75,140063
"4906","DE","00-04",2025-05-08,2025-05-11,1,"quantile",0.9,155551
"4907","DE","00-04",2025-05-08,2025-05-11,1,"quantile",0.975,174139
"4908","DE","00-04",2025-05-08,2025-05-18,2,"quantile",0.025,69605
"4909","DE","00-04",2025-05-08,2025-05-18,2,"quantile",0.1,81413
"4910","DE","00-04",2025-05-08,2025-05-18,2,"quantile",0.25,93080
"4911","DE","00-04",2025-05-08,2025-05-18,2,"quantile",0.5,108829.479433162
"4912","DE","00-04",2025-05-08,2025-05-18,2,"quantile",0.75,122925
"4913","DE","00-04",2025-05-08,2025-05-18,2,"quantile",0.9,138200
"4914","DE","00-04",2025-05-08,2025-05-18,2,"quantile",0.975,156679
"4915","DE","00-04",2025-05-08,2025-05-25,3,"quantile",0.025,63616
"4916","DE","00-04",2025-05-08,2025-05-25,3,"quantile",0.1,75821
"4917","DE","00-04",2025-05-08,2025-05-25,3,"quantile",0.25,88024
"4918","DE","00-04",2025-05-08,2025-05-25,3,"quantile",0.5,104851.003166336
"4919","DE","00-04",2025-05-08,2025-05-25,3,"quantile",0.75,119735
"4920","DE","00-04",2025-05-08,2025-05-25,3,"quantile",0.9,136178
"4921","DE","00-04",2025-05-08,2025-05-25,3,"quantile",0.975,156219
"4922","DE","00-04",2025-05-08,2025-06-01,4,"quantile",0.025,63660
"4923","DE","00-04",2025-05-08,2025-06-01,4,"quantile",0.1,77287
"4924","DE","00-04",2025-05-08,2025-06-01,4,"quantile",0.25,91071
"4925","DE","00-04",2025-05-08,2025-06-01,4,"quantile",0.5,110473.257448022
"4926","DE","00-04",2025-05-08,2025-06-01,4,"quantile",0.75,127443
"4927","DE","00-04",2025-05-08,2025-06-01,4,"quantile",0.9,146538
"4928","DE","00-04",2025-05-08,2025-06-01,4,"quantile",0.975,169976
"4929","DE","05-14",2025-05-08,2025-05-11,1,"quantile",0.025,43001
"4930","DE","05-14",2025-05-08,2025-05-11,1,"quantile",0.1,54180
"4931","DE","05-14",2025-05-08,2025-05-11,1,"quantile",0.25,65758
"4932","DE","05-14",2025-05-08,2025-05-11,1,"quantile",0.5,82725.4016027607
"4933","DE","05-14",2025-05-08,2025-05-11,1,"quantile",0.75,97244
"4934","DE","05-14",2025-05-08,2025-05-11,1,"quantile",0.9,114172
"4935","DE","05-14",2025-05-08,2025-05-11,1,"quantile",0.975,135227
"4936","DE","05-14",2025-05-08,2025-05-18,2,"quantile",0.025,35791
"4937","DE","05-14",2025-05-08,2025-05-18,2,"quantile",0.1,46754
"4938","DE","05-14",2025-05-08,2025-05-18,2,"quantile",0.25,58372
"4939","DE","05-14",2025-05-08,2025-05-18,2,"quantile",0.5,76058.7287900665
"4940","DE","05-14",2025-05-08,2025-05-18,2,"quantile",0.75,90887
"4941","DE","05-14",2025-05-08,2025-05-18,2,"quantile",0.9,108755
"4942","DE","05-14",2025-05-08,2025-05-18,2,"quantile",0.975,131245
"4943","DE","05-14",2025-05-08,2025-05-25,3,"quantile",0.025,31745
"4944","DE","05-14",2025-05-08,2025-05-25,3,"quantile",0.1,41927
"4945","DE","05-14",2025-05-08,2025-05-25,3,"quantile",0.25,52793
"4946","DE","05-14",2025-05-08,2025-05-25,3,"quantile",0.5,69523.3183639852
"4947","DE","05-14",2025-05-08,2025-05-25,3,"quantile",0.75,83465
"4948","DE","05-14",2025-05-08,2025-05-25,3,"quantile",0.9,100429
"4949","DE","05-14",2025-05-08,2025-05-25,3,"quantile",0.975,121856
"4950","DE","05-14",2025-05-08,2025-06-01,4,"quantile",0.025,29524
"4951","DE","05-14",2025-05-08,2025-06-01,4,"quantile",0.1,39612
"4952","DE","05-14",2025-05-08,2025-06-01,4,"quantile",0.25,50488
"4953","DE","05-14",2025-05-08,2025-06-01,4,"quantile",0.5,67502.8388805672
"4954","DE","05-14",2025-05-08,2025-06-01,4,"quantile",0.75,81562
"4955","DE","05-14",2025-05-08,2025-06-01,4,"quantile",0.9,98905
"4956","DE","05-14",2025-05-08,2025-06-01,4,"quantile",0.975,120915
"4957","DE","15-34",2025-05-08,2025-05-11,1,"quantile",0.025,92161
"4958","DE","15-34",2025-05-08,2025-05-11,1,"quantile",0.1,111137
"4959","DE","15-34",2025-05-08,2025-05-11,1,"quantile",0.25,130251
"4960","DE","15-34",2025-05-08,2025-05-11,1,"quantile",0.5,156956.171092504
"4961","DE","15-34",2025-05-08,2025-05-11,1,"quantile",0.75,180409
"4962","DE","15-34",2025-05-08,2025-05-11,1,"quantile",0.9,206623
"4963","DE","15-34",2025-05-08,2025-05-11,1,"quantile",0.975,238718
"4964","DE","15-34",2025-05-08,2025-05-18,2,"quantile",0.025,80697
"4965","DE","15-34",2025-05-08,2025-05-18,2,"quantile",0.1,100092
"4966","DE","15-34",2025-05-08,2025-05-18,2,"quantile",0.25,119981
"4967","DE","15-34",2025-05-08,2025-05-18,2,"quantile",0.5,148640.990995499
"4968","DE","15-34",2025-05-08,2025-05-18,2,"quantile",0.75,173389
"4969","DE","15-34",2025-05-08,2025-05-18,2,"quantile",0.9,201821
"4970","DE","15-34",2025-05-08,2025-05-18,2,"quantile",0.975,236992
"4971","DE","15-34",2025-05-08,2025-05-25,3,"quantile",0.025,68320
"4972","DE","15-34",2025-05-08,2025-05-25,3,"quantile",0.1,86869
"4973","DE","15-34",2025-05-08,2025-05-25,3,"quantile",0.25,106193
"4974","DE","15-34",2025-05-08,2025-05-25,3,"quantile",0.5,134788.153805095
"4975","DE","15-34",2025-05-08,2025-05-25,3,"quantile",0.75,159128
"4976","DE","15-34",2025-05-08,2025-05-25,3,"quantile",0.9,187749
"4977","DE","15-34",2025-05-08,2025-05-25,3,"quantile",0.975,223459
"4978","DE","15-34",2025-05-08,2025-06-01,4,"quantile",0.025,66641
"4979","DE","15-34",2025-05-08,2025-06-01,4,"quantile",0.1,87658
"4980","DE","15-34",2025-05-08,2025-06-01,4,"quantile",0.25,110029
"4981","DE","15-34",2025-05-08,2025-06-01,4,"quantile",0.5,144327.612996413
"4982","DE","15-34",2025-05-08,2025-06-01,4,"quantile",0.75,172974
"4983","DE","15-34",2025-05-08,2025-06-01,4,"quantile",0.9,207706
"4984","DE","15-34",2025-05-08,2025-06-01,4,"quantile",0.975,251518
"4985","DE","35-59",2025-05-08,2025-05-11,1,"quantile",0.025,105447
"4986","DE","35-59",2025-05-08,2025-05-11,1,"quantile",0.1,126112
"4987","DE","35-59",2025-05-08,2025-05-11,1,"quantile",0.25,146819
"4988","DE","35-59",2025-05-08,2025-05-11,1,"quantile",0.5,175485.421119348
"4989","DE","35-59",2025-05-08,2025-05-11,1,"quantile",0.75,200788
"4990","DE","35-59",2025-05-08,2025-05-11,1,"quantile",0.9,228837
"4991","DE","35-59",2025-05-08,2025-05-11,1,"quantile",0.975,263071
"4992","DE","35-59",2025-05-08,2025-05-18,2,"quantile",0.025,83547
"4993","DE","35-59",2025-05-08,2025-05-18,2,"quantile",0.1,103460
"4994","DE","35-59",2025-05-08,2025-05-18,2,"quantile",0.25,123859
"4995","DE","35-59",2025-05-08,2025-05-18,2,"quantile",0.5,153201.429921997
"4996","DE","35-59",2025-05-08,2025-05-18,2,"quantile",0.75,178564
"4997","DE","35-59",2025-05-08,2025-05-18,2,"quantile",0.9,207656
"4998","DE","35-59",2025-05-08,2025-05-18,2,"quantile",0.975,243623
"4999","DE","35-59",2025-05-08,2025-05-25,3,"quantile",0.025,67475
"5000","DE","35-59",2025-05-08,2025-05-25,3,"quantile",0.1,86898
"5001","DE","35-59",2025-05-08,2025-05-25,3,"quantile",0.25,107297
"5002","DE","35-59",2025-05-08,2025-05-25,3,"quantile",0.5,137892.936507982
"5003","DE","35-59",2025-05-08,2025-05-25,3,"quantile",0.75,163748
"5004","DE","35-59",2025-05-08,2025-05-25,3,"quantile",0.9,194509
"5005","DE","35-59",2025-05-08,2025-05-25,3,"quantile",0.975,233051
"5006","DE","35-59",2025-05-08,2025-06-01,4,"quantile",0.025,62278
"5007","DE","35-59",2025-05-08,2025-06-01,4,"quantile",0.1,84600
"5008","DE","35-59",2025-05-08,2025-06-01,4,"quantile",0.25,108852
"5009","DE","35-59",2025-05-08,2025-06-01,4,"quantile",0.5,147275.81087086
"5010","DE","35-59",2025-05-08,2025-06-01,4,"quantile",0.75,178814
"5011","DE","35-59",2025-05-08,2025-06-01,4,"quantile",0.9,218135
"5012","DE","35-59",2025-05-08,2025-06-01,4,"quantile",0.975,268220
"5013","DE","60+",2025-05-08,2025-05-11,1,"quantile",0.025,50290
"5014","DE","60+",2025-05-08,2025-05-11,1,"quantile",0.1,58654
"5015","DE","60+",2025-05-08,2025-05-11,1,"quantile",0.25,66903
"5016","DE","60+",2025-05-08,2025-05-11,1,"quantile",0.5,78000.9723742195
"5017","DE","60+",2025-05-08,2025-05-11,1,"quantile",0.75,87952
"5018","DE","60+",2025-05-08,2025-05-11,1,"quantile",0.9,98703
"5019","DE","60+",2025-05-08,2025-05-11,1,"quantile",0.975,111695
"5020","DE","60+",2025-05-08,2025-05-18,2,"quantile",0.025,40606
"5021","DE","60+",2025-05-08,2025-05-18,2,"quantile",0.1,47720
"5022","DE","60+",2025-05-08,2025-05-18,2,"quantile",0.25,54768
"5023","DE","60+",2025-05-08,2025-05-18,2,"quantile",0.5,64334.6460809353
"5024","DE","60+",2025-05-08,2025-05-18,2,"quantile",0.75,72871
"5025","DE","60+",2025-05-08,2025-05-18,2,"quantile",0.9,82167
"5026","DE","60+",2025-05-08,2025-05-18,2,"quantile",0.975,93434
"5027","DE","60+",2025-05-08,2025-05-25,3,"quantile",0.025,34653
"5028","DE","60+",2025-05-08,2025-05-25,3,"quantile",0.1,42115
"5029","DE","60+",2025-05-08,2025-05-25,3,"quantile",0.25,49668
"5030","DE","60+",2025-05-08,2025-05-25,3,"quantile",0.5,60311.1513682576
"5031","DE","60+",2025-05-08,2025-05-25,3,"quantile",0.75,69614
"5032","DE","60+",2025-05-08,2025-05-25,3,"quantile",0.9,80093
"5033","DE","60+",2025-05-08,2025-05-25,3,"quantile",0.975,92960
"5034","DE","60+",2025-05-08,2025-06-01,4,"quantile",0.025,31911
"5035","DE","60+",2025-05-08,2025-06-01,4,"quantile",0.1,40431
"5036","DE","60+",2025-05-08,2025-06-01,4,"quantile",0.25,49285
"5037","DE","60+",2025-05-08,2025-06-01,4,"quantile",0.5,62338.6961639192
"5038","DE","60+",2025-05-08,2025-06-01,4,"quantile",0.75,73472
"5039","DE","60+",2025-05-08,2025-06-01,4,"quantile",0.9,86521
"5040","DE","60+",2025-05-08,2025-06-01,4,"quantile",0.975,102782
