"","location","age_group","forecast_date","target_end_date","horizon","type","quantile","value"
"1","DE","00+",2024-10-17,2024-10-20,1,"quantile",0.025,1108420.24107796
"2","DE","00+",2024-10-17,2024-10-20,1,"quantile",0.1,1274637.79994667
"3","DE","00+",2024-10-17,2024-10-20,1,"quantile",0.25,1444398.40667314
"4","DE","00+",2024-10-17,2024-10-20,1,"quantile",0.5,1659657.50086447
"5","DE","00+",2024-10-17,2024-10-20,1,"quantile",0.75,1906996.71742232
"6","DE","00+",2024-10-17,2024-10-20,1,"quantile",0.9,2160977.04013717
"7","DE","00+",2024-10-17,2024-10-20,1,"quantile",0.975,2485034.93358884
"8","DE","00+",2024-10-17,2024-10-27,2,"quantile",0.025,1094446.07030983
"9","DE","00+",2024-10-17,2024-10-27,2,"quantile",0.1,1298076.61210772
"10","DE","00+",2024-10-17,2024-10-27,2,"quantile",0.25,1512210.83423657
"11","DE","00+",2024-10-17,2024-10-27,2,"quantile",0.5,1791801.1619186
"12","DE","00+",2024-10-17,2024-10-27,2,"quantile",0.75,2123084.51385594
"13","DE","00+",2024-10-17,2024-10-27,2,"quantile",0.9,2473314.26659
"14","DE","00+",2024-10-17,2024-10-27,2,"quantile",0.975,2933494.3867485
"15","DE","00+",2024-10-17,2024-11-03,3,"quantile",0.025,1172109.35712672
"16","DE","00+",2024-10-17,2024-11-03,3,"quantile",0.1,1418587.62880231
"17","DE","00+",2024-10-17,2024-11-03,3,"quantile",0.25,1682777.23438647
"18","DE","00+",2024-10-17,2024-11-03,3,"quantile",0.5,2034395.53378259
"19","DE","00+",2024-10-17,2024-11-03,3,"quantile",0.75,2459484.89396075
"20","DE","00+",2024-10-17,2024-11-03,3,"quantile",0.9,2917525.22286469
"21","DE","00+",2024-10-17,2024-11-03,3,"quantile",0.975,3531040.13948002
"22","DE","00+",2024-10-17,2024-11-10,4,"quantile",0.025,984694.853101635
"23","DE","00+",2024-10-17,2024-11-10,4,"quantile",0.1,1224305.91679564
"24","DE","00+",2024-10-17,2024-11-10,4,"quantile",0.25,1487750.49940621
"25","DE","00+",2024-10-17,2024-11-10,4,"quantile",0.5,1847444.76805151
"26","DE","00+",2024-10-17,2024-11-10,4,"quantile",0.75,2294102.5207944
"27","DE","00+",2024-10-17,2024-11-10,4,"quantile",0.9,2787744.56953851
"28","DE","00+",2024-10-17,2024-11-10,4,"quantile",0.975,3466101.36150334
"29","DE","00-04",2024-10-17,2024-10-20,1,"quantile",0.025,125744.386879239
"30","DE","00-04",2024-10-17,2024-10-20,1,"quantile",0.1,143217.089068905
"31","DE","00-04",2024-10-17,2024-10-20,1,"quantile",0.25,160900.781040558
"32","DE","00-04",2024-10-17,2024-10-20,1,"quantile",0.5,183120.793067786
"33","DE","00-04",2024-10-17,2024-10-20,1,"quantile",0.75,208409.33547316
"34","DE","00-04",2024-10-17,2024-10-20,1,"quantile",0.9,234142.62272599
"35","DE","00-04",2024-10-17,2024-10-20,1,"quantile",0.975,266677.7077372
"36","DE","00-04",2024-10-17,2024-10-27,2,"quantile",0.025,136231.514215238
"37","DE","00-04",2024-10-17,2024-10-27,2,"quantile",0.1,157746.234004499
"38","DE","00-04",2024-10-17,2024-10-27,2,"quantile",0.25,179863.423871767
"39","DE","00-04",2024-10-17,2024-10-27,2,"quantile",0.5,208092.322859854
"40","DE","00-04",2024-10-17,2024-10-27,2,"quantile",0.75,240751.643113843
"41","DE","00-04",2024-10-17,2024-10-27,2,"quantile",0.9,274506.805861207
"42","DE","00-04",2024-10-17,2024-10-27,2,"quantile",0.975,317859.014359879
"43","DE","00-04",2024-10-17,2024-11-03,3,"quantile",0.025,139948.669006276
"44","DE","00-04",2024-10-17,2024-11-03,3,"quantile",0.1,164482.670572014
"45","DE","00-04",2024-10-17,2024-11-03,3,"quantile",0.25,190061.214891679
"46","DE","00-04",2024-10-17,2024-11-03,3,"quantile",0.5,223171.76741599
"47","DE","00-04",2024-10-17,2024-11-03,3,"quantile",0.75,262050.507253478
"48","DE","00-04",2024-10-17,2024-11-03,3,"quantile",0.9,302801.733449306
"49","DE","00-04",2024-10-17,2024-11-03,3,"quantile",0.975,355885.040745499
"50","DE","00-04",2024-10-17,2024-11-10,4,"quantile",0.025,143107.467052957
"51","DE","00-04",2024-10-17,2024-11-10,4,"quantile",0.1,170615.443554333
"52","DE","00-04",2024-10-17,2024-11-10,4,"quantile",0.25,199684.243465572
"53","DE","00-04",2024-10-17,2024-11-10,4,"quantile",0.5,237825.457713956
"54","DE","00-04",2024-10-17,2024-11-10,4,"quantile",0.75,283251.934930984
"55","DE","00-04",2024-10-17,2024-11-10,4,"quantile",0.9,331511.304947262
"56","DE","00-04",2024-10-17,2024-11-10,4,"quantile",0.975,395234.081782207
"57","DE","05-14",2024-10-17,2024-10-20,1,"quantile",0.025,84312.5085663279
"58","DE","05-14",2024-10-17,2024-10-20,1,"quantile",0.1,102954.541614744
"59","DE","05-14",2024-10-17,2024-10-20,1,"quantile",0.25,123104.772601522
"60","DE","05-14",2024-10-17,2024-10-20,1,"quantile",0.5,150150.49505674
"61","DE","05-14",2024-10-17,2024-10-20,1,"quantile",0.75,183138.075716696
"62","DE","05-14",2024-10-17,2024-10-20,1,"quantile",0.9,218981.803154911
"63","DE","05-14",2024-10-17,2024-10-20,1,"quantile",0.975,267400.075613312
"64","DE","05-14",2024-10-17,2024-10-27,2,"quantile",0.025,90870.4534164885
"65","DE","05-14",2024-10-17,2024-10-27,2,"quantile",0.1,113893.644907679
"66","DE","05-14",2024-10-17,2024-10-27,2,"quantile",0.25,139399.51638024
"67","DE","05-14",2024-10-17,2024-10-27,2,"quantile",0.5,174490.172103304
"68","DE","05-14",2024-10-17,2024-10-27,2,"quantile",0.75,218414.101793517
"69","DE","05-14",2024-10-17,2024-10-27,2,"quantile",0.9,267326.76950782
"70","DE","05-14",2024-10-17,2024-10-27,2,"quantile",0.975,335057.425333767
"71","DE","05-14",2024-10-17,2024-11-03,3,"quantile",0.025,94642.5366838628
"72","DE","05-14",2024-10-17,2024-11-03,3,"quantile",0.1,119251.058346781
"73","DE","05-14",2024-10-17,2024-11-03,3,"quantile",0.25,146649.737657656
"74","DE","05-14",2024-10-17,2024-11-03,3,"quantile",0.5,184534.160766605
"75","DE","05-14",2024-10-17,2024-11-03,3,"quantile",0.75,232205.369295165
"76","DE","05-14",2024-10-17,2024-11-03,3,"quantile",0.9,285556.010671283
"77","DE","05-14",2024-10-17,2024-11-03,3,"quantile",0.975,359804.98497819
"78","DE","05-14",2024-10-17,2024-11-10,4,"quantile",0.025,97853.7195966876
"79","DE","05-14",2024-10-17,2024-11-10,4,"quantile",0.1,124013.494511711
"80","DE","05-14",2024-10-17,2024-11-10,4,"quantile",0.25,153298.936942998
"81","DE","05-14",2024-10-17,2024-11-10,4,"quantile",0.5,194015.227517815
"82","DE","05-14",2024-10-17,2024-11-10,4,"quantile",0.75,245545.789549645
"83","DE","05-14",2024-10-17,2024-11-10,4,"quantile",0.9,303530.746045022
"84","DE","05-14",2024-10-17,2024-11-10,4,"quantile",0.975,384675.295573168
"85","DE","15-34",2024-10-17,2024-10-20,1,"quantile",0.025,251107.35309467
"86","DE","15-34",2024-10-17,2024-10-20,1,"quantile",0.1,297175.417962368
"87","DE","15-34",2024-10-17,2024-10-20,1,"quantile",0.25,345519.5085012
"88","DE","15-34",2024-10-17,2024-10-20,1,"quantile",0.5,408510.329499949
"89","DE","15-34",2024-10-17,2024-10-20,1,"quantile",0.75,482984.853827947
"90","DE","15-34",2024-10-17,2024-10-20,1,"quantile",0.9,561556.169256532
"91","DE","15-34",2024-10-17,2024-10-20,1,"quantile",0.975,664579.062506548
"92","DE","15-34",2024-10-17,2024-10-27,2,"quantile",0.025,260847.040507127
"93","DE","15-34",2024-10-17,2024-10-27,2,"quantile",0.1,314880.987414026
"94","DE","15-34",2024-10-17,2024-10-27,2,"quantile",0.25,372655.874493766
"95","DE","15-34",2024-10-17,2024-10-27,2,"quantile",0.5,449361.382183928
"96","DE","15-34",2024-10-17,2024-10-27,2,"quantile",0.75,541855.544535708
"97","DE","15-34",2024-10-17,2024-10-27,2,"quantile",0.9,641276.100715301
"98","DE","15-34",2024-10-17,2024-10-27,2,"quantile",0.975,774115.172653197
"99","DE","15-34",2024-10-17,2024-11-03,3,"quantile",0.025,260376.000684535
"100","DE","15-34",2024-10-17,2024-11-03,3,"quantile",0.1,317954.19076005
"101","DE","15-34",2024-10-17,2024-11-03,3,"quantile",0.25,380192.000828411
"102","DE","15-34",2024-10-17,2024-11-03,3,"quantile",0.5,463729.685712742
"103","DE","15-34",2024-10-17,2024-11-03,3,"quantile",0.75,565622.687859477
"104","DE","15-34",2024-10-17,2024-11-03,3,"quantile",0.9,676340.264291487
"105","DE","15-34",2024-10-17,2024-11-03,3,"quantile",0.975,825902.621001472
"106","DE","15-34",2024-10-17,2024-11-10,4,"quantile",0.025,263062.965031613
"107","DE","15-34",2024-10-17,2024-11-10,4,"quantile",0.1,327073.993867111
"108","DE","15-34",2024-10-17,2024-11-10,4,"quantile",0.25,397451.738773309
"109","DE","15-34",2024-10-17,2024-11-10,4,"quantile",0.5,493541.633613232
"110","DE","15-34",2024-10-17,2024-11-10,4,"quantile",0.75,612862.695887081
"111","DE","15-34",2024-10-17,2024-11-10,4,"quantile",0.9,744734.673734362
"112","DE","15-34",2024-10-17,2024-11-10,4,"quantile",0.975,925950.728489455
"113","DE","35-59",2024-10-17,2024-10-20,1,"quantile",0.025,341027.120456181
"114","DE","35-59",2024-10-17,2024-10-20,1,"quantile",0.1,400631.387416461
"115","DE","35-59",2024-10-17,2024-10-20,1,"quantile",0.25,462746.926485784
"116","DE","35-59",2024-10-17,2024-10-20,1,"quantile",0.5,543119.131213852
"117","DE","35-59",2024-10-17,2024-10-20,1,"quantile",0.75,637450.783154043
"118","DE","35-59",2024-10-17,2024-10-20,1,"quantile",0.9,736283.775948527
"119","DE","35-59",2024-10-17,2024-10-20,1,"quantile",0.975,864970.475943104
"120","DE","35-59",2024-10-17,2024-10-27,2,"quantile",0.025,353551.164264498
"121","DE","35-59",2024-10-17,2024-10-27,2,"quantile",0.1,425144.503331518
"122","DE","35-59",2024-10-17,2024-10-27,2,"quantile",0.25,501415.976003809
"123","DE","35-59",2024-10-17,2024-10-27,2,"quantile",0.5,602309.074198254
"124","DE","35-59",2024-10-17,2024-10-27,2,"quantile",0.75,723503.514492728
"125","DE","35-59",2024-10-17,2024-10-27,2,"quantile",0.9,853300.978887813
"126","DE","35-59",2024-10-17,2024-10-27,2,"quantile",0.975,1026092.56461155
"127","DE","35-59",2024-10-17,2024-11-03,3,"quantile",0.025,351064.852613574
"128","DE","35-59",2024-10-17,2024-11-03,3,"quantile",0.1,431003.097964896
"129","DE","35-59",2024-10-17,2024-11-03,3,"quantile",0.25,517849.138760628
"130","DE","35-59",2024-10-17,2024-11-03,3,"quantile",0.5,635010.857474909
"131","DE","35-59",2024-10-17,2024-11-03,3,"quantile",0.75,778680.041983063
"132","DE","35-59",2024-10-17,2024-11-03,3,"quantile",0.9,935582.113017344
"133","DE","35-59",2024-10-17,2024-11-03,3,"quantile",0.975,1148616.23460459
"134","DE","35-59",2024-10-17,2024-11-10,4,"quantile",0.025,348535.109585619
"135","DE","35-59",2024-10-17,2024-11-10,4,"quantile",0.1,440295.550883118
"136","DE","35-59",2024-10-17,2024-11-10,4,"quantile",0.25,542709.278172228
"137","DE","35-59",2024-10-17,2024-11-10,4,"quantile",0.5,684665.015094746
"138","DE","35-59",2024-10-17,2024-11-10,4,"quantile",0.75,863751.923448647
"139","DE","35-59",2024-10-17,2024-11-10,4,"quantile",0.9,1064662.54758756
"140","DE","35-59",2024-10-17,2024-11-10,4,"quantile",0.975,1344961.15313035
"141","DE","60+",2024-10-17,2024-10-20,1,"quantile",0.025,112122.197032399
"142","DE","60+",2024-10-17,2024-10-20,1,"quantile",0.1,129409.180281427
"143","DE","60+",2024-10-17,2024-10-20,1,"quantile",0.25,147125.885565484
"144","DE","60+",2024-10-17,2024-10-20,1,"quantile",0.5,169669.001337841
"145","DE","60+",2024-10-17,2024-10-20,1,"quantile",0.75,195666.248018383
"146","DE","60+",2024-10-17,2024-10-20,1,"quantile",0.9,222453.847187469
"147","DE","60+",2024-10-17,2024-10-20,1,"quantile",0.975,256751.747440891
"148","DE","60+",2024-10-17,2024-10-27,2,"quantile",0.025,118355.96284542
"149","DE","60+",2024-10-17,2024-10-27,2,"quantile",0.1,137377.087892366
"150","DE","60+",2024-10-17,2024-10-27,2,"quantile",0.25,156975.270830024
"151","DE","60+",2024-10-17,2024-10-27,2,"quantile",0.5,182046.008302653
"152","DE","60+",2024-10-17,2024-10-27,2,"quantile",0.75,211120.827909355
"153","DE","60+",2024-10-17,2024-10-27,2,"quantile",0.9,241239.275394273
"154","DE","60+",2024-10-17,2024-10-27,2,"quantile",0.975,280009.121147648
"155","DE","60+",2024-10-17,2024-11-03,3,"quantile",0.025,112126.42996606
"156","DE","60+",2024-10-17,2024-11-03,3,"quantile",0.1,133025.87632451
"157","DE","60+",2024-10-17,2024-11-03,3,"quantile",0.25,155009.199720858
"158","DE","60+",2024-10-17,2024-11-03,3,"quantile",0.5,183719.989211987
"159","DE","60+",2024-10-17,2024-11-03,3,"quantile",0.75,217748.588450463
"160","DE","60+",2024-10-17,2024-11-03,3,"quantile",0.9,253732.847838671
"161","DE","60+",2024-10-17,2024-11-03,3,"quantile",0.975,301026.568368131
"162","DE","60+",2024-10-17,2024-11-10,4,"quantile",0.025,110335.503721077
"163","DE","60+",2024-10-17,2024-11-10,4,"quantile",0.1,134282.207444112
"164","DE","60+",2024-10-17,2024-11-10,4,"quantile",0.25,160084.792599164
"165","DE","60+",2024-10-17,2024-11-10,4,"quantile",0.5,194607.706054694
"166","DE","60+",2024-10-17,2024-11-10,4,"quantile",0.75,236575.621212804
"167","DE","60+",2024-10-17,2024-11-10,4,"quantile",0.9,282034.083120302
"168","DE","60+",2024-10-17,2024-11-10,4,"quantile",0.975,343245.446647974
"169","DE","00+",2024-10-24,2024-10-27,1,"quantile",0.025,1056087.46864204
"170","DE","00+",2024-10-24,2024-10-27,1,"quantile",0.1,1214457.25880284
"171","DE","00+",2024-10-24,2024-10-27,1,"quantile",0.25,1376202.81593787
"172","DE","00+",2024-10-24,2024-10-27,1,"quantile",0.5,1581298.70237316
"173","DE","00+",2024-10-24,2024-10-27,1,"quantile",0.75,1816960.08551106
"174","DE","00+",2024-10-24,2024-10-27,1,"quantile",0.9,2058949.02270329
"175","DE","00+",2024-10-24,2024-10-27,1,"quantile",0.975,2367706.89963995
"176","DE","00+",2024-10-24,2024-11-03,2,"quantile",0.025,973038.973466485
"177","DE","00+",2024-10-24,2024-11-03,2,"quantile",0.1,1154080.74311837
"178","DE","00+",2024-10-24,2024-11-03,2,"quantile",0.25,1344461.0179777
"179","DE","00+",2024-10-24,2024-11-03,2,"quantile",0.5,1593036.34098275
"180","DE","00+",2024-10-24,2024-11-03,2,"quantile",0.75,1887570.37188699
"181","DE","00+",2024-10-24,2024-11-03,2,"quantile",0.9,2198949.07598457
"182","DE","00+",2024-10-24,2024-11-03,2,"quantile",0.975,2608081.33373204
"183","DE","00+",2024-10-24,2024-11-10,3,"quantile",0.025,975893.329388949
"184","DE","00+",2024-10-24,2024-11-10,3,"quantile",0.1,1181110.10349369
"185","DE","00+",2024-10-24,2024-11-10,3,"quantile",0.25,1401073.25984583
"186","DE","00+",2024-10-24,2024-11-10,3,"quantile",0.5,1693829.17957754
"187","DE","00+",2024-10-24,2024-11-10,3,"quantile",0.75,2047756.79603221
"188","DE","00+",2024-10-24,2024-11-10,3,"quantile",0.9,2429119.2506962
"189","DE","00+",2024-10-24,2024-11-10,3,"quantile",0.975,2939929.19429499
"190","DE","00+",2024-10-24,2024-11-17,4,"quantile",0.025,841236.567643777
"191","DE","00+",2024-10-24,2024-11-17,4,"quantile",0.1,1045939.15967673
"192","DE","00+",2024-10-24,2024-11-17,4,"quantile",0.25,1271003.01142898
"193","DE","00+",2024-10-24,2024-11-17,4,"quantile",0.5,1578294.1189261
"194","DE","00+",2024-10-24,2024-11-17,4,"quantile",0.75,1959879.16900061
"195","DE","00+",2024-10-24,2024-11-17,4,"quantile",0.9,2381603.46401658
"196","DE","00+",2024-10-24,2024-11-17,4,"quantile",0.975,2961131.76916904
"197","DE","00-04",2024-10-24,2024-10-27,1,"quantile",0.025,158587.801994883
"198","DE","00-04",2024-10-24,2024-10-27,1,"quantile",0.1,180624.232438744
"199","DE","00-04",2024-10-24,2024-10-27,1,"quantile",0.25,202926.761486282
"200","DE","00-04",2024-10-24,2024-10-27,1,"quantile",0.5,230950.460636226
"201","DE","00-04",2024-10-24,2024-10-27,1,"quantile",0.75,262844.165438924
"202","DE","00-04",2024-10-24,2024-10-27,1,"quantile",0.9,295298.778840065
"203","DE","00-04",2024-10-24,2024-10-27,1,"quantile",0.975,336331.76446828
"204","DE","00-04",2024-10-24,2024-11-03,2,"quantile",0.025,158955.89576985
"205","DE","00-04",2024-10-24,2024-11-03,2,"quantile",0.1,184059.423217515
"206","DE","00-04",2024-10-24,2024-11-03,2,"quantile",0.25,209865.917019741
"207","DE","00-04",2024-10-24,2024-11-03,2,"quantile",0.5,242803.596315872
"208","DE","00-04",2024-10-24,2024-11-03,2,"quantile",0.75,280910.722527545
"209","DE","00-04",2024-10-24,2024-11-03,2,"quantile",0.9,320296.485522786
"210","DE","00-04",2024-10-24,2024-11-03,2,"quantile",0.975,370880.149480453
"211","DE","00-04",2024-10-24,2024-11-10,3,"quantile",0.025,157638.642126887
"212","DE","00-04",2024-10-24,2024-11-10,3,"quantile",0.1,185273.822369925
"213","DE","00-04",2024-10-24,2024-11-10,3,"quantile",0.25,214085.579014454
"214","DE","00-04",2024-10-24,2024-11-10,3,"quantile",0.5,251381.414530898
"215","DE","00-04",2024-10-24,2024-11-10,3,"quantile",0.75,295174.555252452
"216","DE","00-04",2024-10-24,2024-11-10,3,"quantile",0.9,341076.870780925
"217","DE","00-04",2024-10-24,2024-11-10,3,"quantile",0.975,400870.083115091
"218","DE","00-04",2024-10-24,2024-11-17,4,"quantile",0.025,154733.560425226
"219","DE","00-04",2024-10-24,2024-11-17,4,"quantile",0.1,184476.293154723
"220","DE","00-04",2024-10-24,2024-11-17,4,"quantile",0.25,215906.651054147
"221","DE","00-04",2024-10-24,2024-11-17,4,"quantile",0.5,257146.468941567
"222","DE","00-04",2024-10-24,2024-11-17,4,"quantile",0.75,306263.406737447
"223","DE","00-04",2024-10-24,2024-11-17,4,"quantile",0.9,358443.382389827
"224","DE","00-04",2024-10-24,2024-11-17,4,"quantile",0.975,427343.016650033
"225","DE","05-14",2024-10-24,2024-10-27,1,"quantile",0.025,105479.066261838
"226","DE","05-14",2024-10-24,2024-10-27,1,"quantile",0.1,128801.160131485
"227","DE","05-14",2024-10-24,2024-10-27,1,"quantile",0.25,154010.083286387
"228","DE","05-14",2024-10-24,2024-10-27,1,"quantile",0.5,187845.603062305
"229","DE","05-14",2024-10-24,2024-10-27,1,"quantile",0.75,229114.677668381
"230","DE","05-14",2024-10-24,2024-10-27,1,"quantile",0.9,273956.931395804
"231","DE","05-14",2024-10-24,2024-10-27,1,"quantile",0.975,334530.555117433
"232","DE","05-14",2024-10-24,2024-11-03,2,"quantile",0.025,102392.754897194
"233","DE","05-14",2024-10-24,2024-11-03,2,"quantile",0.1,128335.268824178
"234","DE","05-14",2024-10-24,2024-11-03,2,"quantile",0.25,157075.26458671
"235","DE","05-14",2024-10-24,2024-11-03,2,"quantile",0.5,196615.387647013
"236","DE","05-14",2024-10-24,2024-11-03,2,"quantile",0.75,246108.836813356
"237","DE","05-14",2024-10-24,2024-11-03,2,"quantile",0.9,301223.592031798
"238","DE","05-14",2024-10-24,2024-11-03,2,"quantile",0.975,377542.441341666
"239","DE","05-14",2024-10-24,2024-11-10,3,"quantile",0.025,108087.908591899
"240","DE","05-14",2024-10-24,2024-11-10,3,"quantile",0.1,136192.4346674
"241","DE","05-14",2024-10-24,2024-11-10,3,"quantile",0.25,167483.501545552
"242","DE","05-14",2024-10-24,2024-11-10,3,"quantile",0.5,210749.96719128
"243","DE","05-14",2024-10-24,2024-11-10,3,"quantile",0.75,265193.575852278
"244","DE","05-14",2024-10-24,2024-11-10,3,"quantile",0.9,326123.464784178
"245","DE","05-14",2024-10-24,2024-11-10,3,"quantile",0.975,410920.603883849
"246","DE","05-14",2024-10-24,2024-11-17,4,"quantile",0.025,110276.753181424
"247","DE","05-14",2024-10-24,2024-11-17,4,"quantile",0.1,139757.646227448
"248","DE","05-14",2024-10-24,2024-11-17,4,"quantile",0.25,172761.026376048
"249","DE","05-14",2024-10-24,2024-11-17,4,"quantile",0.5,218646.459701305
"250","DE","05-14",2024-10-24,2024-11-17,4,"quantile",0.75,276719.091931388
"251","DE","05-14",2024-10-24,2024-11-17,4,"quantile",0.9,342065.537238029
"252","DE","05-14",2024-10-24,2024-11-17,4,"quantile",0.975,433511.805169536
"253","DE","15-34",2024-10-24,2024-10-27,1,"quantile",0.025,287434.134066793
"254","DE","15-34",2024-10-24,2024-10-27,1,"quantile",0.1,340166.697132709
"255","DE","15-34",2024-10-24,2024-10-27,1,"quantile",0.25,395504.550166574
"256","DE","15-34",2024-10-24,2024-10-27,1,"quantile",0.5,467608.022505377
"257","DE","15-34",2024-10-24,2024-10-27,1,"quantile",0.75,552856.50346955
"258","DE","15-34",2024-10-24,2024-10-27,1,"quantile",0.9,642794.443296385
"259","DE","15-34",2024-10-24,2024-10-27,1,"quantile",0.975,760721.281142546
"260","DE","15-34",2024-10-24,2024-11-03,2,"quantile",0.025,285171.273576954
"261","DE","15-34",2024-10-24,2024-11-03,2,"quantile",0.1,344243.937103719
"262","DE","15-34",2024-10-24,2024-11-03,2,"quantile",0.25,407406.387010234
"263","DE","15-34",2024-10-24,2024-11-03,2,"quantile",0.5,491264.755791584
"264","DE","15-34",2024-10-24,2024-11-03,2,"quantile",0.75,592384.086204574
"265","DE","15-34",2024-10-24,2024-11-03,2,"quantile",0.9,701075.70321638
"266","DE","15-34",2024-10-24,2024-11-03,2,"quantile",0.975,846302.144166839
"267","DE","15-34",2024-10-24,2024-11-10,3,"quantile",0.025,286328.33413721
"268","DE","15-34",2024-10-24,2024-11-10,3,"quantile",0.1,349645.487805809
"269","DE","15-34",2024-10-24,2024-11-10,3,"quantile",0.25,418086.69755775
"270","DE","15-34",2024-10-24,2024-11-10,3,"quantile",0.5,509950.794431983
"271","DE","15-34",2024-10-24,2024-11-10,3,"quantile",0.75,621999.729388401
"272","DE","15-34",2024-10-24,2024-11-10,3,"quantile",0.9,743752.806231668
"273","DE","15-34",2024-10-24,2024-11-10,3,"quantile",0.975,908222.42068853
"274","DE","15-34",2024-10-24,2024-11-17,4,"quantile",0.025,260242.982167252
"275","DE","15-34",2024-10-24,2024-11-17,4,"quantile",0.1,323567.825456166
"276","DE","15-34",2024-10-24,2024-11-17,4,"quantile",0.25,393191.134880941
"277","DE","15-34",2024-10-24,2024-11-17,4,"quantile",0.5,488250.965086513
"278","DE","15-34",2024-10-24,2024-11-17,4,"quantile",0.75,606292.929213921
"279","DE","15-34",2024-10-24,2024-11-17,4,"quantile",0.9,736751.265586529
"280","DE","15-34",2024-10-24,2024-11-17,4,"quantile",0.975,916024.720139063
"281","DE","35-59",2024-10-24,2024-10-27,1,"quantile",0.025,394822.093842649
"282","DE","35-59",2024-10-24,2024-10-27,1,"quantile",0.1,463828.574769253
"283","DE","35-59",2024-10-24,2024-10-27,1,"quantile",0.25,535742.465848382
"284","DE","35-59",2024-10-24,2024-10-27,1,"quantile",0.5,628792.901588033
"285","DE","35-59",2024-10-24,2024-10-27,1,"quantile",0.75,738004.8032246
"286","DE","35-59",2024-10-24,2024-10-27,1,"quantile",0.9,852428.105112308
"287","DE","35-59",2024-10-24,2024-10-27,1,"quantile",0.975,1001414.35662684
"288","DE","35-59",2024-10-24,2024-11-03,2,"quantile",0.025,397557.468502807
"289","DE","35-59",2024-10-24,2024-11-03,2,"quantile",0.1,478061.988125473
"290","DE","35-59",2024-10-24,2024-11-03,2,"quantile",0.25,563826.925875452
"291","DE","35-59",2024-10-24,2024-11-03,2,"quantile",0.5,677278.128309001
"292","DE","35-59",2024-10-24,2024-11-03,2,"quantile",0.75,813557.568882531
"293","DE","35-59",2024-10-24,2024-11-03,2,"quantile",0.9,959510.846876515
"294","DE","35-59",2024-10-24,2024-11-03,2,"quantile",0.975,1153809.69904356
"295","DE","35-59",2024-10-24,2024-11-10,3,"quantile",0.025,400307.464310845
"296","DE","35-59",2024-10-24,2024-11-10,3,"quantile",0.1,491458.361530593
"297","DE","35-59",2024-10-24,2024-11-10,3,"quantile",0.25,590485.985963969
"298","DE","35-59",2024-10-24,2024-11-10,3,"quantile",0.5,724081.560068446
"299","DE","35-59",2024-10-24,2024-11-10,3,"quantile",0.75,887902.707420303
"300","DE","35-59",2024-10-24,2024-11-10,3,"quantile",0.9,1066812.87097914
"301","DE","35-59",2024-10-24,2024-11-10,3,"quantile",0.975,1309728.52713042
"302","DE","35-59",2024-10-24,2024-11-17,4,"quantile",0.025,368263.345055426
"303","DE","35-59",2024-10-24,2024-11-17,4,"quantile",0.1,465217.729639966
"304","DE","35-59",2024-10-24,2024-11-17,4,"quantile",0.25,573428.411301054
"305","DE","35-59",2024-10-24,2024-11-17,4,"quantile",0.5,723419.310614031
"306","DE","35-59",2024-10-24,2024-11-17,4,"quantile",0.75,912643.127992007
"307","DE","35-59",2024-10-24,2024-11-17,4,"quantile",0.9,1124925.95536781
"308","DE","35-59",2024-10-24,2024-11-17,4,"quantile",0.975,1421090.38544283
"309","DE","60+",2024-10-24,2024-10-27,1,"quantile",0.025,119492.973410141
"310","DE","60+",2024-10-24,2024-10-27,1,"quantile",0.1,137916.381837652
"311","DE","60+",2024-10-24,2024-10-27,1,"quantile",0.25,156797.761702259
"312","DE","60+",2024-10-24,2024-10-27,1,"quantile",0.5,180822.834389602
"313","DE","60+",2024-10-24,2024-10-27,1,"quantile",0.75,208529.10833496
"314","DE","60+",2024-10-24,2024-10-27,1,"quantile",0.9,237077.691576761
"315","DE","60+",2024-10-24,2024-10-27,1,"quantile",0.975,273630.293929188
"316","DE","60+",2024-10-24,2024-11-03,2,"quantile",0.025,125603.225389529
"317","DE","60+",2024-10-24,2024-11-03,2,"quantile",0.1,145789.066465861
"318","DE","60+",2024-10-24,2024-11-03,2,"quantile",0.25,166587.300281582
"319","DE","60+",2024-10-24,2024-11-03,2,"quantile",0.5,193193.188263492
"320","DE","60+",2024-10-24,2024-11-03,2,"quantile",0.75,224048.339389169
"321","DE","60+",2024-10-24,2024-11-03,2,"quantile",0.9,256011.022610898
"322","DE","60+",2024-10-24,2024-11-03,2,"quantile",0.975,297154.853115141
"323","DE","60+",2024-10-24,2024-11-10,3,"quantile",0.025,130634.689243912
"324","DE","60+",2024-10-24,2024-11-10,3,"quantile",0.1,154983.923240145
"325","DE","60+",2024-10-24,2024-11-10,3,"quantile",0.25,180595.945501976
"326","DE","60+",2024-10-24,2024-11-10,3,"quantile",0.5,214045.909656336
"327","DE","60+",2024-10-24,2024-11-10,3,"quantile",0.75,253691.473046426
"328","DE","60+",2024-10-24,2024-11-10,3,"quantile",0.9,295615.50954945
"329","DE","60+",2024-10-24,2024-11-10,3,"quantile",0.975,350715.814503639
"330","DE","60+",2024-10-24,2024-11-17,4,"quantile",0.025,127427.732149876
"331","DE","60+",2024-10-24,2024-11-17,4,"quantile",0.1,155084.053505922
"332","DE","60+",2024-10-24,2024-11-17,4,"quantile",0.25,184883.753502981
"333","DE","60+",2024-10-24,2024-11-17,4,"quantile",0.5,224754.660151176
"334","DE","60+",2024-10-24,2024-11-17,4,"quantile",0.75,273223.884211416
"335","DE","60+",2024-10-24,2024-11-17,4,"quantile",0.9,325724.38053885
"336","DE","60+",2024-10-24,2024-11-17,4,"quantile",0.975,396418.082684363
"337","DE","00+",2024-10-31,2024-11-03,1,"quantile",0.025,979598.132047997
"338","DE","00+",2024-10-31,2024-11-03,1,"quantile",0.1,1126497.65999509
"339","DE","00+",2024-10-31,2024-11-03,1,"quantile",0.25,1276528.45795568
"340","DE","00+",2024-10-31,2024-11-03,1,"quantile",0.5,1466769.84724238
"341","DE","00+",2024-10-31,2024-11-03,1,"quantile",0.75,1685362.96341161
"342","DE","00+",2024-10-31,2024-11-03,1,"quantile",0.9,1909825.34734142
"343","DE","00+",2024-10-31,2024-11-03,1,"quantile",0.975,2196220.79135816
"344","DE","00+",2024-10-31,2024-11-10,2,"quantile",0.025,928415.314475963
"345","DE","00+",2024-10-31,2024-11-10,2,"quantile",0.1,1101154.49151616
"346","DE","00+",2024-10-31,2024-11-10,2,"quantile",0.25,1282803.90903524
"347","DE","00+",2024-10-31,2024-11-10,2,"quantile",0.5,1519979.54430968
"348","DE","00+",2024-10-31,2024-11-10,2,"quantile",0.75,1801006.21680939
"349","DE","00+",2024-10-31,2024-11-10,2,"quantile",0.9,2098105.06420292
"350","DE","00+",2024-10-31,2024-11-10,2,"quantile",0.975,2488474.47806686
"351","DE","00+",2024-10-31,2024-11-17,3,"quantile",0.025,814998.541814602
"352","DE","00+",2024-10-31,2024-11-17,3,"quantile",0.1,986381.383170826
"353","DE","00+",2024-10-31,2024-11-17,3,"quantile",0.25,1170079.38200045
"354","DE","00+",2024-10-31,2024-11-17,3,"quantile",0.5,1414568.85692936
"355","DE","00+",2024-10-31,2024-11-17,3,"quantile",0.75,1710144.69768143
"356","DE","00+",2024-10-31,2024-11-17,3,"quantile",0.9,2028632.21582914
"357","DE","00+",2024-10-31,2024-11-17,3,"quantile",0.975,2455225.31431674
"358","DE","00+",2024-10-31,2024-11-24,4,"quantile",0.025,708068.171347551
"359","DE","00+",2024-10-31,2024-11-24,4,"quantile",0.1,880366.185468422
"360","DE","00+",2024-10-31,2024-11-24,4,"quantile",0.25,1069802.2562196
"361","DE","00+",2024-10-31,2024-11-24,4,"quantile",0.5,1328448.9448274
"362","DE","00+",2024-10-31,2024-11-24,4,"quantile",0.75,1649628.78770631
"363","DE","00+",2024-10-31,2024-11-24,4,"quantile",0.9,2004593.80215067
"364","DE","00+",2024-10-31,2024-11-24,4,"quantile",0.975,2492382.33043919
"365","DE","00-04",2024-10-31,2024-11-03,1,"quantile",0.025,156530.099110623
"366","DE","00-04",2024-10-31,2024-11-03,1,"quantile",0.1,178280.603235355
"367","DE","00-04",2024-10-31,2024-11-03,1,"quantile",0.25,200293.753290497
"368","DE","00-04",2024-10-31,2024-11-03,1,"quantile",0.5,227953.840322466
"369","DE","00-04",2024-10-31,2024-11-03,1,"quantile",0.75,259433.719045625
"370","DE","00-04",2024-10-31,2024-11-03,1,"quantile",0.9,291467.22848566
"371","DE","00-04",2024-10-31,2024-11-03,1,"quantile",0.975,331967.804358428
"372","DE","00-04",2024-10-31,2024-11-10,2,"quantile",0.025,158378.983131662
"373","DE","00-04",2024-10-31,2024-11-10,2,"quantile",0.1,183391.40013528
"374","DE","00-04",2024-10-31,2024-11-10,2,"quantile",0.25,209104.232155728
"375","DE","00-04",2024-10-31,2024-11-10,2,"quantile",0.5,241922.367830238
"376","DE","00-04",2024-10-31,2024-11-10,2,"quantile",0.75,279891.188491115
"377","DE","00-04",2024-10-31,2024-11-10,2,"quantile",0.9,319134.005266422
"378","DE","00-04",2024-10-31,2024-11-10,2,"quantile",0.975,369534.08147554
"379","DE","00-04",2024-10-31,2024-11-17,3,"quantile",0.025,151024.153001493
"380","DE","00-04",2024-10-31,2024-11-17,3,"quantile",0.1,177499.766042419
"381","DE","00-04",2024-10-31,2024-11-17,3,"quantile",0.25,205102.58655024
"382","DE","00-04",2024-10-31,2024-11-17,3,"quantile",0.5,240833.495503517
"383","DE","00-04",2024-10-31,2024-11-17,3,"quantile",0.75,282789.083901851
"384","DE","00-04",2024-10-31,2024-11-17,3,"quantile",0.9,326765.34651083
"385","DE","00-04",2024-10-31,2024-11-17,3,"quantile",0.975,384049.646389138
"386","DE","00-04",2024-10-31,2024-11-24,4,"quantile",0.025,153605.504420767
"387","DE","00-04",2024-10-31,2024-11-24,4,"quantile",0.1,183131.403335077
"388","DE","00-04",2024-10-31,2024-11-24,4,"quantile",0.25,214332.6241045
"389","DE","00-04",2024-10-31,2024-11-24,4,"quantile",0.5,255271.790833484
"390","DE","00-04",2024-10-31,2024-11-24,4,"quantile",0.75,304030.650805465
"391","DE","00-04",2024-10-31,2024-11-24,4,"quantile",0.9,355830.218130877
"392","DE","00-04",2024-10-31,2024-11-24,4,"quantile",0.975,424227.552528541
"393","DE","05-14",2024-10-31,2024-11-03,1,"quantile",0.025,105276.064202412
"394","DE","05-14",2024-10-31,2024-11-03,1,"quantile",0.1,128553.273022793
"395","DE","05-14",2024-10-31,2024-11-03,1,"quantile",0.25,153713.679789585
"396","DE","05-14",2024-10-31,2024-11-03,1,"quantile",0.5,187484.080670923
"397","DE","05-14",2024-10-31,2024-11-03,1,"quantile",0.75,228673.729970798
"398","DE","05-14",2024-10-31,2024-11-03,1,"quantile",0.9,273429.681551468
"399","DE","05-14",2024-10-31,2024-11-03,1,"quantile",0.975,333886.726971845
"400","DE","05-14",2024-10-31,2024-11-10,2,"quantile",0.025,106934.465319138
"401","DE","05-14",2024-10-31,2024-11-10,2,"quantile",0.1,134027.679664252
"402","DE","05-14",2024-10-31,2024-11-10,2,"quantile",0.25,164042.460331364
"403","DE","05-14",2024-10-31,2024-11-10,2,"quantile",0.5,205336.416357372
"404","DE","05-14",2024-10-31,2024-11-10,2,"quantile",0.75,257025.186023906
"405","DE","05-14",2024-10-31,2024-11-10,2,"quantile",0.9,314584.599152273
"406","DE","05-14",2024-10-31,2024-11-10,2,"quantile",0.975,394288.630486489
"407","DE","05-14",2024-10-31,2024-11-17,3,"quantile",0.025,106742.629709639
"408","DE","05-14",2024-10-31,2024-11-17,3,"quantile",0.1,134497.362492645
"409","DE","05-14",2024-10-31,2024-11-17,3,"quantile",0.25,165398.975897018
"410","DE","05-14",2024-10-31,2024-11-17,3,"quantile",0.5,208126.940397691
"411","DE","05-14",2024-10-31,2024-11-17,3,"quantile",0.75,261892.935457318
"412","DE","05-14",2024-10-31,2024-11-17,3,"quantile",0.9,322064.481537123
"413","DE","05-14",2024-10-31,2024-11-17,3,"quantile",0.975,405806.222285647
"414","DE","05-14",2024-10-31,2024-11-24,4,"quantile",0.025,106444.654628314
"415","DE","05-14",2024-10-31,2024-11-24,4,"quantile",0.1,134901.091618761
"416","DE","05-14",2024-10-31,2024-11-24,4,"quantile",0.25,166757.609879732
"417","DE","05-14",2024-10-31,2024-11-24,4,"quantile",0.5,211048.532144574
"418","DE","05-14",2024-10-31,2024-11-24,4,"quantile",0.75,267103.150210075
"419","DE","05-14",2024-10-31,2024-11-24,4,"quantile",0.9,330178.817575888
"420","DE","05-14",2024-10-31,2024-11-24,4,"quantile",0.975,418447.343137241
"421","DE","15-34",2024-10-31,2024-11-03,1,"quantile",0.025,287704.998696146
"422","DE","15-34",2024-10-31,2024-11-03,1,"quantile",0.1,340487.25448974
"423","DE","15-34",2024-10-31,2024-11-03,1,"quantile",0.25,395877.255356012
"424","DE","15-34",2024-10-31,2024-11-03,1,"quantile",0.5,468048.674671166
"425","DE","15-34",2024-10-31,2024-11-03,1,"quantile",0.75,553377.489859645
"426","DE","15-34",2024-10-31,2024-11-03,1,"quantile",0.9,643400.183039852
"427","DE","15-34",2024-10-31,2024-11-03,1,"quantile",0.975,761438.149681929
"428","DE","15-34",2024-10-31,2024-11-10,2,"quantile",0.025,280142.184512238
"429","DE","15-34",2024-10-31,2024-11-10,2,"quantile",0.1,338173.082217222
"430","DE","15-34",2024-10-31,2024-11-10,2,"quantile",0.25,400221.641575993
"431","DE","15-34",2024-10-31,2024-11-10,2,"quantile",0.5,482601.140483342
"432","DE","15-34",2024-10-31,2024-11-10,2,"quantile",0.75,581937.19829516
"433","DE","15-34",2024-10-31,2024-11-10,2,"quantile",0.9,688712.002944752
"434","DE","15-34",2024-10-31,2024-11-10,2,"quantile",0.975,831377.327914171
"435","DE","15-34",2024-10-31,2024-11-17,3,"quantile",0.025,267469.039241399
"436","DE","15-34",2024-10-31,2024-11-17,3,"quantile",0.1,326615.746849891
"437","DE","15-34",2024-10-31,2024-11-17,3,"quantile",0.25,390549.009591881
"438","DE","15-34",2024-10-31,2024-11-17,3,"quantile",0.5,476362.388158724
"439","DE","15-34",2024-10-31,2024-11-17,3,"quantile",0.75,581031.110767411
"440","DE","15-34",2024-10-31,2024-11-17,3,"quantile",0.9,694764.802496109
"441","DE","15-34",2024-10-31,2024-11-17,3,"quantile",0.975,848401.465440194
"442","DE","15-34",2024-10-31,2024-11-24,4,"quantile",0.025,249546.987941451
"443","DE","15-34",2024-10-31,2024-11-24,4,"quantile",0.1,310269.178307596
"444","DE","15-34",2024-10-31,2024-11-24,4,"quantile",0.25,377030.967666059
"445","DE","15-34",2024-10-31,2024-11-24,4,"quantile",0.5,468183.836052653
"446","DE","15-34",2024-10-31,2024-11-24,4,"quantile",0.75,581374.271980551
"447","DE","15-34",2024-10-31,2024-11-24,4,"quantile",0.9,706470.766888969
"448","DE","15-34",2024-10-31,2024-11-24,4,"quantile",0.975,878376.07718353
"449","DE","35-59",2024-10-31,2024-11-03,1,"quantile",0.025,398815.418777442
"450","DE","35-59",2024-10-31,2024-11-03,1,"quantile",0.1,468519.847729864
"451","DE","35-59",2024-10-31,2024-11-03,1,"quantile",0.25,541161.093075339
"452","DE","35-59",2024-10-31,2024-11-03,1,"quantile",0.5,635152.663141126
"453","DE","35-59",2024-10-31,2024-11-03,1,"quantile",0.75,745469.160029031
"454","DE","35-59",2024-10-31,2024-11-03,1,"quantile",0.9,861049.766514622
"455","DE","35-59",2024-10-31,2024-11-03,1,"quantile",0.975,1011542.90055268
"456","DE","35-59",2024-10-31,2024-11-10,2,"quantile",0.025,383872.895342545
"457","DE","35-59",2024-10-31,2024-11-10,2,"quantile",0.1,461606.318769591
"458","DE","35-59",2024-10-31,2024-11-10,2,"quantile",0.25,544419.08819622
"459","DE","35-59",2024-10-31,2024-11-10,2,"quantile",0.5,653965.11615105
"460","DE","35-59",2024-10-31,2024-11-10,2,"quantile",0.75,785553.597246969
"461","DE","35-59",2024-10-31,2024-11-10,2,"quantile",0.9,926482.926582133
"462","DE","35-59",2024-10-31,2024-11-10,2,"quantile",0.975,1114093.69697964
"463","DE","35-59",2024-10-31,2024-11-17,3,"quantile",0.025,376060.433360807
"464","DE","35-59",2024-10-31,2024-11-17,3,"quantile",0.1,461690.227870628
"465","DE","35-59",2024-10-31,2024-11-17,3,"quantile",0.25,554719.648201868
"466","DE","35-59",2024-10-31,2024-11-17,3,"quantile",0.5,680223.202274504
"467","DE","35-59",2024-10-31,2024-11-17,3,"quantile",0.75,834121.535828847
"468","DE","35-59",2024-10-31,2024-11-17,3,"quantile",0.9,1002194.92850569
"469","DE","35-59",2024-10-31,2024-11-17,3,"quantile",0.975,1230396.93587931
"470","DE","35-59",2024-10-31,2024-11-24,4,"quantile",0.025,326651.86274792
"471","DE","35-59",2024-10-31,2024-11-24,4,"quantile",0.1,412651.001004137
"472","DE","35-59",2024-10-31,2024-11-24,4,"quantile",0.25,508634.544325552
"473","DE","35-59",2024-10-31,2024-11-24,4,"quantile",0.5,641677.398885095
"474","DE","35-59",2024-10-31,2024-11-24,4,"quantile",0.75,809520.094208154
"475","DE","35-59",2024-10-31,2024-11-24,4,"quantile",0.9,997816.27389246
"476","DE","35-59",2024-10-31,2024-11-24,4,"quantile",0.975,1260515.95351744
"477","DE","60+",2024-10-31,2024-11-03,1,"quantile",0.025,122136.953385037
"478","DE","60+",2024-10-31,2024-11-03,1,"quantile",0.1,140968.010242088
"479","DE","60+",2024-10-31,2024-11-03,1,"quantile",0.25,160267.171912903
"480","DE","60+",2024-10-31,2024-11-03,1,"quantile",0.5,184823.839130602
"481","DE","60+",2024-10-31,2024-11-03,1,"quantile",0.75,213143.160281999
"482","DE","60+",2024-10-31,2024-11-03,1,"quantile",0.9,242323.428218296
"483","DE","60+",2024-10-31,2024-11-03,1,"quantile",0.975,279684.817446572
"484","DE","60+",2024-10-31,2024-11-10,2,"quantile",0.025,124717.726157247
"485","DE","60+",2024-10-31,2024-11-10,2,"quantile",0.1,144761.25761756
"486","DE","60+",2024-10-31,2024-11-10,2,"quantile",0.25,165412.864465546
"487","DE","60+",2024-10-31,2024-11-10,2,"quantile",0.5,191831.181679994
"488","DE","60+",2024-10-31,2024-11-10,2,"quantile",0.75,222468.804851678
"489","DE","60+",2024-10-31,2024-11-10,2,"quantile",0.9,254206.15204906
"490","DE","60+",2024-10-31,2024-11-10,2,"quantile",0.975,295059.919696942
"491","DE","60+",2024-10-31,2024-11-17,3,"quantile",0.025,124895.012958794
"492","DE","60+",2024-10-31,2024-11-17,3,"quantile",0.1,148174.418399244
"493","DE","60+",2024-10-31,2024-11-17,3,"quantile",0.25,172661.129171141
"494","DE","60+",2024-10-31,2024-11-17,3,"quantile",0.5,204641.407385985
"495","DE","60+",2024-10-31,2024-11-17,3,"quantile",0.75,242545.069744141
"496","DE","60+",2024-10-31,2024-11-17,3,"quantile",0.9,282627.096291881
"497","DE","60+",2024-10-31,2024-11-17,3,"quantile",0.975,335306.467606783
"498","DE","60+",2024-10-31,2024-11-24,4,"quantile",0.025,111152.872125937
"499","DE","60+",2024-10-31,2024-11-24,4,"quantile",0.1,135276.973679803
"500","DE","60+",2024-10-31,2024-11-24,4,"quantile",0.25,161270.705085684
"501","DE","60+",2024-10-31,2024-11-24,4,"quantile",0.5,196049.365220665
"502","DE","60+",2024-10-31,2024-11-24,4,"quantile",0.75,238328.179832816
"503","DE","60+",2024-10-31,2024-11-24,4,"quantile",0.9,284123.399259368
"504","DE","60+",2024-10-31,2024-11-24,4,"quantile",0.975,345788.218228658
"505","DE","00+",2024-11-07,2024-11-10,1,"quantile",0.025,829694.118320939
"506","DE","00+",2024-11-07,2024-11-10,1,"quantile",0.1,954114.194609791
"507","DE","00+",2024-11-07,2024-11-10,1,"quantile",0.25,1081186.37509124
"508","DE","00+",2024-11-07,2024-11-10,1,"quantile",0.5,1242315.87972023
"509","DE","00+",2024-11-07,2024-11-10,1,"quantile",0.75,1427458.55900636
"510","DE","00+",2024-11-07,2024-11-10,1,"quantile",0.9,1617572.35530517
"511","DE","00+",2024-11-07,2024-11-10,1,"quantile",0.975,1860141.8413431
"512","DE","00+",2024-11-07,2024-11-17,2,"quantile",0.025,813386.59751138
"513","DE","00+",2024-11-07,2024-11-17,2,"quantile",0.1,964723.751561826
"514","DE","00+",2024-11-07,2024-11-17,2,"quantile",0.25,1123867.18591929
"515","DE","00+",2024-11-07,2024-11-17,2,"quantile",0.5,1331657.25570865
"516","DE","00+",2024-11-07,2024-11-17,2,"quantile",0.75,1577865.31086499
"517","DE","00+",2024-11-07,2024-11-17,2,"quantile",0.9,1838154.23203857
"518","DE","00+",2024-11-07,2024-11-17,2,"quantile",0.975,2180157.6914435
"519","DE","00+",2024-11-07,2024-11-24,3,"quantile",0.025,721960.760781057
"520","DE","00+",2024-11-07,2024-11-24,3,"quantile",0.1,873779.052694645
"521","DE","00+",2024-11-07,2024-11-24,3,"quantile",0.25,1036506.64076334
"522","DE","00+",2024-11-07,2024-11-24,3,"quantile",0.5,1253085.93295402
"523","DE","00+",2024-11-07,2024-11-24,3,"quantile",0.75,1514919.72517497
"524","DE","00+",2024-11-07,2024-11-24,3,"quantile",0.9,1797049.66664608
"525","DE","00+",2024-11-07,2024-11-24,3,"quantile",0.975,2174944.18071763
"526","DE","00+",2024-11-07,2024-12-01,4,"quantile",0.025,682214.407811728
"527","DE","00+",2024-11-07,2024-12-01,4,"quantile",0.1,848221.287413312
"528","DE","00+",2024-11-07,2024-12-01,4,"quantile",0.25,1030740.46007962
"529","DE","00+",2024-11-07,2024-12-01,4,"quantile",0.5,1279943.15643189
"530","DE","00+",2024-11-07,2024-12-01,4,"quantile",0.75,1589395.72777639
"531","DE","00+",2024-11-07,2024-12-01,4,"quantile",0.9,1931399.86935809
"532","DE","00+",2024-11-07,2024-12-01,4,"quantile",0.975,2401377.72661777
"533","DE","00-04",2024-11-07,2024-11-10,1,"quantile",0.025,132698.333324504
"534","DE","00-04",2024-11-07,2024-11-10,1,"quantile",0.1,151137.315109598
"535","DE","00-04",2024-11-07,2024-11-10,1,"quantile",0.25,169798.954884548
"536","DE","00-04",2024-11-07,2024-11-10,1,"quantile",0.5,193247.783382121
"537","DE","00-04",2024-11-07,2024-11-10,1,"quantile",0.75,219934.838865733
"538","DE","00-04",2024-11-07,2024-11-10,1,"quantile",0.9,247091.234583744
"539","DE","00-04",2024-11-07,2024-11-10,1,"quantile",0.975,281425.582722122
"540","DE","00-04",2024-11-07,2024-11-17,2,"quantile",0.025,125913.432116521
"541","DE","00-04",2024-11-07,2024-11-17,2,"quantile",0.1,145798.641682723
"542","DE","00-04",2024-11-07,2024-11-17,2,"quantile",0.25,166240.690653569
"543","DE","00-04",2024-11-07,2024-11-17,2,"quantile",0.5,192331.552059138
"544","DE","00-04",2024-11-07,2024-11-17,2,"quantile",0.75,222517.277641512
"545","DE","00-04",2024-11-07,2024-11-17,2,"quantile",0.9,253715.847353195
"546","DE","00-04",2024-11-07,2024-11-17,2,"quantile",0.975,293784.589107578
"547","DE","00-04",2024-11-07,2024-11-24,3,"quantile",0.025,124759.923379109
"548","DE","00-04",2024-11-07,2024-11-24,3,"quantile",0.1,146631.229317625
"549","DE","00-04",2024-11-07,2024-11-24,3,"quantile",0.25,169433.712914861
"550","DE","00-04",2024-11-07,2024-11-24,3,"quantile",0.5,198950.749591985
"551","DE","00-04",2024-11-07,2024-11-24,3,"quantile",0.75,233609.947408177
"552","DE","00-04",2024-11-07,2024-11-24,3,"quantile",0.9,269938.409078421
"553","DE","00-04",2024-11-07,2024-11-24,3,"quantile",0.975,317260.540814349
"554","DE","00-04",2024-11-07,2024-12-01,4,"quantile",0.025,121265.277690145
"555","DE","00-04",2024-11-07,2024-12-01,4,"quantile",0.1,144574.770044579
"556","DE","00-04",2024-11-07,2024-12-01,4,"quantile",0.25,169206.860640182
"557","DE","00-04",2024-11-07,2024-12-01,4,"quantile",0.5,201526.662202724
"558","DE","00-04",2024-11-07,2024-12-01,4,"quantile",0.75,240019.792488996
"559","DE","00-04",2024-11-07,2024-12-01,4,"quantile",0.9,280913.437151226
"560","DE","00-04",2024-11-07,2024-12-01,4,"quantile",0.975,334910.34162594
"561","DE","05-14",2024-11-07,2024-11-10,1,"quantile",0.025,79162.3123084923
"562","DE","05-14",2024-11-07,2024-11-10,1,"quantile",0.1,96665.604137166
"563","DE","05-14",2024-11-07,2024-11-10,1,"quantile",0.25,115584.966229312
"564","DE","05-14",2024-11-07,2024-11-10,1,"quantile",0.5,140978.611419272
"565","DE","05-14",2024-11-07,2024-11-10,1,"quantile",0.75,171951.158754294
"566","DE","05-14",2024-11-07,2024-11-10,1,"quantile",0.9,205605.386270633
"567","DE","05-14",2024-11-07,2024-11-10,1,"quantile",0.975,251066.047695198
"568","DE","05-14",2024-11-07,2024-11-17,2,"quantile",0.025,75024.3070253205
"569","DE","05-14",2024-11-07,2024-11-17,2,"quantile",0.1,94032.6746761462
"570","DE","05-14",2024-11-07,2024-11-17,2,"quantile",0.25,115090.788291309
"571","DE","05-14",2024-11-07,2024-11-17,2,"quantile",0.5,144062.274948481
"572","DE","05-14",2024-11-07,2024-11-17,2,"quantile",0.75,180326.67402365
"573","DE","05-14",2024-11-07,2024-11-17,2,"quantile",0.9,220709.866382186
"574","DE","05-14",2024-11-07,2024-11-17,2,"quantile",0.975,276629.533630045
"575","DE","05-14",2024-11-07,2024-11-24,3,"quantile",0.025,78290.7048884719
"576","DE","05-14",2024-11-07,2024-11-24,3,"quantile",0.1,98647.4976664233
"577","DE","05-14",2024-11-07,2024-11-24,3,"quantile",0.25,121312.379562254
"578","DE","05-14",2024-11-07,2024-11-24,3,"quantile",0.5,152651.334470026
"579","DE","05-14",2024-11-07,2024-11-24,3,"quantile",0.75,192086.166305242
"580","DE","05-14",2024-11-07,2024-11-24,3,"quantile",0.9,236219.16892689
"581","DE","05-14",2024-11-07,2024-11-24,3,"quantile",0.975,297639.802179263
"582","DE","05-14",2024-11-07,2024-12-01,4,"quantile",0.025,75944.5029128717
"583","DE","05-14",2024-11-07,2024-12-01,4,"quantile",0.1,96247.1660147174
"584","DE","05-14",2024-11-07,2024-12-01,4,"quantile",0.25,118975.667058871
"585","DE","05-14",2024-11-07,2024-12-01,4,"quantile",0.5,150575.676347279
"586","DE","05-14",2024-11-07,2024-12-01,4,"quantile",0.75,190568.667257158
"587","DE","05-14",2024-11-07,2024-12-01,4,"quantile",0.9,235570.9289557
"588","DE","05-14",2024-11-07,2024-12-01,4,"quantile",0.975,298547.405510737
"589","DE","15-34",2024-11-07,2024-11-10,1,"quantile",0.025,221947.606978006
"590","DE","15-34",2024-11-07,2024-11-10,1,"quantile",0.1,262666.035289576
"591","DE","15-34",2024-11-07,2024-11-10,1,"quantile",0.25,305396.186654664
"592","DE","15-34",2024-11-07,2024-11-10,1,"quantile",0.5,361072.222461473
"593","DE","15-34",2024-11-07,2024-11-10,1,"quantile",0.75,426898.420904945
"594","DE","15-34",2024-11-07,2024-11-10,1,"quantile",0.9,496345.672136628
"595","DE","15-34",2024-11-07,2024-11-10,1,"quantile",0.975,587405.070991313
"596","DE","15-34",2024-11-07,2024-11-17,2,"quantile",0.025,203717.754541289
"597","DE","15-34",2024-11-07,2024-11-17,2,"quantile",0.1,245917.483207851
"598","DE","15-34",2024-11-07,2024-11-17,2,"quantile",0.25,291038.831879774
"599","DE","15-34",2024-11-07,2024-11-17,2,"quantile",0.5,350944.720622883
"600","DE","15-34",2024-11-07,2024-11-17,2,"quantile",0.75,423181.319611504
"601","DE","15-34",2024-11-07,2024-11-17,2,"quantile",0.9,500827.331698804
"602","DE","15-34",2024-11-07,2024-11-17,2,"quantile",0.975,604572.719792626
"603","DE","15-34",2024-11-07,2024-11-24,3,"quantile",0.025,188672.366811095
"604","DE","15-34",2024-11-07,2024-11-24,3,"quantile",0.1,230394.389461748
"605","DE","15-34",2024-11-07,2024-11-24,3,"quantile",0.25,275492.842851714
"606","DE","15-34",2024-11-07,2024-11-24,3,"quantile",0.5,336025.505937441
"607","DE","15-34",2024-11-07,2024-11-24,3,"quantile",0.75,409858.708022008
"608","DE","15-34",2024-11-07,2024-11-24,3,"quantile",0.9,490086.329377652
"609","DE","15-34",2024-11-07,2024-11-24,3,"quantile",0.975,598461.462846679
"610","DE","15-34",2024-11-07,2024-12-01,4,"quantile",0.025,174819.513636375
"611","DE","15-34",2024-11-07,2024-12-01,4,"quantile",0.1,217358.291099941
"612","DE","15-34",2024-11-07,2024-12-01,4,"quantile",0.25,264128.094420024
"613","DE","15-34",2024-11-07,2024-12-01,4,"quantile",0.5,327985.006696775
"614","DE","15-34",2024-11-07,2024-12-01,4,"quantile",0.75,407280.281388076
"615","DE","15-34",2024-11-07,2024-12-01,4,"quantile",0.9,494916.315699322
"616","DE","15-34",2024-11-07,2024-12-01,4,"quantile",0.975,615344.147688446
"617","DE","35-59",2024-11-07,2024-11-10,1,"quantile",0.025,285861.351594072
"618","DE","35-59",2024-11-07,2024-11-10,1,"quantile",0.1,335823.818776294
"619","DE","35-59",2024-11-07,2024-11-10,1,"quantile",0.25,387891.325693629
"620","DE","35-59",2024-11-07,2024-11-10,1,"quantile",0.5,455262.234621422
"621","DE","35-59",2024-11-07,2024-11-10,1,"quantile",0.75,534334.460565369
"622","DE","35-59",2024-11-07,2024-11-10,1,"quantile",0.9,617179.874339282
"623","DE","35-59",2024-11-07,2024-11-10,1,"quantile",0.975,725049.752674538
"624","DE","35-59",2024-11-07,2024-11-17,2,"quantile",0.025,263564.93072574
"625","DE","35-59",2024-11-07,2024-11-17,2,"quantile",0.1,316936.253914219
"626","DE","35-59",2024-11-07,2024-11-17,2,"quantile",0.25,373795.026966324
"627","DE","35-59",2024-11-07,2024-11-17,2,"quantile",0.5,449008.702168452
"628","DE","35-59",2024-11-07,2024-11-17,2,"quantile",0.75,539356.599415543
"629","DE","35-59",2024-11-07,2024-11-17,2,"quantile",0.9,636117.869549769
"630","DE","35-59",2024-11-07,2024-11-17,2,"quantile",0.975,764930.349678378
"631","DE","35-59",2024-11-07,2024-11-24,3,"quantile",0.025,238422.690720242
"632","DE","35-59",2024-11-07,2024-11-24,3,"quantile",0.1,292712.066048555
"633","DE","35-59",2024-11-07,2024-11-24,3,"quantile",0.25,351692.811545484
"634","DE","35-59",2024-11-07,2024-11-24,3,"quantile",0.5,431262.190300738
"635","DE","35-59",2024-11-07,2024-11-24,3,"quantile",0.75,528833.887635308
"636","DE","35-59",2024-11-07,2024-11-24,3,"quantile",0.9,635392.586625175
"637","DE","35-59",2024-11-07,2024-11-24,3,"quantile",0.975,780072.887446865
"638","DE","35-59",2024-11-07,2024-12-01,4,"quantile",0.025,214284.737489952
"639","DE","35-59",2024-11-07,2024-12-01,4,"quantile",0.1,270700.465876038
"640","DE","35-59",2024-11-07,2024-12-01,4,"quantile",0.25,333665.998081979
"641","DE","35-59",2024-11-07,2024-12-01,4,"quantile",0.5,420942.565018952
"642","DE","35-59",2024-11-07,2024-12-01,4,"quantile",0.75,531047.94633944
"643","DE","35-59",2024-11-07,2024-12-01,4,"quantile",0.9,654570.883250258
"644","DE","35-59",2024-11-07,2024-12-01,4,"quantile",0.975,826902.77021266
"645","DE","60+",2024-11-07,2024-11-10,1,"quantile",0.025,110227.655386904
"646","DE","60+",2024-11-07,2024-11-10,1,"quantile",0.1,127222.538493792
"647","DE","60+",2024-11-07,2024-11-10,1,"quantile",0.25,144639.882573109
"648","DE","60+",2024-11-07,2024-11-10,1,"quantile",0.5,166802.084728178
"649","DE","60+",2024-11-07,2024-11-10,1,"quantile",0.75,192360.052944615
"650","DE","60+",2024-11-07,2024-11-10,1,"quantile",0.9,218695.018972789
"651","DE","60+",2024-11-07,2024-11-10,1,"quantile",0.975,252413.383664984
"652","DE","60+",2024-11-07,2024-11-17,2,"quantile",0.025,104223.299367047
"653","DE","60+",2024-11-07,2024-11-17,2,"quantile",0.1,120973.147557248
"654","DE","60+",2024-11-07,2024-11-17,2,"quantile",0.25,138231.148238037
"655","DE","60+",2024-11-07,2024-11-17,2,"quantile",0.5,160308.235983715
"656","DE","60+",2024-11-07,2024-11-17,2,"quantile",0.75,185911.285927804
"657","DE","60+",2024-11-07,2024-11-17,2,"quantile",0.9,212433.3461031
"658","DE","60+",2024-11-07,2024-11-17,2,"quantile",0.975,246573.757310313
"659","DE","60+",2024-11-07,2024-11-24,3,"quantile",0.025,93152.8538875299
"660","DE","60+",2024-11-07,2024-11-24,3,"quantile",0.1,110515.781375261
"661","DE","60+",2024-11-07,2024-11-24,3,"quantile",0.25,128779.176659694
"662","DE","60+",2024-11-07,2024-11-24,3,"quantile",0.5,152631.643729878
"663","DE","60+",2024-11-07,2024-11-24,3,"quantile",0.75,180902.062522472
"664","DE","60+",2024-11-07,2024-11-24,3,"quantile",0.9,210797.21264948
"665","DE","60+",2024-11-07,2024-11-24,3,"quantile",0.975,250088.083139265
"666","DE","60+",2024-11-07,2024-12-01,4,"quantile",0.025,83803.3619583204
"667","DE","60+",2024-11-07,2024-12-01,4,"quantile",0.1,101991.653234747
"668","DE","60+",2024-11-07,2024-12-01,4,"quantile",0.25,121589.546118578
"669","DE","60+",2024-11-07,2024-12-01,4,"quantile",0.5,147810.808673225
"670","DE","60+",2024-11-07,2024-12-01,4,"quantile",0.75,179686.789350507
"671","DE","60+",2024-11-07,2024-12-01,4,"quantile",0.9,214213.952492237
"672","DE","60+",2024-11-07,2024-12-01,4,"quantile",0.975,260705.950812556
"673","DE","00+",2024-11-14,2024-11-17,1,"quantile",0.025,879613.490007369
"674","DE","00+",2024-11-14,2024-11-17,1,"quantile",0.1,1011519.42391094
"675","DE","00+",2024-11-14,2024-11-17,1,"quantile",0.25,1146237.02849313
"676","DE","00+",2024-11-14,2024-11-17,1,"quantile",0.5,1317061.04999721
"677","DE","00+",2024-11-14,2024-11-17,1,"quantile",0.75,1513343.02269066
"678","DE","00+",2024-11-14,2024-11-17,1,"quantile",0.9,1714895.20459519
"679","DE","00+",2024-11-14,2024-11-17,1,"quantile",0.975,1972059.12497457
"680","DE","00+",2024-11-14,2024-11-24,2,"quantile",0.025,783219.81928075
"681","DE","00+",2024-11-14,2024-11-24,2,"quantile",0.1,928944.200292813
"682","DE","00+",2024-11-14,2024-11-24,2,"quantile",0.25,1082185.343285
"683","DE","00+",2024-11-14,2024-11-24,2,"quantile",0.5,1282268.92150806
"684","DE","00+",2024-11-14,2024-11-24,2,"quantile",0.75,1519345.64376413
"685","DE","00+",2024-11-14,2024-11-24,2,"quantile",0.9,1769981.00267721
"686","DE","00+",2024-11-14,2024-11-24,2,"quantile",0.975,2099300.28146552
"687","DE","00+",2024-11-14,2024-12-01,3,"quantile",0.025,711311.802979282
"688","DE","00+",2024-11-14,2024-12-01,3,"quantile",0.1,860890.767394826
"689","DE","00+",2024-11-14,2024-12-01,3,"quantile",0.25,1021218.11529444
"690","DE","00+",2024-11-14,2024-12-01,3,"quantile",0.5,1234602.85195168
"691","DE","00+",2024-11-14,2024-12-01,3,"quantile",0.75,1492574.5824708
"692","DE","00+",2024-11-14,2024-12-01,3,"quantile",0.9,1770543.09301027
"693","DE","00+",2024-11-14,2024-12-01,3,"quantile",0.975,2142863.64385214
"694","DE","00+",2024-11-14,2024-12-08,4,"quantile",0.025,520443.404418781
"695","DE","00+",2024-11-14,2024-12-08,4,"quantile",0.1,647085.68078746
"696","DE","00+",2024-11-14,2024-12-08,4,"quantile",0.25,786324.750655311
"697","DE","00+",2024-11-14,2024-12-08,4,"quantile",0.5,976434.924516819
"698","DE","00+",2024-11-14,2024-12-08,4,"quantile",0.75,1212508.14122485
"699","DE","00+",2024-11-14,2024-12-08,4,"quantile",0.9,1473414.09356472
"700","DE","00+",2024-11-14,2024-12-08,4,"quantile",0.975,1831947.82318537
"701","DE","00-04",2024-11-14,2024-11-17,1,"quantile",0.025,130908.586626623
"702","DE","00-04",2024-11-14,2024-11-17,1,"quantile",0.1,149098.875712002
"703","DE","00-04",2024-11-14,2024-11-17,1,"quantile",0.25,167508.819724635
"704","DE","00-04",2024-11-14,2024-11-17,1,"quantile",0.5,190641.386048288
"705","DE","00-04",2024-11-14,2024-11-17,1,"quantile",0.75,216968.504310148
"706","DE","00-04",2024-11-14,2024-11-17,1,"quantile",0.9,243758.632658065
"707","DE","00-04",2024-11-14,2024-11-17,1,"quantile",0.975,277629.901987047
"708","DE","00-04",2024-11-14,2024-11-24,2,"quantile",0.025,125223.639366643
"709","DE","00-04",2024-11-14,2024-11-24,2,"quantile",0.1,144999.911600601
"710","DE","00-04",2024-11-14,2024-11-24,2,"quantile",0.25,165329.972700608
"711","DE","00-04",2024-11-14,2024-11-24,2,"quantile",0.5,191277.900292579
"712","DE","00-04",2024-11-14,2024-11-24,2,"quantile",0.75,221298.259128082
"713","DE","00-04",2024-11-14,2024-11-24,2,"quantile",0.9,252325.91341929
"714","DE","00-04",2024-11-14,2024-11-24,2,"quantile",0.975,292175.146205532
"715","DE","00-04",2024-11-14,2024-12-01,3,"quantile",0.025,127951.303495096
"716","DE","00-04",2024-11-14,2024-12-01,3,"quantile",0.1,150382.081169345
"717","DE","00-04",2024-11-14,2024-12-01,3,"quantile",0.25,173767.856185623
"718","DE","00-04",2024-11-14,2024-12-01,3,"quantile",0.5,204039.94369464
"719","DE","00-04",2024-11-14,2024-12-01,3,"quantile",0.75,239585.729701581
"720","DE","00-04",2024-11-14,2024-12-01,3,"quantile",0.9,276843.479616629
"721","DE","00-04",2024-11-14,2024-12-01,3,"quantile",0.975,325376.119552447
"722","DE","00-04",2024-11-14,2024-12-08,4,"quantile",0.025,123938.438674879
"723","DE","00-04",2024-11-14,2024-12-08,4,"quantile",0.1,147761.763403449
"724","DE","00-04",2024-11-14,2024-12-08,4,"quantile",0.25,172936.841611061
"725","DE","00-04",2024-11-14,2024-12-08,4,"quantile",0.5,205969.098001704
"726","DE","00-04",2024-11-14,2024-12-08,4,"quantile",0.75,245310.76742483
"727","DE","00-04",2024-11-14,2024-12-08,4,"quantile",0.9,287105.867949092
"728","DE","00-04",2024-11-14,2024-12-08,4,"quantile",0.975,342293.075378515
"729","DE","05-14",2024-11-14,2024-11-17,1,"quantile",0.025,81021.0822790096
"730","DE","05-14",2024-11-14,2024-11-17,1,"quantile",0.1,98935.3599958866
"731","DE","05-14",2024-11-14,2024-11-17,1,"quantile",0.25,118298.958001471
"732","DE","05-14",2024-11-14,2024-11-17,1,"quantile",0.5,144288.8584516
"733","DE","05-14",2024-11-14,2024-11-17,1,"quantile",0.75,175988.656409018
"734","DE","05-14",2024-11-14,2024-11-17,1,"quantile",0.9,210433.101715416
"735","DE","05-14",2024-11-14,2024-11-17,1,"quantile",0.975,256961.201796479
"736","DE","05-14",2024-11-14,2024-11-24,2,"quantile",0.025,74807.6446164881
"737","DE","05-14",2024-11-14,2024-11-24,2,"quantile",0.1,93761.1180751981
"738","DE","05-14",2024-11-14,2024-11-24,2,"quantile",0.25,114758.418044727
"739","DE","05-14",2024-11-14,2024-11-24,2,"quantile",0.5,143646.238056575
"740","DE","05-14",2024-11-14,2024-11-24,2,"quantile",0.75,179805.909312588
"741","DE","05-14",2024-11-14,2024-11-24,2,"quantile",0.9,220072.479204623
"742","DE","05-14",2024-11-14,2024-11-24,2,"quantile",0.975,275830.656259672
"743","DE","05-14",2024-11-14,2024-12-01,3,"quantile",0.025,78116.3188961162
"744","DE","05-14",2024-11-14,2024-12-01,3,"quantile",0.1,98427.7686219797
"745","DE","05-14",2024-11-14,2024-12-01,3,"quantile",0.25,121042.166390395
"746","DE","05-14",2024-11-14,2024-12-01,3,"quantile",0.5,152311.316399121
"747","DE","05-14",2024-11-14,2024-12-01,3,"quantile",0.75,191658.310447044
"748","DE","05-14",2024-11-14,2024-12-01,3,"quantile",0.9,235693.010499201
"749","DE","05-14",2024-11-14,2024-12-01,3,"quantile",0.975,296976.834431795
"750","DE","05-14",2024-11-14,2024-12-08,4,"quantile",0.025,78872.7475597696
"751","DE","05-14",2024-11-14,2024-12-08,4,"quantile",0.1,99958.2344640695
"752","DE","05-14",2024-11-14,2024-12-08,4,"quantile",0.25,123563.094019529
"753","DE","05-14",2024-11-14,2024-12-08,4,"quantile",0.5,156381.526689374
"754","DE","05-14",2024-11-14,2024-12-08,4,"quantile",0.75,197916.554969352
"755","DE","05-14",2024-11-14,2024-12-08,4,"quantile",0.9,244653.999951249
"756","DE","05-14",2024-11-14,2024-12-08,4,"quantile",0.975,310058.704005047
"757","DE","15-34",2024-11-14,2024-11-17,1,"quantile",0.025,200033.776790506
"758","DE","15-34",2024-11-14,2024-11-17,1,"quantile",0.1,236731.901681503
"759","DE","15-34",2024-11-14,2024-11-17,1,"quantile",0.25,275243.123662083
"760","DE","15-34",2024-11-14,2024-11-17,1,"quantile",0.5,325422.027912505
"761","DE","15-34",2024-11-14,2024-11-17,1,"quantile",0.75,384748.926119224
"762","DE","15-34",2024-11-14,2024-11-17,1,"quantile",0.9,447339.355188231
"763","DE","15-34",2024-11-14,2024-11-17,1,"quantile",0.975,529408.072725611
"764","DE","15-34",2024-11-14,2024-11-24,2,"quantile",0.025,198761.775640572
"765","DE","15-34",2024-11-14,2024-11-24,2,"quantile",0.1,239934.883110772
"766","DE","15-34",2024-11-14,2024-11-24,2,"quantile",0.25,283958.534370442
"767","DE","15-34",2024-11-14,2024-11-24,2,"quantile",0.5,342407.052246157
"768","DE","15-34",2024-11-14,2024-11-24,2,"quantile",0.75,412886.302881646
"769","DE","15-34",2024-11-14,2024-11-24,2,"quantile",0.9,488643.368183252
"770","DE","15-34",2024-11-14,2024-11-24,2,"quantile",0.975,589864.872408447
"771","DE","15-34",2024-11-14,2024-12-01,3,"quantile",0.025,193215.164812858
"772","DE","15-34",2024-11-14,2024-12-01,3,"quantile",0.1,235941.758108012
"773","DE","15-34",2024-11-14,2024-12-01,3,"quantile",0.25,282126.078853146
"774","DE","15-34",2024-11-14,2024-12-01,3,"quantile",0.5,344116.229675711
"775","DE","15-34",2024-11-14,2024-12-01,3,"quantile",0.75,419727.165980516
"776","DE","15-34",2024-11-14,2024-12-01,3,"quantile",0.9,501886.484511219
"777","DE","15-34",2024-11-14,2024-12-01,3,"quantile",0.975,612871.042709925
"778","DE","15-34",2024-11-14,2024-12-08,4,"quantile",0.025,187370.805180915
"779","DE","15-34",2024-11-14,2024-12-08,4,"quantile",0.1,232963.684482359
"780","DE","15-34",2024-11-14,2024-12-08,4,"quantile",0.25,283091.359156391
"781","DE","15-34",2024-11-14,2024-12-08,4,"quantile",0.5,351532.923949605
"782","DE","15-34",2024-11-14,2024-12-08,4,"quantile",0.75,436521.259387118
"783","DE","15-34",2024-11-14,2024-12-08,4,"quantile",0.9,530449.185224475
"784","DE","15-34",2024-11-14,2024-12-08,4,"quantile",0.975,659523.219218923
"785","DE","35-59",2024-11-14,2024-11-17,1,"quantile",0.025,264483.860334627
"786","DE","35-59",2024-11-14,2024-11-17,1,"quantile",0.1,310709.998000696
"787","DE","35-59",2024-11-14,2024-11-17,1,"quantile",0.25,358883.754791197
"788","DE","35-59",2024-11-14,2024-11-17,1,"quantile",0.5,421216.483465823
"789","DE","35-59",2024-11-14,2024-11-17,1,"quantile",0.75,494375.472767057
"790","DE","35-59",2024-11-14,2024-11-17,1,"quantile",0.9,571025.480624916
"791","DE","35-59",2024-11-14,2024-11-17,1,"quantile",0.975,670828.555356221
"792","DE","35-59",2024-11-14,2024-11-24,2,"quantile",0.025,254958.666471255
"793","DE","35-59",2024-11-14,2024-11-24,2,"quantile",0.1,306587.239933105
"794","DE","35-59",2024-11-14,2024-11-24,2,"quantile",0.25,361589.386518537
"795","DE","35-59",2024-11-14,2024-11-24,2,"quantile",0.5,434347.087162296
"796","DE","35-59",2024-11-14,2024-11-24,2,"quantile",0.75,521744.827586913
"797","DE","35-59",2024-11-14,2024-11-24,2,"quantile",0.9,615346.523121886
"798","DE","35-59",2024-11-14,2024-11-24,2,"quantile",0.975,739952.850936491
"799","DE","35-59",2024-11-14,2024-12-01,3,"quantile",0.025,244775.85071647
"800","DE","35-59",2024-11-14,2024-12-01,3,"quantile",0.1,300511.854662698
"801","DE","35-59",2024-11-14,2024-12-01,3,"quantile",0.25,361064.237958475
"802","DE","35-59",2024-11-14,2024-12-01,3,"quantile",0.5,442753.872099261
"803","DE","35-59",2024-11-14,2024-12-01,3,"quantile",0.75,542925.525849042
"804","DE","35-59",2024-11-14,2024-12-01,3,"quantile",0.9,652323.654515789
"805","DE","35-59",2024-11-14,2024-12-01,3,"quantile",0.975,800859.197037195
"806","DE","35-59",2024-11-14,2024-12-08,4,"quantile",0.025,229898.790875076
"807","DE","35-59",2024-11-14,2024-12-08,4,"quantile",0.1,290425.302908655
"808","DE","35-59",2024-11-14,2024-12-08,4,"quantile",0.25,357978.876207967
"809","DE","35-59",2024-11-14,2024-12-08,4,"quantile",0.5,451614.930019213
"810","DE","35-59",2024-11-14,2024-12-08,4,"quantile",0.75,569743.240653592
"811","DE","35-59",2024-11-14,2024-12-08,4,"quantile",0.9,702266.78933828
"812","DE","35-59",2024-11-14,2024-12-08,4,"quantile",0.975,887155.796861433
"813","DE","60+",2024-11-14,2024-11-17,1,"quantile",0.025,99040.2917380093
"814","DE","60+",2024-11-14,2024-11-17,1,"quantile",0.1,114310.308822665
"815","DE","60+",2024-11-14,2024-11-17,1,"quantile",0.25,129959.909940116
"816","DE","60+",2024-11-14,2024-11-17,1,"quantile",0.5,149872.798037848
"817","DE","60+",2024-11-14,2024-11-17,1,"quantile",0.75,172836.80484269
"818","DE","60+",2024-11-14,2024-11-17,1,"quantile",0.9,196498.949421435
"819","DE","60+",2024-11-14,2024-11-17,1,"quantile",0.975,226795.12749328
"820","DE","60+",2024-11-14,2024-11-24,2,"quantile",0.025,95227.0581119594
"821","DE","60+",2024-11-14,2024-11-24,2,"quantile",0.1,110531.109861055
"822","DE","60+",2024-11-14,2024-11-24,2,"quantile",0.25,126299.451908431
"823","DE","60+",2024-11-14,2024-11-24,2,"quantile",0.5,146470.911941534
"824","DE","60+",2024-11-14,2024-11-24,2,"quantile",0.75,169863.983737149
"825","DE","60+",2024-11-14,2024-11-24,2,"quantile",0.9,194096.739569099
"826","DE","60+",2024-11-14,2024-11-24,2,"quantile",0.975,225290.253320241
"827","DE","60+",2024-11-14,2024-12-01,3,"quantile",0.025,92521.5092499256
"828","DE","60+",2024-11-14,2024-12-01,3,"quantile",0.1,109766.75927846
"829","DE","60+",2024-11-14,2024-12-01,3,"quantile",0.25,127906.374171888
"830","DE","60+",2024-11-14,2024-12-01,3,"quantile",0.5,151597.18084682
"831","DE","60+",2024-11-14,2024-12-01,3,"quantile",0.75,179675.996520855
"832","DE","60+",2024-11-14,2024-12-01,3,"quantile",0.9,209368.531892271
"833","DE","60+",2024-11-14,2024-12-01,3,"quantile",0.975,248393.108013658
"834","DE","60+",2024-11-14,2024-12-08,4,"quantile",0.025,83948.7185435351
"835","DE","60+",2024-11-14,2024-12-08,4,"quantile",0.1,102168.557336064
"836","DE","60+",2024-11-14,2024-12-08,4,"quantile",0.25,121800.442684165
"837","DE","60+",2024-11-14,2024-12-08,4,"quantile",0.5,148067.18591042
"838","DE","60+",2024-11-14,2024-12-08,4,"quantile",0.75,179998.455344541
"839","DE","60+",2024-11-14,2024-12-08,4,"quantile",0.9,214585.505708146
"840","DE","60+",2024-11-14,2024-12-08,4,"quantile",0.975,261158.144207543
"841","DE","00+",2024-11-21,2024-11-24,1,"quantile",0.025,1087862.6172941
"842","DE","00+",2024-11-21,2024-11-24,1,"quantile",0.1,1250997.37605247
"843","DE","00+",2024-11-21,2024-11-24,1,"quantile",0.25,1417609.47054769
"844","DE","00+",2024-11-21,2024-11-24,1,"quantile",0.5,1628876.20217612
"845","DE","00+",2024-11-21,2024-11-24,1,"quantile",0.75,1871628.07327368
"846","DE","00+",2024-11-21,2024-11-24,1,"quantile",0.9,2120897.87940883
"847","DE","00+",2024-11-21,2024-11-24,1,"quantile",0.975,2438945.54315621
"848","DE","00+",2024-11-21,2024-12-01,2,"quantile",0.025,993979.470504285
"849","DE","00+",2024-11-21,2024-12-01,2,"quantile",0.1,1178917.3889688
"850","DE","00+",2024-11-21,2024-12-01,2,"quantile",0.25,1373394.78397487
"851","DE","00+",2024-11-21,2024-12-01,2,"quantile",0.5,1627319.62632806
"852","DE","00+",2024-11-21,2024-12-01,2,"quantile",0.75,1928192.24095799
"853","DE","00+",2024-11-21,2024-12-01,2,"quantile",0.9,2246272.03823744
"854","DE","00+",2024-11-21,2024-12-01,2,"quantile",0.975,2664209.11579692
"855","DE","00+",2024-11-21,2024-12-08,3,"quantile",0.025,991353.249962766
"856","DE","00+",2024-11-21,2024-12-08,3,"quantile",0.1,1199821.03002536
"857","DE","00+",2024-11-21,2024-12-08,3,"quantile",0.25,1423268.80177958
"858","DE","00+",2024-11-21,2024-12-08,3,"quantile",0.5,1720662.50632881
"859","DE","00+",2024-11-21,2024-12-08,3,"quantile",0.75,2080196.97824042
"860","DE","00+",2024-11-21,2024-12-08,3,"quantile",0.9,2467600.90596441
"861","DE","00+",2024-11-21,2024-12-08,3,"quantile",0.975,2986503.00566114
"862","DE","00+",2024-11-21,2024-12-15,4,"quantile",0.025,801640.355203921
"863","DE","00+",2024-11-21,2024-12-15,4,"quantile",0.1,996707.789145941
"864","DE","00+",2024-11-21,2024-12-15,4,"quantile",0.25,1211178.09750114
"865","DE","00+",2024-11-21,2024-12-15,4,"quantile",0.5,1504005.30216601
"866","DE","00+",2024-11-21,2024-12-15,4,"quantile",0.75,1867629.50354734
"867","DE","00+",2024-11-21,2024-12-15,4,"quantile",0.9,2269503.63343881
"868","DE","00+",2024-11-21,2024-12-15,4,"quantile",0.975,2821754.08742747
"869","DE","00-04",2024-11-21,2024-11-24,1,"quantile",0.025,144785.361370821
"870","DE","00-04",2024-11-21,2024-11-24,1,"quantile",0.1,164903.885652029
"871","DE","00-04",2024-11-21,2024-11-24,1,"quantile",0.25,185265.34906228
"872","DE","00-04",2024-11-21,2024-11-24,1,"quantile",0.5,210850.049507922
"873","DE","00-04",2024-11-21,2024-11-24,1,"quantile",0.75,239967.935733887
"874","DE","00-04",2024-11-21,2024-11-24,1,"quantile",0.9,269597.912758136
"875","DE","00-04",2024-11-21,2024-11-24,1,"quantile",0.975,307059.65683664
"876","DE","00-04",2024-11-21,2024-12-01,2,"quantile",0.025,143826.208328512
"877","DE","00-04",2024-11-21,2024-12-01,2,"quantile",0.1,166540.340138358
"878","DE","00-04",2024-11-21,2024-12-01,2,"quantile",0.25,189890.528791954
"879","DE","00-04",2024-11-21,2024-12-01,2,"quantile",0.5,219693.14480289
"880","DE","00-04",2024-11-21,2024-12-01,2,"quantile",0.75,254173.17114464
"881","DE","00-04",2024-11-21,2024-12-01,2,"quantile",0.9,289810.131486979
"882","DE","00-04",2024-11-21,2024-12-01,2,"quantile",0.975,335579.157889929
"883","DE","00-04",2024-11-21,2024-12-08,3,"quantile",0.025,143738.372013477
"884","DE","00-04",2024-11-21,2024-12-08,3,"quantile",0.1,168936.735592605
"885","DE","00-04",2024-11-21,2024-12-08,3,"quantile",0.25,195207.927345193
"886","DE","00-04",2024-11-21,2024-12-08,3,"quantile",0.5,229215.088328608
"887","DE","00-04",2024-11-21,2024-12-08,3,"quantile",0.75,269146.634729564
"888","DE","00-04",2024-11-21,2024-12-08,3,"quantile",0.9,311001.372988479
"889","DE","00-04",2024-11-21,2024-12-08,3,"quantile",0.975,365522.135679718
"890","DE","00-04",2024-11-21,2024-12-15,4,"quantile",0.025,141662.280072487
"891","DE","00-04",2024-11-21,2024-12-15,4,"quantile",0.1,168892.464154519
"892","DE","00-04",2024-11-21,2024-12-15,4,"quantile",0.25,197667.709494254
"893","DE","00-04",2024-11-21,2024-12-15,4,"quantile",0.5,235423.750366391
"894","DE","00-04",2024-11-21,2024-12-15,4,"quantile",0.75,280391.483153134
"895","DE","00-04",2024-11-21,2024-12-15,4,"quantile",0.9,328163.500450022
"896","DE","00-04",2024-11-21,2024-12-15,4,"quantile",0.975,391242.765598696
"897","DE","05-14",2024-11-21,2024-11-24,1,"quantile",0.025,95912.4111187165
"898","DE","05-14",2024-11-21,2024-11-24,1,"quantile",0.1,117119.25655876
"899","DE","05-14",2024-11-21,2024-11-24,1,"quantile",0.25,140041.801165773
"900","DE","05-14",2024-11-21,2024-11-24,1,"quantile",0.5,170808.534302256
"901","DE","05-14",2024-11-21,2024-11-24,1,"quantile",0.75,208334.619717927
"902","DE","05-14",2024-11-21,2024-11-24,1,"quantile",0.9,249109.806941502
"903","DE","05-14",2024-11-21,2024-11-24,1,"quantile",0.975,304189.573071754
"904","DE","05-14",2024-11-21,2024-12-01,2,"quantile",0.025,91812.2834939924
"905","DE","05-14",2024-11-21,2024-12-01,2,"quantile",0.1,115074.099680134
"906","DE","05-14",2024-11-21,2024-12-01,2,"quantile",0.25,140844.327673462
"907","DE","05-14",2024-11-21,2024-12-01,2,"quantile",0.5,176298.68175784
"908","DE","05-14",2024-11-21,2024-12-01,2,"quantile",0.75,220677.862594592
"909","DE","05-14",2024-11-21,2024-12-01,2,"quantile",0.9,270097.487409826
"910","DE","05-14",2024-11-21,2024-12-01,2,"quantile",0.975,338530.140050222
"911","DE","05-14",2024-11-21,2024-12-08,3,"quantile",0.025,91779.6522128671
"912","DE","05-14",2024-11-21,2024-12-08,3,"quantile",0.1,115643.779684849
"913","DE","05-14",2024-11-21,2024-12-08,3,"quantile",0.25,142213.664076724
"914","DE","05-14",2024-11-21,2024-12-08,3,"quantile",0.5,178952.104307239
"915","DE","05-14",2024-11-21,2024-12-08,3,"quantile",0.75,225181.285102901
"916","DE","05-14",2024-11-21,2024-12-08,3,"quantile",0.9,276918.099038789
"917","DE","05-14",2024-11-21,2024-12-08,3,"quantile",0.975,348921.082874829
"918","DE","05-14",2024-11-21,2024-12-15,4,"quantile",0.025,94840.2522110075
"919","DE","05-14",2024-11-21,2024-12-15,4,"quantile",0.1,120194.420258473
"920","DE","05-14",2024-11-21,2024-12-15,4,"quantile",0.25,148577.998907723
"921","DE","05-14",2024-11-21,2024-12-15,4,"quantile",0.5,188040.405478756
"922","DE","05-14",2024-11-21,2024-12-15,4,"quantile",0.75,237984.051155349
"923","DE","05-14",2024-11-21,2024-12-15,4,"quantile",0.9,294183.324122505
"924","DE","05-14",2024-11-21,2024-12-15,4,"quantile",0.975,372828.97575963
"925","DE","15-34",2024-11-21,2024-11-24,1,"quantile",0.025,255465.551914448
"926","DE","15-34",2024-11-21,2024-11-24,1,"quantile",0.1,302333.170373316
"927","DE","15-34",2024-11-21,2024-11-24,1,"quantile",0.25,351516.317019956
"928","DE","15-34",2024-11-21,2024-11-24,1,"quantile",0.5,415600.40159044
"929","DE","15-34",2024-11-21,2024-11-24,1,"quantile",0.75,491367.499712197
"930","DE","15-34",2024-11-21,2024-11-24,1,"quantile",0.9,571302.492508048
"931","DE","15-34",2024-11-21,2024-11-24,1,"quantile",0.975,676113.442723496
"932","DE","15-34",2024-11-21,2024-12-01,2,"quantile",0.025,242870.173360413
"933","DE","15-34",2024-11-21,2024-12-01,2,"quantile",0.1,293180.247904913
"934","DE","15-34",2024-11-21,2024-12-01,2,"quantile",0.25,346973.447220707
"935","DE","15-34",2024-11-21,2024-12-01,2,"quantile",0.5,418392.62036597
"936","DE","15-34",2024-11-21,2024-12-01,2,"quantile",0.75,504512.337122309
"937","DE","15-34",2024-11-21,2024-12-01,2,"quantile",0.9,597081.099520311
"938","DE","15-34",2024-11-21,2024-12-01,2,"quantile",0.975,720765.264645856
"939","DE","15-34",2024-11-21,2024-12-08,3,"quantile",0.025,249622.236757536
"940","DE","15-34",2024-11-21,2024-12-08,3,"quantile",0.1,304822.395594427
"941","DE","15-34",2024-11-21,2024-12-08,3,"quantile",0.25,364489.727911194
"942","DE","15-34",2024-11-21,2024-12-08,3,"quantile",0.5,444577.230981946
"943","DE","15-34",2024-11-21,2024-12-08,3,"quantile",0.75,542261.96013878
"944","DE","15-34",2024-11-21,2024-12-08,3,"quantile",0.9,648406.800695022
"945","DE","15-34",2024-11-21,2024-12-08,3,"quantile",0.975,791792.097030024
"946","DE","15-34",2024-11-21,2024-12-15,4,"quantile",0.025,244288.603707911
"947","DE","15-34",2024-11-21,2024-12-15,4,"quantile",0.1,303731.27308652
"948","DE","15-34",2024-11-21,2024-12-15,4,"quantile",0.25,369086.27671913
"949","DE","15-34",2024-11-21,2024-12-15,4,"quantile",0.5,458318.397394362
"950","DE","15-34",2024-11-21,2024-12-15,4,"quantile",0.75,569123.716160235
"951","DE","15-34",2024-11-21,2024-12-15,4,"quantile",0.9,691584.212766593
"952","DE","15-34",2024-11-21,2024-12-15,4,"quantile",0.975,859867.1825121
"953","DE","35-59",2024-11-21,2024-11-24,1,"quantile",0.025,349423.73809741
"954","DE","35-59",2024-11-21,2024-11-24,1,"quantile",0.1,410495.554731692
"955","DE","35-59",2024-11-21,2024-11-24,1,"quantile",0.25,474140.474896706
"956","DE","35-59",2024-11-21,2024-11-24,1,"quantile",0.5,556491.568198743
"957","DE","35-59",2024-11-21,2024-11-24,1,"quantile",0.75,653145.811995405
"958","DE","35-59",2024-11-21,2024-11-24,1,"quantile",0.9,754412.226653005
"959","DE","35-59",2024-11-21,2024-11-24,1,"quantile",0.975,886267.393172828
"960","DE","35-59",2024-11-21,2024-12-01,2,"quantile",0.025,331540.009775956
"961","DE","35-59",2024-11-21,2024-12-01,2,"quantile",0.1,398676.13810282
"962","DE","35-59",2024-11-21,2024-12-01,2,"quantile",0.25,470199.151887835
"963","DE","35-59",2024-11-21,2024-12-01,2,"quantile",0.5,564810.914321993
"964","DE","35-59",2024-11-21,2024-12-01,2,"quantile",0.75,678460.111330327
"965","DE","35-59",2024-11-21,2024-12-01,2,"quantile",0.9,800176.731056254
"966","DE","35-59",2024-11-21,2024-12-01,2,"quantile",0.975,962210.772548457
"967","DE","35-59",2024-11-21,2024-12-08,3,"quantile",0.025,335956.569963243
"968","DE","35-59",2024-11-21,2024-12-08,3,"quantile",0.1,412454.6258557
"969","DE","35-59",2024-11-21,2024-12-08,3,"quantile",0.25,495563.196148088
"970","DE","35-59",2024-11-21,2024-12-08,3,"quantile",0.5,607682.791308968
"971","DE","35-59",2024-11-21,2024-12-08,3,"quantile",0.75,745169.087864848
"972","DE","35-59",2024-11-21,2024-12-08,3,"quantile",0.9,895318.785883259
"973","DE","35-59",2024-11-21,2024-12-08,3,"quantile",0.975,1099184.85860676
"974","DE","35-59",2024-11-21,2024-12-15,4,"quantile",0.025,341438.246190976
"975","DE","35-59",2024-11-21,2024-12-15,4,"quantile",0.1,431330.263622384
"976","DE","35-59",2024-11-21,2024-12-15,4,"quantile",0.25,531658.645096057
"977","DE","35-59",2024-11-21,2024-12-15,4,"quantile",0.5,670723.88276809
"978","DE","35-59",2024-11-21,2024-12-15,4,"quantile",0.75,846164.227865084
"979","DE","35-59",2024-11-21,2024-12-15,4,"quantile",0.9,1042983.91477893
"980","DE","35-59",2024-11-21,2024-12-15,4,"quantile",0.975,1317575.08695695
"981","DE","60+",2024-11-21,2024-11-24,1,"quantile",0.025,114413.274602828
"982","DE","60+",2024-11-21,2024-11-24,1,"quantile",0.1,132053.495842464
"983","DE","60+",2024-11-21,2024-11-24,1,"quantile",0.25,150132.219952163
"984","DE","60+",2024-11-21,2024-11-24,1,"quantile",0.5,173135.976242461
"985","DE","60+",2024-11-21,2024-11-24,1,"quantile",0.75,199664.4443077
"986","DE","60+",2024-11-21,2024-11-24,1,"quantile",0.9,226999.414731062
"987","DE","60+",2024-11-21,2024-11-24,1,"quantile",0.975,261998.14989553
"988","DE","60+",2024-11-21,2024-12-01,2,"quantile",0.025,111598.823225893
"989","DE","60+",2024-11-21,2024-12-01,2,"quantile",0.1,129534.000471201
"990","DE","60+",2024-11-21,2024-12-01,2,"quantile",0.25,148013.290408328
"991","DE","60+",2024-11-21,2024-12-01,2,"quantile",0.5,171652.697600722
"992","DE","60+",2024-11-21,2024-12-01,2,"quantile",0.75,199067.587189773
"993","DE","60+",2024-11-21,2024-12-01,2,"quantile",0.9,227466.522198207
"994","DE","60+",2024-11-21,2024-12-01,2,"quantile",0.975,264022.932696738
"995","DE","60+",2024-11-21,2024-12-08,3,"quantile",0.025,111443.764584001
"996","DE","60+",2024-11-21,2024-12-08,3,"quantile",0.1,132215.967717661
"997","DE","60+",2024-11-21,2024-12-08,3,"quantile",0.25,154065.448862277
"998","DE","60+",2024-11-21,2024-12-08,3,"quantile",0.5,182601.436907547
"999","DE","60+",2024-11-21,2024-12-08,3,"quantile",0.75,216422.85799269
"1000","DE","60+",2024-11-21,2024-12-08,3,"quantile",0.9,252188.032476556
"1001","DE","60+",2024-11-21,2024-12-08,3,"quantile",0.975,299193.812100344
"1002","DE","60+",2024-11-21,2024-12-15,4,"quantile",0.025,116638.371837314
"1003","DE","60+",2024-11-21,2024-12-15,4,"quantile",0.1,141953.020694007
"1004","DE","60+",2024-11-21,2024-12-15,4,"quantile",0.25,169229.567409985
"1005","DE","60+",2024-11-21,2024-12-15,4,"quantile",0.5,205724.587423786
"1006","DE","60+",2024-11-21,2024-12-15,4,"quantile",0.75,250089.901655034
"1007","DE","60+",2024-11-21,2024-12-15,4,"quantile",0.9,298145.158614959
"1008","DE","60+",2024-11-21,2024-12-15,4,"quantile",0.975,362853.194913576
"1009","DE","00+",2024-11-28,2024-12-01,1,"quantile",0.025,1026668.3909353
"1010","DE","00+",2024-11-28,2024-12-01,1,"quantile",0.1,1180626.52647328
"1011","DE","00+",2024-11-28,2024-12-01,1,"quantile",0.25,1337866.39136656
"1012","DE","00+",2024-11-28,2024-12-01,1,"quantile",0.5,1537248.98984083
"1013","DE","00+",2024-11-28,2024-12-01,1,"quantile",0.75,1766345.6321321
"1014","DE","00+",2024-11-28,2024-12-01,1,"quantile",0.9,2001593.56390687
"1015","DE","00+",2024-11-28,2024-12-01,1,"quantile",0.975,2301750.47525698
"1016","DE","00+",2024-11-28,2024-12-08,2,"quantile",0.025,973769.390441119
"1017","DE","00+",2024-11-28,2024-12-08,2,"quantile",0.1,1154947.06007777
"1018","DE","00+",2024-11-28,2024-12-08,2,"quantile",0.25,1345470.24492137
"1019","DE","00+",2024-11-28,2024-12-08,2,"quantile",0.5,1594232.16233873
"1020","DE","00+",2024-11-28,2024-12-08,2,"quantile",0.75,1888987.28680822
"1021","DE","00+",2024-11-28,2024-12-08,2,"quantile",0.9,2200599.72901621
"1022","DE","00+",2024-11-28,2024-12-08,2,"quantile",0.975,2610039.10410849
"1023","DE","00+",2024-11-28,2024-12-15,3,"quantile",0.025,912367.232074261
"1024","DE","00+",2024-11-28,2024-12-15,3,"quantile",0.1,1104225.35275881
"1025","DE","00+",2024-11-28,2024-12-15,3,"quantile",0.25,1309869.93508727
"1026","DE","00+",2024-11-28,2024-12-15,3,"quantile",0.5,1583568.81191658
"1027","DE","00+",2024-11-28,2024-12-15,3,"quantile",0.75,1914457.39374712
"1028","DE","00+",2024-11-28,2024-12-15,3,"quantile",0.9,2270994.93396854
"1029","DE","00+",2024-11-28,2024-12-15,3,"quantile",0.975,2748553.53624841
"1030","DE","00+",2024-11-28,2024-12-22,4,"quantile",0.025,825044.312964808
"1031","DE","00+",2024-11-28,2024-12-22,4,"quantile",0.1,1025806.75708797
"1032","DE","00+",2024-11-28,2024-12-22,4,"quantile",0.25,1246538.54417878
"1033","DE","00+",2024-11-28,2024-12-22,4,"quantile",0.5,1547914.86377371
"1034","DE","00+",2024-11-28,2024-12-22,4,"quantile",0.75,1922155.10437353
"1035","DE","00+",2024-11-28,2024-12-22,4,"quantile",0.9,2335761.98337139
"1036","DE","00+",2024-11-28,2024-12-22,4,"quantile",0.975,2904135.43592753
"1037","DE","00-04",2024-11-28,2024-12-01,1,"quantile",0.025,153274.537931642
"1038","DE","00-04",2024-11-28,2024-12-01,1,"quantile",0.1,174572.6683771
"1039","DE","00-04",2024-11-28,2024-12-01,1,"quantile",0.25,196127.98216207
"1040","DE","00-04",2024-11-28,2024-12-01,1,"quantile",0.5,223212.786190577
"1041","DE","00-04",2024-11-28,2024-12-01,1,"quantile",0.75,254037.936707004
"1042","DE","00-04",2024-11-28,2024-12-01,1,"quantile",0.9,285405.20335826
"1043","DE","00-04",2024-11-28,2024-12-01,1,"quantile",0.975,325063.435788539
"1044","DE","00-04",2024-11-28,2024-12-08,2,"quantile",0.025,151791.638425145
"1045","DE","00-04",2024-11-28,2024-12-08,2,"quantile",0.1,175763.731709744
"1046","DE","00-04",2024-11-28,2024-12-08,2,"quantile",0.25,200407.108146186
"1047","DE","00-04",2024-11-28,2024-12-08,2,"quantile",0.5,231860.262381627
"1048","DE","00-04",2024-11-28,2024-12-08,2,"quantile",0.75,268249.872816201
"1049","DE","00-04",2024-11-28,2024-12-08,2,"quantile",0.9,305860.490948467
"1050","DE","00-04",2024-11-28,2024-12-08,2,"quantile",0.975,354164.312536805
"1051","DE","00-04",2024-11-28,2024-12-15,3,"quantile",0.025,141246.307414192
"1052","DE","00-04",2024-11-28,2024-12-15,3,"quantile",0.1,166007.794264053
"1053","DE","00-04",2024-11-28,2024-12-15,3,"quantile",0.25,191823.509124629
"1054","DE","00-04",2024-11-28,2024-12-15,3,"quantile",0.5,225241.070818573
"1055","DE","00-04",2024-11-28,2024-12-15,3,"quantile",0.75,264480.303874201
"1056","DE","00-04",2024-11-28,2024-12-15,3,"quantile",0.9,305609.385441265
"1057","DE","00-04",2024-11-28,2024-12-15,3,"quantile",0.975,359184.894191433
"1058","DE","00-04",2024-11-28,2024-12-22,4,"quantile",0.025,135755.954767568
"1059","DE","00-04",2024-11-28,2024-12-22,4,"quantile",0.1,161850.830811222
"1060","DE","00-04",2024-11-28,2024-12-22,4,"quantile",0.25,189426.349875068
"1061","DE","00-04",2024-11-28,2024-12-22,4,"quantile",0.5,225608.228171941
"1062","DE","00-04",2024-11-28,2024-12-22,4,"quantile",0.75,268701.121319457
"1063","DE","00-04",2024-11-28,2024-12-22,4,"quantile",0.9,314481.379945771
"1064","DE","00-04",2024-11-28,2024-12-22,4,"quantile",0.975,374930.681354114
"1065","DE","05-14",2024-11-28,2024-12-01,1,"quantile",0.025,109545.428051903
"1066","DE","05-14",2024-11-28,2024-12-01,1,"quantile",0.1,133766.620432153
"1067","DE","05-14",2024-11-28,2024-12-01,1,"quantile",0.25,159947.381938671
"1068","DE","05-14",2024-11-28,2024-12-01,1,"quantile",0.5,195087.307125443
"1069","DE","05-14",2024-11-28,2024-12-01,1,"quantile",0.75,237947.360814259
"1070","DE","05-14",2024-11-28,2024-12-01,1,"quantile",0.9,284518.344550393
"1071","DE","05-14",2024-11-28,2024-12-01,1,"quantile",0.975,347427.164038506
"1072","DE","05-14",2024-11-28,2024-12-08,2,"quantile",0.025,103973.037047238
"1073","DE","05-14",2024-11-28,2024-12-08,2,"quantile",0.1,130315.935666745
"1074","DE","05-14",2024-11-28,2024-12-08,2,"quantile",0.25,159499.491155172
"1075","DE","05-14",2024-11-28,2024-12-08,2,"quantile",0.5,199649.858082295
"1076","DE","05-14",2024-11-28,2024-12-08,2,"quantile",0.75,249907.166120686
"1077","DE","05-14",2024-11-28,2024-12-08,2,"quantile",0.9,305872.536833975
"1078","DE","05-14",2024-11-28,2024-12-08,2,"quantile",0.975,383369.255763597
"1079","DE","05-14",2024-11-28,2024-12-15,3,"quantile",0.025,95089.1691319244
"1080","DE","05-14",2024-11-28,2024-12-15,3,"quantile",0.1,119813.822131328
"1081","DE","05-14",2024-11-28,2024-12-15,3,"quantile",0.25,147341.799954722
"1082","DE","05-14",2024-11-28,2024-12-15,3,"quantile",0.5,185405.005387449
"1083","DE","05-14",2024-11-28,2024-12-15,3,"quantile",0.75,233301.181560719
"1084","DE","05-14",2024-11-28,2024-12-15,3,"quantile",0.9,286903.592684335
"1085","DE","05-14",2024-11-28,2024-12-15,3,"quantile",0.975,361502.959133325
"1086","DE","05-14",2024-11-28,2024-12-22,4,"quantile",0.025,89997.5402804329
"1087","DE","05-14",2024-11-28,2024-12-22,4,"quantile",0.1,114057.079420543
"1088","DE","05-14",2024-11-28,2024-12-22,4,"quantile",0.25,140991.342069965
"1089","DE","05-14",2024-11-28,2024-12-22,4,"quantile",0.5,178438.727986207
"1090","DE","05-14",2024-11-28,2024-12-22,4,"quantile",0.75,225832.162300685
"1091","DE","05-14",2024-11-28,2024-12-22,4,"quantile",0.9,279161.800452002
"1092","DE","05-14",2024-11-28,2024-12-22,4,"quantile",0.975,353791.665262416
"1093","DE","15-34",2024-11-28,2024-12-01,1,"quantile",0.025,259547.291043671
"1094","DE","15-34",2024-11-28,2024-12-01,1,"quantile",0.1,307163.74389811
"1095","DE","15-34",2024-11-28,2024-12-01,1,"quantile",0.25,357132.72163885
"1096","DE","15-34",2024-11-28,2024-12-01,1,"quantile",0.5,422240.719271553
"1097","DE","15-34",2024-11-28,2024-12-01,1,"quantile",0.75,499218.397554875
"1098","DE","15-34",2024-11-28,2024-12-01,1,"quantile",0.9,580430.563673876
"1099","DE","15-34",2024-11-28,2024-12-01,1,"quantile",0.975,686916.146549029
"1100","DE","15-34",2024-11-28,2024-12-08,2,"quantile",0.025,255579.840163408
"1101","DE","15-34",2024-11-28,2024-12-08,2,"quantile",0.1,308522.696969506
"1102","DE","15-34",2024-11-28,2024-12-08,2,"quantile",0.25,365130.954347437
"1103","DE","15-34",2024-11-28,2024-12-08,2,"quantile",0.5,440287.572406015
"1104","DE","15-34",2024-11-28,2024-12-08,2,"quantile",0.75,530914.029903701
"1105","DE","15-34",2024-11-28,2024-12-08,2,"quantile",0.9,628327.018787672
"1106","DE","15-34",2024-11-28,2024-12-08,2,"quantile",0.975,758483.714095915
"1107","DE","15-34",2024-11-28,2024-12-15,3,"quantile",0.025,240781.394741421
"1108","DE","15-34",2024-11-28,2024-12-15,3,"quantile",0.1,294026.535908891
"1109","DE","15-34",2024-11-28,2024-12-15,3,"quantile",0.25,351580.63718748
"1110","DE","15-34",2024-11-28,2024-12-15,3,"quantile",0.5,428831.690383771
"1111","DE","15-34",2024-11-28,2024-12-15,3,"quantile",0.75,523056.730736111
"1112","DE","15-34",2024-11-28,2024-12-15,3,"quantile",0.9,625442.25169658
"1113","DE","15-34",2024-11-28,2024-12-15,3,"quantile",0.975,763749.2875016
"1114","DE","15-34",2024-11-28,2024-12-22,4,"quantile",0.025,230176.148898301
"1115","DE","15-34",2024-11-28,2024-12-22,4,"quantile",0.1,286184.839071024
"1116","DE","15-34",2024-11-28,2024-12-22,4,"quantile",0.25,347764.310315517
"1117","DE","15-34",2024-11-28,2024-12-22,4,"quantile",0.5,431841.527112791
"1118","DE","15-34",2024-11-28,2024-12-22,4,"quantile",0.75,536245.666986105
"1119","DE","15-34",2024-11-28,2024-12-22,4,"quantile",0.9,651631.669743434
"1120","DE","15-34",2024-11-28,2024-12-22,4,"quantile",0.975,810192.999716502
"1121","DE","35-59",2024-11-28,2024-12-01,1,"quantile",0.025,340806.004931668
"1122","DE","35-59",2024-11-28,2024-12-01,1,"quantile",0.1,400371.62561439
"1123","DE","35-59",2024-11-28,2024-12-01,1,"quantile",0.25,462446.890144892
"1124","DE","35-59",2024-11-28,2024-12-01,1,"quantile",0.5,542766.983057979
"1125","DE","35-59",2024-11-28,2024-12-01,1,"quantile",0.75,637037.472142064
"1126","DE","35-59",2024-11-28,2024-12-01,1,"quantile",0.9,735806.383496304
"1127","DE","35-59",2024-11-28,2024-12-01,1,"quantile",0.975,864409.645472436
"1128","DE","35-59",2024-11-28,2024-12-08,2,"quantile",0.025,335529.110162
"1129","DE","35-59",2024-11-28,2024-12-08,2,"quantile",0.1,403473.022610023
"1130","DE","35-59",2024-11-28,2024-12-08,2,"quantile",0.25,475856.603667428
"1131","DE","35-59",2024-11-28,2024-12-08,2,"quantile",0.5,571606.737962966
"1132","DE","35-59",2024-11-28,2024-12-08,2,"quantile",0.75,686623.365876444
"1133","DE","35-59",2024-11-28,2024-12-08,2,"quantile",0.9,809804.484005037
"1134","DE","35-59",2024-11-28,2024-12-08,2,"quantile",0.975,973788.12445486
"1135","DE","35-59",2024-11-28,2024-12-15,3,"quantile",0.025,315695.58324799
"1136","DE","35-59",2024-11-28,2024-12-15,3,"quantile",0.1,387580.167540981
"1137","DE","35-59",2024-11-28,2024-12-15,3,"quantile",0.25,465676.597011708
"1138","DE","35-59",2024-11-28,2024-12-15,3,"quantile",0.5,571034.444282608
"1139","DE","35-59",2024-11-28,2024-12-15,3,"quantile",0.75,700229.169019092
"1140","DE","35-59",2024-11-28,2024-12-15,3,"quantile",0.9,841323.586358863
"1141","DE","35-59",2024-11-28,2024-12-15,3,"quantile",0.975,1032894.83242786
"1142","DE","35-59",2024-11-28,2024-12-22,4,"quantile",0.025,295760.559422226
"1143","DE","35-59",2024-11-28,2024-12-22,4,"quantile",0.1,373626.802175344
"1144","DE","35-59",2024-11-28,2024-12-22,4,"quantile",0.25,460533.229799106
"1145","DE","35-59",2024-11-28,2024-12-22,4,"quantile",0.5,580994.28812782
"1146","DE","35-59",2024-11-28,2024-12-22,4,"quantile",0.75,732964.183679864
"1147","DE","35-59",2024-11-28,2024-12-22,4,"quantile",0.9,903453.287804383
"1148","DE","35-59",2024-11-28,2024-12-22,4,"quantile",0.975,1141309.59008386
"1149","DE","60+",2024-11-28,2024-12-01,1,"quantile",0.025,111934.561156412
"1150","DE","60+",2024-11-28,2024-12-01,1,"quantile",0.1,129192.61473468
"1151","DE","60+",2024-11-28,2024-12-01,1,"quantile",0.25,146879.67121053
"1152","DE","60+",2024-11-28,2024-12-01,1,"quantile",0.5,169385.061203448
"1153","DE","60+",2024-11-28,2024-12-01,1,"quantile",0.75,195338.801635601
"1154","DE","60+",2024-11-28,2024-12-01,1,"quantile",0.9,222081.571905782
"1155","DE","60+",2024-11-28,2024-12-01,1,"quantile",0.975,256322.074813015
"1156","DE","60+",2024-11-28,2024-12-08,2,"quantile",0.025,114813.549573289
"1157","DE","60+",2024-11-28,2024-12-08,2,"quantile",0.1,133265.369245185
"1158","DE","60+",2024-11-28,2024-12-08,2,"quantile",0.25,152276.975371004
"1159","DE","60+",2024-11-28,2024-12-08,2,"quantile",0.5,176597.341581975
"1160","DE","60+",2024-11-28,2024-12-08,2,"quantile",0.75,204801.947095668
"1161","DE","60+",2024-11-28,2024-12-08,2,"quantile",0.9,234018.944534965
"1162","DE","60+",2024-11-28,2024-12-08,2,"quantile",0.975,271628.402481479
"1163","DE","60+",2024-11-28,2024-12-15,3,"quantile",0.025,107994.21992424
"1164","DE","60+",2024-11-28,2024-12-15,3,"quantile",0.1,128123.456242675
"1165","DE","60+",2024-11-28,2024-12-15,3,"quantile",0.25,149296.625336256
"1166","DE","60+",2024-11-28,2024-12-15,3,"quantile",0.5,176949.332333545
"1167","DE","60+",2024-11-28,2024-12-15,3,"quantile",0.75,209723.87113752
"1168","DE","60+",2024-11-28,2024-12-15,3,"quantile",0.9,244381.997891019
"1169","DE","60+",2024-11-28,2024-12-15,3,"quantile",0.975,289932.796729795
"1170","DE","60+",2024-11-28,2024-12-22,4,"quantile",0.025,102811.039740395
"1171","DE","60+",2024-11-28,2024-12-22,4,"quantile",0.1,125124.668854232
"1172","DE","60+",2024-11-28,2024-12-22,4,"quantile",0.25,149167.615306782
"1173","DE","60+",2024-11-28,2024-12-22,4,"quantile",0.5,181336.196656656
"1174","DE","60+",2024-11-28,2024-12-22,4,"quantile",0.75,220442.058755673
"1175","DE","60+",2024-11-28,2024-12-22,4,"quantile",0.9,262800.425519681
"1176","DE","60+",2024-11-28,2024-12-22,4,"quantile",0.975,319837.405602868
"1177","DE","00+",2024-12-05,2024-12-08,1,"quantile",0.025,971271.166382137
"1178","DE","00+",2024-12-05,2024-12-08,1,"quantile",0.1,1116921.99112582
"1179","DE","00+",2024-12-05,2024-12-08,1,"quantile",0.25,1265677.46886828
"1180","DE","00+",2024-12-05,2024-12-08,1,"quantile",0.5,1454301.73224897
"1181","DE","00+",2024-12-05,2024-12-08,1,"quantile",0.75,1671036.72179097
"1182","DE","00+",2024-12-05,2024-12-08,1,"quantile",0.9,1893591.08803158
"1183","DE","00+",2024-12-05,2024-12-08,1,"quantile",0.975,2177552.05922608
"1184","DE","00+",2024-12-05,2024-12-15,2,"quantile",0.025,1003068.54997932
"1185","DE","00+",2024-12-05,2024-12-15,2,"quantile",0.1,1189697.56518049
"1186","DE","00+",2024-12-05,2024-12-15,2,"quantile",0.25,1385953.28715584
"1187","DE","00+",2024-12-05,2024-12-15,2,"quantile",0.5,1642200.05178341
"1188","DE","00+",2024-12-05,2024-12-15,2,"quantile",0.75,1945823.88531411
"1189","DE","00+",2024-12-05,2024-12-15,2,"quantile",0.9,2266812.24624369
"1190","DE","00+",2024-12-05,2024-12-15,2,"quantile",0.975,2688570.99560447
"1191","DE","00+",2024-12-05,2024-12-22,3,"quantile",0.025,940321.789809368
"1192","DE","00+",2024-12-05,2024-12-22,3,"quantile",0.1,1138058.36461094
"1193","DE","00+",2024-12-05,2024-12-22,3,"quantile",0.25,1350003.81258595
"1194","DE","00+",2024-12-05,2024-12-22,3,"quantile",0.5,1632088.71072925
"1195","DE","00+",2024-12-05,2024-12-22,3,"quantile",0.75,1973115.58297563
"1196","DE","00+",2024-12-05,2024-12-22,3,"quantile",0.9,2340577.28717672
"1197","DE","00+",2024-12-05,2024-12-22,3,"quantile",0.975,2832768.08913454
"1198","DE","00+",2024-12-05,2024-12-29,4,"quantile",0.025,896645.460458484
"1199","DE","00+",2024-12-05,2024-12-29,4,"quantile",0.1,1114830.9946472
"1200","DE","00+",2024-12-05,2024-12-29,4,"quantile",0.25,1354718.90341011
"1201","DE","00+",2024-12-05,2024-12-29,4,"quantile",0.5,1682250.04883842
"1202","DE","00+",2024-12-05,2024-12-29,4,"quantile",0.75,2088968.58211195
"1203","DE","00+",2024-12-05,2024-12-29,4,"quantile",0.9,2538470.17207523
"1204","DE","00+",2024-12-05,2024-12-29,4,"quantile",0.975,3156169.692054
"1205","DE","00-04",2024-12-05,2024-12-08,1,"quantile",0.025,144079.238606201
"1206","DE","00-04",2024-12-05,2024-12-08,1,"quantile",0.1,164099.644211245
"1207","DE","00-04",2024-12-05,2024-12-08,1,"quantile",0.25,184361.804123554
"1208","DE","00-04",2024-12-05,2024-12-08,1,"quantile",0.5,209821.727179827
"1209","DE","00-04",2024-12-05,2024-12-08,1,"quantile",0.75,238797.604558163
"1210","DE","00-04",2024-12-05,2024-12-08,1,"quantile",0.9,268283.075251842
"1211","DE","00-04",2024-12-05,2024-12-08,1,"quantile",0.975,305562.117225342
"1212","DE","00-04",2024-12-05,2024-12-15,2,"quantile",0.025,133219.416581707
"1213","DE","00-04",2024-12-05,2024-12-15,2,"quantile",0.1,154258.442938823
"1214","DE","00-04",2024-12-05,2024-12-15,2,"quantile",0.25,175886.61867714
"1215","DE","00-04",2024-12-05,2024-12-15,2,"quantile",0.5,203491.372801764
"1216","DE","00-04",2024-12-05,2024-12-15,2,"quantile",0.75,235428.590964938
"1217","DE","00-04",2024-12-05,2024-12-15,2,"quantile",0.9,268437.422392294
"1218","DE","00-04",2024-12-05,2024-12-15,2,"quantile",0.975,310831.107561182
"1219","DE","00-04",2024-12-05,2024-12-22,3,"quantile",0.025,131575.238692311
"1220","DE","00-04",2024-12-05,2024-12-22,3,"quantile",0.1,154641.318098502
"1221","DE","00-04",2024-12-05,2024-12-22,3,"quantile",0.25,178689.443015723
"1222","DE","00-04",2024-12-05,2024-12-22,3,"quantile",0.5,209818.919862875
"1223","DE","00-04",2024-12-05,2024-12-22,3,"quantile",0.75,246371.460951667
"1224","DE","00-04",2024-12-05,2024-12-22,3,"quantile",0.9,284684.453506673
"1225","DE","00-04",2024-12-05,2024-12-22,3,"quantile",0.975,334591.672186692
"1226","DE","00-04",2024-12-05,2024-12-29,4,"quantile",0.025,130423.700395171
"1227","DE","00-04",2024-12-05,2024-12-29,4,"quantile",0.1,155493.615750218
"1228","DE","00-04",2024-12-05,2024-12-29,4,"quantile",0.25,181986.017080106
"1229","DE","00-04",2024-12-05,2024-12-29,4,"quantile",0.5,216746.735037601
"1230","DE","00-04",2024-12-05,2024-12-29,4,"quantile",0.75,258147.015376356
"1231","DE","00-04",2024-12-05,2024-12-29,4,"quantile",0.9,302129.106219551
"1232","DE","00-04",2024-12-05,2024-12-29,4,"quantile",0.975,360204.065726687
"1233","DE","05-14",2024-12-05,2024-12-08,1,"quantile",0.025,104855.858877424
"1234","DE","05-14",2024-12-05,2024-12-08,1,"quantile",0.1,128040.157622079
"1235","DE","05-14",2024-12-05,2024-12-08,1,"quantile",0.25,153100.137601619
"1236","DE","05-14",2024-12-05,2024-12-08,1,"quantile",0.5,186735.745238312
"1237","DE","05-14",2024-12-05,2024-12-08,1,"quantile",0.75,227760.987651386
"1238","DE","05-14",2024-12-05,2024-12-08,1,"quantile",0.9,272338.297588092
"1239","DE","05-14",2024-12-05,2024-12-08,1,"quantile",0.975,332554.031057732
"1240","DE","05-14",2024-12-05,2024-12-15,2,"quantile",0.025,89809.852430588
"1241","DE","05-14",2024-12-05,2024-12-15,2,"quantile",0.1,112564.327098256
"1242","DE","05-14",2024-12-05,2024-12-15,2,"quantile",0.25,137772.504970609
"1243","DE","05-14",2024-12-05,2024-12-15,2,"quantile",0.5,172453.597599659
"1244","DE","05-14",2024-12-05,2024-12-15,2,"quantile",0.75,215864.866007985
"1245","DE","05-14",2024-12-05,2024-12-15,2,"quantile",0.9,264206.64602832
"1246","DE","05-14",2024-12-05,2024-12-15,2,"quantile",0.975,331146.778668305
"1247","DE","05-14",2024-12-05,2024-12-22,3,"quantile",0.025,81966.7780727878
"1248","DE","05-14",2024-12-05,2024-12-22,3,"quantile",0.1,103279.406670027
"1249","DE","05-14",2024-12-05,2024-12-22,3,"quantile",0.25,127008.498738466
"1250","DE","05-14",2024-12-05,2024-12-22,3,"quantile",0.5,159818.94750908
"1251","DE","05-14",2024-12-05,2024-12-22,3,"quantile",0.75,201105.408194028
"1252","DE","05-14",2024-12-05,2024-12-22,3,"quantile",0.9,247310.638262241
"1253","DE","05-14",2024-12-05,2024-12-22,3,"quantile",0.975,311615.224893044
"1254","DE","05-14",2024-12-05,2024-12-29,4,"quantile",0.025,83896.4786193794
"1255","DE","05-14",2024-12-05,2024-12-29,4,"quantile",0.1,106324.987273845
"1256","DE","05-14",2024-12-05,2024-12-29,4,"quantile",0.25,131433.33782937
"1257","DE","05-14",2024-12-05,2024-12-29,4,"quantile",0.5,166342.112025688
"1258","DE","05-14",2024-12-05,2024-12-29,4,"quantile",0.75,210522.677808639
"1259","DE","05-14",2024-12-05,2024-12-29,4,"quantile",0.9,260237.023700757
"1260","DE","05-14",2024-12-05,2024-12-29,4,"quantile",0.975,329807.623496309
"1261","DE","15-34",2024-12-05,2024-12-08,1,"quantile",0.025,254291.316981974
"1262","DE","15-34",2024-12-05,2024-12-08,1,"quantile",0.1,300943.510721603
"1263","DE","15-34",2024-12-05,2024-12-08,1,"quantile",0.25,349900.589436779
"1264","DE","15-34",2024-12-05,2024-12-08,1,"quantile",0.5,413690.114642393
"1265","DE","15-34",2024-12-05,2024-12-08,1,"quantile",0.75,489108.952998087
"1266","DE","15-34",2024-12-05,2024-12-08,1,"quantile",0.9,568676.528503565
"1267","DE","15-34",2024-12-05,2024-12-08,1,"quantile",0.975,673005.7203053
"1268","DE","15-34",2024-12-05,2024-12-15,2,"quantile",0.025,236092.176971006
"1269","DE","15-34",2024-12-05,2024-12-15,2,"quantile",0.1,284998.203011339
"1270","DE","15-34",2024-12-05,2024-12-15,2,"quantile",0.25,337290.147126907
"1271","DE","15-34",2024-12-05,2024-12-15,2,"quantile",0.5,406716.161165743
"1272","DE","15-34",2024-12-05,2024-12-15,2,"quantile",0.75,490432.457521978
"1273","DE","15-34",2024-12-05,2024-12-15,2,"quantile",0.9,580417.820202245
"1274","DE","15-34",2024-12-05,2024-12-15,2,"quantile",0.975,700650.220077869
"1275","DE","15-34",2024-12-05,2024-12-22,3,"quantile",0.025,225086.862783901
"1276","DE","15-34",2024-12-05,2024-12-22,3,"quantile",0.1,274861.397052806
"1277","DE","15-34",2024-12-05,2024-12-22,3,"quantile",0.25,328664.026242893
"1278","DE","15-34",2024-12-05,2024-12-22,3,"quantile",0.5,400879.727249936
"1279","DE","15-34",2024-12-05,2024-12-22,3,"quantile",0.75,488963.022686327
"1280","DE","15-34",2024-12-05,2024-12-22,3,"quantile",0.9,584674.885026173
"1281","DE","15-34",2024-12-05,2024-12-22,3,"quantile",0.975,713966.838101389
"1282","DE","15-34",2024-12-05,2024-12-29,4,"quantile",0.025,224200.124001601
"1283","DE","15-34",2024-12-05,2024-12-29,4,"quantile",0.1,278754.669909134
"1284","DE","15-34",2024-12-05,2024-12-29,4,"quantile",0.25,338735.363630221
"1285","DE","15-34",2024-12-05,2024-12-29,4,"quantile",0.5,420629.697695158
"1286","DE","15-34",2024-12-05,2024-12-29,4,"quantile",0.75,522323.210328475
"1287","DE","15-34",2024-12-05,2024-12-29,4,"quantile",0.9,634713.465574566
"1288","DE","15-34",2024-12-05,2024-12-29,4,"quantile",0.975,789158.094229498
"1289","DE","35-59",2024-12-05,2024-12-08,1,"quantile",0.025,334714.223713911
"1290","DE","35-59",2024-12-05,2024-12-08,1,"quantile",0.1,393215.130970085
"1291","DE","35-59",2024-12-05,2024-12-08,1,"quantile",0.25,454180.82311899
"1292","DE","35-59",2024-12-05,2024-12-08,1,"quantile",0.5,533065.224094916
"1293","DE","35-59",2024-12-05,2024-12-08,1,"quantile",0.75,625650.663072838
"1294","DE","35-59",2024-12-05,2024-12-08,1,"quantile",0.9,722654.116687545
"1295","DE","35-59",2024-12-05,2024-12-08,1,"quantile",0.975,848958.642947428
"1296","DE","35-59",2024-12-05,2024-12-15,2,"quantile",0.025,313405.322056253
"1297","DE","35-59",2024-12-05,2024-12-15,2,"quantile",0.1,376869.21570248
"1298","DE","35-59",2024-12-05,2024-12-15,2,"quantile",0.25,444480.039460597
"1299","DE","35-59",2024-12-05,2024-12-15,2,"quantile",0.5,533916.695676011
"1300","DE","35-59",2024-12-05,2024-12-15,2,"quantile",0.75,641349.470422869
"1301","DE","35-59",2024-12-05,2024-12-15,2,"quantile",0.9,756408.393267749
"1302","DE","35-59",2024-12-05,2024-12-15,2,"quantile",0.975,909579.441890981
"1303","DE","35-59",2024-12-05,2024-12-22,3,"quantile",0.025,300449.555756884
"1304","DE","35-59",2024-12-05,2024-12-22,3,"quantile",0.1,368862.585785345
"1305","DE","35-59",2024-12-05,2024-12-22,3,"quantile",0.25,443187.469584074
"1306","DE","35-59",2024-12-05,2024-12-22,3,"quantile",0.5,543457.223384138
"1307","DE","35-59",2024-12-05,2024-12-22,3,"quantile",0.75,666412.689703467
"1308","DE","35-59",2024-12-05,2024-12-22,3,"quantile",0.9,800693.171468112
"1309","DE","35-59",2024-12-05,2024-12-22,3,"quantile",0.975,983012.781977228
"1310","DE","35-59",2024-12-05,2024-12-29,4,"quantile",0.025,289448.940255976
"1311","DE","35-59",2024-12-05,2024-12-29,4,"quantile",0.1,365653.494002539
"1312","DE","35-59",2024-12-05,2024-12-29,4,"quantile",0.25,450705.312359494
"1313","DE","35-59",2024-12-05,2024-12-29,4,"quantile",0.5,568595.695524422
"1314","DE","35-59",2024-12-05,2024-12-29,4,"quantile",0.75,717322.507863027
"1315","DE","35-59",2024-12-05,2024-12-29,4,"quantile",0.9,884173.323301147
"1316","DE","35-59",2024-12-05,2024-12-29,4,"quantile",0.975,1116953.70065265
"1317","DE","60+",2024-12-05,2024-12-08,1,"quantile",0.025,117218.313670925
"1318","DE","60+",2024-12-05,2024-12-08,1,"quantile",0.1,135291.015406543
"1319","DE","60+",2024-12-05,2024-12-08,1,"quantile",0.25,153812.970667567
"1320","DE","60+",2024-12-05,2024-12-08,1,"quantile",0.5,177380.703780758
"1321","DE","60+",2024-12-05,2024-12-08,1,"quantile",0.75,204559.563066754
"1322","DE","60+",2024-12-05,2024-12-08,1,"quantile",0.9,232564.697509362
"1323","DE","60+",2024-12-05,2024-12-08,1,"quantile",0.975,268421.487124338
"1324","DE","60+",2024-12-05,2024-12-15,2,"quantile",0.025,111381.942618975
"1325","DE","60+",2024-12-05,2024-12-15,2,"quantile",0.1,129282.264728595
"1326","DE","60+",2024-12-05,2024-12-15,2,"quantile",0.25,147725.642104092
"1327","DE","60+",2024-12-05,2024-12-15,2,"quantile",0.5,171319.108588234
"1328","DE","60+",2024-12-05,2024-12-15,2,"quantile",0.75,198680.72021502
"1329","DE","60+",2024-12-05,2024-12-15,2,"quantile",0.9,227024.464872136
"1330","DE","60+",2024-12-05,2024-12-15,2,"quantile",0.975,263509.831821403
"1331","DE","60+",2024-12-05,2024-12-22,3,"quantile",0.025,103209.06647887
"1332","DE","60+",2024-12-05,2024-12-22,3,"quantile",0.1,122446.389465374
"1333","DE","60+",2024-12-05,2024-12-22,3,"quantile",0.25,142681.389246666
"1334","DE","60+",2024-12-05,2024-12-22,3,"quantile",0.5,169108.822833446
"1335","DE","60+",2024-12-05,2024-12-22,3,"quantile",0.75,200431.143200283
"1336","DE","60+",2024-12-05,2024-12-22,3,"quantile",0.9,233553.590963176
"1337","DE","60+",2024-12-05,2024-12-22,3,"quantile",0.975,277086.063616016
"1338","DE","60+",2024-12-05,2024-12-29,4,"quantile",0.025,103604.062128058
"1339","DE","60+",2024-12-05,2024-12-29,4,"quantile",0.1,126089.805126571
"1340","DE","60+",2024-12-05,2024-12-29,4,"quantile",0.25,150318.204375342
"1341","DE","60+",2024-12-05,2024-12-29,4,"quantile",0.5,182734.914771028
"1342","DE","60+",2024-12-05,2024-12-29,4,"quantile",0.75,222142.415917872
"1343","DE","60+",2024-12-05,2024-12-29,4,"quantile",0.9,264827.509590134
"1344","DE","60+",2024-12-05,2024-12-29,4,"quantile",0.975,322304.438556678
"1345","DE","00+",2024-12-12,2024-12-15,1,"quantile",0.025,1008386.41262469
"1346","DE","00+",2024-12-12,2024-12-15,1,"quantile",0.1,1159603.00150603
"1347","DE","00+",2024-12-12,2024-12-15,1,"quantile",0.25,1314042.88168669
"1348","DE","00+",2024-12-12,2024-12-15,1,"quantile",0.5,1509875.05592174
"1349","DE","00+",2024-12-12,2024-12-15,1,"quantile",0.75,1734892.15326706
"1350","DE","00+",2024-12-12,2024-12-15,1,"quantile",0.9,1965951.00351922
"1351","DE","00+",2024-12-12,2024-12-15,1,"quantile",0.975,2260762.99318718
"1352","DE","00+",2024-12-12,2024-12-22,2,"quantile",0.025,908370.542136991
"1353","DE","00+",2024-12-12,2024-12-22,2,"quantile",0.1,1077380.2271882
"1354","DE","00+",2024-12-12,2024-12-22,2,"quantile",0.25,1255107.77788442
"1355","DE","00+",2024-12-12,2024-12-22,2,"quantile",0.5,1487162.71820769
"1356","DE","00+",2024-12-12,2024-12-22,2,"quantile",0.75,1762121.93836834
"1357","DE","00+",2024-12-12,2024-12-22,2,"quantile",0.9,2052806.330221
"1358","DE","00+",2024-12-12,2024-12-22,2,"quantile",0.975,2434747.54831199
"1359","DE","00+",2024-12-12,2024-12-29,3,"quantile",0.025,893259.084382205
"1360","DE","00+",2024-12-12,2024-12-29,3,"quantile",0.1,1081099.02776152
"1361","DE","00+",2024-12-12,2024-12-29,3,"quantile",0.25,1282436.69625851
"1362","DE","00+",2024-12-12,2024-12-29,3,"quantile",0.5,1550403.36529062
"1363","DE","00+",2024-12-12,2024-12-29,3,"quantile",0.75,1874361.98770464
"1364","DE","00+",2024-12-12,2024-12-29,3,"quantile",0.9,2223432.38998335
"1365","DE","00+",2024-12-12,2024-12-29,3,"quantile",0.975,2690989.25175438
"1366","DE","00+",2024-12-12,2025-01-05,4,"quantile",0.025,544662.180485079
"1367","DE","00+",2024-12-12,2025-01-05,4,"quantile",0.1,677197.74112993
"1368","DE","00+",2024-12-12,2025-01-05,4,"quantile",0.25,822916.285661457
"1369","DE","00+",2024-12-12,2025-01-05,4,"quantile",0.5,1021873.21536536
"1370","DE","00+",2024-12-12,2025-01-05,4,"quantile",0.75,1268932.07301371
"1371","DE","00+",2024-12-12,2025-01-05,4,"quantile",0.9,1541979.25489062
"1372","DE","00+",2024-12-12,2025-01-05,4,"quantile",0.975,1917197.31182941
"1373","DE","00-04",2024-12-12,2024-12-15,1,"quantile",0.025,130436.153651241
"1374","DE","00-04",2024-12-12,2024-12-15,1,"quantile",0.1,148560.796222383
"1375","DE","00-04",2024-12-12,2024-12-15,1,"quantile",0.25,166904.301013185
"1376","DE","00-04",2024-12-12,2024-12-15,1,"quantile",0.5,189953.384752402
"1377","DE","00-04",2024-12-12,2024-12-15,1,"quantile",0.75,216185.491685104
"1378","DE","00-04",2024-12-12,2024-12-15,1,"quantile",0.9,242878.937757454
"1379","DE","00-04",2024-12-12,2024-12-15,1,"quantile",0.975,276627.969844698
"1380","DE","00-04",2024-12-12,2024-12-22,2,"quantile",0.025,127418.48363512
"1381","DE","00-04",2024-12-12,2024-12-22,2,"quantile",0.1,147541.382416461
"1382","DE","00-04",2024-12-12,2024-12-22,2,"quantile",0.25,168227.776540399
"1383","DE","00-04",2024-12-12,2024-12-22,2,"quantile",0.5,194630.50372486
"1384","DE","00-04",2024-12-12,2024-12-22,2,"quantile",0.75,225177.041266404
"1385","DE","00-04",2024-12-12,2024-12-22,2,"quantile",0.9,256748.529529614
"1386","DE","00-04",2024-12-12,2024-12-22,2,"quantile",0.975,297296.215584156
"1387","DE","00-04",2024-12-12,2024-12-29,3,"quantile",0.025,122643.194668427
"1388","DE","00-04",2024-12-12,2024-12-29,3,"quantile",0.1,144143.422940604
"1389","DE","00-04",2024-12-12,2024-12-29,3,"quantile",0.25,166559.030124342
"1390","DE","00-04",2024-12-12,2024-12-29,3,"quantile",0.5,195575.268489826
"1391","DE","00-04",2024-12-12,2024-12-29,3,"quantile",0.75,229646.423951392
"1392","DE","00-04",2024-12-12,2024-12-29,3,"quantile",0.9,265358.521842712
"1393","DE","00-04",2024-12-12,2024-12-29,3,"quantile",0.975,311877.766624375
"1394","DE","00-04",2024-12-12,2025-01-05,4,"quantile",0.025,115753.532779063
"1395","DE","00-04",2024-12-12,2025-01-05,4,"quantile",0.1,138003.562950161
"1396","DE","00-04",2024-12-12,2025-01-05,4,"quantile",0.25,161516.076676146
"1397","DE","00-04",2024-12-12,2025-01-05,4,"quantile",0.5,192366.87981488
"1398","DE","00-04",2024-12-12,2025-01-05,4,"quantile",0.75,229110.421768793
"1399","DE","00-04",2024-12-12,2025-01-05,4,"quantile",0.9,268145.37000814
"1400","DE","00-04",2024-12-12,2025-01-05,4,"quantile",0.975,319688.009180191
"1401","DE","05-14",2024-12-12,2024-12-15,1,"quantile",0.025,86495.046334242
"1402","DE","05-14",2024-12-12,2024-12-15,1,"quantile",0.1,105619.652394549
"1403","DE","05-14",2024-12-12,2024-12-15,1,"quantile",0.25,126291.498037427
"1404","DE","05-14",2024-12-12,2024-12-15,1,"quantile",0.5,154037.333817735
"1405","DE","05-14",2024-12-12,2024-12-15,1,"quantile",0.75,187878.840447713
"1406","DE","05-14",2024-12-12,2024-12-15,1,"quantile",0.9,224650.428890268
"1407","DE","05-14",2024-12-12,2024-12-15,1,"quantile",0.975,274322.070630339
"1408","DE","05-14",2024-12-12,2024-12-22,2,"quantile",0.025,73579.2706463265
"1409","DE","05-14",2024-12-12,2024-12-22,2,"quantile",0.1,92221.5198503472
"1410","DE","05-14",2024-12-12,2024-12-22,2,"quantile",0.25,112874.035047431
"1411","DE","05-14",2024-12-12,2024-12-22,2,"quantile",0.5,141287.504525464
"1412","DE","05-14",2024-12-12,2024-12-22,2,"quantile",0.75,176853.418296287
"1413","DE","05-14",2024-12-12,2024-12-22,2,"quantile",0.9,216458.793646285
"1414","DE","05-14",2024-12-12,2024-12-22,2,"quantile",0.975,271301.397250663
"1415","DE","05-14",2024-12-12,2024-12-29,3,"quantile",0.025,74454.3362683925
"1416","DE","05-14",2024-12-12,2024-12-29,3,"quantile",0.1,93813.6139373658
"1417","DE","05-14",2024-12-12,2024-12-29,3,"quantile",0.25,115367.880699423
"1418","DE","05-14",2024-12-12,2024-12-29,3,"quantile",0.5,145171.177148562
"1419","DE","05-14",2024-12-12,2024-12-29,3,"quantile",0.75,182673.639724793
"1420","DE","05-14",2024-12-12,2024-12-29,3,"quantile",0.9,224644.055272934
"1421","DE","05-14",2024-12-12,2024-12-29,3,"quantile",0.975,283054.980152257
"1422","DE","05-14",2024-12-12,2025-01-05,4,"quantile",0.025,72623.6348685562
"1423","DE","05-14",2024-12-12,2025-01-05,4,"quantile",0.1,92038.5119882253
"1424","DE","05-14",2024-12-12,2025-01-05,4,"quantile",0.25,113773.151068475
"1425","DE","05-14",2024-12-12,2025-01-05,4,"quantile",0.5,143991.368956307
"1426","DE","05-14",2024-12-12,2025-01-05,4,"quantile",0.75,182235.56383204
"1427","DE","05-14",2024-12-12,2025-01-05,4,"quantile",0.9,225269.986291868
"1428","DE","05-14",2024-12-12,2025-01-05,4,"quantile",0.975,285492.654993621
"1429","DE","15-34",2024-12-12,2024-12-15,1,"quantile",0.025,223192.4354562
"1430","DE","15-34",2024-12-12,2024-12-15,1,"quantile",0.1,264139.239553567
"1431","DE","15-34",2024-12-12,2024-12-15,1,"quantile",0.25,307109.049773378
"1432","DE","15-34",2024-12-12,2024-12-15,1,"quantile",0.5,363097.353488226
"1433","DE","15-34",2024-12-12,2024-12-15,1,"quantile",0.75,429292.748642352
"1434","DE","15-34",2024-12-12,2024-12-15,1,"quantile",0.9,499129.505835566
"1435","DE","15-34",2024-12-12,2024-12-15,1,"quantile",0.975,590699.625821444
"1436","DE","15-34",2024-12-12,2024-12-22,2,"quantile",0.025,198068.548753341
"1437","DE","15-34",2024-12-12,2024-12-22,2,"quantile",0.1,239098.05564925
"1438","DE","15-34",2024-12-12,2024-12-22,2,"quantile",0.25,282968.164415002
"1439","DE","15-34",2024-12-12,2024-12-22,2,"quantile",0.5,341212.829794533
"1440","DE","15-34",2024-12-12,2024-12-22,2,"quantile",0.75,411446.268017776
"1441","DE","15-34",2024-12-12,2024-12-22,2,"quantile",0.9,486939.113328413
"1442","DE","15-34",2024-12-12,2024-12-22,2,"quantile",0.975,587807.584541759
"1443","DE","15-34",2024-12-12,2024-12-29,3,"quantile",0.025,189212.179926875
"1444","DE","15-34",2024-12-12,2024-12-29,3,"quantile",0.1,231053.574033053
"1445","DE","15-34",2024-12-12,2024-12-29,3,"quantile",0.25,276281.059231188
"1446","DE","15-34",2024-12-12,2024-12-29,3,"quantile",0.5,336986.913155718
"1447","DE","15-34",2024-12-12,2024-12-29,3,"quantile",0.75,411031.360435004
"1448","DE","15-34",2024-12-12,2024-12-29,3,"quantile",0.9,491488.522146703
"1449","DE","15-34",2024-12-12,2024-12-29,3,"quantile",0.975,600173.729207638
"1450","DE","15-34",2024-12-12,2025-01-05,4,"quantile",0.025,178520.869229883
"1451","DE","15-34",2024-12-12,2025-01-05,4,"quantile",0.1,221960.296389989
"1452","DE","15-34",2024-12-12,2025-01-05,4,"quantile",0.25,269720.330546007
"1453","DE","15-34",2024-12-12,2025-01-05,4,"quantile",0.5,334929.249441032
"1454","DE","15-34",2024-12-12,2025-01-05,4,"quantile",0.75,415903.398546364
"1455","DE","15-34",2024-12-12,2025-01-05,4,"quantile",0.9,505394.901500918
"1456","DE","15-34",2024-12-12,2025-01-05,4,"quantile",0.975,628372.484489089
"1457","DE","35-59",2024-12-12,2024-12-15,1,"quantile",0.025,288386.239524674
"1458","DE","35-59",2024-12-12,2024-12-15,1,"quantile",0.1,338790.003264364
"1459","DE","35-59",2024-12-12,2024-12-15,1,"quantile",0.25,391317.399631808
"1460","DE","35-59",2024-12-12,2024-12-15,1,"quantile",0.5,459283.366247103
"1461","DE","35-59",2024-12-12,2024-12-15,1,"quantile",0.75,539054.002479178
"1462","DE","35-59",2024-12-12,2024-12-15,1,"quantile",0.9,622631.15345428
"1463","DE","35-59",2024-12-12,2024-12-15,1,"quantile",0.975,731453.799109656
"1464","DE","35-59",2024-12-12,2024-12-22,2,"quantile",0.025,263014.993100723
"1465","DE","35-59",2024-12-12,2024-12-22,2,"quantile",0.1,316274.955120486
"1466","DE","35-59",2024-12-12,2024-12-22,2,"quantile",0.25,373015.090315394
"1467","DE","35-59",2024-12-12,2024-12-22,2,"quantile",0.5,448071.829502569
"1468","DE","35-59",2024-12-12,2024-12-22,2,"quantile",0.75,538231.212640819
"1469","DE","35-59",2024-12-12,2024-12-22,2,"quantile",0.9,634790.586935016
"1470","DE","35-59",2024-12-12,2024-12-22,2,"quantile",0.975,763334.295231198
"1471","DE","35-59",2024-12-12,2024-12-29,3,"quantile",0.025,240052.619004514
"1472","DE","35-59",2024-12-12,2024-12-29,3,"quantile",0.1,294713.132617174
"1473","DE","35-59",2024-12-12,2024-12-29,3,"quantile",0.25,354097.087997451
"1474","DE","35-59",2024-12-12,2024-12-29,3,"quantile",0.5,434210.426644289
"1475","DE","35-59",2024-12-12,2024-12-29,3,"quantile",0.75,532449.153063841
"1476","DE","35-59",2024-12-12,2024-12-29,3,"quantile",0.9,639736.318949598
"1477","DE","35-59",2024-12-12,2024-12-29,3,"quantile",0.975,785405.697252859
"1478","DE","35-59",2024-12-12,2025-01-05,4,"quantile",0.025,223825.218170826
"1479","DE","35-59",2024-12-12,2025-01-05,4,"quantile",0.1,282752.712784733
"1480","DE","35-59",2024-12-12,2025-01-05,4,"quantile",0.25,348521.624506211
"1481","DE","35-59",2024-12-12,2025-01-05,4,"quantile",0.5,439683.957692842
"1482","DE","35-59",2024-12-12,2025-01-05,4,"quantile",0.75,554691.499921536
"1483","DE","35-59",2024-12-12,2025-01-05,4,"quantile",0.9,683713.980136494
"1484","DE","35-59",2024-12-12,2025-01-05,4,"quantile",0.975,863718.504252256
"1485","DE","60+",2024-12-12,2024-12-15,1,"quantile",0.025,107597.483652166
"1486","DE","60+",2024-12-12,2024-12-15,1,"quantile",0.1,124186.847281878
"1487","DE","60+",2024-12-12,2024-12-15,1,"quantile",0.25,141188.59142912
"1488","DE","60+",2024-12-12,2024-12-15,1,"quantile",0.5,162821.975317273
"1489","DE","60+",2024-12-12,2024-12-15,1,"quantile",0.75,187770.097979397
"1490","DE","60+",2024-12-12,2024-12-15,1,"quantile",0.9,213476.67829947
"1491","DE","60+",2024-12-12,2024-12-15,1,"quantile",0.975,246390.480022021
"1492","DE","60+",2024-12-12,2024-12-22,2,"quantile",0.025,101407.119586457
"1493","DE","60+",2024-12-12,2024-12-22,2,"quantile",0.1,117704.376234387
"1494","DE","60+",2024-12-12,2024-12-22,2,"quantile",0.25,134496.054769688
"1495","DE","60+",2024-12-12,2024-12-22,2,"quantile",0.5,155976.605574957
"1496","DE","60+",2024-12-12,2024-12-22,2,"quantile",0.75,180887.844839364
"1497","DE","60+",2024-12-12,2024-12-22,2,"quantile",0.9,206693.262094518
"1498","DE","60+",2024-12-12,2024-12-22,2,"quantile",0.975,239911.177695406
"1499","DE","60+",2024-12-12,2024-12-29,3,"quantile",0.025,96798.9189173126
"1500","DE","60+",2024-12-12,2024-12-29,3,"quantile",0.1,114841.443004458
"1501","DE","60+",2024-12-12,2024-12-29,3,"quantile",0.25,133819.679800371
"1502","DE","60+",2024-12-12,2024-12-29,3,"quantile",0.5,158605.748391381
"1503","DE","60+",2024-12-12,2024-12-29,3,"quantile",0.75,187982.69029127
"1504","DE","60+",2024-12-12,2024-12-29,3,"quantile",0.9,219047.956597109
"1505","DE","60+",2024-12-12,2024-12-29,3,"quantile",0.975,259876.698047407
"1506","DE","60+",2024-12-12,2025-01-05,4,"quantile",0.025,83998.7119279924
"1507","DE","60+",2024-12-12,2025-01-05,4,"quantile",0.1,102229.401051787
"1508","DE","60+",2024-12-12,2025-01-05,4,"quantile",0.25,121872.977637215
"1509","DE","60+",2024-12-12,2025-01-05,4,"quantile",0.5,148155.363310614
"1510","DE","60+",2024-12-12,2025-01-05,4,"quantile",0.75,180105.648546962
"1511","DE","60+",2024-12-12,2025-01-05,4,"quantile",0.9,214713.296291158
"1512","DE","60+",2024-12-12,2025-01-05,4,"quantile",0.975,261313.669863372
"1513","DE","00+",2024-12-19,2024-12-22,1,"quantile",0.025,1089700.83651983
"1514","DE","00+",2024-12-19,2024-12-22,1,"quantile",0.1,1253111.25274189
"1515","DE","00+",2024-12-19,2024-12-22,1,"quantile",0.25,1420004.88053963
"1516","DE","00+",2024-12-19,2024-12-22,1,"quantile",0.5,1631628.60078194
"1517","DE","00+",2024-12-19,2024-12-22,1,"quantile",0.75,1874790.66260528
"1518","DE","00+",2024-12-19,2024-12-22,1,"quantile",0.9,2124481.67316712
"1519","DE","00+",2024-12-19,2024-12-22,1,"quantile",0.975,2443066.75893902
"1520","DE","00+",2024-12-19,2024-12-29,2,"quantile",0.025,1028952.13022648
"1521","DE","00+",2024-12-19,2024-12-29,2,"quantile",0.1,1220396.99484443
"1522","DE","00+",2024-12-19,2024-12-29,2,"quantile",0.25,1421716.97761114
"1523","DE","00+",2024-12-19,2024-12-29,2,"quantile",0.5,1684576.03578081
"1524","DE","00+",2024-12-19,2024-12-29,2,"quantile",0.75,1996034.69960332
"1525","DE","00+",2024-12-19,2024-12-29,2,"quantile",0.9,2325305.9720036
"1526","DE","00+",2024-12-19,2024-12-29,2,"quantile",0.975,2757947.95206107
"1527","DE","00+",2024-12-19,2025-01-05,3,"quantile",0.025,905200.143056192
"1528","DE","00+",2024-12-19,2025-01-05,3,"quantile",0.1,1095551.12474951
"1529","DE","00+",2024-12-19,2025-01-05,3,"quantile",0.25,1299580.26871519
"1530","DE","00+",2024-12-19,2025-01-05,3,"quantile",0.5,1571129.10754947
"1531","DE","00+",2024-12-19,2025-01-05,3,"quantile",0.75,1899418.39839533
"1532","DE","00+",2024-12-19,2025-01-05,3,"quantile",0.9,2253155.16257042
"1533","DE","00+",2024-12-19,2025-01-05,3,"quantile",0.975,2726962.30941266
"1534","DE","00+",2024-12-19,2025-01-12,4,"quantile",0.025,632852.533377432
"1535","DE","00+",2024-12-19,2025-01-12,4,"quantile",0.1,786847.924138716
"1536","DE","00+",2024-12-19,2025-01-12,4,"quantile",0.25,956160.854925868
"1537","DE","00+",2024-12-19,2025-01-12,4,"quantile",0.5,1187332.39851271
"1538","DE","00+",2024-12-19,2025-01-12,4,"quantile",0.75,1474394.41522341
"1539","DE","00+",2024-12-19,2025-01-12,4,"quantile",0.9,1791652.72133248
"1540","DE","00+",2024-12-19,2025-01-12,4,"quantile",0.975,2227625.15784568
"1541","DE","00-04",2024-12-19,2024-12-22,1,"quantile",0.025,143064.085544648
"1542","DE","00-04",2024-12-19,2024-12-22,1,"quantile",0.1,162943.431436717
"1543","DE","00-04",2024-12-19,2024-12-22,1,"quantile",0.25,183062.828284286
"1544","DE","00-04",2024-12-19,2024-12-22,1,"quantile",0.5,208343.365892056
"1545","DE","00-04",2024-12-19,2024-12-22,1,"quantile",0.75,237115.08512161
"1546","DE","00-04",2024-12-19,2024-12-22,1,"quantile",0.9,266392.807175473
"1547","DE","00-04",2024-12-19,2024-12-22,1,"quantile",0.975,303409.188588318
"1548","DE","00-04",2024-12-19,2024-12-29,2,"quantile",0.025,126898.544115972
"1549","DE","00-04",2024-12-19,2024-12-29,2,"quantile",0.1,146939.330082769
"1550","DE","00-04",2024-12-19,2024-12-29,2,"quantile",0.25,167541.312012284
"1551","DE","00-04",2024-12-19,2024-12-29,2,"quantile",0.5,193836.301128571
"1552","DE","00-04",2024-12-19,2024-12-29,2,"quantile",0.75,224258.191510708
"1553","DE","00-04",2024-12-19,2024-12-29,2,"quantile",0.9,255700.85023555
"1554","DE","00-04",2024-12-19,2024-12-29,2,"quantile",0.975,296083.078785118
"1555","DE","00-04",2024-12-19,2025-01-05,3,"quantile",0.025,120045.725563891
"1556","DE","00-04",2024-12-19,2025-01-05,3,"quantile",0.1,141090.598943948
"1557","DE","00-04",2024-12-19,2025-01-05,3,"quantile",0.25,163031.464359286
"1558","DE","00-04",2024-12-19,2025-01-05,3,"quantile",0.5,191433.165710401
"1559","DE","00-04",2024-12-19,2025-01-05,3,"quantile",0.75,224782.725702227
"1560","DE","00-04",2024-12-19,2025-01-05,3,"quantile",0.9,259738.474485211
"1561","DE","00-04",2024-12-19,2025-01-05,3,"quantile",0.975,305272.484811645
"1562","DE","00-04",2024-12-19,2025-01-12,4,"quantile",0.025,113598.682769019
"1563","DE","00-04",2024-12-19,2025-01-12,4,"quantile",0.1,135434.509791526
"1564","DE","00-04",2024-12-19,2025-01-12,4,"quantile",0.25,158509.318168722
"1565","DE","00-04",2024-12-19,2025-01-12,4,"quantile",0.5,188785.807488626
"1566","DE","00-04",2024-12-19,2025-01-12,4,"quantile",0.75,224845.33730185
"1567","DE","00-04",2024-12-19,2025-01-12,4,"quantile",0.9,263153.616932592
"1568","DE","00-04",2024-12-19,2025-01-12,4,"quantile",0.975,313736.74624027
"1569","DE","05-14",2024-12-19,2024-12-22,1,"quantile",0.025,105429.649612386
"1570","DE","05-14",2024-12-19,2024-12-22,1,"quantile",0.1,128740.817145859
"1571","DE","05-14",2024-12-19,2024-12-22,1,"quantile",0.25,153937.92999031
"1572","DE","05-14",2024-12-19,2024-12-22,1,"quantile",0.5,187757.597919231
"1573","DE","05-14",2024-12-19,2024-12-22,1,"quantile",0.75,229007.338078527
"1574","DE","05-14",2024-12-19,2024-12-22,1,"quantile",0.9,273828.583334681
"1575","DE","05-14",2024-12-19,2024-12-22,1,"quantile",0.975,334373.82848191
"1576","DE","05-14",2024-12-19,2024-12-29,2,"quantile",0.025,79377.9246918992
"1577","DE","05-14",2024-12-19,2024-12-29,2,"quantile",0.1,99489.3370558141
"1578","DE","05-14",2024-12-19,2024-12-29,2,"quantile",0.25,121769.440971118
"1579","DE","05-14",2024-12-19,2024-12-29,2,"quantile",0.5,152422.126444231
"1580","DE","05-14",2024-12-19,2024-12-29,2,"quantile",0.75,190790.927875669
"1581","DE","05-14",2024-12-19,2024-12-29,2,"quantile",0.9,233517.533811162
"1582","DE","05-14",2024-12-19,2024-12-29,2,"quantile",0.975,292682.187396014
"1583","DE","05-14",2024-12-19,2025-01-05,3,"quantile",0.025,68946.0058645374
"1584","DE","05-14",2024-12-19,2025-01-05,3,"quantile",0.1,86873.0325307447
"1585","DE","05-14",2024-12-19,2025-01-05,3,"quantile",0.25,106832.657141803
"1586","DE","05-14",2024-12-19,2025-01-05,3,"quantile",0.5,134431.026219431
"1587","DE","05-14",2024-12-19,2025-01-05,3,"quantile",0.75,169158.956576565
"1588","DE","05-14",2024-12-19,2025-01-05,3,"quantile",0.9,208024.288826497
"1589","DE","05-14",2024-12-19,2025-01-05,3,"quantile",0.975,262113.81767228
"1590","DE","05-14",2024-12-19,2025-01-12,4,"quantile",0.025,70459.9276957067
"1591","DE","05-14",2024-12-19,2025-01-12,4,"quantile",0.1,89296.3690353456
"1592","DE","05-14",2024-12-19,2025-01-12,4,"quantile",0.25,110383.458670262
"1593","DE","05-14",2024-12-19,2025-01-12,4,"quantile",0.5,139701.372202453
"1594","DE","05-14",2024-12-19,2025-01-12,4,"quantile",0.75,176806.141339964
"1595","DE","05-14",2024-12-19,2025-01-12,4,"quantile",0.9,218558.420751949
"1596","DE","05-14",2024-12-19,2025-01-12,4,"quantile",0.975,276986.849596747
"1597","DE","15-34",2024-12-19,2024-12-22,1,"quantile",0.025,232710.102795349
"1598","DE","15-34",2024-12-19,2024-12-22,1,"quantile",0.1,275403.014726539
"1599","DE","15-34",2024-12-19,2024-12-22,1,"quantile",0.25,320205.200485702
"1600","DE","15-34",2024-12-19,2024-12-22,1,"quantile",0.5,378581.031575984
"1601","DE","15-34",2024-12-19,2024-12-22,1,"quantile",0.75,447599.218412868
"1602","DE","15-34",2024-12-19,2024-12-22,1,"quantile",0.9,520414.04707007
"1603","DE","15-34",2024-12-19,2024-12-22,1,"quantile",0.975,615889.021351077
"1604","DE","15-34",2024-12-19,2024-12-29,2,"quantile",0.025,204137.434718541
"1605","DE","15-34",2024-12-19,2024-12-29,2,"quantile",0.1,246424.099301154
"1606","DE","15-34",2024-12-19,2024-12-29,2,"quantile",0.25,291638.402736156
"1607","DE","15-34",2024-12-19,2024-12-29,2,"quantile",0.5,351667.703962693
"1608","DE","15-34",2024-12-19,2024-12-29,2,"quantile",0.75,424053.118005436
"1609","DE","15-34",2024-12-19,2024-12-29,2,"quantile",0.9,501859.089111472
"1610","DE","15-34",2024-12-19,2024-12-29,2,"quantile",0.975,605818.203706268
"1611","DE","15-34",2024-12-19,2025-01-05,3,"quantile",0.025,188906.626237423
"1612","DE","15-34",2024-12-19,2025-01-05,3,"quantile",0.1,230680.451795182
"1613","DE","15-34",2024-12-19,2025-01-05,3,"quantile",0.25,275834.900336944
"1614","DE","15-34",2024-12-19,2025-01-05,3,"quantile",0.5,336442.722001366
"1615","DE","15-34",2024-12-19,2025-01-05,3,"quantile",0.75,410367.596882838
"1616","DE","15-34",2024-12-19,2025-01-05,3,"quantile",0.9,490694.830475674
"1617","DE","15-34",2024-12-19,2025-01-05,3,"quantile",0.975,599204.524702187
"1618","DE","15-34",2024-12-19,2025-01-12,4,"quantile",0.025,182343.760481659
"1619","DE","15-34",2024-12-19,2025-01-12,4,"quantile",0.1,226713.410571941
"1620","DE","15-34",2024-12-19,2025-01-12,4,"quantile",0.25,275496.190234112
"1621","DE","15-34",2024-12-19,2025-01-12,4,"quantile",0.5,342101.509486457
"1622","DE","15-34",2024-12-19,2025-01-12,4,"quantile",0.75,424809.659594418
"1623","DE","15-34",2024-12-19,2025-01-12,4,"quantile",0.9,516217.556330993
"1624","DE","15-34",2024-12-19,2025-01-12,4,"quantile",0.975,641828.612527076
"1625","DE","35-59",2024-12-19,2024-12-22,1,"quantile",0.025,299910.265468718
"1626","DE","35-59",2024-12-19,2024-12-22,1,"quantile",0.1,352328.183149911
"1627","DE","35-59",2024-12-19,2024-12-22,1,"quantile",0.25,406954.594642033
"1628","DE","35-59",2024-12-19,2024-12-22,1,"quantile",0.5,477636.507634928
"1629","DE","35-59",2024-12-19,2024-12-22,1,"quantile",0.75,560594.809419377
"1630","DE","35-59",2024-12-19,2024-12-22,1,"quantile",0.9,647511.735751839
"1631","DE","35-59",2024-12-19,2024-12-22,1,"quantile",0.975,760682.976520141
"1632","DE","35-59",2024-12-19,2024-12-29,2,"quantile",0.025,266558.452478549
"1633","DE","35-59",2024-12-19,2024-12-29,2,"quantile",0.1,320535.957288009
"1634","DE","35-59",2024-12-19,2024-12-29,2,"quantile",0.25,378040.521771853
"1635","DE","35-59",2024-12-19,2024-12-29,2,"quantile",0.5,454108.459990712
"1636","DE","35-59",2024-12-19,2024-12-29,2,"quantile",0.75,545482.511950362
"1637","DE","35-59",2024-12-19,2024-12-29,2,"quantile",0.9,643342.778700635
"1638","DE","35-59",2024-12-19,2024-12-29,2,"quantile",0.975,773618.287162477
"1639","DE","35-59",2024-12-19,2025-01-05,3,"quantile",0.025,244251.460160212
"1640","DE","35-59",2024-12-19,2025-01-05,3,"quantile",0.1,299868.059214056
"1641","DE","35-59",2024-12-19,2025-01-05,3,"quantile",0.25,360290.719345287
"1642","DE","35-59",2024-12-19,2025-01-05,3,"quantile",0.5,441805.34736287
"1643","DE","35-59",2024-12-19,2025-01-05,3,"quantile",0.75,541762.400411327
"1644","DE","35-59",2024-12-19,2025-01-05,3,"quantile",0.9,650926.162226208
"1645","DE","35-59",2024-12-19,2025-01-05,3,"quantile",0.975,799143.492654635
"1646","DE","35-59",2024-12-19,2025-01-12,4,"quantile",0.025,227935.856831835
"1647","DE","35-59",2024-12-19,2025-01-12,4,"quantile",0.1,287945.578191843
"1648","DE","35-59",2024-12-19,2025-01-12,4,"quantile",0.25,354922.361990581
"1649","DE","35-59",2024-12-19,2025-01-12,4,"quantile",0.5,447758.927483505
"1650","DE","35-59",2024-12-19,2025-01-12,4,"quantile",0.75,564878.628714014
"1651","DE","35-59",2024-12-19,2025-01-12,4,"quantile",0.9,696270.657810217
"1652","DE","35-59",2024-12-19,2025-01-12,4,"quantile",0.975,879581.036208324
"1653","DE","60+",2024-12-19,2024-12-22,1,"quantile",0.025,111055.568493839
"1654","DE","60+",2024-12-19,2024-12-22,1,"quantile",0.1,128178.099117365
"1655","DE","60+",2024-12-19,2024-12-22,1,"quantile",0.25,145726.263791575
"1656","DE","60+",2024-12-19,2024-12-22,1,"quantile",0.5,168054.924877284
"1657","DE","60+",2024-12-19,2024-12-22,1,"quantile",0.75,193804.857413372
"1658","DE","60+",2024-12-19,2024-12-22,1,"quantile",0.9,220337.623743738
"1659","DE","60+",2024-12-19,2024-12-22,1,"quantile",0.975,254309.244989156
"1660","DE","60+",2024-12-19,2024-12-29,2,"quantile",0.025,103132.235420972
"1661","DE","60+",2024-12-19,2024-12-29,2,"quantile",0.1,119706.737449868
"1662","DE","60+",2024-12-19,2024-12-29,2,"quantile",0.25,136784.072363611
"1663","DE","60+",2024-12-19,2024-12-29,2,"quantile",0.5,158630.045621263
"1664","DE","60+",2024-12-19,2024-12-29,2,"quantile",0.75,183965.069463001
"1665","DE","60+",2024-12-19,2024-12-29,2,"quantile",0.9,210209.482856736
"1666","DE","60+",2024-12-19,2024-12-29,2,"quantile",0.975,243992.49440381
"1667","DE","60+",2024-12-19,2025-01-05,3,"quantile",0.025,97021.9815861013
"1668","DE","60+",2024-12-19,2025-01-05,3,"quantile",0.1,115106.082724102
"1669","DE","60+",2024-12-19,2025-01-05,3,"quantile",0.25,134128.05281989
"1670","DE","60+",2024-12-19,2025-01-05,3,"quantile",0.5,158971.238232767
"1671","DE","60+",2024-12-19,2025-01-05,3,"quantile",0.75,188415.876126932
"1672","DE","60+",2024-12-19,2025-01-05,3,"quantile",0.9,219552.728988555
"1673","DE","60+",2024-12-19,2025-01-05,3,"quantile",0.975,260475.555870107
"1674","DE","60+",2024-12-19,2025-01-12,4,"quantile",0.025,90100.2403476108
"1675","DE","60+",2024-12-19,2025-01-12,4,"quantile",0.1,109655.176775262
"1676","DE","60+",2024-12-19,2025-01-12,4,"quantile",0.25,130725.630488302
"1677","DE","60+",2024-12-19,2025-01-12,4,"quantile",0.5,158917.125473509
"1678","DE","60+",2024-12-19,2025-01-12,4,"quantile",0.75,193188.226933225
"1679","DE","60+",2024-12-19,2025-01-12,4,"quantile",0.9,230309.717347156
"1680","DE","60+",2024-12-19,2025-01-12,4,"quantile",0.975,280295.065488498
"1681","DE","00+",2024-12-26,2024-12-29,1,"quantile",0.025,1064555.29548857
"1682","DE","00+",2024-12-26,2024-12-29,1,"quantile",0.1,1224194.91225051
"1683","DE","00+",2024-12-26,2024-12-29,1,"quantile",0.25,1387237.36326193
"1684","DE","00+",2024-12-26,2024-12-29,1,"quantile",0.5,1593977.73133803
"1685","DE","00+",2024-12-26,2024-12-29,1,"quantile",0.75,1831528.67367068
"1686","DE","00+",2024-12-26,2024-12-29,1,"quantile",0.9,2075457.9050902
"1687","DE","00+",2024-12-26,2024-12-29,1,"quantile",0.975,2386691.43704316
"1688","DE","00+",2024-12-26,2025-01-05,2,"quantile",0.025,982326.420306845
"1689","DE","00+",2024-12-26,2025-01-05,2,"quantile",0.1,1165096.19454783
"1690","DE","00+",2024-12-26,2025-01-05,2,"quantile",0.25,1357293.6080115
"1691","DE","00+",2024-12-26,2025-01-05,2,"quantile",0.5,1608241.52878621
"1692","DE","00+",2024-12-26,2025-01-05,2,"quantile",0.75,1905586.82340062
"1693","DE","00+",2024-12-26,2025-01-05,2,"quantile",0.9,2219937.56997583
"1694","DE","00+",2024-12-26,2025-01-05,2,"quantile",0.975,2632974.90675726
"1695","DE","00+",2024-12-26,2025-01-12,3,"quantile",0.025,861644.724712074
"1696","DE","00+",2024-12-26,2025-01-12,3,"quantile",0.1,1042836.60860424
"1697","DE","00+",2024-12-26,2025-01-12,3,"quantile",0.25,1237048.50409953
"1698","DE","00+",2024-12-26,2025-01-12,3,"quantile",0.5,1495531.25653621
"1699","DE","00+",2024-12-26,2025-01-12,3,"quantile",0.75,1808024.28673147
"1700","DE","00+",2024-12-26,2025-01-12,3,"quantile",0.9,2144740.33690698
"1701","DE","00+",2024-12-26,2025-01-12,3,"quantile",0.975,2595749.35600536
"1702","DE","00+",2024-12-26,2025-01-19,4,"quantile",0.025,548437.377783591
"1703","DE","00+",2024-12-26,2025-01-19,4,"quantile",0.1,681891.577372784
"1704","DE","00+",2024-12-26,2025-01-19,4,"quantile",0.25,828620.135588699
"1705","DE","00+",2024-12-26,2025-01-19,4,"quantile",0.5,1028956.08827317
"1706","DE","00+",2024-12-26,2025-01-19,4,"quantile",0.75,1277727.37605783
"1707","DE","00+",2024-12-26,2025-01-19,4,"quantile",0.9,1552667.12000407
"1708","DE","00+",2024-12-26,2025-01-19,4,"quantile",0.975,1930485.91230813
"1709","DE","00-04",2024-12-26,2024-12-29,1,"quantile",0.025,139958.51398409
"1710","DE","00-04",2024-12-26,2024-12-29,1,"quantile",0.1,159406.32787419
"1711","DE","00-04",2024-12-26,2024-12-29,1,"quantile",0.25,179088.981800379
"1712","DE","00-04",2024-12-26,2024-12-29,1,"quantile",0.5,203820.740737867
"1713","DE","00-04",2024-12-26,2024-12-29,1,"quantile",0.75,231967.896278725
"1714","DE","00-04",2024-12-26,2024-12-29,1,"quantile",0.9,260610.070559559
"1715","DE","00-04",2024-12-26,2024-12-29,1,"quantile",0.975,296822.916822733
"1716","DE","00-04",2024-12-26,2025-01-05,2,"quantile",0.025,121940.691177898
"1717","DE","00-04",2024-12-26,2025-01-05,2,"quantile",0.1,141198.495194201
"1718","DE","00-04",2024-12-26,2025-01-05,2,"quantile",0.25,160995.569570591
"1719","DE","00-04",2024-12-26,2025-01-05,2,"quantile",0.5,186263.228626042
"1720","DE","00-04",2024-12-26,2025-01-05,2,"quantile",0.75,215496.553294809
"1721","DE","00-04",2024-12-26,2025-01-05,2,"quantile",0.9,245710.765475792
"1722","DE","00-04",2024-12-26,2025-01-05,2,"quantile",0.975,284515.283643771
"1723","DE","00-04",2024-12-26,2025-01-12,3,"quantile",0.025,115576.153660066
"1724","DE","00-04",2024-12-26,2025-01-12,3,"quantile",0.1,135837.479151706
"1725","DE","00-04",2024-12-26,2025-01-12,3,"quantile",0.25,156961.436883365
"1726","DE","00-04",2024-12-26,2025-01-12,3,"quantile",0.5,184305.679122267
"1727","DE","00-04",2024-12-26,2025-01-12,3,"quantile",0.75,216413.560115159
"1728","DE","00-04",2024-12-26,2025-01-12,3,"quantile",0.9,250067.827884107
"1729","DE","00-04",2024-12-26,2025-01-12,3,"quantile",0.975,293906.504767659
"1730","DE","00-04",2024-12-26,2025-01-19,4,"quantile",0.025,106118.790175485
"1731","DE","00-04",2024-12-26,2025-01-19,4,"quantile",0.1,126516.839603762
"1732","DE","00-04",2024-12-26,2025-01-19,4,"quantile",0.25,148072.289797653
"1733","DE","00-04",2024-12-26,2025-01-19,4,"quantile",0.5,176355.227056019
"1734","DE","00-04",2024-12-26,2025-01-19,4,"quantile",0.75,210040.421151596
"1735","DE","00-04",2024-12-26,2025-01-19,4,"quantile",0.9,245826.296383832
"1736","DE","00-04",2024-12-26,2025-01-19,4,"quantile",0.975,293078.785185444
"1737","DE","05-14",2024-12-26,2024-12-29,1,"quantile",0.025,102862.751606207
"1738","DE","05-14",2024-12-26,2024-12-29,1,"quantile",0.1,125606.361629214
"1739","DE","05-14",2024-12-26,2024-12-29,1,"quantile",0.25,150189.999811086
"1740","DE","05-14",2024-12-26,2024-12-29,1,"quantile",0.5,183186.259538466
"1741","DE","05-14",2024-12-26,2024-12-29,1,"quantile",0.75,223431.691363631
"1742","DE","05-14",2024-12-26,2024-12-29,1,"quantile",0.9,267161.672772229
"1743","DE","05-14",2024-12-26,2024-12-29,1,"quantile",0.975,326232.821499491
"1744","DE","05-14",2024-12-26,2025-01-05,2,"quantile",0.025,72727.5713726315
"1745","DE","05-14",2024-12-26,2025-01-05,2,"quantile",0.1,91154.0316735054
"1746","DE","05-14",2024-12-26,2025-01-05,2,"quantile",0.25,111567.488613572
"1747","DE","05-14",2024-12-26,2025-01-05,2,"quantile",0.5,139652.064761934
"1748","DE","05-14",2024-12-26,2025-01-05,2,"quantile",0.75,174806.293792465
"1749","DE","05-14",2024-12-26,2025-01-05,2,"quantile",0.9,213953.226579446
"1750","DE","05-14",2024-12-26,2025-01-05,2,"quantile",0.975,268161.012724408
"1751","DE","05-14",2024-12-26,2025-01-12,3,"quantile",0.025,64944.694522586
"1752","DE","05-14",2024-12-26,2025-01-12,3,"quantile",0.1,81831.3184239415
"1753","DE","05-14",2024-12-26,2025-01-12,3,"quantile",0.25,100632.577567183
"1754","DE","05-14",2024-12-26,2025-01-12,3,"quantile",0.5,126629.263330094
"1755","DE","05-14",2024-12-26,2025-01-12,3,"quantile",0.75,159341.743192626
"1756","DE","05-14",2024-12-26,2025-01-12,3,"quantile",0.9,195951.509035333
"1757","DE","05-14",2024-12-26,2025-01-12,3,"quantile",0.975,246901.928623987
"1758","DE","05-14",2024-12-26,2025-01-19,4,"quantile",0.025,64897.4514259539
"1759","DE","05-14",2024-12-26,2025-01-19,4,"quantile",0.1,82246.8452850613
"1760","DE","05-14",2024-12-26,2025-01-19,4,"quantile",0.25,101669.209457883
"1761","DE","05-14",2024-12-26,2025-01-19,4,"quantile",0.5,128672.61311709
"1762","DE","05-14",2024-12-26,2025-01-19,4,"quantile",0.75,162848.137156403
"1763","DE","05-14",2024-12-26,2025-01-19,4,"quantile",0.9,201304.272631933
"1764","DE","05-14",2024-12-26,2025-01-19,4,"quantile",0.975,255120.054834065
"1765","DE","15-34",2024-12-26,2024-12-29,1,"quantile",0.025,221274.930292005
"1766","DE","15-34",2024-12-26,2024-12-29,1,"quantile",0.1,261869.949580207
"1767","DE","15-34",2024-12-26,2024-12-29,1,"quantile",0.25,304470.594810924
"1768","DE","15-34",2024-12-26,2024-12-29,1,"quantile",0.5,359977.888220526
"1769","DE","15-34",2024-12-26,2024-12-29,1,"quantile",0.75,425604.581250878
"1770","DE","15-34",2024-12-26,2024-12-29,1,"quantile",0.9,494841.352417259
"1771","DE","15-34",2024-12-26,2024-12-29,1,"quantile",0.975,585624.76931618
"1772","DE","15-34",2024-12-26,2025-01-05,2,"quantile",0.025,189998.762296224
"1773","DE","15-34",2024-12-26,2025-01-05,2,"quantile",0.1,229356.628938418
"1774","DE","15-34",2024-12-26,2025-01-05,2,"quantile",0.25,271439.364535546
"1775","DE","15-34",2024-12-26,2025-01-05,2,"quantile",0.5,327311.002926
"1776","DE","15-34",2024-12-26,2025-01-05,2,"quantile",0.75,394682.962877311
"1777","DE","15-34",2024-12-26,2025-01-05,2,"quantile",0.9,467100.049090749
"1778","DE","15-34",2024-12-26,2025-01-05,2,"quantile",0.975,563858.897509003
"1779","DE","15-34",2024-12-26,2025-01-12,3,"quantile",0.025,176530.336207012
"1780","DE","15-34",2024-12-26,2025-01-12,3,"quantile",0.1,215567.333570439
"1781","DE","15-34",2024-12-26,2025-01-12,3,"quantile",0.25,257763.471107198
"1782","DE","15-34",2024-12-26,2025-01-12,3,"quantile",0.5,314400.548102836
"1783","DE","15-34",2024-12-26,2025-01-12,3,"quantile",0.75,383482.20646926
"1784","DE","15-34",2024-12-26,2025-01-12,3,"quantile",0.9,458546.770561895
"1785","DE","15-34",2024-12-26,2025-01-12,3,"quantile",0.975,559947.410576775
"1786","DE","15-34",2024-12-26,2025-01-19,4,"quantile",0.025,161811.223604139
"1787","DE","15-34",2024-12-26,2025-01-19,4,"quantile",0.1,201184.697931044
"1788","DE","15-34",2024-12-26,2025-01-19,4,"quantile",0.25,244474.368206003
"1789","DE","15-34",2024-12-26,2025-01-19,4,"quantile",0.5,303579.698590205
"1790","DE","15-34",2024-12-26,2025-01-19,4,"quantile",0.75,376974.625489007
"1791","DE","15-34",2024-12-26,2025-01-19,4,"quantile",0.9,458089.677514677
"1792","DE","15-34",2024-12-26,2025-01-19,4,"quantile",0.975,569556.49517604
"1793","DE","35-59",2024-12-26,2024-12-29,1,"quantile",0.025,280810.706250033
"1794","DE","35-59",2024-12-26,2024-12-29,1,"quantile",0.1,329890.428350265
"1795","DE","35-59",2024-12-26,2024-12-29,1,"quantile",0.25,381037.997997586
"1796","DE","35-59",2024-12-26,2024-12-29,1,"quantile",0.5,447218.586633384
"1797","DE","35-59",2024-12-26,2024-12-29,1,"quantile",0.75,524893.751493068
"1798","DE","35-59",2024-12-26,2024-12-29,1,"quantile",0.9,606275.438879979
"1799","DE","35-59",2024-12-26,2024-12-29,1,"quantile",0.975,712239.454475351
"1800","DE","35-59",2024-12-26,2025-01-05,2,"quantile",0.025,246296.114323793
"1801","DE","35-59",2024-12-26,2025-01-05,2,"quantile",0.1,296170.539883543
"1802","DE","35-59",2024-12-26,2025-01-05,2,"quantile",0.25,349303.917034254
"1803","DE","35-59",2024-12-26,2025-01-05,2,"quantile",0.5,419589.580211395
"1804","DE","35-59",2024-12-26,2025-01-05,2,"quantile",0.75,504017.868785337
"1805","DE","35-59",2024-12-26,2025-01-05,2,"quantile",0.9,594439.325029429
"1806","DE","35-59",2024-12-26,2025-01-05,2,"quantile",0.975,714811.990864477
"1807","DE","35-59",2024-12-26,2025-01-12,3,"quantile",0.025,223622.876460997
"1808","DE","35-59",2024-12-26,2025-01-12,3,"quantile",0.1,274542.301267058
"1809","DE","35-59",2024-12-26,2025-01-12,3,"quantile",0.25,329861.88483519
"1810","DE","35-59",2024-12-26,2025-01-12,3,"quantile",0.5,404492.085936069
"1811","DE","35-59",2024-12-26,2025-01-12,3,"quantile",0.75,496007.132399245
"1812","DE","35-59",2024-12-26,2025-01-12,3,"quantile",0.9,595951.322728075
"1813","DE","35-59",2024-12-26,2025-01-12,3,"quantile",0.975,731650.760307832
"1814","DE","35-59",2024-12-26,2025-01-19,4,"quantile",0.025,198613.081336601
"1815","DE","35-59",2024-12-26,2025-01-19,4,"quantile",0.1,250902.860729474
"1816","DE","35-59",2024-12-26,2025-01-19,4,"quantile",0.25,309263.425816417
"1817","DE","35-59",2024-12-26,2025-01-19,4,"quantile",0.5,390157.044703507
"1818","DE","35-59",2024-12-26,2025-01-19,4,"quantile",0.75,492209.898826303
"1819","DE","35-59",2024-12-26,2025-01-19,4,"quantile",0.9,606699.019250731
"1820","DE","35-59",2024-12-26,2025-01-19,4,"quantile",0.975,766427.460403749
"1821","DE","60+",2024-12-26,2024-12-29,1,"quantile",0.025,108314.988415987
"1822","DE","60+",2024-12-26,2024-12-29,1,"quantile",0.1,125014.976820823
"1823","DE","60+",2024-12-26,2024-12-29,1,"quantile",0.25,142130.095667964
"1824","DE","60+",2024-12-26,2024-12-29,1,"quantile",0.5,163907.739955808
"1825","DE","60+",2024-12-26,2024-12-29,1,"quantile",0.75,189022.227074151
"1826","DE","60+",2024-12-26,2024-12-29,1,"quantile",0.9,214900.229561501
"1827","DE","60+",2024-12-26,2024-12-29,1,"quantile",0.975,248033.514200658
"1828","DE","60+",2024-12-26,2025-01-05,2,"quantile",0.025,99356.9626025886
"1829","DE","60+",2024-12-26,2025-01-05,2,"quantile",0.1,115324.73612674
"1830","DE","60+",2024-12-26,2025-01-05,2,"quantile",0.25,131776.935765881
"1831","DE","60+",2024-12-26,2025-01-05,2,"quantile",0.5,152823.212316735
"1832","DE","60+",2024-12-26,2025-01-05,2,"quantile",0.75,177230.818785308
"1833","DE","60+",2024-12-26,2025-01-05,2,"quantile",0.9,202514.52556665
"1834","DE","60+",2024-12-26,2025-01-05,2,"quantile",0.975,235060.871538735
"1835","DE","60+",2024-12-26,2025-01-12,3,"quantile",0.025,95306.8856599046
"1836","DE","60+",2024-12-26,2025-01-12,3,"quantile",0.1,113071.306992529
"1837","DE","60+",2024-12-26,2025-01-12,3,"quantile",0.25,131757.018202586
"1838","DE","60+",2024-12-26,2025-01-12,3,"quantile",0.5,156161.040805151
"1839","DE","60+",2024-12-26,2025-01-12,3,"quantile",0.75,185085.174194306
"1840","DE","60+",2024-12-26,2025-01-12,3,"quantile",0.9,215671.60859792
"1841","DE","60+",2024-12-26,2025-01-12,3,"quantile",0.975,255871.026489822
"1842","DE","60+",2024-12-26,2025-01-19,4,"quantile",0.025,82265.2214923176
"1843","DE","60+",2024-12-26,2025-01-19,4,"quantile",0.1,100119.681927523
"1844","DE","60+",2024-12-26,2025-01-19,4,"quantile",0.25,119357.871914136
"1845","DE","60+",2024-12-26,2025-01-19,4,"quantile",0.5,145097.865172868
"1846","DE","60+",2024-12-26,2025-01-19,4,"quantile",0.75,176388.788942795
"1847","DE","60+",2024-12-26,2025-01-19,4,"quantile",0.9,210282.234945217
"1848","DE","60+",2024-12-26,2025-01-19,4,"quantile",0.975,255920.911605274
"1849","DE","00+",2025-01-02,2025-01-05,1,"quantile",0.025,639777.584767566
"1850","DE","00+",2025-01-02,2025-01-05,1,"quantile",0.1,735717.973094975
"1851","DE","00+",2025-01-02,2025-01-05,1,"quantile",0.25,833703.400404129
"1852","DE","00+",2025-01-02,2025-01-05,1,"quantile",0.5,957950.448840424
"1853","DE","00+",2025-01-02,2025-01-05,1,"quantile",0.75,1100714.0692826
"1854","DE","00+",2025-01-02,2025-01-05,1,"quantile",0.9,1247310.92075021
"1855","DE","00+",2025-01-02,2025-01-05,1,"quantile",0.975,1434356.38303421
"1856","DE","00+",2025-01-02,2025-01-12,2,"quantile",0.025,785267.172477435
"1857","DE","00+",2025-01-02,2025-01-12,2,"quantile",0.1,931372.480107997
"1858","DE","00+",2025-01-02,2025-01-12,2,"quantile",0.25,1085014.19869371
"1859","DE","00+",2025-01-02,2025-01-12,2,"quantile",0.5,1285620.79962814
"1860","DE","00+",2025-01-02,2025-01-12,2,"quantile",0.75,1523317.24545762
"1861","DE","00+",2025-01-02,2025-01-12,2,"quantile",0.9,1774607.77050751
"1862","DE","00+",2025-01-02,2025-01-12,2,"quantile",0.975,2104787.89686576
"1863","DE","00+",2025-01-02,2025-01-19,3,"quantile",0.025,721751.04684697
"1864","DE","00+",2025-01-02,2025-01-19,3,"quantile",0.1,873525.238841293
"1865","DE","00+",2025-01-02,2025-01-19,3,"quantile",0.25,1036205.55807693
"1866","DE","00+",2025-01-02,2025-01-19,3,"quantile",0.5,1252721.9386831
"1867","DE","00+",2025-01-02,2025-01-19,3,"quantile",0.75,1514479.67386934
"1868","DE","00+",2025-01-02,2025-01-19,3,"quantile",0.9,1796527.66271481
"1869","DE","00+",2025-01-02,2025-01-19,3,"quantile",0.975,2174312.40663054
"1870","DE","00+",2025-01-02,2025-01-26,4,"quantile",0.025,755387.047930362
"1871","DE","00+",2025-01-02,2025-01-26,4,"quantile",0.1,939199.417300577
"1872","DE","00+",2025-01-02,2025-01-26,4,"quantile",0.25,1141295.14769322
"1873","DE","00+",2025-01-02,2025-01-26,4,"quantile",0.5,1417226.7125771
"1874","DE","00+",2025-01-02,2025-01-26,4,"quantile",0.75,1759870.40591713
"1875","DE","00+",2025-01-02,2025-01-26,4,"quantile",0.9,2138557.07088807
"1876","DE","00+",2025-01-02,2025-01-26,4,"quantile",0.975,2658943.59764992
"1877","DE","00-04",2025-01-02,2025-01-05,1,"quantile",0.025,108632.740265201
"1878","DE","00-04",2025-01-02,2025-01-05,1,"quantile",0.1,123727.708444768
"1879","DE","00-04",2025-01-02,2025-01-05,1,"quantile",0.25,139004.954328763
"1880","DE","00-04",2025-01-02,2025-01-05,1,"quantile",0.5,158201.205192524
"1881","DE","00-04",2025-01-02,2025-01-05,1,"quantile",0.75,180048.412268628
"1882","DE","00-04",2025-01-02,2025-01-05,1,"quantile",0.9,202279.84207385
"1883","DE","00-04",2025-01-02,2025-01-05,1,"quantile",0.975,230387.462041995
"1884","DE","00-04",2025-01-02,2025-01-12,2,"quantile",0.025,117037.369094517
"1885","DE","00-04",2025-01-02,2025-01-12,2,"quantile",0.1,135520.803088816
"1886","DE","00-04",2025-01-02,2025-01-12,2,"quantile",0.25,154521.822997757
"1887","DE","00-04",2025-01-02,2025-01-12,2,"quantile",0.5,178773.451477645
"1888","DE","00-04",2025-01-02,2025-01-12,2,"quantile",0.75,206831.28333073
"1889","DE","00-04",2025-01-02,2025-01-12,2,"quantile",0.9,235830.560510215
"1890","DE","00-04",2025-01-02,2025-01-12,2,"quantile",0.975,273074.721351774
"1891","DE","00-04",2025-01-02,2025-01-19,3,"quantile",0.025,131921.803134149
"1892","DE","00-04",2025-01-02,2025-01-19,3,"quantile",0.1,155048.637763087
"1893","DE","00-04",2025-01-02,2025-01-19,3,"quantile",0.25,179160.104575577
"1894","DE","00-04",2025-01-02,2025-01-19,3,"quantile",0.5,210371.575344043
"1895","DE","00-04",2025-01-02,2025-01-19,3,"quantile",0.75,247020.394510125
"1896","DE","00-04",2025-01-02,2025-01-19,3,"quantile",0.9,285434.302108203
"1897","DE","00-04",2025-01-02,2025-01-19,3,"quantile",0.975,335472.974605502
"1898","DE","00-04",2025-01-02,2025-01-26,4,"quantile",0.025,134255.595801911
"1899","DE","00-04",2025-01-02,2025-01-26,4,"quantile",0.1,160062.074321516
"1900","DE","00-04",2025-01-02,2025-01-26,4,"quantile",0.25,187332.831967487
"1901","DE","00-04",2025-01-02,2025-01-26,4,"quantile",0.5,223114.832368838
"1902","DE","00-04",2025-01-02,2025-01-26,4,"quantile",0.75,265731.467891407
"1903","DE","00-04",2025-01-02,2025-01-26,4,"quantile",0.9,311005.768443192
"1904","DE","00-04",2025-01-02,2025-01-26,4,"quantile",0.975,370786.991228457
"1905","DE","05-14",2025-01-02,2025-01-05,1,"quantile",0.025,49235.6409219879
"1906","DE","05-14",2025-01-02,2025-01-05,1,"quantile",0.1,60121.9549557543
"1907","DE","05-14",2025-01-02,2025-01-05,1,"quantile",0.25,71889.0053523108
"1908","DE","05-14",2025-01-02,2025-01-05,1,"quantile",0.5,87682.7885278322
"1909","DE","05-14",2025-01-02,2025-01-05,1,"quantile",0.75,106946.415051066
"1910","DE","05-14",2025-01-02,2025-01-05,1,"quantile",0.9,127877.934270011
"1911","DE","05-14",2025-01-02,2025-01-05,1,"quantile",0.975,156152.560625713
"1912","DE","05-14",2025-01-02,2025-01-12,2,"quantile",0.025,62584.3630010161
"1913","DE","05-14",2025-01-02,2025-01-12,2,"quantile",0.1,78440.9117421401
"1914","DE","05-14",2025-01-02,2025-01-12,2,"quantile",0.25,96007.3335974352
"1915","DE","05-14",2025-01-02,2025-01-12,2,"quantile",0.5,120174.994846471
"1916","DE","05-14",2025-01-02,2025-01-12,2,"quantile",0.75,150426.314794926
"1917","DE","05-14",2025-01-02,2025-01-12,2,"quantile",0.9,184113.481926686
"1918","DE","05-14",2025-01-02,2025-01-12,2,"quantile",0.975,230760.987151292
"1919","DE","05-14",2025-01-02,2025-01-19,3,"quantile",0.025,74686.685925763
"1920","DE","05-14",2025-01-02,2025-01-19,3,"quantile",0.1,94106.3780952043
"1921","DE","05-14",2025-01-02,2025-01-19,3,"quantile",0.25,115727.909260492
"1922","DE","05-14",2025-01-02,2025-01-19,3,"quantile",0.5,145624.212860935
"1923","DE","05-14",2025-01-02,2025-01-19,3,"quantile",0.75,183243.709377254
"1924","DE","05-14",2025-01-02,2025-01-19,3,"quantile",0.9,225345.102006933
"1925","DE","05-14",2025-01-02,2025-01-19,3,"quantile",0.975,283938.309867512
"1926","DE","05-14",2025-01-02,2025-01-26,4,"quantile",0.025,84913.6436147101
"1927","DE","05-14",2025-01-02,2025-01-26,4,"quantile",0.1,107614.076601117
"1928","DE","05-14",2025-01-02,2025-01-26,4,"quantile",0.25,133026.842022389
"1929","DE","05-14",2025-01-02,2025-01-26,4,"quantile",0.5,168358.851898281
"1930","DE","05-14",2025-01-02,2025-01-26,4,"quantile",0.75,213075.065013849
"1931","DE","05-14",2025-01-02,2025-01-26,4,"quantile",0.9,263392.150058305
"1932","DE","05-14",2025-01-02,2025-01-26,4,"quantile",0.975,333806.227196181
"1933","DE","15-34",2025-01-02,2025-01-05,1,"quantile",0.025,167748.193022014
"1934","DE","15-34",2025-01-02,2025-01-05,1,"quantile",0.1,198523.216303247
"1935","DE","15-34",2025-01-02,2025-01-05,1,"quantile",0.25,230818.7016056
"1936","DE","15-34",2025-01-02,2025-01-05,1,"quantile",0.5,272898.697548728
"1937","DE","15-34",2025-01-02,2025-01-05,1,"quantile",0.75,322650.195178054
"1938","DE","15-34",2025-01-02,2025-01-05,1,"quantile",0.9,375138.487631755
"1939","DE","15-34",2025-01-02,2025-01-05,1,"quantile",0.975,443961.259922595
"1940","DE","15-34",2025-01-02,2025-01-12,2,"quantile",0.025,185420.3813346
"1941","DE","15-34",2025-01-02,2025-01-12,2,"quantile",0.1,223829.845444341
"1942","DE","15-34",2025-01-02,2025-01-12,2,"quantile",0.25,264898.517617359
"1943","DE","15-34",2025-01-02,2025-01-12,2,"quantile",0.5,319423.822787479
"1944","DE","15-34",2025-01-02,2025-01-12,2,"quantile",0.75,385172.327432764
"1945","DE","15-34",2025-01-02,2025-01-12,2,"quantile",0.9,455844.386442819
"1946","DE","15-34",2025-01-02,2025-01-12,2,"quantile",0.975,550271.646675377
"1947","DE","15-34",2025-01-02,2025-01-19,3,"quantile",0.025,170087.322407926
"1948","DE","15-34",2025-01-02,2025-01-19,3,"quantile",0.1,207699.545321298
"1949","DE","15-34",2025-01-02,2025-01-19,3,"quantile",0.25,248355.605938367
"1950","DE","15-34",2025-01-02,2025-01-19,3,"quantile",0.5,302925.539821589
"1951","DE","15-34",2025-01-02,2025-01-19,3,"quantile",0.75,369485.852068802
"1952","DE","15-34",2025-01-02,2025-01-19,3,"quantile",0.9,441810.70562407
"1953","DE","15-34",2025-01-02,2025-01-19,3,"quantile",0.975,539510.419572136
"1954","DE","15-34",2025-01-02,2025-01-26,4,"quantile",0.025,165928.70714523
"1955","DE","15-34",2025-01-02,2025-01-26,4,"quantile",0.1,206304.087451743
"1956","DE","15-34",2025-01-02,2025-01-26,4,"quantile",0.25,250695.316078999
"1957","DE","15-34",2025-01-02,2025-01-26,4,"quantile",0.5,311304.653537784
"1958","DE","15-34",2025-01-02,2025-01-26,4,"quantile",0.75,386567.203687768
"1959","DE","15-34",2025-01-02,2025-01-26,4,"quantile",0.9,469746.326945404
"1960","DE","15-34",2025-01-02,2025-01-26,4,"quantile",0.975,584049.553459476
"1961","DE","35-59",2025-01-02,2025-01-05,1,"quantile",0.025,224547.069822446
"1962","DE","35-59",2025-01-02,2025-01-05,1,"quantile",0.1,263793.10831036
"1963","DE","35-59",2025-01-02,2025-01-05,1,"quantile",0.25,304692.677440817
"1964","DE","35-59",2025-01-02,2025-01-05,1,"quantile",0.5,357613.228283566
"1965","DE","35-59",2025-01-02,2025-01-05,1,"quantile",0.75,419725.285548532
"1966","DE","35-59",2025-01-02,2025-01-05,1,"quantile",0.9,484801.221163558
"1967","DE","35-59",2025-01-02,2025-01-05,1,"quantile",0.975,569534.134400045
"1968","DE","35-59",2025-01-02,2025-01-12,2,"quantile",0.025,240393.576898057
"1969","DE","35-59",2025-01-02,2025-01-12,2,"quantile",0.1,289072.751512572
"1970","DE","35-59",2025-01-02,2025-01-12,2,"quantile",0.25,340932.776267737
"1971","DE","35-59",2025-01-02,2025-01-12,2,"quantile",0.5,409534.028959822
"1972","DE","35-59",2025-01-02,2025-01-12,2,"quantile",0.75,491938.97609995
"1973","DE","35-59",2025-01-02,2025-01-12,2,"quantile",0.9,580193.463404903
"1974","DE","35-59",2025-01-02,2025-01-12,2,"quantile",0.975,697681.373355444
"1975","DE","35-59",2025-01-02,2025-01-19,3,"quantile",0.025,199351.775239277
"1976","DE","35-59",2025-01-02,2025-01-19,3,"quantile",0.1,244744.616481178
"1977","DE","35-59",2025-01-02,2025-01-19,3,"quantile",0.25,294060.041469588
"1978","DE","35-59",2025-01-02,2025-01-19,3,"quantile",0.5,360590.189508889
"1979","DE","35-59",2025-01-02,2025-01-19,3,"quantile",0.75,442172.571697418
"1980","DE","35-59",2025-01-02,2025-01-19,3,"quantile",0.9,531269.233372725
"1981","DE","35-59",2025-01-02,2025-01-19,3,"quantile",0.975,652240.415787572
"1982","DE","35-59",2025-01-02,2025-01-26,4,"quantile",0.025,193371.175304422
"1983","DE","35-59",2025-01-02,2025-01-26,4,"quantile",0.1,244280.893987414
"1984","DE","35-59",2025-01-02,2025-01-26,4,"quantile",0.25,301101.174838738
"1985","DE","35-59",2025-01-02,2025-01-26,4,"quantile",0.5,379859.80470116
"1986","DE","35-59",2025-01-02,2025-01-26,4,"quantile",0.75,479219.22358783
"1987","DE","35-59",2025-01-02,2025-01-26,4,"quantile",0.9,590686.683973891
"1988","DE","35-59",2025-01-02,2025-01-26,4,"quantile",0.975,746199.483973989
"1989","DE","60+",2025-01-02,2025-01-05,1,"quantile",0.025,105432.334747093
"1990","DE","60+",2025-01-02,2025-01-05,1,"quantile",0.1,121687.876048627
"1991","DE","60+",2025-01-02,2025-01-05,1,"quantile",0.25,138347.499669671
"1992","DE","60+",2025-01-02,2025-01-05,1,"quantile",0.5,159545.562062855
"1993","DE","60+",2025-01-02,2025-01-05,1,"quantile",0.75,183991.661827861
"1994","DE","60+",2025-01-02,2025-01-05,1,"quantile",0.9,209180.957055904
"1995","DE","60+",2025-01-02,2025-01-05,1,"quantile",0.975,241432.445131867
"1996","DE","60+",2025-01-02,2025-01-12,2,"quantile",0.025,118726.349720661
"1997","DE","60+",2025-01-02,2025-01-12,2,"quantile",0.1,137807.000074996
"1998","DE","60+",2025-01-02,2025-01-12,2,"quantile",0.25,157466.514183168
"1999","DE","60+",2025-01-02,2025-01-12,2,"quantile",0.5,182615.708810716
"2000","DE","60+",2025-01-02,2025-01-12,2,"quantile",0.75,211781.51607299
"2001","DE","60+",2025-01-02,2025-01-12,2,"quantile",0.9,241994.21717541
"2002","DE","60+",2025-01-02,2025-01-12,2,"quantile",0.975,280885.39050432
"2003","DE","60+",2025-01-02,2025-01-19,3,"quantile",0.025,91029.5898304756
"2004","DE","60+",2025-01-02,2025-01-19,3,"quantile",0.1,107996.758322949
"2005","DE","60+",2025-01-02,2025-01-19,3,"quantile",0.25,125843.869949405
"2006","DE","60+",2025-01-02,2025-01-19,3,"quantile",0.5,149152.65978493
"2007","DE","60+",2025-01-02,2025-01-19,3,"quantile",0.75,176778.701496253
"2008","DE","60+",2025-01-02,2025-01-19,3,"quantile",0.9,205992.441498976
"2009","DE","60+",2025-01-02,2025-01-19,3,"quantile",0.975,244387.742077591
"2010","DE","60+",2025-01-02,2025-01-26,4,"quantile",0.025,80356.8151141978
"2011","DE","60+",2025-01-02,2025-01-26,4,"quantile",0.1,97797.0839195218
"2012","DE","60+",2025-01-02,2025-01-26,4,"quantile",0.25,116588.982219224
"2013","DE","60+",2025-01-02,2025-01-26,4,"quantile",0.5,141731.853554297
"2014","DE","60+",2025-01-02,2025-01-26,4,"quantile",0.75,172296.883715521
"2015","DE","60+",2025-01-02,2025-01-26,4,"quantile",0.9,205404.062236326
"2016","DE","60+",2025-01-02,2025-01-26,4,"quantile",0.975,249984.003016907
"2017","DE","00+",2025-01-09,2025-01-12,1,"quantile",0.025,712421.886417451
"2018","DE","00+",2025-01-09,2025-01-12,1,"quantile",0.1,819255.939474605
"2019","DE","00+",2025-01-09,2025-01-12,1,"quantile",0.25,928367.237880547
"2020","DE","00+",2025-01-09,2025-01-12,1,"quantile",0.5,1066722.06420811
"2021","DE","00+",2025-01-09,2025-01-12,1,"quantile",0.75,1225695.94858412
"2022","DE","00+",2025-01-09,2025-01-12,1,"quantile",0.9,1388938.31273065
"2023","DE","00+",2025-01-09,2025-01-12,1,"quantile",0.975,1597222.07299181
"2024","DE","00+",2025-01-09,2025-01-19,2,"quantile",0.025,597903.698530444
"2025","DE","00+",2025-01-09,2025-01-19,2,"quantile",0.1,709148.516687861
"2026","DE","00+",2025-01-09,2025-01-19,2,"quantile",0.25,826131.570367734
"2027","DE","00+",2025-01-09,2025-01-19,2,"quantile",0.5,978873.761627188
"2028","DE","00+",2025-01-09,2025-01-19,2,"quantile",0.75,1159856.22093542
"2029","DE","00+",2025-01-09,2025-01-19,2,"quantile",0.9,1351189.23420652
"2030","DE","00+",2025-01-09,2025-01-19,2,"quantile",0.975,1602588.91784288
"2031","DE","00+",2025-01-09,2025-01-26,3,"quantile",0.025,588864.722687709
"2032","DE","00+",2025-01-09,2025-01-26,3,"quantile",0.1,712694.771664191
"2033","DE","00+",2025-01-09,2025-01-26,3,"quantile",0.25,845422.949187365
"2034","DE","00+",2025-01-09,2025-01-26,3,"quantile",0.5,1022075.07734151
"2035","DE","00+",2025-01-09,2025-01-26,3,"quantile",0.75,1235638.87723509
"2036","DE","00+",2025-01-09,2025-01-26,3,"quantile",0.9,1465757.15896352
"2037","DE","00+",2025-01-09,2025-01-26,3,"quantile",0.975,1773985.47319102
"2038","DE","00+",2025-01-09,2025-02-02,4,"quantile",0.025,660095.012233285
"2039","DE","00+",2025-01-09,2025-02-02,4,"quantile",0.1,820719.461038034
"2040","DE","00+",2025-01-09,2025-02-02,4,"quantile",0.25,997320.825850052
"2041","DE","00+",2025-01-09,2025-02-02,4,"quantile",0.5,1238443.63858111
"2042","DE","00+",2025-01-09,2025-02-02,4,"quantile",0.75,1537862.84833144
"2043","DE","00+",2025-01-09,2025-02-02,4,"quantile",0.9,1868778.21076908
"2044","DE","00+",2025-01-09,2025-02-02,4,"quantile",0.975,2323518.00501104
"2045","DE","00-04",2025-01-09,2025-01-12,1,"quantile",0.025,109417.720951179
"2046","DE","00-04",2025-01-09,2025-01-12,1,"quantile",0.1,124621.765440957
"2047","DE","00-04",2025-01-09,2025-01-12,1,"quantile",0.25,140009.404774705
"2048","DE","00-04",2025-01-09,2025-01-12,1,"quantile",0.5,159344.367836412
"2049","DE","00-04",2025-01-09,2025-01-12,1,"quantile",0.75,181349.442932373
"2050","DE","00-04",2025-01-09,2025-01-12,1,"quantile",0.9,203741.517152678
"2051","DE","00-04",2025-01-09,2025-01-12,1,"quantile",0.975,232052.24291333
"2052","DE","00-04",2025-01-09,2025-01-19,2,"quantile",0.025,111548.747314086
"2053","DE","00-04",2025-01-09,2025-01-19,2,"quantile",0.1,129165.376294029
"2054","DE","00-04",2025-01-09,2025-01-19,2,"quantile",0.25,147275.318314518
"2055","DE","00-04",2025-01-09,2025-01-19,2,"quantile",0.5,170389.634692166
"2056","DE","00-04",2025-01-09,2025-01-19,2,"quantile",0.75,197131.657515946
"2057","DE","00-04",2025-01-09,2025-01-19,2,"quantile",0.9,224770.975345905
"2058","DE","00-04",2025-01-09,2025-01-19,2,"quantile",0.975,260268.522144699
"2059","DE","00-04",2025-01-09,2025-01-26,3,"quantile",0.025,105137.377160534
"2060","DE","00-04",2025-01-09,2025-01-26,3,"quantile",0.1,123568.710550052
"2061","DE","00-04",2025-01-09,2025-01-26,3,"quantile",0.25,142784.763696178
"2062","DE","00-04",2025-01-09,2025-01-26,3,"quantile",0.5,167659.288573481
"2063","DE","00-04",2025-01-09,2025-01-26,3,"quantile",0.75,196867.202895531
"2064","DE","00-04",2025-01-09,2025-01-26,3,"quantile",0.9,227481.835165545
"2065","DE","00-04",2025-01-09,2025-01-26,3,"quantile",0.975,267361.026155765
"2066","DE","00-04",2025-01-09,2025-02-02,4,"quantile",0.025,114251.661975228
"2067","DE","00-04",2025-01-09,2025-02-02,4,"quantile",0.1,136213.004018231
"2068","DE","00-04",2025-01-09,2025-02-02,4,"quantile",0.25,159420.4492332
"2069","DE","00-04",2025-01-09,2025-02-02,4,"quantile",0.5,189870.97153906
"2070","DE","00-04",2025-01-09,2025-02-02,4,"quantile",0.75,226137.775966565
"2071","DE","00-04",2025-01-09,2025-02-02,4,"quantile",0.9,264666.256302234
"2072","DE","00-04",2025-01-09,2025-02-02,4,"quantile",0.975,315540.14366113
"2073","DE","05-14",2025-01-09,2025-01-12,1,"quantile",0.025,57157.7510081824
"2074","DE","05-14",2025-01-09,2025-01-12,1,"quantile",0.1,69795.6940772046
"2075","DE","05-14",2025-01-09,2025-01-12,1,"quantile",0.25,83456.0856974292
"2076","DE","05-14",2025-01-09,2025-01-12,1,"quantile",0.5,101791.119208093
"2077","DE","05-14",2025-01-09,2025-01-12,1,"quantile",0.75,124154.300588716
"2078","DE","05-14",2025-01-09,2025-01-12,1,"quantile",0.9,148453.741833629
"2079","DE","05-14",2025-01-09,2025-01-12,1,"quantile",0.975,181277.810390982
"2080","DE","05-14",2025-01-09,2025-01-19,2,"quantile",0.025,59320.7187771379
"2081","DE","05-14",2025-01-09,2025-01-19,2,"quantile",0.1,74350.3815162621
"2082","DE","05-14",2025-01-09,2025-01-19,2,"quantile",0.25,91000.7510467727
"2083","DE","05-14",2025-01-09,2025-01-19,2,"quantile",0.5,113908.119081051
"2084","DE","05-14",2025-01-09,2025-01-19,2,"quantile",0.75,142581.895680334
"2085","DE","05-14",2025-01-09,2025-01-19,2,"quantile",0.9,174512.347186074
"2086","DE","05-14",2025-01-09,2025-01-19,2,"quantile",0.975,218727.28213778
"2087","DE","05-14",2025-01-09,2025-01-26,3,"quantile",0.025,59770.0253231562
"2088","DE","05-14",2025-01-09,2025-01-26,3,"quantile",0.1,75311.155289602
"2089","DE","05-14",2025-01-09,2025-01-26,3,"quantile",0.25,92614.3660192789
"2090","DE","05-14",2025-01-09,2025-01-26,3,"quantile",0.5,116539.68552058
"2091","DE","05-14",2025-01-09,2025-01-26,3,"quantile",0.75,146645.697476442
"2092","DE","05-14",2025-01-09,2025-01-26,3,"quantile",0.9,180338.467110341
"2093","DE","05-14",2025-01-09,2025-01-26,3,"quantile",0.975,227229.254593839
"2094","DE","05-14",2025-01-09,2025-02-02,4,"quantile",0.025,67939.2967144239
"2095","DE","05-14",2025-01-09,2025-02-02,4,"quantile",0.1,86101.8838624596
"2096","DE","05-14",2025-01-09,2025-02-02,4,"quantile",0.25,106434.604692622
"2097","DE","05-14",2025-01-09,2025-02-02,4,"quantile",0.5,134703.700214739
"2098","DE","05-14",2025-01-09,2025-02-02,4,"quantile",0.75,170481.084642954
"2099","DE","05-14",2025-01-09,2025-02-02,4,"quantile",0.9,210739.719476144
"2100","DE","05-14",2025-01-09,2025-02-02,4,"quantile",0.975,267077.931757423
"2101","DE","15-34",2025-01-09,2025-01-12,1,"quantile",0.025,165250.898188229
"2102","DE","15-34",2025-01-09,2025-01-12,1,"quantile",0.1,195567.768655621
"2103","DE","15-34",2025-01-09,2025-01-12,1,"quantile",0.25,227382.465776909
"2104","DE","15-34",2025-01-09,2025-01-12,1,"quantile",0.5,268836.009925943
"2105","DE","15-34",2025-01-09,2025-01-12,1,"quantile",0.75,317846.848858657
"2106","DE","15-34",2025-01-09,2025-01-12,1,"quantile",0.9,369553.739502792
"2107","DE","15-34",2025-01-09,2025-01-12,1,"quantile",0.975,437351.93590645
"2108","DE","15-34",2025-01-09,2025-01-19,2,"quantile",0.025,139659.451848613
"2109","DE","15-34",2025-01-09,2025-01-19,2,"quantile",0.1,168589.630207406
"2110","DE","15-34",2025-01-09,2025-01-19,2,"quantile",0.25,199522.735848493
"2111","DE","15-34",2025-01-09,2025-01-19,2,"quantile",0.5,240591.43701892
"2112","DE","15-34",2025-01-09,2025-01-19,2,"quantile",0.75,290113.501705306
"2113","DE","15-34",2025-01-09,2025-01-19,2,"quantile",0.9,343344.009329742
"2114","DE","15-34",2025-01-09,2025-01-19,2,"quantile",0.975,414467.03964995
"2115","DE","15-34",2025-01-09,2025-01-26,3,"quantile",0.025,125581.990216396
"2116","DE","15-34",2025-01-09,2025-01-26,3,"quantile",0.1,153352.536210387
"2117","DE","15-34",2025-01-09,2025-01-26,3,"quantile",0.25,183370.46426269
"2118","DE","15-34",2025-01-09,2025-01-26,3,"quantile",0.5,223661.538318148
"2119","DE","15-34",2025-01-09,2025-01-26,3,"quantile",0.75,272805.568355746
"2120","DE","15-34",2025-01-09,2025-01-26,3,"quantile",0.9,326205.78021749
"2121","DE","15-34",2025-01-09,2025-01-26,3,"quantile",0.975,398341.224220452
"2122","DE","15-34",2025-01-09,2025-02-02,4,"quantile",0.025,138643.392270049
"2123","DE","15-34",2025-01-09,2025-02-02,4,"quantile",0.1,172379.44545938
"2124","DE","15-34",2025-01-09,2025-02-02,4,"quantile",0.25,209470.980913406
"2125","DE","15-34",2025-01-09,2025-02-02,4,"quantile",0.5,260113.719551581
"2126","DE","15-34",2025-01-09,2025-02-02,4,"quantile",0.75,323000.096738594
"2127","DE","15-34",2025-01-09,2025-02-02,4,"quantile",0.9,392501.245833871
"2128","DE","15-34",2025-01-09,2025-02-02,4,"quantile",0.975,488008.450970185
"2129","DE","35-59",2025-01-09,2025-01-12,1,"quantile",0.025,209914.196884273
"2130","DE","35-59",2025-01-09,2025-01-12,1,"quantile",0.1,246602.721284053
"2131","DE","35-59",2025-01-09,2025-01-12,1,"quantile",0.25,284837.02206438
"2132","DE","35-59",2025-01-09,2025-01-12,1,"quantile",0.5,334308.943197053
"2133","DE","35-59",2025-01-09,2025-01-12,1,"quantile",0.75,392373.395464967
"2134","DE","35-59",2025-01-09,2025-01-12,1,"quantile",0.9,453208.581477069
"2135","DE","35-59",2025-01-09,2025-01-12,1,"quantile",0.975,532419.7751291
"2136","DE","35-59",2025-01-09,2025-01-19,2,"quantile",0.025,163445.138543827
"2137","DE","35-59",2025-01-09,2025-01-19,2,"quantile",0.1,196542.422347057
"2138","DE","35-59",2025-01-09,2025-01-19,2,"quantile",0.25,231802.386612195
"2139","DE","35-59",2025-01-09,2025-01-19,2,"quantile",0.5,278444.819389393
"2140","DE","35-59",2025-01-09,2025-01-19,2,"quantile",0.75,334472.472772689
"2141","DE","35-59",2025-01-09,2025-01-19,2,"quantile",0.9,394477.266123676
"2142","DE","35-59",2025-01-09,2025-01-19,2,"quantile",0.975,474358.05148773
"2143","DE","35-59",2025-01-09,2025-01-26,3,"quantile",0.025,145025.174354262
"2144","DE","35-59",2025-01-09,2025-01-26,3,"quantile",0.1,178047.728117027
"2145","DE","35-59",2025-01-09,2025-01-26,3,"quantile",0.25,213923.897760936
"2146","DE","35-59",2025-01-09,2025-01-26,3,"quantile",0.5,262323.498454903
"2147","DE","35-59",2025-01-09,2025-01-26,3,"quantile",0.75,321673.354692332
"2148","DE","35-59",2025-01-09,2025-01-26,3,"quantile",0.9,386489.727048861
"2149","DE","35-59",2025-01-09,2025-01-26,3,"quantile",0.975,474494.294856178
"2150","DE","35-59",2025-01-09,2025-02-02,4,"quantile",0.025,156983.819356485
"2151","DE","35-59",2025-01-09,2025-02-02,4,"quantile",0.1,198313.671484852
"2152","DE","35-59",2025-01-09,2025-02-02,4,"quantile",0.25,244441.873844415
"2153","DE","35-59",2025-01-09,2025-02-02,4,"quantile",0.5,308380.206450723
"2154","DE","35-59",2025-01-09,2025-02-02,4,"quantile",0.75,389042.802834671
"2155","DE","35-59",2025-01-09,2025-02-02,4,"quantile",0.9,479535.026599789
"2156","DE","35-59",2025-01-09,2025-02-02,4,"quantile",0.975,605784.418549771
"2157","DE","60+",2025-01-09,2025-01-12,1,"quantile",0.025,97367.5929970895
"2158","DE","60+",2025-01-09,2025-01-12,1,"quantile",0.1,112379.713644819
"2159","DE","60+",2025-01-09,2025-01-12,1,"quantile",0.25,127765.007502814
"2160","DE","60+",2025-01-09,2025-01-12,1,"quantile",0.5,147341.585375034
"2161","DE","60+",2025-01-09,2025-01-12,1,"quantile",0.75,169917.751387055
"2162","DE","60+",2025-01-09,2025-01-12,1,"quantile",0.9,193180.264272983
"2163","DE","60+",2025-01-09,2025-01-12,1,"quantile",0.975,222964.767974466
"2164","DE","60+",2025-01-09,2025-01-19,2,"quantile",0.025,76066.7198742819
"2165","DE","60+",2025-01-09,2025-01-19,2,"quantile",0.1,88291.4912829641
"2166","DE","60+",2025-01-09,2025-01-19,2,"quantile",0.25,100887.134592552
"2167","DE","60+",2025-01-09,2025-01-19,2,"quantile",0.5,116999.958302692
"2168","DE","60+",2025-01-09,2025-01-19,2,"quantile",0.75,135686.183358431
"2169","DE","60+",2025-01-09,2025-01-19,2,"quantile",0.9,155043.142254332
"2170","DE","60+",2025-01-09,2025-01-19,2,"quantile",0.975,179960.306760381
"2171","DE","60+",2025-01-09,2025-01-26,3,"quantile",0.025,57064.0904833476
"2172","DE","60+",2025-01-09,2025-01-26,3,"quantile",0.1,67700.3686419532
"2173","DE","60+",2025-01-09,2025-01-26,3,"quantile",0.25,78888.2603441472
"2174","DE","60+",2025-01-09,2025-01-26,3,"quantile",0.5,93499.9365552427
"2175","DE","60+",2025-01-09,2025-01-26,3,"quantile",0.75,110817.986069115
"2176","DE","60+",2025-01-09,2025-01-26,3,"quantile",0.9,129131.322490568
"2177","DE","60+",2025-01-09,2025-01-26,3,"quantile",0.975,153200.341261648
"2178","DE","60+",2025-01-09,2025-02-02,4,"quantile",0.025,59898.5057674001
"2179","DE","60+",2025-01-09,2025-02-02,4,"quantile",0.1,72898.598418361
"2180","DE","60+",2025-01-09,2025-02-02,4,"quantile",0.25,86906.2047064584
"2181","DE","60+",2025-01-09,2025-02-02,4,"quantile",0.5,105647.868640408
"2182","DE","60+",2025-01-09,2025-02-02,4,"quantile",0.75,128431.245915765
"2183","DE","60+",2025-01-09,2025-02-02,4,"quantile",0.9,153109.557528197
"2184","DE","60+",2025-01-09,2025-02-02,4,"quantile",0.975,186339.742624024
"2185","DE","00+",2025-01-16,2025-01-19,1,"quantile",0.025,757304.395698721
"2186","DE","00+",2025-01-16,2025-01-19,1,"quantile",0.1,870868.983666874
"2187","DE","00+",2025-01-16,2025-01-19,1,"quantile",0.25,986854.283218434
"2188","DE","00+",2025-01-16,2025-01-19,1,"quantile",0.5,1133925.45009525
"2189","DE","00+",2025-01-16,2025-01-19,1,"quantile",0.75,1302914.67366426
"2190","DE","00+",2025-01-16,2025-01-19,1,"quantile",0.9,1476441.29081254
"2191","DE","00+",2025-01-16,2025-01-19,1,"quantile",0.975,1697846.9076327
"2192","DE","00+",2025-01-16,2025-01-26,2,"quantile",0.025,785581.161995603
"2193","DE","00+",2025-01-16,2025-01-26,2,"quantile",0.1,931744.889915147
"2194","DE","00+",2025-01-16,2025-01-26,2,"quantile",0.25,1085448.04222798
"2195","DE","00+",2025-01-16,2025-01-26,2,"quantile",0.5,1286134.85582401
"2196","DE","00+",2025-01-16,2025-01-26,2,"quantile",0.75,1523926.34471031
"2197","DE","00+",2025-01-16,2025-01-26,2,"quantile",0.9,1775317.3484172
"2198","DE","00+",2025-01-16,2025-01-26,2,"quantile",0.975,2105629.49748367
"2199","DE","00+",2025-01-16,2025-02-02,3,"quantile",0.025,901116.913785637
"2200","DE","00+",2025-01-16,2025-02-02,3,"quantile",0.1,1090609.24923802
"2201","DE","00+",2025-01-16,2025-02-02,3,"quantile",0.25,1293718.04671561
"2202","DE","00+",2025-01-16,2025-02-02,3,"quantile",0.5,1564041.96730874
"2203","DE","00+",2025-01-16,2025-02-02,3,"quantile",0.75,1890850.39179386
"2204","DE","00+",2025-01-16,2025-02-02,3,"quantile",0.9,2242991.49967059
"2205","DE","00+",2025-01-16,2025-02-02,3,"quantile",0.975,2714661.36977306
"2206","DE","00+",2025-01-16,2025-02-09,4,"quantile",0.025,899569.46819671
"2207","DE","00+",2025-01-16,2025-02-09,4,"quantile",0.1,1118466.51682281
"2208","DE","00+",2025-01-16,2025-02-09,4,"quantile",0.25,1359136.71260156
"2209","DE","00+",2025-01-16,2025-02-09,4,"quantile",0.5,1687735.95422394
"2210","DE","00+",2025-01-16,2025-02-09,4,"quantile",0.75,2095780.81790455
"2211","DE","00+",2025-01-16,2025-02-09,4,"quantile",0.9,2546748.25606018
"2212","DE","00+",2025-01-16,2025-02-09,4,"quantile",0.975,3166462.1264773
"2213","DE","00-04",2025-01-16,2025-01-19,1,"quantile",0.025,131087.623973633
"2214","DE","00-04",2025-01-16,2025-01-19,1,"quantile",0.1,149302.791038242
"2215","DE","00-04",2025-01-16,2025-01-19,1,"quantile",0.25,167737.913441533
"2216","DE","00-04",2025-01-16,2025-01-19,1,"quantile",0.5,190902.117058131
"2217","DE","00-04",2025-01-16,2025-01-19,1,"quantile",0.75,217265.241647227
"2218","DE","00-04",2025-01-16,2025-01-19,1,"quantile",0.9,244092.009558896
"2219","DE","00-04",2025-01-16,2025-01-19,1,"quantile",0.975,278009.602985914
"2220","DE","00-04",2025-01-16,2025-01-26,2,"quantile",0.025,140590.608422055
"2221","DE","00-04",2025-01-16,2025-01-26,2,"quantile",0.1,162793.74961612
"2222","DE","00-04",2025-01-16,2025-01-26,2,"quantile",0.25,185618.638540958
"2223","DE","00-04",2025-01-16,2025-01-26,2,"quantile",0.5,214750.797180474
"2224","DE","00-04",2025-01-16,2025-01-26,2,"quantile",0.75,248455.140346657
"2225","DE","00-04",2025-01-16,2025-01-26,2,"quantile",0.9,283290.390438199
"2226","DE","00-04",2025-01-16,2025-01-26,2,"quantile",0.975,328029.769607387
"2227","DE","00-04",2025-01-16,2025-02-02,3,"quantile",0.025,153911.708474647
"2228","DE","00-04",2025-01-16,2025-02-02,3,"quantile",0.1,180893.530620687
"2229","DE","00-04",2025-01-16,2025-02-02,3,"quantile",0.25,209024.112243851
"2230","DE","00-04",2025-01-16,2025-02-02,3,"quantile",0.5,245438.189946353
"2231","DE","00-04",2025-01-16,2025-02-02,3,"quantile",0.75,288195.96187958
"2232","DE","00-04",2025-01-16,2025-02-02,3,"quantile",0.9,333013.04296204
"2233","DE","00-04",2025-01-16,2025-02-02,3,"quantile",0.975,391392.608666058
"2234","DE","00-04",2025-01-16,2025-02-09,4,"quantile",0.025,142465.578056973
"2235","DE","00-04",2025-01-16,2025-02-09,4,"quantile",0.1,169850.171287151
"2236","DE","00-04",2025-01-16,2025-02-09,4,"quantile",0.25,198788.587066983
"2237","DE","00-04",2025-01-16,2025-02-09,4,"quantile",0.5,236758.72410868
"2238","DE","00-04",2025-01-16,2025-02-09,4,"quantile",0.75,281981.447067091
"2239","DE","00-04",2025-01-16,2025-02-09,4,"quantile",0.9,330024.356271054
"2240","DE","00-04",2025-01-16,2025-02-09,4,"quantile",0.975,393461.313294594
"2241","DE","05-14",2025-01-16,2025-01-19,1,"quantile",0.025,71807.8877934939
"2242","DE","05-14",2025-01-16,2025-01-19,1,"quantile",0.1,87685.0694851072
"2243","DE","05-14",2025-01-16,2025-01-19,1,"quantile",0.25,104846.764117561
"2244","DE","05-14",2025-01-16,2025-01-19,1,"quantile",0.5,127881.260853362
"2245","DE","05-14",2025-01-16,2025-01-19,1,"quantile",0.75,155976.362409325
"2246","DE","05-14",2025-01-16,2025-01-19,1,"quantile",0.9,186504.007734445
"2247","DE","05-14",2025-01-16,2025-01-19,1,"quantile",0.975,227741.232613271
"2248","DE","05-14",2025-01-16,2025-01-26,2,"quantile",0.025,76462.1922594393
"2249","DE","05-14",2025-01-16,2025-01-26,2,"quantile",0.1,95834.8665230618
"2250","DE","05-14",2025-01-16,2025-01-26,2,"quantile",0.25,117296.57134521
"2251","DE","05-14",2025-01-16,2025-01-26,2,"quantile",0.5,146823.313685861
"2252","DE","05-14",2025-01-16,2025-01-26,2,"quantile",0.75,183782.74142603
"2253","DE","05-14",2025-01-16,2025-01-26,2,"quantile",0.9,224939.901559827
"2254","DE","05-14",2025-01-16,2025-01-26,2,"quantile",0.975,281931.30231674
"2255","DE","05-14",2025-01-16,2025-02-02,3,"quantile",0.025,94738.4148126877
"2256","DE","05-14",2025-01-16,2025-02-02,3,"quantile",0.1,119371.866270314
"2257","DE","05-14",2025-01-16,2025-02-02,3,"quantile",0.25,146798.30196005
"2258","DE","05-14",2025-01-16,2025-02-02,3,"quantile",0.5,184721.104086791
"2259","DE","05-14",2025-01-16,2025-02-02,3,"quantile",0.75,232440.606188545
"2260","DE","05-14",2025-01-16,2025-02-02,3,"quantile",0.9,285845.29471773
"2261","DE","05-14",2025-01-16,2025-02-02,3,"quantile",0.975,360169.487345839
"2262","DE","05-14",2025-01-16,2025-02-09,4,"quantile",0.025,92752.6802097239
"2263","DE","05-14",2025-01-16,2025-02-09,4,"quantile",0.1,117548.766112764
"2264","DE","05-14",2025-01-16,2025-02-09,4,"quantile",0.25,145307.580880613
"2265","DE","05-14",2025-01-16,2025-02-09,4,"quantile",0.5,183901.362441269
"2266","DE","05-14",2025-01-16,2025-02-09,4,"quantile",0.75,232745.675778208
"2267","DE","05-14",2025-01-16,2025-02-09,4,"quantile",0.9,287707.920943312
"2268","DE","05-14",2025-01-16,2025-02-09,4,"quantile",0.975,364622.467310756
"2269","DE","15-34",2025-01-16,2025-01-19,1,"quantile",0.025,171753.383649492
"2270","DE","15-34",2025-01-16,2025-01-19,1,"quantile",0.1,203263.197765642
"2271","DE","15-34",2025-01-16,2025-01-19,1,"quantile",0.25,236329.77676929
"2272","DE","15-34",2025-01-16,2025-01-19,1,"quantile",0.5,279414.483417906
"2273","DE","15-34",2025-01-16,2025-01-19,1,"quantile",0.75,330353.858117132
"2274","DE","15-34",2025-01-16,2025-01-19,1,"quantile",0.9,384095.371921243
"2275","DE","15-34",2025-01-16,2025-01-19,1,"quantile",0.975,454561.370988899
"2276","DE","15-34",2025-01-16,2025-01-26,2,"quantile",0.025,165746.410992868
"2277","DE","15-34",2025-01-16,2025-01-26,2,"quantile",0.1,200080.451180504
"2278","DE","15-34",2025-01-16,2025-01-26,2,"quantile",0.25,236791.545009163
"2279","DE","15-34",2025-01-16,2025-01-26,2,"quantile",0.5,285531.460088563
"2280","DE","15-34",2025-01-16,2025-01-26,2,"quantile",0.75,344303.740647293
"2281","DE","15-34",2025-01-16,2025-01-26,2,"quantile",0.9,407477.16340741
"2282","DE","15-34",2025-01-16,2025-01-26,2,"quantile",0.975,491885.24935128
"2283","DE","15-34",2025-01-16,2025-02-02,3,"quantile",0.025,190249.525458188
"2284","DE","15-34",2025-01-16,2025-02-02,3,"quantile",0.1,232320.312741998
"2285","DE","15-34",2025-01-16,2025-02-02,3,"quantile",0.25,277795.755178832
"2286","DE","15-34",2025-01-16,2025-02-02,3,"quantile",0.5,338834.425660507
"2287","DE","15-34",2025-01-16,2025-02-02,3,"quantile",0.75,413284.81761277
"2288","DE","15-34",2025-01-16,2025-02-02,3,"quantile",0.9,494183.081357097
"2289","DE","15-34",2025-01-16,2025-02-02,3,"quantile",0.975,603464.149180845
"2290","DE","15-34",2025-01-16,2025-02-09,4,"quantile",0.025,184708.880691708
"2291","DE","15-34",2025-01-16,2025-02-09,4,"quantile",0.1,229654.034741458
"2292","DE","15-34",2025-01-16,2025-02-09,4,"quantile",0.25,279069.559597524
"2293","DE","15-34",2025-01-16,2025-02-09,4,"quantile",0.5,346538.794271183
"2294","DE","15-34",2025-01-16,2025-02-09,4,"quantile",0.75,430319.72425842
"2295","DE","15-34",2025-01-16,2025-02-09,4,"quantile",0.9,522913.24239141
"2296","DE","15-34",2025-01-16,2025-02-09,4,"quantile",0.975,650153.557778102
"2297","DE","35-59",2025-01-16,2025-01-19,1,"quantile",0.025,212623.761558039
"2298","DE","35-59",2025-01-16,2025-01-19,1,"quantile",0.1,249785.860071059
"2299","DE","35-59",2025-01-16,2025-01-19,1,"quantile",0.25,288513.68778886
"2300","DE","35-59",2025-01-16,2025-01-19,1,"quantile",0.5,338624.190646038
"2301","DE","35-59",2025-01-16,2025-01-19,1,"quantile",0.75,397438.136711903
"2302","DE","35-59",2025-01-16,2025-01-19,1,"quantile",0.9,459058.58105044
"2303","DE","35-59",2025-01-16,2025-01-19,1,"quantile",0.975,539292.229854491
"2304","DE","35-59",2025-01-16,2025-01-26,2,"quantile",0.025,203658.622373219
"2305","DE","35-59",2025-01-16,2025-01-26,2,"quantile",0.1,244899.048877882
"2306","DE","35-59",2025-01-16,2025-01-26,2,"quantile",0.25,288834.254361167
"2307","DE","35-59",2025-01-16,2025-01-26,2,"quantile",0.5,346952.432045555
"2308","DE","35-59",2025-01-16,2025-01-26,2,"quantile",0.75,416764.937969594
"2309","DE","35-59",2025-01-16,2025-01-26,2,"quantile",0.9,491533.10579965
"2310","DE","35-59",2025-01-16,2025-01-26,2,"quantile",0.975,591067.486854193
"2311","DE","35-59",2025-01-16,2025-02-02,3,"quantile",0.025,238212.092020418
"2312","DE","35-59",2025-01-16,2025-02-02,3,"quantile",0.1,292453.513557824
"2313","DE","35-59",2025-01-16,2025-02-02,3,"quantile",0.25,351382.161377813
"2314","DE","35-59",2025-01-16,2025-02-02,3,"quantile",0.5,430881.256521801
"2315","DE","35-59",2025-01-16,2025-02-02,3,"quantile",0.75,528366.768801852
"2316","DE","35-59",2025-01-16,2025-02-02,3,"quantile",0.9,634831.344521009
"2317","DE","35-59",2025-01-16,2025-02-02,3,"quantile",0.975,779383.849271146
"2318","DE","35-59",2025-01-16,2025-02-09,4,"quantile",0.025,225589.680632942
"2319","DE","35-59",2025-01-16,2025-02-09,4,"quantile",0.1,284981.713394438
"2320","DE","35-59",2025-01-16,2025-02-09,4,"quantile",0.25,351269.095629897
"2321","DE","35-59",2025-01-16,2025-02-09,4,"quantile",0.5,443150.081147937
"2322","DE","35-59",2025-01-16,2025-02-09,4,"quantile",0.75,559064.252633071
"2323","DE","35-59",2025-01-16,2025-02-09,4,"quantile",0.9,689103.844882897
"2324","DE","35-59",2025-01-16,2025-02-09,4,"quantile",0.975,870527.383479731
"2325","DE","60+",2025-01-16,2025-01-19,1,"quantile",0.025,91677.5357371879
"2326","DE","60+",2025-01-16,2025-01-19,1,"quantile",0.1,105812.364223853
"2327","DE","60+",2025-01-16,2025-01-19,1,"quantile",0.25,120298.55808032
"2328","DE","60+",2025-01-16,2025-01-19,1,"quantile",0.5,138731.101827662
"2329","DE","60+",2025-01-16,2025-01-19,1,"quantile",0.75,159987.941014779
"2330","DE","60+",2025-01-16,2025-01-19,1,"quantile",0.9,181891.017703757
"2331","DE","60+",2025-01-16,2025-01-19,1,"quantile",0.975,209934.94708988
"2332","DE","60+",2025-01-16,2025-01-26,2,"quantile",0.025,80741.1435594408
"2333","DE","60+",2025-01-16,2025-01-26,2,"quantile",0.1,93717.1470590143
"2334","DE","60+",2025-01-16,2025-01-26,2,"quantile",0.25,107086.813141156
"2335","DE","60+",2025-01-16,2025-01-26,2,"quantile",0.5,124189.796081377
"2336","DE","60+",2025-01-16,2025-01-26,2,"quantile",0.75,144024.320066413
"2337","DE","60+",2025-01-16,2025-01-26,2,"quantile",0.9,164570.795577269
"2338","DE","60+",2025-01-16,2025-01-26,2,"quantile",0.975,191019.160378619
"2339","DE","60+",2025-01-16,2025-02-02,3,"quantile",0.025,86283.32778553
"2340","DE","60+",2025-01-16,2025-02-02,3,"quantile",0.1,102365.831983943
"2341","DE","60+",2025-01-16,2025-02-02,3,"quantile",0.25,119282.399282095
"2342","DE","60+",2025-01-16,2025-02-02,3,"quantile",0.5,141375.874133603
"2343","DE","60+",2025-01-16,2025-02-02,3,"quantile",0.75,167561.500333104
"2344","DE","60+",2025-01-16,2025-02-02,3,"quantile",0.9,195252.042597333
"2345","DE","60+",2025-01-16,2025-02-02,3,"quantile",0.975,231645.420963842
"2346","DE","60+",2025-01-16,2025-02-09,4,"quantile",0.025,86054.0166157653
"2347","DE","60+",2025-01-16,2025-02-09,4,"quantile",0.1,104730.779494233
"2348","DE","60+",2025-01-16,2025-02-09,4,"quantile",0.25,124855.000771871
"2349","DE","60+",2025-01-16,2025-02-09,4,"quantile",0.5,151780.471431224
"2350","DE","60+",2025-01-16,2025-02-09,4,"quantile",0.75,184512.525453244
"2351","DE","60+",2025-01-16,2025-02-09,4,"quantile",0.9,219966.963094677
"2352","DE","60+",2025-01-16,2025-02-09,4,"quantile",0.975,267707.568035403
"2353","DE","00+",2025-01-23,2025-01-26,1,"quantile",0.025,866770.144575511
"2354","DE","00+",2025-01-23,2025-01-26,1,"quantile",0.1,996750.10361298
"2355","DE","00+",2025-01-23,2025-01-26,1,"quantile",0.25,1129500.67977751
"2356","DE","00+",2025-01-23,2025-01-26,1,"quantile",0.5,1297830.47860179
"2357","DE","00+",2025-01-23,2025-01-26,1,"quantile",0.75,1491246.51391936
"2358","DE","00+",2025-01-23,2025-01-26,1,"quantile",0.9,1689855.80747105
"2359","DE","00+",2025-01-23,2025-01-26,1,"quantile",0.975,1943264.84562139
"2360","DE","00+",2025-01-23,2025-02-02,2,"quantile",0.025,963140.845466533
"2361","DE","00+",2025-01-23,2025-02-02,2,"quantile",0.1,1142340.9883612
"2362","DE","00+",2025-01-23,2025-02-02,2,"quantile",0.25,1330784.64158398
"2363","DE","00+",2025-01-23,2025-02-02,2,"quantile",0.5,1576831.36046132
"2364","DE","00+",2025-01-23,2025-02-02,2,"quantile",0.75,1868369.2775225
"2365","DE","00+",2025-01-23,2025-02-02,2,"quantile",0.9,2176580.51725981
"2366","DE","00+",2025-01-23,2025-02-02,2,"quantile",0.975,2581550.92376953
"2367","DE","00+",2025-01-23,2025-02-09,3,"quantile",0.025,977902.14624672
"2368","DE","00+",2025-01-23,2025-02-09,3,"quantile",0.1,1183541.34655616
"2369","DE","00+",2025-01-23,2025-02-09,3,"quantile",0.25,1403957.28364084
"2370","DE","00+",2025-01-23,2025-02-09,3,"quantile",0.5,1697315.82356582
"2371","DE","00+",2025-01-23,2025-02-09,3,"quantile",0.75,2051971.97841803
"2372","DE","00+",2025-01-23,2025-02-09,3,"quantile",0.9,2434119.44441962
"2373","DE","00+",2025-01-23,2025-02-09,3,"quantile",0.975,2945980.85911152
"2374","DE","00+",2025-01-23,2025-02-16,4,"quantile",0.025,967838.394857544
"2375","DE","00+",2025-01-23,2025-02-16,4,"quantile",0.1,1203347.68643681
"2376","DE","00+",2025-01-23,2025-02-16,4,"quantile",0.25,1462282.50382172
"2377","DE","00+",2025-01-23,2025-02-16,4,"quantile",0.5,1815819.36095932
"2378","DE","00+",2025-01-23,2025-02-16,4,"quantile",0.75,2254831.02137747
"2379","DE","00+",2025-01-23,2025-02-16,4,"quantile",0.9,2740022.6790629
"2380","DE","00+",2025-01-23,2025-02-16,4,"quantile",0.975,3406767.04825297
"2381","DE","00-04",2025-01-23,2025-01-26,1,"quantile",0.025,170659.47534418
"2382","DE","00-04",2025-01-23,2025-01-26,1,"quantile",0.1,194373.314685551
"2383","DE","00-04",2025-01-23,2025-01-26,1,"quantile",0.25,218373.50800574
"2384","DE","00-04",2025-01-23,2025-01-26,1,"quantile",0.5,248530.365809262
"2385","DE","00-04",2025-01-23,2025-01-26,1,"quantile",0.75,282851.813360354
"2386","DE","00-04",2025-01-23,2025-01-26,1,"quantile",0.9,317776.865765808
"2387","DE","00-04",2025-01-23,2025-01-26,1,"quantile",0.975,361933.274461997
"2388","DE","00-04",2025-01-23,2025-02-02,2,"quantile",0.025,186374.684015993
"2389","DE","00-04",2025-01-23,2025-02-02,2,"quantile",0.1,215808.395631947
"2390","DE","00-04",2025-01-23,2025-02-02,2,"quantile",0.25,246066.330417294
"2391","DE","00-04",2025-01-23,2025-02-02,2,"quantile",0.5,284685.530675993
"2392","DE","00-04",2025-01-23,2025-02-02,2,"quantile",0.75,329365.87154703
"2393","DE","00-04",2025-01-23,2025-02-02,2,"quantile",0.9,375545.405168074
"2394","DE","00-04",2025-01-23,2025-02-02,2,"quantile",0.975,434854.399910436
"2395","DE","00-04",2025-01-23,2025-02-09,3,"quantile",0.025,181261.070017589
"2396","DE","00-04",2025-01-23,2025-02-09,3,"quantile",0.1,213037.430644637
"2397","DE","00-04",2025-01-23,2025-02-09,3,"quantile",0.25,246166.679717145
"2398","DE","00-04",2025-01-23,2025-02-09,3,"quantile",0.5,289051.361808413
"2399","DE","00-04",2025-01-23,2025-02-09,3,"quantile",0.75,339406.9817219
"2400","DE","00-04",2025-01-23,2025-02-09,3,"quantile",0.9,392187.839998254
"2401","DE","00-04",2025-01-23,2025-02-09,3,"quantile",0.975,460941.170407912
"2402","DE","00-04",2025-01-23,2025-02-16,4,"quantile",0.025,167891.722669005
"2403","DE","00-04",2025-01-23,2025-02-16,4,"quantile",0.1,200163.704397573
"2404","DE","00-04",2025-01-23,2025-02-16,4,"quantile",0.25,234266.822798882
"2405","DE","00-04",2025-01-23,2025-02-16,4,"quantile",0.5,279013.573591972
"2406","DE","00-04",2025-01-23,2025-02-16,4,"quantile",0.75,332307.295239136
"2407","DE","00-04",2025-01-23,2025-02-16,4,"quantile",0.9,388924.527965054
"2408","DE","00-04",2025-01-23,2025-02-16,4,"quantile",0.975,463683.218034752
"2409","DE","05-14",2025-01-23,2025-01-26,1,"quantile",0.025,98366.1393403752
"2410","DE","05-14",2025-01-23,2025-01-26,1,"quantile",0.1,120115.519730188
"2411","DE","05-14",2025-01-23,2025-01-26,1,"quantile",0.25,143624.492036792
"2412","DE","05-14",2025-01-23,2025-01-26,1,"quantile",0.5,175178.330830453
"2413","DE","05-14",2025-01-23,2025-01-26,1,"quantile",0.75,213664.4464837
"2414","DE","05-14",2025-01-23,2025-01-26,1,"quantile",0.9,255482.785750551
"2415","DE","05-14",2025-01-23,2025-01-26,1,"quantile",0.975,311971.658116583
"2416","DE","05-14",2025-01-23,2025-02-02,2,"quantile",0.025,115212.513656543
"2417","DE","05-14",2025-01-23,2025-02-02,2,"quantile",0.1,144403.077413703
"2418","DE","05-14",2025-01-23,2025-02-02,2,"quantile",0.25,176741.372809741
"2419","DE","05-14",2025-01-23,2025-02-02,2,"quantile",0.5,221231.99104382
"2420","DE","05-14",2025-01-23,2025-02-02,2,"quantile",0.75,276922.109878029
"2421","DE","05-14",2025-01-23,2025-02-02,2,"quantile",0.9,338937.332484914
"2422","DE","05-14",2025-01-23,2025-02-02,2,"quantile",0.975,424811.440249601
"2423","DE","05-14",2025-01-23,2025-02-09,3,"quantile",0.025,119303.260048576
"2424","DE","05-14",2025-01-23,2025-02-09,3,"quantile",0.1,150323.950767897
"2425","DE","05-14",2025-01-23,2025-02-09,3,"quantile",0.25,184861.822187507
"2426","DE","05-14",2025-01-23,2025-02-09,3,"quantile",0.5,232617.676376566
"2427","DE","05-14",2025-01-23,2025-02-09,3,"quantile",0.75,292710.42945767
"2428","DE","05-14",2025-01-23,2025-02-09,3,"quantile",0.9,359962.488255653
"2429","DE","05-14",2025-01-23,2025-02-09,3,"quantile",0.975,453558.296234322
"2430","DE","05-14",2025-01-23,2025-02-16,4,"quantile",0.025,111947.444479574
"2431","DE","05-14",2025-01-23,2025-02-16,4,"quantile",0.1,141874.972650888
"2432","DE","05-14",2025-01-23,2025-02-16,4,"quantile",0.25,175378.353556067
"2433","DE","05-14",2025-01-23,2025-02-16,4,"quantile",0.5,221958.95056684
"2434","DE","05-14",2025-01-23,2025-02-16,4,"quantile",0.75,280911.382378689
"2435","DE","05-14",2025-01-23,2025-02-16,4,"quantile",0.9,347247.825435438
"2436","DE","05-14",2025-01-23,2025-02-16,4,"quantile",0.975,440079.503071836
"2437","DE","15-34",2025-01-23,2025-01-26,1,"quantile",0.025,199100.640838157
"2438","DE","15-34",2025-01-23,2025-01-26,1,"quantile",0.1,235627.57294227
"2439","DE","15-34",2025-01-23,2025-01-26,1,"quantile",0.25,273959.144233974
"2440","DE","15-34",2025-01-23,2025-01-26,1,"quantile",0.5,323903.969318582
"2441","DE","15-34",2025-01-23,2025-01-26,1,"quantile",0.75,382954.113956248
"2442","DE","15-34",2025-01-23,2025-01-26,1,"quantile",0.9,445252.565437397
"2443","DE","15-34",2025-01-23,2025-01-26,1,"quantile",0.975,526938.441276111
"2444","DE","15-34",2025-01-23,2025-02-02,2,"quantile",0.025,228175.885464947
"2445","DE","15-34",2025-01-23,2025-02-02,2,"quantile",0.1,275442.067426137
"2446","DE","15-34",2025-01-23,2025-02-02,2,"quantile",0.25,325980.635896868
"2447","DE","15-34",2025-01-23,2025-02-02,2,"quantile",0.5,393078.760158557
"2448","DE","15-34",2025-01-23,2025-02-02,2,"quantile",0.75,473988.006258972
"2449","DE","15-34",2025-01-23,2025-02-02,2,"quantile",0.9,560956.113681591
"2450","DE","15-34",2025-01-23,2025-02-02,2,"quantile",0.975,677157.059664503
"2451","DE","15-34",2025-01-23,2025-02-09,3,"quantile",0.025,235094.689117106
"2452","DE","15-34",2025-01-23,2025-02-09,3,"quantile",0.1,287082.301877659
"2453","DE","15-34",2025-01-23,2025-02-09,3,"quantile",0.25,343277.106970615
"2454","DE","15-34",2025-01-23,2025-02-09,3,"quantile",0.5,418703.667044555
"2455","DE","15-34",2025-01-23,2025-02-09,3,"quantile",0.75,510703.327535224
"2456","DE","15-34",2025-01-23,2025-02-09,3,"quantile",0.9,610670.73675363
"2457","DE","15-34",2025-01-23,2025-02-09,3,"quantile",0.975,745711.276826124
"2458","DE","15-34",2025-01-23,2025-02-16,4,"quantile",0.025,246389.32002458
"2459","DE","15-34",2025-01-23,2025-02-16,4,"quantile",0.1,306343.156046147
"2460","DE","15-34",2025-01-23,2025-02-16,4,"quantile",0.25,372260.168386586
"2461","DE","15-34",2025-01-23,2025-02-16,4,"quantile",0.5,462259.624782879
"2462","DE","15-34",2025-01-23,2025-02-16,4,"quantile",0.75,574017.794142565
"2463","DE","15-34",2025-01-23,2025-02-16,4,"quantile",0.9,697531.367967689
"2464","DE","15-34",2025-01-23,2025-02-16,4,"quantile",0.975,867261.457124401
"2465","DE","35-59",2025-01-23,2025-01-26,1,"quantile",0.025,255453.804154531
"2466","DE","35-59",2025-01-23,2025-01-26,1,"quantile",0.1,300101.680600482
"2467","DE","35-59",2025-01-23,2025-01-26,1,"quantile",0.25,346630.680203628
"2468","DE","35-59",2025-01-23,2025-01-26,1,"quantile",0.5,406835.233491377
"2469","DE","35-59",2025-01-23,2025-01-26,1,"quantile",0.75,477496.415241581
"2470","DE","35-59",2025-01-23,2025-01-26,1,"quantile",0.9,551529.424556371
"2471","DE","35-59",2025-01-23,2025-01-26,1,"quantile",0.975,647925.004514158
"2472","DE","35-59",2025-01-23,2025-02-02,2,"quantile",0.025,297619.531058506
"2473","DE","35-59",2025-01-23,2025-02-02,2,"quantile",0.1,357886.836483354
"2474","DE","35-59",2025-01-23,2025-02-02,2,"quantile",0.25,422092.19690719
"2475","DE","35-59",2025-01-23,2025-02-02,2,"quantile",0.5,507024.052906414
"2476","DE","35-59",2025-01-23,2025-02-02,2,"quantile",0.75,609045.58792915
"2477","DE","35-59",2025-01-23,2025-02-02,2,"quantile",0.9,718309.152556951
"2478","DE","35-59",2025-01-23,2025-02-02,2,"quantile",0.975,863765.188095504
"2479","DE","35-59",2025-01-23,2025-02-09,3,"quantile",0.025,308303.82433467
"2480","DE","35-59",2025-01-23,2025-02-09,3,"quantile",0.1,378505.288733453
"2481","DE","35-59",2025-01-23,2025-02-09,3,"quantile",0.25,454773.152936654
"2482","DE","35-59",2025-01-23,2025-02-09,3,"quantile",0.5,557664.130704216
"2483","DE","35-59",2025-01-23,2025-02-09,3,"quantile",0.75,683833.864567215
"2484","DE","35-59",2025-01-23,2025-02-09,3,"quantile",0.9,821624.669274015
"2485","DE","35-59",2025-01-23,2025-02-09,3,"quantile",0.975,1008710.42824465
"2486","DE","35-59",2025-01-23,2025-02-16,4,"quantile",0.025,316783.80173767
"2487","DE","35-59",2025-01-23,2025-02-16,4,"quantile",0.1,400184.930186129
"2488","DE","35-59",2025-01-23,2025-02-16,4,"quantile",0.25,493268.837627595
"2489","DE","35-59",2025-01-23,2025-02-16,4,"quantile",0.5,622292.504925426
"2490","DE","35-59",2025-01-23,2025-02-16,4,"quantile",0.75,785064.71957331
"2491","DE","35-59",2025-01-23,2025-02-16,4,"quantile",0.9,967672.524565702
"2492","DE","35-59",2025-01-23,2025-02-16,4,"quantile",0.975,1222436.12066706
"2493","DE","60+",2025-01-23,2025-01-26,1,"quantile",0.025,93012.3469292857
"2494","DE","60+",2025-01-23,2025-01-26,1,"quantile",0.1,107352.976402099
"2495","DE","60+",2025-01-23,2025-01-26,1,"quantile",0.25,122050.087071884
"2496","DE","60+",2025-01-23,2025-01-26,1,"quantile",0.5,140751.00589601
"2497","DE","60+",2025-01-23,2025-01-26,1,"quantile",0.75,162317.341478589
"2498","DE","60+",2025-01-23,2025-01-26,1,"quantile",0.9,184539.323684287
"2499","DE","60+",2025-01-23,2025-01-26,1,"quantile",0.975,212991.568482839
"2500","DE","60+",2025-01-23,2025-02-02,2,"quantile",0.025,105955.794756986
"2501","DE","60+",2025-01-23,2025-02-02,2,"quantile",0.1,122984.074305127
"2502","DE","60+",2025-01-23,2025-02-02,2,"quantile",0.25,140528.953321188
"2503","DE","60+",2025-01-23,2025-02-02,2,"quantile",0.5,162973.02669268
"2504","DE","60+",2025-01-23,2025-02-02,2,"quantile",0.75,189001.674044124
"2505","DE","60+",2025-01-23,2025-02-02,2,"quantile",0.9,215964.608258761
"2506","DE","60+",2025-01-23,2025-02-02,2,"quantile",0.975,250672.532732071
"2507","DE","60+",2025-01-23,2025-02-09,3,"quantile",0.025,117019.249084018
"2508","DE","60+",2025-01-23,2025-02-09,3,"quantile",0.1,138830.676772189
"2509","DE","60+",2025-01-23,2025-02-09,3,"quantile",0.25,161773.27823547
"2510","DE","60+",2025-01-23,2025-02-09,3,"quantile",0.5,191736.909717166
"2511","DE","60+",2025-01-23,2025-02-09,3,"quantile",0.75,227250.40222266
"2512","DE","60+",2025-01-23,2025-02-09,3,"quantile",0.9,264804.893288925
"2513","DE","60+",2025-01-23,2025-02-09,3,"quantile",0.975,314162.352225431
"2514","DE","60+",2025-01-23,2025-02-16,4,"quantile",0.025,122883.500068136
"2515","DE","60+",2025-01-23,2025-02-16,4,"quantile",0.1,149553.56246274
"2516","DE","60+",2025-01-23,2025-02-16,4,"quantile",0.25,178290.567939005
"2517","DE","60+",2025-01-23,2025-02-16,4,"quantile",0.5,216739.628258602
"2518","DE","60+",2025-01-23,2025-02-16,4,"quantile",0.75,263480.379252301
"2519","DE","60+",2025-01-23,2025-02-16,4,"quantile",0.9,314108.642309211
"2520","DE","60+",2025-01-23,2025-02-16,4,"quantile",0.975,382281.31874198
"2521","DE","00+",2025-01-30,2025-02-02,1,"quantile",0.025,1165570.51862411
"2522","DE","00+",2025-01-30,2025-02-02,1,"quantile",0.1,1340358.27431018
"2523","DE","00+",2025-01-30,2025-02-02,1,"quantile",0.25,1518871.75781684
"2524","DE","00+",2025-01-30,2025-02-02,1,"quantile",0.5,1745229.63613485
"2525","DE","00+",2025-01-30,2025-02-02,1,"quantile",0.75,2005321.69168866
"2526","DE","00+",2025-01-30,2025-02-02,1,"quantile",0.9,2272397.26961132
"2527","DE","00+",2025-01-30,2025-02-02,1,"quantile",0.975,2613163.62603167
"2528","DE","00+",2025-01-30,2025-02-09,2,"quantile",0.025,1143408.6485384
"2529","DE","00+",2025-01-30,2025-02-09,2,"quantile",0.1,1356149.07395959
"2530","DE","00+",2025-01-30,2025-02-09,2,"quantile",0.25,1579863.08616383
"2531","DE","00+",2025-01-30,2025-02-09,2,"quantile",0.5,1871961.53431195
"2532","DE","00+",2025-01-30,2025-02-09,2,"quantile",0.75,2218065.61380736
"2533","DE","00+",2025-01-30,2025-02-09,2,"quantile",0.9,2583963.70519365
"2534","DE","00+",2025-01-30,2025-02-09,2,"quantile",0.975,3064731.04818909
"2535","DE","00+",2025-01-30,2025-02-16,3,"quantile",0.025,1141471.47043748
"2536","DE","00+",2025-01-30,2025-02-16,3,"quantile",0.1,1381507.02129267
"2537","DE","00+",2025-01-30,2025-02-16,3,"quantile",0.25,1638790.94768303
"2538","DE","00+",2025-01-30,2025-02-16,3,"quantile",0.5,1981218.26029174
"2539","DE","00+",2025-01-30,2025-02-16,3,"quantile",0.75,2395196.16609002
"2540","DE","00+",2025-01-30,2025-02-16,3,"quantile",0.9,2841263.73186334
"2541","DE","00+",2025-01-30,2025-02-16,3,"quantile",0.975,3438741.91915548
"2542","DE","00+",2025-01-30,2025-02-23,4,"quantile",0.025,1098660.33540575
"2543","DE","00+",2025-01-30,2025-02-23,4,"quantile",0.1,1366003.22927362
"2544","DE","00+",2025-01-30,2025-02-23,4,"quantile",0.25,1659938.05850532
"2545","DE","00+",2025-01-30,2025-02-23,4,"quantile",0.5,2061262.20942234
"2546","DE","00+",2025-01-30,2025-02-23,4,"quantile",0.75,2559614.72430994
"2547","DE","00+",2025-01-30,2025-02-23,4,"quantile",0.9,3110389.34970307
"2548","DE","00+",2025-01-30,2025-02-23,4,"quantile",0.975,3867257.02118253
"2549","DE","00-04",2025-01-30,2025-02-02,1,"quantile",0.025,204741.646354961
"2550","DE","00-04",2025-01-30,2025-02-02,1,"quantile",0.1,233191.344201258
"2551","DE","00-04",2025-01-30,2025-02-02,1,"quantile",0.25,261984.583388843
"2552","DE","00-04",2025-01-30,2025-02-02,1,"quantile",0.5,298164.026124931
"2553","DE","00-04",2025-01-30,2025-02-02,1,"quantile",0.75,339339.763145828
"2554","DE","00-04",2025-01-30,2025-02-02,1,"quantile",0.9,381239.650123124
"2555","DE","00-04",2025-01-30,2025-02-02,1,"quantile",0.975,434214.474962749
"2556","DE","00-04",2025-01-30,2025-02-09,2,"quantile",0.025,194654.929945031
"2557","DE","00-04",2025-01-30,2025-02-09,2,"quantile",0.1,225396.321153153
"2558","DE","00-04",2025-01-30,2025-02-09,2,"quantile",0.25,256998.554079904
"2559","DE","00-04",2025-01-30,2025-02-09,2,"quantile",0.5,297333.526399669
"2560","DE","00-04",2025-01-30,2025-02-09,2,"quantile",0.75,343998.923409413
"2561","DE","00-04",2025-01-30,2025-02-09,2,"quantile",0.9,392230.119236026
"2562","DE","00-04",2025-01-30,2025-02-09,2,"quantile",0.975,454174.091281575
"2563","DE","00-04",2025-01-30,2025-02-16,3,"quantile",0.025,181681.74322628
"2564","DE","00-04",2025-01-30,2025-02-16,3,"quantile",0.1,213531.850872388
"2565","DE","00-04",2025-01-30,2025-02-16,3,"quantile",0.25,246737.98676625
"2566","DE","00-04",2025-01-30,2025-02-16,3,"quantile",0.5,289722.196223307
"2567","DE","00-04",2025-01-30,2025-02-16,3,"quantile",0.75,340194.68215884
"2568","DE","00-04",2025-01-30,2025-02-16,3,"quantile",0.9,393098.034984113
"2569","DE","00-04",2025-01-30,2025-02-16,3,"quantile",0.975,462010.929077848
"2570","DE","00-04",2025-01-30,2025-02-23,4,"quantile",0.025,170849.019125469
"2571","DE","00-04",2025-01-30,2025-02-23,4,"quantile",0.1,203689.449468963
"2572","DE","00-04",2025-01-30,2025-02-23,4,"quantile",0.25,238393.270689919
"2573","DE","00-04",2025-01-30,2025-02-23,4,"quantile",0.5,283928.204518211
"2574","DE","00-04",2025-01-30,2025-02-23,4,"quantile",0.75,338160.658174753
"2575","DE","00-04",2025-01-30,2025-02-23,4,"quantile",0.9,395775.164256697
"2576","DE","00-04",2025-01-30,2025-02-23,4,"quantile",0.975,471850.676893454
"2577","DE","05-14",2025-01-30,2025-02-02,1,"quantile",0.025,145585.060385773
"2578","DE","05-14",2025-01-30,2025-02-02,1,"quantile",0.1,177774.84519015
"2579","DE","05-14",2025-01-30,2025-02-02,1,"quantile",0.25,212568.882811382
"2580","DE","05-14",2025-01-30,2025-02-02,1,"quantile",0.5,259269.582432035
"2581","DE","05-14",2025-01-30,2025-02-02,1,"quantile",0.75,316230.275501464
"2582","DE","05-14",2025-01-30,2025-02-02,1,"quantile",0.9,378122.767046044
"2583","DE","05-14",2025-01-30,2025-02-02,1,"quantile",0.975,461728.120978618
"2584","DE","05-14",2025-01-30,2025-02-09,2,"quantile",0.025,130116.773787027
"2585","DE","05-14",2025-01-30,2025-02-09,2,"quantile",0.1,163083.522454874
"2586","DE","05-14",2025-01-30,2025-02-09,2,"quantile",0.25,199605.20341783
"2587","DE","05-14",2025-01-30,2025-02-09,2,"quantile",0.5,249851.270660716
"2588","DE","05-14",2025-01-30,2025-02-09,2,"quantile",0.75,312745.64180624
"2589","DE","05-14",2025-01-30,2025-02-09,2,"quantile",0.9,382783.352426348
"2590","DE","05-14",2025-01-30,2025-02-09,2,"quantile",0.975,479766.410078316
"2591","DE","05-14",2025-01-30,2025-02-16,3,"quantile",0.025,120435.78143505
"2592","DE","05-14",2025-01-30,2025-02-16,3,"quantile",0.1,151750.945211087
"2593","DE","05-14",2025-01-30,2025-02-16,3,"quantile",0.25,186616.677562661
"2594","DE","05-14",2025-01-30,2025-02-16,3,"quantile",0.5,234825.868283986
"2595","DE","05-14",2025-01-30,2025-02-16,3,"quantile",0.75,295489.069549061
"2596","DE","05-14",2025-01-30,2025-02-16,3,"quantile",0.9,363379.538352286
"2597","DE","05-14",2025-01-30,2025-02-16,3,"quantile",0.975,457863.832145818
"2598","DE","05-14",2025-01-30,2025-02-23,4,"quantile",0.025,127932.147313594
"2599","DE","05-14",2025-01-30,2025-02-23,4,"quantile",0.1,162132.954313193
"2600","DE","05-14",2025-01-30,2025-02-23,4,"quantile",0.25,200420.201345856
"2601","DE","05-14",2025-01-30,2025-02-23,4,"quantile",0.5,253651.928308813
"2602","DE","05-14",2025-01-30,2025-02-23,4,"quantile",0.75,321022.034219753
"2603","DE","05-14",2025-01-30,2025-02-23,4,"quantile",0.9,396830.496349894
"2604","DE","05-14",2025-01-30,2025-02-23,4,"quantile",0.975,502917.383048899
"2605","DE","15-34",2025-01-30,2025-02-02,1,"quantile",0.025,265781.082478303
"2606","DE","15-34",2025-01-30,2025-02-02,1,"quantile",0.1,314541.184471818
"2607","DE","15-34",2025-01-30,2025-02-02,1,"quantile",0.25,365710.314154753
"2608","DE","15-34",2025-01-30,2025-02-02,1,"quantile",0.5,432382.071811059
"2609","DE","15-34",2025-01-30,2025-02-02,1,"quantile",0.75,511208.5954035
"2610","DE","15-34",2025-01-30,2025-02-02,1,"quantile",0.9,594371.310509181
"2611","DE","15-34",2025-01-30,2025-02-02,1,"quantile",0.975,703414.457794926
"2612","DE","15-34",2025-01-30,2025-02-09,2,"quantile",0.025,274448.989563492
"2613","DE","15-34",2025-01-30,2025-02-09,2,"quantile",0.1,331300.553230439
"2614","DE","15-34",2025-01-30,2025-02-09,2,"quantile",0.25,392088.129544713
"2615","DE","15-34",2025-01-30,2025-02-09,2,"quantile",0.5,472793.469496401
"2616","DE","15-34",2025-01-30,2025-02-09,2,"quantile",0.75,570110.768357126
"2617","DE","15-34",2025-01-30,2025-02-09,2,"quantile",0.9,674715.639979521
"2618","DE","15-34",2025-01-30,2025-02-09,2,"quantile",0.975,814481.646130207
"2619","DE","15-34",2025-01-30,2025-02-16,3,"quantile",0.025,286292.5886744
"2620","DE","15-34",2025-01-30,2025-02-16,3,"quantile",0.1,349601.837777883
"2621","DE","15-34",2025-01-30,2025-02-16,3,"quantile",0.25,418034.503273367
"2622","DE","15-34",2025-01-30,2025-02-16,3,"quantile",0.5,509887.131758807
"2623","DE","15-34",2025-01-30,2025-02-16,3,"quantile",0.75,621922.07843478
"2624","DE","15-34",2025-01-30,2025-02-16,3,"quantile",0.9,743659.955524612
"2625","DE","15-34",2025-01-30,2025-02-16,3,"quantile",0.975,908109.037460637
"2626","DE","15-34",2025-01-30,2025-02-23,4,"quantile",0.025,278416.373097159
"2627","DE","15-34",2025-01-30,2025-02-23,4,"quantile",0.1,346163.341905389
"2628","DE","15-34",2025-01-30,2025-02-23,4,"quantile",0.25,420648.613829491
"2629","DE","15-34",2025-01-30,2025-02-23,4,"quantile",0.5,522346.699720845
"2630","DE","15-34",2025-01-30,2025-02-23,4,"quantile",0.75,648631.817005953
"2631","DE","15-34",2025-01-30,2025-02-23,4,"quantile",0.9,788200.371557052
"2632","DE","15-34",2025-01-30,2025-02-23,4,"quantile",0.975,979992.920940908
"2633","DE","35-59",2025-01-30,2025-02-02,1,"quantile",0.025,358728.108384818
"2634","DE","35-59",2025-01-30,2025-02-02,1,"quantile",0.1,421426.13049439
"2635","DE","35-59",2025-01-30,2025-02-02,1,"quantile",0.25,486765.772109504
"2636","DE","35-59",2025-01-30,2025-02-02,1,"quantile",0.5,571309.690288944
"2637","DE","35-59",2025-01-30,2025-02-02,1,"quantile",0.75,670537.619774593
"2638","DE","35-59",2025-01-30,2025-02-02,1,"quantile",0.9,774500.531884778
"2639","DE","35-59",2025-01-30,2025-02-02,1,"quantile",0.975,909866.705699893
"2640","DE","35-59",2025-01-30,2025-02-09,2,"quantile",0.025,375371.691776797
"2641","DE","35-59",2025-01-30,2025-02-09,2,"quantile",0.1,451383.640037366
"2642","DE","35-59",2025-01-30,2025-02-09,2,"quantile",0.25,532362.447704046
"2643","DE","35-59",2025-01-30,2025-02-09,2,"quantile",0.5,639482.482329412
"2644","DE","35-59",2025-01-30,2025-02-09,2,"quantile",0.75,768156.820545548
"2645","DE","35-59",2025-01-30,2025-02-09,2,"quantile",0.9,905965.145684796
"2646","DE","35-59",2025-01-30,2025-02-09,2,"quantile",0.975,1089421.11023478
"2647","DE","35-59",2025-01-30,2025-02-16,3,"quantile",0.025,389023.542868992
"2648","DE","35-59",2025-01-30,2025-02-16,3,"quantile",0.1,477605.066156748
"2649","DE","35-59",2025-01-30,2025-02-16,3,"quantile",0.25,573841.286396342
"2650","DE","35-59",2025-01-30,2025-02-16,3,"quantile",0.5,703671.050223537
"2651","DE","35-59",2025-01-30,2025-02-16,3,"quantile",0.75,862874.384713936
"2652","DE","35-59",2025-01-30,2025-02-16,3,"quantile",0.9,1036741.40416297
"2653","DE","35-59",2025-01-30,2025-02-16,3,"quantile",0.975,1272809.72064317
"2654","DE","35-59",2025-01-30,2025-02-23,4,"quantile",0.025,379956.420362862
"2655","DE","35-59",2025-01-30,2025-02-23,4,"quantile",0.1,479989.294662861
"2656","DE","35-59",2025-01-30,2025-02-23,4,"quantile",0.25,591635.875298748
"2657","DE","35-59",2025-01-30,2025-02-23,4,"quantile",0.5,746389.276513273
"2658","DE","35-59",2025-01-30,2025-02-23,4,"quantile",0.75,941621.317018176
"2659","DE","35-59",2025-01-30,2025-02-23,4,"quantile",0.9,1160644.53580221
"2660","DE","35-59",2025-01-30,2025-02-23,4,"quantile",0.975,1466212.76082656
"2661","DE","60+",2025-01-30,2025-02-02,1,"quantile",0.025,125172.775287515
"2662","DE","60+",2025-01-30,2025-02-02,1,"quantile",0.1,144471.894702776
"2663","DE","60+",2025-01-30,2025-02-02,1,"quantile",0.25,164250.754090588
"2664","DE","60+",2025-01-30,2025-02-02,1,"quantile",0.5,189417.798971436
"2665","DE","60+",2025-01-30,2025-02-02,1,"quantile",0.75,218441.021874367
"2666","DE","60+",2025-01-30,2025-02-02,1,"quantile",0.9,248346.59115531
"2667","DE","60+",2025-01-30,2025-02-02,1,"quantile",0.975,286636.630727177
"2668","DE","60+",2025-01-30,2025-02-09,2,"quantile",0.025,142281.12464607
"2669","DE","60+",2025-01-30,2025-02-09,2,"quantile",0.1,165147.290394285
"2670","DE","60+",2025-01-30,2025-02-09,2,"quantile",0.25,188707.163867083
"2671","DE","60+",2025-01-30,2025-02-09,2,"quantile",0.5,218845.845835908
"2672","DE","60+",2025-01-30,2025-02-09,2,"quantile",0.75,253798.018359112
"2673","DE","60+",2025-01-30,2025-02-09,2,"quantile",0.9,290004.783761752
"2674","DE","60+",2025-01-30,2025-02-09,2,"quantile",0.975,336611.791330517
"2675","DE","60+",2025-01-30,2025-02-16,3,"quantile",0.025,148023.490452578
"2676","DE","60+",2025-01-30,2025-02-16,3,"quantile",0.1,175613.854289548
"2677","DE","60+",2025-01-30,2025-02-16,3,"quantile",0.25,204635.096309474
"2678","DE","60+",2025-01-30,2025-02-16,3,"quantile",0.5,242537.589730629
"2679","DE","60+",2025-01-30,2025-02-16,3,"quantile",0.75,287460.379442347
"2680","DE","60+",2025-01-30,2025-02-16,3,"quantile",0.9,334964.930132188
"2681","DE","60+",2025-01-30,2025-02-16,3,"quantile",0.975,397399.644154372
"2682","DE","60+",2025-01-30,2025-02-23,4,"quantile",0.025,145296.33845009
"2683","DE","60+",2025-01-30,2025-02-23,4,"quantile",0.1,176830.778875557
"2684","DE","60+",2025-01-30,2025-02-23,4,"quantile",0.25,210809.15409604
"2685","DE","60+",2025-01-30,2025-02-23,4,"quantile",0.5,256270.975074337
"2686","DE","60+",2025-01-30,2025-02-23,4,"quantile",0.75,311536.816070291
"2687","DE","60+",2025-01-30,2025-02-23,4,"quantile",0.9,371399.216149864
"2688","DE","60+",2025-01-30,2025-02-23,4,"quantile",0.975,452005.971837419
"2689","DE","00+",2025-02-06,2025-02-09,1,"quantile",0.025,1465295.81896694
"2690","DE","00+",2025-02-06,2025-02-09,1,"quantile",0.1,1685030.07229701
"2691","DE","00+",2025-02-06,2025-02-09,1,"quantile",0.25,1909448.12065354
"2692","DE","00+",2025-02-06,2025-02-09,1,"quantile",0.5,2194013.70239213
"2693","DE","00+",2025-02-06,2025-02-09,1,"quantile",0.75,2520988.17151252
"2694","DE","00+",2025-02-06,2025-02-09,1,"quantile",0.9,2856741.96883764
"2695","DE","00+",2025-02-06,2025-02-09,1,"quantile",0.975,3285136.05510602
"2696","DE","00+",2025-02-06,2025-02-16,2,"quantile",0.025,1365927.89368005
"2697","DE","00+",2025-02-06,2025-02-16,2,"quantile",0.1,1620069.82409803
"2698","DE","00+",2025-02-06,2025-02-16,2,"quantile",0.25,1887320.91570684
"2699","DE","00+",2025-02-06,2025-02-16,2,"quantile",0.5,2236264.76752762
"2700","DE","00+",2025-02-06,2025-02-16,2,"quantile",0.75,2649724.3096638
"2701","DE","00+",2025-02-06,2025-02-16,2,"quantile",0.9,3086829.98479376
"2702","DE","00+",2025-02-06,2025-02-16,2,"quantile",0.975,3661159.66561904
"2703","DE","00+",2025-02-06,2025-02-23,3,"quantile",0.025,1066621.883105
"2704","DE","00+",2025-02-06,2025-02-23,3,"quantile",0.1,1290917.60831238
"2705","DE","00+",2025-02-06,2025-02-23,3,"quantile",0.25,1531330.68316037
"2706","DE","00+",2025-02-06,2025-02-23,3,"quantile",0.5,1851304.04601744
"2707","DE","00+",2025-02-06,2025-02-23,3,"quantile",0.75,2238136.22262645
"2708","DE","00+",2025-02-06,2025-02-23,3,"quantile",0.9,2654953.84734978
"2709","DE","00+",2025-02-06,2025-02-23,3,"quantile",0.975,3213253.66101001
"2710","DE","00+",2025-02-06,2025-03-02,4,"quantile",0.025,799604.633850025
"2711","DE","00+",2025-02-06,2025-03-02,4,"quantile",0.1,994176.704830153
"2712","DE","00+",2025-02-06,2025-03-02,4,"quantile",0.25,1208102.37769681
"2713","DE","00+",2025-02-06,2025-03-02,4,"quantile",0.5,1500185.96386784
"2714","DE","00+",2025-02-06,2025-03-02,4,"quantile",0.75,1862886.76169701
"2715","DE","00+",2025-02-06,2025-03-02,4,"quantile",0.9,2263740.35445797
"2716","DE","00+",2025-02-06,2025-03-02,4,"quantile",0.975,2814588.39895642
"2717","DE","00-04",2025-02-06,2025-02-09,1,"quantile",0.025,189229.922324639
"2718","DE","00-04",2025-02-06,2025-02-09,1,"quantile",0.1,215524.202015448
"2719","DE","00-04",2025-02-06,2025-02-09,1,"quantile",0.25,242135.995521765
"2720","DE","00-04",2025-02-06,2025-02-09,1,"quantile",0.5,275574.395869632
"2721","DE","00-04",2025-02-06,2025-02-09,1,"quantile",0.75,313630.559121419
"2722","DE","00-04",2025-02-06,2025-02-09,1,"quantile",0.9,352356.008971416
"2723","DE","00-04",2025-02-06,2025-02-09,1,"quantile",0.975,401317.332512716
"2724","DE","00-04",2025-02-06,2025-02-16,2,"quantile",0.025,179486.06524507
"2725","DE","00-04",2025-02-06,2025-02-16,2,"quantile",0.1,207831.873643878
"2726","DE","00-04",2025-02-06,2025-02-16,2,"quantile",0.25,236971.440993046
"2727","DE","00-04",2025-02-06,2025-02-16,2,"quantile",0.5,274163.232002335
"2728","DE","00-04",2025-02-06,2025-02-16,2,"quantile",0.75,317192.137022841
"2729","DE","00-04",2025-02-06,2025-02-16,2,"quantile",0.9,361664.822936462
"2730","DE","00-04",2025-02-06,2025-02-16,2,"quantile",0.975,418781.690262893
"2731","DE","00-04",2025-02-06,2025-02-23,3,"quantile",0.025,148618.435242454
"2732","DE","00-04",2025-02-06,2025-02-23,3,"quantile",0.1,174672.308772128
"2733","DE","00-04",2025-02-06,2025-02-23,3,"quantile",0.25,201835.434077722
"2734","DE","00-04",2025-02-06,2025-02-23,3,"quantile",0.5,236997.172600261
"2735","DE","00-04",2025-02-06,2025-02-23,3,"quantile",0.75,278284.435422223
"2736","DE","00-04",2025-02-06,2025-02-23,3,"quantile",0.9,321560.184412474
"2737","DE","00-04",2025-02-06,2025-02-23,3,"quantile",0.975,377931.982185704
"2738","DE","00-04",2025-02-06,2025-03-02,4,"quantile",0.025,131139.435449172
"2739","DE","00-04",2025-02-06,2025-03-02,4,"quantile",0.1,156346.928692027
"2740","DE","00-04",2025-02-06,2025-03-02,4,"quantile",0.25,182984.714183221
"2741","DE","00-04",2025-02-06,2025-03-02,4,"quantile",0.5,217936.190908249
"2742","DE","00-04",2025-02-06,2025-03-02,4,"quantile",0.75,259563.666394773
"2743","DE","00-04",2025-02-06,2025-03-02,4,"quantile",0.9,303787.120763688
"2744","DE","00-04",2025-02-06,2025-03-02,4,"quantile",0.975,362180.782195037
"2745","DE","05-14",2025-02-06,2025-02-09,1,"quantile",0.025,135993.481250683
"2746","DE","05-14",2025-02-06,2025-02-09,1,"quantile",0.1,166062.506771967
"2747","DE","05-14",2025-02-06,2025-02-09,1,"quantile",0.25,198564.209146787
"2748","DE","05-14",2025-02-06,2025-02-09,1,"quantile",0.5,242188.12702288
"2749","DE","05-14",2025-02-06,2025-02-09,1,"quantile",0.75,295396.079297908
"2750","DE","05-14",2025-02-06,2025-02-09,1,"quantile",0.9,353210.908416518
"2751","DE","05-14",2025-02-06,2025-02-09,1,"quantile",0.975,431308.09161896
"2752","DE","05-14",2025-02-06,2025-02-16,2,"quantile",0.025,127839.2787182
"2753","DE","05-14",2025-02-06,2025-02-16,2,"quantile",0.1,160228.994884079
"2754","DE","05-14",2025-02-06,2025-02-16,2,"quantile",0.25,196111.419693677
"2755","DE","05-14",2025-02-06,2025-02-16,2,"quantile",0.5,245478.006397329
"2756","DE","05-14",2025-02-06,2025-02-16,2,"quantile",0.75,307271.507793536
"2757","DE","05-14",2025-02-06,2025-02-16,2,"quantile",0.9,376083.315434906
"2758","DE","05-14",2025-02-06,2025-02-16,2,"quantile",0.975,471368.833030097
"2759","DE","05-14",2025-02-06,2025-02-23,3,"quantile",0.025,106935.157889608
"2760","DE","05-14",2025-02-06,2025-02-23,3,"quantile",0.1,134739.950973759
"2761","DE","05-14",2025-02-06,2025-02-23,3,"quantile",0.25,165697.300604633
"2762","DE","05-14",2025-02-06,2025-02-23,3,"quantile",0.5,208502.332133368
"2763","DE","05-14",2025-02-06,2025-02-23,3,"quantile",0.75,262365.303154719
"2764","DE","05-14",2025-02-06,2025-02-23,3,"quantile",0.9,322645.378678517
"2765","DE","05-14",2025-02-06,2025-02-23,3,"quantile",0.975,406538.161658037
"2766","DE","05-14",2025-02-06,2025-03-02,4,"quantile",0.025,92684.3966674724
"2767","DE","05-14",2025-02-06,2025-03-02,4,"quantile",0.1,117462.227954305
"2768","DE","05-14",2025-02-06,2025-03-02,4,"quantile",0.25,145200.60697629
"2769","DE","05-14",2025-02-06,2025-03-02,4,"quantile",0.5,183765.976203114
"2770","DE","05-14",2025-02-06,2025-03-02,4,"quantile",0.75,232574.330873135
"2771","DE","05-14",2025-02-06,2025-03-02,4,"quantile",0.9,287496.113414609
"2772","DE","05-14",2025-02-06,2025-03-02,4,"quantile",0.975,364354.036106437
"2773","DE","15-34",2025-02-06,2025-02-09,1,"quantile",0.025,312954.713365552
"2774","DE","15-34",2025-02-06,2025-02-09,1,"quantile",0.1,370369.272749406
"2775","DE","15-34",2025-02-06,2025-02-09,1,"quantile",0.25,430620.439475672
"2776","DE","15-34",2025-02-06,2025-02-09,1,"quantile",0.5,509125.80416283
"2777","DE","15-34",2025-02-06,2025-02-09,1,"quantile",0.75,601943.290894562
"2778","DE","15-34",2025-02-06,2025-02-09,1,"quantile",0.9,699866.6021623
"2779","DE","15-34",2025-02-06,2025-02-09,1,"quantile",0.975,828263.877788845
"2780","DE","15-34",2025-02-06,2025-02-16,2,"quantile",0.025,306274.559532329
"2781","DE","15-34",2025-02-06,2025-02-16,2,"quantile",0.1,369718.726874728
"2782","DE","15-34",2025-02-06,2025-02-16,2,"quantile",0.25,437555.333561834
"2783","DE","15-34",2025-02-06,2025-02-16,2,"quantile",0.5,527619.401514585
"2784","DE","15-34",2025-02-06,2025-02-16,2,"quantile",0.75,636221.779285589
"2785","DE","15-34",2025-02-06,2025-02-16,2,"quantile",0.9,752956.809106761
"2786","DE","15-34",2025-02-06,2025-02-16,2,"quantile",0.975,908930.318207589
"2787","DE","15-34",2025-02-06,2025-02-23,3,"quantile",0.025,241605.08333176
"2788","DE","15-34",2025-02-06,2025-02-23,3,"quantile",0.1,295032.370695856
"2789","DE","15-34",2025-02-06,2025-02-23,3,"quantile",0.25,352783.358684073
"2790","DE","15-34",2025-02-06,2025-02-23,3,"quantile",0.5,430298.679853302
"2791","DE","15-34",2025-02-06,2025-02-23,3,"quantile",0.75,524846.054457198
"2792","DE","15-34",2025-02-06,2025-02-23,3,"quantile",0.9,627581.825840966
"2793","DE","15-34",2025-02-06,2025-02-23,3,"quantile",0.975,766361.995907371
"2794","DE","15-34",2025-02-06,2025-03-02,4,"quantile",0.025,204169.743205863
"2795","DE","15-34",2025-02-06,2025-03-02,4,"quantile",0.1,253850.302832021
"2796","DE","15-34",2025-02-06,2025-03-02,4,"quantile",0.25,308472.229955738
"2797","DE","15-34",2025-02-06,2025-03-02,4,"quantile",0.5,383049.999395036
"2798","DE","15-34",2025-02-06,2025-03-02,4,"quantile",0.75,475658.058612247
"2799","DE","15-34",2025-02-06,2025-03-02,4,"quantile",0.9,578007.197153633
"2800","DE","15-34",2025-02-06,2025-03-02,4,"quantile",0.975,718653.507285814
"2801","DE","35-59",2025-02-06,2025-02-09,1,"quantile",0.025,472826.15038504
"2802","DE","35-59",2025-02-06,2025-02-09,1,"quantile",0.1,555466.076663199
"2803","DE","35-59",2025-02-06,2025-02-09,1,"quantile",0.25,641587.823162281
"2804","DE","35-59",2025-02-06,2025-02-09,1,"quantile",0.5,753022.010885231
"2805","DE","35-59",2025-02-06,2025-02-09,1,"quantile",0.75,883810.646659062
"2806","DE","35-59",2025-02-06,2025-02-09,1,"quantile",0.9,1020840.28656435
"2807","DE","35-59",2025-02-06,2025-02-09,1,"quantile",0.975,1199261.39536883
"2808","DE","35-59",2025-02-06,2025-02-16,2,"quantile",0.025,453765.525305745
"2809","DE","35-59",2025-02-06,2025-02-16,2,"quantile",0.1,545652.053745614
"2810","DE","35-59",2025-02-06,2025-02-16,2,"quantile",0.25,643542.736512799
"2811","DE","35-59",2025-02-06,2025-02-16,2,"quantile",0.5,773034.064301713
"2812","DE","35-59",2025-02-06,2025-02-16,2,"quantile",0.75,928581.165889578
"2813","DE","35-59",2025-02-06,2025-02-16,2,"quantile",0.9,1095169.82565857
"2814","DE","35-59",2025-02-06,2025-02-16,2,"quantile",0.975,1316939.32492597
"2815","DE","35-59",2025-02-06,2025-02-23,3,"quantile",0.025,350183.028515674
"2816","DE","35-59",2025-02-06,2025-02-23,3,"quantile",0.1,429920.480564648
"2817","DE","35-59",2025-02-06,2025-02-23,3,"quantile",0.25,516548.376675684
"2818","DE","35-59",2025-02-06,2025-02-23,3,"quantile",0.5,633415.802110121
"2819","DE","35-59",2025-02-06,2025-02-23,3,"quantile",0.75,776724.110420952
"2820","DE","35-59",2025-02-06,2025-02-23,3,"quantile",0.9,933232.066162236
"2821","DE","35-59",2025-02-06,2025-02-23,3,"quantile",0.975,1145731.07686985
"2822","DE","35-59",2025-02-06,2025-03-02,4,"quantile",0.025,276755.562236915
"2823","DE","35-59",2025-02-06,2025-03-02,4,"quantile",0.1,349618.271972499
"2824","DE","35-59",2025-02-06,2025-03-02,4,"quantile",0.25,430940.261915991
"2825","DE","35-59",2025-02-06,2025-03-02,4,"quantile",0.5,543660.727384897
"2826","DE","35-59",2025-02-06,2025-03-02,4,"quantile",0.75,685865.333599982
"2827","DE","35-59",2025-02-06,2025-03-02,4,"quantile",0.9,845399.140133969
"2828","DE","35-59",2025-02-06,2025-03-02,4,"quantile",0.975,1067971.25995125
"2829","DE","60+",2025-02-06,2025-02-09,1,"quantile",0.025,172141.136959443
"2830","DE","60+",2025-02-06,2025-02-09,1,"quantile",0.1,198681.831218464
"2831","DE","60+",2025-02-06,2025-02-09,1,"quantile",0.25,225882.277441362
"2832","DE","60+",2025-02-06,2025-02-09,1,"quantile",0.5,260492.70858142
"2833","DE","60+",2025-02-06,2025-02-09,1,"quantile",0.75,300406.264682275
"2834","DE","60+",2025-02-06,2025-02-09,1,"quantile",0.9,341533.248450241
"2835","DE","60+",2025-02-06,2025-02-09,1,"quantile",0.975,394190.792640528
"2836","DE","60+",2025-02-06,2025-02-16,2,"quantile",0.025,170290.031212277
"2837","DE","60+",2025-02-06,2025-02-16,2,"quantile",0.1,197657.54105348
"2838","DE","60+",2025-02-06,2025-02-16,2,"quantile",0.25,225855.319212882
"2839","DE","60+",2025-02-06,2025-02-16,2,"quantile",0.5,261926.984417489
"2840","DE","60+",2025-02-06,2025-02-16,2,"quantile",0.75,303759.705129524
"2841","DE","60+",2025-02-06,2025-02-16,2,"quantile",0.9,347093.992975846
"2842","DE","60+",2025-02-06,2025-02-16,2,"quantile",0.975,402875.874046428
"2843","DE","60+",2025-02-06,2025-02-23,3,"quantile",0.025,140265.44617262
"2844","DE","60+",2025-02-06,2025-02-23,3,"quantile",0.1,166409.774223696
"2845","DE","60+",2025-02-06,2025-02-23,3,"quantile",0.25,193909.986845102
"2846","DE","60+",2025-02-06,2025-02-23,3,"quantile",0.5,229825.97649322
"2847","DE","60+",2025-02-06,2025-02-23,3,"quantile",0.75,272394.322388642
"2848","DE","60+",2025-02-06,2025-02-23,3,"quantile",0.9,317409.116847059
"2849","DE","60+",2025-02-06,2025-02-23,3,"quantile",0.975,376571.571348071
"2850","DE","60+",2025-02-06,2025-03-02,4,"quantile",0.025,117692.482601132
"2851","DE","60+",2025-02-06,2025-03-02,4,"quantile",0.1,143235.910747365
"2852","DE","60+",2025-02-06,2025-03-02,4,"quantile",0.25,170758.96726145
"2853","DE","60+",2025-02-06,2025-03-02,4,"quantile",0.5,207583.808352281
"2854","DE","60+",2025-02-06,2025-03-02,4,"quantile",0.75,252350.070869539
"2855","DE","60+",2025-02-06,2025-03-02,4,"quantile",0.9,300839.623703296
"2856","DE","60+",2025-02-06,2025-03-02,4,"quantile",0.975,366132.454152359
"2857","DE","00+",2025-02-13,2025-02-16,1,"quantile",0.025,1404418.44133995
"2858","DE","00+",2025-02-13,2025-02-16,1,"quantile",0.1,1615023.58575945
"2859","DE","00+",2025-02-13,2025-02-16,1,"quantile",0.25,1830117.93162583
"2860","DE","00+",2025-02-13,2025-02-16,1,"quantile",0.5,2102860.91334405
"2861","DE","00+",2025-02-13,2025-02-16,1,"quantile",0.75,2416250.85709191
"2862","DE","00+",2025-02-13,2025-02-16,1,"quantile",0.9,2738055.38189139
"2863","DE","00+",2025-02-13,2025-02-16,1,"quantile",0.975,3148651.34970112
"2864","DE","00+",2025-02-13,2025-02-23,2,"quantile",0.025,1011431.11996295
"2865","DE","00+",2025-02-13,2025-02-23,2,"quantile",0.1,1199616.05893486
"2866","DE","00+",2025-02-13,2025-02-23,2,"quantile",0.25,1397507.96241519
"2867","DE","00+",2025-02-13,2025-02-23,2,"quantile",0.5,1655891.05312169
"2868","DE","00+",2025-02-13,2025-02-23,2,"quantile",0.75,1962046.19476354
"2869","DE","00+",2025-02-13,2025-02-23,2,"quantile",0.9,2285710.63165249
"2870","DE","00+",2025-02-13,2025-02-23,2,"quantile",0.975,2710985.57844345
"2871","DE","00+",2025-02-13,2025-03-02,3,"quantile",0.025,752642.156056683
"2872","DE","00+",2025-02-13,2025-03-02,3,"quantile",0.1,910912.318040372
"2873","DE","00+",2025-02-13,2025-03-02,3,"quantile",0.25,1080555.39199557
"2874","DE","00+",2025-02-13,2025-03-02,3,"quantile",0.5,1306338.72301105
"2875","DE","00+",2025-02-13,2025-03-02,3,"quantile",0.75,1579299.74888796
"2876","DE","00+",2025-02-13,2025-03-02,3,"quantile",0.9,1873419.45590256
"2877","DE","00+",2025-02-13,2025-03-02,3,"quantile",0.975,2267373.47291189
"2878","DE","00+",2025-02-13,2025-03-09,4,"quantile",0.025,555057.617461367
"2879","DE","00+",2025-02-13,2025-03-09,4,"quantile",0.1,690122.755369273
"2880","DE","00+",2025-02-13,2025-03-09,4,"quantile",0.25,838622.487947683
"2881","DE","00+",2025-02-13,2025-03-09,4,"quantile",0.5,1041376.71494491
"2882","DE","00+",2025-02-13,2025-03-09,4,"quantile",0.75,1293150.9445727
"2883","DE","00+",2025-02-13,2025-03-09,4,"quantile",0.9,1571409.51228187
"2884","DE","00+",2025-02-13,2025-03-09,4,"quantile",0.975,1953788.99111304
"2885","DE","00-04",2025-02-13,2025-02-16,1,"quantile",0.025,173028.466283519
"2886","DE","00-04",2025-02-13,2025-02-16,1,"quantile",0.1,197071.486705656
"2887","DE","00-04",2025-02-13,2025-02-16,1,"quantile",0.25,221404.836098212
"2888","DE","00-04",2025-02-13,2025-02-16,1,"quantile",0.5,251980.313042285
"2889","DE","00-04",2025-02-13,2025-02-16,1,"quantile",0.75,286778.190033404
"2890","DE","00-04",2025-02-13,2025-02-16,1,"quantile",0.9,322188.050753999
"2891","DE","00-04",2025-02-13,2025-02-16,1,"quantile",0.975,366957.411833313
"2892","DE","00-04",2025-02-13,2025-02-23,2,"quantile",0.025,142622.835811084
"2893","DE","00-04",2025-02-13,2025-02-23,2,"quantile",0.1,165146.92185462
"2894","DE","00-04",2025-02-13,2025-02-23,2,"quantile",0.25,188301.742948792
"2895","DE","00-04",2025-02-13,2025-02-23,2,"quantile",0.5,217855.004899214
"2896","DE","00-04",2025-02-13,2025-02-23,2,"quantile",0.75,252046.541983115
"2897","DE","00-04",2025-02-13,2025-02-23,2,"quantile",0.9,287385.333172703
"2898","DE","00-04",2025-02-13,2025-02-23,2,"quantile",0.975,332771.416931452
"2899","DE","00-04",2025-02-13,2025-03-02,3,"quantile",0.025,119631.041313567
"2900","DE","00-04",2025-02-13,2025-03-02,3,"quantile",0.1,140603.217581755
"2901","DE","00-04",2025-02-13,2025-03-02,3,"quantile",0.25,162468.290783056
"2902","DE","00-04",2025-02-13,2025-03-02,3,"quantile",0.5,190771.881700189
"2903","DE","00-04",2025-02-13,2025-03-02,3,"quantile",0.75,224006.23944538
"2904","DE","00-04",2025-02-13,2025-03-02,3,"quantile",0.9,258841.237585969
"2905","DE","00-04",2025-02-13,2025-03-02,3,"quantile",0.975,304217.955873493
"2906","DE","00-04",2025-02-13,2025-03-09,4,"quantile",0.025,116863.298704395
"2907","DE","00-04",2025-02-13,2025-03-09,4,"quantile",0.1,139326.646989668
"2908","DE","00-04",2025-02-13,2025-03-09,4,"quantile",0.25,163064.582661105
"2909","DE","00-04",2025-02-13,2025-03-09,4,"quantile",0.5,194211.162259273
"2910","DE","00-04",2025-02-13,2025-03-09,4,"quantile",0.75,231306.976233379
"2911","DE","00-04",2025-02-13,2025-03-09,4,"quantile",0.9,270716.164933583
"2912","DE","00-04",2025-02-13,2025-03-09,4,"quantile",0.975,322752.95977658
"2913","DE","05-14",2025-02-13,2025-02-16,1,"quantile",0.025,116026.312519513
"2914","DE","05-14",2025-02-13,2025-02-16,1,"quantile",0.1,141680.469764438
"2915","DE","05-14",2025-02-13,2025-02-16,1,"quantile",0.25,169410.127410349
"2916","DE","05-14",2025-02-13,2025-02-16,1,"quantile",0.5,206628.987331193
"2917","DE","05-14",2025-02-13,2025-02-16,1,"quantile",0.75,252024.711026257
"2918","DE","05-14",2025-02-13,2025-02-16,1,"quantile",0.9,301350.909384344
"2919","DE","05-14",2025-02-13,2025-02-16,1,"quantile",0.975,367981.516247309
"2920","DE","05-14",2025-02-13,2025-02-23,2,"quantile",0.025,95339.5983048825
"2921","DE","05-14",2025-02-13,2025-02-23,2,"quantile",0.1,119495.104808256
"2922","DE","05-14",2025-02-13,2025-02-23,2,"quantile",0.25,146255.393209862
"2923","DE","05-14",2025-02-13,2025-02-23,2,"quantile",0.5,183071.859895224
"2924","DE","05-14",2025-02-13,2025-02-23,2,"quantile",0.75,229156.034180602
"2925","DE","05-14",2025-02-13,2025-02-23,2,"quantile",0.9,280474.300091837
"2926","DE","05-14",2025-02-13,2025-02-23,2,"quantile",0.975,351536.050931526
"2927","DE","05-14",2025-02-13,2025-03-02,3,"quantile",0.025,81376.4912354651
"2928","DE","05-14",2025-02-13,2025-03-02,3,"quantile",0.1,102535.636135706
"2929","DE","05-14",2025-02-13,2025-03-02,3,"quantile",0.25,126093.842254508
"2930","DE","05-14",2025-02-13,2025-03-02,3,"quantile",0.5,158668.005343394
"2931","DE","05-14",2025-02-13,2025-03-02,3,"quantile",0.75,199657.140027797
"2932","DE","05-14",2025-02-13,2025-03-02,3,"quantile",0.9,245529.621392621
"2933","DE","05-14",2025-02-13,2025-03-02,3,"quantile",0.975,309371.116122532
"2934","DE","05-14",2025-02-13,2025-03-09,4,"quantile",0.025,75881.8480984805
"2935","DE","05-14",2025-02-13,2025-03-09,4,"quantile",0.1,96167.7613430028
"2936","DE","05-14",2025-02-13,2025-03-09,4,"quantile",0.25,118877.511194382
"2937","DE","05-14",2025-02-13,2025-03-09,4,"quantile",0.5,150451.450225683
"2938","DE","05-14",2025-02-13,2025-03-09,4,"quantile",0.75,190411.446602366
"2939","DE","05-14",2025-02-13,2025-03-09,4,"quantile",0.9,235376.58107977
"2940","DE","05-14",2025-02-13,2025-03-09,4,"quantile",0.975,298301.101544528
"2941","DE","15-34",2025-02-13,2025-02-16,1,"quantile",0.025,287661.246778456
"2942","DE","15-34",2025-02-13,2025-02-16,1,"quantile",0.1,340435.475860934
"2943","DE","15-34",2025-02-13,2025-02-16,1,"quantile",0.25,395817.053450691
"2944","DE","15-34",2025-02-13,2025-02-16,1,"quantile",0.5,467977.497502948
"2945","DE","15-34",2025-02-13,2025-02-16,1,"quantile",0.75,553293.336555052
"2946","DE","15-34",2025-02-13,2025-02-16,1,"quantile",0.9,643302.339790768
"2947","DE","15-34",2025-02-13,2025-02-16,1,"quantile",0.975,761322.356145487
"2948","DE","15-34",2025-02-13,2025-02-23,2,"quantile",0.025,228903.877825644
"2949","DE","15-34",2025-02-13,2025-02-23,2,"quantile",0.1,276320.861959976
"2950","DE","15-34",2025-02-13,2025-02-23,2,"quantile",0.25,327020.673112827
"2951","DE","15-34",2025-02-13,2025-02-23,2,"quantile",0.5,394332.873116043
"2952","DE","15-34",2025-02-13,2025-02-23,2,"quantile",0.75,475500.259172619
"2953","DE","15-34",2025-02-13,2025-02-23,2,"quantile",0.9,562745.837274047
"2954","DE","15-34",2025-02-13,2025-02-23,2,"quantile",0.975,679317.520948232
"2955","DE","15-34",2025-02-13,2025-03-02,3,"quantile",0.025,187253.744623823
"2956","DE","15-34",2025-02-13,2025-03-02,3,"quantile",0.1,228662.060566755
"2957","DE","15-34",2025-02-13,2025-03-02,3,"quantile",0.25,273421.419961813
"2958","DE","15-34",2025-02-13,2025-03-02,3,"quantile",0.5,333498.939666666
"2959","DE","15-34",2025-02-13,2025-03-02,3,"quantile",0.75,406776.991993984
"2960","DE","15-34",2025-02-13,2025-03-02,3,"quantile",0.9,486401.384134821
"2961","DE","15-34",2025-02-13,2025-03-02,3,"quantile",0.975,593961.648041939
"2962","DE","15-34",2025-02-13,2025-03-09,4,"quantile",0.025,160358.491973257
"2963","DE","15-34",2025-02-13,2025-03-09,4,"quantile",0.1,199378.473567716
"2964","DE","15-34",2025-02-13,2025-03-09,4,"quantile",0.25,242279.491733767
"2965","DE","15-34",2025-02-13,2025-03-09,4,"quantile",0.5,300854.177944527
"2966","DE","15-34",2025-02-13,2025-03-09,4,"quantile",0.75,373590.169514387
"2967","DE","15-34",2025-02-13,2025-03-09,4,"quantile",0.9,453976.97538263
"2968","DE","15-34",2025-02-13,2025-03-09,4,"quantile",0.975,564443.05052315
"2969","DE","35-59",2025-02-13,2025-02-16,1,"quantile",0.025,416584.065072954
"2970","DE","35-59",2025-02-13,2025-02-16,1,"quantile",0.1,489394.074414125
"2971","DE","35-59",2025-02-13,2025-02-16,1,"quantile",0.25,565271.745770826
"2972","DE","35-59",2025-02-13,2025-02-16,1,"quantile",0.5,663450.974800197
"2973","DE","35-59",2025-02-13,2025-02-16,1,"quantile",0.75,778682.464242226
"2974","DE","35-59",2025-02-13,2025-02-16,1,"quantile",0.9,899412.598099548
"2975","DE","35-59",2025-02-13,2025-02-16,1,"quantile",0.975,1056610.73686591
"2976","DE","35-59",2025-02-13,2025-02-23,2,"quantile",0.025,316240.13573579
"2977","DE","35-59",2025-02-13,2025-02-23,2,"quantile",0.1,380278.072964573
"2978","DE","35-59",2025-02-13,2025-02-23,2,"quantile",0.25,448500.450115647
"2979","DE","35-59",2025-02-13,2025-02-23,2,"quantile",0.5,538746.078734044
"2980","DE","35-59",2025-02-13,2025-02-23,2,"quantile",0.75,647150.604367214
"2981","DE","35-59",2025-02-13,2025-02-23,2,"quantile",0.9,763250.258129787
"2982","DE","35-59",2025-02-13,2025-02-23,2,"quantile",0.975,917806.769453836
"2983","DE","35-59",2025-02-13,2025-03-02,3,"quantile",0.025,241149.992247469
"2984","DE","35-59",2025-02-13,2025-03-02,3,"quantile",0.1,296060.380180739
"2985","DE","35-59",2025-02-13,2025-03-02,3,"quantile",0.25,355715.8025584
"2986","DE","35-59",2025-02-13,2025-03-02,3,"quantile",0.5,436195.370220357
"2987","DE","35-59",2025-02-13,2025-03-02,3,"quantile",0.75,534883.183803556
"2988","DE","35-59",2025-02-13,2025-03-02,3,"quantile",0.9,642660.800764763
"2989","DE","35-59",2025-02-13,2025-03-02,3,"quantile",0.975,788996.09006175
"2990","DE","35-59",2025-02-13,2025-03-09,4,"quantile",0.025,197125.139653782
"2991","DE","35-59",2025-02-13,2025-03-09,4,"quantile",0.1,249023.181796416
"2992","DE","35-59",2025-02-13,2025-03-09,4,"quantile",0.25,306946.529370589
"2993","DE","35-59",2025-02-13,2025-03-09,4,"quantile",0.5,387234.120766407
"2994","DE","35-59",2025-02-13,2025-03-09,4,"quantile",0.75,488522.429601056
"2995","DE","35-59",2025-02-13,2025-03-09,4,"quantile",0.9,602153.836458169
"2996","DE","35-59",2025-02-13,2025-03-09,4,"quantile",0.975,760685.646432998
"2997","DE","60+",2025-02-13,2025-02-16,1,"quantile",0.025,157855.064809301
"2998","DE","60+",2025-02-13,2025-02-16,1,"quantile",0.1,182193.134641666
"2999","DE","60+",2025-02-13,2025-02-16,1,"quantile",0.25,207136.203318905
"3000","DE","60+",2025-02-13,2025-02-16,1,"quantile",0.5,238874.298856051
"3001","DE","60+",2025-02-13,2025-02-16,1,"quantile",0.75,275475.410573783
"3002","DE","60+",2025-02-13,2025-02-16,1,"quantile",0.9,313189.247038295
"3003","DE","60+",2025-02-13,2025-02-16,1,"quantile",0.975,361476.71741102
"3004","DE","60+",2025-02-13,2025-02-23,2,"quantile",0.025,131792.355974835
"3005","DE","60+",2025-02-13,2025-02-23,2,"quantile",0.1,152972.859457394
"3006","DE","60+",2025-02-13,2025-02-23,2,"quantile",0.25,174795.931485908
"3007","DE","60+",2025-02-13,2025-02-23,2,"quantile",0.5,202712.831303282
"3008","DE","60+",2025-02-13,2025-02-23,2,"quantile",0.75,235088.377776721
"3009","DE","60+",2025-02-13,2025-02-23,2,"quantile",0.9,268626.030269363
"3010","DE","60+",2025-02-13,2025-02-23,2,"quantile",0.975,311797.233390676
"3011","DE","60+",2025-02-13,2025-03-02,3,"quantile",0.025,98862.2127591632
"3012","DE","60+",2025-02-13,2025-03-02,3,"quantile",0.1,117289.31788561
"3013","DE","60+",2025-02-13,2025-03-02,3,"quantile",0.25,136672.080677764
"3014","DE","60+",2025-02-13,2025-03-02,3,"quantile",0.5,161986.47069281
"3015","DE","60+",2025-02-13,2025-03-02,3,"quantile",0.75,191989.589661538
"3016","DE","60+",2025-02-13,2025-03-02,3,"quantile",0.9,223717.020104965
"3017","DE","60+",2025-02-13,2025-03-02,3,"quantile",0.975,265416.036675556
"3018","DE","60+",2025-02-13,2025-03-09,4,"quantile",0.025,82678.6223051454
"3019","DE","60+",2025-02-13,2025-03-09,4,"quantile",0.1,100622.805326914
"3020","DE","60+",2025-02-13,2025-03-09,4,"quantile",0.25,119957.671445112
"3021","DE","60+",2025-02-13,2025-03-09,4,"quantile",0.5,145827.013825408
"3022","DE","60+",2025-02-13,2025-03-09,4,"quantile",0.75,177275.181362336
"3023","DE","60+",2025-02-13,2025-03-09,4,"quantile",0.9,211338.949377789
"3024","DE","60+",2025-02-13,2025-03-09,4,"quantile",0.975,257206.970415524
"3025","DE","00+",2025-02-20,2025-02-23,1,"quantile",0.025,1192653.68371253
"3026","DE","00+",2025-02-20,2025-02-23,1,"quantile",0.1,1371502.80296866
"3027","DE","00+",2025-02-20,2025-02-23,1,"quantile",0.25,1554164.22095639
"3028","DE","00+",2025-02-20,2025-02-23,1,"quantile",0.5,1785781.74482102
"3029","DE","00+",2025-02-20,2025-02-23,1,"quantile",0.75,2051917.29235252
"3030","DE","00+",2025-02-20,2025-02-23,1,"quantile",0.9,2325198.63119002
"3031","DE","00+",2025-02-20,2025-02-23,1,"quantile",0.975,2673883.02546397
"3032","DE","00+",2025-02-20,2025-03-02,2,"quantile",0.025,872162.066708999
"3033","DE","00+",2025-02-20,2025-03-02,2,"quantile",0.1,1034434.87210109
"3034","DE","00+",2025-02-20,2025-03-02,2,"quantile",0.25,1205078.0410899
"3035","DE","00+",2025-02-20,2025-03-02,2,"quantile",0.5,1427883.06057704
"3036","DE","00+",2025-02-20,2025-03-02,2,"quantile",0.75,1691882.15631152
"3037","DE","00+",2025-02-20,2025-03-02,2,"quantile",0.9,1970979.60410175
"3038","DE","00+",2025-02-20,2025-03-02,2,"quantile",0.975,2337696.29809309
"3039","DE","00+",2025-02-20,2025-03-09,3,"quantile",0.025,623890.559248938
"3040","DE","00+",2025-02-20,2025-03-09,3,"quantile",0.1,755086.053784839
"3041","DE","00+",2025-02-20,2025-03-09,3,"quantile",0.25,895708.940014247
"3042","DE","00+",2025-02-20,2025-03-09,3,"quantile",0.5,1082868.38560572
"3043","DE","00+",2025-02-20,2025-03-09,3,"quantile",0.75,1309135.01937993
"3044","DE","00+",2025-02-20,2025-03-09,3,"quantile",0.9,1552940.80014681
"3045","DE","00+",2025-02-20,2025-03-09,3,"quantile",0.975,1879502.61974785
"3046","DE","00+",2025-02-20,2025-03-16,4,"quantile",0.025,494050.190432091
"3047","DE","00+",2025-02-20,2025-03-16,4,"quantile",0.1,614270.064918873
"3048","DE","00+",2025-02-20,2025-03-16,4,"quantile",0.25,746447.912499866
"3049","DE","00+",2025-02-20,2025-03-16,4,"quantile",0.5,926917.040942849
"3050","DE","00+",2025-02-20,2025-03-16,4,"quantile",0.75,1151018.29130027
"3051","DE","00+",2025-02-20,2025-03-16,4,"quantile",0.9,1398692.9363125
"3052","DE","00+",2025-02-20,2025-03-16,4,"quantile",0.975,1739044.36721059
"3053","DE","00-04",2025-02-20,2025-02-23,1,"quantile",0.025,162542.515552429
"3054","DE","00-04",2025-02-20,2025-02-23,1,"quantile",0.1,185128.46978778
"3055","DE","00-04",2025-02-20,2025-02-23,1,"quantile",0.25,207987.158343693
"3056","DE","00-04",2025-02-20,2025-02-23,1,"quantile",0.5,236709.686164991
"3057","DE","00-04",2025-02-20,2025-02-23,1,"quantile",0.75,269398.726202788
"3058","DE","00-04",2025-02-20,2025-02-23,1,"quantile",0.9,302662.662250488
"3059","DE","00-04",2025-02-20,2025-02-23,1,"quantile",0.975,344718.889909484
"3060","DE","00-04",2025-02-20,2025-03-02,2,"quantile",0.025,138349.209036817
"3061","DE","00-04",2025-02-20,2025-03-02,2,"quantile",0.1,160198.371344374
"3062","DE","00-04",2025-02-20,2025-03-02,2,"quantile",0.25,182659.369020867
"3063","DE","00-04",2025-02-20,2025-03-02,2,"quantile",0.5,211327.081256757
"3064","DE","00-04",2025-02-20,2025-03-02,2,"quantile",0.75,244494.084874442
"3065","DE","00-04",2025-02-20,2025-03-02,2,"quantile",0.9,278773.965663467
"3066","DE","00-04",2025-02-20,2025-03-02,2,"quantile",0.975,322800.076584575
"3067","DE","00-04",2025-02-20,2025-03-09,3,"quantile",0.025,117294.095634161
"3068","DE","00-04",2025-02-20,2025-03-09,3,"quantile",0.1,137856.588628011
"3069","DE","00-04",2025-02-20,2025-03-09,3,"quantile",0.25,159294.536162039
"3070","DE","00-04",2025-02-20,2025-03-09,3,"quantile",0.5,187045.227482385
"3071","DE","00-04",2025-02-20,2025-03-09,3,"quantile",0.75,219630.365026132
"3072","DE","00-04",2025-02-20,2025-03-09,3,"quantile",0.9,253784.875080161
"3073","DE","00-04",2025-02-20,2025-03-09,3,"quantile",0.975,298275.176894307
"3074","DE","00-04",2025-02-20,2025-03-16,4,"quantile",0.025,101049.697141056
"3075","DE","00-04",2025-02-20,2025-03-16,4,"quantile",0.1,120473.370494165
"3076","DE","00-04",2025-02-20,2025-03-16,4,"quantile",0.25,140999.157776792
"3077","DE","00-04",2025-02-20,2025-03-16,4,"quantile",0.5,167931.072845663
"3078","DE","00-04",2025-02-20,2025-03-16,4,"quantile",0.75,200007.189204197
"3079","DE","00-04",2025-02-20,2025-03-16,4,"quantile",0.9,234083.641151729
"3080","DE","00-04",2025-02-20,2025-03-16,4,"quantile",0.975,279078.968319217
"3081","DE","05-14",2025-02-20,2025-02-23,1,"quantile",0.025,121423.264507434
"3082","DE","05-14",2025-02-20,2025-02-23,1,"quantile",0.1,148270.722236835
"3083","DE","05-14",2025-02-20,2025-02-23,1,"quantile",0.25,177290.222054807
"3084","DE","05-14",2025-02-20,2025-02-23,1,"quantile",0.5,216240.313415108
"3085","DE","05-14",2025-02-20,2025-02-23,1,"quantile",0.75,263747.614526699
"3086","DE","05-14",2025-02-20,2025-02-23,1,"quantile",0.9,315368.215925825
"3087","DE","05-14",2025-02-20,2025-02-23,1,"quantile",0.975,385098.138610836
"3088","DE","05-14",2025-02-20,2025-03-02,2,"quantile",0.025,92298.1344269297
"3089","DE","05-14",2025-02-20,2025-03-02,2,"quantile",0.1,115683.047160349
"3090","DE","05-14",2025-02-20,2025-03-02,2,"quantile",0.25,141589.645678798
"3091","DE","05-14",2025-02-20,2025-03-02,2,"quantile",0.5,177231.616608689
"3092","DE","05-14",2025-02-20,2025-03-02,2,"quantile",0.75,221845.642561933
"3093","DE","05-14",2025-02-20,2025-03-02,2,"quantile",0.9,271526.785443249
"3094","DE","05-14",2025-02-20,2025-03-02,2,"quantile",0.975,340321.569019327
"3095","DE","05-14",2025-02-20,2025-03-09,3,"quantile",0.025,73807.2640513219
"3096","DE","05-14",2025-02-20,2025-03-09,3,"quantile",0.1,92998.292947289
"3097","DE","05-14",2025-02-20,2025-03-09,3,"quantile",0.25,114365.234593308
"3098","DE","05-14",2025-02-20,2025-03-09,3,"quantile",0.5,143909.5147638
"3099","DE","05-14",2025-02-20,2025-03-09,3,"quantile",0.75,181086.048686026
"3100","DE","05-14",2025-02-20,2025-03-09,3,"quantile",0.9,222691.705226146
"3101","DE","05-14",2025-02-20,2025-03-09,3,"quantile",0.975,280594.988931602
"3102","DE","05-14",2025-02-20,2025-03-16,4,"quantile",0.025,60913.1743372896
"3103","DE","05-14",2025-02-20,2025-03-16,4,"quantile",0.1,77197.4294130362
"3104","DE","05-14",2025-02-20,2025-03-16,4,"quantile",0.25,95427.3880463315
"3105","DE","05-14",2025-02-20,2025-03-16,4,"quantile",0.5,120772.960155126
"3106","DE","05-14",2025-02-20,2025-03-16,4,"quantile",0.75,152850.331579335
"3107","DE","05-14",2025-02-20,2025-03-16,4,"quantile",0.9,188945.513024666
"3108","DE","05-14",2025-02-20,2025-03-16,4,"quantile",0.975,239457.359812922
"3109","DE","15-34",2025-02-20,2025-02-23,1,"quantile",0.025,256249.047258094
"3110","DE","15-34",2025-02-20,2025-02-23,1,"quantile",0.1,303260.405491484
"3111","DE","15-34",2025-02-20,2025-02-23,1,"quantile",0.25,352594.393478942
"3112","DE","15-34",2025-02-20,2025-02-23,1,"quantile",0.5,416875.019545869
"3113","DE","15-34",2025-02-20,2025-02-23,1,"quantile",0.75,492874.490166129
"3114","DE","15-34",2025-02-20,2025-02-23,1,"quantile",0.9,573054.638107871
"3115","DE","15-34",2025-02-20,2025-02-23,1,"quantile",0.975,678187.036326158
"3116","DE","15-34",2025-02-20,2025-03-02,2,"quantile",0.025,197819.92664205
"3117","DE","15-34",2025-02-20,2025-03-02,2,"quantile",0.1,238797.931960884
"3118","DE","15-34",2025-02-20,2025-03-02,2,"quantile",0.25,282612.973533321
"3119","DE","15-34",2025-02-20,2025-03-02,2,"quantile",0.5,340784.528306603
"3120","DE","15-34",2025-02-20,2025-03-02,2,"quantile",0.75,410929.807224372
"3121","DE","15-34",2025-02-20,2025-03-02,2,"quantile",0.9,486327.891449987
"3122","DE","15-34",2025-02-20,2025-03-02,2,"quantile",0.975,587069.749263914
"3123","DE","15-34",2025-02-20,2025-03-09,3,"quantile",0.025,157671.607667157
"3124","DE","15-34",2025-02-20,2025-03-09,3,"quantile",0.1,192538.284211479
"3125","DE","15-34",2025-02-20,2025-03-09,3,"quantile",0.25,230226.610114644
"3126","DE","15-34",2025-02-20,2025-03-09,3,"quantile",0.5,280813.150509598
"3127","DE","15-34",2025-02-20,2025-03-09,3,"quantile",0.75,342514.818160502
"3128","DE","15-34",2025-02-20,2025-03-09,3,"quantile",0.9,409560.237965521
"3129","DE","15-34",2025-02-20,2025-03-09,3,"quantile",0.975,500128.251787667
"3130","DE","15-34",2025-02-20,2025-03-16,4,"quantile",0.025,137337.596936286
"3131","DE","15-34",2025-02-20,2025-03-16,4,"quantile",0.1,170755.911356297
"3132","DE","15-34",2025-02-20,2025-03-16,4,"quantile",0.25,207498.104853775
"3133","DE","15-34",2025-02-20,2025-03-16,4,"quantile",0.5,257663.87123442
"3134","DE","15-34",2025-02-20,2025-03-16,4,"quantile",0.75,319957.960995805
"3135","DE","15-34",2025-02-20,2025-03-16,4,"quantile",0.9,388804.522269089
"3136","DE","15-34",2025-02-20,2025-03-16,4,"quantile",0.975,483412.204818961
"3137","DE","35-59",2025-02-20,2025-02-23,1,"quantile",0.025,383894.953245019
"3138","DE","35-59",2025-02-20,2025-02-23,1,"quantile",0.1,450991.603057833
"3139","DE","35-59",2025-02-20,2025-02-23,1,"quantile",0.25,520915.197213362
"3140","DE","35-59",2025-02-20,2025-02-23,1,"quantile",0.5,611390.358646293
"3141","DE","35-59",2025-02-20,2025-02-23,1,"quantile",0.75,717579.699431459
"3142","DE","35-59",2025-02-20,2025-02-23,1,"quantile",0.9,828836.209169308
"3143","DE","35-59",2025-02-20,2025-02-23,1,"quantile",0.975,973699.100459568
"3144","DE","35-59",2025-02-20,2025-03-02,2,"quantile",0.025,286811.441268578
"3145","DE","35-59",2025-02-20,2025-03-02,2,"quantile",0.1,344890.132101796
"3146","DE","35-59",2025-02-20,2025-03-02,2,"quantile",0.25,406763.866983492
"3147","DE","35-59",2025-02-20,2025-03-02,2,"quantile",0.5,488611.412210503
"3148","DE","35-59",2025-02-20,2025-03-02,2,"quantile",0.75,586928.02267029
"3149","DE","35-59",2025-02-20,2025-03-02,2,"quantile",0.9,692223.667541398
"3150","DE","35-59",2025-02-20,2025-03-02,2,"quantile",0.975,832397.44930112
"3151","DE","35-59",2025-02-20,2025-03-09,3,"quantile",0.025,216334.025157429
"3152","DE","35-59",2025-02-20,2025-03-09,3,"quantile",0.1,265593.762360199
"3153","DE","35-59",2025-02-20,2025-03-09,3,"quantile",0.25,319110.2378332
"3154","DE","35-59",2025-02-20,2025-03-09,3,"quantile",0.5,391307.913035172
"3155","DE","35-59",2025-02-20,2025-03-09,3,"quantile",0.75,479840.082360438
"3156","DE","35-59",2025-02-20,2025-03-09,3,"quantile",0.9,576526.652746751
"3157","DE","35-59",2025-02-20,2025-03-09,3,"quantile",0.975,707803.04990171
"3158","DE","35-59",2025-02-20,2025-03-16,4,"quantile",0.025,181815.698753436
"3159","DE","35-59",2025-02-20,2025-03-16,4,"quantile",0.1,229683.153978432
"3160","DE","35-59",2025-02-20,2025-03-16,4,"quantile",0.25,283107.967940938
"3161","DE","35-59",2025-02-20,2025-03-16,4,"quantile",0.5,357160.13884364
"3162","DE","35-59",2025-02-20,2025-03-16,4,"quantile",0.75,450582.036622229
"3163","DE","35-59",2025-02-20,2025-03-16,4,"quantile",0.9,555388.423440003
"3164","DE","35-59",2025-02-20,2025-03-16,4,"quantile",0.975,701608.088044145
"3165","DE","60+",2025-02-20,2025-02-23,1,"quantile",0.025,155656.840798891
"3166","DE","60+",2025-02-20,2025-02-23,1,"quantile",0.1,179655.988788379
"3167","DE","60+",2025-02-20,2025-02-23,1,"quantile",0.25,204251.710660333
"3168","DE","60+",2025-02-20,2025-02-23,1,"quantile",0.5,235547.834672912
"3169","DE","60+",2025-02-20,2025-02-23,1,"quantile",0.75,271639.254524357
"3170","DE","60+",2025-02-20,2025-02-23,1,"quantile",0.9,308827.903780329
"3171","DE","60+",2025-02-20,2025-02-23,1,"quantile",0.975,356442.942914288
"3172","DE","60+",2025-02-20,2025-03-02,2,"quantile",0.025,126242.466845471
"3173","DE","60+",2025-02-20,2025-03-02,2,"quantile",0.1,146531.041162921
"3174","DE","60+",2025-02-20,2025-03-02,2,"quantile",0.25,167435.124913818
"3175","DE","60+",2025-02-20,2025-03-02,2,"quantile",0.5,194176.42013959
"3176","DE","60+",2025-02-20,2025-03-02,2,"quantile",0.75,225188.604587203
"3177","DE","60+",2025-02-20,2025-03-02,2,"quantile",0.9,257313.957772981
"3178","DE","60+",2025-02-20,2025-03-02,2,"quantile",0.975,298667.184509152
"3179","DE","60+",2025-02-20,2025-03-09,3,"quantile",0.025,97010.6655519219
"3180","DE","60+",2025-02-20,2025-03-09,3,"quantile",0.1,115092.657474019
"3181","DE","60+",2025-02-20,2025-03-09,3,"quantile",0.25,134112.408966762
"3182","DE","60+",2025-02-20,2025-03-09,3,"quantile",0.5,158952.696826623
"3183","DE","60+",2025-02-20,2025-03-09,3,"quantile",0.75,188393.900483276
"3184","DE","60+",2025-02-20,2025-03-09,3,"quantile",0.9,219527.121738066
"3185","DE","60+",2025-02-20,2025-03-09,3,"quantile",0.975,260445.175638277
"3186","DE","60+",2025-02-20,2025-03-16,4,"quantile",0.025,85188.182983528
"3187","DE","60+",2025-02-20,2025-03-16,4,"quantile",0.1,103677.029363993
"3188","DE","60+",2025-02-20,2025-03-16,4,"quantile",0.25,123598.770521702
"3189","DE","60+",2025-02-20,2025-03-16,4,"quantile",0.5,150253.330200051
"3190","DE","60+",2025-02-20,2025-03-16,4,"quantile",0.75,182656.050225367
"3191","DE","60+",2025-02-20,2025-03-16,4,"quantile",0.9,217753.762571116
"3192","DE","60+",2025-02-20,2025-03-16,4,"quantile",0.975,265014.024780537
"3193","DE","00+",2025-02-27,2025-03-02,1,"quantile",0.025,1002178.9655916
"3194","DE","00+",2025-02-27,2025-03-02,1,"quantile",0.1,1152464.69210287
"3195","DE","00+",2025-02-27,2025-03-02,1,"quantile",0.25,1305953.8679067
"3196","DE","00+",2025-02-27,2025-03-02,1,"quantile",0.5,1500580.53418001
"3197","DE","00+",2025-02-27,2025-03-02,1,"quantile",0.75,1724212.4663785
"3198","DE","00+",2025-02-27,2025-03-02,1,"quantile",0.9,1953848.95952973
"3199","DE","00+",2025-02-27,2025-03-02,1,"quantile",0.975,2246846.13913316
"3200","DE","00+",2025-02-27,2025-03-09,2,"quantile",0.025,679149.627491281
"3201","DE","00+",2025-02-27,2025-03-09,2,"quantile",0.1,805510.907740324
"3202","DE","00+",2025-02-27,2025-03-09,2,"quantile",0.25,938390.161581288
"3203","DE","00+",2025-02-27,2025-03-09,2,"quantile",0.5,1111887.6705464
"3204","DE","00+",2025-02-27,2025-03-09,2,"quantile",0.75,1317462.86622381
"3205","DE","00+",2025-02-27,2025-03-09,2,"quantile",0.9,1534795.0971654
"3206","DE","00+",2025-02-27,2025-03-09,2,"quantile",0.975,1820356.13636404
"3207","DE","00+",2025-02-27,2025-03-16,3,"quantile",0.025,512779.167125031
"3208","DE","00+",2025-02-27,2025-03-16,3,"quantile",0.1,620609.483550501
"3209","DE","00+",2025-02-27,2025-03-16,3,"quantile",0.25,736188.226345135
"3210","DE","00+",2025-02-27,2025-03-16,3,"quantile",0.5,890015.629576737
"3211","DE","00+",2025-02-27,2025-03-16,3,"quantile",0.75,1075985.45119834
"3212","DE","00+",2025-02-27,2025-03-16,3,"quantile",0.9,1276370.79659035
"3213","DE","00+",2025-02-27,2025-03-16,3,"quantile",0.975,1544773.79674383
"3214","DE","00+",2025-02-27,2025-03-23,4,"quantile",0.025,411275.797217988
"3215","DE","00+",2025-02-27,2025-03-23,4,"quantile",0.1,511353.736015572
"3216","DE","00+",2025-02-27,2025-03-23,4,"quantile",0.25,621386.179462029
"3217","DE","00+",2025-02-27,2025-03-23,4,"quantile",0.5,771619.062903911
"3218","DE","00+",2025-02-27,2025-03-23,4,"quantile",0.75,958173.834429626
"3219","DE","00+",2025-02-27,2025-03-23,4,"quantile",0.9,1164352.4556523
"3220","DE","00+",2025-02-27,2025-03-23,4,"quantile",0.975,1447680.56439055
"3221","DE","00-04",2025-02-27,2025-03-02,1,"quantile",0.025,162192.251978028
"3222","DE","00-04",2025-02-27,2025-03-02,1,"quantile",0.1,184729.535642268
"3223","DE","00-04",2025-02-27,2025-03-02,1,"quantile",0.25,207538.965910695
"3224","DE","00-04",2025-02-27,2025-03-02,1,"quantile",0.5,236199.599431746
"3225","DE","00-04",2025-02-27,2025-03-02,1,"quantile",0.75,268818.197714853
"3226","DE","00-04",2025-02-27,2025-03-02,1,"quantile",0.9,302010.453161947
"3227","DE","00-04",2025-02-27,2025-03-02,1,"quantile",0.975,343976.053672867
"3228","DE","00-04",2025-02-27,2025-03-09,2,"quantile",0.025,131851.249962694
"3229","DE","00-04",2025-02-27,2025-03-09,2,"quantile",0.1,152674.205012061
"3230","DE","00-04",2025-02-27,2025-03-09,2,"quantile",0.25,174080.258864286
"3231","DE","00-04",2025-02-27,2025-03-09,2,"quantile",0.5,201401.511498748
"3232","DE","00-04",2025-02-27,2025-03-09,2,"quantile",0.75,233010.733661668
"3233","DE","00-04",2025-02-27,2025-03-09,2,"quantile",0.9,265680.563594721
"3234","DE","00-04",2025-02-27,2025-03-09,2,"quantile",0.975,307638.864595195
"3235","DE","00-04",2025-02-27,2025-03-16,3,"quantile",0.025,113528.071764048
"3236","DE","00-04",2025-02-27,2025-03-16,3,"quantile",0.1,133430.35386642
"3237","DE","00-04",2025-02-27,2025-03-16,3,"quantile",0.25,154179.981824744
"3238","DE","00-04",2025-02-27,2025-03-16,3,"quantile",0.5,181039.666949429
"3239","DE","00-04",2025-02-27,2025-03-16,3,"quantile",0.75,212578.576163122
"3240","DE","00-04",2025-02-27,2025-03-16,3,"quantile",0.9,245636.469209789
"3241","DE","00-04",2025-02-27,2025-03-16,3,"quantile",0.975,288698.297257078
"3242","DE","00-04",2025-02-27,2025-03-23,4,"quantile",0.025,96534.755408934
"3243","DE","00-04",2025-02-27,2025-03-23,4,"quantile",0.1,115090.571104927
"3244","DE","00-04",2025-02-27,2025-03-23,4,"quantile",0.25,134699.257830018
"3245","DE","00-04",2025-02-27,2025-03-23,4,"quantile",0.5,160427.843935906
"3246","DE","00-04",2025-02-27,2025-03-23,4,"quantile",0.75,191070.78631719
"3247","DE","00-04",2025-02-27,2025-03-23,4,"quantile",0.9,223624.688476514
"3248","DE","00-04",2025-02-27,2025-03-23,4,"quantile",0.975,266609.606052221
"3249","DE","05-14",2025-02-27,2025-03-02,1,"quantile",0.025,115920.673983047
"3250","DE","05-14",2025-02-27,2025-03-02,1,"quantile",0.1,141551.473874224
"3251","DE","05-14",2025-02-27,2025-03-02,1,"quantile",0.25,169255.884484468
"3252","DE","05-14",2025-02-27,2025-03-02,1,"quantile",0.5,206440.857730768
"3253","DE","05-14",2025-02-27,2025-03-02,1,"quantile",0.75,251795.249957918
"3254","DE","05-14",2025-02-27,2025-03-02,1,"quantile",0.9,301076.538266804
"3255","DE","05-14",2025-02-27,2025-03-02,1,"quantile",0.975,367646.47992685
"3256","DE","05-14",2025-02-27,2025-03-09,2,"quantile",0.025,90484.1509479001
"3257","DE","05-14",2025-02-27,2025-03-09,2,"quantile",0.1,113409.467768354
"3258","DE","05-14",2025-02-27,2025-03-09,2,"quantile",0.25,138806.910365049
"3259","DE","05-14",2025-02-27,2025-03-09,2,"quantile",0.5,173748.39101062
"3260","DE","05-14",2025-02-27,2025-03-09,2,"quantile",0.75,217485.594192585
"3261","DE","05-14",2025-02-27,2025-03-09,2,"quantile",0.9,266190.327605111
"3262","DE","05-14",2025-02-27,2025-03-09,2,"quantile",0.975,333633.051341353
"3263","DE","05-14",2025-02-27,2025-03-16,3,"quantile",0.025,65884.8906728091
"3264","DE","05-14",2025-02-27,2025-03-16,3,"quantile",0.1,83015.980098239
"3265","DE","05-14",2025-02-27,2025-03-16,3,"quantile",0.25,102089.422698433
"3266","DE","05-14",2025-02-27,2025-03-16,3,"quantile",0.5,128462.459201808
"3267","DE","05-14",2025-02-27,2025-03-16,3,"quantile",0.75,161648.513508829
"3268","DE","05-14",2025-02-27,2025-03-16,3,"quantile",0.9,198788.27431354
"3269","DE","05-14",2025-02-27,2025-03-16,3,"quantile",0.975,250476.296699492
"3270","DE","05-14",2025-02-27,2025-03-23,4,"quantile",0.025,51885.282356831
"3271","DE","05-14",2025-02-27,2025-03-23,4,"quantile",0.1,65756.0612444539
"3272","DE","05-14",2025-02-27,2025-03-23,4,"quantile",0.25,81284.1725493156
"3273","DE","05-14",2025-02-27,2025-03-23,4,"quantile",0.5,102873.298049136
"3274","DE","05-14",2025-02-27,2025-03-23,4,"quantile",0.75,130196.508368043
"3275","DE","05-14",2025-02-27,2025-03-23,4,"quantile",0.9,160942.052355653
"3276","DE","05-14",2025-02-27,2025-03-23,4,"quantile",0.975,203967.579452001
"3277","DE","15-34",2025-02-27,2025-03-02,1,"quantile",0.025,238731.518857548
"3278","DE","15-34",2025-02-27,2025-03-02,1,"quantile",0.1,282529.117618216
"3279","DE","15-34",2025-02-27,2025-03-02,1,"quantile",0.25,328490.568049223
"3280","DE","15-34",2025-02-27,2025-03-02,1,"quantile",0.5,388376.884342978
"3281","DE","15-34",2025-02-27,2025-03-02,1,"quantile",0.75,459180.929266002
"3282","DE","15-34",2025-02-27,2025-03-02,1,"quantile",0.9,533879.854804155
"3283","DE","15-34",2025-02-27,2025-03-02,1,"quantile",0.975,631825.261338717
"3284","DE","15-34",2025-02-27,2025-03-09,2,"quantile",0.025,193923.71464475
"3285","DE","15-34",2025-02-27,2025-03-09,2,"quantile",0.1,234094.627378631
"3286","DE","15-34",2025-02-27,2025-03-09,2,"quantile",0.25,277046.698806783
"3287","DE","15-34",2025-02-27,2025-03-09,2,"quantile",0.5,334072.521128049
"3288","DE","15-34",2025-02-27,2025-03-09,2,"quantile",0.75,402836.236105761
"3289","DE","15-34",2025-02-27,2025-03-09,2,"quantile",0.9,476749.298446474
"3290","DE","15-34",2025-02-27,2025-03-09,2,"quantile",0.975,575506.969724152
"3291","DE","15-34",2025-02-27,2025-03-16,3,"quantile",0.025,146269.788706151
"3292","DE","15-34",2025-02-27,2025-03-16,3,"quantile",0.1,178615.126503362
"3293","DE","15-34",2025-02-27,2025-03-16,3,"quantile",0.25,213578.069725085
"3294","DE","15-34",2025-02-27,2025-03-16,3,"quantile",0.5,260506.509692317
"3295","DE","15-34",2025-02-27,2025-03-16,3,"quantile",0.75,317746.300823049
"3296","DE","15-34",2025-02-27,2025-03-16,3,"quantile",0.9,379943.417562653
"3297","DE","15-34",2025-02-27,2025-03-16,3,"quantile",0.975,463962.122269883
"3298","DE","15-34",2025-02-27,2025-03-23,4,"quantile",0.025,122833.898135628
"3299","DE","15-34",2025-02-27,2025-03-23,4,"quantile",0.1,152723.032072028
"3300","DE","15-34",2025-02-27,2025-03-23,4,"quantile",0.25,185585.022918152
"3301","DE","15-34",2025-02-27,2025-03-23,4,"quantile",0.5,230452.974411104
"3302","DE","15-34",2025-02-27,2025-03-23,4,"quantile",0.75,286168.423398838
"3303","DE","15-34",2025-02-27,2025-03-23,4,"quantile",0.9,347744.362421232
"3304","DE","15-34",2025-02-27,2025-03-23,4,"quantile",0.975,432360.889143846
"3305","DE","35-59",2025-02-27,2025-03-02,1,"quantile",0.025,360267.50557626
"3306","DE","35-59",2025-02-27,2025-03-02,1,"quantile",0.1,423234.581481418
"3307","DE","35-59",2025-02-27,2025-03-02,1,"quantile",0.25,488854.612780086
"3308","DE","35-59",2025-02-27,2025-03-02,1,"quantile",0.5,573761.331273069
"3309","DE","35-59",2025-02-27,2025-03-02,1,"quantile",0.75,673415.074048484
"3310","DE","35-59",2025-02-27,2025-03-02,1,"quantile",0.9,777824.118511211
"3311","DE","35-59",2025-02-27,2025-03-02,1,"quantile",0.975,913771.184380549
"3312","DE","35-59",2025-02-27,2025-03-09,2,"quantile",0.025,271140.269145576
"3313","DE","35-59",2025-02-27,2025-03-09,2,"quantile",0.1,326045.581829372
"3314","DE","35-59",2025-02-27,2025-03-09,2,"quantile",0.25,384538.580067734
"3315","DE","35-59",2025-02-27,2025-03-09,2,"quantile",0.5,461914.033932474
"3316","DE","35-59",2025-02-27,2025-03-09,2,"quantile",0.75,554858.695078626
"3317","DE","35-59",2025-02-27,2025-03-09,2,"quantile",0.9,654401.061184845
"3318","DE","35-59",2025-02-27,2025-03-09,2,"quantile",0.975,786915.847712813
"3319","DE","35-59",2025-02-27,2025-03-16,3,"quantile",0.025,206056.941226109
"3320","DE","35-59",2025-02-27,2025-03-16,3,"quantile",0.1,252976.563630482
"3321","DE","35-59",2025-02-27,2025-03-16,3,"quantile",0.25,303950.705276225
"3322","DE","35-59",2025-02-27,2025-03-16,3,"quantile",0.5,372718.584508021
"3323","DE","35-59",2025-02-27,2025-03-16,3,"quantile",0.75,457044.977445983
"3324","DE","35-59",2025-02-27,2025-03-16,3,"quantile",0.9,549138.391493765
"3325","DE","35-59",2025-02-27,2025-03-16,3,"quantile",0.975,674178.420833809
"3326","DE","35-59",2025-02-27,2025-03-23,4,"quantile",0.025,163595.015803695
"3327","DE","35-59",2025-02-27,2025-03-23,4,"quantile",0.1,206665.428027203
"3328","DE","35-59",2025-02-27,2025-03-23,4,"quantile",0.25,254736.267588523
"3329","DE","35-59",2025-02-27,2025-03-23,4,"quantile",0.5,321367.290939011
"3330","DE","35-59",2025-02-27,2025-03-23,4,"quantile",0.75,405426.901568264
"3331","DE","35-59",2025-02-27,2025-03-23,4,"quantile",0.9,499730.103246319
"3332","DE","35-59",2025-02-27,2025-03-23,4,"quantile",0.975,631296.345907053
"3333","DE","60+",2025-02-27,2025-03-02,1,"quantile",0.025,151776.14143857
"3334","DE","60+",2025-02-27,2025-03-02,1,"quantile",0.1,175176.963792172
"3335","DE","60+",2025-02-27,2025-03-02,1,"quantile",0.25,199159.48677325
"3336","DE","60+",2025-02-27,2025-03-02,1,"quantile",0.5,229675.363365845
"3337","DE","60+",2025-02-27,2025-03-02,1,"quantile",0.75,264866.983701819
"3338","DE","60+",2025-02-27,2025-03-02,1,"quantile",0.9,301128.478284485
"3339","DE","60+",2025-02-27,2025-03-02,1,"quantile",0.975,347556.421169025
"3340","DE","60+",2025-02-27,2025-03-09,2,"quantile",0.025,119497.537149902
"3341","DE","60+",2025-02-27,2025-03-09,2,"quantile",0.1,138702.125936857
"3342","DE","60+",2025-02-27,2025-03-09,2,"quantile",0.25,158489.338489232
"3343","DE","60+",2025-02-27,2025-03-09,2,"quantile",0.5,183801.88980043
"3344","DE","60+",2025-02-27,2025-03-09,2,"quantile",0.75,213157.143668089
"3345","DE","60+",2025-02-27,2025-03-09,2,"quantile",0.9,243566.091478577
"3346","DE","60+",2025-02-27,2025-03-09,2,"quantile",0.975,282709.882562941
"3347","DE","60+",2025-02-27,2025-03-16,3,"quantile",0.025,96423.8742708282
"3348","DE","60+",2025-02-27,2025-03-16,3,"quantile",0.1,114396.493113745
"3349","DE","60+",2025-02-27,2025-03-16,3,"quantile",0.25,133301.199273266
"3350","DE","60+",2025-02-27,2025-03-16,3,"quantile",0.5,157991.234949483
"3351","DE","60+",2025-02-27,2025-03-16,3,"quantile",0.75,187254.356727072
"3352","DE","60+",2025-02-27,2025-03-16,3,"quantile",0.9,218199.261545925
"3353","DE","60+",2025-02-27,2025-03-16,3,"quantile",0.975,258869.813203663
"3354","DE","60+",2025-02-27,2025-03-23,4,"quantile",0.025,77690.1350389351
"3355","DE","60+",2025-02-27,2025-03-23,4,"quantile",0.1,94551.6400236137
"3356","DE","60+",2025-02-27,2025-03-23,4,"quantile",0.25,112719.920019119
"3357","DE","60+",2025-02-27,2025-03-23,4,"quantile",0.5,137028.412914369
"3358","DE","60+",2025-02-27,2025-03-23,4,"quantile",0.75,166579.127652379
"3359","DE","60+",2025-02-27,2025-03-23,4,"quantile",0.9,198587.62831762
"3360","DE","60+",2025-02-27,2025-03-23,4,"quantile",0.975,241688.162035252
"3361","DE","00+",2025-03-06,2025-03-09,1,"quantile",0.025,960399.991337813
"3362","DE","00+",2025-03-06,2025-03-09,1,"quantile",0.1,1104420.58585749
"3363","DE","00+",2025-03-06,2025-03-09,1,"quantile",0.25,1251511.08383599
"3364","DE","00+",2025-03-06,2025-03-09,1,"quantile",0.5,1438024.12693568
"3365","DE","00+",2025-03-06,2025-03-09,1,"quantile",0.75,1652333.26045406
"3366","DE","00+",2025-03-06,2025-03-09,1,"quantile",0.9,1872396.63596415
"3367","DE","00+",2025-03-06,2025-03-09,1,"quantile",0.975,2153179.30893416
"3368","DE","00+",2025-03-06,2025-03-16,2,"quantile",0.025,645131.891484139
"3369","DE","00+",2025-03-06,2025-03-16,2,"quantile",0.1,765163.89685908
"3370","DE","00+",2025-03-06,2025-03-16,2,"quantile",0.25,891387.398867145
"3371","DE","00+",2025-03-06,2025-03-16,2,"quantile",0.5,1056194.63956299
"3372","DE","00+",2025-03-06,2025-03-16,2,"quantile",0.75,1251472.83668059
"3373","DE","00+",2025-03-06,2025-03-16,2,"quantile",0.9,1457919.17420673
"3374","DE","00+",2025-03-06,2025-03-16,2,"quantile",0.975,1729176.82626921
"3375","DE","00+",2025-03-06,2025-03-23,3,"quantile",0.025,509904.082976704
"3376","DE","00+",2025-03-06,2025-03-23,3,"quantile",0.1,617129.809252379
"3377","DE","00+",2025-03-06,2025-03-23,3,"quantile",0.25,732060.517507788
"3378","DE","00+",2025-03-06,2025-03-23,3,"quantile",0.5,885025.431081144
"3379","DE","00+",2025-03-06,2025-03-23,3,"quantile",0.75,1069952.54480724
"3380","DE","00+",2025-03-06,2025-03-23,3,"quantile",0.9,1269214.35639166
"3381","DE","00+",2025-03-06,2025-03-23,3,"quantile",0.975,1536112.4568523
"3382","DE","00+",2025-03-06,2025-03-30,4,"quantile",0.025,409351.826400901
"3383","DE","00+",2025-03-06,2025-03-30,4,"quantile",0.1,508961.595092237
"3384","DE","00+",2025-03-06,2025-03-30,4,"quantile",0.25,618479.300711777
"3385","DE","00+",2025-03-06,2025-03-30,4,"quantile",0.5,768009.386455704
"3386","DE","00+",2025-03-06,2025-03-30,4,"quantile",0.75,953691.444491757
"3387","DE","00+",2025-03-06,2025-03-30,4,"quantile",0.9,1158905.55077574
"3388","DE","00+",2025-03-06,2025-03-30,4,"quantile",0.975,1440908.23502618
"3389","DE","00-04",2025-03-06,2025-03-09,1,"quantile",0.025,124642.798520468
"3390","DE","00-04",2025-03-06,2025-03-09,1,"quantile",0.1,141962.430455421
"3391","DE","00-04",2025-03-06,2025-03-09,1,"quantile",0.25,159491.20378856
"3392","DE","00-04",2025-03-06,2025-03-09,1,"quantile",0.5,181516.556577405
"3393","DE","00-04",2025-03-06,2025-03-09,1,"quantile",0.75,206583.55777036
"3394","DE","00-04",2025-03-06,2025-03-09,1,"quantile",0.9,232091.407607062
"3395","DE","00-04",2025-03-06,2025-03-09,1,"quantile",0.975,264341.467800947
"3396","DE","00-04",2025-03-06,2025-03-16,2,"quantile",0.025,108301.58212246
"3397","DE","00-04",2025-03-06,2025-03-16,2,"quantile",0.1,125405.394008577
"3398","DE","00-04",2025-03-06,2025-03-16,2,"quantile",0.25,142988.158675961
"3399","DE","00-04",2025-03-06,2025-03-16,2,"quantile",0.5,165429.621208299
"3400","DE","00-04",2025-03-06,2025-03-16,2,"quantile",0.75,191393.188264911
"3401","DE","00-04",2025-03-06,2025-03-16,2,"quantile",0.9,218227.930221641
"3402","DE","00-04",2025-03-06,2025-03-16,2,"quantile",0.975,252692.149429327
"3403","DE","00-04",2025-03-06,2025-03-23,3,"quantile",0.025,98813.099717566
"3404","DE","00-04",2025-03-06,2025-03-23,3,"quantile",0.1,116135.742086372
"3405","DE","00-04",2025-03-06,2025-03-23,3,"quantile",0.25,134195.90134645
"3406","DE","00-04",2025-03-06,2025-03-23,3,"quantile",0.5,157574.161043524
"3407","DE","00-04",2025-03-06,2025-03-23,3,"quantile",0.75,185025.145920577
"3408","DE","00-04",2025-03-06,2025-03-23,3,"quantile",0.9,213798.231125988
"3409","DE","00-04",2025-03-06,2025-03-23,3,"quantile",0.975,251278.588563054
"3410","DE","00-04",2025-03-06,2025-03-30,4,"quantile",0.025,100975.049623488
"3411","DE","00-04",2025-03-06,2025-03-30,4,"quantile",0.1,120384.374304222
"3412","DE","00-04",2025-03-06,2025-03-30,4,"quantile",0.25,140894.998759942
"3413","DE","00-04",2025-03-06,2025-03-30,4,"quantile",0.5,167807.01866178
"3414","DE","00-04",2025-03-06,2025-03-30,4,"quantile",0.75,199859.439724562
"3415","DE","00-04",2025-03-06,2025-03-30,4,"quantile",0.9,233910.718686747
"3416","DE","00-04",2025-03-06,2025-03-30,4,"quantile",0.975,278872.80686817
"3417","DE","05-14",2025-03-06,2025-03-09,1,"quantile",0.025,73371.5487299811
"3418","DE","05-14",2025-03-06,2025-03-09,1,"quantile",0.1,89594.4658213611
"3419","DE","05-14",2025-03-06,2025-03-09,1,"quantile",0.25,107129.866913165
"3420","DE","05-14",2025-03-06,2025-03-09,1,"quantile",0.5,130665.953987356
"3421","DE","05-14",2025-03-06,2025-03-09,1,"quantile",0.75,159372.843665204
"3422","DE","05-14",2025-03-06,2025-03-09,1,"quantile",0.9,190565.247249403
"3423","DE","05-14",2025-03-06,2025-03-09,1,"quantile",0.975,232700.438071158
"3424","DE","05-14",2025-03-06,2025-03-16,2,"quantile",0.025,55421.7775863405
"3425","DE","05-14",2025-03-06,2025-03-16,2,"quantile",0.1,69463.5937122516
"3426","DE","05-14",2025-03-06,2025-03-16,2,"quantile",0.25,85019.593300139
"3427","DE","05-14",2025-03-06,2025-03-16,2,"quantile",0.5,106421.340993957
"3428","DE","05-14",2025-03-06,2025-03-16,2,"quantile",0.75,133210.491597747
"3429","DE","05-14",2025-03-06,2025-03-16,2,"quantile",0.9,163042.267376307
"3430","DE","05-14",2025-03-06,2025-03-16,2,"quantile",0.975,204351.110920401
"3431","DE","05-14",2025-03-06,2025-03-23,3,"quantile",0.025,56120.3698376931
"3432","DE","05-14",2025-03-06,2025-03-23,3,"quantile",0.1,70712.5329946776
"3433","DE","05-14",2025-03-06,2025-03-23,3,"quantile",0.25,86959.181382039
"3434","DE","05-14",2025-03-06,2025-03-23,3,"quantile",0.5,109423.581750593
"3435","DE","05-14",2025-03-06,2025-03-23,3,"quantile",0.75,137691.271385425
"3436","DE","05-14",2025-03-06,2025-03-23,3,"quantile",0.9,169326.705409208
"3437","DE","05-14",2025-03-06,2025-03-23,3,"quantile",0.975,213354.264730571
"3438","DE","05-14",2025-03-06,2025-03-30,4,"quantile",0.025,58487.8483518163
"3439","DE","05-14",2025-03-06,2025-03-30,4,"quantile",0.1,74123.7276464783
"3440","DE","05-14",2025-03-06,2025-03-30,4,"quantile",0.25,91627.8401410941
"3441","DE","05-14",2025-03-06,2025-03-30,4,"quantile",0.5,115964.250023146
"3442","DE","05-14",2025-03-06,2025-03-30,4,"quantile",0.75,146764.425121483
"3443","DE","05-14",2025-03-06,2025-03-30,4,"quantile",0.9,181422.436653045
"3444","DE","05-14",2025-03-06,2025-03-30,4,"quantile",0.975,229923.097914974
"3445","DE","15-34",2025-03-06,2025-03-09,1,"quantile",0.025,173296.566953874
"3446","DE","15-34",2025-03-06,2025-03-09,1,"quantile",0.1,205089.492925144
"3447","DE","15-34",2025-03-06,2025-03-09,1,"quantile",0.25,238453.171127464
"3448","DE","15-34",2025-03-06,2025-03-09,1,"quantile",0.5,281924.988635626
"3449","DE","15-34",2025-03-06,2025-03-09,1,"quantile",0.75,333322.047433419
"3450","DE","15-34",2025-03-06,2025-03-09,1,"quantile",0.9,387546.422215826
"3451","DE","15-34",2025-03-06,2025-03-09,1,"quantile",0.975,458645.549731826
"3452","DE","15-34",2025-03-06,2025-03-16,2,"quantile",0.025,164713.615515586
"3453","DE","15-34",2025-03-06,2025-03-16,2,"quantile",0.1,198833.714169223
"3454","DE","15-34",2025-03-06,2025-03-16,2,"quantile",0.25,235316.054618275
"3455","DE","15-34",2025-03-06,2025-03-16,2,"quantile",0.5,283752.262585373
"3456","DE","15-34",2025-03-06,2025-03-16,2,"quantile",0.75,342158.32257144
"3457","DE","15-34",2025-03-06,2025-03-16,2,"quantile",0.9,404938.100456111
"3458","DE","15-34",2025-03-06,2025-03-16,2,"quantile",0.975,488820.224547252
"3459","DE","15-34",2025-03-06,2025-03-23,3,"quantile",0.025,156235.059398036
"3460","DE","15-34",2025-03-06,2025-03-23,3,"quantile",0.1,190784.065154441
"3461","DE","15-34",2025-03-06,2025-03-23,3,"quantile",0.25,228129.012182086
"3462","DE","15-34",2025-03-06,2025-03-23,3,"quantile",0.5,278254.657885089
"3463","DE","15-34",2025-03-06,2025-03-23,3,"quantile",0.75,339394.160760881
"3464","DE","15-34",2025-03-06,2025-03-23,3,"quantile",0.9,405828.728788598
"3465","DE","15-34",2025-03-06,2025-03-23,3,"quantile",0.975,495571.576143434
"3466","DE","15-34",2025-03-06,2025-03-30,4,"quantile",0.025,135047.263326491
"3467","DE","15-34",2025-03-06,2025-03-30,4,"quantile",0.1,167908.271587036
"3468","DE","15-34",2025-03-06,2025-03-30,4,"quantile",0.25,204037.727694739
"3469","DE","15-34",2025-03-06,2025-03-30,4,"quantile",0.5,253366.896207314
"3470","DE","15-34",2025-03-06,2025-03-30,4,"quantile",0.75,314622.128069225
"3471","DE","15-34",2025-03-06,2025-03-30,4,"quantile",0.9,382320.558046195
"3472","DE","15-34",2025-03-06,2025-03-30,4,"quantile",0.975,475350.499613828
"3473","DE","35-59",2025-03-06,2025-03-09,1,"quantile",0.025,260351.077655953
"3474","DE","35-59",2025-03-06,2025-03-09,1,"quantile",0.1,305854.89305704
"3475","DE","35-59",2025-03-06,2025-03-09,1,"quantile",0.25,353275.894396306
"3476","DE","35-59",2025-03-06,2025-03-09,1,"quantile",0.5,414634.62178006
"3477","DE","35-59",2025-03-06,2025-03-09,1,"quantile",0.75,486650.440366109
"3478","DE","35-59",2025-03-06,2025-03-09,1,"quantile",0.9,562102.727408814
"3479","DE","35-59",2025-03-06,2025-03-09,1,"quantile",0.975,660346.295189464
"3480","DE","35-59",2025-03-06,2025-03-16,2,"quantile",0.025,247810.995871846
"3481","DE","35-59",2025-03-06,2025-03-16,2,"quantile",0.1,297992.181638544
"3482","DE","35-59",2025-03-06,2025-03-16,2,"quantile",0.25,351452.363671469
"3483","DE","35-59",2025-03-06,2025-03-16,2,"quantile",0.5,422170.329463421
"3484","DE","35-59",2025-03-06,2025-03-16,2,"quantile",0.75,507117.907011309
"3485","DE","35-59",2025-03-06,2025-03-16,2,"quantile",0.9,598095.514114656
"3486","DE","35-59",2025-03-06,2025-03-16,2,"quantile",0.975,719208.550259095
"3487","DE","35-59",2025-03-06,2025-03-23,3,"quantile",0.025,209119.482156213
"3488","DE","35-59",2025-03-06,2025-03-23,3,"quantile",0.1,256736.4519209
"3489","DE","35-59",2025-03-06,2025-03-23,3,"quantile",0.25,308468.201605655
"3490","DE","35-59",2025-03-06,2025-03-23,3,"quantile",0.5,378258.149997416
"3491","DE","35-59",2025-03-06,2025-03-23,3,"quantile",0.75,463837.85198832
"3492","DE","35-59",2025-03-06,2025-03-23,3,"quantile",0.9,557300.013180635
"3493","DE","35-59",2025-03-06,2025-03-23,3,"quantile",0.975,684198.46187543
"3494","DE","35-59",2025-03-06,2025-03-30,4,"quantile",0.025,170240.303659397
"3495","DE","35-59",2025-03-06,2025-03-30,4,"quantile",0.1,215060.251379955
"3496","DE","35-59",2025-03-06,2025-03-30,4,"quantile",0.25,265083.745579198
"3497","DE","35-59",2025-03-06,2025-03-30,4,"quantile",0.5,334421.34484894
"3498","DE","35-59",2025-03-06,2025-03-30,4,"quantile",0.75,421895.486825162
"3499","DE","35-59",2025-03-06,2025-03-30,4,"quantile",0.9,520029.318169936
"3500","DE","35-59",2025-03-06,2025-03-30,4,"quantile",0.975,656939.828504588
"3501","DE","60+",2025-03-06,2025-03-09,1,"quantile",0.025,109090.043991492
"3502","DE","60+",2025-03-06,2025-03-09,1,"quantile",0.1,125909.530346828
"3503","DE","60+",2025-03-06,2025-03-09,1,"quantile",0.25,143147.117639766
"3504","DE","60+",2025-03-06,2025-03-09,1,"quantile",0.5,165080.593404615
"3505","DE","60+",2025-03-06,2025-03-09,1,"quantile",0.75,190374.789015307
"3506","DE","60+",2025-03-06,2025-03-09,1,"quantile",0.9,216437.963383337
"3507","DE","60+",2025-03-06,2025-03-09,1,"quantile",0.975,249808.335588766
"3508","DE","60+",2025-03-06,2025-03-16,2,"quantile",0.025,108983.24838974
"3509","DE","60+",2025-03-06,2025-03-16,2,"quantile",0.1,126498.073547735
"3510","DE","60+",2025-03-06,2025-03-16,2,"quantile",0.25,144544.258866441
"3511","DE","60+",2025-03-06,2025-03-16,2,"quantile",0.5,167629.622236448
"3512","DE","60+",2025-03-06,2025-03-16,2,"quantile",0.75,194401.980898448
"3513","DE","60+",2025-03-06,2025-03-16,2,"quantile",0.9,222135.321614448
"3514","DE","60+",2025-03-06,2025-03-16,2,"quantile",0.975,257834.948639496
"3515","DE","60+",2025-03-06,2025-03-23,3,"quantile",0.025,94319.2471378152
"3516","DE","60+",2025-03-06,2025-03-23,3,"quantile",0.1,111899.580755168
"3517","DE","60+",2025-03-06,2025-03-23,3,"quantile",0.25,130391.65718138
"3518","DE","60+",2025-03-06,2025-03-23,3,"quantile",0.5,154542.787743151
"3519","DE","60+",2025-03-06,2025-03-23,3,"quantile",0.75,183167.188451343
"3520","DE","60+",2025-03-06,2025-03-23,3,"quantile",0.9,213436.664214863
"3521","DE","60+",2025-03-06,2025-03-23,3,"quantile",0.975,253219.506815266
"3522","DE","60+",2025-03-06,2025-03-30,4,"quantile",0.025,71188.6412493611
"3523","DE","60+",2025-03-06,2025-03-30,4,"quantile",0.1,86639.0923095509
"3524","DE","60+",2025-03-06,2025-03-30,4,"quantile",0.25,103286.961000599
"3525","DE","60+",2025-03-06,2025-03-30,4,"quantile",0.5,125561.199282787
"3526","DE","60+",2025-03-06,2025-03-30,4,"quantile",0.75,152638.964421078
"3527","DE","60+",2025-03-06,2025-03-30,4,"quantile",0.9,181968.835834556
"3528","DE","60+",2025-03-06,2025-03-30,4,"quantile",0.975,221462.50425131
"3529","DE","00+",2025-03-13,2025-03-16,1,"quantile",0.025,756616.331067363
"3530","DE","00+",2025-03-13,2025-03-16,1,"quantile",0.1,870077.737571366
"3531","DE","00+",2025-03-13,2025-03-16,1,"quantile",0.25,985957.656271009
"3532","DE","00+",2025-03-13,2025-03-16,1,"quantile",0.5,1132895.19858577
"3533","DE","00+",2025-03-13,2025-03-16,1,"quantile",0.75,1301730.88348726
"3534","DE","00+",2025-03-13,2025-03-16,1,"quantile",0.9,1475099.83942488
"3535","DE","00+",2025-03-13,2025-03-16,1,"quantile",0.975,1696304.29357521
"3536","DE","00+",2025-03-13,2025-03-23,2,"quantile",0.025,553070.87029793
"3537","DE","00+",2025-03-13,2025-03-23,2,"quantile",0.1,655974.178214706
"3538","DE","00+",2025-03-13,2025-03-23,2,"quantile",0.25,764185.449474374
"3539","DE","00+",2025-03-13,2025-03-23,2,"quantile",0.5,905474.518029581
"3540","DE","00+",2025-03-13,2025-03-23,2,"quantile",0.75,1072886.30444984
"3541","DE","00+",2025-03-13,2025-03-23,2,"quantile",0.9,1249872.52551966
"3542","DE","00+",2025-03-13,2025-03-23,2,"quantile",0.975,1482421.41619074
"3543","DE","00+",2025-03-13,2025-03-30,3,"quantile",0.025,445531.504769504
"3544","DE","00+",2025-03-13,2025-03-30,3,"quantile",0.1,539220.574483792
"3545","DE","00+",2025-03-13,2025-03-30,3,"quantile",0.25,639641.914698078
"3546","DE","00+",2025-03-13,2025-03-30,3,"quantile",0.5,773295.851578571
"3547","DE","00+",2025-03-13,2025-03-30,3,"quantile",0.75,934876.937123309
"3548","DE","00+",2025-03-13,2025-03-30,3,"quantile",0.9,1108983.04398176
"3549","DE","00+",2025-03-13,2025-03-30,3,"quantile",0.975,1342186.73127952
"3550","DE","00+",2025-03-13,2025-04-06,4,"quantile",0.025,367373.68648757
"3551","DE","00+",2025-03-13,2025-04-06,4,"quantile",0.1,456768.689939861
"3552","DE","00+",2025-03-13,2025-04-06,4,"quantile",0.25,555055.592927091
"3553","DE","00+",2025-03-13,2025-04-06,4,"quantile",0.5,689251.693439293
"3554","DE","00+",2025-03-13,2025-04-06,4,"quantile",0.75,855892.460075319
"3555","DE","00+",2025-03-13,2025-04-06,4,"quantile",0.9,1040062.30587189
"3556","DE","00+",2025-03-13,2025-04-06,4,"quantile",0.975,1293146.22789405
"3557","DE","00-04",2025-03-13,2025-03-16,1,"quantile",0.025,129969.258325574
"3558","DE","00-04",2025-03-13,2025-03-16,1,"quantile",0.1,148029.023861791
"3559","DE","00-04",2025-03-13,2025-03-16,1,"quantile",0.25,166306.86820184
"3560","DE","00-04",2025-03-13,2025-03-16,1,"quantile",0.5,189273.447902433
"3561","DE","00-04",2025-03-13,2025-03-16,1,"quantile",0.75,215411.657186619
"3562","DE","00-04",2025-03-13,2025-03-16,1,"quantile",0.9,242009.554250138
"3563","DE","00-04",2025-03-13,2025-03-16,1,"quantile",0.975,275637.781906355
"3564","DE","00-04",2025-03-13,2025-03-23,2,"quantile",0.025,109277.275298384
"3565","DE","00-04",2025-03-13,2025-03-23,2,"quantile",0.1,126535.176092646
"3566","DE","00-04",2025-03-13,2025-03-23,2,"quantile",0.25,144276.344572455
"3567","DE","00-04",2025-03-13,2025-03-23,2,"quantile",0.5,166919.983115719
"3568","DE","00-04",2025-03-13,2025-03-23,2,"quantile",0.75,193117.456960241
"3569","DE","00-04",2025-03-13,2025-03-23,2,"quantile",0.9,220193.954153523
"3570","DE","00-04",2025-03-13,2025-03-23,2,"quantile",0.975,254968.662855781
"3571","DE","00-04",2025-03-13,2025-03-30,3,"quantile",0.025,89949.0529555185
"3572","DE","00-04",2025-03-13,2025-03-30,3,"quantile",0.1,105717.76459613
"3573","DE","00-04",2025-03-13,2025-03-30,3,"quantile",0.25,122157.834043532
"3574","DE","00-04",2025-03-13,2025-03-30,3,"quantile",0.5,143438.942778208
"3575","DE","00-04",2025-03-13,2025-03-30,3,"quantile",0.75,168427.432153046
"3576","DE","00-04",2025-03-13,2025-03-30,3,"quantile",0.9,194619.422610107
"3577","DE","00-04",2025-03-13,2025-03-30,3,"quantile",0.975,228737.597887824
"3578","DE","00-04",2025-03-13,2025-04-06,4,"quantile",0.025,78413.3508615272
"3579","DE","00-04",2025-03-13,2025-04-06,4,"quantile",0.1,93485.8880066007
"3580","DE","00-04",2025-03-13,2025-04-06,4,"quantile",0.25,109413.652318997
"3581","DE","00-04",2025-03-13,2025-04-06,4,"quantile",0.5,130312.494823396
"3582","DE","00-04",2025-03-13,2025-04-06,4,"quantile",0.75,155203.175720598
"3583","DE","00-04",2025-03-13,2025-04-06,4,"quantile",0.9,181646.093000675
"3584","DE","00-04",2025-03-13,2025-04-06,4,"quantile",0.975,216561.926260307
"3585","DE","05-14",2025-03-13,2025-03-16,1,"quantile",0.025,83841.9767701923
"3586","DE","05-14",2025-03-13,2025-03-16,1,"quantile",0.1,102379.972239333
"3587","DE","05-14",2025-03-13,2025-03-16,1,"quantile",0.25,122417.748685972
"3588","DE","05-14",2025-03-13,2025-03-16,1,"quantile",0.5,149312.534197419
"3589","DE","05-14",2025-03-13,2025-03-16,1,"quantile",0.75,182116.017552693
"3590","DE","05-14",2025-03-13,2025-03-16,1,"quantile",0.9,217759.70808371
"3591","DE","05-14",2025-03-13,2025-03-16,1,"quantile",0.975,265907.767532286
"3592","DE","05-14",2025-03-13,2025-03-23,2,"quantile",0.025,59137.2083147991
"3593","DE","05-14",2025-03-13,2025-03-23,2,"quantile",0.1,74120.3763314231
"3594","DE","05-14",2025-03-13,2025-03-23,2,"quantile",0.25,90719.2374332827
"3595","DE","05-14",2025-03-13,2025-03-23,2,"quantile",0.5,113555.740822196
"3596","DE","05-14",2025-03-13,2025-03-23,2,"quantile",0.75,142140.814214417
"3597","DE","05-14",2025-03-13,2025-03-23,2,"quantile",0.9,173972.487889421
"3598","DE","05-14",2025-03-13,2025-03-23,2,"quantile",0.975,218050.642584203
"3599","DE","05-14",2025-03-13,2025-03-30,3,"quantile",0.025,44340.3363735056
"3600","DE","05-14",2025-03-13,2025-03-30,3,"quantile",0.1,55869.50884099
"3601","DE","05-14",2025-03-13,2025-03-30,3,"quantile",0.25,68705.87924484
"3602","DE","05-14",2025-03-13,2025-03-30,3,"quantile",0.5,86454.8547354072
"3603","DE","05-14",2025-03-13,2025-03-30,3,"quantile",0.75,108788.971038191
"3604","DE","05-14",2025-03-13,2025-03-30,3,"quantile",0.9,133783.920109149
"3605","DE","05-14",2025-03-13,2025-03-30,3,"quantile",0.975,168569.806154798
"3606","DE","05-14",2025-03-13,2025-04-06,4,"quantile",0.025,36037.6588489888
"3607","DE","05-14",2025-03-13,2025-04-06,4,"quantile",0.1,45671.8050811351
"3608","DE","05-14",2025-03-13,2025-04-06,4,"quantile",0.25,56457.0750527854
"3609","DE","05-14",2025-03-13,2025-04-06,4,"quantile",0.5,71452.1084084845
"3610","DE","05-14",2025-03-13,2025-04-06,4,"quantile",0.75,90429.8317127561
"3611","DE","05-14",2025-03-13,2025-04-06,4,"quantile",0.9,111784.58541212
"3612","DE","05-14",2025-03-13,2025-04-06,4,"quantile",0.975,141668.575570111
"3613","DE","15-34",2025-03-13,2025-03-16,1,"quantile",0.025,198808.495330126
"3614","DE","15-34",2025-03-13,2025-03-16,1,"quantile",0.1,235281.830524196
"3615","DE","15-34",2025-03-13,2025-03-16,1,"quantile",0.25,273557.15691221
"3616","DE","15-34",2025-03-13,2025-03-16,1,"quantile",0.5,323428.696666161
"3617","DE","15-34",2025-03-13,2025-03-16,1,"quantile",0.75,382392.195502829
"3618","DE","15-34",2025-03-13,2025-03-16,1,"quantile",0.9,444599.234858529
"3619","DE","15-34",2025-03-13,2025-03-16,1,"quantile",0.975,526165.250903746
"3620","DE","15-34",2025-03-13,2025-03-23,2,"quantile",0.025,151055.705619162
"3621","DE","15-34",2025-03-13,2025-03-23,2,"quantile",0.1,182346.595335761
"3622","DE","15-34",2025-03-13,2025-03-23,2,"quantile",0.25,215803.851810401
"3623","DE","15-34",2025-03-13,2025-03-23,2,"quantile",0.5,260223.771493932
"3624","DE","15-34",2025-03-13,2025-03-23,2,"quantile",0.75,313786.851728763
"3625","DE","15-34",2025-03-13,2025-03-23,2,"quantile",0.9,371360.984973903
"3626","DE","15-34",2025-03-13,2025-03-23,2,"quantile",0.975,448287.676211656
"3627","DE","15-34",2025-03-13,2025-03-30,3,"quantile",0.025,123696.650580748
"3628","DE","15-34",2025-03-13,2025-03-30,3,"quantile",0.1,151050.282405948
"3629","DE","15-34",2025-03-13,2025-03-30,3,"quantile",0.25,180617.556750347
"3630","DE","15-34",2025-03-13,2025-03-30,3,"quantile",0.5,220303.74822074
"3631","DE","15-34",2025-03-13,2025-03-30,3,"quantile",0.75,268709.987851245
"3632","DE","15-34",2025-03-13,2025-03-30,3,"quantile",0.9,321308.512020339
"3633","DE","15-34",2025-03-13,2025-03-30,3,"quantile",0.975,392360.999689518
"3634","DE","15-34",2025-03-13,2025-04-06,4,"quantile",0.025,100165.442954884
"3635","DE","15-34",2025-03-13,2025-04-06,4,"quantile",0.1,124538.668796595
"3636","DE","15-34",2025-03-13,2025-04-06,4,"quantile",0.25,151336.123891986
"3637","DE","15-34",2025-03-13,2025-04-06,4,"quantile",0.5,187923.892447596
"3638","DE","15-34",2025-03-13,2025-04-06,4,"quantile",0.75,233357.300586484
"3639","DE","15-34",2025-03-13,2025-04-06,4,"quantile",0.9,283569.671122269
"3640","DE","15-34",2025-03-13,2025-04-06,4,"quantile",0.975,352570.590323872
"3641","DE","35-59",2025-03-13,2025-03-16,1,"quantile",0.025,287432.947408887
"3642","DE","35-59",2025-03-13,2025-03-16,1,"quantile",0.1,337670.096019303
"3643","DE","35-59",2025-03-13,2025-03-16,1,"quantile",0.25,390023.85735859
"3644","DE","35-59",2025-03-13,2025-03-16,1,"quantile",0.5,457765.155070739
"3645","DE","35-59",2025-03-13,2025-03-16,1,"quantile",0.75,537272.100778895
"3646","DE","35-59",2025-03-13,2025-03-16,1,"quantile",0.9,620572.978381121
"3647","DE","35-59",2025-03-13,2025-03-16,1,"quantile",0.975,729035.89893209
"3648","DE","35-59",2025-03-13,2025-03-23,2,"quantile",0.025,215075.399913468
"3649","DE","35-59",2025-03-13,2025-03-23,2,"quantile",0.1,258627.698950618
"3650","DE","35-59",2025-03-13,2025-03-23,2,"quantile",0.25,305025.841977832
"3651","DE","35-59",2025-03-13,2025-03-23,2,"quantile",0.5,366402.032006286
"3652","DE","35-59",2025-03-13,2025-03-23,2,"quantile",0.75,440128.115663368
"3653","DE","35-59",2025-03-13,2025-03-23,2,"quantile",0.9,519087.667728772
"3654","DE","35-59",2025-03-13,2025-03-23,2,"quantile",0.975,624201.787430588
"3655","DE","35-59",2025-03-13,2025-03-30,3,"quantile",0.025,170131.173619707
"3656","DE","35-59",2025-03-13,2025-03-30,3,"quantile",0.1,208870.419082397
"3657","DE","35-59",2025-03-13,2025-03-30,3,"quantile",0.25,250957.283474562
"3658","DE","35-59",2025-03-13,2025-03-30,3,"quantile",0.5,307735.569764882
"3659","DE","35-59",2025-03-13,2025-03-30,3,"quantile",0.75,377359.762535507
"3660","DE","35-59",2025-03-13,2025-03-30,3,"quantile",0.9,453396.806089416
"3661","DE","35-59",2025-03-13,2025-03-30,3,"quantile",0.975,556636.264146404
"3662","DE","35-59",2025-03-13,2025-04-06,4,"quantile",0.025,130375.112331745
"3663","DE","35-59",2025-03-13,2025-04-06,4,"quantile",0.1,164699.567781858
"3664","DE","35-59",2025-03-13,2025-04-06,4,"quantile",0.25,203009.054638161
"3665","DE","35-59",2025-03-13,2025-04-06,4,"quantile",0.5,256109.860377396
"3666","DE","35-59",2025-03-13,2025-04-06,4,"quantile",0.75,323100.172548655
"3667","DE","35-59",2025-03-13,2025-04-06,4,"quantile",0.9,398253.993413055
"3668","DE","35-59",2025-03-13,2025-04-06,4,"quantile",0.975,503104.153924922
"3669","DE","60+",2025-03-13,2025-03-16,1,"quantile",0.025,122985.565057268
"3670","DE","60+",2025-03-13,2025-03-16,1,"quantile",0.1,141947.4607326
"3671","DE","60+",2025-03-13,2025-03-16,1,"quantile",0.25,161380.713629733
"3672","DE","60+",2025-03-13,2025-03-16,1,"quantile",0.5,186108.001399644
"3673","DE","60+",2025-03-13,2025-03-16,1,"quantile",0.75,214624.086149712
"3674","DE","60+",2025-03-13,2025-03-16,1,"quantile",0.9,244007.099571984
"3675","DE","60+",2025-03-13,2025-03-16,1,"quantile",0.975,281628.076992949
"3676","DE","60+",2025-03-13,2025-03-23,2,"quantile",0.025,99357.1314409907
"3677","DE","60+",2025-03-13,2025-03-23,2,"quantile",0.1,115324.932099359
"3678","DE","60+",2025-03-13,2025-03-23,2,"quantile",0.25,131777.159695907
"3679","DE","60+",2025-03-13,2025-03-23,2,"quantile",0.5,152823.472010936
"3680","DE","60+",2025-03-13,2025-03-23,2,"quantile",0.75,177231.119955628
"3681","DE","60+",2025-03-13,2025-03-23,2,"quantile",0.9,202514.869701858
"3682","DE","60+",2025-03-13,2025-03-23,2,"quantile",0.975,235061.270980313
"3683","DE","60+",2025-03-13,2025-03-30,3,"quantile",0.025,79160.3420238796
"3684","DE","60+",2025-03-13,2025-03-30,3,"quantile",0.1,93915.1801324804
"3685","DE","60+",2025-03-13,2025-03-30,3,"quantile",0.25,109435.226560457
"3686","DE","60+",2025-03-13,2025-03-30,3,"quantile",0.5,129704.809000398
"3687","DE","60+",2025-03-13,2025-03-30,3,"quantile",0.75,153728.721606254
"3688","DE","60+",2025-03-13,2025-03-30,3,"quantile",0.9,179133.314274627
"3689","DE","60+",2025-03-13,2025-03-30,3,"quantile",0.975,212522.293963243
"3690","DE","60+",2025-03-13,2025-04-06,4,"quantile",0.025,64428.3086455568
"3691","DE","60+",2025-03-13,2025-04-06,4,"quantile",0.1,78411.5286108334
"3692","DE","60+",2025-03-13,2025-04-06,4,"quantile",0.25,93478.4550683906
"3693","DE","60+",2025-03-13,2025-04-06,4,"quantile",0.5,113637.450572499
"3694","DE","60+",2025-03-13,2025-04-06,4,"quantile",0.75,138143.812530593
"3695","DE","60+",2025-03-13,2025-04-06,4,"quantile",0.9,164688.412551022
"3696","DE","60+",2025-03-13,2025-04-06,4,"quantile",0.975,200431.618400209
"3697","DE","00+",2025-03-20,2025-03-23,1,"quantile",0.025,728009.964527568
"3698","DE","00+",2025-03-20,2025-03-23,1,"quantile",0.1,837181.589739122
"3699","DE","00+",2025-03-20,2025-03-23,1,"quantile",0.25,948680.287345841
"3700","DE","00+",2025-03-20,2025-03-23,1,"quantile",0.5,1090062.37305556
"3701","DE","00+",2025-03-20,2025-03-23,1,"quantile",0.75,1252514.67011703
"3702","DE","00+",2025-03-20,2025-03-23,1,"quantile",0.9,1419328.84300738
"3703","DE","00+",2025-03-20,2025-03-23,1,"quantile",0.975,1632169.93591921
"3704","DE","00+",2025-03-20,2025-03-30,2,"quantile",0.025,580074.004625333
"3705","DE","00+",2025-03-20,2025-03-30,2,"quantile",0.1,688001.464048974
"3706","DE","00+",2025-03-20,2025-03-30,2,"quantile",0.25,801496.042838453
"3707","DE","00+",2025-03-20,2025-03-30,2,"quantile",0.5,949683.409427571
"3708","DE","00+",2025-03-20,2025-03-30,2,"quantile",0.75,1125268.90956062
"3709","DE","00+",2025-03-20,2025-03-30,2,"quantile",0.9,1310896.30657788
"3710","DE","00+",2025-03-20,2025-03-30,2,"quantile",0.975,1554799.1651936
"3711","DE","00+",2025-03-20,2025-04-06,3,"quantile",0.025,471447.0502001
"3712","DE","00+",2025-03-20,2025-04-06,3,"quantile",0.1,570585.798144858
"3713","DE","00+",2025-03-20,2025-04-06,3,"quantile",0.25,676848.417318464
"3714","DE","00+",2025-03-20,2025-04-06,3,"quantile",0.5,818276.697059394
"3715","DE","00+",2025-03-20,2025-04-06,3,"quantile",0.75,989256.583627925
"3716","DE","00+",2025-03-20,2025-04-06,3,"quantile",0.9,1173490.04326329
"3717","DE","00+",2025-03-20,2025-04-06,3,"quantile",0.975,1420258.65400205
"3718","DE","00+",2025-03-20,2025-04-13,4,"quantile",0.025,394806.026407056
"3719","DE","00+",2025-03-20,2025-04-13,4,"quantile",0.1,490876.287810599
"3720","DE","00+",2025-03-20,2025-04-13,4,"quantile",0.25,596502.420120859
"3721","DE","00+",2025-03-20,2025-04-13,4,"quantile",0.5,740719.143177688
"3722","DE","00+",2025-03-20,2025-04-13,4,"quantile",0.75,919803.223864075
"3723","DE","00+",2025-03-20,2025-04-13,4,"quantile",0.9,1117725.30613984
"3724","DE","00+",2025-03-20,2025-04-13,4,"quantile",0.975,1389707.38127538
"3725","DE","00-04",2025-03-20,2025-03-23,1,"quantile",0.025,124261.898850126
"3726","DE","00-04",2025-03-20,2025-03-23,1,"quantile",0.1,141528.603201834
"3727","DE","00-04",2025-03-20,2025-03-23,1,"quantile",0.25,159003.809830252
"3728","DE","00-04",2025-03-20,2025-03-23,1,"quantile",0.5,180961.854682208
"3729","DE","00-04",2025-03-20,2025-03-23,1,"quantile",0.75,205952.252873592
"3730","DE","00-04",2025-03-20,2025-03-23,1,"quantile",0.9,231382.152506117
"3731","DE","00-04",2025-03-20,2025-03-23,1,"quantile",0.975,263533.658772761
"3732","DE","00-04",2025-03-20,2025-03-30,2,"quantile",0.025,104963.505682891
"3733","DE","00-04",2025-03-20,2025-03-30,2,"quantile",0.1,121540.14307751
"3734","DE","00-04",2025-03-20,2025-03-30,2,"quantile",0.25,138580.970948327
"3735","DE","00-04",2025-03-20,2025-03-30,2,"quantile",0.5,160330.741670807
"3736","DE","00-04",2025-03-20,2025-03-30,2,"quantile",0.75,185494.058446857
"3737","DE","00-04",2025-03-20,2025-03-30,2,"quantile",0.9,211501.698729428
"3738","DE","00-04",2025-03-20,2025-03-30,2,"quantile",0.975,244903.660157581
"3739","DE","00-04",2025-03-20,2025-04-06,3,"quantile",0.025,88096.3493205728
"3740","DE","00-04",2025-03-20,2025-04-06,3,"quantile",0.1,103540.268776997
"3741","DE","00-04",2025-03-20,2025-04-06,3,"quantile",0.25,119641.717911865
"3742","DE","00-04",2025-03-20,2025-04-06,3,"quantile",0.5,140484.494210424
"3743","DE","00-04",2025-03-20,2025-04-06,3,"quantile",0.75,164958.289282483
"3744","DE","00-04",2025-03-20,2025-04-06,3,"quantile",0.9,190610.796617357
"3745","DE","00-04",2025-03-20,2025-04-06,3,"quantile",0.975,224026.231118181
"3746","DE","00-04",2025-03-20,2025-04-13,4,"quantile",0.025,80544.6904162837
"3747","DE","00-04",2025-03-20,2025-04-13,4,"quantile",0.1,96026.9115533672
"3748","DE","00-04",2025-03-20,2025-04-13,4,"quantile",0.25,112387.605637605
"3749","DE","00-04",2025-03-20,2025-04-13,4,"quantile",0.5,133854.495919441
"3750","DE","00-04",2025-03-20,2025-04-13,4,"quantile",0.75,159421.726054217
"3751","DE","00-04",2025-03-20,2025-04-13,4,"quantile",0.9,186583.3836371
"3752","DE","00-04",2025-03-20,2025-04-13,4,"quantile",0.975,222448.258044648
"3753","DE","05-14",2025-03-20,2025-03-23,1,"quantile",0.025,72289.8910318974
"3754","DE","05-14",2025-03-20,2025-03-23,1,"quantile",0.1,88273.6467117903
"3755","DE","05-14",2025-03-20,2025-03-23,1,"quantile",0.25,105550.537496694
"3756","DE","05-14",2025-03-20,2025-03-23,1,"quantile",0.5,128739.650979524
"3757","DE","05-14",2025-03-20,2025-03-23,1,"quantile",0.75,157023.338084364
"3758","DE","05-14",2025-03-20,2025-03-23,1,"quantile",0.9,187755.897164221
"3759","DE","05-14",2025-03-20,2025-03-23,1,"quantile",0.975,229269.922775462
"3760","DE","05-14",2025-03-20,2025-03-30,2,"quantile",0.025,54370.1442757572
"3761","DE","05-14",2025-03-20,2025-03-30,2,"quantile",0.1,68145.5156533726
"3762","DE","05-14",2025-03-20,2025-03-30,2,"quantile",0.25,83406.3387229579
"3763","DE","05-14",2025-03-20,2025-03-30,2,"quantile",0.5,104401.986292245
"3764","DE","05-14",2025-03-20,2025-03-30,2,"quantile",0.75,130682.810307389
"3765","DE","05-14",2025-03-20,2025-03-30,2,"quantile",0.9,159948.525405673
"3766","DE","05-14",2025-03-20,2025-03-30,2,"quantile",0.975,200473.529856462
"3767","DE","05-14",2025-03-20,2025-04-06,3,"quantile",0.025,40848.4522983396
"3768","DE","05-14",2025-03-20,2025-04-06,3,"quantile",0.1,51469.6809604381
"3769","DE","05-14",2025-03-20,2025-04-06,3,"quantile",0.25,63295.1632867019
"3770","DE","05-14",2025-03-20,2025-04-06,3,"quantile",0.5,79646.3738991692
"3771","DE","05-14",2025-03-20,2025-04-06,3,"quantile",0.75,100221.636944873
"3772","DE","05-14",2025-03-20,2025-04-06,3,"quantile",0.9,123248.187222342
"3773","DE","05-14",2025-03-20,2025-04-06,3,"quantile",0.975,155294.619951712
"3774","DE","05-14",2025-03-20,2025-04-13,4,"quantile",0.025,37997.8555251634
"3775","DE","05-14",2025-03-20,2025-04-13,4,"quantile",0.1,48156.0319530882
"3776","DE","05-14",2025-03-20,2025-04-13,4,"quantile",0.25,59527.9452036114
"3777","DE","05-14",2025-03-20,2025-04-13,4,"quantile",0.5,75338.6035327901
"3778","DE","05-14",2025-03-20,2025-04-13,4,"quantile",0.75,95348.5822978915
"3779","DE","05-14",2025-03-20,2025-04-13,4,"quantile",0.9,117864.885292048
"3780","DE","05-14",2025-03-20,2025-04-13,4,"quantile",0.975,149374.35557415
"3781","DE","15-34",2025-03-20,2025-03-23,1,"quantile",0.025,161600.145661183
"3782","DE","15-34",2025-03-20,2025-03-23,1,"quantile",0.1,191247.250380343
"3783","DE","15-34",2025-03-20,2025-03-23,1,"quantile",0.25,222359.091497904
"3784","DE","15-34",2025-03-20,2025-03-23,1,"quantile",0.5,262896.836503234
"3785","DE","15-34",2025-03-20,2025-03-23,1,"quantile",0.75,310824.919178354
"3786","DE","15-34",2025-03-20,2025-03-23,1,"quantile",0.9,361389.491906191
"3787","DE","15-34",2025-03-20,2025-03-23,1,"quantile",0.975,427689.878376205
"3788","DE","15-34",2025-03-20,2025-03-30,2,"quantile",0.025,136103.5292113
"3789","DE","15-34",2025-03-20,2025-03-30,2,"quantile",0.1,164297.10525091
"3790","DE","15-34",2025-03-20,2025-03-30,2,"quantile",0.25,194442.611276393
"3791","DE","15-34",2025-03-20,2025-03-30,2,"quantile",0.5,234465.646562815
"3792","DE","15-34",2025-03-20,2025-03-30,2,"quantile",0.75,282726.811048506
"3793","DE","15-34",2025-03-20,2025-03-30,2,"quantile",0.9,334601.996390404
"3794","DE","15-34",2025-03-20,2025-03-30,2,"quantile",0.975,403914.136074839
"3795","DE","15-34",2025-03-20,2025-04-06,3,"quantile",0.025,112072.307769142
"3796","DE","15-34",2025-03-20,2025-04-06,3,"quantile",0.1,136855.393084104
"3797","DE","15-34",2025-03-20,2025-04-06,3,"quantile",0.25,163644.094755998
"3798","DE","15-34",2025-03-20,2025-04-06,3,"quantile",0.5,199600.792401191
"3799","DE","15-34",2025-03-20,2025-04-06,3,"quantile",0.75,243458.075200254
"3800","DE","15-34",2025-03-20,2025-04-06,3,"quantile",0.9,291113.674290492
"3801","DE","15-34",2025-03-20,2025-04-06,3,"quantile",0.975,355489.033109325
"3802","DE","15-34",2025-03-20,2025-04-13,4,"quantile",0.025,98837.1740057804
"3803","DE","15-34",2025-03-20,2025-04-13,4,"quantile",0.1,122887.192580394
"3804","DE","15-34",2025-03-20,2025-04-13,4,"quantile",0.25,149329.293309367
"3805","DE","15-34",2025-03-20,2025-04-13,4,"quantile",0.5,185431.880594314
"3806","DE","15-34",2025-03-20,2025-04-13,4,"quantile",0.75,230262.807642893
"3807","DE","15-34",2025-03-20,2025-04-13,4,"quantile",0.9,279809.324460308
"3808","DE","15-34",2025-03-20,2025-04-13,4,"quantile",0.975,347895.239687174
"3809","DE","35-59",2025-03-20,2025-03-23,1,"quantile",0.025,236171.180018695
"3810","DE","35-59",2025-03-20,2025-03-23,1,"quantile",0.1,277448.865040721
"3811","DE","35-59",2025-03-20,2025-03-23,1,"quantile",0.25,320465.678893753
"3812","DE","35-59",2025-03-20,2025-03-23,1,"quantile",0.5,376125.763657513
"3813","DE","35-59",2025-03-20,2025-03-23,1,"quantile",0.75,441453.170820986
"3814","DE","35-59",2025-03-20,2025-03-23,1,"quantile",0.9,509897.887187911
"3815","DE","35-59",2025-03-20,2025-03-23,1,"quantile",0.975,599017.162363964
"3816","DE","35-59",2025-03-20,2025-03-30,2,"quantile",0.025,191460.39632652
"3817","DE","35-59",2025-03-20,2025-03-30,2,"quantile",0.1,230230.708681809
"3818","DE","35-59",2025-03-20,2025-03-30,2,"quantile",0.25,271534.395000091
"3819","DE","35-59",2025-03-20,2025-03-30,2,"quantile",0.5,326171.55793266
"3820","DE","35-59",2025-03-20,2025-03-30,2,"quantile",0.75,391802.61198285
"3821","DE","35-59",2025-03-20,2025-03-30,2,"quantile",0.9,462092.506309626
"3822","DE","35-59",2025-03-20,2025-03-30,2,"quantile",0.975,555665.23022747
"3823","DE","35-59",2025-03-20,2025-04-06,3,"quantile",0.025,154831.540636847
"3824","DE","35-59",2025-03-20,2025-04-06,3,"quantile",0.1,190087.025745678
"3825","DE","35-59",2025-03-20,2025-04-06,3,"quantile",0.25,228389.083597691
"3826","DE","35-59",2025-03-20,2025-04-06,3,"quantile",0.5,280061.386527316
"3827","DE","35-59",2025-03-20,2025-04-06,3,"quantile",0.75,343424.383460314
"3828","DE","35-59",2025-03-20,2025-04-06,3,"quantile",0.9,412623.53343643
"3829","DE","35-59",2025-03-20,2025-04-06,3,"quantile",0.975,506578.826904322
"3830","DE","35-59",2025-03-20,2025-04-13,4,"quantile",0.025,123468.364501841
"3831","DE","35-59",2025-03-20,2025-04-13,4,"quantile",0.1,155974.44868498
"3832","DE","35-59",2025-03-20,2025-04-13,4,"quantile",0.25,192254.453376495
"3833","DE","35-59",2025-03-20,2025-04-13,4,"quantile",0.5,242542.192509333
"3834","DE","35-59",2025-03-20,2025-04-13,4,"quantile",0.75,305983.628020482
"3835","DE","35-59",2025-03-20,2025-04-13,4,"quantile",0.9,377156.102446282
"3836","DE","35-59",2025-03-20,2025-04-13,4,"quantile",0.975,476451.724169046
"3837","DE","60+",2025-03-20,2025-03-23,1,"quantile",0.025,104897.483626994
"3838","DE","60+",2025-03-20,2025-03-23,1,"quantile",0.1,121070.561664353
"3839","DE","60+",2025-03-20,2025-03-23,1,"quantile",0.25,137645.672138879
"3840","DE","60+",2025-03-20,2025-03-23,1,"quantile",0.5,158736.198191887
"3841","DE","60+",2025-03-20,2025-03-23,1,"quantile",0.75,183058.284542292
"3842","DE","60+",2025-03-20,2025-03-23,1,"quantile",0.9,208119.796175298
"3843","DE","60+",2025-03-20,2025-03-23,1,"quantile",0.975,240207.674628429
"3844","DE","60+",2025-03-20,2025-03-30,2,"quantile",0.025,89836.7006924974
"3845","DE","60+",2025-03-20,2025-03-30,2,"quantile",0.1,104274.461803941
"3846","DE","60+",2025-03-20,2025-03-30,2,"quantile",0.25,119150.231916062
"3847","DE","60+",2025-03-20,2025-03-30,2,"quantile",0.5,138179.880142661
"3848","DE","60+",2025-03-20,2025-03-30,2,"quantile",0.75,160248.779789965
"3849","DE","60+",2025-03-20,2025-03-30,2,"quantile",0.9,183109.832896002
"3850","DE","60+",2025-03-20,2025-03-30,2,"quantile",0.975,212537.628041306
"3851","DE","60+",2025-03-20,2025-04-06,3,"quantile",0.025,76030.8637832243
"3852","DE","60+",2025-03-20,2025-04-06,3,"quantile",0.1,90202.3928304351
"3853","DE","60+",2025-03-20,2025-04-06,3,"quantile",0.25,105108.878902954
"3854","DE","60+",2025-03-20,2025-04-06,3,"quantile",0.5,124577.135633946
"3855","DE","60+",2025-03-20,2025-04-06,3,"quantile",0.75,147651.301057902
"3856","DE","60+",2025-03-20,2025-04-06,3,"quantile",0.9,172051.563553669
"3857","DE","60+",2025-03-20,2025-04-06,3,"quantile",0.975,204120.563025655
"3858","DE","60+",2025-03-20,2025-04-13,4,"quantile",0.025,66820.895578806
"3859","DE","60+",2025-03-20,2025-04-13,4,"quantile",0.1,81323.3914660647
"3860","DE","60+",2025-03-20,2025-04-13,4,"quantile",0.25,96949.8379874636
"3861","DE","60+",2025-03-20,2025-04-13,4,"quantile",0.5,117857.450834546
"3862","DE","60+",2025-03-20,2025-04-13,4,"quantile",0.75,143273.872402073
"3863","DE","60+",2025-03-20,2025-04-13,4,"quantile",0.9,170804.223321328
"3864","DE","60+",2025-03-20,2025-04-13,4,"quantile",0.975,207874.776249231
"3865","DE","00+",2025-03-27,2025-03-30,1,"quantile",0.025,699551.111698308
"3866","DE","00+",2025-03-27,2025-03-30,1,"quantile",0.1,804455.076621664
"3867","DE","00+",2025-03-27,2025-03-30,1,"quantile",0.25,911595.145664963
"3868","DE","00+",2025-03-27,2025-03-30,1,"quantile",0.5,1047450.42244904
"3869","DE","00+",2025-03-27,2025-03-30,1,"quantile",0.75,1203552.2487215
"3870","DE","00+",2025-03-27,2025-03-30,1,"quantile",0.9,1363845.43944479
"3871","DE","00+",2025-03-27,2025-03-30,1,"quantile",0.975,1568366.29824674
"3872","DE","00+",2025-03-27,2025-04-06,2,"quantile",0.025,550850.217839329
"3873","DE","00+",2025-03-27,2025-04-06,2,"quantile",0.1,653340.355408514
"3874","DE","00+",2025-03-27,2025-04-06,2,"quantile",0.25,761117.144147991
"3875","DE","00+",2025-03-27,2025-04-06,2,"quantile",0.5,901838.918466039
"3876","DE","00+",2025-03-27,2025-04-06,2,"quantile",0.75,1068578.52449301
"3877","DE","00+",2025-03-27,2025-04-06,2,"quantile",0.9,1244854.12255218
"3878","DE","00+",2025-03-27,2025-04-06,2,"quantile",0.975,1476469.29876902
"3879","DE","00+",2025-03-27,2025-04-13,3,"quantile",0.025,501356.160935035
"3880","DE","00+",2025-03-27,2025-04-13,3,"quantile",0.1,606784.378268017
"3881","DE","00+",2025-03-27,2025-04-13,3,"quantile",0.25,719788.412925078
"3882","DE","00+",2025-03-27,2025-04-13,3,"quantile",0.5,870189.055687534
"3883","DE","00+",2025-03-27,2025-04-13,3,"quantile",0.75,1052016.09117481
"3884","DE","00+",2025-03-27,2025-04-13,3,"quantile",0.9,1247937.52073804
"3885","DE","00+",2025-03-27,2025-04-13,3,"quantile",0.975,1510361.39902245
"3886","DE","00+",2025-03-27,2025-04-20,4,"quantile",0.025,408010.517858009
"3887","DE","00+",2025-03-27,2025-04-20,4,"quantile",0.1,507293.898769728
"3888","DE","00+",2025-03-27,2025-04-20,4,"quantile",0.25,616452.751625774
"3889","DE","00+",2025-03-27,2025-04-20,4,"quantile",0.5,765492.877466038
"3890","DE","00+",2025-03-27,2025-04-20,4,"quantile",0.75,950566.517719043
"3891","DE","00+",2025-03-27,2025-04-20,4,"quantile",0.9,1155108.20625348
"3892","DE","00+",2025-03-27,2025-04-20,4,"quantile",0.975,1436186.86235721
"3893","DE","00-04",2025-03-27,2025-03-30,1,"quantile",0.025,124472.032814976
"3894","DE","00-04",2025-03-27,2025-03-30,1,"quantile",0.1,141767.936149469
"3895","DE","00-04",2025-03-27,2025-03-30,1,"quantile",0.25,159272.694349924
"3896","DE","00-04",2025-03-27,2025-03-30,1,"quantile",0.5,181267.871509271
"3897","DE","00-04",2025-03-27,2025-03-30,1,"quantile",0.75,206300.529890655
"3898","DE","00-04",2025-03-27,2025-03-30,1,"quantile",0.9,231773.432935207
"3899","DE","00-04",2025-03-27,2025-03-30,1,"quantile",0.975,263979.309234422
"3900","DE","00-04",2025-03-27,2025-04-06,2,"quantile",0.025,104007.876368495
"3901","DE","00-04",2025-03-27,2025-04-06,2,"quantile",0.1,120433.593493013
"3902","DE","00-04",2025-03-27,2025-04-06,2,"quantile",0.25,137319.274919844
"3903","DE","00-04",2025-03-27,2025-04-06,2,"quantile",0.5,158871.027118185
"3904","DE","00-04",2025-03-27,2025-04-06,2,"quantile",0.75,183805.247095284
"3905","DE","00-04",2025-03-27,2025-04-06,2,"quantile",0.9,209576.103523404
"3906","DE","00-04",2025-03-27,2025-04-06,2,"quantile",0.975,242673.960269731
"3907","DE","00-04",2025-03-27,2025-04-13,3,"quantile",0.025,97946.9565207241
"3908","DE","00-04",2025-03-27,2025-04-13,3,"quantile",0.1,115117.757798805
"3909","DE","00-04",2025-03-27,2025-04-13,3,"quantile",0.25,133019.611286453
"3910","DE","00-04",2025-03-27,2025-04-13,3,"quantile",0.5,156192.949564721
"3911","DE","00-04",2025-03-27,2025-04-13,3,"quantile",0.75,183403.313675238
"3912","DE","00-04",2025-03-27,2025-04-13,3,"quantile",0.9,211924.189284208
"3913","DE","00-04",2025-03-27,2025-04-13,3,"quantile",0.975,249076.013796975
"3914","DE","00-04",2025-03-27,2025-04-20,4,"quantile",0.025,89859.362657072
"3915","DE","00-04",2025-03-27,2025-04-20,4,"quantile",0.1,107132.040926786
"3916","DE","00-04",2025-03-27,2025-04-20,4,"quantile",0.25,125384.784036712
"3917","DE","00-04",2025-03-27,2025-04-20,4,"quantile",0.5,149334.234571382
"3918","DE","00-04",2025-03-27,2025-04-20,4,"quantile",0.75,177858.212911153
"3919","DE","00-04",2025-03-27,2025-04-20,4,"quantile",0.9,208161.007874953
"3920","DE","00-04",2025-03-27,2025-04-20,4,"quantile",0.975,248173.511981452
"3921","DE","05-14",2025-03-27,2025-03-30,1,"quantile",0.025,71010.457553855
"3922","DE","05-14",2025-03-27,2025-03-30,1,"quantile",0.1,86711.3223366973
"3923","DE","05-14",2025-03-27,2025-03-30,1,"quantile",0.25,103682.435478957
"3924","DE","05-14",2025-03-27,2025-03-30,1,"quantile",0.5,126461.132959044
"3925","DE","05-14",2025-03-27,2025-03-30,1,"quantile",0.75,154244.236985837
"3926","DE","05-14",2025-03-27,2025-03-30,1,"quantile",0.9,184432.871259731
"3927","DE","05-14",2025-03-27,2025-03-30,1,"quantile",0.975,225212.15466266
"3928","DE","05-14",2025-03-27,2025-04-06,2,"quantile",0.025,48757.4419452726
"3929","DE","05-14",2025-03-27,2025-04-06,2,"quantile",0.1,61110.7634080985
"3930","DE","05-14",2025-03-27,2025-04-06,2,"quantile",0.25,74796.1914084092
"3931","DE","05-14",2025-03-27,2025-04-06,2,"quantile",0.5,93624.4303454059
"3932","DE","05-14",2025-03-27,2025-04-06,2,"quantile",0.75,117192.249932077
"3933","DE","05-14",2025-03-27,2025-04-06,2,"quantile",0.9,143436.826324119
"3934","DE","05-14",2025-03-27,2025-04-06,2,"quantile",0.975,179778.380648857
"3935","DE","05-14",2025-03-27,2025-04-13,3,"quantile",0.025,44990.6955635654
"3936","DE","05-14",2025-03-27,2025-04-13,3,"quantile",0.1,56688.9714678134
"3937","DE","05-14",2025-03-27,2025-04-13,3,"quantile",0.25,69713.6185547456
"3938","DE","05-14",2025-03-27,2025-04-13,3,"quantile",0.5,87722.9260650613
"3939","DE","05-14",2025-03-27,2025-04-13,3,"quantile",0.75,110384.626661907
"3940","DE","05-14",2025-03-27,2025-04-13,3,"quantile",0.9,135746.187629906
"3941","DE","05-14",2025-03-27,2025-04-13,3,"quantile",0.975,171042.29354587
"3942","DE","05-14",2025-03-27,2025-04-20,4,"quantile",0.025,45765.4787165065
"3943","DE","05-14",2025-03-27,2025-04-20,4,"quantile",0.1,58000.2167217301
"3944","DE","05-14",2025-03-27,2025-04-20,4,"quantile",0.25,71696.8068750383
"3945","DE","05-14",2025-03-27,2025-04-20,4,"quantile",0.5,90739.5222403515
"3946","DE","05-14",2025-03-27,2025-04-20,4,"quantile",0.75,114839.994349509
"3947","DE","05-14",2025-03-27,2025-04-20,4,"quantile",0.9,141959.140185807
"3948","DE","05-14",2025-03-27,2025-04-20,4,"quantile",0.975,179909.860604988
"3949","DE","15-34",2025-03-27,2025-03-30,1,"quantile",0.025,162111.690813554
"3950","DE","15-34",2025-03-27,2025-03-30,1,"quantile",0.1,191852.643422757
"3951","DE","15-34",2025-03-27,2025-03-30,1,"quantile",0.25,223062.969052444
"3952","DE","15-34",2025-03-27,2025-03-30,1,"quantile",0.5,263729.036262316
"3953","DE","15-34",2025-03-27,2025-03-30,1,"quantile",0.75,311808.8352509
"3954","DE","15-34",2025-03-27,2025-03-30,1,"quantile",0.9,362533.470099689
"3955","DE","15-34",2025-03-27,2025-03-30,1,"quantile",0.975,429043.730398469
"3956","DE","15-34",2025-03-27,2025-04-06,2,"quantile",0.025,124920.258095613
"3957","DE","15-34",2025-03-27,2025-04-06,2,"quantile",0.1,150797.241711802
"3958","DE","15-34",2025-03-27,2025-04-06,2,"quantile",0.25,178465.770330776
"3959","DE","15-34",2025-03-27,2025-04-06,2,"quantile",0.5,215200.217458798
"3960","DE","15-34",2025-03-27,2025-04-06,2,"quantile",0.75,259495.888250609
"3961","DE","15-34",2025-03-27,2025-04-06,2,"quantile",0.9,307108.62525471
"3962","DE","15-34",2025-03-27,2025-04-06,2,"quantile",0.975,370725.56765667
"3963","DE","15-34",2025-03-27,2025-04-13,3,"quantile",0.025,118596.784078616
"3964","DE","15-34",2025-03-27,2025-04-13,3,"quantile",0.1,144822.658038086
"3965","DE","15-34",2025-03-27,2025-04-13,3,"quantile",0.25,173170.908655647
"3966","DE","15-34",2025-03-27,2025-04-13,3,"quantile",0.5,211220.885422353
"3967","DE","15-34",2025-03-27,2025-04-13,3,"quantile",0.75,257631.393084152
"3968","DE","15-34",2025-03-27,2025-04-13,3,"quantile",0.9,308061.342354798
"3969","DE","15-34",2025-03-27,2025-04-13,3,"quantile",0.975,376184.42005163
"3970","DE","15-34",2025-03-27,2025-04-20,4,"quantile",0.025,103121.235069649
"3971","DE","15-34",2025-03-27,2025-04-20,4,"quantile",0.1,128213.692880281
"3972","DE","15-34",2025-03-27,2025-04-20,4,"quantile",0.25,155801.916769081
"3973","DE","15-34",2025-03-27,2025-04-20,4,"quantile",0.5,193469.357461141
"3974","DE","15-34",2025-03-27,2025-04-20,4,"quantile",0.75,240243.464603221
"3975","DE","15-34",2025-03-27,2025-04-20,4,"quantile",0.9,291937.55702347
"3976","DE","15-34",2025-03-27,2025-04-20,4,"quantile",0.975,362974.631278863
"3977","DE","35-59",2025-03-27,2025-03-30,1,"quantile",0.025,223581.293166932
"3978","DE","35-59",2025-03-27,2025-03-30,1,"quantile",0.1,262658.534494309
"3979","DE","35-59",2025-03-27,2025-03-30,1,"quantile",0.25,303382.194631083
"3980","DE","35-59",2025-03-27,2025-03-30,1,"quantile",0.5,356075.134253425
"3981","DE","35-59",2025-03-27,2025-03-30,1,"quantile",0.75,417920.047640807
"3982","DE","35-59",2025-03-27,2025-03-30,1,"quantile",0.9,482716.091741318
"3983","DE","35-59",2025-03-27,2025-03-30,1,"quantile",0.975,567084.568828083
"3984","DE","35-59",2025-03-27,2025-04-06,2,"quantile",0.025,175590.192458024
"3985","DE","35-59",2025-03-27,2025-04-06,2,"quantile",0.1,211146.823169855
"3986","DE","35-59",2025-03-27,2025-04-06,2,"quantile",0.25,249026.835793899
"3987","DE","35-59",2025-03-27,2025-04-06,2,"quantile",0.5,299135.109561017
"3988","DE","35-59",2025-03-27,2025-04-06,2,"quantile",0.75,359325.987847106
"3989","DE","35-59",2025-03-27,2025-04-06,2,"quantile",0.9,423789.533883249
"3990","DE","35-59",2025-03-27,2025-04-06,2,"quantile",0.975,509605.989488694
"3991","DE","35-59",2025-03-27,2025-04-13,3,"quantile",0.025,151617.483263828
"3992","DE","35-59",2025-03-27,2025-04-13,3,"quantile",0.1,186141.120382337
"3993","DE","35-59",2025-03-27,2025-04-13,3,"quantile",0.25,223648.088222749
"3994","DE","35-59",2025-03-27,2025-04-13,3,"quantile",0.5,274247.756045027
"3995","DE","35-59",2025-03-27,2025-04-13,3,"quantile",0.75,336295.437593113
"3996","DE","35-59",2025-03-27,2025-04-13,3,"quantile",0.9,404058.122897544
"3997","DE","35-59",2025-03-27,2025-04-13,3,"quantile",0.975,496063.053393766
"3998","DE","35-59",2025-03-27,2025-04-20,4,"quantile",0.025,118382.747442035
"3999","DE","35-59",2025-03-27,2025-04-20,4,"quantile",0.1,149549.917831861
"4000","DE","35-59",2025-03-27,2025-04-20,4,"quantile",0.25,184335.562315938
"4001","DE","35-59",2025-03-27,2025-04-20,4,"quantile",0.5,232551.967750749
"4002","DE","35-59",2025-03-27,2025-04-20,4,"quantile",0.75,293380.2735907
"4003","DE","35-59",2025-03-27,2025-04-20,4,"quantile",0.9,361621.179662218
"4004","DE","35-59",2025-03-27,2025-04-20,4,"quantile",0.975,456826.850814771
"4005","DE","60+",2025-03-27,2025-03-30,1,"quantile",0.025,95270.7663904159
"4006","DE","60+",2025-03-27,2025-03-30,1,"quantile",0.1,109959.598631523
"4007","DE","60+",2025-03-27,2025-03-30,1,"quantile",0.25,125013.567738438
"4008","DE","60+",2025-03-27,2025-03-30,1,"quantile",0.5,144168.560891486
"4009","DE","60+",2025-03-27,2025-03-30,1,"quantile",0.75,166258.545576502
"4010","DE","60+",2025-03-27,2025-03-30,1,"quantile",0.9,189020.096546294
"4011","DE","60+",2025-03-27,2025-03-30,1,"quantile",0.975,218163.186221761
"4012","DE","60+",2025-03-27,2025-04-06,2,"quantile",0.025,82928.000847539
"4013","DE","60+",2025-03-27,2025-04-06,2,"quantile",0.1,96255.4567364701
"4014","DE","60+",2025-03-27,2025-04-06,2,"quantile",0.25,109987.237478155
"4015","DE","60+",2025-03-27,2025-04-06,2,"quantile",0.5,127553.451198152
"4016","DE","60+",2025-03-27,2025-04-06,2,"quantile",0.75,147925.189191071
"4017","DE","60+",2025-03-27,2025-04-06,2,"quantile",0.9,169028.161770644
"4018","DE","60+",2025-03-27,2025-04-06,2,"quantile",0.975,196192.875099823
"4019","DE","60+",2025-03-27,2025-04-13,3,"quantile",0.025,76942.6745609878
"4020","DE","60+",2025-03-27,2025-04-13,3,"quantile",0.1,91284.1576542223
"4021","DE","60+",2025-03-27,2025-04-13,3,"quantile",0.25,106369.41184778
"4022","DE","60+",2025-03-27,2025-04-13,3,"quantile",0.5,126071.144373052
"4023","DE","60+",2025-03-27,2025-04-13,3,"quantile",0.75,149422.029956093
"4024","DE","60+",2025-03-27,2025-04-13,3,"quantile",0.9,174114.916015724
"4025","DE","60+",2025-03-27,2025-04-13,3,"quantile",0.975,206568.507453336
"4026","DE","60+",2025-03-27,2025-04-20,4,"quantile",0.025,64290.2875828951
"4027","DE","60+",2025-03-27,2025-04-20,4,"quantile",0.1,78243.552099711
"4028","DE","60+",2025-03-27,2025-04-20,4,"quantile",0.25,93278.201546674
"4029","DE","60+",2025-03-27,2025-04-20,4,"quantile",0.5,113394.011593331
"4030","DE","60+",2025-03-27,2025-04-20,4,"quantile",0.75,137847.874980679
"4031","DE","60+",2025-03-27,2025-04-20,4,"quantile",0.9,164335.610030108
"4032","DE","60+",2025-03-27,2025-04-20,4,"quantile",0.975,200002.245263708
"4033","DE","00+",2025-04-03,2025-04-06,1,"quantile",0.025,689929.901264294
"4034","DE","00+",2025-04-03,2025-04-06,1,"quantile",0.1,793391.079370487
"4035","DE","00+",2025-04-03,2025-04-06,1,"quantile",0.25,899057.607548876
"4036","DE","00+",2025-04-03,2025-04-06,1,"quantile",0.5,1033044.41155855
"4037","DE","00+",2025-04-03,2025-04-06,1,"quantile",0.75,1186999.30604206
"4038","DE","00+",2025-04-03,2025-04-06,1,"quantile",0.9,1345087.91943955
"4039","DE","00+",2025-04-03,2025-04-06,1,"quantile",0.975,1546795.91984163
"4040","DE","00+",2025-04-03,2025-04-13,2,"quantile",0.025,597683.722784589
"4041","DE","00+",2025-04-03,2025-04-13,2,"quantile",0.1,708887.61267562
"4042","DE","00+",2025-04-03,2025-04-13,2,"quantile",0.25,825827.626925315
"4043","DE","00+",2025-04-03,2025-04-13,2,"quantile",0.5,978513.62255071
"4044","DE","00+",2025-04-03,2025-04-13,2,"quantile",0.75,1159429.49630081
"4045","DE","00+",2025-04-03,2025-04-13,2,"quantile",0.9,1350692.11592423
"4046","DE","00+",2025-04-03,2025-04-13,2,"quantile",0.975,1601999.30668415
"4047","DE","00+",2025-04-03,2025-04-20,3,"quantile",0.025,490472.237235947
"4048","DE","00+",2025-04-03,2025-04-20,3,"quantile",0.1,593611.717015486
"4049","DE","00+",2025-04-03,2025-04-20,3,"quantile",0.25,704162.550960695
"4050","DE","00+",2025-04-03,2025-04-20,3,"quantile",0.5,851298.151328804
"4051","DE","00+",2025-04-03,2025-04-20,3,"quantile",0.75,1029177.90994013
"4052","DE","00+",2025-04-03,2025-04-20,3,"quantile",0.9,1220846.08790991
"4053","DE","00+",2025-04-03,2025-04-20,3,"quantile",0.975,1477573.0152229
"4054","DE","00+",2025-04-03,2025-04-27,4,"quantile",0.025,436237.835749678
"4055","DE","00+",2025-04-03,2025-04-27,4,"quantile",0.1,542389.920853307
"4056","DE","00+",2025-04-03,2025-04-27,4,"quantile",0.25,659100.690891375
"4057","DE","00+",2025-04-03,2025-04-27,4,"quantile",0.5,818451.832812286
"4058","DE","00+",2025-04-03,2025-04-27,4,"quantile",0.75,1016329.38925896
"4059","DE","00+",2025-04-03,2025-04-27,4,"quantile",0.9,1235021.84845164
"4060","DE","00+",2025-04-03,2025-04-27,4,"quantile",0.975,1535546.31840364
"4061","DE","00-04",2025-04-03,2025-04-06,1,"quantile",0.025,123543.839163504
"4062","DE","00-04",2025-04-03,2025-04-06,1,"quantile",0.1,140710.766154408
"4063","DE","00-04",2025-04-03,2025-04-06,1,"quantile",0.25,158084.99057097
"4064","DE","00-04",2025-04-03,2025-04-06,1,"quantile",0.5,179916.148686516
"4065","DE","00-04",2025-04-03,2025-04-06,1,"quantile",0.75,204762.137387462
"4066","DE","00-04",2025-04-03,2025-04-06,1,"quantile",0.9,230045.087826952
"4067","DE","00-04",2025-04-03,2025-04-06,1,"quantile",0.975,262010.803431069
"4068","DE","00-04",2025-04-03,2025-04-13,2,"quantile",0.025,106583.502534389
"4069","DE","00-04",2025-04-03,2025-04-13,2,"quantile",0.1,123415.98218783
"4070","DE","00-04",2025-04-03,2025-04-13,2,"quantile",0.25,140719.816589516
"4071","DE","00-04",2025-04-03,2025-04-13,2,"quantile",0.5,162805.271222914
"4072","DE","00-04",2025-04-03,2025-04-13,2,"quantile",0.75,188356.956257868
"4073","DE","00-04",2025-04-03,2025-04-13,2,"quantile",0.9,214765.996008744
"4074","DE","00-04",2025-04-03,2025-04-13,2,"quantile",0.975,248683.480160681
"4075","DE","00-04",2025-04-03,2025-04-20,3,"quantile",0.025,105783.389167588
"4076","DE","00-04",2025-04-03,2025-04-20,3,"quantile",0.1,124327.973077495
"4077","DE","00-04",2025-04-03,2025-04-20,3,"quantile",0.25,143662.098420168
"4078","DE","00-04",2025-04-03,2025-04-20,3,"quantile",0.5,168689.463725629
"4079","DE","00-04",2025-04-03,2025-04-20,3,"quantile",0.75,198076.844797398
"4080","DE","00-04",2025-04-03,2025-04-20,3,"quantile",0.9,228879.587333923
"4081","DE","00-04",2025-04-03,2025-04-20,3,"quantile",0.975,269003.814265757
"4082","DE","00-04",2025-04-03,2025-04-27,4,"quantile",0.025,101259.131614045
"4083","DE","00-04",2025-04-03,2025-04-27,4,"quantile",0.1,120723.062255471
"4084","DE","00-04",2025-04-03,2025-04-27,4,"quantile",0.25,141291.39105543
"4085","DE","00-04",2025-04-03,2025-04-27,4,"quantile",0.5,168279.124910488
"4086","DE","00-04",2025-04-03,2025-04-27,4,"quantile",0.75,200421.721869312
"4087","DE","00-04",2025-04-03,2025-04-27,4,"quantile",0.9,234568.80029032
"4088","DE","00-04",2025-04-03,2025-04-27,4,"quantile",0.975,279657.38427004
"4089","DE","05-14",2025-04-03,2025-04-06,1,"quantile",0.025,67806.4751346671
"4090","DE","05-14",2025-04-03,2025-04-06,1,"quantile",0.1,82798.918982577
"4091","DE","05-14",2025-04-03,2025-04-06,1,"quantile",0.25,99004.2977525354
"4092","DE","05-14",2025-04-03,2025-04-06,1,"quantile",0.5,120755.223425873
"4093","DE","05-14",2025-04-03,2025-04-06,1,"quantile",0.75,147284.757486795
"4094","DE","05-14",2025-04-03,2025-04-06,1,"quantile",0.9,176111.284589368
"4095","DE","05-14",2025-04-03,2025-04-06,1,"quantile",0.975,215050.612138035
"4096","DE","05-14",2025-04-03,2025-04-13,2,"quantile",0.025,49540.1426266516
"4097","DE","05-14",2025-04-03,2025-04-13,2,"quantile",0.1,62091.7713168562
"4098","DE","05-14",2025-04-03,2025-04-13,2,"quantile",0.25,75996.8907815557
"4099","DE","05-14",2025-04-03,2025-04-13,2,"quantile",0.5,95127.37845961
"4100","DE","05-14",2025-04-03,2025-04-13,2,"quantile",0.75,119073.531029168
"4101","DE","05-14",2025-04-03,2025-04-13,2,"quantile",0.9,145739.41024197
"4102","DE","05-14",2025-04-03,2025-04-13,2,"quantile",0.975,182664.35364943
"4103","DE","05-14",2025-04-03,2025-04-20,3,"quantile",0.025,56429.9447195987
"4104","DE","05-14",2025-04-03,2025-04-20,3,"quantile",0.1,71102.6021284768
"4105","DE","05-14",2025-04-03,2025-04-20,3,"quantile",0.25,87438.8713481746
"4106","DE","05-14",2025-04-03,2025-04-20,3,"quantile",0.5,110027.191322235
"4107","DE","05-14",2025-04-03,2025-04-20,3,"quantile",0.75,138450.813049207
"4108","DE","05-14",2025-04-03,2025-04-20,3,"quantile",0.9,170260.756538631
"4109","DE","05-14",2025-04-03,2025-04-20,3,"quantile",0.975,214531.183583726
"4110","DE","05-14",2025-04-03,2025-04-27,4,"quantile",0.025,56370.4013965498
"4111","DE","05-14",2025-04-03,2025-04-27,4,"quantile",0.1,71440.2119104585
"4112","DE","05-14",2025-04-03,2025-04-27,4,"quantile",0.25,88310.619614236
"4113","DE","05-14",2025-04-03,2025-04-27,4,"quantile",0.5,111765.973713608
"4114","DE","05-14",2025-04-03,2025-04-27,4,"quantile",0.75,141451.08407933
"4115","DE","05-14",2025-04-03,2025-04-27,4,"quantile",0.9,174854.364875173
"4116","DE","05-14",2025-04-03,2025-04-27,4,"quantile",0.975,221599.147259497
"4117","DE","15-34",2025-04-03,2025-04-06,1,"quantile",0.025,139300.533319734
"4118","DE","15-34",2025-04-03,2025-04-06,1,"quantile",0.1,164856.559162829
"4119","DE","15-34",2025-04-03,2025-04-06,1,"quantile",0.25,191675.198728425
"4120","DE","15-34",2025-04-03,2025-04-06,1,"quantile",0.5,226619.037892169
"4121","DE","15-34",2025-04-03,2025-04-06,1,"quantile",0.75,267933.40336084
"4122","DE","15-34",2025-04-03,2025-04-06,1,"quantile",0.9,311520.442959432
"4123","DE","15-34",2025-04-03,2025-04-06,1,"quantile",0.975,368671.871609387
"4124","DE","15-34",2025-04-03,2025-04-13,2,"quantile",0.025,135823.67096208
"4125","DE","15-34",2025-04-03,2025-04-13,2,"quantile",0.1,163959.274920617
"4126","DE","15-34",2025-04-03,2025-04-13,2,"quantile",0.25,194042.795275435
"4127","DE","15-34",2025-04-03,2025-04-13,2,"quantile",0.5,233983.534557862
"4128","DE","15-34",2025-04-03,2025-04-13,2,"quantile",0.75,282145.463666803
"4129","DE","15-34",2025-04-03,2025-04-13,2,"quantile",0.9,333913.982424581
"4130","DE","15-34",2025-04-03,2025-04-13,2,"quantile",0.975,403083.60138105
"4131","DE","15-34",2025-04-03,2025-04-20,3,"quantile",0.025,137244.617710442
"4132","DE","15-34",2025-04-03,2025-04-20,3,"quantile",0.1,167594.176289565
"4133","DE","15-34",2025-04-03,2025-04-20,3,"quantile",0.25,200399.828221812
"4134","DE","15-34",2025-04-03,2025-04-20,3,"quantile",0.5,244432.679161312
"4135","DE","15-34",2025-04-03,2025-04-20,3,"quantile",0.75,298140.647984218
"4136","DE","15-34",2025-04-03,2025-04-20,3,"quantile",0.9,356500.064410036
"4137","DE","15-34",2025-04-03,2025-04-20,3,"quantile",0.975,435334.628335165
"4138","DE","15-34",2025-04-03,2025-04-27,4,"quantile",0.025,109499.948399818
"4139","DE","15-34",2025-04-03,2025-04-27,4,"quantile",0.1,136144.53652595
"4140","DE","15-34",2025-04-03,2025-04-27,4,"quantile",0.25,165439.269955257
"4141","DE","15-34",2025-04-03,2025-04-27,4,"quantile",0.5,205436.684739399
"4142","DE","15-34",2025-04-03,2025-04-27,4,"quantile",0.75,255104.072014638
"4143","DE","15-34",2025-04-03,2025-04-27,4,"quantile",0.9,309995.777382302
"4144","DE","15-34",2025-04-03,2025-04-27,4,"quantile",0.975,385426.952738045
"4145","DE","35-59",2025-04-03,2025-04-06,1,"quantile",0.025,184286.537357055
"4146","DE","35-59",2025-04-03,2025-04-06,1,"quantile",0.1,216495.893478416
"4147","DE","35-59",2025-04-03,2025-04-06,1,"quantile",0.25,250062.307773678
"4148","DE","35-59",2025-04-03,2025-04-06,1,"quantile",0.5,293494.382293954
"4149","DE","35-59",2025-04-03,2025-04-06,1,"quantile",0.75,344469.957127928
"4150","DE","35-59",2025-04-03,2025-04-06,1,"quantile",0.9,397877.996917744
"4151","DE","35-59",2025-04-03,2025-04-06,1,"quantile",0.975,467418.584523163
"4152","DE","35-59",2025-04-03,2025-04-13,2,"quantile",0.025,173072.011891388
"4153","DE","35-59",2025-04-03,2025-04-13,2,"quantile",0.1,208118.716534911
"4154","DE","35-59",2025-04-03,2025-04-13,2,"quantile",0.25,245455.482919979
"4155","DE","35-59",2025-04-03,2025-04-13,2,"quantile",0.5,294845.142056851
"4156","DE","35-59",2025-04-03,2025-04-13,2,"quantile",0.75,354172.808691611
"4157","DE","35-59",2025-04-03,2025-04-13,2,"quantile",0.9,417711.867735558
"4158","DE","35-59",2025-04-03,2025-04-13,2,"quantile",0.975,502297.609211825
"4159","DE","35-59",2025-04-03,2025-04-20,3,"quantile",0.025,158056.23317355
"4160","DE","35-59",2025-04-03,2025-04-20,3,"quantile",0.1,194045.987923054
"4161","DE","35-59",2025-04-03,2025-04-20,3,"quantile",0.25,233145.766701874
"4162","DE","35-59",2025-04-03,2025-04-20,3,"quantile",0.5,285894.254037636
"4163","DE","35-59",2025-04-03,2025-04-20,3,"quantile",0.75,350576.918671882
"4164","DE","35-59",2025-04-03,2025-04-20,3,"quantile",0.9,421217.286513274
"4165","DE","35-59",2025-04-03,2025-04-20,3,"quantile",0.975,517129.396611574
"4166","DE","35-59",2025-04-03,2025-04-27,4,"quantile",0.025,123445.795533638
"4167","DE","35-59",2025-04-03,2025-04-27,4,"quantile",0.1,155945.937880717
"4168","DE","35-59",2025-04-03,2025-04-27,4,"quantile",0.25,192219.310895563
"4169","DE","35-59",2025-04-03,2025-04-27,4,"quantile",0.5,242497.857856867
"4170","DE","35-59",2025-04-03,2025-04-27,4,"quantile",0.75,305927.696812521
"4171","DE","35-59",2025-04-03,2025-04-27,4,"quantile",0.9,377087.161514585
"4172","DE","35-59",2025-04-03,2025-04-27,4,"quantile",0.975,476364.632841185
"4173","DE","60+",2025-04-03,2025-04-06,1,"quantile",0.025,81261.0980259642
"4174","DE","60+",2025-04-03,2025-04-06,1,"quantile",0.1,93789.9217339637
"4175","DE","60+",2025-04-03,2025-04-06,1,"quantile",0.25,106630.188540088
"4176","DE","60+",2025-04-03,2025-04-06,1,"quantile",0.5,122968.419408493
"4177","DE","60+",2025-04-03,2025-04-06,1,"quantile",0.75,141810.048156656
"4178","DE","60+",2025-04-03,2025-04-06,1,"quantile",0.9,161224.488647242
"4179","DE","60+",2025-04-03,2025-04-06,1,"quantile",0.975,186082.05573338
"4180","DE","60+",2025-04-03,2025-04-13,2,"quantile",0.025,79101.7671148609
"4181","DE","60+",2025-04-03,2025-04-13,2,"quantile",0.1,91814.3045109808
"4182","DE","60+",2025-04-03,2025-04-13,2,"quantile",0.25,104912.511524292
"4183","DE","60+",2025-04-03,2025-04-13,2,"quantile",0.5,121668.233748003
"4184","DE","60+",2025-04-03,2025-04-13,2,"quantile",0.75,141100.035527518
"4185","DE","60+",2025-04-03,2025-04-13,2,"quantile",0.9,161229.333296189
"4186","DE","60+",2025-04-03,2025-04-13,2,"quantile",0.975,187140.687791002
"4187","DE","60+",2025-04-03,2025-04-20,3,"quantile",0.025,77529.0098121396
"4188","DE","60+",2025-04-03,2025-04-20,3,"quantile",0.1,91979.7809843152
"4189","DE","60+",2025-04-03,2025-04-20,3,"quantile",0.25,107179.991102615
"4190","DE","60+",2025-04-03,2025-04-20,3,"quantile",0.5,127031.859041742
"4191","DE","60+",2025-04-03,2025-04-20,3,"quantile",0.75,150560.688105966
"4192","DE","60+",2025-04-03,2025-04-20,3,"quantile",0.9,175441.744249781
"4193","DE","60+",2025-04-03,2025-04-20,3,"quantile",0.975,208142.645581349
"4194","DE","60+",2025-04-03,2025-04-27,4,"quantile",0.025,61676.7298386659
"4195","DE","60+",2025-04-03,2025-04-27,4,"quantile",0.1,75062.7599580904
"4196","DE","60+",2025-04-03,2025-04-27,4,"quantile",0.25,89486.2140601388
"4197","DE","60+",2025-04-03,2025-04-27,4,"quantile",0.5,108784.267131279
"4198","DE","60+",2025-04-03,2025-04-27,4,"quantile",0.75,132244.021043694
"4199","DE","60+",2025-04-03,2025-04-27,4,"quantile",0.9,157654.964750787
"4200","DE","60+",2025-04-03,2025-04-27,4,"quantile",0.975,191871.663855152
"4201","DE","00+",2025-04-10,2025-04-13,1,"quantile",0.025,729541.814338728
"4202","DE","00+",2025-04-10,2025-04-13,1,"quantile",0.1,838943.154171802
"4203","DE","00+",2025-04-10,2025-04-13,1,"quantile",0.25,950676.462933855
"4204","DE","00+",2025-04-10,2025-04-13,1,"quantile",0.5,1092356.03924377
"4205","DE","00+",2025-04-10,2025-04-13,1,"quantile",0.75,1255150.1620119
"4206","DE","00+",2025-04-10,2025-04-13,1,"quantile",0.9,1422315.33869573
"4207","DE","00+",2025-04-10,2025-04-13,1,"quantile",0.975,1635604.2834281
"4208","DE","00+",2025-04-10,2025-04-20,2,"quantile",0.025,568752.968944403
"4209","DE","00+",2025-04-10,2025-04-20,2,"quantile",0.1,674574.058130205
"4210","DE","00+",2025-04-10,2025-04-20,2,"quantile",0.25,785853.61579165
"4211","DE","00+",2025-04-10,2025-04-20,2,"quantile",0.5,931148.878181577
"4212","DE","00+",2025-04-10,2025-04-20,2,"quantile",0.75,1103307.55743279
"4213","DE","00+",2025-04-10,2025-04-20,2,"quantile",0.9,1285312.15051773
"4214","DE","00+",2025-04-10,2025-04-20,2,"quantile",0.975,1524454.87000801
"4215","DE","00+",2025-04-10,2025-04-27,3,"quantile",0.025,550001.048967103
"4216","DE","00+",2025-04-10,2025-04-27,3,"quantile",0.1,665658.608686182
"4217","DE","00+",2025-04-10,2025-04-27,3,"quantile",0.25,789627.041592209
"4218","DE","00+",2025-04-10,2025-04-27,3,"quantile",0.5,954620.548663913
"4219","DE","00+",2025-04-10,2025-04-27,3,"quantile",0.75,1154089.64476931
"4220","DE","00+",2025-04-10,2025-04-27,3,"quantile",0.9,1369020.66620912
"4221","DE","00+",2025-04-10,2025-04-27,3,"quantile",0.975,1656906.64343787
"4222","DE","00+",2025-04-10,2025-05-04,4,"quantile",0.025,473896.769071118
"4223","DE","00+",2025-04-10,2025-05-04,4,"quantile",0.1,589212.603779317
"4224","DE","00+",2025-04-10,2025-05-04,4,"quantile",0.25,715998.618893741
"4225","DE","00+",2025-04-10,2025-05-04,4,"quantile",0.5,889106.004625972
"4226","DE","00+",2025-04-10,2025-05-04,4,"quantile",0.75,1104065.65962843
"4227","DE","00+",2025-04-10,2025-05-04,4,"quantile",0.9,1341637.09735923
"4228","DE","00+",2025-04-10,2025-05-04,4,"quantile",0.975,1668104.82589158
"4229","DE","00-04",2025-04-10,2025-04-13,1,"quantile",0.025,130899.909811139
"4230","DE","00-04",2025-04-10,2025-04-13,1,"quantile",0.1,149088.993217149
"4231","DE","00-04",2025-04-10,2025-04-13,1,"quantile",0.25,167497.716991359
"4232","DE","00-04",2025-04-10,2025-04-13,1,"quantile",0.5,190628.750054171
"4233","DE","00-04",2025-04-10,2025-04-13,1,"quantile",0.75,216954.123315545
"4234","DE","00-04",2025-04-10,2025-04-13,1,"quantile",0.9,243742.475973978
"4235","DE","00-04",2025-04-10,2025-04-13,1,"quantile",0.975,277611.500264941
"4236","DE","00-04",2025-04-10,2025-04-20,2,"quantile",0.025,115796.153369523
"4237","DE","00-04",2025-04-10,2025-04-20,2,"quantile",0.1,134083.565109537
"4238","DE","00-04",2025-04-10,2025-04-20,2,"quantile",0.25,152883.073613322
"4239","DE","00-04",2025-04-10,2025-04-20,2,"quantile",0.5,176877.50643973
"4240","DE","00-04",2025-04-10,2025-04-20,2,"quantile",0.75,204637.776732991
"4241","DE","00-04",2025-04-10,2025-04-20,2,"quantile",0.9,233329.508048048
"4242","DE","00-04",2025-04-10,2025-04-20,2,"quantile",0.975,270178.683608766
"4243","DE","00-04",2025-04-10,2025-04-27,3,"quantile",0.025,112340.583065398
"4244","DE","00-04",2025-04-10,2025-04-27,3,"quantile",0.1,132034.689914666
"4245","DE","00-04",2025-04-10,2025-04-27,3,"quantile",0.25,152567.279493681
"4246","DE","00-04",2025-04-10,2025-04-27,3,"quantile",0.5,179146.015844734
"4247","DE","00-04",2025-04-10,2025-04-27,3,"quantile",0.75,210355.032216269
"4248","DE","00-04",2025-04-10,2025-04-27,3,"quantile",0.9,243067.144049672
"4249","DE","00-04",2025-04-10,2025-04-27,3,"quantile",0.975,285678.551039378
"4250","DE","00-04",2025-04-10,2025-05-04,4,"quantile",0.025,98713.3192301868
"4251","DE","00-04",2025-04-10,2025-05-04,4,"quantile",0.1,117687.896320228
"4252","DE","00-04",2025-04-10,2025-05-04,4,"quantile",0.25,137739.105277862
"4253","DE","00-04",2025-04-10,2025-05-04,4,"quantile",0.5,164048.325442694
"4254","DE","00-04",2025-04-10,2025-05-04,4,"quantile",0.75,195382.807418871
"4255","DE","00-04",2025-04-10,2025-05-04,4,"quantile",0.9,228671.375069235
"4256","DE","00-04",2025-04-10,2025-05-04,4,"quantile",0.975,272626.361775933
"4257","DE","05-14",2025-04-10,2025-04-13,1,"quantile",0.025,83559.8582727605
"4258","DE","05-14",2025-04-10,2025-04-13,1,"quantile",0.1,102035.475543908
"4259","DE","05-14",2025-04-10,2025-04-13,1,"quantile",0.25,122005.827204052
"4260","DE","05-14",2025-04-10,2025-04-13,1,"quantile",0.5,148810.114891265
"4261","DE","05-14",2025-04-10,2025-04-13,1,"quantile",0.75,181503.218341493
"4262","DE","05-14",2025-04-10,2025-04-13,1,"quantile",0.9,217026.972000756
"4263","DE","05-14",2025-04-10,2025-04-13,1,"quantile",0.975,265013.018830961
"4264","DE","05-14",2025-04-10,2025-04-20,2,"quantile",0.025,66260.8528209671
"4265","DE","05-14",2025-04-10,2025-04-20,2,"quantile",0.1,83048.8872756287
"4266","DE","05-14",2025-04-10,2025-04-20,2,"quantile",0.25,101647.240559593
"4267","DE","05-14",2025-04-10,2025-04-20,2,"quantile",0.5,127234.620030457
"4268","DE","05-14",2025-04-10,2025-04-20,2,"quantile",0.75,159263.039952411
"4269","DE","05-14",2025-04-10,2025-04-20,2,"quantile",0.9,194929.144331178
"4270","DE","05-14",2025-04-10,2025-04-20,2,"quantile",0.975,244316.9359446
"4271","DE","05-14",2025-04-10,2025-04-27,3,"quantile",0.025,61439.5105268439
"4272","DE","05-14",2025-04-10,2025-04-27,3,"quantile",0.1,77414.7324379943
"4273","DE","05-14",2025-04-10,2025-04-27,3,"quantile",0.25,95201.2532237286
"4274","DE","05-14",2025-04-10,2025-04-27,3,"quantile",0.5,119794.850288657
"4275","DE","05-14",2025-04-10,2025-04-27,3,"quantile",0.75,150741.777757448
"4276","DE","05-14",2025-04-10,2025-04-27,3,"quantile",0.9,185375.647551016
"4277","DE","05-14",2025-04-10,2025-04-27,3,"quantile",0.975,233576.179768095
"4278","DE","05-14",2025-04-10,2025-05-04,4,"quantile",0.025,56258.8435925573
"4279","DE","05-14",2025-04-10,2025-05-04,4,"quantile",0.1,71298.8307430366
"4280","DE","05-14",2025-04-10,2025-05-04,4,"quantile",0.25,88135.8516766428
"4281","DE","05-14",2025-04-10,2025-05-04,4,"quantile",0.5,111544.787305854
"4282","DE","05-14",2025-04-10,2025-05-04,4,"quantile",0.75,141171.150427603
"4283","DE","05-14",2025-04-10,2025-05-04,4,"quantile",0.9,174508.325668768
"4284","DE","05-14",2025-04-10,2025-05-04,4,"quantile",0.975,221160.599482252
"4285","DE","15-34",2025-04-10,2025-04-13,1,"quantile",0.025,171881.587761572
"4286","DE","15-34",2025-04-10,2025-04-13,1,"quantile",0.1,203414.922158107
"4287","DE","15-34",2025-04-10,2025-04-13,1,"quantile",0.25,236506.183478403
"4288","DE","15-34",2025-04-10,2025-04-13,1,"quantile",0.5,279623.050404987
"4289","DE","15-34",2025-04-10,2025-04-13,1,"quantile",0.75,330600.448444217
"4290","DE","15-34",2025-04-10,2025-04-13,1,"quantile",0.9,384382.077225469
"4291","DE","15-34",2025-04-10,2025-04-13,1,"quantile",0.975,454900.67514533
"4292","DE","15-34",2025-04-10,2025-04-20,2,"quantile",0.025,143666.976026719
"4293","DE","15-34",2025-04-10,2025-04-20,2,"quantile",0.1,173427.30506787
"4294","DE","15-34",2025-04-10,2025-04-20,2,"quantile",0.25,205248.035335287
"4295","DE","15-34",2025-04-10,2025-04-20,2,"quantile",0.5,247495.20177051
"4296","DE","15-34",2025-04-10,2025-04-20,2,"quantile",0.75,298438.300758215
"4297","DE","15-34",2025-04-10,2025-04-20,2,"quantile",0.9,353196.256353369
"4298","DE","15-34",2025-04-10,2025-04-20,2,"quantile",0.975,426360.160097149
"4299","DE","15-34",2025-04-10,2025-04-27,3,"quantile",0.025,138210.442211682
"4300","DE","15-34",2025-04-10,2025-04-27,3,"quantile",0.1,168773.578181064
"4301","DE","15-34",2025-04-10,2025-04-27,3,"quantile",0.25,201810.091643211
"4302","DE","15-34",2025-04-10,2025-04-27,3,"quantile",0.5,246152.812703714
"4303","DE","15-34",2025-04-10,2025-04-27,3,"quantile",0.75,300238.737857923
"4304","DE","15-34",2025-04-10,2025-04-27,3,"quantile",0.9,359008.844008427
"4305","DE","15-34",2025-04-10,2025-04-27,3,"quantile",0.975,438398.186362421
"4306","DE","15-34",2025-04-10,2025-05-04,4,"quantile",0.025,117397.710278786
"4307","DE","15-34",2025-04-10,2025-05-04,4,"quantile",0.1,145964.058327717
"4308","DE","15-34",2025-04-10,2025-05-04,4,"quantile",0.25,177371.695300026
"4309","DE","15-34",2025-04-10,2025-05-04,4,"quantile",0.5,220253.952153555
"4310","DE","15-34",2025-04-10,2025-05-04,4,"quantile",0.75,273503.635161191
"4311","DE","15-34",2025-04-10,2025-05-04,4,"quantile",0.9,332354.443929902
"4312","DE","15-34",2025-04-10,2025-05-04,4,"quantile",0.975,413226.146609321
"4313","DE","35-59",2025-04-10,2025-04-13,1,"quantile",0.025,203780.703976149
"4314","DE","35-59",2025-04-10,2025-04-13,1,"quantile",0.1,239397.224635564
"4315","DE","35-59",2025-04-10,2025-04-13,1,"quantile",0.25,276514.355561903
"4316","DE","35-59",2025-04-10,2025-04-13,1,"quantile",0.5,324540.754276739
"4317","DE","35-59",2025-04-10,2025-04-13,1,"quantile",0.75,380908.618550675
"4318","DE","35-59",2025-04-10,2025-04-13,1,"quantile",0.9,439966.258367674
"4319","DE","35-59",2025-04-10,2025-04-13,1,"quantile",0.975,516862.976382898
"4320","DE","35-59",2025-04-10,2025-04-20,2,"quantile",0.025,169340.010436907
"4321","DE","35-59",2025-04-10,2025-04-20,2,"quantile",0.1,203630.992931742
"4322","DE","35-59",2025-04-10,2025-04-20,2,"quantile",0.25,240162.655909668
"4323","DE","35-59",2025-04-10,2025-04-20,2,"quantile",0.5,288487.31165448
"4324","DE","35-59",2025-04-10,2025-04-20,2,"quantile",0.75,346535.678789845
"4325","DE","35-59",2025-04-10,2025-04-20,2,"quantile",0.9,408704.626871442
"4326","DE","35-59",2025-04-10,2025-04-20,2,"quantile",0.975,491466.421732841
"4327","DE","35-59",2025-04-10,2025-04-27,3,"quantile",0.025,159633.939149826
"4328","DE","35-59",2025-04-10,2025-04-27,3,"quantile",0.1,195982.941048353
"4329","DE","35-59",2025-04-10,2025-04-27,3,"quantile",0.25,235473.011012859
"4330","DE","35-59",2025-04-10,2025-04-27,3,"quantile",0.5,288748.029963592
"4331","DE","35-59",2025-04-10,2025-04-27,3,"quantile",0.75,354076.352314119
"4332","DE","35-59",2025-04-10,2025-04-27,3,"quantile",0.9,425421.847237639
"4333","DE","35-59",2025-04-10,2025-04-27,3,"quantile",0.975,522291.345135591
"4334","DE","35-59",2025-04-10,2025-05-04,4,"quantile",0.025,124900.205492135
"4335","DE","35-59",2025-04-10,2025-05-04,4,"quantile",0.1,157783.257038169
"4336","DE","35-59",2025-04-10,2025-05-04,4,"quantile",0.25,194483.994587489
"4337","DE","35-59",2025-04-10,2025-05-04,4,"quantile",0.5,245354.911820159
"4338","DE","35-59",2025-04-10,2025-05-04,4,"quantile",0.75,309532.066543387
"4339","DE","35-59",2025-04-10,2025-05-04,4,"quantile",0.9,381529.915685006
"4340","DE","35-59",2025-04-10,2025-05-04,4,"quantile",0.975,481977.051335349
"4341","DE","60+",2025-04-10,2025-04-13,1,"quantile",0.025,85697.0204348517
"4342","DE","60+",2025-04-10,2025-04-13,1,"quantile",0.1,98909.7739837396
"4343","DE","60+",2025-04-10,2025-04-13,1,"quantile",0.25,112450.971845991
"4344","DE","60+",2025-04-10,2025-04-13,1,"quantile",0.5,129681.082423031
"4345","DE","60+",2025-04-10,2025-04-13,1,"quantile",0.75,149551.24764454
"4346","DE","60+",2025-04-10,2025-04-13,1,"quantile",0.9,170025.493549037
"4347","DE","60+",2025-04-10,2025-04-13,1,"quantile",0.975,196239.998229503
"4348","DE","60+",2025-04-10,2025-04-20,2,"quantile",0.025,77600.1021593345
"4349","DE","60+",2025-04-10,2025-04-20,2,"quantile",0.1,90071.305226275
"4350","DE","60+",2025-04-10,2025-04-20,2,"quantile",0.25,102920.856372978
"4351","DE","60+",2025-04-10,2025-04-20,2,"quantile",0.5,119358.488599644
"4352","DE","60+",2025-04-10,2025-04-20,2,"quantile",0.75,138421.397789027
"4353","DE","60+",2025-04-10,2025-04-20,2,"quantile",0.9,158168.561730085
"4354","DE","60+",2025-04-10,2025-04-20,2,"quantile",0.975,183588.016051054
"4355","DE","60+",2025-04-10,2025-04-27,3,"quantile",0.025,73768.3025371356
"4356","DE","60+",2025-04-10,2025-04-27,3,"quantile",0.1,87518.1087362217
"4357","DE","60+",2025-04-10,2025-04-27,3,"quantile",0.25,101981.000773045
"4358","DE","60+",2025-04-10,2025-04-27,3,"quantile",0.5,120869.912209026
"4359","DE","60+",2025-04-10,2025-04-27,3,"quantile",0.75,143257.426056551
"4360","DE","60+",2025-04-10,2025-04-27,3,"quantile",0.9,166931.574372231
"4361","DE","60+",2025-04-10,2025-04-27,3,"quantile",0.975,198046.249878978
"4362","DE","60+",2025-04-10,2025-05-04,4,"quantile",0.025,59590.0606157539
"4363","DE","60+",2025-04-10,2025-05-04,4,"quantile",0.1,72523.2097679119
"4364","DE","60+",2025-04-10,2025-05-04,4,"quantile",0.25,86458.6844028006
"4365","DE","60+",2025-04-10,2025-05-04,4,"quantile",0.5,105103.838827871
"4366","DE","60+",2025-04-10,2025-05-04,4,"quantile",0.75,127769.893940201
"4367","DE","60+",2025-04-10,2025-05-04,4,"quantile",0.9,152321.125494957
"4368","DE","60+",2025-04-10,2025-05-04,4,"quantile",0.975,185380.192975247
"4369","DE","00+",2025-04-17,2025-04-20,1,"quantile",0.025,626033.820708411
"4370","DE","00+",2025-04-17,2025-04-20,1,"quantile",0.1,719913.208318837
"4371","DE","00+",2025-04-17,2025-04-20,1,"quantile",0.25,815793.703185473
"4372","DE","00+",2025-04-17,2025-04-20,1,"quantile",0.5,937371.66448991
"4373","DE","00+",2025-04-17,2025-04-20,1,"quantile",0.75,1077068.42300647
"4374","DE","00+",2025-04-17,2025-04-20,1,"quantile",0.9,1220516.06670819
"4375","DE","00+",2025-04-17,2025-04-20,1,"quantile",0.975,1403543.40025
"4376","DE","00+",2025-04-17,2025-04-27,2,"quantile",0.025,582450.776638108
"4377","DE","00+",2025-04-17,2025-04-27,2,"quantile",0.1,690820.453714882
"4378","DE","00+",2025-04-17,2025-04-27,2,"quantile",0.25,804780.060649592
"4379","DE","00+",2025-04-17,2025-04-27,2,"quantile",0.5,953574.604224314
"4380","DE","00+",2025-04-17,2025-04-27,2,"quantile",0.75,1129879.54135891
"4381","DE","00+",2025-04-17,2025-04-27,2,"quantile",0.9,1316267.52064416
"4382","DE","00+",2025-04-17,2025-04-27,2,"quantile",0.975,1561169.7370721
"4383","DE","00+",2025-04-17,2025-05-04,3,"quantile",0.025,505302.365573417
"4384","DE","00+",2025-04-17,2025-05-04,3,"quantile",0.1,611560.414775783
"4385","DE","00+",2025-04-17,2025-05-04,3,"quantile",0.25,725453.911018173
"4386","DE","00+",2025-04-17,2025-05-04,3,"quantile",0.5,877038.366328135
"4387","DE","00+",2025-04-17,2025-05-04,3,"quantile",0.75,1060296.57339907
"4388","DE","00+",2025-04-17,2025-05-04,3,"quantile",0.9,1257760.11237342
"4389","DE","00+",2025-04-17,2025-05-04,3,"quantile",0.975,1522249.5448614
"4390","DE","00+",2025-04-17,2025-05-11,4,"quantile",0.025,395188.933591198
"4391","DE","00+",2025-04-17,2025-05-11,4,"quantile",0.1,491352.369847235
"4392","DE","00+",2025-04-17,2025-05-11,4,"quantile",0.25,597080.944881743
"4393","DE","00+",2025-04-17,2025-05-11,4,"quantile",0.5,741437.538192921
"4394","DE","00+",2025-04-17,2025-05-11,4,"quantile",0.75,920695.305643121
"4395","DE","00+",2025-04-17,2025-05-11,4,"quantile",0.9,1118809.34493609
"4396","DE","00+",2025-04-17,2025-05-11,4,"quantile",0.975,1391055.2050282
"4397","DE","00-04",2025-04-17,2025-04-20,1,"quantile",0.025,121706.978612394
"4398","DE","00-04",2025-04-17,2025-04-20,1,"quantile",0.1,138618.666238981
"4399","DE","00-04",2025-04-17,2025-04-20,1,"quantile",0.25,155734.569175062
"4400","DE","00-04",2025-04-17,2025-04-20,1,"quantile",0.5,177241.139732062
"4401","DE","00-04",2025-04-17,2025-04-20,1,"quantile",0.75,201717.716110976
"4402","DE","00-04",2025-04-17,2025-04-20,1,"quantile",0.9,226624.757443283
"4403","DE","00-04",2025-04-17,2025-04-20,1,"quantile",0.975,258115.204006234
"4404","DE","00-04",2025-04-17,2025-04-27,2,"quantile",0.025,117920.582529839
"4405","DE","00-04",2025-04-17,2025-04-27,2,"quantile",0.1,136543.500326287
"4406","DE","00-04",2025-04-17,2025-04-27,2,"quantile",0.25,155687.909959367
"4407","DE","00-04",2025-04-17,2025-04-27,2,"quantile",0.5,180122.551474045
"4408","DE","00-04",2025-04-17,2025-04-27,2,"quantile",0.75,208392.11958069
"4409","DE","00-04",2025-04-17,2025-04-27,2,"quantile",0.9,237610.237557928
"4410","DE","00-04",2025-04-17,2025-04-27,2,"quantile",0.975,275135.458572808
"4411","DE","00-04",2025-04-17,2025-05-04,3,"quantile",0.025,103403.581397849
"4412","DE","00-04",2025-04-17,2025-05-04,3,"quantile",0.1,121530.968002747
"4413","DE","00-04",2025-04-17,2025-05-04,3,"quantile",0.25,140430.13373528
"4414","DE","00-04",2025-04-17,2025-05-04,3,"quantile",0.5,164894.458672317
"4415","DE","00-04",2025-04-17,2025-05-04,3,"quantile",0.75,193620.712147805
"4416","DE","00-04",2025-04-17,2025-05-04,3,"quantile",0.9,223730.48571638
"4417","DE","00-04",2025-04-17,2025-05-04,3,"quantile",0.975,262952.038345957
"4418","DE","00-04",2025-04-17,2025-05-11,4,"quantile",0.025,82629.1641699522
"4419","DE","00-04",2025-04-17,2025-05-11,4,"quantile",0.1,98512.0608008757
"4420","DE","00-04",2025-04-17,2025-05-11,4,"quantile",0.25,115296.16500978
"4421","DE","00-04",2025-04-17,2025-05-11,4,"quantile",0.5,137318.612326277
"4422","DE","00-04",2025-04-17,2025-05-11,4,"quantile",0.75,163547.515128668
"4423","DE","00-04",2025-04-17,2025-05-11,4,"quantile",0.9,191412.108709504
"4424","DE","00-04",2025-04-17,2025-05-11,4,"quantile",0.975,228205.155899079
"4425","DE","05-14",2025-04-17,2025-04-20,1,"quantile",0.025,71725.4145898937
"4426","DE","05-14",2025-04-17,2025-04-20,1,"quantile",0.1,87584.3609305104
"4427","DE","05-14",2025-04-17,2025-04-20,1,"quantile",0.25,104726.344915861
"4428","DE","05-14",2025-04-17,2025-04-20,1,"quantile",0.5,127734.385940493
"4429","DE","05-14",2025-04-17,2025-04-20,1,"quantile",0.75,155797.219550663
"4430","DE","05-14",2025-04-17,2025-04-20,1,"quantile",0.9,186289.803090989
"4431","DE","05-14",2025-04-17,2025-04-20,1,"quantile",0.975,227479.665957816
"4432","DE","05-14",2025-04-17,2025-04-27,2,"quantile",0.025,62928.0768765578
"4433","DE","05-14",2025-04-17,2025-04-27,2,"quantile",0.1,78871.7099237159
"4434","DE","05-14",2025-04-17,2025-04-27,2,"quantile",0.25,96534.6067233223
"4435","DE","05-14",2025-04-17,2025-04-27,2,"quantile",0.5,120834.996981848
"4436","DE","05-14",2025-04-17,2025-04-27,2,"quantile",0.75,151252.457447217
"4437","DE","05-14",2025-04-17,2025-04-27,2,"quantile",0.9,185124.634799033
"4438","DE","05-14",2025-04-17,2025-04-27,2,"quantile",0.975,232028.328535214
"4439","DE","05-14",2025-04-17,2025-05-04,3,"quantile",0.025,57372.9655023045
"4440","DE","05-14",2025-04-17,2025-05-04,3,"quantile",0.1,72290.82288334
"4441","DE","05-14",2025-04-17,2025-05-04,3,"quantile",0.25,88900.0932810932
"4442","DE","05-14",2025-04-17,2025-05-04,3,"quantile",0.5,111865.894666624
"4443","DE","05-14",2025-04-17,2025-05-04,3,"quantile",0.75,140764.513598386
"4444","DE","05-14",2025-04-17,2025-05-04,3,"quantile",0.9,173106.04431435
"4445","DE","05-14",2025-04-17,2025-05-04,3,"quantile",0.975,218116.290137759
"4446","DE","05-14",2025-04-17,2025-05-11,4,"quantile",0.025,42612.9525288429
"4447","DE","05-14",2025-04-17,2025-05-11,4,"quantile",0.1,54004.9083095082
"4448","DE","05-14",2025-04-17,2025-05-11,4,"quantile",0.25,66758.0174734123
"4449","DE","05-14",2025-04-17,2025-05-11,4,"quantile",0.5,84488.987379987
"4450","DE","05-14",2025-04-17,2025-05-11,4,"quantile",0.75,106929.313641445
"4451","DE","05-14",2025-04-17,2025-05-11,4,"quantile",0.9,132180.374190892
"4452","DE","05-14",2025-04-17,2025-05-11,4,"quantile",0.975,167516.883127587
"4453","DE","15-34",2025-04-17,2025-04-20,1,"quantile",0.025,152952.442667483
"4454","DE","15-34",2025-04-17,2025-04-20,1,"quantile",0.1,181013.042899377
"4455","DE","15-34",2025-04-17,2025-04-20,1,"quantile",0.25,210459.997141551
"4456","DE","15-34",2025-04-17,2025-04-20,1,"quantile",0.5,248828.447203451
"4457","DE","15-34",2025-04-17,2025-04-20,1,"quantile",0.75,294191.756051567
"4458","DE","15-34",2025-04-17,2025-04-20,1,"quantile",0.9,342050.468551589
"4459","DE","15-34",2025-04-17,2025-04-20,1,"quantile",0.975,404802.924738408
"4460","DE","15-34",2025-04-17,2025-04-27,2,"quantile",0.025,142986.148832377
"4461","DE","15-34",2025-04-17,2025-04-27,2,"quantile",0.1,172605.445871016
"4462","DE","15-34",2025-04-17,2025-04-27,2,"quantile",0.25,204275.380046603
"4463","DE","15-34",2025-04-17,2025-04-27,2,"quantile",0.5,246322.340278643
"4464","DE","15-34",2025-04-17,2025-04-27,2,"quantile",0.75,297024.023680707
"4465","DE","15-34",2025-04-17,2025-04-27,2,"quantile",0.9,351522.485366357
"4466","DE","15-34",2025-04-17,2025-04-27,2,"quantile",0.975,424339.670771026
"4467","DE","15-34",2025-04-17,2025-05-04,3,"quantile",0.025,123359.825057797
"4468","DE","15-34",2025-04-17,2025-05-04,3,"quantile",0.1,150638.973044503
"4469","DE","15-34",2025-04-17,2025-05-04,3,"quantile",0.25,180125.735809999
"4470","DE","15-34",2025-04-17,2025-05-04,3,"quantile",0.5,219703.861927505
"4471","DE","15-34",2025-04-17,2025-05-04,3,"quantile",0.75,267978.291546169
"4472","DE","15-34",2025-04-17,2025-05-04,3,"quantile",0.9,320433.590128099
"4473","DE","15-34",2025-04-17,2025-05-04,3,"quantile",0.975,391292.602135619
"4474","DE","15-34",2025-04-17,2025-05-11,4,"quantile",0.025,92835.5569999002
"4475","DE","15-34",2025-04-17,2025-05-11,4,"quantile",0.1,115425.203989419
"4476","DE","15-34",2025-04-17,2025-05-11,4,"quantile",0.25,140261.680488414
"4477","DE","15-34",2025-04-17,2025-05-11,4,"quantile",0.5,174172.036925148
"4478","DE","15-34",2025-04-17,2025-05-11,4,"quantile",0.75,216280.728571202
"4479","DE","15-34",2025-04-17,2025-05-11,4,"quantile",0.9,262818.668697663
"4480","DE","15-34",2025-04-17,2025-05-11,4,"quantile",0.975,326770.252982786
"4481","DE","35-59",2025-04-17,2025-04-20,1,"quantile",0.025,182400.393304693
"4482","DE","35-59",2025-04-17,2025-04-20,1,"quantile",0.1,214280.09167487
"4483","DE","35-59",2025-04-17,2025-04-20,1,"quantile",0.25,247502.958939567
"4484","DE","35-59",2025-04-17,2025-04-20,1,"quantile",0.5,290490.512931035
"4485","DE","35-59",2025-04-17,2025-04-20,1,"quantile",0.75,340944.360683542
"4486","DE","35-59",2025-04-17,2025-04-20,1,"quantile",0.9,393805.77749133
"4487","DE","35-59",2025-04-17,2025-04-20,1,"quantile",0.975,462634.62799652
"4488","DE","35-59",2025-04-17,2025-04-27,2,"quantile",0.025,169760.675726235
"4489","DE","35-59",2025-04-17,2025-04-27,2,"quantile",0.1,204136.842023972
"4490","DE","35-59",2025-04-17,2025-04-27,2,"quantile",0.25,240759.254981992
"4491","DE","35-59",2025-04-17,2025-04-27,2,"quantile",0.5,289203.956221298
"4492","DE","35-59",2025-04-17,2025-04-27,2,"quantile",0.75,347396.523968751
"4493","DE","35-59",2025-04-17,2025-04-27,2,"quantile",0.9,409719.908786619
"4494","DE","35-59",2025-04-17,2025-04-27,2,"quantile",0.975,492687.296019785
"4495","DE","35-59",2025-04-17,2025-05-04,3,"quantile",0.025,135829.131431721
"4496","DE","35-59",2025-04-17,2025-05-04,3,"quantile",0.1,166757.725830766
"4497","DE","35-59",2025-04-17,2025-05-04,3,"quantile",0.25,200358.988394502
"4498","DE","35-59",2025-04-17,2025-05-04,3,"quantile",0.5,245689.571537569
"4499","DE","35-59",2025-04-17,2025-05-04,3,"quantile",0.75,301276.054775543
"4500","DE","35-59",2025-04-17,2025-05-04,3,"quantile",0.9,361982.422473032
"4501","DE","35-59",2025-04-17,2025-05-04,3,"quantile",0.975,444406.622688729
"4502","DE","35-59",2025-04-17,2025-05-11,4,"quantile",0.025,98442.7212884849
"4503","DE","35-59",2025-04-17,2025-05-11,4,"quantile",0.1,124360.189283884
"4504","DE","35-59",2025-04-17,2025-05-11,4,"quantile",0.25,153286.646717751
"4505","DE","35-59",2025-04-17,2025-05-11,4,"quantile",0.5,193381.629004556
"4506","DE","35-59",2025-04-17,2025-05-11,4,"quantile",0.75,243964.2019524
"4507","DE","35-59",2025-04-17,2025-05-11,4,"quantile",0.9,300710.819529944
"4508","DE","35-59",2025-04-17,2025-05-11,4,"quantile",0.975,379880.34002906
"4509","DE","60+",2025-04-17,2025-04-20,1,"quantile",0.025,79644.6665593923
"4510","DE","60+",2025-04-17,2025-04-20,1,"quantile",0.1,91924.2691102488
"4511","DE","60+",2025-04-17,2025-04-20,1,"quantile",0.25,104509.119587911
"4512","DE","60+",2025-04-17,2025-04-20,1,"quantile",0.5,120522.353242085
"4513","DE","60+",2025-04-17,2025-04-20,1,"quantile",0.75,138989.187625787
"4514","DE","60+",2025-04-17,2025-04-20,1,"quantile",0.9,158017.439481501
"4515","DE","60+",2025-04-17,2025-04-20,1,"quantile",0.975,182380.544216077
"4516","DE","60+",2025-04-17,2025-04-27,2,"quantile",0.025,78883.9444199896
"4517","DE","60+",2025-04-17,2025-04-27,2,"quantile",0.1,91561.4752763662
"4518","DE","60+",2025-04-17,2025-04-27,2,"quantile",0.25,104623.613730735
"4519","DE","60+",2025-04-17,2025-04-27,2,"quantile",0.5,121333.195688528
"4520","DE","60+",2025-04-17,2025-04-27,2,"quantile",0.75,140711.488076481
"4521","DE","60+",2025-04-17,2025-04-27,2,"quantile",0.9,160785.355757484
"4522","DE","60+",2025-04-17,2025-04-27,2,"quantile",0.975,186625.358103417
"4523","DE","60+",2025-04-17,2025-05-04,3,"quantile",0.025,64073.0935736107
"4524","DE","60+",2025-04-17,2025-05-04,3,"quantile",0.1,76015.7923875025
"4525","DE","60+",2025-04-17,2025-05-04,3,"quantile",0.25,88577.8577048369
"4526","DE","60+",2025-04-17,2025-05-04,3,"quantile",0.5,104984.240233864
"4527","DE","60+",2025-04-17,2025-05-04,3,"quantile",0.75,124429.411402211
"4528","DE","60+",2025-04-17,2025-05-04,3,"quantile",0.9,144992.11744445
"4529","DE","60+",2025-04-17,2025-05-04,3,"quantile",0.975,172017.458230253
"4530","DE","60+",2025-04-17,2025-05-11,4,"quantile",0.025,50853.5466341792
"4531","DE","60+",2025-04-17,2025-05-11,4,"quantile",0.1,61890.5634913526
"4532","DE","60+",2025-04-17,2025-05-11,4,"quantile",0.25,73782.9546366535
"4533","DE","60+",2025-04-17,2025-05-11,4,"quantile",0.5,89694.53821719
"4534","DE","60+",2025-04-17,2025-05-11,4,"quantile",0.75,109037.517209949
"4535","DE","60+",2025-04-17,2025-05-11,4,"quantile",0.9,129989.286446213
"4536","DE","60+",2025-04-17,2025-05-11,4,"quantile",0.975,158201.555613581
"4537","DE","00+",2025-04-24,2025-04-27,1,"quantile",0.025,553587.788461896
"4538","DE","00+",2025-04-24,2025-04-27,1,"quantile",0.1,636603.243618302
"4539","DE","00+",2025-04-24,2025-04-27,1,"quantile",0.25,721388.233428902
"4540","DE","00+",2025-04-24,2025-04-27,1,"quantile",0.5,828896.921454844
"4541","DE","00+",2025-04-24,2025-04-27,1,"quantile",0.75,952427.659003442
"4542","DE","00+",2025-04-24,2025-04-27,1,"quantile",0.9,1079275.22092438
"4543","DE","00+",2025-04-24,2025-04-27,1,"quantile",0.975,1241122.22255894
"4544","DE","00+",2025-04-24,2025-05-04,2,"quantile",0.025,485788.690643089
"4545","DE","00+",2025-04-24,2025-05-04,2,"quantile",0.1,576173.604946756
"4546","DE","00+",2025-04-24,2025-05-04,2,"quantile",0.25,671220.758216175
"4547","DE","00+",2025-04-24,2025-05-04,2,"quantile",0.5,795321.728456465
"4548","DE","00+",2025-04-24,2025-05-04,2,"quantile",0.75,942367.535586949
"4549","DE","00+",2025-04-24,2025-05-04,2,"quantile",0.9,1097823.02820594
"4550","DE","00+",2025-04-24,2025-05-04,2,"quantile",0.975,1302081.88032872
"4551","DE","00+",2025-04-24,2025-05-11,3,"quantile",0.025,431751.383792883
"4552","DE","00+",2025-04-24,2025-05-11,3,"quantile",0.1,522542.68600694
"4553","DE","00+",2025-04-24,2025-05-11,3,"quantile",0.25,619858.032140059
"4554","DE","00+",2025-04-24,2025-05-11,3,"quantile",0.5,749378.103290523
"4555","DE","00+",2025-04-24,2025-05-11,3,"quantile",0.75,905961.546956956
"4556","DE","00+",2025-04-24,2025-05-11,3,"quantile",0.9,1074682.61776387
"4557","DE","00+",2025-04-24,2025-05-11,3,"quantile",0.975,1300673.40319329
"4558","DE","00+",2025-04-24,2025-05-18,4,"quantile",0.025,456948.937220821
"4559","DE","00+",2025-04-24,2025-05-18,4,"quantile",0.1,568140.765386114
"4560","DE","00+",2025-04-24,2025-05-18,4,"quantile",0.25,690392.569243221
"4561","DE","00+",2025-04-24,2025-05-18,4,"quantile",0.5,857309.166059156
"4562","DE","00+",2025-04-24,2025-05-18,4,"quantile",0.75,1064581.28165356
"4563","DE","00+",2025-04-24,2025-05-18,4,"quantile",0.9,1293656.52138964
"4564","DE","00+",2025-04-24,2025-05-18,4,"quantile",0.975,1608448.87982279
"4565","DE","00-04",2025-04-24,2025-04-27,1,"quantile",0.025,114276.234502771
"4566","DE","00-04",2025-04-24,2025-04-27,1,"quantile",0.1,130155.389528123
"4567","DE","00-04",2025-04-24,2025-04-27,1,"quantile",0.25,146226.291623881
"4568","DE","00-04",2025-04-24,2025-04-27,1,"quantile",0.5,166419.791851582
"4569","DE","00-04",2025-04-24,2025-04-27,1,"quantile",0.75,189401.966037417
"4570","DE","00-04",2025-04-24,2025-04-27,1,"quantile",0.9,212788.323405843
"4571","DE","00-04",2025-04-24,2025-04-27,1,"quantile",0.975,242356.140280876
"4572","DE","00-04",2025-04-24,2025-05-04,2,"quantile",0.025,108295.951071193
"4573","DE","00-04",2025-04-24,2025-05-04,2,"quantile",0.1,125398.873658745
"4574","DE","00-04",2025-04-24,2025-05-04,2,"quantile",0.25,142980.72412481
"4575","DE","00-04",2025-04-24,2025-05-04,2,"quantile",0.5,165421.019831848
"4576","DE","00-04",2025-04-24,2025-05-04,2,"quantile",0.75,191383.236934246
"4577","DE","00-04",2025-04-24,2025-05-04,2,"quantile",0.9,218216.583640744
"4578","DE","00-04",2025-04-24,2025-05-04,2,"quantile",0.975,252679.010909832
"4579","DE","00-04",2025-04-24,2025-05-11,3,"quantile",0.025,88816.2392156401
"4580","DE","00-04",2025-04-24,2025-05-11,3,"quantile",0.1,104386.360514055
"4581","DE","00-04",2025-04-24,2025-05-11,3,"quantile",0.25,120619.384573622
"4582","DE","00-04",2025-04-24,2025-05-11,3,"quantile",0.5,141632.480121029
"4583","DE","00-04",2025-04-24,2025-05-11,3,"quantile",0.75,166306.265747772
"4584","DE","00-04",2025-04-24,2025-05-11,3,"quantile",0.9,192168.395626099
"4585","DE","00-04",2025-04-24,2025-05-11,3,"quantile",0.975,225856.888361708
"4586","DE","00-04",2025-04-24,2025-05-18,4,"quantile",0.025,86181.4170741195
"4587","DE","00-04",2025-04-24,2025-05-18,4,"quantile",0.1,102747.12426292
"4588","DE","00-04",2025-04-24,2025-05-18,4,"quantile",0.25,120252.782217634
"4589","DE","00-04",2025-04-24,2025-05-18,4,"quantile",0.5,143221.981243685
"4590","DE","00-04",2025-04-24,2025-05-18,4,"quantile",0.75,170578.472556608
"4591","DE","00-04",2025-04-24,2025-05-18,4,"quantile",0.9,199640.973492132
"4592","DE","00-04",2025-04-24,2025-05-18,4,"quantile",0.975,238015.764973148
"4593","DE","05-14",2025-04-24,2025-04-27,1,"quantile",0.025,62872.1970534188
"4594","DE","05-14",2025-04-24,2025-04-27,1,"quantile",0.1,76773.6405666827
"4595","DE","05-14",2025-04-24,2025-04-27,1,"quantile",0.25,91799.7537118741
"4596","DE","05-14",2025-04-24,2025-04-27,1,"quantile",0.5,111967.864239849
"4597","DE","05-14",2025-04-24,2025-04-27,1,"quantile",0.75,136566.843760625
"4598","DE","05-14",2025-04-24,2025-04-27,1,"quantile",0.9,163295.664109407
"4599","DE","05-14",2025-04-24,2025-04-27,1,"quantile",0.975,199401.376283726
"4600","DE","05-14",2025-04-24,2025-05-04,2,"quantile",0.025,63153.9087811334
"4601","DE","05-14",2025-04-24,2025-05-04,2,"quantile",0.1,79154.75922942
"4602","DE","05-14",2025-04-24,2025-05-04,2,"quantile",0.25,96881.0434043057
"4603","DE","05-14",2025-04-24,2025-05-04,2,"quantile",0.5,121268.641212885
"4604","DE","05-14",2025-04-24,2025-05-04,2,"quantile",0.75,151795.26174432
"4605","DE","05-14",2025-04-24,2025-05-04,2,"quantile",0.9,185788.99720983
"4606","DE","05-14",2025-04-24,2025-05-04,2,"quantile",0.975,232861.015659141
"4607","DE","05-14",2025-04-24,2025-05-11,3,"quantile",0.025,51526.0767987291
"4608","DE","05-14",2025-04-24,2025-05-11,3,"quantile",0.1,64923.6527887108
"4609","DE","05-14",2025-04-24,2025-05-11,3,"quantile",0.25,79840.2696062799
"4610","DE","05-14",2025-04-24,2025-05-11,3,"quantile",0.5,100465.622254082
"4611","DE","05-14",2025-04-24,2025-05-11,3,"quantile",0.75,126419.177999695
"4612","DE","05-14",2025-04-24,2025-05-11,3,"quantile",0.9,155464.777802136
"4613","DE","05-14",2025-04-24,2025-05-11,3,"quantile",0.975,195888.021793829
"4614","DE","05-14",2025-04-24,2025-05-18,4,"quantile",0.025,50399.2536583726
"4615","DE","05-14",2025-04-24,2025-05-18,4,"quantile",0.1,63872.7642926358
"4616","DE","05-14",2025-04-24,2025-05-18,4,"quantile",0.25,78956.1402509075
"4617","DE","05-14",2025-04-24,2025-05-18,4,"quantile",0.5,99926.9389611251
"4618","DE","05-14",2025-04-24,2025-05-18,4,"quantile",0.75,126467.594520309
"4619","DE","05-14",2025-04-24,2025-05-18,4,"quantile",0.9,156332.56585533
"4620","DE","05-14",2025-04-24,2025-05-18,4,"quantile",0.975,198125.813485764
"4621","DE","15-34",2025-04-24,2025-04-27,1,"quantile",0.025,141801.270862061
"4622","DE","15-34",2025-04-24,2025-04-27,1,"quantile",0.1,167816.081117071
"4623","DE","15-34",2025-04-24,2025-04-27,1,"quantile",0.25,195116.171666361
"4624","DE","15-34",2025-04-24,2025-04-27,1,"quantile",0.5,230687.326235058
"4625","DE","15-34",2025-04-24,2025-04-27,1,"quantile",0.75,272743.371453998
"4626","DE","15-34",2025-04-24,2025-04-27,1,"quantile",0.9,317112.890083255
"4627","DE","15-34",2025-04-24,2025-04-27,1,"quantile",0.975,375290.307075226
"4628","DE","15-34",2025-04-24,2025-05-04,2,"quantile",0.025,133270.76945579
"4629","DE","15-34",2025-04-24,2025-05-04,2,"quantile",0.1,160877.54493239
"4630","DE","15-34",2025-04-24,2025-05-04,2,"quantile",0.25,190395.624345401
"4631","DE","15-34",2025-04-24,2025-05-04,2,"quantile",0.5,229585.649317471
"4632","DE","15-34",2025-04-24,2025-05-04,2,"quantile",0.75,276842.341066112
"4633","DE","15-34",2025-04-24,2025-05-04,2,"quantile",0.9,327637.834072347
"4634","DE","15-34",2025-04-24,2025-05-04,2,"quantile",0.975,395507.361349858
"4635","DE","15-34",2025-04-24,2025-05-11,3,"quantile",0.025,102544.136246957
"4636","DE","15-34",2025-04-24,2025-05-11,3,"quantile",0.1,125220.211432206
"4637","DE","15-34",2025-04-24,2025-05-11,3,"quantile",0.25,149731.389338708
"4638","DE","15-34",2025-04-24,2025-05-11,3,"quantile",0.5,182631.117877487
"4639","DE","15-34",2025-04-24,2025-05-11,3,"quantile",0.75,222759.739053313
"4640","DE","15-34",2025-04-24,2025-05-11,3,"quantile",0.9,266363.750992695
"4641","DE","15-34",2025-04-24,2025-05-11,3,"quantile",0.975,325266.040925576
"4642","DE","15-34",2025-04-24,2025-05-18,4,"quantile",0.025,105755.691352012
"4643","DE","15-34",2025-04-24,2025-05-18,4,"quantile",0.1,131489.190584176
"4644","DE","15-34",2025-04-24,2025-05-18,4,"quantile",0.25,159782.215668326
"4645","DE","15-34",2025-04-24,2025-05-18,4,"quantile",0.5,198411.953075555
"4646","DE","15-34",2025-04-24,2025-05-18,4,"quantile",0.75,246381.00653814
"4647","DE","15-34",2025-04-24,2025-05-18,4,"quantile",0.9,299395.737005883
"4648","DE","15-34",2025-04-24,2025-05-18,4,"quantile",0.975,372247.607858954
"4649","DE","35-59",2025-04-24,2025-04-27,1,"quantile",0.025,166666.118328254
"4650","DE","35-59",2025-04-24,2025-04-27,1,"quantile",0.1,195795.801025579
"4651","DE","35-59",2025-04-24,2025-04-27,1,"quantile",0.25,226152.787797489
"4652","DE","35-59",2025-04-24,2025-04-27,1,"quantile",0.5,265432.137092619
"4653","DE","35-59",2025-04-24,2025-04-27,1,"quantile",0.75,311533.72057763
"4654","DE","35-59",2025-04-24,2025-04-27,1,"quantile",0.9,359835.190706419
"4655","DE","35-59",2025-04-24,2025-04-27,1,"quantile",0.975,422726.707193081
"4656","DE","35-59",2025-04-24,2025-05-04,2,"quantile",0.025,148511.911083935
"4657","DE","35-59",2025-04-24,2025-05-04,2,"quantile",0.1,178585.24892131
"4658","DE","35-59",2025-04-24,2025-05-04,2,"quantile",0.25,210623.67309483
"4659","DE","35-59",2025-04-24,2025-05-04,2,"quantile",0.5,253004.602200827
"4660","DE","35-59",2025-04-24,2025-05-04,2,"quantile",0.75,303913.26765049
"4661","DE","35-59",2025-04-24,2025-05-04,2,"quantile",0.9,358435.700156869
"4662","DE","35-59",2025-04-24,2025-05-04,2,"quantile",0.975,431018.147080613
"4663","DE","35-59",2025-04-24,2025-05-11,3,"quantile",0.025,107490.052873518
"4664","DE","35-59",2025-04-24,2025-05-11,3,"quantile",0.1,131965.776249016
"4665","DE","35-59",2025-04-24,2025-05-11,3,"quantile",0.25,158556.548431113
"4666","DE","35-59",2025-04-24,2025-05-11,3,"quantile",0.5,194429.462639396
"4667","DE","35-59",2025-04-24,2025-05-11,3,"quantile",0.75,238418.50946111
"4668","DE","35-59",2025-04-24,2025-05-11,3,"quantile",0.9,286459.239787377
"4669","DE","35-59",2025-04-24,2025-05-11,3,"quantile",0.975,351686.643849049
"4670","DE","35-59",2025-04-24,2025-05-18,4,"quantile",0.025,110095.658543601
"4671","DE","35-59",2025-04-24,2025-05-18,4,"quantile",0.1,139081.048924819
"4672","DE","35-59",2025-04-24,2025-05-18,4,"quantile",0.25,171431.611148535
"4673","DE","35-59",2025-04-24,2025-05-18,4,"quantile",0.5,216272.74740912
"4674","DE","35-59",2025-04-24,2025-05-18,4,"quantile",0.75,272842.919450617
"4675","DE","35-59",2025-04-24,2025-05-18,4,"quantile",0.9,336306.79113711
"4676","DE","35-59",2025-04-24,2025-05-18,4,"quantile",0.975,424847.826795689
"4677","DE","60+",2025-04-24,2025-04-27,1,"quantile",0.025,73069.3039626013
"4678","DE","60+",2025-04-24,2025-04-27,1,"quantile",0.1,84335.1181104873
"4679","DE","60+",2025-04-24,2025-04-27,1,"quantile",0.25,95880.9793037216
"4680","DE","60+",2025-04-24,2025-04-27,1,"quantile",0.5,110572.18070926
"4681","DE","60+",2025-04-24,2025-04-27,1,"quantile",0.75,127514.416681879
"4682","DE","60+",2025-04-24,2025-04-27,1,"quantile",0.9,144971.720212496
"4683","DE","60+",2025-04-24,2025-04-27,1,"quantile",0.975,167323.437938577
"4684","DE","60+",2025-04-24,2025-05-04,2,"quantile",0.025,66296.3844914724
"4685","DE","60+",2025-04-24,2025-05-04,2,"quantile",0.1,76950.9538875214
"4686","DE","60+",2025-04-24,2025-05-04,2,"quantile",0.25,87928.7588086482
"4687","DE","60+",2025-04-24,2025-05-04,2,"quantile",0.5,101971.98241151
"4688","DE","60+",2025-04-24,2025-05-04,2,"quantile",0.75,118258.068666273
"4689","DE","60+",2025-04-24,2025-05-04,2,"quantile",0.9,135128.736833235
"4690","DE","60+",2025-04-24,2025-05-04,2,"quantile",0.975,156845.433980956
"4691","DE","60+",2025-04-24,2025-05-11,3,"quantile",0.025,50771.9838284293
"4692","DE","60+",2025-04-24,2025-05-11,3,"quantile",0.1,60235.4649439479
"4693","DE","60+",2025-04-24,2025-05-11,3,"quantile",0.25,70189.7365667256
"4694","DE","60+",2025-04-24,2025-05-11,3,"quantile",0.5,83190.2730163949
"4695","DE","60+",2025-04-24,2025-05-11,3,"quantile",0.75,98598.7676127443
"4696","DE","60+",2025-04-24,2025-05-11,3,"quantile",0.9,114892.804944434
"4697","DE","60+",2025-04-24,2025-05-11,3,"quantile",0.975,136307.880896062
"4698","DE","60+",2025-04-24,2025-05-18,4,"quantile",0.025,49686.359240941
"4699","DE","60+",2025-04-24,2025-05-18,4,"quantile",0.1,60470.0551836987
"4700","DE","60+",2025-04-24,2025-05-18,4,"quantile",0.25,72089.4929179011
"4701","DE","60+",2025-04-24,2025-05-18,4,"quantile",0.5,87635.8748361966
"4702","DE","60+",2025-04-24,2025-05-18,4,"quantile",0.75,106534.894995751
"4703","DE","60+",2025-04-24,2025-05-18,4,"quantile",0.9,127005.780546664
"4704","DE","60+",2025-04-24,2025-05-18,4,"quantile",0.975,154570.523492437
"4705","DE","00+",2025-05-01,2025-05-04,1,"quantile",0.025,473228.932553962
"4706","DE","00+",2025-05-01,2025-05-04,1,"quantile",0.1,544193.8563618
"4707","DE","00+",2025-05-01,2025-05-04,1,"quantile",0.25,616671.449005501
"4708","DE","00+",2025-05-01,2025-05-04,1,"quantile",0.5,708574.165675154
"4709","DE","00+",2025-05-01,2025-05-04,1,"quantile",0.75,814173.169638281
"4710","DE","00+",2025-05-01,2025-05-04,1,"quantile",0.9,922607.527433094
"4711","DE","00+",2025-05-01,2025-05-04,1,"quantile",0.975,1060960.8029513
"4712","DE","00+",2025-05-01,2025-05-11,2,"quantile",0.025,335852.608944526
"4713","DE","00+",2025-05-01,2025-05-11,2,"quantile",0.1,398340.702765584
"4714","DE","00+",2025-05-01,2025-05-11,2,"quantile",0.25,464052.060426106
"4715","DE","00+",2025-05-01,2025-05-11,2,"quantile",0.5,549849.929809547
"4716","DE","00+",2025-05-01,2025-05-11,2,"quantile",0.75,651510.834870448
"4717","DE","00+",2025-05-01,2025-05-11,2,"quantile",0.9,758985.820963122
"4718","DE","00+",2025-05-01,2025-05-11,2,"quantile",0.975,900201.270616008
"4719","DE","00+",2025-05-01,2025-05-18,3,"quantile",0.025,357970.144881441
"4720","DE","00+",2025-05-01,2025-05-18,3,"quantile",0.1,433246.280239774
"4721","DE","00+",2025-05-01,2025-05-18,3,"quantile",0.25,513931.577061362
"4722","DE","00+",2025-05-01,2025-05-18,3,"quantile",0.5,621318.189763055
"4723","DE","00+",2025-05-01,2025-05-18,3,"quantile",0.75,751143.362581023
"4724","DE","00+",2025-05-01,2025-05-18,3,"quantile",0.9,891031.984664227
"4725","DE","00+",2025-05-01,2025-05-18,3,"quantile",0.975,1078403.59999378
"4726","DE","00+",2025-05-01,2025-05-25,4,"quantile",0.025,315133.342109618
"4727","DE","00+",2025-05-01,2025-05-25,4,"quantile",0.1,391816.423239259
"4728","DE","00+",2025-05-01,2025-05-25,4,"quantile",0.25,476126.98048168
"4729","DE","00+",2025-05-01,2025-05-25,4,"quantile",0.5,591240.466308105
"4730","DE","00+",2025-05-01,2025-05-25,4,"quantile",0.75,734185.00385461
"4731","DE","00+",2025-05-01,2025-05-25,4,"quantile",0.9,892165.994754047
"4732","DE","00+",2025-05-01,2025-05-25,4,"quantile",0.975,1109261.51660154
"4733","DE","00-04",2025-05-01,2025-05-04,1,"quantile",0.025,101523.933266322
"4734","DE","00-04",2025-05-01,2025-05-04,1,"quantile",0.1,115631.103336581
"4735","DE","00-04",2025-05-01,2025-05-04,1,"quantile",0.25,129908.623058845
"4736","DE","00-04",2025-05-01,2025-05-04,1,"quantile",0.5,147848.692386915
"4737","DE","00-04",2025-05-01,2025-05-04,1,"quantile",0.75,168266.24226953
"4738","DE","00-04",2025-05-01,2025-05-04,1,"quantile",0.9,189042.871768614
"4739","DE","00-04",2025-05-01,2025-05-04,1,"quantile",0.975,215311.160011686
"4740","DE","00-04",2025-05-01,2025-05-11,2,"quantile",0.025,80739.5501600185
"4741","DE","00-04",2025-05-01,2025-05-11,2,"quantile",0.1,93490.5557376211
"4742","DE","00-04",2025-05-01,2025-05-11,2,"quantile",0.25,106598.623800827
"4743","DE","00-04",2025-05-01,2025-05-11,2,"quantile",0.5,123328.883454329
"4744","DE","00-04",2025-05-01,2025-05-11,2,"quantile",0.75,142684.895468355
"4745","DE","00-04",2025-05-01,2025-05-11,2,"quantile",0.9,162690.374167611
"4746","DE","00-04",2025-05-01,2025-05-11,2,"quantile",0.975,188383.678927448
"4747","DE","00-04",2025-05-01,2025-05-18,3,"quantile",0.025,77504.6194412964
"4748","DE","00-04",2025-05-01,2025-05-18,3,"quantile",0.1,91091.7329753264
"4749","DE","00-04",2025-05-01,2025-05-18,3,"quantile",0.25,105257.322097643
"4750","DE","00-04",2025-05-01,2025-05-18,3,"quantile",0.5,123594.19368856
"4751","DE","00-04",2025-05-01,2025-05-18,3,"quantile",0.75,145125.530548409
"4752","DE","00-04",2025-05-01,2025-05-18,3,"quantile",0.9,167693.864356087
"4753","DE","00-04",2025-05-01,2025-05-18,3,"quantile",0.975,197091.796897284
"4754","DE","00-04",2025-05-01,2025-05-25,4,"quantile",0.025,63708.9753459502
"4755","DE","00-04",2025-05-01,2025-05-25,4,"quantile",0.1,75955.0518982985
"4756","DE","00-04",2025-05-01,2025-05-25,4,"quantile",0.25,88895.9801043448
"4757","DE","00-04",2025-05-01,2025-05-25,4,"quantile",0.5,105875.79064991
"4758","DE","00-04",2025-05-01,2025-05-25,4,"quantile",0.75,126098.874578871
"4759","DE","00-04",2025-05-01,2025-05-25,4,"quantile",0.9,147583.113507091
"4760","DE","00-04",2025-05-01,2025-05-25,4,"quantile",0.975,175951.394365914
"4761","DE","05-14",2025-05-01,2025-05-04,1,"quantile",0.025,55204.2981540376
"4762","DE","05-14",2025-05-01,2025-05-04,1,"quantile",0.1,67410.3203457817
"4763","DE","05-14",2025-05-01,2025-05-04,1,"quantile",0.25,80603.8473583445
"4764","DE","05-14",2025-05-01,2025-05-04,1,"quantile",0.5,98312.2532828897
"4765","DE","05-14",2025-05-01,2025-05-04,1,"quantile",0.75,119911.139012875
"4766","DE","05-14",2025-05-01,2025-05-04,1,"quantile",0.9,143380.109988809
"4767","DE","05-14",2025-05-01,2025-05-04,1,"quantile",0.975,175082.366206156
"4768","DE","05-14",2025-05-01,2025-05-11,2,"quantile",0.025,38944.4361495246
"4769","DE","05-14",2025-05-01,2025-05-11,2,"quantile",0.1,48811.5070980697
"4770","DE","05-14",2025-05-01,2025-05-11,2,"quantile",0.25,59742.5825538995
"4771","DE","05-14",2025-05-01,2025-05-11,2,"quantile",0.5,74781.4180595212
"4772","DE","05-14",2025-05-01,2025-05-11,2,"quantile",0.75,93605.9381421548
"4773","DE","05-14",2025-05-01,2025-05-11,2,"quantile",0.9,114568.486397218
"4774","DE","05-14",2025-05-01,2025-05-11,2,"quantile",0.975,143595.877611934
"4775","DE","05-14",2025-05-01,2025-05-18,3,"quantile",0.025,37951.3172161989
"4776","DE","05-14",2025-05-01,2025-05-18,3,"quantile",0.1,47819.2459993285
"4777","DE","05-14",2025-05-01,2025-05-18,3,"quantile",0.25,58806.0179759215
"4778","DE","05-14",2025-05-01,2025-05-18,3,"quantile",0.5,73997.5355465359
"4779","DE","05-14",2025-05-01,2025-05-18,3,"quantile",0.75,93113.5189123478
"4780","DE","05-14",2025-05-01,2025-05-18,3,"quantile",0.9,114506.934447225
"4781","DE","05-14",2025-05-01,2025-05-18,3,"quantile",0.975,144280.506412137
"4782","DE","05-14",2025-05-01,2025-05-25,4,"quantile",0.025,30989.1870610414
"4783","DE","05-14",2025-05-01,2025-05-25,4,"quantile",0.1,39273.6974675709
"4784","DE","05-14",2025-05-01,2025-05-25,4,"quantile",0.25,48548.0720892921
"4785","DE","05-14",2025-05-01,2025-05-25,4,"quantile",0.5,61442.4694638139
"4786","DE","05-14",2025-05-01,2025-05-25,4,"quantile",0.75,77761.6265969987
"4787","DE","05-14",2025-05-01,2025-05-25,4,"quantile",0.9,96124.8188289107
"4788","DE","05-14",2025-05-01,2025-05-25,4,"quantile",0.975,121822.397159871
"4789","DE","15-34",2025-05-01,2025-05-04,1,"quantile",0.025,114899.852120698
"4790","DE","15-34",2025-05-01,2025-05-04,1,"quantile",0.1,135979.33774926
"4791","DE","15-34",2025-05-01,2025-05-04,1,"quantile",0.25,158100.270431495
"4792","DE","15-34",2025-05-01,2025-05-04,1,"quantile",0.5,186923.146100089
"4793","DE","15-34",2025-05-01,2025-05-04,1,"quantile",0.75,221000.650110178
"4794","DE","15-34",2025-05-01,2025-05-04,1,"quantile",0.9,256952.733601216
"4795","DE","15-34",2025-05-01,2025-05-04,1,"quantile",0.975,304093.189878537
"4796","DE","15-34",2025-05-01,2025-05-11,2,"quantile",0.025,83032.952005339
"4797","DE","15-34",2025-05-01,2025-05-11,2,"quantile",0.1,100233.063271531
"4798","DE","15-34",2025-05-01,2025-05-11,2,"quantile",0.25,118623.992364226
"4799","DE","15-34",2025-05-01,2025-05-11,2,"quantile",0.5,143040.925468776
"4800","DE","15-34",2025-05-01,2025-05-11,2,"quantile",0.75,172483.710513982
"4801","DE","15-34",2025-05-01,2025-05-11,2,"quantile",0.9,204131.308483868
"4802","DE","15-34",2025-05-01,2025-05-11,2,"quantile",0.975,246416.704029124
"4803","DE","15-34",2025-05-01,2025-05-18,3,"quantile",0.025,97158.0445345339
"4804","DE","15-34",2025-05-01,2025-05-18,3,"quantile",0.1,118643.067504652
"4805","DE","15-34",2025-05-01,2025-05-18,3,"quantile",0.25,141866.805124311
"4806","DE","15-34",2025-05-01,2025-05-18,3,"quantile",0.5,173038.487948248
"4807","DE","15-34",2025-05-01,2025-05-18,3,"quantile",0.75,211059.368575891
"4808","DE","15-34",2025-05-01,2025-05-18,3,"quantile",0.9,252373.096390499
"4809","DE","15-34",2025-05-01,2025-05-18,3,"quantile",0.975,308181.565971857
"4810","DE","15-34",2025-05-01,2025-05-25,4,"quantile",0.025,77421.6337765417
"4811","DE","15-34",2025-05-01,2025-05-25,4,"quantile",0.1,96260.6156589443
"4812","DE","15-34",2025-05-01,2025-05-25,4,"quantile",0.25,116973.375402573
"4813","DE","15-34",2025-05-01,2025-05-25,4,"quantile",0.5,145253.43621246
"4814","DE","15-34",2025-05-01,2025-05-25,4,"quantile",0.75,180370.624160538
"4815","DE","15-34",2025-05-01,2025-05-25,4,"quantile",0.9,219181.65167653
"4816","DE","15-34",2025-05-01,2025-05-25,4,"quantile",0.975,272515.054286025
"4817","DE","35-59",2025-05-01,2025-05-04,1,"quantile",0.025,137568.444686216
"4818","DE","35-59",2025-05-01,2025-05-04,1,"quantile",0.1,161612.474649051
"4819","DE","35-59",2025-05-01,2025-05-04,1,"quantile",0.25,186669.537820983
"4820","DE","35-59",2025-05-01,2025-05-04,1,"quantile",0.5,219091.238434273
"4821","DE","35-59",2025-05-01,2025-05-04,1,"quantile",0.75,257144.102454983
"4822","DE","35-59",2025-05-01,2025-05-04,1,"quantile",0.9,297012.782354206
"4823","DE","35-59",2025-05-01,2025-05-04,1,"quantile",0.975,348924.281786787
"4824","DE","35-59",2025-05-01,2025-05-11,2,"quantile",0.025,91761.3229672293
"4825","DE","35-59",2025-05-01,2025-05-11,2,"quantile",0.1,110342.790580546
"4826","DE","35-59",2025-05-01,2025-05-11,2,"quantile",0.25,130138.429640675
"4827","DE","35-59",2025-05-01,2025-05-11,2,"quantile",0.5,156324.410919635
"4828","DE","35-59",2025-05-01,2025-05-11,2,"quantile",0.75,187779.440068893
"4829","DE","35-59",2025-05-01,2025-05-11,2,"quantile",0.9,221467.314002111
"4830","DE","35-59",2025-05-01,2025-05-11,2,"quantile",0.975,266313.961690573
"4831","DE","35-59",2025-05-01,2025-05-18,3,"quantile",0.025,102192.82989022
"4832","DE","35-59",2025-05-01,2025-05-18,3,"quantile",0.1,125462.363846962
"4833","DE","35-59",2025-05-01,2025-05-18,3,"quantile",0.25,150742.714778151
"4834","DE","35-59",2025-05-01,2025-05-18,3,"quantile",0.5,184847.774003187
"4835","DE","35-59",2025-05-01,2025-05-18,3,"quantile",0.75,226668.994280881
"4836","DE","35-59",2025-05-01,2025-05-18,3,"quantile",0.9,272342.226833952
"4837","DE","35-59",2025-05-01,2025-05-18,3,"quantile",0.975,334355.155744672
"4838","DE","35-59",2025-05-01,2025-05-25,4,"quantile",0.025,83743.6746208903
"4839","DE","35-59",2025-05-01,2025-05-25,4,"quantile",0.1,105791.256995656
"4840","DE","35-59",2025-05-01,2025-05-25,4,"quantile",0.25,130398.539358138
"4841","DE","35-59",2025-05-01,2025-05-25,4,"quantile",0.5,164506.710146274
"4842","DE","35-59",2025-05-01,2025-05-25,4,"quantile",0.75,207536.509353249
"4843","DE","35-59",2025-05-01,2025-05-25,4,"quantile",0.9,255809.964374101
"4844","DE","35-59",2025-05-01,2025-05-25,4,"quantile",0.975,323158.230226494
"4845","DE","60+",2025-05-01,2025-05-04,1,"quantile",0.025,60465.8110650601
"4846","DE","60+",2025-05-01,2025-05-04,1,"quantile",0.1,69788.4205990008
"4847","DE","60+",2025-05-01,2025-05-04,1,"quantile",0.25,79342.772750088
"4848","DE","60+",2025-05-01,2025-05-04,1,"quantile",0.5,91499.9353386453
"4849","DE","60+",2025-05-01,2025-05-04,1,"quantile",0.75,105519.858668753
"4850","DE","60+",2025-05-01,2025-05-04,1,"quantile",0.9,119966.007184523
"4851","DE","60+",2025-05-01,2025-05-04,1,"quantile",0.975,138462.347887269
"4852","DE","60+",2025-05-01,2025-05-11,2,"quantile",0.025,43231.9496426523
"4853","DE","60+",2025-05-01,2025-05-11,2,"quantile",0.1,50179.8067713224
"4854","DE","60+",2025-05-01,2025-05-11,2,"quantile",0.25,57338.4461628576
"4855","DE","60+",2025-05-01,2025-05-11,2,"quantile",0.5,66496.0486516858
"4856","DE","60+",2025-05-01,2025-05-11,2,"quantile",0.75,77116.2244914766
"4857","DE","60+",2025-05-01,2025-05-11,2,"quantile",0.9,88117.6068779597
"4858","DE","60+",2025-05-01,2025-05-11,2,"quantile",0.975,102279.090414302
"4859","DE","60+",2025-05-01,2025-05-18,3,"quantile",0.025,47539.9120490634
"4860","DE","60+",2025-05-01,2025-05-18,3,"quantile",0.1,56400.9615095301
"4861","DE","60+",2025-05-01,2025-05-18,3,"quantile",0.25,65721.5584564306
"4862","DE","60+",2025-05-01,2025-05-18,3,"quantile",0.5,77894.4993739342
"4863","DE","60+",2025-05-01,2025-05-18,3,"quantile",0.75,92322.1112709654
"4864","DE","60+",2025-05-01,2025-05-18,3,"quantile",0.9,107578.893521002
"4865","DE","60+",2025-05-01,2025-05-18,3,"quantile",0.975,127630.716406329
"4866","DE","60+",2025-05-01,2025-05-25,4,"quantile",0.025,38648.9466028184
"4867","DE","60+",2025-05-01,2025-05-25,4,"quantile",0.1,47037.1339250493
"4868","DE","60+",2025-05-01,2025-05-25,4,"quantile",0.25,56075.4099308696
"4869","DE","60+",2025-05-01,2025-05-25,4,"quantile",0.5,68168.2920378792
"4870","DE","60+",2025-05-01,2025-05-25,4,"quantile",0.75,82869.0516055139
"4871","DE","60+",2025-05-01,2025-05-25,4,"quantile",0.9,98792.4997038753
"4872","DE","60+",2025-05-01,2025-05-25,4,"quantile",0.975,120233.963608796
"4873","DE","00+",2025-05-08,2025-05-11,1,"quantile",0.025,367074.155304473
"4874","DE","00+",2025-05-08,2025-05-11,1,"quantile",0.1,422120.217941477
"4875","DE","00+",2025-05-08,2025-05-11,1,"quantile",0.25,478339.627339389
"4876","DE","00+",2025-05-08,2025-05-11,1,"quantile",0.5,549626.714351662
"4877","DE","00+",2025-05-08,2025-05-11,1,"quantile",0.75,631537.735665513
"4878","DE","00+",2025-05-08,2025-05-11,1,"quantile",0.9,715648.083861468
"4879","DE","00+",2025-05-08,2025-05-11,1,"quantile",0.975,822965.934167805
"4880","DE","00+",2025-05-08,2025-05-18,2,"quantile",0.025,340982.625970125
"4881","DE","00+",2025-05-08,2025-05-18,2,"quantile",0.1,404425.200943515
"4882","DE","00+",2025-05-08,2025-05-18,2,"quantile",0.25,471140.273848748
"4883","DE","00+",2025-05-08,2025-05-18,2,"quantile",0.5,558248.672074232
"4884","DE","00+",2025-05-08,2025-05-18,2,"quantile",0.75,661462.407632533
"4885","DE","00+",2025-05-08,2025-05-18,2,"quantile",0.9,770579.0320326
"4886","DE","00+",2025-05-08,2025-05-18,2,"quantile",0.975,913951.492355355
"4887","DE","00+",2025-05-08,2025-05-25,3,"quantile",0.025,290621.507931616
"4888","DE","00+",2025-05-08,2025-05-25,3,"quantile",0.1,351735.163028045
"4889","DE","00+",2025-05-08,2025-05-25,3,"quantile",0.25,417240.297926841
"4890","DE","00+",2025-05-08,2025-05-25,3,"quantile",0.5,504423.153148945
"4891","DE","00+",2025-05-08,2025-05-25,3,"quantile",0.75,609822.969394338
"4892","DE","00+",2025-05-08,2025-05-25,3,"quantile",0.9,723392.893796167
"4893","DE","00+",2025-05-08,2025-05-25,3,"quantile",0.975,875512.343334875
"4894","DE","00+",2025-05-08,2025-06-01,4,"quantile",0.025,300173.041915258
"4895","DE","00+",2025-05-08,2025-06-01,4,"quantile",0.1,373215.753207013
"4896","DE","00+",2025-05-08,2025-06-01,4,"quantile",0.25,453523.842042072
"4897","DE","00+",2025-05-08,2025-06-01,4,"quantile",0.5,563172.55447177
"4898","DE","00+",2025-05-08,2025-06-01,4,"quantile",0.75,699331.097307198
"4899","DE","00+",2025-05-08,2025-06-01,4,"quantile",0.9,849812.269136282
"4900","DE","00+",2025-05-08,2025-06-01,4,"quantile",0.975,1056601.63246704
"4901","DE","00-04",2025-05-08,2025-05-11,1,"quantile",0.025,86163.1100123899
"4902","DE","00-04",2025-05-08,2025-05-11,1,"quantile",0.1,98135.8302136323
"4903","DE","00-04",2025-05-08,2025-05-11,1,"quantile",0.25,110253.12574144
"4904","DE","00-04",2025-05-08,2025-05-11,1,"quantile",0.5,125478.818023175
"4905","DE","00-04",2025-05-08,2025-05-11,1,"quantile",0.75,142807.141898338
"4906","DE","00-04",2025-05-08,2025-05-11,1,"quantile",0.9,160440.215752166
"4907","DE","00-04",2025-05-08,2025-05-11,1,"quantile",0.975,182734.046742615
"4908","DE","00-04",2025-05-08,2025-05-18,2,"quantile",0.025,71247.2453124606
"4909","DE","00-04",2025-05-08,2025-05-18,2,"quantile",0.1,82499.1537088723
"4910","DE","00-04",2025-05-08,2025-05-18,2,"quantile",0.25,94066.1458338063
"4911","DE","00-04",2025-05-08,2025-05-18,2,"quantile",0.5,108829.479433162
"4912","DE","00-04",2025-05-08,2025-05-18,2,"quantile",0.75,125909.863625309
"4913","DE","00-04",2025-05-08,2025-05-18,2,"quantile",0.9,143563.358667753
"4914","DE","00-04",2025-05-08,2025-05-18,2,"quantile",0.975,166235.979254366
"4915","DE","00-04",2025-05-08,2025-05-25,3,"quantile",0.025,65750.9617233515
"4916","DE","00-04",2025-05-08,2025-05-25,3,"quantile",0.1,77277.5750832622
"4917","DE","00-04",2025-05-08,2025-05-25,3,"quantile",0.25,89294.937595127
"4918","DE","00-04",2025-05-08,2025-05-25,3,"quantile",0.5,104851.003166336
"4919","DE","00-04",2025-05-08,2025-05-25,3,"quantile",0.75,123117.089961289
"4920","DE","00-04",2025-05-08,2025-05-25,3,"quantile",0.9,142262.912017384
"4921","DE","00-04",2025-05-08,2025-05-25,3,"quantile",0.975,167202.616917502
"4922","DE","00-04",2025-05-08,2025-06-01,4,"quantile",0.025,66475.4236255504
"4923","DE","00-04",2025-05-08,2025-06-01,4,"quantile",0.1,79253.2641440609
"4924","DE","00-04",2025-05-08,2025-06-01,4,"quantile",0.25,92756.1290062478
"4925","DE","00-04",2025-05-08,2025-06-01,4,"quantile",0.5,110473.257448022
"4926","DE","00-04",2025-05-08,2025-06-01,4,"quantile",0.75,131574.492617679
"4927","DE","00-04",2025-05-08,2025-06-01,4,"quantile",0.9,153991.646186242
"4928","DE","00-04",2025-05-08,2025-06-01,4,"quantile",0.975,183591.768890754
"4929","DE","05-14",2025-05-08,2025-05-11,1,"quantile",0.025,46451.9689305719
"4930","DE","05-14",2025-05-08,2025-05-11,1,"quantile",0.1,56722.7953440275
"4931","DE","05-14",2025-05-08,2025-05-11,1,"quantile",0.25,67824.563274527
"4932","DE","05-14",2025-05-08,2025-05-11,1,"quantile",0.5,82725.4016027607
"4933","DE","05-14",2025-05-08,2025-05-11,1,"quantile",0.75,100899.906168777
"4934","DE","05-14",2025-05-08,2025-05-11,1,"quantile",0.9,120648.00454265
"4935","DE","05-14",2025-05-08,2025-05-11,1,"quantile",0.975,147324.047352362
"4936","DE","05-14",2025-05-08,2025-05-18,2,"quantile",0.025,39609.6300904743
"4937","DE","05-14",2025-05-08,2025-05-18,2,"quantile",0.1,49645.2364309479
"4938","DE","05-14",2025-05-08,2025-05-18,2,"quantile",0.25,60763.0211032975
"4939","DE","05-14",2025-05-08,2025-05-18,2,"quantile",0.5,76058.7287900665
"4940","DE","05-14",2025-05-08,2025-05-18,2,"quantile",0.75,95204.7827794223
"4941","DE","05-14",2025-05-08,2025-05-18,2,"quantile",0.9,116525.383723516
"4942","DE","05-14",2025-05-08,2025-05-18,2,"quantile",0.975,146048.579902091
"4943","DE","05-14",2025-05-08,2025-05-25,3,"quantile",0.025,35656.6132867368
"4944","DE","05-14",2025-05-08,2025-05-25,3,"quantile",0.1,44927.8835975056
"4945","DE","05-14",2025-05-08,2025-05-25,3,"quantile",0.25,55250.3469103658
"4946","DE","05-14",2025-05-08,2025-05-25,3,"quantile",0.5,69523.3183639852
"4947","DE","05-14",2025-05-08,2025-05-25,3,"quantile",0.75,87483.465111659
"4948","DE","05-14",2025-05-08,2025-05-25,3,"quantile",0.9,107583.340440465
"4949","DE","05-14",2025-05-08,2025-05-25,3,"quantile",0.975,135556.67100156
"4950","DE","05-14",2025-05-08,2025-06-01,4,"quantile",0.025,34045.801210077
"4951","DE","05-14",2025-05-08,2025-06-01,4,"quantile",0.1,43147.4531465393
"4952","DE","05-14",2025-05-08,2025-06-01,4,"quantile",0.25,53336.6044171725
"4953","DE","05-14",2025-05-08,2025-06-01,4,"quantile",0.5,67502.8388805672
"4954","DE","05-14",2025-05-08,2025-06-01,4,"quantile",0.75,85431.6338043586
"4955","DE","05-14",2025-05-08,2025-06-01,4,"quantile",0.9,105606.07694411
"4956","DE","05-14",2025-05-08,2025-06-01,4,"quantile",0.975,133838.332334124
"4957","DE","15-34",2025-05-08,2025-05-11,1,"quantile",0.025,96479.4420820581
"4958","DE","15-34",2025-05-08,2025-05-11,1,"quantile",0.1,114179.525896649
"4959","DE","15-34",2025-05-08,2025-05-11,1,"quantile",0.25,132754.095002925
"4960","DE","15-34",2025-05-08,2025-05-11,1,"quantile",0.5,156956.171092504
"4961","DE","15-34",2025-05-08,2025-05-11,1,"quantile",0.75,185570.468794025
"4962","DE","15-34",2025-05-08,2025-05-11,1,"quantile",0.9,215758.81884742
"4963","DE","15-34",2025-05-08,2025-05-11,1,"quantile",0.975,255341.85430992
"4964","DE","15-34",2025-05-08,2025-05-18,2,"quantile",0.025,86283.6997936606
"4965","DE","15-34",2025-05-08,2025-05-18,2,"quantile",0.1,104157.19701455
"4966","DE","15-34",2025-05-08,2025-05-18,2,"quantile",0.25,123268.132690528
"4967","DE","15-34",2025-05-08,2025-05-18,2,"quantile",0.5,148640.990995499
"4968","DE","15-34",2025-05-08,2025-05-18,2,"quantile",0.75,179236.463811718
"4969","DE","15-34",2025-05-08,2025-05-18,2,"quantile",0.9,212123.068183541
"4970","DE","15-34",2025-05-08,2025-05-18,2,"quantile",0.975,256063.940894515
"4971","DE","15-34",2025-05-08,2025-05-25,3,"quantile",0.025,75681.1597546996
"4972","DE","15-34",2025-05-08,2025-05-25,3,"quantile",0.1,92416.8964970851
"4973","DE","15-34",2025-05-08,2025-05-25,3,"quantile",0.25,110507.003243417
"4974","DE","15-34",2025-05-08,2025-05-25,3,"quantile",0.5,134788.153805095
"4975","DE","15-34",2025-05-08,2025-05-25,3,"quantile",0.75,164404.480014422
"4976","DE","15-34",2025-05-08,2025-05-25,3,"quantile",0.9,196585.766183558
"4977","DE","15-34",2025-05-08,2025-05-25,3,"quantile",0.975,240057.716677073
"4978","DE","15-34",2025-05-08,2025-06-01,4,"quantile",0.025,76928.1601084231
"4979","DE","15-34",2025-05-08,2025-06-01,4,"quantile",0.1,95647.0651978202
"4980","DE","15-34",2025-05-08,2025-06-01,4,"quantile",0.25,116227.804974562
"4981","DE","15-34",2025-05-08,2025-06-01,4,"quantile",0.5,144327.612996413
"4982","DE","15-34",2025-05-08,2025-06-01,4,"quantile",0.75,179220.969352397
"4983","DE","15-34",2025-05-08,2025-06-01,4,"quantile",0.9,217784.621307095
"4984","DE","15-34",2025-05-08,2025-06-01,4,"quantile",0.975,270778.084954634
"4985","DE","35-59",2025-05-08,2025-05-11,1,"quantile",0.025,110188.141803474
"4986","DE","35-59",2025-05-08,2025-05-11,1,"quantile",0.1,129446.678811106
"4987","DE","35-59",2025-05-08,2025-05-11,1,"quantile",0.25,149516.624620736
"4988","DE","35-59",2025-05-08,2025-05-11,1,"quantile",0.5,175485.421119348
"4989","DE","35-59",2025-05-08,2025-05-11,1,"quantile",0.75,205964.608307269
"4990","DE","35-59",2025-05-08,2025-05-11,1,"quantile",0.9,237898.208808991
"4991","DE","35-59",2025-05-08,2025-05-11,1,"quantile",0.975,279477.741628129
"4992","DE","35-59",2025-05-08,2025-05-18,2,"quantile",0.025,89928.1552216482
"4993","DE","35-59",2025-05-08,2025-05-18,2,"quantile",0.1,108138.410367742
"4994","DE","35-59",2025-05-08,2025-05-18,2,"quantile",0.25,127538.58077229
"4995","DE","35-59",2025-05-08,2025-05-18,2,"quantile",0.5,153201.429921997
"4996","DE","35-59",2025-05-08,2025-05-18,2,"quantile",0.75,184028.064198468
"4997","DE","35-59",2025-05-08,2025-05-18,2,"quantile",0.9,217042.936458272
"4998","DE","35-59",2025-05-08,2025-05-18,2,"quantile",0.975,260993.657351201
"4999","DE","35-59",2025-05-08,2025-05-25,3,"quantile",0.025,76233.9145256902
"5000","DE","35-59",2025-05-08,2025-05-25,3,"quantile",0.1,93592.5458955877
"5001","DE","35-59",2025-05-08,2025-05-25,3,"quantile",0.25,112451.208623081
"5002","DE","35-59",2025-05-08,2025-05-25,3,"quantile",0.5,137892.936507982
"5003","DE","35-59",2025-05-08,2025-05-25,3,"quantile",0.75,169090.774315533
"5004","DE","35-59",2025-05-08,2025-05-25,3,"quantile",0.9,203162.140284194
"5005","DE","35-59",2025-05-08,2025-05-25,3,"quantile",0.975,249422.610095492
"5006","DE","35-59",2025-05-08,2025-06-01,4,"quantile",0.025,74972.1246879873
"5007","DE","35-59",2025-05-08,2025-06-01,4,"quantile",0.1,94710.3807694478
"5008","DE","35-59",2025-05-08,2025-06-01,4,"quantile",0.25,116740.226603945
"5009","DE","35-59",2025-05-08,2025-06-01,4,"quantile",0.5,147275.81087086
"5010","DE","35-59",2025-05-08,2025-06-01,4,"quantile",0.75,185798.546898969
"5011","DE","35-59",2025-05-08,2025-06-01,4,"quantile",0.9,229015.703362753
"5012","DE","35-59",2025-05-08,2025-06-01,4,"quantile",0.975,289309.72088543
"5013","DE","60+",2025-05-08,2025-05-11,1,"quantile",0.025,51545.304824697
"5014","DE","60+",2025-05-08,2025-05-11,1,"quantile",0.1,59492.5520661431
"5015","DE","60+",2025-05-08,2025-05-11,1,"quantile",0.25,67637.352993404
"5016","DE","60+",2025-05-08,2025-05-11,1,"quantile",0.5,78000.9723742195
"5017","DE","60+",2025-05-08,2025-05-11,1,"quantile",0.75,89952.539862361
"5018","DE","60+",2025-05-08,2025-05-11,1,"quantile",0.9,102267.451639316
"5019","DE","60+",2025-05-08,2025-05-11,1,"quantile",0.975,118035.031745678
"5020","DE","60+",2025-05-08,2025-05-18,2,"quantile",0.025,41826.7285958252
"5021","DE","60+",2025-05-08,2025-05-18,2,"quantile",0.1,48548.7510085444
"5022","DE","60+",2025-05-08,2025-05-18,2,"quantile",0.25,55474.7043698917
"5023","DE","60+",2025-05-08,2025-05-18,2,"quantile",0.5,64334.6460809353
"5024","DE","60+",2025-05-08,2025-05-18,2,"quantile",0.75,74609.6213287002
"5025","DE","60+",2025-05-08,2025-05-18,2,"quantile",0.9,85253.4122995414
"5026","DE","60+",2025-05-08,2025-05-18,2,"quantile",0.975,98954.5877793637
"5027","DE","60+",2025-05-08,2025-05-25,3,"quantile",0.025,36808.5918090407
"5028","DE","60+",2025-05-08,2025-05-25,3,"quantile",0.1,43669.4112454212
"5029","DE","60+",2025-05-08,2025-05-25,3,"quantile",0.25,50886.0432005031
"5030","DE","60+",2025-05-08,2025-05-25,3,"quantile",0.5,60311.1513682576
"5031","DE","60+",2025-05-08,2025-05-25,3,"quantile",0.75,71481.9771903374
"5032","DE","60+",2025-05-08,2025-05-25,3,"quantile",0.9,83294.8023714488
"5033","DE","60+",2025-05-08,2025-05-25,3,"quantile",0.975,98820.2699585884
"5034","DE","60+",2025-05-08,2025-06-01,4,"quantile",0.025,35343.7773971195
"5035","DE","60+",2025-05-08,2025-06-01,4,"quantile",0.1,43014.6261922753
"5036","DE","60+",2025-05-08,2025-06-01,4,"quantile",0.25,51279.9695788953
"5037","DE","60+",2025-05-08,2025-06-01,4,"quantile",0.5,62338.6961639192
"5038","DE","60+",2025-05-08,2025-06-01,4,"quantile",0.75,75782.280514784
"5039","DE","60+",2025-05-08,2025-06-01,4,"quantile",0.9,90343.9918795649
"5040","DE","60+",2025-05-08,2025-06-01,4,"quantile",0.975,109951.83100418
