"","location","age_group","forecast_date","target_end_date","horizon","type","quantile","value"
"1","DE","00+",2024-10-17,2024-10-20,1,"quantile",0.025,1108420.24107796
"2","DE","00+",2024-10-17,2024-10-20,1,"quantile",0.1,1274637.79994667
"3","DE","00+",2024-10-17,2024-10-20,1,"quantile",0.25,1444398.40667314
"4","DE","00+",2024-10-17,2024-10-20,1,"quantile",0.5,1659657.50086447
"5","DE","00+",2024-10-17,2024-10-20,1,"quantile",0.75,1906996.71742232
"6","DE","00+",2024-10-17,2024-10-20,1,"quantile",0.9,2160977.04013717
"7","DE","00+",2024-10-17,2024-10-20,1,"quantile",0.975,2485034.93358884
"8","DE","00+",2024-10-17,2024-10-27,2,"quantile",0.025,1094446.07030983
"9","DE","00+",2024-10-17,2024-10-27,2,"quantile",0.1,1298076.61210772
"10","DE","00+",2024-10-17,2024-10-27,2,"quantile",0.25,1512210.83423657
"11","DE","00+",2024-10-17,2024-10-27,2,"quantile",0.5,1791801.1619186
"12","DE","00+",2024-10-17,2024-10-27,2,"quantile",0.75,2123084.51385594
"13","DE","00+",2024-10-17,2024-10-27,2,"quantile",0.9,2473314.26659
"14","DE","00+",2024-10-17,2024-10-27,2,"quantile",0.975,2933494.3867485
"15","DE","00+",2024-10-17,2024-11-03,3,"quantile",0.025,1172109.35712672
"16","DE","00+",2024-10-17,2024-11-03,3,"quantile",0.1,1418587.62880231
"17","DE","00+",2024-10-17,2024-11-03,3,"quantile",0.25,1682777.23438647
"18","DE","00+",2024-10-17,2024-11-03,3,"quantile",0.5,2034395.53378259
"19","DE","00+",2024-10-17,2024-11-03,3,"quantile",0.75,2459484.89396075
"20","DE","00+",2024-10-17,2024-11-03,3,"quantile",0.9,2917525.22286469
"21","DE","00+",2024-10-17,2024-11-03,3,"quantile",0.975,3531040.13948002
"22","DE","00+",2024-10-17,2024-11-10,4,"quantile",0.025,984694.853101635
"23","DE","00+",2024-10-17,2024-11-10,4,"quantile",0.1,1224305.91679564
"24","DE","00+",2024-10-17,2024-11-10,4,"quantile",0.25,1487750.49940621
"25","DE","00+",2024-10-17,2024-11-10,4,"quantile",0.5,1847444.76805151
"26","DE","00+",2024-10-17,2024-11-10,4,"quantile",0.75,2294102.5207944
"27","DE","00+",2024-10-17,2024-11-10,4,"quantile",0.9,2787744.56953851
"28","DE","00+",2024-10-17,2024-11-10,4,"quantile",0.975,3466101.36150334
"29","DE","00-04",2024-10-17,2024-10-20,1,"quantile",0.025,125744.386879239
"30","DE","00-04",2024-10-17,2024-10-20,1,"quantile",0.1,143217.089068905
"31","DE","00-04",2024-10-17,2024-10-20,1,"quantile",0.25,160900.781040558
"32","DE","00-04",2024-10-17,2024-10-20,1,"quantile",0.5,183120.793067786
"33","DE","00-04",2024-10-17,2024-10-20,1,"quantile",0.75,208409.33547316
"34","DE","00-04",2024-10-17,2024-10-20,1,"quantile",0.9,234142.62272599
"35","DE","00-04",2024-10-17,2024-10-20,1,"quantile",0.975,266677.7077372
"36","DE","00-04",2024-10-17,2024-10-27,2,"quantile",0.025,136231.514215238
"37","DE","00-04",2024-10-17,2024-10-27,2,"quantile",0.1,157746.234004499
"38","DE","00-04",2024-10-17,2024-10-27,2,"quantile",0.25,179863.423871767
"39","DE","00-04",2024-10-17,2024-10-27,2,"quantile",0.5,208092.322859854
"40","DE","00-04",2024-10-17,2024-10-27,2,"quantile",0.75,240751.643113843
"41","DE","00-04",2024-10-17,2024-10-27,2,"quantile",0.9,274506.805861207
"42","DE","00-04",2024-10-17,2024-10-27,2,"quantile",0.975,317859.014359879
"43","DE","00-04",2024-10-17,2024-11-03,3,"quantile",0.025,139948.669006276
"44","DE","00-04",2024-10-17,2024-11-03,3,"quantile",0.1,164482.670572014
"45","DE","00-04",2024-10-17,2024-11-03,3,"quantile",0.25,190061.214891679
"46","DE","00-04",2024-10-17,2024-11-03,3,"quantile",0.5,223171.76741599
"47","DE","00-04",2024-10-17,2024-11-03,3,"quantile",0.75,262050.507253478
"48","DE","00-04",2024-10-17,2024-11-03,3,"quantile",0.9,302801.733449306
"49","DE","00-04",2024-10-17,2024-11-03,3,"quantile",0.975,355885.040745499
"50","DE","00-04",2024-10-17,2024-11-10,4,"quantile",0.025,143107.467052957
"51","DE","00-04",2024-10-17,2024-11-10,4,"quantile",0.1,170615.443554333
"52","DE","00-04",2024-10-17,2024-11-10,4,"quantile",0.25,199684.243465572
"53","DE","00-04",2024-10-17,2024-11-10,4,"quantile",0.5,237825.457713956
"54","DE","00-04",2024-10-17,2024-11-10,4,"quantile",0.75,283251.934930984
"55","DE","00-04",2024-10-17,2024-11-10,4,"quantile",0.9,331511.304947262
"56","DE","00-04",2024-10-17,2024-11-10,4,"quantile",0.975,395234.081782207
"57","DE","05-14",2024-10-17,2024-10-20,1,"quantile",0.025,84312.5085663279
"58","DE","05-14",2024-10-17,2024-10-20,1,"quantile",0.1,102954.541614744
"59","DE","05-14",2024-10-17,2024-10-20,1,"quantile",0.25,123104.772601522
"60","DE","05-14",2024-10-17,2024-10-20,1,"quantile",0.5,150150.49505674
"61","DE","05-14",2024-10-17,2024-10-20,1,"quantile",0.75,183138.075716696
"62","DE","05-14",2024-10-17,2024-10-20,1,"quantile",0.9,218981.803154911
"63","DE","05-14",2024-10-17,2024-10-20,1,"quantile",0.975,267400.075613312
"64","DE","05-14",2024-10-17,2024-10-27,2,"quantile",0.025,90870.4534164885
"65","DE","05-14",2024-10-17,2024-10-27,2,"quantile",0.1,113893.644907679
"66","DE","05-14",2024-10-17,2024-10-27,2,"quantile",0.25,139399.51638024
"67","DE","05-14",2024-10-17,2024-10-27,2,"quantile",0.5,174490.172103304
"68","DE","05-14",2024-10-17,2024-10-27,2,"quantile",0.75,218414.101793517
"69","DE","05-14",2024-10-17,2024-10-27,2,"quantile",0.9,267326.76950782
"70","DE","05-14",2024-10-17,2024-10-27,2,"quantile",0.975,335057.425333767
"71","DE","05-14",2024-10-17,2024-11-03,3,"quantile",0.025,94642.5366838628
"72","DE","05-14",2024-10-17,2024-11-03,3,"quantile",0.1,119251.058346781
"73","DE","05-14",2024-10-17,2024-11-03,3,"quantile",0.25,146649.737657656
"74","DE","05-14",2024-10-17,2024-11-03,3,"quantile",0.5,184534.160766605
"75","DE","05-14",2024-10-17,2024-11-03,3,"quantile",0.75,232205.369295165
"76","DE","05-14",2024-10-17,2024-11-03,3,"quantile",0.9,285556.010671283
"77","DE","05-14",2024-10-17,2024-11-03,3,"quantile",0.975,359804.98497819
"78","DE","05-14",2024-10-17,2024-11-10,4,"quantile",0.025,97853.7195966876
"79","DE","05-14",2024-10-17,2024-11-10,4,"quantile",0.1,124013.494511711
"80","DE","05-14",2024-10-17,2024-11-10,4,"quantile",0.25,153298.936942998
"81","DE","05-14",2024-10-17,2024-11-10,4,"quantile",0.5,194015.227517815
"82","DE","05-14",2024-10-17,2024-11-10,4,"quantile",0.75,245545.789549645
"83","DE","05-14",2024-10-17,2024-11-10,4,"quantile",0.9,303530.746045022
"84","DE","05-14",2024-10-17,2024-11-10,4,"quantile",0.975,384675.295573168
"85","DE","15-34",2024-10-17,2024-10-20,1,"quantile",0.025,251107.35309467
"86","DE","15-34",2024-10-17,2024-10-20,1,"quantile",0.1,297175.417962368
"87","DE","15-34",2024-10-17,2024-10-20,1,"quantile",0.25,345519.5085012
"88","DE","15-34",2024-10-17,2024-10-20,1,"quantile",0.5,408510.329499949
"89","DE","15-34",2024-10-17,2024-10-20,1,"quantile",0.75,482984.853827947
"90","DE","15-34",2024-10-17,2024-10-20,1,"quantile",0.9,561556.169256532
"91","DE","15-34",2024-10-17,2024-10-20,1,"quantile",0.975,664579.062506548
"92","DE","15-34",2024-10-17,2024-10-27,2,"quantile",0.025,260847.040507127
"93","DE","15-34",2024-10-17,2024-10-27,2,"quantile",0.1,314880.987414026
"94","DE","15-34",2024-10-17,2024-10-27,2,"quantile",0.25,372655.874493766
"95","DE","15-34",2024-10-17,2024-10-27,2,"quantile",0.5,449361.382183928
"96","DE","15-34",2024-10-17,2024-10-27,2,"quantile",0.75,541855.544535708
"97","DE","15-34",2024-10-17,2024-10-27,2,"quantile",0.9,641276.100715301
"98","DE","15-34",2024-10-17,2024-10-27,2,"quantile",0.975,774115.172653197
"99","DE","15-34",2024-10-17,2024-11-03,3,"quantile",0.025,260376.000684535
"100","DE","15-34",2024-10-17,2024-11-03,3,"quantile",0.1,317954.19076005
"101","DE","15-34",2024-10-17,2024-11-03,3,"quantile",0.25,380192.000828411
"102","DE","15-34",2024-10-17,2024-11-03,3,"quantile",0.5,463729.685712742
"103","DE","15-34",2024-10-17,2024-11-03,3,"quantile",0.75,565622.687859477
"104","DE","15-34",2024-10-17,2024-11-03,3,"quantile",0.9,676340.264291487
"105","DE","15-34",2024-10-17,2024-11-03,3,"quantile",0.975,825902.621001472
"106","DE","15-34",2024-10-17,2024-11-10,4,"quantile",0.025,263062.965031613
"107","DE","15-34",2024-10-17,2024-11-10,4,"quantile",0.1,327073.993867111
"108","DE","15-34",2024-10-17,2024-11-10,4,"quantile",0.25,397451.738773309
"109","DE","15-34",2024-10-17,2024-11-10,4,"quantile",0.5,493541.633613232
"110","DE","15-34",2024-10-17,2024-11-10,4,"quantile",0.75,612862.695887081
"111","DE","15-34",2024-10-17,2024-11-10,4,"quantile",0.9,744734.673734362
"112","DE","15-34",2024-10-17,2024-11-10,4,"quantile",0.975,925950.728489455
"113","DE","35-59",2024-10-17,2024-10-20,1,"quantile",0.025,341027.120456181
"114","DE","35-59",2024-10-17,2024-10-20,1,"quantile",0.1,400631.387416461
"115","DE","35-59",2024-10-17,2024-10-20,1,"quantile",0.25,462746.926485784
"116","DE","35-59",2024-10-17,2024-10-20,1,"quantile",0.5,543119.131213852
"117","DE","35-59",2024-10-17,2024-10-20,1,"quantile",0.75,637450.783154043
"118","DE","35-59",2024-10-17,2024-10-20,1,"quantile",0.9,736283.775948527
"119","DE","35-59",2024-10-17,2024-10-20,1,"quantile",0.975,864970.475943104
"120","DE","35-59",2024-10-17,2024-10-27,2,"quantile",0.025,353551.164264498
"121","DE","35-59",2024-10-17,2024-10-27,2,"quantile",0.1,425144.503331518
"122","DE","35-59",2024-10-17,2024-10-27,2,"quantile",0.25,501415.976003809
"123","DE","35-59",2024-10-17,2024-10-27,2,"quantile",0.5,602309.074198254
"124","DE","35-59",2024-10-17,2024-10-27,2,"quantile",0.75,723503.514492728
"125","DE","35-59",2024-10-17,2024-10-27,2,"quantile",0.9,853300.978887813
"126","DE","35-59",2024-10-17,2024-10-27,2,"quantile",0.975,1026092.56461155
"127","DE","35-59",2024-10-17,2024-11-03,3,"quantile",0.025,351064.852613574
"128","DE","35-59",2024-10-17,2024-11-03,3,"quantile",0.1,431003.097964896
"129","DE","35-59",2024-10-17,2024-11-03,3,"quantile",0.25,517849.138760628
"130","DE","35-59",2024-10-17,2024-11-03,3,"quantile",0.5,635010.857474909
"131","DE","35-59",2024-10-17,2024-11-03,3,"quantile",0.75,778680.041983063
"132","DE","35-59",2024-10-17,2024-11-03,3,"quantile",0.9,935582.113017344
"133","DE","35-59",2024-10-17,2024-11-03,3,"quantile",0.975,1148616.23460459
"134","DE","35-59",2024-10-17,2024-11-10,4,"quantile",0.025,348535.109585619
"135","DE","35-59",2024-10-17,2024-11-10,4,"quantile",0.1,440295.550883118
"136","DE","35-59",2024-10-17,2024-11-10,4,"quantile",0.25,542709.278172228
"137","DE","35-59",2024-10-17,2024-11-10,4,"quantile",0.5,684665.015094746
"138","DE","35-59",2024-10-17,2024-11-10,4,"quantile",0.75,863751.923448647
"139","DE","35-59",2024-10-17,2024-11-10,4,"quantile",0.9,1064662.54758756
"140","DE","35-59",2024-10-17,2024-11-10,4,"quantile",0.975,1344961.15313035
"141","DE","60+",2024-10-17,2024-10-20,1,"quantile",0.025,112122.197032399
"142","DE","60+",2024-10-17,2024-10-20,1,"quantile",0.1,129409.180281427
"143","DE","60+",2024-10-17,2024-10-20,1,"quantile",0.25,147125.885565484
"144","DE","60+",2024-10-17,2024-10-20,1,"quantile",0.5,169669.001337841
"145","DE","60+",2024-10-17,2024-10-20,1,"quantile",0.75,195666.248018383
"146","DE","60+",2024-10-17,2024-10-20,1,"quantile",0.9,222453.847187469
"147","DE","60+",2024-10-17,2024-10-20,1,"quantile",0.975,256751.747440891
"148","DE","60+",2024-10-17,2024-10-27,2,"quantile",0.025,118355.96284542
"149","DE","60+",2024-10-17,2024-10-27,2,"quantile",0.1,137377.087892366
"150","DE","60+",2024-10-17,2024-10-27,2,"quantile",0.25,156975.270830024
"151","DE","60+",2024-10-17,2024-10-27,2,"quantile",0.5,182046.008302653
"152","DE","60+",2024-10-17,2024-10-27,2,"quantile",0.75,211120.827909355
"153","DE","60+",2024-10-17,2024-10-27,2,"quantile",0.9,241239.275394273
"154","DE","60+",2024-10-17,2024-10-27,2,"quantile",0.975,280009.121147648
"155","DE","60+",2024-10-17,2024-11-03,3,"quantile",0.025,112126.42996606
"156","DE","60+",2024-10-17,2024-11-03,3,"quantile",0.1,133025.87632451
"157","DE","60+",2024-10-17,2024-11-03,3,"quantile",0.25,155009.199720858
"158","DE","60+",2024-10-17,2024-11-03,3,"quantile",0.5,183719.989211987
"159","DE","60+",2024-10-17,2024-11-03,3,"quantile",0.75,217748.588450463
"160","DE","60+",2024-10-17,2024-11-03,3,"quantile",0.9,253732.847838671
"161","DE","60+",2024-10-17,2024-11-03,3,"quantile",0.975,301026.568368131
"162","DE","60+",2024-10-17,2024-11-10,4,"quantile",0.025,110335.503721077
"163","DE","60+",2024-10-17,2024-11-10,4,"quantile",0.1,134282.207444112
"164","DE","60+",2024-10-17,2024-11-10,4,"quantile",0.25,160084.792599164
"165","DE","60+",2024-10-17,2024-11-10,4,"quantile",0.5,194607.706054694
"166","DE","60+",2024-10-17,2024-11-10,4,"quantile",0.75,236575.621212804
"167","DE","60+",2024-10-17,2024-11-10,4,"quantile",0.9,282034.083120302
"168","DE","60+",2024-10-17,2024-11-10,4,"quantile",0.975,343245.446647974
"169","DE","00+",2024-10-24,2024-10-27,1,"quantile",0.025,1056087.46864204
"170","DE","00+",2024-10-24,2024-10-27,1,"quantile",0.1,1214457.25880284
"171","DE","00+",2024-10-24,2024-10-27,1,"quantile",0.25,1376202.81593787
"172","DE","00+",2024-10-24,2024-10-27,1,"quantile",0.5,1581298.70237316
"173","DE","00+",2024-10-24,2024-10-27,1,"quantile",0.75,1816960.08551106
"174","DE","00+",2024-10-24,2024-10-27,1,"quantile",0.9,2058949.02270329
"175","DE","00+",2024-10-24,2024-10-27,1,"quantile",0.975,2367706.89963995
"176","DE","00+",2024-10-24,2024-11-03,2,"quantile",0.025,973038.973466485
"177","DE","00+",2024-10-24,2024-11-03,2,"quantile",0.1,1154080.74311837
"178","DE","00+",2024-10-24,2024-11-03,2,"quantile",0.25,1344461.0179777
"179","DE","00+",2024-10-24,2024-11-03,2,"quantile",0.5,1593036.34098275
"180","DE","00+",2024-10-24,2024-11-03,2,"quantile",0.75,1887570.37188699
"181","DE","00+",2024-10-24,2024-11-03,2,"quantile",0.9,2198949.07598457
"182","DE","00+",2024-10-24,2024-11-03,2,"quantile",0.975,2608081.33373204
"183","DE","00+",2024-10-24,2024-11-10,3,"quantile",0.025,975893.329388949
"184","DE","00+",2024-10-24,2024-11-10,3,"quantile",0.1,1181110.10349369
"185","DE","00+",2024-10-24,2024-11-10,3,"quantile",0.25,1401073.25984583
"186","DE","00+",2024-10-24,2024-11-10,3,"quantile",0.5,1693829.17957754
"187","DE","00+",2024-10-24,2024-11-10,3,"quantile",0.75,2047756.79603221
"188","DE","00+",2024-10-24,2024-11-10,3,"quantile",0.9,2429119.2506962
"189","DE","00+",2024-10-24,2024-11-10,3,"quantile",0.975,2939929.19429499
"190","DE","00+",2024-10-24,2024-11-17,4,"quantile",0.025,841236.567643777
"191","DE","00+",2024-10-24,2024-11-17,4,"quantile",0.1,1045939.15967673
"192","DE","00+",2024-10-24,2024-11-17,4,"quantile",0.25,1271003.01142898
"193","DE","00+",2024-10-24,2024-11-17,4,"quantile",0.5,1578294.1189261
"194","DE","00+",2024-10-24,2024-11-17,4,"quantile",0.75,1959879.16900061
"195","DE","00+",2024-10-24,2024-11-17,4,"quantile",0.9,2381603.46401658
"196","DE","00+",2024-10-24,2024-11-17,4,"quantile",0.975,2961131.76916904
"197","DE","00-04",2024-10-24,2024-10-27,1,"quantile",0.025,158587.801994883
"198","DE","00-04",2024-10-24,2024-10-27,1,"quantile",0.1,180624.232438744
"199","DE","00-04",2024-10-24,2024-10-27,1,"quantile",0.25,202926.761486282
"200","DE","00-04",2024-10-24,2024-10-27,1,"quantile",0.5,230950.460636226
"201","DE","00-04",2024-10-24,2024-10-27,1,"quantile",0.75,262844.165438924
"202","DE","00-04",2024-10-24,2024-10-27,1,"quantile",0.9,295298.778840065
"203","DE","00-04",2024-10-24,2024-10-27,1,"quantile",0.975,336331.76446828
"204","DE","00-04",2024-10-24,2024-11-03,2,"quantile",0.025,158955.89576985
"205","DE","00-04",2024-10-24,2024-11-03,2,"quantile",0.1,184059.423217515
"206","DE","00-04",2024-10-24,2024-11-03,2,"quantile",0.25,209865.917019741
"207","DE","00-04",2024-10-24,2024-11-03,2,"quantile",0.5,242803.596315872
"208","DE","00-04",2024-10-24,2024-11-03,2,"quantile",0.75,280910.722527545
"209","DE","00-04",2024-10-24,2024-11-03,2,"quantile",0.9,320296.485522786
"210","DE","00-04",2024-10-24,2024-11-03,2,"quantile",0.975,370880.149480453
"211","DE","00-04",2024-10-24,2024-11-10,3,"quantile",0.025,157638.642126887
"212","DE","00-04",2024-10-24,2024-11-10,3,"quantile",0.1,185273.822369925
"213","DE","00-04",2024-10-24,2024-11-10,3,"quantile",0.25,214085.579014454
"214","DE","00-04",2024-10-24,2024-11-10,3,"quantile",0.5,251381.414530898
"215","DE","00-04",2024-10-24,2024-11-10,3,"quantile",0.75,295174.555252452
"216","DE","00-04",2024-10-24,2024-11-10,3,"quantile",0.9,341076.870780925
"217","DE","00-04",2024-10-24,2024-11-10,3,"quantile",0.975,400870.083115091
"218","DE","00-04",2024-10-24,2024-11-17,4,"quantile",0.025,154733.560425226
"219","DE","00-04",2024-10-24,2024-11-17,4,"quantile",0.1,184476.293154723
"220","DE","00-04",2024-10-24,2024-11-17,4,"quantile",0.25,215906.651054147
"221","DE","00-04",2024-10-24,2024-11-17,4,"quantile",0.5,257146.468941567
"222","DE","00-04",2024-10-24,2024-11-17,4,"quantile",0.75,306263.406737447
"223","DE","00-04",2024-10-24,2024-11-17,4,"quantile",0.9,358443.382389827
"224","DE","00-04",2024-10-24,2024-11-17,4,"quantile",0.975,427343.016650033
"225","DE","05-14",2024-10-24,2024-10-27,1,"quantile",0.025,105479.066261838
"226","DE","05-14",2024-10-24,2024-10-27,1,"quantile",0.1,128801.160131485
"227","DE","05-14",2024-10-24,2024-10-27,1,"quantile",0.25,154010.083286387
"228","DE","05-14",2024-10-24,2024-10-27,1,"quantile",0.5,187845.603062305
"229","DE","05-14",2024-10-24,2024-10-27,1,"quantile",0.75,229114.677668381
"230","DE","05-14",2024-10-24,2024-10-27,1,"quantile",0.9,273956.931395804
"231","DE","05-14",2024-10-24,2024-10-27,1,"quantile",0.975,334530.555117433
"232","DE","05-14",2024-10-24,2024-11-03,2,"quantile",0.025,102392.754897194
"233","DE","05-14",2024-10-24,2024-11-03,2,"quantile",0.1,128335.268824178
"234","DE","05-14",2024-10-24,2024-11-03,2,"quantile",0.25,157075.26458671
"235","DE","05-14",2024-10-24,2024-11-03,2,"quantile",0.5,196615.387647013
"236","DE","05-14",2024-10-24,2024-11-03,2,"quantile",0.75,246108.836813356
"237","DE","05-14",2024-10-24,2024-11-03,2,"quantile",0.9,301223.592031798
"238","DE","05-14",2024-10-24,2024-11-03,2,"quantile",0.975,377542.441341666
"239","DE","05-14",2024-10-24,2024-11-10,3,"quantile",0.025,108087.908591899
"240","DE","05-14",2024-10-24,2024-11-10,3,"quantile",0.1,136192.4346674
"241","DE","05-14",2024-10-24,2024-11-10,3,"quantile",0.25,167483.501545552
"242","DE","05-14",2024-10-24,2024-11-10,3,"quantile",0.5,210749.96719128
"243","DE","05-14",2024-10-24,2024-11-10,3,"quantile",0.75,265193.575852278
"244","DE","05-14",2024-10-24,2024-11-10,3,"quantile",0.9,326123.464784178
"245","DE","05-14",2024-10-24,2024-11-10,3,"quantile",0.975,410920.603883849
"246","DE","05-14",2024-10-24,2024-11-17,4,"quantile",0.025,110276.753181424
"247","DE","05-14",2024-10-24,2024-11-17,4,"quantile",0.1,139757.646227448
"248","DE","05-14",2024-10-24,2024-11-17,4,"quantile",0.25,172761.026376048
"249","DE","05-14",2024-10-24,2024-11-17,4,"quantile",0.5,218646.459701305
"250","DE","05-14",2024-10-24,2024-11-17,4,"quantile",0.75,276719.091931388
"251","DE","05-14",2024-10-24,2024-11-17,4,"quantile",0.9,342065.537238029
"252","DE","05-14",2024-10-24,2024-11-17,4,"quantile",0.975,433511.805169536
"253","DE","15-34",2024-10-24,2024-10-27,1,"quantile",0.025,287434.134066793
"254","DE","15-34",2024-10-24,2024-10-27,1,"quantile",0.1,340166.697132709
"255","DE","15-34",2024-10-24,2024-10-27,1,"quantile",0.25,395504.550166574
"256","DE","15-34",2024-10-24,2024-10-27,1,"quantile",0.5,467608.022505377
"257","DE","15-34",2024-10-24,2024-10-27,1,"quantile",0.75,552856.50346955
"258","DE","15-34",2024-10-24,2024-10-27,1,"quantile",0.9,642794.443296385
"259","DE","15-34",2024-10-24,2024-10-27,1,"quantile",0.975,760721.281142546
"260","DE","15-34",2024-10-24,2024-11-03,2,"quantile",0.025,285171.273576954
"261","DE","15-34",2024-10-24,2024-11-03,2,"quantile",0.1,344243.937103719
"262","DE","15-34",2024-10-24,2024-11-03,2,"quantile",0.25,407406.387010234
"263","DE","15-34",2024-10-24,2024-11-03,2,"quantile",0.5,491264.755791584
"264","DE","15-34",2024-10-24,2024-11-03,2,"quantile",0.75,592384.086204574
"265","DE","15-34",2024-10-24,2024-11-03,2,"quantile",0.9,701075.70321638
"266","DE","15-34",2024-10-24,2024-11-03,2,"quantile",0.975,846302.144166839
"267","DE","15-34",2024-10-24,2024-11-10,3,"quantile",0.025,286328.33413721
"268","DE","15-34",2024-10-24,2024-11-10,3,"quantile",0.1,349645.487805809
"269","DE","15-34",2024-10-24,2024-11-10,3,"quantile",0.25,418086.69755775
"270","DE","15-34",2024-10-24,2024-11-10,3,"quantile",0.5,509950.794431983
"271","DE","15-34",2024-10-24,2024-11-10,3,"quantile",0.75,621999.729388401
"272","DE","15-34",2024-10-24,2024-11-10,3,"quantile",0.9,743752.806231668
"273","DE","15-34",2024-10-24,2024-11-10,3,"quantile",0.975,908222.42068853
"274","DE","15-34",2024-10-24,2024-11-17,4,"quantile",0.025,260242.982167252
"275","DE","15-34",2024-10-24,2024-11-17,4,"quantile",0.1,323567.825456166
"276","DE","15-34",2024-10-24,2024-11-17,4,"quantile",0.25,393191.134880941
"277","DE","15-34",2024-10-24,2024-11-17,4,"quantile",0.5,488250.965086513
"278","DE","15-34",2024-10-24,2024-11-17,4,"quantile",0.75,606292.929213921
"279","DE","15-34",2024-10-24,2024-11-17,4,"quantile",0.9,736751.265586529
"280","DE","15-34",2024-10-24,2024-11-17,4,"quantile",0.975,916024.720139063
"281","DE","35-59",2024-10-24,2024-10-27,1,"quantile",0.025,394822.093842649
"282","DE","35-59",2024-10-24,2024-10-27,1,"quantile",0.1,463828.574769253
"283","DE","35-59",2024-10-24,2024-10-27,1,"quantile",0.25,535742.465848382
"284","DE","35-59",2024-10-24,2024-10-27,1,"quantile",0.5,628792.901588033
"285","DE","35-59",2024-10-24,2024-10-27,1,"quantile",0.75,738004.8032246
"286","DE","35-59",2024-10-24,2024-10-27,1,"quantile",0.9,852428.105112308
"287","DE","35-59",2024-10-24,2024-10-27,1,"quantile",0.975,1001414.35662684
"288","DE","35-59",2024-10-24,2024-11-03,2,"quantile",0.025,397557.468502807
"289","DE","35-59",2024-10-24,2024-11-03,2,"quantile",0.1,478061.988125473
"290","DE","35-59",2024-10-24,2024-11-03,2,"quantile",0.25,563826.925875452
"291","DE","35-59",2024-10-24,2024-11-03,2,"quantile",0.5,677278.128309001
"292","DE","35-59",2024-10-24,2024-11-03,2,"quantile",0.75,813557.568882531
"293","DE","35-59",2024-10-24,2024-11-03,2,"quantile",0.9,959510.846876515
"294","DE","35-59",2024-10-24,2024-11-03,2,"quantile",0.975,1153809.69904356
"295","DE","35-59",2024-10-24,2024-11-10,3,"quantile",0.025,400307.464310845
"296","DE","35-59",2024-10-24,2024-11-10,3,"quantile",0.1,491458.361530593
"297","DE","35-59",2024-10-24,2024-11-10,3,"quantile",0.25,590485.985963969
"298","DE","35-59",2024-10-24,2024-11-10,3,"quantile",0.5,724081.560068446
"299","DE","35-59",2024-10-24,2024-11-10,3,"quantile",0.75,887902.707420303
"300","DE","35-59",2024-10-24,2024-11-10,3,"quantile",0.9,1066812.87097914
"301","DE","35-59",2024-10-24,2024-11-10,3,"quantile",0.975,1309728.52713042
"302","DE","35-59",2024-10-24,2024-11-17,4,"quantile",0.025,368263.345055426
"303","DE","35-59",2024-10-24,2024-11-17,4,"quantile",0.1,465217.729639966
"304","DE","35-59",2024-10-24,2024-11-17,4,"quantile",0.25,573428.411301054
"305","DE","35-59",2024-10-24,2024-11-17,4,"quantile",0.5,723419.310614031
"306","DE","35-59",2024-10-24,2024-11-17,4,"quantile",0.75,912643.127992007
"307","DE","35-59",2024-10-24,2024-11-17,4,"quantile",0.9,1124925.95536781
"308","DE","35-59",2024-10-24,2024-11-17,4,"quantile",0.975,1421090.38544283
"309","DE","60+",2024-10-24,2024-10-27,1,"quantile",0.025,119492.973410141
"310","DE","60+",2024-10-24,2024-10-27,1,"quantile",0.1,137916.381837652
"311","DE","60+",2024-10-24,2024-10-27,1,"quantile",0.25,156797.761702259
"312","DE","60+",2024-10-24,2024-10-27,1,"quantile",0.5,180822.834389602
"313","DE","60+",2024-10-24,2024-10-27,1,"quantile",0.75,208529.10833496
"314","DE","60+",2024-10-24,2024-10-27,1,"quantile",0.9,237077.691576761
"315","DE","60+",2024-10-24,2024-10-27,1,"quantile",0.975,273630.293929188
"316","DE","60+",2024-10-24,2024-11-03,2,"quantile",0.025,125603.225389529
"317","DE","60+",2024-10-24,2024-11-03,2,"quantile",0.1,145789.066465861
"318","DE","60+",2024-10-24,2024-11-03,2,"quantile",0.25,166587.300281582
"319","DE","60+",2024-10-24,2024-11-03,2,"quantile",0.5,193193.188263492
"320","DE","60+",2024-10-24,2024-11-03,2,"quantile",0.75,224048.339389169
"321","DE","60+",2024-10-24,2024-11-03,2,"quantile",0.9,256011.022610898
"322","DE","60+",2024-10-24,2024-11-03,2,"quantile",0.975,297154.853115141
"323","DE","60+",2024-10-24,2024-11-10,3,"quantile",0.025,130634.689243912
"324","DE","60+",2024-10-24,2024-11-10,3,"quantile",0.1,154983.923240145
"325","DE","60+",2024-10-24,2024-11-10,3,"quantile",0.25,180595.945501976
"326","DE","60+",2024-10-24,2024-11-10,3,"quantile",0.5,214045.909656336
"327","DE","60+",2024-10-24,2024-11-10,3,"quantile",0.75,253691.473046426
"328","DE","60+",2024-10-24,2024-11-10,3,"quantile",0.9,295615.50954945
"329","DE","60+",2024-10-24,2024-11-10,3,"quantile",0.975,350715.814503639
"330","DE","60+",2024-10-24,2024-11-17,4,"quantile",0.025,127427.732149876
"331","DE","60+",2024-10-24,2024-11-17,4,"quantile",0.1,155084.053505922
"332","DE","60+",2024-10-24,2024-11-17,4,"quantile",0.25,184883.753502981
"333","DE","60+",2024-10-24,2024-11-17,4,"quantile",0.5,224754.660151176
"334","DE","60+",2024-10-24,2024-11-17,4,"quantile",0.75,273223.884211416
"335","DE","60+",2024-10-24,2024-11-17,4,"quantile",0.9,325724.38053885
"336","DE","60+",2024-10-24,2024-11-17,4,"quantile",0.975,396418.082684363
"337","DE","00+",2024-10-31,2024-11-03,1,"quantile",0.025,979598.132047997
"338","DE","00+",2024-10-31,2024-11-03,1,"quantile",0.1,1126497.65999509
"339","DE","00+",2024-10-31,2024-11-03,1,"quantile",0.25,1276528.45795568
"340","DE","00+",2024-10-31,2024-11-03,1,"quantile",0.5,1466769.84724238
"341","DE","00+",2024-10-31,2024-11-03,1,"quantile",0.75,1685362.96341161
"342","DE","00+",2024-10-31,2024-11-03,1,"quantile",0.9,1909825.34734142
"343","DE","00+",2024-10-31,2024-11-03,1,"quantile",0.975,2196220.79135816
"344","DE","00+",2024-10-31,2024-11-10,2,"quantile",0.025,928415.314475963
"345","DE","00+",2024-10-31,2024-11-10,2,"quantile",0.1,1101154.49151616
"346","DE","00+",2024-10-31,2024-11-10,2,"quantile",0.25,1282803.90903524
"347","DE","00+",2024-10-31,2024-11-10,2,"quantile",0.5,1519979.54430968
"348","DE","00+",2024-10-31,2024-11-10,2,"quantile",0.75,1801006.21680939
"349","DE","00+",2024-10-31,2024-11-10,2,"quantile",0.9,2098105.06420292
"350","DE","00+",2024-10-31,2024-11-10,2,"quantile",0.975,2488474.47806686
"351","DE","00+",2024-10-31,2024-11-17,3,"quantile",0.025,814998.541814602
"352","DE","00+",2024-10-31,2024-11-17,3,"quantile",0.1,986381.383170826
"353","DE","00+",2024-10-31,2024-11-17,3,"quantile",0.25,1170079.38200045
"354","DE","00+",2024-10-31,2024-11-17,3,"quantile",0.5,1414568.85692936
"355","DE","00+",2024-10-31,2024-11-17,3,"quantile",0.75,1710144.69768143
"356","DE","00+",2024-10-31,2024-11-17,3,"quantile",0.9,2028632.21582914
"357","DE","00+",2024-10-31,2024-11-17,3,"quantile",0.975,2455225.31431674
"358","DE","00+",2024-10-31,2024-11-24,4,"quantile",0.025,708068.171347551
"359","DE","00+",2024-10-31,2024-11-24,4,"quantile",0.1,880366.185468422
"360","DE","00+",2024-10-31,2024-11-24,4,"quantile",0.25,1069802.2562196
"361","DE","00+",2024-10-31,2024-11-24,4,"quantile",0.5,1328448.9448274
"362","DE","00+",2024-10-31,2024-11-24,4,"quantile",0.75,1649628.78770631
"363","DE","00+",2024-10-31,2024-11-24,4,"quantile",0.9,2004593.80215067
"364","DE","00+",2024-10-31,2024-11-24,4,"quantile",0.975,2492382.33043919
"365","DE","00-04",2024-10-31,2024-11-03,1,"quantile",0.025,156530.099110623
"366","DE","00-04",2024-10-31,2024-11-03,1,"quantile",0.1,178280.603235355
"367","DE","00-04",2024-10-31,2024-11-03,1,"quantile",0.25,200293.753290497
"368","DE","00-04",2024-10-31,2024-11-03,1,"quantile",0.5,227953.840322466
"369","DE","00-04",2024-10-31,2024-11-03,1,"quantile",0.75,259433.719045625
"370","DE","00-04",2024-10-31,2024-11-03,1,"quantile",0.9,291467.22848566
"371","DE","00-04",2024-10-31,2024-11-03,1,"quantile",0.975,331967.804358428
"372","DE","00-04",2024-10-31,2024-11-10,2,"quantile",0.025,158378.983131662
"373","DE","00-04",2024-10-31,2024-11-10,2,"quantile",0.1,183391.40013528
"374","DE","00-04",2024-10-31,2024-11-10,2,"quantile",0.25,209104.232155728
"375","DE","00-04",2024-10-31,2024-11-10,2,"quantile",0.5,241922.367830238
"376","DE","00-04",2024-10-31,2024-11-10,2,"quantile",0.75,279891.188491115
"377","DE","00-04",2024-10-31,2024-11-10,2,"quantile",0.9,319134.005266422
"378","DE","00-04",2024-10-31,2024-11-10,2,"quantile",0.975,369534.08147554
"379","DE","00-04",2024-10-31,2024-11-17,3,"quantile",0.025,151024.153001493
"380","DE","00-04",2024-10-31,2024-11-17,3,"quantile",0.1,177499.766042419
"381","DE","00-04",2024-10-31,2024-11-17,3,"quantile",0.25,205102.58655024
"382","DE","00-04",2024-10-31,2024-11-17,3,"quantile",0.5,240833.495503517
"383","DE","00-04",2024-10-31,2024-11-17,3,"quantile",0.75,282789.083901851
"384","DE","00-04",2024-10-31,2024-11-17,3,"quantile",0.9,326765.34651083
"385","DE","00-04",2024-10-31,2024-11-17,3,"quantile",0.975,384049.646389138
"386","DE","00-04",2024-10-31,2024-11-24,4,"quantile",0.025,153605.504420767
"387","DE","00-04",2024-10-31,2024-11-24,4,"quantile",0.1,183131.403335077
"388","DE","00-04",2024-10-31,2024-11-24,4,"quantile",0.25,214332.6241045
"389","DE","00-04",2024-10-31,2024-11-24,4,"quantile",0.5,255271.790833484
"390","DE","00-04",2024-10-31,2024-11-24,4,"quantile",0.75,304030.650805465
"391","DE","00-04",2024-10-31,2024-11-24,4,"quantile",0.9,355830.218130877
"392","DE","00-04",2024-10-31,2024-11-24,4,"quantile",0.975,424227.552528541
"393","DE","05-14",2024-10-31,2024-11-03,1,"quantile",0.025,105276.064202412
"394","DE","05-14",2024-10-31,2024-11-03,1,"quantile",0.1,128553.273022793
"395","DE","05-14",2024-10-31,2024-11-03,1,"quantile",0.25,153713.679789585
"396","DE","05-14",2024-10-31,2024-11-03,1,"quantile",0.5,187484.080670923
"397","DE","05-14",2024-10-31,2024-11-03,1,"quantile",0.75,228673.729970798
"398","DE","05-14",2024-10-31,2024-11-03,1,"quantile",0.9,273429.681551468
"399","DE","05-14",2024-10-31,2024-11-03,1,"quantile",0.975,333886.726971845
"400","DE","05-14",2024-10-31,2024-11-10,2,"quantile",0.025,106934.465319138
"401","DE","05-14",2024-10-31,2024-11-10,2,"quantile",0.1,134027.679664252
"402","DE","05-14",2024-10-31,2024-11-10,2,"quantile",0.25,164042.460331364
"403","DE","05-14",2024-10-31,2024-11-10,2,"quantile",0.5,205336.416357372
"404","DE","05-14",2024-10-31,2024-11-10,2,"quantile",0.75,257025.186023906
"405","DE","05-14",2024-10-31,2024-11-10,2,"quantile",0.9,314584.599152273
"406","DE","05-14",2024-10-31,2024-11-10,2,"quantile",0.975,394288.630486489
"407","DE","05-14",2024-10-31,2024-11-17,3,"quantile",0.025,106742.629709639
"408","DE","05-14",2024-10-31,2024-11-17,3,"quantile",0.1,134497.362492645
"409","DE","05-14",2024-10-31,2024-11-17,3,"quantile",0.25,165398.975897018
"410","DE","05-14",2024-10-31,2024-11-17,3,"quantile",0.5,208126.940397691
"411","DE","05-14",2024-10-31,2024-11-17,3,"quantile",0.75,261892.935457318
"412","DE","05-14",2024-10-31,2024-11-17,3,"quantile",0.9,322064.481537123
"413","DE","05-14",2024-10-31,2024-11-17,3,"quantile",0.975,405806.222285647
"414","DE","05-14",2024-10-31,2024-11-24,4,"quantile",0.025,106444.654628314
"415","DE","05-14",2024-10-31,2024-11-24,4,"quantile",0.1,134901.091618761
"416","DE","05-14",2024-10-31,2024-11-24,4,"quantile",0.25,166757.609879732
"417","DE","05-14",2024-10-31,2024-11-24,4,"quantile",0.5,211048.532144574
"418","DE","05-14",2024-10-31,2024-11-24,4,"quantile",0.75,267103.150210075
"419","DE","05-14",2024-10-31,2024-11-24,4,"quantile",0.9,330178.817575888
"420","DE","05-14",2024-10-31,2024-11-24,4,"quantile",0.975,418447.343137241
"421","DE","15-34",2024-10-31,2024-11-03,1,"quantile",0.025,287704.998696146
"422","DE","15-34",2024-10-31,2024-11-03,1,"quantile",0.1,340487.25448974
"423","DE","15-34",2024-10-31,2024-11-03,1,"quantile",0.25,395877.255356012
"424","DE","15-34",2024-10-31,2024-11-03,1,"quantile",0.5,468048.674671166
"425","DE","15-34",2024-10-31,2024-11-03,1,"quantile",0.75,553377.489859645
"426","DE","15-34",2024-10-31,2024-11-03,1,"quantile",0.9,643400.183039852
"427","DE","15-34",2024-10-31,2024-11-03,1,"quantile",0.975,761438.149681929
"428","DE","15-34",2024-10-31,2024-11-10,2,"quantile",0.025,280142.184512238
"429","DE","15-34",2024-10-31,2024-11-10,2,"quantile",0.1,338173.082217222
"430","DE","15-34",2024-10-31,2024-11-10,2,"quantile",0.25,400221.641575993
"431","DE","15-34",2024-10-31,2024-11-10,2,"quantile",0.5,482601.140483342
"432","DE","15-34",2024-10-31,2024-11-10,2,"quantile",0.75,581937.19829516
"433","DE","15-34",2024-10-31,2024-11-10,2,"quantile",0.9,688712.002944752
"434","DE","15-34",2024-10-31,2024-11-10,2,"quantile",0.975,831377.327914171
"435","DE","15-34",2024-10-31,2024-11-17,3,"quantile",0.025,267469.039241399
"436","DE","15-34",2024-10-31,2024-11-17,3,"quantile",0.1,326615.746849891
"437","DE","15-34",2024-10-31,2024-11-17,3,"quantile",0.25,390549.009591881
"438","DE","15-34",2024-10-31,2024-11-17,3,"quantile",0.5,476362.388158724
"439","DE","15-34",2024-10-31,2024-11-17,3,"quantile",0.75,581031.110767411
"440","DE","15-34",2024-10-31,2024-11-17,3,"quantile",0.9,694764.802496109
"441","DE","15-34",2024-10-31,2024-11-17,3,"quantile",0.975,848401.465440194
"442","DE","15-34",2024-10-31,2024-11-24,4,"quantile",0.025,249546.987941451
"443","DE","15-34",2024-10-31,2024-11-24,4,"quantile",0.1,310269.178307596
"444","DE","15-34",2024-10-31,2024-11-24,4,"quantile",0.25,377030.967666059
"445","DE","15-34",2024-10-31,2024-11-24,4,"quantile",0.5,468183.836052653
"446","DE","15-34",2024-10-31,2024-11-24,4,"quantile",0.75,581374.271980551
"447","DE","15-34",2024-10-31,2024-11-24,4,"quantile",0.9,706470.766888969
"448","DE","15-34",2024-10-31,2024-11-24,4,"quantile",0.975,878376.07718353
"449","DE","35-59",2024-10-31,2024-11-03,1,"quantile",0.025,398815.418777442
"450","DE","35-59",2024-10-31,2024-11-03,1,"quantile",0.1,468519.847729864
"451","DE","35-59",2024-10-31,2024-11-03,1,"quantile",0.25,541161.093075339
"452","DE","35-59",2024-10-31,2024-11-03,1,"quantile",0.5,635152.663141126
"453","DE","35-59",2024-10-31,2024-11-03,1,"quantile",0.75,745469.160029031
"454","DE","35-59",2024-10-31,2024-11-03,1,"quantile",0.9,861049.766514622
"455","DE","35-59",2024-10-31,2024-11-03,1,"quantile",0.975,1011542.90055268
"456","DE","35-59",2024-10-31,2024-11-10,2,"quantile",0.025,383872.895342545
"457","DE","35-59",2024-10-31,2024-11-10,2,"quantile",0.1,461606.318769591
"458","DE","35-59",2024-10-31,2024-11-10,2,"quantile",0.25,544419.08819622
"459","DE","35-59",2024-10-31,2024-11-10,2,"quantile",0.5,653965.11615105
"460","DE","35-59",2024-10-31,2024-11-10,2,"quantile",0.75,785553.597246969
"461","DE","35-59",2024-10-31,2024-11-10,2,"quantile",0.9,926482.926582133
"462","DE","35-59",2024-10-31,2024-11-10,2,"quantile",0.975,1114093.69697964
"463","DE","35-59",2024-10-31,2024-11-17,3,"quantile",0.025,376060.433360807
"464","DE","35-59",2024-10-31,2024-11-17,3,"quantile",0.1,461690.227870628
"465","DE","35-59",2024-10-31,2024-11-17,3,"quantile",0.25,554719.648201868
"466","DE","35-59",2024-10-31,2024-11-17,3,"quantile",0.5,680223.202274504
"467","DE","35-59",2024-10-31,2024-11-17,3,"quantile",0.75,834121.535828847
"468","DE","35-59",2024-10-31,2024-11-17,3,"quantile",0.9,1002194.92850569
"469","DE","35-59",2024-10-31,2024-11-17,3,"quantile",0.975,1230396.93587931
"470","DE","35-59",2024-10-31,2024-11-24,4,"quantile",0.025,326651.86274792
"471","DE","35-59",2024-10-31,2024-11-24,4,"quantile",0.1,412651.001004137
"472","DE","35-59",2024-10-31,2024-11-24,4,"quantile",0.25,508634.544325552
"473","DE","35-59",2024-10-31,2024-11-24,4,"quantile",0.5,641677.398885095
"474","DE","35-59",2024-10-31,2024-11-24,4,"quantile",0.75,809520.094208154
"475","DE","35-59",2024-10-31,2024-11-24,4,"quantile",0.9,997816.27389246
"476","DE","35-59",2024-10-31,2024-11-24,4,"quantile",0.975,1260515.95351744
"477","DE","60+",2024-10-31,2024-11-03,1,"quantile",0.025,122136.953385037
"478","DE","60+",2024-10-31,2024-11-03,1,"quantile",0.1,140968.010242088
"479","DE","60+",2024-10-31,2024-11-03,1,"quantile",0.25,160267.171912903
"480","DE","60+",2024-10-31,2024-11-03,1,"quantile",0.5,184823.839130602
"481","DE","60+",2024-10-31,2024-11-03,1,"quantile",0.75,213143.160281999
"482","DE","60+",2024-10-31,2024-11-03,1,"quantile",0.9,242323.428218296
"483","DE","60+",2024-10-31,2024-11-03,1,"quantile",0.975,279684.817446572
"484","DE","60+",2024-10-31,2024-11-10,2,"quantile",0.025,124717.726157247
"485","DE","60+",2024-10-31,2024-11-10,2,"quantile",0.1,144761.25761756
"486","DE","60+",2024-10-31,2024-11-10,2,"quantile",0.25,165412.864465546
"487","DE","60+",2024-10-31,2024-11-10,2,"quantile",0.5,191831.181679994
"488","DE","60+",2024-10-31,2024-11-10,2,"quantile",0.75,222468.804851678
"489","DE","60+",2024-10-31,2024-11-10,2,"quantile",0.9,254206.15204906
"490","DE","60+",2024-10-31,2024-11-10,2,"quantile",0.975,295059.919696942
"491","DE","60+",2024-10-31,2024-11-17,3,"quantile",0.025,124895.012958794
"492","DE","60+",2024-10-31,2024-11-17,3,"quantile",0.1,148174.418399244
"493","DE","60+",2024-10-31,2024-11-17,3,"quantile",0.25,172661.129171141
"494","DE","60+",2024-10-31,2024-11-17,3,"quantile",0.5,204641.407385985
"495","DE","60+",2024-10-31,2024-11-17,3,"quantile",0.75,242545.069744141
"496","DE","60+",2024-10-31,2024-11-17,3,"quantile",0.9,282627.096291881
"497","DE","60+",2024-10-31,2024-11-17,3,"quantile",0.975,335306.467606783
"498","DE","60+",2024-10-31,2024-11-24,4,"quantile",0.025,111152.872125937
"499","DE","60+",2024-10-31,2024-11-24,4,"quantile",0.1,135276.973679803
"500","DE","60+",2024-10-31,2024-11-24,4,"quantile",0.25,161270.705085684
"501","DE","60+",2024-10-31,2024-11-24,4,"quantile",0.5,196049.365220665
"502","DE","60+",2024-10-31,2024-11-24,4,"quantile",0.75,238328.179832816
"503","DE","60+",2024-10-31,2024-11-24,4,"quantile",0.9,284123.399259368
"504","DE","60+",2024-10-31,2024-11-24,4,"quantile",0.975,345788.218228658
"505","DE","00+",2024-11-07,2024-11-10,1,"quantile",0.025,829694.118320939
"506","DE","00+",2024-11-07,2024-11-10,1,"quantile",0.1,954114.194609791
"507","DE","00+",2024-11-07,2024-11-10,1,"quantile",0.25,1081186.37509124
"508","DE","00+",2024-11-07,2024-11-10,1,"quantile",0.5,1242315.87972023
"509","DE","00+",2024-11-07,2024-11-10,1,"quantile",0.75,1427458.55900636
"510","DE","00+",2024-11-07,2024-11-10,1,"quantile",0.9,1617572.35530517
"511","DE","00+",2024-11-07,2024-11-10,1,"quantile",0.975,1860141.8413431
"512","DE","00+",2024-11-07,2024-11-17,2,"quantile",0.025,813386.59751138
"513","DE","00+",2024-11-07,2024-11-17,2,"quantile",0.1,964723.751561826
"514","DE","00+",2024-11-07,2024-11-17,2,"quantile",0.25,1123867.18591929
"515","DE","00+",2024-11-07,2024-11-17,2,"quantile",0.5,1331657.25570865
"516","DE","00+",2024-11-07,2024-11-17,2,"quantile",0.75,1577865.31086499
"517","DE","00+",2024-11-07,2024-11-17,2,"quantile",0.9,1838154.23203857
"518","DE","00+",2024-11-07,2024-11-17,2,"quantile",0.975,2180157.6914435
"519","DE","00+",2024-11-07,2024-11-24,3,"quantile",0.025,721960.760781057
"520","DE","00+",2024-11-07,2024-11-24,3,"quantile",0.1,873779.052694645
"521","DE","00+",2024-11-07,2024-11-24,3,"quantile",0.25,1036506.64076334
"522","DE","00+",2024-11-07,2024-11-24,3,"quantile",0.5,1253085.93295402
"523","DE","00+",2024-11-07,2024-11-24,3,"quantile",0.75,1514919.72517497
"524","DE","00+",2024-11-07,2024-11-24,3,"quantile",0.9,1797049.66664608
"525","DE","00+",2024-11-07,2024-11-24,3,"quantile",0.975,2174944.18071763
"526","DE","00+",2024-11-07,2024-12-01,4,"quantile",0.025,682214.407811728
"527","DE","00+",2024-11-07,2024-12-01,4,"quantile",0.1,848221.287413312
"528","DE","00+",2024-11-07,2024-12-01,4,"quantile",0.25,1030740.46007962
"529","DE","00+",2024-11-07,2024-12-01,4,"quantile",0.5,1279943.15643189
"530","DE","00+",2024-11-07,2024-12-01,4,"quantile",0.75,1589395.72777639
"531","DE","00+",2024-11-07,2024-12-01,4,"quantile",0.9,1931399.86935809
"532","DE","00+",2024-11-07,2024-12-01,4,"quantile",0.975,2401377.72661777
"533","DE","00-04",2024-11-07,2024-11-10,1,"quantile",0.025,132698.333324504
"534","DE","00-04",2024-11-07,2024-11-10,1,"quantile",0.1,151137.315109598
"535","DE","00-04",2024-11-07,2024-11-10,1,"quantile",0.25,169798.954884548
"536","DE","00-04",2024-11-07,2024-11-10,1,"quantile",0.5,193247.783382121
"537","DE","00-04",2024-11-07,2024-11-10,1,"quantile",0.75,219934.838865733
"538","DE","00-04",2024-11-07,2024-11-10,1,"quantile",0.9,247091.234583744
"539","DE","00-04",2024-11-07,2024-11-10,1,"quantile",0.975,281425.582722122
"540","DE","00-04",2024-11-07,2024-11-17,2,"quantile",0.025,125913.432116521
"541","DE","00-04",2024-11-07,2024-11-17,2,"quantile",0.1,145798.641682723
"542","DE","00-04",2024-11-07,2024-11-17,2,"quantile",0.25,166240.690653569
"543","DE","00-04",2024-11-07,2024-11-17,2,"quantile",0.5,192331.552059138
"544","DE","00-04",2024-11-07,2024-11-17,2,"quantile",0.75,222517.277641512
"545","DE","00-04",2024-11-07,2024-11-17,2,"quantile",0.9,253715.847353195
"546","DE","00-04",2024-11-07,2024-11-17,2,"quantile",0.975,293784.589107578
"547","DE","00-04",2024-11-07,2024-11-24,3,"quantile",0.025,124759.923379109
"548","DE","00-04",2024-11-07,2024-11-24,3,"quantile",0.1,146631.229317625
"549","DE","00-04",2024-11-07,2024-11-24,3,"quantile",0.25,169433.712914861
"550","DE","00-04",2024-11-07,2024-11-24,3,"quantile",0.5,198950.749591985
"551","DE","00-04",2024-11-07,2024-11-24,3,"quantile",0.75,233609.947408177
"552","DE","00-04",2024-11-07,2024-11-24,3,"quantile",0.9,269938.409078421
"553","DE","00-04",2024-11-07,2024-11-24,3,"quantile",0.975,317260.540814349
"554","DE","00-04",2024-11-07,2024-12-01,4,"quantile",0.025,121265.277690145
"555","DE","00-04",2024-11-07,2024-12-01,4,"quantile",0.1,144574.770044579
"556","DE","00-04",2024-11-07,2024-12-01,4,"quantile",0.25,169206.860640182
"557","DE","00-04",2024-11-07,2024-12-01,4,"quantile",0.5,201526.662202724
"558","DE","00-04",2024-11-07,2024-12-01,4,"quantile",0.75,240019.792488996
"559","DE","00-04",2024-11-07,2024-12-01,4,"quantile",0.9,280913.437151226
"560","DE","00-04",2024-11-07,2024-12-01,4,"quantile",0.975,334910.34162594
"561","DE","05-14",2024-11-07,2024-11-10,1,"quantile",0.025,79162.3123084923
"562","DE","05-14",2024-11-07,2024-11-10,1,"quantile",0.1,96665.604137166
"563","DE","05-14",2024-11-07,2024-11-10,1,"quantile",0.25,115584.966229312
"564","DE","05-14",2024-11-07,2024-11-10,1,"quantile",0.5,140978.611419272
"565","DE","05-14",2024-11-07,2024-11-10,1,"quantile",0.75,171951.158754294
"566","DE","05-14",2024-11-07,2024-11-10,1,"quantile",0.9,205605.386270633
"567","DE","05-14",2024-11-07,2024-11-10,1,"quantile",0.975,251066.047695198
"568","DE","05-14",2024-11-07,2024-11-17,2,"quantile",0.025,75024.3070253205
"569","DE","05-14",2024-11-07,2024-11-17,2,"quantile",0.1,94032.6746761462
"570","DE","05-14",2024-11-07,2024-11-17,2,"quantile",0.25,115090.788291309
"571","DE","05-14",2024-11-07,2024-11-17,2,"quantile",0.5,144062.274948481
"572","DE","05-14",2024-11-07,2024-11-17,2,"quantile",0.75,180326.67402365
"573","DE","05-14",2024-11-07,2024-11-17,2,"quantile",0.9,220709.866382186
"574","DE","05-14",2024-11-07,2024-11-17,2,"quantile",0.975,276629.533630045
"575","DE","05-14",2024-11-07,2024-11-24,3,"quantile",0.025,78290.7048884719
"576","DE","05-14",2024-11-07,2024-11-24,3,"quantile",0.1,98647.4976664233
"577","DE","05-14",2024-11-07,2024-11-24,3,"quantile",0.25,121312.379562254
"578","DE","05-14",2024-11-07,2024-11-24,3,"quantile",0.5,152651.334470026
"579","DE","05-14",2024-11-07,2024-11-24,3,"quantile",0.75,192086.166305242
"580","DE","05-14",2024-11-07,2024-11-24,3,"quantile",0.9,236219.16892689
"581","DE","05-14",2024-11-07,2024-11-24,3,"quantile",0.975,297639.802179263
"582","DE","05-14",2024-11-07,2024-12-01,4,"quantile",0.025,75944.5029128717
"583","DE","05-14",2024-11-07,2024-12-01,4,"quantile",0.1,96247.1660147174
"584","DE","05-14",2024-11-07,2024-12-01,4,"quantile",0.25,118975.667058871
"585","DE","05-14",2024-11-07,2024-12-01,4,"quantile",0.5,150575.676347279
"586","DE","05-14",2024-11-07,2024-12-01,4,"quantile",0.75,190568.667257158
"587","DE","05-14",2024-11-07,2024-12-01,4,"quantile",0.9,235570.9289557
"588","DE","05-14",2024-11-07,2024-12-01,4,"quantile",0.975,298547.405510737
"589","DE","15-34",2024-11-07,2024-11-10,1,"quantile",0.025,221947.606978006
"590","DE","15-34",2024-11-07,2024-11-10,1,"quantile",0.1,262666.035289576
"591","DE","15-34",2024-11-07,2024-11-10,1,"quantile",0.25,305396.186654664
"592","DE","15-34",2024-11-07,2024-11-10,1,"quantile",0.5,361072.222461473
"593","DE","15-34",2024-11-07,2024-11-10,1,"quantile",0.75,426898.420904945
"594","DE","15-34",2024-11-07,2024-11-10,1,"quantile",0.9,496345.672136628
"595","DE","15-34",2024-11-07,2024-11-10,1,"quantile",0.975,587405.070991313
"596","DE","15-34",2024-11-07,2024-11-17,2,"quantile",0.025,203717.754541289
"597","DE","15-34",2024-11-07,2024-11-17,2,"quantile",0.1,245917.483207851
"598","DE","15-34",2024-11-07,2024-11-17,2,"quantile",0.25,291038.831879774
"599","DE","15-34",2024-11-07,2024-11-17,2,"quantile",0.5,350944.720622883
"600","DE","15-34",2024-11-07,2024-11-17,2,"quantile",0.75,423181.319611504
"601","DE","15-34",2024-11-07,2024-11-17,2,"quantile",0.9,500827.331698804
"602","DE","15-34",2024-11-07,2024-11-17,2,"quantile",0.975,604572.719792626
"603","DE","15-34",2024-11-07,2024-11-24,3,"quantile",0.025,188672.366811095
"604","DE","15-34",2024-11-07,2024-11-24,3,"quantile",0.1,230394.389461748
"605","DE","15-34",2024-11-07,2024-11-24,3,"quantile",0.25,275492.842851714
"606","DE","15-34",2024-11-07,2024-11-24,3,"quantile",0.5,336025.505937441
"607","DE","15-34",2024-11-07,2024-11-24,3,"quantile",0.75,409858.708022008
"608","DE","15-34",2024-11-07,2024-11-24,3,"quantile",0.9,490086.329377652
"609","DE","15-34",2024-11-07,2024-11-24,3,"quantile",0.975,598461.462846679
"610","DE","15-34",2024-11-07,2024-12-01,4,"quantile",0.025,174819.513636375
"611","DE","15-34",2024-11-07,2024-12-01,4,"quantile",0.1,217358.291099941
"612","DE","15-34",2024-11-07,2024-12-01,4,"quantile",0.25,264128.094420024
"613","DE","15-34",2024-11-07,2024-12-01,4,"quantile",0.5,327985.006696775
"614","DE","15-34",2024-11-07,2024-12-01,4,"quantile",0.75,407280.281388076
"615","DE","15-34",2024-11-07,2024-12-01,4,"quantile",0.9,494916.315699322
"616","DE","15-34",2024-11-07,2024-12-01,4,"quantile",0.975,615344.147688446
"617","DE","35-59",2024-11-07,2024-11-10,1,"quantile",0.025,285861.351594072
"618","DE","35-59",2024-11-07,2024-11-10,1,"quantile",0.1,335823.818776294
"619","DE","35-59",2024-11-07,2024-11-10,1,"quantile",0.25,387891.325693629
"620","DE","35-59",2024-11-07,2024-11-10,1,"quantile",0.5,455262.234621422
"621","DE","35-59",2024-11-07,2024-11-10,1,"quantile",0.75,534334.460565369
"622","DE","35-59",2024-11-07,2024-11-10,1,"quantile",0.9,617179.874339282
"623","DE","35-59",2024-11-07,2024-11-10,1,"quantile",0.975,725049.752674538
"624","DE","35-59",2024-11-07,2024-11-17,2,"quantile",0.025,263564.93072574
"625","DE","35-59",2024-11-07,2024-11-17,2,"quantile",0.1,316936.253914219
"626","DE","35-59",2024-11-07,2024-11-17,2,"quantile",0.25,373795.026966324
"627","DE","35-59",2024-11-07,2024-11-17,2,"quantile",0.5,449008.702168452
"628","DE","35-59",2024-11-07,2024-11-17,2,"quantile",0.75,539356.599415543
"629","DE","35-59",2024-11-07,2024-11-17,2,"quantile",0.9,636117.869549769
"630","DE","35-59",2024-11-07,2024-11-17,2,"quantile",0.975,764930.349678378
"631","DE","35-59",2024-11-07,2024-11-24,3,"quantile",0.025,238422.690720242
"632","DE","35-59",2024-11-07,2024-11-24,3,"quantile",0.1,292712.066048555
"633","DE","35-59",2024-11-07,2024-11-24,3,"quantile",0.25,351692.811545484
"634","DE","35-59",2024-11-07,2024-11-24,3,"quantile",0.5,431262.190300738
"635","DE","35-59",2024-11-07,2024-11-24,3,"quantile",0.75,528833.887635308
"636","DE","35-59",2024-11-07,2024-11-24,3,"quantile",0.9,635392.586625175
"637","DE","35-59",2024-11-07,2024-11-24,3,"quantile",0.975,780072.887446865
"638","DE","35-59",2024-11-07,2024-12-01,4,"quantile",0.025,214284.737489952
"639","DE","35-59",2024-11-07,2024-12-01,4,"quantile",0.1,270700.465876038
"640","DE","35-59",2024-11-07,2024-12-01,4,"quantile",0.25,333665.998081979
"641","DE","35-59",2024-11-07,2024-12-01,4,"quantile",0.5,420942.565018952
"642","DE","35-59",2024-11-07,2024-12-01,4,"quantile",0.75,531047.94633944
"643","DE","35-59",2024-11-07,2024-12-01,4,"quantile",0.9,654570.883250258
"644","DE","35-59",2024-11-07,2024-12-01,4,"quantile",0.975,826902.77021266
"645","DE","60+",2024-11-07,2024-11-10,1,"quantile",0.025,110227.655386904
"646","DE","60+",2024-11-07,2024-11-10,1,"quantile",0.1,127222.538493792
"647","DE","60+",2024-11-07,2024-11-10,1,"quantile",0.25,144639.882573109
"648","DE","60+",2024-11-07,2024-11-10,1,"quantile",0.5,166802.084728178
"649","DE","60+",2024-11-07,2024-11-10,1,"quantile",0.75,192360.052944615
"650","DE","60+",2024-11-07,2024-11-10,1,"quantile",0.9,218695.018972789
"651","DE","60+",2024-11-07,2024-11-10,1,"quantile",0.975,252413.383664984
"652","DE","60+",2024-11-07,2024-11-17,2,"quantile",0.025,104223.299367047
"653","DE","60+",2024-11-07,2024-11-17,2,"quantile",0.1,120973.147557248
"654","DE","60+",2024-11-07,2024-11-17,2,"quantile",0.25,138231.148238037
"655","DE","60+",2024-11-07,2024-11-17,2,"quantile",0.5,160308.235983715
"656","DE","60+",2024-11-07,2024-11-17,2,"quantile",0.75,185911.285927804
"657","DE","60+",2024-11-07,2024-11-17,2,"quantile",0.9,212433.3461031
"658","DE","60+",2024-11-07,2024-11-17,2,"quantile",0.975,246573.757310313
"659","DE","60+",2024-11-07,2024-11-24,3,"quantile",0.025,93152.8538875299
"660","DE","60+",2024-11-07,2024-11-24,3,"quantile",0.1,110515.781375261
"661","DE","60+",2024-11-07,2024-11-24,3,"quantile",0.25,128779.176659694
"662","DE","60+",2024-11-07,2024-11-24,3,"quantile",0.5,152631.643729878
"663","DE","60+",2024-11-07,2024-11-24,3,"quantile",0.75,180902.062522472
"664","DE","60+",2024-11-07,2024-11-24,3,"quantile",0.9,210797.21264948
"665","DE","60+",2024-11-07,2024-11-24,3,"quantile",0.975,250088.083139265
"666","DE","60+",2024-11-07,2024-12-01,4,"quantile",0.025,83803.3619583204
"667","DE","60+",2024-11-07,2024-12-01,4,"quantile",0.1,101991.653234747
"668","DE","60+",2024-11-07,2024-12-01,4,"quantile",0.25,121589.546118578
"669","DE","60+",2024-11-07,2024-12-01,4,"quantile",0.5,147810.808673225
"670","DE","60+",2024-11-07,2024-12-01,4,"quantile",0.75,179686.789350507
"671","DE","60+",2024-11-07,2024-12-01,4,"quantile",0.9,214213.952492237
"672","DE","60+",2024-11-07,2024-12-01,4,"quantile",0.975,260705.950812556
"673","DE","00+",2024-11-14,2024-11-17,1,"quantile",0.025,879613.490007369
"674","DE","00+",2024-11-14,2024-11-17,1,"quantile",0.1,1011519.42391094
"675","DE","00+",2024-11-14,2024-11-17,1,"quantile",0.25,1146237.02849313
"676","DE","00+",2024-11-14,2024-11-17,1,"quantile",0.5,1317061.04999721
"677","DE","00+",2024-11-14,2024-11-17,1,"quantile",0.75,1513343.02269066
"678","DE","00+",2024-11-14,2024-11-17,1,"quantile",0.9,1714895.20459519
"679","DE","00+",2024-11-14,2024-11-17,1,"quantile",0.975,1972059.12497457
"680","DE","00+",2024-11-14,2024-11-24,2,"quantile",0.025,783219.81928075
"681","DE","00+",2024-11-14,2024-11-24,2,"quantile",0.1,928944.200292813
"682","DE","00+",2024-11-14,2024-11-24,2,"quantile",0.25,1082185.343285
"683","DE","00+",2024-11-14,2024-11-24,2,"quantile",0.5,1282268.92150806
"684","DE","00+",2024-11-14,2024-11-24,2,"quantile",0.75,1519345.64376413
"685","DE","00+",2024-11-14,2024-11-24,2,"quantile",0.9,1769981.00267721
"686","DE","00+",2024-11-14,2024-11-24,2,"quantile",0.975,2099300.28146552
"687","DE","00+",2024-11-14,2024-12-01,3,"quantile",0.025,711311.802979282
"688","DE","00+",2024-11-14,2024-12-01,3,"quantile",0.1,860890.767394826
"689","DE","00+",2024-11-14,2024-12-01,3,"quantile",0.25,1021218.11529444
"690","DE","00+",2024-11-14,2024-12-01,3,"quantile",0.5,1234602.85195168
"691","DE","00+",2024-11-14,2024-12-01,3,"quantile",0.75,1492574.5824708
"692","DE","00+",2024-11-14,2024-12-01,3,"quantile",0.9,1770543.09301027
"693","DE","00+",2024-11-14,2024-12-01,3,"quantile",0.975,2142863.64385214
"694","DE","00+",2024-11-14,2024-12-08,4,"quantile",0.025,520443.404418781
"695","DE","00+",2024-11-14,2024-12-08,4,"quantile",0.1,647085.68078746
"696","DE","00+",2024-11-14,2024-12-08,4,"quantile",0.25,786324.750655311
"697","DE","00+",2024-11-14,2024-12-08,4,"quantile",0.5,976434.924516819
"698","DE","00+",2024-11-14,2024-12-08,4,"quantile",0.75,1212508.14122485
"699","DE","00+",2024-11-14,2024-12-08,4,"quantile",0.9,1473414.09356472
"700","DE","00+",2024-11-14,2024-12-08,4,"quantile",0.975,1831947.82318537
"701","DE","00-04",2024-11-14,2024-11-17,1,"quantile",0.025,130908.586626623
"702","DE","00-04",2024-11-14,2024-11-17,1,"quantile",0.1,149098.875712002
"703","DE","00-04",2024-11-14,2024-11-17,1,"quantile",0.25,167508.819724635
"704","DE","00-04",2024-11-14,2024-11-17,1,"quantile",0.5,190641.386048288
"705","DE","00-04",2024-11-14,2024-11-17,1,"quantile",0.75,216968.504310148
"706","DE","00-04",2024-11-14,2024-11-17,1,"quantile",0.9,243758.632658065
"707","DE","00-04",2024-11-14,2024-11-17,1,"quantile",0.975,277629.901987047
"708","DE","00-04",2024-11-14,2024-11-24,2,"quantile",0.025,125223.639366643
"709","DE","00-04",2024-11-14,2024-11-24,2,"quantile",0.1,144999.911600601
"710","DE","00-04",2024-11-14,2024-11-24,2,"quantile",0.25,165329.972700608
"711","DE","00-04",2024-11-14,2024-11-24,2,"quantile",0.5,191277.900292579
"712","DE","00-04",2024-11-14,2024-11-24,2,"quantile",0.75,221298.259128082
"713","DE","00-04",2024-11-14,2024-11-24,2,"quantile",0.9,252325.91341929
"714","DE","00-04",2024-11-14,2024-11-24,2,"quantile",0.975,292175.146205532
"715","DE","00-04",2024-11-14,2024-12-01,3,"quantile",0.025,127951.303495096
"716","DE","00-04",2024-11-14,2024-12-01,3,"quantile",0.1,150382.081169345
"717","DE","00-04",2024-11-14,2024-12-01,3,"quantile",0.25,173767.856185623
"718","DE","00-04",2024-11-14,2024-12-01,3,"quantile",0.5,204039.94369464
"719","DE","00-04",2024-11-14,2024-12-01,3,"quantile",0.75,239585.729701581
"720","DE","00-04",2024-11-14,2024-12-01,3,"quantile",0.9,276843.479616629
"721","DE","00-04",2024-11-14,2024-12-01,3,"quantile",0.975,325376.119552447
"722","DE","00-04",2024-11-14,2024-12-08,4,"quantile",0.025,123938.438674879
"723","DE","00-04",2024-11-14,2024-12-08,4,"quantile",0.1,147761.763403449
"724","DE","00-04",2024-11-14,2024-12-08,4,"quantile",0.25,172936.841611061
"725","DE","00-04",2024-11-14,2024-12-08,4,"quantile",0.5,205969.098001704
"726","DE","00-04",2024-11-14,2024-12-08,4,"quantile",0.75,245310.76742483
"727","DE","00-04",2024-11-14,2024-12-08,4,"quantile",0.9,287105.867949092
"728","DE","00-04",2024-11-14,2024-12-08,4,"quantile",0.975,342293.075378515
"729","DE","05-14",2024-11-14,2024-11-17,1,"quantile",0.025,81021.0822790096
"730","DE","05-14",2024-11-14,2024-11-17,1,"quantile",0.1,98935.3599958866
"731","DE","05-14",2024-11-14,2024-11-17,1,"quantile",0.25,118298.958001471
"732","DE","05-14",2024-11-14,2024-11-17,1,"quantile",0.5,144288.8584516
"733","DE","05-14",2024-11-14,2024-11-17,1,"quantile",0.75,175988.656409018
"734","DE","05-14",2024-11-14,2024-11-17,1,"quantile",0.9,210433.101715416
"735","DE","05-14",2024-11-14,2024-11-17,1,"quantile",0.975,256961.201796479
"736","DE","05-14",2024-11-14,2024-11-24,2,"quantile",0.025,74807.6446164881
"737","DE","05-14",2024-11-14,2024-11-24,2,"quantile",0.1,93761.1180751981
"738","DE","05-14",2024-11-14,2024-11-24,2,"quantile",0.25,114758.418044727
"739","DE","05-14",2024-11-14,2024-11-24,2,"quantile",0.5,143646.238056575
"740","DE","05-14",2024-11-14,2024-11-24,2,"quantile",0.75,179805.909312588
"741","DE","05-14",2024-11-14,2024-11-24,2,"quantile",0.9,220072.479204623
"742","DE","05-14",2024-11-14,2024-11-24,2,"quantile",0.975,275830.656259672
"743","DE","05-14",2024-11-14,2024-12-01,3,"quantile",0.025,78116.3188961162
"744","DE","05-14",2024-11-14,2024-12-01,3,"quantile",0.1,98427.7686219797
"745","DE","05-14",2024-11-14,2024-12-01,3,"quantile",0.25,121042.166390395
"746","DE","05-14",2024-11-14,2024-12-01,3,"quantile",0.5,152311.316399121
"747","DE","05-14",2024-11-14,2024-12-01,3,"quantile",0.75,191658.310447044
"748","DE","05-14",2024-11-14,2024-12-01,3,"quantile",0.9,235693.010499201
"749","DE","05-14",2024-11-14,2024-12-01,3,"quantile",0.975,296976.834431795
"750","DE","05-14",2024-11-14,2024-12-08,4,"quantile",0.025,78872.7475597696
"751","DE","05-14",2024-11-14,2024-12-08,4,"quantile",0.1,99958.2344640695
"752","DE","05-14",2024-11-14,2024-12-08,4,"quantile",0.25,123563.094019529
"753","DE","05-14",2024-11-14,2024-12-08,4,"quantile",0.5,156381.526689374
"754","DE","05-14",2024-11-14,2024-12-08,4,"quantile",0.75,197916.554969352
"755","DE","05-14",2024-11-14,2024-12-08,4,"quantile",0.9,244653.999951249
"756","DE","05-14",2024-11-14,2024-12-08,4,"quantile",0.975,310058.704005047
"757","DE","15-34",2024-11-14,2024-11-17,1,"quantile",0.025,200033.776790506
"758","DE","15-34",2024-11-14,2024-11-17,1,"quantile",0.1,236731.901681503
"759","DE","15-34",2024-11-14,2024-11-17,1,"quantile",0.25,275243.123662083
"760","DE","15-34",2024-11-14,2024-11-17,1,"quantile",0.5,325422.027912505
"761","DE","15-34",2024-11-14,2024-11-17,1,"quantile",0.75,384748.926119224
"762","DE","15-34",2024-11-14,2024-11-17,1,"quantile",0.9,447339.355188231
"763","DE","15-34",2024-11-14,2024-11-17,1,"quantile",0.975,529408.072725611
"764","DE","15-34",2024-11-14,2024-11-24,2,"quantile",0.025,198761.775640572
"765","DE","15-34",2024-11-14,2024-11-24,2,"quantile",0.1,239934.883110772
"766","DE","15-34",2024-11-14,2024-11-24,2,"quantile",0.25,283958.534370442
"767","DE","15-34",2024-11-14,2024-11-24,2,"quantile",0.5,342407.052246157
"768","DE","15-34",2024-11-14,2024-11-24,2,"quantile",0.75,412886.302881646
"769","DE","15-34",2024-11-14,2024-11-24,2,"quantile",0.9,488643.368183252
"770","DE","15-34",2024-11-14,2024-11-24,2,"quantile",0.975,589864.872408447
"771","DE","15-34",2024-11-14,2024-12-01,3,"quantile",0.025,193215.164812858
"772","DE","15-34",2024-11-14,2024-12-01,3,"quantile",0.1,235941.758108012
"773","DE","15-34",2024-11-14,2024-12-01,3,"quantile",0.25,282126.078853146
"774","DE","15-34",2024-11-14,2024-12-01,3,"quantile",0.5,344116.229675711
"775","DE","15-34",2024-11-14,2024-12-01,3,"quantile",0.75,419727.165980516
"776","DE","15-34",2024-11-14,2024-12-01,3,"quantile",0.9,501886.484511219
"777","DE","15-34",2024-11-14,2024-12-01,3,"quantile",0.975,612871.042709925
"778","DE","15-34",2024-11-14,2024-12-08,4,"quantile",0.025,187370.805180915
"779","DE","15-34",2024-11-14,2024-12-08,4,"quantile",0.1,232963.684482359
"780","DE","15-34",2024-11-14,2024-12-08,4,"quantile",0.25,283091.359156391
"781","DE","15-34",2024-11-14,2024-12-08,4,"quantile",0.5,351532.923949605
"782","DE","15-34",2024-11-14,2024-12-08,4,"quantile",0.75,436521.259387118
"783","DE","15-34",2024-11-14,2024-12-08,4,"quantile",0.9,530449.185224475
"784","DE","15-34",2024-11-14,2024-12-08,4,"quantile",0.975,659523.219218923
"785","DE","35-59",2024-11-14,2024-11-17,1,"quantile",0.025,264483.860334627
"786","DE","35-59",2024-11-14,2024-11-17,1,"quantile",0.1,310709.998000696
"787","DE","35-59",2024-11-14,2024-11-17,1,"quantile",0.25,358883.754791197
"788","DE","35-59",2024-11-14,2024-11-17,1,"quantile",0.5,421216.483465823
"789","DE","35-59",2024-11-14,2024-11-17,1,"quantile",0.75,494375.472767057
"790","DE","35-59",2024-11-14,2024-11-17,1,"quantile",0.9,571025.480624916
"791","DE","35-59",2024-11-14,2024-11-17,1,"quantile",0.975,670828.555356221
"792","DE","35-59",2024-11-14,2024-11-24,2,"quantile",0.025,254958.666471255
"793","DE","35-59",2024-11-14,2024-11-24,2,"quantile",0.1,306587.239933105
"794","DE","35-59",2024-11-14,2024-11-24,2,"quantile",0.25,361589.386518537
"795","DE","35-59",2024-11-14,2024-11-24,2,"quantile",0.5,434347.087162296
"796","DE","35-59",2024-11-14,2024-11-24,2,"quantile",0.75,521744.827586913
"797","DE","35-59",2024-11-14,2024-11-24,2,"quantile",0.9,615346.523121886
"798","DE","35-59",2024-11-14,2024-11-24,2,"quantile",0.975,739952.850936491
"799","DE","35-59",2024-11-14,2024-12-01,3,"quantile",0.025,244775.85071647
"800","DE","35-59",2024-11-14,2024-12-01,3,"quantile",0.1,300511.854662698
"801","DE","35-59",2024-11-14,2024-12-01,3,"quantile",0.25,361064.237958475
"802","DE","35-59",2024-11-14,2024-12-01,3,"quantile",0.5,442753.872099261
"803","DE","35-59",2024-11-14,2024-12-01,3,"quantile",0.75,542925.525849042
"804","DE","35-59",2024-11-14,2024-12-01,3,"quantile",0.9,652323.654515789
"805","DE","35-59",2024-11-14,2024-12-01,3,"quantile",0.975,800859.197037195
"806","DE","35-59",2024-11-14,2024-12-08,4,"quantile",0.025,229898.790875076
"807","DE","35-59",2024-11-14,2024-12-08,4,"quantile",0.1,290425.302908655
"808","DE","35-59",2024-11-14,2024-12-08,4,"quantile",0.25,357978.876207967
"809","DE","35-59",2024-11-14,2024-12-08,4,"quantile",0.5,451614.930019213
"810","DE","35-59",2024-11-14,2024-12-08,4,"quantile",0.75,569743.240653592
"811","DE","35-59",2024-11-14,2024-12-08,4,"quantile",0.9,702266.78933828
"812","DE","35-59",2024-11-14,2024-12-08,4,"quantile",0.975,887155.796861433
"813","DE","60+",2024-11-14,2024-11-17,1,"quantile",0.025,99040.2917380093
"814","DE","60+",2024-11-14,2024-11-17,1,"quantile",0.1,114310.308822665
"815","DE","60+",2024-11-14,2024-11-17,1,"quantile",0.25,129959.909940116
"816","DE","60+",2024-11-14,2024-11-17,1,"quantile",0.5,149872.798037848
"817","DE","60+",2024-11-14,2024-11-17,1,"quantile",0.75,172836.80484269
"818","DE","60+",2024-11-14,2024-11-17,1,"quantile",0.9,196498.949421435
"819","DE","60+",2024-11-14,2024-11-17,1,"quantile",0.975,226795.12749328
"820","DE","60+",2024-11-14,2024-11-24,2,"quantile",0.025,95227.0581119594
"821","DE","60+",2024-11-14,2024-11-24,2,"quantile",0.1,110531.109861055
"822","DE","60+",2024-11-14,2024-11-24,2,"quantile",0.25,126299.451908431
"823","DE","60+",2024-11-14,2024-11-24,2,"quantile",0.5,146470.911941534
"824","DE","60+",2024-11-14,2024-11-24,2,"quantile",0.75,169863.983737149
"825","DE","60+",2024-11-14,2024-11-24,2,"quantile",0.9,194096.739569099
"826","DE","60+",2024-11-14,2024-11-24,2,"quantile",0.975,225290.253320241
"827","DE","60+",2024-11-14,2024-12-01,3,"quantile",0.025,92521.5092499256
"828","DE","60+",2024-11-14,2024-12-01,3,"quantile",0.1,109766.75927846
"829","DE","60+",2024-11-14,2024-12-01,3,"quantile",0.25,127906.374171888
"830","DE","60+",2024-11-14,2024-12-01,3,"quantile",0.5,151597.18084682
"831","DE","60+",2024-11-14,2024-12-01,3,"quantile",0.75,179675.996520855
"832","DE","60+",2024-11-14,2024-12-01,3,"quantile",0.9,209368.531892271
"833","DE","60+",2024-11-14,2024-12-01,3,"quantile",0.975,248393.108013658
"834","DE","60+",2024-11-14,2024-12-08,4,"quantile",0.025,83948.7185435351
"835","DE","60+",2024-11-14,2024-12-08,4,"quantile",0.1,102168.557336064
"836","DE","60+",2024-11-14,2024-12-08,4,"quantile",0.25,121800.442684165
"837","DE","60+",2024-11-14,2024-12-08,4,"quantile",0.5,148067.18591042
"838","DE","60+",2024-11-14,2024-12-08,4,"quantile",0.75,179998.455344541
"839","DE","60+",2024-11-14,2024-12-08,4,"quantile",0.9,214585.505708146
"840","DE","60+",2024-11-14,2024-12-08,4,"quantile",0.975,261158.144207543
"841","DE","00+",2024-11-21,2024-11-24,1,"quantile",0.025,1087862.6172941
"842","DE","00+",2024-11-21,2024-11-24,1,"quantile",0.1,1250997.37605247
"843","DE","00+",2024-11-21,2024-11-24,1,"quantile",0.25,1417609.47054769
"844","DE","00+",2024-11-21,2024-11-24,1,"quantile",0.5,1628876.20217612
"845","DE","00+",2024-11-21,2024-11-24,1,"quantile",0.75,1871628.07327368
"846","DE","00+",2024-11-21,2024-11-24,1,"quantile",0.9,2120897.87940883
"847","DE","00+",2024-11-21,2024-11-24,1,"quantile",0.975,2438945.54315621
"848","DE","00+",2024-11-21,2024-12-01,2,"quantile",0.025,993979.470504285
"849","DE","00+",2024-11-21,2024-12-01,2,"quantile",0.1,1178917.3889688
"850","DE","00+",2024-11-21,2024-12-01,2,"quantile",0.25,1373394.78397487
"851","DE","00+",2024-11-21,2024-12-01,2,"quantile",0.5,1627319.62632806
"852","DE","00+",2024-11-21,2024-12-01,2,"quantile",0.75,1928192.24095799
"853","DE","00+",2024-11-21,2024-12-01,2,"quantile",0.9,2246272.03823744
"854","DE","00+",2024-11-21,2024-12-01,2,"quantile",0.975,2664209.11579692
"855","DE","00+",2024-11-21,2024-12-08,3,"quantile",0.025,991353.249962766
"856","DE","00+",2024-11-21,2024-12-08,3,"quantile",0.1,1199821.03002536
"857","DE","00+",2024-11-21,2024-12-08,3,"quantile",0.25,1423268.80177958
"858","DE","00+",2024-11-21,2024-12-08,3,"quantile",0.5,1720662.50632881
"859","DE","00+",2024-11-21,2024-12-08,3,"quantile",0.75,2080196.97824042
"860","DE","00+",2024-11-21,2024-12-08,3,"quantile",0.9,2467600.90596441
"861","DE","00+",2024-11-21,2024-12-08,3,"quantile",0.975,2986503.00566114
"862","DE","00+",2024-11-21,2024-12-15,4,"quantile",0.025,801640.355203921
"863","DE","00+",2024-11-21,2024-12-15,4,"quantile",0.1,996707.789145941
"864","DE","00+",2024-11-21,2024-12-15,4,"quantile",0.25,1211178.09750114
"865","DE","00+",2024-11-21,2024-12-15,4,"quantile",0.5,1504005.30216601
"866","DE","00+",2024-11-21,2024-12-15,4,"quantile",0.75,1867629.50354734
"867","DE","00+",2024-11-21,2024-12-15,4,"quantile",0.9,2269503.63343881
"868","DE","00+",2024-11-21,2024-12-15,4,"quantile",0.975,2821754.08742747
"869","DE","00-04",2024-11-21,2024-11-24,1,"quantile",0.025,144785.361370821
"870","DE","00-04",2024-11-21,2024-11-24,1,"quantile",0.1,164903.885652029
"871","DE","00-04",2024-11-21,2024-11-24,1,"quantile",0.25,185265.34906228
"872","DE","00-04",2024-11-21,2024-11-24,1,"quantile",0.5,210850.049507922
"873","DE","00-04",2024-11-21,2024-11-24,1,"quantile",0.75,239967.935733887
"874","DE","00-04",2024-11-21,2024-11-24,1,"quantile",0.9,269597.912758136
"875","DE","00-04",2024-11-21,2024-11-24,1,"quantile",0.975,307059.65683664
"876","DE","00-04",2024-11-21,2024-12-01,2,"quantile",0.025,143826.208328512
"877","DE","00-04",2024-11-21,2024-12-01,2,"quantile",0.1,166540.340138358
"878","DE","00-04",2024-11-21,2024-12-01,2,"quantile",0.25,189890.528791954
"879","DE","00-04",2024-11-21,2024-12-01,2,"quantile",0.5,219693.14480289
"880","DE","00-04",2024-11-21,2024-12-01,2,"quantile",0.75,254173.17114464
"881","DE","00-04",2024-11-21,2024-12-01,2,"quantile",0.9,289810.131486979
"882","DE","00-04",2024-11-21,2024-12-01,2,"quantile",0.975,335579.157889929
"883","DE","00-04",2024-11-21,2024-12-08,3,"quantile",0.025,143738.372013477
"884","DE","00-04",2024-11-21,2024-12-08,3,"quantile",0.1,168936.735592605
"885","DE","00-04",2024-11-21,2024-12-08,3,"quantile",0.25,195207.927345193
"886","DE","00-04",2024-11-21,2024-12-08,3,"quantile",0.5,229215.088328608
"887","DE","00-04",2024-11-21,2024-12-08,3,"quantile",0.75,269146.634729564
"888","DE","00-04",2024-11-21,2024-12-08,3,"quantile",0.9,311001.372988479
"889","DE","00-04",2024-11-21,2024-12-08,3,"quantile",0.975,365522.135679718
"890","DE","00-04",2024-11-21,2024-12-15,4,"quantile",0.025,141662.280072487
"891","DE","00-04",2024-11-21,2024-12-15,4,"quantile",0.1,168892.464154519
"892","DE","00-04",2024-11-21,2024-12-15,4,"quantile",0.25,197667.709494254
"893","DE","00-04",2024-11-21,2024-12-15,4,"quantile",0.5,235423.750366391
"894","DE","00-04",2024-11-21,2024-12-15,4,"quantile",0.75,280391.483153134
"895","DE","00-04",2024-11-21,2024-12-15,4,"quantile",0.9,328163.500450022
"896","DE","00-04",2024-11-21,2024-12-15,4,"quantile",0.975,391242.765598696
"897","DE","05-14",2024-11-21,2024-11-24,1,"quantile",0.025,95912.4111187165
"898","DE","05-14",2024-11-21,2024-11-24,1,"quantile",0.1,117119.25655876
"899","DE","05-14",2024-11-21,2024-11-24,1,"quantile",0.25,140041.801165773
"900","DE","05-14",2024-11-21,2024-11-24,1,"quantile",0.5,170808.534302256
"901","DE","05-14",2024-11-21,2024-11-24,1,"quantile",0.75,208334.619717927
"902","DE","05-14",2024-11-21,2024-11-24,1,"quantile",0.9,249109.806941502
"903","DE","05-14",2024-11-21,2024-11-24,1,"quantile",0.975,304189.573071754
"904","DE","05-14",2024-11-21,2024-12-01,2,"quantile",0.025,91812.2834939924
"905","DE","05-14",2024-11-21,2024-12-01,2,"quantile",0.1,115074.099680134
"906","DE","05-14",2024-11-21,2024-12-01,2,"quantile",0.25,140844.327673462
"907","DE","05-14",2024-11-21,2024-12-01,2,"quantile",0.5,176298.68175784
"908","DE","05-14",2024-11-21,2024-12-01,2,"quantile",0.75,220677.862594592
"909","DE","05-14",2024-11-21,2024-12-01,2,"quantile",0.9,270097.487409826
"910","DE","05-14",2024-11-21,2024-12-01,2,"quantile",0.975,338530.140050222
"911","DE","05-14",2024-11-21,2024-12-08,3,"quantile",0.025,91779.6522128671
"912","DE","05-14",2024-11-21,2024-12-08,3,"quantile",0.1,115643.779684849
"913","DE","05-14",2024-11-21,2024-12-08,3,"quantile",0.25,142213.664076724
"914","DE","05-14",2024-11-21,2024-12-08,3,"quantile",0.5,178952.104307239
"915","DE","05-14",2024-11-21,2024-12-08,3,"quantile",0.75,225181.285102901
"916","DE","05-14",2024-11-21,2024-12-08,3,"quantile",0.9,276918.099038789
"917","DE","05-14",2024-11-21,2024-12-08,3,"quantile",0.975,348921.082874829
"918","DE","05-14",2024-11-21,2024-12-15,4,"quantile",0.025,94840.2522110075
"919","DE","05-14",2024-11-21,2024-12-15,4,"quantile",0.1,120194.420258473
"920","DE","05-14",2024-11-21,2024-12-15,4,"quantile",0.25,148577.998907723
"921","DE","05-14",2024-11-21,2024-12-15,4,"quantile",0.5,188040.405478756
"922","DE","05-14",2024-11-21,2024-12-15,4,"quantile",0.75,237984.051155349
"923","DE","05-14",2024-11-21,2024-12-15,4,"quantile",0.9,294183.324122505
"924","DE","05-14",2024-11-21,2024-12-15,4,"quantile",0.975,372828.97575963
"925","DE","15-34",2024-11-21,2024-11-24,1,"quantile",0.025,255465.551914448
"926","DE","15-34",2024-11-21,2024-11-24,1,"quantile",0.1,302333.170373316
"927","DE","15-34",2024-11-21,2024-11-24,1,"quantile",0.25,351516.317019956
"928","DE","15-34",2024-11-21,2024-11-24,1,"quantile",0.5,415600.40159044
"929","DE","15-34",2024-11-21,2024-11-24,1,"quantile",0.75,491367.499712197
"930","DE","15-34",2024-11-21,2024-11-24,1,"quantile",0.9,571302.492508048
"931","DE","15-34",2024-11-21,2024-11-24,1,"quantile",0.975,676113.442723496
"932","DE","15-34",2024-11-21,2024-12-01,2,"quantile",0.025,242870.173360413
"933","DE","15-34",2024-11-21,2024-12-01,2,"quantile",0.1,293180.247904913
"934","DE","15-34",2024-11-21,2024-12-01,2,"quantile",0.25,346973.447220707
"935","DE","15-34",2024-11-21,2024-12-01,2,"quantile",0.5,418392.62036597
"936","DE","15-34",2024-11-21,2024-12-01,2,"quantile",0.75,504512.337122309
"937","DE","15-34",2024-11-21,2024-12-01,2,"quantile",0.9,597081.099520311
"938","DE","15-34",2024-11-21,2024-12-01,2,"quantile",0.975,720765.264645856
"939","DE","15-34",2024-11-21,2024-12-08,3,"quantile",0.025,249622.236757536
"940","DE","15-34",2024-11-21,2024-12-08,3,"quantile",0.1,304822.395594427
"941","DE","15-34",2024-11-21,2024-12-08,3,"quantile",0.25,364489.727911194
"942","DE","15-34",2024-11-21,2024-12-08,3,"quantile",0.5,444577.230981946
"943","DE","15-34",2024-11-21,2024-12-08,3,"quantile",0.75,542261.96013878
"944","DE","15-34",2024-11-21,2024-12-08,3,"quantile",0.9,648406.800695022
"945","DE","15-34",2024-11-21,2024-12-08,3,"quantile",0.975,791792.097030024
"946","DE","15-34",2024-11-21,2024-12-15,4,"quantile",0.025,244288.603707911
"947","DE","15-34",2024-11-21,2024-12-15,4,"quantile",0.1,303731.27308652
"948","DE","15-34",2024-11-21,2024-12-15,4,"quantile",0.25,369086.27671913
"949","DE","15-34",2024-11-21,2024-12-15,4,"quantile",0.5,458318.397394362
"950","DE","15-34",2024-11-21,2024-12-15,4,"quantile",0.75,569123.716160235
"951","DE","15-34",2024-11-21,2024-12-15,4,"quantile",0.9,691584.212766593
"952","DE","15-34",2024-11-21,2024-12-15,4,"quantile",0.975,859867.1825121
"953","DE","35-59",2024-11-21,2024-11-24,1,"quantile",0.025,349423.73809741
"954","DE","35-59",2024-11-21,2024-11-24,1,"quantile",0.1,410495.554731692
"955","DE","35-59",2024-11-21,2024-11-24,1,"quantile",0.25,474140.474896706
"956","DE","35-59",2024-11-21,2024-11-24,1,"quantile",0.5,556491.568198743
"957","DE","35-59",2024-11-21,2024-11-24,1,"quantile",0.75,653145.811995405
"958","DE","35-59",2024-11-21,2024-11-24,1,"quantile",0.9,754412.226653005
"959","DE","35-59",2024-11-21,2024-11-24,1,"quantile",0.975,886267.393172828
"960","DE","35-59",2024-11-21,2024-12-01,2,"quantile",0.025,331540.009775956
"961","DE","35-59",2024-11-21,2024-12-01,2,"quantile",0.1,398676.13810282
"962","DE","35-59",2024-11-21,2024-12-01,2,"quantile",0.25,470199.151887835
"963","DE","35-59",2024-11-21,2024-12-01,2,"quantile",0.5,564810.914321993
"964","DE","35-59",2024-11-21,2024-12-01,2,"quantile",0.75,678460.111330327
"965","DE","35-59",2024-11-21,2024-12-01,2,"quantile",0.9,800176.731056254
"966","DE","35-59",2024-11-21,2024-12-01,2,"quantile",0.975,962210.772548457
"967","DE","35-59",2024-11-21,2024-12-08,3,"quantile",0.025,335956.569963243
"968","DE","35-59",2024-11-21,2024-12-08,3,"quantile",0.1,412454.6258557
"969","DE","35-59",2024-11-21,2024-12-08,3,"quantile",0.25,495563.196148088
"970","DE","35-59",2024-11-21,2024-12-08,3,"quantile",0.5,607682.791308968
"971","DE","35-59",2024-11-21,2024-12-08,3,"quantile",0.75,745169.087864848
"972","DE","35-59",2024-11-21,2024-12-08,3,"quantile",0.9,895318.785883259
"973","DE","35-59",2024-11-21,2024-12-08,3,"quantile",0.975,1099184.85860676
"974","DE","35-59",2024-11-21,2024-12-15,4,"quantile",0.025,341438.246190976
"975","DE","35-59",2024-11-21,2024-12-15,4,"quantile",0.1,431330.263622384
"976","DE","35-59",2024-11-21,2024-12-15,4,"quantile",0.25,531658.645096057
"977","DE","35-59",2024-11-21,2024-12-15,4,"quantile",0.5,670723.88276809
"978","DE","35-59",2024-11-21,2024-12-15,4,"quantile",0.75,846164.227865084
"979","DE","35-59",2024-11-21,2024-12-15,4,"quantile",0.9,1042983.91477893
"980","DE","35-59",2024-11-21,2024-12-15,4,"quantile",0.975,1317575.08695695
"981","DE","60+",2024-11-21,2024-11-24,1,"quantile",0.025,114413.274602828
"982","DE","60+",2024-11-21,2024-11-24,1,"quantile",0.1,132053.495842464
"983","DE","60+",2024-11-21,2024-11-24,1,"quantile",0.25,150132.219952163
"984","DE","60+",2024-11-21,2024-11-24,1,"quantile",0.5,173135.976242461
"985","DE","60+",2024-11-21,2024-11-24,1,"quantile",0.75,199664.4443077
"986","DE","60+",2024-11-21,2024-11-24,1,"quantile",0.9,226999.414731062
"987","DE","60+",2024-11-21,2024-11-24,1,"quantile",0.975,261998.14989553
"988","DE","60+",2024-11-21,2024-12-01,2,"quantile",0.025,111598.823225893
"989","DE","60+",2024-11-21,2024-12-01,2,"quantile",0.1,129534.000471201
"990","DE","60+",2024-11-21,2024-12-01,2,"quantile",0.25,148013.290408328
"991","DE","60+",2024-11-21,2024-12-01,2,"quantile",0.5,171652.697600722
"992","DE","60+",2024-11-21,2024-12-01,2,"quantile",0.75,199067.587189773
"993","DE","60+",2024-11-21,2024-12-01,2,"quantile",0.9,227466.522198207
"994","DE","60+",2024-11-21,2024-12-01,2,"quantile",0.975,264022.932696738
"995","DE","60+",2024-11-21,2024-12-08,3,"quantile",0.025,111443.764584001
"996","DE","60+",2024-11-21,2024-12-08,3,"quantile",0.1,132215.967717661
"997","DE","60+",2024-11-21,2024-12-08,3,"quantile",0.25,154065.448862277
"998","DE","60+",2024-11-21,2024-12-08,3,"quantile",0.5,182601.436907547
"999","DE","60+",2024-11-21,2024-12-08,3,"quantile",0.75,216422.85799269
"1000","DE","60+",2024-11-21,2024-12-08,3,"quantile",0.9,252188.032476556
"1001","DE","60+",2024-11-21,2024-12-08,3,"quantile",0.975,299193.812100344
"1002","DE","60+",2024-11-21,2024-12-15,4,"quantile",0.025,116638.371837314
"1003","DE","60+",2024-11-21,2024-12-15,4,"quantile",0.1,141953.020694007
"1004","DE","60+",2024-11-21,2024-12-15,4,"quantile",0.25,169229.567409985
"1005","DE","60+",2024-11-21,2024-12-15,4,"quantile",0.5,205724.587423786
"1006","DE","60+",2024-11-21,2024-12-15,4,"quantile",0.75,250089.901655034
"1007","DE","60+",2024-11-21,2024-12-15,4,"quantile",0.9,298145.158614959
"1008","DE","60+",2024-11-21,2024-12-15,4,"quantile",0.975,362853.194913576
"1009","DE","00+",2024-11-28,2024-12-01,1,"quantile",0.025,1026668.3909353
"1010","DE","00+",2024-11-28,2024-12-01,1,"quantile",0.1,1180626.52647328
"1011","DE","00+",2024-11-28,2024-12-01,1,"quantile",0.25,1337866.39136656
"1012","DE","00+",2024-11-28,2024-12-01,1,"quantile",0.5,1537248.98984083
"1013","DE","00+",2024-11-28,2024-12-01,1,"quantile",0.75,1766345.6321321
"1014","DE","00+",2024-11-28,2024-12-01,1,"quantile",0.9,2001593.56390687
"1015","DE","00+",2024-11-28,2024-12-01,1,"quantile",0.975,2301750.47525698
"1016","DE","00+",2024-11-28,2024-12-08,2,"quantile",0.025,973769.390441119
"1017","DE","00+",2024-11-28,2024-12-08,2,"quantile",0.1,1154947.06007777
"1018","DE","00+",2024-11-28,2024-12-08,2,"quantile",0.25,1345470.24492137
"1019","DE","00+",2024-11-28,2024-12-08,2,"quantile",0.5,1594232.16233873
"1020","DE","00+",2024-11-28,2024-12-08,2,"quantile",0.75,1888987.28680822
"1021","DE","00+",2024-11-28,2024-12-08,2,"quantile",0.9,2200599.72901621
"1022","DE","00+",2024-11-28,2024-12-08,2,"quantile",0.975,2610039.10410849
"1023","DE","00+",2024-11-28,2024-12-15,3,"quantile",0.025,912367.232074261
"1024","DE","00+",2024-11-28,2024-12-15,3,"quantile",0.1,1104225.35275881
"1025","DE","00+",2024-11-28,2024-12-15,3,"quantile",0.25,1309869.93508727
"1026","DE","00+",2024-11-28,2024-12-15,3,"quantile",0.5,1583568.81191658
"1027","DE","00+",2024-11-28,2024-12-15,3,"quantile",0.75,1914457.39374712
"1028","DE","00+",2024-11-28,2024-12-15,3,"quantile",0.9,2270994.93396854
"1029","DE","00+",2024-11-28,2024-12-15,3,"quantile",0.975,2748553.53624841
"1030","DE","00+",2024-11-28,2024-12-22,4,"quantile",0.025,825044.312964808
"1031","DE","00+",2024-11-28,2024-12-22,4,"quantile",0.1,1025806.75708797
"1032","DE","00+",2024-11-28,2024-12-22,4,"quantile",0.25,1246538.54417878
"1033","DE","00+",2024-11-28,2024-12-22,4,"quantile",0.5,1547914.86377371
"1034","DE","00+",2024-11-28,2024-12-22,4,"quantile",0.75,1922155.10437353
"1035","DE","00+",2024-11-28,2024-12-22,4,"quantile",0.9,2335761.98337139
"1036","DE","00+",2024-11-28,2024-12-22,4,"quantile",0.975,2904135.43592753
"1037","DE","00-04",2024-11-28,2024-12-01,1,"quantile",0.025,153274.537931642
"1038","DE","00-04",2024-11-28,2024-12-01,1,"quantile",0.1,174572.6683771
"1039","DE","00-04",2024-11-28,2024-12-01,1,"quantile",0.25,196127.98216207
"1040","DE","00-04",2024-11-28,2024-12-01,1,"quantile",0.5,223212.786190577
"1041","DE","00-04",2024-11-28,2024-12-01,1,"quantile",0.75,254037.936707004
"1042","DE","00-04",2024-11-28,2024-12-01,1,"quantile",0.9,285405.20335826
"1043","DE","00-04",2024-11-28,2024-12-01,1,"quantile",0.975,325063.435788539
"1044","DE","00-04",2024-11-28,2024-12-08,2,"quantile",0.025,151791.638425145
"1045","DE","00-04",2024-11-28,2024-12-08,2,"quantile",0.1,175763.731709744
"1046","DE","00-04",2024-11-28,2024-12-08,2,"quantile",0.25,200407.108146186
"1047","DE","00-04",2024-11-28,2024-12-08,2,"quantile",0.5,231860.262381627
"1048","DE","00-04",2024-11-28,2024-12-08,2,"quantile",0.75,268249.872816201
"1049","DE","00-04",2024-11-28,2024-12-08,2,"quantile",0.9,305860.490948467
"1050","DE","00-04",2024-11-28,2024-12-08,2,"quantile",0.975,354164.312536805
"1051","DE","00-04",2024-11-28,2024-12-15,3,"quantile",0.025,141246.307414192
"1052","DE","00-04",2024-11-28,2024-12-15,3,"quantile",0.1,166007.794264053
"1053","DE","00-04",2024-11-28,2024-12-15,3,"quantile",0.25,191823.509124629
"1054","DE","00-04",2024-11-28,2024-12-15,3,"quantile",0.5,225241.070818573
"1055","DE","00-04",2024-11-28,2024-12-15,3,"quantile",0.75,264480.303874201
"1056","DE","00-04",2024-11-28,2024-12-15,3,"quantile",0.9,305609.385441265
"1057","DE","00-04",2024-11-28,2024-12-15,3,"quantile",0.975,359184.894191433
"1058","DE","00-04",2024-11-28,2024-12-22,4,"quantile",0.025,135755.954767568
"1059","DE","00-04",2024-11-28,2024-12-22,4,"quantile",0.1,161850.830811222
"1060","DE","00-04",2024-11-28,2024-12-22,4,"quantile",0.25,189426.349875068
"1061","DE","00-04",2024-11-28,2024-12-22,4,"quantile",0.5,225608.228171941
"1062","DE","00-04",2024-11-28,2024-12-22,4,"quantile",0.75,268701.121319457
"1063","DE","00-04",2024-11-28,2024-12-22,4,"quantile",0.9,314481.379945771
"1064","DE","00-04",2024-11-28,2024-12-22,4,"quantile",0.975,374930.681354114
"1065","DE","05-14",2024-11-28,2024-12-01,1,"quantile",0.025,109545.428051903
"1066","DE","05-14",2024-11-28,2024-12-01,1,"quantile",0.1,133766.620432153
"1067","DE","05-14",2024-11-28,2024-12-01,1,"quantile",0.25,159947.381938671
"1068","DE","05-14",2024-11-28,2024-12-01,1,"quantile",0.5,195087.307125443
"1069","DE","05-14",2024-11-28,2024-12-01,1,"quantile",0.75,237947.360814259
"1070","DE","05-14",2024-11-28,2024-12-01,1,"quantile",0.9,284518.344550393
"1071","DE","05-14",2024-11-28,2024-12-01,1,"quantile",0.975,347427.164038506
"1072","DE","05-14",2024-11-28,2024-12-08,2,"quantile",0.025,103973.037047238
"1073","DE","05-14",2024-11-28,2024-12-08,2,"quantile",0.1,130315.935666745
"1074","DE","05-14",2024-11-28,2024-12-08,2,"quantile",0.25,159499.491155172
"1075","DE","05-14",2024-11-28,2024-12-08,2,"quantile",0.5,199649.858082295
"1076","DE","05-14",2024-11-28,2024-12-08,2,"quantile",0.75,249907.166120686
"1077","DE","05-14",2024-11-28,2024-12-08,2,"quantile",0.9,305872.536833975
"1078","DE","05-14",2024-11-28,2024-12-08,2,"quantile",0.975,383369.255763597
"1079","DE","05-14",2024-11-28,2024-12-15,3,"quantile",0.025,95089.1691319244
"1080","DE","05-14",2024-11-28,2024-12-15,3,"quantile",0.1,119813.822131328
"1081","DE","05-14",2024-11-28,2024-12-15,3,"quantile",0.25,147341.799954722
"1082","DE","05-14",2024-11-28,2024-12-15,3,"quantile",0.5,185405.005387449
"1083","DE","05-14",2024-11-28,2024-12-15,3,"quantile",0.75,233301.181560719
"1084","DE","05-14",2024-11-28,2024-12-15,3,"quantile",0.9,286903.592684335
"1085","DE","05-14",2024-11-28,2024-12-15,3,"quantile",0.975,361502.959133325
"1086","DE","05-14",2024-11-28,2024-12-22,4,"quantile",0.025,89997.5402804329
"1087","DE","05-14",2024-11-28,2024-12-22,4,"quantile",0.1,114057.079420543
"1088","DE","05-14",2024-11-28,2024-12-22,4,"quantile",0.25,140991.342069965
"1089","DE","05-14",2024-11-28,2024-12-22,4,"quantile",0.5,178438.727986207
"1090","DE","05-14",2024-11-28,2024-12-22,4,"quantile",0.75,225832.162300685
"1091","DE","05-14",2024-11-28,2024-12-22,4,"quantile",0.9,279161.800452002
"1092","DE","05-14",2024-11-28,2024-12-22,4,"quantile",0.975,353791.665262416
"1093","DE","15-34",2024-11-28,2024-12-01,1,"quantile",0.025,259547.291043671
"1094","DE","15-34",2024-11-28,2024-12-01,1,"quantile",0.1,307163.74389811
"1095","DE","15-34",2024-11-28,2024-12-01,1,"quantile",0.25,357132.72163885
"1096","DE","15-34",2024-11-28,2024-12-01,1,"quantile",0.5,422240.719271553
"1097","DE","15-34",2024-11-28,2024-12-01,1,"quantile",0.75,499218.397554875
"1098","DE","15-34",2024-11-28,2024-12-01,1,"quantile",0.9,580430.563673876
"1099","DE","15-34",2024-11-28,2024-12-01,1,"quantile",0.975,686916.146549029
"1100","DE","15-34",2024-11-28,2024-12-08,2,"quantile",0.025,255579.840163408
"1101","DE","15-34",2024-11-28,2024-12-08,2,"quantile",0.1,308522.696969506
"1102","DE","15-34",2024-11-28,2024-12-08,2,"quantile",0.25,365130.954347437
"1103","DE","15-34",2024-11-28,2024-12-08,2,"quantile",0.5,440287.572406015
"1104","DE","15-34",2024-11-28,2024-12-08,2,"quantile",0.75,530914.029903701
"1105","DE","15-34",2024-11-28,2024-12-08,2,"quantile",0.9,628327.018787672
"1106","DE","15-34",2024-11-28,2024-12-08,2,"quantile",0.975,758483.714095915
"1107","DE","15-34",2024-11-28,2024-12-15,3,"quantile",0.025,240781.394741421
"1108","DE","15-34",2024-11-28,2024-12-15,3,"quantile",0.1,294026.535908891
"1109","DE","15-34",2024-11-28,2024-12-15,3,"quantile",0.25,351580.63718748
"1110","DE","15-34",2024-11-28,2024-12-15,3,"quantile",0.5,428831.690383771
"1111","DE","15-34",2024-11-28,2024-12-15,3,"quantile",0.75,523056.730736111
"1112","DE","15-34",2024-11-28,2024-12-15,3,"quantile",0.9,625442.25169658
"1113","DE","15-34",2024-11-28,2024-12-15,3,"quantile",0.975,763749.2875016
"1114","DE","15-34",2024-11-28,2024-12-22,4,"quantile",0.025,230176.148898301
"1115","DE","15-34",2024-11-28,2024-12-22,4,"quantile",0.1,286184.839071024
"1116","DE","15-34",2024-11-28,2024-12-22,4,"quantile",0.25,347764.310315517
"1117","DE","15-34",2024-11-28,2024-12-22,4,"quantile",0.5,431841.527112791
"1118","DE","15-34",2024-11-28,2024-12-22,4,"quantile",0.75,536245.666986105
"1119","DE","15-34",2024-11-28,2024-12-22,4,"quantile",0.9,651631.669743434
"1120","DE","15-34",2024-11-28,2024-12-22,4,"quantile",0.975,810192.999716502
"1121","DE","35-59",2024-11-28,2024-12-01,1,"quantile",0.025,340806.004931668
"1122","DE","35-59",2024-11-28,2024-12-01,1,"quantile",0.1,400371.62561439
"1123","DE","35-59",2024-11-28,2024-12-01,1,"quantile",0.25,462446.890144892
"1124","DE","35-59",2024-11-28,2024-12-01,1,"quantile",0.5,542766.983057979
"1125","DE","35-59",2024-11-28,2024-12-01,1,"quantile",0.75,637037.472142064
"1126","DE","35-59",2024-11-28,2024-12-01,1,"quantile",0.9,735806.383496304
"1127","DE","35-59",2024-11-28,2024-12-01,1,"quantile",0.975,864409.645472436
"1128","DE","35-59",2024-11-28,2024-12-08,2,"quantile",0.025,335529.110162
"1129","DE","35-59",2024-11-28,2024-12-08,2,"quantile",0.1,403473.022610023
"1130","DE","35-59",2024-11-28,2024-12-08,2,"quantile",0.25,475856.603667428
"1131","DE","35-59",2024-11-28,2024-12-08,2,"quantile",0.5,571606.737962966
"1132","DE","35-59",2024-11-28,2024-12-08,2,"quantile",0.75,686623.365876444
"1133","DE","35-59",2024-11-28,2024-12-08,2,"quantile",0.9,809804.484005037
"1134","DE","35-59",2024-11-28,2024-12-08,2,"quantile",0.975,973788.12445486
"1135","DE","35-59",2024-11-28,2024-12-15,3,"quantile",0.025,315695.58324799
"1136","DE","35-59",2024-11-28,2024-12-15,3,"quantile",0.1,387580.167540981
"1137","DE","35-59",2024-11-28,2024-12-15,3,"quantile",0.25,465676.597011708
"1138","DE","35-59",2024-11-28,2024-12-15,3,"quantile",0.5,571034.444282608
"1139","DE","35-59",2024-11-28,2024-12-15,3,"quantile",0.75,700229.169019092
"1140","DE","35-59",2024-11-28,2024-12-15,3,"quantile",0.9,841323.586358863
"1141","DE","35-59",2024-11-28,2024-12-15,3,"quantile",0.975,1032894.83242786
"1142","DE","35-59",2024-11-28,2024-12-22,4,"quantile",0.025,295760.559422226
"1143","DE","35-59",2024-11-28,2024-12-22,4,"quantile",0.1,373626.802175344
"1144","DE","35-59",2024-11-28,2024-12-22,4,"quantile",0.25,460533.229799106
"1145","DE","35-59",2024-11-28,2024-12-22,4,"quantile",0.5,580994.28812782
"1146","DE","35-59",2024-11-28,2024-12-22,4,"quantile",0.75,732964.183679864
"1147","DE","35-59",2024-11-28,2024-12-22,4,"quantile",0.9,903453.287804383
"1148","DE","35-59",2024-11-28,2024-12-22,4,"quantile",0.975,1141309.59008386
"1149","DE","60+",2024-11-28,2024-12-01,1,"quantile",0.025,111934.561156412
"1150","DE","60+",2024-11-28,2024-12-01,1,"quantile",0.1,129192.61473468
"1151","DE","60+",2024-11-28,2024-12-01,1,"quantile",0.25,146879.67121053
"1152","DE","60+",2024-11-28,2024-12-01,1,"quantile",0.5,169385.061203448
"1153","DE","60+",2024-11-28,2024-12-01,1,"quantile",0.75,195338.801635601
"1154","DE","60+",2024-11-28,2024-12-01,1,"quantile",0.9,222081.571905782
"1155","DE","60+",2024-11-28,2024-12-01,1,"quantile",0.975,256322.074813015
"1156","DE","60+",2024-11-28,2024-12-08,2,"quantile",0.025,114813.549573289
"1157","DE","60+",2024-11-28,2024-12-08,2,"quantile",0.1,133265.369245185
"1158","DE","60+",2024-11-28,2024-12-08,2,"quantile",0.25,152276.975371004
"1159","DE","60+",2024-11-28,2024-12-08,2,"quantile",0.5,176597.341581975
"1160","DE","60+",2024-11-28,2024-12-08,2,"quantile",0.75,204801.947095668
"1161","DE","60+",2024-11-28,2024-12-08,2,"quantile",0.9,234018.944534965
"1162","DE","60+",2024-11-28,2024-12-08,2,"quantile",0.975,271628.402481479
"1163","DE","60+",2024-11-28,2024-12-15,3,"quantile",0.025,107994.21992424
"1164","DE","60+",2024-11-28,2024-12-15,3,"quantile",0.1,128123.456242675
"1165","DE","60+",2024-11-28,2024-12-15,3,"quantile",0.25,149296.625336256
"1166","DE","60+",2024-11-28,2024-12-15,3,"quantile",0.5,176949.332333545
"1167","DE","60+",2024-11-28,2024-12-15,3,"quantile",0.75,209723.87113752
"1168","DE","60+",2024-11-28,2024-12-15,3,"quantile",0.9,244381.997891019
"1169","DE","60+",2024-11-28,2024-12-15,3,"quantile",0.975,289932.796729795
"1170","DE","60+",2024-11-28,2024-12-22,4,"quantile",0.025,102811.039740395
"1171","DE","60+",2024-11-28,2024-12-22,4,"quantile",0.1,125124.668854232
"1172","DE","60+",2024-11-28,2024-12-22,4,"quantile",0.25,149167.615306782
"1173","DE","60+",2024-11-28,2024-12-22,4,"quantile",0.5,181336.196656656
"1174","DE","60+",2024-11-28,2024-12-22,4,"quantile",0.75,220442.058755673
"1175","DE","60+",2024-11-28,2024-12-22,4,"quantile",0.9,262800.425519681
"1176","DE","60+",2024-11-28,2024-12-22,4,"quantile",0.975,319837.405602868
"1177","DE","00+",2024-12-05,2024-12-08,1,"quantile",0.025,971271.166382137
"1178","DE","00+",2024-12-05,2024-12-08,1,"quantile",0.1,1116921.99112582
"1179","DE","00+",2024-12-05,2024-12-08,1,"quantile",0.25,1265677.46886828
"1180","DE","00+",2024-12-05,2024-12-08,1,"quantile",0.5,1454301.73224897
"1181","DE","00+",2024-12-05,2024-12-08,1,"quantile",0.75,1671036.72179097
"1182","DE","00+",2024-12-05,2024-12-08,1,"quantile",0.9,1893591.08803158
"1183","DE","00+",2024-12-05,2024-12-08,1,"quantile",0.975,2177552.05922608
"1184","DE","00+",2024-12-05,2024-12-15,2,"quantile",0.025,1003068.54997932
"1185","DE","00+",2024-12-05,2024-12-15,2,"quantile",0.1,1189697.56518049
"1186","DE","00+",2024-12-05,2024-12-15,2,"quantile",0.25,1385953.28715584
"1187","DE","00+",2024-12-05,2024-12-15,2,"quantile",0.5,1642200.05178341
"1188","DE","00+",2024-12-05,2024-12-15,2,"quantile",0.75,1945823.88531411
"1189","DE","00+",2024-12-05,2024-12-15,2,"quantile",0.9,2266812.24624369
"1190","DE","00+",2024-12-05,2024-12-15,2,"quantile",0.975,2688570.99560447
"1191","DE","00+",2024-12-05,2024-12-22,3,"quantile",0.025,940321.789809368
"1192","DE","00+",2024-12-05,2024-12-22,3,"quantile",0.1,1138058.36461094
"1193","DE","00+",2024-12-05,2024-12-22,3,"quantile",0.25,1350003.81258595
"1194","DE","00+",2024-12-05,2024-12-22,3,"quantile",0.5,1632088.71072925
"1195","DE","00+",2024-12-05,2024-12-22,3,"quantile",0.75,1973115.58297563
"1196","DE","00+",2024-12-05,2024-12-22,3,"quantile",0.9,2340577.28717672
"1197","DE","00+",2024-12-05,2024-12-22,3,"quantile",0.975,2832768.08913454
"1198","DE","00+",2024-12-05,2024-12-29,4,"quantile",0.025,896645.460458484
"1199","DE","00+",2024-12-05,2024-12-29,4,"quantile",0.1,1114830.9946472
"1200","DE","00+",2024-12-05,2024-12-29,4,"quantile",0.25,1354718.90341011
"1201","DE","00+",2024-12-05,2024-12-29,4,"quantile",0.5,1682250.04883842
"1202","DE","00+",2024-12-05,2024-12-29,4,"quantile",0.75,2088968.58211195
"1203","DE","00+",2024-12-05,2024-12-29,4,"quantile",0.9,2538470.17207523
"1204","DE","00+",2024-12-05,2024-12-29,4,"quantile",0.975,3156169.692054
"1205","DE","00-04",2024-12-05,2024-12-08,1,"quantile",0.025,144079.238606201
"1206","DE","00-04",2024-12-05,2024-12-08,1,"quantile",0.1,164099.644211245
"1207","DE","00-04",2024-12-05,2024-12-08,1,"quantile",0.25,184361.804123554
"1208","DE","00-04",2024-12-05,2024-12-08,1,"quantile",0.5,209821.727179827
"1209","DE","00-04",2024-12-05,2024-12-08,1,"quantile",0.75,238797.604558163
"1210","DE","00-04",2024-12-05,2024-12-08,1,"quantile",0.9,268283.075251842
"1211","DE","00-04",2024-12-05,2024-12-08,1,"quantile",0.975,305562.117225342
"1212","DE","00-04",2024-12-05,2024-12-15,2,"quantile",0.025,133219.416581707
"1213","DE","00-04",2024-12-05,2024-12-15,2,"quantile",0.1,154258.442938823
"1214","DE","00-04",2024-12-05,2024-12-15,2,"quantile",0.25,175886.61867714
"1215","DE","00-04",2024-12-05,2024-12-15,2,"quantile",0.5,203491.372801764
"1216","DE","00-04",2024-12-05,2024-12-15,2,"quantile",0.75,235428.590964938
"1217","DE","00-04",2024-12-05,2024-12-15,2,"quantile",0.9,268437.422392294
"1218","DE","00-04",2024-12-05,2024-12-15,2,"quantile",0.975,310831.107561182
"1219","DE","00-04",2024-12-05,2024-12-22,3,"quantile",0.025,131575.238692311
"1220","DE","00-04",2024-12-05,2024-12-22,3,"quantile",0.1,154641.318098502
"1221","DE","00-04",2024-12-05,2024-12-22,3,"quantile",0.25,178689.443015723
"1222","DE","00-04",2024-12-05,2024-12-22,3,"quantile",0.5,209818.919862875
"1223","DE","00-04",2024-12-05,2024-12-22,3,"quantile",0.75,246371.460951667
"1224","DE","00-04",2024-12-05,2024-12-22,3,"quantile",0.9,284684.453506673
"1225","DE","00-04",2024-12-05,2024-12-22,3,"quantile",0.975,334591.672186692
"1226","DE","00-04",2024-12-05,2024-12-29,4,"quantile",0.025,130423.700395171
"1227","DE","00-04",2024-12-05,2024-12-29,4,"quantile",0.1,155493.615750218
"1228","DE","00-04",2024-12-05,2024-12-29,4,"quantile",0.25,181986.017080106
"1229","DE","00-04",2024-12-05,2024-12-29,4,"quantile",0.5,216746.735037601
"1230","DE","00-04",2024-12-05,2024-12-29,4,"quantile",0.75,258147.015376356
"1231","DE","00-04",2024-12-05,2024-12-29,4,"quantile",0.9,302129.106219551
"1232","DE","00-04",2024-12-05,2024-12-29,4,"quantile",0.975,360204.065726687
"1233","DE","05-14",2024-12-05,2024-12-08,1,"quantile",0.025,104855.858877424
"1234","DE","05-14",2024-12-05,2024-12-08,1,"quantile",0.1,128040.157622079
"1235","DE","05-14",2024-12-05,2024-12-08,1,"quantile",0.25,153100.137601619
"1236","DE","05-14",2024-12-05,2024-12-08,1,"quantile",0.5,186735.745238312
"1237","DE","05-14",2024-12-05,2024-12-08,1,"quantile",0.75,227760.987651386
"1238","DE","05-14",2024-12-05,2024-12-08,1,"quantile",0.9,272338.297588092
"1239","DE","05-14",2024-12-05,2024-12-08,1,"quantile",0.975,332554.031057732
"1240","DE","05-14",2024-12-05,2024-12-15,2,"quantile",0.025,89809.852430588
"1241","DE","05-14",2024-12-05,2024-12-15,2,"quantile",0.1,112564.327098256
"1242","DE","05-14",2024-12-05,2024-12-15,2,"quantile",0.25,137772.504970609
"1243","DE","05-14",2024-12-05,2024-12-15,2,"quantile",0.5,172453.597599659
"1244","DE","05-14",2024-12-05,2024-12-15,2,"quantile",0.75,215864.866007985
"1245","DE","05-14",2024-12-05,2024-12-15,2,"quantile",0.9,264206.64602832
"1246","DE","05-14",2024-12-05,2024-12-15,2,"quantile",0.975,331146.778668305
"1247","DE","05-14",2024-12-05,2024-12-22,3,"quantile",0.025,81966.7780727878
"1248","DE","05-14",2024-12-05,2024-12-22,3,"quantile",0.1,103279.406670027
"1249","DE","05-14",2024-12-05,2024-12-22,3,"quantile",0.25,127008.498738466
"1250","DE","05-14",2024-12-05,2024-12-22,3,"quantile",0.5,159818.94750908
"1251","DE","05-14",2024-12-05,2024-12-22,3,"quantile",0.75,201105.408194028
"1252","DE","05-14",2024-12-05,2024-12-22,3,"quantile",0.9,247310.638262241
"1253","DE","05-14",2024-12-05,2024-12-22,3,"quantile",0.975,311615.224893044
"1254","DE","05-14",2024-12-05,2024-12-29,4,"quantile",0.025,83896.4786193794
"1255","DE","05-14",2024-12-05,2024-12-29,4,"quantile",0.1,106324.987273845
"1256","DE","05-14",2024-12-05,2024-12-29,4,"quantile",0.25,131433.33782937
"1257","DE","05-14",2024-12-05,2024-12-29,4,"quantile",0.5,166342.112025688
"1258","DE","05-14",2024-12-05,2024-12-29,4,"quantile",0.75,210522.677808639
"1259","DE","05-14",2024-12-05,2024-12-29,4,"quantile",0.9,260237.023700757
"1260","DE","05-14",2024-12-05,2024-12-29,4,"quantile",0.975,329807.623496309
"1261","DE","15-34",2024-12-05,2024-12-08,1,"quantile",0.025,254291.316981974
"1262","DE","15-34",2024-12-05,2024-12-08,1,"quantile",0.1,300943.510721603
"1263","DE","15-34",2024-12-05,2024-12-08,1,"quantile",0.25,349900.589436779
"1264","DE","15-34",2024-12-05,2024-12-08,1,"quantile",0.5,413690.114642393
"1265","DE","15-34",2024-12-05,2024-12-08,1,"quantile",0.75,489108.952998087
"1266","DE","15-34",2024-12-05,2024-12-08,1,"quantile",0.9,568676.528503565
"1267","DE","15-34",2024-12-05,2024-12-08,1,"quantile",0.975,673005.7203053
"1268","DE","15-34",2024-12-05,2024-12-15,2,"quantile",0.025,236092.176971006
"1269","DE","15-34",2024-12-05,2024-12-15,2,"quantile",0.1,284998.203011339
"1270","DE","15-34",2024-12-05,2024-12-15,2,"quantile",0.25,337290.147126907
"1271","DE","15-34",2024-12-05,2024-12-15,2,"quantile",0.5,406716.161165743
"1272","DE","15-34",2024-12-05,2024-12-15,2,"quantile",0.75,490432.457521978
"1273","DE","15-34",2024-12-05,2024-12-15,2,"quantile",0.9,580417.820202245
"1274","DE","15-34",2024-12-05,2024-12-15,2,"quantile",0.975,700650.220077869
"1275","DE","15-34",2024-12-05,2024-12-22,3,"quantile",0.025,225086.862783901
"1276","DE","15-34",2024-12-05,2024-12-22,3,"quantile",0.1,274861.397052806
"1277","DE","15-34",2024-12-05,2024-12-22,3,"quantile",0.25,328664.026242893
"1278","DE","15-34",2024-12-05,2024-12-22,3,"quantile",0.5,400879.727249936
"1279","DE","15-34",2024-12-05,2024-12-22,3,"quantile",0.75,488963.022686327
"1280","DE","15-34",2024-12-05,2024-12-22,3,"quantile",0.9,584674.885026173
"1281","DE","15-34",2024-12-05,2024-12-22,3,"quantile",0.975,713966.838101389
"1282","DE","15-34",2024-12-05,2024-12-29,4,"quantile",0.025,224200.124001601
"1283","DE","15-34",2024-12-05,2024-12-29,4,"quantile",0.1,278754.669909134
"1284","DE","15-34",2024-12-05,2024-12-29,4,"quantile",0.25,338735.363630221
"1285","DE","15-34",2024-12-05,2024-12-29,4,"quantile",0.5,420629.697695158
"1286","DE","15-34",2024-12-05,2024-12-29,4,"quantile",0.75,522323.210328475
"1287","DE","15-34",2024-12-05,2024-12-29,4,"quantile",0.9,634713.465574566
"1288","DE","15-34",2024-12-05,2024-12-29,4,"quantile",0.975,789158.094229498
"1289","DE","35-59",2024-12-05,2024-12-08,1,"quantile",0.025,334714.223713911
"1290","DE","35-59",2024-12-05,2024-12-08,1,"quantile",0.1,393215.130970085
"1291","DE","35-59",2024-12-05,2024-12-08,1,"quantile",0.25,454180.82311899
"1292","DE","35-59",2024-12-05,2024-12-08,1,"quantile",0.5,533065.224094916
"1293","DE","35-59",2024-12-05,2024-12-08,1,"quantile",0.75,625650.663072838
"1294","DE","35-59",2024-12-05,2024-12-08,1,"quantile",0.9,722654.116687545
"1295","DE","35-59",2024-12-05,2024-12-08,1,"quantile",0.975,848958.642947428
"1296","DE","35-59",2024-12-05,2024-12-15,2,"quantile",0.025,313405.322056253
"1297","DE","35-59",2024-12-05,2024-12-15,2,"quantile",0.1,376869.21570248
"1298","DE","35-59",2024-12-05,2024-12-15,2,"quantile",0.25,444480.039460597
"1299","DE","35-59",2024-12-05,2024-12-15,2,"quantile",0.5,533916.695676011
"1300","DE","35-59",2024-12-05,2024-12-15,2,"quantile",0.75,641349.470422869
"1301","DE","35-59",2024-12-05,2024-12-15,2,"quantile",0.9,756408.393267749
"1302","DE","35-59",2024-12-05,2024-12-15,2,"quantile",0.975,909579.441890981
"1303","DE","35-59",2024-12-05,2024-12-22,3,"quantile",0.025,300449.555756884
"1304","DE","35-59",2024-12-05,2024-12-22,3,"quantile",0.1,368862.585785345
"1305","DE","35-59",2024-12-05,2024-12-22,3,"quantile",0.25,443187.469584074
"1306","DE","35-59",2024-12-05,2024-12-22,3,"quantile",0.5,543457.223384138
"1307","DE","35-59",2024-12-05,2024-12-22,3,"quantile",0.75,666412.689703467
"1308","DE","35-59",2024-12-05,2024-12-22,3,"quantile",0.9,800693.171468112
"1309","DE","35-59",2024-12-05,2024-12-22,3,"quantile",0.975,983012.781977228
"1310","DE","35-59",2024-12-05,2024-12-29,4,"quantile",0.025,289448.940255976
"1311","DE","35-59",2024-12-05,2024-12-29,4,"quantile",0.1,365653.494002539
"1312","DE","35-59",2024-12-05,2024-12-29,4,"quantile",0.25,450705.312359494
"1313","DE","35-59",2024-12-05,2024-12-29,4,"quantile",0.5,568595.695524422
"1314","DE","35-59",2024-12-05,2024-12-29,4,"quantile",0.75,717322.507863027
"1315","DE","35-59",2024-12-05,2024-12-29,4,"quantile",0.9,884173.323301147
"1316","DE","35-59",2024-12-05,2024-12-29,4,"quantile",0.975,1116953.70065265
"1317","DE","60+",2024-12-05,2024-12-08,1,"quantile",0.025,117218.313670925
"1318","DE","60+",2024-12-05,2024-12-08,1,"quantile",0.1,135291.015406543
"1319","DE","60+",2024-12-05,2024-12-08,1,"quantile",0.25,153812.970667567
"1320","DE","60+",2024-12-05,2024-12-08,1,"quantile",0.5,177380.703780758
"1321","DE","60+",2024-12-05,2024-12-08,1,"quantile",0.75,204559.563066754
"1322","DE","60+",2024-12-05,2024-12-08,1,"quantile",0.9,232564.697509362
"1323","DE","60+",2024-12-05,2024-12-08,1,"quantile",0.975,268421.487124338
"1324","DE","60+",2024-12-05,2024-12-15,2,"quantile",0.025,111381.942618975
"1325","DE","60+",2024-12-05,2024-12-15,2,"quantile",0.1,129282.264728595
"1326","DE","60+",2024-12-05,2024-12-15,2,"quantile",0.25,147725.642104092
"1327","DE","60+",2024-12-05,2024-12-15,2,"quantile",0.5,171319.108588234
"1328","DE","60+",2024-12-05,2024-12-15,2,"quantile",0.75,198680.72021502
"1329","DE","60+",2024-12-05,2024-12-15,2,"quantile",0.9,227024.464872136
"1330","DE","60+",2024-12-05,2024-12-15,2,"quantile",0.975,263509.831821403
"1331","DE","60+",2024-12-05,2024-12-22,3,"quantile",0.025,103209.06647887
"1332","DE","60+",2024-12-05,2024-12-22,3,"quantile",0.1,122446.389465374
"1333","DE","60+",2024-12-05,2024-12-22,3,"quantile",0.25,142681.389246666
"1334","DE","60+",2024-12-05,2024-12-22,3,"quantile",0.5,169108.822833446
"1335","DE","60+",2024-12-05,2024-12-22,3,"quantile",0.75,200431.143200283
"1336","DE","60+",2024-12-05,2024-12-22,3,"quantile",0.9,233553.590963176
"1337","DE","60+",2024-12-05,2024-12-22,3,"quantile",0.975,277086.063616016
"1338","DE","60+",2024-12-05,2024-12-29,4,"quantile",0.025,103604.062128058
"1339","DE","60+",2024-12-05,2024-12-29,4,"quantile",0.1,126089.805126571
"1340","DE","60+",2024-12-05,2024-12-29,4,"quantile",0.25,150318.204375342
"1341","DE","60+",2024-12-05,2024-12-29,4,"quantile",0.5,182734.914771028
"1342","DE","60+",2024-12-05,2024-12-29,4,"quantile",0.75,222142.415917872
"1343","DE","60+",2024-12-05,2024-12-29,4,"quantile",0.9,264827.509590134
"1344","DE","60+",2024-12-05,2024-12-29,4,"quantile",0.975,322304.438556678
"1345","DE","00+",2024-12-12,2024-12-15,1,"quantile",0.025,1008386.41262469
"1346","DE","00+",2024-12-12,2024-12-15,1,"quantile",0.1,1159603.00150603
"1347","DE","00+",2024-12-12,2024-12-15,1,"quantile",0.25,1314042.88168669
"1348","DE","00+",2024-12-12,2024-12-15,1,"quantile",0.5,1509875.05592174
"1349","DE","00+",2024-12-12,2024-12-15,1,"quantile",0.75,1734892.15326706
"1350","DE","00+",2024-12-12,2024-12-15,1,"quantile",0.9,1965951.00351922
"1351","DE","00+",2024-12-12,2024-12-15,1,"quantile",0.975,2260762.99318718
"1352","DE","00+",2024-12-12,2024-12-22,2,"quantile",0.025,908370.542136991
"1353","DE","00+",2024-12-12,2024-12-22,2,"quantile",0.1,1077380.2271882
"1354","DE","00+",2024-12-12,2024-12-22,2,"quantile",0.25,1255107.77788442
"1355","DE","00+",2024-12-12,2024-12-22,2,"quantile",0.5,1487162.71820769
"1356","DE","00+",2024-12-12,2024-12-22,2,"quantile",0.75,1762121.93836834
"1357","DE","00+",2024-12-12,2024-12-22,2,"quantile",0.9,2052806.330221
"1358","DE","00+",2024-12-12,2024-12-22,2,"quantile",0.975,2434747.54831199
"1359","DE","00+",2024-12-12,2024-12-29,3,"quantile",0.025,893259.084382205
"1360","DE","00+",2024-12-12,2024-12-29,3,"quantile",0.1,1081099.02776152
"1361","DE","00+",2024-12-12,2024-12-29,3,"quantile",0.25,1282436.69625851
"1362","DE","00+",2024-12-12,2024-12-29,3,"quantile",0.5,1550403.36529062
"1363","DE","00+",2024-12-12,2024-12-29,3,"quantile",0.75,1874361.98770464
"1364","DE","00+",2024-12-12,2024-12-29,3,"quantile",0.9,2223432.38998335
"1365","DE","00+",2024-12-12,2024-12-29,3,"quantile",0.975,2690989.25175438
"1366","DE","00+",2024-12-12,2025-01-05,4,"quantile",0.025,544662.180485079
"1367","DE","00+",2024-12-12,2025-01-05,4,"quantile",0.1,677197.74112993
"1368","DE","00+",2024-12-12,2025-01-05,4,"quantile",0.25,822916.285661457
"1369","DE","00+",2024-12-12,2025-01-05,4,"quantile",0.5,1021873.21536536
"1370","DE","00+",2024-12-12,2025-01-05,4,"quantile",0.75,1268932.07301371
"1371","DE","00+",2024-12-12,2025-01-05,4,"quantile",0.9,1541979.25489062
"1372","DE","00+",2024-12-12,2025-01-05,4,"quantile",0.975,1917197.31182941
"1373","DE","00-04",2024-12-12,2024-12-15,1,"quantile",0.025,130436.153651241
"1374","DE","00-04",2024-12-12,2024-12-15,1,"quantile",0.1,148560.796222383
"1375","DE","00-04",2024-12-12,2024-12-15,1,"quantile",0.25,166904.301013185
"1376","DE","00-04",2024-12-12,2024-12-15,1,"quantile",0.5,189953.384752402
"1377","DE","00-04",2024-12-12,2024-12-15,1,"quantile",0.75,216185.491685104
"1378","DE","00-04",2024-12-12,2024-12-15,1,"quantile",0.9,242878.937757454
"1379","DE","00-04",2024-12-12,2024-12-15,1,"quantile",0.975,276627.969844698
"1380","DE","00-04",2024-12-12,2024-12-22,2,"quantile",0.025,127418.48363512
"1381","DE","00-04",2024-12-12,2024-12-22,2,"quantile",0.1,147541.382416461
"1382","DE","00-04",2024-12-12,2024-12-22,2,"quantile",0.25,168227.776540399
"1383","DE","00-04",2024-12-12,2024-12-22,2,"quantile",0.5,194630.50372486
"1384","DE","00-04",2024-12-12,2024-12-22,2,"quantile",0.75,225177.041266404
"1385","DE","00-04",2024-12-12,2024-12-22,2,"quantile",0.9,256748.529529614
"1386","DE","00-04",2024-12-12,2024-12-22,2,"quantile",0.975,297296.215584156
"1387","DE","00-04",2024-12-12,2024-12-29,3,"quantile",0.025,122643.194668427
"1388","DE","00-04",2024-12-12,2024-12-29,3,"quantile",0.1,144143.422940604
"1389","DE","00-04",2024-12-12,2024-12-29,3,"quantile",0.25,166559.030124342
"1390","DE","00-04",2024-12-12,2024-12-29,3,"quantile",0.5,195575.268489826
"1391","DE","00-04",2024-12-12,2024-12-29,3,"quantile",0.75,229646.423951392
"1392","DE","00-04",2024-12-12,2024-12-29,3,"quantile",0.9,265358.521842712
"1393","DE","00-04",2024-12-12,2024-12-29,3,"quantile",0.975,311877.766624375
"1394","DE","00-04",2024-12-12,2025-01-05,4,"quantile",0.025,115753.532779063
"1395","DE","00-04",2024-12-12,2025-01-05,4,"quantile",0.1,138003.562950161
"1396","DE","00-04",2024-12-12,2025-01-05,4,"quantile",0.25,161516.076676146
"1397","DE","00-04",2024-12-12,2025-01-05,4,"quantile",0.5,192366.87981488
"1398","DE","00-04",2024-12-12,2025-01-05,4,"quantile",0.75,229110.421768793
"1399","DE","00-04",2024-12-12,2025-01-05,4,"quantile",0.9,268145.37000814
"1400","DE","00-04",2024-12-12,2025-01-05,4,"quantile",0.975,319688.009180191
"1401","DE","05-14",2024-12-12,2024-12-15,1,"quantile",0.025,86495.046334242
"1402","DE","05-14",2024-12-12,2024-12-15,1,"quantile",0.1,105619.652394549
"1403","DE","05-14",2024-12-12,2024-12-15,1,"quantile",0.25,126291.498037427
"1404","DE","05-14",2024-12-12,2024-12-15,1,"quantile",0.5,154037.333817735
"1405","DE","05-14",2024-12-12,2024-12-15,1,"quantile",0.75,187878.840447713
"1406","DE","05-14",2024-12-12,2024-12-15,1,"quantile",0.9,224650.428890268
"1407","DE","05-14",2024-12-12,2024-12-15,1,"quantile",0.975,274322.070630339
"1408","DE","05-14",2024-12-12,2024-12-22,2,"quantile",0.025,73579.2706463265
"1409","DE","05-14",2024-12-12,2024-12-22,2,"quantile",0.1,92221.5198503472
"1410","DE","05-14",2024-12-12,2024-12-22,2,"quantile",0.25,112874.035047431
"1411","DE","05-14",2024-12-12,2024-12-22,2,"quantile",0.5,141287.504525464
"1412","DE","05-14",2024-12-12,2024-12-22,2,"quantile",0.75,176853.418296287
"1413","DE","05-14",2024-12-12,2024-12-22,2,"quantile",0.9,216458.793646285
"1414","DE","05-14",2024-12-12,2024-12-22,2,"quantile",0.975,271301.397250663
"1415","DE","05-14",2024-12-12,2024-12-29,3,"quantile",0.025,74454.3362683925
"1416","DE","05-14",2024-12-12,2024-12-29,3,"quantile",0.1,93813.6139373658
"1417","DE","05-14",2024-12-12,2024-12-29,3,"quantile",0.25,115367.880699423
"1418","DE","05-14",2024-12-12,2024-12-29,3,"quantile",0.5,145171.177148562
"1419","DE","05-14",2024-12-12,2024-12-29,3,"quantile",0.75,182673.639724793
"1420","DE","05-14",2024-12-12,2024-12-29,3,"quantile",0.9,224644.055272934
"1421","DE","05-14",2024-12-12,2024-12-29,3,"quantile",0.975,283054.980152257
"1422","DE","05-14",2024-12-12,2025-01-05,4,"quantile",0.025,72623.6348685562
"1423","DE","05-14",2024-12-12,2025-01-05,4,"quantile",0.1,92038.5119882253
"1424","DE","05-14",2024-12-12,2025-01-05,4,"quantile",0.25,113773.151068475
"1425","DE","05-14",2024-12-12,2025-01-05,4,"quantile",0.5,143991.368956307
"1426","DE","05-14",2024-12-12,2025-01-05,4,"quantile",0.75,182235.56383204
"1427","DE","05-14",2024-12-12,2025-01-05,4,"quantile",0.9,225269.986291868
"1428","DE","05-14",2024-12-12,2025-01-05,4,"quantile",0.975,285492.654993621
"1429","DE","15-34",2024-12-12,2024-12-15,1,"quantile",0.025,223192.4354562
"1430","DE","15-34",2024-12-12,2024-12-15,1,"quantile",0.1,264139.239553567
"1431","DE","15-34",2024-12-12,2024-12-15,1,"quantile",0.25,307109.049773378
"1432","DE","15-34",2024-12-12,2024-12-15,1,"quantile",0.5,363097.353488226
"1433","DE","15-34",2024-12-12,2024-12-15,1,"quantile",0.75,429292.748642352
"1434","DE","15-34",2024-12-12,2024-12-15,1,"quantile",0.9,499129.505835566
"1435","DE","15-34",2024-12-12,2024-12-15,1,"quantile",0.975,590699.625821444
"1436","DE","15-34",2024-12-12,2024-12-22,2,"quantile",0.025,198068.548753341
"1437","DE","15-34",2024-12-12,2024-12-22,2,"quantile",0.1,239098.05564925
"1438","DE","15-34",2024-12-12,2024-12-22,2,"quantile",0.25,282968.164415002
"1439","DE","15-34",2024-12-12,2024-12-22,2,"quantile",0.5,341212.829794533
"1440","DE","15-34",2024-12-12,2024-12-22,2,"quantile",0.75,411446.268017776
"1441","DE","15-34",2024-12-12,2024-12-22,2,"quantile",0.9,486939.113328413
"1442","DE","15-34",2024-12-12,2024-12-22,2,"quantile",0.975,587807.584541759
"1443","DE","15-34",2024-12-12,2024-12-29,3,"quantile",0.025,189212.179926875
"1444","DE","15-34",2024-12-12,2024-12-29,3,"quantile",0.1,231053.574033053
"1445","DE","15-34",2024-12-12,2024-12-29,3,"quantile",0.25,276281.059231188
"1446","DE","15-34",2024-12-12,2024-12-29,3,"quantile",0.5,336986.913155718
"1447","DE","15-34",2024-12-12,2024-12-29,3,"quantile",0.75,411031.360435004
"1448","DE","15-34",2024-12-12,2024-12-29,3,"quantile",0.9,491488.522146703
"1449","DE","15-34",2024-12-12,2024-12-29,3,"quantile",0.975,600173.729207638
"1450","DE","15-34",2024-12-12,2025-01-05,4,"quantile",0.025,178520.869229883
"1451","DE","15-34",2024-12-12,2025-01-05,4,"quantile",0.1,221960.296389989
"1452","DE","15-34",2024-12-12,2025-01-05,4,"quantile",0.25,269720.330546007
"1453","DE","15-34",2024-12-12,2025-01-05,4,"quantile",0.5,334929.249441032
"1454","DE","15-34",2024-12-12,2025-01-05,4,"quantile",0.75,415903.398546364
"1455","DE","15-34",2024-12-12,2025-01-05,4,"quantile",0.9,505394.901500918
"1456","DE","15-34",2024-12-12,2025-01-05,4,"quantile",0.975,628372.484489089
"1457","DE","35-59",2024-12-12,2024-12-15,1,"quantile",0.025,288386.239524674
"1458","DE","35-59",2024-12-12,2024-12-15,1,"quantile",0.1,338790.003264364
"1459","DE","35-59",2024-12-12,2024-12-15,1,"quantile",0.25,391317.399631808
"1460","DE","35-59",2024-12-12,2024-12-15,1,"quantile",0.5,459283.366247103
"1461","DE","35-59",2024-12-12,2024-12-15,1,"quantile",0.75,539054.002479178
"1462","DE","35-59",2024-12-12,2024-12-15,1,"quantile",0.9,622631.15345428
"1463","DE","35-59",2024-12-12,2024-12-15,1,"quantile",0.975,731453.799109656
"1464","DE","35-59",2024-12-12,2024-12-22,2,"quantile",0.025,263014.993100723
"1465","DE","35-59",2024-12-12,2024-12-22,2,"quantile",0.1,316274.955120486
"1466","DE","35-59",2024-12-12,2024-12-22,2,"quantile",0.25,373015.090315394
"1467","DE","35-59",2024-12-12,2024-12-22,2,"quantile",0.5,448071.829502569
"1468","DE","35-59",2024-12-12,2024-12-22,2,"quantile",0.75,538231.212640819
"1469","DE","35-59",2024-12-12,2024-12-22,2,"quantile",0.9,634790.586935016
"1470","DE","35-59",2024-12-12,2024-12-22,2,"quantile",0.975,763334.295231198
"1471","DE","35-59",2024-12-12,2024-12-29,3,"quantile",0.025,240052.619004514
"1472","DE","35-59",2024-12-12,2024-12-29,3,"quantile",0.1,294713.132617174
"1473","DE","35-59",2024-12-12,2024-12-29,3,"quantile",0.25,354097.087997451
"1474","DE","35-59",2024-12-12,2024-12-29,3,"quantile",0.5,434210.426644289
"1475","DE","35-59",2024-12-12,2024-12-29,3,"quantile",0.75,532449.153063841
"1476","DE","35-59",2024-12-12,2024-12-29,3,"quantile",0.9,639736.318949598
"1477","DE","35-59",2024-12-12,2024-12-29,3,"quantile",0.975,785405.697252859
"1478","DE","35-59",2024-12-12,2025-01-05,4,"quantile",0.025,223825.218170826
"1479","DE","35-59",2024-12-12,2025-01-05,4,"quantile",0.1,282752.712784733
"1480","DE","35-59",2024-12-12,2025-01-05,4,"quantile",0.25,348521.624506211
"1481","DE","35-59",2024-12-12,2025-01-05,4,"quantile",0.5,439683.957692842
"1482","DE","35-59",2024-12-12,2025-01-05,4,"quantile",0.75,554691.499921536
"1483","DE","35-59",2024-12-12,2025-01-05,4,"quantile",0.9,683713.980136494
"1484","DE","35-59",2024-12-12,2025-01-05,4,"quantile",0.975,863718.504252256
"1485","DE","60+",2024-12-12,2024-12-15,1,"quantile",0.025,107597.483652166
"1486","DE","60+",2024-12-12,2024-12-15,1,"quantile",0.1,124186.847281878
"1487","DE","60+",2024-12-12,2024-12-15,1,"quantile",0.25,141188.59142912
"1488","DE","60+",2024-12-12,2024-12-15,1,"quantile",0.5,162821.975317273
"1489","DE","60+",2024-12-12,2024-12-15,1,"quantile",0.75,187770.097979397
"1490","DE","60+",2024-12-12,2024-12-15,1,"quantile",0.9,213476.67829947
"1491","DE","60+",2024-12-12,2024-12-15,1,"quantile",0.975,246390.480022021
"1492","DE","60+",2024-12-12,2024-12-22,2,"quantile",0.025,101407.119586457
"1493","DE","60+",2024-12-12,2024-12-22,2,"quantile",0.1,117704.376234387
"1494","DE","60+",2024-12-12,2024-12-22,2,"quantile",0.25,134496.054769688
"1495","DE","60+",2024-12-12,2024-12-22,2,"quantile",0.5,155976.605574957
"1496","DE","60+",2024-12-12,2024-12-22,2,"quantile",0.75,180887.844839364
"1497","DE","60+",2024-12-12,2024-12-22,2,"quantile",0.9,206693.262094518
"1498","DE","60+",2024-12-12,2024-12-22,2,"quantile",0.975,239911.177695406
"1499","DE","60+",2024-12-12,2024-12-29,3,"quantile",0.025,96798.9189173126
"1500","DE","60+",2024-12-12,2024-12-29,3,"quantile",0.1,114841.443004458
"1501","DE","60+",2024-12-12,2024-12-29,3,"quantile",0.25,133819.679800371
"1502","DE","60+",2024-12-12,2024-12-29,3,"quantile",0.5,158605.748391381
"1503","DE","60+",2024-12-12,2024-12-29,3,"quantile",0.75,187982.69029127
"1504","DE","60+",2024-12-12,2024-12-29,3,"quantile",0.9,219047.956597109
"1505","DE","60+",2024-12-12,2024-12-29,3,"quantile",0.975,259876.698047407
"1506","DE","60+",2024-12-12,2025-01-05,4,"quantile",0.025,83998.7119279924
"1507","DE","60+",2024-12-12,2025-01-05,4,"quantile",0.1,102229.401051787
"1508","DE","60+",2024-12-12,2025-01-05,4,"quantile",0.25,121872.977637215
"1509","DE","60+",2024-12-12,2025-01-05,4,"quantile",0.5,148155.363310614
"1510","DE","60+",2024-12-12,2025-01-05,4,"quantile",0.75,180105.648546962
"1511","DE","60+",2024-12-12,2025-01-05,4,"quantile",0.9,214713.296291158
"1512","DE","60+",2024-12-12,2025-01-05,4,"quantile",0.975,261313.669863372
"1513","DE","00+",2024-12-19,2024-12-22,1,"quantile",0.025,1089700.83651983
"1514","DE","00+",2024-12-19,2024-12-22,1,"quantile",0.1,1253111.25274189
"1515","DE","00+",2024-12-19,2024-12-22,1,"quantile",0.25,1420004.88053963
"1516","DE","00+",2024-12-19,2024-12-22,1,"quantile",0.5,1631628.60078194
"1517","DE","00+",2024-12-19,2024-12-22,1,"quantile",0.75,1874790.66260528
"1518","DE","00+",2024-12-19,2024-12-22,1,"quantile",0.9,2124481.67316712
"1519","DE","00+",2024-12-19,2024-12-22,1,"quantile",0.975,2443066.75893902
"1520","DE","00+",2024-12-19,2024-12-29,2,"quantile",0.025,1028952.13022648
"1521","DE","00+",2024-12-19,2024-12-29,2,"quantile",0.1,1220396.99484443
"1522","DE","00+",2024-12-19,2024-12-29,2,"quantile",0.25,1421716.97761114
"1523","DE","00+",2024-12-19,2024-12-29,2,"quantile",0.5,1684576.03578081
"1524","DE","00+",2024-12-19,2024-12-29,2,"quantile",0.75,1996034.69960332
"1525","DE","00+",2024-12-19,2024-12-29,2,"quantile",0.9,2325305.9720036
"1526","DE","00+",2024-12-19,2024-12-29,2,"quantile",0.975,2757947.95206107
"1527","DE","00+",2024-12-19,2025-01-05,3,"quantile",0.025,905200.143056192
"1528","DE","00+",2024-12-19,2025-01-05,3,"quantile",0.1,1095551.12474951
"1529","DE","00+",2024-12-19,2025-01-05,3,"quantile",0.25,1299580.26871519
"1530","DE","00+",2024-12-19,2025-01-05,3,"quantile",0.5,1571129.10754947
"1531","DE","00+",2024-12-19,2025-01-05,3,"quantile",0.75,1899418.39839533
"1532","DE","00+",2024-12-19,2025-01-05,3,"quantile",0.9,2253155.16257042
"1533","DE","00+",2024-12-19,2025-01-05,3,"quantile",0.975,2726962.30941266
"1534","DE","00+",2024-12-19,2025-01-12,4,"quantile",0.025,632852.533377432
"1535","DE","00+",2024-12-19,2025-01-12,4,"quantile",0.1,786847.924138716
"1536","DE","00+",2024-12-19,2025-01-12,4,"quantile",0.25,956160.854925868
"1537","DE","00+",2024-12-19,2025-01-12,4,"quantile",0.5,1187332.39851271
"1538","DE","00+",2024-12-19,2025-01-12,4,"quantile",0.75,1474394.41522341
"1539","DE","00+",2024-12-19,2025-01-12,4,"quantile",0.9,1791652.72133248
"1540","DE","00+",2024-12-19,2025-01-12,4,"quantile",0.975,2227625.15784568
"1541","DE","00-04",2024-12-19,2024-12-22,1,"quantile",0.025,143064.085544648
"1542","DE","00-04",2024-12-19,2024-12-22,1,"quantile",0.1,162943.431436717
"1543","DE","00-04",2024-12-19,2024-12-22,1,"quantile",0.25,183062.828284286
"1544","DE","00-04",2024-12-19,2024-12-22,1,"quantile",0.5,208343.365892056
"1545","DE","00-04",2024-12-19,2024-12-22,1,"quantile",0.75,237115.08512161
"1546","DE","00-04",2024-12-19,2024-12-22,1,"quantile",0.9,266392.807175473
"1547","DE","00-04",2024-12-19,2024-12-22,1,"quantile",0.975,303409.188588318
"1548","DE","00-04",2024-12-19,2024-12-29,2,"quantile",0.025,126898.544115972
"1549","DE","00-04",2024-12-19,2024-12-29,2,"quantile",0.1,146939.330082769
"1550","DE","00-04",2024-12-19,2024-12-29,2,"quantile",0.25,167541.312012284
"1551","DE","00-04",2024-12-19,2024-12-29,2,"quantile",0.5,193836.301128571
"1552","DE","00-04",2024-12-19,2024-12-29,2,"quantile",0.75,224258.191510708
"1553","DE","00-04",2024-12-19,2024-12-29,2,"quantile",0.9,255700.85023555
"1554","DE","00-04",2024-12-19,2024-12-29,2,"quantile",0.975,296083.078785118
"1555","DE","00-04",2024-12-19,2025-01-05,3,"quantile",0.025,120045.725563891
"1556","DE","00-04",2024-12-19,2025-01-05,3,"quantile",0.1,141090.598943948
"1557","DE","00-04",2024-12-19,2025-01-05,3,"quantile",0.25,163031.464359286
"1558","DE","00-04",2024-12-19,2025-01-05,3,"quantile",0.5,191433.165710401
"1559","DE","00-04",2024-12-19,2025-01-05,3,"quantile",0.75,224782.725702227
"1560","DE","00-04",2024-12-19,2025-01-05,3,"quantile",0.9,259738.474485211
"1561","DE","00-04",2024-12-19,2025-01-05,3,"quantile",0.975,305272.484811645
"1562","DE","00-04",2024-12-19,2025-01-12,4,"quantile",0.025,113598.682769019
"1563","DE","00-04",2024-12-19,2025-01-12,4,"quantile",0.1,135434.509791526
"1564","DE","00-04",2024-12-19,2025-01-12,4,"quantile",0.25,158509.318168722
"1565","DE","00-04",2024-12-19,2025-01-12,4,"quantile",0.5,188785.807488626
"1566","DE","00-04",2024-12-19,2025-01-12,4,"quantile",0.75,224845.33730185
"1567","DE","00-04",2024-12-19,2025-01-12,4,"quantile",0.9,263153.616932592
"1568","DE","00-04",2024-12-19,2025-01-12,4,"quantile",0.975,313736.74624027
"1569","DE","05-14",2024-12-19,2024-12-22,1,"quantile",0.025,105429.649612386
"1570","DE","05-14",2024-12-19,2024-12-22,1,"quantile",0.1,128740.817145859
"1571","DE","05-14",2024-12-19,2024-12-22,1,"quantile",0.25,153937.92999031
"1572","DE","05-14",2024-12-19,2024-12-22,1,"quantile",0.5,187757.597919231
"1573","DE","05-14",2024-12-19,2024-12-22,1,"quantile",0.75,229007.338078527
"1574","DE","05-14",2024-12-19,2024-12-22,1,"quantile",0.9,273828.583334681
"1575","DE","05-14",2024-12-19,2024-12-22,1,"quantile",0.975,334373.82848191
"1576","DE","05-14",2024-12-19,2024-12-29,2,"quantile",0.025,79377.9246918992
"1577","DE","05-14",2024-12-19,2024-12-29,2,"quantile",0.1,99489.3370558141
"1578","DE","05-14",2024-12-19,2024-12-29,2,"quantile",0.25,121769.440971118
"1579","DE","05-14",2024-12-19,2024-12-29,2,"quantile",0.5,152422.126444231
"1580","DE","05-14",2024-12-19,2024-12-29,2,"quantile",0.75,190790.927875669
"1581","DE","05-14",2024-12-19,2024-12-29,2,"quantile",0.9,233517.533811162
"1582","DE","05-14",2024-12-19,2024-12-29,2,"quantile",0.975,292682.187396014
"1583","DE","05-14",2024-12-19,2025-01-05,3,"quantile",0.025,68946.0058645374
"1584","DE","05-14",2024-12-19,2025-01-05,3,"quantile",0.1,86873.0325307447
"1585","DE","05-14",2024-12-19,2025-01-05,3,"quantile",0.25,106832.657141803
"1586","DE","05-14",2024-12-19,2025-01-05,3,"quantile",0.5,134431.026219431
"1587","DE","05-14",2024-12-19,2025-01-05,3,"quantile",0.75,169158.956576565
"1588","DE","05-14",2024-12-19,2025-01-05,3,"quantile",0.9,208024.288826497
"1589","DE","05-14",2024-12-19,2025-01-05,3,"quantile",0.975,262113.81767228
"1590","DE","05-14",2024-12-19,2025-01-12,4,"quantile",0.025,70459.9276957067
"1591","DE","05-14",2024-12-19,2025-01-12,4,"quantile",0.1,89296.3690353456
"1592","DE","05-14",2024-12-19,2025-01-12,4,"quantile",0.25,110383.458670262
"1593","DE","05-14",2024-12-19,2025-01-12,4,"quantile",0.5,139701.372202453
"1594","DE","05-14",2024-12-19,2025-01-12,4,"quantile",0.75,176806.141339964
"1595","DE","05-14",2024-12-19,2025-01-12,4,"quantile",0.9,218558.420751949
"1596","DE","05-14",2024-12-19,2025-01-12,4,"quantile",0.975,276986.849596747
"1597","DE","15-34",2024-12-19,2024-12-22,1,"quantile",0.025,232710.102795349
"1598","DE","15-34",2024-12-19,2024-12-22,1,"quantile",0.1,275403.014726539
"1599","DE","15-34",2024-12-19,2024-12-22,1,"quantile",0.25,320205.200485702
"1600","DE","15-34",2024-12-19,2024-12-22,1,"quantile",0.5,378581.031575984
"1601","DE","15-34",2024-12-19,2024-12-22,1,"quantile",0.75,447599.218412868
"1602","DE","15-34",2024-12-19,2024-12-22,1,"quantile",0.9,520414.04707007
"1603","DE","15-34",2024-12-19,2024-12-22,1,"quantile",0.975,615889.021351077
"1604","DE","15-34",2024-12-19,2024-12-29,2,"quantile",0.025,204137.434718541
"1605","DE","15-34",2024-12-19,2024-12-29,2,"quantile",0.1,246424.099301154
"1606","DE","15-34",2024-12-19,2024-12-29,2,"quantile",0.25,291638.402736156
"1607","DE","15-34",2024-12-19,2024-12-29,2,"quantile",0.5,351667.703962693
"1608","DE","15-34",2024-12-19,2024-12-29,2,"quantile",0.75,424053.118005436
"1609","DE","15-34",2024-12-19,2024-12-29,2,"quantile",0.9,501859.089111472
"1610","DE","15-34",2024-12-19,2024-12-29,2,"quantile",0.975,605818.203706268
"1611","DE","15-34",2024-12-19,2025-01-05,3,"quantile",0.025,188906.626237423
"1612","DE","15-34",2024-12-19,2025-01-05,3,"quantile",0.1,230680.451795182
"1613","DE","15-34",2024-12-19,2025-01-05,3,"quantile",0.25,275834.900336944
"1614","DE","15-34",2024-12-19,2025-01-05,3,"quantile",0.5,336442.722001366
"1615","DE","15-34",2024-12-19,2025-01-05,3,"quantile",0.75,410367.596882838
"1616","DE","15-34",2024-12-19,2025-01-05,3,"quantile",0.9,490694.830475674
"1617","DE","15-34",2024-12-19,2025-01-05,3,"quantile",0.975,599204.524702187
"1618","DE","15-34",2024-12-19,2025-01-12,4,"quantile",0.025,182343.760481659
"1619","DE","15-34",2024-12-19,2025-01-12,4,"quantile",0.1,226713.410571941
"1620","DE","15-34",2024-12-19,2025-01-12,4,"quantile",0.25,275496.190234112
"1621","DE","15-34",2024-12-19,2025-01-12,4,"quantile",0.5,342101.509486457
"1622","DE","15-34",2024-12-19,2025-01-12,4,"quantile",0.75,424809.659594418
"1623","DE","15-34",2024-12-19,2025-01-12,4,"quantile",0.9,516217.556330993
"1624","DE","15-34",2024-12-19,2025-01-12,4,"quantile",0.975,641828.612527076
"1625","DE","35-59",2024-12-19,2024-12-22,1,"quantile",0.025,299910.265468718
"1626","DE","35-59",2024-12-19,2024-12-22,1,"quantile",0.1,352328.183149911
"1627","DE","35-59",2024-12-19,2024-12-22,1,"quantile",0.25,406954.594642033
"1628","DE","35-59",2024-12-19,2024-12-22,1,"quantile",0.5,477636.507634928
"1629","DE","35-59",2024-12-19,2024-12-22,1,"quantile",0.75,560594.809419377
"1630","DE","35-59",2024-12-19,2024-12-22,1,"quantile",0.9,647511.735751839
"1631","DE","35-59",2024-12-19,2024-12-22,1,"quantile",0.975,760682.976520141
"1632","DE","35-59",2024-12-19,2024-12-29,2,"quantile",0.025,266558.452478549
"1633","DE","35-59",2024-12-19,2024-12-29,2,"quantile",0.1,320535.957288009
"1634","DE","35-59",2024-12-19,2024-12-29,2,"quantile",0.25,378040.521771853
"1635","DE","35-59",2024-12-19,2024-12-29,2,"quantile",0.5,454108.459990712
"1636","DE","35-59",2024-12-19,2024-12-29,2,"quantile",0.75,545482.511950362
"1637","DE","35-59",2024-12-19,2024-12-29,2,"quantile",0.9,643342.778700635
"1638","DE","35-59",2024-12-19,2024-12-29,2,"quantile",0.975,773618.287162477
"1639","DE","35-59",2024-12-19,2025-01-05,3,"quantile",0.025,244251.460160212
"1640","DE","35-59",2024-12-19,2025-01-05,3,"quantile",0.1,299868.059214056
"1641","DE","35-59",2024-12-19,2025-01-05,3,"quantile",0.25,360290.719345287
"1642","DE","35-59",2024-12-19,2025-01-05,3,"quantile",0.5,441805.34736287
"1643","DE","35-59",2024-12-19,2025-01-05,3,"quantile",0.75,541762.400411327
"1644","DE","35-59",2024-12-19,2025-01-05,3,"quantile",0.9,650926.162226208
"1645","DE","35-59",2024-12-19,2025-01-05,3,"quantile",0.975,799143.492654635
"1646","DE","35-59",2024-12-19,2025-01-12,4,"quantile",0.025,227935.856831835
"1647","DE","35-59",2024-12-19,2025-01-12,4,"quantile",0.1,287945.578191843
"1648","DE","35-59",2024-12-19,2025-01-12,4,"quantile",0.25,354922.361990581
"1649","DE","35-59",2024-12-19,2025-01-12,4,"quantile",0.5,447758.927483505
"1650","DE","35-59",2024-12-19,2025-01-12,4,"quantile",0.75,564878.628714014
"1651","DE","35-59",2024-12-19,2025-01-12,4,"quantile",0.9,696270.657810217
"1652","DE","35-59",2024-12-19,2025-01-12,4,"quantile",0.975,879581.036208324
"1653","DE","60+",2024-12-19,2024-12-22,1,"quantile",0.025,111055.568493839
"1654","DE","60+",2024-12-19,2024-12-22,1,"quantile",0.1,128178.099117365
"1655","DE","60+",2024-12-19,2024-12-22,1,"quantile",0.25,145726.263791575
"1656","DE","60+",2024-12-19,2024-12-22,1,"quantile",0.5,168054.924877284
"1657","DE","60+",2024-12-19,2024-12-22,1,"quantile",0.75,193804.857413372
"1658","DE","60+",2024-12-19,2024-12-22,1,"quantile",0.9,220337.623743738
"1659","DE","60+",2024-12-19,2024-12-22,1,"quantile",0.975,254309.244989156
"1660","DE","60+",2024-12-19,2024-12-29,2,"quantile",0.025,103132.235420972
"1661","DE","60+",2024-12-19,2024-12-29,2,"quantile",0.1,119706.737449868
"1662","DE","60+",2024-12-19,2024-12-29,2,"quantile",0.25,136784.072363611
"1663","DE","60+",2024-12-19,2024-12-29,2,"quantile",0.5,158630.045621263
"1664","DE","60+",2024-12-19,2024-12-29,2,"quantile",0.75,183965.069463001
"1665","DE","60+",2024-12-19,2024-12-29,2,"quantile",0.9,210209.482856736
"1666","DE","60+",2024-12-19,2024-12-29,2,"quantile",0.975,243992.49440381
"1667","DE","60+",2024-12-19,2025-01-05,3,"quantile",0.025,97021.9815861013
"1668","DE","60+",2024-12-19,2025-01-05,3,"quantile",0.1,115106.082724102
"1669","DE","60+",2024-12-19,2025-01-05,3,"quantile",0.25,134128.05281989
"1670","DE","60+",2024-12-19,2025-01-05,3,"quantile",0.5,158971.238232767
"1671","DE","60+",2024-12-19,2025-01-05,3,"quantile",0.75,188415.876126932
"1672","DE","60+",2024-12-19,2025-01-05,3,"quantile",0.9,219552.728988555
"1673","DE","60+",2024-12-19,2025-01-05,3,"quantile",0.975,260475.555870107
"1674","DE","60+",2024-12-19,2025-01-12,4,"quantile",0.025,90100.2403476108
"1675","DE","60+",2024-12-19,2025-01-12,4,"quantile",0.1,109655.176775262
"1676","DE","60+",2024-12-19,2025-01-12,4,"quantile",0.25,130725.630488302
"1677","DE","60+",2024-12-19,2025-01-12,4,"quantile",0.5,158917.125473509
"1678","DE","60+",2024-12-19,2025-01-12,4,"quantile",0.75,193188.226933225
"1679","DE","60+",2024-12-19,2025-01-12,4,"quantile",0.9,230309.717347156
"1680","DE","60+",2024-12-19,2025-01-12,4,"quantile",0.975,280295.065488498
"1681","DE","00+",2025-01-09,2025-01-12,1,"quantile",0.025,712421.886417451
"1682","DE","00+",2025-01-09,2025-01-12,1,"quantile",0.1,819255.939474605
"1683","DE","00+",2025-01-09,2025-01-12,1,"quantile",0.25,928367.237880547
"1684","DE","00+",2025-01-09,2025-01-12,1,"quantile",0.5,1066722.06420811
"1685","DE","00+",2025-01-09,2025-01-12,1,"quantile",0.75,1225695.94858412
"1686","DE","00+",2025-01-09,2025-01-12,1,"quantile",0.9,1388938.31273065
"1687","DE","00+",2025-01-09,2025-01-12,1,"quantile",0.975,1597222.07299181
"1688","DE","00+",2025-01-09,2025-01-19,2,"quantile",0.025,597903.698530444
"1689","DE","00+",2025-01-09,2025-01-19,2,"quantile",0.1,709148.516687861
"1690","DE","00+",2025-01-09,2025-01-19,2,"quantile",0.25,826131.570367734
"1691","DE","00+",2025-01-09,2025-01-19,2,"quantile",0.5,978873.761627188
"1692","DE","00+",2025-01-09,2025-01-19,2,"quantile",0.75,1159856.22093542
"1693","DE","00+",2025-01-09,2025-01-19,2,"quantile",0.9,1351189.23420652
"1694","DE","00+",2025-01-09,2025-01-19,2,"quantile",0.975,1602588.91784288
"1695","DE","00+",2025-01-09,2025-01-26,3,"quantile",0.025,588864.722687709
"1696","DE","00+",2025-01-09,2025-01-26,3,"quantile",0.1,712694.771664191
"1697","DE","00+",2025-01-09,2025-01-26,3,"quantile",0.25,845422.949187365
"1698","DE","00+",2025-01-09,2025-01-26,3,"quantile",0.5,1022075.07734151
"1699","DE","00+",2025-01-09,2025-01-26,3,"quantile",0.75,1235638.87723509
"1700","DE","00+",2025-01-09,2025-01-26,3,"quantile",0.9,1465757.15896352
"1701","DE","00+",2025-01-09,2025-01-26,3,"quantile",0.975,1773985.47319102
"1702","DE","00+",2025-01-09,2025-02-02,4,"quantile",0.025,660095.012233285
"1703","DE","00+",2025-01-09,2025-02-02,4,"quantile",0.1,820719.461038034
"1704","DE","00+",2025-01-09,2025-02-02,4,"quantile",0.25,997320.825850052
"1705","DE","00+",2025-01-09,2025-02-02,4,"quantile",0.5,1238443.63858111
"1706","DE","00+",2025-01-09,2025-02-02,4,"quantile",0.75,1537862.84833144
"1707","DE","00+",2025-01-09,2025-02-02,4,"quantile",0.9,1868778.21076908
"1708","DE","00+",2025-01-09,2025-02-02,4,"quantile",0.975,2323518.00501104
"1709","DE","00-04",2025-01-09,2025-01-12,1,"quantile",0.025,109417.720951179
"1710","DE","00-04",2025-01-09,2025-01-12,1,"quantile",0.1,124621.765440957
"1711","DE","00-04",2025-01-09,2025-01-12,1,"quantile",0.25,140009.404774705
"1712","DE","00-04",2025-01-09,2025-01-12,1,"quantile",0.5,159344.367836412
"1713","DE","00-04",2025-01-09,2025-01-12,1,"quantile",0.75,181349.442932373
"1714","DE","00-04",2025-01-09,2025-01-12,1,"quantile",0.9,203741.517152678
"1715","DE","00-04",2025-01-09,2025-01-12,1,"quantile",0.975,232052.24291333
"1716","DE","00-04",2025-01-09,2025-01-19,2,"quantile",0.025,111548.747314086
"1717","DE","00-04",2025-01-09,2025-01-19,2,"quantile",0.1,129165.376294029
"1718","DE","00-04",2025-01-09,2025-01-19,2,"quantile",0.25,147275.318314518
"1719","DE","00-04",2025-01-09,2025-01-19,2,"quantile",0.5,170389.634692166
"1720","DE","00-04",2025-01-09,2025-01-19,2,"quantile",0.75,197131.657515946
"1721","DE","00-04",2025-01-09,2025-01-19,2,"quantile",0.9,224770.975345905
"1722","DE","00-04",2025-01-09,2025-01-19,2,"quantile",0.975,260268.522144699
"1723","DE","00-04",2025-01-09,2025-01-26,3,"quantile",0.025,105137.377160534
"1724","DE","00-04",2025-01-09,2025-01-26,3,"quantile",0.1,123568.710550052
"1725","DE","00-04",2025-01-09,2025-01-26,3,"quantile",0.25,142784.763696178
"1726","DE","00-04",2025-01-09,2025-01-26,3,"quantile",0.5,167659.288573481
"1727","DE","00-04",2025-01-09,2025-01-26,3,"quantile",0.75,196867.202895531
"1728","DE","00-04",2025-01-09,2025-01-26,3,"quantile",0.9,227481.835165545
"1729","DE","00-04",2025-01-09,2025-01-26,3,"quantile",0.975,267361.026155765
"1730","DE","00-04",2025-01-09,2025-02-02,4,"quantile",0.025,114251.661975228
"1731","DE","00-04",2025-01-09,2025-02-02,4,"quantile",0.1,136213.004018231
"1732","DE","00-04",2025-01-09,2025-02-02,4,"quantile",0.25,159420.4492332
"1733","DE","00-04",2025-01-09,2025-02-02,4,"quantile",0.5,189870.97153906
"1734","DE","00-04",2025-01-09,2025-02-02,4,"quantile",0.75,226137.775966565
"1735","DE","00-04",2025-01-09,2025-02-02,4,"quantile",0.9,264666.256302234
"1736","DE","00-04",2025-01-09,2025-02-02,4,"quantile",0.975,315540.14366113
"1737","DE","05-14",2025-01-09,2025-01-12,1,"quantile",0.025,57157.7510081824
"1738","DE","05-14",2025-01-09,2025-01-12,1,"quantile",0.1,69795.6940772046
"1739","DE","05-14",2025-01-09,2025-01-12,1,"quantile",0.25,83456.0856974292
"1740","DE","05-14",2025-01-09,2025-01-12,1,"quantile",0.5,101791.119208093
"1741","DE","05-14",2025-01-09,2025-01-12,1,"quantile",0.75,124154.300588716
"1742","DE","05-14",2025-01-09,2025-01-12,1,"quantile",0.9,148453.741833629
"1743","DE","05-14",2025-01-09,2025-01-12,1,"quantile",0.975,181277.810390982
"1744","DE","05-14",2025-01-09,2025-01-19,2,"quantile",0.025,59320.7187771379
"1745","DE","05-14",2025-01-09,2025-01-19,2,"quantile",0.1,74350.3815162621
"1746","DE","05-14",2025-01-09,2025-01-19,2,"quantile",0.25,91000.7510467727
"1747","DE","05-14",2025-01-09,2025-01-19,2,"quantile",0.5,113908.119081051
"1748","DE","05-14",2025-01-09,2025-01-19,2,"quantile",0.75,142581.895680334
"1749","DE","05-14",2025-01-09,2025-01-19,2,"quantile",0.9,174512.347186074
"1750","DE","05-14",2025-01-09,2025-01-19,2,"quantile",0.975,218727.28213778
"1751","DE","05-14",2025-01-09,2025-01-26,3,"quantile",0.025,59770.0253231562
"1752","DE","05-14",2025-01-09,2025-01-26,3,"quantile",0.1,75311.155289602
"1753","DE","05-14",2025-01-09,2025-01-26,3,"quantile",0.25,92614.3660192789
"1754","DE","05-14",2025-01-09,2025-01-26,3,"quantile",0.5,116539.68552058
"1755","DE","05-14",2025-01-09,2025-01-26,3,"quantile",0.75,146645.697476442
"1756","DE","05-14",2025-01-09,2025-01-26,3,"quantile",0.9,180338.467110341
"1757","DE","05-14",2025-01-09,2025-01-26,3,"quantile",0.975,227229.254593839
"1758","DE","05-14",2025-01-09,2025-02-02,4,"quantile",0.025,67939.2967144239
"1759","DE","05-14",2025-01-09,2025-02-02,4,"quantile",0.1,86101.8838624596
"1760","DE","05-14",2025-01-09,2025-02-02,4,"quantile",0.25,106434.604692622
"1761","DE","05-14",2025-01-09,2025-02-02,4,"quantile",0.5,134703.700214739
"1762","DE","05-14",2025-01-09,2025-02-02,4,"quantile",0.75,170481.084642954
"1763","DE","05-14",2025-01-09,2025-02-02,4,"quantile",0.9,210739.719476144
"1764","DE","05-14",2025-01-09,2025-02-02,4,"quantile",0.975,267077.931757423
"1765","DE","15-34",2025-01-09,2025-01-12,1,"quantile",0.025,165250.898188229
"1766","DE","15-34",2025-01-09,2025-01-12,1,"quantile",0.1,195567.768655621
"1767","DE","15-34",2025-01-09,2025-01-12,1,"quantile",0.25,227382.465776909
"1768","DE","15-34",2025-01-09,2025-01-12,1,"quantile",0.5,268836.009925943
"1769","DE","15-34",2025-01-09,2025-01-12,1,"quantile",0.75,317846.848858657
"1770","DE","15-34",2025-01-09,2025-01-12,1,"quantile",0.9,369553.739502792
"1771","DE","15-34",2025-01-09,2025-01-12,1,"quantile",0.975,437351.93590645
"1772","DE","15-34",2025-01-09,2025-01-19,2,"quantile",0.025,139659.451848613
"1773","DE","15-34",2025-01-09,2025-01-19,2,"quantile",0.1,168589.630207406
"1774","DE","15-34",2025-01-09,2025-01-19,2,"quantile",0.25,199522.735848493
"1775","DE","15-34",2025-01-09,2025-01-19,2,"quantile",0.5,240591.43701892
"1776","DE","15-34",2025-01-09,2025-01-19,2,"quantile",0.75,290113.501705306
"1777","DE","15-34",2025-01-09,2025-01-19,2,"quantile",0.9,343344.009329742
"1778","DE","15-34",2025-01-09,2025-01-19,2,"quantile",0.975,414467.03964995
"1779","DE","15-34",2025-01-09,2025-01-26,3,"quantile",0.025,125581.990216396
"1780","DE","15-34",2025-01-09,2025-01-26,3,"quantile",0.1,153352.536210387
"1781","DE","15-34",2025-01-09,2025-01-26,3,"quantile",0.25,183370.46426269
"1782","DE","15-34",2025-01-09,2025-01-26,3,"quantile",0.5,223661.538318148
"1783","DE","15-34",2025-01-09,2025-01-26,3,"quantile",0.75,272805.568355746
"1784","DE","15-34",2025-01-09,2025-01-26,3,"quantile",0.9,326205.78021749
"1785","DE","15-34",2025-01-09,2025-01-26,3,"quantile",0.975,398341.224220452
"1786","DE","15-34",2025-01-09,2025-02-02,4,"quantile",0.025,138643.392270049
"1787","DE","15-34",2025-01-09,2025-02-02,4,"quantile",0.1,172379.44545938
"1788","DE","15-34",2025-01-09,2025-02-02,4,"quantile",0.25,209470.980913406
"1789","DE","15-34",2025-01-09,2025-02-02,4,"quantile",0.5,260113.719551581
"1790","DE","15-34",2025-01-09,2025-02-02,4,"quantile",0.75,323000.096738594
"1791","DE","15-34",2025-01-09,2025-02-02,4,"quantile",0.9,392501.245833871
"1792","DE","15-34",2025-01-09,2025-02-02,4,"quantile",0.975,488008.450970185
"1793","DE","35-59",2025-01-09,2025-01-12,1,"quantile",0.025,209914.196884273
"1794","DE","35-59",2025-01-09,2025-01-12,1,"quantile",0.1,246602.721284053
"1795","DE","35-59",2025-01-09,2025-01-12,1,"quantile",0.25,284837.02206438
"1796","DE","35-59",2025-01-09,2025-01-12,1,"quantile",0.5,334308.943197053
"1797","DE","35-59",2025-01-09,2025-01-12,1,"quantile",0.75,392373.395464967
"1798","DE","35-59",2025-01-09,2025-01-12,1,"quantile",0.9,453208.581477069
"1799","DE","35-59",2025-01-09,2025-01-12,1,"quantile",0.975,532419.7751291
"1800","DE","35-59",2025-01-09,2025-01-19,2,"quantile",0.025,163445.138543827
"1801","DE","35-59",2025-01-09,2025-01-19,2,"quantile",0.1,196542.422347057
"1802","DE","35-59",2025-01-09,2025-01-19,2,"quantile",0.25,231802.386612195
"1803","DE","35-59",2025-01-09,2025-01-19,2,"quantile",0.5,278444.819389393
"1804","DE","35-59",2025-01-09,2025-01-19,2,"quantile",0.75,334472.472772689
"1805","DE","35-59",2025-01-09,2025-01-19,2,"quantile",0.9,394477.266123676
"1806","DE","35-59",2025-01-09,2025-01-19,2,"quantile",0.975,474358.05148773
"1807","DE","35-59",2025-01-09,2025-01-26,3,"quantile",0.025,145025.174354262
"1808","DE","35-59",2025-01-09,2025-01-26,3,"quantile",0.1,178047.728117027
"1809","DE","35-59",2025-01-09,2025-01-26,3,"quantile",0.25,213923.897760936
"1810","DE","35-59",2025-01-09,2025-01-26,3,"quantile",0.5,262323.498454903
"1811","DE","35-59",2025-01-09,2025-01-26,3,"quantile",0.75,321673.354692332
"1812","DE","35-59",2025-01-09,2025-01-26,3,"quantile",0.9,386489.727048861
"1813","DE","35-59",2025-01-09,2025-01-26,3,"quantile",0.975,474494.294856178
"1814","DE","35-59",2025-01-09,2025-02-02,4,"quantile",0.025,156983.819356485
"1815","DE","35-59",2025-01-09,2025-02-02,4,"quantile",0.1,198313.671484852
"1816","DE","35-59",2025-01-09,2025-02-02,4,"quantile",0.25,244441.873844415
"1817","DE","35-59",2025-01-09,2025-02-02,4,"quantile",0.5,308380.206450723
"1818","DE","35-59",2025-01-09,2025-02-02,4,"quantile",0.75,389042.802834671
"1819","DE","35-59",2025-01-09,2025-02-02,4,"quantile",0.9,479535.026599789
"1820","DE","35-59",2025-01-09,2025-02-02,4,"quantile",0.975,605784.418549771
"1821","DE","60+",2025-01-09,2025-01-12,1,"quantile",0.025,97367.5929970895
"1822","DE","60+",2025-01-09,2025-01-12,1,"quantile",0.1,112379.713644819
"1823","DE","60+",2025-01-09,2025-01-12,1,"quantile",0.25,127765.007502814
"1824","DE","60+",2025-01-09,2025-01-12,1,"quantile",0.5,147341.585375034
"1825","DE","60+",2025-01-09,2025-01-12,1,"quantile",0.75,169917.751387055
"1826","DE","60+",2025-01-09,2025-01-12,1,"quantile",0.9,193180.264272983
"1827","DE","60+",2025-01-09,2025-01-12,1,"quantile",0.975,222964.767974466
"1828","DE","60+",2025-01-09,2025-01-19,2,"quantile",0.025,76066.7198742819
"1829","DE","60+",2025-01-09,2025-01-19,2,"quantile",0.1,88291.4912829641
"1830","DE","60+",2025-01-09,2025-01-19,2,"quantile",0.25,100887.134592552
"1831","DE","60+",2025-01-09,2025-01-19,2,"quantile",0.5,116999.958302692
"1832","DE","60+",2025-01-09,2025-01-19,2,"quantile",0.75,135686.183358431
"1833","DE","60+",2025-01-09,2025-01-19,2,"quantile",0.9,155043.142254332
"1834","DE","60+",2025-01-09,2025-01-19,2,"quantile",0.975,179960.306760381
"1835","DE","60+",2025-01-09,2025-01-26,3,"quantile",0.025,57064.0904833476
"1836","DE","60+",2025-01-09,2025-01-26,3,"quantile",0.1,67700.3686419532
"1837","DE","60+",2025-01-09,2025-01-26,3,"quantile",0.25,78888.2603441472
"1838","DE","60+",2025-01-09,2025-01-26,3,"quantile",0.5,93499.9365552427
"1839","DE","60+",2025-01-09,2025-01-26,3,"quantile",0.75,110817.986069115
"1840","DE","60+",2025-01-09,2025-01-26,3,"quantile",0.9,129131.322490568
"1841","DE","60+",2025-01-09,2025-01-26,3,"quantile",0.975,153200.341261648
"1842","DE","60+",2025-01-09,2025-02-02,4,"quantile",0.025,59898.5057674001
"1843","DE","60+",2025-01-09,2025-02-02,4,"quantile",0.1,72898.598418361
"1844","DE","60+",2025-01-09,2025-02-02,4,"quantile",0.25,86906.2047064584
"1845","DE","60+",2025-01-09,2025-02-02,4,"quantile",0.5,105647.868640408
"1846","DE","60+",2025-01-09,2025-02-02,4,"quantile",0.75,128431.245915765
"1847","DE","60+",2025-01-09,2025-02-02,4,"quantile",0.9,153109.557528197
"1848","DE","60+",2025-01-09,2025-02-02,4,"quantile",0.975,186339.742624024
"1849","DE","00+",2025-01-16,2025-01-19,1,"quantile",0.025,757304.395698721
"1850","DE","00+",2025-01-16,2025-01-19,1,"quantile",0.1,870868.983666874
"1851","DE","00+",2025-01-16,2025-01-19,1,"quantile",0.25,986854.283218434
"1852","DE","00+",2025-01-16,2025-01-19,1,"quantile",0.5,1133925.45009525
"1853","DE","00+",2025-01-16,2025-01-19,1,"quantile",0.75,1302914.67366426
"1854","DE","00+",2025-01-16,2025-01-19,1,"quantile",0.9,1476441.29081254
"1855","DE","00+",2025-01-16,2025-01-19,1,"quantile",0.975,1697846.9076327
"1856","DE","00+",2025-01-16,2025-01-26,2,"quantile",0.025,785581.161995603
"1857","DE","00+",2025-01-16,2025-01-26,2,"quantile",0.1,931744.889915147
"1858","DE","00+",2025-01-16,2025-01-26,2,"quantile",0.25,1085448.04222798
"1859","DE","00+",2025-01-16,2025-01-26,2,"quantile",0.5,1286134.85582401
"1860","DE","00+",2025-01-16,2025-01-26,2,"quantile",0.75,1523926.34471031
"1861","DE","00+",2025-01-16,2025-01-26,2,"quantile",0.9,1775317.3484172
"1862","DE","00+",2025-01-16,2025-01-26,2,"quantile",0.975,2105629.49748367
"1863","DE","00+",2025-01-16,2025-02-02,3,"quantile",0.025,901116.913785637
"1864","DE","00+",2025-01-16,2025-02-02,3,"quantile",0.1,1090609.24923802
"1865","DE","00+",2025-01-16,2025-02-02,3,"quantile",0.25,1293718.04671561
"1866","DE","00+",2025-01-16,2025-02-02,3,"quantile",0.5,1564041.96730874
"1867","DE","00+",2025-01-16,2025-02-02,3,"quantile",0.75,1890850.39179386
"1868","DE","00+",2025-01-16,2025-02-02,3,"quantile",0.9,2242991.49967059
"1869","DE","00+",2025-01-16,2025-02-02,3,"quantile",0.975,2714661.36977306
"1870","DE","00+",2025-01-16,2025-02-09,4,"quantile",0.025,899569.46819671
"1871","DE","00+",2025-01-16,2025-02-09,4,"quantile",0.1,1118466.51682281
"1872","DE","00+",2025-01-16,2025-02-09,4,"quantile",0.25,1359136.71260156
"1873","DE","00+",2025-01-16,2025-02-09,4,"quantile",0.5,1687735.95422394
"1874","DE","00+",2025-01-16,2025-02-09,4,"quantile",0.75,2095780.81790455
"1875","DE","00+",2025-01-16,2025-02-09,4,"quantile",0.9,2546748.25606018
"1876","DE","00+",2025-01-16,2025-02-09,4,"quantile",0.975,3166462.1264773
"1877","DE","00-04",2025-01-16,2025-01-19,1,"quantile",0.025,131087.623973633
"1878","DE","00-04",2025-01-16,2025-01-19,1,"quantile",0.1,149302.791038242
"1879","DE","00-04",2025-01-16,2025-01-19,1,"quantile",0.25,167737.913441533
"1880","DE","00-04",2025-01-16,2025-01-19,1,"quantile",0.5,190902.117058131
"1881","DE","00-04",2025-01-16,2025-01-19,1,"quantile",0.75,217265.241647227
"1882","DE","00-04",2025-01-16,2025-01-19,1,"quantile",0.9,244092.009558896
"1883","DE","00-04",2025-01-16,2025-01-19,1,"quantile",0.975,278009.602985914
"1884","DE","00-04",2025-01-16,2025-01-26,2,"quantile",0.025,140590.608422055
"1885","DE","00-04",2025-01-16,2025-01-26,2,"quantile",0.1,162793.74961612
"1886","DE","00-04",2025-01-16,2025-01-26,2,"quantile",0.25,185618.638540958
"1887","DE","00-04",2025-01-16,2025-01-26,2,"quantile",0.5,214750.797180474
"1888","DE","00-04",2025-01-16,2025-01-26,2,"quantile",0.75,248455.140346657
"1889","DE","00-04",2025-01-16,2025-01-26,2,"quantile",0.9,283290.390438199
"1890","DE","00-04",2025-01-16,2025-01-26,2,"quantile",0.975,328029.769607387
"1891","DE","00-04",2025-01-16,2025-02-02,3,"quantile",0.025,153911.708474647
"1892","DE","00-04",2025-01-16,2025-02-02,3,"quantile",0.1,180893.530620687
"1893","DE","00-04",2025-01-16,2025-02-02,3,"quantile",0.25,209024.112243851
"1894","DE","00-04",2025-01-16,2025-02-02,3,"quantile",0.5,245438.189946353
"1895","DE","00-04",2025-01-16,2025-02-02,3,"quantile",0.75,288195.96187958
"1896","DE","00-04",2025-01-16,2025-02-02,3,"quantile",0.9,333013.04296204
"1897","DE","00-04",2025-01-16,2025-02-02,3,"quantile",0.975,391392.608666058
"1898","DE","00-04",2025-01-16,2025-02-09,4,"quantile",0.025,142465.578056973
"1899","DE","00-04",2025-01-16,2025-02-09,4,"quantile",0.1,169850.171287151
"1900","DE","00-04",2025-01-16,2025-02-09,4,"quantile",0.25,198788.587066983
"1901","DE","00-04",2025-01-16,2025-02-09,4,"quantile",0.5,236758.72410868
"1902","DE","00-04",2025-01-16,2025-02-09,4,"quantile",0.75,281981.447067091
"1903","DE","00-04",2025-01-16,2025-02-09,4,"quantile",0.9,330024.356271054
"1904","DE","00-04",2025-01-16,2025-02-09,4,"quantile",0.975,393461.313294594
"1905","DE","05-14",2025-01-16,2025-01-19,1,"quantile",0.025,71807.8877934939
"1906","DE","05-14",2025-01-16,2025-01-19,1,"quantile",0.1,87685.0694851072
"1907","DE","05-14",2025-01-16,2025-01-19,1,"quantile",0.25,104846.764117561
"1908","DE","05-14",2025-01-16,2025-01-19,1,"quantile",0.5,127881.260853362
"1909","DE","05-14",2025-01-16,2025-01-19,1,"quantile",0.75,155976.362409325
"1910","DE","05-14",2025-01-16,2025-01-19,1,"quantile",0.9,186504.007734445
"1911","DE","05-14",2025-01-16,2025-01-19,1,"quantile",0.975,227741.232613271
"1912","DE","05-14",2025-01-16,2025-01-26,2,"quantile",0.025,76462.1922594393
"1913","DE","05-14",2025-01-16,2025-01-26,2,"quantile",0.1,95834.8665230618
"1914","DE","05-14",2025-01-16,2025-01-26,2,"quantile",0.25,117296.57134521
"1915","DE","05-14",2025-01-16,2025-01-26,2,"quantile",0.5,146823.313685861
"1916","DE","05-14",2025-01-16,2025-01-26,2,"quantile",0.75,183782.74142603
"1917","DE","05-14",2025-01-16,2025-01-26,2,"quantile",0.9,224939.901559827
"1918","DE","05-14",2025-01-16,2025-01-26,2,"quantile",0.975,281931.30231674
"1919","DE","05-14",2025-01-16,2025-02-02,3,"quantile",0.025,94738.4148126877
"1920","DE","05-14",2025-01-16,2025-02-02,3,"quantile",0.1,119371.866270314
"1921","DE","05-14",2025-01-16,2025-02-02,3,"quantile",0.25,146798.30196005
"1922","DE","05-14",2025-01-16,2025-02-02,3,"quantile",0.5,184721.104086791
"1923","DE","05-14",2025-01-16,2025-02-02,3,"quantile",0.75,232440.606188545
"1924","DE","05-14",2025-01-16,2025-02-02,3,"quantile",0.9,285845.29471773
"1925","DE","05-14",2025-01-16,2025-02-02,3,"quantile",0.975,360169.487345839
"1926","DE","05-14",2025-01-16,2025-02-09,4,"quantile",0.025,92752.6802097239
"1927","DE","05-14",2025-01-16,2025-02-09,4,"quantile",0.1,117548.766112764
"1928","DE","05-14",2025-01-16,2025-02-09,4,"quantile",0.25,145307.580880613
"1929","DE","05-14",2025-01-16,2025-02-09,4,"quantile",0.5,183901.362441269
"1930","DE","05-14",2025-01-16,2025-02-09,4,"quantile",0.75,232745.675778208
"1931","DE","05-14",2025-01-16,2025-02-09,4,"quantile",0.9,287707.920943312
"1932","DE","05-14",2025-01-16,2025-02-09,4,"quantile",0.975,364622.467310756
"1933","DE","15-34",2025-01-16,2025-01-19,1,"quantile",0.025,171753.383649492
"1934","DE","15-34",2025-01-16,2025-01-19,1,"quantile",0.1,203263.197765642
"1935","DE","15-34",2025-01-16,2025-01-19,1,"quantile",0.25,236329.77676929
"1936","DE","15-34",2025-01-16,2025-01-19,1,"quantile",0.5,279414.483417906
"1937","DE","15-34",2025-01-16,2025-01-19,1,"quantile",0.75,330353.858117132
"1938","DE","15-34",2025-01-16,2025-01-19,1,"quantile",0.9,384095.371921243
"1939","DE","15-34",2025-01-16,2025-01-19,1,"quantile",0.975,454561.370988899
"1940","DE","15-34",2025-01-16,2025-01-26,2,"quantile",0.025,165746.410992868
"1941","DE","15-34",2025-01-16,2025-01-26,2,"quantile",0.1,200080.451180504
"1942","DE","15-34",2025-01-16,2025-01-26,2,"quantile",0.25,236791.545009163
"1943","DE","15-34",2025-01-16,2025-01-26,2,"quantile",0.5,285531.460088563
"1944","DE","15-34",2025-01-16,2025-01-26,2,"quantile",0.75,344303.740647293
"1945","DE","15-34",2025-01-16,2025-01-26,2,"quantile",0.9,407477.16340741
"1946","DE","15-34",2025-01-16,2025-01-26,2,"quantile",0.975,491885.24935128
"1947","DE","15-34",2025-01-16,2025-02-02,3,"quantile",0.025,190249.525458188
"1948","DE","15-34",2025-01-16,2025-02-02,3,"quantile",0.1,232320.312741998
"1949","DE","15-34",2025-01-16,2025-02-02,3,"quantile",0.25,277795.755178832
"1950","DE","15-34",2025-01-16,2025-02-02,3,"quantile",0.5,338834.425660507
"1951","DE","15-34",2025-01-16,2025-02-02,3,"quantile",0.75,413284.81761277
"1952","DE","15-34",2025-01-16,2025-02-02,3,"quantile",0.9,494183.081357097
"1953","DE","15-34",2025-01-16,2025-02-02,3,"quantile",0.975,603464.149180845
"1954","DE","15-34",2025-01-16,2025-02-09,4,"quantile",0.025,184708.880691708
"1955","DE","15-34",2025-01-16,2025-02-09,4,"quantile",0.1,229654.034741458
"1956","DE","15-34",2025-01-16,2025-02-09,4,"quantile",0.25,279069.559597524
"1957","DE","15-34",2025-01-16,2025-02-09,4,"quantile",0.5,346538.794271183
"1958","DE","15-34",2025-01-16,2025-02-09,4,"quantile",0.75,430319.72425842
"1959","DE","15-34",2025-01-16,2025-02-09,4,"quantile",0.9,522913.24239141
"1960","DE","15-34",2025-01-16,2025-02-09,4,"quantile",0.975,650153.557778102
"1961","DE","35-59",2025-01-16,2025-01-19,1,"quantile",0.025,212623.761558039
"1962","DE","35-59",2025-01-16,2025-01-19,1,"quantile",0.1,249785.860071059
"1963","DE","35-59",2025-01-16,2025-01-19,1,"quantile",0.25,288513.68778886
"1964","DE","35-59",2025-01-16,2025-01-19,1,"quantile",0.5,338624.190646038
"1965","DE","35-59",2025-01-16,2025-01-19,1,"quantile",0.75,397438.136711903
"1966","DE","35-59",2025-01-16,2025-01-19,1,"quantile",0.9,459058.58105044
"1967","DE","35-59",2025-01-16,2025-01-19,1,"quantile",0.975,539292.229854491
"1968","DE","35-59",2025-01-16,2025-01-26,2,"quantile",0.025,203658.622373219
"1969","DE","35-59",2025-01-16,2025-01-26,2,"quantile",0.1,244899.048877882
"1970","DE","35-59",2025-01-16,2025-01-26,2,"quantile",0.25,288834.254361167
"1971","DE","35-59",2025-01-16,2025-01-26,2,"quantile",0.5,346952.432045555
"1972","DE","35-59",2025-01-16,2025-01-26,2,"quantile",0.75,416764.937969594
"1973","DE","35-59",2025-01-16,2025-01-26,2,"quantile",0.9,491533.10579965
"1974","DE","35-59",2025-01-16,2025-01-26,2,"quantile",0.975,591067.486854193
"1975","DE","35-59",2025-01-16,2025-02-02,3,"quantile",0.025,238212.092020418
"1976","DE","35-59",2025-01-16,2025-02-02,3,"quantile",0.1,292453.513557824
"1977","DE","35-59",2025-01-16,2025-02-02,3,"quantile",0.25,351382.161377813
"1978","DE","35-59",2025-01-16,2025-02-02,3,"quantile",0.5,430881.256521801
"1979","DE","35-59",2025-01-16,2025-02-02,3,"quantile",0.75,528366.768801852
"1980","DE","35-59",2025-01-16,2025-02-02,3,"quantile",0.9,634831.344521009
"1981","DE","35-59",2025-01-16,2025-02-02,3,"quantile",0.975,779383.849271146
"1982","DE","35-59",2025-01-16,2025-02-09,4,"quantile",0.025,225589.680632942
"1983","DE","35-59",2025-01-16,2025-02-09,4,"quantile",0.1,284981.713394438
"1984","DE","35-59",2025-01-16,2025-02-09,4,"quantile",0.25,351269.095629897
"1985","DE","35-59",2025-01-16,2025-02-09,4,"quantile",0.5,443150.081147937
"1986","DE","35-59",2025-01-16,2025-02-09,4,"quantile",0.75,559064.252633071
"1987","DE","35-59",2025-01-16,2025-02-09,4,"quantile",0.9,689103.844882897
"1988","DE","35-59",2025-01-16,2025-02-09,4,"quantile",0.975,870527.383479731
"1989","DE","60+",2025-01-16,2025-01-19,1,"quantile",0.025,91677.5357371879
"1990","DE","60+",2025-01-16,2025-01-19,1,"quantile",0.1,105812.364223853
"1991","DE","60+",2025-01-16,2025-01-19,1,"quantile",0.25,120298.55808032
"1992","DE","60+",2025-01-16,2025-01-19,1,"quantile",0.5,138731.101827662
"1993","DE","60+",2025-01-16,2025-01-19,1,"quantile",0.75,159987.941014779
"1994","DE","60+",2025-01-16,2025-01-19,1,"quantile",0.9,181891.017703757
"1995","DE","60+",2025-01-16,2025-01-19,1,"quantile",0.975,209934.94708988
"1996","DE","60+",2025-01-16,2025-01-26,2,"quantile",0.025,80741.1435594408
"1997","DE","60+",2025-01-16,2025-01-26,2,"quantile",0.1,93717.1470590143
"1998","DE","60+",2025-01-16,2025-01-26,2,"quantile",0.25,107086.813141156
"1999","DE","60+",2025-01-16,2025-01-26,2,"quantile",0.5,124189.796081377
"2000","DE","60+",2025-01-16,2025-01-26,2,"quantile",0.75,144024.320066413
"2001","DE","60+",2025-01-16,2025-01-26,2,"quantile",0.9,164570.795577269
"2002","DE","60+",2025-01-16,2025-01-26,2,"quantile",0.975,191019.160378619
"2003","DE","60+",2025-01-16,2025-02-02,3,"quantile",0.025,86283.32778553
"2004","DE","60+",2025-01-16,2025-02-02,3,"quantile",0.1,102365.831983943
"2005","DE","60+",2025-01-16,2025-02-02,3,"quantile",0.25,119282.399282095
"2006","DE","60+",2025-01-16,2025-02-02,3,"quantile",0.5,141375.874133603
"2007","DE","60+",2025-01-16,2025-02-02,3,"quantile",0.75,167561.500333104
"2008","DE","60+",2025-01-16,2025-02-02,3,"quantile",0.9,195252.042597333
"2009","DE","60+",2025-01-16,2025-02-02,3,"quantile",0.975,231645.420963842
"2010","DE","60+",2025-01-16,2025-02-09,4,"quantile",0.025,86054.0166157653
"2011","DE","60+",2025-01-16,2025-02-09,4,"quantile",0.1,104730.779494233
"2012","DE","60+",2025-01-16,2025-02-09,4,"quantile",0.25,124855.000771871
"2013","DE","60+",2025-01-16,2025-02-09,4,"quantile",0.5,151780.471431224
"2014","DE","60+",2025-01-16,2025-02-09,4,"quantile",0.75,184512.525453244
"2015","DE","60+",2025-01-16,2025-02-09,4,"quantile",0.9,219966.963094677
"2016","DE","60+",2025-01-16,2025-02-09,4,"quantile",0.975,267707.568035403
"2017","DE","00+",2025-01-23,2025-01-26,1,"quantile",0.025,866770.144575511
"2018","DE","00+",2025-01-23,2025-01-26,1,"quantile",0.1,996750.10361298
"2019","DE","00+",2025-01-23,2025-01-26,1,"quantile",0.25,1129500.67977751
"2020","DE","00+",2025-01-23,2025-01-26,1,"quantile",0.5,1297830.47860179
"2021","DE","00+",2025-01-23,2025-01-26,1,"quantile",0.75,1491246.51391936
"2022","DE","00+",2025-01-23,2025-01-26,1,"quantile",0.9,1689855.80747105
"2023","DE","00+",2025-01-23,2025-01-26,1,"quantile",0.975,1943264.84562139
"2024","DE","00+",2025-01-23,2025-02-02,2,"quantile",0.025,963140.845466533
"2025","DE","00+",2025-01-23,2025-02-02,2,"quantile",0.1,1142340.9883612
"2026","DE","00+",2025-01-23,2025-02-02,2,"quantile",0.25,1330784.64158398
"2027","DE","00+",2025-01-23,2025-02-02,2,"quantile",0.5,1576831.36046132
"2028","DE","00+",2025-01-23,2025-02-02,2,"quantile",0.75,1868369.2775225
"2029","DE","00+",2025-01-23,2025-02-02,2,"quantile",0.9,2176580.51725981
"2030","DE","00+",2025-01-23,2025-02-02,2,"quantile",0.975,2581550.92376953
"2031","DE","00+",2025-01-23,2025-02-09,3,"quantile",0.025,977902.14624672
"2032","DE","00+",2025-01-23,2025-02-09,3,"quantile",0.1,1183541.34655616
"2033","DE","00+",2025-01-23,2025-02-09,3,"quantile",0.25,1403957.28364084
"2034","DE","00+",2025-01-23,2025-02-09,3,"quantile",0.5,1697315.82356582
"2035","DE","00+",2025-01-23,2025-02-09,3,"quantile",0.75,2051971.97841803
"2036","DE","00+",2025-01-23,2025-02-09,3,"quantile",0.9,2434119.44441962
"2037","DE","00+",2025-01-23,2025-02-09,3,"quantile",0.975,2945980.85911152
"2038","DE","00+",2025-01-23,2025-02-16,4,"quantile",0.025,967838.394857544
"2039","DE","00+",2025-01-23,2025-02-16,4,"quantile",0.1,1203347.68643681
"2040","DE","00+",2025-01-23,2025-02-16,4,"quantile",0.25,1462282.50382172
"2041","DE","00+",2025-01-23,2025-02-16,4,"quantile",0.5,1815819.36095932
"2042","DE","00+",2025-01-23,2025-02-16,4,"quantile",0.75,2254831.02137747
"2043","DE","00+",2025-01-23,2025-02-16,4,"quantile",0.9,2740022.6790629
"2044","DE","00+",2025-01-23,2025-02-16,4,"quantile",0.975,3406767.04825297
"2045","DE","00-04",2025-01-23,2025-01-26,1,"quantile",0.025,170659.47534418
"2046","DE","00-04",2025-01-23,2025-01-26,1,"quantile",0.1,194373.314685551
"2047","DE","00-04",2025-01-23,2025-01-26,1,"quantile",0.25,218373.50800574
"2048","DE","00-04",2025-01-23,2025-01-26,1,"quantile",0.5,248530.365809262
"2049","DE","00-04",2025-01-23,2025-01-26,1,"quantile",0.75,282851.813360354
"2050","DE","00-04",2025-01-23,2025-01-26,1,"quantile",0.9,317776.865765808
"2051","DE","00-04",2025-01-23,2025-01-26,1,"quantile",0.975,361933.274461997
"2052","DE","00-04",2025-01-23,2025-02-02,2,"quantile",0.025,186374.684015993
"2053","DE","00-04",2025-01-23,2025-02-02,2,"quantile",0.1,215808.395631947
"2054","DE","00-04",2025-01-23,2025-02-02,2,"quantile",0.25,246066.330417294
"2055","DE","00-04",2025-01-23,2025-02-02,2,"quantile",0.5,284685.530675993
"2056","DE","00-04",2025-01-23,2025-02-02,2,"quantile",0.75,329365.87154703
"2057","DE","00-04",2025-01-23,2025-02-02,2,"quantile",0.9,375545.405168074
"2058","DE","00-04",2025-01-23,2025-02-02,2,"quantile",0.975,434854.399910436
"2059","DE","00-04",2025-01-23,2025-02-09,3,"quantile",0.025,181261.070017589
"2060","DE","00-04",2025-01-23,2025-02-09,3,"quantile",0.1,213037.430644637
"2061","DE","00-04",2025-01-23,2025-02-09,3,"quantile",0.25,246166.679717145
"2062","DE","00-04",2025-01-23,2025-02-09,3,"quantile",0.5,289051.361808413
"2063","DE","00-04",2025-01-23,2025-02-09,3,"quantile",0.75,339406.9817219
"2064","DE","00-04",2025-01-23,2025-02-09,3,"quantile",0.9,392187.839998254
"2065","DE","00-04",2025-01-23,2025-02-09,3,"quantile",0.975,460941.170407912
"2066","DE","00-04",2025-01-23,2025-02-16,4,"quantile",0.025,167891.722669005
"2067","DE","00-04",2025-01-23,2025-02-16,4,"quantile",0.1,200163.704397573
"2068","DE","00-04",2025-01-23,2025-02-16,4,"quantile",0.25,234266.822798882
"2069","DE","00-04",2025-01-23,2025-02-16,4,"quantile",0.5,279013.573591972
"2070","DE","00-04",2025-01-23,2025-02-16,4,"quantile",0.75,332307.295239136
"2071","DE","00-04",2025-01-23,2025-02-16,4,"quantile",0.9,388924.527965054
"2072","DE","00-04",2025-01-23,2025-02-16,4,"quantile",0.975,463683.218034752
"2073","DE","05-14",2025-01-23,2025-01-26,1,"quantile",0.025,98366.1393403752
"2074","DE","05-14",2025-01-23,2025-01-26,1,"quantile",0.1,120115.519730188
"2075","DE","05-14",2025-01-23,2025-01-26,1,"quantile",0.25,143624.492036792
"2076","DE","05-14",2025-01-23,2025-01-26,1,"quantile",0.5,175178.330830453
"2077","DE","05-14",2025-01-23,2025-01-26,1,"quantile",0.75,213664.4464837
"2078","DE","05-14",2025-01-23,2025-01-26,1,"quantile",0.9,255482.785750551
"2079","DE","05-14",2025-01-23,2025-01-26,1,"quantile",0.975,311971.658116583
"2080","DE","05-14",2025-01-23,2025-02-02,2,"quantile",0.025,115212.513656543
"2081","DE","05-14",2025-01-23,2025-02-02,2,"quantile",0.1,144403.077413703
"2082","DE","05-14",2025-01-23,2025-02-02,2,"quantile",0.25,176741.372809741
"2083","DE","05-14",2025-01-23,2025-02-02,2,"quantile",0.5,221231.99104382
"2084","DE","05-14",2025-01-23,2025-02-02,2,"quantile",0.75,276922.109878029
"2085","DE","05-14",2025-01-23,2025-02-02,2,"quantile",0.9,338937.332484914
"2086","DE","05-14",2025-01-23,2025-02-02,2,"quantile",0.975,424811.440249601
"2087","DE","05-14",2025-01-23,2025-02-09,3,"quantile",0.025,119303.260048576
"2088","DE","05-14",2025-01-23,2025-02-09,3,"quantile",0.1,150323.950767897
"2089","DE","05-14",2025-01-23,2025-02-09,3,"quantile",0.25,184861.822187507
"2090","DE","05-14",2025-01-23,2025-02-09,3,"quantile",0.5,232617.676376566
"2091","DE","05-14",2025-01-23,2025-02-09,3,"quantile",0.75,292710.42945767
"2092","DE","05-14",2025-01-23,2025-02-09,3,"quantile",0.9,359962.488255653
"2093","DE","05-14",2025-01-23,2025-02-09,3,"quantile",0.975,453558.296234322
"2094","DE","05-14",2025-01-23,2025-02-16,4,"quantile",0.025,111947.444479574
"2095","DE","05-14",2025-01-23,2025-02-16,4,"quantile",0.1,141874.972650888
"2096","DE","05-14",2025-01-23,2025-02-16,4,"quantile",0.25,175378.353556067
"2097","DE","05-14",2025-01-23,2025-02-16,4,"quantile",0.5,221958.95056684
"2098","DE","05-14",2025-01-23,2025-02-16,4,"quantile",0.75,280911.382378689
"2099","DE","05-14",2025-01-23,2025-02-16,4,"quantile",0.9,347247.825435438
"2100","DE","05-14",2025-01-23,2025-02-16,4,"quantile",0.975,440079.503071836
"2101","DE","15-34",2025-01-23,2025-01-26,1,"quantile",0.025,199100.640838157
"2102","DE","15-34",2025-01-23,2025-01-26,1,"quantile",0.1,235627.57294227
"2103","DE","15-34",2025-01-23,2025-01-26,1,"quantile",0.25,273959.144233974
"2104","DE","15-34",2025-01-23,2025-01-26,1,"quantile",0.5,323903.969318582
"2105","DE","15-34",2025-01-23,2025-01-26,1,"quantile",0.75,382954.113956248
"2106","DE","15-34",2025-01-23,2025-01-26,1,"quantile",0.9,445252.565437397
"2107","DE","15-34",2025-01-23,2025-01-26,1,"quantile",0.975,526938.441276111
"2108","DE","15-34",2025-01-23,2025-02-02,2,"quantile",0.025,228175.885464947
"2109","DE","15-34",2025-01-23,2025-02-02,2,"quantile",0.1,275442.067426137
"2110","DE","15-34",2025-01-23,2025-02-02,2,"quantile",0.25,325980.635896868
"2111","DE","15-34",2025-01-23,2025-02-02,2,"quantile",0.5,393078.760158557
"2112","DE","15-34",2025-01-23,2025-02-02,2,"quantile",0.75,473988.006258972
"2113","DE","15-34",2025-01-23,2025-02-02,2,"quantile",0.9,560956.113681591
"2114","DE","15-34",2025-01-23,2025-02-02,2,"quantile",0.975,677157.059664503
"2115","DE","15-34",2025-01-23,2025-02-09,3,"quantile",0.025,235094.689117106
"2116","DE","15-34",2025-01-23,2025-02-09,3,"quantile",0.1,287082.301877659
"2117","DE","15-34",2025-01-23,2025-02-09,3,"quantile",0.25,343277.106970615
"2118","DE","15-34",2025-01-23,2025-02-09,3,"quantile",0.5,418703.667044555
"2119","DE","15-34",2025-01-23,2025-02-09,3,"quantile",0.75,510703.327535224
"2120","DE","15-34",2025-01-23,2025-02-09,3,"quantile",0.9,610670.73675363
"2121","DE","15-34",2025-01-23,2025-02-09,3,"quantile",0.975,745711.276826124
"2122","DE","15-34",2025-01-23,2025-02-16,4,"quantile",0.025,246389.32002458
"2123","DE","15-34",2025-01-23,2025-02-16,4,"quantile",0.1,306343.156046147
"2124","DE","15-34",2025-01-23,2025-02-16,4,"quantile",0.25,372260.168386586
"2125","DE","15-34",2025-01-23,2025-02-16,4,"quantile",0.5,462259.624782879
"2126","DE","15-34",2025-01-23,2025-02-16,4,"quantile",0.75,574017.794142565
"2127","DE","15-34",2025-01-23,2025-02-16,4,"quantile",0.9,697531.367967689
"2128","DE","15-34",2025-01-23,2025-02-16,4,"quantile",0.975,867261.457124401
"2129","DE","35-59",2025-01-23,2025-01-26,1,"quantile",0.025,255453.804154531
"2130","DE","35-59",2025-01-23,2025-01-26,1,"quantile",0.1,300101.680600482
"2131","DE","35-59",2025-01-23,2025-01-26,1,"quantile",0.25,346630.680203628
"2132","DE","35-59",2025-01-23,2025-01-26,1,"quantile",0.5,406835.233491377
"2133","DE","35-59",2025-01-23,2025-01-26,1,"quantile",0.75,477496.415241581
"2134","DE","35-59",2025-01-23,2025-01-26,1,"quantile",0.9,551529.424556371
"2135","DE","35-59",2025-01-23,2025-01-26,1,"quantile",0.975,647925.004514158
"2136","DE","35-59",2025-01-23,2025-02-02,2,"quantile",0.025,297619.531058506
"2137","DE","35-59",2025-01-23,2025-02-02,2,"quantile",0.1,357886.836483354
"2138","DE","35-59",2025-01-23,2025-02-02,2,"quantile",0.25,422092.19690719
"2139","DE","35-59",2025-01-23,2025-02-02,2,"quantile",0.5,507024.052906414
"2140","DE","35-59",2025-01-23,2025-02-02,2,"quantile",0.75,609045.58792915
"2141","DE","35-59",2025-01-23,2025-02-02,2,"quantile",0.9,718309.152556951
"2142","DE","35-59",2025-01-23,2025-02-02,2,"quantile",0.975,863765.188095504
"2143","DE","35-59",2025-01-23,2025-02-09,3,"quantile",0.025,308303.82433467
"2144","DE","35-59",2025-01-23,2025-02-09,3,"quantile",0.1,378505.288733453
"2145","DE","35-59",2025-01-23,2025-02-09,3,"quantile",0.25,454773.152936654
"2146","DE","35-59",2025-01-23,2025-02-09,3,"quantile",0.5,557664.130704216
"2147","DE","35-59",2025-01-23,2025-02-09,3,"quantile",0.75,683833.864567215
"2148","DE","35-59",2025-01-23,2025-02-09,3,"quantile",0.9,821624.669274015
"2149","DE","35-59",2025-01-23,2025-02-09,3,"quantile",0.975,1008710.42824465
"2150","DE","35-59",2025-01-23,2025-02-16,4,"quantile",0.025,316783.80173767
"2151","DE","35-59",2025-01-23,2025-02-16,4,"quantile",0.1,400184.930186129
"2152","DE","35-59",2025-01-23,2025-02-16,4,"quantile",0.25,493268.837627595
"2153","DE","35-59",2025-01-23,2025-02-16,4,"quantile",0.5,622292.504925426
"2154","DE","35-59",2025-01-23,2025-02-16,4,"quantile",0.75,785064.71957331
"2155","DE","35-59",2025-01-23,2025-02-16,4,"quantile",0.9,967672.524565702
"2156","DE","35-59",2025-01-23,2025-02-16,4,"quantile",0.975,1222436.12066706
"2157","DE","60+",2025-01-23,2025-01-26,1,"quantile",0.025,93012.3469292857
"2158","DE","60+",2025-01-23,2025-01-26,1,"quantile",0.1,107352.976402099
"2159","DE","60+",2025-01-23,2025-01-26,1,"quantile",0.25,122050.087071884
"2160","DE","60+",2025-01-23,2025-01-26,1,"quantile",0.5,140751.00589601
"2161","DE","60+",2025-01-23,2025-01-26,1,"quantile",0.75,162317.341478589
"2162","DE","60+",2025-01-23,2025-01-26,1,"quantile",0.9,184539.323684287
"2163","DE","60+",2025-01-23,2025-01-26,1,"quantile",0.975,212991.568482839
"2164","DE","60+",2025-01-23,2025-02-02,2,"quantile",0.025,105955.794756986
"2165","DE","60+",2025-01-23,2025-02-02,2,"quantile",0.1,122984.074305127
"2166","DE","60+",2025-01-23,2025-02-02,2,"quantile",0.25,140528.953321188
"2167","DE","60+",2025-01-23,2025-02-02,2,"quantile",0.5,162973.02669268
"2168","DE","60+",2025-01-23,2025-02-02,2,"quantile",0.75,189001.674044124
"2169","DE","60+",2025-01-23,2025-02-02,2,"quantile",0.9,215964.608258761
"2170","DE","60+",2025-01-23,2025-02-02,2,"quantile",0.975,250672.532732071
"2171","DE","60+",2025-01-23,2025-02-09,3,"quantile",0.025,117019.249084018
"2172","DE","60+",2025-01-23,2025-02-09,3,"quantile",0.1,138830.676772189
"2173","DE","60+",2025-01-23,2025-02-09,3,"quantile",0.25,161773.27823547
"2174","DE","60+",2025-01-23,2025-02-09,3,"quantile",0.5,191736.909717166
"2175","DE","60+",2025-01-23,2025-02-09,3,"quantile",0.75,227250.40222266
"2176","DE","60+",2025-01-23,2025-02-09,3,"quantile",0.9,264804.893288925
"2177","DE","60+",2025-01-23,2025-02-09,3,"quantile",0.975,314162.352225431
"2178","DE","60+",2025-01-23,2025-02-16,4,"quantile",0.025,122883.500068136
"2179","DE","60+",2025-01-23,2025-02-16,4,"quantile",0.1,149553.56246274
"2180","DE","60+",2025-01-23,2025-02-16,4,"quantile",0.25,178290.567939005
"2181","DE","60+",2025-01-23,2025-02-16,4,"quantile",0.5,216739.628258602
"2182","DE","60+",2025-01-23,2025-02-16,4,"quantile",0.75,263480.379252301
"2183","DE","60+",2025-01-23,2025-02-16,4,"quantile",0.9,314108.642309211
"2184","DE","60+",2025-01-23,2025-02-16,4,"quantile",0.975,382281.31874198
"2185","DE","00+",2025-01-30,2025-02-02,1,"quantile",0.025,1165570.51862411
"2186","DE","00+",2025-01-30,2025-02-02,1,"quantile",0.1,1340358.27431018
"2187","DE","00+",2025-01-30,2025-02-02,1,"quantile",0.25,1518871.75781684
"2188","DE","00+",2025-01-30,2025-02-02,1,"quantile",0.5,1745229.63613485
"2189","DE","00+",2025-01-30,2025-02-02,1,"quantile",0.75,2005321.69168866
"2190","DE","00+",2025-01-30,2025-02-02,1,"quantile",0.9,2272397.26961132
"2191","DE","00+",2025-01-30,2025-02-02,1,"quantile",0.975,2613163.62603167
"2192","DE","00+",2025-01-30,2025-02-09,2,"quantile",0.025,1143408.6485384
"2193","DE","00+",2025-01-30,2025-02-09,2,"quantile",0.1,1356149.07395959
"2194","DE","00+",2025-01-30,2025-02-09,2,"quantile",0.25,1579863.08616383
"2195","DE","00+",2025-01-30,2025-02-09,2,"quantile",0.5,1871961.53431195
"2196","DE","00+",2025-01-30,2025-02-09,2,"quantile",0.75,2218065.61380736
"2197","DE","00+",2025-01-30,2025-02-09,2,"quantile",0.9,2583963.70519365
"2198","DE","00+",2025-01-30,2025-02-09,2,"quantile",0.975,3064731.04818909
"2199","DE","00+",2025-01-30,2025-02-16,3,"quantile",0.025,1141471.47043748
"2200","DE","00+",2025-01-30,2025-02-16,3,"quantile",0.1,1381507.02129267
"2201","DE","00+",2025-01-30,2025-02-16,3,"quantile",0.25,1638790.94768303
"2202","DE","00+",2025-01-30,2025-02-16,3,"quantile",0.5,1981218.26029174
"2203","DE","00+",2025-01-30,2025-02-16,3,"quantile",0.75,2395196.16609002
"2204","DE","00+",2025-01-30,2025-02-16,3,"quantile",0.9,2841263.73186334
"2205","DE","00+",2025-01-30,2025-02-16,3,"quantile",0.975,3438741.91915548
"2206","DE","00+",2025-01-30,2025-02-23,4,"quantile",0.025,1098660.33540575
"2207","DE","00+",2025-01-30,2025-02-23,4,"quantile",0.1,1366003.22927362
"2208","DE","00+",2025-01-30,2025-02-23,4,"quantile",0.25,1659938.05850532
"2209","DE","00+",2025-01-30,2025-02-23,4,"quantile",0.5,2061262.20942234
"2210","DE","00+",2025-01-30,2025-02-23,4,"quantile",0.75,2559614.72430994
"2211","DE","00+",2025-01-30,2025-02-23,4,"quantile",0.9,3110389.34970307
"2212","DE","00+",2025-01-30,2025-02-23,4,"quantile",0.975,3867257.02118253
"2213","DE","00-04",2025-01-30,2025-02-02,1,"quantile",0.025,204741.646354961
"2214","DE","00-04",2025-01-30,2025-02-02,1,"quantile",0.1,233191.344201258
"2215","DE","00-04",2025-01-30,2025-02-02,1,"quantile",0.25,261984.583388843
"2216","DE","00-04",2025-01-30,2025-02-02,1,"quantile",0.5,298164.026124931
"2217","DE","00-04",2025-01-30,2025-02-02,1,"quantile",0.75,339339.763145828
"2218","DE","00-04",2025-01-30,2025-02-02,1,"quantile",0.9,381239.650123124
"2219","DE","00-04",2025-01-30,2025-02-02,1,"quantile",0.975,434214.474962749
"2220","DE","00-04",2025-01-30,2025-02-09,2,"quantile",0.025,194654.929945031
"2221","DE","00-04",2025-01-30,2025-02-09,2,"quantile",0.1,225396.321153153
"2222","DE","00-04",2025-01-30,2025-02-09,2,"quantile",0.25,256998.554079904
"2223","DE","00-04",2025-01-30,2025-02-09,2,"quantile",0.5,297333.526399669
"2224","DE","00-04",2025-01-30,2025-02-09,2,"quantile",0.75,343998.923409413
"2225","DE","00-04",2025-01-30,2025-02-09,2,"quantile",0.9,392230.119236026
"2226","DE","00-04",2025-01-30,2025-02-09,2,"quantile",0.975,454174.091281575
"2227","DE","00-04",2025-01-30,2025-02-16,3,"quantile",0.025,181681.74322628
"2228","DE","00-04",2025-01-30,2025-02-16,3,"quantile",0.1,213531.850872388
"2229","DE","00-04",2025-01-30,2025-02-16,3,"quantile",0.25,246737.98676625
"2230","DE","00-04",2025-01-30,2025-02-16,3,"quantile",0.5,289722.196223307
"2231","DE","00-04",2025-01-30,2025-02-16,3,"quantile",0.75,340194.68215884
"2232","DE","00-04",2025-01-30,2025-02-16,3,"quantile",0.9,393098.034984113
"2233","DE","00-04",2025-01-30,2025-02-16,3,"quantile",0.975,462010.929077848
"2234","DE","00-04",2025-01-30,2025-02-23,4,"quantile",0.025,170849.019125469
"2235","DE","00-04",2025-01-30,2025-02-23,4,"quantile",0.1,203689.449468963
"2236","DE","00-04",2025-01-30,2025-02-23,4,"quantile",0.25,238393.270689919
"2237","DE","00-04",2025-01-30,2025-02-23,4,"quantile",0.5,283928.204518211
"2238","DE","00-04",2025-01-30,2025-02-23,4,"quantile",0.75,338160.658174753
"2239","DE","00-04",2025-01-30,2025-02-23,4,"quantile",0.9,395775.164256697
"2240","DE","00-04",2025-01-30,2025-02-23,4,"quantile",0.975,471850.676893454
"2241","DE","05-14",2025-01-30,2025-02-02,1,"quantile",0.025,145585.060385773
"2242","DE","05-14",2025-01-30,2025-02-02,1,"quantile",0.1,177774.84519015
"2243","DE","05-14",2025-01-30,2025-02-02,1,"quantile",0.25,212568.882811382
"2244","DE","05-14",2025-01-30,2025-02-02,1,"quantile",0.5,259269.582432035
"2245","DE","05-14",2025-01-30,2025-02-02,1,"quantile",0.75,316230.275501464
"2246","DE","05-14",2025-01-30,2025-02-02,1,"quantile",0.9,378122.767046044
"2247","DE","05-14",2025-01-30,2025-02-02,1,"quantile",0.975,461728.120978618
"2248","DE","05-14",2025-01-30,2025-02-09,2,"quantile",0.025,130116.773787027
"2249","DE","05-14",2025-01-30,2025-02-09,2,"quantile",0.1,163083.522454874
"2250","DE","05-14",2025-01-30,2025-02-09,2,"quantile",0.25,199605.20341783
"2251","DE","05-14",2025-01-30,2025-02-09,2,"quantile",0.5,249851.270660716
"2252","DE","05-14",2025-01-30,2025-02-09,2,"quantile",0.75,312745.64180624
"2253","DE","05-14",2025-01-30,2025-02-09,2,"quantile",0.9,382783.352426348
"2254","DE","05-14",2025-01-30,2025-02-09,2,"quantile",0.975,479766.410078316
"2255","DE","05-14",2025-01-30,2025-02-16,3,"quantile",0.025,120435.78143505
"2256","DE","05-14",2025-01-30,2025-02-16,3,"quantile",0.1,151750.945211087
"2257","DE","05-14",2025-01-30,2025-02-16,3,"quantile",0.25,186616.677562661
"2258","DE","05-14",2025-01-30,2025-02-16,3,"quantile",0.5,234825.868283986
"2259","DE","05-14",2025-01-30,2025-02-16,3,"quantile",0.75,295489.069549061
"2260","DE","05-14",2025-01-30,2025-02-16,3,"quantile",0.9,363379.538352286
"2261","DE","05-14",2025-01-30,2025-02-16,3,"quantile",0.975,457863.832145818
"2262","DE","05-14",2025-01-30,2025-02-23,4,"quantile",0.025,127932.147313594
"2263","DE","05-14",2025-01-30,2025-02-23,4,"quantile",0.1,162132.954313193
"2264","DE","05-14",2025-01-30,2025-02-23,4,"quantile",0.25,200420.201345856
"2265","DE","05-14",2025-01-30,2025-02-23,4,"quantile",0.5,253651.928308813
"2266","DE","05-14",2025-01-30,2025-02-23,4,"quantile",0.75,321022.034219753
"2267","DE","05-14",2025-01-30,2025-02-23,4,"quantile",0.9,396830.496349894
"2268","DE","05-14",2025-01-30,2025-02-23,4,"quantile",0.975,502917.383048899
"2269","DE","15-34",2025-01-30,2025-02-02,1,"quantile",0.025,265781.082478303
"2270","DE","15-34",2025-01-30,2025-02-02,1,"quantile",0.1,314541.184471818
"2271","DE","15-34",2025-01-30,2025-02-02,1,"quantile",0.25,365710.314154753
"2272","DE","15-34",2025-01-30,2025-02-02,1,"quantile",0.5,432382.071811059
"2273","DE","15-34",2025-01-30,2025-02-02,1,"quantile",0.75,511208.5954035
"2274","DE","15-34",2025-01-30,2025-02-02,1,"quantile",0.9,594371.310509181
"2275","DE","15-34",2025-01-30,2025-02-02,1,"quantile",0.975,703414.457794926
"2276","DE","15-34",2025-01-30,2025-02-09,2,"quantile",0.025,274448.989563492
"2277","DE","15-34",2025-01-30,2025-02-09,2,"quantile",0.1,331300.553230439
"2278","DE","15-34",2025-01-30,2025-02-09,2,"quantile",0.25,392088.129544713
"2279","DE","15-34",2025-01-30,2025-02-09,2,"quantile",0.5,472793.469496401
"2280","DE","15-34",2025-01-30,2025-02-09,2,"quantile",0.75,570110.768357126
"2281","DE","15-34",2025-01-30,2025-02-09,2,"quantile",0.9,674715.639979521
"2282","DE","15-34",2025-01-30,2025-02-09,2,"quantile",0.975,814481.646130207
"2283","DE","15-34",2025-01-30,2025-02-16,3,"quantile",0.025,286292.5886744
"2284","DE","15-34",2025-01-30,2025-02-16,3,"quantile",0.1,349601.837777883
"2285","DE","15-34",2025-01-30,2025-02-16,3,"quantile",0.25,418034.503273367
"2286","DE","15-34",2025-01-30,2025-02-16,3,"quantile",0.5,509887.131758807
"2287","DE","15-34",2025-01-30,2025-02-16,3,"quantile",0.75,621922.07843478
"2288","DE","15-34",2025-01-30,2025-02-16,3,"quantile",0.9,743659.955524612
"2289","DE","15-34",2025-01-30,2025-02-16,3,"quantile",0.975,908109.037460637
"2290","DE","15-34",2025-01-30,2025-02-23,4,"quantile",0.025,278416.373097159
"2291","DE","15-34",2025-01-30,2025-02-23,4,"quantile",0.1,346163.341905389
"2292","DE","15-34",2025-01-30,2025-02-23,4,"quantile",0.25,420648.613829491
"2293","DE","15-34",2025-01-30,2025-02-23,4,"quantile",0.5,522346.699720845
"2294","DE","15-34",2025-01-30,2025-02-23,4,"quantile",0.75,648631.817005953
"2295","DE","15-34",2025-01-30,2025-02-23,4,"quantile",0.9,788200.371557052
"2296","DE","15-34",2025-01-30,2025-02-23,4,"quantile",0.975,979992.920940908
"2297","DE","35-59",2025-01-30,2025-02-02,1,"quantile",0.025,358728.108384818
"2298","DE","35-59",2025-01-30,2025-02-02,1,"quantile",0.1,421426.13049439
"2299","DE","35-59",2025-01-30,2025-02-02,1,"quantile",0.25,486765.772109504
"2300","DE","35-59",2025-01-30,2025-02-02,1,"quantile",0.5,571309.690288944
"2301","DE","35-59",2025-01-30,2025-02-02,1,"quantile",0.75,670537.619774593
"2302","DE","35-59",2025-01-30,2025-02-02,1,"quantile",0.9,774500.531884778
"2303","DE","35-59",2025-01-30,2025-02-02,1,"quantile",0.975,909866.705699893
"2304","DE","35-59",2025-01-30,2025-02-09,2,"quantile",0.025,375371.691776797
"2305","DE","35-59",2025-01-30,2025-02-09,2,"quantile",0.1,451383.640037366
"2306","DE","35-59",2025-01-30,2025-02-09,2,"quantile",0.25,532362.447704046
"2307","DE","35-59",2025-01-30,2025-02-09,2,"quantile",0.5,639482.482329412
"2308","DE","35-59",2025-01-30,2025-02-09,2,"quantile",0.75,768156.820545548
"2309","DE","35-59",2025-01-30,2025-02-09,2,"quantile",0.9,905965.145684796
"2310","DE","35-59",2025-01-30,2025-02-09,2,"quantile",0.975,1089421.11023478
"2311","DE","35-59",2025-01-30,2025-02-16,3,"quantile",0.025,389023.542868992
"2312","DE","35-59",2025-01-30,2025-02-16,3,"quantile",0.1,477605.066156748
"2313","DE","35-59",2025-01-30,2025-02-16,3,"quantile",0.25,573841.286396342
"2314","DE","35-59",2025-01-30,2025-02-16,3,"quantile",0.5,703671.050223537
"2315","DE","35-59",2025-01-30,2025-02-16,3,"quantile",0.75,862874.384713936
"2316","DE","35-59",2025-01-30,2025-02-16,3,"quantile",0.9,1036741.40416297
"2317","DE","35-59",2025-01-30,2025-02-16,3,"quantile",0.975,1272809.72064317
"2318","DE","35-59",2025-01-30,2025-02-23,4,"quantile",0.025,379956.420362862
"2319","DE","35-59",2025-01-30,2025-02-23,4,"quantile",0.1,479989.294662861
"2320","DE","35-59",2025-01-30,2025-02-23,4,"quantile",0.25,591635.875298748
"2321","DE","35-59",2025-01-30,2025-02-23,4,"quantile",0.5,746389.276513273
"2322","DE","35-59",2025-01-30,2025-02-23,4,"quantile",0.75,941621.317018176
"2323","DE","35-59",2025-01-30,2025-02-23,4,"quantile",0.9,1160644.53580221
"2324","DE","35-59",2025-01-30,2025-02-23,4,"quantile",0.975,1466212.76082656
"2325","DE","60+",2025-01-30,2025-02-02,1,"quantile",0.025,125172.775287515
"2326","DE","60+",2025-01-30,2025-02-02,1,"quantile",0.1,144471.894702776
"2327","DE","60+",2025-01-30,2025-02-02,1,"quantile",0.25,164250.754090588
"2328","DE","60+",2025-01-30,2025-02-02,1,"quantile",0.5,189417.798971436
"2329","DE","60+",2025-01-30,2025-02-02,1,"quantile",0.75,218441.021874367
"2330","DE","60+",2025-01-30,2025-02-02,1,"quantile",0.9,248346.59115531
"2331","DE","60+",2025-01-30,2025-02-02,1,"quantile",0.975,286636.630727177
"2332","DE","60+",2025-01-30,2025-02-09,2,"quantile",0.025,142281.12464607
"2333","DE","60+",2025-01-30,2025-02-09,2,"quantile",0.1,165147.290394285
"2334","DE","60+",2025-01-30,2025-02-09,2,"quantile",0.25,188707.163867083
"2335","DE","60+",2025-01-30,2025-02-09,2,"quantile",0.5,218845.845835908
"2336","DE","60+",2025-01-30,2025-02-09,2,"quantile",0.75,253798.018359112
"2337","DE","60+",2025-01-30,2025-02-09,2,"quantile",0.9,290004.783761752
"2338","DE","60+",2025-01-30,2025-02-09,2,"quantile",0.975,336611.791330517
"2339","DE","60+",2025-01-30,2025-02-16,3,"quantile",0.025,148023.490452578
"2340","DE","60+",2025-01-30,2025-02-16,3,"quantile",0.1,175613.854289548
"2341","DE","60+",2025-01-30,2025-02-16,3,"quantile",0.25,204635.096309474
"2342","DE","60+",2025-01-30,2025-02-16,3,"quantile",0.5,242537.589730629
"2343","DE","60+",2025-01-30,2025-02-16,3,"quantile",0.75,287460.379442347
"2344","DE","60+",2025-01-30,2025-02-16,3,"quantile",0.9,334964.930132188
"2345","DE","60+",2025-01-30,2025-02-16,3,"quantile",0.975,397399.644154372
"2346","DE","60+",2025-01-30,2025-02-23,4,"quantile",0.025,145296.33845009
"2347","DE","60+",2025-01-30,2025-02-23,4,"quantile",0.1,176830.778875557
"2348","DE","60+",2025-01-30,2025-02-23,4,"quantile",0.25,210809.15409604
"2349","DE","60+",2025-01-30,2025-02-23,4,"quantile",0.5,256270.975074337
"2350","DE","60+",2025-01-30,2025-02-23,4,"quantile",0.75,311536.816070291
"2351","DE","60+",2025-01-30,2025-02-23,4,"quantile",0.9,371399.216149864
"2352","DE","60+",2025-01-30,2025-02-23,4,"quantile",0.975,452005.971837419
"2353","DE","00+",2025-02-06,2025-02-09,1,"quantile",0.025,1465295.81896694
"2354","DE","00+",2025-02-06,2025-02-09,1,"quantile",0.1,1685030.07229701
"2355","DE","00+",2025-02-06,2025-02-09,1,"quantile",0.25,1909448.12065354
"2356","DE","00+",2025-02-06,2025-02-09,1,"quantile",0.5,2194013.70239213
"2357","DE","00+",2025-02-06,2025-02-09,1,"quantile",0.75,2520988.17151252
"2358","DE","00+",2025-02-06,2025-02-09,1,"quantile",0.9,2856741.96883764
"2359","DE","00+",2025-02-06,2025-02-09,1,"quantile",0.975,3285136.05510602
"2360","DE","00+",2025-02-06,2025-02-16,2,"quantile",0.025,1365927.89368005
"2361","DE","00+",2025-02-06,2025-02-16,2,"quantile",0.1,1620069.82409803
"2362","DE","00+",2025-02-06,2025-02-16,2,"quantile",0.25,1887320.91570684
"2363","DE","00+",2025-02-06,2025-02-16,2,"quantile",0.5,2236264.76752762
"2364","DE","00+",2025-02-06,2025-02-16,2,"quantile",0.75,2649724.3096638
"2365","DE","00+",2025-02-06,2025-02-16,2,"quantile",0.9,3086829.98479376
"2366","DE","00+",2025-02-06,2025-02-16,2,"quantile",0.975,3661159.66561904
"2367","DE","00+",2025-02-06,2025-02-23,3,"quantile",0.025,1066621.883105
"2368","DE","00+",2025-02-06,2025-02-23,3,"quantile",0.1,1290917.60831238
"2369","DE","00+",2025-02-06,2025-02-23,3,"quantile",0.25,1531330.68316037
"2370","DE","00+",2025-02-06,2025-02-23,3,"quantile",0.5,1851304.04601744
"2371","DE","00+",2025-02-06,2025-02-23,3,"quantile",0.75,2238136.22262645
"2372","DE","00+",2025-02-06,2025-02-23,3,"quantile",0.9,2654953.84734978
"2373","DE","00+",2025-02-06,2025-02-23,3,"quantile",0.975,3213253.66101001
"2374","DE","00+",2025-02-06,2025-03-02,4,"quantile",0.025,799604.633850025
"2375","DE","00+",2025-02-06,2025-03-02,4,"quantile",0.1,994176.704830153
"2376","DE","00+",2025-02-06,2025-03-02,4,"quantile",0.25,1208102.37769681
"2377","DE","00+",2025-02-06,2025-03-02,4,"quantile",0.5,1500185.96386784
"2378","DE","00+",2025-02-06,2025-03-02,4,"quantile",0.75,1862886.76169701
"2379","DE","00+",2025-02-06,2025-03-02,4,"quantile",0.9,2263740.35445797
"2380","DE","00+",2025-02-06,2025-03-02,4,"quantile",0.975,2814588.39895642
"2381","DE","00-04",2025-02-06,2025-02-09,1,"quantile",0.025,189229.922324639
"2382","DE","00-04",2025-02-06,2025-02-09,1,"quantile",0.1,215524.202015448
"2383","DE","00-04",2025-02-06,2025-02-09,1,"quantile",0.25,242135.995521765
"2384","DE","00-04",2025-02-06,2025-02-09,1,"quantile",0.5,275574.395869632
"2385","DE","00-04",2025-02-06,2025-02-09,1,"quantile",0.75,313630.559121419
"2386","DE","00-04",2025-02-06,2025-02-09,1,"quantile",0.9,352356.008971416
"2387","DE","00-04",2025-02-06,2025-02-09,1,"quantile",0.975,401317.332512716
"2388","DE","00-04",2025-02-06,2025-02-16,2,"quantile",0.025,179486.06524507
"2389","DE","00-04",2025-02-06,2025-02-16,2,"quantile",0.1,207831.873643878
"2390","DE","00-04",2025-02-06,2025-02-16,2,"quantile",0.25,236971.440993046
"2391","DE","00-04",2025-02-06,2025-02-16,2,"quantile",0.5,274163.232002335
"2392","DE","00-04",2025-02-06,2025-02-16,2,"quantile",0.75,317192.137022841
"2393","DE","00-04",2025-02-06,2025-02-16,2,"quantile",0.9,361664.822936462
"2394","DE","00-04",2025-02-06,2025-02-16,2,"quantile",0.975,418781.690262893
"2395","DE","00-04",2025-02-06,2025-02-23,3,"quantile",0.025,148618.435242454
"2396","DE","00-04",2025-02-06,2025-02-23,3,"quantile",0.1,174672.308772128
"2397","DE","00-04",2025-02-06,2025-02-23,3,"quantile",0.25,201835.434077722
"2398","DE","00-04",2025-02-06,2025-02-23,3,"quantile",0.5,236997.172600261
"2399","DE","00-04",2025-02-06,2025-02-23,3,"quantile",0.75,278284.435422223
"2400","DE","00-04",2025-02-06,2025-02-23,3,"quantile",0.9,321560.184412474
"2401","DE","00-04",2025-02-06,2025-02-23,3,"quantile",0.975,377931.982185704
"2402","DE","00-04",2025-02-06,2025-03-02,4,"quantile",0.025,131139.435449172
"2403","DE","00-04",2025-02-06,2025-03-02,4,"quantile",0.1,156346.928692027
"2404","DE","00-04",2025-02-06,2025-03-02,4,"quantile",0.25,182984.714183221
"2405","DE","00-04",2025-02-06,2025-03-02,4,"quantile",0.5,217936.190908249
"2406","DE","00-04",2025-02-06,2025-03-02,4,"quantile",0.75,259563.666394773
"2407","DE","00-04",2025-02-06,2025-03-02,4,"quantile",0.9,303787.120763688
"2408","DE","00-04",2025-02-06,2025-03-02,4,"quantile",0.975,362180.782195037
"2409","DE","05-14",2025-02-06,2025-02-09,1,"quantile",0.025,135993.481250683
"2410","DE","05-14",2025-02-06,2025-02-09,1,"quantile",0.1,166062.506771967
"2411","DE","05-14",2025-02-06,2025-02-09,1,"quantile",0.25,198564.209146787
"2412","DE","05-14",2025-02-06,2025-02-09,1,"quantile",0.5,242188.12702288
"2413","DE","05-14",2025-02-06,2025-02-09,1,"quantile",0.75,295396.079297908
"2414","DE","05-14",2025-02-06,2025-02-09,1,"quantile",0.9,353210.908416518
"2415","DE","05-14",2025-02-06,2025-02-09,1,"quantile",0.975,431308.09161896
"2416","DE","05-14",2025-02-06,2025-02-16,2,"quantile",0.025,127839.2787182
"2417","DE","05-14",2025-02-06,2025-02-16,2,"quantile",0.1,160228.994884079
"2418","DE","05-14",2025-02-06,2025-02-16,2,"quantile",0.25,196111.419693677
"2419","DE","05-14",2025-02-06,2025-02-16,2,"quantile",0.5,245478.006397329
"2420","DE","05-14",2025-02-06,2025-02-16,2,"quantile",0.75,307271.507793536
"2421","DE","05-14",2025-02-06,2025-02-16,2,"quantile",0.9,376083.315434906
"2422","DE","05-14",2025-02-06,2025-02-16,2,"quantile",0.975,471368.833030097
"2423","DE","05-14",2025-02-06,2025-02-23,3,"quantile",0.025,106935.157889608
"2424","DE","05-14",2025-02-06,2025-02-23,3,"quantile",0.1,134739.950973759
"2425","DE","05-14",2025-02-06,2025-02-23,3,"quantile",0.25,165697.300604633
"2426","DE","05-14",2025-02-06,2025-02-23,3,"quantile",0.5,208502.332133368
"2427","DE","05-14",2025-02-06,2025-02-23,3,"quantile",0.75,262365.303154719
"2428","DE","05-14",2025-02-06,2025-02-23,3,"quantile",0.9,322645.378678517
"2429","DE","05-14",2025-02-06,2025-02-23,3,"quantile",0.975,406538.161658037
"2430","DE","05-14",2025-02-06,2025-03-02,4,"quantile",0.025,92684.3966674724
"2431","DE","05-14",2025-02-06,2025-03-02,4,"quantile",0.1,117462.227954305
"2432","DE","05-14",2025-02-06,2025-03-02,4,"quantile",0.25,145200.60697629
"2433","DE","05-14",2025-02-06,2025-03-02,4,"quantile",0.5,183765.976203114
"2434","DE","05-14",2025-02-06,2025-03-02,4,"quantile",0.75,232574.330873135
"2435","DE","05-14",2025-02-06,2025-03-02,4,"quantile",0.9,287496.113414609
"2436","DE","05-14",2025-02-06,2025-03-02,4,"quantile",0.975,364354.036106437
"2437","DE","15-34",2025-02-06,2025-02-09,1,"quantile",0.025,312954.713365552
"2438","DE","15-34",2025-02-06,2025-02-09,1,"quantile",0.1,370369.272749406
"2439","DE","15-34",2025-02-06,2025-02-09,1,"quantile",0.25,430620.439475672
"2440","DE","15-34",2025-02-06,2025-02-09,1,"quantile",0.5,509125.80416283
"2441","DE","15-34",2025-02-06,2025-02-09,1,"quantile",0.75,601943.290894562
"2442","DE","15-34",2025-02-06,2025-02-09,1,"quantile",0.9,699866.6021623
"2443","DE","15-34",2025-02-06,2025-02-09,1,"quantile",0.975,828263.877788845
"2444","DE","15-34",2025-02-06,2025-02-16,2,"quantile",0.025,306274.559532329
"2445","DE","15-34",2025-02-06,2025-02-16,2,"quantile",0.1,369718.726874728
"2446","DE","15-34",2025-02-06,2025-02-16,2,"quantile",0.25,437555.333561834
"2447","DE","15-34",2025-02-06,2025-02-16,2,"quantile",0.5,527619.401514585
"2448","DE","15-34",2025-02-06,2025-02-16,2,"quantile",0.75,636221.779285589
"2449","DE","15-34",2025-02-06,2025-02-16,2,"quantile",0.9,752956.809106761
"2450","DE","15-34",2025-02-06,2025-02-16,2,"quantile",0.975,908930.318207589
"2451","DE","15-34",2025-02-06,2025-02-23,3,"quantile",0.025,241605.08333176
"2452","DE","15-34",2025-02-06,2025-02-23,3,"quantile",0.1,295032.370695856
"2453","DE","15-34",2025-02-06,2025-02-23,3,"quantile",0.25,352783.358684073
"2454","DE","15-34",2025-02-06,2025-02-23,3,"quantile",0.5,430298.679853302
"2455","DE","15-34",2025-02-06,2025-02-23,3,"quantile",0.75,524846.054457198
"2456","DE","15-34",2025-02-06,2025-02-23,3,"quantile",0.9,627581.825840966
"2457","DE","15-34",2025-02-06,2025-02-23,3,"quantile",0.975,766361.995907371
"2458","DE","15-34",2025-02-06,2025-03-02,4,"quantile",0.025,204169.743205863
"2459","DE","15-34",2025-02-06,2025-03-02,4,"quantile",0.1,253850.302832021
"2460","DE","15-34",2025-02-06,2025-03-02,4,"quantile",0.25,308472.229955738
"2461","DE","15-34",2025-02-06,2025-03-02,4,"quantile",0.5,383049.999395036
"2462","DE","15-34",2025-02-06,2025-03-02,4,"quantile",0.75,475658.058612247
"2463","DE","15-34",2025-02-06,2025-03-02,4,"quantile",0.9,578007.197153633
"2464","DE","15-34",2025-02-06,2025-03-02,4,"quantile",0.975,718653.507285814
"2465","DE","35-59",2025-02-06,2025-02-09,1,"quantile",0.025,472826.15038504
"2466","DE","35-59",2025-02-06,2025-02-09,1,"quantile",0.1,555466.076663199
"2467","DE","35-59",2025-02-06,2025-02-09,1,"quantile",0.25,641587.823162281
"2468","DE","35-59",2025-02-06,2025-02-09,1,"quantile",0.5,753022.010885231
"2469","DE","35-59",2025-02-06,2025-02-09,1,"quantile",0.75,883810.646659062
"2470","DE","35-59",2025-02-06,2025-02-09,1,"quantile",0.9,1020840.28656435
"2471","DE","35-59",2025-02-06,2025-02-09,1,"quantile",0.975,1199261.39536883
"2472","DE","35-59",2025-02-06,2025-02-16,2,"quantile",0.025,453765.525305745
"2473","DE","35-59",2025-02-06,2025-02-16,2,"quantile",0.1,545652.053745614
"2474","DE","35-59",2025-02-06,2025-02-16,2,"quantile",0.25,643542.736512799
"2475","DE","35-59",2025-02-06,2025-02-16,2,"quantile",0.5,773034.064301713
"2476","DE","35-59",2025-02-06,2025-02-16,2,"quantile",0.75,928581.165889578
"2477","DE","35-59",2025-02-06,2025-02-16,2,"quantile",0.9,1095169.82565857
"2478","DE","35-59",2025-02-06,2025-02-16,2,"quantile",0.975,1316939.32492597
"2479","DE","35-59",2025-02-06,2025-02-23,3,"quantile",0.025,350183.028515674
"2480","DE","35-59",2025-02-06,2025-02-23,3,"quantile",0.1,429920.480564648
"2481","DE","35-59",2025-02-06,2025-02-23,3,"quantile",0.25,516548.376675684
"2482","DE","35-59",2025-02-06,2025-02-23,3,"quantile",0.5,633415.802110121
"2483","DE","35-59",2025-02-06,2025-02-23,3,"quantile",0.75,776724.110420952
"2484","DE","35-59",2025-02-06,2025-02-23,3,"quantile",0.9,933232.066162236
"2485","DE","35-59",2025-02-06,2025-02-23,3,"quantile",0.975,1145731.07686985
"2486","DE","35-59",2025-02-06,2025-03-02,4,"quantile",0.025,276755.562236915
"2487","DE","35-59",2025-02-06,2025-03-02,4,"quantile",0.1,349618.271972499
"2488","DE","35-59",2025-02-06,2025-03-02,4,"quantile",0.25,430940.261915991
"2489","DE","35-59",2025-02-06,2025-03-02,4,"quantile",0.5,543660.727384897
"2490","DE","35-59",2025-02-06,2025-03-02,4,"quantile",0.75,685865.333599982
"2491","DE","35-59",2025-02-06,2025-03-02,4,"quantile",0.9,845399.140133969
"2492","DE","35-59",2025-02-06,2025-03-02,4,"quantile",0.975,1067971.25995125
"2493","DE","60+",2025-02-06,2025-02-09,1,"quantile",0.025,172141.136959443
"2494","DE","60+",2025-02-06,2025-02-09,1,"quantile",0.1,198681.831218464
"2495","DE","60+",2025-02-06,2025-02-09,1,"quantile",0.25,225882.277441362
"2496","DE","60+",2025-02-06,2025-02-09,1,"quantile",0.5,260492.70858142
"2497","DE","60+",2025-02-06,2025-02-09,1,"quantile",0.75,300406.264682275
"2498","DE","60+",2025-02-06,2025-02-09,1,"quantile",0.9,341533.248450241
"2499","DE","60+",2025-02-06,2025-02-09,1,"quantile",0.975,394190.792640528
"2500","DE","60+",2025-02-06,2025-02-16,2,"quantile",0.025,170290.031212277
"2501","DE","60+",2025-02-06,2025-02-16,2,"quantile",0.1,197657.54105348
"2502","DE","60+",2025-02-06,2025-02-16,2,"quantile",0.25,225855.319212882
"2503","DE","60+",2025-02-06,2025-02-16,2,"quantile",0.5,261926.984417489
"2504","DE","60+",2025-02-06,2025-02-16,2,"quantile",0.75,303759.705129524
"2505","DE","60+",2025-02-06,2025-02-16,2,"quantile",0.9,347093.992975846
"2506","DE","60+",2025-02-06,2025-02-16,2,"quantile",0.975,402875.874046428
"2507","DE","60+",2025-02-06,2025-02-23,3,"quantile",0.025,140265.44617262
"2508","DE","60+",2025-02-06,2025-02-23,3,"quantile",0.1,166409.774223696
"2509","DE","60+",2025-02-06,2025-02-23,3,"quantile",0.25,193909.986845102
"2510","DE","60+",2025-02-06,2025-02-23,3,"quantile",0.5,229825.97649322
"2511","DE","60+",2025-02-06,2025-02-23,3,"quantile",0.75,272394.322388642
"2512","DE","60+",2025-02-06,2025-02-23,3,"quantile",0.9,317409.116847059
"2513","DE","60+",2025-02-06,2025-02-23,3,"quantile",0.975,376571.571348071
"2514","DE","60+",2025-02-06,2025-03-02,4,"quantile",0.025,117692.482601132
"2515","DE","60+",2025-02-06,2025-03-02,4,"quantile",0.1,143235.910747365
"2516","DE","60+",2025-02-06,2025-03-02,4,"quantile",0.25,170758.96726145
"2517","DE","60+",2025-02-06,2025-03-02,4,"quantile",0.5,207583.808352281
"2518","DE","60+",2025-02-06,2025-03-02,4,"quantile",0.75,252350.070869539
"2519","DE","60+",2025-02-06,2025-03-02,4,"quantile",0.9,300839.623703296
"2520","DE","60+",2025-02-06,2025-03-02,4,"quantile",0.975,366132.454152359
"2521","DE","00+",2025-02-13,2025-02-16,1,"quantile",0.025,1404418.44133995
"2522","DE","00+",2025-02-13,2025-02-16,1,"quantile",0.1,1615023.58575945
"2523","DE","00+",2025-02-13,2025-02-16,1,"quantile",0.25,1830117.93162583
"2524","DE","00+",2025-02-13,2025-02-16,1,"quantile",0.5,2102860.91334405
"2525","DE","00+",2025-02-13,2025-02-16,1,"quantile",0.75,2416250.85709191
"2526","DE","00+",2025-02-13,2025-02-16,1,"quantile",0.9,2738055.38189139
"2527","DE","00+",2025-02-13,2025-02-16,1,"quantile",0.975,3148651.34970112
"2528","DE","00+",2025-02-13,2025-02-23,2,"quantile",0.025,1011431.11996295
"2529","DE","00+",2025-02-13,2025-02-23,2,"quantile",0.1,1199616.05893486
"2530","DE","00+",2025-02-13,2025-02-23,2,"quantile",0.25,1397507.96241519
"2531","DE","00+",2025-02-13,2025-02-23,2,"quantile",0.5,1655891.05312169
"2532","DE","00+",2025-02-13,2025-02-23,2,"quantile",0.75,1962046.19476354
"2533","DE","00+",2025-02-13,2025-02-23,2,"quantile",0.9,2285710.63165249
"2534","DE","00+",2025-02-13,2025-02-23,2,"quantile",0.975,2710985.57844345
"2535","DE","00+",2025-02-13,2025-03-02,3,"quantile",0.025,752642.156056683
"2536","DE","00+",2025-02-13,2025-03-02,3,"quantile",0.1,910912.318040372
"2537","DE","00+",2025-02-13,2025-03-02,3,"quantile",0.25,1080555.39199557
"2538","DE","00+",2025-02-13,2025-03-02,3,"quantile",0.5,1306338.72301105
"2539","DE","00+",2025-02-13,2025-03-02,3,"quantile",0.75,1579299.74888796
"2540","DE","00+",2025-02-13,2025-03-02,3,"quantile",0.9,1873419.45590256
"2541","DE","00+",2025-02-13,2025-03-02,3,"quantile",0.975,2267373.47291189
"2542","DE","00+",2025-02-13,2025-03-09,4,"quantile",0.025,555057.617461367
"2543","DE","00+",2025-02-13,2025-03-09,4,"quantile",0.1,690122.755369273
"2544","DE","00+",2025-02-13,2025-03-09,4,"quantile",0.25,838622.487947683
"2545","DE","00+",2025-02-13,2025-03-09,4,"quantile",0.5,1041376.71494491
"2546","DE","00+",2025-02-13,2025-03-09,4,"quantile",0.75,1293150.9445727
"2547","DE","00+",2025-02-13,2025-03-09,4,"quantile",0.9,1571409.51228187
"2548","DE","00+",2025-02-13,2025-03-09,4,"quantile",0.975,1953788.99111304
"2549","DE","00-04",2025-02-13,2025-02-16,1,"quantile",0.025,173028.466283519
"2550","DE","00-04",2025-02-13,2025-02-16,1,"quantile",0.1,197071.486705656
"2551","DE","00-04",2025-02-13,2025-02-16,1,"quantile",0.25,221404.836098212
"2552","DE","00-04",2025-02-13,2025-02-16,1,"quantile",0.5,251980.313042285
"2553","DE","00-04",2025-02-13,2025-02-16,1,"quantile",0.75,286778.190033404
"2554","DE","00-04",2025-02-13,2025-02-16,1,"quantile",0.9,322188.050753999
"2555","DE","00-04",2025-02-13,2025-02-16,1,"quantile",0.975,366957.411833313
"2556","DE","00-04",2025-02-13,2025-02-23,2,"quantile",0.025,142622.835811084
"2557","DE","00-04",2025-02-13,2025-02-23,2,"quantile",0.1,165146.92185462
"2558","DE","00-04",2025-02-13,2025-02-23,2,"quantile",0.25,188301.742948792
"2559","DE","00-04",2025-02-13,2025-02-23,2,"quantile",0.5,217855.004899214
"2560","DE","00-04",2025-02-13,2025-02-23,2,"quantile",0.75,252046.541983115
"2561","DE","00-04",2025-02-13,2025-02-23,2,"quantile",0.9,287385.333172703
"2562","DE","00-04",2025-02-13,2025-02-23,2,"quantile",0.975,332771.416931452
"2563","DE","00-04",2025-02-13,2025-03-02,3,"quantile",0.025,119631.041313567
"2564","DE","00-04",2025-02-13,2025-03-02,3,"quantile",0.1,140603.217581755
"2565","DE","00-04",2025-02-13,2025-03-02,3,"quantile",0.25,162468.290783056
"2566","DE","00-04",2025-02-13,2025-03-02,3,"quantile",0.5,190771.881700189
"2567","DE","00-04",2025-02-13,2025-03-02,3,"quantile",0.75,224006.23944538
"2568","DE","00-04",2025-02-13,2025-03-02,3,"quantile",0.9,258841.237585969
"2569","DE","00-04",2025-02-13,2025-03-02,3,"quantile",0.975,304217.955873493
"2570","DE","00-04",2025-02-13,2025-03-09,4,"quantile",0.025,116863.298704395
"2571","DE","00-04",2025-02-13,2025-03-09,4,"quantile",0.1,139326.646989668
"2572","DE","00-04",2025-02-13,2025-03-09,4,"quantile",0.25,163064.582661105
"2573","DE","00-04",2025-02-13,2025-03-09,4,"quantile",0.5,194211.162259273
"2574","DE","00-04",2025-02-13,2025-03-09,4,"quantile",0.75,231306.976233379
"2575","DE","00-04",2025-02-13,2025-03-09,4,"quantile",0.9,270716.164933583
"2576","DE","00-04",2025-02-13,2025-03-09,4,"quantile",0.975,322752.95977658
"2577","DE","05-14",2025-02-13,2025-02-16,1,"quantile",0.025,116026.312519513
"2578","DE","05-14",2025-02-13,2025-02-16,1,"quantile",0.1,141680.469764438
"2579","DE","05-14",2025-02-13,2025-02-16,1,"quantile",0.25,169410.127410349
"2580","DE","05-14",2025-02-13,2025-02-16,1,"quantile",0.5,206628.987331193
"2581","DE","05-14",2025-02-13,2025-02-16,1,"quantile",0.75,252024.711026257
"2582","DE","05-14",2025-02-13,2025-02-16,1,"quantile",0.9,301350.909384344
"2583","DE","05-14",2025-02-13,2025-02-16,1,"quantile",0.975,367981.516247309
"2584","DE","05-14",2025-02-13,2025-02-23,2,"quantile",0.025,95339.5983048825
"2585","DE","05-14",2025-02-13,2025-02-23,2,"quantile",0.1,119495.104808256
"2586","DE","05-14",2025-02-13,2025-02-23,2,"quantile",0.25,146255.393209862
"2587","DE","05-14",2025-02-13,2025-02-23,2,"quantile",0.5,183071.859895224
"2588","DE","05-14",2025-02-13,2025-02-23,2,"quantile",0.75,229156.034180602
"2589","DE","05-14",2025-02-13,2025-02-23,2,"quantile",0.9,280474.300091837
"2590","DE","05-14",2025-02-13,2025-02-23,2,"quantile",0.975,351536.050931526
"2591","DE","05-14",2025-02-13,2025-03-02,3,"quantile",0.025,81376.4912354651
"2592","DE","05-14",2025-02-13,2025-03-02,3,"quantile",0.1,102535.636135706
"2593","DE","05-14",2025-02-13,2025-03-02,3,"quantile",0.25,126093.842254508
"2594","DE","05-14",2025-02-13,2025-03-02,3,"quantile",0.5,158668.005343394
"2595","DE","05-14",2025-02-13,2025-03-02,3,"quantile",0.75,199657.140027797
"2596","DE","05-14",2025-02-13,2025-03-02,3,"quantile",0.9,245529.621392621
"2597","DE","05-14",2025-02-13,2025-03-02,3,"quantile",0.975,309371.116122532
"2598","DE","05-14",2025-02-13,2025-03-09,4,"quantile",0.025,75881.8480984805
"2599","DE","05-14",2025-02-13,2025-03-09,4,"quantile",0.1,96167.7613430028
"2600","DE","05-14",2025-02-13,2025-03-09,4,"quantile",0.25,118877.511194382
"2601","DE","05-14",2025-02-13,2025-03-09,4,"quantile",0.5,150451.450225683
"2602","DE","05-14",2025-02-13,2025-03-09,4,"quantile",0.75,190411.446602366
"2603","DE","05-14",2025-02-13,2025-03-09,4,"quantile",0.9,235376.58107977
"2604","DE","05-14",2025-02-13,2025-03-09,4,"quantile",0.975,298301.101544528
"2605","DE","15-34",2025-02-13,2025-02-16,1,"quantile",0.025,287661.246778456
"2606","DE","15-34",2025-02-13,2025-02-16,1,"quantile",0.1,340435.475860934
"2607","DE","15-34",2025-02-13,2025-02-16,1,"quantile",0.25,395817.053450691
"2608","DE","15-34",2025-02-13,2025-02-16,1,"quantile",0.5,467977.497502948
"2609","DE","15-34",2025-02-13,2025-02-16,1,"quantile",0.75,553293.336555052
"2610","DE","15-34",2025-02-13,2025-02-16,1,"quantile",0.9,643302.339790768
"2611","DE","15-34",2025-02-13,2025-02-16,1,"quantile",0.975,761322.356145487
"2612","DE","15-34",2025-02-13,2025-02-23,2,"quantile",0.025,228903.877825644
"2613","DE","15-34",2025-02-13,2025-02-23,2,"quantile",0.1,276320.861959976
"2614","DE","15-34",2025-02-13,2025-02-23,2,"quantile",0.25,327020.673112827
"2615","DE","15-34",2025-02-13,2025-02-23,2,"quantile",0.5,394332.873116043
"2616","DE","15-34",2025-02-13,2025-02-23,2,"quantile",0.75,475500.259172619
"2617","DE","15-34",2025-02-13,2025-02-23,2,"quantile",0.9,562745.837274047
"2618","DE","15-34",2025-02-13,2025-02-23,2,"quantile",0.975,679317.520948232
"2619","DE","15-34",2025-02-13,2025-03-02,3,"quantile",0.025,187253.744623823
"2620","DE","15-34",2025-02-13,2025-03-02,3,"quantile",0.1,228662.060566755
"2621","DE","15-34",2025-02-13,2025-03-02,3,"quantile",0.25,273421.419961813
"2622","DE","15-34",2025-02-13,2025-03-02,3,"quantile",0.5,333498.939666666
"2623","DE","15-34",2025-02-13,2025-03-02,3,"quantile",0.75,406776.991993984
"2624","DE","15-34",2025-02-13,2025-03-02,3,"quantile",0.9,486401.384134821
"2625","DE","15-34",2025-02-13,2025-03-02,3,"quantile",0.975,593961.648041939
"2626","DE","15-34",2025-02-13,2025-03-09,4,"quantile",0.025,160358.491973257
"2627","DE","15-34",2025-02-13,2025-03-09,4,"quantile",0.1,199378.473567716
"2628","DE","15-34",2025-02-13,2025-03-09,4,"quantile",0.25,242279.491733767
"2629","DE","15-34",2025-02-13,2025-03-09,4,"quantile",0.5,300854.177944527
"2630","DE","15-34",2025-02-13,2025-03-09,4,"quantile",0.75,373590.169514387
"2631","DE","15-34",2025-02-13,2025-03-09,4,"quantile",0.9,453976.97538263
"2632","DE","15-34",2025-02-13,2025-03-09,4,"quantile",0.975,564443.05052315
"2633","DE","35-59",2025-02-13,2025-02-16,1,"quantile",0.025,416584.065072954
"2634","DE","35-59",2025-02-13,2025-02-16,1,"quantile",0.1,489394.074414125
"2635","DE","35-59",2025-02-13,2025-02-16,1,"quantile",0.25,565271.745770826
"2636","DE","35-59",2025-02-13,2025-02-16,1,"quantile",0.5,663450.974800197
"2637","DE","35-59",2025-02-13,2025-02-16,1,"quantile",0.75,778682.464242226
"2638","DE","35-59",2025-02-13,2025-02-16,1,"quantile",0.9,899412.598099548
"2639","DE","35-59",2025-02-13,2025-02-16,1,"quantile",0.975,1056610.73686591
"2640","DE","35-59",2025-02-13,2025-02-23,2,"quantile",0.025,316240.13573579
"2641","DE","35-59",2025-02-13,2025-02-23,2,"quantile",0.1,380278.072964573
"2642","DE","35-59",2025-02-13,2025-02-23,2,"quantile",0.25,448500.450115647
"2643","DE","35-59",2025-02-13,2025-02-23,2,"quantile",0.5,538746.078734044
"2644","DE","35-59",2025-02-13,2025-02-23,2,"quantile",0.75,647150.604367214
"2645","DE","35-59",2025-02-13,2025-02-23,2,"quantile",0.9,763250.258129787
"2646","DE","35-59",2025-02-13,2025-02-23,2,"quantile",0.975,917806.769453836
"2647","DE","35-59",2025-02-13,2025-03-02,3,"quantile",0.025,241149.992247469
"2648","DE","35-59",2025-02-13,2025-03-02,3,"quantile",0.1,296060.380180739
"2649","DE","35-59",2025-02-13,2025-03-02,3,"quantile",0.25,355715.8025584
"2650","DE","35-59",2025-02-13,2025-03-02,3,"quantile",0.5,436195.370220357
"2651","DE","35-59",2025-02-13,2025-03-02,3,"quantile",0.75,534883.183803556
"2652","DE","35-59",2025-02-13,2025-03-02,3,"quantile",0.9,642660.800764763
"2653","DE","35-59",2025-02-13,2025-03-02,3,"quantile",0.975,788996.09006175
"2654","DE","35-59",2025-02-13,2025-03-09,4,"quantile",0.025,197125.139653782
"2655","DE","35-59",2025-02-13,2025-03-09,4,"quantile",0.1,249023.181796416
"2656","DE","35-59",2025-02-13,2025-03-09,4,"quantile",0.25,306946.529370589
"2657","DE","35-59",2025-02-13,2025-03-09,4,"quantile",0.5,387234.120766407
"2658","DE","35-59",2025-02-13,2025-03-09,4,"quantile",0.75,488522.429601056
"2659","DE","35-59",2025-02-13,2025-03-09,4,"quantile",0.9,602153.836458169
"2660","DE","35-59",2025-02-13,2025-03-09,4,"quantile",0.975,760685.646432998
"2661","DE","60+",2025-02-13,2025-02-16,1,"quantile",0.025,157855.064809301
"2662","DE","60+",2025-02-13,2025-02-16,1,"quantile",0.1,182193.134641666
"2663","DE","60+",2025-02-13,2025-02-16,1,"quantile",0.25,207136.203318905
"2664","DE","60+",2025-02-13,2025-02-16,1,"quantile",0.5,238874.298856051
"2665","DE","60+",2025-02-13,2025-02-16,1,"quantile",0.75,275475.410573783
"2666","DE","60+",2025-02-13,2025-02-16,1,"quantile",0.9,313189.247038295
"2667","DE","60+",2025-02-13,2025-02-16,1,"quantile",0.975,361476.71741102
"2668","DE","60+",2025-02-13,2025-02-23,2,"quantile",0.025,131792.355974835
"2669","DE","60+",2025-02-13,2025-02-23,2,"quantile",0.1,152972.859457394
"2670","DE","60+",2025-02-13,2025-02-23,2,"quantile",0.25,174795.931485908
"2671","DE","60+",2025-02-13,2025-02-23,2,"quantile",0.5,202712.831303282
"2672","DE","60+",2025-02-13,2025-02-23,2,"quantile",0.75,235088.377776721
"2673","DE","60+",2025-02-13,2025-02-23,2,"quantile",0.9,268626.030269363
"2674","DE","60+",2025-02-13,2025-02-23,2,"quantile",0.975,311797.233390676
"2675","DE","60+",2025-02-13,2025-03-02,3,"quantile",0.025,98862.2127591632
"2676","DE","60+",2025-02-13,2025-03-02,3,"quantile",0.1,117289.31788561
"2677","DE","60+",2025-02-13,2025-03-02,3,"quantile",0.25,136672.080677764
"2678","DE","60+",2025-02-13,2025-03-02,3,"quantile",0.5,161986.47069281
"2679","DE","60+",2025-02-13,2025-03-02,3,"quantile",0.75,191989.589661538
"2680","DE","60+",2025-02-13,2025-03-02,3,"quantile",0.9,223717.020104965
"2681","DE","60+",2025-02-13,2025-03-02,3,"quantile",0.975,265416.036675556
"2682","DE","60+",2025-02-13,2025-03-09,4,"quantile",0.025,82678.6223051454
"2683","DE","60+",2025-02-13,2025-03-09,4,"quantile",0.1,100622.805326914
"2684","DE","60+",2025-02-13,2025-03-09,4,"quantile",0.25,119957.671445112
"2685","DE","60+",2025-02-13,2025-03-09,4,"quantile",0.5,145827.013825408
"2686","DE","60+",2025-02-13,2025-03-09,4,"quantile",0.75,177275.181362336
"2687","DE","60+",2025-02-13,2025-03-09,4,"quantile",0.9,211338.949377789
"2688","DE","60+",2025-02-13,2025-03-09,4,"quantile",0.975,257206.970415524
"2689","DE","00+",2025-02-20,2025-02-23,1,"quantile",0.025,1192653.68371253
"2690","DE","00+",2025-02-20,2025-02-23,1,"quantile",0.1,1371502.80296866
"2691","DE","00+",2025-02-20,2025-02-23,1,"quantile",0.25,1554164.22095639
"2692","DE","00+",2025-02-20,2025-02-23,1,"quantile",0.5,1785781.74482102
"2693","DE","00+",2025-02-20,2025-02-23,1,"quantile",0.75,2051917.29235252
"2694","DE","00+",2025-02-20,2025-02-23,1,"quantile",0.9,2325198.63119002
"2695","DE","00+",2025-02-20,2025-02-23,1,"quantile",0.975,2673883.02546397
"2696","DE","00+",2025-02-20,2025-03-02,2,"quantile",0.025,872162.066708999
"2697","DE","00+",2025-02-20,2025-03-02,2,"quantile",0.1,1034434.87210109
"2698","DE","00+",2025-02-20,2025-03-02,2,"quantile",0.25,1205078.0410899
"2699","DE","00+",2025-02-20,2025-03-02,2,"quantile",0.5,1427883.06057704
"2700","DE","00+",2025-02-20,2025-03-02,2,"quantile",0.75,1691882.15631152
"2701","DE","00+",2025-02-20,2025-03-02,2,"quantile",0.9,1970979.60410175
"2702","DE","00+",2025-02-20,2025-03-02,2,"quantile",0.975,2337696.29809309
"2703","DE","00+",2025-02-20,2025-03-09,3,"quantile",0.025,623890.559248938
"2704","DE","00+",2025-02-20,2025-03-09,3,"quantile",0.1,755086.053784839
"2705","DE","00+",2025-02-20,2025-03-09,3,"quantile",0.25,895708.940014247
"2706","DE","00+",2025-02-20,2025-03-09,3,"quantile",0.5,1082868.38560572
"2707","DE","00+",2025-02-20,2025-03-09,3,"quantile",0.75,1309135.01937993
"2708","DE","00+",2025-02-20,2025-03-09,3,"quantile",0.9,1552940.80014681
"2709","DE","00+",2025-02-20,2025-03-09,3,"quantile",0.975,1879502.61974785
"2710","DE","00+",2025-02-20,2025-03-16,4,"quantile",0.025,494050.190432091
"2711","DE","00+",2025-02-20,2025-03-16,4,"quantile",0.1,614270.064918873
"2712","DE","00+",2025-02-20,2025-03-16,4,"quantile",0.25,746447.912499866
"2713","DE","00+",2025-02-20,2025-03-16,4,"quantile",0.5,926917.040942849
"2714","DE","00+",2025-02-20,2025-03-16,4,"quantile",0.75,1151018.29130027
"2715","DE","00+",2025-02-20,2025-03-16,4,"quantile",0.9,1398692.9363125
"2716","DE","00+",2025-02-20,2025-03-16,4,"quantile",0.975,1739044.36721059
"2717","DE","00-04",2025-02-20,2025-02-23,1,"quantile",0.025,162542.515552429
"2718","DE","00-04",2025-02-20,2025-02-23,1,"quantile",0.1,185128.46978778
"2719","DE","00-04",2025-02-20,2025-02-23,1,"quantile",0.25,207987.158343693
"2720","DE","00-04",2025-02-20,2025-02-23,1,"quantile",0.5,236709.686164991
"2721","DE","00-04",2025-02-20,2025-02-23,1,"quantile",0.75,269398.726202788
"2722","DE","00-04",2025-02-20,2025-02-23,1,"quantile",0.9,302662.662250488
"2723","DE","00-04",2025-02-20,2025-02-23,1,"quantile",0.975,344718.889909484
"2724","DE","00-04",2025-02-20,2025-03-02,2,"quantile",0.025,138349.209036817
"2725","DE","00-04",2025-02-20,2025-03-02,2,"quantile",0.1,160198.371344374
"2726","DE","00-04",2025-02-20,2025-03-02,2,"quantile",0.25,182659.369020867
"2727","DE","00-04",2025-02-20,2025-03-02,2,"quantile",0.5,211327.081256757
"2728","DE","00-04",2025-02-20,2025-03-02,2,"quantile",0.75,244494.084874442
"2729","DE","00-04",2025-02-20,2025-03-02,2,"quantile",0.9,278773.965663467
"2730","DE","00-04",2025-02-20,2025-03-02,2,"quantile",0.975,322800.076584575
"2731","DE","00-04",2025-02-20,2025-03-09,3,"quantile",0.025,117294.095634161
"2732","DE","00-04",2025-02-20,2025-03-09,3,"quantile",0.1,137856.588628011
"2733","DE","00-04",2025-02-20,2025-03-09,3,"quantile",0.25,159294.536162039
"2734","DE","00-04",2025-02-20,2025-03-09,3,"quantile",0.5,187045.227482385
"2735","DE","00-04",2025-02-20,2025-03-09,3,"quantile",0.75,219630.365026132
"2736","DE","00-04",2025-02-20,2025-03-09,3,"quantile",0.9,253784.875080161
"2737","DE","00-04",2025-02-20,2025-03-09,3,"quantile",0.975,298275.176894307
"2738","DE","00-04",2025-02-20,2025-03-16,4,"quantile",0.025,101049.697141056
"2739","DE","00-04",2025-02-20,2025-03-16,4,"quantile",0.1,120473.370494165
"2740","DE","00-04",2025-02-20,2025-03-16,4,"quantile",0.25,140999.157776792
"2741","DE","00-04",2025-02-20,2025-03-16,4,"quantile",0.5,167931.072845663
"2742","DE","00-04",2025-02-20,2025-03-16,4,"quantile",0.75,200007.189204197
"2743","DE","00-04",2025-02-20,2025-03-16,4,"quantile",0.9,234083.641151729
"2744","DE","00-04",2025-02-20,2025-03-16,4,"quantile",0.975,279078.968319217
"2745","DE","05-14",2025-02-20,2025-02-23,1,"quantile",0.025,121423.264507434
"2746","DE","05-14",2025-02-20,2025-02-23,1,"quantile",0.1,148270.722236835
"2747","DE","05-14",2025-02-20,2025-02-23,1,"quantile",0.25,177290.222054807
"2748","DE","05-14",2025-02-20,2025-02-23,1,"quantile",0.5,216240.313415108
"2749","DE","05-14",2025-02-20,2025-02-23,1,"quantile",0.75,263747.614526699
"2750","DE","05-14",2025-02-20,2025-02-23,1,"quantile",0.9,315368.215925825
"2751","DE","05-14",2025-02-20,2025-02-23,1,"quantile",0.975,385098.138610836
"2752","DE","05-14",2025-02-20,2025-03-02,2,"quantile",0.025,92298.1344269297
"2753","DE","05-14",2025-02-20,2025-03-02,2,"quantile",0.1,115683.047160349
"2754","DE","05-14",2025-02-20,2025-03-02,2,"quantile",0.25,141589.645678798
"2755","DE","05-14",2025-02-20,2025-03-02,2,"quantile",0.5,177231.616608689
"2756","DE","05-14",2025-02-20,2025-03-02,2,"quantile",0.75,221845.642561933
"2757","DE","05-14",2025-02-20,2025-03-02,2,"quantile",0.9,271526.785443249
"2758","DE","05-14",2025-02-20,2025-03-02,2,"quantile",0.975,340321.569019327
"2759","DE","05-14",2025-02-20,2025-03-09,3,"quantile",0.025,73807.2640513219
"2760","DE","05-14",2025-02-20,2025-03-09,3,"quantile",0.1,92998.292947289
"2761","DE","05-14",2025-02-20,2025-03-09,3,"quantile",0.25,114365.234593308
"2762","DE","05-14",2025-02-20,2025-03-09,3,"quantile",0.5,143909.5147638
"2763","DE","05-14",2025-02-20,2025-03-09,3,"quantile",0.75,181086.048686026
"2764","DE","05-14",2025-02-20,2025-03-09,3,"quantile",0.9,222691.705226146
"2765","DE","05-14",2025-02-20,2025-03-09,3,"quantile",0.975,280594.988931602
"2766","DE","05-14",2025-02-20,2025-03-16,4,"quantile",0.025,60913.1743372896
"2767","DE","05-14",2025-02-20,2025-03-16,4,"quantile",0.1,77197.4294130362
"2768","DE","05-14",2025-02-20,2025-03-16,4,"quantile",0.25,95427.3880463315
"2769","DE","05-14",2025-02-20,2025-03-16,4,"quantile",0.5,120772.960155126
"2770","DE","05-14",2025-02-20,2025-03-16,4,"quantile",0.75,152850.331579335
"2771","DE","05-14",2025-02-20,2025-03-16,4,"quantile",0.9,188945.513024666
"2772","DE","05-14",2025-02-20,2025-03-16,4,"quantile",0.975,239457.359812922
"2773","DE","15-34",2025-02-20,2025-02-23,1,"quantile",0.025,256249.047258094
"2774","DE","15-34",2025-02-20,2025-02-23,1,"quantile",0.1,303260.405491484
"2775","DE","15-34",2025-02-20,2025-02-23,1,"quantile",0.25,352594.393478942
"2776","DE","15-34",2025-02-20,2025-02-23,1,"quantile",0.5,416875.019545869
"2777","DE","15-34",2025-02-20,2025-02-23,1,"quantile",0.75,492874.490166129
"2778","DE","15-34",2025-02-20,2025-02-23,1,"quantile",0.9,573054.638107871
"2779","DE","15-34",2025-02-20,2025-02-23,1,"quantile",0.975,678187.036326158
"2780","DE","15-34",2025-02-20,2025-03-02,2,"quantile",0.025,197819.92664205
"2781","DE","15-34",2025-02-20,2025-03-02,2,"quantile",0.1,238797.931960884
"2782","DE","15-34",2025-02-20,2025-03-02,2,"quantile",0.25,282612.973533321
"2783","DE","15-34",2025-02-20,2025-03-02,2,"quantile",0.5,340784.528306603
"2784","DE","15-34",2025-02-20,2025-03-02,2,"quantile",0.75,410929.807224372
"2785","DE","15-34",2025-02-20,2025-03-02,2,"quantile",0.9,486327.891449987
"2786","DE","15-34",2025-02-20,2025-03-02,2,"quantile",0.975,587069.749263914
"2787","DE","15-34",2025-02-20,2025-03-09,3,"quantile",0.025,157671.607667157
"2788","DE","15-34",2025-02-20,2025-03-09,3,"quantile",0.1,192538.284211479
"2789","DE","15-34",2025-02-20,2025-03-09,3,"quantile",0.25,230226.610114644
"2790","DE","15-34",2025-02-20,2025-03-09,3,"quantile",0.5,280813.150509598
"2791","DE","15-34",2025-02-20,2025-03-09,3,"quantile",0.75,342514.818160502
"2792","DE","15-34",2025-02-20,2025-03-09,3,"quantile",0.9,409560.237965521
"2793","DE","15-34",2025-02-20,2025-03-09,3,"quantile",0.975,500128.251787667
"2794","DE","15-34",2025-02-20,2025-03-16,4,"quantile",0.025,137337.596936286
"2795","DE","15-34",2025-02-20,2025-03-16,4,"quantile",0.1,170755.911356297
"2796","DE","15-34",2025-02-20,2025-03-16,4,"quantile",0.25,207498.104853775
"2797","DE","15-34",2025-02-20,2025-03-16,4,"quantile",0.5,257663.87123442
"2798","DE","15-34",2025-02-20,2025-03-16,4,"quantile",0.75,319957.960995805
"2799","DE","15-34",2025-02-20,2025-03-16,4,"quantile",0.9,388804.522269089
"2800","DE","15-34",2025-02-20,2025-03-16,4,"quantile",0.975,483412.204818961
"2801","DE","35-59",2025-02-20,2025-02-23,1,"quantile",0.025,383894.953245019
"2802","DE","35-59",2025-02-20,2025-02-23,1,"quantile",0.1,450991.603057833
"2803","DE","35-59",2025-02-20,2025-02-23,1,"quantile",0.25,520915.197213362
"2804","DE","35-59",2025-02-20,2025-02-23,1,"quantile",0.5,611390.358646293
"2805","DE","35-59",2025-02-20,2025-02-23,1,"quantile",0.75,717579.699431459
"2806","DE","35-59",2025-02-20,2025-02-23,1,"quantile",0.9,828836.209169308
"2807","DE","35-59",2025-02-20,2025-02-23,1,"quantile",0.975,973699.100459568
"2808","DE","35-59",2025-02-20,2025-03-02,2,"quantile",0.025,286811.441268578
"2809","DE","35-59",2025-02-20,2025-03-02,2,"quantile",0.1,344890.132101796
"2810","DE","35-59",2025-02-20,2025-03-02,2,"quantile",0.25,406763.866983492
"2811","DE","35-59",2025-02-20,2025-03-02,2,"quantile",0.5,488611.412210503
"2812","DE","35-59",2025-02-20,2025-03-02,2,"quantile",0.75,586928.02267029
"2813","DE","35-59",2025-02-20,2025-03-02,2,"quantile",0.9,692223.667541398
"2814","DE","35-59",2025-02-20,2025-03-02,2,"quantile",0.975,832397.44930112
"2815","DE","35-59",2025-02-20,2025-03-09,3,"quantile",0.025,216334.025157429
"2816","DE","35-59",2025-02-20,2025-03-09,3,"quantile",0.1,265593.762360199
"2817","DE","35-59",2025-02-20,2025-03-09,3,"quantile",0.25,319110.2378332
"2818","DE","35-59",2025-02-20,2025-03-09,3,"quantile",0.5,391307.913035172
"2819","DE","35-59",2025-02-20,2025-03-09,3,"quantile",0.75,479840.082360438
"2820","DE","35-59",2025-02-20,2025-03-09,3,"quantile",0.9,576526.652746751
"2821","DE","35-59",2025-02-20,2025-03-09,3,"quantile",0.975,707803.04990171
"2822","DE","35-59",2025-02-20,2025-03-16,4,"quantile",0.025,181815.698753436
"2823","DE","35-59",2025-02-20,2025-03-16,4,"quantile",0.1,229683.153978432
"2824","DE","35-59",2025-02-20,2025-03-16,4,"quantile",0.25,283107.967940938
"2825","DE","35-59",2025-02-20,2025-03-16,4,"quantile",0.5,357160.13884364
"2826","DE","35-59",2025-02-20,2025-03-16,4,"quantile",0.75,450582.036622229
"2827","DE","35-59",2025-02-20,2025-03-16,4,"quantile",0.9,555388.423440003
"2828","DE","35-59",2025-02-20,2025-03-16,4,"quantile",0.975,701608.088044145
"2829","DE","60+",2025-02-20,2025-02-23,1,"quantile",0.025,155656.840798891
"2830","DE","60+",2025-02-20,2025-02-23,1,"quantile",0.1,179655.988788379
"2831","DE","60+",2025-02-20,2025-02-23,1,"quantile",0.25,204251.710660333
"2832","DE","60+",2025-02-20,2025-02-23,1,"quantile",0.5,235547.834672912
"2833","DE","60+",2025-02-20,2025-02-23,1,"quantile",0.75,271639.254524357
"2834","DE","60+",2025-02-20,2025-02-23,1,"quantile",0.9,308827.903780329
"2835","DE","60+",2025-02-20,2025-02-23,1,"quantile",0.975,356442.942914288
"2836","DE","60+",2025-02-20,2025-03-02,2,"quantile",0.025,126242.466845471
"2837","DE","60+",2025-02-20,2025-03-02,2,"quantile",0.1,146531.041162921
"2838","DE","60+",2025-02-20,2025-03-02,2,"quantile",0.25,167435.124913818
"2839","DE","60+",2025-02-20,2025-03-02,2,"quantile",0.5,194176.42013959
"2840","DE","60+",2025-02-20,2025-03-02,2,"quantile",0.75,225188.604587203
"2841","DE","60+",2025-02-20,2025-03-02,2,"quantile",0.9,257313.957772981
"2842","DE","60+",2025-02-20,2025-03-02,2,"quantile",0.975,298667.184509152
"2843","DE","60+",2025-02-20,2025-03-09,3,"quantile",0.025,97010.6655519219
"2844","DE","60+",2025-02-20,2025-03-09,3,"quantile",0.1,115092.657474019
"2845","DE","60+",2025-02-20,2025-03-09,3,"quantile",0.25,134112.408966762
"2846","DE","60+",2025-02-20,2025-03-09,3,"quantile",0.5,158952.696826623
"2847","DE","60+",2025-02-20,2025-03-09,3,"quantile",0.75,188393.900483276
"2848","DE","60+",2025-02-20,2025-03-09,3,"quantile",0.9,219527.121738066
"2849","DE","60+",2025-02-20,2025-03-09,3,"quantile",0.975,260445.175638277
"2850","DE","60+",2025-02-20,2025-03-16,4,"quantile",0.025,85188.182983528
"2851","DE","60+",2025-02-20,2025-03-16,4,"quantile",0.1,103677.029363993
"2852","DE","60+",2025-02-20,2025-03-16,4,"quantile",0.25,123598.770521702
"2853","DE","60+",2025-02-20,2025-03-16,4,"quantile",0.5,150253.330200051
"2854","DE","60+",2025-02-20,2025-03-16,4,"quantile",0.75,182656.050225367
"2855","DE","60+",2025-02-20,2025-03-16,4,"quantile",0.9,217753.762571116
"2856","DE","60+",2025-02-20,2025-03-16,4,"quantile",0.975,265014.024780537
"2857","DE","00+",2025-02-27,2025-03-02,1,"quantile",0.025,1002178.9655916
"2858","DE","00+",2025-02-27,2025-03-02,1,"quantile",0.1,1152464.69210287
"2859","DE","00+",2025-02-27,2025-03-02,1,"quantile",0.25,1305953.8679067
"2860","DE","00+",2025-02-27,2025-03-02,1,"quantile",0.5,1500580.53418001
"2861","DE","00+",2025-02-27,2025-03-02,1,"quantile",0.75,1724212.4663785
"2862","DE","00+",2025-02-27,2025-03-02,1,"quantile",0.9,1953848.95952973
"2863","DE","00+",2025-02-27,2025-03-02,1,"quantile",0.975,2246846.13913316
"2864","DE","00+",2025-02-27,2025-03-09,2,"quantile",0.025,679149.627491281
"2865","DE","00+",2025-02-27,2025-03-09,2,"quantile",0.1,805510.907740324
"2866","DE","00+",2025-02-27,2025-03-09,2,"quantile",0.25,938390.161581288
"2867","DE","00+",2025-02-27,2025-03-09,2,"quantile",0.5,1111887.6705464
"2868","DE","00+",2025-02-27,2025-03-09,2,"quantile",0.75,1317462.86622381
"2869","DE","00+",2025-02-27,2025-03-09,2,"quantile",0.9,1534795.0971654
"2870","DE","00+",2025-02-27,2025-03-09,2,"quantile",0.975,1820356.13636404
"2871","DE","00+",2025-02-27,2025-03-16,3,"quantile",0.025,512779.167125031
"2872","DE","00+",2025-02-27,2025-03-16,3,"quantile",0.1,620609.483550501
"2873","DE","00+",2025-02-27,2025-03-16,3,"quantile",0.25,736188.226345135
"2874","DE","00+",2025-02-27,2025-03-16,3,"quantile",0.5,890015.629576737
"2875","DE","00+",2025-02-27,2025-03-16,3,"quantile",0.75,1075985.45119834
"2876","DE","00+",2025-02-27,2025-03-16,3,"quantile",0.9,1276370.79659035
"2877","DE","00+",2025-02-27,2025-03-16,3,"quantile",0.975,1544773.79674383
"2878","DE","00+",2025-02-27,2025-03-23,4,"quantile",0.025,411275.797217988
"2879","DE","00+",2025-02-27,2025-03-23,4,"quantile",0.1,511353.736015572
"2880","DE","00+",2025-02-27,2025-03-23,4,"quantile",0.25,621386.179462029
"2881","DE","00+",2025-02-27,2025-03-23,4,"quantile",0.5,771619.062903911
"2882","DE","00+",2025-02-27,2025-03-23,4,"quantile",0.75,958173.834429626
"2883","DE","00+",2025-02-27,2025-03-23,4,"quantile",0.9,1164352.4556523
"2884","DE","00+",2025-02-27,2025-03-23,4,"quantile",0.975,1447680.56439055
"2885","DE","00-04",2025-02-27,2025-03-02,1,"quantile",0.025,162192.251978028
"2886","DE","00-04",2025-02-27,2025-03-02,1,"quantile",0.1,184729.535642268
"2887","DE","00-04",2025-02-27,2025-03-02,1,"quantile",0.25,207538.965910695
"2888","DE","00-04",2025-02-27,2025-03-02,1,"quantile",0.5,236199.599431746
"2889","DE","00-04",2025-02-27,2025-03-02,1,"quantile",0.75,268818.197714853
"2890","DE","00-04",2025-02-27,2025-03-02,1,"quantile",0.9,302010.453161947
"2891","DE","00-04",2025-02-27,2025-03-02,1,"quantile",0.975,343976.053672867
"2892","DE","00-04",2025-02-27,2025-03-09,2,"quantile",0.025,131851.249962694
"2893","DE","00-04",2025-02-27,2025-03-09,2,"quantile",0.1,152674.205012061
"2894","DE","00-04",2025-02-27,2025-03-09,2,"quantile",0.25,174080.258864286
"2895","DE","00-04",2025-02-27,2025-03-09,2,"quantile",0.5,201401.511498748
"2896","DE","00-04",2025-02-27,2025-03-09,2,"quantile",0.75,233010.733661668
"2897","DE","00-04",2025-02-27,2025-03-09,2,"quantile",0.9,265680.563594721
"2898","DE","00-04",2025-02-27,2025-03-09,2,"quantile",0.975,307638.864595195
"2899","DE","00-04",2025-02-27,2025-03-16,3,"quantile",0.025,113528.071764048
"2900","DE","00-04",2025-02-27,2025-03-16,3,"quantile",0.1,133430.35386642
"2901","DE","00-04",2025-02-27,2025-03-16,3,"quantile",0.25,154179.981824744
"2902","DE","00-04",2025-02-27,2025-03-16,3,"quantile",0.5,181039.666949429
"2903","DE","00-04",2025-02-27,2025-03-16,3,"quantile",0.75,212578.576163122
"2904","DE","00-04",2025-02-27,2025-03-16,3,"quantile",0.9,245636.469209789
"2905","DE","00-04",2025-02-27,2025-03-16,3,"quantile",0.975,288698.297257078
"2906","DE","00-04",2025-02-27,2025-03-23,4,"quantile",0.025,96534.755408934
"2907","DE","00-04",2025-02-27,2025-03-23,4,"quantile",0.1,115090.571104927
"2908","DE","00-04",2025-02-27,2025-03-23,4,"quantile",0.25,134699.257830018
"2909","DE","00-04",2025-02-27,2025-03-23,4,"quantile",0.5,160427.843935906
"2910","DE","00-04",2025-02-27,2025-03-23,4,"quantile",0.75,191070.78631719
"2911","DE","00-04",2025-02-27,2025-03-23,4,"quantile",0.9,223624.688476514
"2912","DE","00-04",2025-02-27,2025-03-23,4,"quantile",0.975,266609.606052221
"2913","DE","05-14",2025-02-27,2025-03-02,1,"quantile",0.025,115920.673983047
"2914","DE","05-14",2025-02-27,2025-03-02,1,"quantile",0.1,141551.473874224
"2915","DE","05-14",2025-02-27,2025-03-02,1,"quantile",0.25,169255.884484468
"2916","DE","05-14",2025-02-27,2025-03-02,1,"quantile",0.5,206440.857730768
"2917","DE","05-14",2025-02-27,2025-03-02,1,"quantile",0.75,251795.249957918
"2918","DE","05-14",2025-02-27,2025-03-02,1,"quantile",0.9,301076.538266804
"2919","DE","05-14",2025-02-27,2025-03-02,1,"quantile",0.975,367646.47992685
"2920","DE","05-14",2025-02-27,2025-03-09,2,"quantile",0.025,90484.1509479001
"2921","DE","05-14",2025-02-27,2025-03-09,2,"quantile",0.1,113409.467768354
"2922","DE","05-14",2025-02-27,2025-03-09,2,"quantile",0.25,138806.910365049
"2923","DE","05-14",2025-02-27,2025-03-09,2,"quantile",0.5,173748.39101062
"2924","DE","05-14",2025-02-27,2025-03-09,2,"quantile",0.75,217485.594192585
"2925","DE","05-14",2025-02-27,2025-03-09,2,"quantile",0.9,266190.327605111
"2926","DE","05-14",2025-02-27,2025-03-09,2,"quantile",0.975,333633.051341353
"2927","DE","05-14",2025-02-27,2025-03-16,3,"quantile",0.025,65884.8906728091
"2928","DE","05-14",2025-02-27,2025-03-16,3,"quantile",0.1,83015.980098239
"2929","DE","05-14",2025-02-27,2025-03-16,3,"quantile",0.25,102089.422698433
"2930","DE","05-14",2025-02-27,2025-03-16,3,"quantile",0.5,128462.459201808
"2931","DE","05-14",2025-02-27,2025-03-16,3,"quantile",0.75,161648.513508829
"2932","DE","05-14",2025-02-27,2025-03-16,3,"quantile",0.9,198788.27431354
"2933","DE","05-14",2025-02-27,2025-03-16,3,"quantile",0.975,250476.296699492
"2934","DE","05-14",2025-02-27,2025-03-23,4,"quantile",0.025,51885.282356831
"2935","DE","05-14",2025-02-27,2025-03-23,4,"quantile",0.1,65756.0612444539
"2936","DE","05-14",2025-02-27,2025-03-23,4,"quantile",0.25,81284.1725493156
"2937","DE","05-14",2025-02-27,2025-03-23,4,"quantile",0.5,102873.298049136
"2938","DE","05-14",2025-02-27,2025-03-23,4,"quantile",0.75,130196.508368043
"2939","DE","05-14",2025-02-27,2025-03-23,4,"quantile",0.9,160942.052355653
"2940","DE","05-14",2025-02-27,2025-03-23,4,"quantile",0.975,203967.579452001
"2941","DE","15-34",2025-02-27,2025-03-02,1,"quantile",0.025,238731.518857548
"2942","DE","15-34",2025-02-27,2025-03-02,1,"quantile",0.1,282529.117618216
"2943","DE","15-34",2025-02-27,2025-03-02,1,"quantile",0.25,328490.568049223
"2944","DE","15-34",2025-02-27,2025-03-02,1,"quantile",0.5,388376.884342978
"2945","DE","15-34",2025-02-27,2025-03-02,1,"quantile",0.75,459180.929266002
"2946","DE","15-34",2025-02-27,2025-03-02,1,"quantile",0.9,533879.854804155
"2947","DE","15-34",2025-02-27,2025-03-02,1,"quantile",0.975,631825.261338717
"2948","DE","15-34",2025-02-27,2025-03-09,2,"quantile",0.025,193923.71464475
"2949","DE","15-34",2025-02-27,2025-03-09,2,"quantile",0.1,234094.627378631
"2950","DE","15-34",2025-02-27,2025-03-09,2,"quantile",0.25,277046.698806783
"2951","DE","15-34",2025-02-27,2025-03-09,2,"quantile",0.5,334072.521128049
"2952","DE","15-34",2025-02-27,2025-03-09,2,"quantile",0.75,402836.236105761
"2953","DE","15-34",2025-02-27,2025-03-09,2,"quantile",0.9,476749.298446474
"2954","DE","15-34",2025-02-27,2025-03-09,2,"quantile",0.975,575506.969724152
"2955","DE","15-34",2025-02-27,2025-03-16,3,"quantile",0.025,146269.788706151
"2956","DE","15-34",2025-02-27,2025-03-16,3,"quantile",0.1,178615.126503362
"2957","DE","15-34",2025-02-27,2025-03-16,3,"quantile",0.25,213578.069725085
"2958","DE","15-34",2025-02-27,2025-03-16,3,"quantile",0.5,260506.509692317
"2959","DE","15-34",2025-02-27,2025-03-16,3,"quantile",0.75,317746.300823049
"2960","DE","15-34",2025-02-27,2025-03-16,3,"quantile",0.9,379943.417562653
"2961","DE","15-34",2025-02-27,2025-03-16,3,"quantile",0.975,463962.122269883
"2962","DE","15-34",2025-02-27,2025-03-23,4,"quantile",0.025,122833.898135628
"2963","DE","15-34",2025-02-27,2025-03-23,4,"quantile",0.1,152723.032072028
"2964","DE","15-34",2025-02-27,2025-03-23,4,"quantile",0.25,185585.022918152
"2965","DE","15-34",2025-02-27,2025-03-23,4,"quantile",0.5,230452.974411104
"2966","DE","15-34",2025-02-27,2025-03-23,4,"quantile",0.75,286168.423398838
"2967","DE","15-34",2025-02-27,2025-03-23,4,"quantile",0.9,347744.362421232
"2968","DE","15-34",2025-02-27,2025-03-23,4,"quantile",0.975,432360.889143846
"2969","DE","35-59",2025-02-27,2025-03-02,1,"quantile",0.025,360267.50557626
"2970","DE","35-59",2025-02-27,2025-03-02,1,"quantile",0.1,423234.581481418
"2971","DE","35-59",2025-02-27,2025-03-02,1,"quantile",0.25,488854.612780086
"2972","DE","35-59",2025-02-27,2025-03-02,1,"quantile",0.5,573761.331273069
"2973","DE","35-59",2025-02-27,2025-03-02,1,"quantile",0.75,673415.074048484
"2974","DE","35-59",2025-02-27,2025-03-02,1,"quantile",0.9,777824.118511211
"2975","DE","35-59",2025-02-27,2025-03-02,1,"quantile",0.975,913771.184380549
"2976","DE","35-59",2025-02-27,2025-03-09,2,"quantile",0.025,271140.269145576
"2977","DE","35-59",2025-02-27,2025-03-09,2,"quantile",0.1,326045.581829372
"2978","DE","35-59",2025-02-27,2025-03-09,2,"quantile",0.25,384538.580067734
"2979","DE","35-59",2025-02-27,2025-03-09,2,"quantile",0.5,461914.033932474
"2980","DE","35-59",2025-02-27,2025-03-09,2,"quantile",0.75,554858.695078626
"2981","DE","35-59",2025-02-27,2025-03-09,2,"quantile",0.9,654401.061184845
"2982","DE","35-59",2025-02-27,2025-03-09,2,"quantile",0.975,786915.847712813
"2983","DE","35-59",2025-02-27,2025-03-16,3,"quantile",0.025,206056.941226109
"2984","DE","35-59",2025-02-27,2025-03-16,3,"quantile",0.1,252976.563630482
"2985","DE","35-59",2025-02-27,2025-03-16,3,"quantile",0.25,303950.705276225
"2986","DE","35-59",2025-02-27,2025-03-16,3,"quantile",0.5,372718.584508021
"2987","DE","35-59",2025-02-27,2025-03-16,3,"quantile",0.75,457044.977445983
"2988","DE","35-59",2025-02-27,2025-03-16,3,"quantile",0.9,549138.391493765
"2989","DE","35-59",2025-02-27,2025-03-16,3,"quantile",0.975,674178.420833809
"2990","DE","35-59",2025-02-27,2025-03-23,4,"quantile",0.025,163595.015803695
"2991","DE","35-59",2025-02-27,2025-03-23,4,"quantile",0.1,206665.428027203
"2992","DE","35-59",2025-02-27,2025-03-23,4,"quantile",0.25,254736.267588523
"2993","DE","35-59",2025-02-27,2025-03-23,4,"quantile",0.5,321367.290939011
"2994","DE","35-59",2025-02-27,2025-03-23,4,"quantile",0.75,405426.901568264
"2995","DE","35-59",2025-02-27,2025-03-23,4,"quantile",0.9,499730.103246319
"2996","DE","35-59",2025-02-27,2025-03-23,4,"quantile",0.975,631296.345907053
"2997","DE","60+",2025-02-27,2025-03-02,1,"quantile",0.025,151776.14143857
"2998","DE","60+",2025-02-27,2025-03-02,1,"quantile",0.1,175176.963792172
"2999","DE","60+",2025-02-27,2025-03-02,1,"quantile",0.25,199159.48677325
"3000","DE","60+",2025-02-27,2025-03-02,1,"quantile",0.5,229675.363365845
"3001","DE","60+",2025-02-27,2025-03-02,1,"quantile",0.75,264866.983701819
"3002","DE","60+",2025-02-27,2025-03-02,1,"quantile",0.9,301128.478284485
"3003","DE","60+",2025-02-27,2025-03-02,1,"quantile",0.975,347556.421169025
"3004","DE","60+",2025-02-27,2025-03-09,2,"quantile",0.025,119497.537149902
"3005","DE","60+",2025-02-27,2025-03-09,2,"quantile",0.1,138702.125936857
"3006","DE","60+",2025-02-27,2025-03-09,2,"quantile",0.25,158489.338489232
"3007","DE","60+",2025-02-27,2025-03-09,2,"quantile",0.5,183801.88980043
"3008","DE","60+",2025-02-27,2025-03-09,2,"quantile",0.75,213157.143668089
"3009","DE","60+",2025-02-27,2025-03-09,2,"quantile",0.9,243566.091478577
"3010","DE","60+",2025-02-27,2025-03-09,2,"quantile",0.975,282709.882562941
"3011","DE","60+",2025-02-27,2025-03-16,3,"quantile",0.025,96423.8742708282
"3012","DE","60+",2025-02-27,2025-03-16,3,"quantile",0.1,114396.493113745
"3013","DE","60+",2025-02-27,2025-03-16,3,"quantile",0.25,133301.199273266
"3014","DE","60+",2025-02-27,2025-03-16,3,"quantile",0.5,157991.234949483
"3015","DE","60+",2025-02-27,2025-03-16,3,"quantile",0.75,187254.356727072
"3016","DE","60+",2025-02-27,2025-03-16,3,"quantile",0.9,218199.261545925
"3017","DE","60+",2025-02-27,2025-03-16,3,"quantile",0.975,258869.813203663
"3018","DE","60+",2025-02-27,2025-03-23,4,"quantile",0.025,77690.1350389351
"3019","DE","60+",2025-02-27,2025-03-23,4,"quantile",0.1,94551.6400236137
"3020","DE","60+",2025-02-27,2025-03-23,4,"quantile",0.25,112719.920019119
"3021","DE","60+",2025-02-27,2025-03-23,4,"quantile",0.5,137028.412914369
"3022","DE","60+",2025-02-27,2025-03-23,4,"quantile",0.75,166579.127652379
"3023","DE","60+",2025-02-27,2025-03-23,4,"quantile",0.9,198587.62831762
"3024","DE","60+",2025-02-27,2025-03-23,4,"quantile",0.975,241688.162035252
"3025","DE","00+",2025-03-06,2025-03-09,1,"quantile",0.025,960399.991337813
"3026","DE","00+",2025-03-06,2025-03-09,1,"quantile",0.1,1104420.58585749
"3027","DE","00+",2025-03-06,2025-03-09,1,"quantile",0.25,1251511.08383599
"3028","DE","00+",2025-03-06,2025-03-09,1,"quantile",0.5,1438024.12693568
"3029","DE","00+",2025-03-06,2025-03-09,1,"quantile",0.75,1652333.26045406
"3030","DE","00+",2025-03-06,2025-03-09,1,"quantile",0.9,1872396.63596415
"3031","DE","00+",2025-03-06,2025-03-09,1,"quantile",0.975,2153179.30893416
"3032","DE","00+",2025-03-06,2025-03-16,2,"quantile",0.025,645131.891484139
"3033","DE","00+",2025-03-06,2025-03-16,2,"quantile",0.1,765163.89685908
"3034","DE","00+",2025-03-06,2025-03-16,2,"quantile",0.25,891387.398867145
"3035","DE","00+",2025-03-06,2025-03-16,2,"quantile",0.5,1056194.63956299
"3036","DE","00+",2025-03-06,2025-03-16,2,"quantile",0.75,1251472.83668059
"3037","DE","00+",2025-03-06,2025-03-16,2,"quantile",0.9,1457919.17420673
"3038","DE","00+",2025-03-06,2025-03-16,2,"quantile",0.975,1729176.82626921
"3039","DE","00+",2025-03-06,2025-03-23,3,"quantile",0.025,509904.082976704
"3040","DE","00+",2025-03-06,2025-03-23,3,"quantile",0.1,617129.809252379
"3041","DE","00+",2025-03-06,2025-03-23,3,"quantile",0.25,732060.517507788
"3042","DE","00+",2025-03-06,2025-03-23,3,"quantile",0.5,885025.431081144
"3043","DE","00+",2025-03-06,2025-03-23,3,"quantile",0.75,1069952.54480724
"3044","DE","00+",2025-03-06,2025-03-23,3,"quantile",0.9,1269214.35639166
"3045","DE","00+",2025-03-06,2025-03-23,3,"quantile",0.975,1536112.4568523
"3046","DE","00+",2025-03-06,2025-03-30,4,"quantile",0.025,409351.826400901
"3047","DE","00+",2025-03-06,2025-03-30,4,"quantile",0.1,508961.595092237
"3048","DE","00+",2025-03-06,2025-03-30,4,"quantile",0.25,618479.300711777
"3049","DE","00+",2025-03-06,2025-03-30,4,"quantile",0.5,768009.386455704
"3050","DE","00+",2025-03-06,2025-03-30,4,"quantile",0.75,953691.444491757
"3051","DE","00+",2025-03-06,2025-03-30,4,"quantile",0.9,1158905.55077574
"3052","DE","00+",2025-03-06,2025-03-30,4,"quantile",0.975,1440908.23502618
"3053","DE","00-04",2025-03-06,2025-03-09,1,"quantile",0.025,124642.798520468
"3054","DE","00-04",2025-03-06,2025-03-09,1,"quantile",0.1,141962.430455421
"3055","DE","00-04",2025-03-06,2025-03-09,1,"quantile",0.25,159491.20378856
"3056","DE","00-04",2025-03-06,2025-03-09,1,"quantile",0.5,181516.556577405
"3057","DE","00-04",2025-03-06,2025-03-09,1,"quantile",0.75,206583.55777036
"3058","DE","00-04",2025-03-06,2025-03-09,1,"quantile",0.9,232091.407607062
"3059","DE","00-04",2025-03-06,2025-03-09,1,"quantile",0.975,264341.467800947
"3060","DE","00-04",2025-03-06,2025-03-16,2,"quantile",0.025,108301.58212246
"3061","DE","00-04",2025-03-06,2025-03-16,2,"quantile",0.1,125405.394008577
"3062","DE","00-04",2025-03-06,2025-03-16,2,"quantile",0.25,142988.158675961
"3063","DE","00-04",2025-03-06,2025-03-16,2,"quantile",0.5,165429.621208299
"3064","DE","00-04",2025-03-06,2025-03-16,2,"quantile",0.75,191393.188264911
"3065","DE","00-04",2025-03-06,2025-03-16,2,"quantile",0.9,218227.930221641
"3066","DE","00-04",2025-03-06,2025-03-16,2,"quantile",0.975,252692.149429327
"3067","DE","00-04",2025-03-06,2025-03-23,3,"quantile",0.025,98813.099717566
"3068","DE","00-04",2025-03-06,2025-03-23,3,"quantile",0.1,116135.742086372
"3069","DE","00-04",2025-03-06,2025-03-23,3,"quantile",0.25,134195.90134645
"3070","DE","00-04",2025-03-06,2025-03-23,3,"quantile",0.5,157574.161043524
"3071","DE","00-04",2025-03-06,2025-03-23,3,"quantile",0.75,185025.145920577
"3072","DE","00-04",2025-03-06,2025-03-23,3,"quantile",0.9,213798.231125988
"3073","DE","00-04",2025-03-06,2025-03-23,3,"quantile",0.975,251278.588563054
"3074","DE","00-04",2025-03-06,2025-03-30,4,"quantile",0.025,100975.049623488
"3075","DE","00-04",2025-03-06,2025-03-30,4,"quantile",0.1,120384.374304222
"3076","DE","00-04",2025-03-06,2025-03-30,4,"quantile",0.25,140894.998759942
"3077","DE","00-04",2025-03-06,2025-03-30,4,"quantile",0.5,167807.01866178
"3078","DE","00-04",2025-03-06,2025-03-30,4,"quantile",0.75,199859.439724562
"3079","DE","00-04",2025-03-06,2025-03-30,4,"quantile",0.9,233910.718686747
"3080","DE","00-04",2025-03-06,2025-03-30,4,"quantile",0.975,278872.80686817
"3081","DE","05-14",2025-03-06,2025-03-09,1,"quantile",0.025,73371.5487299811
"3082","DE","05-14",2025-03-06,2025-03-09,1,"quantile",0.1,89594.4658213611
"3083","DE","05-14",2025-03-06,2025-03-09,1,"quantile",0.25,107129.866913165
"3084","DE","05-14",2025-03-06,2025-03-09,1,"quantile",0.5,130665.953987356
"3085","DE","05-14",2025-03-06,2025-03-09,1,"quantile",0.75,159372.843665204
"3086","DE","05-14",2025-03-06,2025-03-09,1,"quantile",0.9,190565.247249403
"3087","DE","05-14",2025-03-06,2025-03-09,1,"quantile",0.975,232700.438071158
"3088","DE","05-14",2025-03-06,2025-03-16,2,"quantile",0.025,55421.7775863405
"3089","DE","05-14",2025-03-06,2025-03-16,2,"quantile",0.1,69463.5937122516
"3090","DE","05-14",2025-03-06,2025-03-16,2,"quantile",0.25,85019.593300139
"3091","DE","05-14",2025-03-06,2025-03-16,2,"quantile",0.5,106421.340993957
"3092","DE","05-14",2025-03-06,2025-03-16,2,"quantile",0.75,133210.491597747
"3093","DE","05-14",2025-03-06,2025-03-16,2,"quantile",0.9,163042.267376307
"3094","DE","05-14",2025-03-06,2025-03-16,2,"quantile",0.975,204351.110920401
"3095","DE","05-14",2025-03-06,2025-03-23,3,"quantile",0.025,56120.3698376931
"3096","DE","05-14",2025-03-06,2025-03-23,3,"quantile",0.1,70712.5329946776
"3097","DE","05-14",2025-03-06,2025-03-23,3,"quantile",0.25,86959.181382039
"3098","DE","05-14",2025-03-06,2025-03-23,3,"quantile",0.5,109423.581750593
"3099","DE","05-14",2025-03-06,2025-03-23,3,"quantile",0.75,137691.271385425
"3100","DE","05-14",2025-03-06,2025-03-23,3,"quantile",0.9,169326.705409208
"3101","DE","05-14",2025-03-06,2025-03-23,3,"quantile",0.975,213354.264730571
"3102","DE","05-14",2025-03-06,2025-03-30,4,"quantile",0.025,58487.8483518163
"3103","DE","05-14",2025-03-06,2025-03-30,4,"quantile",0.1,74123.7276464783
"3104","DE","05-14",2025-03-06,2025-03-30,4,"quantile",0.25,91627.8401410941
"3105","DE","05-14",2025-03-06,2025-03-30,4,"quantile",0.5,115964.250023146
"3106","DE","05-14",2025-03-06,2025-03-30,4,"quantile",0.75,146764.425121483
"3107","DE","05-14",2025-03-06,2025-03-30,4,"quantile",0.9,181422.436653045
"3108","DE","05-14",2025-03-06,2025-03-30,4,"quantile",0.975,229923.097914974
"3109","DE","15-34",2025-03-06,2025-03-09,1,"quantile",0.025,173296.566953874
"3110","DE","15-34",2025-03-06,2025-03-09,1,"quantile",0.1,205089.492925144
"3111","DE","15-34",2025-03-06,2025-03-09,1,"quantile",0.25,238453.171127464
"3112","DE","15-34",2025-03-06,2025-03-09,1,"quantile",0.5,281924.988635626
"3113","DE","15-34",2025-03-06,2025-03-09,1,"quantile",0.75,333322.047433419
"3114","DE","15-34",2025-03-06,2025-03-09,1,"quantile",0.9,387546.422215826
"3115","DE","15-34",2025-03-06,2025-03-09,1,"quantile",0.975,458645.549731826
"3116","DE","15-34",2025-03-06,2025-03-16,2,"quantile",0.025,164713.615515586
"3117","DE","15-34",2025-03-06,2025-03-16,2,"quantile",0.1,198833.714169223
"3118","DE","15-34",2025-03-06,2025-03-16,2,"quantile",0.25,235316.054618275
"3119","DE","15-34",2025-03-06,2025-03-16,2,"quantile",0.5,283752.262585373
"3120","DE","15-34",2025-03-06,2025-03-16,2,"quantile",0.75,342158.32257144
"3121","DE","15-34",2025-03-06,2025-03-16,2,"quantile",0.9,404938.100456111
"3122","DE","15-34",2025-03-06,2025-03-16,2,"quantile",0.975,488820.224547252
"3123","DE","15-34",2025-03-06,2025-03-23,3,"quantile",0.025,156235.059398036
"3124","DE","15-34",2025-03-06,2025-03-23,3,"quantile",0.1,190784.065154441
"3125","DE","15-34",2025-03-06,2025-03-23,3,"quantile",0.25,228129.012182086
"3126","DE","15-34",2025-03-06,2025-03-23,3,"quantile",0.5,278254.657885089
"3127","DE","15-34",2025-03-06,2025-03-23,3,"quantile",0.75,339394.160760881
"3128","DE","15-34",2025-03-06,2025-03-23,3,"quantile",0.9,405828.728788598
"3129","DE","15-34",2025-03-06,2025-03-23,3,"quantile",0.975,495571.576143434
"3130","DE","15-34",2025-03-06,2025-03-30,4,"quantile",0.025,135047.263326491
"3131","DE","15-34",2025-03-06,2025-03-30,4,"quantile",0.1,167908.271587036
"3132","DE","15-34",2025-03-06,2025-03-30,4,"quantile",0.25,204037.727694739
"3133","DE","15-34",2025-03-06,2025-03-30,4,"quantile",0.5,253366.896207314
"3134","DE","15-34",2025-03-06,2025-03-30,4,"quantile",0.75,314622.128069225
"3135","DE","15-34",2025-03-06,2025-03-30,4,"quantile",0.9,382320.558046195
"3136","DE","15-34",2025-03-06,2025-03-30,4,"quantile",0.975,475350.499613828
"3137","DE","35-59",2025-03-06,2025-03-09,1,"quantile",0.025,260351.077655953
"3138","DE","35-59",2025-03-06,2025-03-09,1,"quantile",0.1,305854.89305704
"3139","DE","35-59",2025-03-06,2025-03-09,1,"quantile",0.25,353275.894396306
"3140","DE","35-59",2025-03-06,2025-03-09,1,"quantile",0.5,414634.62178006
"3141","DE","35-59",2025-03-06,2025-03-09,1,"quantile",0.75,486650.440366109
"3142","DE","35-59",2025-03-06,2025-03-09,1,"quantile",0.9,562102.727408814
"3143","DE","35-59",2025-03-06,2025-03-09,1,"quantile",0.975,660346.295189464
"3144","DE","35-59",2025-03-06,2025-03-16,2,"quantile",0.025,247810.995871846
"3145","DE","35-59",2025-03-06,2025-03-16,2,"quantile",0.1,297992.181638544
"3146","DE","35-59",2025-03-06,2025-03-16,2,"quantile",0.25,351452.363671469
"3147","DE","35-59",2025-03-06,2025-03-16,2,"quantile",0.5,422170.329463421
"3148","DE","35-59",2025-03-06,2025-03-16,2,"quantile",0.75,507117.907011309
"3149","DE","35-59",2025-03-06,2025-03-16,2,"quantile",0.9,598095.514114656
"3150","DE","35-59",2025-03-06,2025-03-16,2,"quantile",0.975,719208.550259095
"3151","DE","35-59",2025-03-06,2025-03-23,3,"quantile",0.025,209119.482156213
"3152","DE","35-59",2025-03-06,2025-03-23,3,"quantile",0.1,256736.4519209
"3153","DE","35-59",2025-03-06,2025-03-23,3,"quantile",0.25,308468.201605655
"3154","DE","35-59",2025-03-06,2025-03-23,3,"quantile",0.5,378258.149997416
"3155","DE","35-59",2025-03-06,2025-03-23,3,"quantile",0.75,463837.85198832
"3156","DE","35-59",2025-03-06,2025-03-23,3,"quantile",0.9,557300.013180635
"3157","DE","35-59",2025-03-06,2025-03-23,3,"quantile",0.975,684198.46187543
"3158","DE","35-59",2025-03-06,2025-03-30,4,"quantile",0.025,170240.303659397
"3159","DE","35-59",2025-03-06,2025-03-30,4,"quantile",0.1,215060.251379955
"3160","DE","35-59",2025-03-06,2025-03-30,4,"quantile",0.25,265083.745579198
"3161","DE","35-59",2025-03-06,2025-03-30,4,"quantile",0.5,334421.34484894
"3162","DE","35-59",2025-03-06,2025-03-30,4,"quantile",0.75,421895.486825162
"3163","DE","35-59",2025-03-06,2025-03-30,4,"quantile",0.9,520029.318169936
"3164","DE","35-59",2025-03-06,2025-03-30,4,"quantile",0.975,656939.828504588
"3165","DE","60+",2025-03-06,2025-03-09,1,"quantile",0.025,109090.043991492
"3166","DE","60+",2025-03-06,2025-03-09,1,"quantile",0.1,125909.530346828
"3167","DE","60+",2025-03-06,2025-03-09,1,"quantile",0.25,143147.117639766
"3168","DE","60+",2025-03-06,2025-03-09,1,"quantile",0.5,165080.593404615
"3169","DE","60+",2025-03-06,2025-03-09,1,"quantile",0.75,190374.789015307
"3170","DE","60+",2025-03-06,2025-03-09,1,"quantile",0.9,216437.963383337
"3171","DE","60+",2025-03-06,2025-03-09,1,"quantile",0.975,249808.335588766
"3172","DE","60+",2025-03-06,2025-03-16,2,"quantile",0.025,108983.24838974
"3173","DE","60+",2025-03-06,2025-03-16,2,"quantile",0.1,126498.073547735
"3174","DE","60+",2025-03-06,2025-03-16,2,"quantile",0.25,144544.258866441
"3175","DE","60+",2025-03-06,2025-03-16,2,"quantile",0.5,167629.622236448
"3176","DE","60+",2025-03-06,2025-03-16,2,"quantile",0.75,194401.980898448
"3177","DE","60+",2025-03-06,2025-03-16,2,"quantile",0.9,222135.321614448
"3178","DE","60+",2025-03-06,2025-03-16,2,"quantile",0.975,257834.948639496
"3179","DE","60+",2025-03-06,2025-03-23,3,"quantile",0.025,94319.2471378152
"3180","DE","60+",2025-03-06,2025-03-23,3,"quantile",0.1,111899.580755168
"3181","DE","60+",2025-03-06,2025-03-23,3,"quantile",0.25,130391.65718138
"3182","DE","60+",2025-03-06,2025-03-23,3,"quantile",0.5,154542.787743151
"3183","DE","60+",2025-03-06,2025-03-23,3,"quantile",0.75,183167.188451343
"3184","DE","60+",2025-03-06,2025-03-23,3,"quantile",0.9,213436.664214863
"3185","DE","60+",2025-03-06,2025-03-23,3,"quantile",0.975,253219.506815266
"3186","DE","60+",2025-03-06,2025-03-30,4,"quantile",0.025,71188.6412493611
"3187","DE","60+",2025-03-06,2025-03-30,4,"quantile",0.1,86639.0923095509
"3188","DE","60+",2025-03-06,2025-03-30,4,"quantile",0.25,103286.961000599
"3189","DE","60+",2025-03-06,2025-03-30,4,"quantile",0.5,125561.199282787
"3190","DE","60+",2025-03-06,2025-03-30,4,"quantile",0.75,152638.964421078
"3191","DE","60+",2025-03-06,2025-03-30,4,"quantile",0.9,181968.835834556
"3192","DE","60+",2025-03-06,2025-03-30,4,"quantile",0.975,221462.50425131
"3193","DE","00+",2025-03-13,2025-03-16,1,"quantile",0.025,756616.331067363
"3194","DE","00+",2025-03-13,2025-03-16,1,"quantile",0.1,870077.737571366
"3195","DE","00+",2025-03-13,2025-03-16,1,"quantile",0.25,985957.656271009
"3196","DE","00+",2025-03-13,2025-03-16,1,"quantile",0.5,1132895.19858577
"3197","DE","00+",2025-03-13,2025-03-16,1,"quantile",0.75,1301730.88348726
"3198","DE","00+",2025-03-13,2025-03-16,1,"quantile",0.9,1475099.83942488
"3199","DE","00+",2025-03-13,2025-03-16,1,"quantile",0.975,1696304.29357521
"3200","DE","00+",2025-03-13,2025-03-23,2,"quantile",0.025,553070.87029793
"3201","DE","00+",2025-03-13,2025-03-23,2,"quantile",0.1,655974.178214706
"3202","DE","00+",2025-03-13,2025-03-23,2,"quantile",0.25,764185.449474374
"3203","DE","00+",2025-03-13,2025-03-23,2,"quantile",0.5,905474.518029581
"3204","DE","00+",2025-03-13,2025-03-23,2,"quantile",0.75,1072886.30444984
"3205","DE","00+",2025-03-13,2025-03-23,2,"quantile",0.9,1249872.52551966
"3206","DE","00+",2025-03-13,2025-03-23,2,"quantile",0.975,1482421.41619074
"3207","DE","00+",2025-03-13,2025-03-30,3,"quantile",0.025,445531.504769504
"3208","DE","00+",2025-03-13,2025-03-30,3,"quantile",0.1,539220.574483792
"3209","DE","00+",2025-03-13,2025-03-30,3,"quantile",0.25,639641.914698078
"3210","DE","00+",2025-03-13,2025-03-30,3,"quantile",0.5,773295.851578571
"3211","DE","00+",2025-03-13,2025-03-30,3,"quantile",0.75,934876.937123309
"3212","DE","00+",2025-03-13,2025-03-30,3,"quantile",0.9,1108983.04398176
"3213","DE","00+",2025-03-13,2025-03-30,3,"quantile",0.975,1342186.73127952
"3214","DE","00+",2025-03-13,2025-04-06,4,"quantile",0.025,367373.68648757
"3215","DE","00+",2025-03-13,2025-04-06,4,"quantile",0.1,456768.689939861
"3216","DE","00+",2025-03-13,2025-04-06,4,"quantile",0.25,555055.592927091
"3217","DE","00+",2025-03-13,2025-04-06,4,"quantile",0.5,689251.693439293
"3218","DE","00+",2025-03-13,2025-04-06,4,"quantile",0.75,855892.460075319
"3219","DE","00+",2025-03-13,2025-04-06,4,"quantile",0.9,1040062.30587189
"3220","DE","00+",2025-03-13,2025-04-06,4,"quantile",0.975,1293146.22789405
"3221","DE","00-04",2025-03-13,2025-03-16,1,"quantile",0.025,129969.258325574
"3222","DE","00-04",2025-03-13,2025-03-16,1,"quantile",0.1,148029.023861791
"3223","DE","00-04",2025-03-13,2025-03-16,1,"quantile",0.25,166306.86820184
"3224","DE","00-04",2025-03-13,2025-03-16,1,"quantile",0.5,189273.447902433
"3225","DE","00-04",2025-03-13,2025-03-16,1,"quantile",0.75,215411.657186619
"3226","DE","00-04",2025-03-13,2025-03-16,1,"quantile",0.9,242009.554250138
"3227","DE","00-04",2025-03-13,2025-03-16,1,"quantile",0.975,275637.781906355
"3228","DE","00-04",2025-03-13,2025-03-23,2,"quantile",0.025,109277.275298384
"3229","DE","00-04",2025-03-13,2025-03-23,2,"quantile",0.1,126535.176092646
"3230","DE","00-04",2025-03-13,2025-03-23,2,"quantile",0.25,144276.344572455
"3231","DE","00-04",2025-03-13,2025-03-23,2,"quantile",0.5,166919.983115719
"3232","DE","00-04",2025-03-13,2025-03-23,2,"quantile",0.75,193117.456960241
"3233","DE","00-04",2025-03-13,2025-03-23,2,"quantile",0.9,220193.954153523
"3234","DE","00-04",2025-03-13,2025-03-23,2,"quantile",0.975,254968.662855781
"3235","DE","00-04",2025-03-13,2025-03-30,3,"quantile",0.025,89949.0529555185
"3236","DE","00-04",2025-03-13,2025-03-30,3,"quantile",0.1,105717.76459613
"3237","DE","00-04",2025-03-13,2025-03-30,3,"quantile",0.25,122157.834043532
"3238","DE","00-04",2025-03-13,2025-03-30,3,"quantile",0.5,143438.942778208
"3239","DE","00-04",2025-03-13,2025-03-30,3,"quantile",0.75,168427.432153046
"3240","DE","00-04",2025-03-13,2025-03-30,3,"quantile",0.9,194619.422610107
"3241","DE","00-04",2025-03-13,2025-03-30,3,"quantile",0.975,228737.597887824
"3242","DE","00-04",2025-03-13,2025-04-06,4,"quantile",0.025,78413.3508615272
"3243","DE","00-04",2025-03-13,2025-04-06,4,"quantile",0.1,93485.8880066007
"3244","DE","00-04",2025-03-13,2025-04-06,4,"quantile",0.25,109413.652318997
"3245","DE","00-04",2025-03-13,2025-04-06,4,"quantile",0.5,130312.494823396
"3246","DE","00-04",2025-03-13,2025-04-06,4,"quantile",0.75,155203.175720598
"3247","DE","00-04",2025-03-13,2025-04-06,4,"quantile",0.9,181646.093000675
"3248","DE","00-04",2025-03-13,2025-04-06,4,"quantile",0.975,216561.926260307
"3249","DE","05-14",2025-03-13,2025-03-16,1,"quantile",0.025,83841.9767701923
"3250","DE","05-14",2025-03-13,2025-03-16,1,"quantile",0.1,102379.972239333
"3251","DE","05-14",2025-03-13,2025-03-16,1,"quantile",0.25,122417.748685972
"3252","DE","05-14",2025-03-13,2025-03-16,1,"quantile",0.5,149312.534197419
"3253","DE","05-14",2025-03-13,2025-03-16,1,"quantile",0.75,182116.017552693
"3254","DE","05-14",2025-03-13,2025-03-16,1,"quantile",0.9,217759.70808371
"3255","DE","05-14",2025-03-13,2025-03-16,1,"quantile",0.975,265907.767532286
"3256","DE","05-14",2025-03-13,2025-03-23,2,"quantile",0.025,59137.2083147991
"3257","DE","05-14",2025-03-13,2025-03-23,2,"quantile",0.1,74120.3763314231
"3258","DE","05-14",2025-03-13,2025-03-23,2,"quantile",0.25,90719.2374332827
"3259","DE","05-14",2025-03-13,2025-03-23,2,"quantile",0.5,113555.740822196
"3260","DE","05-14",2025-03-13,2025-03-23,2,"quantile",0.75,142140.814214417
"3261","DE","05-14",2025-03-13,2025-03-23,2,"quantile",0.9,173972.487889421
"3262","DE","05-14",2025-03-13,2025-03-23,2,"quantile",0.975,218050.642584203
"3263","DE","05-14",2025-03-13,2025-03-30,3,"quantile",0.025,44340.3363735056
"3264","DE","05-14",2025-03-13,2025-03-30,3,"quantile",0.1,55869.50884099
"3265","DE","05-14",2025-03-13,2025-03-30,3,"quantile",0.25,68705.87924484
"3266","DE","05-14",2025-03-13,2025-03-30,3,"quantile",0.5,86454.8547354072
"3267","DE","05-14",2025-03-13,2025-03-30,3,"quantile",0.75,108788.971038191
"3268","DE","05-14",2025-03-13,2025-03-30,3,"quantile",0.9,133783.920109149
"3269","DE","05-14",2025-03-13,2025-03-30,3,"quantile",0.975,168569.806154798
"3270","DE","05-14",2025-03-13,2025-04-06,4,"quantile",0.025,36037.6588489888
"3271","DE","05-14",2025-03-13,2025-04-06,4,"quantile",0.1,45671.8050811351
"3272","DE","05-14",2025-03-13,2025-04-06,4,"quantile",0.25,56457.0750527854
"3273","DE","05-14",2025-03-13,2025-04-06,4,"quantile",0.5,71452.1084084845
"3274","DE","05-14",2025-03-13,2025-04-06,4,"quantile",0.75,90429.8317127561
"3275","DE","05-14",2025-03-13,2025-04-06,4,"quantile",0.9,111784.58541212
"3276","DE","05-14",2025-03-13,2025-04-06,4,"quantile",0.975,141668.575570111
"3277","DE","15-34",2025-03-13,2025-03-16,1,"quantile",0.025,198808.495330126
"3278","DE","15-34",2025-03-13,2025-03-16,1,"quantile",0.1,235281.830524196
"3279","DE","15-34",2025-03-13,2025-03-16,1,"quantile",0.25,273557.15691221
"3280","DE","15-34",2025-03-13,2025-03-16,1,"quantile",0.5,323428.696666161
"3281","DE","15-34",2025-03-13,2025-03-16,1,"quantile",0.75,382392.195502829
"3282","DE","15-34",2025-03-13,2025-03-16,1,"quantile",0.9,444599.234858529
"3283","DE","15-34",2025-03-13,2025-03-16,1,"quantile",0.975,526165.250903746
"3284","DE","15-34",2025-03-13,2025-03-23,2,"quantile",0.025,151055.705619162
"3285","DE","15-34",2025-03-13,2025-03-23,2,"quantile",0.1,182346.595335761
"3286","DE","15-34",2025-03-13,2025-03-23,2,"quantile",0.25,215803.851810401
"3287","DE","15-34",2025-03-13,2025-03-23,2,"quantile",0.5,260223.771493932
"3288","DE","15-34",2025-03-13,2025-03-23,2,"quantile",0.75,313786.851728763
"3289","DE","15-34",2025-03-13,2025-03-23,2,"quantile",0.9,371360.984973903
"3290","DE","15-34",2025-03-13,2025-03-23,2,"quantile",0.975,448287.676211656
"3291","DE","15-34",2025-03-13,2025-03-30,3,"quantile",0.025,123696.650580748
"3292","DE","15-34",2025-03-13,2025-03-30,3,"quantile",0.1,151050.282405948
"3293","DE","15-34",2025-03-13,2025-03-30,3,"quantile",0.25,180617.556750347
"3294","DE","15-34",2025-03-13,2025-03-30,3,"quantile",0.5,220303.74822074
"3295","DE","15-34",2025-03-13,2025-03-30,3,"quantile",0.75,268709.987851245
"3296","DE","15-34",2025-03-13,2025-03-30,3,"quantile",0.9,321308.512020339
"3297","DE","15-34",2025-03-13,2025-03-30,3,"quantile",0.975,392360.999689518
"3298","DE","15-34",2025-03-13,2025-04-06,4,"quantile",0.025,100165.442954884
"3299","DE","15-34",2025-03-13,2025-04-06,4,"quantile",0.1,124538.668796595
"3300","DE","15-34",2025-03-13,2025-04-06,4,"quantile",0.25,151336.123891986
"3301","DE","15-34",2025-03-13,2025-04-06,4,"quantile",0.5,187923.892447596
"3302","DE","15-34",2025-03-13,2025-04-06,4,"quantile",0.75,233357.300586484
"3303","DE","15-34",2025-03-13,2025-04-06,4,"quantile",0.9,283569.671122269
"3304","DE","15-34",2025-03-13,2025-04-06,4,"quantile",0.975,352570.590323872
"3305","DE","35-59",2025-03-13,2025-03-16,1,"quantile",0.025,287432.947408887
"3306","DE","35-59",2025-03-13,2025-03-16,1,"quantile",0.1,337670.096019303
"3307","DE","35-59",2025-03-13,2025-03-16,1,"quantile",0.25,390023.85735859
"3308","DE","35-59",2025-03-13,2025-03-16,1,"quantile",0.5,457765.155070739
"3309","DE","35-59",2025-03-13,2025-03-16,1,"quantile",0.75,537272.100778895
"3310","DE","35-59",2025-03-13,2025-03-16,1,"quantile",0.9,620572.978381121
"3311","DE","35-59",2025-03-13,2025-03-16,1,"quantile",0.975,729035.89893209
"3312","DE","35-59",2025-03-13,2025-03-23,2,"quantile",0.025,215075.399913468
"3313","DE","35-59",2025-03-13,2025-03-23,2,"quantile",0.1,258627.698950618
"3314","DE","35-59",2025-03-13,2025-03-23,2,"quantile",0.25,305025.841977832
"3315","DE","35-59",2025-03-13,2025-03-23,2,"quantile",0.5,366402.032006286
"3316","DE","35-59",2025-03-13,2025-03-23,2,"quantile",0.75,440128.115663368
"3317","DE","35-59",2025-03-13,2025-03-23,2,"quantile",0.9,519087.667728772
"3318","DE","35-59",2025-03-13,2025-03-23,2,"quantile",0.975,624201.787430588
"3319","DE","35-59",2025-03-13,2025-03-30,3,"quantile",0.025,170131.173619707
"3320","DE","35-59",2025-03-13,2025-03-30,3,"quantile",0.1,208870.419082397
"3321","DE","35-59",2025-03-13,2025-03-30,3,"quantile",0.25,250957.283474562
"3322","DE","35-59",2025-03-13,2025-03-30,3,"quantile",0.5,307735.569764882
"3323","DE","35-59",2025-03-13,2025-03-30,3,"quantile",0.75,377359.762535507
"3324","DE","35-59",2025-03-13,2025-03-30,3,"quantile",0.9,453396.806089416
"3325","DE","35-59",2025-03-13,2025-03-30,3,"quantile",0.975,556636.264146404
"3326","DE","35-59",2025-03-13,2025-04-06,4,"quantile",0.025,130375.112331745
"3327","DE","35-59",2025-03-13,2025-04-06,4,"quantile",0.1,164699.567781858
"3328","DE","35-59",2025-03-13,2025-04-06,4,"quantile",0.25,203009.054638161
"3329","DE","35-59",2025-03-13,2025-04-06,4,"quantile",0.5,256109.860377396
"3330","DE","35-59",2025-03-13,2025-04-06,4,"quantile",0.75,323100.172548655
"3331","DE","35-59",2025-03-13,2025-04-06,4,"quantile",0.9,398253.993413055
"3332","DE","35-59",2025-03-13,2025-04-06,4,"quantile",0.975,503104.153924922
"3333","DE","60+",2025-03-13,2025-03-16,1,"quantile",0.025,122985.565057268
"3334","DE","60+",2025-03-13,2025-03-16,1,"quantile",0.1,141947.4607326
"3335","DE","60+",2025-03-13,2025-03-16,1,"quantile",0.25,161380.713629733
"3336","DE","60+",2025-03-13,2025-03-16,1,"quantile",0.5,186108.001399644
"3337","DE","60+",2025-03-13,2025-03-16,1,"quantile",0.75,214624.086149712
"3338","DE","60+",2025-03-13,2025-03-16,1,"quantile",0.9,244007.099571984
"3339","DE","60+",2025-03-13,2025-03-16,1,"quantile",0.975,281628.076992949
"3340","DE","60+",2025-03-13,2025-03-23,2,"quantile",0.025,99357.1314409907
"3341","DE","60+",2025-03-13,2025-03-23,2,"quantile",0.1,115324.932099359
"3342","DE","60+",2025-03-13,2025-03-23,2,"quantile",0.25,131777.159695907
"3343","DE","60+",2025-03-13,2025-03-23,2,"quantile",0.5,152823.472010936
"3344","DE","60+",2025-03-13,2025-03-23,2,"quantile",0.75,177231.119955628
"3345","DE","60+",2025-03-13,2025-03-23,2,"quantile",0.9,202514.869701858
"3346","DE","60+",2025-03-13,2025-03-23,2,"quantile",0.975,235061.270980313
"3347","DE","60+",2025-03-13,2025-03-30,3,"quantile",0.025,79160.3420238796
"3348","DE","60+",2025-03-13,2025-03-30,3,"quantile",0.1,93915.1801324804
"3349","DE","60+",2025-03-13,2025-03-30,3,"quantile",0.25,109435.226560457
"3350","DE","60+",2025-03-13,2025-03-30,3,"quantile",0.5,129704.809000398
"3351","DE","60+",2025-03-13,2025-03-30,3,"quantile",0.75,153728.721606254
"3352","DE","60+",2025-03-13,2025-03-30,3,"quantile",0.9,179133.314274627
"3353","DE","60+",2025-03-13,2025-03-30,3,"quantile",0.975,212522.293963243
"3354","DE","60+",2025-03-13,2025-04-06,4,"quantile",0.025,64428.3086455568
"3355","DE","60+",2025-03-13,2025-04-06,4,"quantile",0.1,78411.5286108334
"3356","DE","60+",2025-03-13,2025-04-06,4,"quantile",0.25,93478.4550683906
"3357","DE","60+",2025-03-13,2025-04-06,4,"quantile",0.5,113637.450572499
"3358","DE","60+",2025-03-13,2025-04-06,4,"quantile",0.75,138143.812530593
"3359","DE","60+",2025-03-13,2025-04-06,4,"quantile",0.9,164688.412551022
"3360","DE","60+",2025-03-13,2025-04-06,4,"quantile",0.975,200431.618400209
"3361","DE","00+",2025-03-20,2025-03-23,1,"quantile",0.025,728009.964527568
"3362","DE","00+",2025-03-20,2025-03-23,1,"quantile",0.1,837181.589739122
"3363","DE","00+",2025-03-20,2025-03-23,1,"quantile",0.25,948680.287345841
"3364","DE","00+",2025-03-20,2025-03-23,1,"quantile",0.5,1090062.37305556
"3365","DE","00+",2025-03-20,2025-03-23,1,"quantile",0.75,1252514.67011703
"3366","DE","00+",2025-03-20,2025-03-23,1,"quantile",0.9,1419328.84300738
"3367","DE","00+",2025-03-20,2025-03-23,1,"quantile",0.975,1632169.93591921
"3368","DE","00+",2025-03-20,2025-03-30,2,"quantile",0.025,580074.004625333
"3369","DE","00+",2025-03-20,2025-03-30,2,"quantile",0.1,688001.464048974
"3370","DE","00+",2025-03-20,2025-03-30,2,"quantile",0.25,801496.042838453
"3371","DE","00+",2025-03-20,2025-03-30,2,"quantile",0.5,949683.409427571
"3372","DE","00+",2025-03-20,2025-03-30,2,"quantile",0.75,1125268.90956062
"3373","DE","00+",2025-03-20,2025-03-30,2,"quantile",0.9,1310896.30657788
"3374","DE","00+",2025-03-20,2025-03-30,2,"quantile",0.975,1554799.1651936
"3375","DE","00+",2025-03-20,2025-04-06,3,"quantile",0.025,471447.0502001
"3376","DE","00+",2025-03-20,2025-04-06,3,"quantile",0.1,570585.798144858
"3377","DE","00+",2025-03-20,2025-04-06,3,"quantile",0.25,676848.417318464
"3378","DE","00+",2025-03-20,2025-04-06,3,"quantile",0.5,818276.697059394
"3379","DE","00+",2025-03-20,2025-04-06,3,"quantile",0.75,989256.583627925
"3380","DE","00+",2025-03-20,2025-04-06,3,"quantile",0.9,1173490.04326329
"3381","DE","00+",2025-03-20,2025-04-06,3,"quantile",0.975,1420258.65400205
"3382","DE","00+",2025-03-20,2025-04-13,4,"quantile",0.025,394806.026407056
"3383","DE","00+",2025-03-20,2025-04-13,4,"quantile",0.1,490876.287810599
"3384","DE","00+",2025-03-20,2025-04-13,4,"quantile",0.25,596502.420120859
"3385","DE","00+",2025-03-20,2025-04-13,4,"quantile",0.5,740719.143177688
"3386","DE","00+",2025-03-20,2025-04-13,4,"quantile",0.75,919803.223864075
"3387","DE","00+",2025-03-20,2025-04-13,4,"quantile",0.9,1117725.30613984
"3388","DE","00+",2025-03-20,2025-04-13,4,"quantile",0.975,1389707.38127538
"3389","DE","00-04",2025-03-20,2025-03-23,1,"quantile",0.025,124261.898850126
"3390","DE","00-04",2025-03-20,2025-03-23,1,"quantile",0.1,141528.603201834
"3391","DE","00-04",2025-03-20,2025-03-23,1,"quantile",0.25,159003.809830252
"3392","DE","00-04",2025-03-20,2025-03-23,1,"quantile",0.5,180961.854682208
"3393","DE","00-04",2025-03-20,2025-03-23,1,"quantile",0.75,205952.252873592
"3394","DE","00-04",2025-03-20,2025-03-23,1,"quantile",0.9,231382.152506117
"3395","DE","00-04",2025-03-20,2025-03-23,1,"quantile",0.975,263533.658772761
"3396","DE","00-04",2025-03-20,2025-03-30,2,"quantile",0.025,104963.505682891
"3397","DE","00-04",2025-03-20,2025-03-30,2,"quantile",0.1,121540.14307751
"3398","DE","00-04",2025-03-20,2025-03-30,2,"quantile",0.25,138580.970948327
"3399","DE","00-04",2025-03-20,2025-03-30,2,"quantile",0.5,160330.741670807
"3400","DE","00-04",2025-03-20,2025-03-30,2,"quantile",0.75,185494.058446857
"3401","DE","00-04",2025-03-20,2025-03-30,2,"quantile",0.9,211501.698729428
"3402","DE","00-04",2025-03-20,2025-03-30,2,"quantile",0.975,244903.660157581
"3403","DE","00-04",2025-03-20,2025-04-06,3,"quantile",0.025,88096.3493205728
"3404","DE","00-04",2025-03-20,2025-04-06,3,"quantile",0.1,103540.268776997
"3405","DE","00-04",2025-03-20,2025-04-06,3,"quantile",0.25,119641.717911865
"3406","DE","00-04",2025-03-20,2025-04-06,3,"quantile",0.5,140484.494210424
"3407","DE","00-04",2025-03-20,2025-04-06,3,"quantile",0.75,164958.289282483
"3408","DE","00-04",2025-03-20,2025-04-06,3,"quantile",0.9,190610.796617357
"3409","DE","00-04",2025-03-20,2025-04-06,3,"quantile",0.975,224026.231118181
"3410","DE","00-04",2025-03-20,2025-04-13,4,"quantile",0.025,80544.6904162837
"3411","DE","00-04",2025-03-20,2025-04-13,4,"quantile",0.1,96026.9115533672
"3412","DE","00-04",2025-03-20,2025-04-13,4,"quantile",0.25,112387.605637605
"3413","DE","00-04",2025-03-20,2025-04-13,4,"quantile",0.5,133854.495919441
"3414","DE","00-04",2025-03-20,2025-04-13,4,"quantile",0.75,159421.726054217
"3415","DE","00-04",2025-03-20,2025-04-13,4,"quantile",0.9,186583.3836371
"3416","DE","00-04",2025-03-20,2025-04-13,4,"quantile",0.975,222448.258044648
"3417","DE","05-14",2025-03-20,2025-03-23,1,"quantile",0.025,72289.8910318974
"3418","DE","05-14",2025-03-20,2025-03-23,1,"quantile",0.1,88273.6467117903
"3419","DE","05-14",2025-03-20,2025-03-23,1,"quantile",0.25,105550.537496694
"3420","DE","05-14",2025-03-20,2025-03-23,1,"quantile",0.5,128739.650979524
"3421","DE","05-14",2025-03-20,2025-03-23,1,"quantile",0.75,157023.338084364
"3422","DE","05-14",2025-03-20,2025-03-23,1,"quantile",0.9,187755.897164221
"3423","DE","05-14",2025-03-20,2025-03-23,1,"quantile",0.975,229269.922775462
"3424","DE","05-14",2025-03-20,2025-03-30,2,"quantile",0.025,54370.1442757572
"3425","DE","05-14",2025-03-20,2025-03-30,2,"quantile",0.1,68145.5156533726
"3426","DE","05-14",2025-03-20,2025-03-30,2,"quantile",0.25,83406.3387229579
"3427","DE","05-14",2025-03-20,2025-03-30,2,"quantile",0.5,104401.986292245
"3428","DE","05-14",2025-03-20,2025-03-30,2,"quantile",0.75,130682.810307389
"3429","DE","05-14",2025-03-20,2025-03-30,2,"quantile",0.9,159948.525405673
"3430","DE","05-14",2025-03-20,2025-03-30,2,"quantile",0.975,200473.529856462
"3431","DE","05-14",2025-03-20,2025-04-06,3,"quantile",0.025,40848.4522983396
"3432","DE","05-14",2025-03-20,2025-04-06,3,"quantile",0.1,51469.6809604381
"3433","DE","05-14",2025-03-20,2025-04-06,3,"quantile",0.25,63295.1632867019
"3434","DE","05-14",2025-03-20,2025-04-06,3,"quantile",0.5,79646.3738991692
"3435","DE","05-14",2025-03-20,2025-04-06,3,"quantile",0.75,100221.636944873
"3436","DE","05-14",2025-03-20,2025-04-06,3,"quantile",0.9,123248.187222342
"3437","DE","05-14",2025-03-20,2025-04-06,3,"quantile",0.975,155294.619951712
"3438","DE","05-14",2025-03-20,2025-04-13,4,"quantile",0.025,37997.8555251634
"3439","DE","05-14",2025-03-20,2025-04-13,4,"quantile",0.1,48156.0319530882
"3440","DE","05-14",2025-03-20,2025-04-13,4,"quantile",0.25,59527.9452036114
"3441","DE","05-14",2025-03-20,2025-04-13,4,"quantile",0.5,75338.6035327901
"3442","DE","05-14",2025-03-20,2025-04-13,4,"quantile",0.75,95348.5822978915
"3443","DE","05-14",2025-03-20,2025-04-13,4,"quantile",0.9,117864.885292048
"3444","DE","05-14",2025-03-20,2025-04-13,4,"quantile",0.975,149374.35557415
"3445","DE","15-34",2025-03-20,2025-03-23,1,"quantile",0.025,161600.145661183
"3446","DE","15-34",2025-03-20,2025-03-23,1,"quantile",0.1,191247.250380343
"3447","DE","15-34",2025-03-20,2025-03-23,1,"quantile",0.25,222359.091497904
"3448","DE","15-34",2025-03-20,2025-03-23,1,"quantile",0.5,262896.836503234
"3449","DE","15-34",2025-03-20,2025-03-23,1,"quantile",0.75,310824.919178354
"3450","DE","15-34",2025-03-20,2025-03-23,1,"quantile",0.9,361389.491906191
"3451","DE","15-34",2025-03-20,2025-03-23,1,"quantile",0.975,427689.878376205
"3452","DE","15-34",2025-03-20,2025-03-30,2,"quantile",0.025,136103.5292113
"3453","DE","15-34",2025-03-20,2025-03-30,2,"quantile",0.1,164297.10525091
"3454","DE","15-34",2025-03-20,2025-03-30,2,"quantile",0.25,194442.611276393
"3455","DE","15-34",2025-03-20,2025-03-30,2,"quantile",0.5,234465.646562815
"3456","DE","15-34",2025-03-20,2025-03-30,2,"quantile",0.75,282726.811048506
"3457","DE","15-34",2025-03-20,2025-03-30,2,"quantile",0.9,334601.996390404
"3458","DE","15-34",2025-03-20,2025-03-30,2,"quantile",0.975,403914.136074839
"3459","DE","15-34",2025-03-20,2025-04-06,3,"quantile",0.025,112072.307769142
"3460","DE","15-34",2025-03-20,2025-04-06,3,"quantile",0.1,136855.393084104
"3461","DE","15-34",2025-03-20,2025-04-06,3,"quantile",0.25,163644.094755998
"3462","DE","15-34",2025-03-20,2025-04-06,3,"quantile",0.5,199600.792401191
"3463","DE","15-34",2025-03-20,2025-04-06,3,"quantile",0.75,243458.075200254
"3464","DE","15-34",2025-03-20,2025-04-06,3,"quantile",0.9,291113.674290492
"3465","DE","15-34",2025-03-20,2025-04-06,3,"quantile",0.975,355489.033109325
"3466","DE","15-34",2025-03-20,2025-04-13,4,"quantile",0.025,98837.1740057804
"3467","DE","15-34",2025-03-20,2025-04-13,4,"quantile",0.1,122887.192580394
"3468","DE","15-34",2025-03-20,2025-04-13,4,"quantile",0.25,149329.293309367
"3469","DE","15-34",2025-03-20,2025-04-13,4,"quantile",0.5,185431.880594314
"3470","DE","15-34",2025-03-20,2025-04-13,4,"quantile",0.75,230262.807642893
"3471","DE","15-34",2025-03-20,2025-04-13,4,"quantile",0.9,279809.324460308
"3472","DE","15-34",2025-03-20,2025-04-13,4,"quantile",0.975,347895.239687174
"3473","DE","35-59",2025-03-20,2025-03-23,1,"quantile",0.025,236171.180018695
"3474","DE","35-59",2025-03-20,2025-03-23,1,"quantile",0.1,277448.865040721
"3475","DE","35-59",2025-03-20,2025-03-23,1,"quantile",0.25,320465.678893753
"3476","DE","35-59",2025-03-20,2025-03-23,1,"quantile",0.5,376125.763657513
"3477","DE","35-59",2025-03-20,2025-03-23,1,"quantile",0.75,441453.170820986
"3478","DE","35-59",2025-03-20,2025-03-23,1,"quantile",0.9,509897.887187911
"3479","DE","35-59",2025-03-20,2025-03-23,1,"quantile",0.975,599017.162363964
"3480","DE","35-59",2025-03-20,2025-03-30,2,"quantile",0.025,191460.39632652
"3481","DE","35-59",2025-03-20,2025-03-30,2,"quantile",0.1,230230.708681809
"3482","DE","35-59",2025-03-20,2025-03-30,2,"quantile",0.25,271534.395000091
"3483","DE","35-59",2025-03-20,2025-03-30,2,"quantile",0.5,326171.55793266
"3484","DE","35-59",2025-03-20,2025-03-30,2,"quantile",0.75,391802.61198285
"3485","DE","35-59",2025-03-20,2025-03-30,2,"quantile",0.9,462092.506309626
"3486","DE","35-59",2025-03-20,2025-03-30,2,"quantile",0.975,555665.23022747
"3487","DE","35-59",2025-03-20,2025-04-06,3,"quantile",0.025,154831.540636847
"3488","DE","35-59",2025-03-20,2025-04-06,3,"quantile",0.1,190087.025745678
"3489","DE","35-59",2025-03-20,2025-04-06,3,"quantile",0.25,228389.083597691
"3490","DE","35-59",2025-03-20,2025-04-06,3,"quantile",0.5,280061.386527316
"3491","DE","35-59",2025-03-20,2025-04-06,3,"quantile",0.75,343424.383460314
"3492","DE","35-59",2025-03-20,2025-04-06,3,"quantile",0.9,412623.53343643
"3493","DE","35-59",2025-03-20,2025-04-06,3,"quantile",0.975,506578.826904322
"3494","DE","35-59",2025-03-20,2025-04-13,4,"quantile",0.025,123468.364501841
"3495","DE","35-59",2025-03-20,2025-04-13,4,"quantile",0.1,155974.44868498
"3496","DE","35-59",2025-03-20,2025-04-13,4,"quantile",0.25,192254.453376495
"3497","DE","35-59",2025-03-20,2025-04-13,4,"quantile",0.5,242542.192509333
"3498","DE","35-59",2025-03-20,2025-04-13,4,"quantile",0.75,305983.628020482
"3499","DE","35-59",2025-03-20,2025-04-13,4,"quantile",0.9,377156.102446282
"3500","DE","35-59",2025-03-20,2025-04-13,4,"quantile",0.975,476451.724169046
"3501","DE","60+",2025-03-20,2025-03-23,1,"quantile",0.025,104897.483626994
"3502","DE","60+",2025-03-20,2025-03-23,1,"quantile",0.1,121070.561664353
"3503","DE","60+",2025-03-20,2025-03-23,1,"quantile",0.25,137645.672138879
"3504","DE","60+",2025-03-20,2025-03-23,1,"quantile",0.5,158736.198191887
"3505","DE","60+",2025-03-20,2025-03-23,1,"quantile",0.75,183058.284542292
"3506","DE","60+",2025-03-20,2025-03-23,1,"quantile",0.9,208119.796175298
"3507","DE","60+",2025-03-20,2025-03-23,1,"quantile",0.975,240207.674628429
"3508","DE","60+",2025-03-20,2025-03-30,2,"quantile",0.025,89836.7006924974
"3509","DE","60+",2025-03-20,2025-03-30,2,"quantile",0.1,104274.461803941
"3510","DE","60+",2025-03-20,2025-03-30,2,"quantile",0.25,119150.231916062
"3511","DE","60+",2025-03-20,2025-03-30,2,"quantile",0.5,138179.880142661
"3512","DE","60+",2025-03-20,2025-03-30,2,"quantile",0.75,160248.779789965
"3513","DE","60+",2025-03-20,2025-03-30,2,"quantile",0.9,183109.832896002
"3514","DE","60+",2025-03-20,2025-03-30,2,"quantile",0.975,212537.628041306
"3515","DE","60+",2025-03-20,2025-04-06,3,"quantile",0.025,76030.8637832243
"3516","DE","60+",2025-03-20,2025-04-06,3,"quantile",0.1,90202.3928304351
"3517","DE","60+",2025-03-20,2025-04-06,3,"quantile",0.25,105108.878902954
"3518","DE","60+",2025-03-20,2025-04-06,3,"quantile",0.5,124577.135633946
"3519","DE","60+",2025-03-20,2025-04-06,3,"quantile",0.75,147651.301057902
"3520","DE","60+",2025-03-20,2025-04-06,3,"quantile",0.9,172051.563553669
"3521","DE","60+",2025-03-20,2025-04-06,3,"quantile",0.975,204120.563025655
"3522","DE","60+",2025-03-20,2025-04-13,4,"quantile",0.025,66820.895578806
"3523","DE","60+",2025-03-20,2025-04-13,4,"quantile",0.1,81323.3914660647
"3524","DE","60+",2025-03-20,2025-04-13,4,"quantile",0.25,96949.8379874636
"3525","DE","60+",2025-03-20,2025-04-13,4,"quantile",0.5,117857.450834546
"3526","DE","60+",2025-03-20,2025-04-13,4,"quantile",0.75,143273.872402073
"3527","DE","60+",2025-03-20,2025-04-13,4,"quantile",0.9,170804.223321328
"3528","DE","60+",2025-03-20,2025-04-13,4,"quantile",0.975,207874.776249231
"3529","DE","00+",2025-03-27,2025-03-30,1,"quantile",0.025,699551.111698308
"3530","DE","00+",2025-03-27,2025-03-30,1,"quantile",0.1,804455.076621664
"3531","DE","00+",2025-03-27,2025-03-30,1,"quantile",0.25,911595.145664963
"3532","DE","00+",2025-03-27,2025-03-30,1,"quantile",0.5,1047450.42244904
"3533","DE","00+",2025-03-27,2025-03-30,1,"quantile",0.75,1203552.2487215
"3534","DE","00+",2025-03-27,2025-03-30,1,"quantile",0.9,1363845.43944479
"3535","DE","00+",2025-03-27,2025-03-30,1,"quantile",0.975,1568366.29824674
"3536","DE","00+",2025-03-27,2025-04-06,2,"quantile",0.025,550850.217839329
"3537","DE","00+",2025-03-27,2025-04-06,2,"quantile",0.1,653340.355408514
"3538","DE","00+",2025-03-27,2025-04-06,2,"quantile",0.25,761117.144147991
"3539","DE","00+",2025-03-27,2025-04-06,2,"quantile",0.5,901838.918466039
"3540","DE","00+",2025-03-27,2025-04-06,2,"quantile",0.75,1068578.52449301
"3541","DE","00+",2025-03-27,2025-04-06,2,"quantile",0.9,1244854.12255218
"3542","DE","00+",2025-03-27,2025-04-06,2,"quantile",0.975,1476469.29876902
"3543","DE","00+",2025-03-27,2025-04-13,3,"quantile",0.025,501356.160935035
"3544","DE","00+",2025-03-27,2025-04-13,3,"quantile",0.1,606784.378268017
"3545","DE","00+",2025-03-27,2025-04-13,3,"quantile",0.25,719788.412925078
"3546","DE","00+",2025-03-27,2025-04-13,3,"quantile",0.5,870189.055687534
"3547","DE","00+",2025-03-27,2025-04-13,3,"quantile",0.75,1052016.09117481
"3548","DE","00+",2025-03-27,2025-04-13,3,"quantile",0.9,1247937.52073804
"3549","DE","00+",2025-03-27,2025-04-13,3,"quantile",0.975,1510361.39902245
"3550","DE","00+",2025-03-27,2025-04-20,4,"quantile",0.025,408010.517858009
"3551","DE","00+",2025-03-27,2025-04-20,4,"quantile",0.1,507293.898769728
"3552","DE","00+",2025-03-27,2025-04-20,4,"quantile",0.25,616452.751625774
"3553","DE","00+",2025-03-27,2025-04-20,4,"quantile",0.5,765492.877466038
"3554","DE","00+",2025-03-27,2025-04-20,4,"quantile",0.75,950566.517719043
"3555","DE","00+",2025-03-27,2025-04-20,4,"quantile",0.9,1155108.20625348
"3556","DE","00+",2025-03-27,2025-04-20,4,"quantile",0.975,1436186.86235721
"3557","DE","00-04",2025-03-27,2025-03-30,1,"quantile",0.025,124472.032814976
"3558","DE","00-04",2025-03-27,2025-03-30,1,"quantile",0.1,141767.936149469
"3559","DE","00-04",2025-03-27,2025-03-30,1,"quantile",0.25,159272.694349924
"3560","DE","00-04",2025-03-27,2025-03-30,1,"quantile",0.5,181267.871509271
"3561","DE","00-04",2025-03-27,2025-03-30,1,"quantile",0.75,206300.529890655
"3562","DE","00-04",2025-03-27,2025-03-30,1,"quantile",0.9,231773.432935207
"3563","DE","00-04",2025-03-27,2025-03-30,1,"quantile",0.975,263979.309234422
"3564","DE","00-04",2025-03-27,2025-04-06,2,"quantile",0.025,104007.876368495
"3565","DE","00-04",2025-03-27,2025-04-06,2,"quantile",0.1,120433.593493013
"3566","DE","00-04",2025-03-27,2025-04-06,2,"quantile",0.25,137319.274919844
"3567","DE","00-04",2025-03-27,2025-04-06,2,"quantile",0.5,158871.027118185
"3568","DE","00-04",2025-03-27,2025-04-06,2,"quantile",0.75,183805.247095284
"3569","DE","00-04",2025-03-27,2025-04-06,2,"quantile",0.9,209576.103523404
"3570","DE","00-04",2025-03-27,2025-04-06,2,"quantile",0.975,242673.960269731
"3571","DE","00-04",2025-03-27,2025-04-13,3,"quantile",0.025,97946.9565207241
"3572","DE","00-04",2025-03-27,2025-04-13,3,"quantile",0.1,115117.757798805
"3573","DE","00-04",2025-03-27,2025-04-13,3,"quantile",0.25,133019.611286453
"3574","DE","00-04",2025-03-27,2025-04-13,3,"quantile",0.5,156192.949564721
"3575","DE","00-04",2025-03-27,2025-04-13,3,"quantile",0.75,183403.313675238
"3576","DE","00-04",2025-03-27,2025-04-13,3,"quantile",0.9,211924.189284208
"3577","DE","00-04",2025-03-27,2025-04-13,3,"quantile",0.975,249076.013796975
"3578","DE","00-04",2025-03-27,2025-04-20,4,"quantile",0.025,89859.362657072
"3579","DE","00-04",2025-03-27,2025-04-20,4,"quantile",0.1,107132.040926786
"3580","DE","00-04",2025-03-27,2025-04-20,4,"quantile",0.25,125384.784036712
"3581","DE","00-04",2025-03-27,2025-04-20,4,"quantile",0.5,149334.234571382
"3582","DE","00-04",2025-03-27,2025-04-20,4,"quantile",0.75,177858.212911153
"3583","DE","00-04",2025-03-27,2025-04-20,4,"quantile",0.9,208161.007874953
"3584","DE","00-04",2025-03-27,2025-04-20,4,"quantile",0.975,248173.511981452
"3585","DE","05-14",2025-03-27,2025-03-30,1,"quantile",0.025,71010.457553855
"3586","DE","05-14",2025-03-27,2025-03-30,1,"quantile",0.1,86711.3223366973
"3587","DE","05-14",2025-03-27,2025-03-30,1,"quantile",0.25,103682.435478957
"3588","DE","05-14",2025-03-27,2025-03-30,1,"quantile",0.5,126461.132959044
"3589","DE","05-14",2025-03-27,2025-03-30,1,"quantile",0.75,154244.236985837
"3590","DE","05-14",2025-03-27,2025-03-30,1,"quantile",0.9,184432.871259731
"3591","DE","05-14",2025-03-27,2025-03-30,1,"quantile",0.975,225212.15466266
"3592","DE","05-14",2025-03-27,2025-04-06,2,"quantile",0.025,48757.4419452726
"3593","DE","05-14",2025-03-27,2025-04-06,2,"quantile",0.1,61110.7634080985
"3594","DE","05-14",2025-03-27,2025-04-06,2,"quantile",0.25,74796.1914084092
"3595","DE","05-14",2025-03-27,2025-04-06,2,"quantile",0.5,93624.4303454059
"3596","DE","05-14",2025-03-27,2025-04-06,2,"quantile",0.75,117192.249932077
"3597","DE","05-14",2025-03-27,2025-04-06,2,"quantile",0.9,143436.826324119
"3598","DE","05-14",2025-03-27,2025-04-06,2,"quantile",0.975,179778.380648857
"3599","DE","05-14",2025-03-27,2025-04-13,3,"quantile",0.025,44990.6955635654
"3600","DE","05-14",2025-03-27,2025-04-13,3,"quantile",0.1,56688.9714678134
"3601","DE","05-14",2025-03-27,2025-04-13,3,"quantile",0.25,69713.6185547456
"3602","DE","05-14",2025-03-27,2025-04-13,3,"quantile",0.5,87722.9260650613
"3603","DE","05-14",2025-03-27,2025-04-13,3,"quantile",0.75,110384.626661907
"3604","DE","05-14",2025-03-27,2025-04-13,3,"quantile",0.9,135746.187629906
"3605","DE","05-14",2025-03-27,2025-04-13,3,"quantile",0.975,171042.29354587
"3606","DE","05-14",2025-03-27,2025-04-20,4,"quantile",0.025,45765.4787165065
"3607","DE","05-14",2025-03-27,2025-04-20,4,"quantile",0.1,58000.2167217301
"3608","DE","05-14",2025-03-27,2025-04-20,4,"quantile",0.25,71696.8068750383
"3609","DE","05-14",2025-03-27,2025-04-20,4,"quantile",0.5,90739.5222403515
"3610","DE","05-14",2025-03-27,2025-04-20,4,"quantile",0.75,114839.994349509
"3611","DE","05-14",2025-03-27,2025-04-20,4,"quantile",0.9,141959.140185807
"3612","DE","05-14",2025-03-27,2025-04-20,4,"quantile",0.975,179909.860604988
"3613","DE","15-34",2025-03-27,2025-03-30,1,"quantile",0.025,162111.690813554
"3614","DE","15-34",2025-03-27,2025-03-30,1,"quantile",0.1,191852.643422757
"3615","DE","15-34",2025-03-27,2025-03-30,1,"quantile",0.25,223062.969052444
"3616","DE","15-34",2025-03-27,2025-03-30,1,"quantile",0.5,263729.036262316
"3617","DE","15-34",2025-03-27,2025-03-30,1,"quantile",0.75,311808.8352509
"3618","DE","15-34",2025-03-27,2025-03-30,1,"quantile",0.9,362533.470099689
"3619","DE","15-34",2025-03-27,2025-03-30,1,"quantile",0.975,429043.730398469
"3620","DE","15-34",2025-03-27,2025-04-06,2,"quantile",0.025,124920.258095613
"3621","DE","15-34",2025-03-27,2025-04-06,2,"quantile",0.1,150797.241711802
"3622","DE","15-34",2025-03-27,2025-04-06,2,"quantile",0.25,178465.770330776
"3623","DE","15-34",2025-03-27,2025-04-06,2,"quantile",0.5,215200.217458798
"3624","DE","15-34",2025-03-27,2025-04-06,2,"quantile",0.75,259495.888250609
"3625","DE","15-34",2025-03-27,2025-04-06,2,"quantile",0.9,307108.62525471
"3626","DE","15-34",2025-03-27,2025-04-06,2,"quantile",0.975,370725.56765667
"3627","DE","15-34",2025-03-27,2025-04-13,3,"quantile",0.025,118596.784078616
"3628","DE","15-34",2025-03-27,2025-04-13,3,"quantile",0.1,144822.658038086
"3629","DE","15-34",2025-03-27,2025-04-13,3,"quantile",0.25,173170.908655647
"3630","DE","15-34",2025-03-27,2025-04-13,3,"quantile",0.5,211220.885422353
"3631","DE","15-34",2025-03-27,2025-04-13,3,"quantile",0.75,257631.393084152
"3632","DE","15-34",2025-03-27,2025-04-13,3,"quantile",0.9,308061.342354798
"3633","DE","15-34",2025-03-27,2025-04-13,3,"quantile",0.975,376184.42005163
"3634","DE","15-34",2025-03-27,2025-04-20,4,"quantile",0.025,103121.235069649
"3635","DE","15-34",2025-03-27,2025-04-20,4,"quantile",0.1,128213.692880281
"3636","DE","15-34",2025-03-27,2025-04-20,4,"quantile",0.25,155801.916769081
"3637","DE","15-34",2025-03-27,2025-04-20,4,"quantile",0.5,193469.357461141
"3638","DE","15-34",2025-03-27,2025-04-20,4,"quantile",0.75,240243.464603221
"3639","DE","15-34",2025-03-27,2025-04-20,4,"quantile",0.9,291937.55702347
"3640","DE","15-34",2025-03-27,2025-04-20,4,"quantile",0.975,362974.631278863
"3641","DE","35-59",2025-03-27,2025-03-30,1,"quantile",0.025,223581.293166932
"3642","DE","35-59",2025-03-27,2025-03-30,1,"quantile",0.1,262658.534494309
"3643","DE","35-59",2025-03-27,2025-03-30,1,"quantile",0.25,303382.194631083
"3644","DE","35-59",2025-03-27,2025-03-30,1,"quantile",0.5,356075.134253425
"3645","DE","35-59",2025-03-27,2025-03-30,1,"quantile",0.75,417920.047640807
"3646","DE","35-59",2025-03-27,2025-03-30,1,"quantile",0.9,482716.091741318
"3647","DE","35-59",2025-03-27,2025-03-30,1,"quantile",0.975,567084.568828083
"3648","DE","35-59",2025-03-27,2025-04-06,2,"quantile",0.025,175590.192458024
"3649","DE","35-59",2025-03-27,2025-04-06,2,"quantile",0.1,211146.823169855
"3650","DE","35-59",2025-03-27,2025-04-06,2,"quantile",0.25,249026.835793899
"3651","DE","35-59",2025-03-27,2025-04-06,2,"quantile",0.5,299135.109561017
"3652","DE","35-59",2025-03-27,2025-04-06,2,"quantile",0.75,359325.987847106
"3653","DE","35-59",2025-03-27,2025-04-06,2,"quantile",0.9,423789.533883249
"3654","DE","35-59",2025-03-27,2025-04-06,2,"quantile",0.975,509605.989488694
"3655","DE","35-59",2025-03-27,2025-04-13,3,"quantile",0.025,151617.483263828
"3656","DE","35-59",2025-03-27,2025-04-13,3,"quantile",0.1,186141.120382337
"3657","DE","35-59",2025-03-27,2025-04-13,3,"quantile",0.25,223648.088222749
"3658","DE","35-59",2025-03-27,2025-04-13,3,"quantile",0.5,274247.756045027
"3659","DE","35-59",2025-03-27,2025-04-13,3,"quantile",0.75,336295.437593113
"3660","DE","35-59",2025-03-27,2025-04-13,3,"quantile",0.9,404058.122897544
"3661","DE","35-59",2025-03-27,2025-04-13,3,"quantile",0.975,496063.053393766
"3662","DE","35-59",2025-03-27,2025-04-20,4,"quantile",0.025,118382.747442035
"3663","DE","35-59",2025-03-27,2025-04-20,4,"quantile",0.1,149549.917831861
"3664","DE","35-59",2025-03-27,2025-04-20,4,"quantile",0.25,184335.562315938
"3665","DE","35-59",2025-03-27,2025-04-20,4,"quantile",0.5,232551.967750749
"3666","DE","35-59",2025-03-27,2025-04-20,4,"quantile",0.75,293380.2735907
"3667","DE","35-59",2025-03-27,2025-04-20,4,"quantile",0.9,361621.179662218
"3668","DE","35-59",2025-03-27,2025-04-20,4,"quantile",0.975,456826.850814771
"3669","DE","60+",2025-03-27,2025-03-30,1,"quantile",0.025,95270.7663904159
"3670","DE","60+",2025-03-27,2025-03-30,1,"quantile",0.1,109959.598631523
"3671","DE","60+",2025-03-27,2025-03-30,1,"quantile",0.25,125013.567738438
"3672","DE","60+",2025-03-27,2025-03-30,1,"quantile",0.5,144168.560891486
"3673","DE","60+",2025-03-27,2025-03-30,1,"quantile",0.75,166258.545576502
"3674","DE","60+",2025-03-27,2025-03-30,1,"quantile",0.9,189020.096546294
"3675","DE","60+",2025-03-27,2025-03-30,1,"quantile",0.975,218163.186221761
"3676","DE","60+",2025-03-27,2025-04-06,2,"quantile",0.025,82928.000847539
"3677","DE","60+",2025-03-27,2025-04-06,2,"quantile",0.1,96255.4567364701
"3678","DE","60+",2025-03-27,2025-04-06,2,"quantile",0.25,109987.237478155
"3679","DE","60+",2025-03-27,2025-04-06,2,"quantile",0.5,127553.451198152
"3680","DE","60+",2025-03-27,2025-04-06,2,"quantile",0.75,147925.189191071
"3681","DE","60+",2025-03-27,2025-04-06,2,"quantile",0.9,169028.161770644
"3682","DE","60+",2025-03-27,2025-04-06,2,"quantile",0.975,196192.875099823
"3683","DE","60+",2025-03-27,2025-04-13,3,"quantile",0.025,76942.6745609878
"3684","DE","60+",2025-03-27,2025-04-13,3,"quantile",0.1,91284.1576542223
"3685","DE","60+",2025-03-27,2025-04-13,3,"quantile",0.25,106369.41184778
"3686","DE","60+",2025-03-27,2025-04-13,3,"quantile",0.5,126071.144373052
"3687","DE","60+",2025-03-27,2025-04-13,3,"quantile",0.75,149422.029956093
"3688","DE","60+",2025-03-27,2025-04-13,3,"quantile",0.9,174114.916015724
"3689","DE","60+",2025-03-27,2025-04-13,3,"quantile",0.975,206568.507453336
"3690","DE","60+",2025-03-27,2025-04-20,4,"quantile",0.025,64290.2875828951
"3691","DE","60+",2025-03-27,2025-04-20,4,"quantile",0.1,78243.552099711
"3692","DE","60+",2025-03-27,2025-04-20,4,"quantile",0.25,93278.201546674
"3693","DE","60+",2025-03-27,2025-04-20,4,"quantile",0.5,113394.011593331
"3694","DE","60+",2025-03-27,2025-04-20,4,"quantile",0.75,137847.874980679
"3695","DE","60+",2025-03-27,2025-04-20,4,"quantile",0.9,164335.610030108
"3696","DE","60+",2025-03-27,2025-04-20,4,"quantile",0.975,200002.245263708
