"","location","age_group","forecast_date","target_end_date","horizon","type","quantile","value"
"1","DE","00+",2024-10-17,2024-10-20,1,"quantile",0.025,579611.34
"2","DE","00+",2024-10-17,2024-10-20,1,"quantile",0.1,742308.23
"3","DE","00+",2024-10-17,2024-10-20,1,"quantile",0.25,912490.025
"4","DE","00+",2024-10-17,2024-10-20,1,"quantile",0.5,1130704.2
"5","DE","00+",2024-10-17,2024-10-20,1,"quantile",0.75,1383962.35
"6","DE","00+",2024-10-17,2024-10-20,1,"quantile",0.9,1640845.16
"7","DE","00+",2024-10-17,2024-10-20,1,"quantile",0.975,1961921.12
"8","DE","00+",2024-10-17,2024-10-27,2,"quantile",0.025,586049.5175
"9","DE","00+",2024-10-17,2024-10-27,2,"quantile",0.1,749966.87
"10","DE","00+",2024-10-17,2024-10-27,2,"quantile",0.25,923431.275
"11","DE","00+",2024-10-17,2024-10-27,2,"quantile",0.5,1145155.45
"12","DE","00+",2024-10-17,2024-10-27,2,"quantile",0.75,1399477.625
"13","DE","00+",2024-10-17,2024-10-27,2,"quantile",0.9,1658482.8
"14","DE","00+",2024-10-17,2024-10-27,2,"quantile",0.975,1979427.1675
"15","DE","00+",2024-10-17,2024-11-03,3,"quantile",0.025,590043.425
"16","DE","00+",2024-10-17,2024-11-03,3,"quantile",0.1,755893.1
"17","DE","00+",2024-10-17,2024-11-03,3,"quantile",0.25,931635.5
"18","DE","00+",2024-10-17,2024-11-03,3,"quantile",0.5,1157786.45
"19","DE","00+",2024-10-17,2024-11-03,3,"quantile",0.75,1418407.875
"20","DE","00+",2024-10-17,2024-11-03,3,"quantile",0.9,1683474.52
"21","DE","00+",2024-10-17,2024-11-03,3,"quantile",0.975,2015763.36
"22","DE","00+",2024-10-17,2024-11-10,4,"quantile",0.025,545869.77
"23","DE","00+",2024-10-17,2024-11-10,4,"quantile",0.1,700530.47
"24","DE","00+",2024-10-17,2024-11-10,4,"quantile",0.25,862747.4
"25","DE","00+",2024-10-17,2024-11-10,4,"quantile",0.5,1073954.4
"26","DE","00+",2024-10-17,2024-11-10,4,"quantile",0.75,1315815.625
"27","DE","00+",2024-10-17,2024-11-10,4,"quantile",0.9,1565090.27
"28","DE","00+",2024-10-17,2024-11-10,4,"quantile",0.975,1874262.055
"29","DE","00-04",2024-10-17,2024-10-20,1,"quantile",0.025,84757.0675
"30","DE","00-04",2024-10-17,2024-10-20,1,"quantile",0.1,113394.15
"31","DE","00-04",2024-10-17,2024-10-20,1,"quantile",0.25,144391.975
"32","DE","00-04",2024-10-17,2024-10-20,1,"quantile",0.5,185158
"33","DE","00-04",2024-10-17,2024-10-20,1,"quantile",0.75,233045.3
"34","DE","00-04",2024-10-17,2024-10-20,1,"quantile",0.9,282497.25
"35","DE","00-04",2024-10-17,2024-10-20,1,"quantile",0.975,345052.5625
"36","DE","00-04",2024-10-17,2024-10-27,2,"quantile",0.025,85624.875
"37","DE","00-04",2024-10-17,2024-10-27,2,"quantile",0.1,114577.53
"38","DE","00-04",2024-10-17,2024-10-27,2,"quantile",0.25,145784.8
"39","DE","00-04",2024-10-17,2024-10-27,2,"quantile",0.5,186741.3
"40","DE","00-04",2024-10-17,2024-10-27,2,"quantile",0.75,235112.4
"41","DE","00-04",2024-10-17,2024-10-27,2,"quantile",0.9,284890.39
"42","DE","00-04",2024-10-17,2024-10-27,2,"quantile",0.975,347678.5675
"43","DE","00-04",2024-10-17,2024-11-03,3,"quantile",0.025,85540.9675
"44","DE","00-04",2024-10-17,2024-11-03,3,"quantile",0.1,114704.51
"45","DE","00-04",2024-10-17,2024-11-03,3,"quantile",0.25,146096.525
"46","DE","00-04",2024-10-17,2024-11-03,3,"quantile",0.5,187646.5
"47","DE","00-04",2024-10-17,2024-11-03,3,"quantile",0.75,236477.575
"48","DE","00-04",2024-10-17,2024-11-03,3,"quantile",0.9,287163.25
"49","DE","00-04",2024-10-17,2024-11-03,3,"quantile",0.975,351091.4325
"50","DE","00-04",2024-10-17,2024-11-10,4,"quantile",0.025,80009.1175
"51","DE","00-04",2024-10-17,2024-11-10,4,"quantile",0.1,107441.51
"52","DE","00-04",2024-10-17,2024-11-10,4,"quantile",0.25,137223.85
"53","DE","00-04",2024-10-17,2024-11-10,4,"quantile",0.5,176461.3
"54","DE","00-04",2024-10-17,2024-11-10,4,"quantile",0.75,222494.725
"55","DE","00-04",2024-10-17,2024-11-10,4,"quantile",0.9,270290.52
"56","DE","00-04",2024-10-17,2024-11-10,4,"quantile",0.975,331372.35
"57","DE","05-14",2024-10-17,2024-10-20,1,"quantile",0.025,53149.07
"58","DE","05-14",2024-10-17,2024-10-20,1,"quantile",0.1,75166.92
"59","DE","05-14",2024-10-17,2024-10-20,1,"quantile",0.25,99822.075
"60","DE","05-14",2024-10-17,2024-10-20,1,"quantile",0.5,133338.4
"61","DE","05-14",2024-10-17,2024-10-20,1,"quantile",0.75,173771.35
"62","DE","05-14",2024-10-17,2024-10-20,1,"quantile",0.9,216484.54
"63","DE","05-14",2024-10-17,2024-10-20,1,"quantile",0.975,271441.505
"64","DE","05-14",2024-10-17,2024-10-27,2,"quantile",0.025,52717.655
"65","DE","05-14",2024-10-17,2024-10-27,2,"quantile",0.1,74984.23
"66","DE","05-14",2024-10-17,2024-10-27,2,"quantile",0.25,99683.4
"67","DE","05-14",2024-10-17,2024-10-27,2,"quantile",0.5,133241.85
"68","DE","05-14",2024-10-17,2024-10-27,2,"quantile",0.75,173742.225
"69","DE","05-14",2024-10-17,2024-10-27,2,"quantile",0.9,216826.6
"70","DE","05-14",2024-10-17,2024-10-27,2,"quantile",0.975,272041.46
"71","DE","05-14",2024-10-17,2024-11-03,3,"quantile",0.025,53379.5675
"72","DE","05-14",2024-10-17,2024-11-03,3,"quantile",0.1,75889.5
"73","DE","05-14",2024-10-17,2024-11-03,3,"quantile",0.25,101111.45
"74","DE","05-14",2024-10-17,2024-11-03,3,"quantile",0.5,135539
"75","DE","05-14",2024-10-17,2024-11-03,3,"quantile",0.75,177046.525
"76","DE","05-14",2024-10-17,2024-11-03,3,"quantile",0.9,220678.25
"77","DE","05-14",2024-10-17,2024-11-03,3,"quantile",0.975,276698.655
"78","DE","05-14",2024-10-17,2024-11-10,4,"quantile",0.025,49560.41
"79","DE","05-14",2024-10-17,2024-11-10,4,"quantile",0.1,70773.24
"80","DE","05-14",2024-10-17,2024-11-10,4,"quantile",0.25,94467.225
"81","DE","05-14",2024-10-17,2024-11-10,4,"quantile",0.5,126461.65
"82","DE","05-14",2024-10-17,2024-11-10,4,"quantile",0.75,165228.3
"83","DE","05-14",2024-10-17,2024-11-10,4,"quantile",0.9,206188.44
"84","DE","05-14",2024-10-17,2024-11-10,4,"quantile",0.975,258887.36
"85","DE","15-34",2024-10-17,2024-10-20,1,"quantile",0.025,147266.5175
"86","DE","15-34",2024-10-17,2024-10-20,1,"quantile",0.1,196140.02
"87","DE","15-34",2024-10-17,2024-10-20,1,"quantile",0.25,248663.15
"88","DE","15-34",2024-10-17,2024-10-20,1,"quantile",0.5,318191.9
"89","DE","15-34",2024-10-17,2024-10-20,1,"quantile",0.75,399577.725
"90","DE","15-34",2024-10-17,2024-10-20,1,"quantile",0.9,482973.22
"91","DE","15-34",2024-10-17,2024-10-20,1,"quantile",0.975,588381.83
"92","DE","15-34",2024-10-17,2024-10-27,2,"quantile",0.025,147288.765
"93","DE","15-34",2024-10-17,2024-10-27,2,"quantile",0.1,196617.15
"94","DE","15-34",2024-10-17,2024-10-27,2,"quantile",0.25,249522.15
"95","DE","15-34",2024-10-17,2024-10-27,2,"quantile",0.5,319097.9
"96","DE","15-34",2024-10-17,2024-10-27,2,"quantile",0.75,400661.825
"97","DE","15-34",2024-10-17,2024-10-27,2,"quantile",0.9,484923.38
"98","DE","15-34",2024-10-17,2024-10-27,2,"quantile",0.975,592875.83
"99","DE","15-34",2024-10-17,2024-11-03,3,"quantile",0.025,149388.86
"100","DE","15-34",2024-10-17,2024-11-03,3,"quantile",0.1,199259.3
"101","DE","15-34",2024-10-17,2024-11-03,3,"quantile",0.25,253001.175
"102","DE","15-34",2024-10-17,2024-11-03,3,"quantile",0.5,323603.05
"103","DE","15-34",2024-10-17,2024-11-03,3,"quantile",0.75,406480.6
"104","DE","15-34",2024-10-17,2024-11-03,3,"quantile",0.9,492324.87
"105","DE","15-34",2024-10-17,2024-11-03,3,"quantile",0.975,601310.5175
"106","DE","15-34",2024-10-17,2024-11-10,4,"quantile",0.025,137576.015
"107","DE","15-34",2024-10-17,2024-11-10,4,"quantile",0.1,184440.16
"108","DE","15-34",2024-10-17,2024-11-10,4,"quantile",0.25,234806.775
"109","DE","15-34",2024-10-17,2024-11-10,4,"quantile",0.5,301147.05
"110","DE","15-34",2024-10-17,2024-11-10,4,"quantile",0.75,378895.8
"111","DE","15-34",2024-10-17,2024-11-10,4,"quantile",0.9,458954.72
"112","DE","15-34",2024-10-17,2024-11-10,4,"quantile",0.975,561766.2875
"113","DE","35-59",2024-10-17,2024-10-20,1,"quantile",0.025,174028.6875
"114","DE","35-59",2024-10-17,2024-10-20,1,"quantile",0.1,231715.99
"115","DE","35-59",2024-10-17,2024-10-20,1,"quantile",0.25,293363.2
"116","DE","35-59",2024-10-17,2024-10-20,1,"quantile",0.5,374530.1
"117","DE","35-59",2024-10-17,2024-10-20,1,"quantile",0.75,469328.35
"118","DE","35-59",2024-10-17,2024-10-20,1,"quantile",0.9,567308.92
"119","DE","35-59",2024-10-17,2024-10-20,1,"quantile",0.975,690977.39
"120","DE","35-59",2024-10-17,2024-10-27,2,"quantile",0.025,175064.2725
"121","DE","35-59",2024-10-17,2024-10-27,2,"quantile",0.1,232933.45
"122","DE","35-59",2024-10-17,2024-10-27,2,"quantile",0.25,294672.6
"123","DE","35-59",2024-10-17,2024-10-27,2,"quantile",0.5,376252.15
"124","DE","35-59",2024-10-17,2024-10-27,2,"quantile",0.75,471883.625
"125","DE","35-59",2024-10-17,2024-10-27,2,"quantile",0.9,571089.3
"126","DE","35-59",2024-10-17,2024-10-27,2,"quantile",0.975,697457.2125
"127","DE","35-59",2024-10-17,2024-11-03,3,"quantile",0.025,175454.095
"128","DE","35-59",2024-10-17,2024-11-03,3,"quantile",0.1,234276.76
"129","DE","35-59",2024-10-17,2024-11-03,3,"quantile",0.25,297381.35
"130","DE","35-59",2024-10-17,2024-11-03,3,"quantile",0.5,380786.65
"131","DE","35-59",2024-10-17,2024-11-03,3,"quantile",0.75,478329.85
"132","DE","35-59",2024-10-17,2024-11-03,3,"quantile",0.9,580649.91
"133","DE","35-59",2024-10-17,2024-11-03,3,"quantile",0.975,707683.7875
"134","DE","35-59",2024-10-17,2024-11-10,4,"quantile",0.025,161445.3
"135","DE","35-59",2024-10-17,2024-11-10,4,"quantile",0.1,216041.08
"136","DE","35-59",2024-10-17,2024-11-10,4,"quantile",0.25,274637.1
"137","DE","35-59",2024-10-17,2024-11-10,4,"quantile",0.5,351928.3
"138","DE","35-59",2024-10-17,2024-11-10,4,"quantile",0.75,443082.775
"139","DE","35-59",2024-10-17,2024-11-10,4,"quantile",0.9,536887.59
"140","DE","35-59",2024-10-17,2024-11-10,4,"quantile",0.975,655551.6425
"141","DE","60+",2024-10-17,2024-10-20,1,"quantile",0.025,63613.6525
"142","DE","60+",2024-10-17,2024-10-20,1,"quantile",0.1,83633.46
"143","DE","60+",2024-10-17,2024-10-20,1,"quantile",0.25,105194.625
"144","DE","60+",2024-10-17,2024-10-20,1,"quantile",0.5,133242
"145","DE","60+",2024-10-17,2024-10-20,1,"quantile",0.75,165838.6
"146","DE","60+",2024-10-17,2024-10-20,1,"quantile",0.9,199302.9
"147","DE","60+",2024-10-17,2024-10-20,1,"quantile",0.975,241602.4525
"148","DE","60+",2024-10-17,2024-10-27,2,"quantile",0.025,62865.5825
"149","DE","60+",2024-10-17,2024-10-27,2,"quantile",0.1,82794.84
"150","DE","60+",2024-10-17,2024-10-27,2,"quantile",0.25,104330.8
"151","DE","60+",2024-10-17,2024-10-27,2,"quantile",0.5,132121.85
"152","DE","60+",2024-10-17,2024-10-27,2,"quantile",0.75,164838.35
"153","DE","60+",2024-10-17,2024-10-27,2,"quantile",0.9,198185.6
"154","DE","60+",2024-10-17,2024-10-27,2,"quantile",0.975,240428.3875
"155","DE","60+",2024-10-17,2024-11-03,3,"quantile",0.025,64120.6875
"156","DE","60+",2024-10-17,2024-11-03,3,"quantile",0.1,84429.03
"157","DE","60+",2024-10-17,2024-11-03,3,"quantile",0.25,106313.7
"158","DE","60+",2024-10-17,2024-11-03,3,"quantile",0.5,134870.7
"159","DE","60+",2024-10-17,2024-11-03,3,"quantile",0.75,168445.25
"160","DE","60+",2024-10-17,2024-11-03,3,"quantile",0.9,202413.67
"161","DE","60+",2024-10-17,2024-11-03,3,"quantile",0.975,246114.465
"162","DE","60+",2024-10-17,2024-11-10,4,"quantile",0.025,58615.98
"163","DE","60+",2024-10-17,2024-11-10,4,"quantile",0.1,77320.43
"164","DE","60+",2024-10-17,2024-11-10,4,"quantile",0.25,97450.35
"165","DE","60+",2024-10-17,2024-11-10,4,"quantile",0.5,123882.4
"166","DE","60+",2024-10-17,2024-11-10,4,"quantile",0.75,154679.6
"167","DE","60+",2024-10-17,2024-11-10,4,"quantile",0.9,186413.43
"168","DE","60+",2024-10-17,2024-11-10,4,"quantile",0.975,226049.075
"169","DE","00+",2024-10-24,2024-10-27,1,"quantile",0.025,733375.2275
"170","DE","00+",2024-10-24,2024-10-27,1,"quantile",0.1,920867.65
"171","DE","00+",2024-10-24,2024-10-27,1,"quantile",0.25,1115690.425
"172","DE","00+",2024-10-24,2024-10-27,1,"quantile",0.5,1366559.45
"173","DE","00+",2024-10-24,2024-10-27,1,"quantile",0.75,1653597.2
"174","DE","00+",2024-10-24,2024-10-27,1,"quantile",0.9,1944943.14
"175","DE","00+",2024-10-24,2024-10-27,1,"quantile",0.975,2305460.63
"176","DE","00+",2024-10-24,2024-11-03,2,"quantile",0.025,734975.6425
"177","DE","00+",2024-10-24,2024-11-03,2,"quantile",0.1,925156.1
"178","DE","00+",2024-10-24,2024-11-03,2,"quantile",0.25,1124157.375
"179","DE","00+",2024-10-24,2024-11-03,2,"quantile",0.5,1377699.55
"180","DE","00+",2024-10-24,2024-11-03,2,"quantile",0.75,1670420.325
"181","DE","00+",2024-10-24,2024-11-03,2,"quantile",0.9,1964225.58
"182","DE","00+",2024-10-24,2024-11-03,2,"quantile",0.975,2334411.215
"183","DE","00+",2024-10-24,2024-11-10,3,"quantile",0.025,704630.17
"184","DE","00+",2024-10-24,2024-11-10,3,"quantile",0.1,889983.48
"185","DE","00+",2024-10-24,2024-11-10,3,"quantile",0.25,1084232.825
"186","DE","00+",2024-10-24,2024-11-10,3,"quantile",0.5,1328505.9
"187","DE","00+",2024-10-24,2024-11-10,3,"quantile",0.75,1610496.8
"188","DE","00+",2024-10-24,2024-11-10,3,"quantile",0.9,1894948.07
"189","DE","00+",2024-10-24,2024-11-10,3,"quantile",0.975,2254160.9225
"190","DE","00+",2024-10-24,2024-11-17,4,"quantile",0.025,680663.5925
"191","DE","00+",2024-10-24,2024-11-17,4,"quantile",0.1,859668.43
"192","DE","00+",2024-10-24,2024-11-17,4,"quantile",0.25,1049507.45
"193","DE","00+",2024-10-24,2024-11-17,4,"quantile",0.5,1290811.95
"194","DE","00+",2024-10-24,2024-11-17,4,"quantile",0.75,1567682.6
"195","DE","00+",2024-10-24,2024-11-17,4,"quantile",0.9,1849687.28
"196","DE","00+",2024-10-24,2024-11-17,4,"quantile",0.975,2200687.0275
"197","DE","00-04",2024-10-24,2024-10-27,1,"quantile",0.025,102495.0825
"198","DE","00-04",2024-10-24,2024-10-27,1,"quantile",0.1,133828.46
"199","DE","00-04",2024-10-24,2024-10-27,1,"quantile",0.25,167891.95
"200","DE","00-04",2024-10-24,2024-10-27,1,"quantile",0.5,212208.4
"201","DE","00-04",2024-10-24,2024-10-27,1,"quantile",0.75,263621.525
"202","DE","00-04",2024-10-24,2024-10-27,1,"quantile",0.9,316332.93
"203","DE","00-04",2024-10-24,2024-10-27,1,"quantile",0.975,383415.555
"204","DE","00-04",2024-10-24,2024-11-03,2,"quantile",0.025,104082.43
"205","DE","00-04",2024-10-24,2024-11-03,2,"quantile",0.1,136789.51
"206","DE","00-04",2024-10-24,2024-11-03,2,"quantile",0.25,171381.3
"207","DE","00-04",2024-10-24,2024-11-03,2,"quantile",0.5,216845.1
"208","DE","00-04",2024-10-24,2024-11-03,2,"quantile",0.75,269762.55
"209","DE","00-04",2024-10-24,2024-11-03,2,"quantile",0.9,323758.98
"210","DE","00-04",2024-10-24,2024-11-03,2,"quantile",0.975,392905.9175
"211","DE","00-04",2024-10-24,2024-11-10,3,"quantile",0.025,101044.3
"212","DE","00-04",2024-10-24,2024-11-10,3,"quantile",0.1,132839.91
"213","DE","00-04",2024-10-24,2024-11-10,3,"quantile",0.25,166328.3
"214","DE","00-04",2024-10-24,2024-11-10,3,"quantile",0.5,210276.7
"215","DE","00-04",2024-10-24,2024-11-10,3,"quantile",0.75,261696.25
"216","DE","00-04",2024-10-24,2024-11-10,3,"quantile",0.9,314652.98
"217","DE","00-04",2024-10-24,2024-11-10,3,"quantile",0.975,380928.445
"218","DE","00-04",2024-10-24,2024-11-17,4,"quantile",0.025,97699.3525
"219","DE","00-04",2024-10-24,2024-11-17,4,"quantile",0.1,128585.66
"220","DE","00-04",2024-10-24,2024-11-17,4,"quantile",0.25,161441.975
"221","DE","00-04",2024-10-24,2024-11-17,4,"quantile",0.5,204627.55
"222","DE","00-04",2024-10-24,2024-11-17,4,"quantile",0.75,254750.025
"223","DE","00-04",2024-10-24,2024-11-17,4,"quantile",0.9,306742.15
"224","DE","00-04",2024-10-24,2024-11-17,4,"quantile",0.975,372352.875
"225","DE","05-14",2024-10-24,2024-10-27,1,"quantile",0.025,62597.58
"226","DE","05-14",2024-10-24,2024-10-27,1,"quantile",0.1,87565.67
"227","DE","05-14",2024-10-24,2024-10-27,1,"quantile",0.25,115742.9
"228","DE","05-14",2024-10-24,2024-10-27,1,"quantile",0.5,153719.6
"229","DE","05-14",2024-10-24,2024-10-27,1,"quantile",0.75,199318.525
"230","DE","05-14",2024-10-24,2024-10-27,1,"quantile",0.9,247142.46
"231","DE","05-14",2024-10-24,2024-10-27,1,"quantile",0.975,308773.23
"232","DE","05-14",2024-10-24,2024-11-03,2,"quantile",0.025,62514.515
"233","DE","05-14",2024-10-24,2024-11-03,2,"quantile",0.1,88117.38
"234","DE","05-14",2024-10-24,2024-11-03,2,"quantile",0.25,116377.1
"235","DE","05-14",2024-10-24,2024-11-03,2,"quantile",0.5,154840.1
"236","DE","05-14",2024-10-24,2024-11-03,2,"quantile",0.75,201200.775
"237","DE","05-14",2024-10-24,2024-11-03,2,"quantile",0.9,249863.17
"238","DE","05-14",2024-10-24,2024-11-03,2,"quantile",0.975,311824.6275
"239","DE","05-14",2024-10-24,2024-11-10,3,"quantile",0.025,60638.3525
"240","DE","05-14",2024-10-24,2024-11-10,3,"quantile",0.1,85269.85
"241","DE","05-14",2024-10-24,2024-11-10,3,"quantile",0.25,112823.85
"242","DE","05-14",2024-10-24,2024-11-10,3,"quantile",0.5,150166.15
"243","DE","05-14",2024-10-24,2024-11-10,3,"quantile",0.75,194722.2
"244","DE","05-14",2024-10-24,2024-11-10,3,"quantile",0.9,242031.53
"245","DE","05-14",2024-10-24,2024-11-10,3,"quantile",0.975,302600.37
"246","DE","05-14",2024-10-24,2024-11-17,4,"quantile",0.025,58838.335
"247","DE","05-14",2024-10-24,2024-11-17,4,"quantile",0.1,82530.9
"248","DE","05-14",2024-10-24,2024-11-17,4,"quantile",0.25,109419.675
"249","DE","05-14",2024-10-24,2024-11-17,4,"quantile",0.5,145638.4
"250","DE","05-14",2024-10-24,2024-11-17,4,"quantile",0.75,189431.3
"251","DE","05-14",2024-10-24,2024-11-17,4,"quantile",0.9,235512.29
"252","DE","05-14",2024-10-24,2024-11-17,4,"quantile",0.975,294483.8
"253","DE","15-34",2024-10-24,2024-10-27,1,"quantile",0.025,181143.1075
"254","DE","15-34",2024-10-24,2024-10-27,1,"quantile",0.1,237557.64
"255","DE","15-34",2024-10-24,2024-10-27,1,"quantile",0.25,296850.2
"256","DE","15-34",2024-10-24,2024-10-27,1,"quantile",0.5,374259.45
"257","DE","15-34",2024-10-24,2024-10-27,1,"quantile",0.75,464168.975
"258","DE","15-34",2024-10-24,2024-10-27,1,"quantile",0.9,556905.64
"259","DE","15-34",2024-10-24,2024-10-27,1,"quantile",0.975,674150.3825
"260","DE","15-34",2024-10-24,2024-11-03,2,"quantile",0.025,183052.885
"261","DE","15-34",2024-10-24,2024-11-03,2,"quantile",0.1,240486.99
"262","DE","15-34",2024-10-24,2024-11-03,2,"quantile",0.25,300897.15
"263","DE","15-34",2024-10-24,2024-11-03,2,"quantile",0.5,380183.7
"264","DE","15-34",2024-10-24,2024-11-03,2,"quantile",0.75,472395.125
"265","DE","15-34",2024-10-24,2024-11-03,2,"quantile",0.9,566878.71
"266","DE","15-34",2024-10-24,2024-11-03,2,"quantile",0.975,684575.1825
"267","DE","15-34",2024-10-24,2024-11-10,3,"quantile",0.025,177477.1
"268","DE","15-34",2024-10-24,2024-11-10,3,"quantile",0.1,232218.42
"269","DE","15-34",2024-10-24,2024-11-10,3,"quantile",0.25,291150.6
"270","DE","15-34",2024-10-24,2024-11-10,3,"quantile",0.5,367542
"271","DE","15-34",2024-10-24,2024-11-10,3,"quantile",0.75,457887.5
"272","DE","15-34",2024-10-24,2024-11-10,3,"quantile",0.9,550689.66
"273","DE","15-34",2024-10-24,2024-11-10,3,"quantile",0.975,666919.855
"274","DE","15-34",2024-10-24,2024-11-17,4,"quantile",0.025,172136.2
"275","DE","15-34",2024-10-24,2024-11-17,4,"quantile",0.1,226030.42
"276","DE","15-34",2024-10-24,2024-11-17,4,"quantile",0.25,283747.675
"277","DE","15-34",2024-10-24,2024-11-17,4,"quantile",0.5,359176.15
"278","DE","15-34",2024-10-24,2024-11-17,4,"quantile",0.75,446937.025
"279","DE","15-34",2024-10-24,2024-11-17,4,"quantile",0.9,537417.88
"280","DE","15-34",2024-10-24,2024-11-17,4,"quantile",0.975,652872.98
"281","DE","35-59",2024-10-24,2024-10-27,1,"quantile",0.025,222889.1925
"282","DE","35-59",2024-10-24,2024-10-27,1,"quantile",0.1,292698.68
"283","DE","35-59",2024-10-24,2024-10-27,1,"quantile",0.25,367815.225
"284","DE","35-59",2024-10-24,2024-10-27,1,"quantile",0.5,466134.3
"285","DE","35-59",2024-10-24,2024-10-27,1,"quantile",0.75,580334.875
"286","DE","35-59",2024-10-24,2024-10-27,1,"quantile",0.9,698142.16
"287","DE","35-59",2024-10-24,2024-10-27,1,"quantile",0.975,846849.1775
"288","DE","35-59",2024-10-24,2024-11-03,2,"quantile",0.025,223026.9225
"289","DE","35-59",2024-10-24,2024-11-03,2,"quantile",0.1,293874.4
"290","DE","35-59",2024-10-24,2024-11-03,2,"quantile",0.25,369314.425
"291","DE","35-59",2024-10-24,2024-11-03,2,"quantile",0.5,468394.7
"292","DE","35-59",2024-10-24,2024-11-03,2,"quantile",0.75,584630.75
"293","DE","35-59",2024-10-24,2024-11-03,2,"quantile",0.9,704862.06
"294","DE","35-59",2024-10-24,2024-11-03,2,"quantile",0.975,855803.1875
"295","DE","35-59",2024-10-24,2024-11-10,3,"quantile",0.025,213190.94
"296","DE","35-59",2024-10-24,2024-11-10,3,"quantile",0.1,280555.78
"297","DE","35-59",2024-10-24,2024-11-10,3,"quantile",0.25,353147.3
"298","DE","35-59",2024-10-24,2024-11-10,3,"quantile",0.5,448634.45
"299","DE","35-59",2024-10-24,2024-11-10,3,"quantile",0.75,559359.625
"300","DE","35-59",2024-10-24,2024-11-10,3,"quantile",0.9,674739.96
"301","DE","35-59",2024-10-24,2024-11-10,3,"quantile",0.975,820194.7025
"302","DE","35-59",2024-10-24,2024-11-17,4,"quantile",0.025,206629.9725
"303","DE","35-59",2024-10-24,2024-11-17,4,"quantile",0.1,273395.83
"304","DE","35-59",2024-10-24,2024-11-17,4,"quantile",0.25,344611.425
"305","DE","35-59",2024-10-24,2024-11-17,4,"quantile",0.5,438572.45
"306","DE","35-59",2024-10-24,2024-11-17,4,"quantile",0.75,548490.5
"307","DE","35-59",2024-10-24,2024-11-17,4,"quantile",0.9,661573.69
"308","DE","35-59",2024-10-24,2024-11-17,4,"quantile",0.975,806713.8975
"309","DE","60+",2024-10-24,2024-10-27,1,"quantile",0.025,77272.7225
"310","DE","60+",2024-10-24,2024-10-27,1,"quantile",0.1,100662.81
"311","DE","60+",2024-10-24,2024-10-27,1,"quantile",0.25,125129.6
"312","DE","60+",2024-10-24,2024-10-27,1,"quantile",0.5,157114.8
"313","DE","60+",2024-10-24,2024-10-27,1,"quantile",0.75,193983.025
"314","DE","60+",2024-10-24,2024-10-27,1,"quantile",0.9,231928.39
"315","DE","60+",2024-10-24,2024-10-27,1,"quantile",0.975,279750.855
"316","DE","60+",2024-10-24,2024-11-03,2,"quantile",0.025,76929.7225
"317","DE","60+",2024-10-24,2024-11-03,2,"quantile",0.1,100172.87
"318","DE","60+",2024-10-24,2024-11-03,2,"quantile",0.25,124916.1
"319","DE","60+",2024-10-24,2024-11-03,2,"quantile",0.5,156873.45
"320","DE","60+",2024-10-24,2024-11-03,2,"quantile",0.75,194046.975
"321","DE","60+",2024-10-24,2024-11-03,2,"quantile",0.9,232111.12
"322","DE","60+",2024-10-24,2024-11-03,2,"quantile",0.975,280510.78
"323","DE","60+",2024-10-24,2024-11-10,3,"quantile",0.025,73104.75
"324","DE","60+",2024-10-24,2024-11-10,3,"quantile",0.1,95402.26
"325","DE","60+",2024-10-24,2024-11-10,3,"quantile",0.25,119070.325
"326","DE","60+",2024-10-24,2024-11-10,3,"quantile",0.5,149821.8
"327","DE","60+",2024-10-24,2024-11-10,3,"quantile",0.75,185553.925
"328","DE","60+",2024-10-24,2024-11-10,3,"quantile",0.9,222228.93
"329","DE","60+",2024-10-24,2024-11-10,3,"quantile",0.975,268108.8725
"330","DE","60+",2024-10-24,2024-11-17,4,"quantile",0.025,71270.4475
"331","DE","60+",2024-10-24,2024-11-17,4,"quantile",0.1,93052.1
"332","DE","60+",2024-10-24,2024-11-17,4,"quantile",0.25,116223.275
"333","DE","60+",2024-10-24,2024-11-17,4,"quantile",0.5,146578
"334","DE","60+",2024-10-24,2024-11-17,4,"quantile",0.75,181455.4
"335","DE","60+",2024-10-24,2024-11-17,4,"quantile",0.9,217208.3
"336","DE","60+",2024-10-24,2024-11-17,4,"quantile",0.975,262704.235
"337","DE","00+",2024-10-31,2024-11-03,1,"quantile",0.025,608293.4775
"338","DE","00+",2024-10-31,2024-11-03,1,"quantile",0.1,778870.85
"339","DE","00+",2024-10-31,2024-11-03,1,"quantile",0.25,958167.975
"340","DE","00+",2024-10-31,2024-11-03,1,"quantile",0.5,1188869.2
"341","DE","00+",2024-10-31,2024-11-03,1,"quantile",0.75,1454590.15
"342","DE","00+",2024-10-31,2024-11-03,1,"quantile",0.9,1723678.42
"343","DE","00+",2024-10-31,2024-11-03,1,"quantile",0.975,2062187.87
"344","DE","00+",2024-10-31,2024-11-10,2,"quantile",0.025,591819.0825
"345","DE","00+",2024-10-31,2024-11-10,2,"quantile",0.1,758812.23
"346","DE","00+",2024-10-31,2024-11-10,2,"quantile",0.25,933691.3
"347","DE","00+",2024-10-31,2024-11-10,2,"quantile",0.5,1158289.45
"348","DE","00+",2024-10-31,2024-11-10,2,"quantile",0.75,1416114.975
"349","DE","00+",2024-10-31,2024-11-10,2,"quantile",0.9,1680048.38
"350","DE","00+",2024-10-31,2024-11-10,2,"quantile",0.975,2010605.95
"351","DE","00+",2024-10-31,2024-11-17,3,"quantile",0.025,580141.1925
"352","DE","00+",2024-10-31,2024-11-17,3,"quantile",0.1,744767.69
"353","DE","00+",2024-10-31,2024-11-17,3,"quantile",0.25,915702.875
"354","DE","00+",2024-10-31,2024-11-17,3,"quantile",0.5,1136628.9
"355","DE","00+",2024-10-31,2024-11-17,3,"quantile",0.75,1392565.875
"356","DE","00+",2024-10-31,2024-11-17,3,"quantile",0.9,1651271.2
"357","DE","00+",2024-10-31,2024-11-17,3,"quantile",0.975,1976467.8775
"358","DE","00+",2024-10-31,2024-11-24,4,"quantile",0.025,560338.0225
"359","DE","00+",2024-10-31,2024-11-24,4,"quantile",0.1,720770.34
"360","DE","00+",2024-10-31,2024-11-24,4,"quantile",0.25,887838.725
"361","DE","00+",2024-10-31,2024-11-24,4,"quantile",0.5,1103903.05
"362","DE","00+",2024-10-31,2024-11-24,4,"quantile",0.75,1352671.875
"363","DE","00+",2024-10-31,2024-11-24,4,"quantile",0.9,1606029.15
"364","DE","00+",2024-10-31,2024-11-24,4,"quantile",0.975,1927134.5825
"365","DE","00-04",2024-10-31,2024-11-03,1,"quantile",0.025,89772.755
"366","DE","00-04",2024-10-31,2024-11-03,1,"quantile",0.1,119276.29
"367","DE","00-04",2024-10-31,2024-11-03,1,"quantile",0.25,150891.475
"368","DE","00-04",2024-10-31,2024-11-03,1,"quantile",0.5,192433.55
"369","DE","00-04",2024-10-31,2024-11-03,1,"quantile",0.75,240885.2
"370","DE","00-04",2024-10-31,2024-11-03,1,"quantile",0.9,291127.39
"371","DE","00-04",2024-10-31,2024-11-03,1,"quantile",0.975,354943.0425
"372","DE","00-04",2024-10-31,2024-11-10,2,"quantile",0.025,86955.5175
"373","DE","00-04",2024-10-31,2024-11-10,2,"quantile",0.1,116219.2
"374","DE","00-04",2024-10-31,2024-11-10,2,"quantile",0.25,147192.625
"375","DE","00-04",2024-10-31,2024-11-10,2,"quantile",0.5,187908.75
"376","DE","00-04",2024-10-31,2024-11-10,2,"quantile",0.75,235650.85
"377","DE","00-04",2024-10-31,2024-11-10,2,"quantile",0.9,284892.98
"378","DE","00-04",2024-10-31,2024-11-10,2,"quantile",0.975,347854.9325
"379","DE","00-04",2024-10-31,2024-11-17,3,"quantile",0.025,86157.8275
"380","DE","00-04",2024-10-31,2024-11-17,3,"quantile",0.1,114874.18
"381","DE","00-04",2024-10-31,2024-11-17,3,"quantile",0.25,145801.15
"382","DE","00-04",2024-10-31,2024-11-17,3,"quantile",0.5,186229.7
"383","DE","00-04",2024-10-31,2024-11-17,3,"quantile",0.75,233630.25
"384","DE","00-04",2024-10-31,2024-11-17,3,"quantile",0.9,282864.75
"385","DE","00-04",2024-10-31,2024-11-17,3,"quantile",0.975,344998.6625
"386","DE","00-04",2024-10-31,2024-11-24,4,"quantile",0.025,83525.285
"387","DE","00-04",2024-10-31,2024-11-24,4,"quantile",0.1,111379.63
"388","DE","00-04",2024-10-31,2024-11-24,4,"quantile",0.25,141338.325
"389","DE","00-04",2024-10-31,2024-11-24,4,"quantile",0.5,180620.65
"390","DE","00-04",2024-10-31,2024-11-24,4,"quantile",0.75,226704.725
"391","DE","00-04",2024-10-31,2024-11-24,4,"quantile",0.9,274506.08
"392","DE","00-04",2024-10-31,2024-11-24,4,"quantile",0.975,335327.995
"393","DE","05-14",2024-10-31,2024-11-03,1,"quantile",0.025,55269.4125
"394","DE","05-14",2024-10-31,2024-11-03,1,"quantile",0.1,78255.23
"395","DE","05-14",2024-10-31,2024-11-03,1,"quantile",0.25,103884.05
"396","DE","05-14",2024-10-31,2024-11-03,1,"quantile",0.5,138702.15
"397","DE","05-14",2024-10-31,2024-11-03,1,"quantile",0.75,180621.125
"398","DE","05-14",2024-10-31,2024-11-03,1,"quantile",0.9,224980.25
"399","DE","05-14",2024-10-31,2024-11-03,1,"quantile",0.975,282215.2825
"400","DE","05-14",2024-10-31,2024-11-10,2,"quantile",0.025,53789.6175
"401","DE","05-14",2024-10-31,2024-11-10,2,"quantile",0.1,76306.83
"402","DE","05-14",2024-10-31,2024-11-10,2,"quantile",0.25,101289.225
"403","DE","05-14",2024-10-31,2024-11-10,2,"quantile",0.5,134994.1
"404","DE","05-14",2024-10-31,2024-11-10,2,"quantile",0.75,175496.025
"405","DE","05-14",2024-10-31,2024-11-10,2,"quantile",0.9,218083.66
"406","DE","05-14",2024-10-31,2024-11-10,2,"quantile",0.975,273337.4975
"407","DE","05-14",2024-10-31,2024-11-17,3,"quantile",0.025,52865.345
"408","DE","05-14",2024-10-31,2024-11-17,3,"quantile",0.1,75020.3
"409","DE","05-14",2024-10-31,2024-11-17,3,"quantile",0.25,99686.075
"410","DE","05-14",2024-10-31,2024-11-17,3,"quantile",0.5,133119.45
"411","DE","05-14",2024-10-31,2024-11-17,3,"quantile",0.75,173272.9
"412","DE","05-14",2024-10-31,2024-11-17,3,"quantile",0.9,215644.55
"413","DE","05-14",2024-10-31,2024-11-17,3,"quantile",0.975,270185.3875
"414","DE","05-14",2024-10-31,2024-11-24,4,"quantile",0.025,50991.215
"415","DE","05-14",2024-10-31,2024-11-24,4,"quantile",0.1,72559.83
"416","DE","05-14",2024-10-31,2024-11-24,4,"quantile",0.25,96754.1
"417","DE","05-14",2024-10-31,2024-11-24,4,"quantile",0.5,129760.5
"418","DE","05-14",2024-10-31,2024-11-24,4,"quantile",0.75,169660.95
"419","DE","05-14",2024-10-31,2024-11-24,4,"quantile",0.9,211469.72
"420","DE","05-14",2024-10-31,2024-11-24,4,"quantile",0.975,265315.37
"421","DE","15-34",2024-10-31,2024-11-03,1,"quantile",0.025,151611.265
"422","DE","15-34",2024-10-31,2024-11-03,1,"quantile",0.1,202323.2
"423","DE","15-34",2024-10-31,2024-11-03,1,"quantile",0.25,256688.55
"424","DE","15-34",2024-10-31,2024-11-03,1,"quantile",0.5,328148.35
"425","DE","15-34",2024-10-31,2024-11-03,1,"quantile",0.75,412285.6
"426","DE","15-34",2024-10-31,2024-11-03,1,"quantile",0.9,498665.37
"427","DE","15-34",2024-10-31,2024-11-03,1,"quantile",0.975,608074.4725
"428","DE","15-34",2024-10-31,2024-11-10,2,"quantile",0.025,146673.3025
"429","DE","15-34",2024-10-31,2024-11-10,2,"quantile",0.1,195566.52
"430","DE","15-34",2024-10-31,2024-11-10,2,"quantile",0.25,248499.275
"431","DE","15-34",2024-10-31,2024-11-10,2,"quantile",0.5,317904.75
"432","DE","15-34",2024-10-31,2024-11-10,2,"quantile",0.75,399937.3
"433","DE","15-34",2024-10-31,2024-11-10,2,"quantile",0.9,484375.77
"434","DE","15-34",2024-10-31,2024-11-10,2,"quantile",0.975,591717.8275
"435","DE","15-34",2024-10-31,2024-11-17,3,"quantile",0.025,143413.7
"436","DE","15-34",2024-10-31,2024-11-17,3,"quantile",0.1,191487.12
"437","DE","15-34",2024-10-31,2024-11-17,3,"quantile",0.25,243504.5
"438","DE","15-34",2024-10-31,2024-11-17,3,"quantile",0.5,312106.8
"439","DE","15-34",2024-10-31,2024-11-17,3,"quantile",0.75,392197.1
"440","DE","15-34",2024-10-31,2024-11-17,3,"quantile",0.9,475582.77
"441","DE","15-34",2024-10-31,2024-11-17,3,"quantile",0.975,580854.355
"442","DE","15-34",2024-10-31,2024-11-24,4,"quantile",0.025,138114.475
"443","DE","15-34",2024-10-31,2024-11-24,4,"quantile",0.1,185486.25
"444","DE","15-34",2024-10-31,2024-11-24,4,"quantile",0.25,236602.35
"445","DE","15-34",2024-10-31,2024-11-24,4,"quantile",0.5,303638
"446","DE","15-34",2024-10-31,2024-11-24,4,"quantile",0.75,382597.45
"447","DE","15-34",2024-10-31,2024-11-24,4,"quantile",0.9,464076
"448","DE","15-34",2024-10-31,2024-11-24,4,"quantile",0.975,568509.29
"449","DE","35-59",2024-10-31,2024-11-03,1,"quantile",0.025,170265.5125
"450","DE","35-59",2024-10-31,2024-11-03,1,"quantile",0.1,228163.45
"451","DE","35-59",2024-10-31,2024-11-03,1,"quantile",0.25,290271.6
"452","DE","35-59",2024-10-31,2024-11-03,1,"quantile",0.5,372407.95
"453","DE","35-59",2024-10-31,2024-11-03,1,"quantile",0.75,469224.7
"454","DE","35-59",2024-10-31,2024-11-03,1,"quantile",0.9,569294.14
"455","DE","35-59",2024-10-31,2024-11-03,1,"quantile",0.975,698409.1575
"456","DE","35-59",2024-10-31,2024-11-10,2,"quantile",0.025,164747.5625
"457","DE","35-59",2024-10-31,2024-11-10,2,"quantile",0.1,220792.58
"458","DE","35-59",2024-10-31,2024-11-10,2,"quantile",0.25,280912.275
"459","DE","35-59",2024-10-31,2024-11-10,2,"quantile",0.5,360108.05
"460","DE","35-59",2024-10-31,2024-11-10,2,"quantile",0.75,452886.675
"461","DE","35-59",2024-10-31,2024-11-10,2,"quantile",0.9,549886.92
"462","DE","35-59",2024-10-31,2024-11-10,2,"quantile",0.975,672811.5925
"463","DE","35-59",2024-10-31,2024-11-17,3,"quantile",0.025,161655.44
"464","DE","35-59",2024-10-31,2024-11-17,3,"quantile",0.1,217169.08
"465","DE","35-59",2024-10-31,2024-11-17,3,"quantile",0.25,276793.875
"466","DE","35-59",2024-10-31,2024-11-17,3,"quantile",0.5,355254.45
"467","DE","35-59",2024-10-31,2024-11-17,3,"quantile",0.75,447867.925
"468","DE","35-59",2024-10-31,2024-11-17,3,"quantile",0.9,544024.98
"469","DE","35-59",2024-10-31,2024-11-17,3,"quantile",0.975,667028.2825
"470","DE","35-59",2024-10-31,2024-11-24,4,"quantile",0.025,155922.5125
"471","DE","35-59",2024-10-31,2024-11-24,4,"quantile",0.1,209599.31
"472","DE","35-59",2024-10-31,2024-11-24,4,"quantile",0.25,267546.75
"473","DE","35-59",2024-10-31,2024-11-24,4,"quantile",0.5,344292.65
"474","DE","35-59",2024-10-31,2024-11-24,4,"quantile",0.75,434671.85
"475","DE","35-59",2024-10-31,2024-11-24,4,"quantile",0.9,529050.4
"476","DE","35-59",2024-10-31,2024-11-24,4,"quantile",0.975,648428.2925
"477","DE","60+",2024-10-31,2024-11-03,1,"quantile",0.025,63044.215
"478","DE","60+",2024-10-31,2024-11-03,1,"quantile",0.1,83230.21
"479","DE","60+",2024-10-31,2024-11-03,1,"quantile",0.25,104782.05
"480","DE","60+",2024-10-31,2024-11-03,1,"quantile",0.5,132894.05
"481","DE","60+",2024-10-31,2024-11-03,1,"quantile",0.75,165542.6
"482","DE","60+",2024-10-31,2024-11-03,1,"quantile",0.9,199344.92
"483","DE","60+",2024-10-31,2024-11-03,1,"quantile",0.975,242040.3
"484","DE","60+",2024-10-31,2024-11-10,2,"quantile",0.025,60858.9475
"485","DE","60+",2024-10-31,2024-11-10,2,"quantile",0.1,80170.99
"486","DE","60+",2024-10-31,2024-11-10,2,"quantile",0.25,100911.55
"487","DE","60+",2024-10-31,2024-11-10,2,"quantile",0.5,127922.3
"488","DE","60+",2024-10-31,2024-11-10,2,"quantile",0.75,159653.05
"489","DE","60+",2024-10-31,2024-11-10,2,"quantile",0.9,192071.44
"490","DE","60+",2024-10-31,2024-11-10,2,"quantile",0.975,233444.5775
"491","DE","60+",2024-10-31,2024-11-17,3,"quantile",0.025,58976.62
"492","DE","60+",2024-10-31,2024-11-17,3,"quantile",0.1,78215.4
"493","DE","60+",2024-10-31,2024-11-17,3,"quantile",0.25,98564.625
"494","DE","60+",2024-10-31,2024-11-17,3,"quantile",0.5,125221.3
"495","DE","60+",2024-10-31,2024-11-17,3,"quantile",0.75,156432.55
"496","DE","60+",2024-10-31,2024-11-17,3,"quantile",0.9,188633.86
"497","DE","60+",2024-10-31,2024-11-17,3,"quantile",0.975,229410.1725
"498","DE","60+",2024-10-31,2024-11-24,4,"quantile",0.025,57539.9
"499","DE","60+",2024-10-31,2024-11-24,4,"quantile",0.1,76119.87
"500","DE","60+",2024-10-31,2024-11-24,4,"quantile",0.25,96044.125
"501","DE","60+",2024-10-31,2024-11-24,4,"quantile",0.5,122341.2
"502","DE","60+",2024-10-31,2024-11-24,4,"quantile",0.75,152965.35
"503","DE","60+",2024-10-31,2024-11-24,4,"quantile",0.9,184354.32
"504","DE","60+",2024-10-31,2024-11-24,4,"quantile",0.975,224247.1325
"505","DE","00+",2024-11-07,2024-11-10,1,"quantile",0.025,504209.2475
"506","DE","00+",2024-11-07,2024-11-10,1,"quantile",0.1,648128.16
"507","DE","00+",2024-11-07,2024-11-10,1,"quantile",0.25,799424.25
"508","DE","00+",2024-11-07,2024-11-10,1,"quantile",0.5,991883.5
"509","DE","00+",2024-11-07,2024-11-10,1,"quantile",0.75,1215147.025
"510","DE","00+",2024-11-07,2024-11-10,1,"quantile",0.9,1441796.56
"511","DE","00+",2024-11-07,2024-11-10,1,"quantile",0.975,1729322.38
"512","DE","00+",2024-11-07,2024-11-17,2,"quantile",0.025,502274.125
"513","DE","00+",2024-11-07,2024-11-17,2,"quantile",0.1,642089.72
"514","DE","00+",2024-11-07,2024-11-17,2,"quantile",0.25,789969.65
"515","DE","00+",2024-11-07,2024-11-17,2,"quantile",0.5,978849.85
"516","DE","00+",2024-11-07,2024-11-17,2,"quantile",0.75,1195430.875
"517","DE","00+",2024-11-07,2024-11-17,2,"quantile",0.9,1418171.22
"518","DE","00+",2024-11-07,2024-11-17,2,"quantile",0.975,1695079.45
"519","DE","00+",2024-11-07,2024-11-24,3,"quantile",0.025,484338.89
"520","DE","00+",2024-11-07,2024-11-24,3,"quantile",0.1,621116.75
"521","DE","00+",2024-11-07,2024-11-24,3,"quantile",0.25,764507.7
"522","DE","00+",2024-11-07,2024-11-24,3,"quantile",0.5,949920.3
"523","DE","00+",2024-11-07,2024-11-24,3,"quantile",0.75,1163398.625
"524","DE","00+",2024-11-07,2024-11-24,3,"quantile",0.9,1381276.23
"525","DE","00+",2024-11-07,2024-11-24,3,"quantile",0.975,1652278.6725
"526","DE","00+",2024-11-07,2024-12-01,4,"quantile",0.025,487809.215
"527","DE","00+",2024-11-07,2024-12-01,4,"quantile",0.1,627823.9
"528","DE","00+",2024-11-07,2024-12-01,4,"quantile",0.25,774184.05
"529","DE","00+",2024-11-07,2024-12-01,4,"quantile",0.5,962353.85
"530","DE","00+",2024-11-07,2024-12-01,4,"quantile",0.75,1178431.25
"531","DE","00+",2024-11-07,2024-12-01,4,"quantile",0.9,1400007.79
"532","DE","00+",2024-11-07,2024-12-01,4,"quantile",0.975,1678402.555
"533","DE","00-04",2024-11-07,2024-11-10,1,"quantile",0.025,75583.195
"534","DE","00-04",2024-11-07,2024-11-10,1,"quantile",0.1,101144.43
"535","DE","00-04",2024-11-07,2024-11-10,1,"quantile",0.25,128882.875
"536","DE","00-04",2024-11-07,2024-11-10,1,"quantile",0.5,165070.25
"537","DE","00-04",2024-11-07,2024-11-10,1,"quantile",0.75,207761.9
"538","DE","00-04",2024-11-07,2024-11-10,1,"quantile",0.9,251800.75
"539","DE","00-04",2024-11-07,2024-11-10,1,"quantile",0.975,307893.35
"540","DE","00-04",2024-11-07,2024-11-17,2,"quantile",0.025,76214.945
"541","DE","00-04",2024-11-07,2024-11-17,2,"quantile",0.1,101831.5
"542","DE","00-04",2024-11-07,2024-11-17,2,"quantile",0.25,129439.475
"543","DE","00-04",2024-11-07,2024-11-17,2,"quantile",0.5,165896.75
"544","DE","00-04",2024-11-07,2024-11-17,2,"quantile",0.75,208739.975
"545","DE","00-04",2024-11-07,2024-11-17,2,"quantile",0.9,252885.99
"546","DE","00-04",2024-11-07,2024-11-17,2,"quantile",0.975,308796.25
"547","DE","00-04",2024-11-07,2024-11-24,3,"quantile",0.025,74042.3225
"548","DE","00-04",2024-11-07,2024-11-24,3,"quantile",0.1,99003.93
"549","DE","00-04",2024-11-07,2024-11-24,3,"quantile",0.25,126006.45
"550","DE","00-04",2024-11-07,2024-11-24,3,"quantile",0.5,161501.7
"551","DE","00-04",2024-11-07,2024-11-24,3,"quantile",0.75,203136.7
"552","DE","00-04",2024-11-07,2024-11-24,3,"quantile",0.9,246642.58
"553","DE","00-04",2024-11-07,2024-11-24,3,"quantile",0.975,300881.565
"554","DE","00-04",2024-11-07,2024-12-01,4,"quantile",0.025,74587.2275
"555","DE","00-04",2024-11-07,2024-12-01,4,"quantile",0.1,99935.21
"556","DE","00-04",2024-11-07,2024-12-01,4,"quantile",0.25,127237.6
"557","DE","00-04",2024-11-07,2024-12-01,4,"quantile",0.5,162957.7
"558","DE","00-04",2024-11-07,2024-12-01,4,"quantile",0.75,204937.925
"559","DE","00-04",2024-11-07,2024-12-01,4,"quantile",0.9,248609.23
"560","DE","00-04",2024-11-07,2024-12-01,4,"quantile",0.975,303833.935
"561","DE","05-14",2024-11-07,2024-11-10,1,"quantile",0.025,46493.815
"562","DE","05-14",2024-11-07,2024-11-10,1,"quantile",0.1,65897.45
"563","DE","05-14",2024-11-07,2024-11-10,1,"quantile",0.25,87646.925
"564","DE","05-14",2024-11-07,2024-11-10,1,"quantile",0.5,117088.1
"565","DE","05-14",2024-11-07,2024-11-10,1,"quantile",0.75,152583.1
"566","DE","05-14",2024-11-07,2024-11-10,1,"quantile",0.9,190094.69
"567","DE","05-14",2024-11-07,2024-11-10,1,"quantile",0.975,239134.4125
"568","DE","05-14",2024-11-07,2024-11-17,2,"quantile",0.025,46523.8275
"569","DE","05-14",2024-11-07,2024-11-17,2,"quantile",0.1,65776.22
"570","DE","05-14",2024-11-07,2024-11-17,2,"quantile",0.25,87574.925
"571","DE","05-14",2024-11-07,2024-11-17,2,"quantile",0.5,116757.05
"572","DE","05-14",2024-11-07,2024-11-17,2,"quantile",0.75,151858.9
"573","DE","05-14",2024-11-07,2024-11-17,2,"quantile",0.9,188906.22
"574","DE","05-14",2024-11-07,2024-11-17,2,"quantile",0.975,236830.48
"575","DE","05-14",2024-11-07,2024-11-24,3,"quantile",0.025,45293.2425
"576","DE","05-14",2024-11-07,2024-11-24,3,"quantile",0.1,64112.95
"577","DE","05-14",2024-11-07,2024-11-24,3,"quantile",0.25,85189.375
"578","DE","05-14",2024-11-07,2024-11-24,3,"quantile",0.5,113823.65
"579","DE","05-14",2024-11-07,2024-11-24,3,"quantile",0.75,148338.9
"580","DE","05-14",2024-11-07,2024-11-24,3,"quantile",0.9,184745.97
"581","DE","05-14",2024-11-07,2024-11-24,3,"quantile",0.975,231450.05
"582","DE","05-14",2024-11-07,2024-12-01,4,"quantile",0.025,45457.5725
"583","DE","05-14",2024-11-07,2024-12-01,4,"quantile",0.1,64501.94
"584","DE","05-14",2024-11-07,2024-12-01,4,"quantile",0.25,85914.25
"585","DE","05-14",2024-11-07,2024-12-01,4,"quantile",0.5,114894.75
"586","DE","05-14",2024-11-07,2024-12-01,4,"quantile",0.75,149760.9
"587","DE","05-14",2024-11-07,2024-12-01,4,"quantile",0.9,186526.5
"588","DE","05-14",2024-11-07,2024-12-01,4,"quantile",0.975,234329.7275
"589","DE","15-34",2024-11-07,2024-11-10,1,"quantile",0.025,122928.4025
"590","DE","15-34",2024-11-07,2024-11-10,1,"quantile",0.1,165750.31
"591","DE","15-34",2024-11-07,2024-11-10,1,"quantile",0.25,212341.5
"592","DE","15-34",2024-11-07,2024-11-10,1,"quantile",0.5,273291.35
"593","DE","15-34",2024-11-07,2024-11-10,1,"quantile",0.75,345504.8
"594","DE","15-34",2024-11-07,2024-11-10,1,"quantile",0.9,420614.21
"595","DE","15-34",2024-11-07,2024-11-10,1,"quantile",0.975,516421.6925
"596","DE","15-34",2024-11-07,2024-11-17,2,"quantile",0.025,123331.6875
"597","DE","15-34",2024-11-07,2024-11-17,2,"quantile",0.1,165923.16
"598","DE","15-34",2024-11-07,2024-11-17,2,"quantile",0.25,211806.325
"599","DE","15-34",2024-11-07,2024-11-17,2,"quantile",0.5,272589.6
"600","DE","15-34",2024-11-07,2024-11-17,2,"quantile",0.75,344256.2
"601","DE","15-34",2024-11-07,2024-11-17,2,"quantile",0.9,418857.48
"602","DE","15-34",2024-11-07,2024-11-17,2,"quantile",0.975,513972.285
"603","DE","15-34",2024-11-07,2024-11-24,3,"quantile",0.025,119933.63
"604","DE","15-34",2024-11-07,2024-11-24,3,"quantile",0.1,161886.93
"605","DE","15-34",2024-11-07,2024-11-24,3,"quantile",0.25,207317.675
"606","DE","15-34",2024-11-07,2024-11-24,3,"quantile",0.5,267064.2
"607","DE","15-34",2024-11-07,2024-11-24,3,"quantile",0.75,337416.925
"608","DE","15-34",2024-11-07,2024-11-24,3,"quantile",0.9,410318.04
"609","DE","15-34",2024-11-07,2024-11-24,3,"quantile",0.975,502680.7525
"610","DE","15-34",2024-11-07,2024-12-01,4,"quantile",0.025,120316.2175
"611","DE","15-34",2024-11-07,2024-12-01,4,"quantile",0.1,162030.24
"612","DE","15-34",2024-11-07,2024-12-01,4,"quantile",0.25,207722.725
"613","DE","15-34",2024-11-07,2024-12-01,4,"quantile",0.5,267721.6
"614","DE","15-34",2024-11-07,2024-12-01,4,"quantile",0.75,338478.175
"615","DE","15-34",2024-11-07,2024-12-01,4,"quantile",0.9,411692.73
"616","DE","15-34",2024-11-07,2024-12-01,4,"quantile",0.975,506259.8875
"617","DE","35-59",2024-11-07,2024-11-10,1,"quantile",0.025,139143.3675
"618","DE","35-59",2024-11-07,2024-11-10,1,"quantile",0.1,187561.38
"619","DE","35-59",2024-11-07,2024-11-10,1,"quantile",0.25,240239.5
"620","DE","35-59",2024-11-07,2024-11-10,1,"quantile",0.5,310284.55
"621","DE","35-59",2024-11-07,2024-11-10,1,"quantile",0.75,392661.775
"622","DE","35-59",2024-11-07,2024-11-10,1,"quantile",0.9,478453.31
"623","DE","35-59",2024-11-07,2024-11-10,1,"quantile",0.975,587772.52
"624","DE","35-59",2024-11-07,2024-11-17,2,"quantile",0.025,134440.975
"625","DE","35-59",2024-11-07,2024-11-17,2,"quantile",0.1,182067.51
"626","DE","35-59",2024-11-07,2024-11-17,2,"quantile",0.25,233737.55
"627","DE","35-59",2024-11-07,2024-11-17,2,"quantile",0.5,302013.4
"628","DE","35-59",2024-11-07,2024-11-17,2,"quantile",0.75,382427.475
"629","DE","35-59",2024-11-07,2024-11-17,2,"quantile",0.9,466680.02
"630","DE","35-59",2024-11-07,2024-11-17,2,"quantile",0.975,573557.9325
"631","DE","35-59",2024-11-07,2024-11-24,3,"quantile",0.025,130675.22
"632","DE","35-59",2024-11-07,2024-11-24,3,"quantile",0.1,176965.78
"633","DE","35-59",2024-11-07,2024-11-24,3,"quantile",0.25,227164.575
"634","DE","35-59",2024-11-07,2024-11-24,3,"quantile",0.5,293994.25
"635","DE","35-59",2024-11-07,2024-11-24,3,"quantile",0.75,372600.55
"636","DE","35-59",2024-11-07,2024-11-24,3,"quantile",0.9,454981.75
"637","DE","35-59",2024-11-07,2024-11-24,3,"quantile",0.975,559210.385
"638","DE","35-59",2024-11-07,2024-12-01,4,"quantile",0.025,132641.295
"639","DE","35-59",2024-11-07,2024-12-01,4,"quantile",0.1,179238.2
"640","DE","35-59",2024-11-07,2024-12-01,4,"quantile",0.25,230719.85
"641","DE","35-59",2024-11-07,2024-12-01,4,"quantile",0.5,298540.15
"642","DE","35-59",2024-11-07,2024-12-01,4,"quantile",0.75,378877.2
"643","DE","35-59",2024-11-07,2024-12-01,4,"quantile",0.9,462140.2
"644","DE","35-59",2024-11-07,2024-12-01,4,"quantile",0.975,566998.8975
"645","DE","60+",2024-11-07,2024-11-10,1,"quantile",0.025,51229.85
"646","DE","60+",2024-11-07,2024-11-10,1,"quantile",0.1,67892.23
"647","DE","60+",2024-11-07,2024-11-10,1,"quantile",0.25,85755.1
"648","DE","60+",2024-11-07,2024-11-10,1,"quantile",0.5,109188.55
"649","DE","60+",2024-11-07,2024-11-10,1,"quantile",0.75,136719.975
"650","DE","60+",2024-11-07,2024-11-10,1,"quantile",0.9,165184.03
"651","DE","60+",2024-11-07,2024-11-10,1,"quantile",0.975,201006.81
"652","DE","60+",2024-11-07,2024-11-17,2,"quantile",0.025,50123.25
"653","DE","60+",2024-11-07,2024-11-17,2,"quantile",0.1,66489.63
"654","DE","60+",2024-11-07,2024-11-17,2,"quantile",0.25,83902.25
"655","DE","60+",2024-11-07,2024-11-17,2,"quantile",0.5,106708.7
"656","DE","60+",2024-11-07,2024-11-17,2,"quantile",0.75,133541.75
"657","DE","60+",2024-11-07,2024-11-17,2,"quantile",0.9,161202.15
"658","DE","60+",2024-11-07,2024-11-17,2,"quantile",0.975,196293.7375
"659","DE","60+",2024-11-07,2024-11-24,3,"quantile",0.025,48845.7525
"660","DE","60+",2024-11-07,2024-11-24,3,"quantile",0.1,64946.11
"661","DE","60+",2024-11-07,2024-11-24,3,"quantile",0.25,82132.625
"662","DE","60+",2024-11-07,2024-11-24,3,"quantile",0.5,104592.7
"663","DE","60+",2024-11-07,2024-11-24,3,"quantile",0.75,131082.225
"664","DE","60+",2024-11-07,2024-11-24,3,"quantile",0.9,158467.63
"665","DE","60+",2024-11-07,2024-11-24,3,"quantile",0.975,193301.335
"666","DE","60+",2024-11-07,2024-12-01,4,"quantile",0.025,48869.2625
"667","DE","60+",2024-11-07,2024-12-01,4,"quantile",0.1,64978.01
"668","DE","60+",2024-11-07,2024-12-01,4,"quantile",0.25,82271.75
"669","DE","60+",2024-11-07,2024-12-01,4,"quantile",0.5,104969.8
"670","DE","60+",2024-11-07,2024-12-01,4,"quantile",0.75,131587.05
"671","DE","60+",2024-11-07,2024-12-01,4,"quantile",0.9,159030.19
"672","DE","60+",2024-11-07,2024-12-01,4,"quantile",0.975,193445.795
"673","DE","00+",2024-11-14,2024-11-17,1,"quantile",0.025,424782.21
"674","DE","00+",2024-11-14,2024-11-17,1,"quantile",0.1,576808.4
"675","DE","00+",2024-11-14,2024-11-17,1,"quantile",0.25,742153.375
"676","DE","00+",2024-11-14,2024-11-17,1,"quantile",0.5,962734.75
"677","DE","00+",2024-11-14,2024-11-17,1,"quantile",0.75,1223058.675
"678","DE","00+",2024-11-14,2024-11-17,1,"quantile",0.9,1499346.25
"679","DE","00+",2024-11-14,2024-11-17,1,"quantile",0.975,1850412.5375
"680","DE","00+",2024-11-14,2024-11-24,2,"quantile",0.025,412616.91
"681","DE","00+",2024-11-14,2024-11-24,2,"quantile",0.1,561668.73
"682","DE","00+",2024-11-14,2024-11-24,2,"quantile",0.25,723076.575
"683","DE","00+",2024-11-14,2024-11-24,2,"quantile",0.5,939788.35
"684","DE","00+",2024-11-14,2024-11-24,2,"quantile",0.75,1195242.825
"685","DE","00+",2024-11-14,2024-11-24,2,"quantile",0.9,1462916.39
"686","DE","00+",2024-11-14,2024-11-24,2,"quantile",0.975,1805354.9425
"687","DE","00+",2024-11-14,2024-12-01,3,"quantile",0.025,412929.4625
"688","DE","00+",2024-11-14,2024-12-01,3,"quantile",0.1,562895
"689","DE","00+",2024-11-14,2024-12-01,3,"quantile",0.25,726863.625
"690","DE","00+",2024-11-14,2024-12-01,3,"quantile",0.5,942519.2
"691","DE","00+",2024-11-14,2024-12-01,3,"quantile",0.75,1200609.7
"692","DE","00+",2024-11-14,2024-12-01,3,"quantile",0.9,1469131.69
"693","DE","00+",2024-11-14,2024-12-01,3,"quantile",0.975,1809701.1675
"694","DE","00+",2024-11-14,2024-12-08,4,"quantile",0.025,446558.44
"695","DE","00+",2024-11-14,2024-12-08,4,"quantile",0.1,606905.12
"696","DE","00+",2024-11-14,2024-12-08,4,"quantile",0.25,781251.5
"697","DE","00+",2024-11-14,2024-12-08,4,"quantile",0.5,1014865.45
"698","DE","00+",2024-11-14,2024-12-08,4,"quantile",0.75,1289318.575
"699","DE","00+",2024-11-14,2024-12-08,4,"quantile",0.9,1575194.68
"700","DE","00+",2024-11-14,2024-12-08,4,"quantile",0.975,1942901.3725
"701","DE","00-04",2024-11-14,2024-11-17,1,"quantile",0.025,67430.8325
"702","DE","00-04",2024-11-14,2024-11-17,1,"quantile",0.1,93415.26
"703","DE","00-04",2024-11-14,2024-11-17,1,"quantile",0.25,122606.95
"704","DE","00-04",2024-11-14,2024-11-17,1,"quantile",0.5,161452.65
"705","DE","00-04",2024-11-14,2024-11-17,1,"quantile",0.75,208107.825
"706","DE","00-04",2024-11-14,2024-11-17,1,"quantile",0.9,256905.27
"707","DE","00-04",2024-11-14,2024-11-17,1,"quantile",0.975,319695.4525
"708","DE","00-04",2024-11-14,2024-11-24,2,"quantile",0.025,65255.9825
"709","DE","00-04",2024-11-14,2024-11-24,2,"quantile",0.1,90619.35
"710","DE","00-04",2024-11-14,2024-11-24,2,"quantile",0.25,118860.7
"711","DE","00-04",2024-11-14,2024-11-24,2,"quantile",0.5,156589.9
"712","DE","00-04",2024-11-14,2024-11-24,2,"quantile",0.75,201896.675
"713","DE","00-04",2024-11-14,2024-11-24,2,"quantile",0.9,249349.95
"714","DE","00-04",2024-11-14,2024-11-24,2,"quantile",0.975,309937.59
"715","DE","00-04",2024-11-14,2024-12-01,3,"quantile",0.025,65938
"716","DE","00-04",2024-11-14,2024-12-01,3,"quantile",0.1,91608.42
"717","DE","00-04",2024-11-14,2024-12-01,3,"quantile",0.25,119969.675
"718","DE","00-04",2024-11-14,2024-12-01,3,"quantile",0.5,158248
"719","DE","00-04",2024-11-14,2024-12-01,3,"quantile",0.75,204063.625
"720","DE","00-04",2024-11-14,2024-12-01,3,"quantile",0.9,251787.98
"721","DE","00-04",2024-11-14,2024-12-01,3,"quantile",0.975,314072.475
"722","DE","00-04",2024-11-14,2024-12-08,4,"quantile",0.025,69970.8975
"723","DE","00-04",2024-11-14,2024-12-08,4,"quantile",0.1,97071.91
"724","DE","00-04",2024-11-14,2024-12-08,4,"quantile",0.25,127044.75
"725","DE","00-04",2024-11-14,2024-12-08,4,"quantile",0.5,167366.6
"726","DE","00-04",2024-11-14,2024-12-08,4,"quantile",0.75,215453.875
"727","DE","00-04",2024-11-14,2024-12-08,4,"quantile",0.9,265816.63
"728","DE","00-04",2024-11-14,2024-12-08,4,"quantile",0.975,331130.5375
"729","DE","05-14",2024-11-14,2024-11-17,1,"quantile",0.025,40097.395
"730","DE","05-14",2024-11-14,2024-11-17,1,"quantile",0.1,59576.49
"731","DE","05-14",2024-11-14,2024-11-17,1,"quantile",0.25,82109.65
"732","DE","05-14",2024-11-14,2024-11-17,1,"quantile",0.5,113305.4
"733","DE","05-14",2024-11-14,2024-11-17,1,"quantile",0.75,151651.4
"734","DE","05-14",2024-11-14,2024-11-17,1,"quantile",0.9,192991.67
"735","DE","05-14",2024-11-14,2024-11-17,1,"quantile",0.975,246766.025
"736","DE","05-14",2024-11-14,2024-11-24,2,"quantile",0.025,38938.49
"737","DE","05-14",2024-11-14,2024-11-24,2,"quantile",0.1,58072.04
"738","DE","05-14",2024-11-14,2024-11-24,2,"quantile",0.25,79925.825
"739","DE","05-14",2024-11-14,2024-11-24,2,"quantile",0.5,110355.55
"740","DE","05-14",2024-11-14,2024-11-24,2,"quantile",0.75,147874.275
"741","DE","05-14",2024-11-14,2024-11-24,2,"quantile",0.9,188213.92
"742","DE","05-14",2024-11-14,2024-11-24,2,"quantile",0.975,240586.8075
"743","DE","05-14",2024-11-14,2024-12-01,3,"quantile",0.025,39265.05
"744","DE","05-14",2024-11-14,2024-12-01,3,"quantile",0.1,58296.08
"745","DE","05-14",2024-11-14,2024-12-01,3,"quantile",0.25,80301.425
"746","DE","05-14",2024-11-14,2024-12-01,3,"quantile",0.5,111008.15
"747","DE","05-14",2024-11-14,2024-12-01,3,"quantile",0.75,148918.775
"748","DE","05-14",2024-11-14,2024-12-01,3,"quantile",0.9,189600.8
"749","DE","05-14",2024-11-14,2024-12-01,3,"quantile",0.975,242779.32
"750","DE","05-14",2024-11-14,2024-12-08,4,"quantile",0.025,41602.3125
"751","DE","05-14",2024-11-14,2024-12-08,4,"quantile",0.1,61738.67
"752","DE","05-14",2024-11-14,2024-12-08,4,"quantile",0.25,85162.4
"753","DE","05-14",2024-11-14,2024-12-08,4,"quantile",0.5,117488.8
"754","DE","05-14",2024-11-14,2024-12-08,4,"quantile",0.75,157778.675
"755","DE","05-14",2024-11-14,2024-12-08,4,"quantile",0.9,200646.25
"756","DE","05-14",2024-11-14,2024-12-08,4,"quantile",0.975,256973.8675
"757","DE","15-34",2024-11-14,2024-11-17,1,"quantile",0.025,111788.4825
"758","DE","15-34",2024-11-14,2024-11-17,1,"quantile",0.1,155961.39
"759","DE","15-34",2024-11-14,2024-11-17,1,"quantile",0.25,204655.175
"760","DE","15-34",2024-11-14,2024-11-17,1,"quantile",0.5,270311.85
"761","DE","15-34",2024-11-14,2024-11-17,1,"quantile",0.75,348743.725
"762","DE","15-34",2024-11-14,2024-11-17,1,"quantile",0.9,431720.62
"763","DE","15-34",2024-11-14,2024-11-17,1,"quantile",0.975,537602.05
"764","DE","15-34",2024-11-14,2024-11-24,2,"quantile",0.025,109035.9725
"765","DE","15-34",2024-11-14,2024-11-24,2,"quantile",0.1,151708.89
"766","DE","15-34",2024-11-14,2024-11-24,2,"quantile",0.25,199203.1
"767","DE","15-34",2024-11-14,2024-11-24,2,"quantile",0.5,263289.05
"768","DE","15-34",2024-11-14,2024-11-24,2,"quantile",0.75,340564.875
"769","DE","15-34",2024-11-14,2024-11-24,2,"quantile",0.9,421255.43
"770","DE","15-34",2024-11-14,2024-11-24,2,"quantile",0.975,525202.6125
"771","DE","15-34",2024-11-14,2024-12-01,3,"quantile",0.025,109846.1925
"772","DE","15-34",2024-11-14,2024-12-01,3,"quantile",0.1,152545.01
"773","DE","15-34",2024-11-14,2024-12-01,3,"quantile",0.25,200334.775
"774","DE","15-34",2024-11-14,2024-12-01,3,"quantile",0.5,264714.85
"775","DE","15-34",2024-11-14,2024-12-01,3,"quantile",0.75,341817.925
"776","DE","15-34",2024-11-14,2024-12-01,3,"quantile",0.9,423270.58
"777","DE","15-34",2024-11-14,2024-12-01,3,"quantile",0.975,527853.1275
"778","DE","15-34",2024-11-14,2024-12-08,4,"quantile",0.025,116554.315
"779","DE","15-34",2024-11-14,2024-12-08,4,"quantile",0.1,162774.42
"780","DE","15-34",2024-11-14,2024-12-08,4,"quantile",0.25,213496.675
"781","DE","15-34",2024-11-14,2024-12-08,4,"quantile",0.5,281639.2
"782","DE","15-34",2024-11-14,2024-12-08,4,"quantile",0.75,363466.25
"783","DE","15-34",2024-11-14,2024-12-08,4,"quantile",0.9,449272.64
"784","DE","15-34",2024-11-14,2024-12-08,4,"quantile",0.975,559983.075
"785","DE","35-59",2024-11-14,2024-11-17,1,"quantile",0.025,118521.7225
"786","DE","35-59",2024-11-14,2024-11-17,1,"quantile",0.1,169302.55
"787","DE","35-59",2024-11-14,2024-11-17,1,"quantile",0.25,226926.35
"788","DE","35-59",2024-11-14,2024-11-17,1,"quantile",0.5,305509.1
"789","DE","35-59",2024-11-14,2024-11-17,1,"quantile",0.75,400514.1
"790","DE","35-59",2024-11-14,2024-11-17,1,"quantile",0.9,501578.32
"791","DE","35-59",2024-11-14,2024-11-17,1,"quantile",0.975,632768.3
"792","DE","35-59",2024-11-14,2024-11-24,2,"quantile",0.025,115482.0725
"793","DE","35-59",2024-11-14,2024-11-24,2,"quantile",0.1,165704.1
"794","DE","35-59",2024-11-14,2024-11-24,2,"quantile",0.25,221939.425
"795","DE","35-59",2024-11-14,2024-11-24,2,"quantile",0.5,298517.25
"796","DE","35-59",2024-11-14,2024-11-24,2,"quantile",0.75,392145.4
"797","DE","35-59",2024-11-14,2024-11-24,2,"quantile",0.9,490870.9
"798","DE","35-59",2024-11-14,2024-11-24,2,"quantile",0.975,618860.915
"799","DE","35-59",2024-11-14,2024-12-01,3,"quantile",0.025,115926.77
"800","DE","35-59",2024-11-14,2024-12-01,3,"quantile",0.1,166322.23
"801","DE","35-59",2024-11-14,2024-12-01,3,"quantile",0.25,222666.2
"802","DE","35-59",2024-11-14,2024-12-01,3,"quantile",0.5,299750.95
"803","DE","35-59",2024-11-14,2024-12-01,3,"quantile",0.75,393365.575
"804","DE","35-59",2024-11-14,2024-12-01,3,"quantile",0.9,492711.65
"805","DE","35-59",2024-11-14,2024-12-01,3,"quantile",0.975,621304.3175
"806","DE","35-59",2024-11-14,2024-12-08,4,"quantile",0.025,125191.29
"807","DE","35-59",2024-11-14,2024-12-08,4,"quantile",0.1,179033.79
"808","DE","35-59",2024-11-14,2024-12-08,4,"quantile",0.25,239391.725
"809","DE","35-59",2024-11-14,2024-12-08,4,"quantile",0.5,322065.7
"810","DE","35-59",2024-11-14,2024-12-08,4,"quantile",0.75,421858.875
"811","DE","35-59",2024-11-14,2024-12-08,4,"quantile",0.9,527895.96
"812","DE","35-59",2024-11-14,2024-12-08,4,"quantile",0.975,664769.19
"813","DE","60+",2024-11-14,2024-11-17,1,"quantile",0.025,44233.3475
"814","DE","60+",2024-11-14,2024-11-17,1,"quantile",0.1,61524.88
"815","DE","60+",2024-11-14,2024-11-17,1,"quantile",0.25,80656.1
"816","DE","60+",2024-11-14,2024-11-17,1,"quantile",0.5,106205.35
"817","DE","60+",2024-11-14,2024-11-17,1,"quantile",0.75,137061.325
"818","DE","60+",2024-11-14,2024-11-17,1,"quantile",0.9,169179.73
"819","DE","60+",2024-11-14,2024-11-17,1,"quantile",0.975,209886.405
"820","DE","60+",2024-11-14,2024-11-24,2,"quantile",0.025,42324.9375
"821","DE","60+",2024-11-14,2024-11-24,2,"quantile",0.1,58834.7
"822","DE","60+",2024-11-14,2024-11-24,2,"quantile",0.25,77203.1
"823","DE","60+",2024-11-14,2024-11-24,2,"quantile",0.5,101778.6
"824","DE","60+",2024-11-14,2024-11-24,2,"quantile",0.75,131351.75
"825","DE","60+",2024-11-14,2024-11-24,2,"quantile",0.9,162288.31
"826","DE","60+",2024-11-14,2024-11-24,2,"quantile",0.975,201873.49
"827","DE","60+",2024-11-14,2024-12-01,3,"quantile",0.025,42774.02
"828","DE","60+",2024-11-14,2024-12-01,3,"quantile",0.1,59661.27
"829","DE","60+",2024-11-14,2024-12-01,3,"quantile",0.25,78142.275
"830","DE","60+",2024-11-14,2024-12-01,3,"quantile",0.5,103084.9
"831","DE","60+",2024-11-14,2024-12-01,3,"quantile",0.75,132915.275
"832","DE","60+",2024-11-14,2024-12-01,3,"quantile",0.9,164473.63
"833","DE","60+",2024-11-14,2024-12-01,3,"quantile",0.975,204827.69
"834","DE","60+",2024-11-14,2024-12-08,4,"quantile",0.025,46075.81
"835","DE","60+",2024-11-14,2024-12-08,4,"quantile",0.1,63710.89
"836","DE","60+",2024-11-14,2024-12-08,4,"quantile",0.25,83339.325
"837","DE","60+",2024-11-14,2024-12-08,4,"quantile",0.5,109932.4
"838","DE","60+",2024-11-14,2024-12-08,4,"quantile",0.75,141528.15
"839","DE","60+",2024-11-14,2024-12-08,4,"quantile",0.9,174626.11
"840","DE","60+",2024-11-14,2024-12-08,4,"quantile",0.975,217468.3525
"841","DE","00+",2024-11-21,2024-11-24,1,"quantile",0.025,526916.53
"842","DE","00+",2024-11-21,2024-11-24,1,"quantile",0.1,699835.97
"843","DE","00+",2024-11-21,2024-11-24,1,"quantile",0.25,884602.65
"844","DE","00+",2024-11-21,2024-11-24,1,"quantile",0.5,1128602.2
"845","DE","00+",2024-11-21,2024-11-24,1,"quantile",0.75,1414566.15
"846","DE","00+",2024-11-21,2024-11-24,1,"quantile",0.9,1711131.97
"847","DE","00+",2024-11-21,2024-11-24,1,"quantile",0.975,2085451.2725
"848","DE","00+",2024-11-21,2024-12-01,2,"quantile",0.025,519503.01
"849","DE","00+",2024-11-21,2024-12-01,2,"quantile",0.1,690870.93
"850","DE","00+",2024-11-21,2024-12-01,2,"quantile",0.25,873842.925
"851","DE","00+",2024-11-21,2024-12-01,2,"quantile",0.5,1115468.85
"852","DE","00+",2024-11-21,2024-12-01,2,"quantile",0.75,1399033.75
"853","DE","00+",2024-11-21,2024-12-01,2,"quantile",0.9,1692674.09
"854","DE","00+",2024-11-21,2024-12-01,2,"quantile",0.975,2061173.2675
"855","DE","00+",2024-11-21,2024-12-08,3,"quantile",0.025,550072.29
"856","DE","00+",2024-11-21,2024-12-08,3,"quantile",0.1,728802.33
"857","DE","00+",2024-11-21,2024-12-08,3,"quantile",0.25,920183.2
"858","DE","00+",2024-11-21,2024-12-08,3,"quantile",0.5,1172001.9
"859","DE","00+",2024-11-21,2024-12-08,3,"quantile",0.75,1465616.175
"860","DE","00+",2024-11-21,2024-12-08,3,"quantile",0.9,1768904.74
"861","DE","00+",2024-11-21,2024-12-08,3,"quantile",0.975,2154381.965
"862","DE","00+",2024-11-21,2024-12-15,4,"quantile",0.025,524238.9325
"863","DE","00+",2024-11-21,2024-12-15,4,"quantile",0.1,698392.62
"864","DE","00+",2024-11-21,2024-12-15,4,"quantile",0.25,885643.55
"865","DE","00+",2024-11-21,2024-12-15,4,"quantile",0.5,1130986.05
"866","DE","00+",2024-11-21,2024-12-15,4,"quantile",0.75,1420313.725
"867","DE","00+",2024-11-21,2024-12-15,4,"quantile",0.9,1716751.61
"868","DE","00+",2024-11-21,2024-12-15,4,"quantile",0.975,2092908.865
"869","DE","00-04",2024-11-21,2024-11-24,1,"quantile",0.025,81204.295
"870","DE","00-04",2024-11-21,2024-11-24,1,"quantile",0.1,110282
"871","DE","00-04",2024-11-21,2024-11-24,1,"quantile",0.25,141862.625
"872","DE","00-04",2024-11-21,2024-11-24,1,"quantile",0.5,183822.75
"873","DE","00-04",2024-11-21,2024-11-24,1,"quantile",0.75,233275.35
"874","DE","00-04",2024-11-21,2024-11-24,1,"quantile",0.9,284782.24
"875","DE","00-04",2024-11-21,2024-11-24,1,"quantile",0.975,350145.3675
"876","DE","00-04",2024-11-21,2024-12-01,2,"quantile",0.025,80776.105
"877","DE","00-04",2024-11-21,2024-12-01,2,"quantile",0.1,109548.97
"878","DE","00-04",2024-11-21,2024-12-01,2,"quantile",0.25,140863.15
"879","DE","00-04",2024-11-21,2024-12-01,2,"quantile",0.5,182249.75
"880","DE","00-04",2024-11-21,2024-12-01,2,"quantile",0.75,231128.625
"881","DE","00-04",2024-11-21,2024-12-01,2,"quantile",0.9,281884.16
"882","DE","00-04",2024-11-21,2024-12-01,2,"quantile",0.975,345812.62
"883","DE","00-04",2024-11-21,2024-12-08,3,"quantile",0.025,84692.3575
"884","DE","00-04",2024-11-21,2024-12-08,3,"quantile",0.1,114845.01
"885","DE","00-04",2024-11-21,2024-12-08,3,"quantile",0.25,147374.65
"886","DE","00-04",2024-11-21,2024-12-08,3,"quantile",0.5,190610.65
"887","DE","00-04",2024-11-21,2024-12-08,3,"quantile",0.75,241341.6
"888","DE","00-04",2024-11-21,2024-12-08,3,"quantile",0.9,294034.37
"889","DE","00-04",2024-11-21,2024-12-08,3,"quantile",0.975,361335.8625
"890","DE","00-04",2024-11-21,2024-12-15,4,"quantile",0.025,81856.3775
"891","DE","00-04",2024-11-21,2024-12-15,4,"quantile",0.1,111030.06
"892","DE","00-04",2024-11-21,2024-12-15,4,"quantile",0.25,142917.55
"893","DE","00-04",2024-11-21,2024-12-15,4,"quantile",0.5,184823.3
"894","DE","00-04",2024-11-21,2024-12-15,4,"quantile",0.75,234486.95
"895","DE","00-04",2024-11-21,2024-12-15,4,"quantile",0.9,286450.6
"896","DE","00-04",2024-11-21,2024-12-15,4,"quantile",0.975,352706.775
"897","DE","05-14",2024-11-21,2024-11-24,1,"quantile",0.025,50425.0875
"898","DE","05-14",2024-11-21,2024-11-24,1,"quantile",0.1,73429.57
"899","DE","05-14",2024-11-21,2024-11-24,1,"quantile",0.25,99301.95
"900","DE","05-14",2024-11-21,2024-11-24,1,"quantile",0.5,134640.6
"901","DE","05-14",2024-11-21,2024-11-24,1,"quantile",0.75,177555.2
"902","DE","05-14",2024-11-21,2024-11-24,1,"quantile",0.9,223189.03
"903","DE","05-14",2024-11-21,2024-11-24,1,"quantile",0.975,282810.14
"904","DE","05-14",2024-11-21,2024-12-01,2,"quantile",0.025,49282.46
"905","DE","05-14",2024-11-21,2024-12-01,2,"quantile",0.1,71460.2
"906","DE","05-14",2024-11-21,2024-12-01,2,"quantile",0.25,96779.875
"907","DE","05-14",2024-11-21,2024-12-01,2,"quantile",0.5,131285.4
"908","DE","05-14",2024-11-21,2024-12-01,2,"quantile",0.75,173382.35
"909","DE","05-14",2024-11-21,2024-12-01,2,"quantile",0.9,218015.97
"910","DE","05-14",2024-11-21,2024-12-01,2,"quantile",0.975,276166.125
"911","DE","05-14",2024-11-21,2024-12-08,3,"quantile",0.025,51772.655
"912","DE","05-14",2024-11-21,2024-12-08,3,"quantile",0.1,75250.47
"913","DE","05-14",2024-11-21,2024-12-08,3,"quantile",0.25,101813.875
"914","DE","05-14",2024-11-21,2024-12-08,3,"quantile",0.5,138133.15
"915","DE","05-14",2024-11-21,2024-12-08,3,"quantile",0.75,182174.4
"916","DE","05-14",2024-11-21,2024-12-08,3,"quantile",0.9,229239.92
"917","DE","05-14",2024-11-21,2024-12-08,3,"quantile",0.975,290325.6025
"918","DE","05-14",2024-11-21,2024-12-15,4,"quantile",0.025,50039.4525
"919","DE","05-14",2024-11-21,2024-12-15,4,"quantile",0.1,72795.54
"920","DE","05-14",2024-11-21,2024-12-15,4,"quantile",0.25,98345.4
"921","DE","05-14",2024-11-21,2024-12-15,4,"quantile",0.5,133587.05
"922","DE","05-14",2024-11-21,2024-12-15,4,"quantile",0.75,176550.575
"923","DE","05-14",2024-11-21,2024-12-15,4,"quantile",0.9,222217.27
"924","DE","05-14",2024-11-21,2024-12-15,4,"quantile",0.975,281346.8775
"925","DE","15-34",2024-11-21,2024-11-24,1,"quantile",0.025,134076.295
"926","DE","15-34",2024-11-21,2024-11-24,1,"quantile",0.1,183883.07
"927","DE","15-34",2024-11-21,2024-11-24,1,"quantile",0.25,238237.975
"928","DE","15-34",2024-11-21,2024-11-24,1,"quantile",0.5,310777.15
"929","DE","15-34",2024-11-21,2024-11-24,1,"quantile",0.75,396442.25
"930","DE","15-34",2024-11-21,2024-11-24,1,"quantile",0.9,485142.71
"931","DE","15-34",2024-11-21,2024-11-24,1,"quantile",0.975,599402.8675
"932","DE","15-34",2024-11-21,2024-12-01,2,"quantile",0.025,134363.195
"933","DE","15-34",2024-11-21,2024-12-01,2,"quantile",0.1,182768.6
"934","DE","15-34",2024-11-21,2024-12-01,2,"quantile",0.25,237047.925
"935","DE","15-34",2024-11-21,2024-12-01,2,"quantile",0.5,308356.2
"936","DE","15-34",2024-11-21,2024-12-01,2,"quantile",0.75,393484.05
"937","DE","15-34",2024-11-21,2024-12-01,2,"quantile",0.9,482488.72
"938","DE","15-34",2024-11-21,2024-12-01,2,"quantile",0.975,596943.6525
"939","DE","15-34",2024-11-21,2024-12-08,3,"quantile",0.025,139292.5725
"940","DE","15-34",2024-11-21,2024-12-08,3,"quantile",0.1,190050.29
"941","DE","15-34",2024-11-21,2024-12-08,3,"quantile",0.25,245460.1
"942","DE","15-34",2024-11-21,2024-12-08,3,"quantile",0.5,319669.4
"943","DE","15-34",2024-11-21,2024-12-08,3,"quantile",0.75,407380.55
"944","DE","15-34",2024-11-21,2024-12-08,3,"quantile",0.9,498931.1
"945","DE","15-34",2024-11-21,2024-12-08,3,"quantile",0.975,615704.3425
"946","DE","15-34",2024-11-21,2024-12-15,4,"quantile",0.025,134092.5725
"947","DE","15-34",2024-11-21,2024-12-15,4,"quantile",0.1,183993.33
"948","DE","15-34",2024-11-21,2024-12-15,4,"quantile",0.25,238505.225
"949","DE","15-34",2024-11-21,2024-12-15,4,"quantile",0.5,310923
"950","DE","15-34",2024-11-21,2024-12-15,4,"quantile",0.75,397089.45
"951","DE","15-34",2024-11-21,2024-12-15,4,"quantile",0.9,487123.67
"952","DE","15-34",2024-11-21,2024-12-15,4,"quantile",0.975,602319.395
"953","DE","35-59",2024-11-21,2024-11-24,1,"quantile",0.025,152161.065
"954","DE","35-59",2024-11-21,2024-11-24,1,"quantile",0.1,210768.61
"955","DE","35-59",2024-11-21,2024-11-24,1,"quantile",0.25,274900.625
"956","DE","35-59",2024-11-21,2024-11-24,1,"quantile",0.5,361044.65
"957","DE","35-59",2024-11-21,2024-11-24,1,"quantile",0.75,463652.5
"958","DE","35-59",2024-11-21,2024-11-24,1,"quantile",0.9,570889.36
"959","DE","35-59",2024-11-21,2024-11-24,1,"quantile",0.975,709502.71
"960","DE","35-59",2024-11-21,2024-12-01,2,"quantile",0.025,150380.6675
"961","DE","35-59",2024-11-21,2024-12-01,2,"quantile",0.1,208254.09
"962","DE","35-59",2024-11-21,2024-12-01,2,"quantile",0.25,272048.825
"963","DE","35-59",2024-11-21,2024-12-01,2,"quantile",0.5,357316.85
"964","DE","35-59",2024-11-21,2024-12-01,2,"quantile",0.75,459317.9
"965","DE","35-59",2024-11-21,2024-12-01,2,"quantile",0.9,565468.14
"966","DE","35-59",2024-11-21,2024-12-01,2,"quantile",0.975,703003.8975
"967","DE","35-59",2024-11-21,2024-12-08,3,"quantile",0.025,155989.8775
"968","DE","35-59",2024-11-21,2024-12-08,3,"quantile",0.1,215409.2
"969","DE","35-59",2024-11-21,2024-12-08,3,"quantile",0.25,280634.6
"970","DE","35-59",2024-11-21,2024-12-08,3,"quantile",0.5,368382.2
"971","DE","35-59",2024-11-21,2024-12-08,3,"quantile",0.75,472356.275
"972","DE","35-59",2024-11-21,2024-12-08,3,"quantile",0.9,581526.96
"973","DE","35-59",2024-11-21,2024-12-08,3,"quantile",0.975,721989.8525
"974","DE","35-59",2024-11-21,2024-12-15,4,"quantile",0.025,151301.82
"975","DE","35-59",2024-11-21,2024-12-15,4,"quantile",0.1,209605.81
"976","DE","35-59",2024-11-21,2024-12-15,4,"quantile",0.25,274101.15
"977","DE","35-59",2024-11-21,2024-12-15,4,"quantile",0.5,360536.35
"978","DE","35-59",2024-11-21,2024-12-15,4,"quantile",0.75,463774.7
"979","DE","35-59",2024-11-21,2024-12-15,4,"quantile",0.9,570428.84
"980","DE","35-59",2024-11-21,2024-12-15,4,"quantile",0.975,706405.445
"981","DE","60+",2024-11-21,2024-11-24,1,"quantile",0.025,59063.3375
"982","DE","60+",2024-11-21,2024-11-24,1,"quantile",0.1,79628.23
"983","DE","60+",2024-11-21,2024-11-24,1,"quantile",0.25,101756.425
"984","DE","60+",2024-11-21,2024-11-24,1,"quantile",0.5,130769.75
"985","DE","60+",2024-11-21,2024-11-24,1,"quantile",0.75,164944.25
"986","DE","60+",2024-11-21,2024-11-24,1,"quantile",0.9,200486.32
"987","DE","60+",2024-11-21,2024-11-24,1,"quantile",0.975,245920.965
"988","DE","60+",2024-11-21,2024-12-01,2,"quantile",0.025,58453.5
"989","DE","60+",2024-11-21,2024-12-01,2,"quantile",0.1,78376.72
"990","DE","60+",2024-11-21,2024-12-01,2,"quantile",0.25,99936
"991","DE","60+",2024-11-21,2024-12-01,2,"quantile",0.5,128394.65
"992","DE","60+",2024-11-21,2024-12-01,2,"quantile",0.75,161898.75
"993","DE","60+",2024-11-21,2024-12-01,2,"quantile",0.9,196478.25
"994","DE","60+",2024-11-21,2024-12-01,2,"quantile",0.975,240746.915
"995","DE","60+",2024-11-21,2024-12-08,3,"quantile",0.025,60983.5425
"996","DE","60+",2024-11-21,2024-12-08,3,"quantile",0.1,81795.49
"997","DE","60+",2024-11-21,2024-12-08,3,"quantile",0.25,104405.4
"998","DE","60+",2024-11-21,2024-12-08,3,"quantile",0.5,133960.75
"999","DE","60+",2024-11-21,2024-12-08,3,"quantile",0.75,168944.6
"1000","DE","60+",2024-11-21,2024-12-08,3,"quantile",0.9,205291.83
"1001","DE","60+",2024-11-21,2024-12-08,3,"quantile",0.975,251719.1025
"1002","DE","60+",2024-11-21,2024-12-15,4,"quantile",0.025,59476.145
"1003","DE","60+",2024-11-21,2024-12-15,4,"quantile",0.1,80043.36
"1004","DE","60+",2024-11-21,2024-12-15,4,"quantile",0.25,102122.225
"1005","DE","60+",2024-11-21,2024-12-15,4,"quantile",0.5,131258.05
"1006","DE","60+",2024-11-21,2024-12-15,4,"quantile",0.75,165528.325
"1007","DE","60+",2024-11-21,2024-12-15,4,"quantile",0.9,200959.61
"1008","DE","60+",2024-11-21,2024-12-15,4,"quantile",0.975,245996.3875
"1009","DE","00+",2024-11-28,2024-12-01,1,"quantile",0.025,571603.9325
"1010","DE","00+",2024-11-28,2024-12-01,1,"quantile",0.1,747197.15
"1011","DE","00+",2024-11-28,2024-12-01,1,"quantile",0.25,932978.375
"1012","DE","00+",2024-11-28,2024-12-01,1,"quantile",0.5,1176142.15
"1013","DE","00+",2024-11-28,2024-12-01,1,"quantile",0.75,1457965.925
"1014","DE","00+",2024-11-28,2024-12-01,1,"quantile",0.9,1748445.64
"1015","DE","00+",2024-11-28,2024-12-01,1,"quantile",0.975,2114443.59
"1016","DE","00+",2024-11-28,2024-12-08,2,"quantile",0.025,584899.6
"1017","DE","00+",2024-11-28,2024-12-08,2,"quantile",0.1,763169.68
"1018","DE","00+",2024-11-28,2024-12-08,2,"quantile",0.25,951600.725
"1019","DE","00+",2024-11-28,2024-12-08,2,"quantile",0.5,1197137.3
"1020","DE","00+",2024-11-28,2024-12-08,2,"quantile",0.75,1483419.45
"1021","DE","00+",2024-11-28,2024-12-08,2,"quantile",0.9,1777892.2
"1022","DE","00+",2024-11-28,2024-12-08,2,"quantile",0.975,2147694.285
"1023","DE","00+",2024-11-28,2024-12-15,3,"quantile",0.025,580003.355
"1024","DE","00+",2024-11-28,2024-12-15,3,"quantile",0.1,758288.49
"1025","DE","00+",2024-11-28,2024-12-15,3,"quantile",0.25,949067
"1026","DE","00+",2024-11-28,2024-12-15,3,"quantile",0.5,1197041.55
"1027","DE","00+",2024-11-28,2024-12-15,3,"quantile",0.75,1483127.475
"1028","DE","00+",2024-11-28,2024-12-15,3,"quantile",0.9,1777637.95
"1029","DE","00+",2024-11-28,2024-12-15,3,"quantile",0.975,2149761.555
"1030","DE","00+",2024-11-28,2024-12-22,4,"quantile",0.025,569341.845
"1031","DE","00+",2024-11-28,2024-12-22,4,"quantile",0.1,748916.76
"1032","DE","00+",2024-11-28,2024-12-22,4,"quantile",0.25,938003.75
"1033","DE","00+",2024-11-28,2024-12-22,4,"quantile",0.5,1186477.2
"1034","DE","00+",2024-11-28,2024-12-22,4,"quantile",0.75,1475862.95
"1035","DE","00+",2024-11-28,2024-12-22,4,"quantile",0.9,1772698.24
"1036","DE","00+",2024-11-28,2024-12-22,4,"quantile",0.975,2145836.735
"1037","DE","00-04",2024-11-28,2024-12-01,1,"quantile",0.025,83109.9125
"1038","DE","00-04",2024-11-28,2024-12-01,1,"quantile",0.1,112051.22
"1039","DE","00-04",2024-11-28,2024-12-01,1,"quantile",0.25,143675
"1040","DE","00-04",2024-11-28,2024-12-01,1,"quantile",0.5,184873.6
"1041","DE","00-04",2024-11-28,2024-12-01,1,"quantile",0.75,233317
"1042","DE","00-04",2024-11-28,2024-12-01,1,"quantile",0.9,283423.09
"1043","DE","00-04",2024-11-28,2024-12-01,1,"quantile",0.975,347213.4775
"1044","DE","00-04",2024-11-28,2024-12-08,2,"quantile",0.025,84521.7025
"1045","DE","00-04",2024-11-28,2024-12-08,2,"quantile",0.1,113481.55
"1046","DE","00-04",2024-11-28,2024-12-08,2,"quantile",0.25,144966.625
"1047","DE","00-04",2024-11-28,2024-12-08,2,"quantile",0.5,186371.8
"1048","DE","00-04",2024-11-28,2024-12-08,2,"quantile",0.75,235520.05
"1049","DE","00-04",2024-11-28,2024-12-08,2,"quantile",0.9,286096.75
"1050","DE","00-04",2024-11-28,2024-12-08,2,"quantile",0.975,350290.8025
"1051","DE","00-04",2024-11-28,2024-12-15,3,"quantile",0.025,84621.28
"1052","DE","00-04",2024-11-28,2024-12-15,3,"quantile",0.1,113749.48
"1053","DE","00-04",2024-11-28,2024-12-15,3,"quantile",0.25,145397.45
"1054","DE","00-04",2024-11-28,2024-12-15,3,"quantile",0.5,187076.4
"1055","DE","00-04",2024-11-28,2024-12-15,3,"quantile",0.75,236310.825
"1056","DE","00-04",2024-11-28,2024-12-15,3,"quantile",0.9,287316.25
"1057","DE","00-04",2024-11-28,2024-12-15,3,"quantile",0.975,352045.145
"1058","DE","00-04",2024-11-28,2024-12-22,4,"quantile",0.025,84425.41
"1059","DE","00-04",2024-11-28,2024-12-22,4,"quantile",0.1,113694.82
"1060","DE","00-04",2024-11-28,2024-12-22,4,"quantile",0.25,145572.25
"1061","DE","00-04",2024-11-28,2024-12-22,4,"quantile",0.5,187484.9
"1062","DE","00-04",2024-11-28,2024-12-22,4,"quantile",0.75,236733
"1063","DE","00-04",2024-11-28,2024-12-22,4,"quantile",0.9,288175.33
"1064","DE","00-04",2024-11-28,2024-12-22,4,"quantile",0.975,353589.11
"1065","DE","05-14",2024-11-28,2024-12-01,1,"quantile",0.025,53102.1675
"1066","DE","05-14",2024-11-28,2024-12-01,1,"quantile",0.1,75858
"1067","DE","05-14",2024-11-28,2024-12-01,1,"quantile",0.25,101366.375
"1068","DE","05-14",2024-11-28,2024-12-01,1,"quantile",0.5,136233.9
"1069","DE","05-14",2024-11-28,2024-12-01,1,"quantile",0.75,178105.875
"1070","DE","05-14",2024-11-28,2024-12-01,1,"quantile",0.9,222277.29
"1071","DE","05-14",2024-11-28,2024-12-01,1,"quantile",0.975,279859.47
"1072","DE","05-14",2024-11-28,2024-12-08,2,"quantile",0.025,53449.5225
"1073","DE","05-14",2024-11-28,2024-12-08,2,"quantile",0.1,76452.63
"1074","DE","05-14",2024-11-28,2024-12-08,2,"quantile",0.25,102231.45
"1075","DE","05-14",2024-11-28,2024-12-08,2,"quantile",0.5,137215.1
"1076","DE","05-14",2024-11-28,2024-12-08,2,"quantile",0.75,179581
"1077","DE","05-14",2024-11-28,2024-12-08,2,"quantile",0.9,224880.69
"1078","DE","05-14",2024-11-28,2024-12-08,2,"quantile",0.975,283158.4075
"1079","DE","05-14",2024-11-28,2024-12-15,3,"quantile",0.025,52983.45
"1080","DE","05-14",2024-11-28,2024-12-15,3,"quantile",0.1,75854.87
"1081","DE","05-14",2024-11-28,2024-12-15,3,"quantile",0.25,101397.25
"1082","DE","05-14",2024-11-28,2024-12-15,3,"quantile",0.5,136214.5
"1083","DE","05-14",2024-11-28,2024-12-15,3,"quantile",0.75,178215.475
"1084","DE","05-14",2024-11-28,2024-12-15,3,"quantile",0.9,222781.69
"1085","DE","05-14",2024-11-28,2024-12-15,3,"quantile",0.975,280792.7725
"1086","DE","05-14",2024-11-28,2024-12-22,4,"quantile",0.025,52778.85
"1087","DE","05-14",2024-11-28,2024-12-22,4,"quantile",0.1,75894.23
"1088","DE","05-14",2024-11-28,2024-12-22,4,"quantile",0.25,101878.5
"1089","DE","05-14",2024-11-28,2024-12-22,4,"quantile",0.5,137088.05
"1090","DE","05-14",2024-11-28,2024-12-22,4,"quantile",0.75,179792.05
"1091","DE","05-14",2024-11-28,2024-12-22,4,"quantile",0.9,224728.31
"1092","DE","05-14",2024-11-28,2024-12-22,4,"quantile",0.975,282881.71
"1093","DE","15-34",2024-11-28,2024-12-01,1,"quantile",0.025,149033.8275
"1094","DE","15-34",2024-11-28,2024-12-01,1,"quantile",0.1,200130.49
"1095","DE","15-34",2024-11-28,2024-12-01,1,"quantile",0.25,254852.675
"1096","DE","15-34",2024-11-28,2024-12-01,1,"quantile",0.5,327027.2
"1097","DE","15-34",2024-11-28,2024-12-01,1,"quantile",0.75,412244.7
"1098","DE","15-34",2024-11-28,2024-12-01,1,"quantile",0.9,499996.77
"1099","DE","15-34",2024-11-28,2024-12-01,1,"quantile",0.975,613683.0325
"1100","DE","15-34",2024-11-28,2024-12-08,2,"quantile",0.025,150802.73
"1101","DE","15-34",2024-11-28,2024-12-08,2,"quantile",0.1,201602.96
"1102","DE","15-34",2024-11-28,2024-12-08,2,"quantile",0.25,257078.225
"1103","DE","15-34",2024-11-28,2024-12-08,2,"quantile",0.5,329896.6
"1104","DE","15-34",2024-11-28,2024-12-08,2,"quantile",0.75,415912.825
"1105","DE","15-34",2024-11-28,2024-12-08,2,"quantile",0.9,504639.58
"1106","DE","15-34",2024-11-28,2024-12-08,2,"quantile",0.975,618094.29
"1107","DE","15-34",2024-11-28,2024-12-15,3,"quantile",0.025,147001.7175
"1108","DE","15-34",2024-11-28,2024-12-15,3,"quantile",0.1,198325.26
"1109","DE","15-34",2024-11-28,2024-12-15,3,"quantile",0.25,253086.525
"1110","DE","15-34",2024-11-28,2024-12-15,3,"quantile",0.5,325522.55
"1111","DE","15-34",2024-11-28,2024-12-15,3,"quantile",0.75,411246.9
"1112","DE","15-34",2024-11-28,2024-12-15,3,"quantile",0.9,499929.03
"1113","DE","15-34",2024-11-28,2024-12-15,3,"quantile",0.975,613039.82
"1114","DE","15-34",2024-11-28,2024-12-22,4,"quantile",0.025,150377.065
"1115","DE","15-34",2024-11-28,2024-12-22,4,"quantile",0.1,202405.9
"1116","DE","15-34",2024-11-28,2024-12-22,4,"quantile",0.25,258313.7
"1117","DE","15-34",2024-11-28,2024-12-22,4,"quantile",0.5,332106.55
"1118","DE","15-34",2024-11-28,2024-12-22,4,"quantile",0.75,418821.025
"1119","DE","15-34",2024-11-28,2024-12-22,4,"quantile",0.9,508432.43
"1120","DE","15-34",2024-11-28,2024-12-22,4,"quantile",0.975,622922.2475
"1121","DE","35-59",2024-11-28,2024-12-01,1,"quantile",0.025,169473.4425
"1122","DE","35-59",2024-11-28,2024-12-01,1,"quantile",0.1,229981.09
"1123","DE","35-59",2024-11-28,2024-12-01,1,"quantile",0.25,295913.525
"1124","DE","35-59",2024-11-28,2024-12-01,1,"quantile",0.5,383352.15
"1125","DE","35-59",2024-11-28,2024-12-01,1,"quantile",0.75,485943.575
"1126","DE","35-59",2024-11-28,2024-12-01,1,"quantile",0.9,591973.47
"1127","DE","35-59",2024-11-28,2024-12-01,1,"quantile",0.975,728360.2275
"1128","DE","35-59",2024-11-28,2024-12-08,2,"quantile",0.025,172523.77
"1129","DE","35-59",2024-11-28,2024-12-08,2,"quantile",0.1,233034.69
"1130","DE","35-59",2024-11-28,2024-12-08,2,"quantile",0.25,299356.625
"1131","DE","35-59",2024-11-28,2024-12-08,2,"quantile",0.5,386877.25
"1132","DE","35-59",2024-11-28,2024-12-08,2,"quantile",0.75,491148.25
"1133","DE","35-59",2024-11-28,2024-12-08,2,"quantile",0.9,599547.05
"1134","DE","35-59",2024-11-28,2024-12-08,2,"quantile",0.975,736757.4025
"1135","DE","35-59",2024-11-28,2024-12-15,3,"quantile",0.025,169539.4125
"1136","DE","35-59",2024-11-28,2024-12-15,3,"quantile",0.1,229756.1
"1137","DE","35-59",2024-11-28,2024-12-15,3,"quantile",0.25,295203.9
"1138","DE","35-59",2024-11-28,2024-12-15,3,"quantile",0.5,381776.65
"1139","DE","35-59",2024-11-28,2024-12-15,3,"quantile",0.75,484535.775
"1140","DE","35-59",2024-11-28,2024-12-15,3,"quantile",0.9,591526.71
"1141","DE","35-59",2024-11-28,2024-12-15,3,"quantile",0.975,728660.7825
"1142","DE","35-59",2024-11-28,2024-12-22,4,"quantile",0.025,171888.3575
"1143","DE","35-59",2024-11-28,2024-12-22,4,"quantile",0.1,233844.79
"1144","DE","35-59",2024-11-28,2024-12-22,4,"quantile",0.25,301358.075
"1145","DE","35-59",2024-11-28,2024-12-22,4,"quantile",0.5,389765.7
"1146","DE","35-59",2024-11-28,2024-12-22,4,"quantile",0.75,495074.2
"1147","DE","35-59",2024-11-28,2024-12-22,4,"quantile",0.9,604690.57
"1148","DE","35-59",2024-11-28,2024-12-22,4,"quantile",0.975,744724.6475
"1149","DE","60+",2024-11-28,2024-12-01,1,"quantile",0.025,61242.4975
"1150","DE","60+",2024-11-28,2024-12-01,1,"quantile",0.1,81285.34
"1151","DE","60+",2024-11-28,2024-12-01,1,"quantile",0.25,102671.225
"1152","DE","60+",2024-11-28,2024-12-01,1,"quantile",0.5,130638.4
"1153","DE","60+",2024-11-28,2024-12-01,1,"quantile",0.75,163143.8
"1154","DE","60+",2024-11-28,2024-12-01,1,"quantile",0.9,196916.88
"1155","DE","60+",2024-11-28,2024-12-01,1,"quantile",0.975,239655.185
"1156","DE","60+",2024-11-28,2024-12-08,2,"quantile",0.025,61599.5525
"1157","DE","60+",2024-11-28,2024-12-08,2,"quantile",0.1,81712.79
"1158","DE","60+",2024-11-28,2024-12-08,2,"quantile",0.25,103215.45
"1159","DE","60+",2024-11-28,2024-12-08,2,"quantile",0.5,131417.55
"1160","DE","60+",2024-11-28,2024-12-08,2,"quantile",0.75,164318.4
"1161","DE","60+",2024-11-28,2024-12-08,2,"quantile",0.9,198170.19
"1162","DE","60+",2024-11-28,2024-12-08,2,"quantile",0.975,241268.19
"1163","DE","60+",2024-11-28,2024-12-15,3,"quantile",0.025,60606.955
"1164","DE","60+",2024-11-28,2024-12-15,3,"quantile",0.1,80424.31
"1165","DE","60+",2024-11-28,2024-12-15,3,"quantile",0.25,101778.175
"1166","DE","60+",2024-11-28,2024-12-15,3,"quantile",0.5,129739.2
"1167","DE","60+",2024-11-28,2024-12-15,3,"quantile",0.75,162076.925
"1168","DE","60+",2024-11-28,2024-12-15,3,"quantile",0.9,195549.39
"1169","DE","60+",2024-11-28,2024-12-15,3,"quantile",0.975,238260.1275
"1170","DE","60+",2024-11-28,2024-12-22,4,"quantile",0.025,61753.63
"1171","DE","60+",2024-11-28,2024-12-22,4,"quantile",0.1,81984.17
"1172","DE","60+",2024-11-28,2024-12-22,4,"quantile",0.25,103586.025
"1173","DE","60+",2024-11-28,2024-12-22,4,"quantile",0.5,132006.55
"1174","DE","60+",2024-11-28,2024-12-22,4,"quantile",0.75,165225.625
"1175","DE","60+",2024-11-28,2024-12-22,4,"quantile",0.9,199573.91
"1176","DE","60+",2024-11-28,2024-12-22,4,"quantile",0.975,242923.155
"1177","DE","00+",2024-12-05,2024-12-08,1,"quantile",0.025,615322.66
"1178","DE","00+",2024-12-05,2024-12-08,1,"quantile",0.1,795620.69
"1179","DE","00+",2024-12-05,2024-12-08,1,"quantile",0.25,983235.325
"1180","DE","00+",2024-12-05,2024-12-08,1,"quantile",0.5,1226171.9
"1181","DE","00+",2024-12-05,2024-12-08,1,"quantile",0.75,1506633.875
"1182","DE","00+",2024-12-05,2024-12-08,1,"quantile",0.9,1794265.44
"1183","DE","00+",2024-12-05,2024-12-08,1,"quantile",0.975,2156124.565
"1184","DE","00+",2024-12-05,2024-12-15,2,"quantile",0.025,594712.095
"1185","DE","00+",2024-12-05,2024-12-15,2,"quantile",0.1,765077.3
"1186","DE","00+",2024-12-05,2024-12-15,2,"quantile",0.25,945654.25
"1187","DE","00+",2024-12-05,2024-12-15,2,"quantile",0.5,1179711.8
"1188","DE","00+",2024-12-05,2024-12-15,2,"quantile",0.75,1453017.425
"1189","DE","00+",2024-12-05,2024-12-15,2,"quantile",0.9,1730997.92
"1190","DE","00+",2024-12-05,2024-12-15,2,"quantile",0.975,2079573.1325
"1191","DE","00+",2024-12-05,2024-12-22,3,"quantile",0.025,595271.62
"1192","DE","00+",2024-12-05,2024-12-22,3,"quantile",0.1,772016.53
"1193","DE","00+",2024-12-05,2024-12-22,3,"quantile",0.25,958957.2
"1194","DE","00+",2024-12-05,2024-12-22,3,"quantile",0.5,1200592.45
"1195","DE","00+",2024-12-05,2024-12-22,3,"quantile",0.75,1479447.525
"1196","DE","00+",2024-12-05,2024-12-22,3,"quantile",0.9,1764810.9
"1197","DE","00+",2024-12-05,2024-12-22,3,"quantile",0.975,2122580.7275
"1198","DE","00+",2024-12-05,2024-12-29,4,"quantile",0.025,591338.27
"1199","DE","00+",2024-12-05,2024-12-29,4,"quantile",0.1,764501.52
"1200","DE","00+",2024-12-05,2024-12-29,4,"quantile",0.25,947918.825
"1201","DE","00+",2024-12-05,2024-12-29,4,"quantile",0.5,1184504.65
"1202","DE","00+",2024-12-05,2024-12-29,4,"quantile",0.75,1459433.45
"1203","DE","00+",2024-12-05,2024-12-29,4,"quantile",0.9,1737776.67
"1204","DE","00+",2024-12-05,2024-12-29,4,"quantile",0.975,2087641.5825
"1205","DE","00-04",2024-12-05,2024-12-08,1,"quantile",0.025,90980.2875
"1206","DE","00-04",2024-12-05,2024-12-08,1,"quantile",0.1,121821.34
"1207","DE","00-04",2024-12-05,2024-12-08,1,"quantile",0.25,155346.65
"1208","DE","00-04",2024-12-05,2024-12-08,1,"quantile",0.5,199514.05
"1209","DE","00-04",2024-12-05,2024-12-08,1,"quantile",0.75,251425.725
"1210","DE","00-04",2024-12-05,2024-12-08,1,"quantile",0.9,305631.41
"1211","DE","00-04",2024-12-05,2024-12-08,1,"quantile",0.975,374230.225
"1212","DE","00-04",2024-12-05,2024-12-15,2,"quantile",0.025,87219.665
"1213","DE","00-04",2024-12-05,2024-12-15,2,"quantile",0.1,116698.88
"1214","DE","00-04",2024-12-05,2024-12-15,2,"quantile",0.25,148716.125
"1215","DE","00-04",2024-12-05,2024-12-15,2,"quantile",0.5,191077.9
"1216","DE","00-04",2024-12-05,2024-12-15,2,"quantile",0.75,240827.6
"1217","DE","00-04",2024-12-05,2024-12-15,2,"quantile",0.9,292651.79
"1218","DE","00-04",2024-12-05,2024-12-15,2,"quantile",0.975,357663.7775
"1219","DE","00-04",2024-12-05,2024-12-22,3,"quantile",0.025,89168.6925
"1220","DE","00-04",2024-12-05,2024-12-22,3,"quantile",0.1,119295.97
"1221","DE","00-04",2024-12-05,2024-12-22,3,"quantile",0.25,152042.2
"1222","DE","00-04",2024-12-05,2024-12-22,3,"quantile",0.5,195661
"1223","DE","00-04",2024-12-05,2024-12-22,3,"quantile",0.75,246501.3
"1224","DE","00-04",2024-12-05,2024-12-22,3,"quantile",0.9,299125.52
"1225","DE","00-04",2024-12-05,2024-12-22,3,"quantile",0.975,366610.0525
"1226","DE","00-04",2024-12-05,2024-12-29,4,"quantile",0.025,87235.84
"1227","DE","00-04",2024-12-05,2024-12-29,4,"quantile",0.1,117676.11
"1228","DE","00-04",2024-12-05,2024-12-29,4,"quantile",0.25,149904.55
"1229","DE","00-04",2024-12-05,2024-12-29,4,"quantile",0.5,192431.9
"1230","DE","00-04",2024-12-05,2024-12-29,4,"quantile",0.75,242397.425
"1231","DE","00-04",2024-12-05,2024-12-29,4,"quantile",0.9,294408.72
"1232","DE","00-04",2024-12-05,2024-12-29,4,"quantile",0.975,360749.2125
"1233","DE","05-14",2024-12-05,2024-12-08,1,"quantile",0.025,55672.88
"1234","DE","05-14",2024-12-05,2024-12-08,1,"quantile",0.1,79881.91
"1235","DE","05-14",2024-12-05,2024-12-08,1,"quantile",0.25,107079.475
"1236","DE","05-14",2024-12-05,2024-12-08,1,"quantile",0.5,144073.85
"1237","DE","05-14",2024-12-05,2024-12-08,1,"quantile",0.75,189097.425
"1238","DE","05-14",2024-12-05,2024-12-08,1,"quantile",0.9,236596.57
"1239","DE","05-14",2024-12-05,2024-12-08,1,"quantile",0.975,297914.2675
"1240","DE","05-14",2024-12-05,2024-12-15,2,"quantile",0.025,53121.5275
"1241","DE","05-14",2024-12-05,2024-12-15,2,"quantile",0.1,76130.03
"1242","DE","05-14",2024-12-05,2024-12-15,2,"quantile",0.25,102132.1
"1243","DE","05-14",2024-12-05,2024-12-15,2,"quantile",0.5,137759.75
"1244","DE","05-14",2024-12-05,2024-12-15,2,"quantile",0.75,180831.475
"1245","DE","05-14",2024-12-05,2024-12-15,2,"quantile",0.9,226401.06
"1246","DE","05-14",2024-12-05,2024-12-15,2,"quantile",0.975,285453.155
"1247","DE","05-14",2024-12-05,2024-12-22,3,"quantile",0.025,54398.8525
"1248","DE","05-14",2024-12-05,2024-12-22,3,"quantile",0.1,77730.45
"1249","DE","05-14",2024-12-05,2024-12-22,3,"quantile",0.25,104254.05
"1250","DE","05-14",2024-12-05,2024-12-22,3,"quantile",0.5,140726.05
"1251","DE","05-14",2024-12-05,2024-12-22,3,"quantile",0.75,184556.125
"1252","DE","05-14",2024-12-05,2024-12-22,3,"quantile",0.9,231271.01
"1253","DE","05-14",2024-12-05,2024-12-22,3,"quantile",0.975,291971.6075
"1254","DE","05-14",2024-12-05,2024-12-29,4,"quantile",0.025,52939.9175
"1255","DE","05-14",2024-12-05,2024-12-29,4,"quantile",0.1,76011.49
"1256","DE","05-14",2024-12-05,2024-12-29,4,"quantile",0.25,102107.1
"1257","DE","05-14",2024-12-05,2024-12-29,4,"quantile",0.5,137776.65
"1258","DE","05-14",2024-12-05,2024-12-29,4,"quantile",0.75,181035.475
"1259","DE","05-14",2024-12-05,2024-12-29,4,"quantile",0.9,227049.05
"1260","DE","05-14",2024-12-05,2024-12-29,4,"quantile",0.975,286301.02
"1261","DE","15-34",2024-12-05,2024-12-08,1,"quantile",0.025,162479.5175
"1262","DE","15-34",2024-12-05,2024-12-08,1,"quantile",0.1,216845.42
"1263","DE","15-34",2024-12-05,2024-12-08,1,"quantile",0.25,275404.35
"1264","DE","15-34",2024-12-05,2024-12-08,1,"quantile",0.5,352400.35
"1265","DE","15-34",2024-12-05,2024-12-08,1,"quantile",0.75,442858.225
"1266","DE","15-34",2024-12-05,2024-12-08,1,"quantile",0.9,537007.79
"1267","DE","15-34",2024-12-05,2024-12-08,1,"quantile",0.975,656699.965
"1268","DE","15-34",2024-12-05,2024-12-15,2,"quantile",0.025,153433.645
"1269","DE","15-34",2024-12-05,2024-12-15,2,"quantile",0.1,205263.74
"1270","DE","15-34",2024-12-05,2024-12-15,2,"quantile",0.25,261407.275
"1271","DE","15-34",2024-12-05,2024-12-15,2,"quantile",0.5,335161
"1272","DE","15-34",2024-12-05,2024-12-15,2,"quantile",0.75,422484.675
"1273","DE","15-34",2024-12-05,2024-12-15,2,"quantile",0.9,512722.06
"1274","DE","15-34",2024-12-05,2024-12-15,2,"quantile",0.975,627518.8675
"1275","DE","15-34",2024-12-05,2024-12-22,3,"quantile",0.025,157177.23
"1276","DE","15-34",2024-12-05,2024-12-22,3,"quantile",0.1,210292.83
"1277","DE","15-34",2024-12-05,2024-12-22,3,"quantile",0.25,268137.55
"1278","DE","15-34",2024-12-05,2024-12-22,3,"quantile",0.5,344290.2
"1279","DE","15-34",2024-12-05,2024-12-22,3,"quantile",0.75,434517.125
"1280","DE","15-34",2024-12-05,2024-12-22,3,"quantile",0.9,527663.34
"1281","DE","15-34",2024-12-05,2024-12-22,3,"quantile",0.975,646804.2525
"1282","DE","15-34",2024-12-05,2024-12-29,4,"quantile",0.025,154147.5525
"1283","DE","15-34",2024-12-05,2024-12-29,4,"quantile",0.1,207044.19
"1284","DE","15-34",2024-12-05,2024-12-29,4,"quantile",0.25,264242.825
"1285","DE","15-34",2024-12-05,2024-12-29,4,"quantile",0.5,338959.45
"1286","DE","15-34",2024-12-05,2024-12-29,4,"quantile",0.75,427142.9
"1287","DE","15-34",2024-12-05,2024-12-29,4,"quantile",0.9,519272.42
"1288","DE","15-34",2024-12-05,2024-12-29,4,"quantile",0.975,636348.8625
"1289","DE","35-59",2024-12-05,2024-12-08,1,"quantile",0.025,183971.83
"1290","DE","35-59",2024-12-05,2024-12-08,1,"quantile",0.1,246698.53
"1291","DE","35-59",2024-12-05,2024-12-08,1,"quantile",0.25,314262.325
"1292","DE","35-59",2024-12-05,2024-12-08,1,"quantile",0.5,402839.55
"1293","DE","35-59",2024-12-05,2024-12-08,1,"quantile",0.75,507911.025
"1294","DE","35-59",2024-12-05,2024-12-08,1,"quantile",0.9,617254.95
"1295","DE","35-59",2024-12-05,2024-12-08,1,"quantile",0.975,755175.85
"1296","DE","35-59",2024-12-05,2024-12-15,2,"quantile",0.025,172757.6925
"1297","DE","35-59",2024-12-05,2024-12-15,2,"quantile",0.1,231114.05
"1298","DE","35-59",2024-12-05,2024-12-15,2,"quantile",0.25,295110.325
"1299","DE","35-59",2024-12-05,2024-12-15,2,"quantile",0.5,379183.8
"1300","DE","35-59",2024-12-05,2024-12-15,2,"quantile",0.75,478648.475
"1301","DE","35-59",2024-12-05,2024-12-15,2,"quantile",0.9,582517.79
"1302","DE","35-59",2024-12-05,2024-12-15,2,"quantile",0.975,715499.6425
"1303","DE","35-59",2024-12-05,2024-12-22,3,"quantile",0.025,176150.745
"1304","DE","35-59",2024-12-05,2024-12-22,3,"quantile",0.1,237604.2
"1305","DE","35-59",2024-12-05,2024-12-22,3,"quantile",0.25,303602.375
"1306","DE","35-59",2024-12-05,2024-12-22,3,"quantile",0.5,390243.45
"1307","DE","35-59",2024-12-05,2024-12-22,3,"quantile",0.75,493552.325
"1308","DE","35-59",2024-12-05,2024-12-22,3,"quantile",0.9,599841.69
"1309","DE","35-59",2024-12-05,2024-12-22,3,"quantile",0.975,734227.385
"1310","DE","35-59",2024-12-05,2024-12-29,4,"quantile",0.025,172997.4375
"1311","DE","35-59",2024-12-05,2024-12-29,4,"quantile",0.1,232633.99
"1312","DE","35-59",2024-12-05,2024-12-29,4,"quantile",0.25,297057.025
"1313","DE","35-59",2024-12-05,2024-12-29,4,"quantile",0.5,382678.2
"1314","DE","35-59",2024-12-05,2024-12-29,4,"quantile",0.75,483813.9
"1315","DE","35-59",2024-12-05,2024-12-29,4,"quantile",0.9,588672.73
"1316","DE","35-59",2024-12-05,2024-12-29,4,"quantile",0.975,721931.48
"1317","DE","60+",2024-12-05,2024-12-08,1,"quantile",0.025,66585.83
"1318","DE","60+",2024-12-05,2024-12-08,1,"quantile",0.1,88012.63
"1319","DE","60+",2024-12-05,2024-12-08,1,"quantile",0.25,111014.425
"1320","DE","60+",2024-12-05,2024-12-08,1,"quantile",0.5,141175.9
"1321","DE","60+",2024-12-05,2024-12-08,1,"quantile",0.75,176528.575
"1322","DE","60+",2024-12-05,2024-12-08,1,"quantile",0.9,212784.12
"1323","DE","60+",2024-12-05,2024-12-08,1,"quantile",0.975,258834.795
"1324","DE","60+",2024-12-05,2024-12-15,2,"quantile",0.025,61391.945
"1325","DE","60+",2024-12-05,2024-12-15,2,"quantile",0.1,81215.7
"1326","DE","60+",2024-12-05,2024-12-15,2,"quantile",0.25,102762.85
"1327","DE","60+",2024-12-05,2024-12-15,2,"quantile",0.5,131219.35
"1328","DE","60+",2024-12-05,2024-12-15,2,"quantile",0.75,164365.15
"1329","DE","60+",2024-12-05,2024-12-15,2,"quantile",0.9,198575.85
"1330","DE","60+",2024-12-05,2024-12-15,2,"quantile",0.975,241751.5825
"1331","DE","60+",2024-12-05,2024-12-22,3,"quantile",0.025,63484.77
"1332","DE","60+",2024-12-05,2024-12-22,3,"quantile",0.1,84378.38
"1333","DE","60+",2024-12-05,2024-12-22,3,"quantile",0.25,106664.275
"1334","DE","60+",2024-12-05,2024-12-22,3,"quantile",0.5,135967.85
"1335","DE","60+",2024-12-05,2024-12-22,3,"quantile",0.75,170284.4
"1336","DE","60+",2024-12-05,2024-12-22,3,"quantile",0.9,205489.86
"1337","DE","60+",2024-12-05,2024-12-22,3,"quantile",0.975,250315.1475
"1338","DE","60+",2024-12-05,2024-12-29,4,"quantile",0.025,61682.4775
"1339","DE","60+",2024-12-05,2024-12-29,4,"quantile",0.1,81935.34
"1340","DE","60+",2024-12-05,2024-12-29,4,"quantile",0.25,103783.175
"1341","DE","60+",2024-12-05,2024-12-29,4,"quantile",0.5,132533.1
"1342","DE","60+",2024-12-05,2024-12-29,4,"quantile",0.75,166098.025
"1343","DE","60+",2024-12-05,2024-12-29,4,"quantile",0.9,200840.33
"1344","DE","60+",2024-12-05,2024-12-29,4,"quantile",0.975,244696.6075
"1345","DE","00+",2024-12-12,2024-12-15,1,"quantile",0.025,500689.5775
"1346","DE","00+",2024-12-12,2024-12-15,1,"quantile",0.1,652104.4
"1347","DE","00+",2024-12-12,2024-12-15,1,"quantile",0.25,813088.7
"1348","DE","00+",2024-12-12,2024-12-15,1,"quantile",0.5,1022416.3
"1349","DE","00+",2024-12-12,2024-12-15,1,"quantile",0.75,1266424.65
"1350","DE","00+",2024-12-12,2024-12-15,1,"quantile",0.9,1515049.59
"1351","DE","00+",2024-12-12,2024-12-15,1,"quantile",0.975,1830014.875
"1352","DE","00+",2024-12-12,2024-12-22,2,"quantile",0.025,462290.3725
"1353","DE","00+",2024-12-12,2024-12-22,2,"quantile",0.1,605834.79
"1354","DE","00+",2024-12-12,2024-12-22,2,"quantile",0.25,758281.275
"1355","DE","00+",2024-12-12,2024-12-22,2,"quantile",0.5,957439.25
"1356","DE","00+",2024-12-12,2024-12-22,2,"quantile",0.75,1188463.625
"1357","DE","00+",2024-12-12,2024-12-22,2,"quantile",0.9,1426979.03
"1358","DE","00+",2024-12-12,2024-12-22,2,"quantile",0.975,1726929.5625
"1359","DE","00+",2024-12-12,2024-12-29,3,"quantile",0.025,458445.37
"1360","DE","00+",2024-12-12,2024-12-29,3,"quantile",0.1,603831.82
"1361","DE","00+",2024-12-12,2024-12-29,3,"quantile",0.25,759180.775
"1362","DE","00+",2024-12-12,2024-12-29,3,"quantile",0.5,959389.25
"1363","DE","00+",2024-12-12,2024-12-29,3,"quantile",0.75,1193900
"1364","DE","00+",2024-12-12,2024-12-29,3,"quantile",0.9,1435214.85
"1365","DE","00+",2024-12-12,2024-12-29,3,"quantile",0.975,1741094.1075
"1366","DE","00+",2024-12-12,2025-01-05,4,"quantile",0.025,381264.9525
"1367","DE","00+",2024-12-12,2025-01-05,4,"quantile",0.1,503583.51
"1368","DE","00+",2024-12-12,2025-01-05,4,"quantile",0.25,633759.7
"1369","DE","00+",2024-12-12,2025-01-05,4,"quantile",0.5,803993.2
"1370","DE","00+",2024-12-12,2025-01-05,4,"quantile",0.75,1001268.925
"1371","DE","00+",2024-12-12,2025-01-05,4,"quantile",0.9,1205102.28
"1372","DE","00+",2024-12-12,2025-01-05,4,"quantile",0.975,1462171.6675
"1373","DE","00-04",2024-12-12,2024-12-15,1,"quantile",0.025,74996.865
"1374","DE","00-04",2024-12-12,2024-12-15,1,"quantile",0.1,100964.28
"1375","DE","00-04",2024-12-12,2024-12-15,1,"quantile",0.25,129245.45
"1376","DE","00-04",2024-12-12,2024-12-15,1,"quantile",0.5,166321.4
"1377","DE","00-04",2024-12-12,2024-12-15,1,"quantile",0.75,210156.825
"1378","DE","00-04",2024-12-12,2024-12-15,1,"quantile",0.9,255705.5
"1379","DE","00-04",2024-12-12,2024-12-15,1,"quantile",0.975,313665.6725
"1380","DE","00-04",2024-12-12,2024-12-22,2,"quantile",0.025,71152.945
"1381","DE","00-04",2024-12-12,2024-12-22,2,"quantile",0.1,96199.66
"1382","DE","00-04",2024-12-12,2024-12-22,2,"quantile",0.25,123413.25
"1383","DE","00-04",2024-12-12,2024-12-22,2,"quantile",0.5,159089.25
"1384","DE","00-04",2024-12-12,2024-12-22,2,"quantile",0.75,201068.65
"1385","DE","00-04",2024-12-12,2024-12-22,2,"quantile",0.9,244630.1
"1386","DE","00-04",2024-12-12,2024-12-22,2,"quantile",0.975,300804.5025
"1387","DE","00-04",2024-12-12,2024-12-29,3,"quantile",0.025,70412.6175
"1388","DE","00-04",2024-12-12,2024-12-29,3,"quantile",0.1,95550.77
"1389","DE","00-04",2024-12-12,2024-12-29,3,"quantile",0.25,122556.825
"1390","DE","00-04",2024-12-12,2024-12-29,3,"quantile",0.5,158574.55
"1391","DE","00-04",2024-12-12,2024-12-29,3,"quantile",0.75,200949.825
"1392","DE","00-04",2024-12-12,2024-12-29,3,"quantile",0.9,244990.92
"1393","DE","00-04",2024-12-12,2024-12-29,3,"quantile",0.975,300969.9575
"1394","DE","00-04",2024-12-12,2025-01-05,4,"quantile",0.025,60337.945
"1395","DE","00-04",2024-12-12,2025-01-05,4,"quantile",0.1,81974.43
"1396","DE","00-04",2024-12-12,2025-01-05,4,"quantile",0.25,105635.85
"1397","DE","00-04",2024-12-12,2025-01-05,4,"quantile",0.5,136828.4
"1398","DE","00-04",2024-12-12,2025-01-05,4,"quantile",0.75,173849.375
"1399","DE","00-04",2024-12-12,2025-01-05,4,"quantile",0.9,212433.34
"1400","DE","00-04",2024-12-12,2025-01-05,4,"quantile",0.975,261221.795
"1401","DE","05-14",2024-12-12,2024-12-15,1,"quantile",0.025,46697.2475
"1402","DE","05-14",2024-12-12,2024-12-15,1,"quantile",0.1,66847.47
"1403","DE","05-14",2024-12-12,2024-12-15,1,"quantile",0.25,89641.275
"1404","DE","05-14",2024-12-12,2024-12-15,1,"quantile",0.5,120599.55
"1405","DE","05-14",2024-12-12,2024-12-15,1,"quantile",0.75,158024.3
"1406","DE","05-14",2024-12-12,2024-12-15,1,"quantile",0.9,197695.56
"1407","DE","05-14",2024-12-12,2024-12-15,1,"quantile",0.975,249219.3375
"1408","DE","05-14",2024-12-12,2024-12-22,2,"quantile",0.025,43898.2125
"1409","DE","05-14",2024-12-12,2024-12-22,2,"quantile",0.1,63154.55
"1410","DE","05-14",2024-12-12,2024-12-22,2,"quantile",0.25,84675.175
"1411","DE","05-14",2024-12-12,2024-12-22,2,"quantile",0.5,114222.85
"1412","DE","05-14",2024-12-12,2024-12-22,2,"quantile",0.75,149890.525
"1413","DE","05-14",2024-12-12,2024-12-22,2,"quantile",0.9,187654.63
"1414","DE","05-14",2024-12-12,2024-12-22,2,"quantile",0.975,236574.5475
"1415","DE","05-14",2024-12-12,2024-12-29,3,"quantile",0.025,43826.5725
"1416","DE","05-14",2024-12-12,2024-12-29,3,"quantile",0.1,63038.25
"1417","DE","05-14",2024-12-12,2024-12-29,3,"quantile",0.25,84616.725
"1418","DE","05-14",2024-12-12,2024-12-29,3,"quantile",0.5,114147.8
"1419","DE","05-14",2024-12-12,2024-12-29,3,"quantile",0.75,149892.375
"1420","DE","05-14",2024-12-12,2024-12-29,3,"quantile",0.9,187985.66
"1421","DE","05-14",2024-12-12,2024-12-29,3,"quantile",0.975,237329.89
"1422","DE","05-14",2024-12-12,2025-01-05,4,"quantile",0.025,37530.9475
"1423","DE","05-14",2024-12-12,2025-01-05,4,"quantile",0.1,54351.51
"1424","DE","05-14",2024-12-12,2025-01-05,4,"quantile",0.25,73358.375
"1425","DE","05-14",2024-12-12,2025-01-05,4,"quantile",0.5,99423.2
"1426","DE","05-14",2024-12-12,2025-01-05,4,"quantile",0.75,131098.2
"1427","DE","05-14",2024-12-12,2025-01-05,4,"quantile",0.9,164671.26
"1428","DE","05-14",2024-12-12,2025-01-05,4,"quantile",0.975,208515.215
"1429","DE","15-34",2024-12-12,2024-12-15,1,"quantile",0.025,126926.1175
"1430","DE","15-34",2024-12-12,2024-12-15,1,"quantile",0.1,171732.26
"1431","DE","15-34",2024-12-12,2024-12-15,1,"quantile",0.25,219653.55
"1432","DE","15-34",2024-12-12,2024-12-15,1,"quantile",0.5,283187.75
"1433","DE","15-34",2024-12-12,2024-12-15,1,"quantile",0.75,358452.5
"1434","DE","15-34",2024-12-12,2024-12-15,1,"quantile",0.9,436104.93
"1435","DE","15-34",2024-12-12,2024-12-15,1,"quantile",0.975,535868.6325
"1436","DE","15-34",2024-12-12,2024-12-22,2,"quantile",0.025,118657.2325
"1437","DE","15-34",2024-12-12,2024-12-22,2,"quantile",0.1,160976.01
"1438","DE","15-34",2024-12-12,2024-12-22,2,"quantile",0.25,206843.95
"1439","DE","15-34",2024-12-12,2024-12-22,2,"quantile",0.5,267369
"1440","DE","15-34",2024-12-12,2024-12-22,2,"quantile",0.75,338577.55
"1441","DE","15-34",2024-12-12,2024-12-22,2,"quantile",0.9,412785.21
"1442","DE","15-34",2024-12-12,2024-12-22,2,"quantile",0.975,508366.0675
"1443","DE","15-34",2024-12-12,2024-12-29,3,"quantile",0.025,118511.5125
"1444","DE","15-34",2024-12-12,2024-12-29,3,"quantile",0.1,160798.4
"1445","DE","15-34",2024-12-12,2024-12-29,3,"quantile",0.25,207005.425
"1446","DE","15-34",2024-12-12,2024-12-29,3,"quantile",0.5,268097.55
"1447","DE","15-34",2024-12-12,2024-12-29,3,"quantile",0.75,340156.075
"1448","DE","15-34",2024-12-12,2024-12-29,3,"quantile",0.9,415355.11
"1449","DE","15-34",2024-12-12,2024-12-29,3,"quantile",0.975,511375.4175
"1450","DE","15-34",2024-12-12,2025-01-05,4,"quantile",0.025,100395.5475
"1451","DE","15-34",2024-12-12,2025-01-05,4,"quantile",0.1,136616.83
"1452","DE","15-34",2024-12-12,2025-01-05,4,"quantile",0.25,176208.35
"1453","DE","15-34",2024-12-12,2025-01-05,4,"quantile",0.5,228641.3
"1454","DE","15-34",2024-12-12,2025-01-05,4,"quantile",0.75,290822.8
"1455","DE","15-34",2024-12-12,2025-01-05,4,"quantile",0.9,355822.75
"1456","DE","15-34",2024-12-12,2025-01-05,4,"quantile",0.975,438434.895
"1457","DE","35-59",2024-12-12,2024-12-15,1,"quantile",0.025,150813.17
"1458","DE","35-59",2024-12-12,2024-12-15,1,"quantile",0.1,205044.24
"1459","DE","35-59",2024-12-12,2024-12-15,1,"quantile",0.25,263291.825
"1460","DE","35-59",2024-12-12,2024-12-15,1,"quantile",0.5,341020.4
"1461","DE","35-59",2024-12-12,2024-12-15,1,"quantile",0.75,432414.575
"1462","DE","35-59",2024-12-12,2024-12-15,1,"quantile",0.9,527523.32
"1463","DE","35-59",2024-12-12,2024-12-15,1,"quantile",0.975,649262.725
"1464","DE","35-59",2024-12-12,2024-12-22,2,"quantile",0.025,138926.7075
"1465","DE","35-59",2024-12-12,2024-12-22,2,"quantile",0.1,188851.98
"1466","DE","35-59",2024-12-12,2024-12-22,2,"quantile",0.25,243182.875
"1467","DE","35-59",2024-12-12,2024-12-22,2,"quantile",0.5,315584.45
"1468","DE","35-59",2024-12-12,2024-12-22,2,"quantile",0.75,401596.85
"1469","DE","35-59",2024-12-12,2024-12-22,2,"quantile",0.9,490949.74
"1470","DE","35-59",2024-12-12,2024-12-22,2,"quantile",0.975,605263.2075
"1471","DE","35-59",2024-12-12,2024-12-29,3,"quantile",0.025,138244.4075
"1472","DE","35-59",2024-12-12,2024-12-29,3,"quantile",0.1,188949.58
"1473","DE","35-59",2024-12-12,2024-12-29,3,"quantile",0.25,244332.95
"1474","DE","35-59",2024-12-12,2024-12-29,3,"quantile",0.5,317577.2
"1475","DE","35-59",2024-12-12,2024-12-29,3,"quantile",0.75,405049.125
"1476","DE","35-59",2024-12-12,2024-12-29,3,"quantile",0.9,496419.3
"1477","DE","35-59",2024-12-12,2024-12-29,3,"quantile",0.975,613902.835
"1478","DE","35-59",2024-12-12,2025-01-05,4,"quantile",0.025,120682.77
"1479","DE","35-59",2024-12-12,2025-01-05,4,"quantile",0.1,165405.45
"1480","DE","35-59",2024-12-12,2025-01-05,4,"quantile",0.25,214125.1
"1481","DE","35-59",2024-12-12,2025-01-05,4,"quantile",0.5,279437.45
"1482","DE","35-59",2024-12-12,2025-01-05,4,"quantile",0.75,356528.625
"1483","DE","35-59",2024-12-12,2025-01-05,4,"quantile",0.9,436519.22
"1484","DE","35-59",2024-12-12,2025-01-05,4,"quantile",0.975,539214.5825
"1485","DE","60+",2024-12-12,2024-12-15,1,"quantile",0.025,54782.96
"1486","DE","60+",2024-12-12,2024-12-15,1,"quantile",0.1,73176.74
"1487","DE","60+",2024-12-12,2024-12-15,1,"quantile",0.25,92904.125
"1488","DE","60+",2024-12-12,2024-12-15,1,"quantile",0.5,118800.15
"1489","DE","60+",2024-12-12,2024-12-15,1,"quantile",0.75,148936.05
"1490","DE","60+",2024-12-12,2024-12-15,1,"quantile",0.9,180430.68
"1491","DE","60+",2024-12-12,2024-12-15,1,"quantile",0.975,220226.43
"1492","DE","60+",2024-12-12,2024-12-22,2,"quantile",0.025,50528.8825
"1493","DE","60+",2024-12-12,2024-12-22,2,"quantile",0.1,67658.47
"1494","DE","60+",2024-12-12,2024-12-22,2,"quantile",0.25,86126.575
"1495","DE","60+",2024-12-12,2024-12-22,2,"quantile",0.5,110548.25
"1496","DE","60+",2024-12-12,2024-12-22,2,"quantile",0.75,139038
"1497","DE","60+",2024-12-12,2024-12-22,2,"quantile",0.9,168761.32
"1498","DE","60+",2024-12-12,2024-12-22,2,"quantile",0.975,206324.3475
"1499","DE","60+",2024-12-12,2024-12-29,3,"quantile",0.025,50669.43
"1500","DE","60+",2024-12-12,2024-12-29,3,"quantile",0.1,67890.61
"1501","DE","60+",2024-12-12,2024-12-29,3,"quantile",0.25,86528.725
"1502","DE","60+",2024-12-12,2024-12-29,3,"quantile",0.5,111030.5
"1503","DE","60+",2024-12-12,2024-12-29,3,"quantile",0.75,139629.875
"1504","DE","60+",2024-12-12,2024-12-29,3,"quantile",0.9,169408.17
"1505","DE","60+",2024-12-12,2024-12-29,3,"quantile",0.975,207563.3875
"1506","DE","60+",2024-12-12,2025-01-05,4,"quantile",0.025,46731.4275
"1507","DE","60+",2024-12-12,2025-01-05,4,"quantile",0.1,62842
"1508","DE","60+",2024-12-12,2025-01-05,4,"quantile",0.25,80112.5
"1509","DE","60+",2024-12-12,2025-01-05,4,"quantile",0.5,102634
"1510","DE","60+",2024-12-12,2025-01-05,4,"quantile",0.75,129375.275
"1511","DE","60+",2024-12-12,2025-01-05,4,"quantile",0.9,157052.83
"1512","DE","60+",2024-12-12,2025-01-05,4,"quantile",0.975,192095.8575
"1513","DE","00+",2024-12-19,2024-12-22,1,"quantile",0.025,540356.7125
"1514","DE","00+",2024-12-19,2024-12-22,1,"quantile",0.1,707461.27
"1515","DE","00+",2024-12-19,2024-12-22,1,"quantile",0.25,883219.825
"1516","DE","00+",2024-12-19,2024-12-22,1,"quantile",0.5,1111842.1
"1517","DE","00+",2024-12-19,2024-12-22,1,"quantile",0.75,1377431.85
"1518","DE","00+",2024-12-19,2024-12-22,1,"quantile",0.9,1648602.49
"1519","DE","00+",2024-12-19,2024-12-22,1,"quantile",0.975,1988781.4075
"1520","DE","00+",2024-12-19,2024-12-29,2,"quantile",0.025,530723.7925
"1521","DE","00+",2024-12-19,2024-12-29,2,"quantile",0.1,694580.74
"1522","DE","00+",2024-12-19,2024-12-29,2,"quantile",0.25,869208.625
"1523","DE","00+",2024-12-19,2024-12-29,2,"quantile",0.5,1097210.7
"1524","DE","00+",2024-12-19,2024-12-29,2,"quantile",0.75,1359941.6
"1525","DE","00+",2024-12-19,2024-12-29,2,"quantile",0.9,1629516.51
"1526","DE","00+",2024-12-19,2024-12-29,2,"quantile",0.975,1972396.6225
"1527","DE","00+",2024-12-19,2025-01-05,3,"quantile",0.025,468902.36
"1528","DE","00+",2024-12-19,2025-01-05,3,"quantile",0.1,615128.04
"1529","DE","00+",2024-12-19,2025-01-05,3,"quantile",0.25,770648.075
"1530","DE","00+",2024-12-19,2025-01-05,3,"quantile",0.5,971109.55
"1531","DE","00+",2024-12-19,2025-01-05,3,"quantile",0.75,1205171.55
"1532","DE","00+",2024-12-19,2025-01-05,3,"quantile",0.9,1445615.57
"1533","DE","00+",2024-12-19,2025-01-05,3,"quantile",0.975,1750534.6625
"1534","DE","00+",2024-12-19,2025-01-12,4,"quantile",0.025,482724.74
"1535","DE","00+",2024-12-19,2025-01-12,4,"quantile",0.1,631229.14
"1536","DE","00+",2024-12-19,2025-01-12,4,"quantile",0.25,788950.975
"1537","DE","00+",2024-12-19,2025-01-12,4,"quantile",0.5,995047.9
"1538","DE","00+",2024-12-19,2025-01-12,4,"quantile",0.75,1234574.975
"1539","DE","00+",2024-12-19,2025-01-12,4,"quantile",0.9,1479896.08
"1540","DE","00+",2024-12-19,2025-01-12,4,"quantile",0.975,1788999.5125
"1541","DE","00-04",2024-12-19,2024-12-22,1,"quantile",0.025,83670.28
"1542","DE","00-04",2024-12-19,2024-12-22,1,"quantile",0.1,111544.12
"1543","DE","00-04",2024-12-19,2024-12-22,1,"quantile",0.25,141488.675
"1544","DE","00-04",2024-12-19,2024-12-22,1,"quantile",0.5,181094.4
"1545","DE","00-04",2024-12-19,2024-12-22,1,"quantile",0.75,227679.95
"1546","DE","00-04",2024-12-19,2024-12-22,1,"quantile",0.9,275524
"1547","DE","00-04",2024-12-19,2024-12-22,1,"quantile",0.975,336274.4625
"1548","DE","00-04",2024-12-19,2024-12-29,2,"quantile",0.025,82494.5975
"1549","DE","00-04",2024-12-19,2024-12-29,2,"quantile",0.1,110374.76
"1550","DE","00-04",2024-12-19,2024-12-29,2,"quantile",0.25,140385.325
"1551","DE","00-04",2024-12-19,2024-12-29,2,"quantile",0.5,179710.15
"1552","DE","00-04",2024-12-19,2024-12-29,2,"quantile",0.75,226002.975
"1553","DE","00-04",2024-12-19,2024-12-29,2,"quantile",0.9,273684.9
"1554","DE","00-04",2024-12-19,2024-12-29,2,"quantile",0.975,334508.1
"1555","DE","00-04",2024-12-19,2025-01-05,3,"quantile",0.025,72503.2775
"1556","DE","00-04",2024-12-19,2025-01-05,3,"quantile",0.1,97658.13
"1557","DE","00-04",2024-12-19,2025-01-05,3,"quantile",0.25,124614.15
"1558","DE","00-04",2024-12-19,2025-01-05,3,"quantile",0.5,160086.55
"1559","DE","00-04",2024-12-19,2025-01-05,3,"quantile",0.75,201751.375
"1560","DE","00-04",2024-12-19,2025-01-05,3,"quantile",0.9,245091.3
"1561","DE","00-04",2024-12-19,2025-01-05,3,"quantile",0.975,300097.24
"1562","DE","00-04",2024-12-19,2025-01-12,4,"quantile",0.025,74038.355
"1563","DE","00-04",2024-12-19,2025-01-12,4,"quantile",0.1,99111.39
"1564","DE","00-04",2024-12-19,2025-01-12,4,"quantile",0.25,126415.7
"1565","DE","00-04",2024-12-19,2025-01-12,4,"quantile",0.5,162366.15
"1566","DE","00-04",2024-12-19,2025-01-12,4,"quantile",0.75,204649.025
"1567","DE","00-04",2024-12-19,2025-01-12,4,"quantile",0.9,248405.87
"1568","DE","00-04",2024-12-19,2025-01-12,4,"quantile",0.975,304551.54
"1569","DE","05-14",2024-12-19,2024-12-22,1,"quantile",0.025,52243.2525
"1570","DE","05-14",2024-12-19,2024-12-22,1,"quantile",0.1,74110.11
"1571","DE","05-14",2024-12-19,2024-12-22,1,"quantile",0.25,98511.225
"1572","DE","05-14",2024-12-19,2024-12-22,1,"quantile",0.5,131806.4
"1573","DE","05-14",2024-12-19,2024-12-22,1,"quantile",0.75,171633.6
"1574","DE","05-14",2024-12-19,2024-12-22,1,"quantile",0.9,213692.93
"1575","DE","05-14",2024-12-19,2024-12-22,1,"quantile",0.975,268107.27
"1576","DE","05-14",2024-12-19,2024-12-29,2,"quantile",0.025,52261.7875
"1577","DE","05-14",2024-12-19,2024-12-29,2,"quantile",0.1,74203.49
"1578","DE","05-14",2024-12-19,2024-12-29,2,"quantile",0.25,98697.475
"1579","DE","05-14",2024-12-19,2024-12-29,2,"quantile",0.5,132100.65
"1580","DE","05-14",2024-12-19,2024-12-29,2,"quantile",0.75,172177.475
"1581","DE","05-14",2024-12-19,2024-12-29,2,"quantile",0.9,214424.92
"1582","DE","05-14",2024-12-19,2024-12-29,2,"quantile",0.975,269277.8575
"1583","DE","05-14",2024-12-19,2025-01-05,3,"quantile",0.025,46327.1625
"1584","DE","05-14",2024-12-19,2025-01-05,3,"quantile",0.1,66373.81
"1585","DE","05-14",2024-12-19,2025-01-05,3,"quantile",0.25,88659.75
"1586","DE","05-14",2024-12-19,2025-01-05,3,"quantile",0.5,118772.45
"1587","DE","05-14",2024-12-19,2025-01-05,3,"quantile",0.75,155367.9
"1588","DE","05-14",2024-12-19,2025-01-05,3,"quantile",0.9,193971.63
"1589","DE","05-14",2024-12-19,2025-01-05,3,"quantile",0.975,243627.5025
"1590","DE","05-14",2024-12-19,2025-01-12,4,"quantile",0.025,47726.4875
"1591","DE","05-14",2024-12-19,2025-01-12,4,"quantile",0.1,67848.22
"1592","DE","05-14",2024-12-19,2025-01-12,4,"quantile",0.25,90345.25
"1593","DE","05-14",2024-12-19,2025-01-12,4,"quantile",0.5,120925.85
"1594","DE","05-14",2024-12-19,2025-01-12,4,"quantile",0.75,157982.35
"1595","DE","05-14",2024-12-19,2025-01-12,4,"quantile",0.9,197121
"1596","DE","05-14",2024-12-19,2025-01-12,4,"quantile",0.975,247653.9625
"1597","DE","15-34",2024-12-19,2024-12-22,1,"quantile",0.025,140816.2625
"1598","DE","15-34",2024-12-19,2024-12-22,1,"quantile",0.1,188751.06
"1599","DE","15-34",2024-12-19,2024-12-22,1,"quantile",0.25,240743.575
"1600","DE","15-34",2024-12-19,2024-12-22,1,"quantile",0.5,309131.2
"1601","DE","15-34",2024-12-19,2024-12-22,1,"quantile",0.75,389807.2
"1602","DE","15-34",2024-12-19,2024-12-22,1,"quantile",0.9,472964.41
"1603","DE","15-34",2024-12-19,2024-12-22,1,"quantile",0.975,579512.17
"1604","DE","15-34",2024-12-19,2024-12-29,2,"quantile",0.025,140743.03
"1605","DE","15-34",2024-12-19,2024-12-29,2,"quantile",0.1,188504.94
"1606","DE","15-34",2024-12-19,2024-12-29,2,"quantile",0.25,240287.05
"1607","DE","15-34",2024-12-19,2024-12-29,2,"quantile",0.5,308496.4
"1608","DE","15-34",2024-12-19,2024-12-29,2,"quantile",0.75,388691.75
"1609","DE","15-34",2024-12-19,2024-12-29,2,"quantile",0.9,472091.37
"1610","DE","15-34",2024-12-19,2024-12-29,2,"quantile",0.975,578242.61
"1611","DE","15-34",2024-12-19,2025-01-05,3,"quantile",0.025,121951.29
"1612","DE","15-34",2024-12-19,2025-01-05,3,"quantile",0.1,164649.5
"1613","DE","15-34",2024-12-19,2025-01-05,3,"quantile",0.25,210594.45
"1614","DE","15-34",2024-12-19,2025-01-05,3,"quantile",0.5,271396.75
"1615","DE","15-34",2024-12-19,2025-01-05,3,"quantile",0.75,342763.25
"1616","DE","15-34",2024-12-19,2025-01-05,3,"quantile",0.9,417168.65
"1617","DE","15-34",2024-12-19,2025-01-05,3,"quantile",0.975,511513.9525
"1618","DE","15-34",2024-12-19,2025-01-12,4,"quantile",0.025,124559.4125
"1619","DE","15-34",2024-12-19,2025-01-12,4,"quantile",0.1,167141.82
"1620","DE","15-34",2024-12-19,2025-01-12,4,"quantile",0.25,213872.625
"1621","DE","15-34",2024-12-19,2025-01-12,4,"quantile",0.5,275308.05
"1622","DE","15-34",2024-12-19,2025-01-12,4,"quantile",0.75,347700
"1623","DE","15-34",2024-12-19,2025-01-12,4,"quantile",0.9,422978.2
"1624","DE","15-34",2024-12-19,2025-01-12,4,"quantile",0.975,518801.39
"1625","DE","35-59",2024-12-19,2024-12-22,1,"quantile",0.025,163585.215
"1626","DE","35-59",2024-12-19,2024-12-22,1,"quantile",0.1,220202.28
"1627","DE","35-59",2024-12-19,2024-12-22,1,"quantile",0.25,282346.925
"1628","DE","35-59",2024-12-19,2024-12-22,1,"quantile",0.5,364301.05
"1629","DE","35-59",2024-12-19,2024-12-22,1,"quantile",0.75,461134.3
"1630","DE","35-59",2024-12-19,2024-12-22,1,"quantile",0.9,561526.13
"1631","DE","35-59",2024-12-19,2024-12-22,1,"quantile",0.975,689212.5375
"1632","DE","35-59",2024-12-19,2024-12-29,2,"quantile",0.025,160781.0525
"1633","DE","35-59",2024-12-19,2024-12-29,2,"quantile",0.1,217209.21
"1634","DE","35-59",2024-12-19,2024-12-29,2,"quantile",0.25,278405.375
"1635","DE","35-59",2024-12-19,2024-12-29,2,"quantile",0.5,359782.7
"1636","DE","35-59",2024-12-19,2024-12-29,2,"quantile",0.75,456260.375
"1637","DE","35-59",2024-12-19,2024-12-29,2,"quantile",0.9,556469.58
"1638","DE","35-59",2024-12-19,2024-12-29,2,"quantile",0.975,683462.9375
"1639","DE","35-59",2024-12-19,2025-01-05,3,"quantile",0.025,148007.03
"1640","DE","35-59",2024-12-19,2025-01-05,3,"quantile",0.1,199573.76
"1641","DE","35-59",2024-12-19,2025-01-05,3,"quantile",0.25,255268.5
"1642","DE","35-59",2024-12-19,2025-01-05,3,"quantile",0.5,329259.4
"1643","DE","35-59",2024-12-19,2025-01-05,3,"quantile",0.75,417249.35
"1644","DE","35-59",2024-12-19,2025-01-05,3,"quantile",0.9,507883.81
"1645","DE","35-59",2024-12-19,2025-01-05,3,"quantile",0.975,624574.955
"1646","DE","35-59",2024-12-19,2025-01-12,4,"quantile",0.025,150075.3975
"1647","DE","35-59",2024-12-19,2025-01-12,4,"quantile",0.1,201746.61
"1648","DE","35-59",2024-12-19,2025-01-12,4,"quantile",0.25,258532.175
"1649","DE","35-59",2024-12-19,2025-01-12,4,"quantile",0.5,333758.25
"1650","DE","35-59",2024-12-19,2025-01-12,4,"quantile",0.75,422233.2
"1651","DE","35-59",2024-12-19,2025-01-12,4,"quantile",0.9,514648.73
"1652","DE","35-59",2024-12-19,2025-01-12,4,"quantile",0.975,631377.09
"1653","DE","60+",2024-12-19,2024-12-22,1,"quantile",0.025,62405.5625
"1654","DE","60+",2024-12-19,2024-12-22,1,"quantile",0.1,82773.97
"1655","DE","60+",2024-12-19,2024-12-22,1,"quantile",0.25,104716.15
"1656","DE","60+",2024-12-19,2024-12-22,1,"quantile",0.5,133352.35
"1657","DE","60+",2024-12-19,2024-12-22,1,"quantile",0.75,166936.425
"1658","DE","60+",2024-12-19,2024-12-22,1,"quantile",0.9,201469.37
"1659","DE","60+",2024-12-19,2024-12-22,1,"quantile",0.975,245668.7525
"1660","DE","60+",2024-12-19,2024-12-29,2,"quantile",0.025,61189.8975
"1661","DE","60+",2024-12-19,2024-12-29,2,"quantile",0.1,81474.15
"1662","DE","60+",2024-12-19,2024-12-29,2,"quantile",0.25,103219.675
"1663","DE","60+",2024-12-19,2024-12-29,2,"quantile",0.5,131800.6
"1664","DE","60+",2024-12-19,2024-12-29,2,"quantile",0.75,165436.175
"1665","DE","60+",2024-12-19,2024-12-29,2,"quantile",0.9,200302.38
"1666","DE","60+",2024-12-19,2024-12-29,2,"quantile",0.975,243955.1575
"1667","DE","60+",2024-12-19,2025-01-05,3,"quantile",0.025,59229.6775
"1668","DE","60+",2024-12-19,2025-01-05,3,"quantile",0.1,78557.67
"1669","DE","60+",2024-12-19,2025-01-05,3,"quantile",0.25,99382.025
"1670","DE","60+",2024-12-19,2025-01-05,3,"quantile",0.5,126601.55
"1671","DE","60+",2024-12-19,2025-01-05,3,"quantile",0.75,158520.975
"1672","DE","60+",2024-12-19,2025-01-05,3,"quantile",0.9,191371.93
"1673","DE","60+",2024-12-19,2025-01-05,3,"quantile",0.975,232652.79
"1674","DE","60+",2024-12-19,2025-01-12,4,"quantile",0.025,61122.3275
"1675","DE","60+",2024-12-19,2025-01-12,4,"quantile",0.1,80680.78
"1676","DE","60+",2024-12-19,2025-01-12,4,"quantile",0.25,101650.575
"1677","DE","60+",2024-12-19,2025-01-12,4,"quantile",0.5,129331.5
"1678","DE","60+",2024-12-19,2025-01-12,4,"quantile",0.75,161634.325
"1679","DE","60+",2024-12-19,2025-01-12,4,"quantile",0.9,195053.21
"1680","DE","60+",2024-12-19,2025-01-12,4,"quantile",0.975,237266.13
"1681","DE","00+",2025-01-09,2025-01-12,1,"quantile",0.025,513705.2625
"1682","DE","00+",2025-01-09,2025-01-12,1,"quantile",0.1,655123.26
"1683","DE","00+",2025-01-09,2025-01-12,1,"quantile",0.25,802229.125
"1684","DE","00+",2025-01-09,2025-01-12,1,"quantile",0.5,990821.75
"1685","DE","00+",2025-01-09,2025-01-12,1,"quantile",0.75,1209349.725
"1686","DE","00+",2025-01-09,2025-01-12,1,"quantile",0.9,1430496.18
"1687","DE","00+",2025-01-09,2025-01-12,1,"quantile",0.975,1706113.0825
"1688","DE","00+",2025-01-09,2025-01-19,2,"quantile",0.025,510452.9725
"1689","DE","00+",2025-01-09,2025-01-19,2,"quantile",0.1,650376.23
"1690","DE","00+",2025-01-09,2025-01-19,2,"quantile",0.25,797655.75
"1691","DE","00+",2025-01-09,2025-01-19,2,"quantile",0.5,986010.55
"1692","DE","00+",2025-01-09,2025-01-19,2,"quantile",0.75,1204498.05
"1693","DE","00+",2025-01-09,2025-01-19,2,"quantile",0.9,1425104.2
"1694","DE","00+",2025-01-09,2025-01-19,2,"quantile",0.975,1699690.015
"1695","DE","00+",2025-01-09,2025-01-26,3,"quantile",0.025,495749.44
"1696","DE","00+",2025-01-09,2025-01-26,3,"quantile",0.1,633155.45
"1697","DE","00+",2025-01-09,2025-01-26,3,"quantile",0.25,778328.5
"1698","DE","00+",2025-01-09,2025-01-26,3,"quantile",0.5,963303
"1699","DE","00+",2025-01-09,2025-01-26,3,"quantile",0.75,1174509.575
"1700","DE","00+",2025-01-09,2025-01-26,3,"quantile",0.9,1390312.24
"1701","DE","00+",2025-01-09,2025-01-26,3,"quantile",0.975,1659437.785
"1702","DE","00+",2025-01-09,2025-02-02,4,"quantile",0.025,500971.5625
"1703","DE","00+",2025-01-09,2025-02-02,4,"quantile",0.1,641456.53
"1704","DE","00+",2025-01-09,2025-02-02,4,"quantile",0.25,787638.425
"1705","DE","00+",2025-01-09,2025-02-02,4,"quantile",0.5,974183
"1706","DE","00+",2025-01-09,2025-02-02,4,"quantile",0.75,1190636.85
"1707","DE","00+",2025-01-09,2025-02-02,4,"quantile",0.9,1410551.31
"1708","DE","00+",2025-01-09,2025-02-02,4,"quantile",0.975,1686967.23
"1709","DE","00-04",2025-01-09,2025-01-12,1,"quantile",0.025,74228.0825
"1710","DE","00-04",2025-01-09,2025-01-12,1,"quantile",0.1,98166.21
"1711","DE","00-04",2025-01-09,2025-01-12,1,"quantile",0.25,123689.825
"1712","DE","00-04",2025-01-09,2025-01-12,1,"quantile",0.5,156969.2
"1713","DE","00-04",2025-01-09,2025-01-12,1,"quantile",0.75,195888.6
"1714","DE","00-04",2025-01-09,2025-01-12,1,"quantile",0.9,236035.59
"1715","DE","00-04",2025-01-09,2025-01-12,1,"quantile",0.975,286336.1125
"1716","DE","00-04",2025-01-09,2025-01-19,2,"quantile",0.025,74265.405
"1717","DE","00-04",2025-01-09,2025-01-19,2,"quantile",0.1,97975.45
"1718","DE","00-04",2025-01-09,2025-01-19,2,"quantile",0.25,123445.35
"1719","DE","00-04",2025-01-09,2025-01-19,2,"quantile",0.5,157010
"1720","DE","00-04",2025-01-09,2025-01-19,2,"quantile",0.75,195835.925
"1721","DE","00-04",2025-01-09,2025-01-19,2,"quantile",0.9,236148.66
"1722","DE","00-04",2025-01-09,2025-01-19,2,"quantile",0.975,286827.82
"1723","DE","00-04",2025-01-09,2025-01-26,3,"quantile",0.025,72541.4825
"1724","DE","00-04",2025-01-09,2025-01-26,3,"quantile",0.1,95936.97
"1725","DE","00-04",2025-01-09,2025-01-26,3,"quantile",0.25,120995.25
"1726","DE","00-04",2025-01-09,2025-01-26,3,"quantile",0.5,153763.45
"1727","DE","00-04",2025-01-09,2025-01-26,3,"quantile",0.75,191792.825
"1728","DE","00-04",2025-01-09,2025-01-26,3,"quantile",0.9,231168.88
"1729","DE","00-04",2025-01-09,2025-01-26,3,"quantile",0.975,280899.0225
"1730","DE","00-04",2025-01-09,2025-02-02,4,"quantile",0.025,73234.8975
"1731","DE","00-04",2025-01-09,2025-02-02,4,"quantile",0.1,97247.97
"1732","DE","00-04",2025-01-09,2025-02-02,4,"quantile",0.25,122738.95
"1733","DE","00-04",2025-01-09,2025-02-02,4,"quantile",0.5,155982
"1734","DE","00-04",2025-01-09,2025-02-02,4,"quantile",0.75,194922.5
"1735","DE","00-04",2025-01-09,2025-02-02,4,"quantile",0.9,234684.39
"1736","DE","00-04",2025-01-09,2025-02-02,4,"quantile",0.975,285380.0525
"1737","DE","05-14",2025-01-09,2025-01-12,1,"quantile",0.025,48860.88
"1738","DE","05-14",2025-01-09,2025-01-12,1,"quantile",0.1,68388.7
"1739","DE","05-14",2025-01-09,2025-01-12,1,"quantile",0.25,89743.1
"1740","DE","05-14",2025-01-09,2025-01-12,1,"quantile",0.5,118615.7
"1741","DE","05-14",2025-01-09,2025-01-12,1,"quantile",0.75,153118.475
"1742","DE","05-14",2025-01-09,2025-01-12,1,"quantile",0.9,189075.4
"1743","DE","05-14",2025-01-09,2025-01-12,1,"quantile",0.975,235884.07
"1744","DE","05-14",2025-01-09,2025-01-19,2,"quantile",0.025,48459.085
"1745","DE","05-14",2025-01-09,2025-01-19,2,"quantile",0.1,67786.16
"1746","DE","05-14",2025-01-09,2025-01-19,2,"quantile",0.25,89179.9
"1747","DE","05-14",2025-01-09,2025-01-19,2,"quantile",0.5,118006
"1748","DE","05-14",2025-01-09,2025-01-19,2,"quantile",0.75,152302
"1749","DE","05-14",2025-01-09,2025-01-19,2,"quantile",0.9,188381.91
"1750","DE","05-14",2025-01-09,2025-01-19,2,"quantile",0.975,234953.9325
"1751","DE","05-14",2025-01-09,2025-01-26,3,"quantile",0.025,47354.235
"1752","DE","05-14",2025-01-09,2025-01-26,3,"quantile",0.1,66203.46
"1753","DE","05-14",2025-01-09,2025-01-26,3,"quantile",0.25,87132.35
"1754","DE","05-14",2025-01-09,2025-01-26,3,"quantile",0.5,115271.65
"1755","DE","05-14",2025-01-09,2025-01-26,3,"quantile",0.75,148941.175
"1756","DE","05-14",2025-01-09,2025-01-26,3,"quantile",0.9,184419.28
"1757","DE","05-14",2025-01-09,2025-01-26,3,"quantile",0.975,229788.865
"1758","DE","05-14",2025-01-09,2025-02-02,4,"quantile",0.025,48322.3725
"1759","DE","05-14",2025-01-09,2025-02-02,4,"quantile",0.1,67529.48
"1760","DE","05-14",2025-01-09,2025-02-02,4,"quantile",0.25,88765.7
"1761","DE","05-14",2025-01-09,2025-02-02,4,"quantile",0.5,117327.65
"1762","DE","05-14",2025-01-09,2025-02-02,4,"quantile",0.75,151565.55
"1763","DE","05-14",2025-01-09,2025-02-02,4,"quantile",0.9,187569.49
"1764","DE","05-14",2025-01-09,2025-02-02,4,"quantile",0.975,233453.54
"1765","DE","15-34",2025-01-09,2025-01-12,1,"quantile",0.025,122427.6875
"1766","DE","15-34",2025-01-09,2025-01-12,1,"quantile",0.1,161870.78
"1767","DE","15-34",2025-01-09,2025-01-12,1,"quantile",0.25,204688.875
"1768","DE","15-34",2025-01-09,2025-01-12,1,"quantile",0.5,260444.6
"1769","DE","15-34",2025-01-09,2025-01-12,1,"quantile",0.75,326042.6
"1770","DE","15-34",2025-01-09,2025-01-12,1,"quantile",0.9,393611.98
"1771","DE","15-34",2025-01-09,2025-01-12,1,"quantile",0.975,478286.475
"1772","DE","15-34",2025-01-09,2025-01-19,2,"quantile",0.025,122560.4925
"1773","DE","15-34",2025-01-09,2025-01-19,2,"quantile",0.1,162105.55
"1774","DE","15-34",2025-01-09,2025-01-19,2,"quantile",0.25,204770.925
"1775","DE","15-34",2025-01-09,2025-01-19,2,"quantile",0.5,260637.8
"1776","DE","15-34",2025-01-09,2025-01-19,2,"quantile",0.75,325613.85
"1777","DE","15-34",2025-01-09,2025-01-19,2,"quantile",0.9,392806.3
"1778","DE","15-34",2025-01-09,2025-01-19,2,"quantile",0.975,477640.9025
"1779","DE","15-34",2025-01-09,2025-01-26,3,"quantile",0.025,118930.5825
"1780","DE","15-34",2025-01-09,2025-01-26,3,"quantile",0.1,157968.47
"1781","DE","15-34",2025-01-09,2025-01-26,3,"quantile",0.25,199720.375
"1782","DE","15-34",2025-01-09,2025-01-26,3,"quantile",0.5,254539
"1783","DE","15-34",2025-01-09,2025-01-26,3,"quantile",0.75,318569.625
"1784","DE","15-34",2025-01-09,2025-01-26,3,"quantile",0.9,384590.98
"1785","DE","15-34",2025-01-09,2025-01-26,3,"quantile",0.975,468742.34
"1786","DE","15-34",2025-01-09,2025-02-02,4,"quantile",0.025,119876.825
"1787","DE","15-34",2025-01-09,2025-02-02,4,"quantile",0.1,158784.55
"1788","DE","15-34",2025-01-09,2025-02-02,4,"quantile",0.25,200767.15
"1789","DE","15-34",2025-01-09,2025-02-02,4,"quantile",0.5,255668.55
"1790","DE","15-34",2025-01-09,2025-02-02,4,"quantile",0.75,320165.425
"1791","DE","15-34",2025-01-09,2025-02-02,4,"quantile",0.9,386102.65
"1792","DE","15-34",2025-01-09,2025-02-02,4,"quantile",0.975,470278.0175
"1793","DE","35-59",2025-01-09,2025-01-12,1,"quantile",0.025,153594.7525
"1794","DE","35-59",2025-01-09,2025-01-12,1,"quantile",0.1,204040.27
"1795","DE","35-59",2025-01-09,2025-01-12,1,"quantile",0.25,258276.4
"1796","DE","35-59",2025-01-09,2025-01-12,1,"quantile",0.5,329026.35
"1797","DE","35-59",2025-01-09,2025-01-12,1,"quantile",0.75,411143.7
"1798","DE","35-59",2025-01-09,2025-01-12,1,"quantile",0.9,496123.48
"1799","DE","35-59",2025-01-09,2025-01-12,1,"quantile",0.975,603520.165
"1800","DE","35-59",2025-01-09,2025-01-19,2,"quantile",0.025,152345.6375
"1801","DE","35-59",2025-01-09,2025-01-19,2,"quantile",0.1,202818.01
"1802","DE","35-59",2025-01-09,2025-01-19,2,"quantile",0.25,256575.45
"1803","DE","35-59",2025-01-09,2025-01-19,2,"quantile",0.5,327070.45
"1804","DE","35-59",2025-01-09,2025-01-19,2,"quantile",0.75,409230.95
"1805","DE","35-59",2025-01-09,2025-01-19,2,"quantile",0.9,494187.64
"1806","DE","35-59",2025-01-09,2025-01-19,2,"quantile",0.975,601598.98
"1807","DE","35-59",2025-01-09,2025-01-26,3,"quantile",0.025,148743.945
"1808","DE","35-59",2025-01-09,2025-01-26,3,"quantile",0.1,197561.01
"1809","DE","35-59",2025-01-09,2025-01-26,3,"quantile",0.25,249210.625
"1810","DE","35-59",2025-01-09,2025-01-26,3,"quantile",0.5,317847.7
"1811","DE","35-59",2025-01-09,2025-01-26,3,"quantile",0.75,398372.35
"1812","DE","35-59",2025-01-09,2025-01-26,3,"quantile",0.9,480787.78
"1813","DE","35-59",2025-01-09,2025-01-26,3,"quantile",0.975,583767.15
"1814","DE","35-59",2025-01-09,2025-02-02,4,"quantile",0.025,149630.845
"1815","DE","35-59",2025-01-09,2025-02-02,4,"quantile",0.1,198832.42
"1816","DE","35-59",2025-01-09,2025-02-02,4,"quantile",0.25,251195.9
"1817","DE","35-59",2025-01-09,2025-02-02,4,"quantile",0.5,320126.8
"1818","DE","35-59",2025-01-09,2025-02-02,4,"quantile",0.75,401554.825
"1819","DE","35-59",2025-01-09,2025-02-02,4,"quantile",0.9,485301.68
"1820","DE","35-59",2025-01-09,2025-02-02,4,"quantile",0.975,590565.2275
"1821","DE","60+",2025-01-09,2025-01-12,1,"quantile",0.025,58737.21
"1822","DE","60+",2025-01-09,2025-01-12,1,"quantile",0.1,76744.19
"1823","DE","60+",2025-01-09,2025-01-12,1,"quantile",0.25,95537.35
"1824","DE","60+",2025-01-09,2025-01-12,1,"quantile",0.5,120002.3
"1825","DE","60+",2025-01-09,2025-01-12,1,"quantile",0.75,148400.425
"1826","DE","60+",2025-01-09,2025-01-12,1,"quantile",0.9,177283.91
"1827","DE","60+",2025-01-09,2025-01-12,1,"quantile",0.975,214302.7775
"1828","DE","60+",2025-01-09,2025-01-19,2,"quantile",0.025,57954.18
"1829","DE","60+",2025-01-09,2025-01-19,2,"quantile",0.1,75489.46
"1830","DE","60+",2025-01-09,2025-01-19,2,"quantile",0.25,94184.975
"1831","DE","60+",2025-01-09,2025-01-19,2,"quantile",0.5,118273.5
"1832","DE","60+",2025-01-09,2025-01-19,2,"quantile",0.75,146282.7
"1833","DE","60+",2025-01-09,2025-01-19,2,"quantile",0.9,174911.48
"1834","DE","60+",2025-01-09,2025-01-19,2,"quantile",0.975,211228.9125
"1835","DE","60+",2025-01-09,2025-01-26,3,"quantile",0.025,56495.705
"1836","DE","60+",2025-01-09,2025-01-26,3,"quantile",0.1,73583.24
"1837","DE","60+",2025-01-09,2025-01-26,3,"quantile",0.25,91774.475
"1838","DE","60+",2025-01-09,2025-01-26,3,"quantile",0.5,115521.6
"1839","DE","60+",2025-01-09,2025-01-26,3,"quantile",0.75,142748.95
"1840","DE","60+",2025-01-09,2025-01-26,3,"quantile",0.9,170903.23
"1841","DE","60+",2025-01-09,2025-01-26,3,"quantile",0.975,206169.185
"1842","DE","60+",2025-01-09,2025-02-02,4,"quantile",0.025,56570.945
"1843","DE","60+",2025-01-09,2025-02-02,4,"quantile",0.1,73913.98
"1844","DE","60+",2025-01-09,2025-02-02,4,"quantile",0.25,92182.2
"1845","DE","60+",2025-01-09,2025-02-02,4,"quantile",0.5,115856.65
"1846","DE","60+",2025-01-09,2025-02-02,4,"quantile",0.75,143378.825
"1847","DE","60+",2025-01-09,2025-02-02,4,"quantile",0.9,171665.79
"1848","DE","60+",2025-01-09,2025-02-02,4,"quantile",0.975,207411.33
"1849","DE","00+",2025-01-16,2025-01-19,1,"quantile",0.025,759189.3675
"1850","DE","00+",2025-01-16,2025-01-19,1,"quantile",0.1,969796.33
"1851","DE","00+",2025-01-16,2025-01-19,1,"quantile",0.25,1192759.125
"1852","DE","00+",2025-01-16,2025-01-19,1,"quantile",0.5,1480308.35
"1853","DE","00+",2025-01-16,2025-01-19,1,"quantile",0.75,1811529.225
"1854","DE","00+",2025-01-16,2025-01-19,1,"quantile",0.9,2147455.91
"1855","DE","00+",2025-01-16,2025-01-19,1,"quantile",0.975,2570430.86
"1856","DE","00+",2025-01-16,2025-01-26,2,"quantile",0.025,757006.1325
"1857","DE","00+",2025-01-16,2025-01-26,2,"quantile",0.1,969790.63
"1858","DE","00+",2025-01-16,2025-01-26,2,"quantile",0.25,1193820.25
"1859","DE","00+",2025-01-16,2025-01-26,2,"quantile",0.5,1481803.9
"1860","DE","00+",2025-01-16,2025-01-26,2,"quantile",0.75,1814040.65
"1861","DE","00+",2025-01-16,2025-01-26,2,"quantile",0.9,2153330.47
"1862","DE","00+",2025-01-16,2025-01-26,2,"quantile",0.975,2578460.4325
"1863","DE","00+",2025-01-16,2025-02-02,3,"quantile",0.025,728181.3475
"1864","DE","00+",2025-01-16,2025-02-02,3,"quantile",0.1,932349.69
"1865","DE","00+",2025-01-16,2025-02-02,3,"quantile",0.25,1146555.65
"1866","DE","00+",2025-01-16,2025-02-02,3,"quantile",0.5,1421283.25
"1867","DE","00+",2025-01-16,2025-02-02,3,"quantile",0.75,1737351.925
"1868","DE","00+",2025-01-16,2025-02-02,3,"quantile",0.9,2061580.15
"1869","DE","00+",2025-01-16,2025-02-02,3,"quantile",0.975,2471665.79
"1870","DE","00+",2025-01-16,2025-02-09,4,"quantile",0.025,749054.9225
"1871","DE","00+",2025-01-16,2025-02-09,4,"quantile",0.1,960057.02
"1872","DE","00+",2025-01-16,2025-02-09,4,"quantile",0.25,1182598.55
"1873","DE","00+",2025-01-16,2025-02-09,4,"quantile",0.5,1467539.75
"1874","DE","00+",2025-01-16,2025-02-09,4,"quantile",0.75,1797238.025
"1875","DE","00+",2025-01-16,2025-02-09,4,"quantile",0.9,2136229.05
"1876","DE","00+",2025-01-16,2025-02-09,4,"quantile",0.975,2559634.355
"1877","DE","00-04",2025-01-16,2025-01-19,1,"quantile",0.025,101619.2175
"1878","DE","00-04",2025-01-16,2025-01-19,1,"quantile",0.1,135267
"1879","DE","00-04",2025-01-16,2025-01-19,1,"quantile",0.25,171242.375
"1880","DE","00-04",2025-01-16,2025-01-19,1,"quantile",0.5,218442.45
"1881","DE","00-04",2025-01-16,2025-01-19,1,"quantile",0.75,273513.3
"1882","DE","00-04",2025-01-16,2025-01-19,1,"quantile",0.9,330269.53
"1883","DE","00-04",2025-01-16,2025-01-19,1,"quantile",0.975,402187.94
"1884","DE","00-04",2025-01-16,2025-01-26,2,"quantile",0.025,101395.715
"1885","DE","00-04",2025-01-16,2025-01-26,2,"quantile",0.1,135314.25
"1886","DE","00-04",2025-01-16,2025-01-26,2,"quantile",0.25,171356.975
"1887","DE","00-04",2025-01-16,2025-01-26,2,"quantile",0.5,218796.7
"1888","DE","00-04",2025-01-16,2025-01-26,2,"quantile",0.75,274445.275
"1889","DE","00-04",2025-01-16,2025-01-26,2,"quantile",0.9,332156.75
"1890","DE","00-04",2025-01-16,2025-01-26,2,"quantile",0.975,404461.1125
"1891","DE","00-04",2025-01-16,2025-02-02,3,"quantile",0.025,98319.0125
"1892","DE","00-04",2025-01-16,2025-02-02,3,"quantile",0.1,130830.04
"1893","DE","00-04",2025-01-16,2025-02-02,3,"quantile",0.25,165454.25
"1894","DE","00-04",2025-01-16,2025-02-02,3,"quantile",0.5,210612.7
"1895","DE","00-04",2025-01-16,2025-02-02,3,"quantile",0.75,263688.55
"1896","DE","00-04",2025-01-16,2025-02-02,3,"quantile",0.9,318498.29
"1897","DE","00-04",2025-01-16,2025-02-02,3,"quantile",0.975,388425.3525
"1898","DE","00-04",2025-01-16,2025-02-09,4,"quantile",0.025,100296.3325
"1899","DE","00-04",2025-01-16,2025-02-09,4,"quantile",0.1,133776.64
"1900","DE","00-04",2025-01-16,2025-02-09,4,"quantile",0.25,169555.575
"1901","DE","00-04",2025-01-16,2025-02-09,4,"quantile",0.5,216341.5
"1902","DE","00-04",2025-01-16,2025-02-09,4,"quantile",0.75,271300.2
"1903","DE","00-04",2025-01-16,2025-02-09,4,"quantile",0.9,328111.12
"1904","DE","00-04",2025-01-16,2025-02-09,4,"quantile",0.975,399552.9025
"1905","DE","05-14",2025-01-16,2025-01-19,1,"quantile",0.025,72183.8275
"1906","DE","05-14",2025-01-16,2025-01-19,1,"quantile",0.1,100339.26
"1907","DE","05-14",2025-01-16,2025-01-19,1,"quantile",0.25,131538.175
"1908","DE","05-14",2025-01-16,2025-01-19,1,"quantile",0.5,173332.65
"1909","DE","05-14",2025-01-16,2025-01-19,1,"quantile",0.75,223070.925
"1910","DE","05-14",2025-01-16,2025-01-19,1,"quantile",0.9,275549.01
"1911","DE","05-14",2025-01-16,2025-01-19,1,"quantile",0.975,343106.79
"1912","DE","05-14",2025-01-16,2025-01-26,2,"quantile",0.025,70601.25
"1913","DE","05-14",2025-01-16,2025-01-26,2,"quantile",0.1,98613.81
"1914","DE","05-14",2025-01-16,2025-01-26,2,"quantile",0.25,129573.825
"1915","DE","05-14",2025-01-16,2025-01-26,2,"quantile",0.5,171400.6
"1916","DE","05-14",2025-01-16,2025-01-26,2,"quantile",0.75,221182.525
"1917","DE","05-14",2025-01-16,2025-01-26,2,"quantile",0.9,273461.68
"1918","DE","05-14",2025-01-16,2025-01-26,2,"quantile",0.975,340584.0575
"1919","DE","05-14",2025-01-16,2025-02-02,3,"quantile",0.025,68770.7525
"1920","DE","05-14",2025-01-16,2025-02-02,3,"quantile",0.1,95918.01
"1921","DE","05-14",2025-01-16,2025-02-02,3,"quantile",0.25,125769.2
"1922","DE","05-14",2025-01-16,2025-02-02,3,"quantile",0.5,165867.55
"1923","DE","05-14",2025-01-16,2025-02-02,3,"quantile",0.75,213982.15
"1924","DE","05-14",2025-01-16,2025-02-02,3,"quantile",0.9,264540.05
"1925","DE","05-14",2025-01-16,2025-02-02,3,"quantile",0.975,329152.89
"1926","DE","05-14",2025-01-16,2025-02-09,4,"quantile",0.025,71372.3575
"1927","DE","05-14",2025-01-16,2025-02-09,4,"quantile",0.1,99536.19
"1928","DE","05-14",2025-01-16,2025-02-09,4,"quantile",0.25,130928.525
"1929","DE","05-14",2025-01-16,2025-02-09,4,"quantile",0.5,172973.55
"1930","DE","05-14",2025-01-16,2025-02-09,4,"quantile",0.75,222834.5
"1931","DE","05-14",2025-01-16,2025-02-09,4,"quantile",0.9,275225.92
"1932","DE","05-14",2025-01-16,2025-02-09,4,"quantile",0.975,342278.7275
"1933","DE","15-34",2025-01-16,2025-01-19,1,"quantile",0.025,184299.79
"1934","DE","15-34",2025-01-16,2025-01-19,1,"quantile",0.1,242719.49
"1935","DE","15-34",2025-01-16,2025-01-19,1,"quantile",0.25,305523.35
"1936","DE","15-34",2025-01-16,2025-01-19,1,"quantile",0.5,387256.5
"1937","DE","15-34",2025-01-16,2025-01-19,1,"quantile",0.75,483337.225
"1938","DE","15-34",2025-01-16,2025-01-19,1,"quantile",0.9,581838.73
"1939","DE","15-34",2025-01-16,2025-01-19,1,"quantile",0.975,705411.64
"1940","DE","15-34",2025-01-16,2025-01-26,2,"quantile",0.025,177861.1075
"1941","DE","15-34",2025-01-16,2025-01-26,2,"quantile",0.1,236288.92
"1942","DE","15-34",2025-01-16,2025-01-26,2,"quantile",0.25,298862.8
"1943","DE","15-34",2025-01-16,2025-01-26,2,"quantile",0.5,380902.2
"1944","DE","15-34",2025-01-16,2025-01-26,2,"quantile",0.75,477117.475
"1945","DE","15-34",2025-01-16,2025-01-26,2,"quantile",0.9,576324.69
"1946","DE","15-34",2025-01-16,2025-01-26,2,"quantile",0.975,701671.4425
"1947","DE","15-34",2025-01-16,2025-02-02,3,"quantile",0.025,174896.27
"1948","DE","15-34",2025-01-16,2025-02-02,3,"quantile",0.1,231106.5
"1949","DE","15-34",2025-01-16,2025-02-02,3,"quantile",0.25,292019.75
"1950","DE","15-34",2025-01-16,2025-02-02,3,"quantile",0.5,371217.6
"1951","DE","15-34",2025-01-16,2025-02-02,3,"quantile",0.75,463543.65
"1952","DE","15-34",2025-01-16,2025-02-02,3,"quantile",0.9,559183.06
"1953","DE","15-34",2025-01-16,2025-02-02,3,"quantile",0.975,679128.595
"1954","DE","15-34",2025-01-16,2025-02-09,4,"quantile",0.025,179359.5275
"1955","DE","15-34",2025-01-16,2025-02-09,4,"quantile",0.1,237257.81
"1956","DE","15-34",2025-01-16,2025-02-09,4,"quantile",0.25,299608.05
"1957","DE","15-34",2025-01-16,2025-02-09,4,"quantile",0.5,380658.05
"1958","DE","15-34",2025-01-16,2025-02-09,4,"quantile",0.75,475931.625
"1959","DE","15-34",2025-01-16,2025-02-09,4,"quantile",0.9,574693.96
"1960","DE","15-34",2025-01-16,2025-02-09,4,"quantile",0.975,699508.3125
"1961","DE","35-59",2025-01-16,2025-01-19,1,"quantile",0.025,229882.55
"1962","DE","35-59",2025-01-16,2025-01-19,1,"quantile",0.1,305854.66
"1963","DE","35-59",2025-01-16,2025-01-19,1,"quantile",0.25,387949.925
"1964","DE","35-59",2025-01-16,2025-01-19,1,"quantile",0.5,495575.2
"1965","DE","35-59",2025-01-16,2025-01-19,1,"quantile",0.75,621255.325
"1966","DE","35-59",2025-01-16,2025-01-19,1,"quantile",0.9,751408.83
"1967","DE","35-59",2025-01-16,2025-01-19,1,"quantile",0.975,916638.33
"1968","DE","35-59",2025-01-16,2025-01-26,2,"quantile",0.025,222317.0575
"1969","DE","35-59",2025-01-16,2025-01-26,2,"quantile",0.1,297770.7
"1970","DE","35-59",2025-01-16,2025-01-26,2,"quantile",0.25,379326.5
"1971","DE","35-59",2025-01-16,2025-01-26,2,"quantile",0.5,486693.2
"1972","DE","35-59",2025-01-16,2025-01-26,2,"quantile",0.75,612656.1
"1973","DE","35-59",2025-01-16,2025-01-26,2,"quantile",0.9,743395.9
"1974","DE","35-59",2025-01-16,2025-01-26,2,"quantile",0.975,907991.3775
"1975","DE","35-59",2025-01-16,2025-02-02,3,"quantile",0.025,216839.73
"1976","DE","35-59",2025-01-16,2025-02-02,3,"quantile",0.1,288299.09
"1977","DE","35-59",2025-01-16,2025-02-02,3,"quantile",0.25,365659.975
"1978","DE","35-59",2025-01-16,2025-02-02,3,"quantile",0.5,467058.9
"1979","DE","35-59",2025-01-16,2025-02-02,3,"quantile",0.75,586831
"1980","DE","35-59",2025-01-16,2025-02-02,3,"quantile",0.9,709938.02
"1981","DE","35-59",2025-01-16,2025-02-02,3,"quantile",0.975,865916.275
"1982","DE","35-59",2025-01-16,2025-02-09,4,"quantile",0.025,224712.975
"1983","DE","35-59",2025-01-16,2025-02-09,4,"quantile",0.1,300157.68
"1984","DE","35-59",2025-01-16,2025-02-09,4,"quantile",0.25,381355.35
"1985","DE","35-59",2025-01-16,2025-02-09,4,"quantile",0.5,487671.4
"1986","DE","35-59",2025-01-16,2025-02-09,4,"quantile",0.75,612529.05
"1987","DE","35-59",2025-01-16,2025-02-09,4,"quantile",0.9,740913.94
"1988","DE","35-59",2025-01-16,2025-02-09,4,"quantile",0.975,903442.155
"1989","DE","60+",2025-01-16,2025-01-19,1,"quantile",0.025,89675.28
"1990","DE","60+",2025-01-16,2025-01-19,1,"quantile",0.1,116552.43
"1991","DE","60+",2025-01-16,2025-01-19,1,"quantile",0.25,144805.7
"1992","DE","60+",2025-01-16,2025-01-19,1,"quantile",0.5,181306.45
"1993","DE","60+",2025-01-16,2025-01-19,1,"quantile",0.75,223538.35
"1994","DE","60+",2025-01-16,2025-01-19,1,"quantile",0.9,266998.78
"1995","DE","60+",2025-01-16,2025-01-19,1,"quantile",0.975,321204.7875
"1996","DE","60+",2025-01-16,2025-01-26,2,"quantile",0.025,88535.7175
"1997","DE","60+",2025-01-16,2025-01-26,2,"quantile",0.1,115102.42
"1998","DE","60+",2025-01-16,2025-01-26,2,"quantile",0.25,143176.6
"1999","DE","60+",2025-01-16,2025-01-26,2,"quantile",0.5,179405.05
"2000","DE","60+",2025-01-16,2025-01-26,2,"quantile",0.75,221336.625
"2001","DE","60+",2025-01-16,2025-01-26,2,"quantile",0.9,264550.22
"2002","DE","60+",2025-01-16,2025-01-26,2,"quantile",0.975,318946.1825
"2003","DE","60+",2025-01-16,2025-02-02,3,"quantile",0.025,83606.9675
"2004","DE","60+",2025-01-16,2025-02-02,3,"quantile",0.1,108661.45
"2005","DE","60+",2025-01-16,2025-02-02,3,"quantile",0.25,135195.9
"2006","DE","60+",2025-01-16,2025-02-02,3,"quantile",0.5,169463.2
"2007","DE","60+",2025-01-16,2025-02-02,3,"quantile",0.75,209291.4
"2008","DE","60+",2025-01-16,2025-02-02,3,"quantile",0.9,249722.91
"2009","DE","60+",2025-01-16,2025-02-02,3,"quantile",0.975,301628.495
"2010","DE","60+",2025-01-16,2025-02-09,4,"quantile",0.025,88386.845
"2011","DE","60+",2025-01-16,2025-02-09,4,"quantile",0.1,114705.89
"2012","DE","60+",2025-01-16,2025-02-09,4,"quantile",0.25,142654.675
"2013","DE","60+",2025-01-16,2025-02-09,4,"quantile",0.5,178740.1
"2014","DE","60+",2025-01-16,2025-02-09,4,"quantile",0.75,220780
"2015","DE","60+",2025-01-16,2025-02-09,4,"quantile",0.9,263699.93
"2016","DE","60+",2025-01-16,2025-02-09,4,"quantile",0.975,317811.54
"2017","DE","00+",2025-01-23,2025-01-26,1,"quantile",0.025,761096.9225
"2018","DE","00+",2025-01-23,2025-01-26,1,"quantile",0.1,977705.46
"2019","DE","00+",2025-01-23,2025-01-26,1,"quantile",0.25,1207738.5
"2020","DE","00+",2025-01-23,2025-01-26,1,"quantile",0.5,1503661.95
"2021","DE","00+",2025-01-23,2025-01-26,1,"quantile",0.75,1844333.125
"2022","DE","00+",2025-01-23,2025-01-26,1,"quantile",0.9,2190720.09
"2023","DE","00+",2025-01-23,2025-01-26,1,"quantile",0.975,2624155.7225
"2024","DE","00+",2025-01-23,2025-02-02,2,"quantile",0.025,748698.4
"2025","DE","00+",2025-01-23,2025-02-02,2,"quantile",0.1,960615.75
"2026","DE","00+",2025-01-23,2025-02-02,2,"quantile",0.25,1184349.875
"2027","DE","00+",2025-01-23,2025-02-02,2,"quantile",0.5,1472823.8
"2028","DE","00+",2025-01-23,2025-02-02,2,"quantile",0.75,1807336.975
"2029","DE","00+",2025-01-23,2025-02-02,2,"quantile",0.9,2144983.76
"2030","DE","00+",2025-01-23,2025-02-02,2,"quantile",0.975,2569868.645
"2031","DE","00+",2025-01-23,2025-02-09,3,"quantile",0.025,813442.07
"2032","DE","00+",2025-01-23,2025-02-09,3,"quantile",0.1,1037178.34
"2033","DE","00+",2025-01-23,2025-02-09,3,"quantile",0.25,1276049.625
"2034","DE","00+",2025-01-23,2025-02-09,3,"quantile",0.5,1581339.2
"2035","DE","00+",2025-01-23,2025-02-09,3,"quantile",0.75,1935403.725
"2036","DE","00+",2025-01-23,2025-02-09,3,"quantile",0.9,2293572.96
"2037","DE","00+",2025-01-23,2025-02-09,3,"quantile",0.975,2743049.5575
"2038","DE","00+",2025-01-23,2025-02-16,4,"quantile",0.025,744283.9725
"2039","DE","00+",2025-01-23,2025-02-16,4,"quantile",0.1,955544.18
"2040","DE","00+",2025-01-23,2025-02-16,4,"quantile",0.25,1179767.325
"2041","DE","00+",2025-01-23,2025-02-16,4,"quantile",0.5,1467588.4
"2042","DE","00+",2025-01-23,2025-02-16,4,"quantile",0.75,1802958.275
"2043","DE","00+",2025-01-23,2025-02-16,4,"quantile",0.9,2142175.56
"2044","DE","00+",2025-01-23,2025-02-16,4,"quantile",0.975,2571372.745
"2045","DE","00-04",2025-01-23,2025-01-26,1,"quantile",0.025,104046.94
"2046","DE","00-04",2025-01-23,2025-01-26,1,"quantile",0.1,138393.89
"2047","DE","00-04",2025-01-23,2025-01-26,1,"quantile",0.25,174952.75
"2048","DE","00-04",2025-01-23,2025-01-26,1,"quantile",0.5,222709.7
"2049","DE","00-04",2025-01-23,2025-01-26,1,"quantile",0.75,278547.25
"2050","DE","00-04",2025-01-23,2025-01-26,1,"quantile",0.9,336323.23
"2051","DE","00-04",2025-01-23,2025-01-26,1,"quantile",0.975,409108.4025
"2052","DE","00-04",2025-01-23,2025-02-02,2,"quantile",0.025,99324.6875
"2053","DE","00-04",2025-01-23,2025-02-02,2,"quantile",0.1,132285.05
"2054","DE","00-04",2025-01-23,2025-02-02,2,"quantile",0.25,167709.625
"2055","DE","00-04",2025-01-23,2025-02-02,2,"quantile",0.5,214657.05
"2056","DE","00-04",2025-01-23,2025-02-02,2,"quantile",0.75,269140.325
"2057","DE","00-04",2025-01-23,2025-02-02,2,"quantile",0.9,325377.15
"2058","DE","00-04",2025-01-23,2025-02-02,2,"quantile",0.975,396500.3575
"2059","DE","00-04",2025-01-23,2025-02-09,3,"quantile",0.025,104479.7875
"2060","DE","00-04",2025-01-23,2025-02-09,3,"quantile",0.1,139024.05
"2061","DE","00-04",2025-01-23,2025-02-09,3,"quantile",0.25,176360.625
"2062","DE","00-04",2025-01-23,2025-02-09,3,"quantile",0.5,225073.6
"2063","DE","00-04",2025-01-23,2025-02-09,3,"quantile",0.75,282507.225
"2064","DE","00-04",2025-01-23,2025-02-09,3,"quantile",0.9,341581.75
"2065","DE","00-04",2025-01-23,2025-02-09,3,"quantile",0.975,416538.985
"2066","DE","00-04",2025-01-23,2025-02-16,4,"quantile",0.025,99180.31
"2067","DE","00-04",2025-01-23,2025-02-16,4,"quantile",0.1,132676.24
"2068","DE","00-04",2025-01-23,2025-02-16,4,"quantile",0.25,168389.225
"2069","DE","00-04",2025-01-23,2025-02-16,4,"quantile",0.5,215233.35
"2070","DE","00-04",2025-01-23,2025-02-16,4,"quantile",0.75,270477.625
"2071","DE","00-04",2025-01-23,2025-02-16,4,"quantile",0.9,327335.37
"2072","DE","00-04",2025-01-23,2025-02-16,4,"quantile",0.975,399695.9525
"2073","DE","05-14",2025-01-23,2025-01-26,1,"quantile",0.025,70370.4325
"2074","DE","05-14",2025-01-23,2025-01-26,1,"quantile",0.1,98634.12
"2075","DE","05-14",2025-01-23,2025-01-26,1,"quantile",0.25,130194.85
"2076","DE","05-14",2025-01-23,2025-01-26,1,"quantile",0.5,172534.85
"2077","DE","05-14",2025-01-23,2025-01-26,1,"quantile",0.75,223182.925
"2078","DE","05-14",2025-01-23,2025-01-26,1,"quantile",0.9,276570.95
"2079","DE","05-14",2025-01-23,2025-01-26,1,"quantile",0.975,345889.285
"2080","DE","05-14",2025-01-23,2025-02-02,2,"quantile",0.025,68561.7125
"2081","DE","05-14",2025-01-23,2025-02-02,2,"quantile",0.1,96387.63
"2082","DE","05-14",2025-01-23,2025-02-02,2,"quantile",0.25,127178.05
"2083","DE","05-14",2025-01-23,2025-02-02,2,"quantile",0.5,168886.55
"2084","DE","05-14",2025-01-23,2025-02-02,2,"quantile",0.75,219217.775
"2085","DE","05-14",2025-01-23,2025-02-02,2,"quantile",0.9,271986.8
"2086","DE","05-14",2025-01-23,2025-02-02,2,"quantile",0.975,339567.9375
"2087","DE","05-14",2025-01-23,2025-02-09,3,"quantile",0.025,73316.42
"2088","DE","05-14",2025-01-23,2025-02-09,3,"quantile",0.1,102868.86
"2089","DE","05-14",2025-01-23,2025-02-09,3,"quantile",0.25,135431.675
"2090","DE","05-14",2025-01-23,2025-02-09,3,"quantile",0.5,178948.25
"2091","DE","05-14",2025-01-23,2025-02-09,3,"quantile",0.75,231575.9
"2092","DE","05-14",2025-01-23,2025-02-09,3,"quantile",0.9,286651.5
"2093","DE","05-14",2025-01-23,2025-02-09,3,"quantile",0.975,357091.9575
"2094","DE","05-14",2025-01-23,2025-02-16,4,"quantile",0.025,67570.41
"2095","DE","05-14",2025-01-23,2025-02-16,4,"quantile",0.1,95052.94
"2096","DE","05-14",2025-01-23,2025-02-16,4,"quantile",0.25,125897.675
"2097","DE","05-14",2025-01-23,2025-02-16,4,"quantile",0.5,167300.6
"2098","DE","05-14",2025-01-23,2025-02-16,4,"quantile",0.75,217588.625
"2099","DE","05-14",2025-01-23,2025-02-16,4,"quantile",0.9,270122.59
"2100","DE","05-14",2025-01-23,2025-02-16,4,"quantile",0.975,338346.2075
"2101","DE","15-34",2025-01-23,2025-01-26,1,"quantile",0.025,182225.4975
"2102","DE","15-34",2025-01-23,2025-01-26,1,"quantile",0.1,242097.26
"2103","DE","15-34",2025-01-23,2025-01-26,1,"quantile",0.25,306440.3
"2104","DE","15-34",2025-01-23,2025-01-26,1,"quantile",0.5,391343.5
"2105","DE","15-34",2025-01-23,2025-01-26,1,"quantile",0.75,491580.625
"2106","DE","15-34",2025-01-23,2025-01-26,1,"quantile",0.9,594106.1
"2107","DE","15-34",2025-01-23,2025-01-26,1,"quantile",0.975,723044.2275
"2108","DE","15-34",2025-01-23,2025-02-02,2,"quantile",0.025,176367.235
"2109","DE","15-34",2025-01-23,2025-02-02,2,"quantile",0.1,234442.97
"2110","DE","15-34",2025-01-23,2025-02-02,2,"quantile",0.25,297131.275
"2111","DE","15-34",2025-01-23,2025-02-02,2,"quantile",0.5,379113
"2112","DE","15-34",2025-01-23,2025-02-02,2,"quantile",0.75,474999.075
"2113","DE","15-34",2025-01-23,2025-02-02,2,"quantile",0.9,574047.56
"2114","DE","15-34",2025-01-23,2025-02-02,2,"quantile",0.975,699362.6525
"2115","DE","15-34",2025-01-23,2025-02-09,3,"quantile",0.025,188486.7775
"2116","DE","15-34",2025-01-23,2025-02-09,3,"quantile",0.1,250380.53
"2117","DE","15-34",2025-01-23,2025-02-09,3,"quantile",0.25,316741.225
"2118","DE","15-34",2025-01-23,2025-02-09,3,"quantile",0.5,403607.2
"2119","DE","15-34",2025-01-23,2025-02-09,3,"quantile",0.75,505638.25
"2120","DE","15-34",2025-01-23,2025-02-09,3,"quantile",0.9,610603.68
"2121","DE","15-34",2025-01-23,2025-02-09,3,"quantile",0.975,743604.465
"2122","DE","15-34",2025-01-23,2025-02-16,4,"quantile",0.025,174795.3125
"2123","DE","15-34",2025-01-23,2025-02-16,4,"quantile",0.1,233394.51
"2124","DE","15-34",2025-01-23,2025-02-16,4,"quantile",0.25,296119.125
"2125","DE","15-34",2025-01-23,2025-02-16,4,"quantile",0.5,378236.95
"2126","DE","15-34",2025-01-23,2025-02-16,4,"quantile",0.75,474407.65
"2127","DE","15-34",2025-01-23,2025-02-16,4,"quantile",0.9,574558.68
"2128","DE","15-34",2025-01-23,2025-02-16,4,"quantile",0.975,699699.99
"2129","DE","35-59",2025-01-23,2025-01-26,1,"quantile",0.025,242884.555
"2130","DE","35-59",2025-01-23,2025-01-26,1,"quantile",0.1,321197.15
"2131","DE","35-59",2025-01-23,2025-01-26,1,"quantile",0.25,405322.35
"2132","DE","35-59",2025-01-23,2025-01-26,1,"quantile",0.5,514451.9
"2133","DE","35-59",2025-01-23,2025-01-26,1,"quantile",0.75,641875.15
"2134","DE","35-59",2025-01-23,2025-01-26,1,"quantile",0.9,773402.26
"2135","DE","35-59",2025-01-23,2025-01-26,1,"quantile",0.975,940544.0775
"2136","DE","35-59",2025-01-23,2025-02-02,2,"quantile",0.025,234248.115
"2137","DE","35-59",2025-01-23,2025-02-02,2,"quantile",0.1,311728.14
"2138","DE","35-59",2025-01-23,2025-02-02,2,"quantile",0.25,394220.225
"2139","DE","35-59",2025-01-23,2025-02-02,2,"quantile",0.5,502709.8
"2140","DE","35-59",2025-01-23,2025-02-02,2,"quantile",0.75,629661.3
"2141","DE","35-59",2025-01-23,2025-02-02,2,"quantile",0.9,760049.96
"2142","DE","35-59",2025-01-23,2025-02-02,2,"quantile",0.975,927704.4775
"2143","DE","35-59",2025-01-23,2025-02-09,3,"quantile",0.025,247938.9325
"2144","DE","35-59",2025-01-23,2025-02-09,3,"quantile",0.1,328633.42
"2145","DE","35-59",2025-01-23,2025-02-09,3,"quantile",0.25,414886.3
"2146","DE","35-59",2025-01-23,2025-02-09,3,"quantile",0.5,528036.35
"2147","DE","35-59",2025-01-23,2025-02-09,3,"quantile",0.75,660345.675
"2148","DE","35-59",2025-01-23,2025-02-09,3,"quantile",0.9,796432.26
"2149","DE","35-59",2025-01-23,2025-02-09,3,"quantile",0.975,967990.775
"2150","DE","35-59",2025-01-23,2025-02-16,4,"quantile",0.025,231604.2625
"2151","DE","35-59",2025-01-23,2025-02-16,4,"quantile",0.1,307390.03
"2152","DE","35-59",2025-01-23,2025-02-16,4,"quantile",0.25,388855.025
"2153","DE","35-59",2025-01-23,2025-02-16,4,"quantile",0.5,495772.5
"2154","DE","35-59",2025-01-23,2025-02-16,4,"quantile",0.75,620929.325
"2155","DE","35-59",2025-01-23,2025-02-16,4,"quantile",0.9,750356
"2156","DE","35-59",2025-01-23,2025-02-16,4,"quantile",0.975,912818.4725
"2157","DE","60+",2025-01-23,2025-01-26,1,"quantile",0.025,91276.7975
"2158","DE","60+",2025-01-23,2025-01-26,1,"quantile",0.1,119717.17
"2159","DE","60+",2025-01-23,2025-01-26,1,"quantile",0.25,149741.575
"2160","DE","60+",2025-01-23,2025-01-26,1,"quantile",0.5,188480.1
"2161","DE","60+",2025-01-23,2025-01-26,1,"quantile",0.75,233740.3
"2162","DE","60+",2025-01-23,2025-01-26,1,"quantile",0.9,280246.12
"2163","DE","60+",2025-01-23,2025-01-26,1,"quantile",0.975,338519.3875
"2164","DE","60+",2025-01-23,2025-02-02,2,"quantile",0.025,88542.825
"2165","DE","60+",2025-01-23,2025-02-02,2,"quantile",0.1,115994.81
"2166","DE","60+",2025-01-23,2025-02-02,2,"quantile",0.25,145128.475
"2167","DE","60+",2025-01-23,2025-02-02,2,"quantile",0.5,182902.9
"2168","DE","60+",2025-01-23,2025-02-02,2,"quantile",0.75,227060.45
"2169","DE","60+",2025-01-23,2025-02-02,2,"quantile",0.9,272073.76
"2170","DE","60+",2025-01-23,2025-02-02,2,"quantile",0.975,328150.52
"2171","DE","60+",2025-01-23,2025-02-09,3,"quantile",0.025,94883.265
"2172","DE","60+",2025-01-23,2025-02-09,3,"quantile",0.1,123240.22
"2173","DE","60+",2025-01-23,2025-02-09,3,"quantile",0.25,153517.625
"2174","DE","60+",2025-01-23,2025-02-09,3,"quantile",0.5,192892.25
"2175","DE","60+",2025-01-23,2025-02-09,3,"quantile",0.75,238142.025
"2176","DE","60+",2025-01-23,2025-02-09,3,"quantile",0.9,284493.58
"2177","DE","60+",2025-01-23,2025-02-09,3,"quantile",0.975,343966.205
"2178","DE","60+",2025-01-23,2025-02-16,4,"quantile",0.025,88133.2775
"2179","DE","60+",2025-01-23,2025-02-16,4,"quantile",0.1,115053.74
"2180","DE","60+",2025-01-23,2025-02-16,4,"quantile",0.25,143933.725
"2181","DE","60+",2025-01-23,2025-02-16,4,"quantile",0.5,181377.5
"2182","DE","60+",2025-01-23,2025-02-16,4,"quantile",0.75,224786.3
"2183","DE","60+",2025-01-23,2025-02-16,4,"quantile",0.9,268787.44
"2184","DE","60+",2025-01-23,2025-02-16,4,"quantile",0.975,324374.2925
"2185","DE","00+",2025-01-30,2025-02-02,1,"quantile",0.025,1009860.0475
"2186","DE","00+",2025-01-30,2025-02-02,1,"quantile",0.1,1264675.5
"2187","DE","00+",2025-01-30,2025-02-02,1,"quantile",0.25,1532367.5
"2188","DE","00+",2025-01-30,2025-02-02,1,"quantile",0.5,1870736.6
"2189","DE","00+",2025-01-30,2025-02-02,1,"quantile",0.75,2256506.15
"2190","DE","00+",2025-01-30,2025-02-02,1,"quantile",0.9,2647183.33
"2191","DE","00+",2025-01-30,2025-02-02,1,"quantile",0.975,3132507.8375
"2192","DE","00+",2025-01-30,2025-02-09,2,"quantile",0.025,957260.25
"2193","DE","00+",2025-01-30,2025-02-09,2,"quantile",0.1,1205698.83
"2194","DE","00+",2025-01-30,2025-02-09,2,"quantile",0.25,1461677.025
"2195","DE","00+",2025-01-30,2025-02-09,2,"quantile",0.5,1788775.15
"2196","DE","00+",2025-01-30,2025-02-09,2,"quantile",0.75,2162081.525
"2197","DE","00+",2025-01-30,2025-02-09,2,"quantile",0.9,2540807.89
"2198","DE","00+",2025-01-30,2025-02-09,2,"quantile",0.975,3008187.31
"2199","DE","00+",2025-01-30,2025-02-16,3,"quantile",0.025,909563.57
"2200","DE","00+",2025-01-30,2025-02-16,3,"quantile",0.1,1148851.3
"2201","DE","00+",2025-01-30,2025-02-16,3,"quantile",0.25,1395926.85
"2202","DE","00+",2025-01-30,2025-02-16,3,"quantile",0.5,1714054.55
"2203","DE","00+",2025-01-30,2025-02-16,3,"quantile",0.75,2074358.95
"2204","DE","00+",2025-01-30,2025-02-16,3,"quantile",0.9,2441100.68
"2205","DE","00+",2025-01-30,2025-02-16,3,"quantile",0.975,2895350.27
"2206","DE","00+",2025-01-30,2025-02-23,4,"quantile",0.025,876786.8375
"2207","DE","00+",2025-01-30,2025-02-23,4,"quantile",0.1,1105570.98
"2208","DE","00+",2025-01-30,2025-02-23,4,"quantile",0.25,1343171.775
"2209","DE","00+",2025-01-30,2025-02-23,4,"quantile",0.5,1646694
"2210","DE","00+",2025-01-30,2025-02-23,4,"quantile",0.75,1991370.025
"2211","DE","00+",2025-01-30,2025-02-23,4,"quantile",0.9,2341876.63
"2212","DE","00+",2025-01-30,2025-02-23,4,"quantile",0.975,2783311.67
"2213","DE","00-04",2025-01-30,2025-02-02,1,"quantile",0.025,122686.675
"2214","DE","00-04",2025-01-30,2025-02-02,1,"quantile",0.1,161467.22
"2215","DE","00-04",2025-01-30,2025-02-02,1,"quantile",0.25,202620
"2216","DE","00-04",2025-01-30,2025-02-02,1,"quantile",0.5,256142.7
"2217","DE","00-04",2025-01-30,2025-02-02,1,"quantile",0.75,318610.925
"2218","DE","00-04",2025-01-30,2025-02-02,1,"quantile",0.9,383034.74
"2219","DE","00-04",2025-01-30,2025-02-02,1,"quantile",0.975,463246.5925
"2220","DE","00-04",2025-01-30,2025-02-09,2,"quantile",0.025,117548.0975
"2221","DE","00-04",2025-01-30,2025-02-09,2,"quantile",0.1,154526.54
"2222","DE","00-04",2025-01-30,2025-02-09,2,"quantile",0.25,193822.425
"2223","DE","00-04",2025-01-30,2025-02-09,2,"quantile",0.5,245121.75
"2224","DE","00-04",2025-01-30,2025-02-09,2,"quantile",0.75,304968.325
"2225","DE","00-04",2025-01-30,2025-02-09,2,"quantile",0.9,366339.53
"2226","DE","00-04",2025-01-30,2025-02-09,2,"quantile",0.975,442985.8
"2227","DE","00-04",2025-01-30,2025-02-16,3,"quantile",0.025,115290.5825
"2228","DE","00-04",2025-01-30,2025-02-16,3,"quantile",0.1,152045.27
"2229","DE","00-04",2025-01-30,2025-02-16,3,"quantile",0.25,191020.375
"2230","DE","00-04",2025-01-30,2025-02-16,3,"quantile",0.5,241779.25
"2231","DE","00-04",2025-01-30,2025-02-16,3,"quantile",0.75,300764.325
"2232","DE","00-04",2025-01-30,2025-02-16,3,"quantile",0.9,361364.65
"2233","DE","00-04",2025-01-30,2025-02-16,3,"quantile",0.975,438324.8275
"2234","DE","00-04",2025-01-30,2025-02-23,4,"quantile",0.025,112689.115
"2235","DE","00-04",2025-01-30,2025-02-23,4,"quantile",0.1,148136.97
"2236","DE","00-04",2025-01-30,2025-02-23,4,"quantile",0.25,186104.175
"2237","DE","00-04",2025-01-30,2025-02-23,4,"quantile",0.5,235482.5
"2238","DE","00-04",2025-01-30,2025-02-23,4,"quantile",0.75,292738.65
"2239","DE","00-04",2025-01-30,2025-02-23,4,"quantile",0.9,351375.99
"2240","DE","00-04",2025-01-30,2025-02-23,4,"quantile",0.975,425535.7225
"2241","DE","05-14",2025-01-30,2025-02-02,1,"quantile",0.025,88548.42
"2242","DE","05-14",2025-01-30,2025-02-02,1,"quantile",0.1,122388.29
"2243","DE","05-14",2025-01-30,2025-02-02,1,"quantile",0.25,159173.6
"2244","DE","05-14",2025-01-30,2025-02-02,1,"quantile",0.5,208236.55
"2245","DE","05-14",2025-01-30,2025-02-02,1,"quantile",0.75,266882.05
"2246","DE","05-14",2025-01-30,2025-02-02,1,"quantile",0.9,327842.62
"2247","DE","05-14",2025-01-30,2025-02-02,1,"quantile",0.975,406240.7075
"2248","DE","05-14",2025-01-30,2025-02-09,2,"quantile",0.025,85397.8825
"2249","DE","05-14",2025-01-30,2025-02-09,2,"quantile",0.1,117913.06
"2250","DE","05-14",2025-01-30,2025-02-09,2,"quantile",0.25,153429.7
"2251","DE","05-14",2025-01-30,2025-02-09,2,"quantile",0.5,201176.35
"2252","DE","05-14",2025-01-30,2025-02-09,2,"quantile",0.75,257812.575
"2253","DE","05-14",2025-01-30,2025-02-09,2,"quantile",0.9,317635.21
"2254","DE","05-14",2025-01-30,2025-02-09,2,"quantile",0.975,393888.1025
"2255","DE","05-14",2025-01-30,2025-02-16,3,"quantile",0.025,81548.815
"2256","DE","05-14",2025-01-30,2025-02-16,3,"quantile",0.1,113276.19
"2257","DE","05-14",2025-01-30,2025-02-16,3,"quantile",0.25,147902.925
"2258","DE","05-14",2025-01-30,2025-02-16,3,"quantile",0.5,194273.75
"2259","DE","05-14",2025-01-30,2025-02-16,3,"quantile",0.75,249794.3
"2260","DE","05-14",2025-01-30,2025-02-16,3,"quantile",0.9,307578.75
"2261","DE","05-14",2025-01-30,2025-02-16,3,"quantile",0.975,382159.68
"2262","DE","05-14",2025-01-30,2025-02-23,4,"quantile",0.025,78979.9125
"2263","DE","05-14",2025-01-30,2025-02-23,4,"quantile",0.1,109202.19
"2264","DE","05-14",2025-01-30,2025-02-23,4,"quantile",0.25,142405.15
"2265","DE","05-14",2025-01-30,2025-02-23,4,"quantile",0.5,187141
"2266","DE","05-14",2025-01-30,2025-02-23,4,"quantile",0.75,240599.8
"2267","DE","05-14",2025-01-30,2025-02-23,4,"quantile",0.9,296714.7
"2268","DE","05-14",2025-01-30,2025-02-23,4,"quantile",0.975,368563.1075
"2269","DE","15-34",2025-01-30,2025-02-02,1,"quantile",0.025,236570.06
"2270","DE","15-34",2025-01-30,2025-02-02,1,"quantile",0.1,307472.77
"2271","DE","15-34",2025-01-30,2025-02-02,1,"quantile",0.25,382126.875
"2272","DE","15-34",2025-01-30,2025-02-02,1,"quantile",0.5,479111.25
"2273","DE","15-34",2025-01-30,2025-02-02,1,"quantile",0.75,590466.4
"2274","DE","15-34",2025-01-30,2025-02-02,1,"quantile",0.9,704299.59
"2275","DE","15-34",2025-01-30,2025-02-02,1,"quantile",0.975,847314.4225
"2276","DE","15-34",2025-01-30,2025-02-09,2,"quantile",0.025,227044.735
"2277","DE","15-34",2025-01-30,2025-02-09,2,"quantile",0.1,295464.25
"2278","DE","15-34",2025-01-30,2025-02-09,2,"quantile",0.25,367902.175
"2279","DE","15-34",2025-01-30,2025-02-09,2,"quantile",0.5,462211.75
"2280","DE","15-34",2025-01-30,2025-02-09,2,"quantile",0.75,571727.65
"2281","DE","15-34",2025-01-30,2025-02-09,2,"quantile",0.9,683492.51
"2282","DE","15-34",2025-01-30,2025-02-09,2,"quantile",0.975,824464.14
"2283","DE","15-34",2025-01-30,2025-02-16,3,"quantile",0.025,216671.935
"2284","DE","15-34",2025-01-30,2025-02-16,3,"quantile",0.1,283088.88
"2285","DE","15-34",2025-01-30,2025-02-16,3,"quantile",0.25,353260.475
"2286","DE","15-34",2025-01-30,2025-02-16,3,"quantile",0.5,444828.35
"2287","DE","15-34",2025-01-30,2025-02-16,3,"quantile",0.75,550596.3
"2288","DE","15-34",2025-01-30,2025-02-16,3,"quantile",0.9,659438.42
"2289","DE","15-34",2025-01-30,2025-02-16,3,"quantile",0.975,796113.925
"2290","DE","15-34",2025-01-30,2025-02-23,4,"quantile",0.025,210555.13
"2291","DE","15-34",2025-01-30,2025-02-23,4,"quantile",0.1,273162.78
"2292","DE","15-34",2025-01-30,2025-02-23,4,"quantile",0.25,341228.475
"2293","DE","15-34",2025-01-30,2025-02-23,4,"quantile",0.5,429268.65
"2294","DE","15-34",2025-01-30,2025-02-23,4,"quantile",0.75,531062.95
"2295","DE","15-34",2025-01-30,2025-02-23,4,"quantile",0.9,635372.08
"2296","DE","15-34",2025-01-30,2025-02-23,4,"quantile",0.975,766262.57
"2297","DE","35-59",2025-01-30,2025-02-02,1,"quantile",0.025,331681.88
"2298","DE","35-59",2025-01-30,2025-02-02,1,"quantile",0.1,428286.62
"2299","DE","35-59",2025-01-30,2025-02-02,1,"quantile",0.25,530201.45
"2300","DE","35-59",2025-01-30,2025-02-02,1,"quantile",0.5,661728.45
"2301","DE","35-59",2025-01-30,2025-02-02,1,"quantile",0.75,814574.225
"2302","DE","35-59",2025-01-30,2025-02-02,1,"quantile",0.9,971356.6
"2303","DE","35-59",2025-01-30,2025-02-02,1,"quantile",0.975,1168472.0275
"2304","DE","35-59",2025-01-30,2025-02-09,2,"quantile",0.025,313631.5575
"2305","DE","35-59",2025-01-30,2025-02-09,2,"quantile",0.1,406183.65
"2306","DE","35-59",2025-01-30,2025-02-09,2,"quantile",0.25,505087.425
"2307","DE","35-59",2025-01-30,2025-02-09,2,"quantile",0.5,631942.85
"2308","DE","35-59",2025-01-30,2025-02-09,2,"quantile",0.75,779233.85
"2309","DE","35-59",2025-01-30,2025-02-09,2,"quantile",0.9,929925.66
"2310","DE","35-59",2025-01-30,2025-02-09,2,"quantile",0.975,1119681.08
"2311","DE","35-59",2025-01-30,2025-02-16,3,"quantile",0.025,300600.5325
"2312","DE","35-59",2025-01-30,2025-02-16,3,"quantile",0.1,389904.44
"2313","DE","35-59",2025-01-30,2025-02-16,3,"quantile",0.25,485526.175
"2314","DE","35-59",2025-01-30,2025-02-16,3,"quantile",0.5,609570.1
"2315","DE","35-59",2025-01-30,2025-02-16,3,"quantile",0.75,753832.775
"2316","DE","35-59",2025-01-30,2025-02-16,3,"quantile",0.9,901813.17
"2317","DE","35-59",2025-01-30,2025-02-16,3,"quantile",0.975,1088537.26
"2318","DE","35-59",2025-01-30,2025-02-23,4,"quantile",0.025,285335.4925
"2319","DE","35-59",2025-01-30,2025-02-23,4,"quantile",0.1,372214.14
"2320","DE","35-59",2025-01-30,2025-02-23,4,"quantile",0.25,463616.975
"2321","DE","35-59",2025-01-30,2025-02-23,4,"quantile",0.5,582363.6
"2322","DE","35-59",2025-01-30,2025-02-23,4,"quantile",0.75,719645.55
"2323","DE","35-59",2025-01-30,2025-02-23,4,"quantile",0.9,860462.27
"2324","DE","35-59",2025-01-30,2025-02-23,4,"quantile",0.975,1038158.205
"2325","DE","60+",2025-01-30,2025-02-02,1,"quantile",0.025,121522.455
"2326","DE","60+",2025-01-30,2025-02-02,1,"quantile",0.1,155506.7
"2327","DE","60+",2025-01-30,2025-02-02,1,"quantile",0.25,191357.075
"2328","DE","60+",2025-01-30,2025-02-02,1,"quantile",0.5,237511.65
"2329","DE","60+",2025-01-30,2025-02-02,1,"quantile",0.75,290542.25
"2330","DE","60+",2025-01-30,2025-02-02,1,"quantile",0.9,344428.83
"2331","DE","60+",2025-01-30,2025-02-02,1,"quantile",0.975,412380.8325
"2332","DE","60+",2025-01-30,2025-02-09,2,"quantile",0.025,116657.4275
"2333","DE","60+",2025-01-30,2025-02-09,2,"quantile",0.1,149693.57
"2334","DE","60+",2025-01-30,2025-02-09,2,"quantile",0.25,184274.6
"2335","DE","60+",2025-01-30,2025-02-09,2,"quantile",0.5,228561.45
"2336","DE","60+",2025-01-30,2025-02-09,2,"quantile",0.75,279537.475
"2337","DE","60+",2025-01-30,2025-02-09,2,"quantile",0.9,331145.68
"2338","DE","60+",2025-01-30,2025-02-09,2,"quantile",0.975,395895.015
"2339","DE","60+",2025-01-30,2025-02-16,3,"quantile",0.025,112774.885
"2340","DE","60+",2025-01-30,2025-02-16,3,"quantile",0.1,144899.89
"2341","DE","60+",2025-01-30,2025-02-16,3,"quantile",0.25,178882.55
"2342","DE","60+",2025-01-30,2025-02-16,3,"quantile",0.5,222317.25
"2343","DE","60+",2025-01-30,2025-02-16,3,"quantile",0.75,272499.625
"2344","DE","60+",2025-01-30,2025-02-16,3,"quantile",0.9,323590.55
"2345","DE","60+",2025-01-30,2025-02-16,3,"quantile",0.975,386567.805
"2346","DE","60+",2025-01-30,2025-02-23,4,"quantile",0.025,106957.4675
"2347","DE","60+",2025-01-30,2025-02-23,4,"quantile",0.1,137599.52
"2348","DE","60+",2025-01-30,2025-02-23,4,"quantile",0.25,169938
"2349","DE","60+",2025-01-30,2025-02-23,4,"quantile",0.5,211450.3
"2350","DE","60+",2025-01-30,2025-02-23,4,"quantile",0.75,259085
"2351","DE","60+",2025-01-30,2025-02-23,4,"quantile",0.9,307801.13
"2352","DE","60+",2025-01-30,2025-02-23,4,"quantile",0.975,368541.28
"2353","DE","00+",2025-02-06,2025-02-09,1,"quantile",0.025,1049946.0025
"2354","DE","00+",2025-02-06,2025-02-09,1,"quantile",0.1,1331349.7
"2355","DE","00+",2025-02-06,2025-02-09,1,"quantile",0.25,1625476.825
"2356","DE","00+",2025-02-06,2025-02-09,1,"quantile",0.5,2001791
"2357","DE","00+",2025-02-06,2025-02-09,1,"quantile",0.75,2436221.825
"2358","DE","00+",2025-02-06,2025-02-09,1,"quantile",0.9,2880382.54
"2359","DE","00+",2025-02-06,2025-02-09,1,"quantile",0.975,3431074.07
"2360","DE","00+",2025-02-06,2025-02-16,2,"quantile",0.025,1025263.6825
"2361","DE","00+",2025-02-06,2025-02-16,2,"quantile",0.1,1303257.65
"2362","DE","00+",2025-02-06,2025-02-16,2,"quantile",0.25,1593342.775
"2363","DE","00+",2025-02-06,2025-02-16,2,"quantile",0.5,1965967.85
"2364","DE","00+",2025-02-06,2025-02-16,2,"quantile",0.75,2394485.65
"2365","DE","00+",2025-02-06,2025-02-16,2,"quantile",0.9,2830383.78
"2366","DE","00+",2025-02-06,2025-02-16,2,"quantile",0.975,3374576.375
"2367","DE","00+",2025-02-06,2025-02-23,3,"quantile",0.025,883228.3575
"2368","DE","00+",2025-02-06,2025-02-23,3,"quantile",0.1,1124491.9
"2369","DE","00+",2025-02-06,2025-02-23,3,"quantile",0.25,1377736.925
"2370","DE","00+",2025-02-06,2025-02-23,3,"quantile",0.5,1704052.7
"2371","DE","00+",2025-02-06,2025-02-23,3,"quantile",0.75,2082782.25
"2372","DE","00+",2025-02-06,2025-02-23,3,"quantile",0.9,2465082.9
"2373","DE","00+",2025-02-06,2025-02-23,3,"quantile",0.975,2943858.825
"2374","DE","00+",2025-02-06,2025-03-02,4,"quantile",0.025,777025.1475
"2375","DE","00+",2025-02-06,2025-03-02,4,"quantile",0.1,997251.06
"2376","DE","00+",2025-02-06,2025-03-02,4,"quantile",0.25,1227959.675
"2377","DE","00+",2025-02-06,2025-03-02,4,"quantile",0.5,1524066.55
"2378","DE","00+",2025-02-06,2025-03-02,4,"quantile",0.75,1866106.125
"2379","DE","00+",2025-02-06,2025-03-02,4,"quantile",0.9,2214784.19
"2380","DE","00+",2025-02-06,2025-03-02,4,"quantile",0.975,2648274.0325
"2381","DE","00-04",2025-02-06,2025-02-09,1,"quantile",0.025,129068.64
"2382","DE","00-04",2025-02-06,2025-02-09,1,"quantile",0.1,171580.28
"2383","DE","00-04",2025-02-06,2025-02-09,1,"quantile",0.25,216935.35
"2384","DE","00-04",2025-02-06,2025-02-09,1,"quantile",0.5,276057.6
"2385","DE","00-04",2025-02-06,2025-02-09,1,"quantile",0.75,344912.675
"2386","DE","00-04",2025-02-06,2025-02-09,1,"quantile",0.9,416445.63
"2387","DE","00-04",2025-02-06,2025-02-09,1,"quantile",0.975,506469.85
"2388","DE","00-04",2025-02-06,2025-02-16,2,"quantile",0.025,127836.385
"2389","DE","00-04",2025-02-06,2025-02-16,2,"quantile",0.1,169454.58
"2390","DE","00-04",2025-02-06,2025-02-16,2,"quantile",0.25,213864.225
"2391","DE","00-04",2025-02-06,2025-02-16,2,"quantile",0.5,272413.6
"2392","DE","00-04",2025-02-06,2025-02-16,2,"quantile",0.75,340550.625
"2393","DE","00-04",2025-02-06,2025-02-16,2,"quantile",0.9,410703.15
"2394","DE","00-04",2025-02-06,2025-02-16,2,"quantile",0.975,499229.8725
"2395","DE","00-04",2025-02-06,2025-02-23,3,"quantile",0.025,111136.0475
"2396","DE","00-04",2025-02-06,2025-02-23,3,"quantile",0.1,147997.3
"2397","DE","00-04",2025-02-06,2025-02-23,3,"quantile",0.25,187754.8
"2398","DE","00-04",2025-02-06,2025-02-23,3,"quantile",0.5,239622.6
"2399","DE","00-04",2025-02-06,2025-02-23,3,"quantile",0.75,300336.925
"2400","DE","00-04",2025-02-06,2025-02-23,3,"quantile",0.9,363155.61
"2401","DE","00-04",2025-02-06,2025-02-23,3,"quantile",0.975,442778.9375
"2402","DE","00-04",2025-02-06,2025-03-02,4,"quantile",0.025,99841.9225
"2403","DE","00-04",2025-02-06,2025-03-02,4,"quantile",0.1,133347.03
"2404","DE","00-04",2025-02-06,2025-03-02,4,"quantile",0.25,169407.8
"2405","DE","00-04",2025-02-06,2025-03-02,4,"quantile",0.5,217031.85
"2406","DE","00-04",2025-02-06,2025-03-02,4,"quantile",0.75,272971.175
"2407","DE","00-04",2025-02-06,2025-03-02,4,"quantile",0.9,331035.62
"2408","DE","00-04",2025-02-06,2025-03-02,4,"quantile",0.975,403647.335
"2409","DE","05-14",2025-02-06,2025-02-09,1,"quantile",0.025,95530.71
"2410","DE","05-14",2025-02-06,2025-02-09,1,"quantile",0.1,132194.84
"2411","DE","05-14",2025-02-06,2025-02-09,1,"quantile",0.25,172465.175
"2412","DE","05-14",2025-02-06,2025-02-09,1,"quantile",0.5,226822.9
"2413","DE","05-14",2025-02-06,2025-02-09,1,"quantile",0.75,291377.1
"2414","DE","05-14",2025-02-06,2025-02-09,1,"quantile",0.9,359295.13
"2415","DE","05-14",2025-02-06,2025-02-09,1,"quantile",0.975,445512.535
"2416","DE","05-14",2025-02-06,2025-02-16,2,"quantile",0.025,94631.4175
"2417","DE","05-14",2025-02-06,2025-02-16,2,"quantile",0.1,130869.35
"2418","DE","05-14",2025-02-06,2025-02-16,2,"quantile",0.25,170713.1
"2419","DE","05-14",2025-02-06,2025-02-16,2,"quantile",0.5,224083.05
"2420","DE","05-14",2025-02-06,2025-02-16,2,"quantile",0.75,287467.625
"2421","DE","05-14",2025-02-06,2025-02-16,2,"quantile",0.9,353994.67
"2422","DE","05-14",2025-02-06,2025-02-16,2,"quantile",0.975,439407.675
"2423","DE","05-14",2025-02-06,2025-02-23,3,"quantile",0.025,80672.8275
"2424","DE","05-14",2025-02-06,2025-02-23,3,"quantile",0.1,112447.25
"2425","DE","05-14",2025-02-06,2025-02-23,3,"quantile",0.25,147727.925
"2426","DE","05-14",2025-02-06,2025-02-23,3,"quantile",0.5,195100.05
"2427","DE","05-14",2025-02-06,2025-02-23,3,"quantile",0.75,251830.45
"2428","DE","05-14",2025-02-06,2025-02-23,3,"quantile",0.9,311341.11
"2429","DE","05-14",2025-02-06,2025-02-23,3,"quantile",0.975,388760.4425
"2430","DE","05-14",2025-02-06,2025-03-02,4,"quantile",0.025,71695.495
"2431","DE","05-14",2025-02-06,2025-03-02,4,"quantile",0.1,100301.17
"2432","DE","05-14",2025-02-06,2025-03-02,4,"quantile",0.25,132438.85
"2433","DE","05-14",2025-02-06,2025-03-02,4,"quantile",0.5,175522.95
"2434","DE","05-14",2025-02-06,2025-03-02,4,"quantile",0.75,226906.6
"2435","DE","05-14",2025-02-06,2025-03-02,4,"quantile",0.9,281415.27
"2436","DE","05-14",2025-02-06,2025-03-02,4,"quantile",0.975,350899.64
"2437","DE","15-34",2025-02-06,2025-02-09,1,"quantile",0.025,249627.2125
"2438","DE","15-34",2025-02-06,2025-02-09,1,"quantile",0.1,327419.65
"2439","DE","15-34",2025-02-06,2025-02-09,1,"quantile",0.25,410197.4
"2440","DE","15-34",2025-02-06,2025-02-09,1,"quantile",0.5,518314.35
"2441","DE","15-34",2025-02-06,2025-02-09,1,"quantile",0.75,643591.175
"2442","DE","15-34",2025-02-06,2025-02-09,1,"quantile",0.9,771999.96
"2443","DE","15-34",2025-02-06,2025-02-09,1,"quantile",0.975,935674.1725
"2444","DE","15-34",2025-02-06,2025-02-16,2,"quantile",0.025,244698.93
"2445","DE","15-34",2025-02-06,2025-02-16,2,"quantile",0.1,319519.53
"2446","DE","15-34",2025-02-06,2025-02-16,2,"quantile",0.25,400320.65
"2447","DE","15-34",2025-02-06,2025-02-16,2,"quantile",0.5,505494.25
"2448","DE","15-34",2025-02-06,2025-02-16,2,"quantile",0.75,627921.925
"2449","DE","15-34",2025-02-06,2025-02-16,2,"quantile",0.9,753511.23
"2450","DE","15-34",2025-02-06,2025-02-16,2,"quantile",0.975,910779.8825
"2451","DE","15-34",2025-02-06,2025-02-23,3,"quantile",0.025,212703.1125
"2452","DE","15-34",2025-02-06,2025-02-23,3,"quantile",0.1,280254.49
"2453","DE","15-34",2025-02-06,2025-02-23,3,"quantile",0.25,352029.225
"2454","DE","15-34",2025-02-06,2025-02-23,3,"quantile",0.5,445302.1
"2455","DE","15-34",2025-02-06,2025-02-23,3,"quantile",0.75,554911.3
"2456","DE","15-34",2025-02-06,2025-02-23,3,"quantile",0.9,666780.73
"2457","DE","15-34",2025-02-06,2025-02-23,3,"quantile",0.975,809425.47
"2458","DE","15-34",2025-02-06,2025-03-02,4,"quantile",0.025,185273.8875
"2459","DE","15-34",2025-02-06,2025-03-02,4,"quantile",0.1,245613.69
"2460","DE","15-34",2025-02-06,2025-03-02,4,"quantile",0.25,309876.5
"2461","DE","15-34",2025-02-06,2025-03-02,4,"quantile",0.5,394064.1
"2462","DE","15-34",2025-02-06,2025-03-02,4,"quantile",0.75,492352.25
"2463","DE","15-34",2025-02-06,2025-03-02,4,"quantile",0.9,593492.67
"2464","DE","15-34",2025-02-06,2025-03-02,4,"quantile",0.975,721822.9125
"2465","DE","35-59",2025-02-06,2025-02-09,1,"quantile",0.025,344876.3275
"2466","DE","35-59",2025-02-06,2025-02-09,1,"quantile",0.1,451792.92
"2467","DE","35-59",2025-02-06,2025-02-09,1,"quantile",0.25,565048.65
"2468","DE","35-59",2025-02-06,2025-02-09,1,"quantile",0.5,712461.05
"2469","DE","35-59",2025-02-06,2025-02-09,1,"quantile",0.75,883373.25
"2470","DE","35-59",2025-02-06,2025-02-09,1,"quantile",0.9,1059721.43
"2471","DE","35-59",2025-02-06,2025-02-09,1,"quantile",0.975,1280589.87
"2472","DE","35-59",2025-02-06,2025-02-16,2,"quantile",0.025,336411.3625
"2473","DE","35-59",2025-02-06,2025-02-16,2,"quantile",0.1,440249.33
"2474","DE","35-59",2025-02-06,2025-02-16,2,"quantile",0.25,550472.15
"2475","DE","35-59",2025-02-06,2025-02-16,2,"quantile",0.5,694065.25
"2476","DE","35-59",2025-02-06,2025-02-16,2,"quantile",0.75,860993.025
"2477","DE","35-59",2025-02-06,2025-02-16,2,"quantile",0.9,1032492.29
"2478","DE","35-59",2025-02-06,2025-02-16,2,"quantile",0.975,1249111.36
"2479","DE","35-59",2025-02-06,2025-02-23,3,"quantile",0.025,288899.43
"2480","DE","35-59",2025-02-06,2025-02-23,3,"quantile",0.1,379966.85
"2481","DE","35-59",2025-02-06,2025-02-23,3,"quantile",0.25,476733.475
"2482","DE","35-59",2025-02-06,2025-02-23,3,"quantile",0.5,604726.2
"2483","DE","35-59",2025-02-06,2025-02-23,3,"quantile",0.75,753394.8
"2484","DE","35-59",2025-02-06,2025-02-23,3,"quantile",0.9,905995.72
"2485","DE","35-59",2025-02-06,2025-02-23,3,"quantile",0.975,1100978.8925
"2486","DE","35-59",2025-02-06,2025-03-02,4,"quantile",0.025,254218.0075
"2487","DE","35-59",2025-02-06,2025-03-02,4,"quantile",0.1,336467.22
"2488","DE","35-59",2025-02-06,2025-03-02,4,"quantile",0.25,424839.2
"2489","DE","35-59",2025-02-06,2025-03-02,4,"quantile",0.5,540188.2
"2490","DE","35-59",2025-02-06,2025-03-02,4,"quantile",0.75,675125.75
"2491","DE","35-59",2025-02-06,2025-03-02,4,"quantile",0.9,813982.26
"2492","DE","35-59",2025-02-06,2025-03-02,4,"quantile",0.975,990963.18
"2493","DE","60+",2025-02-06,2025-02-09,1,"quantile",0.025,129469.6975
"2494","DE","60+",2025-02-06,2025-02-09,1,"quantile",0.1,167471.65
"2495","DE","60+",2025-02-06,2025-02-09,1,"quantile",0.25,207163.125
"2496","DE","60+",2025-02-06,2025-02-09,1,"quantile",0.5,258831.1
"2497","DE","60+",2025-02-06,2025-02-09,1,"quantile",0.75,318486.975
"2498","DE","60+",2025-02-06,2025-02-09,1,"quantile",0.9,379226.9
"2499","DE","60+",2025-02-06,2025-02-09,1,"quantile",0.975,455862.585
"2500","DE","60+",2025-02-06,2025-02-16,2,"quantile",0.025,125373.68
"2501","DE","60+",2025-02-06,2025-02-16,2,"quantile",0.1,162309.6
"2502","DE","60+",2025-02-06,2025-02-16,2,"quantile",0.25,201308.5
"2503","DE","60+",2025-02-06,2025-02-16,2,"quantile",0.5,251546.8
"2504","DE","60+",2025-02-06,2025-02-16,2,"quantile",0.75,309567.15
"2505","DE","60+",2025-02-06,2025-02-16,2,"quantile",0.9,369359.58
"2506","DE","60+",2025-02-06,2025-02-16,2,"quantile",0.975,443837.8175
"2507","DE","60+",2025-02-06,2025-02-23,3,"quantile",0.025,109110.405
"2508","DE","60+",2025-02-06,2025-02-23,3,"quantile",0.1,141732.6
"2509","DE","60+",2025-02-06,2025-02-23,3,"quantile",0.25,175680.45
"2510","DE","60+",2025-02-06,2025-02-23,3,"quantile",0.5,220025.8
"2511","DE","60+",2025-02-06,2025-02-23,3,"quantile",0.75,271581.425
"2512","DE","60+",2025-02-06,2025-02-23,3,"quantile",0.9,324064.42
"2513","DE","60+",2025-02-06,2025-02-23,3,"quantile",0.975,390446.9425
"2514","DE","60+",2025-02-06,2025-03-02,4,"quantile",0.025,95265.7025
"2515","DE","60+",2025-02-06,2025-03-02,4,"quantile",0.1,124493.92
"2516","DE","60+",2025-02-06,2025-03-02,4,"quantile",0.25,155222.55
"2517","DE","60+",2025-02-06,2025-03-02,4,"quantile",0.5,195024.65
"2518","DE","60+",2025-02-06,2025-03-02,4,"quantile",0.75,241609.875
"2519","DE","60+",2025-02-06,2025-03-02,4,"quantile",0.9,289358.83
"2520","DE","60+",2025-02-06,2025-03-02,4,"quantile",0.975,349929.2625
"2521","DE","00+",2025-02-13,2025-02-16,1,"quantile",0.025,1033889.3525
"2522","DE","00+",2025-02-13,2025-02-16,1,"quantile",0.1,1312630.4
"2523","DE","00+",2025-02-13,2025-02-16,1,"quantile",0.25,1600917.825
"2524","DE","00+",2025-02-13,2025-02-16,1,"quantile",0.5,1971164.55
"2525","DE","00+",2025-02-13,2025-02-16,1,"quantile",0.75,2394965
"2526","DE","00+",2025-02-13,2025-02-16,1,"quantile",0.9,2825434.36
"2527","DE","00+",2025-02-13,2025-02-16,1,"quantile",0.975,3361853.0675
"2528","DE","00+",2025-02-13,2025-02-23,2,"quantile",0.025,1005421.9625
"2529","DE","00+",2025-02-13,2025-02-23,2,"quantile",0.1,1271951.03
"2530","DE","00+",2025-02-13,2025-02-23,2,"quantile",0.25,1550841.675
"2531","DE","00+",2025-02-13,2025-02-23,2,"quantile",0.5,1906479.3
"2532","DE","00+",2025-02-13,2025-02-23,2,"quantile",0.75,2320336.925
"2533","DE","00+",2025-02-13,2025-02-23,2,"quantile",0.9,2737946.51
"2534","DE","00+",2025-02-13,2025-02-23,2,"quantile",0.975,3261990.2125
"2535","DE","00+",2025-02-13,2025-03-02,3,"quantile",0.025,956641.61
"2536","DE","00+",2025-02-13,2025-03-02,3,"quantile",0.1,1215126.08
"2537","DE","00+",2025-02-13,2025-03-02,3,"quantile",0.25,1486198.35
"2538","DE","00+",2025-02-13,2025-03-02,3,"quantile",0.5,1833697.3
"2539","DE","00+",2025-02-13,2025-03-02,3,"quantile",0.75,2234178.7
"2540","DE","00+",2025-02-13,2025-03-02,3,"quantile",0.9,2639070.47
"2541","DE","00+",2025-02-13,2025-03-02,3,"quantile",0.975,3149319.4325
"2542","DE","00+",2025-02-13,2025-03-09,4,"quantile",0.025,833963.6875
"2543","DE","00+",2025-02-13,2025-03-09,4,"quantile",0.1,1060579.8
"2544","DE","00+",2025-02-13,2025-03-09,4,"quantile",0.25,1299501.35
"2545","DE","00+",2025-02-13,2025-03-09,4,"quantile",0.5,1605735.75
"2546","DE","00+",2025-02-13,2025-03-09,4,"quantile",0.75,1958709
"2547","DE","00+",2025-02-13,2025-03-09,4,"quantile",0.9,2316469.63
"2548","DE","00+",2025-02-13,2025-03-09,4,"quantile",0.975,2770851.995
"2549","DE","00-04",2025-02-13,2025-02-16,1,"quantile",0.025,126142.8775
"2550","DE","00-04",2025-02-13,2025-02-16,1,"quantile",0.1,166848.46
"2551","DE","00-04",2025-02-13,2025-02-16,1,"quantile",0.25,210220.95
"2552","DE","00-04",2025-02-13,2025-02-16,1,"quantile",0.5,267433.05
"2553","DE","00-04",2025-02-13,2025-02-16,1,"quantile",0.75,334293.775
"2554","DE","00-04",2025-02-13,2025-02-16,1,"quantile",0.9,403273.25
"2555","DE","00-04",2025-02-13,2025-02-16,1,"quantile",0.975,491365.685
"2556","DE","00-04",2025-02-13,2025-02-23,2,"quantile",0.025,124466.1575
"2557","DE","00-04",2025-02-13,2025-02-23,2,"quantile",0.1,164254.23
"2558","DE","00-04",2025-02-13,2025-02-23,2,"quantile",0.25,206819.8
"2559","DE","00-04",2025-02-13,2025-02-23,2,"quantile",0.5,262721.6
"2560","DE","00-04",2025-02-13,2025-02-23,2,"quantile",0.75,328530.7
"2561","DE","00-04",2025-02-13,2025-02-23,2,"quantile",0.9,396665.78
"2562","DE","00-04",2025-02-13,2025-02-23,2,"quantile",0.975,481826.5575
"2563","DE","00-04",2025-02-13,2025-03-02,3,"quantile",0.025,118991.675
"2564","DE","00-04",2025-02-13,2025-03-02,3,"quantile",0.1,157850.53
"2565","DE","00-04",2025-02-13,2025-03-02,3,"quantile",0.25,199232.675
"2566","DE","00-04",2025-02-13,2025-03-02,3,"quantile",0.5,253758.55
"2567","DE","00-04",2025-02-13,2025-03-02,3,"quantile",0.75,317123.575
"2568","DE","00-04",2025-02-13,2025-03-02,3,"quantile",0.9,382460.6
"2569","DE","00-04",2025-02-13,2025-03-02,3,"quantile",0.975,466585.1875
"2570","DE","00-04",2025-02-13,2025-03-09,4,"quantile",0.025,108621.4625
"2571","DE","00-04",2025-02-13,2025-03-09,4,"quantile",0.1,144003.8
"2572","DE","00-04",2025-02-13,2025-03-09,4,"quantile",0.25,182136.75
"2573","DE","00-04",2025-02-13,2025-03-09,4,"quantile",0.5,231927.3
"2574","DE","00-04",2025-02-13,2025-03-09,4,"quantile",0.75,290370.875
"2575","DE","00-04",2025-02-13,2025-03-09,4,"quantile",0.9,350992.65
"2576","DE","00-04",2025-02-13,2025-03-09,4,"quantile",0.975,427594.275
"2577","DE","05-14",2025-02-13,2025-02-16,1,"quantile",0.025,92924.67
"2578","DE","05-14",2025-02-13,2025-02-16,1,"quantile",0.1,128616.57
"2579","DE","05-14",2025-02-13,2025-02-16,1,"quantile",0.25,168235.775
"2580","DE","05-14",2025-02-13,2025-02-16,1,"quantile",0.5,221498.35
"2581","DE","05-14",2025-02-13,2025-02-16,1,"quantile",0.75,285542.125
"2582","DE","05-14",2025-02-13,2025-02-16,1,"quantile",0.9,352512.26
"2583","DE","05-14",2025-02-13,2025-02-16,1,"quantile",0.975,438312.5225
"2584","DE","05-14",2025-02-13,2025-02-23,2,"quantile",0.025,91371.6425
"2585","DE","05-14",2025-02-13,2025-02-23,2,"quantile",0.1,126617.45
"2586","DE","05-14",2025-02-13,2025-02-23,2,"quantile",0.25,165156.775
"2587","DE","05-14",2025-02-13,2025-02-23,2,"quantile",0.5,217042.15
"2588","DE","05-14",2025-02-13,2025-02-23,2,"quantile",0.75,279379.45
"2589","DE","05-14",2025-02-13,2025-02-23,2,"quantile",0.9,344378.12
"2590","DE","05-14",2025-02-13,2025-02-23,2,"quantile",0.975,427643.2
"2591","DE","05-14",2025-02-13,2025-03-02,3,"quantile",0.025,86868.86
"2592","DE","05-14",2025-02-13,2025-03-02,3,"quantile",0.1,120846.18
"2593","DE","05-14",2025-02-13,2025-03-02,3,"quantile",0.25,158025.45
"2594","DE","05-14",2025-02-13,2025-03-02,3,"quantile",0.5,208163.6
"2595","DE","05-14",2025-02-13,2025-03-02,3,"quantile",0.75,268424.9
"2596","DE","05-14",2025-02-13,2025-03-02,3,"quantile",0.9,331661.13
"2597","DE","05-14",2025-02-13,2025-03-02,3,"quantile",0.975,413824.3325
"2598","DE","05-14",2025-02-13,2025-03-09,4,"quantile",0.025,77320.3825
"2599","DE","05-14",2025-02-13,2025-03-09,4,"quantile",0.1,107603.3
"2600","DE","05-14",2025-02-13,2025-03-09,4,"quantile",0.25,140994.15
"2601","DE","05-14",2025-02-13,2025-03-09,4,"quantile",0.5,185994.25
"2602","DE","05-14",2025-02-13,2025-03-09,4,"quantile",0.75,239895.675
"2603","DE","05-14",2025-02-13,2025-03-09,4,"quantile",0.9,296872.09
"2604","DE","05-14",2025-02-13,2025-03-09,4,"quantile",0.975,369536.925
"2605","DE","15-34",2025-02-13,2025-02-16,1,"quantile",0.025,245305.2775
"2606","DE","15-34",2025-02-13,2025-02-16,1,"quantile",0.1,322431.39
"2607","DE","15-34",2025-02-13,2025-02-16,1,"quantile",0.25,404695.675
"2608","DE","15-34",2025-02-13,2025-02-16,1,"quantile",0.5,511218.45
"2609","DE","15-34",2025-02-13,2025-02-16,1,"quantile",0.75,635850
"2610","DE","15-34",2025-02-13,2025-02-16,1,"quantile",0.9,763658.28
"2611","DE","15-34",2025-02-13,2025-02-16,1,"quantile",0.975,926341.9325
"2612","DE","15-34",2025-02-13,2025-02-23,2,"quantile",0.025,235801.48
"2613","DE","15-34",2025-02-13,2025-02-23,2,"quantile",0.1,310386.7
"2614","DE","15-34",2025-02-13,2025-02-23,2,"quantile",0.25,389477.35
"2615","DE","15-34",2025-02-13,2025-02-23,2,"quantile",0.5,492235.5
"2616","DE","15-34",2025-02-13,2025-02-23,2,"quantile",0.75,612253.225
"2617","DE","15-34",2025-02-13,2025-02-23,2,"quantile",0.9,735398.68
"2618","DE","15-34",2025-02-13,2025-02-23,2,"quantile",0.975,891856.905
"2619","DE","15-34",2025-02-13,2025-03-02,3,"quantile",0.025,229351.6625
"2620","DE","15-34",2025-02-13,2025-03-02,3,"quantile",0.1,302186.79
"2621","DE","15-34",2025-02-13,2025-03-02,3,"quantile",0.25,379878.275
"2622","DE","15-34",2025-02-13,2025-03-02,3,"quantile",0.5,480725.6
"2623","DE","15-34",2025-02-13,2025-03-02,3,"quantile",0.75,599112.875
"2624","DE","15-34",2025-02-13,2025-03-02,3,"quantile",0.9,720938.68
"2625","DE","15-34",2025-02-13,2025-03-02,3,"quantile",0.975,872933.3975
"2626","DE","15-34",2025-02-13,2025-03-09,4,"quantile",0.025,200889.13
"2627","DE","15-34",2025-02-13,2025-03-09,4,"quantile",0.1,264677.53
"2628","DE","15-34",2025-02-13,2025-03-09,4,"quantile",0.25,332985.525
"2629","DE","15-34",2025-02-13,2025-03-09,4,"quantile",0.5,421724.9
"2630","DE","15-34",2025-02-13,2025-03-09,4,"quantile",0.75,525107.55
"2631","DE","15-34",2025-02-13,2025-03-09,4,"quantile",0.9,631731.59
"2632","DE","15-34",2025-02-13,2025-03-09,4,"quantile",0.975,768221.395
"2633","DE","35-59",2025-02-13,2025-02-16,1,"quantile",0.025,350073
"2634","DE","35-59",2025-02-13,2025-02-16,1,"quantile",0.1,458802.11
"2635","DE","35-59",2025-02-13,2025-02-16,1,"quantile",0.25,574338.9
"2636","DE","35-59",2025-02-13,2025-02-16,1,"quantile",0.5,725694.65
"2637","DE","35-59",2025-02-13,2025-02-16,1,"quantile",0.75,901586.15
"2638","DE","35-59",2025-02-13,2025-02-16,1,"quantile",0.9,1081412.28
"2639","DE","35-59",2025-02-13,2025-02-16,1,"quantile",0.975,1310929.0025
"2640","DE","35-59",2025-02-13,2025-02-23,2,"quantile",0.025,331812.37
"2641","DE","35-59",2025-02-13,2025-02-23,2,"quantile",0.1,434794.48
"2642","DE","35-59",2025-02-13,2025-02-23,2,"quantile",0.25,545017.25
"2643","DE","35-59",2025-02-13,2025-02-23,2,"quantile",0.5,688169.65
"2644","DE","35-59",2025-02-13,2025-02-23,2,"quantile",0.75,856913.9
"2645","DE","35-59",2025-02-13,2025-02-23,2,"quantile",0.9,1029657.06
"2646","DE","35-59",2025-02-13,2025-02-23,2,"quantile",0.975,1251677.2025
"2647","DE","35-59",2025-02-13,2025-03-02,3,"quantile",0.025,318948.2675
"2648","DE","35-59",2025-02-13,2025-03-02,3,"quantile",0.1,418439.39
"2649","DE","35-59",2025-02-13,2025-03-02,3,"quantile",0.25,525382.4
"2650","DE","35-59",2025-02-13,2025-03-02,3,"quantile",0.5,665417.15
"2651","DE","35-59",2025-02-13,2025-03-02,3,"quantile",0.75,829088.175
"2652","DE","35-59",2025-02-13,2025-03-02,3,"quantile",0.9,997660.99
"2653","DE","35-59",2025-02-13,2025-03-02,3,"quantile",0.975,1211873.9375
"2654","DE","35-59",2025-02-13,2025-03-09,4,"quantile",0.025,275322.1325
"2655","DE","35-59",2025-02-13,2025-03-09,4,"quantile",0.1,361434.93
"2656","DE","35-59",2025-02-13,2025-03-09,4,"quantile",0.25,455032.95
"2657","DE","35-59",2025-02-13,2025-03-09,4,"quantile",0.5,577010.6
"2658","DE","35-59",2025-02-13,2025-03-09,4,"quantile",0.75,719907.55
"2659","DE","35-59",2025-02-13,2025-03-09,4,"quantile",0.9,866950.2
"2660","DE","35-59",2025-02-13,2025-03-09,4,"quantile",0.975,1054120.2375
"2661","DE","60+",2025-02-13,2025-02-16,1,"quantile",0.025,134588.9225
"2662","DE","60+",2025-02-13,2025-02-16,1,"quantile",0.1,172821.65
"2663","DE","60+",2025-02-13,2025-02-16,1,"quantile",0.25,213261.475
"2664","DE","60+",2025-02-13,2025-02-16,1,"quantile",0.5,265437.45
"2665","DE","60+",2025-02-13,2025-02-16,1,"quantile",0.75,325594.825
"2666","DE","60+",2025-02-13,2025-02-16,1,"quantile",0.9,386897.12
"2667","DE","60+",2025-02-13,2025-02-16,1,"quantile",0.975,464216.29
"2668","DE","60+",2025-02-13,2025-02-23,2,"quantile",0.025,125799.1
"2669","DE","60+",2025-02-13,2025-02-23,2,"quantile",0.1,162109.48
"2670","DE","60+",2025-02-13,2025-02-23,2,"quantile",0.25,200078.975
"2671","DE","60+",2025-02-13,2025-02-23,2,"quantile",0.5,249162.5
"2672","DE","60+",2025-02-13,2025-02-23,2,"quantile",0.75,306303.15
"2673","DE","60+",2025-02-13,2025-02-23,2,"quantile",0.9,364764.89
"2674","DE","60+",2025-02-13,2025-02-23,2,"quantile",0.975,437827.47
"2675","DE","60+",2025-02-13,2025-03-02,3,"quantile",0.025,122708.2475
"2676","DE","60+",2025-02-13,2025-03-02,3,"quantile",0.1,158067.56
"2677","DE","60+",2025-02-13,2025-03-02,3,"quantile",0.25,195274.575
"2678","DE","60+",2025-02-13,2025-03-02,3,"quantile",0.5,243669.05
"2679","DE","60+",2025-02-13,2025-03-02,3,"quantile",0.75,299530.475
"2680","DE","60+",2025-02-13,2025-03-02,3,"quantile",0.9,357154.65
"2681","DE","60+",2025-02-13,2025-03-02,3,"quantile",0.975,429588.69
"2682","DE","60+",2025-02-13,2025-03-09,4,"quantile",0.025,104762.755
"2683","DE","60+",2025-02-13,2025-03-09,4,"quantile",0.1,135604.91
"2684","DE","60+",2025-02-13,2025-03-09,4,"quantile",0.25,168377.85
"2685","DE","60+",2025-02-13,2025-03-09,4,"quantile",0.5,210747.55
"2686","DE","60+",2025-02-13,2025-03-09,4,"quantile",0.75,260109.025
"2687","DE","60+",2025-02-13,2025-03-09,4,"quantile",0.9,310960.3
"2688","DE","60+",2025-02-13,2025-03-09,4,"quantile",0.975,374404.905
"2689","DE","00+",2025-02-20,2025-02-23,1,"quantile",0.025,888242.3675
"2690","DE","00+",2025-02-20,2025-02-23,1,"quantile",0.1,1140674.61
"2691","DE","00+",2025-02-20,2025-02-23,1,"quantile",0.25,1410369.55
"2692","DE","00+",2025-02-20,2025-02-23,1,"quantile",0.5,1756721.75
"2693","DE","00+",2025-02-20,2025-02-23,1,"quantile",0.75,2157767.725
"2694","DE","00+",2025-02-20,2025-02-23,1,"quantile",0.9,2565794.29
"2695","DE","00+",2025-02-20,2025-02-23,1,"quantile",0.975,3084124.665
"2696","DE","00+",2025-02-20,2025-03-02,2,"quantile",0.025,831493.7075
"2697","DE","00+",2025-02-20,2025-03-02,2,"quantile",0.1,1071513.83
"2698","DE","00+",2025-02-20,2025-03-02,2,"quantile",0.25,1323269.725
"2699","DE","00+",2025-02-20,2025-03-02,2,"quantile",0.5,1652906.5
"2700","DE","00+",2025-02-20,2025-03-02,2,"quantile",0.75,2032317.825
"2701","DE","00+",2025-02-20,2025-03-02,2,"quantile",0.9,2419024.08
"2702","DE","00+",2025-02-20,2025-03-02,2,"quantile",0.975,2909844.6775
"2703","DE","00+",2025-02-20,2025-03-09,3,"quantile",0.025,787513.0175
"2704","DE","00+",2025-02-20,2025-03-09,3,"quantile",0.1,1016223.54
"2705","DE","00+",2025-02-20,2025-03-09,3,"quantile",0.25,1257122.625
"2706","DE","00+",2025-02-20,2025-03-09,3,"quantile",0.5,1567066.5
"2707","DE","00+",2025-02-20,2025-03-09,3,"quantile",0.75,1925047.85
"2708","DE","00+",2025-02-20,2025-03-09,3,"quantile",0.9,2293012
"2709","DE","00+",2025-02-20,2025-03-09,3,"quantile",0.975,2751468.315
"2710","DE","00+",2025-02-20,2025-03-16,4,"quantile",0.025,736024.76
"2711","DE","00+",2025-02-20,2025-03-16,4,"quantile",0.1,952308.79
"2712","DE","00+",2025-02-20,2025-03-16,4,"quantile",0.25,1181915.025
"2713","DE","00+",2025-02-20,2025-03-16,4,"quantile",0.5,1478214.1
"2714","DE","00+",2025-02-20,2025-03-16,4,"quantile",0.75,1820626.65
"2715","DE","00+",2025-02-20,2025-03-16,4,"quantile",0.9,2172737.15
"2716","DE","00+",2025-02-20,2025-03-16,4,"quantile",0.975,2615867.8975
"2717","DE","00-04",2025-02-20,2025-02-23,1,"quantile",0.025,112021.1
"2718","DE","00-04",2025-02-20,2025-02-23,1,"quantile",0.1,149945.96
"2719","DE","00-04",2025-02-20,2025-02-23,1,"quantile",0.25,190610.775
"2720","DE","00-04",2025-02-20,2025-02-23,1,"quantile",0.5,243946.35
"2721","DE","00-04",2025-02-20,2025-02-23,1,"quantile",0.75,306777.55
"2722","DE","00-04",2025-02-20,2025-02-23,1,"quantile",0.9,371638.99
"2723","DE","00-04",2025-02-20,2025-02-23,1,"quantile",0.975,454684.8925
"2724","DE","00-04",2025-02-20,2025-03-02,2,"quantile",0.025,106136.7125
"2725","DE","00-04",2025-02-20,2025-03-02,2,"quantile",0.1,142200.45
"2726","DE","00-04",2025-02-20,2025-03-02,2,"quantile",0.25,181110.85
"2727","DE","00-04",2025-02-20,2025-03-02,2,"quantile",0.5,232266.4
"2728","DE","00-04",2025-02-20,2025-03-02,2,"quantile",0.75,292674.9
"2729","DE","00-04",2025-02-20,2025-03-02,2,"quantile",0.9,354992.66
"2730","DE","00-04",2025-02-20,2025-03-02,2,"quantile",0.975,433793.92
"2731","DE","00-04",2025-02-20,2025-03-09,3,"quantile",0.025,102489.2675
"2732","DE","00-04",2025-02-20,2025-03-09,3,"quantile",0.1,137058.67
"2733","DE","00-04",2025-02-20,2025-03-09,3,"quantile",0.25,174196.925
"2734","DE","00-04",2025-02-20,2025-03-09,3,"quantile",0.5,223178.85
"2735","DE","00-04",2025-02-20,2025-03-09,3,"quantile",0.75,280836.025
"2736","DE","00-04",2025-02-20,2025-03-09,3,"quantile",0.9,340557.14
"2737","DE","00-04",2025-02-20,2025-03-09,3,"quantile",0.975,416609.785
"2738","DE","00-04",2025-02-20,2025-03-16,4,"quantile",0.025,96788.71
"2739","DE","00-04",2025-02-20,2025-03-16,4,"quantile",0.1,130192.55
"2740","DE","00-04",2025-02-20,2025-03-16,4,"quantile",0.25,166126
"2741","DE","00-04",2025-02-20,2025-03-16,4,"quantile",0.5,213461.05
"2742","DE","00-04",2025-02-20,2025-03-16,4,"quantile",0.75,269435.8
"2743","DE","00-04",2025-02-20,2025-03-16,4,"quantile",0.9,326721.86
"2744","DE","00-04",2025-02-20,2025-03-16,4,"quantile",0.975,400749.4875
"2745","DE","05-14",2025-02-20,2025-02-23,1,"quantile",0.025,80823.5275
"2746","DE","05-14",2025-02-20,2025-02-23,1,"quantile",0.1,114224.41
"2747","DE","05-14",2025-02-20,2025-02-23,1,"quantile",0.25,151404.225
"2748","DE","05-14",2025-02-20,2025-02-23,1,"quantile",0.5,202024.85
"2749","DE","05-14",2025-02-20,2025-02-23,1,"quantile",0.75,262420.325
"2750","DE","05-14",2025-02-20,2025-02-23,1,"quantile",0.9,327051.01
"2751","DE","05-14",2025-02-20,2025-02-23,1,"quantile",0.975,409678.8975
"2752","DE","05-14",2025-02-20,2025-03-02,2,"quantile",0.025,76432.48
"2753","DE","05-14",2025-02-20,2025-03-02,2,"quantile",0.1,107725.36
"2754","DE","05-14",2025-02-20,2025-03-02,2,"quantile",0.25,143074.75
"2755","DE","05-14",2025-02-20,2025-03-02,2,"quantile",0.5,190919.75
"2756","DE","05-14",2025-02-20,2025-03-02,2,"quantile",0.75,248490.2
"2757","DE","05-14",2025-02-20,2025-03-02,2,"quantile",0.9,309570.83
"2758","DE","05-14",2025-02-20,2025-03-02,2,"quantile",0.975,388988.6975
"2759","DE","05-14",2025-02-20,2025-03-09,3,"quantile",0.025,72219.63
"2760","DE","05-14",2025-02-20,2025-03-09,3,"quantile",0.1,102106.81
"2761","DE","05-14",2025-02-20,2025-03-09,3,"quantile",0.25,135703.425
"2762","DE","05-14",2025-02-20,2025-03-09,3,"quantile",0.5,181114.3
"2763","DE","05-14",2025-02-20,2025-03-09,3,"quantile",0.75,235703.95
"2764","DE","05-14",2025-02-20,2025-03-09,3,"quantile",0.9,293497.05
"2765","DE","05-14",2025-02-20,2025-03-09,3,"quantile",0.975,368181.8425
"2766","DE","05-14",2025-02-20,2025-03-16,4,"quantile",0.025,67752.7625
"2767","DE","05-14",2025-02-20,2025-03-16,4,"quantile",0.1,96279.59
"2768","DE","05-14",2025-02-20,2025-03-16,4,"quantile",0.25,128340.475
"2769","DE","05-14",2025-02-20,2025-03-16,4,"quantile",0.5,172160.75
"2770","DE","05-14",2025-02-20,2025-03-16,4,"quantile",0.75,224862.6
"2771","DE","05-14",2025-02-20,2025-03-16,4,"quantile",0.9,280444.59
"2772","DE","05-14",2025-02-20,2025-03-16,4,"quantile",0.975,352662.96
"2773","DE","15-34",2025-02-20,2025-02-23,1,"quantile",0.025,213887.81
"2774","DE","15-34",2025-02-20,2025-02-23,1,"quantile",0.1,285465.16
"2775","DE","15-34",2025-02-20,2025-02-23,1,"quantile",0.25,362665.425
"2776","DE","15-34",2025-02-20,2025-02-23,1,"quantile",0.5,464029.85
"2777","DE","15-34",2025-02-20,2025-02-23,1,"quantile",0.75,582909.425
"2778","DE","15-34",2025-02-20,2025-02-23,1,"quantile",0.9,706820.46
"2779","DE","15-34",2025-02-20,2025-02-23,1,"quantile",0.975,863792.885
"2780","DE","15-34",2025-02-20,2025-03-02,2,"quantile",0.025,202310.2775
"2781","DE","15-34",2025-02-20,2025-03-02,2,"quantile",0.1,269421.75
"2782","DE","15-34",2025-02-20,2025-03-02,2,"quantile",0.25,342709.775
"2783","DE","15-34",2025-02-20,2025-03-02,2,"quantile",0.5,438797.7
"2784","DE","15-34",2025-02-20,2025-03-02,2,"quantile",0.75,552185.5
"2785","DE","15-34",2025-02-20,2025-03-02,2,"quantile",0.9,669331.11
"2786","DE","15-34",2025-02-20,2025-03-02,2,"quantile",0.975,817376.305
"2787","DE","15-34",2025-02-20,2025-03-09,3,"quantile",0.025,191092.195
"2788","DE","15-34",2025-02-20,2025-03-09,3,"quantile",0.1,255430.04
"2789","DE","15-34",2025-02-20,2025-03-09,3,"quantile",0.25,324391.6
"2790","DE","15-34",2025-02-20,2025-03-09,3,"quantile",0.5,415942.05
"2791","DE","15-34",2025-02-20,2025-03-09,3,"quantile",0.75,522436.275
"2792","DE","15-34",2025-02-20,2025-03-09,3,"quantile",0.9,632970.78
"2793","DE","15-34",2025-02-20,2025-03-09,3,"quantile",0.975,773391.235
"2794","DE","15-34",2025-02-20,2025-03-16,4,"quantile",0.025,181698.195
"2795","DE","15-34",2025-02-20,2025-03-16,4,"quantile",0.1,243224.59
"2796","DE","15-34",2025-02-20,2025-03-16,4,"quantile",0.25,310101.275
"2797","DE","15-34",2025-02-20,2025-03-16,4,"quantile",0.5,398343.8
"2798","DE","15-34",2025-02-20,2025-03-16,4,"quantile",0.75,502301.25
"2799","DE","15-34",2025-02-20,2025-03-16,4,"quantile",0.9,609840.05
"2800","DE","15-34",2025-02-20,2025-03-16,4,"quantile",0.975,747757.5725
"2801","DE","35-59",2025-02-20,2025-02-23,1,"quantile",0.025,309705.5475
"2802","DE","35-59",2025-02-20,2025-02-23,1,"quantile",0.1,409886.8
"2803","DE","35-59",2025-02-20,2025-02-23,1,"quantile",0.25,516868.375
"2804","DE","35-59",2025-02-20,2025-02-23,1,"quantile",0.5,656415.65
"2805","DE","35-59",2025-02-20,2025-02-23,1,"quantile",0.75,820388.975
"2806","DE","35-59",2025-02-20,2025-02-23,1,"quantile",0.9,988036.75
"2807","DE","35-59",2025-02-20,2025-02-23,1,"quantile",0.975,1205336.2075
"2808","DE","35-59",2025-02-20,2025-03-02,2,"quantile",0.025,290685.205
"2809","DE","35-59",2025-02-20,2025-03-02,2,"quantile",0.1,384265.45
"2810","DE","35-59",2025-02-20,2025-03-02,2,"quantile",0.25,485121.25
"2811","DE","35-59",2025-02-20,2025-03-02,2,"quantile",0.5,617076.2
"2812","DE","35-59",2025-02-20,2025-03-02,2,"quantile",0.75,772081.525
"2813","DE","35-59",2025-02-20,2025-03-02,2,"quantile",0.9,931196.44
"2814","DE","35-59",2025-02-20,2025-03-02,2,"quantile",0.975,1133705.4325
"2815","DE","35-59",2025-02-20,2025-03-09,3,"quantile",0.025,270154.7975
"2816","DE","35-59",2025-02-20,2025-03-09,3,"quantile",0.1,357014.24
"2817","DE","35-59",2025-02-20,2025-03-09,3,"quantile",0.25,451042.15
"2818","DE","35-59",2025-02-20,2025-03-09,3,"quantile",0.5,573870.2
"2819","DE","35-59",2025-02-20,2025-03-09,3,"quantile",0.75,718721
"2820","DE","35-59",2025-02-20,2025-03-09,3,"quantile",0.9,867381.8
"2821","DE","35-59",2025-02-20,2025-03-09,3,"quantile",0.975,1058177.7875
"2822","DE","35-59",2025-02-20,2025-03-16,4,"quantile",0.025,255532.5875
"2823","DE","35-59",2025-02-20,2025-03-16,4,"quantile",0.1,339736.46
"2824","DE","35-59",2025-02-20,2025-03-16,4,"quantile",0.25,430259.075
"2825","DE","35-59",2025-02-20,2025-03-16,4,"quantile",0.5,550024.25
"2826","DE","35-59",2025-02-20,2025-03-16,4,"quantile",0.75,690941.975
"2827","DE","35-59",2025-02-20,2025-03-16,4,"quantile",0.9,835197.65
"2828","DE","35-59",2025-02-20,2025-03-16,4,"quantile",0.975,1019492.8975
"2829","DE","60+",2025-02-20,2025-02-23,1,"quantile",0.025,119009.115
"2830","DE","60+",2025-02-20,2025-02-23,1,"quantile",0.1,154128.57
"2831","DE","60+",2025-02-20,2025-02-23,1,"quantile",0.25,190956.1
"2832","DE","60+",2025-02-20,2025-02-23,1,"quantile",0.5,239298.4
"2833","DE","60+",2025-02-20,2025-02-23,1,"quantile",0.75,295118.1
"2834","DE","60+",2025-02-20,2025-02-23,1,"quantile",0.9,352204.64
"2835","DE","60+",2025-02-20,2025-02-23,1,"quantile",0.975,424297.5425
"2836","DE","60+",2025-02-20,2025-03-02,2,"quantile",0.025,111171.9725
"2837","DE","60+",2025-02-20,2025-03-02,2,"quantile",0.1,144229.47
"2838","DE","60+",2025-02-20,2025-03-02,2,"quantile",0.25,179209.575
"2839","DE","60+",2025-02-20,2025-03-02,2,"quantile",0.5,224885.2
"2840","DE","60+",2025-02-20,2025-03-02,2,"quantile",0.75,277646.25
"2841","DE","60+",2025-02-20,2025-03-02,2,"quantile",0.9,331539.09
"2842","DE","60+",2025-02-20,2025-03-02,2,"quantile",0.975,400296.7425
"2843","DE","60+",2025-02-20,2025-03-09,3,"quantile",0.025,103380.475
"2844","DE","60+",2025-02-20,2025-03-09,3,"quantile",0.1,134368.13
"2845","DE","60+",2025-02-20,2025-03-09,3,"quantile",0.25,166857.725
"2846","DE","60+",2025-02-20,2025-03-09,3,"quantile",0.5,209266.55
"2847","DE","60+",2025-02-20,2025-03-09,3,"quantile",0.75,258511.6
"2848","DE","60+",2025-02-20,2025-03-09,3,"quantile",0.9,309059.39
"2849","DE","60+",2025-02-20,2025-03-09,3,"quantile",0.975,373333.4225
"2850","DE","60+",2025-02-20,2025-03-16,4,"quantile",0.025,99419.965
"2851","DE","60+",2025-02-20,2025-03-16,4,"quantile",0.1,129471.25
"2852","DE","60+",2025-02-20,2025-03-16,4,"quantile",0.25,161474.925
"2853","DE","60+",2025-02-20,2025-03-16,4,"quantile",0.5,202807.85
"2854","DE","60+",2025-02-20,2025-03-16,4,"quantile",0.75,250899.075
"2855","DE","60+",2025-02-20,2025-03-16,4,"quantile",0.9,300344.95
"2856","DE","60+",2025-02-20,2025-03-16,4,"quantile",0.975,362970.475
"2857","DE","00+",2025-02-27,2025-03-02,1,"quantile",0.025,999984.9175
"2858","DE","00+",2025-02-27,2025-03-02,1,"quantile",0.1,1268367.31
"2859","DE","00+",2025-02-27,2025-03-02,1,"quantile",0.25,1545889.4
"2860","DE","00+",2025-02-27,2025-03-02,1,"quantile",0.5,1903169.15
"2861","DE","00+",2025-02-27,2025-03-02,1,"quantile",0.75,2312000.95
"2862","DE","00+",2025-02-27,2025-03-02,1,"quantile",0.9,2731881.1
"2863","DE","00+",2025-02-27,2025-03-02,1,"quantile",0.975,3258567.4475
"2864","DE","00+",2025-02-27,2025-03-09,2,"quantile",0.025,930018.65
"2865","DE","00+",2025-02-27,2025-03-09,2,"quantile",0.1,1187507.25
"2866","DE","00+",2025-02-27,2025-03-09,2,"quantile",0.25,1454943.95
"2867","DE","00+",2025-02-27,2025-03-09,2,"quantile",0.5,1800942.65
"2868","DE","00+",2025-02-27,2025-03-09,2,"quantile",0.75,2202647.7
"2869","DE","00+",2025-02-27,2025-03-09,2,"quantile",0.9,2609854.32
"2870","DE","00+",2025-02-27,2025-03-09,2,"quantile",0.975,3126673.46
"2871","DE","00+",2025-02-27,2025-03-16,3,"quantile",0.025,844874.9225
"2872","DE","00+",2025-02-27,2025-03-16,3,"quantile",0.1,1080795.43
"2873","DE","00+",2025-02-27,2025-03-16,3,"quantile",0.25,1329308.85
"2874","DE","00+",2025-02-27,2025-03-16,3,"quantile",0.5,1649642.5
"2875","DE","00+",2025-02-27,2025-03-16,3,"quantile",0.75,2020582.825
"2876","DE","00+",2025-02-27,2025-03-16,3,"quantile",0.9,2400391.76
"2877","DE","00+",2025-02-27,2025-03-16,3,"quantile",0.975,2872338.6525
"2878","DE","00+",2025-02-27,2025-03-23,4,"quantile",0.025,756520.695
"2879","DE","00+",2025-02-27,2025-03-23,4,"quantile",0.1,969501.82
"2880","DE","00+",2025-02-27,2025-03-23,4,"quantile",0.25,1196064.025
"2881","DE","00+",2025-02-27,2025-03-23,4,"quantile",0.5,1488728
"2882","DE","00+",2025-02-27,2025-03-23,4,"quantile",0.75,1826561.025
"2883","DE","00+",2025-02-27,2025-03-23,4,"quantile",0.9,2173069.12
"2884","DE","00+",2025-02-27,2025-03-23,4,"quantile",0.975,2607183.53
"2885","DE","00-04",2025-02-27,2025-03-02,1,"quantile",0.025,124396.705
"2886","DE","00-04",2025-02-27,2025-03-02,1,"quantile",0.1,163764.78
"2887","DE","00-04",2025-02-27,2025-03-02,1,"quantile",0.25,205806.975
"2888","DE","00-04",2025-02-27,2025-03-02,1,"quantile",0.5,260414.25
"2889","DE","00-04",2025-02-27,2025-03-02,1,"quantile",0.75,324335.75
"2890","DE","00-04",2025-02-27,2025-03-02,1,"quantile",0.9,390070.51
"2891","DE","00-04",2025-02-27,2025-03-02,1,"quantile",0.975,474153.7175
"2892","DE","00-04",2025-02-27,2025-03-09,2,"quantile",0.025,115538.375
"2893","DE","00-04",2025-02-27,2025-03-09,2,"quantile",0.1,153228.17
"2894","DE","00-04",2025-02-27,2025-03-09,2,"quantile",0.25,193570.6
"2895","DE","00-04",2025-02-27,2025-03-09,2,"quantile",0.5,246200.55
"2896","DE","00-04",2025-02-27,2025-03-09,2,"quantile",0.75,307961.275
"2897","DE","00-04",2025-02-27,2025-03-09,2,"quantile",0.9,371600.26
"2898","DE","00-04",2025-02-27,2025-03-09,2,"quantile",0.975,451853.7175
"2899","DE","00-04",2025-02-27,2025-03-16,3,"quantile",0.025,107010.4725
"2900","DE","00-04",2025-02-27,2025-03-16,3,"quantile",0.1,142226.21
"2901","DE","00-04",2025-02-27,2025-03-16,3,"quantile",0.25,179770.075
"2902","DE","00-04",2025-02-27,2025-03-16,3,"quantile",0.5,229595.65
"2903","DE","00-04",2025-02-27,2025-03-16,3,"quantile",0.75,287695.55
"2904","DE","00-04",2025-02-27,2025-03-16,3,"quantile",0.9,347334.12
"2905","DE","00-04",2025-02-27,2025-03-16,3,"quantile",0.975,423377.9
"2906","DE","00-04",2025-02-27,2025-03-23,4,"quantile",0.025,99803.04
"2907","DE","00-04",2025-02-27,2025-03-23,4,"quantile",0.1,132469
"2908","DE","00-04",2025-02-27,2025-03-23,4,"quantile",0.25,167805.1
"2909","DE","00-04",2025-02-27,2025-03-23,4,"quantile",0.5,213876.25
"2910","DE","00-04",2025-02-27,2025-03-23,4,"quantile",0.75,268244.175
"2911","DE","00-04",2025-02-27,2025-03-23,4,"quantile",0.9,324283.94
"2912","DE","00-04",2025-02-27,2025-03-23,4,"quantile",0.975,394053.68
"2913","DE","05-14",2025-02-27,2025-03-02,1,"quantile",0.025,92328.3625
"2914","DE","05-14",2025-02-27,2025-03-02,1,"quantile",0.1,128075.56
"2915","DE","05-14",2025-02-27,2025-03-02,1,"quantile",0.25,167284
"2916","DE","05-14",2025-02-27,2025-03-02,1,"quantile",0.5,219651.75
"2917","DE","05-14",2025-02-27,2025-03-02,1,"quantile",0.75,282980.95
"2918","DE","05-14",2025-02-27,2025-03-02,1,"quantile",0.9,349252.27
"2919","DE","05-14",2025-02-27,2025-03-02,1,"quantile",0.975,434660.945
"2920","DE","05-14",2025-02-27,2025-03-09,2,"quantile",0.025,87284.7075
"2921","DE","05-14",2025-02-27,2025-03-09,2,"quantile",0.1,121546.69
"2922","DE","05-14",2025-02-27,2025-03-09,2,"quantile",0.25,159236.925
"2923","DE","05-14",2025-02-27,2025-03-09,2,"quantile",0.5,210314
"2924","DE","05-14",2025-02-27,2025-03-09,2,"quantile",0.75,271493.725
"2925","DE","05-14",2025-02-27,2025-03-09,2,"quantile",0.9,336164.14
"2926","DE","05-14",2025-02-27,2025-03-09,2,"quantile",0.975,417948.445
"2927","DE","05-14",2025-02-27,2025-03-16,3,"quantile",0.025,79767.55
"2928","DE","05-14",2025-02-27,2025-03-16,3,"quantile",0.1,111231.18
"2929","DE","05-14",2025-02-27,2025-03-16,3,"quantile",0.25,146921.65
"2930","DE","05-14",2025-02-27,2025-03-16,3,"quantile",0.5,194173.55
"2931","DE","05-14",2025-02-27,2025-03-16,3,"quantile",0.75,251419.175
"2932","DE","05-14",2025-02-27,2025-03-16,3,"quantile",0.9,311574.32
"2933","DE","05-14",2025-02-27,2025-03-16,3,"quantile",0.975,390251.9075
"2934","DE","05-14",2025-02-27,2025-03-23,4,"quantile",0.025,73265.0825
"2935","DE","05-14",2025-02-27,2025-03-23,4,"quantile",0.1,102275.04
"2936","DE","05-14",2025-02-27,2025-03-23,4,"quantile",0.25,134584.625
"2937","DE","05-14",2025-02-27,2025-03-23,4,"quantile",0.5,178422.05
"2938","DE","05-14",2025-02-27,2025-03-23,4,"quantile",0.75,231147.325
"2939","DE","05-14",2025-02-27,2025-03-23,4,"quantile",0.9,287000.83
"2940","DE","05-14",2025-02-27,2025-03-23,4,"quantile",0.975,358340.2925
"2941","DE","15-34",2025-02-27,2025-03-02,1,"quantile",0.025,233861.775
"2942","DE","15-34",2025-02-27,2025-03-02,1,"quantile",0.1,306289.11
"2943","DE","15-34",2025-02-27,2025-03-02,1,"quantile",0.25,383318
"2944","DE","15-34",2025-02-27,2025-03-02,1,"quantile",0.5,484100.7
"2945","DE","15-34",2025-02-27,2025-03-02,1,"quantile",0.75,601202.025
"2946","DE","15-34",2025-02-27,2025-03-02,1,"quantile",0.9,721392.98
"2947","DE","15-34",2025-02-27,2025-03-02,1,"quantile",0.975,873417.0175
"2948","DE","15-34",2025-02-27,2025-03-09,2,"quantile",0.025,225122.98
"2949","DE","15-34",2025-02-27,2025-03-09,2,"quantile",0.1,296669.8
"2950","DE","15-34",2025-02-27,2025-03-09,2,"quantile",0.25,372174.1
"2951","DE","15-34",2025-02-27,2025-03-09,2,"quantile",0.5,470751.8
"2952","DE","15-34",2025-02-27,2025-03-09,2,"quantile",0.75,585690.475
"2953","DE","15-34",2025-02-27,2025-03-09,2,"quantile",0.9,703459.47
"2954","DE","15-34",2025-02-27,2025-03-09,2,"quantile",0.975,853265.4025
"2955","DE","15-34",2025-02-27,2025-03-16,3,"quantile",0.025,204427.465
"2956","DE","15-34",2025-02-27,2025-03-16,3,"quantile",0.1,268652.9
"2957","DE","15-34",2025-02-27,2025-03-16,3,"quantile",0.25,337890.875
"2958","DE","15-34",2025-02-27,2025-03-16,3,"quantile",0.5,428656.35
"2959","DE","15-34",2025-02-27,2025-03-16,3,"quantile",0.75,534426.775
"2960","DE","15-34",2025-02-27,2025-03-16,3,"quantile",0.9,643428.6
"2961","DE","15-34",2025-02-27,2025-03-16,3,"quantile",0.975,782497.92
"2962","DE","15-34",2025-02-27,2025-03-23,4,"quantile",0.025,185214.825
"2963","DE","15-34",2025-02-27,2025-03-23,4,"quantile",0.1,244946.07
"2964","DE","15-34",2025-02-27,2025-03-23,4,"quantile",0.25,308634.225
"2965","DE","15-34",2025-02-27,2025-03-23,4,"quantile",0.5,392646.7
"2966","DE","15-34",2025-02-27,2025-03-23,4,"quantile",0.75,491067.075
"2967","DE","15-34",2025-02-27,2025-03-23,4,"quantile",0.9,592546.99
"2968","DE","15-34",2025-02-27,2025-03-23,4,"quantile",0.975,719217.0825
"2969","DE","35-59",2025-02-27,2025-03-02,1,"quantile",0.025,328055.455
"2970","DE","35-59",2025-02-27,2025-03-02,1,"quantile",0.1,430011.38
"2971","DE","35-59",2025-02-27,2025-03-02,1,"quantile",0.25,537704.075
"2972","DE","35-59",2025-02-27,2025-03-02,1,"quantile",0.5,678437.05
"2973","DE","35-59",2025-02-27,2025-03-02,1,"quantile",0.75,842469.7
"2974","DE","35-59",2025-02-27,2025-03-02,1,"quantile",0.9,1011751.64
"2975","DE","35-59",2025-02-27,2025-03-02,1,"quantile",0.975,1228328.865
"2976","DE","35-59",2025-02-27,2025-03-09,2,"quantile",0.025,313013.49
"2977","DE","35-59",2025-02-27,2025-03-09,2,"quantile",0.1,411223.57
"2978","DE","35-59",2025-02-27,2025-03-09,2,"quantile",0.25,516064.825
"2979","DE","35-59",2025-02-27,2025-03-09,2,"quantile",0.5,652596.9
"2980","DE","35-59",2025-02-27,2025-03-09,2,"quantile",0.75,811724.6
"2981","DE","35-59",2025-02-27,2025-03-09,2,"quantile",0.9,977186.72
"2982","DE","35-59",2025-02-27,2025-03-09,2,"quantile",0.975,1188305.71
"2983","DE","35-59",2025-02-27,2025-03-16,3,"quantile",0.025,282675.3575
"2984","DE","35-59",2025-02-27,2025-03-16,3,"quantile",0.1,371937.12
"2985","DE","35-59",2025-02-27,2025-03-16,3,"quantile",0.25,467953.05
"2986","DE","35-59",2025-02-27,2025-03-16,3,"quantile",0.5,592459.3
"2987","DE","35-59",2025-02-27,2025-03-16,3,"quantile",0.75,739236.775
"2988","DE","35-59",2025-02-27,2025-03-16,3,"quantile",0.9,892111.37
"2989","DE","35-59",2025-02-27,2025-03-16,3,"quantile",0.975,1086540.0525
"2990","DE","35-59",2025-02-27,2025-03-23,4,"quantile",0.025,251604.49
"2991","DE","35-59",2025-02-27,2025-03-23,4,"quantile",0.1,333122.42
"2992","DE","35-59",2025-02-27,2025-03-23,4,"quantile",0.25,420685.475
"2993","DE","35-59",2025-02-27,2025-03-23,4,"quantile",0.5,536000.55
"2994","DE","35-59",2025-02-27,2025-03-23,4,"quantile",0.75,671175.5
"2995","DE","35-59",2025-02-27,2025-03-23,4,"quantile",0.9,809431.38
"2996","DE","35-59",2025-02-27,2025-03-23,4,"quantile",0.975,987768.920000001
"2997","DE","60+",2025-02-27,2025-03-02,1,"quantile",0.025,124645.085
"2998","DE","60+",2025-02-27,2025-03-02,1,"quantile",0.1,160125.22
"2999","DE","60+",2025-02-27,2025-03-02,1,"quantile",0.25,197947.575
"3000","DE","60+",2025-02-27,2025-03-02,1,"quantile",0.5,246578.9
"3001","DE","60+",2025-02-27,2025-03-02,1,"quantile",0.75,302483.55
"3002","DE","60+",2025-02-27,2025-03-02,1,"quantile",0.9,360095.38
"3003","DE","60+",2025-02-27,2025-03-02,1,"quantile",0.975,432777.0225
"3004","DE","60+",2025-02-27,2025-03-09,2,"quantile",0.025,117923.575
"3005","DE","60+",2025-02-27,2025-03-09,2,"quantile",0.1,152183.09
"3006","DE","60+",2025-02-27,2025-03-09,2,"quantile",0.25,188755.8
"3007","DE","60+",2025-02-27,2025-03-09,2,"quantile",0.5,236013.55
"3008","DE","60+",2025-02-27,2025-03-09,2,"quantile",0.75,290615.25
"3009","DE","60+",2025-02-27,2025-03-09,2,"quantile",0.9,346726.41
"3010","DE","60+",2025-02-27,2025-03-09,2,"quantile",0.975,417746.9625
"3011","DE","60+",2025-02-27,2025-03-16,3,"quantile",0.025,105963.89
"3012","DE","60+",2025-02-27,2025-03-16,3,"quantile",0.1,137461.81
"3013","DE","60+",2025-02-27,2025-03-16,3,"quantile",0.25,170656.65
"3014","DE","60+",2025-02-27,2025-03-16,3,"quantile",0.5,213971
"3015","DE","60+",2025-02-27,2025-03-16,3,"quantile",0.75,264431.15
"3016","DE","60+",2025-02-27,2025-03-16,3,"quantile",0.9,316072.83
"3017","DE","60+",2025-02-27,2025-03-16,3,"quantile",0.975,381256.76
"3018","DE","60+",2025-02-27,2025-03-23,4,"quantile",0.025,95676.3525
"3019","DE","60+",2025-02-27,2025-03-23,4,"quantile",0.1,124464.38
"3020","DE","60+",2025-02-27,2025-03-23,4,"quantile",0.25,154905.675
"3021","DE","60+",2025-02-27,2025-03-23,4,"quantile",0.5,194532.05
"3022","DE","60+",2025-02-27,2025-03-23,4,"quantile",0.75,240356.15
"3023","DE","60+",2025-02-27,2025-03-23,4,"quantile",0.9,287650.58
"3024","DE","60+",2025-02-27,2025-03-23,4,"quantile",0.975,347498.87
"3025","DE","00+",2025-03-06,2025-03-09,1,"quantile",0.025,820471.4175
"3026","DE","00+",2025-03-06,2025-03-09,1,"quantile",0.1,1031514.58
"3027","DE","00+",2025-03-06,2025-03-09,1,"quantile",0.25,1251135.975
"3028","DE","00+",2025-03-06,2025-03-09,1,"quantile",0.5,1530693.4
"3029","DE","00+",2025-03-06,2025-03-09,1,"quantile",0.75,1852174.725
"3030","DE","00+",2025-03-06,2025-03-09,1,"quantile",0.9,2176636.02
"3031","DE","00+",2025-03-06,2025-03-09,1,"quantile",0.975,2583161.43
"3032","DE","00+",2025-03-06,2025-03-16,2,"quantile",0.025,812424.98
"3033","DE","00+",2025-03-06,2025-03-16,2,"quantile",0.1,1025574.21
"3034","DE","00+",2025-03-06,2025-03-16,2,"quantile",0.25,1245592.75
"3035","DE","00+",2025-03-06,2025-03-16,2,"quantile",0.5,1525834.3
"3036","DE","00+",2025-03-06,2025-03-16,2,"quantile",0.75,1846136.825
"3037","DE","00+",2025-03-06,2025-03-16,2,"quantile",0.9,2175603.46
"3038","DE","00+",2025-03-06,2025-03-16,2,"quantile",0.975,2589823.705
"3039","DE","00+",2025-03-06,2025-03-23,3,"quantile",0.025,738643.4375
"3040","DE","00+",2025-03-06,2025-03-23,3,"quantile",0.1,935323.49
"3041","DE","00+",2025-03-06,2025-03-23,3,"quantile",0.25,1139185.675
"3042","DE","00+",2025-03-06,2025-03-23,3,"quantile",0.5,1400195
"3043","DE","00+",2025-03-06,2025-03-23,3,"quantile",0.75,1699823.35
"3044","DE","00+",2025-03-06,2025-03-23,3,"quantile",0.9,2006796.33
"3045","DE","00+",2025-03-06,2025-03-23,3,"quantile",0.975,2392019.96
"3046","DE","00+",2025-03-06,2025-03-30,4,"quantile",0.025,656366.34
"3047","DE","00+",2025-03-06,2025-03-30,4,"quantile",0.1,831434.09
"3048","DE","00+",2025-03-06,2025-03-30,4,"quantile",0.25,1015425.75
"3049","DE","00+",2025-03-06,2025-03-30,4,"quantile",0.5,1250162.3
"3050","DE","00+",2025-03-06,2025-03-30,4,"quantile",0.75,1519455.25
"3051","DE","00+",2025-03-06,2025-03-30,4,"quantile",0.9,1792114.1
"3052","DE","00+",2025-03-06,2025-03-30,4,"quantile",0.975,2135321.16
"3053","DE","00-04",2025-03-06,2025-03-09,1,"quantile",0.025,102210.08
"3054","DE","00-04",2025-03-06,2025-03-09,1,"quantile",0.1,133773.72
"3055","DE","00-04",2025-03-06,2025-03-09,1,"quantile",0.25,167146.625
"3056","DE","00-04",2025-03-06,2025-03-09,1,"quantile",0.5,210954.75
"3057","DE","00-04",2025-03-06,2025-03-09,1,"quantile",0.75,261862.425
"3058","DE","00-04",2025-03-06,2025-03-09,1,"quantile",0.9,313865.74
"3059","DE","00-04",2025-03-06,2025-03-09,1,"quantile",0.975,380321.7675
"3060","DE","00-04",2025-03-06,2025-03-16,2,"quantile",0.025,103229.0025
"3061","DE","00-04",2025-03-06,2025-03-16,2,"quantile",0.1,135047.64
"3062","DE","00-04",2025-03-06,2025-03-16,2,"quantile",0.25,168923.65
"3063","DE","00-04",2025-03-06,2025-03-16,2,"quantile",0.5,213285.8
"3064","DE","00-04",2025-03-06,2025-03-16,2,"quantile",0.75,264620.85
"3065","DE","00-04",2025-03-06,2025-03-16,2,"quantile",0.9,317404.57
"3066","DE","00-04",2025-03-06,2025-03-16,2,"quantile",0.975,385470.9575
"3067","DE","00-04",2025-03-06,2025-03-23,3,"quantile",0.025,95651.41
"3068","DE","00-04",2025-03-06,2025-03-23,3,"quantile",0.1,125636.86
"3069","DE","00-04",2025-03-06,2025-03-23,3,"quantile",0.25,157538.45
"3070","DE","00-04",2025-03-06,2025-03-23,3,"quantile",0.5,199248
"3071","DE","00-04",2025-03-06,2025-03-23,3,"quantile",0.75,247717.775
"3072","DE","00-04",2025-03-06,2025-03-23,3,"quantile",0.9,298006.34
"3073","DE","00-04",2025-03-06,2025-03-23,3,"quantile",0.975,361904.5875
"3074","DE","00-04",2025-03-06,2025-03-30,4,"quantile",0.025,85627.655
"3075","DE","00-04",2025-03-06,2025-03-30,4,"quantile",0.1,112637.59
"3076","DE","00-04",2025-03-06,2025-03-30,4,"quantile",0.25,141539.95
"3077","DE","00-04",2025-03-06,2025-03-30,4,"quantile",0.5,179537.55
"3078","DE","00-04",2025-03-06,2025-03-30,4,"quantile",0.75,223617.575
"3079","DE","00-04",2025-03-06,2025-03-30,4,"quantile",0.9,269199.82
"3080","DE","00-04",2025-03-06,2025-03-30,4,"quantile",0.975,326497.085
"3081","DE","05-14",2025-03-06,2025-03-09,1,"quantile",0.025,75371.2075
"3082","DE","05-14",2025-03-06,2025-03-09,1,"quantile",0.1,103632.11
"3083","DE","05-14",2025-03-06,2025-03-09,1,"quantile",0.25,134734.675
"3084","DE","05-14",2025-03-06,2025-03-09,1,"quantile",0.5,176522.55
"3085","DE","05-14",2025-03-06,2025-03-09,1,"quantile",0.75,226209.85
"3086","DE","05-14",2025-03-06,2025-03-09,1,"quantile",0.9,278596.08
"3087","DE","05-14",2025-03-06,2025-03-09,1,"quantile",0.975,346462.2925
"3088","DE","05-14",2025-03-06,2025-03-16,2,"quantile",0.025,75670.2575
"3089","DE","05-14",2025-03-06,2025-03-16,2,"quantile",0.1,104339.69
"3090","DE","05-14",2025-03-06,2025-03-16,2,"quantile",0.25,135712.5
"3091","DE","05-14",2025-03-06,2025-03-16,2,"quantile",0.5,177828.75
"3092","DE","05-14",2025-03-06,2025-03-16,2,"quantile",0.75,228363.1
"3093","DE","05-14",2025-03-06,2025-03-16,2,"quantile",0.9,281515.31
"3094","DE","05-14",2025-03-06,2025-03-16,2,"quantile",0.975,350143.51
"3095","DE","05-14",2025-03-06,2025-03-23,3,"quantile",0.025,70897.785
"3096","DE","05-14",2025-03-06,2025-03-23,3,"quantile",0.1,98078.39
"3097","DE","05-14",2025-03-06,2025-03-23,3,"quantile",0.25,127682.375
"3098","DE","05-14",2025-03-06,2025-03-23,3,"quantile",0.5,167391.35
"3099","DE","05-14",2025-03-06,2025-03-23,3,"quantile",0.75,214862.1
"3100","DE","05-14",2025-03-06,2025-03-23,3,"quantile",0.9,264935.94
"3101","DE","05-14",2025-03-06,2025-03-23,3,"quantile",0.975,329665.3175
"3102","DE","05-14",2025-03-06,2025-03-30,4,"quantile",0.025,61621.335
"3103","DE","05-14",2025-03-06,2025-03-30,4,"quantile",0.1,85437.3
"3104","DE","05-14",2025-03-06,2025-03-30,4,"quantile",0.25,111794.175
"3105","DE","05-14",2025-03-06,2025-03-30,4,"quantile",0.5,147145.15
"3106","DE","05-14",2025-03-06,2025-03-30,4,"quantile",0.75,189350.85
"3107","DE","05-14",2025-03-06,2025-03-30,4,"quantile",0.9,233673.66
"3108","DE","05-14",2025-03-06,2025-03-30,4,"quantile",0.975,291289.68
"3109","DE","15-34",2025-03-06,2025-03-09,1,"quantile",0.025,200451.2775
"3110","DE","15-34",2025-03-06,2025-03-09,1,"quantile",0.1,260426.84
"3111","DE","15-34",2025-03-06,2025-03-09,1,"quantile",0.25,323896.85
"3112","DE","15-34",2025-03-06,2025-03-09,1,"quantile",0.5,407173.1
"3113","DE","15-34",2025-03-06,2025-03-09,1,"quantile",0.75,503613.075
"3114","DE","15-34",2025-03-06,2025-03-09,1,"quantile",0.9,602505.17
"3115","DE","15-34",2025-03-06,2025-03-09,1,"quantile",0.975,727223.4975
"3116","DE","15-34",2025-03-06,2025-03-16,2,"quantile",0.025,201180.84
"3117","DE","15-34",2025-03-06,2025-03-16,2,"quantile",0.1,261896.73
"3118","DE","15-34",2025-03-06,2025-03-16,2,"quantile",0.25,326220.15
"3119","DE","15-34",2025-03-06,2025-03-16,2,"quantile",0.5,410324.75
"3120","DE","15-34",2025-03-06,2025-03-16,2,"quantile",0.75,508134.15
"3121","DE","15-34",2025-03-06,2025-03-16,2,"quantile",0.9,607961.13
"3122","DE","15-34",2025-03-06,2025-03-16,2,"quantile",0.975,735132.66
"3123","DE","15-34",2025-03-06,2025-03-23,3,"quantile",0.025,183757.19
"3124","DE","15-34",2025-03-06,2025-03-23,3,"quantile",0.1,239958.44
"3125","DE","15-34",2025-03-06,2025-03-23,3,"quantile",0.25,299715.7
"3126","DE","15-34",2025-03-06,2025-03-23,3,"quantile",0.5,376893.5
"3127","DE","15-34",2025-03-06,2025-03-23,3,"quantile",0.75,467923.35
"3128","DE","15-34",2025-03-06,2025-03-23,3,"quantile",0.9,561440.06
"3129","DE","15-34",2025-03-06,2025-03-23,3,"quantile",0.975,680989.715
"3130","DE","15-34",2025-03-06,2025-03-30,4,"quantile",0.025,161631.1375
"3131","DE","15-34",2025-03-06,2025-03-30,4,"quantile",0.1,211446.9
"3132","DE","15-34",2025-03-06,2025-03-30,4,"quantile",0.25,264321.65
"3133","DE","15-34",2025-03-06,2025-03-30,4,"quantile",0.5,333297.95
"3134","DE","15-34",2025-03-06,2025-03-30,4,"quantile",0.75,413720.45
"3135","DE","15-34",2025-03-06,2025-03-30,4,"quantile",0.9,496599.29
"3136","DE","15-34",2025-03-06,2025-03-30,4,"quantile",0.975,600765.8925
"3137","DE","35-59",2025-03-06,2025-03-09,1,"quantile",0.025,270707.875
"3138","DE","35-59",2025-03-06,2025-03-09,1,"quantile",0.1,353351.57
"3139","DE","35-59",2025-03-06,2025-03-09,1,"quantile",0.25,440232.275
"3140","DE","35-59",2025-03-06,2025-03-09,1,"quantile",0.5,553454.55
"3141","DE","35-59",2025-03-06,2025-03-09,1,"quantile",0.75,686082.45
"3142","DE","35-59",2025-03-06,2025-03-09,1,"quantile",0.9,821252.76
"3143","DE","35-59",2025-03-06,2025-03-09,1,"quantile",0.975,994869.7875
"3144","DE","35-59",2025-03-06,2025-03-16,2,"quantile",0.025,272088.8725
"3145","DE","35-59",2025-03-06,2025-03-16,2,"quantile",0.1,354808.57
"3146","DE","35-59",2025-03-06,2025-03-16,2,"quantile",0.25,442722.775
"3147","DE","35-59",2025-03-06,2025-03-16,2,"quantile",0.5,556359.3
"3148","DE","35-59",2025-03-06,2025-03-16,2,"quantile",0.75,689459.05
"3149","DE","35-59",2025-03-06,2025-03-16,2,"quantile",0.9,827601.72
"3150","DE","35-59",2025-03-06,2025-03-16,2,"quantile",0.975,1000157.2625
"3151","DE","35-59",2025-03-06,2025-03-23,3,"quantile",0.025,248019.0625
"3152","DE","35-59",2025-03-06,2025-03-23,3,"quantile",0.1,324641.08
"3153","DE","35-59",2025-03-06,2025-03-23,3,"quantile",0.25,406795.625
"3154","DE","35-59",2025-03-06,2025-03-23,3,"quantile",0.5,513020.7
"3155","DE","35-59",2025-03-06,2025-03-23,3,"quantile",0.75,637564.525
"3156","DE","35-59",2025-03-06,2025-03-23,3,"quantile",0.9,766804.84
"3157","DE","35-59",2025-03-06,2025-03-23,3,"quantile",0.975,930256.755
"3158","DE","35-59",2025-03-06,2025-03-30,4,"quantile",0.025,214526.775
"3159","DE","35-59",2025-03-06,2025-03-30,4,"quantile",0.1,280812.77
"3160","DE","35-59",2025-03-06,2025-03-30,4,"quantile",0.25,351966.475
"3161","DE","35-59",2025-03-06,2025-03-30,4,"quantile",0.5,445248.05
"3162","DE","35-59",2025-03-06,2025-03-30,4,"quantile",0.75,554473.35
"3163","DE","35-59",2025-03-06,2025-03-30,4,"quantile",0.9,666887
"3164","DE","35-59",2025-03-06,2025-03-30,4,"quantile",0.975,809070.815
"3165","DE","60+",2025-03-06,2025-03-09,1,"quantile",0.025,98113.9825
"3166","DE","60+",2025-03-06,2025-03-09,1,"quantile",0.1,126573.03
"3167","DE","60+",2025-03-06,2025-03-09,1,"quantile",0.25,156757.325
"3168","DE","60+",2025-03-06,2025-03-09,1,"quantile",0.5,196041.55
"3169","DE","60+",2025-03-06,2025-03-09,1,"quantile",0.75,241531.1
"3170","DE","60+",2025-03-06,2025-03-09,1,"quantile",0.9,288231.96
"3171","DE","60+",2025-03-06,2025-03-09,1,"quantile",0.975,347574.1225
"3172","DE","60+",2025-03-06,2025-03-16,2,"quantile",0.025,99217.53
"3173","DE","60+",2025-03-06,2025-03-16,2,"quantile",0.1,128063.86
"3174","DE","60+",2025-03-06,2025-03-16,2,"quantile",0.25,158700.55
"3175","DE","60+",2025-03-06,2025-03-16,2,"quantile",0.5,198610.65
"3176","DE","60+",2025-03-06,2025-03-16,2,"quantile",0.75,244954.975
"3177","DE","60+",2025-03-06,2025-03-16,2,"quantile",0.9,292508.88
"3178","DE","60+",2025-03-06,2025-03-16,2,"quantile",0.975,352620.1325
"3179","DE","60+",2025-03-06,2025-03-23,3,"quantile",0.025,90417.7475
"3180","DE","60+",2025-03-06,2025-03-23,3,"quantile",0.1,117416.33
"3181","DE","60+",2025-03-06,2025-03-23,3,"quantile",0.25,145656
"3182","DE","60+",2025-03-06,2025-03-23,3,"quantile",0.5,182540.85
"3183","DE","60+",2025-03-06,2025-03-23,3,"quantile",0.75,225750.4
"3184","DE","60+",2025-03-06,2025-03-23,3,"quantile",0.9,270251.8
"3185","DE","60+",2025-03-06,2025-03-23,3,"quantile",0.975,326718.28
"3186","DE","60+",2025-03-06,2025-03-30,4,"quantile",0.025,79749.6
"3187","DE","60+",2025-03-06,2025-03-30,4,"quantile",0.1,103426.97
"3188","DE","60+",2025-03-06,2025-03-30,4,"quantile",0.25,128594.425
"3189","DE","60+",2025-03-06,2025-03-30,4,"quantile",0.5,161290.35
"3190","DE","60+",2025-03-06,2025-03-30,4,"quantile",0.75,199264.225
"3191","DE","60+",2025-03-06,2025-03-30,4,"quantile",0.9,238336.03
"3192","DE","60+",2025-03-06,2025-03-30,4,"quantile",0.975,287707.06
"3193","DE","00+",2025-03-13,2025-03-16,1,"quantile",0.025,619170.5775
"3194","DE","00+",2025-03-13,2025-03-16,1,"quantile",0.1,821933.63
"3195","DE","00+",2025-03-13,2025-03-16,1,"quantile",0.25,1037972.25
"3196","DE","00+",2025-03-13,2025-03-16,1,"quantile",0.5,1322511.6
"3197","DE","00+",2025-03-13,2025-03-16,1,"quantile",0.75,1655941.05
"3198","DE","00+",2025-03-13,2025-03-16,1,"quantile",0.9,2002492.91
"3199","DE","00+",2025-03-13,2025-03-16,1,"quantile",0.975,2447470.2525
"3200","DE","00+",2025-03-13,2025-03-23,2,"quantile",0.025,583863.39
"3201","DE","00+",2025-03-13,2025-03-23,2,"quantile",0.1,774670.21
"3202","DE","00+",2025-03-13,2025-03-23,2,"quantile",0.25,979760.95
"3203","DE","00+",2025-03-13,2025-03-23,2,"quantile",0.5,1249074.85
"3204","DE","00+",2025-03-13,2025-03-23,2,"quantile",0.75,1567227.675
"3205","DE","00+",2025-03-13,2025-03-23,2,"quantile",0.9,1896889.58
"3206","DE","00+",2025-03-13,2025-03-23,2,"quantile",0.975,2321517.635
"3207","DE","00+",2025-03-13,2025-03-30,3,"quantile",0.025,586716.935
"3208","DE","00+",2025-03-13,2025-03-30,3,"quantile",0.1,780522.36
"3209","DE","00+",2025-03-13,2025-03-30,3,"quantile",0.25,991845.2
"3210","DE","00+",2025-03-13,2025-03-30,3,"quantile",0.5,1270250.8
"3211","DE","00+",2025-03-13,2025-03-30,3,"quantile",0.75,1600413.175
"3212","DE","00+",2025-03-13,2025-03-30,3,"quantile",0.9,1941281.83
"3213","DE","00+",2025-03-13,2025-03-30,3,"quantile",0.975,2381424.8575
"3214","DE","00+",2025-03-13,2025-04-06,4,"quantile",0.025,547824.4425
"3215","DE","00+",2025-03-13,2025-04-06,4,"quantile",0.1,732598.66
"3216","DE","00+",2025-03-13,2025-04-06,4,"quantile",0.25,931762.6
"3217","DE","00+",2025-03-13,2025-04-06,4,"quantile",0.5,1194802.1
"3218","DE","00+",2025-03-13,2025-04-06,4,"quantile",0.75,1504880.375
"3219","DE","00+",2025-03-13,2025-04-06,4,"quantile",0.9,1827459.83
"3220","DE","00+",2025-03-13,2025-04-06,4,"quantile",0.975,2242119.6275
"3221","DE","00-04",2025-03-13,2025-03-16,1,"quantile",0.025,86587.075
"3222","DE","00-04",2025-03-13,2025-03-16,1,"quantile",0.1,117844.88
"3223","DE","00-04",2025-03-13,2025-03-16,1,"quantile",0.25,152103.15
"3224","DE","00-04",2025-03-13,2025-03-16,1,"quantile",0.5,197258.25
"3225","DE","00-04",2025-03-13,2025-03-16,1,"quantile",0.75,250979.4
"3226","DE","00-04",2025-03-13,2025-03-16,1,"quantile",0.9,306853.43
"3227","DE","00-04",2025-03-13,2025-03-16,1,"quantile",0.975,378619.825
"3228","DE","00-04",2025-03-13,2025-03-23,2,"quantile",0.025,82670.985
"3229","DE","00-04",2025-03-13,2025-03-23,2,"quantile",0.1,112193.94
"3230","DE","00-04",2025-03-13,2025-03-23,2,"quantile",0.25,144579.6
"3231","DE","00-04",2025-03-13,2025-03-23,2,"quantile",0.5,187732.55
"3232","DE","00-04",2025-03-13,2025-03-23,2,"quantile",0.75,238630.375
"3233","DE","00-04",2025-03-13,2025-03-23,2,"quantile",0.9,291890.49
"3234","DE","00-04",2025-03-13,2025-03-23,2,"quantile",0.975,359598.555
"3235","DE","00-04",2025-03-13,2025-03-30,3,"quantile",0.025,82291.0825
"3236","DE","00-04",2025-03-13,2025-03-30,3,"quantile",0.1,112422.96
"3237","DE","00-04",2025-03-13,2025-03-30,3,"quantile",0.25,145450.825
"3238","DE","00-04",2025-03-13,2025-03-30,3,"quantile",0.5,189333.6
"3239","DE","00-04",2025-03-13,2025-03-30,3,"quantile",0.75,241466.525
"3240","DE","00-04",2025-03-13,2025-03-30,3,"quantile",0.9,295565.76
"3241","DE","00-04",2025-03-13,2025-03-30,3,"quantile",0.975,365109.8525
"3242","DE","00-04",2025-03-13,2025-04-06,4,"quantile",0.025,77283.785
"3243","DE","00-04",2025-03-13,2025-04-06,4,"quantile",0.1,106040.74
"3244","DE","00-04",2025-03-13,2025-04-06,4,"quantile",0.25,137237.55
"3245","DE","00-04",2025-03-13,2025-04-06,4,"quantile",0.5,179071.75
"3246","DE","00-04",2025-03-13,2025-04-06,4,"quantile",0.75,228667.175
"3247","DE","00-04",2025-03-13,2025-04-06,4,"quantile",0.9,280639.52
"3248","DE","00-04",2025-03-13,2025-04-06,4,"quantile",0.975,346200.595
"3249","DE","05-14",2025-03-13,2025-03-16,1,"quantile",0.025,60602.8875
"3250","DE","05-14",2025-03-13,2025-03-16,1,"quantile",0.1,86774.03
"3251","DE","05-14",2025-03-13,2025-03-16,1,"quantile",0.25,116243.2
"3252","DE","05-14",2025-03-13,2025-03-16,1,"quantile",0.5,156162.4
"3253","DE","05-14",2025-03-13,2025-03-16,1,"quantile",0.75,205003.225
"3254","DE","05-14",2025-03-13,2025-03-16,1,"quantile",0.9,256961.8
"3255","DE","05-14",2025-03-13,2025-03-16,1,"quantile",0.975,323700.6075
"3256","DE","05-14",2025-03-13,2025-03-23,2,"quantile",0.025,56716.6925
"3257","DE","05-14",2025-03-13,2025-03-23,2,"quantile",0.1,81149.73
"3258","DE","05-14",2025-03-13,2025-03-23,2,"quantile",0.25,108681.55
"3259","DE","05-14",2025-03-13,2025-03-23,2,"quantile",0.5,146125.8
"3260","DE","05-14",2025-03-13,2025-03-23,2,"quantile",0.75,191737.3
"3261","DE","05-14",2025-03-13,2025-03-23,2,"quantile",0.9,240443.43
"3262","DE","05-14",2025-03-13,2025-03-23,2,"quantile",0.975,302734.98
"3263","DE","05-14",2025-03-13,2025-03-30,3,"quantile",0.025,56208.72
"3264","DE","05-14",2025-03-13,2025-03-30,3,"quantile",0.1,81224.44
"3265","DE","05-14",2025-03-13,2025-03-30,3,"quantile",0.25,109098.725
"3266","DE","05-14",2025-03-13,2025-03-30,3,"quantile",0.5,147556.3
"3267","DE","05-14",2025-03-13,2025-03-30,3,"quantile",0.75,194391.875
"3268","DE","05-14",2025-03-13,2025-03-30,3,"quantile",0.9,244301.13
"3269","DE","05-14",2025-03-13,2025-03-30,3,"quantile",0.975,308679.5975
"3270","DE","05-14",2025-03-13,2025-04-06,4,"quantile",0.025,53134.3425
"3271","DE","05-14",2025-03-13,2025-04-06,4,"quantile",0.1,76340.41
"3272","DE","05-14",2025-03-13,2025-04-06,4,"quantile",0.25,102698.1
"3273","DE","05-14",2025-03-13,2025-04-06,4,"quantile",0.5,138866.4
"3274","DE","05-14",2025-03-13,2025-04-06,4,"quantile",0.75,183164.775
"3275","DE","05-14",2025-03-13,2025-04-06,4,"quantile",0.9,230272.05
"3276","DE","05-14",2025-03-13,2025-04-06,4,"quantile",0.975,291875.715
"3277","DE","15-34",2025-03-13,2025-03-16,1,"quantile",0.025,151787.4675
"3278","DE","15-34",2025-03-13,2025-03-16,1,"quantile",0.1,206216.06
"3279","DE","15-34",2025-03-13,2025-03-16,1,"quantile",0.25,265887.925
"3280","DE","15-34",2025-03-13,2025-03-16,1,"quantile",0.5,345295.8
"3281","DE","15-34",2025-03-13,2025-03-16,1,"quantile",0.75,439222.425
"3282","DE","15-34",2025-03-13,2025-03-16,1,"quantile",0.9,538063.82
"3283","DE","15-34",2025-03-13,2025-03-16,1,"quantile",0.975,662667.78
"3284","DE","15-34",2025-03-13,2025-03-23,2,"quantile",0.025,141845.605
"3285","DE","15-34",2025-03-13,2025-03-23,2,"quantile",0.1,193028.53
"3286","DE","15-34",2025-03-13,2025-03-23,2,"quantile",0.25,248503.325
"3287","DE","15-34",2025-03-13,2025-03-23,2,"quantile",0.5,323058.8
"3288","DE","15-34",2025-03-13,2025-03-23,2,"quantile",0.75,411484.175
"3289","DE","15-34",2025-03-13,2025-03-23,2,"quantile",0.9,503638.99
"3290","DE","15-34",2025-03-13,2025-03-23,2,"quantile",0.975,620772.48
"3291","DE","15-34",2025-03-13,2025-03-30,3,"quantile",0.025,141460.4375
"3292","DE","15-34",2025-03-13,2025-03-30,3,"quantile",0.1,193618.77
"3293","DE","15-34",2025-03-13,2025-03-30,3,"quantile",0.25,250515.3
"3294","DE","15-34",2025-03-13,2025-03-30,3,"quantile",0.5,326821.15
"3295","DE","15-34",2025-03-13,2025-03-30,3,"quantile",0.75,417576.925
"3296","DE","15-34",2025-03-13,2025-03-30,3,"quantile",0.9,512468.08
"3297","DE","15-34",2025-03-13,2025-03-30,3,"quantile",0.975,634891.8625
"3298","DE","15-34",2025-03-13,2025-04-06,4,"quantile",0.025,132422.63
"3299","DE","15-34",2025-03-13,2025-04-06,4,"quantile",0.1,181907.22
"3300","DE","15-34",2025-03-13,2025-04-06,4,"quantile",0.25,235793.6
"3301","DE","15-34",2025-03-13,2025-04-06,4,"quantile",0.5,307688.4
"3302","DE","15-34",2025-03-13,2025-04-06,4,"quantile",0.75,393916.3
"3303","DE","15-34",2025-03-13,2025-04-06,4,"quantile",0.9,484399.69
"3304","DE","15-34",2025-03-13,2025-04-06,4,"quantile",0.975,599836.465
"3305","DE","35-59",2025-03-13,2025-03-16,1,"quantile",0.025,201937.665
"3306","DE","35-59",2025-03-13,2025-03-16,1,"quantile",0.1,274820.11
"3307","DE","35-59",2025-03-13,2025-03-16,1,"quantile",0.25,354405.725
"3308","DE","35-59",2025-03-13,2025-03-16,1,"quantile",0.5,460255.7
"3309","DE","35-59",2025-03-13,2025-03-16,1,"quantile",0.75,586219.85
"3310","DE","35-59",2025-03-13,2025-03-16,1,"quantile",0.9,717299.94
"3311","DE","35-59",2025-03-13,2025-03-16,1,"quantile",0.975,887699.575
"3312","DE","35-59",2025-03-13,2025-03-23,2,"quantile",0.025,186486.6475
"3313","DE","35-59",2025-03-13,2025-03-23,2,"quantile",0.1,253398.13
"3314","DE","35-59",2025-03-13,2025-03-23,2,"quantile",0.25,327448.275
"3315","DE","35-59",2025-03-13,2025-03-23,2,"quantile",0.5,425951.7
"3316","DE","35-59",2025-03-13,2025-03-23,2,"quantile",0.75,543531.05
"3317","DE","35-59",2025-03-13,2025-03-23,2,"quantile",0.9,666404
"3318","DE","35-59",2025-03-13,2025-03-23,2,"quantile",0.975,823596.8575
"3319","DE","35-59",2025-03-13,2025-03-30,3,"quantile",0.025,188598.8525
"3320","DE","35-59",2025-03-13,2025-03-30,3,"quantile",0.1,257967.9
"3321","DE","35-59",2025-03-13,2025-03-30,3,"quantile",0.25,334201.1
"3322","DE","35-59",2025-03-13,2025-03-30,3,"quantile",0.5,435314.5
"3323","DE","35-59",2025-03-13,2025-03-30,3,"quantile",0.75,557292.85
"3324","DE","35-59",2025-03-13,2025-03-30,3,"quantile",0.9,686154.65
"3325","DE","35-59",2025-03-13,2025-03-30,3,"quantile",0.975,849971.285
"3326","DE","35-59",2025-03-13,2025-04-06,4,"quantile",0.025,174612.605
"3327","DE","35-59",2025-03-13,2025-04-06,4,"quantile",0.1,239103.7
"3328","DE","35-59",2025-03-13,2025-04-06,4,"quantile",0.25,309968.125
"3329","DE","35-59",2025-03-13,2025-04-06,4,"quantile",0.5,404972.9
"3330","DE","35-59",2025-03-13,2025-04-06,4,"quantile",0.75,517987.975
"3331","DE","35-59",2025-03-13,2025-04-06,4,"quantile",0.9,636004.61
"3332","DE","35-59",2025-03-13,2025-04-06,4,"quantile",0.975,788266.3225
"3333","DE","60+",2025-03-13,2025-03-16,1,"quantile",0.025,79199.11
"3334","DE","60+",2025-03-13,2025-03-16,1,"quantile",0.1,104610.84
"3335","DE","60+",2025-03-13,2025-03-16,1,"quantile",0.25,131850.575
"3336","DE","60+",2025-03-13,2025-03-16,1,"quantile",0.5,167929.5
"3337","DE","60+",2025-03-13,2025-03-16,1,"quantile",0.75,210320.6
"3338","DE","60+",2025-03-13,2025-03-16,1,"quantile",0.9,253999.72
"3339","DE","60+",2025-03-13,2025-03-16,1,"quantile",0.975,309829.295
"3340","DE","60+",2025-03-13,2025-03-23,2,"quantile",0.025,73687.88
"3341","DE","60+",2025-03-13,2025-03-23,2,"quantile",0.1,97503.14
"3342","DE","60+",2025-03-13,2025-03-23,2,"quantile",0.25,123322.175
"3343","DE","60+",2025-03-13,2025-03-23,2,"quantile",0.5,157043.7
"3344","DE","60+",2025-03-13,2025-03-23,2,"quantile",0.75,196801.675
"3345","DE","60+",2025-03-13,2025-03-23,2,"quantile",0.9,237813.06
"3346","DE","60+",2025-03-13,2025-03-23,2,"quantile",0.975,290875.7825
"3347","DE","60+",2025-03-13,2025-03-30,3,"quantile",0.025,73710.585
"3348","DE","60+",2025-03-13,2025-03-30,3,"quantile",0.1,98031.82
"3349","DE","60+",2025-03-13,2025-03-30,3,"quantile",0.25,124187.7
"3350","DE","60+",2025-03-13,2025-03-30,3,"quantile",0.5,158437.15
"3351","DE","60+",2025-03-13,2025-03-30,3,"quantile",0.75,198990.575
"3352","DE","60+",2025-03-13,2025-03-30,3,"quantile",0.9,241058.47
"3353","DE","60+",2025-03-13,2025-03-30,3,"quantile",0.975,294426.425
"3354","DE","60+",2025-03-13,2025-04-06,4,"quantile",0.025,68817.6575
"3355","DE","60+",2025-03-13,2025-04-06,4,"quantile",0.1,91674.41
"3356","DE","60+",2025-03-13,2025-04-06,4,"quantile",0.25,116419.125
"3357","DE","60+",2025-03-13,2025-04-06,4,"quantile",0.5,148807.8
"3358","DE","60+",2025-03-13,2025-04-06,4,"quantile",0.75,186887.35
"3359","DE","60+",2025-03-13,2025-04-06,4,"quantile",0.9,226418.5
"3360","DE","60+",2025-03-13,2025-04-06,4,"quantile",0.975,276831.945
"3361","DE","00+",2025-03-20,2025-03-23,1,"quantile",0.025,579875.495
"3362","DE","00+",2025-03-20,2025-03-23,1,"quantile",0.1,760893.67
"3363","DE","00+",2025-03-20,2025-03-23,1,"quantile",0.25,955441.725
"3364","DE","00+",2025-03-20,2025-03-23,1,"quantile",0.5,1209223.3
"3365","DE","00+",2025-03-20,2025-03-23,1,"quantile",0.75,1505815.25
"3366","DE","00+",2025-03-20,2025-03-23,1,"quantile",0.9,1813481.07
"3367","DE","00+",2025-03-20,2025-03-23,1,"quantile",0.975,2207484.9175
"3368","DE","00+",2025-03-20,2025-03-30,2,"quantile",0.025,570165.2225
"3369","DE","00+",2025-03-20,2025-03-30,2,"quantile",0.1,751097.48
"3370","DE","00+",2025-03-20,2025-03-30,2,"quantile",0.25,942195.225
"3371","DE","00+",2025-03-20,2025-03-30,2,"quantile",0.5,1194296.65
"3372","DE","00+",2025-03-20,2025-03-30,2,"quantile",0.75,1491101.375
"3373","DE","00+",2025-03-20,2025-03-30,2,"quantile",0.9,1797246.47
"3374","DE","00+",2025-03-20,2025-03-30,2,"quantile",0.975,2188890.315
"3375","DE","00+",2025-03-20,2025-04-06,3,"quantile",0.025,548996.89
"3376","DE","00+",2025-03-20,2025-04-06,3,"quantile",0.1,723225.6
"3377","DE","00+",2025-03-20,2025-04-06,3,"quantile",0.25,910517.275
"3378","DE","00+",2025-03-20,2025-04-06,3,"quantile",0.5,1156511
"3379","DE","00+",2025-03-20,2025-04-06,3,"quantile",0.75,1443931
"3380","DE","00+",2025-03-20,2025-04-06,3,"quantile",0.9,1746275.86
"3381","DE","00+",2025-03-20,2025-04-06,3,"quantile",0.975,2123476.205
"3382","DE","00+",2025-03-20,2025-04-13,4,"quantile",0.025,524526.69
"3383","DE","00+",2025-03-20,2025-04-13,4,"quantile",0.1,693616.57
"3384","DE","00+",2025-03-20,2025-04-13,4,"quantile",0.25,876848.65
"3385","DE","00+",2025-03-20,2025-04-13,4,"quantile",0.5,1115911.35
"3386","DE","00+",2025-03-20,2025-04-13,4,"quantile",0.75,1396530.625
"3387","DE","00+",2025-03-20,2025-04-13,4,"quantile",0.9,1687899.9
"3388","DE","00+",2025-03-20,2025-04-13,4,"quantile",0.975,2062474.8725
"3389","DE","00-04",2025-03-20,2025-03-23,1,"quantile",0.025,86275.91
"3390","DE","00-04",2025-03-20,2025-03-23,1,"quantile",0.1,115681.2
"3391","DE","00-04",2025-03-20,2025-03-23,1,"quantile",0.25,147236
"3392","DE","00-04",2025-03-20,2025-03-23,1,"quantile",0.5,189059.35
"3393","DE","00-04",2025-03-20,2025-03-23,1,"quantile",0.75,238509.475
"3394","DE","00-04",2025-03-20,2025-03-23,1,"quantile",0.9,289547.42
"3395","DE","00-04",2025-03-20,2025-03-23,1,"quantile",0.975,354680.3275
"3396","DE","00-04",2025-03-20,2025-03-30,2,"quantile",0.025,84649.335
"3397","DE","00-04",2025-03-20,2025-03-30,2,"quantile",0.1,113670.12
"3398","DE","00-04",2025-03-20,2025-03-30,2,"quantile",0.25,145196.95
"3399","DE","00-04",2025-03-20,2025-03-30,2,"quantile",0.5,186442.6
"3400","DE","00-04",2025-03-20,2025-03-30,2,"quantile",0.75,235535.8
"3401","DE","00-04",2025-03-20,2025-03-30,2,"quantile",0.9,286606.04
"3402","DE","00-04",2025-03-20,2025-03-30,2,"quantile",0.975,350771.455
"3403","DE","00-04",2025-03-20,2025-04-06,3,"quantile",0.025,80393.99
"3404","DE","00-04",2025-03-20,2025-04-06,3,"quantile",0.1,108586.45
"3405","DE","00-04",2025-03-20,2025-04-06,3,"quantile",0.25,138830.45
"3406","DE","00-04",2025-03-20,2025-04-06,3,"quantile",0.5,178799.8
"3407","DE","00-04",2025-03-20,2025-04-06,3,"quantile",0.75,225930.3
"3408","DE","00-04",2025-03-20,2025-04-06,3,"quantile",0.9,274855.53
"3409","DE","00-04",2025-03-20,2025-04-06,3,"quantile",0.975,337493.5725
"3410","DE","00-04",2025-03-20,2025-04-13,4,"quantile",0.025,76918.4675
"3411","DE","00-04",2025-03-20,2025-04-13,4,"quantile",0.1,103803.88
"3412","DE","00-04",2025-03-20,2025-04-13,4,"quantile",0.25,133225.025
"3413","DE","00-04",2025-03-20,2025-04-13,4,"quantile",0.5,171866.3
"3414","DE","00-04",2025-03-20,2025-04-13,4,"quantile",0.75,217696.15
"3415","DE","00-04",2025-03-20,2025-04-13,4,"quantile",0.9,265636.85
"3416","DE","00-04",2025-03-20,2025-04-13,4,"quantile",0.975,326176.445
"3417","DE","05-14",2025-03-20,2025-03-23,1,"quantile",0.025,55597.395
"3418","DE","05-14",2025-03-20,2025-03-23,1,"quantile",0.1,79943.97
"3419","DE","05-14",2025-03-20,2025-03-23,1,"quantile",0.25,107042.125
"3420","DE","05-14",2025-03-20,2025-03-23,1,"quantile",0.5,144495.85
"3421","DE","05-14",2025-03-20,2025-03-23,1,"quantile",0.75,189687.25
"3422","DE","05-14",2025-03-20,2025-03-23,1,"quantile",0.9,237875.63
"3423","DE","05-14",2025-03-20,2025-03-23,1,"quantile",0.975,300125.0425
"3424","DE","05-14",2025-03-20,2025-03-30,2,"quantile",0.025,54445.52
"3425","DE","05-14",2025-03-20,2025-03-30,2,"quantile",0.1,78325.81
"3426","DE","05-14",2025-03-20,2025-03-30,2,"quantile",0.25,105318.775
"3427","DE","05-14",2025-03-20,2025-03-30,2,"quantile",0.5,142152.7
"3428","DE","05-14",2025-03-20,2025-03-30,2,"quantile",0.75,187054.95
"3429","DE","05-14",2025-03-20,2025-03-30,2,"quantile",0.9,235114.56
"3430","DE","05-14",2025-03-20,2025-03-30,2,"quantile",0.975,297368.8725
"3431","DE","05-14",2025-03-20,2025-04-06,3,"quantile",0.025,51905.77
"3432","DE","05-14",2025-03-20,2025-04-06,3,"quantile",0.1,74702.81
"3433","DE","05-14",2025-03-20,2025-04-06,3,"quantile",0.25,100955.65
"3434","DE","05-14",2025-03-20,2025-04-06,3,"quantile",0.5,136512.85
"3435","DE","05-14",2025-03-20,2025-04-06,3,"quantile",0.75,179543.525
"3436","DE","05-14",2025-03-20,2025-04-06,3,"quantile",0.9,225753.24
"3437","DE","05-14",2025-03-20,2025-04-06,3,"quantile",0.975,286009.095
"3438","DE","05-14",2025-03-20,2025-04-13,4,"quantile",0.025,49957.105
"3439","DE","05-14",2025-03-20,2025-04-13,4,"quantile",0.1,71965.72
"3440","DE","05-14",2025-03-20,2025-04-13,4,"quantile",0.25,97157.475
"3441","DE","05-14",2025-03-20,2025-04-13,4,"quantile",0.5,131571.65
"3442","DE","05-14",2025-03-20,2025-04-13,4,"quantile",0.75,173547.175
"3443","DE","05-14",2025-03-20,2025-04-13,4,"quantile",0.9,218482.29
"3444","DE","05-14",2025-03-20,2025-04-13,4,"quantile",0.975,276104.1575
"3445","DE","15-34",2025-03-20,2025-03-23,1,"quantile",0.025,145279.87
"3446","DE","15-34",2025-03-20,2025-03-23,1,"quantile",0.1,196587.76
"3447","DE","15-34",2025-03-20,2025-03-23,1,"quantile",0.25,252754.125
"3448","DE","15-34",2025-03-20,2025-03-23,1,"quantile",0.5,326871.1
"3449","DE","15-34",2025-03-20,2025-03-23,1,"quantile",0.75,415694.05
"3450","DE","15-34",2025-03-20,2025-03-23,1,"quantile",0.9,508000.42
"3451","DE","15-34",2025-03-20,2025-03-23,1,"quantile",0.975,627161.155
"3452","DE","15-34",2025-03-20,2025-03-30,2,"quantile",0.025,142694.885
"3453","DE","15-34",2025-03-20,2025-03-30,2,"quantile",0.1,193194.36
"3454","DE","15-34",2025-03-20,2025-03-30,2,"quantile",0.25,248450.325
"3455","DE","15-34",2025-03-20,2025-03-30,2,"quantile",0.5,322356.5
"3456","DE","15-34",2025-03-20,2025-03-30,2,"quantile",0.75,410302.5
"3457","DE","15-34",2025-03-20,2025-03-30,2,"quantile",0.9,501666.24
"3458","DE","15-34",2025-03-20,2025-03-30,2,"quantile",0.975,619895.1075
"3459","DE","15-34",2025-03-20,2025-04-06,3,"quantile",0.025,136252.45
"3460","DE","15-34",2025-03-20,2025-04-06,3,"quantile",0.1,185562.03
"3461","DE","15-34",2025-03-20,2025-04-06,3,"quantile",0.25,239094.9
"3462","DE","15-34",2025-03-20,2025-04-06,3,"quantile",0.5,310518.9
"3463","DE","15-34",2025-03-20,2025-04-06,3,"quantile",0.75,395771.125
"3464","DE","15-34",2025-03-20,2025-04-06,3,"quantile",0.9,484818.81
"3465","DE","15-34",2025-03-20,2025-04-06,3,"quantile",0.975,599196.8025
"3466","DE","15-34",2025-03-20,2025-04-13,4,"quantile",0.025,129343.1225
"3467","DE","15-34",2025-03-20,2025-04-13,4,"quantile",0.1,176967.34
"3468","DE","15-34",2025-03-20,2025-04-13,4,"quantile",0.25,228877.875
"3469","DE","15-34",2025-03-20,2025-04-13,4,"quantile",0.5,298302.5
"3470","DE","15-34",2025-03-20,2025-04-13,4,"quantile",0.75,380877.925
"3471","DE","15-34",2025-03-20,2025-04-13,4,"quantile",0.9,466956.87
"3472","DE","15-34",2025-03-20,2025-04-13,4,"quantile",0.975,578533.5375
"3473","DE","35-59",2025-03-20,2025-03-23,1,"quantile",0.025,188295.445
"3474","DE","35-59",2025-03-20,2025-03-23,1,"quantile",0.1,254076.43
"3475","DE","35-59",2025-03-20,2025-03-23,1,"quantile",0.25,325220.075
"3476","DE","35-59",2025-03-20,2025-03-23,1,"quantile",0.5,420545.2
"3477","DE","35-59",2025-03-20,2025-03-23,1,"quantile",0.75,533307.7
"3478","DE","35-59",2025-03-20,2025-03-23,1,"quantile",0.9,651535.46
"3479","DE","35-59",2025-03-20,2025-03-23,1,"quantile",0.975,803665.47
"3480","DE","35-59",2025-03-20,2025-03-30,2,"quantile",0.025,182421.8975
"3481","DE","35-59",2025-03-20,2025-03-30,2,"quantile",0.1,247349.97
"3482","DE","35-59",2025-03-20,2025-03-30,2,"quantile",0.25,318109.925
"3483","DE","35-59",2025-03-20,2025-03-30,2,"quantile",0.5,412448.35
"3484","DE","35-59",2025-03-20,2025-03-30,2,"quantile",0.75,524889.525
"3485","DE","35-59",2025-03-20,2025-03-30,2,"quantile",0.9,642991.78
"3486","DE","35-59",2025-03-20,2025-03-30,2,"quantile",0.975,793760.255
"3487","DE","35-59",2025-03-20,2025-04-06,3,"quantile",0.025,173290.84
"3488","DE","35-59",2025-03-20,2025-04-06,3,"quantile",0.1,235470.61
"3489","DE","35-59",2025-03-20,2025-04-06,3,"quantile",0.25,302954.8
"3490","DE","35-59",2025-03-20,2025-04-06,3,"quantile",0.5,393540.5
"3491","DE","35-59",2025-03-20,2025-04-06,3,"quantile",0.75,500494.5
"3492","DE","35-59",2025-03-20,2025-04-06,3,"quantile",0.9,612481.71
"3493","DE","35-59",2025-03-20,2025-04-06,3,"quantile",0.975,757691.1825
"3494","DE","35-59",2025-03-20,2025-04-13,4,"quantile",0.025,165505.5275
"3495","DE","35-59",2025-03-20,2025-04-13,4,"quantile",0.1,225125.78
"3496","DE","35-59",2025-03-20,2025-04-13,4,"quantile",0.25,290948.275
"3497","DE","35-59",2025-03-20,2025-04-13,4,"quantile",0.5,378610.05
"3498","DE","35-59",2025-03-20,2025-04-13,4,"quantile",0.75,482929.5
"3499","DE","35-59",2025-03-20,2025-04-13,4,"quantile",0.9,592463.68
"3500","DE","35-59",2025-03-20,2025-04-13,4,"quantile",0.975,733939.9925
"3501","DE","60+",2025-03-20,2025-03-23,1,"quantile",0.025,73545.3325
"3502","DE","60+",2025-03-20,2025-03-23,1,"quantile",0.1,97552.05
"3503","DE","60+",2025-03-20,2025-03-23,1,"quantile",0.25,123347.975
"3504","DE","60+",2025-03-20,2025-03-23,1,"quantile",0.5,157313.55
"3505","DE","60+",2025-03-20,2025-03-23,1,"quantile",0.75,197085.55
"3506","DE","60+",2025-03-20,2025-03-23,1,"quantile",0.9,238608.44
"3507","DE","60+",2025-03-20,2025-03-23,1,"quantile",0.975,290996.73
"3508","DE","60+",2025-03-20,2025-03-30,2,"quantile",0.025,72579.5075
"3509","DE","60+",2025-03-20,2025-03-30,2,"quantile",0.1,96044.61
"3510","DE","60+",2025-03-20,2025-03-30,2,"quantile",0.25,121435.825
"3511","DE","60+",2025-03-20,2025-03-30,2,"quantile",0.5,155043.65
"3512","DE","60+",2025-03-20,2025-03-30,2,"quantile",0.75,194459.85
"3513","DE","60+",2025-03-20,2025-03-30,2,"quantile",0.9,235401.22
"3514","DE","60+",2025-03-20,2025-03-30,2,"quantile",0.975,288149.62
"3515","DE","60+",2025-03-20,2025-04-06,3,"quantile",0.025,69424.715
"3516","DE","60+",2025-03-20,2025-04-06,3,"quantile",0.1,92396.77
"3517","DE","60+",2025-03-20,2025-04-06,3,"quantile",0.25,117125.55
"3518","DE","60+",2025-03-20,2025-04-06,3,"quantile",0.5,149761.4
"3519","DE","60+",2025-03-20,2025-04-06,3,"quantile",0.75,187939.525
"3520","DE","60+",2025-03-20,2025-04-06,3,"quantile",0.9,227350.95
"3521","DE","60+",2025-03-20,2025-04-06,3,"quantile",0.975,278035.4225
"3522","DE","60+",2025-03-20,2025-04-13,4,"quantile",0.025,65432.9875
"3523","DE","60+",2025-03-20,2025-04-13,4,"quantile",0.1,87494.38
"3524","DE","60+",2025-03-20,2025-04-13,4,"quantile",0.25,111121.1
"3525","DE","60+",2025-03-20,2025-04-13,4,"quantile",0.5,142339.6
"3526","DE","60+",2025-03-20,2025-04-13,4,"quantile",0.75,179171.225
"3527","DE","60+",2025-03-20,2025-04-13,4,"quantile",0.9,217475.47
"3528","DE","60+",2025-03-20,2025-04-13,4,"quantile",0.975,266756.5475
"3529","DE","00+",2025-03-27,2025-03-30,1,"quantile",0.025,489736.17
"3530","DE","00+",2025-03-27,2025-03-30,1,"quantile",0.1,634268.76
"3531","DE","00+",2025-03-27,2025-03-30,1,"quantile",0.25,787386.65
"3532","DE","00+",2025-03-27,2025-03-30,1,"quantile",0.5,987355.25
"3533","DE","00+",2025-03-27,2025-03-30,1,"quantile",0.75,1220572.3
"3534","DE","00+",2025-03-27,2025-03-30,1,"quantile",0.9,1458840.95
"3535","DE","00+",2025-03-27,2025-03-30,1,"quantile",0.975,1761220.2325
"3536","DE","00+",2025-03-27,2025-04-06,2,"quantile",0.025,453967.3825
"3537","DE","00+",2025-03-27,2025-04-06,2,"quantile",0.1,588193.45
"3538","DE","00+",2025-03-27,2025-04-06,2,"quantile",0.25,731147.175
"3539","DE","00+",2025-03-27,2025-04-06,2,"quantile",0.5,918643.2
"3540","DE","00+",2025-03-27,2025-04-06,2,"quantile",0.75,1136933.825
"3541","DE","00+",2025-03-27,2025-04-06,2,"quantile",0.9,1361777.14
"3542","DE","00+",2025-03-27,2025-04-06,2,"quantile",0.975,1649767.2175
"3543","DE","00+",2025-03-27,2025-04-13,3,"quantile",0.025,426499.1325
"3544","DE","00+",2025-03-27,2025-04-13,3,"quantile",0.1,554293.54
"3545","DE","00+",2025-03-27,2025-04-13,3,"quantile",0.25,689767.05
"3546","DE","00+",2025-03-27,2025-04-13,3,"quantile",0.5,864828.85
"3547","DE","00+",2025-03-27,2025-04-13,3,"quantile",0.75,1069299.375
"3548","DE","00+",2025-03-27,2025-04-13,3,"quantile",0.9,1280502.06
"3549","DE","00+",2025-03-27,2025-04-13,3,"quantile",0.975,1548872.8525
"3550","DE","00+",2025-03-27,2025-04-20,4,"quantile",0.025,450886.1375
"3551","DE","00+",2025-03-27,2025-04-20,4,"quantile",0.1,584787.66
"3552","DE","00+",2025-03-27,2025-04-20,4,"quantile",0.25,727812.7
"3553","DE","00+",2025-03-27,2025-04-20,4,"quantile",0.5,912952.1
"3554","DE","00+",2025-03-27,2025-04-20,4,"quantile",0.75,1126871.525
"3555","DE","00+",2025-03-27,2025-04-20,4,"quantile",0.9,1349199.29
"3556","DE","00+",2025-03-27,2025-04-20,4,"quantile",0.975,1625623.1925
"3557","DE","00-04",2025-03-27,2025-03-30,1,"quantile",0.025,74400.8625
"3558","DE","00-04",2025-03-27,2025-03-30,1,"quantile",0.1,99693.67
"3559","DE","00-04",2025-03-27,2025-03-30,1,"quantile",0.25,127075.775
"3560","DE","00-04",2025-03-27,2025-03-30,1,"quantile",0.5,163408.6
"3561","DE","00-04",2025-03-27,2025-03-30,1,"quantile",0.75,206264.525
"3562","DE","00-04",2025-03-27,2025-03-30,1,"quantile",0.9,250331.8
"3563","DE","00-04",2025-03-27,2025-03-30,1,"quantile",0.975,306827.155
"3564","DE","00-04",2025-03-27,2025-04-06,2,"quantile",0.025,69605.9425
"3565","DE","00-04",2025-03-27,2025-04-06,2,"quantile",0.1,93431.79
"3566","DE","00-04",2025-03-27,2025-04-06,2,"quantile",0.25,119201.1
"3567","DE","00-04",2025-03-27,2025-04-06,2,"quantile",0.5,153366
"3568","DE","00-04",2025-03-27,2025-04-06,2,"quantile",0.75,193953.85
"3569","DE","00-04",2025-03-27,2025-04-06,2,"quantile",0.9,236109.2
"3570","DE","00-04",2025-03-27,2025-04-06,2,"quantile",0.975,289932.1225
"3571","DE","00-04",2025-03-27,2025-04-13,3,"quantile",0.025,66299.135
"3572","DE","00-04",2025-03-27,2025-04-13,3,"quantile",0.1,88917.27
"3573","DE","00-04",2025-03-27,2025-04-13,3,"quantile",0.25,113605.075
"3574","DE","00-04",2025-03-27,2025-04-13,3,"quantile",0.5,146100.45
"3575","DE","00-04",2025-03-27,2025-04-13,3,"quantile",0.75,184764.25
"3576","DE","00-04",2025-03-27,2025-04-13,3,"quantile",0.9,224705.52
"3577","DE","00-04",2025-03-27,2025-04-13,3,"quantile",0.975,275597.405
"3578","DE","00-04",2025-03-27,2025-04-20,4,"quantile",0.025,68556.57
"3579","DE","00-04",2025-03-27,2025-04-20,4,"quantile",0.1,92261.29
"3580","DE","00-04",2025-03-27,2025-04-20,4,"quantile",0.25,117717.65
"3581","DE","00-04",2025-03-27,2025-04-20,4,"quantile",0.5,151515.9
"3582","DE","00-04",2025-03-27,2025-04-20,4,"quantile",0.75,191185.9
"3583","DE","00-04",2025-03-27,2025-04-20,4,"quantile",0.9,232440.96
"3584","DE","00-04",2025-03-27,2025-04-20,4,"quantile",0.975,284897.1275
"3585","DE","05-14",2025-03-27,2025-03-30,1,"quantile",0.025,47465.1975
"3586","DE","05-14",2025-03-27,2025-03-30,1,"quantile",0.1,67628.87
"3587","DE","05-14",2025-03-27,2025-03-30,1,"quantile",0.25,90202.225
"3588","DE","05-14",2025-03-27,2025-03-30,1,"quantile",0.5,121243
"3589","DE","05-14",2025-03-27,2025-03-30,1,"quantile",0.75,158595.35
"3590","DE","05-14",2025-03-27,2025-03-30,1,"quantile",0.9,198417.35
"3591","DE","05-14",2025-03-27,2025-03-30,1,"quantile",0.975,249815.64
"3592","DE","05-14",2025-03-27,2025-04-06,2,"quantile",0.025,44213.5
"3593","DE","05-14",2025-03-27,2025-04-06,2,"quantile",0.1,63247.4
"3594","DE","05-14",2025-03-27,2025-04-06,2,"quantile",0.25,84637.475
"3595","DE","05-14",2025-03-27,2025-04-06,2,"quantile",0.5,113852.2
"3596","DE","05-14",2025-03-27,2025-04-06,2,"quantile",0.75,149363.7
"3597","DE","05-14",2025-03-27,2025-04-06,2,"quantile",0.9,187100.01
"3598","DE","05-14",2025-03-27,2025-04-06,2,"quantile",0.975,235564.7025
"3599","DE","05-14",2025-03-27,2025-04-13,3,"quantile",0.025,41934.105
"3600","DE","05-14",2025-03-27,2025-04-13,3,"quantile",0.1,59660.89
"3601","DE","05-14",2025-03-27,2025-04-13,3,"quantile",0.25,79933.825
"3602","DE","05-14",2025-03-27,2025-04-13,3,"quantile",0.5,107355.95
"3603","DE","05-14",2025-03-27,2025-04-13,3,"quantile",0.75,140543.5
"3604","DE","05-14",2025-03-27,2025-04-13,3,"quantile",0.9,175767.61
"3605","DE","05-14",2025-03-27,2025-04-13,3,"quantile",0.975,222090.7825
"3606","DE","05-14",2025-03-27,2025-04-20,4,"quantile",0.025,43393.41
"3607","DE","05-14",2025-03-27,2025-04-20,4,"quantile",0.1,62033.09
"3608","DE","05-14",2025-03-27,2025-04-20,4,"quantile",0.25,82913.8
"3609","DE","05-14",2025-03-27,2025-04-20,4,"quantile",0.5,111552.3
"3610","DE","05-14",2025-03-27,2025-04-20,4,"quantile",0.75,146116.8
"3611","DE","05-14",2025-03-27,2025-04-20,4,"quantile",0.9,183051.51
"3612","DE","05-14",2025-03-27,2025-04-20,4,"quantile",0.975,230608.5775
"3613","DE","15-34",2025-03-27,2025-03-30,1,"quantile",0.025,124459.6125
"3614","DE","15-34",2025-03-27,2025-03-30,1,"quantile",0.1,166933.53
"3615","DE","15-34",2025-03-27,2025-03-30,1,"quantile",0.25,212833.775
"3616","DE","15-34",2025-03-27,2025-03-30,1,"quantile",0.5,273745.8
"3617","DE","15-34",2025-03-27,2025-03-30,1,"quantile",0.75,345529.85
"3618","DE","15-34",2025-03-27,2025-03-30,1,"quantile",0.9,420328
"3619","DE","15-34",2025-03-27,2025-03-30,1,"quantile",0.975,516163.2325
"3620","DE","15-34",2025-03-27,2025-04-06,2,"quantile",0.025,115503.7925
"3621","DE","15-34",2025-03-27,2025-04-06,2,"quantile",0.1,155220.37
"3622","DE","15-34",2025-03-27,2025-04-06,2,"quantile",0.25,198524.95
"3623","DE","15-34",2025-03-27,2025-04-06,2,"quantile",0.5,255258.6
"3624","DE","15-34",2025-03-27,2025-04-06,2,"quantile",0.75,322704.025
"3625","DE","15-34",2025-03-27,2025-04-06,2,"quantile",0.9,393452.44
"3626","DE","15-34",2025-03-27,2025-04-06,2,"quantile",0.975,482992.5975
"3627","DE","15-34",2025-03-27,2025-04-13,3,"quantile",0.025,108419.4525
"3628","DE","15-34",2025-03-27,2025-04-13,3,"quantile",0.1,146238.22
"3629","DE","15-34",2025-03-27,2025-04-13,3,"quantile",0.25,187000.225
"3630","DE","15-34",2025-03-27,2025-04-13,3,"quantile",0.5,240870.15
"3631","DE","15-34",2025-03-27,2025-04-13,3,"quantile",0.75,304470.025
"3632","DE","15-34",2025-03-27,2025-04-13,3,"quantile",0.9,370447.02
"3633","DE","15-34",2025-03-27,2025-04-13,3,"quantile",0.975,454817.7625
"3634","DE","15-34",2025-03-27,2025-04-20,4,"quantile",0.025,113503.15
"3635","DE","15-34",2025-03-27,2025-04-20,4,"quantile",0.1,152973.64
"3636","DE","15-34",2025-03-27,2025-04-20,4,"quantile",0.25,195364.375
"3637","DE","15-34",2025-03-27,2025-04-20,4,"quantile",0.5,251387.85
"3638","DE","15-34",2025-03-27,2025-04-20,4,"quantile",0.75,317440.65
"3639","DE","15-34",2025-03-27,2025-04-20,4,"quantile",0.9,385807.53
"3640","DE","15-34",2025-03-27,2025-04-20,4,"quantile",0.975,473449.7475
"3641","DE","35-59",2025-03-27,2025-03-30,1,"quantile",0.025,141716.87
"3642","DE","35-59",2025-03-27,2025-03-30,1,"quantile",0.1,193303.17
"3643","DE","35-59",2025-03-27,2025-03-30,1,"quantile",0.25,249072.075
"3644","DE","35-59",2025-03-27,2025-03-30,1,"quantile",0.5,324027.2
"3645","DE","35-59",2025-03-27,2025-03-30,1,"quantile",0.75,412535.25
"3646","DE","35-59",2025-03-27,2025-03-30,1,"quantile",0.9,505141.19
"3647","DE","35-59",2025-03-27,2025-03-30,1,"quantile",0.975,623557.99
"3648","DE","35-59",2025-03-27,2025-04-06,2,"quantile",0.025,131856.585
"3649","DE","35-59",2025-03-27,2025-04-06,2,"quantile",0.1,179659.37
"3650","DE","35-59",2025-03-27,2025-04-06,2,"quantile",0.25,231711.675
"3651","DE","35-59",2025-03-27,2025-04-06,2,"quantile",0.5,301255.55
"3652","DE","35-59",2025-03-27,2025-04-06,2,"quantile",0.75,384167.35
"3653","DE","35-59",2025-03-27,2025-04-06,2,"quantile",0.9,471713.56
"3654","DE","35-59",2025-03-27,2025-04-06,2,"quantile",0.975,583040.0275
"3655","DE","35-59",2025-03-27,2025-04-13,3,"quantile",0.025,124071.565
"3656","DE","35-59",2025-03-27,2025-04-13,3,"quantile",0.1,169304.74
"3657","DE","35-59",2025-03-27,2025-04-13,3,"quantile",0.25,218494.875
"3658","DE","35-59",2025-03-27,2025-04-13,3,"quantile",0.5,284138.35
"3659","DE","35-59",2025-03-27,2025-04-13,3,"quantile",0.75,361847.775
"3660","DE","35-59",2025-03-27,2025-04-13,3,"quantile",0.9,443561.57
"3661","DE","35-59",2025-03-27,2025-04-13,3,"quantile",0.975,549384.76
"3662","DE","35-59",2025-03-27,2025-04-20,4,"quantile",0.025,130382.4875
"3663","DE","35-59",2025-03-27,2025-04-20,4,"quantile",0.1,177607.35
"3664","DE","35-59",2025-03-27,2025-04-20,4,"quantile",0.25,228951
"3665","DE","35-59",2025-03-27,2025-04-20,4,"quantile",0.5,297456.45
"3666","DE","35-59",2025-03-27,2025-04-20,4,"quantile",0.75,378628.425
"3667","DE","35-59",2025-03-27,2025-04-20,4,"quantile",0.9,464002.13
"3668","DE","35-59",2025-03-27,2025-04-20,4,"quantile",0.975,573460.2175
"3669","DE","60+",2025-03-27,2025-03-30,1,"quantile",0.025,57648.465
"3670","DE","60+",2025-03-27,2025-03-30,1,"quantile",0.1,75955.14
"3671","DE","60+",2025-03-27,2025-03-30,1,"quantile",0.25,95605.825
"3672","DE","60+",2025-03-27,2025-03-30,1,"quantile",0.5,121517.8
"3673","DE","60+",2025-03-27,2025-03-30,1,"quantile",0.75,151744.225
"3674","DE","60+",2025-03-27,2025-03-30,1,"quantile",0.9,183064.5
"3675","DE","60+",2025-03-27,2025-03-30,1,"quantile",0.975,223297.4075
"3676","DE","60+",2025-03-27,2025-04-06,2,"quantile",0.025,53401.815
"3677","DE","60+",2025-03-27,2025-04-06,2,"quantile",0.1,70564.32
"3678","DE","60+",2025-03-27,2025-04-06,2,"quantile",0.25,89154.5
"3679","DE","60+",2025-03-27,2025-04-06,2,"quantile",0.5,113542.1
"3680","DE","60+",2025-03-27,2025-04-06,2,"quantile",0.75,142088.3
"3681","DE","60+",2025-03-27,2025-04-06,2,"quantile",0.9,171462.54
"3682","DE","60+",2025-03-27,2025-04-06,2,"quantile",0.975,209130.5075
"3683","DE","60+",2025-03-27,2025-04-13,3,"quantile",0.025,49935.16
"3684","DE","60+",2025-03-27,2025-04-13,3,"quantile",0.1,65959.36
"3685","DE","60+",2025-03-27,2025-04-13,3,"quantile",0.25,83403.725
"3686","DE","60+",2025-03-27,2025-04-13,3,"quantile",0.5,106224.45
"3687","DE","60+",2025-03-27,2025-04-13,3,"quantile",0.75,133083.325
"3688","DE","60+",2025-03-27,2025-04-13,3,"quantile",0.9,160817.33
"3689","DE","60+",2025-03-27,2025-04-13,3,"quantile",0.975,195960.8625
"3690","DE","60+",2025-03-27,2025-04-20,4,"quantile",0.025,52072.35
"3691","DE","60+",2025-03-27,2025-04-20,4,"quantile",0.1,68850.23
"3692","DE","60+",2025-03-27,2025-04-20,4,"quantile",0.25,86819.65
"3693","DE","60+",2025-03-27,2025-04-20,4,"quantile",0.5,110497.05
"3694","DE","60+",2025-03-27,2025-04-20,4,"quantile",0.75,138319.825
"3695","DE","60+",2025-03-27,2025-04-20,4,"quantile",0.9,167069.93
"3696","DE","60+",2025-03-27,2025-04-20,4,"quantile",0.975,203809.125
